date,open,high,low,close,adjclose,volume,symbol,series
2002-01-02,137.8280029296875,140.77999877929688,136.0070037841797,140.77999877929688,140.7792510986328,14422230000.0,XU100.IS,bist100
2002-01-03,140.77999877929688,142.73800659179688,140.031005859375,142.7270050048828,142.7262420654297,20347890000.0,XU100.IS,bist100
2002-01-07,142.7270050048828,149.9949951171875,142.7010040283203,149.9949951171875,149.99420166015625,29980540000.0,XU100.IS,bist100
2002-01-08,149.9949951171875,150.71800231933594,146.28500366210938,148.78900146484375,148.7882080078125,20921110000.0,XU100.IS,bist100
2002-01-09,148.78900146484375,149.9980010986328,136.64700317382812,140.42799377441406,140.42724609375,22044090000.0,XU100.IS,bist100
2002-01-10,140.42799377441406,143.33299255371094,136.92999267578125,138.18600463867188,138.18527221679688,19376070000.0,XU100.IS,bist100
2002-01-11,138.18600463867188,140.39300537109375,134.5500030517578,136.16200256347656,136.16128540039062,14197690000.0,XU100.IS,bist100
2002-01-14,136.16200256347656,139.13999938964844,133.46299743652344,136.38600158691406,136.38528442382812,14658580000.0,XU100.IS,bist100
2002-01-15,136.38600158691406,137.01400756835938,130.95700073242188,133.47999572753906,133.4792938232422,10491880000.0,XU100.IS,bist100
2002-01-16,133.47999572753906,133.4980010986328,126.36199951171875,127.58899688720703,127.58831787109375,12735630000.0,XU100.IS,bist100
2002-01-17,127.58899688720703,131.17300415039062,126.70899963378906,128.93600463867188,128.93531799316406,15668980000.0,XU100.IS,bist100
2002-01-18,128.93600463867188,132.093994140625,127.72699737548828,130.1219940185547,130.12130737304688,12631230000.0,XU100.IS,bist100
2002-01-21,130.1219940185547,130.66400146484375,123.98899841308594,126.29399871826172,126.29332733154297,8758770000.0,XU100.IS,bist100
2002-01-22,126.29399871826172,127.53199768066406,123.3759994506836,126.39199829101562,126.39132690429688,9141320000.0,XU100.IS,bist100
2002-01-23,126.39199829101562,129.51699829101562,123.77300262451172,129.1020050048828,129.101318359375,11237000000.0,XU100.IS,bist100
2002-01-24,129.1020050048828,131.23399353027344,128.12899780273438,130.26100158691406,130.26031494140625,11915320000.0,XU100.IS,bist100
2002-01-25,130.26100158691406,130.38299560546875,126.87699890136719,128.71099853515625,128.71031188964844,6339320000.0,XU100.IS,bist100
2002-01-28,128.71099853515625,128.71099853515625,124.4990005493164,127.64600372314453,127.64532470703125,8209570000.0,XU100.IS,bist100
2002-01-29,127.64600372314453,128.6699981689453,123.99099731445312,125.1500015258789,125.14933776855469,10832540000.0,XU100.IS,bist100
2002-01-30,125.1500015258789,126.49400329589844,120.69999694824219,125.38999938964844,125.38933563232422,10198370000.0,XU100.IS,bist100
2002-01-31,125.38999938964844,132.5229949951172,125.38999938964844,132.5229949951172,132.5222930908203,15083190000.0,XU100.IS,bist100
2002-02-01,132.5229949951172,135.0030059814453,131.3159942626953,133.75399780273438,133.75328063964844,14449870000.0,XU100.IS,bist100
2002-02-04,133.75399780273438,133.75399780273438,129.0850067138672,130.7469940185547,130.74630737304688,7385910000.0,XU100.IS,bist100
2002-02-05,130.7469940185547,131.41799926757812,124.33599853515625,125.20600128173828,125.20533752441406,9646480000.0,XU100.IS,bist100
2002-02-06,125.20600128173828,126.03900146484375,120.64800262451172,122.5739974975586,122.57334899902344,9554780000.0,XU100.IS,bist100
2002-02-07,122.5739974975586,123.06500244140625,115.79900360107422,117.02100372314453,117.0203857421875,10916090000.0,XU100.IS,bist100
2002-02-08,117.02100372314453,117.02100372314453,107.75199890136719,112.5530014038086,112.55240631103516,15033050000.0,XU100.IS,bist100
2002-02-11,112.5530014038086,116.75199890136719,112.27899932861328,116.75199890136719,116.75138092041016,9966360000.0,XU100.IS,bist100
2002-02-12,116.75199890136719,118.83300018310547,113.86100006103516,116.16300201416016,116.16238403320312,12280470000.0,XU100.IS,bist100
2002-02-13,116.16300201416016,119.77100372314453,116.16300201416016,118.26899719238281,118.26837158203125,11082350000.0,XU100.IS,bist100
2002-02-14,118.26899719238281,118.95600128173828,116.0009994506836,118.4530029296875,118.45237731933594,7433370000.0,XU100.IS,bist100
2002-02-15,118.4530029296875,118.5989990234375,114.09600067138672,114.78600311279297,114.78539276123047,8562670000.0,XU100.IS,bist100
2002-02-18,114.78600311279297,114.8239974975586,110.34400177001953,112.70700073242188,112.70640563964844,5029880000.0,XU100.IS,bist100
2002-02-19,112.70700073242188,115.26399993896484,110.9739990234375,115.1729965209961,115.1723861694336,6998280000.0,XU100.IS,bist100
2002-02-20,115.1729965209961,115.1729965209961,109.5719985961914,110.91899871826172,110.91841125488281,6261780000.0,XU100.IS,bist100
2002-02-21,110.91899871826172,112.56300354003906,110.91899871826172,111.65799713134766,111.65740203857422,1894860000.0,XU100.IS,bist100
2002-02-26,111.65799713134766,113.9540023803711,108.2509994506836,109.31800079345703,109.31742095947266,5879620000.0,XU100.IS,bist100
2002-02-27,109.31800079345703,111.88500213623047,107.15799713134766,111.86799621582031,111.86740112304688,5014640000.0,XU100.IS,bist100
2002-02-28,111.86799621582031,112.06999969482422,108.25199890136719,110.55699920654297,110.55641174316406,7282700000.0,XU100.IS,bist100
2002-03-01,110.55699920654297,114.87999725341797,110.24600219726562,114.70899963378906,114.70838928222656,10216200000.0,XU100.IS,bist100
2002-03-04,114.70899963378906,117.7229995727539,114.70899963378906,116.65299987792969,116.65238189697266,11482460000.0,XU100.IS,bist100
2002-03-05,116.65299987792969,117.58499908447266,113.55599975585938,114.18599700927734,114.18539428710938,9327330000.0,XU100.IS,bist100
2002-03-06,114.18599700927734,115.02999877929688,112.4209976196289,113.46700286865234,113.46640014648438,5277500000.0,XU100.IS,bist100
2002-03-07,113.46700286865234,119.68399810791016,113.46700286865234,116.21199798583984,116.21138000488281,15781570000.0,XU100.IS,bist100
2002-03-08,116.21199798583984,117.04900360107422,114.06900024414062,117.04900360107422,117.04838562011719,6211600000.0,XU100.IS,bist100
2002-03-11,117.04900360107422,117.05799865722656,112.56999969482422,113.36299896240234,113.36239624023438,5897470000.0,XU100.IS,bist100
2002-03-12,113.36299896240234,113.36299896240234,107.4530029296875,108.4209976196289,108.42042541503906,8157510000.0,XU100.IS,bist100
2002-03-13,108.4209976196289,109.70800018310547,104.88800048828125,105.94000244140625,105.93943786621094,6851630000.0,XU100.IS,bist100
2002-03-14,105.94000244140625,109.3270034790039,104.68299865722656,106.14299774169922,106.1424331665039,0.0,XU100.IS,bist100
2002-03-15,106.14299774169922,108.32499694824219,104.80500030517578,107.71900177001953,107.71842956542969,6768390000.0,XU100.IS,bist100
2002-03-18,107.71900177001953,108.26499938964844,104.43800354003906,106.04900360107422,106.0484390258789,4573720000.0,XU100.IS,bist100
2002-03-19,106.04900360107422,107.31099700927734,105.39900207519531,106.43699645996094,106.43643188476562,4932460000.0,XU100.IS,bist100
2002-03-20,106.43699645996094,109.21499633789062,106.43699645996094,107.76300048828125,107.7624282836914,7449750000.0,XU100.IS,bist100
2002-03-21,107.76300048828125,114.8499984741211,106.85299682617188,114.71099853515625,114.71038818359375,14924680000.0,XU100.IS,bist100
2002-03-22,114.71099853515625,118.49199676513672,113.94000244140625,117.91600036621094,117.91537475585938,23405680000.0,XU100.IS,bist100
2002-03-25,117.91600036621094,120.16500091552734,116.64399719238281,120.16500091552734,120.16436004638672,16065960000.0,XU100.IS,bist100
2002-03-26,120.16500091552734,120.16500091552734,115.7979965209961,116.39299774169922,116.39237976074219,14748910000.0,XU100.IS,bist100
2002-03-27,116.39299774169922,119.61499786376953,116.14700317382812,118.6259994506836,118.62537384033203,13123670000.0,XU100.IS,bist100
2002-03-28,118.6259994506836,121.73100280761719,117.14800262451172,118.08699798583984,118.08637237548828,17928980000.0,XU100.IS,bist100
2002-03-29,118.08699798583984,118.22799682617188,115.48100280761719,116.79399871826172,116.79338073730469,7168980000.0,XU100.IS,bist100
2002-04-01,116.79399871826172,116.79399871826172,113.70600128173828,116.21600341796875,116.21538543701172,0.0,XU100.IS,bist100
2002-04-02,116.21600341796875,118.27200317382812,115.54299926757812,118.27200317382812,118.27137756347656,9341800000.0,XU100.IS,bist100
2002-04-03,118.27200317382812,118.59300231933594,111.822998046875,112.76899719238281,112.76840209960938,12232580000.0,XU100.IS,bist100
2002-04-04,112.76899719238281,117.96099853515625,112.76899719238281,117.96099853515625,117.96037292480469,12288370000.0,XU100.IS,bist100
2002-04-05,117.96099853515625,118.63500213623047,116.75399780273438,118.63500213623047,118.6343765258789,0.0,XU100.IS,bist100
2002-04-08,118.63500213623047,120.77999877929688,113.21199798583984,114.55899810791016,114.55838775634766,18933930000.0,XU100.IS,bist100
2002-04-09,114.55899810791016,119.04499816894531,114.49800109863281,119.04499816894531,119.04436492919922,13427130000.0,XU100.IS,bist100
2002-04-10,119.04499816894531,120.89199829101562,116.48899841308594,120.30899810791016,120.30835723876953,17944100000.0,XU100.IS,bist100
2002-04-11,120.30899810791016,124.7229995727539,120.30899810791016,122.572998046875,122.57234954833984,22960490000.0,XU100.IS,bist100
2002-04-12,122.572998046875,123.62300109863281,120.73200225830078,122.4020004272461,122.40135192871094,11583180000.0,XU100.IS,bist100
2002-04-15,122.4020004272461,126.05899810791016,122.21800231933594,126.05899810791016,126.0583267211914,12156120000.0,XU100.IS,bist100
2002-04-16,126.05899810791016,126.76399993896484,119.83899688720703,122.2030029296875,122.20235443115234,19264300000.0,XU100.IS,bist100
2002-04-17,122.2030029296875,123.6760025024414,120.5250015258789,122.63300323486328,122.63235473632812,12695390000.0,XU100.IS,bist100
2002-04-18,122.63300323486328,123.43499755859375,119.0469970703125,120.10099792480469,120.10035705566406,12329720000.0,XU100.IS,bist100
2002-04-19,120.10099792480469,120.3740005493164,116.95500183105469,119.70899963378906,119.70836639404297,9104420000.0,XU100.IS,bist100
2002-04-22,119.70899963378906,119.70899963378906,116.59200286865234,117.59700012207031,117.59637451171875,4614080000.0,XU100.IS,bist100
2002-04-24,117.59700012207031,118.375,114.51000213623047,117.7509994506836,117.75037384033203,7304400000.0,XU100.IS,bist100
2002-04-25,117.7509994506836,118.73899841308594,116.25299835205078,118.00499725341797,118.0043716430664,6594520000.0,XU100.IS,bist100
2002-04-26,118.00499725341797,120.50299835205078,116.99600219726562,120.41200256347656,120.41136169433594,8368310000.0,XU100.IS,bist100
2002-04-29,120.41200256347656,120.41200256347656,115.17500305175781,116.572998046875,116.57238006591797,8443530000.0,XU100.IS,bist100
2002-04-30,116.572998046875,117.34200286865234,113.47200012207031,114.41500091552734,114.41439056396484,7343190000.0,XU100.IS,bist100
2002-05-01,114.41500091552734,115.90699768066406,113.00700378417969,114.7969970703125,114.79638671875,4914060000.0,XU100.IS,bist100
2002-05-02,114.7969970703125,116.23100280761719,112.07499694824219,113.21900177001953,113.21839904785156,5755030000.0,XU100.IS,bist100
2002-05-03,113.21900177001953,114.69000244140625,112.53600311279297,114.69000244140625,114.68939208984375,4600360000.0,XU100.IS,bist100
2002-05-06,114.69000244140625,114.69000244140625,112.06400299072266,114.4729995727539,114.4723892211914,4739050000.0,XU100.IS,bist100
2002-05-07,114.4729995727539,116.55400085449219,113.15499877929688,116.55400085449219,116.55338287353516,8527770000.0,XU100.IS,bist100
2002-05-08,116.55400085449219,121.1719970703125,115.71099853515625,121.1719970703125,121.17135620117188,13113930000.0,XU100.IS,bist100
2002-05-09,121.1719970703125,122.70500183105469,118.25199890136719,119.447998046875,119.4473648071289,13476450000.0,XU100.IS,bist100
2002-05-10,119.447998046875,119.447998046875,114.97799682617188,116.38899993896484,116.38838195800781,7625690000.0,XU100.IS,bist100
2002-05-13,116.38899993896484,116.6969985961914,114.41000366210938,116.69200134277344,116.6913833618164,5250580000.0,XU100.IS,bist100
2002-05-14,116.69200134277344,116.9520034790039,113.8740005493164,116.13899993896484,116.13838195800781,6736170000.0,XU100.IS,bist100
2002-05-15,116.13899993896484,116.7750015258789,113.2040023803711,114.02200317382812,114.02140045166016,6347790000.0,XU100.IS,bist100
2002-05-16,114.02200317382812,115.00399780273438,109.49400329589844,112.19000244140625,112.18940734863281,9100570000.0,XU100.IS,bist100
2002-05-17,112.19000244140625,112.52999877929688,104.5469970703125,106.0989990234375,106.09843444824219,11441680000.0,XU100.IS,bist100
2002-05-20,106.0989990234375,107.98999786376953,104.61599731445312,107.61699676513672,107.61642456054688,5946360000.0,XU100.IS,bist100
2002-05-21,107.61699676513672,109.18099975585938,107.11699676513672,108.95700073242188,108.9564208984375,6255430000.0,XU100.IS,bist100
2002-05-22,108.95700073242188,109.72000122070312,105.03099822998047,106.03199768066406,106.03143310546875,5604410000.0,XU100.IS,bist100
2002-05-23,106.03199768066406,108.447998046875,105.90699768066406,107.74199676513672,107.74142456054688,4678800000.0,XU100.IS,bist100
2002-05-24,107.74199676513672,109.1969985961914,107.26899719238281,108.94300079345703,108.94242095947266,5256810000.0,XU100.IS,bist100
2002-05-27,108.94300079345703,111.98999786376953,108.94300079345703,111.98999786376953,111.9894027709961,6871760000.0,XU100.IS,bist100
2002-05-28,111.98999786376953,112.18000030517578,107.80599975585938,109.34700012207031,109.34642028808594,7756160000.0,XU100.IS,bist100
2002-05-29,109.34700012207031,109.34700012207031,105.93299865722656,108.06500244140625,108.0644302368164,4117050000.0,XU100.IS,bist100
2002-05-30,108.06500244140625,108.45500183105469,103.23699951171875,105.08100128173828,105.0804443359375,7560470000.0,XU100.IS,bist100
2002-05-31,105.08100128173828,105.48999786376953,101.32499694824219,104.13700103759766,104.1364517211914,6458810000.0,XU100.IS,bist100
2002-06-03,104.13700103759766,104.13700103759766,100.41999816894531,103.16899871826172,103.16844940185547,4354110000.0,XU100.IS,bist100
2002-06-04,103.16899871826172,103.87000274658203,101.19400024414062,103.87000274658203,103.86945343017578,4973960000.0,XU100.IS,bist100
2002-06-05,103.87000274658203,104.49600219726562,102.9520034790039,103.83399963378906,103.83345031738281,3701820000.0,XU100.IS,bist100
2002-06-06,103.83399963378906,106.10600280761719,103.73999786376953,104.88200378417969,104.8814468383789,7662220000.0,XU100.IS,bist100
2002-06-07,104.88200378417969,105.19200134277344,100.46399688720703,101.51000213623047,101.50946044921875,7267220000.0,XU100.IS,bist100
2002-06-10,101.51000213623047,101.51000213623047,97.69400024414062,98.66500091552734,98.66447448730469,4907960000.0,XU100.IS,bist100
2002-06-11,98.66500091552734,99.51799774169922,95.2490005493164,97.21399688720703,97.2134780883789,7076320000.0,XU100.IS,bist100
2002-06-12,97.21399688720703,97.93900299072266,94.91300201416016,97.04100036621094,97.04048919677734,5457270000.0,XU100.IS,bist100
2002-06-13,97.04100036621094,100.8479995727539,96.73799896240234,97.74400329589844,97.74348449707031,9787030000.0,XU100.IS,bist100
2002-06-14,97.74400329589844,97.87899780273438,93.39600372314453,94.6449966430664,94.64449310302734,6512050000.0,XU100.IS,bist100
2002-06-17,94.6449966430664,94.6449966430664,91.58599853515625,92.30699920654297,92.30651092529297,5387520000.0,XU100.IS,bist100
2002-06-18,92.30699920654297,95.75199890136719,91.8949966430664,95.75199890136719,95.7514877319336,6881760000.0,XU100.IS,bist100
2002-06-19,95.75199890136719,95.75199890136719,90.66200256347656,93.78399658203125,93.78350067138672,9356180000.0,XU100.IS,bist100
2002-06-20,93.78399658203125,96.05999755859375,91.21499633789062,91.79399871826172,91.79351043701172,10085420000.0,XU100.IS,bist100
2002-06-21,91.79399871826172,92.20500183105469,89.97200012207031,92.20500183105469,92.20451354980469,4833950000.0,XU100.IS,bist100
2002-06-24,92.20500183105469,92.41500091552734,88.8740005493164,89.84600067138672,89.84552764892578,5108710000.0,XU100.IS,bist100
2002-06-25,89.84600067138672,91.26499938964844,88.97000122070312,90.947998046875,90.94751739501953,6501470000.0,XU100.IS,bist100
2002-06-26,90.947998046875,90.947998046875,85.35900115966797,86.27400207519531,86.27354431152344,4984550000.0,XU100.IS,bist100
2002-06-27,86.27400207519531,90.6259994506836,85.97899627685547,90.09200286865234,90.09152221679688,15596360000.0,XU100.IS,bist100
2002-06-28,90.09200286865234,94.20899963378906,90.09200286865234,93.79900360107422,93.79850769042969,17626680000.0,XU100.IS,bist100
2002-07-01,93.79900360107422,96.16500091552734,93.68499755859375,95.6500015258789,95.64949035644531,11071840000.0,XU100.IS,bist100
2002-07-02,95.6500015258789,95.6500015258789,90.48699951171875,91.3499984741211,91.3495101928711,7379400000.0,XU100.IS,bist100
2002-07-03,91.3499984741211,91.41400146484375,85.13999938964844,90.08399963378906,90.0835189819336,15048400000.0,XU100.IS,bist100
2002-07-04,90.08399963378906,91.47599792480469,89.91500091552734,90.5999984741211,90.59951782226562,7636720000.0,XU100.IS,bist100
2002-07-05,90.5999984741211,94.52100372314453,87.99500274658203,93.51200103759766,93.51150512695312,12509650000.0,XU100.IS,bist100
2002-07-08,93.51200103759766,93.51200103759766,87.09500122070312,89.12200164794922,89.12152862548828,9779600000.0,XU100.IS,bist100
2002-07-09,89.12200164794922,89.83000183105469,85.41999816894531,87.47899627685547,87.47853088378906,11131920000.0,XU100.IS,bist100
2002-07-10,87.47899627685547,89.72699737548828,87.26300048828125,89.16500091552734,89.1645278930664,8606760000.0,XU100.IS,bist100
2002-07-11,89.16500091552734,91.99800109863281,88.24800109863281,89.9020004272461,89.90151977539062,17017960000.0,XU100.IS,bist100
2002-07-12,89.9020004272461,94.99400329589844,89.84500122070312,94.99400329589844,94.99349975585938,18475460000.0,XU100.IS,bist100
2002-07-15,94.99400329589844,95.00399780273438,92.40599822998047,93.96700286865234,93.96650695800781,13967630000.0,XU100.IS,bist100
2002-07-16,93.96700286865234,96.5770034790039,93.55400085449219,95.55699920654297,95.5564956665039,12206280000.0,XU100.IS,bist100
2002-07-17,95.55699920654297,105.30699920654297,95.55699920654297,105.23699951171875,105.23644256591797,31203300000.0,XU100.IS,bist100
2002-07-18,105.23699951171875,108.03600311279297,103.53500366210938,105.52300262451172,105.52244567871094,28278760000.0,XU100.IS,bist100
2002-07-19,105.52300262451172,106.38099670410156,103.0270004272461,104.7300033569336,104.72944641113281,21141620000.0,XU100.IS,bist100
2002-07-22,104.7300033569336,104.7300033569336,100.13099670410156,101.16500091552734,101.16446685791016,10686290000.0,XU100.IS,bist100
2002-07-23,101.16500091552734,103.85399627685547,99.13300323486328,101.33499908447266,101.33446502685547,13486070000.0,XU100.IS,bist100
2002-07-24,101.33499908447266,101.56800079345703,96.34500122070312,97.1500015258789,97.14948272705078,12469930000.0,XU100.IS,bist100
2002-07-25,97.1500015258789,100.95099639892578,96.88700103759766,97.53800201416016,97.53748321533203,12095120000.0,XU100.IS,bist100
2002-07-26,97.53800201416016,100.69100189208984,96.8740005493164,100.69100189208984,100.69046783447266,11525000000.0,XU100.IS,bist100
2002-07-29,100.69100189208984,101.93800354003906,98.8270034790039,101.7979965209961,101.79745483398438,11832550000.0,XU100.IS,bist100
2002-07-30,101.7979965209961,104.64399719238281,101.7979965209961,103.44200134277344,103.44145202636719,18432950000.0,XU100.IS,bist100
2002-07-31,103.44200134277344,103.44200134277344,100.47899627685547,102.36499786376953,102.36445617675781,11154820000.0,XU100.IS,bist100
2002-08-01,102.36499786376953,105.81999969482422,102.36499786376953,105.81999969482422,105.8194351196289,0.0,XU100.IS,bist100
2002-08-02,105.81999969482422,109.80799865722656,105.81999969482422,107.81600189208984,107.8154296875,30103200000.0,XU100.IS,bist100
2002-08-05,107.81600189208984,109.87799835205078,105.36100006103516,106.3949966430664,106.3944320678711,19337280000.0,XU100.IS,bist100
2002-08-06,106.3949966430664,106.3949966430664,103.36799621582031,105.99400329589844,105.99343872070312,11995220000.0,XU100.IS,bist100
2002-08-07,105.99400329589844,107.41699981689453,104.36900329589844,105.22699737548828,105.2264404296875,13331130000.0,XU100.IS,bist100
2002-08-08,105.22699737548828,106.60199737548828,104.79900360107422,105.9520034790039,105.9514389038086,13791690000.0,XU100.IS,bist100
2002-08-09,105.9520034790039,106.53700256347656,103.25900268554688,104.15599822998047,104.15544891357422,9421120000.0,XU100.IS,bist100
2002-08-12,104.15599822998047,104.15599822998047,101.16400146484375,101.88600158691406,101.88545989990234,8289780000.0,XU100.IS,bist100
2002-08-13,101.88600158691406,102.7760009765625,100.86799621582031,102.51699829101562,102.5164566040039,7277620000.0,XU100.IS,bist100
2002-08-14,102.51699829101562,102.51699829101562,99.64900207519531,100.38500213623047,100.38446807861328,9218200000.0,XU100.IS,bist100
2002-08-15,100.38500213623047,101.77100372314453,95.00199890136719,96.74800109863281,96.74748992919922,13735040000.0,XU100.IS,bist100
2002-08-16,96.74800109863281,99.43499755859375,96.74800109863281,99.21800231933594,99.21747589111328,10038230000.0,XU100.IS,bist100
2002-08-19,99.21800231933594,99.21800231933594,96.87300109863281,98.2959976196289,98.29547882080078,8038250000.0,XU100.IS,bist100
2002-08-20,98.2959976196289,98.93399810791016,95.74600219726562,96.6259994506836,96.62548828125,6882140000.0,XU100.IS,bist100
2002-08-21,96.6259994506836,97.88500213623047,95.1780014038086,96.30500030517578,96.30448913574219,9526410000.0,XU100.IS,bist100
2002-08-22,96.30500030517578,98.302001953125,93.4729995727539,94.63600158691406,94.635498046875,9636810000.0,XU100.IS,bist100
2002-08-23,94.63600158691406,94.83100128173828,92.66899871826172,93.49800109863281,93.49750518798828,8255310000.0,XU100.IS,bist100
2002-08-26,93.49800109863281,93.64900207519531,91.27400207519531,93.64900207519531,93.64850616455078,6628880000.0,XU100.IS,bist100
2002-08-27,93.64900207519531,93.99099731445312,92.0270004272461,92.77300262451172,92.77250671386719,6639060000.0,XU100.IS,bist100
2002-08-28,92.77300262451172,93.94599914550781,91.60299682617188,93.94599914550781,93.94550323486328,7296430000.0,XU100.IS,bist100
2002-08-29,93.94599914550781,96.13899993896484,92.99700164794922,95.4729995727539,95.47249603271484,11431760000.0,XU100.IS,bist100
2002-09-02,95.4729995727539,95.4729995727539,93.2040023803711,93.88899993896484,93.88850402832031,4632880000.0,XU100.IS,bist100
2002-09-03,93.88899993896484,94.99299621582031,92.03199768066406,93.06999969482422,93.06950378417969,8654220000.0,XU100.IS,bist100
2002-09-04,93.06999969482422,94.697998046875,91.8759994506836,94.697998046875,94.69749450683594,7471640000.0,XU100.IS,bist100
2002-09-05,94.697998046875,95.24600219726562,92.7750015258789,93.9990005493164,93.99850463867188,8410310000.0,XU100.IS,bist100
2002-09-06,93.9990005493164,96.53299713134766,93.2770004272461,96.53299713134766,96.53248596191406,8339700000.0,XU100.IS,bist100
2002-09-09,96.53299713134766,96.56099700927734,93.88099670410156,94.12200164794922,94.12150573730469,0.0,XU100.IS,bist100
2002-09-10,93.99400329589844,93.99400329589844,88.70500183105469,90.08300018310547,90.08251953125,9855650000.0,XU100.IS,bist100
2002-09-11,90.08300018310547,92.68499755859375,89.47599792480469,92.68499755859375,92.68450927734375,10429420000.0,XU100.IS,bist100
2002-09-12,92.68499755859375,94.50700378417969,91.53700256347656,92.34300231933594,92.34251403808594,10737080000.0,XU100.IS,bist100
2002-09-13,92.34300231933594,92.60199737548828,90.69999694824219,92.49199676513672,92.49150848388672,7208370000.0,XU100.IS,bist100
2002-09-16,92.49199676513672,92.51799774169922,90.08699798583984,90.93299865722656,90.9325180053711,4276020000.0,XU100.IS,bist100
2002-09-17,90.93299865722656,92.68800354003906,90.93299865722656,92.24500274658203,92.24451446533203,6157340000.0,XU100.IS,bist100
2002-09-18,92.24500274658203,93.64900207519531,91.64399719238281,92.57499694824219,92.57450866699219,7437180000.0,XU100.IS,bist100
2002-09-19,92.57499694824219,92.7300033569336,91.24299621582031,92.63800048828125,92.63751220703125,8000330000.0,XU100.IS,bist100
2002-09-20,92.63800048828125,93.2509994506836,91.3239974975586,93.2509994506836,93.25050354003906,6690260000.0,XU100.IS,bist100
2002-09-23,93.2509994506836,93.875,92.11599731445312,92.822998046875,92.82250213623047,7140930000.0,XU100.IS,bist100
2002-09-24,92.822998046875,92.822998046875,90.09600067138672,90.72000122070312,90.71952056884766,6661700000.0,XU100.IS,bist100
2002-09-25,90.72000122070312,91.19200134277344,88.96299743652344,91.19200134277344,91.19152069091797,7302310000.0,XU100.IS,bist100
2002-09-26,91.19200134277344,91.43900299072266,88.52200317382812,89.4530029296875,89.45252990722656,7008790000.0,XU100.IS,bist100
2002-09-27,89.4530029296875,89.5719985961914,87.63099670410156,88.78099822998047,88.78052520751953,6292270000.0,XU100.IS,bist100
2002-09-30,88.78099822998047,88.78099822998047,86.81099700927734,88.4219970703125,88.4215316772461,5313200000.0,XU100.IS,bist100
2002-10-01,88.4219970703125,90.8239974975586,87.14299774169922,90.57499694824219,90.57451629638672,10412060000.0,XU100.IS,bist100
2002-10-02,90.57499694824219,92.20999908447266,89.04100036621094,90.01200103759766,90.01152038574219,8439260000.0,XU100.IS,bist100
2002-10-03,90.01200103759766,90.01200103759766,88.08599853515625,88.93699645996094,88.9365234375,4415740000.0,XU100.IS,bist100
2002-10-04,88.93699645996094,89.75399780273438,88.21299743652344,89.32599639892578,89.32552337646484,7070360000.0,XU100.IS,bist100
2002-10-07,89.32599639892578,89.32599639892578,87.59200286865234,89.125,89.12452697753906,4713110000.0,XU100.IS,bist100
2002-10-08,89.125,89.38800048828125,86.89199829101562,88.09100341796875,88.09053802490234,6405300000.0,XU100.IS,bist100
2002-10-09,88.09100341796875,91.45600128173828,87.80400085449219,91.45600128173828,91.45551300048828,11710450000.0,XU100.IS,bist100
2002-10-10,91.45600128173828,93.49500274658203,89.39700317382812,93.20099639892578,93.20050048828125,15669720000.0,XU100.IS,bist100
2002-10-11,93.20099639892578,93.63500213623047,91.67900085449219,93.06999969482422,93.06950378417969,14137760000.0,XU100.IS,bist100
2002-10-14,93.06999969482422,93.06999969482422,89.59400177001953,90.2959976196289,90.29551696777344,7688460000.0,XU100.IS,bist100
2002-10-15,90.2959976196289,92.91000366210938,90.07099914550781,92.91000366210938,92.90950775146484,7098250000.0,XU100.IS,bist100
2002-10-16,92.91000366210938,93.5989990234375,91.2760009765625,91.89700317382812,91.89651489257812,8863480000.0,XU100.IS,bist100
2002-10-17,91.89700317382812,96.98999786376953,91.37300109863281,96.98999786376953,96.98948669433594,20409840000.0,XU100.IS,bist100
2002-10-18,96.98999786376953,99.03900146484375,94.84700012207031,99.03900146484375,99.0384750366211,20482890000.0,XU100.IS,bist100
2002-10-21,99.03900146484375,101.62000274658203,97.5510025024414,99.9749984741211,99.9744644165039,27783980000.0,XU100.IS,bist100
2002-10-22,99.9749984741211,102.48999786376953,99.38600158691406,101.3740005493164,101.37346649169922,26117790000.0,XU100.IS,bist100
2002-10-23,101.3740005493164,101.6449966430664,98.50800323486328,99.43599700927734,99.43547058105469,12572690000.0,XU100.IS,bist100
2002-10-24,99.43599700927734,103.84200286865234,99.39299774169922,103.84200286865234,103.8414535522461,21634360000.0,XU100.IS,bist100
2002-10-25,103.84200286865234,105.23300170898438,102.37999725341797,104.11799621582031,104.11744689941406,18645370000.0,XU100.IS,bist100
2002-10-28,104.11799621582031,106.2490005493164,103.06199645996094,104.37799835205078,104.37744140625,10815890000.0,XU100.IS,bist100
2002-10-30,104.37799835205078,105.40899658203125,100.65699768066406,101.38500213623047,101.38446807861328,19316650000.0,XU100.IS,bist100
2002-10-31,101.38500213623047,104.66300201416016,101.38500213623047,102.51899719238281,102.5184555053711,16960040000.0,XU100.IS,bist100
2002-11-01,102.51899719238281,102.51899719238281,100.44400024414062,102.1709976196289,102.17045593261719,7810250000.0,XU100.IS,bist100
2002-11-04,102.1709976196289,111.71499633789062,101.8949966430664,108.44400024414062,108.44342803955078,37489340000.0,XU100.IS,bist100
2002-11-05,108.44400024414062,120.46499633789062,108.44400024414062,119.4729995727539,119.47236633300781,53894340000.0,XU100.IS,bist100
2002-11-06,119.4729995727539,122.46499633789062,118.23799896240234,119.73400115966797,119.73336791992188,39363300000.0,XU100.IS,bist100
2002-11-07,119.73400115966797,134.76199340820312,119.65699768066406,134.7220001220703,134.72128295898438,66298920000.0,XU100.IS,bist100
2002-11-08,134.7220001220703,144.08099365234375,126.94100189208984,132.21800231933594,132.21730041503906,69575240000.0,XU100.IS,bist100
2002-11-11,132.21800231933594,132.21800231933594,126.24500274658203,127.73699951171875,127.73632049560547,25408110000.0,XU100.IS,bist100
2002-11-12,127.73699951171875,127.73699951171875,119.9020004272461,120.9749984741211,120.97435760498047,32849150000.0,XU100.IS,bist100
2002-11-13,120.9749984741211,124.65899658203125,120.7760009765625,124.1709976196289,124.17034149169922,30339200000.0,XU100.IS,bist100
2002-11-14,124.1709976196289,134.8820037841797,124.1709976196289,129.71099853515625,129.71031188964844,40766500000.0,XU100.IS,bist100
2002-11-15,129.71099853515625,135.9759979248047,127.35199737548828,135.9759979248047,135.97528076171875,33620840000.0,XU100.IS,bist100
2002-11-18,135.9759979248047,142.5070037841797,135.9759979248047,140.58399963378906,140.583251953125,43183810000.0,XU100.IS,bist100
2002-11-19,140.58399963378906,140.58399963378906,132.46800231933594,133.87899780273438,133.87828063964844,28922430000.0,XU100.IS,bist100
2002-11-20,133.87899780273438,135.0070037841797,129.99600219726562,132.9199981689453,132.91929626464844,23062930000.0,XU100.IS,bist100
2002-11-21,132.9199981689453,138.21600341796875,132.9199981689453,138.11099243164062,138.11026000976562,46404290000.0,XU100.IS,bist100
2002-11-22,138.11099243164062,140.7209930419922,132.62100219726562,135.01400756835938,135.01329040527344,37068210000.0,XU100.IS,bist100
2002-11-25,135.01400756835938,135.802001953125,128.11599731445312,130.5290069580078,130.5283203125,0.0,XU100.IS,bist100
2002-11-26,130.5290069580078,131.88800048828125,126.64700317382812,128.2429962158203,128.2423095703125,23244790000.0,XU100.IS,bist100
2002-11-27,128.2429962158203,131.02000427246094,123.86399841308594,130.36900329589844,130.36831665039062,0.0,XU100.IS,bist100
2002-11-28,130.36900329589844,131.85800170898438,127.93299865722656,129.23800659179688,129.23731994628906,23038250000.0,XU100.IS,bist100
2002-11-29,129.23800659179688,133.19200134277344,127.37799835205078,133.00399780273438,133.0032958984375,21633800000.0,XU100.IS,bist100
2002-12-02,133.00399780273438,134.08200073242188,130.96499633789062,133.64199829101562,133.64129638671875,20016890000.0,XU100.IS,bist100
2002-12-03,133.64199829101562,133.64199829101562,130.18800354003906,132.26400756835938,132.2633056640625,11810750000.0,XU100.IS,bist100
2002-12-04,132.26400756835938,132.8730010986328,130.86500549316406,132.8730010986328,132.87229919433594,5694640000.0,XU100.IS,bist100
2002-12-09,132.8730010986328,132.8730010986328,125.24099731445312,127.03800201416016,127.0373306274414,11106430000.0,XU100.IS,bist100
2002-12-10,127.03800201416016,130.47799682617188,125.07499694824219,130.47799682617188,130.47731018066406,13767280000.0,XU100.IS,bist100
2002-12-11,130.47799682617188,131.56900024414062,125.77400207519531,127.1729965209961,127.17232513427734,21050330000.0,XU100.IS,bist100
2002-12-12,127.1729965209961,131.91799926757812,125.88899993896484,131.46800231933594,131.46730041503906,20883560000.0,XU100.IS,bist100
2002-12-13,131.46800231933594,131.46800231933594,126.05000305175781,130.4739990234375,130.4733123779297,20855310000.0,XU100.IS,bist100
2002-12-16,130.4739990234375,130.85899353027344,121.64199829101562,123.92500305175781,123.92434692382812,19887970000.0,XU100.IS,bist100
2002-12-17,123.92500305175781,123.92500305175781,114.31500244140625,115.11000061035156,115.10939025878906,22004330000.0,XU100.IS,bist100
2002-12-18,115.11000061035156,117.24800109863281,112.93199920654297,115.68900299072266,115.68839263916016,23622240000.0,XU100.IS,bist100
2002-12-19,115.68900299072266,115.68900299072266,109.71299743652344,111.25299835205078,111.25241088867188,19209110000.0,XU100.IS,bist100
2002-12-20,111.25299835205078,113.51200103759766,108.79000091552734,112.86499786376953,112.8644027709961,13756990000.0,XU100.IS,bist100
2002-12-23,112.86499786376953,112.9530029296875,105.53099822998047,107.0250015258789,107.0244369506836,14420990000.0,XU100.IS,bist100
2002-12-24,107.0250015258789,107.31099700927734,100.0250015258789,104.4749984741211,104.47444152832031,21758330000.0,XU100.IS,bist100
2002-12-25,104.4749984741211,109.05599975585938,103.2699966430664,108.83499908447266,108.83441925048828,21833100000.0,XU100.IS,bist100
2002-12-26,108.83499908447266,111.91899871826172,103.1259994506836,103.96700286865234,103.9664535522461,25261800000.0,XU100.IS,bist100
2002-12-27,103.96700286865234,104.93499755859375,101.9209976196289,104.63999938964844,104.63944244384766,21926340000.0,XU100.IS,bist100
2002-12-30,104.63999938964844,104.78600311279297,101.49700164794922,102.88099670410156,102.88044738769531,8858570000.0,XU100.IS,bist100
2002-12-31,102.88099670410156,103.9749984741211,102.28900146484375,103.6989974975586,103.69844818115234,8390240000.0,XU100.IS,bist100
2003-01-02,103.6989974975586,106.4229965209961,102.4739990234375,105.98600006103516,105.98543548583984,17854110000.0,XU100.IS,bist100
2003-01-03,105.98600006103516,108.375,105.49600219726562,108.375,108.37442779541016,18010970000.0,XU100.IS,bist100
2003-01-06,108.375,108.375,102.71900177001953,103.572998046875,103.57244873046875,11722130000.0,XU100.IS,bist100
2003-01-07,103.572998046875,103.572998046875,96.65399932861328,97.52899932861328,97.52848052978516,15127960000.0,XU100.IS,bist100
2003-01-08,97.52899932861328,101.61199951171875,96.90699768066406,101.61199951171875,101.61145782470703,15432670000.0,XU100.IS,bist100
2003-01-09,101.61199951171875,102.28700256347656,98.89299774169922,102.25800323486328,102.25746154785156,16560930000.0,XU100.IS,bist100
2003-01-10,102.25800323486328,103.54499816894531,101.02400207519531,102.04100036621094,102.04045867919922,19433810000.0,XU100.IS,bist100
2003-01-13,102.04100036621094,104.12699890136719,100.98899841308594,104.12699890136719,104.12644958496094,13710890000.0,XU100.IS,bist100
2003-01-14,104.12699890136719,105.04900360107422,100.37699890136719,101.2490005493164,101.24846649169922,17681730000.0,XU100.IS,bist100
2003-01-15,101.2490005493164,103.96099853515625,100.91400146484375,102.80699920654297,102.80645751953125,11895570000.0,XU100.IS,bist100
2003-01-16,102.80699920654297,104.75499725341797,102.68900299072266,104.67900085449219,104.6784439086914,10655970000.0,XU100.IS,bist100
2003-01-17,104.67900085449219,104.67900085449219,102.09600067138672,103.48300170898438,103.48245239257812,8622540000.0,XU100.IS,bist100
2003-01-20,103.48300170898438,105.90299987792969,101.44400024414062,105.90299987792969,105.90243530273438,11736880000.0,XU100.IS,bist100
2003-01-21,105.90299987792969,107.64299774169922,104.55899810791016,105.7040023803711,105.70344543457031,13313810000.0,XU100.IS,bist100
2003-01-22,105.7040023803711,106.65599822998047,103.9729995727539,105.4469985961914,105.44644165039062,11104800000.0,XU100.IS,bist100
2003-01-23,105.4469985961914,108.81900024414062,105.05699920654297,108.81900024414062,108.81842041015625,16796870000.0,XU100.IS,bist100
2003-01-24,108.81900024414062,108.81900024414062,106.26699829101562,108.25900268554688,108.25843048095703,16014970000.0,XU100.IS,bist100
2003-01-27,108.25900268554688,110.18800354003906,106.41999816894531,109.31099700927734,109.31041717529297,19926520000.0,XU100.IS,bist100
2003-01-28,109.31099700927734,109.36100006103516,106.34600067138672,107.42900085449219,107.42842864990234,20235120000.0,XU100.IS,bist100
2003-01-29,107.42900085449219,107.42900085449219,105.49299621582031,107.25700378417969,107.25643157958984,16677030000.0,XU100.IS,bist100
2003-01-30,107.25700378417969,109.45700073242188,106.60600280761719,109.45700073242188,109.4564208984375,26176180000.0,XU100.IS,bist100
2003-01-31,109.45700073242188,110.31999969482422,107.64600372314453,110.31999969482422,110.31941223144531,15769120000.0,XU100.IS,bist100
2003-02-03,110.31999969482422,111.63400268554688,108.51599884033203,111.22000122070312,111.21941375732422,14361050000.0,XU100.IS,bist100
2003-02-04,111.22000122070312,111.61799621582031,105.38500213623047,106.58300018310547,106.58243560791016,18815860000.0,XU100.IS,bist100
2003-02-05,106.58300018310547,106.5989990234375,103.57599639892578,106.5989990234375,106.59843444824219,12781700000.0,XU100.IS,bist100
2003-02-06,106.5989990234375,109.21800231933594,106.5989990234375,109.21800231933594,109.21742248535156,18059890000.0,XU100.IS,bist100
2003-02-07,109.21800231933594,110.18699645996094,108.14099884033203,110.13800048828125,110.13741302490234,13521710000.0,XU100.IS,bist100
2003-02-17,110.13800048828125,113.0250015258789,108.10900115966797,113.0250015258789,113.02439880371094,16502310000.0,XU100.IS,bist100
2003-02-18,113.0250015258789,117.75499725341797,112.0739974975586,117.75499725341797,117.7543716430664,32389620000.0,XU100.IS,bist100
2003-02-19,117.75499725341797,120.25900268554688,115.23799896240234,116.072998046875,116.07238006591797,34628010000.0,XU100.IS,bist100
2003-02-20,116.072998046875,119.90399932861328,114.64800262451172,116.69300079345703,116.6923828125,39916130000.0,XU100.IS,bist100
2003-02-21,116.69300079345703,117.8030014038086,115.40899658203125,117.54000091552734,117.53937530517578,23736970000.0,XU100.IS,bist100
2003-02-24,117.54000091552734,120.1520004272461,112.68000030517578,113.9260025024414,113.92539978027344,25269040000.0,XU100.IS,bist100
2003-02-25,113.9260025024414,114.43699645996094,111.0999984741211,112.72699737548828,112.72640228271484,13992760000.0,XU100.IS,bist100
2003-02-26,112.72699737548828,115.01200103759766,110.18800354003906,112.91899871826172,112.91839599609375,20089680000.0,XU100.IS,bist100
2003-02-27,112.91899871826172,115.0999984741211,112.16300201416016,114.86799621582031,114.86738586425781,16401720000.0,XU100.IS,bist100
2003-02-28,114.86799621582031,115.74400329589844,113.10399627685547,115.74400329589844,115.74339294433594,12922050000.0,XU100.IS,bist100
2003-03-03,115.74400329589844,115.74400329589844,100.61000061035156,101.28900146484375,101.28846740722656,18066710000.0,XU100.IS,bist100
2003-03-04,101.28900146484375,106.20700073242188,101.28900146484375,106.16100311279297,106.16043853759766,21587440000.0,XU100.IS,bist100
2003-03-05,106.16100311279297,109.83100128173828,105.1760025024414,108.15499877929688,108.15442657470703,29916470000.0,XU100.IS,bist100
2003-03-06,108.15499877929688,108.7969970703125,106.66000366210938,108.41799926757812,108.41742706298828,0.0,XU100.IS,bist100
2003-03-07,108.41799926757812,109.76200103759766,107.5719985961914,109.61299896240234,109.61241912841797,16152810000.0,XU100.IS,bist100
2003-03-10,109.61299896240234,111.10700225830078,107.31900024414062,108.17500305175781,108.17443084716797,13429030000.0,XU100.IS,bist100
2003-03-11,108.17500305175781,108.17500305175781,105.16799926757812,107.4469985961914,107.44642639160156,10488280000.0,XU100.IS,bist100
2003-03-12,107.4469985961914,107.4469985961914,105.18199920654297,106.14099884033203,106.14043426513672,9227550000.0,XU100.IS,bist100
2003-03-13,106.14099884033203,106.74099731445312,103.91699981689453,106.66600036621094,106.66543579101562,8656080000.0,XU100.IS,bist100
2003-03-14,106.66600036621094,106.66600036621094,104.53600311279297,106.04299926757812,106.04243469238281,8294440000.0,XU100.IS,bist100
2003-03-17,106.04299926757812,106.04299926757812,92.69999694824219,94.8290023803711,94.82849884033203,0.0,XU100.IS,bist100
2003-03-18,94.8290023803711,105.81500244140625,94.8290023803711,105.81500244140625,105.81443786621094,19741220000.0,XU100.IS,bist100
2003-03-19,105.81500244140625,105.81500244140625,96.46600341796875,99.38200378417969,99.38147735595703,22737750000.0,XU100.IS,bist100
2003-03-20,99.38200378417969,101.52899932861328,96.04900360107422,96.44300079345703,96.44248962402344,16156630000.0,XU100.IS,bist100
2003-03-21,96.44300079345703,96.44300079345703,89.51300048828125,94.06600189208984,94.06550598144531,18031930000.0,XU100.IS,bist100
2003-03-24,94.06600189208984,94.06600189208984,87.9219970703125,88.927001953125,88.92652893066406,11231490000.0,XU100.IS,bist100
2003-03-25,88.927001953125,93.33499908447266,88.927001953125,91.87899780273438,91.87850952148438,19962520000.0,XU100.IS,bist100
2003-03-26,91.87899780273438,97.21900177001953,91.87899780273438,94.08499908447266,94.08450317382812,15111830000.0,XU100.IS,bist100
2003-03-27,94.08499908447266,95.7229995727539,93.56199645996094,95.7229995727539,95.72248840332031,11367600000.0,XU100.IS,bist100
2003-03-28,95.7229995727539,96.31400299072266,94.0770034790039,96.31400299072266,96.31349182128906,11276750000.0,XU100.IS,bist100
2003-03-31,96.31400299072266,96.4489974975586,93.71499633789062,94.7509994506836,94.75049591064453,9473430000.0,XU100.IS,bist100
2003-04-01,94.7509994506836,97.73799896240234,94.7509994506836,97.73799896240234,97.73748016357422,12266810000.0,XU100.IS,bist100
2003-04-02,97.73799896240234,98.74500274658203,96.10700225830078,98.04900360107422,98.0484848022461,19139270000.0,XU100.IS,bist100
2003-04-03,98.04900360107422,102.00900268554688,98.04900360107422,101.53199768066406,101.53145599365234,19294860000.0,XU100.IS,bist100
2003-04-04,101.53199768066406,105.04199981689453,101.53199768066406,104.1500015258789,104.14945220947266,27060190000.0,XU100.IS,bist100
2003-04-07,104.1500015258789,107.77799987792969,104.1500015258789,107.43000030517578,107.42942810058594,22055190000.0,XU100.IS,bist100
2003-04-08,107.43000030517578,107.75299835205078,104.4540023803711,105.12899780273438,105.1284408569336,22519840000.0,XU100.IS,bist100
2003-04-09,105.12899780273438,108.97000122070312,103.08799743652344,108.86199951171875,108.86141967773438,25334060000.0,XU100.IS,bist100
2003-04-10,108.86199951171875,108.92400360107422,101.56300354003906,106.2969970703125,106.29643249511719,39308150000.0,XU100.IS,bist100
2003-04-11,106.2969970703125,107.45899963378906,105.125,105.65899658203125,105.65843963623047,22952830000.0,XU100.IS,bist100
2003-04-14,105.65899658203125,111.03399658203125,105.65899658203125,111.03399658203125,111.03340911865234,0.0,XU100.IS,bist100
2003-04-15,111.03399658203125,113.79100036621094,111.03399658203125,111.69000244140625,111.68940734863281,53201940000.0,XU100.IS,bist100
2003-04-16,111.69000244140625,113.70099639892578,111.00199890136719,113.66000366210938,113.6594009399414,36611490000.0,XU100.IS,bist100
2003-04-17,113.66000366210938,114.54199981689453,111.35600280761719,112.19200134277344,112.19140625,0.0,XU100.IS,bist100
2003-04-18,112.19200134277344,113.41000366210938,111.73400115966797,112.54000091552734,112.5394058227539,0.0,XU100.IS,bist100
2003-04-21,112.54000091552734,115.29399871826172,112.54000091552734,115.0469970703125,115.04638671875,34310200000.0,XU100.IS,bist100
2003-04-22,115.0469970703125,115.75900268554688,113.66400146484375,114.052001953125,114.05139923095703,30516630000.0,XU100.IS,bist100
2003-04-24,114.052001953125,114.052001953125,110.66899871826172,111.19599914550781,111.1954116821289,31391240000.0,XU100.IS,bist100
2003-04-25,111.19599914550781,113.5999984741211,110.9540023803711,113.41400146484375,113.41339874267578,24220350000.0,XU100.IS,bist100
2003-04-28,113.41400146484375,115.04100036621094,112.68399810791016,113.11100006103516,113.11039733886719,20128640000.0,XU100.IS,bist100
2003-04-29,113.11100006103516,114.62000274658203,112.3280029296875,114.36199951171875,114.36138916015625,16784440000.0,XU100.IS,bist100
2003-04-30,114.36199951171875,116.24400329589844,114.36199951171875,115.0999984741211,115.0993881225586,28687520000.0,XU100.IS,bist100
2003-05-01,115.0999984741211,116.21399688720703,114.10199737548828,114.6760025024414,114.6753921508789,24055220000.0,XU100.IS,bist100
2003-05-02,114.6760025024414,114.95899963378906,112.48600006103516,113.00700378417969,113.00640106201172,16576930000.0,XU100.IS,bist100
2003-05-05,113.00700378417969,114.07099914550781,110.95500183105469,111.12100219726562,111.12041473388672,15615150000.0,XU100.IS,bist100
2003-05-06,111.12100219726562,112.3280029296875,108.38500213623047,109.62899780273438,109.62841796875,21859730000.0,XU100.IS,bist100
2003-05-07,109.62899780273438,109.62899780273438,106.08699798583984,106.76300048828125,106.76243591308594,22197960000.0,XU100.IS,bist100
2003-05-08,106.76300048828125,108.36000061035156,106.76300048828125,107.83899688720703,107.83842468261719,20059090000.0,XU100.IS,bist100
2003-05-09,107.83899688720703,108.39700317382812,105.76399993896484,106.40399932861328,106.40343475341797,15419150000.0,XU100.IS,bist100
2003-05-12,106.40399932861328,107.65799713134766,106.21499633789062,107.12899780273438,107.12843322753906,18678320000.0,XU100.IS,bist100
2003-05-13,107.12899780273438,108.19999694824219,105.21900177001953,105.90699768066406,105.90643310546875,21438860000.0,XU100.IS,bist100
2003-05-14,105.90699768066406,105.91400146484375,103.5260009765625,103.93299865722656,103.93244934082031,13580430000.0,XU100.IS,bist100
2003-05-15,103.93299865722656,104.85399627685547,101.677001953125,102.29399871826172,102.29345703125,14122000000.0,XU100.IS,bist100
2003-05-16,102.29399871826172,103.3499984741211,102.2249984741211,103.06300354003906,103.06245422363281,9804830000.0,XU100.IS,bist100
2003-05-20,103.06300354003906,104.2699966430664,101.84400177001953,104.2699966430664,104.26943969726562,13055780000.0,XU100.IS,bist100
2003-05-21,104.2699966430664,106.0270004272461,103.8489990234375,105.40899658203125,105.40843963623047,26900440000.0,XU100.IS,bist100
2003-05-22,105.40899658203125,107.23600006103516,105.40899658203125,106.9520034790039,106.9514389038086,22948870000.0,XU100.IS,bist100
2003-05-23,106.9520034790039,110.56300354003906,106.947998046875,110.56300354003906,110.56241607666016,30537130000.0,XU100.IS,bist100
2003-05-26,110.56300354003906,112.44300079345703,110.14700317382812,111.25299835205078,111.25241088867188,40071130000.0,XU100.IS,bist100
2003-05-27,111.25299835205078,111.84200286865234,109.75599670410156,110.88899993896484,110.88841247558594,22398280000.0,XU100.IS,bist100
2003-05-28,110.88899993896484,114.57099914550781,110.88899993896484,114.3740005493164,114.3733901977539,38825160000.0,XU100.IS,bist100
2003-05-29,114.3740005493164,116.13500213623047,113.68699645996094,114.07099914550781,114.07039642333984,34131900000.0,XU100.IS,bist100
2003-05-30,114.07099914550781,114.96199798583984,113.1510009765625,113.81400299072266,113.81340026855469,20878580000.0,XU100.IS,bist100
2003-06-02,113.81400299072266,116.0270004272461,113.80000305175781,115.79299926757812,115.7923812866211,23307450000.0,XU100.IS,bist100
2003-06-03,115.79299926757812,116.3270034790039,112.2300033569336,113.46499633789062,113.46439361572266,23538230000.0,XU100.IS,bist100
2003-06-04,113.46499633789062,114.40899658203125,110.37000274658203,110.84700012207031,110.8464126586914,17943040000.0,XU100.IS,bist100
2003-06-05,110.84700012207031,112.03399658203125,110.03900146484375,111.2969970703125,111.2964096069336,14576210000.0,XU100.IS,bist100
2003-06-06,111.2969970703125,112.58699798583984,109.28700256347656,109.73400115966797,109.7334213256836,16494240000.0,XU100.IS,bist100
2003-06-09,109.73400115966797,109.73400115966797,106.52799987792969,108.27799987792969,108.27742767333984,12197490000.0,XU100.IS,bist100
2003-06-10,108.27799987792969,109.05000305175781,106.2969970703125,106.4469985961914,106.4464340209961,11328150000.0,XU100.IS,bist100
2003-06-11,106.4469985961914,106.58399963378906,104.41100311279297,105.9729995727539,105.9724349975586,12133570000.0,XU100.IS,bist100
2003-06-12,105.9729995727539,106.26699829101562,103.96299743652344,104.89199829101562,104.89144134521484,12600010000.0,XU100.IS,bist100
2003-06-13,104.89199829101562,107.19599914550781,104.73799896240234,107.13899993896484,107.13843536376953,13014300000.0,XU100.IS,bist100
2003-06-16,107.13899993896484,110.36699676513672,106.59400177001953,110.36699676513672,110.36640930175781,20993790000.0,XU100.IS,bist100
2003-06-17,110.36699676513672,112.24600219726562,110.36699676513672,111.69200134277344,111.69140625,23371620000.0,XU100.IS,bist100
2003-06-18,111.69200134277344,113.14399719238281,110.20600128173828,111.07499694824219,111.07440948486328,26620070000.0,XU100.IS,bist100
2003-06-19,111.07499694824219,111.2249984741211,108.58799743652344,109.0250015258789,109.02442169189453,14010810000.0,XU100.IS,bist100
2003-06-20,109.0250015258789,109.90699768066406,107.4520034790039,107.83899688720703,107.83842468261719,13318240000.0,XU100.IS,bist100
2003-06-23,107.83899688720703,108.38800048828125,106.83899688720703,107.4749984741211,107.47442626953125,8436160000.0,XU100.IS,bist100
2003-06-24,107.4749984741211,108.87300109863281,107.10199737548828,107.56800079345703,107.56742858886719,10785860000.0,XU100.IS,bist100
2003-06-25,107.56800079345703,107.62200164794922,106.51000213623047,107.4020004272461,107.40142822265625,7701250000.0,XU100.IS,bist100
2003-06-26,107.4020004272461,109.48100280761719,107.4020004272461,109.27799987792969,109.27742004394531,12889040000.0,XU100.IS,bist100
2003-06-27,109.27799987792969,110.12899780273438,109.22200012207031,109.81199645996094,109.81141662597656,8715990000.0,XU100.IS,bist100
2003-06-30,109.81199645996094,109.94100189208984,108.14600372314453,108.84400177001953,108.84342193603516,11804450000.0,XU100.IS,bist100
2003-07-01,108.84400177001953,109.74400329589844,106.8239974975586,107.49800109863281,107.49742889404297,10888520000.0,XU100.IS,bist100
2003-07-02,107.49800109863281,107.96099853515625,106.36699676513672,106.90899658203125,106.90843200683594,9881760000.0,XU100.IS,bist100
2003-07-03,106.90899658203125,107.59600067138672,106.0270004272461,107.26599884033203,107.26542663574219,9391300000.0,XU100.IS,bist100
2003-07-04,107.26599884033203,108.08699798583984,104.29100036621094,105.02899932861328,105.0284423828125,13194440000.0,XU100.IS,bist100
2003-07-07,105.02899932861328,105.02899932861328,101.81700134277344,103.51799774169922,103.51744842529297,10517860000.0,XU100.IS,bist100
2003-07-08,103.51799774169922,105.46900177001953,102.86900329589844,105.46900177001953,105.46844482421875,13657460000.0,XU100.IS,bist100
2003-07-09,105.46900177001953,105.46900177001953,102.68900299072266,103.64900207519531,103.64845275878906,11089410000.0,XU100.IS,bist100
2003-07-10,103.64900207519531,104.6780014038086,103.31099700927734,103.99700164794922,103.99645233154297,13372280000.0,XU100.IS,bist100
2003-07-11,103.99700164794922,105.38200378417969,103.70700073242188,104.54900360107422,104.54844665527344,10748300000.0,XU100.IS,bist100
2003-07-14,104.54900360107422,107.12999725341797,104.54900360107422,106.58799743652344,106.58743286132812,14041280000.0,XU100.IS,bist100
2003-07-15,106.58799743652344,109.23999786376953,106.52300262451172,109.18599700927734,109.18541717529297,25915800000.0,XU100.IS,bist100
2003-07-16,109.18599700927734,109.93299865722656,107.50900268554688,107.91400146484375,107.9134292602539,22564850000.0,XU100.IS,bist100
2003-07-17,107.91400146484375,108.61399841308594,106.85800170898438,107.51499938964844,107.5144271850586,14369620000.0,XU100.IS,bist100
2003-07-18,107.51499938964844,108.56900024414062,107.23999786376953,108.56900024414062,108.56842803955078,12670870000.0,XU100.IS,bist100
2003-07-21,108.56900024414062,109.25800323486328,107.55899810791016,108.27300262451172,108.27243041992188,14328780000.0,XU100.IS,bist100
2003-07-22,108.27300262451172,108.27300262451172,105.08000183105469,105.44499969482422,105.44444274902344,10336310000.0,XU100.IS,bist100
2003-07-23,105.44499969482422,105.44499969482422,103.58999633789062,104.63800048828125,104.63744354248047,9138190000.0,XU100.IS,bist100
2003-07-24,104.63800048828125,105.56400299072266,103.19300079345703,104.75199890136719,104.7514419555664,11188480000.0,XU100.IS,bist100
2003-07-25,104.75199890136719,105.61299896240234,104.39299774169922,105.61299896240234,105.61244201660156,9989040000.0,XU100.IS,bist100
2003-07-28,105.61299896240234,106.2020034790039,105.125,105.98300170898438,105.98243713378906,8396320000.0,XU100.IS,bist100
2003-07-29,105.98300170898438,105.98300170898438,104.18299865722656,104.78299713134766,104.78244018554688,6926700000.0,XU100.IS,bist100
2003-07-30,104.78299713134766,105.30899810791016,104.03600311279297,104.44999694824219,104.4494400024414,5811870000.0,XU100.IS,bist100
2003-07-31,104.44999694824219,105.72000122070312,104.197998046875,105.72000122070312,105.71943664550781,7356480000.0,XU100.IS,bist100
2003-08-01,105.72000122070312,106.52100372314453,105.19100189208984,106.21199798583984,106.21143341064453,8162610000.0,XU100.IS,bist100
2003-08-04,106.21199798583984,111.50800323486328,106.21199798583984,111.12100219726562,111.12041473388672,22441960000.0,XU100.IS,bist100
2003-08-05,111.12100219726562,115.16200256347656,111.12100219726562,114.9990005493164,114.9983901977539,38943100000.0,XU100.IS,bist100
2003-08-06,114.9990005493164,115.84200286865234,112.55599975585938,113.11100006103516,113.11039733886719,26999370000.0,XU100.IS,bist100
2003-08-07,113.11100006103516,115.71600341796875,113.05899810791016,115.4739990234375,115.473388671875,22529310000.0,XU100.IS,bist100
2003-08-08,115.4739990234375,115.79900360107422,114.49199676513672,115.58499908447266,115.58438873291016,18031430000.0,XU100.IS,bist100
2003-08-11,115.58499908447266,117.6449966430664,114.6780014038086,117.62300109863281,117.62237548828125,14428810000.0,XU100.IS,bist100
2003-08-12,117.62300109863281,119.31199645996094,117.21499633789062,118.60099792480469,118.60037231445312,32919630000.0,XU100.IS,bist100
2003-08-13,118.60099792480469,120.75199890136719,118.58899688720703,119.16100311279297,119.16036987304688,24961970000.0,XU100.IS,bist100
2003-08-14,119.16100311279297,119.16100311279297,116.6969985961914,117.9489974975586,117.94837188720703,12722050000.0,XU100.IS,bist100
2003-08-15,117.9489974975586,118.7750015258789,116.60199737548828,118.7750015258789,118.77436828613281,10772690000.0,XU100.IS,bist100
2003-08-18,118.7750015258789,118.93199920654297,116.00900268554688,116.61199951171875,116.61138153076172,11716700000.0,XU100.IS,bist100
2003-08-19,116.61199951171875,116.9739990234375,114.78700256347656,116.88899993896484,116.88838195800781,10607290000.0,XU100.IS,bist100
2003-08-20,116.88899993896484,117.51300048828125,115.14199829101562,115.56999969482422,115.56938934326172,16585910000.0,XU100.IS,bist100
2003-08-21,115.56999969482422,118.45899963378906,115.19400024414062,118.45899963378906,118.4583740234375,13586620000.0,XU100.IS,bist100
2003-08-22,118.45899963378906,120.20099639892578,117.61599731445312,120.01100158691406,120.01036834716797,22803110000.0,XU100.IS,bist100
2003-08-25,120.01100158691406,120.74500274658203,117.5199966430664,117.9800033569336,117.97937774658203,20061930000.0,XU100.IS,bist100
2003-08-26,117.9800033569336,117.9800033569336,116.5989990234375,117.35199737548828,117.35137176513672,13248110000.0,XU100.IS,bist100
2003-08-27,117.35199737548828,117.35199737548828,114.94000244140625,116.23400115966797,116.23338317871094,14776510000.0,XU100.IS,bist100
2003-08-28,116.23400115966797,116.68499755859375,114.11699676513672,115.08999633789062,115.08938598632812,13583880000.0,XU100.IS,bist100
2003-08-29,115.08999633789062,117.04000091552734,114.8740005493164,116.11799621582031,116.11737823486328,16060850000.0,XU100.IS,bist100
2003-09-01,116.11799621582031,116.87100219726562,115.71299743652344,116.52799987792969,116.52738189697266,11650090000.0,XU100.IS,bist100
2003-09-02,116.52799987792969,117.62100219726562,115.79000091552734,116.37100219726562,116.3703842163086,13349520000.0,XU100.IS,bist100
2003-09-03,116.37100219726562,116.98899841308594,116.01100158691406,116.71800231933594,116.7173843383789,11178170000.0,XU100.IS,bist100
2003-09-04,116.71800231933594,117.0719985961914,115.43199920654297,116.36499786376953,116.3643798828125,13368390000.0,XU100.IS,bist100
2003-09-05,116.36499786376953,116.8270034790039,115.66699981689453,116.31800079345703,116.3173828125,11225230000.0,XU100.IS,bist100
2003-09-08,116.31800079345703,116.45999908447266,115.14600372314453,115.81300354003906,115.81238555908203,9073950000.0,XU100.IS,bist100
2003-09-09,115.81300354003906,119.46700286865234,114.697998046875,119.46700286865234,119.46636962890625,20954360000.0,XU100.IS,bist100
2003-09-10,119.46700286865234,124.25,119.46700286865234,123.177001953125,123.17634582519531,50793490000.0,XU100.IS,bist100
2003-09-11,123.177001953125,125.06999969482422,122.15799713134766,125.06999969482422,125.0693359375,29660200000.0,XU100.IS,bist100
2003-09-12,125.06999969482422,128.05599975585938,125.06999969482422,127.1520004272461,127.15132904052734,37518630000.0,XU100.IS,bist100
2003-09-15,127.1520004272461,128.76300048828125,126.04199981689453,126.625,126.62432861328125,23183060000.0,XU100.IS,bist100
2003-09-16,126.625,130.0500030517578,126.02999877929688,130.0500030517578,130.04931640625,27196900000.0,XU100.IS,bist100
2003-09-17,130.0500030517578,132.0590057373047,128.72799682617188,129.58200073242188,129.58131408691406,41497440000.0,XU100.IS,bist100
2003-09-18,129.58200073242188,134.56399536132812,129.58200073242188,134.1929931640625,134.19227600097656,48649800000.0,XU100.IS,bist100
2003-09-19,134.1929931640625,136.63499450683594,133.53900146484375,136.63499450683594,136.63426208496094,44088290000.0,XU100.IS,bist100
2003-09-22,136.63499450683594,141.48199462890625,136.63499450683594,138.4499969482422,138.4492645263672,60215470000.0,XU100.IS,bist100
2003-09-23,138.4499969482422,141.0290069580078,136.8939971923828,140.31100463867188,140.3102569580078,0.0,XU100.IS,bist100
2003-09-24,140.31100463867188,141.17100524902344,137.13800048828125,137.98300170898438,137.98226928710938,31826200000.0,XU100.IS,bist100
2003-09-25,137.98300170898438,139.76199340820312,136.03399658203125,139.35699462890625,139.35626220703125,32091220000.0,XU100.IS,bist100
2003-09-26,139.35699462890625,139.44900512695312,136.99200439453125,137.58799743652344,137.58726501464844,19593290000.0,XU100.IS,bist100
2003-09-29,137.58799743652344,137.58799743652344,131.6649932861328,132.5590057373047,132.5583038330078,22556230000.0,XU100.IS,bist100
2003-09-30,132.5590057373047,134.1219940185547,128.33900451660156,130.5590057373047,130.55831909179688,23946640000.0,XU100.IS,bist100
2003-10-01,130.5590057373047,134.44000244140625,130.0780029296875,134.44000244140625,134.4392852783203,25509510000.0,XU100.IS,bist100
2003-10-02,134.44000244140625,138.80499267578125,132.40899658203125,138.80499267578125,138.80426025390625,38731740000.0,XU100.IS,bist100
2003-10-03,138.80499267578125,144.1719970703125,138.80499267578125,142.1020050048828,142.10125732421875,72138690000.0,XU100.IS,bist100
2003-10-06,142.1020050048828,157.19700622558594,142.1020050048828,157.19700622558594,157.1961669921875,96435440000.0,XU100.IS,bist100
2003-10-07,157.19700622558594,164.427001953125,153.8730010986328,154.82699584960938,154.826171875,100969320000.0,XU100.IS,bist100
2003-10-08,154.82699584960938,156.99899291992188,150.6959991455078,151.47799682617188,151.47718811035156,58389570000.0,XU100.IS,bist100
2003-10-09,151.47799682617188,152.15499877929688,147.7989959716797,149.07000732421875,149.0692138671875,48516580000.0,XU100.IS,bist100
2003-10-10,149.07000732421875,154.61099243164062,149.0679931640625,154.20599365234375,154.20516967773438,41638110000.0,XU100.IS,bist100
2003-10-13,154.20599365234375,156.92100524902344,150.14100646972656,150.6479949951172,150.64720153808594,45392430000.0,XU100.IS,bist100
2003-10-14,150.6479949951172,153.1719970703125,147.40899658203125,150.22999572753906,150.2292022705078,49908180000.0,XU100.IS,bist100
2003-10-15,150.22999572753906,154.61399841308594,150.22999572753906,153.82200622558594,153.82119750976562,39308310000.0,XU100.IS,bist100
2003-10-16,153.82200622558594,157.5570068359375,153.82200622558594,155.96800231933594,155.96717834472656,52149820000.0,XU100.IS,bist100
2003-10-17,155.96800231933594,155.98599243164062,152.0540008544922,153.81900024414062,153.8181915283203,27628480000.0,XU100.IS,bist100
2003-10-20,153.81900024414062,154.53399658203125,152.22900390625,153.58700561523438,153.58619689941406,23008100000.0,XU100.IS,bist100
2003-10-21,153.58700561523438,156.53500366210938,152.35899353027344,155.9530029296875,155.95217895507812,25708410000.0,XU100.IS,bist100
2003-10-22,155.9530029296875,156.6479949951172,152.5070037841797,153.00399780273438,153.00318908691406,28658600000.0,XU100.IS,bist100
2003-10-23,153.00399780273438,153.74000549316406,146.91099548339844,148.2949981689453,148.29420471191406,24449570000.0,XU100.IS,bist100
2003-10-24,148.2949981689453,150.33299255371094,147.25900268554688,148.66299438476562,148.66220092773438,18054150000.0,XU100.IS,bist100
2003-10-27,148.66299438476562,148.66299438476562,143.9250030517578,145.6479949951172,145.647216796875,16615030000.0,XU100.IS,bist100
2003-10-28,145.6479949951172,147.1230010986328,144.3000030517578,146.73399353027344,146.73321533203125,9456590000.0,XU100.IS,bist100
2003-10-30,146.73399353027344,154.54600524902344,146.04200744628906,153.7969970703125,153.7961883544922,39452540000.0,XU100.IS,bist100
2003-10-31,153.7969970703125,157.76199340820312,153.7969970703125,157.54299926757812,157.5421600341797,40921200000.0,XU100.IS,bist100
2003-11-03,157.54299926757812,163.41200256347656,157.54299926757812,163.41200256347656,163.4111328125,49825570000.0,XU100.IS,bist100
2003-11-04,163.41200256347656,165.40899658203125,161.37600708007812,162.68299865722656,162.68212890625,43707110000.0,XU100.IS,bist100
2003-11-05,162.68299865722656,164.60699462890625,159.64999389648438,164.08299255371094,164.08212280273438,38908650000.0,XU100.IS,bist100
2003-11-06,164.08299255371094,164.08299255371094,154.0959930419922,155.3679962158203,155.36717224121094,38491770000.0,XU100.IS,bist100
2003-11-07,155.3679962158203,157.58799743652344,154.03599548339844,157.08099365234375,157.0801544189453,31393420000.0,XU100.IS,bist100
2003-11-10,157.08099365234375,157.93699645996094,154.7790069580078,155.28599548339844,155.28517150878906,15897480000.0,XU100.IS,bist100
2003-11-11,155.28599548339844,156.66099548339844,151.3209991455078,152.24099731445312,152.2401885986328,26507850000.0,XU100.IS,bist100
2003-11-12,152.24099731445312,157.71400451660156,151.218994140625,157.71400451660156,157.71316528320312,34565390000.0,XU100.IS,bist100
2003-11-13,157.71400451660156,161.34500122070312,157.4459991455078,160.5659942626953,160.5651397705078,43374280000.0,XU100.IS,bist100
2003-11-14,160.5659942626953,162.80599975585938,159.39199829101562,160.8070068359375,160.80615234375,37313710000.0,XU100.IS,bist100
2003-11-17,160.8070068359375,161.8070068359375,156.14999389648438,156.87100219726562,156.8701629638672,32354550000.0,XU100.IS,bist100
2003-11-18,156.87100219726562,159.28700256347656,156.4759979248047,157.60499572753906,157.60415649414062,22250810000.0,XU100.IS,bist100
2003-11-19,157.60499572753906,159.8249969482422,156.447998046875,157.802001953125,157.80116271972656,22542030000.0,XU100.IS,bist100
2003-11-20,157.802001953125,160.21499633789062,146.1750030517578,146.1750030517578,146.17422485351562,17007280000.0,XU100.IS,bist100
2003-12-01,146.1750030517578,160.0760040283203,146.1750030517578,160.0760040283203,160.0751495361328,26405990000.0,XU100.IS,bist100
2003-12-02,160.0760040283203,162.64599609375,159.11300659179688,162.4199981689453,162.4191436767578,31444920000.0,XU100.IS,bist100
2003-12-03,162.4199981689453,164.91099548339844,161.4739990234375,163.89599609375,163.89512634277344,34527620000.0,XU100.IS,bist100
2003-12-04,163.89599609375,167.46200561523438,161.6439971923828,162.718994140625,162.71812438964844,0.0,XU100.IS,bist100
2003-12-05,162.718994140625,165.04800415039062,162.42599487304688,165.04800415039062,165.04713439941406,25112300000.0,XU100.IS,bist100
2003-12-08,165.04800415039062,169.625,165.04800415039062,169.13299560546875,169.13209533691406,47582050000.0,XU100.IS,bist100
2003-12-09,169.13299560546875,171.01199340820312,167.76499938964844,168.61000061035156,168.60910034179688,49242000000.0,XU100.IS,bist100
2003-12-10,168.61000061035156,168.9290008544922,165.0489959716797,166.14700317382812,166.1461181640625,27898940000.0,XU100.IS,bist100
2003-12-11,166.14700317382812,167.1230010986328,164.7220001220703,165.51600646972656,165.51512145996094,27408020000.0,XU100.IS,bist100
2003-12-12,165.51600646972656,170.8350067138672,165.51600646972656,169.552001953125,169.5511016845703,55932510000.0,XU100.IS,bist100
2003-12-15,169.552001953125,176.47900390625,169.552001953125,174.10000610351562,174.0990753173828,54859150000.0,XU100.IS,bist100
2003-12-16,174.10000610351562,175.2989959716797,171.5800018310547,172.0850067138672,172.08409118652344,35315340000.0,XU100.IS,bist100
2003-12-17,172.0850067138672,173.5399932861328,171.26699829101562,172.30799865722656,172.3070831298828,25804160000.0,XU100.IS,bist100
2003-12-18,172.30799865722656,177.4239959716797,172.30799865722656,177.4239959716797,177.4230499267578,35453010000.0,XU100.IS,bist100
2003-12-19,177.4239959716797,182.1009979248047,177.4239959716797,182.06100463867188,182.06004333496094,51972770000.0,XU100.IS,bist100
2003-12-22,182.06100463867188,184.39300537109375,180.45599365234375,183.87600708007812,183.87503051757812,47141970000.0,XU100.IS,bist100
2003-12-23,183.87600708007812,187.01100158691406,181.8470001220703,182.4199981689453,182.41903686523438,48706830000.0,XU100.IS,bist100
2003-12-24,182.4199981689453,184.57699584960938,181.41099548339844,182.3990020751953,182.39804077148438,32684600000.0,XU100.IS,bist100
2003-12-25,182.3990020751953,184.58999633789062,175.35699462890625,176.43699645996094,176.43606567382812,41294080000.0,XU100.IS,bist100
2003-12-26,176.43699645996094,179.96800231933594,176.27999877929688,179.96800231933594,179.967041015625,19667570000.0,XU100.IS,bist100
2003-12-29,179.96800231933594,181.6909942626953,178.59300231933594,179.73899841308594,179.73805236816406,20145540000.0,XU100.IS,bist100
2003-12-30,179.73899841308594,183.1820068359375,179.73899841308594,182.9290008544922,182.9280242919922,21191520000.0,XU100.IS,bist100
2003-12-31,182.9290008544922,187.0800018310547,182.9290008544922,186.25,186.24900817871094,20647450000.0,XU100.IS,bist100
2004-01-02,186.25,191.68699645996094,186.25,191.4770050048828,191.47598266601562,30783360000.0,XU100.IS,bist100
2004-01-05,191.4770050048828,197.25,191.4770050048828,196.96600341796875,196.9649658203125,40585730000.0,XU100.IS,bist100
2004-01-06,196.96600341796875,199.21499633789062,189.32899475097656,190.13800048828125,190.13699340820312,46858270000.0,XU100.IS,bist100
2004-01-07,190.13800048828125,194.79800415039062,186.7050018310547,193.8280029296875,193.8269805908203,45999940000.0,XU100.IS,bist100
2004-01-08,193.8280029296875,197.7740020751953,193.20700073242188,194.0489959716797,194.0479736328125,33969880000.0,XU100.IS,bist100
2004-01-09,194.0489959716797,199.68899536132812,194.0489959716797,199.26499938964844,199.26394653320312,36352070000.0,XU100.IS,bist100
2004-01-12,199.26499938964844,201.89999389648438,194.67300415039062,195.58799743652344,195.5869598388672,37688930000.0,XU100.IS,bist100
2004-01-13,195.58799743652344,196.89599609375,192.5070037841797,194.60299682617188,194.60195922851562,34796250000.0,XU100.IS,bist100
2004-01-14,194.60299682617188,196.9250030517578,187.36599731445312,188.18600463867188,188.1850128173828,38526980000.0,XU100.IS,bist100
2004-01-15,188.18600463867188,190.76400756835938,184.49099731445312,189.52200317382812,189.52099609375,30253600000.0,XU100.IS,bist100
2004-01-16,189.52200317382812,190.10699462890625,182.39599609375,183.01199340820312,183.01101684570312,20744490000.0,XU100.IS,bist100
2004-01-19,183.01199340820312,183.44700622558594,177.1300048828125,177.88600158691406,177.8850555419922,19513980000.0,XU100.IS,bist100
2004-01-20,177.88600158691406,188.3280029296875,177.88600158691406,188.3280029296875,188.32701110839844,29180230000.0,XU100.IS,bist100
2004-01-21,188.3280029296875,189.8040008544922,185.21400451660156,188.99899291992188,188.99798583984375,28467080000.0,XU100.IS,bist100
2004-01-22,188.99899291992188,189.92100524902344,183.97500610351562,185.18099975585938,185.18002319335938,24015010000.0,XU100.IS,bist100
2004-01-26,185.18099975585938,185.92999267578125,181.39500427246094,183.56500244140625,183.56402587890625,18211800000.0,XU100.IS,bist100
2004-01-27,183.56500244140625,186.5800018310547,177.92999267578125,178.9949951171875,178.99404907226562,24510390000.0,XU100.IS,bist100
2004-01-28,178.9949951171875,180.66900634765625,175.63800048828125,179.02000427246094,179.01905822753906,16841850000.0,XU100.IS,bist100
2004-01-29,179.02000427246094,179.33200073242188,169.8280029296875,172.822998046875,172.82208251953125,18432060000.0,XU100.IS,bist100
2004-01-30,172.822998046875,175.6820068359375,170.51100158691406,172.59300231933594,172.5920867919922,18635290000.0,XU100.IS,bist100
2004-02-05,172.59300231933594,175.16000366210938,169.6179962158203,170.33799743652344,170.33709716796875,11745190000.0,XU100.IS,bist100
2004-02-06,170.33799743652344,171.23699951171875,166.77699279785156,169.6580047607422,169.6571044921875,13991790000.0,XU100.IS,bist100
2004-02-09,169.6580047607422,176.53599548339844,165.65699768066406,176.41000366210938,176.40907287597656,27162950000.0,XU100.IS,bist100
2004-02-10,176.41000366210938,178.79400634765625,173.7050018310547,174.18499755859375,174.18406677246094,28913470000.0,XU100.IS,bist100
2004-02-11,174.18499755859375,180.0760040283203,174.18499755859375,180.0030059814453,180.00204467773438,21742680000.0,XU100.IS,bist100
2004-02-12,180.0030059814453,189.99400329589844,180.0030059814453,188.85899353027344,188.8579864501953,40443350000.0,XU100.IS,bist100
2004-02-13,188.85899353027344,192.4600067138672,187.20700073242188,190.0050048828125,190.00399780273438,23488720000.0,XU100.IS,bist100
2004-02-16,190.0050048828125,199.29600524902344,190.0050048828125,193.2449951171875,193.2439727783203,35425550000.0,XU100.IS,bist100
2004-02-17,193.2449951171875,195.25599670410156,189.6820068359375,190.1009979248047,190.09999084472656,27102830000.0,XU100.IS,bist100
2004-02-18,190.1009979248047,194.8679962158203,187.61700439453125,194.78700256347656,194.7859649658203,26084680000.0,XU100.IS,bist100
2004-02-19,194.78700256347656,195.6020050048828,185.60000610351562,186.05999755859375,186.0590057373047,0.0,XU100.IS,bist100
2004-02-20,186.05999755859375,187.1009979248047,181.03500366210938,186.03799438476562,186.03700256347656,24357640000.0,XU100.IS,bist100
2004-02-23,186.03799438476562,186.94200134277344,182.27499389648438,182.83999633789062,182.83901977539062,17596970000.0,XU100.IS,bist100
2004-02-24,182.83999633789062,186.80099487304688,182.3509979248047,184.9770050048828,184.9760284423828,24947430000.0,XU100.IS,bist100
2004-02-25,184.9770050048828,187.5189971923828,184.9770050048828,187.0709991455078,187.07000732421875,27088650000.0,XU100.IS,bist100
2004-02-26,187.0709991455078,190.54100036621094,187.0709991455078,187.71600341796875,187.7150115966797,31703700000.0,XU100.IS,bist100
2004-02-27,187.71600341796875,189.8780059814453,186.76199340820312,188.89199829101562,188.8909912109375,27549500000.0,XU100.IS,bist100
2004-03-01,188.89199829101562,190.08900451660156,187.11399841308594,187.86399841308594,187.86300659179688,17763060000.0,XU100.IS,bist100
2004-03-02,187.86399841308594,193.5659942626953,186.7570037841797,193.5659942626953,193.56497192382812,28083400000.0,XU100.IS,bist100
2004-03-03,193.5659942626953,193.64599609375,191.19200134277344,191.718994140625,191.7179718017578,28258350000.0,XU100.IS,bist100
2004-03-04,191.718994140625,193.2740020751953,188.88600158691406,190.15499877929688,190.15399169921875,19919600000.0,XU100.IS,bist100
2004-03-05,190.15499877929688,192.20399475097656,189.38299560546875,191.65699768066406,191.65597534179688,23353020000.0,XU100.IS,bist100
2004-03-08,191.65699768066406,195.9029998779297,191.65699768066406,194.95399475097656,194.9529571533203,34711340000.0,XU100.IS,bist100
2004-03-09,194.95399475097656,198.26400756835938,194.51100158691406,194.88499450683594,194.8839569091797,48982480000.0,XU100.IS,bist100
2004-03-10,194.88499450683594,197.98800659179688,194.18099975585938,197.98800659179688,197.98695373535156,35059080000.0,XU100.IS,bist100
2004-03-11,197.98800659179688,198.61700439453125,192.92100524902344,193.81399536132812,193.81297302246094,34301920000.0,XU100.IS,bist100
2004-03-12,193.81399536132812,195.95399475097656,191.4219970703125,193.6439971923828,193.64297485351562,31505780000.0,XU100.IS,bist100
2004-03-15,193.6439971923828,196.1929931640625,193.6439971923828,195.26499938964844,195.2639617919922,26800200000.0,XU100.IS,bist100
2004-03-16,195.26499938964844,195.26499938964844,192.5679931640625,193.21600341796875,193.21498107910156,27061420000.0,XU100.IS,bist100
2004-03-17,193.21600341796875,194.9149932861328,192.072998046875,192.94500732421875,192.94398498535156,21427670000.0,XU100.IS,bist100
2004-03-18,192.94500732421875,196.19200134277344,191.2310028076172,196.11099243164062,196.10995483398438,26776780000.0,XU100.IS,bist100
2004-03-19,196.11099243164062,200.23899841308594,196.11099243164062,200.23800659179688,200.2369384765625,33642020000.0,XU100.IS,bist100
2004-03-22,200.23800659179688,203.968994140625,200.23800659179688,201.6719970703125,201.67092895507812,38280430000.0,XU100.IS,bist100
2004-03-23,201.6719970703125,204.572998046875,199.78900146484375,201.85800170898438,201.85693359375,38955050000.0,XU100.IS,bist100
2004-03-24,201.85800170898438,205.41099548339844,201.85800170898438,203.47799682617188,203.47691345214844,60530250000.0,XU100.IS,bist100
2004-03-25,203.47799682617188,205.01100158691406,201.10800170898438,204.7259979248047,204.72491455078125,43935450000.0,XU100.IS,bist100
2004-03-26,204.7259979248047,209.1320037841797,204.7259979248047,208.36099243164062,208.35989379882812,60929040000.0,XU100.IS,bist100
2004-03-29,208.36099243164062,213.14999389648438,205.68099975585938,208.8699951171875,208.86888122558594,51896110000.0,XU100.IS,bist100
2004-03-30,208.8699951171875,208.96499633789062,199.4499969482422,200.3070068359375,200.30593872070312,42109410000.0,XU100.IS,bist100
2004-03-31,200.3070068359375,202.8350067138672,198.80499267578125,201.9080047607422,201.9069366455078,33461120000.0,XU100.IS,bist100
2004-04-01,201.9080047607422,204.4709930419922,201.9080047607422,203.2220001220703,203.22091674804688,28598750000.0,XU100.IS,bist100
2004-04-02,203.2220001220703,205.5,203.2220001220703,204.85000610351562,204.8489227294922,26698160000.0,XU100.IS,bist100
2004-04-05,204.85000610351562,206.10899353027344,202.39599609375,203.3090057373047,203.30792236328125,23134220000.0,XU100.IS,bist100
2004-04-06,203.3090057373047,204.7469940185547,201.5469970703125,202.72900390625,202.72793579101562,32958720000.0,XU100.IS,bist100
2004-04-07,202.72900390625,203.906005859375,199.8419952392578,200.4010009765625,200.39993286132812,27416660000.0,XU100.IS,bist100
2004-04-08,200.4010009765625,200.4010009765625,193.01199340820312,194.197998046875,194.19696044921875,30649400000.0,XU100.IS,bist100
2004-04-09,194.197998046875,197.2989959716797,194.197998046875,195.052001953125,195.05096435546875,19196000000.0,XU100.IS,bist100
2004-04-12,195.052001953125,195.7169952392578,191.0709991455078,192.59500122070312,192.59397888183594,24490890000.0,XU100.IS,bist100
2004-04-13,192.59500122070312,192.59500122070312,188.9080047607422,191.04400634765625,191.04299926757812,24926190000.0,XU100.IS,bist100
2004-04-14,191.04400634765625,194.10499572753906,186.52499389648438,186.78199768066406,186.781005859375,32681240000.0,XU100.IS,bist100
2004-04-15,186.78199768066406,187.9219970703125,183.27999877929688,186.875,186.87400817871094,23892120000.0,XU100.IS,bist100
2004-04-16,186.875,192.69500732421875,186.875,192.69500732421875,192.69398498535156,27631920000.0,XU100.IS,bist100
2004-04-19,192.69500732421875,199.48199462890625,192.69500732421875,199.35699462890625,199.35594177246094,29089480000.0,XU100.IS,bist100
2004-04-20,199.35699462890625,200.26300048828125,194.3990020751953,195.281005859375,195.27996826171875,29599130000.0,XU100.IS,bist100
2004-04-21,195.281005859375,195.33799743652344,191.91799926757812,192.70399475097656,192.70297241210938,20734940000.0,XU100.IS,bist100
2004-04-22,192.70399475097656,195.23300170898438,191.3730010986328,194.31500244140625,194.31396484375,22139800000.0,XU100.IS,bist100
2004-04-26,194.31500244140625,196.00900268554688,185.2050018310547,185.86500549316406,185.864013671875,22881150000.0,XU100.IS,bist100
2004-04-27,185.86500549316406,185.86500549316406,177.7259979248047,182.17100524902344,182.1700439453125,30679560000.0,XU100.IS,bist100
2004-04-28,182.17100524902344,183.531005859375,180.01800537109375,182.2969970703125,182.29603576660156,25101740000.0,XU100.IS,bist100
2004-04-29,182.2969970703125,182.2969970703125,174.71400451660156,177.37899780273438,177.3780517578125,23198430000.0,XU100.IS,bist100
2004-04-30,177.37899780273438,180.39300537109375,177.00599670410156,180.2270050048828,180.22604370117188,22930700000.0,XU100.IS,bist100
2004-05-03,180.2270050048828,183.48199462890625,175.58599853515625,176.7830047607422,176.78207397460938,20808090000.0,XU100.IS,bist100
2004-05-04,176.7830047607422,182.44700622558594,175.8719940185547,182.44700622558594,182.446044921875,30885210000.0,XU100.IS,bist100
2004-05-05,182.44700622558594,183.73599243164062,180.88900756835938,182.7239990234375,182.7230224609375,32495810000.0,XU100.IS,bist100
2004-05-06,182.7239990234375,183.71299743652344,175.35000610351562,176.24099731445312,176.2400665283203,35412440000.0,XU100.IS,bist100
2004-05-07,176.24099731445312,176.24099731445312,168.9929962158203,170.02000427246094,170.01910400390625,22553720000.0,XU100.IS,bist100
2004-05-10,170.02000427246094,170.02000427246094,167.00399780273438,168.07699584960938,168.07611083984375,18228240000.0,XU100.IS,bist100
2004-05-11,168.07699584960938,172.2760009765625,165.7310028076172,171.02499389648438,171.0240936279297,26875160000.0,XU100.IS,bist100
2004-05-12,171.02499389648438,174.13299560546875,170.781005859375,171.44700622558594,171.4460906982422,19401920000.0,XU100.IS,bist100
2004-05-13,171.44700622558594,171.44700622558594,166.23699951171875,166.45899963378906,166.45811462402344,15457580000.0,XU100.IS,bist100
2004-05-14,166.45899963378906,169.68299865722656,163.81399536132812,165.31300354003906,165.3121337890625,20624560000.0,XU100.IS,bist100
2004-05-17,165.31300354003906,167.7530059814453,158.68499755859375,159.2239990234375,159.22315979003906,18634870000.0,XU100.IS,bist100
2004-05-18,159.2239990234375,162.34800720214844,158.03599548339844,161.2429962158203,161.2421417236328,16781950000.0,XU100.IS,bist100
2004-05-20,161.2429962158203,163.89100646972656,161.2429962158203,163.3419952392578,163.34112548828125,16092720000.0,XU100.IS,bist100
2004-05-21,163.3419952392578,166.4770050048828,162.70399475097656,166.28799438476562,166.287109375,18643050000.0,XU100.IS,bist100
2004-05-24,166.28799438476562,171.6739959716797,166.28799438476562,171.6739959716797,171.67308044433594,30040820000.0,XU100.IS,bist100
2004-05-25,171.6739959716797,171.6739959716797,167.42100524902344,167.91099548339844,167.9101104736328,28606220000.0,XU100.IS,bist100
2004-05-26,167.91099548339844,172.71099853515625,167.91099548339844,172.35499572753906,172.3540802001953,29673040000.0,XU100.IS,bist100
2004-05-27,172.35499572753906,172.53199768066406,169.26199340820312,171.63999938964844,171.6390838623047,21855940000.0,XU100.IS,bist100
2004-05-28,171.63999938964844,174.61099243164062,171.63999938964844,173.2790069580078,173.27809143066406,25850010000.0,XU100.IS,bist100
2004-05-31,173.2790069580078,173.2790069580078,169.96099853515625,170.81100463867188,170.8101043701172,15386140000.0,XU100.IS,bist100
2004-06-01,170.81100463867188,173.39999389648438,167.07699584960938,167.66799926757812,167.6671142578125,19442020000.0,XU100.IS,bist100
2004-06-02,167.66799926757812,169.2550048828125,166.7239990234375,168.6750030517578,168.67410278320312,13109150000.0,XU100.IS,bist100
2004-06-03,168.6750030517578,170.5570068359375,167.531005859375,170.44400024414062,170.44309997558594,0.0,XU100.IS,bist100
2004-06-04,170.44400024414062,177.08200073242188,170.44400024414062,177.08200073242188,177.0810546875,35110250000.0,XU100.IS,bist100
2004-06-07,177.08200073242188,180.2030029296875,176.09800720214844,180.2030029296875,180.20204162597656,29197280000.0,XU100.IS,bist100
2004-06-08,180.2030029296875,180.48699951171875,175.9340057373047,176.04100036621094,176.04006958007812,22673710000.0,XU100.IS,bist100
2004-06-09,176.04100036621094,177.9080047607422,174.92100524902344,176.156005859375,176.1550750732422,18951610000.0,XU100.IS,bist100
2004-06-10,176.156005859375,178.60400390625,176.0290069580078,177.86399841308594,177.86305236816406,15602060000.0,XU100.IS,bist100
2004-06-11,177.86399841308594,178.6840057373047,175.2740020751953,176.64500427246094,176.64407348632812,12506940000.0,XU100.IS,bist100
2004-06-14,176.64500427246094,176.64500427246094,169.9969940185547,170.79800415039062,170.79710388183594,14610960000.0,XU100.IS,bist100
2004-06-15,170.79800415039062,172.36199951171875,169.5489959716797,172.30499267578125,172.3040771484375,13936690000.0,XU100.IS,bist100
2004-06-16,172.30499267578125,174.40499877929688,170.34100341796875,170.99000549316406,170.98910522460938,12656690000.0,XU100.IS,bist100
2004-06-17,170.99000549316406,171.59100341796875,168.27200317382812,169.01400756835938,169.0131072998047,8405550000.0,XU100.IS,bist100
2004-06-18,169.01400756835938,170.86599731445312,168.4949951171875,169.64100646972656,169.64010620117188,13613580000.0,XU100.IS,bist100
2004-06-21,169.64100646972656,170.0050048828125,167.4969940185547,167.85400390625,167.85311889648438,7262250000.0,XU100.IS,bist100
2004-06-22,167.85400390625,170.375,166.63999938964844,167.5279998779297,167.52711486816406,11400910000.0,XU100.IS,bist100
2004-06-23,167.5279998779297,168.3769989013672,166.29600524902344,168.1999969482422,168.19911193847656,10358740000.0,XU100.IS,bist100
2004-06-24,168.1999969482422,171.40899658203125,167.17799377441406,168.88600158691406,168.88510131835938,21276650000.0,XU100.IS,bist100
2004-06-25,168.88600158691406,173.947998046875,168.88600158691406,173.552001953125,173.55108642578125,17494170000.0,XU100.IS,bist100
2004-06-28,173.552001953125,177.12899780273438,172.92799377441406,177.10400390625,177.10305786132812,19055180000.0,XU100.IS,bist100
2004-06-29,177.10400390625,178.19400024414062,174.79600524902344,177.35499572753906,177.3540496826172,17574410000.0,XU100.IS,bist100
2004-06-30,177.35499572753906,179.67599487304688,176.7779998779297,179.67599487304688,179.675048828125,14087980000.0,XU100.IS,bist100
2004-07-01,179.67599487304688,183.19200134277344,179.2530059814453,182.9029998779297,182.9020233154297,23309690000.0,XU100.IS,bist100
2004-07-02,182.9029998779297,184.9040069580078,181.5229949951172,184.16400146484375,184.16302490234375,27502640000.0,XU100.IS,bist100
2004-07-05,184.16400146484375,187.07899475097656,182.5850067138672,185.54800415039062,185.54701232910156,24462730000.0,XU100.IS,bist100
2004-07-06,185.54800415039062,186.49099731445312,181.6750030517578,182.37600708007812,182.3750457763672,20901110000.0,XU100.IS,bist100
2004-07-07,182.37600708007812,183.19000244140625,180.46400451660156,182.9669952392578,182.9660186767578,17716680000.0,XU100.IS,bist100
2004-07-08,182.9669952392578,184.01300048828125,180.61500549316406,180.7689971923828,180.76803588867188,15290420000.0,XU100.IS,bist100
2004-07-09,180.7689971923828,183.33399963378906,179.9409942626953,183.27099609375,183.27001953125,13197220000.0,XU100.IS,bist100
2004-07-12,183.27099609375,184.70399475097656,182.85299682617188,183.6840057373047,183.6830291748047,13440370000.0,XU100.IS,bist100
2004-07-13,183.6840057373047,186.83799743652344,182.73899841308594,184.92999267578125,184.92901611328125,26624890000.0,XU100.IS,bist100
2004-07-14,184.92999267578125,186.35800170898438,184.343994140625,186.3520050048828,186.35101318359375,21569340000.0,XU100.IS,bist100
2004-07-15,186.3520050048828,189.75399780273438,185.39999389648438,189.66200256347656,189.66099548339844,25582500000.0,XU100.IS,bist100
2004-07-16,189.66200256347656,191.572998046875,188.84100341796875,191.572998046875,191.5719757080078,33657030000.0,XU100.IS,bist100
2004-07-19,191.572998046875,191.83900451660156,188.03900146484375,189.4499969482422,189.44898986816406,25101180000.0,XU100.IS,bist100
2004-07-20,189.4499969482422,190.98699951171875,187.41900634765625,188.81300354003906,188.81199645996094,23012290000.0,XU100.IS,bist100
2004-07-21,188.81300354003906,190.82200622558594,186.13900756835938,187.79800415039062,187.79701232910156,23692280000.0,XU100.IS,bist100
2004-07-22,187.79800415039062,187.79800415039062,185.406005859375,186.28700256347656,186.2860107421875,14314240000.0,XU100.IS,bist100
2004-07-23,186.28700256347656,189.11399841308594,186.156005859375,189.04299926757812,189.0419921875,21178940000.0,XU100.IS,bist100
2004-07-26,189.04299926757812,190.3820037841797,185.61099243164062,186.45399475097656,186.4530029296875,21930100000.0,XU100.IS,bist100
2004-07-27,186.45399475097656,187.74600219726562,184.98500061035156,187.74600219726562,187.74501037597656,22773500000.0,XU100.IS,bist100
2004-07-28,187.74600219726562,190.2220001220703,187.41099548339844,190.18600463867188,190.18499755859375,23881120000.0,XU100.IS,bist100
2004-07-29,190.18600463867188,191.54200744628906,189.44900512695312,191.11399841308594,191.1129913330078,29376690000.0,XU100.IS,bist100
2004-07-30,191.11399841308594,194.11700439453125,191.01300048828125,193.8090057373047,193.8079833984375,29760330000.0,XU100.IS,bist100
2004-08-02,193.8090057373047,197.05999755859375,193.8090057373047,196.9810028076172,196.97996520996094,43655220000.0,XU100.IS,bist100
2004-08-03,196.9810028076172,197.53700256347656,193.12100219726562,194.2740020751953,194.27296447753906,31622390000.0,XU100.IS,bist100
2004-08-04,194.2740020751953,194.47300720214844,189.6750030517578,190.48500061035156,190.48399353027344,22825150000.0,XU100.IS,bist100
2004-08-05,190.48500061035156,194.00799560546875,190.48500061035156,193.4429931640625,193.4419708251953,31254310000.0,XU100.IS,bist100
2004-08-06,193.4429931640625,193.4429931640625,189.68099975585938,191.87600708007812,191.87498474121094,25998060000.0,XU100.IS,bist100
2004-08-09,191.87600708007812,196.08900451660156,191.71400451660156,192.4810028076172,192.47998046875,28573590000.0,XU100.IS,bist100
2004-08-10,192.4810028076172,194.13400268554688,190.51499938964844,193.92599487304688,193.9249725341797,22422310000.0,XU100.IS,bist100
2004-08-11,193.92599487304688,194.8280029296875,188.48699951171875,189.08599853515625,189.08499145507812,23629330000.0,XU100.IS,bist100
2004-08-12,189.08599853515625,189.5050048828125,186.92100524902344,187.7550048828125,187.75401306152344,16526820000.0,XU100.IS,bist100
2004-08-13,187.7550048828125,188.5679931640625,185.9980010986328,188.25999450683594,188.25900268554688,19162460000.0,XU100.IS,bist100
2004-08-16,188.25999450683594,188.60699462890625,186.51699829101562,188.32200622558594,188.32101440429688,14681730000.0,XU100.IS,bist100
2004-08-17,188.32200622558594,194.5970001220703,188.32200622558594,194.5970001220703,194.59596252441406,27113530000.0,XU100.IS,bist100
2004-08-18,194.5970001220703,195.83900451660156,191.90199279785156,192.68099975585938,192.6799774169922,25857830000.0,XU100.IS,bist100
2004-08-19,192.68099975585938,194.43099975585938,191.2530059814453,191.8780059814453,191.87698364257812,18747170000.0,XU100.IS,bist100
2004-08-20,191.8780059814453,192.86300659179688,190.52499389648438,192.86300659179688,192.8619842529297,16184020000.0,XU100.IS,bist100
2004-08-23,192.86300659179688,194.12899780273438,191.50900268554688,193.63699340820312,193.63597106933594,18448650000.0,XU100.IS,bist100
2004-08-24,193.63699340820312,196.63600158691406,193.3979949951172,196.63600158691406,196.6349639892578,20174260000.0,XU100.IS,bist100
2004-08-25,196.63600158691406,197.38699340820312,194.7779998779297,195.5800018310547,195.57896423339844,18810360000.0,XU100.IS,bist100
2004-08-26,195.5800018310547,196.75399780273438,193.8350067138672,195.72300720214844,195.7219696044922,16980300000.0,XU100.IS,bist100
2004-08-27,195.72300720214844,198.61599731445312,195.72300720214844,198.55299377441406,198.55194091796875,20663980000.0,XU100.IS,bist100
2004-08-31,198.55299377441406,202.4320068359375,197.53399658203125,202.1840057373047,202.1829376220703,25084860000.0,XU100.IS,bist100
2004-09-01,202.1840057373047,206.30499267578125,202.1840057373047,205.1219940185547,205.12091064453125,30020540000.0,XU100.IS,bist100
2004-09-02,205.1219940185547,207.03399658203125,203.0919952392578,205.25900268554688,205.25791931152344,26888910000.0,XU100.IS,bist100
2004-09-03,205.25900268554688,208.0019989013672,204.7010040283203,207.75,207.7489013671875,35049110000.0,XU100.IS,bist100
2004-09-06,207.75,208.86199951171875,205.7480010986328,208.51600646972656,208.51490783691406,32957830000.0,XU100.IS,bist100
2004-09-07,208.51600646972656,211.88400268554688,208.51600646972656,211.19200134277344,211.19088745117188,49227760000.0,XU100.IS,bist100
2004-09-08,211.19200134277344,215.72000122070312,210.63499450683594,214.68299865722656,214.68185424804688,46428980000.0,XU100.IS,bist100
2004-09-09,214.68299865722656,215.53599548339844,212.13400268554688,213.97999572753906,213.97886657714844,37991940000.0,XU100.IS,bist100
2004-09-10,213.97999572753906,213.97999572753906,209.59800720214844,210.04100036621094,210.03988647460938,31089640000.0,XU100.IS,bist100
2004-09-13,210.04100036621094,211.26100158691406,208.66299438476562,210.6020050048828,210.60089111328125,29152490000.0,XU100.IS,bist100
2004-09-14,210.6020050048828,217.05299377441406,210.5959930419922,217.05299377441406,217.05184936523438,33345910000.0,XU100.IS,bist100
2004-09-15,217.05299377441406,219.82000732421875,215.17999267578125,216.1649932861328,216.16384887695312,50327130000.0,XU100.IS,bist100
2004-09-16,216.1649932861328,217.70199584960938,213.25799560546875,217.04800415039062,217.04685974121094,32182020000.0,XU100.IS,bist100
2004-09-17,217.04800415039062,217.04800415039062,207.62600708007812,208.33200073242188,208.33090209960938,45395680000.0,XU100.IS,bist100
2004-09-20,208.33200073242188,208.33200073242188,200.41900634765625,203.73399353027344,203.73291015625,35162390000.0,XU100.IS,bist100
2004-09-21,203.73399353027344,211.9290008544922,202.13299560546875,211.9290008544922,211.92787170410156,39056340000.0,XU100.IS,bist100
2004-09-22,211.9290008544922,215.37899780273438,211.6490020751953,214.91400146484375,214.91285705566406,37140420000.0,XU100.IS,bist100
2004-09-23,214.91400146484375,223.03199768066406,212.9029998779297,222.76699829101562,222.7658233642578,54759300000.0,XU100.IS,bist100
2004-09-24,222.76699829101562,226.39999389648438,221.77200317382812,223.07400512695312,223.07281494140625,51974420000.0,XU100.IS,bist100
2004-09-27,223.07400512695312,223.9709930419922,219.72300720214844,220.8300018310547,220.82882690429688,31286400000.0,XU100.IS,bist100
2004-09-28,220.8300018310547,223.45899963378906,218.02699279785156,222.93800354003906,222.9368133544922,31941160000.0,XU100.IS,bist100
2004-09-29,222.93800354003906,224.1490020751953,221.36900329589844,222.19900512695312,222.1978302001953,35282680000.0,XU100.IS,bist100
2004-09-30,222.19900512695312,223.26699829101562,217.7010040283203,219.53500366210938,219.53384399414062,41781070000.0,XU100.IS,bist100
2004-10-01,219.53500366210938,222.01600646972656,216.11399841308594,217.22500610351562,217.22384643554688,24522580000.0,XU100.IS,bist100
2004-10-04,217.22500610351562,220.48599243164062,215.58299255371094,219.8769989013672,219.87583923339844,27220050000.0,XU100.IS,bist100
2004-10-05,219.8769989013672,220.5709991455078,214.31900024414062,216.125,216.1238555908203,27784420000.0,XU100.IS,bist100
2004-10-06,216.125,222.87100219726562,215.9290008544922,222.87100219726562,222.8698272705078,42010130000.0,XU100.IS,bist100
2004-10-07,222.87100219726562,225.85699462890625,222.3350067138672,224.32200622558594,224.32081604003906,43257060000.0,XU100.IS,bist100
2004-10-08,224.32200622558594,229.51400756835938,223.46499633789062,229.51400756835938,229.51278686523438,44034850000.0,XU100.IS,bist100
2004-10-11,229.51400756835938,232.41400146484375,226.7259979248047,227.8730010986328,227.87179565429688,39540440000.0,XU100.IS,bist100
2004-10-12,227.8730010986328,228.50399780273438,221.17999267578125,222.8990020751953,222.8978271484375,36050990000.0,XU100.IS,bist100
2004-10-13,222.8990020751953,228.03799438476562,222.4810028076172,226.3000030517578,226.29879760742188,32678490000.0,XU100.IS,bist100
2004-10-14,226.3000030517578,226.3000030517578,222.11700439453125,223.18899536132812,223.18780517578125,24584490000.0,XU100.IS,bist100
2004-10-15,223.18899536132812,225.3730010986328,221.82400512695312,224.77099609375,224.76980590820312,30256820000.0,XU100.IS,bist100
2004-10-18,224.77099609375,226.5489959716797,222.2760009765625,223.34300231933594,223.34181213378906,23706900000.0,XU100.IS,bist100
2004-10-19,223.34300231933594,226.8040008544922,223.34300231933594,225.50900268554688,225.5078125,30351020000.0,XU100.IS,bist100
2004-10-20,225.50900268554688,225.65499877929688,221.18899536132812,222.20799255371094,222.20681762695312,20340160000.0,XU100.IS,bist100
2004-10-21,222.20799255371094,223.41099548339844,221.2949981689453,222.01499938964844,222.01382446289062,21655270000.0,XU100.IS,bist100
2004-10-22,222.01499938964844,224.8209991455078,221.19200134277344,222.44000244140625,222.43882751464844,30175000000.0,XU100.IS,bist100
2004-10-25,222.44000244140625,222.44000244140625,217.0590057373047,219.0780029296875,219.07684326171875,18654440000.0,XU100.IS,bist100
2004-10-26,219.0780029296875,221.6439971923828,217.31199645996094,221.4250030517578,221.423828125,19494300000.0,XU100.IS,bist100
2004-10-27,221.4250030517578,226.9149932861328,221.4250030517578,225.6580047607422,225.6568145751953,45214430000.0,XU100.IS,bist100
2004-10-28,225.6580047607422,228.99899291992188,225.2830047607422,228.99899291992188,228.99777221679688,18114000000.0,XU100.IS,bist100
2004-11-01,228.99899291992188,231.13699340820312,227.23500061035156,228.57899475097656,228.57778930664062,30145230000.0,XU100.IS,bist100
2004-11-02,228.57899475097656,232.25799560546875,227.11900329589844,232.156005859375,232.15476989746094,32026360000.0,XU100.IS,bist100
2004-11-03,232.156005859375,236.74099731445312,232.11199951171875,234.3780059814453,234.37677001953125,45155140000.0,XU100.IS,bist100
2004-11-04,234.3780059814453,236.57899475097656,229.6179962158203,230.06500244140625,230.06378173828125,31956880000.0,XU100.IS,bist100
2004-11-05,230.06500244140625,233.08900451660156,229.29800415039062,232.156005859375,232.15476989746094,24015950000.0,XU100.IS,bist100
2004-11-08,232.156005859375,232.40899658203125,225.3040008544922,226.16000366210938,226.15879821777344,25557390000.0,XU100.IS,bist100
2004-11-09,226.16000366210938,226.51100158691406,222.85499572753906,225.4429931640625,225.44180297851562,23440970000.0,XU100.IS,bist100
2004-11-10,225.4429931640625,228.00999450683594,225.4429931640625,226.17999267578125,226.1787872314453,22490850000.0,XU100.IS,bist100
2004-11-11,226.17999267578125,227.60899353027344,219.59500122070312,221.86900329589844,221.86782836914062,31766720000.0,XU100.IS,bist100
2004-11-12,221.86900329589844,223.26499938964844,220.21499633789062,221.0469970703125,221.0458221435547,23599090000.0,XU100.IS,bist100
2004-11-17,221.0469970703125,225.66400146484375,221.0469970703125,225.66400146484375,225.66281127929688,22466070000.0,XU100.IS,bist100
2004-11-18,225.66400146484375,231.52000427246094,225.66400146484375,231.3260040283203,231.3247833251953,26376690000.0,XU100.IS,bist100
2004-11-19,231.3260040283203,231.96400451660156,228.97000122070312,231.76699829101562,231.76576232910156,25966600000.0,XU100.IS,bist100
2004-11-22,231.76699829101562,231.76699829101562,228.0800018310547,229.31399536132812,229.31277465820312,0.0,XU100.IS,bist100
2004-11-23,229.31399536132812,235.14999389648438,229.31399536132812,234.7239990234375,234.72274780273438,28925280000.0,XU100.IS,bist100
2004-11-24,234.7239990234375,237.05799865722656,233.96499633789062,235.16299438476562,235.1617431640625,29285370000.0,XU100.IS,bist100
2004-11-25,235.16299438476562,235.87899780273438,232.94700622558594,234.64500427246094,234.6437530517578,18552680000.0,XU100.IS,bist100
2004-11-26,234.64500427246094,235.11300659179688,231.64999389648438,232.9320068359375,232.93077087402344,16379900000.0,XU100.IS,bist100
2004-11-29,232.9320068359375,232.9739990234375,226.48899841308594,227.99200439453125,227.9907989501953,26406210000.0,XU100.IS,bist100
2004-11-30,227.99200439453125,227.99200439453125,223.56700134277344,224.86199951171875,224.86080932617188,18677750000.0,XU100.IS,bist100
2004-12-01,224.86199951171875,228.56700134277344,224.82000732421875,225.60899353027344,225.60780334472656,21404940000.0,XU100.IS,bist100
2004-12-02,225.60899353027344,231.5030059814453,225.60899353027344,231.50100708007812,231.49978637695312,26947480000.0,XU100.IS,bist100
2004-12-03,231.50100708007812,232.197998046875,229.3040008544922,230.08099365234375,230.07977294921875,26909100000.0,XU100.IS,bist100
2004-12-06,230.08099365234375,232.86199951171875,228.92999267578125,230.4949951171875,230.4937744140625,27837240000.0,XU100.IS,bist100
2004-12-07,230.4949951171875,230.75599670410156,227.59800720214844,230.75599670410156,230.75477600097656,17167350000.0,XU100.IS,bist100
2004-12-08,230.75599670410156,230.75599670410156,224.697998046875,226.25399780273438,226.25279235839844,27591930000.0,XU100.IS,bist100
2004-12-09,226.25399780273438,229.03700256347656,222.33799743652344,226.7989959716797,226.79779052734375,28751010000.0,XU100.IS,bist100
2004-12-10,226.7989959716797,230.13400268554688,225.26400756835938,229.43699645996094,229.43577575683594,28603880000.0,XU100.IS,bist100
2004-12-13,229.43699645996094,236.34800720214844,229.43699645996094,236.34800720214844,236.3467559814453,26853520000.0,XU100.IS,bist100
2004-12-14,236.34800720214844,239.68499755859375,233.29299926757812,234.1790008544922,234.17776489257812,45335640000.0,XU100.IS,bist100
2004-12-15,234.1790008544922,235.5229949951172,231.23899841308594,232.89700317382812,232.89576721191406,28906440000.0,XU100.IS,bist100
2004-12-16,232.89700317382812,239.3520050048828,232.89700317382812,239.3520050048828,239.35073852539062,41876900000.0,XU100.IS,bist100
2004-12-17,239.3520050048828,243.6060028076172,231.8159942626953,243.6060028076172,243.60470581054688,60869760000.0,XU100.IS,bist100
2004-12-20,243.6060028076172,247.1790008544922,242.36300659179688,243.41400146484375,243.41270446777344,51166410000.0,XU100.IS,bist100
2004-12-21,243.41400146484375,243.99600219726562,239.52499389648438,240.4459991455078,240.44471740722656,35811340000.0,XU100.IS,bist100
2004-12-22,240.4459991455078,245.47999572753906,240.25799560546875,245.2530059814453,245.251708984375,37954450000.0,XU100.IS,bist100
2004-12-23,245.2530059814453,248.41900634765625,243.45599365234375,244.30799865722656,244.30670166015625,0.0,XU100.IS,bist100
2004-12-24,244.30799865722656,246.46499633789062,243.82200622558594,245.3769989013672,245.37570190429688,17203850000.0,XU100.IS,bist100
2004-12-27,245.3769989013672,246.01100158691406,244.0989990234375,245.9080047607422,245.90670776367188,17573920000.0,XU100.IS,bist100
2004-12-28,245.9080047607422,249.35800170898438,245.83799743652344,249.35800170898438,249.35667419433594,24853480000.0,XU100.IS,bist100
2004-12-29,249.35800170898438,251.06199645996094,248.3780059814453,249.7169952392578,249.71566772460938,34936500000.0,XU100.IS,bist100
2005-01-03,249.7169952392578,255.08099365234375,249.1820068359375,254.45199584960938,254.45065307617188,22780070000.0,XU100.IS,bist100
2005-01-04,254.45199584960938,256.0220031738281,249.92799377441406,250.4199981689453,250.41867065429688,26883440000.0,XU100.IS,bist100
2005-01-05,250.4199981689453,250.4199981689453,242.63999938964844,244.22900390625,244.2277069091797,20622490000.0,XU100.IS,bist100
2005-01-06,244.22900390625,245.88400268554688,242.3769989013672,245.61900329589844,245.61770629882812,16181730000.0,XU100.IS,bist100
2005-01-07,245.61900329589844,253.08299255371094,244.81100463867188,253.08299255371094,253.08164978027344,30372960000.0,XU100.IS,bist100
2005-01-10,251.85000610351562,257.31500244140625,251.4199981689453,256.0469970703125,256.0456237792969,36356840000.0,XU100.IS,bist100
2005-01-11,256.0469970703125,261.8110046386719,255.82000732421875,261.10198974609375,261.1006164550781,40522110000.0,XU100.IS,bist100
2005-01-12,261.10198974609375,265.75,258.0409851074219,262.7130126953125,262.71160888671875,39479480000.0,XU100.IS,bist100
2005-01-13,262.7130126953125,265.656005859375,260.8179931640625,264.92999267578125,264.9285888671875,37703680000.0,XU100.IS,bist100
2005-01-14,264.92999267578125,267.49798583984375,262.4010009765625,263.62701416015625,263.6256103515625,50880570000.0,XU100.IS,bist100
2005-01-17,263.62701416015625,268.6319885253906,263.5989990234375,268.6319885253906,268.63055419921875,30081790000.0,XU100.IS,bist100
2005-01-18,268.6319885253906,269.0589904785156,266.2430114746094,268.1310119628906,268.12957763671875,24912140000.0,XU100.IS,bist100
2005-01-19,268.1310119628906,269.1809997558594,264.4320068359375,269.1809997558594,269.1795654296875,14137410000.0,XU100.IS,bist100
2005-01-24,269.1809997558594,269.5249938964844,263.2239990234375,264.6940002441406,264.6925964355469,32895340000.0,XU100.IS,bist100
2005-01-25,264.6940002441406,268.6059875488281,262.4670104980469,268.6000061035156,268.59857177734375,30651700000.0,XU100.IS,bist100
2005-01-26,268.6000061035156,272.8450012207031,267.8169860839844,270.55999755859375,270.5585632324219,30817190000.0,XU100.IS,bist100
2005-01-27,270.55999755859375,276.6180114746094,270.55999755859375,273.0270080566406,273.02557373046875,43195560000.0,XU100.IS,bist100
2005-01-28,273.0270080566406,274.7120056152344,269.75201416015625,270.7409973144531,270.73956298828125,28190680000.0,XU100.IS,bist100
2005-01-31,270.7409973144531,273.5369873046875,268.5060119628906,273.3039855957031,273.3025207519531,24852990000.0,XU100.IS,bist100
2005-02-01,273.3039855957031,278.5979919433594,273.3039855957031,278.49798583984375,278.49652099609375,35340430000.0,XU100.IS,bist100
2005-02-02,278.49798583984375,282.781005859375,277.2909851074219,279.364990234375,279.3634948730469,47327180000.0,XU100.IS,bist100
2005-02-03,279.364990234375,280.7409973144531,274.76800537109375,275.5480041503906,275.5465393066406,44341480000.0,XU100.IS,bist100
2005-02-04,275.5480041503906,278.989990234375,274.65399169921875,278.1319885253906,278.1305236816406,35917750000.0,XU100.IS,bist100
2005-02-07,278.1319885253906,284.0270080566406,278.1319885253906,282.0169982910156,282.0155029296875,33619500000.0,XU100.IS,bist100
2005-02-08,282.0169982910156,283.15399169921875,279.25,282.6969909667969,282.69549560546875,27126930000.0,XU100.IS,bist100
2005-02-09,282.6969909667969,283.66400146484375,273.7799987792969,275.281005859375,275.279541015625,27849640000.0,XU100.IS,bist100
2005-02-10,275.281005859375,277.7720031738281,270.9519958496094,273.0880126953125,273.0865783691406,30727000000.0,XU100.IS,bist100
2005-02-11,273.0880126953125,279.5459899902344,272.3489990234375,277.3630065917969,277.3615417480469,33726740000.0,XU100.IS,bist100
2005-02-14,277.3630065917969,280.6499938964844,277.3630065917969,280.0360107421875,280.0345153808594,25633500000.0,XU100.IS,bist100
2005-02-15,280.0360107421875,283.2539978027344,279.22198486328125,281.6409912109375,281.6394958496094,33398410000.0,XU100.IS,bist100
2005-02-16,281.6409912109375,281.6409912109375,268.9010009765625,276.6159973144531,276.6145324707031,35629120000.0,XU100.IS,bist100
2005-02-17,276.6159973144531,277.989013671875,268.6889953613281,270.0039978027344,270.0025634765625,25125010000.0,XU100.IS,bist100
2005-02-18,270.0039978027344,272.99700927734375,268.6820068359375,272.9320068359375,272.9305725097656,18089120000.0,XU100.IS,bist100
2005-02-21,272.9320068359375,273.92999267578125,267.2080078125,268.64300537109375,268.6415710449219,23763500000.0,XU100.IS,bist100
2005-02-22,268.64300537109375,271.2120056152344,265.53900146484375,266.5740051269531,266.5726013183594,18503140000.0,XU100.IS,bist100
2005-02-23,266.5740051269531,269.2130126953125,264.0379943847656,269.2130126953125,269.2115783691406,18161900000.0,XU100.IS,bist100
2005-02-24,269.2130126953125,274.4530029296875,269.2130126953125,273.5459899902344,273.5445251464844,21819120000.0,XU100.IS,bist100
2005-02-25,273.5459899902344,280.6709899902344,272.95001220703125,280.31500244140625,280.3135070800781,24549390000.0,XU100.IS,bist100
2005-02-28,280.31500244140625,284.0950012207031,278.6180114746094,283.9620056152344,283.96051025390625,28249500000.0,XU100.IS,bist100
2005-03-01,283.9620056152344,284.0,276.31500244140625,277.68499755859375,277.68353271484375,26335910000.0,XU100.IS,bist100
2005-03-02,277.68499755859375,279.64801025390625,271.68499755859375,272.2640075683594,272.2625732421875,21691820000.0,XU100.IS,bist100
2005-03-03,272.2640075683594,278.0830078125,272.24200439453125,275.5889892578125,275.5875244140625,18054580000.0,XU100.IS,bist100
2005-03-04,275.5889892578125,278.0220031738281,272.9620056152344,276.6319885253906,276.6305236816406,20834230000.0,XU100.IS,bist100
2005-03-07,276.6319885253906,278.8380126953125,275.39300537109375,277.89898681640625,277.89752197265625,20363470000.0,XU100.IS,bist100
2005-03-08,277.89898681640625,279.29400634765625,275.94000244140625,276.9830017089844,276.9815368652344,14263280000.0,XU100.IS,bist100
2005-03-09,276.9830017089844,278.1189880371094,274.6300048828125,277.4639892578125,277.4625244140625,23021780000.0,XU100.IS,bist100
2005-03-10,277.4639892578125,279.3559875488281,273.5719909667969,275.197998046875,275.196533203125,25217430000.0,XU100.IS,bist100
2005-03-11,275.197998046875,277.16400146484375,274.718994140625,275.7279968261719,275.7265319824219,16081730000.0,XU100.IS,bist100
2005-03-14,275.7279968261719,275.7279968261719,268.1659851074219,269.3680114746094,269.3665771484375,17498270000.0,XU100.IS,bist100
2005-03-15,269.3680114746094,270.5899963378906,261.5669860839844,265.47198486328125,265.4705810546875,27194630000.0,XU100.IS,bist100
2005-03-16,265.47198486328125,265.47198486328125,252.5749969482422,253.31700134277344,253.31565856933594,25893910000.0,XU100.IS,bist100
2005-03-17,253.31700134277344,258.364013671875,238.7469940185547,244.75999450683594,244.75869750976562,34674990000.0,XU100.IS,bist100
2005-03-18,244.75999450683594,254.58799743652344,244.75999450683594,253.48500061035156,253.48365783691406,25626520000.0,XU100.IS,bist100
2005-03-21,253.48500061035156,254.05999755859375,244.57000732421875,246.36700439453125,246.36569213867188,14394850000.0,XU100.IS,bist100
2005-03-22,246.36700439453125,252.1820068359375,244.2220001220703,252.1820068359375,252.1806640625,16331570000.0,XU100.IS,bist100
2005-03-23,252.1820068359375,252.1820068359375,241.58700561523438,244.39300537109375,244.39170837402344,23479900000.0,XU100.IS,bist100
2005-03-24,244.39300537109375,251.19700622558594,244.39300537109375,250.68499755859375,250.6836700439453,22719020000.0,XU100.IS,bist100
2005-03-25,250.68499755859375,255.2480010986328,250.40699768066406,255.0260009765625,255.02464294433594,21563460000.0,XU100.IS,bist100
2005-03-28,255.0260009765625,255.8769989013672,247.83900451660156,248.4219970703125,248.42068481445312,15676340000.0,XU100.IS,bist100
2005-03-29,248.4219970703125,249.3419952392578,242.43899536132812,244.7969970703125,244.7957000732422,14732060000.0,XU100.IS,bist100
2005-03-30,244.7969970703125,247.88600158691406,243.55099487304688,246.00900268554688,246.0076904296875,16061960000.0,XU100.IS,bist100
2005-03-31,246.00900268554688,255.5780029296875,246.00900268554688,255.5780029296875,255.57664489746094,28874920000.0,XU100.IS,bist100
2005-04-01,255.5780029296875,259.83099365234375,255.3820037841797,257.4079895019531,257.4066162109375,21745060000.0,XU100.IS,bist100
2005-04-04,257.4079895019531,259.739013671875,253.375,254.4510040283203,254.4496612548828,12602190000.0,XU100.IS,bist100
2005-04-05,254.4510040283203,256.82501220703125,251.8730010986328,256.82501220703125,256.8236389160156,14191090000.0,XU100.IS,bist100
2005-04-06,256.82501220703125,262.2669982910156,256.82501220703125,260.5660095214844,260.56463623046875,18927680000.0,XU100.IS,bist100
2005-04-07,260.5660095214844,262.2900085449219,257.3290100097656,258.31201171875,258.3106384277344,19384970000.0,XU100.IS,bist100
2005-04-08,258.31201171875,261.0429992675781,256.5979919433594,257.864990234375,257.8636169433594,14803000000.0,XU100.IS,bist100
2005-04-11,257.864990234375,259.69000244140625,252.74899291992188,253.7030029296875,253.70166015625,13925990000.0,XU100.IS,bist100
2005-04-12,253.7030029296875,258.3529968261719,249.58900451660156,250.77999877929688,250.77867126464844,20140570000.0,XU100.IS,bist100
2005-04-13,250.77999877929688,253.69200134277344,246.32000732421875,252.9320068359375,252.9306640625,20315290000.0,XU100.IS,bist100
2005-04-14,252.9320068359375,253.2239990234375,244.43499755859375,245.4199981689453,245.418701171875,15260930000.0,XU100.IS,bist100
2005-04-15,245.4199981689453,245.4199981689453,235.93099975585938,238.5330047607422,238.53173828125,20340760000.0,XU100.IS,bist100
2005-04-18,238.5330047607422,238.5330047607422,228.87899780273438,232.85899353027344,232.85775756835938,20943360000.0,XU100.IS,bist100
2005-04-19,232.85899353027344,241.43899536132812,232.50900268554688,241.43899536132812,241.43771362304688,20613960000.0,XU100.IS,bist100
2005-04-20,241.43899536132812,245.94000244140625,240.61599731445312,241.75900268554688,241.75772094726562,27024540000.0,XU100.IS,bist100
2005-04-21,241.75900268554688,244.19400024414062,238.2519989013672,244.19400024414062,244.1927032470703,22457320000.0,XU100.IS,bist100
2005-04-22,244.19400024414062,249.53399658203125,244.19400024414062,247.30799865722656,247.3066864013672,24178620000.0,XU100.IS,bist100
2005-04-25,247.30799865722656,248.58799743652344,246.2740020751953,247.9810028076172,247.9796905517578,16322700000.0,XU100.IS,bist100
2005-04-26,247.9810028076172,248.96499633789062,243.99200439453125,244.83999633789062,244.8386993408203,15428930000.0,XU100.IS,bist100
2005-04-27,244.83999633789062,244.83999633789062,239.4250030517578,240.7010040283203,240.69972229003906,14245950000.0,XU100.IS,bist100
2005-04-28,240.7010040283203,242.91600036621094,234.28399658203125,235.1959991455078,235.1947479248047,16898620000.0,XU100.IS,bist100
2005-04-29,235.1959991455078,237.9040069580078,231.69500732421875,235.91600036621094,235.9147491455078,17631110000.0,XU100.IS,bist100
2005-05-02,235.91600036621094,243.39199829101562,235.91600036621094,242.52999877929688,242.52871704101562,17824060000.0,XU100.IS,bist100
2005-05-03,242.52999877929688,243.38699340820312,240.20599365234375,241.37899780273438,241.37771606445312,17588180000.0,XU100.IS,bist100
2005-05-04,241.37899780273438,247.64999389648438,241.37899780273438,245.6020050048828,245.6007080078125,26286500000.0,XU100.IS,bist100
2005-05-05,245.6020050048828,251.81399536132812,245.6020050048828,250.99899291992188,250.99766540527344,30106700000.0,XU100.IS,bist100
2005-05-06,250.99899291992188,251.0919952392578,247.95799255371094,249.50799560546875,249.5066680908203,22358800000.0,XU100.IS,bist100
2005-05-09,249.50799560546875,250.4929962158203,245.94000244140625,247.02200317382812,247.02069091796875,17600880000.0,XU100.IS,bist100
2005-05-10,247.02200317382812,250.08700561523438,246.31399536132812,246.88299560546875,246.88168334960938,19063910000.0,XU100.IS,bist100
2005-05-11,246.88299560546875,246.88299560546875,243.09300231933594,246.62899780273438,246.627685546875,15753560000.0,XU100.IS,bist100
2005-05-12,246.62899780273438,252.30099487304688,246.38900756835938,251.1439971923828,251.14266967773438,32004330000.0,XU100.IS,bist100
2005-05-13,251.1439971923828,253.2570037841797,249.3719940185547,253.2570037841797,253.2556610107422,21352580000.0,XU100.IS,bist100
2005-05-16,253.2570037841797,253.2570037841797,248.4459991455078,249.21299743652344,249.211669921875,16354080000.0,XU100.IS,bist100
2005-05-17,249.21299743652344,252.0290069580078,247.7220001220703,248.46099853515625,248.45968627929688,19707680000.0,XU100.IS,bist100
2005-05-18,248.46099853515625,252.48199462890625,248.28500366210938,252.05499267578125,252.05364990234375,25357860000.0,XU100.IS,bist100
2005-05-20,252.05499267578125,256.3349914550781,252.05499267578125,254.6490020751953,254.64764404296875,21606530000.0,XU100.IS,bist100
2005-05-23,254.6490020751953,254.6490020751953,242.23800659179688,243.29100036621094,243.28970336914062,18511220000.0,XU100.IS,bist100
2005-05-24,243.29100036621094,245.7550048828125,240.0240020751953,241.40899658203125,241.40771484375,15111500000.0,XU100.IS,bist100
2005-05-25,241.40899658203125,244.09300231933594,238.9080047607422,241.197998046875,241.19671630859375,16637850000.0,XU100.IS,bist100
2005-05-26,241.197998046875,241.3459930419922,239.0070037841797,240.54100036621094,240.5397186279297,11754270000.0,XU100.IS,bist100
2005-05-27,240.54100036621094,246.1230010986328,240.54100036621094,244.531005859375,244.5297088623047,17593150000.0,XU100.IS,bist100
2005-05-30,244.531005859375,249.7779998779297,241.38900756835938,249.7779998779297,249.77667236328125,16510080000.0,XU100.IS,bist100
2005-05-31,249.7779998779297,253.78199768066406,247.89700317382812,252.36500549316406,252.36366271972656,28478770000.0,XU100.IS,bist100
2005-06-01,252.36500549316406,253.70700073242188,250.81399536132812,252.30799865722656,252.30665588378906,20291540000.0,XU100.IS,bist100
2005-06-02,252.30799865722656,258.3800048828125,252.30799865722656,257.9909973144531,257.9896240234375,25829620000.0,XU100.IS,bist100
2005-06-03,257.9909973144531,261.34100341796875,256.73199462890625,260.5159912109375,260.5146179199219,24365150000.0,XU100.IS,bist100
2005-06-06,260.5159912109375,260.5159912109375,254.3679962158203,255.33099365234375,255.3296356201172,21440700000.0,XU100.IS,bist100
2005-06-07,255.33099365234375,257.34100341796875,253.00999450683594,254.77999877929688,254.7786407470703,17188470000.0,XU100.IS,bist100
2005-06-08,254.77999877929688,258.625,254.48500061035156,257.7980041503906,257.796630859375,20838900000.0,XU100.IS,bist100
2005-06-09,257.7980041503906,258.8160095214844,253.58900451660156,255.0,254.99864196777344,15475560000.0,XU100.IS,bist100
2005-06-10,255.0,257.3940124511719,254.843994140625,257.25201416015625,257.2506408691406,13538670000.0,XU100.IS,bist100
2005-06-13,257.25201416015625,257.3039855957031,255.2220001220703,256.1000061035156,256.0986328125,13516190000.0,XU100.IS,bist100
2005-06-14,256.1000061035156,260.0660095214844,256.1000061035156,259.29901123046875,259.2976379394531,16113100000.0,XU100.IS,bist100
2005-06-15,259.29901123046875,262.87701416015625,259.29901123046875,262.093994140625,262.09259033203125,18767180000.0,XU100.IS,bist100
2005-06-16,262.093994140625,265.7969970703125,261.7850036621094,265.7969970703125,265.79559326171875,20211480000.0,XU100.IS,bist100
2005-06-17,265.7969970703125,267.5539855957031,263.114990234375,265.2929992675781,265.2915954589844,22915820000.0,XU100.IS,bist100
2005-06-20,265.2929992675781,267.2799987792969,264.2720031738281,267.0920104980469,267.0906066894531,14720910000.0,XU100.IS,bist100
2005-06-21,267.0920104980469,270.1940002441406,266.5849914550781,267.4639892578125,267.46258544921875,19636750000.0,XU100.IS,bist100
2005-06-22,267.4639892578125,268.6669921875,266.10699462890625,267.7929992675781,267.79156494140625,18557720000.0,XU100.IS,bist100
2005-06-23,267.7929992675781,271.86700439453125,267.1029968261719,270.2149963378906,270.21356201171875,24491110000.0,XU100.IS,bist100
2005-06-24,270.2149963378906,270.4639892578125,266.4739990234375,270.3340148925781,270.33258056640625,12086640000.0,XU100.IS,bist100
2005-06-27,270.3340148925781,270.3340148925781,264.6390075683594,265.9779968261719,265.9765930175781,12366850000.0,XU100.IS,bist100
2005-06-28,265.9779968261719,268.2560119628906,265.4930114746094,268.114013671875,268.1125793457031,2400110000.0,XU100.IS,bist100
2005-06-29,268.114013671875,272.0429992675781,268.114013671875,271.3590087890625,271.3575744628906,26122570000.0,XU100.IS,bist100
2005-06-30,271.3590087890625,274.1789855957031,265.7349853515625,269.572998046875,269.5715637207031,31145700000.0,XU100.IS,bist100
2005-07-01,269.572998046875,276.16900634765625,269.2200012207031,276.16900634765625,276.16754150390625,28326820000.0,XU100.IS,bist100
2005-07-04,276.16900634765625,278.5299987792969,275.8819885253906,277.02301025390625,277.02154541015625,21226450000.0,XU100.IS,bist100
2005-07-05,277.02301025390625,277.7430114746094,272.9179992675781,273.7760009765625,273.7745361328125,15530110000.0,XU100.IS,bist100
2005-07-06,273.7760009765625,278.0360107421875,273.74700927734375,277.8139953613281,277.8125305175781,19132330000.0,XU100.IS,bist100
2005-07-07,277.8139953613281,279.5220031738281,269.8030090332031,276.8949890136719,276.8935241699219,34053960000.0,XU100.IS,bist100
2005-07-08,276.8949890136719,279.6310119628906,276.19000244140625,278.42401123046875,278.42254638671875,26730400000.0,XU100.IS,bist100
2005-07-11,278.42401123046875,280.5419921875,276.9630126953125,278.08099365234375,278.07952880859375,17725480000.0,XU100.IS,bist100
2005-07-12,278.08099365234375,279.2019958496094,275.73199462890625,276.8919982910156,276.8905334472656,19818370000.0,XU100.IS,bist100
2005-07-13,276.8919982910156,281.85101318359375,276.8919982910156,280.6189880371094,280.61749267578125,30394480000.0,XU100.IS,bist100
2005-07-14,280.6189880371094,285.0090026855469,280.6189880371094,285.0090026855469,285.0074768066406,29886200000.0,XU100.IS,bist100
2005-07-15,285.0090026855469,287.7869873046875,283.5820007324219,284.27301025390625,284.2715148925781,28506010000.0,XU100.IS,bist100
2005-07-18,284.27301025390625,286.3009948730469,282.3680114746094,284.0270080566406,284.0255126953125,16674240000.0,XU100.IS,bist100
2005-07-19,284.0270080566406,286.7539978027344,283.0320129394531,286.7539978027344,286.7524719238281,18117960000.0,XU100.IS,bist100
2005-07-20,286.7539978027344,290.0820007324219,285.93499755859375,287.135009765625,287.13348388671875,24409200000.0,XU100.IS,bist100
2005-07-21,287.135009765625,291.6390075683594,287.135009765625,289.9209899902344,289.9194641113281,27586160000.0,XU100.IS,bist100
2005-07-22,289.9209899902344,294.1860046386719,289.7250061035156,291.8810119628906,291.87945556640625,22561580000.0,XU100.IS,bist100
2005-07-25,291.8810119628906,293.12200927734375,290.1400146484375,292.7330017089844,292.7314453125,18847520000.0,XU100.IS,bist100
2005-07-26,292.7330017089844,294.3699951171875,286.739013671875,287.3070068359375,287.30548095703125,22013170000.0,XU100.IS,bist100
2005-07-27,287.3070068359375,291.64801025390625,287.1520080566406,291.64801025390625,291.6464538574219,23460600000.0,XU100.IS,bist100
2005-07-28,291.64801025390625,294.6520080566406,291.49200439453125,293.42999267578125,293.4284362792969,29766180000.0,XU100.IS,bist100
2005-07-29,293.42999267578125,297.3139953613281,293.42999267578125,296.15301513671875,296.1514587402344,24201520000.0,XU100.IS,bist100
2005-08-01,296.15301513671875,299.3559875488281,294.0169982910156,297.7669982910156,297.7654113769531,26250500000.0,XU100.IS,bist100
2005-08-02,297.7669982910156,298.81500244140625,293.2619934082031,295.43499755859375,295.4334411621094,24229990000.0,XU100.IS,bist100
2005-08-03,295.43499755859375,299.9620056152344,294.9209899902344,297.27099609375,297.2694091796875,26905950000.0,XU100.IS,bist100
2005-08-04,297.27099609375,301.6310119628906,297.27099609375,301.2359924316406,301.2344055175781,31285180000.0,XU100.IS,bist100
2005-08-05,301.2359924316406,301.2359924316406,297.8380126953125,299.4540100097656,299.4524230957031,23341300000.0,XU100.IS,bist100
2005-08-08,299.4540100097656,301.25799560546875,296.7099914550781,299.24798583984375,299.24639892578125,17646580000.0,XU100.IS,bist100
2005-08-09,299.24798583984375,300.1369934082031,295.6579895019531,297.010009765625,297.0084228515625,17483970000.0,XU100.IS,bist100
2005-08-10,297.010009765625,299.5429992675781,294.7820129394531,296.8320007324219,296.8304138183594,20246870000.0,XU100.IS,bist100
2005-08-11,296.8320007324219,296.8320007324219,289.6780090332031,291.1180114746094,291.116455078125,18186610000.0,XU100.IS,bist100
2005-08-12,291.1180114746094,291.8219909667969,281.0660095214844,281.7590026855469,281.75750732421875,19493410000.0,XU100.IS,bist100
2005-08-15,281.7590026855469,282.3789978027344,278.6610107421875,280.7489929199219,280.74749755859375,17875740000.0,XU100.IS,bist100
2005-08-16,280.7489929199219,286.6579895019531,280.6990051269531,282.5769958496094,282.57550048828125,24363440000.0,XU100.IS,bist100
2005-08-17,282.5769958496094,282.5769958496094,276.8349914550781,279.06298828125,279.0614929199219,18832340000.0,XU100.IS,bist100
2005-08-18,279.06298828125,283.3420104980469,278.614013671875,280.0,279.9985046386719,19157140000.0,XU100.IS,bist100
2005-08-19,280.0,285.1470031738281,279.5329895019531,284.5690002441406,284.5675048828125,26923730000.0,XU100.IS,bist100
2005-08-22,284.5690002441406,290.0740051269531,284.5690002441406,289.5140075683594,289.5124816894531,19097800000.0,XU100.IS,bist100
2005-08-23,289.5140075683594,292.4330139160156,288.4129943847656,291.9159851074219,291.9144287109375,19287030000.0,XU100.IS,bist100
2005-08-24,291.9159851074219,293.72198486328125,289.8059997558594,293.72198486328125,293.7204284667969,16253130000.0,XU100.IS,bist100
2005-08-25,293.72198486328125,298.1629943847656,292.5799865722656,298.1419982910156,298.1404113769531,20331140000.0,XU100.IS,bist100
2005-08-26,298.1419982910156,300.55999755859375,298.1419982910156,300.2040100097656,300.2024230957031,21583880000.0,XU100.IS,bist100
2005-08-29,300.2040100097656,300.697998046875,297.3800048828125,300.1510009765625,300.1494140625,0.0,XU100.IS,bist100
2005-08-31,300.1510009765625,309.0799865722656,299.98699951171875,309.0799865722656,309.0783386230469,32538960000.0,XU100.IS,bist100
2005-09-01,309.0799865722656,319.4800109863281,309.0780029296875,319.4800109863281,319.4783020019531,40985820000.0,XU100.IS,bist100
2005-09-02,319.4800109863281,320.1050109863281,315.9490051269531,317.0159912109375,317.0143127441406,28762310000.0,XU100.IS,bist100
2005-09-05,317.0159912109375,319.87298583984375,314.0570068359375,318.7950134277344,318.7933349609375,19733630000.0,XU100.IS,bist100
2005-09-06,318.7950134277344,321.3800048828125,316.0570068359375,318.32501220703125,318.3233337402344,19864130000.0,XU100.IS,bist100
2005-09-07,318.32501220703125,320.0690002441406,312.50201416015625,313.8500061035156,313.84832763671875,23865480000.0,XU100.IS,bist100
2005-09-08,313.8500061035156,316.83599853515625,311.8169860839844,314.85400390625,314.8523254394531,20173120000.0,XU100.IS,bist100
2005-09-09,314.85400390625,322.0270080566406,314.85400390625,322.0270080566406,322.0252990722656,26775980000.0,XU100.IS,bist100
2005-09-12,322.0270080566406,327.4530029296875,322.0270080566406,327.1109924316406,327.1092529296875,34277030000.0,XU100.IS,bist100
2005-09-13,327.1109924316406,337.7409973144531,322.9809875488281,325.4110107421875,325.4092712402344,53137970000.0,XU100.IS,bist100
2005-09-14,325.4110107421875,326.3500061035156,321.1090087890625,326.3240051269531,326.322265625,32390650000.0,XU100.IS,bist100
2005-09-15,326.3240051269531,332.71099853515625,326.0190124511719,332.71099853515625,332.709228515625,29941570000.0,XU100.IS,bist100
2005-09-16,332.71099853515625,336.36700439453125,331.52398681640625,332.9429931640625,332.94122314453125,41270340000.0,XU100.IS,bist100
2005-09-19,332.9429931640625,334.6319885253906,330.21099853515625,332.2120056152344,332.2102355957031,28128240000.0,XU100.IS,bist100
2005-09-20,332.2120056152344,338.9320068359375,332.2120056152344,337.1929931640625,337.1911926269531,35266590000.0,XU100.IS,bist100
2005-09-21,337.1929931640625,340.0249938964844,336.33099365234375,338.63800048828125,338.6361999511719,33230680000.0,XU100.IS,bist100
2005-09-22,338.63800048828125,340.14599609375,333.66900634765625,334.656005859375,334.65423583984375,32613080000.0,XU100.IS,bist100
2005-09-23,334.656005859375,334.74200439453125,330.9880065917969,332.5050048828125,332.50323486328125,28794800000.0,XU100.IS,bist100
2005-09-26,332.5050048828125,335.45599365234375,332.3970031738281,335.1600036621094,335.1582336425781,25843010000.0,XU100.IS,bist100
2005-09-27,335.1600036621094,337.27301025390625,331.2760009765625,333.1919860839844,333.1902160644531,23242380000.0,XU100.IS,bist100
2005-09-28,333.1919860839844,335.03900146484375,325.04901123046875,327.45001220703125,327.4482727050781,27050580000.0,XU100.IS,bist100
2005-09-29,327.45001220703125,335.1180114746094,327.45001220703125,333.9620056152344,333.9602355957031,24619150000.0,XU100.IS,bist100
2005-09-30,333.9620056152344,334.8529968261719,330.1470031738281,333.3320007324219,333.3302307128906,23347710000.0,XU100.IS,bist100
2005-10-03,333.3320007324219,343.0090026855469,324.125,343.0090026855469,343.0071716308594,30239210000.0,XU100.IS,bist100
2005-10-04,343.0090026855469,358.0989990234375,343.0090026855469,356.24798583984375,356.24609375,69757220000.0,XU100.IS,bist100
2005-10-05,356.24798583984375,357.739990234375,345.885009765625,347.7569885253906,347.7551574707031,37975240000.0,XU100.IS,bist100
2005-10-06,347.7569885253906,347.7569885253906,333.98699951171875,335.10400390625,335.10223388671875,31041190000.0,XU100.IS,bist100
2005-10-07,335.10400390625,337.989013671875,330.3240051269531,334.135986328125,334.13421630859375,23562930000.0,XU100.IS,bist100
2005-10-10,334.135986328125,338.0679931640625,329.4100036621094,335.05999755859375,335.0582275390625,21950570000.0,XU100.IS,bist100
2005-10-11,335.05999755859375,340.5090026855469,333.7080078125,340.4020080566406,340.40020751953125,24124490000.0,XU100.IS,bist100
2005-10-12,340.4020080566406,340.8240051269531,329.697998046875,331.1839904785156,331.1822204589844,19933500000.0,XU100.IS,bist100
2005-10-13,331.1839904785156,331.9939880371094,318.1099853515625,320.5429992675781,320.5412902832031,26133280000.0,XU100.IS,bist100
2005-10-14,320.5429992675781,322.9540100097656,310.5509948730469,314.3999938964844,314.3983154296875,24196660000.0,XU100.IS,bist100
2005-10-17,314.3999938964844,318.9530029296875,310.87298583984375,318.5069885253906,318.50531005859375,20047390000.0,XU100.IS,bist100
2005-10-18,318.5069885253906,322.2950134277344,314.4809875488281,315.8680114746094,315.8663330078125,21026490000.0,XU100.IS,bist100
2005-10-19,315.8680114746094,315.8680114746094,306.3340148925781,307.6669921875,307.6653747558594,15011840000.0,XU100.IS,bist100
2005-10-20,307.6669921875,314.89300537109375,307.6669921875,314.03900146484375,314.0373229980469,19302710000.0,XU100.IS,bist100
2005-10-21,314.03900146484375,316.3110046386719,308.09600830078125,314.2860107421875,314.2843322753906,21665030000.0,XU100.IS,bist100
2005-10-24,314.2860107421875,320.8110046386719,314.2860107421875,318.4570007324219,318.455322265625,16442240000.0,XU100.IS,bist100
2005-10-25,318.4570007324219,324.385009765625,315.1669921875,316.70001220703125,316.6983337402344,20044560000.0,XU100.IS,bist100
2005-10-26,316.70001220703125,321.7959899902344,313.35699462890625,314.7439880371094,314.7423095703125,20858580000.0,XU100.IS,bist100
2005-10-27,314.7439880371094,315.34698486328125,307.6759948730469,312.7330017089844,312.7313537597656,12805210000.0,XU100.IS,bist100
2005-10-28,312.7330017089844,312.7330017089844,309.22698974609375,310.385009765625,310.38336181640625,7084180000.0,XU100.IS,bist100
2005-10-31,310.385009765625,320.91400146484375,310.385009765625,319.6400146484375,319.6383056640625,14741480000.0,XU100.IS,bist100
2005-11-01,319.6400146484375,328.77301025390625,319.6400146484375,327.9200134277344,327.91827392578125,18929340000.0,XU100.IS,bist100
2005-11-02,327.9200134277344,333.364990234375,326.91400146484375,331.52099609375,331.51922607421875,10715740000.0,XU100.IS,bist100
2005-11-07,331.52099609375,338.3500061035156,331.2070007324219,338.3009948730469,338.2991943359375,21778270000.0,XU100.IS,bist100
2005-11-08,338.3009948730469,339.1759948730469,334.2080078125,337.4939880371094,337.4921875,25692720000.0,XU100.IS,bist100
2005-11-09,337.4939880371094,339.5220031738281,334.5450134277344,338.4830017089844,338.481201171875,30294920000.0,XU100.IS,bist100
2005-11-10,338.4830017089844,347.09698486328125,337.76800537109375,347.09698486328125,347.09515380859375,42609630000.0,XU100.IS,bist100
2005-11-11,347.09698486328125,350.9830017089844,339.93798828125,340.9630126953125,340.9612121582031,30508620000.0,XU100.IS,bist100
2005-11-14,340.9630126953125,344.7699890136719,340.2460021972656,341.7149963378906,341.71319580078125,18342350000.0,XU100.IS,bist100
2005-11-15,341.7149963378906,347.0320129394531,341.7149963378906,343.239990234375,343.2381591796875,21339650000.0,XU100.IS,bist100
2005-11-16,343.239990234375,348.6659851074219,342.9590148925781,348.6659851074219,348.66412353515625,21054240000.0,XU100.IS,bist100
2005-11-17,348.6659851074219,353.1130065917969,348.57598876953125,351.27301025390625,351.2711486816406,20166350000.0,XU100.IS,bist100
2005-11-18,351.27301025390625,353.95599365234375,349.0119934082031,353.14300537109375,353.1411437988281,22657330000.0,XU100.IS,bist100
2005-11-21,353.14300537109375,357.1669921875,351.7439880371094,356.54998779296875,356.548095703125,20683250000.0,XU100.IS,bist100
2005-11-22,356.54998779296875,358.7820129394531,350.4490051269531,352.5409851074219,352.53912353515625,26580450000.0,XU100.IS,bist100
2005-11-23,352.5409851074219,361.8179931640625,352.5409851074219,361.7929992675781,361.79107666015625,27922440000.0,XU100.IS,bist100
2005-11-24,361.7929992675781,369.1730041503906,360.1600036621094,369.0780029296875,369.0760498046875,39814290000.0,XU100.IS,bist100
2005-11-25,369.0780029296875,372.2080078125,365.76300048828125,367.5989990234375,367.5970458984375,30062250000.0,XU100.IS,bist100
2005-11-28,367.5989990234375,368.510986328125,363.7170104980469,366.2149963378906,366.2130432128906,21167700000.0,XU100.IS,bist100
2005-11-29,366.2149963378906,375.1600036621094,362.6709899902344,374.9519958496094,374.95001220703125,28850980000.0,XU100.IS,bist100
2005-11-30,374.9519958496094,381.8999938964844,374.9519958496094,380.8869934082031,380.8849792480469,29505690000.0,XU100.IS,bist100
2005-12-01,380.8869934082031,382.968994140625,377.7090148925781,382.968994140625,382.9669494628906,28418720000.0,XU100.IS,bist100
2005-12-02,382.968994140625,391.0849914550781,382.968994140625,385.73699951171875,385.7349548339844,35054150000.0,XU100.IS,bist100
2005-12-05,385.73699951171875,391.3070068359375,383.76300048828125,391.3070068359375,391.304931640625,31694200000.0,XU100.IS,bist100
2005-12-06,391.3070068359375,392.8819885253906,387.6159973144531,389.1780090332031,389.1759338378906,39008450000.0,XU100.IS,bist100
2005-12-07,389.1780090332031,392.7409973144531,382.4419860839844,384.4159851074219,384.4139404296875,30008510000.0,XU100.IS,bist100
2005-12-08,384.4159851074219,385.87799072265625,377.34100341796875,385.87799072265625,385.8759460449219,21912150000.0,XU100.IS,bist100
2005-12-09,385.87799072265625,386.4750061035156,372.72601318359375,374.9620056152344,374.96002197265625,27686250000.0,XU100.IS,bist100
2005-12-12,374.9620056152344,382.8349914550781,374.9620056152344,382.0220031738281,382.0199890136719,21351730000.0,XU100.IS,bist100
2005-12-13,382.0220031738281,384.39300537109375,375.7959899902344,377.4169921875,377.41497802734375,21753050000.0,XU100.IS,bist100
2005-12-14,377.4169921875,383.0010070800781,377.2749938964844,378.70599365234375,378.7039794921875,23983740000.0,XU100.IS,bist100
2005-12-15,378.70599365234375,384.0799865722656,373.15899658203125,376.3160095214844,376.31402587890625,19400740000.0,XU100.IS,bist100
2005-12-16,376.3160095214844,377.34698486328125,374.6510009765625,377.1669921875,377.16497802734375,19983270000.0,XU100.IS,bist100
2005-12-19,377.1669921875,380.4620056152344,377.04400634765625,379.60101318359375,379.5989990234375,20089210000.0,XU100.IS,bist100
2005-12-20,379.60101318359375,379.8030090332031,375.3689880371094,377.29400634765625,377.2919921875,17556460000.0,XU100.IS,bist100
2005-12-21,377.29400634765625,383.21099853515625,376.4429931640625,382.10198974609375,382.0999755859375,25522350000.0,XU100.IS,bist100
2005-12-22,382.10198974609375,385.5050048828125,380.9549865722656,383.531005859375,383.5289611816406,22576360000.0,XU100.IS,bist100
2005-12-23,383.531005859375,391.1189880371094,383.531005859375,389.19500732421875,389.19293212890625,26097260000.0,XU100.IS,bist100
2005-12-26,389.19500732421875,393.031005859375,389.19500732421875,391.3909912109375,391.388916015625,17317890000.0,XU100.IS,bist100
2005-12-27,391.3909912109375,392.8890075683594,388.23699951171875,390.15899658203125,390.15692138671875,26110610000.0,XU100.IS,bist100
2005-12-28,390.15899658203125,392.2019958496094,388.2699890136719,392.2019958496094,392.1999206542969,22264350000.0,XU100.IS,bist100
2005-12-29,392.2019958496094,398.37298583984375,392.1210021972656,398.37298583984375,398.3708801269531,25388620000.0,XU100.IS,bist100
2005-12-30,398.37298583984375,400.1189880371094,396.37298583984375,397.7770080566406,397.77490234375,28255410000.0,XU100.IS,bist100
2006-01-02,397.7770080566406,398.56201171875,393.989013671875,397.9070129394531,397.9049072265625,21577350000.0,XU100.IS,bist100
2006-01-03,397.9070129394531,407.5679931640625,397.239013671875,406.65399169921875,406.6518249511719,27837540000.0,XU100.IS,bist100
2006-01-04,406.65399169921875,415.9070129394531,406.65399169921875,413.625,413.622802734375,27996180000.0,XU100.IS,bist100
2006-01-05,413.625,417.2239990234375,409.2569885253906,417.2239990234375,417.2217712402344,27001040000.0,XU100.IS,bist100
2006-01-06,417.2239990234375,423.5419921875,413.4800109863281,419.0539855957031,419.0517578125,28263620000.0,XU100.IS,bist100
2006-01-16,419.0539855957031,436.2879943847656,416.5679931640625,436.2879943847656,436.2856750488281,27586930000.0,XU100.IS,bist100
2006-01-17,436.2879943847656,442.9779968261719,432.4960021972656,440.7690124511719,440.76666259765625,38324900000.0,XU100.IS,bist100
2006-01-18,440.7690124511719,440.7690124511719,421.60198974609375,426.22900390625,426.22674560546875,26449680000.0,XU100.IS,bist100
2006-01-19,426.22900390625,436.6400146484375,426.22900390625,436.4519958496094,436.4496765136719,22117960000.0,XU100.IS,bist100
2006-01-20,436.4519958496094,447.4289855957031,436.4519958496094,444.6570129394531,444.6546630859375,43221020000.0,XU100.IS,bist100
2006-01-23,444.6570129394531,444.6570129394531,431.10198974609375,438.5140075683594,438.5116882324219,22419080000.0,XU100.IS,bist100
2006-01-24,438.5140075683594,446.6080017089844,436.97698974609375,444.3450012207031,444.3426513671875,28367900000.0,XU100.IS,bist100
2006-01-25,444.3450012207031,457.8240051269531,444.3450012207031,457.4620056152344,457.4595642089844,35065340000.0,XU100.IS,bist100
2006-01-26,457.4620056152344,462.8139953613281,453.18701171875,457.84100341796875,457.83856201171875,38027750000.0,XU100.IS,bist100
2006-01-27,457.84100341796875,464.7569885253906,451.635009765625,453.1520080566406,453.14959716796875,38062510000.0,XU100.IS,bist100
2006-01-30,453.1520080566406,454.1520080566406,446.48699951171875,448.9129943847656,448.9106140136719,21633560000.0,XU100.IS,bist100
2006-01-31,448.9129943847656,451.8299865722656,443.20098876953125,445.9020080566406,445.8996276855469,19882290000.0,XU100.IS,bist100
2006-02-01,445.9020080566406,455.32000732421875,444.47900390625,452.5069885253906,452.50457763671875,26109850000.0,XU100.IS,bist100
2006-02-02,452.5069885253906,458.4460144042969,444.2929992675781,448.4100036621094,448.4076232910156,34924260000.0,XU100.IS,bist100
2006-02-03,448.4100036621094,448.65899658203125,439.5669860839844,442.2799987792969,442.27764892578125,20869850000.0,XU100.IS,bist100
2006-02-06,442.2799987792969,448.5559997558594,439.04998779296875,448.5559997558594,448.5536193847656,15115530000.0,XU100.IS,bist100
2006-02-07,448.5559997558594,454.3280029296875,445.5780029296875,446.5299987792969,446.5276184082031,28834130000.0,XU100.IS,bist100
2006-02-08,446.5299987792969,446.5299987792969,434.00299072265625,438.427001953125,438.4246826171875,20073790000.0,XU100.IS,bist100
2006-02-09,438.427001953125,445.239013671875,437.85101318359375,441.17498779296875,441.1726379394531,29205270000.0,XU100.IS,bist100
2006-02-10,441.17498779296875,448.125,436.6719970703125,447.72900390625,447.72662353515625,37949180000.0,XU100.IS,bist100
2006-02-13,447.72900390625,449.85198974609375,438.56500244140625,440.4630126953125,440.4606628417969,29975470000.0,XU100.IS,bist100
2006-02-14,440.4630126953125,440.4630126953125,429.447998046875,435.07501220703125,435.07269287109375,24081580000.0,XU100.IS,bist100
2006-02-15,435.07501220703125,441.8739929199219,430.5369873046875,438.0400085449219,438.0376892089844,23623460000.0,XU100.IS,bist100
2006-02-16,438.0400085449219,454.3800048828125,438.0400085449219,453.6130065917969,453.610595703125,34327300000.0,XU100.IS,bist100
2006-02-17,453.6130065917969,467.0740051269531,453.6130065917969,462.4429931640625,462.4405517578125,31264160000.0,XU100.IS,bist100
2006-02-20,462.4429931640625,470.739990234375,460.6780090332031,466.8900146484375,466.8875427246094,24445360000.0,XU100.IS,bist100
2006-02-21,466.8900146484375,469.4169921875,463.20001220703125,467.1090087890625,467.1065368652344,28445420000.0,XU100.IS,bist100
2006-02-22,467.1090087890625,467.1449890136719,459.77899169921875,462.65399169921875,462.65155029296875,23665680000.0,XU100.IS,bist100
2006-02-23,462.65399169921875,468.7980041503906,461.9049987792969,465.5360107421875,465.5335388183594,24739970000.0,XU100.IS,bist100
2006-02-24,465.5360107421875,472.0979919433594,463.6300048828125,468.3810119628906,468.3785400390625,28662160000.0,XU100.IS,bist100
2006-02-27,468.3810119628906,477.2850036621094,468.3810119628906,477.2850036621094,477.282470703125,27141180000.0,XU100.IS,bist100
2006-02-28,477.2850036621094,481.9230041503906,468.9700012207031,470.15899658203125,470.156494140625,33760710000.0,XU100.IS,bist100
2006-03-01,470.15899658203125,474.92999267578125,465.12799072265625,474.92999267578125,474.9274597167969,29659560000.0,XU100.IS,bist100
2006-03-02,474.92999267578125,480.7539978027344,467.47601318359375,468.9079895019531,468.9054870605469,31595550000.0,XU100.IS,bist100
2006-03-03,468.9079895019531,471.68798828125,462.05999755859375,463.6619873046875,463.6595153808594,34170480000.0,XU100.IS,bist100
2006-03-06,463.6619873046875,467.9519958496094,457.05499267578125,459.97100830078125,459.96856689453125,30971200000.0,XU100.IS,bist100
2006-03-07,459.97100830078125,459.97100830078125,433.427001953125,438.89801025390625,438.89569091796875,46062420000.0,XU100.IS,bist100
2006-03-08,438.89801025390625,438.89801025390625,414.65301513671875,423.40399169921875,423.4017333984375,41571210000.0,XU100.IS,bist100
2006-03-09,423.40399169921875,437.21099853515625,423.40399169921875,428.6340026855469,428.6317138671875,45247390000.0,XU100.IS,bist100
2006-03-10,428.6340026855469,428.9639892578125,419.60198974609375,425.218994140625,425.21673583984375,44973170000.0,XU100.IS,bist100
2006-03-13,425.218994140625,443.5270080566406,425.218994140625,443.4599914550781,443.4576416015625,39512320000.0,XU100.IS,bist100
2006-03-14,443.4599914550781,444.5270080566406,427.16400146484375,429.0669860839844,429.064697265625,33825260000.0,XU100.IS,bist100
2006-03-15,429.0669860839844,441.2030029296875,429.0669860839844,432.36700439453125,432.3647155761719,28531930000.0,XU100.IS,bist100
2006-03-16,432.36700439453125,440.62200927734375,431.0220031738281,440.51300048828125,440.5106506347656,33245870000.0,XU100.IS,bist100
2006-03-17,440.51300048828125,449.4049987792969,439.3940124511719,446.8810119628906,446.8786315917969,26270270000.0,XU100.IS,bist100
2006-03-20,446.8810119628906,448.6809997558594,441.61199951171875,444.26300048828125,444.2606506347656,20302990000.0,XU100.IS,bist100
2006-03-21,444.26300048828125,444.26300048828125,436.2850036621094,443.9939880371094,443.99163818359375,23537080000.0,XU100.IS,bist100
2006-03-22,443.9939880371094,443.9939880371094,432.1099853515625,443.2879943847656,443.28564453125,27071080000.0,XU100.IS,bist100
2006-03-23,443.2879943847656,448.2590026855469,442.0610046386719,445.31201171875,445.3096618652344,37954570000.0,XU100.IS,bist100
2006-03-24,445.31201171875,446.3550109863281,431.4519958496094,432.739013671875,432.7367248535156,53904400000.0,XU100.IS,bist100
2006-03-27,432.739013671875,434.0140075683594,423.9540100097656,427.1050109863281,427.1027526855469,43369220000.0,XU100.IS,bist100
2006-03-28,427.1050109863281,428.6109924316406,414.4259948730469,417.4209899902344,417.41876220703125,39788080000.0,XU100.IS,bist100
2006-03-29,417.4209899902344,425.07000732421875,407.156005859375,425.07000732421875,425.0677490234375,43581530000.0,XU100.IS,bist100
2006-03-30,425.07000732421875,431.2239990234375,423.3429870605469,429.4169921875,429.4147033691406,42734320000.0,XU100.IS,bist100
2006-03-31,429.4169921875,433.65301513671875,425.1860046386719,429.1130065917969,429.1107177734375,34514770000.0,XU100.IS,bist100
2006-04-03,429.1130065917969,440.78399658203125,429.1130065917969,440.28399658203125,440.2816467285156,29783940000.0,XU100.IS,bist100
2006-04-04,440.28399658203125,442.8030090332031,433.7850036621094,440.7090148925781,440.7066650390625,35179940000.0,XU100.IS,bist100
2006-04-05,440.7090148925781,446.3340148925781,438.5820007324219,440.885986328125,440.8836364746094,32473400000.0,XU100.IS,bist100
2006-04-06,440.885986328125,445.1579895019531,435.1059875488281,437.1059875488281,437.1036682128906,27601620000.0,XU100.IS,bist100
2006-04-07,437.1059875488281,444.9209899902344,435.7539978027344,442.8420104980469,442.83966064453125,24810040000.0,XU100.IS,bist100
2006-04-10,442.8420104980469,442.843994140625,428.9280090332031,430.9930114746094,430.99072265625,24749000000.0,XU100.IS,bist100
2006-04-11,430.9930114746094,433.9830017089844,422.88299560546875,428.90301513671875,428.9007263183594,24046140000.0,XU100.IS,bist100
2006-04-12,428.90301513671875,428.90301513671875,420.864990234375,425.04998779296875,425.0477294921875,20083380000.0,XU100.IS,bist100
2006-04-13,425.04998779296875,431.156005859375,417.37298583984375,419.1929931640625,419.1907653808594,21634150000.0,XU100.IS,bist100
2006-04-14,419.1929931640625,422.6700134277344,418.20599365234375,422.1199951171875,422.1177673339844,19183830000.0,XU100.IS,bist100
2006-04-17,422.1199951171875,423.8030090332031,417.0530090332031,418.60699462890625,418.6047668457031,19169790000.0,XU100.IS,bist100
2006-04-18,418.60699462890625,428.64898681640625,418.60699462890625,428.64898681640625,428.6466979980469,28577070000.0,XU100.IS,bist100
2006-04-19,428.64898681640625,441.7340087890625,428.64898681640625,437.32501220703125,437.32269287109375,33142740000.0,XU100.IS,bist100
2006-04-20,437.32501220703125,439.7099914550781,434.3370056152344,438.7279968261719,438.7256774902344,18887400000.0,XU100.IS,bist100
2006-04-21,438.7279968261719,450.7590026855469,437.87799072265625,450.7590026855469,450.7566223144531,29327020000.0,XU100.IS,bist100
2006-04-24,450.7590026855469,455.1679992675781,447.093994140625,452.78399658203125,452.7815856933594,25397630000.0,XU100.IS,bist100
2006-04-25,452.78399658203125,456.8389892578125,451.87298583984375,453.5249938964844,453.5225830078125,27756380000.0,XU100.IS,bist100
2006-04-26,453.5249938964844,457.125,444.1419982910156,447.4549865722656,447.4526062011719,28814000000.0,XU100.IS,bist100
2006-04-27,447.4549865722656,454.8169860839844,434.9679870605469,437.5199890136719,437.5176696777344,29488490000.0,XU100.IS,bist100
2006-04-28,437.5199890136719,444.1990051269531,433.3599853515625,438.8039855957031,438.8016662597656,22810070000.0,XU100.IS,bist100
2006-05-01,438.8039855957031,442.37200927734375,436.2770080566406,440.3039855957031,440.3016357421875,13859680000.0,XU100.IS,bist100
2006-05-02,440.3039855957031,444.20599365234375,435.7139892578125,444.135986328125,444.1336364746094,15398480000.0,XU100.IS,bist100
2006-05-03,444.135986328125,450.8479919433594,443.59698486328125,446.4779968261719,446.4756164550781,23035230000.0,XU100.IS,bist100
2006-05-04,446.4779968261719,446.51800537109375,439.6300048828125,442.5140075683594,442.51165771484375,18855790000.0,XU100.IS,bist100
2006-05-05,442.5140075683594,448.6600036621094,439.81298828125,442.12799072265625,442.1256408691406,23004750000.0,XU100.IS,bist100
2006-05-08,442.12799072265625,447.35101318359375,442.12799072265625,447.1289978027344,447.1266174316406,29906110000.0,XU100.IS,bist100
2006-05-09,447.1289978027344,450.49798583984375,442.9540100097656,445.63299560546875,445.6306457519531,27961800000.0,XU100.IS,bist100
2006-05-10,445.63299560546875,445.63299560546875,433.54901123046875,435.989990234375,435.9876708984375,29725420000.0,XU100.IS,bist100
2006-05-11,435.989990234375,438.9020080566406,433.135986328125,437.1319885253906,437.1296691894531,23135100000.0,XU100.IS,bist100
2006-05-12,437.1319885253906,437.1319885253906,418.5820007324219,419.7080078125,419.7057800292969,27395130000.0,XU100.IS,bist100
2006-05-15,419.7080078125,419.7080078125,398.3810119628906,402.68701171875,402.68487548828125,29904630000.0,XU100.IS,bist100
2006-05-16,402.68701171875,410.6340026855469,399.4549865722656,410.4410095214844,410.4388427734375,34057440000.0,XU100.IS,bist100
2006-05-17,410.4410095214844,418.9150085449219,403.8940124511719,404.3919982910156,404.3898620605469,34272130000.0,XU100.IS,bist100
2006-05-18,404.3919982910156,404.3919982910156,389.4320068359375,396.43701171875,396.4349060058594,34506100000.0,XU100.IS,bist100
2006-05-22,396.43701171875,397.74200439453125,360.5539855957031,363.510986328125,363.5090637207031,38258940000.0,XU100.IS,bist100
2006-05-23,363.510986328125,372.5920104980469,352.77899169921875,372.3550109863281,372.35302734375,54208570000.0,XU100.IS,bist100
2006-05-24,372.3550109863281,372.3550109863281,356.3659973144531,361.0069885253906,361.00506591796875,49078370000.0,XU100.IS,bist100
2006-05-25,361.0069885253906,368.1409912109375,359.87200927734375,367.302001953125,367.300048828125,37695890000.0,XU100.IS,bist100
2006-05-26,367.302001953125,385.93499755859375,367.302001953125,385.93499755859375,385.9329528808594,41860800000.0,XU100.IS,bist100
2006-05-29,385.93499755859375,389.7149963378906,382.6780090332031,389.08599853515625,389.08392333984375,26456800000.0,XU100.IS,bist100
2006-05-30,389.08599853515625,389.08599853515625,374.7130126953125,378.6080017089844,378.6059875488281,31715060000.0,XU100.IS,bist100
2006-05-31,378.6080017089844,384.4320068359375,364.0570068359375,381.3219909667969,381.3199768066406,44637280000.0,XU100.IS,bist100
2006-06-01,381.3219909667969,387.60101318359375,379.3919982910156,383.9519958496094,383.949951171875,37413670000.0,XU100.IS,bist100
2006-06-02,383.9519958496094,394.281005859375,383.9519958496094,392.8580017089844,392.8559265136719,40342600000.0,XU100.IS,bist100
2006-06-05,392.8580017089844,392.8580017089844,376.94000244140625,379.6400146484375,379.63800048828125,31072150000.0,XU100.IS,bist100
2006-06-06,379.6400146484375,379.6400146484375,372.135009765625,374.6440124511719,374.64202880859375,31847150000.0,XU100.IS,bist100
2006-06-07,374.6440124511719,378.52899169921875,366.0429992675781,367.09600830078125,367.09405517578125,33978850000.0,XU100.IS,bist100
2006-06-08,367.09600830078125,367.9750061035156,352.7539978027344,353.3869934082031,353.3851318359375,37223430000.0,XU100.IS,bist100
2006-06-09,353.3869934082031,361.0459899902344,343.5820007324219,348.0260009765625,348.024169921875,41700760000.0,XU100.IS,bist100
2006-06-12,348.0260009765625,351.0780029296875,342.0190124511719,343.3030090332031,343.3011779785156,26259500000.0,XU100.IS,bist100
2006-06-13,343.3030090332031,343.3030090332031,315.5780029296875,323.843994140625,323.84228515625,46615280000.0,XU100.IS,bist100
2006-06-14,323.843994140625,330.6510009765625,321.6780090332031,328.99700927734375,328.9952697753906,35924350000.0,XU100.IS,bist100
2006-06-15,328.99700927734375,343.22601318359375,328.99700927734375,336.27398681640625,336.272216796875,40182240000.0,XU100.IS,bist100
2006-06-16,336.27398681640625,350.5799865722656,336.27398681640625,340.4800109863281,340.47821044921875,39963390000.0,XU100.IS,bist100
2006-06-19,340.4800109863281,348.0769958496094,338.1809997558594,348.0769958496094,348.07513427734375,23028980000.0,XU100.IS,bist100
2006-06-20,348.0769958496094,348.4110107421875,341.625,346.0140075683594,346.0121765136719,28970050000.0,XU100.IS,bist100
2006-06-21,346.0140075683594,349.0270080566406,334.22198486328125,337.6199951171875,337.6181945800781,30860840000.0,XU100.IS,bist100
2006-06-22,337.6199951171875,353.78399658203125,337.6199951171875,342.2900085449219,342.2882080078125,37269490000.0,XU100.IS,bist100
2006-06-23,342.2900085449219,343.22601318359375,327.82501220703125,331.322998046875,331.32122802734375,30368630000.0,XU100.IS,bist100
2006-06-26,331.322998046875,336.7250061035156,316.2380065917969,319.5060119628906,319.5043029785156,26944830000.0,XU100.IS,bist100
2006-06-27,319.5060119628906,324.7659912109375,314.9159851074219,324.7040100097656,324.7023010253906,34511140000.0,XU100.IS,bist100
2006-06-28,324.7040100097656,333.5790100097656,317.81298828125,332.0710144042969,332.0692443847656,48953220000.0,XU100.IS,bist100
2006-06-29,332.0710144042969,340.9100036621094,332.0710144042969,340.3110046386719,340.3092041015625,42998350000.0,XU100.IS,bist100
2006-06-30,340.3110046386719,355.8900146484375,340.3110046386719,354.5329895019531,354.5310974121094,41868740000.0,XU100.IS,bist100
2006-07-03,354.5329895019531,356.1549987792969,351.93701171875,354.56500244140625,354.5631103515625,19076090000.0,XU100.IS,bist100
2006-07-04,354.56500244140625,364.81201171875,354.56500244140625,364.81201171875,364.8100891113281,31250250000.0,XU100.IS,bist100
2006-07-05,364.81201171875,364.81201171875,353.2250061035156,353.8500061035156,353.8481140136719,25950730000.0,XU100.IS,bist100
2006-07-06,353.8500061035156,357.7699890136719,345.5419921875,356.98699951171875,356.985107421875,27399310000.0,XU100.IS,bist100
2006-07-07,356.98699951171875,364.4880065917969,356.98699951171875,362.0220031738281,362.02008056640625,28422140000.0,XU100.IS,bist100
2006-07-10,362.0220031738281,363.5570068359375,358.13299560546875,361.4840087890625,361.4820861816406,14592030000.0,XU100.IS,bist100
2006-07-11,361.4840087890625,365.489990234375,358.2030029296875,359.5580139160156,359.55609130859375,17225890000.0,XU100.IS,bist100
2006-07-12,359.5580139160156,365.1610107421875,356.4129943847656,358.1549987792969,358.1531066894531,21982880000.0,XU100.IS,bist100
2006-07-13,358.1549987792969,358.1549987792969,341.6789855957031,350.1050109863281,350.1031494140625,20034040000.0,XU100.IS,bist100
2006-07-14,350.1050109863281,350.1050109863281,337.2860107421875,338.3169860839844,338.315185546875,22574940000.0,XU100.IS,bist100
2006-07-17,338.3169860839844,338.3169860839844,321.9570007324219,327.02899169921875,327.0272521972656,21248860000.0,XU100.IS,bist100
2006-07-18,327.02899169921875,336.17999267578125,324.9280090332031,336.17999267578125,336.17822265625,23493270000.0,XU100.IS,bist100
2006-07-19,336.17999267578125,339.2909851074219,333.68798828125,335.54400634765625,335.542236328125,21897560000.0,XU100.IS,bist100
2006-07-20,335.54400634765625,353.468994140625,335.54400634765625,353.1099853515625,353.1081237792969,36707710000.0,XU100.IS,bist100
2006-07-21,353.1099853515625,353.1099853515625,344.9259948730469,349.88800048828125,349.8861389160156,22159200000.0,XU100.IS,bist100
2006-07-24,349.88800048828125,351.07501220703125,346.97900390625,349.5899963378906,349.588134765625,18212510000.0,XU100.IS,bist100
2006-07-25,349.5899963378906,355.4110107421875,348.781005859375,352.6440124511719,352.64215087890625,24371660000.0,XU100.IS,bist100
2006-07-26,352.6440124511719,360.125,350.73199462890625,359.8450012207031,359.84307861328125,35960860000.0,XU100.IS,bist100
2006-07-27,359.8450012207031,370.302001953125,359.8450012207031,367.4729919433594,367.4710388183594,40485320000.0,XU100.IS,bist100
2006-07-28,367.4729919433594,368.0450134277344,359.22198486328125,361.0190124511719,361.01708984375,28984560000.0,XU100.IS,bist100
2006-07-31,361.0190124511719,365.74200439453125,359.0929870605469,360.6789855957031,360.67706298828125,15786550000.0,XU100.IS,bist100
2006-08-01,360.6789855957031,364.875,355.52899169921875,357.4280090332031,357.4261169433594,19446120000.0,XU100.IS,bist100
2006-08-02,357.4280090332031,359.35198974609375,353.9949951171875,357.21600341796875,357.214111328125,16297020000.0,XU100.IS,bist100
2006-08-03,357.21600341796875,361.0419921875,351.47198486328125,352.6289978027344,352.62713623046875,21459320000.0,XU100.IS,bist100
2006-08-04,352.6289978027344,362.6929931640625,352.6289978027344,361.59600830078125,361.5940856933594,26093820000.0,XU100.IS,bist100
2006-08-07,361.59600830078125,361.59600830078125,356.51800537109375,359.67498779296875,359.6730651855469,17771320000.0,XU100.IS,bist100
2006-08-08,359.67498779296875,367.9079895019531,359.67498779296875,365.3580017089844,365.3560485839844,22993500000.0,XU100.IS,bist100
2006-08-09,365.3580017089844,375.63299560546875,363.3789978027344,375.63299560546875,375.6310119628906,38793830000.0,XU100.IS,bist100
2006-08-10,375.63299560546875,375.63299560546875,367.2349853515625,373.89300537109375,373.8910217285156,28303620000.0,XU100.IS,bist100
2006-08-11,373.89300537109375,380.26800537109375,372.8280029296875,374.1809997558594,374.17901611328125,27468350000.0,XU100.IS,bist100
2006-08-14,374.1809997558594,378.04998779296875,374.1809997558594,376.3110046386719,376.30902099609375,17518210000.0,XU100.IS,bist100
2006-08-15,376.3110046386719,378.06500244140625,369.25,378.06500244140625,378.06298828125,20953070000.0,XU100.IS,bist100
2006-08-16,378.06500244140625,384.3340148925781,376.7330017089844,384.3340148925781,384.33197021484375,28504400000.0,XU100.IS,bist100
2006-08-17,384.3340148925781,387.87701416015625,377.0509948730469,378.8529968261719,378.8509826660156,25174350000.0,XU100.IS,bist100
2006-08-18,378.8529968261719,380.7640075683594,371.3590087890625,373.8479919433594,373.84600830078125,16523650000.0,XU100.IS,bist100
2006-08-21,373.8479919433594,374.7149963378906,370.1239929199219,371.64898681640625,371.6470031738281,14035730000.0,XU100.IS,bist100
2006-08-22,371.64898681640625,375.6820068359375,370.0159912109375,371.3080139160156,371.3060302734375,13258530000.0,XU100.IS,bist100
2006-08-23,371.3080139160156,373.10400390625,368.8160095214844,371.2179870605469,371.21600341796875,11894500000.0,XU100.IS,bist100
2006-08-24,371.2179870605469,371.2179870605469,361.739013671875,366.5140075683594,366.5120544433594,18836900000.0,XU100.IS,bist100
2006-08-25,366.5140075683594,370.28399658203125,365.5589904785156,368.61700439453125,368.61505126953125,15905580000.0,XU100.IS,bist100
2006-08-28,368.61700439453125,368.7959899902344,365.1960144042969,366.86700439453125,366.86505126953125,15381500000.0,XU100.IS,bist100
2006-08-29,366.86700439453125,370.5669860839844,366.86700439453125,368.97198486328125,368.97003173828125,11612630000.0,XU100.IS,bist100
2006-08-31,368.97198486328125,373.9549865722656,368.97198486328125,372.8590087890625,372.8570251464844,20255840000.0,XU100.IS,bist100
2006-09-01,372.8590087890625,374.24200439453125,370.7749938964844,374.14898681640625,374.1470031738281,21293740000.0,XU100.IS,bist100
2006-09-04,374.14898681640625,381.3909912109375,373.9630126953125,381.3909912109375,381.38897705078125,26495140000.0,XU100.IS,bist100
2006-09-05,381.3909912109375,383.8949890136719,379.4429931640625,381.79998779296875,381.7979736328125,23685180000.0,XU100.IS,bist100
2006-09-06,381.79998779296875,381.90301513671875,375.1210021972656,376.8970031738281,376.8949890136719,17925240000.0,XU100.IS,bist100
2006-09-07,376.8970031738281,376.8970031738281,372.3500061035156,374.57000732421875,374.5680236816406,20329630000.0,XU100.IS,bist100
2006-09-08,374.57000732421875,377.4360046386719,371.3269958496094,373.7200012207031,373.718017578125,17871950000.0,XU100.IS,bist100
2006-09-11,373.7200012207031,374.2340087890625,368.7869873046875,371.72601318359375,371.7240295410156,17712060000.0,XU100.IS,bist100
2006-09-12,371.72601318359375,376.2449951171875,369.92999267578125,376.2449951171875,376.2430114746094,29517590000.0,XU100.IS,bist100
2006-09-13,376.2449951171875,382.302001953125,376.2449951171875,377.7460021972656,377.7439880371094,30078890000.0,XU100.IS,bist100
2006-09-14,377.7460021972656,381.9100036621094,372.25299072265625,374.7869873046875,374.7850036621094,27054850000.0,XU100.IS,bist100
2006-09-15,374.7869873046875,381.4389953613281,374.1520080566406,381.4389953613281,381.4369812011719,20488600000.0,XU100.IS,bist100
2006-09-18,381.4389953613281,386.4599914550781,380.9930114746094,382.4590148925781,382.4570007324219,23006240000.0,XU100.IS,bist100
2006-09-19,382.4590148925781,384.35198974609375,378.7349853515625,383.45098876953125,383.4489440917969,19092470000.0,XU100.IS,bist100
2006-09-20,383.45098876953125,384.0920104980469,380.14898681640625,382.75,382.7479553222656,20590990000.0,XU100.IS,bist100
2006-09-21,382.75,385.3819885253906,376.3800048828125,377.9079895019531,377.9059753417969,20970250000.0,XU100.IS,bist100
2006-09-22,377.9079895019531,377.9079895019531,362.281005859375,363.8999938964844,363.8980712890625,26155930000.0,XU100.IS,bist100
2006-09-25,363.8999938964844,368.0769958496094,359.614013671875,360.8420104980469,360.840087890625,16613950000.0,XU100.IS,bist100
2006-09-26,360.8420104980469,365.8840026855469,359.3210144042969,364.3240051269531,364.32208251953125,22355650000.0,XU100.IS,bist100
2006-09-27,364.3240051269531,372.0719909667969,364.3240051269531,368.18701171875,368.18505859375,26657280000.0,XU100.IS,bist100
2006-09-28,368.18701171875,372.6820068359375,367.7799987792969,372.6820068359375,372.6800231933594,25948850000.0,XU100.IS,bist100
2006-09-29,372.6820068359375,374.6709899902344,367.8210144042969,369.2489929199219,369.2470397949219,25970220000.0,XU100.IS,bist100
2006-10-02,369.2489929199219,369.8389892578125,364.6180114746094,369.8389892578125,369.8370361328125,15922330000.0,XU100.IS,bist100
2006-10-03,369.8389892578125,370.9649963378906,365.97900390625,368.3039855957031,368.3020324707031,17873740000.0,XU100.IS,bist100
2006-10-04,368.3039855957031,368.3039855957031,362.239013671875,363.8970031738281,363.89508056640625,16898070000.0,XU100.IS,bist100
2006-10-05,363.8970031738281,370.86199951171875,363.8970031738281,369.17401123046875,369.17205810546875,31047700000.0,XU100.IS,bist100
2006-10-06,369.17401123046875,370.9410095214844,365.0249938964844,367.3760070800781,367.3740539550781,18137440000.0,XU100.IS,bist100
2006-10-09,367.3760070800781,369.135986328125,365.93499755859375,368.8590087890625,368.8570556640625,11674090000.0,XU100.IS,bist100
2006-10-10,368.8590087890625,374.7720031738281,368.8590087890625,374.49200439453125,374.4900207519531,23701850000.0,XU100.IS,bist100
2006-10-11,374.49200439453125,377.8479919433594,374.27301025390625,376.60400390625,376.6020202636719,24346960000.0,XU100.IS,bist100
2006-10-12,376.60400390625,383.16900634765625,375.22698974609375,383.16900634765625,383.1669616699219,31894670000.0,XU100.IS,bist100
2006-10-13,383.16900634765625,386.4330139160156,382.239013671875,384.8609924316406,384.85894775390625,36706490000.0,XU100.IS,bist100
2006-10-16,384.8609924316406,389.9800109863281,384.25299072265625,389.9800109863281,389.9779357910156,25131340000.0,XU100.IS,bist100
2006-10-17,389.9800109863281,391.0799865722656,383.33599853515625,384.5679931640625,384.5659484863281,29439520000.0,XU100.IS,bist100
2006-10-18,384.5679931640625,397.635009765625,384.5679931640625,397.43798828125,397.4358825683594,34164580000.0,XU100.IS,bist100
2006-10-19,397.43798828125,401.8890075683594,392.8299865722656,398.239013671875,398.2369079589844,40867210000.0,XU100.IS,bist100
2006-10-20,398.239013671875,399.8789978027344,394.0509948730469,396.43798828125,396.4358825683594,21568920000.0,XU100.IS,bist100
2006-10-26,396.43798828125,408.3009948730469,396.43798828125,405.9110107421875,405.9088439941406,36092420000.0,XU100.IS,bist100
2006-10-27,405.9110107421875,408.90899658203125,403.8210144042969,406.8330078125,406.8308410644531,30562350000.0,XU100.IS,bist100
2006-10-30,406.8330078125,406.8330078125,397.635986328125,400.8139953613281,400.8118591308594,20310280000.0,XU100.IS,bist100
2006-10-31,400.8139953613281,406.2279968261719,398.46099853515625,405.822998046875,405.8208312988281,25608360000.0,XU100.IS,bist100
2006-11-01,405.822998046875,406.40899658203125,402.8349914550781,406.0169982910156,406.01483154296875,28881650000.0,XU100.IS,bist100
2006-11-02,406.0169982910156,406.0169982910156,393.50299072265625,395.0409851074219,395.03887939453125,28454210000.0,XU100.IS,bist100
2006-11-03,395.0409851074219,395.302001953125,387.0880126953125,393.0710144042969,393.0689392089844,26436060000.0,XU100.IS,bist100
2006-11-06,393.0710144042969,398.10400390625,391.9549865722656,396.7590026855469,396.75689697265625,24527720000.0,XU100.IS,bist100
2006-11-07,396.7590026855469,405.9530029296875,396.7590026855469,401.6369934082031,401.6348571777344,32158740000.0,XU100.IS,bist100
2006-11-08,401.6369934082031,401.6369934082031,396.14898681640625,397.36700439453125,397.3648986816406,23414580000.0,XU100.IS,bist100
2006-11-09,397.36700439453125,403.2349853515625,396.9209899902344,398.90899658203125,398.9068908691406,26910360000.0,XU100.IS,bist100
2006-11-10,398.90899658203125,398.90899658203125,393.45098876953125,396.2720031738281,396.2698974609375,15666960000.0,XU100.IS,bist100
2006-11-13,396.2720031738281,397.5199890136719,387.97100830078125,390.3030090332031,390.3009338378906,17888860000.0,XU100.IS,bist100
2006-11-14,390.3030090332031,396.5509948730469,390.2239990234375,396.5509948730469,396.54888916015625,16438640000.0,XU100.IS,bist100
2006-11-15,396.5509948730469,399.7130126953125,394.677001953125,396.5409851074219,396.53887939453125,18605980000.0,XU100.IS,bist100
2006-11-16,396.5409851074219,398.8890075683594,391.135009765625,392.6809997558594,392.6789245605469,17530250000.0,XU100.IS,bist100
2006-11-17,392.6809997558594,392.927001953125,383.1470031738281,384.3280029296875,384.3259582519531,18322990000.0,XU100.IS,bist100
2006-11-20,384.3280029296875,384.3280029296875,376.8529968261719,383.46600341796875,383.4639587402344,20032430000.0,XU100.IS,bist100
2006-11-21,383.46600341796875,385.010986328125,379.35198974609375,385.010986328125,385.0089416503906,19496000000.0,XU100.IS,bist100
2006-11-22,385.010986328125,386.6830139160156,375.281005859375,377.33599853515625,377.333984375,21667860000.0,XU100.IS,bist100
2006-11-23,377.33599853515625,382.02398681640625,375.10101318359375,380.77099609375,380.76898193359375,22451570000.0,XU100.IS,bist100
2006-11-24,380.77099609375,380.7749938964844,374.2250061035156,375.8210144042969,375.81903076171875,22975030000.0,XU100.IS,bist100
2006-11-27,375.8210144042969,382.385986328125,375.5299987792969,382.385986328125,382.38397216796875,20416750000.0,XU100.IS,bist100
2006-11-28,382.385986328125,382.385986328125,370.3389892578125,371.8380126953125,371.8360290527344,17832440000.0,XU100.IS,bist100
2006-11-29,371.8380126953125,380.66900634765625,371.8380126953125,380.66900634765625,380.6669921875,23901060000.0,XU100.IS,bist100
2006-11-30,380.66900634765625,385.7510070800781,380.5870056152344,381.68499755859375,381.6829833984375,26366830000.0,XU100.IS,bist100
2006-12-01,381.68499755859375,384.50799560546875,380.0639953613281,381.9649963378906,381.9629821777344,12960080000.0,XU100.IS,bist100
2006-12-04,381.9649963378906,381.9649963378906,374.5249938964844,376.5469970703125,376.5450134277344,13562250000.0,XU100.IS,bist100
2006-12-05,376.5469970703125,381.6650085449219,374.12799072265625,381.6300048828125,381.62799072265625,22697610000.0,XU100.IS,bist100
2006-12-06,381.6300048828125,383.78900146484375,380.3550109863281,381.8479919433594,381.8459777832031,19765080000.0,XU100.IS,bist100
2006-12-07,381.8479919433594,398.5780029296875,381.8479919433594,398.5780029296875,398.5758972167969,58502870000.0,XU100.IS,bist100
2006-12-08,398.5780029296875,398.5780029296875,391.677001953125,393.2049865722656,393.2029113769531,26749570000.0,XU100.IS,bist100
2006-12-11,393.2049865722656,394.7650146484375,391.1109924316406,394.6189880371094,394.61688232421875,14191910000.0,XU100.IS,bist100
2006-12-12,394.6189880371094,399.875,390.7359924316406,392.1300048828125,392.1279296875,21947070000.0,XU100.IS,bist100
2006-12-13,392.1300048828125,392.1300048828125,387.1700134277344,388.7489929199219,388.7469177246094,17590080000.0,XU100.IS,bist100
2006-12-14,388.7489929199219,395.9540100097656,388.3609924316406,395.9540100097656,395.951904296875,23150130000.0,XU100.IS,bist100
2006-12-15,395.9540100097656,402.3630065917969,395.9540100097656,402.0480041503906,402.0458679199219,35160440000.0,XU100.IS,bist100
2006-12-18,402.0480041503906,403.8030090332031,397.031005859375,398.32501220703125,398.3229064941406,21709690000.0,XU100.IS,bist100
2006-12-19,398.32501220703125,398.32501220703125,389.40399169921875,390.71099853515625,390.70892333984375,22405170000.0,XU100.IS,bist100
2006-12-20,390.71099853515625,395.614990234375,388.5260009765625,389.9670104980469,389.9649353027344,15342430000.0,XU100.IS,bist100
2006-12-21,389.9670104980469,391.50201416015625,387.5849914550781,390.8299865722656,390.8279113769531,15694770000.0,XU100.IS,bist100
2006-12-22,390.8299865722656,391.802001953125,388.5880126953125,391.802001953125,391.7999267578125,11421840000.0,XU100.IS,bist100
2006-12-25,391.802001953125,391.802001953125,385.5320129394531,387.0539855957031,387.05194091796875,14884450000.0,XU100.IS,bist100
2006-12-26,387.0539855957031,390.4630126953125,384.97100830078125,387.6659851074219,387.6639404296875,15365180000.0,XU100.IS,bist100
2006-12-27,387.6659851074219,388.6099853515625,382.8370056152344,386.1059875488281,386.10394287109375,20402780000.0,XU100.IS,bist100
2006-12-28,386.1059875488281,392.4179992675781,386.1059875488281,391.3819885253906,391.3799133300781,27651250000.0,XU100.IS,bist100
2006-12-29,391.3819885253906,394.6889953613281,389.0150146484375,391.17498779296875,391.17291259765625,26098590000.0,XU100.IS,bist100
2007-01-05,390.06298828125,390.06298828125,381.8399963378906,384.35198974609375,384.3499450683594,22026730000.0,XU100.IS,bist100
2007-01-08,384.35198974609375,384.35198974609375,373.98199462890625,378.3210144042969,378.3190002441406,22172210000.0,XU100.IS,bist100
2007-01-09,378.3210144042969,381.3659973144531,369.760009765625,370.83099365234375,370.82904052734375,30417050000.0,XU100.IS,bist100
2007-01-10,370.83099365234375,371.9280090332031,363.4419860839844,366.29901123046875,366.29705810546875,27850590000.0,XU100.IS,bist100
2007-01-11,366.29901123046875,376.40399169921875,366.29901123046875,376.40399169921875,376.4020080566406,30428150000.0,XU100.IS,bist100
2007-01-12,376.40399169921875,382.5369873046875,376.40399169921875,381.3819885253906,381.3799743652344,34592960000.0,XU100.IS,bist100
2007-01-15,381.3819885253906,390.42999267578125,380.76800537109375,390.42999267578125,390.42791748046875,28661140000.0,XU100.IS,bist100
2007-01-16,390.42999267578125,390.7590026855469,386.55999755859375,388.885009765625,388.8829345703125,23982680000.0,XU100.IS,bist100
2007-01-17,388.885009765625,393.9580078125,387.8900146484375,392.1809997558594,392.1789245605469,29377280000.0,XU100.IS,bist100
2007-01-18,392.1809997558594,402.56298828125,392.1809997558594,402.56298828125,402.56085205078125,37757500000.0,XU100.IS,bist100
2007-01-19,402.56298828125,408.1199951171875,398.06298828125,402.010986328125,402.00885009765625,44161270000.0,XU100.IS,bist100
2007-01-22,402.010986328125,412.96600341796875,402.010986328125,412.4700012207031,412.4678039550781,34932830000.0,XU100.IS,bist100
2007-01-23,412.4700012207031,413.1109924316406,406.2200012207031,412.5010070800781,412.4988098144531,27624910000.0,XU100.IS,bist100
2007-01-24,412.5010070800781,421.1809997558594,412.5010070800781,420.3550109863281,420.352783203125,42221670000.0,XU100.IS,bist100
2007-01-25,420.3550109863281,425.1679992675781,417.9320068359375,421.22698974609375,421.2247619628906,50070620000.0,XU100.IS,bist100
2007-01-26,421.22698974609375,421.22698974609375,413.1889953613281,418.4639892578125,418.4617614746094,36320970000.0,XU100.IS,bist100
2007-01-29,418.4639892578125,419.6289978027344,411.2829895019531,413.9739990234375,413.9718017578125,31359830000.0,XU100.IS,bist100
2007-01-31,413.57501220703125,417.6390075683594,410.55999755859375,411.82598876953125,411.82379150390625,31749530000.0,XU100.IS,bist100
2007-02-01,411.82598876953125,425.4020080566406,411.82598876953125,423.0199890136719,423.0177307128906,55555220000.0,XU100.IS,bist100
2007-02-02,423.0199890136719,433.18798828125,422.26300048828125,431.125,431.1227111816406,46116490000.0,XU100.IS,bist100
2007-02-05,431.125,431.4639892578125,423.7640075683594,427.0050048828125,427.00274658203125,29679000000.0,XU100.IS,bist100
2007-02-06,427.0050048828125,430.9630126953125,423.5060119628906,425.0140075683594,425.0117492675781,33592350000.0,XU100.IS,bist100
2007-02-07,425.0140075683594,425.697998046875,417.72698974609375,420.989990234375,420.9877624511719,27770700000.0,XU100.IS,bist100
2007-02-08,420.989990234375,420.989990234375,410.9179992675781,416.4519958496094,416.4497985839844,33441010000.0,XU100.IS,bist100
2007-02-09,416.4519958496094,423.7959899902344,416.4519958496094,421.8550109863281,421.852783203125,45949440000.0,XU100.IS,bist100
2007-02-12,421.8550109863281,422.8609924316406,417.8500061035156,420.2590026855469,420.25677490234375,37611880000.0,XU100.IS,bist100
2007-02-13,420.2590026855469,427.5639953613281,419.6080017089844,425.5159912109375,425.51373291015625,42901610000.0,XU100.IS,bist100
2007-02-14,425.5159912109375,434.8290100097656,425.5159912109375,432.56298828125,432.5606994628906,44987710000.0,XU100.IS,bist100
2007-02-15,432.56298828125,442.3580017089844,432.56298828125,438.1369934082031,438.1346740722656,50976130000.0,XU100.IS,bist100
2007-02-16,438.1369934082031,439.843994140625,433.8550109863281,436.36199951171875,436.35968017578125,31319680000.0,XU100.IS,bist100
2007-02-19,436.36199951171875,442.5950012207031,436.36199951171875,442.52899169921875,442.5266418457031,37796380000.0,XU100.IS,bist100
2007-02-20,442.52899169921875,446.1610107421875,437.9540100097656,440.614990234375,440.6126403808594,40912370000.0,XU100.IS,bist100
2007-02-21,440.614990234375,441.60400390625,424.86199951171875,428.885986328125,428.8836975097656,37681790000.0,XU100.IS,bist100
2007-02-22,428.885986328125,439.489013671875,428.885986328125,438.2909851074219,438.2886657714844,40964130000.0,XU100.IS,bist100
2007-02-23,438.2909851074219,438.2909851074219,431.49200439453125,435.9169921875,435.9146728515625,23084780000.0,XU100.IS,bist100
2007-02-26,435.9169921875,437.60198974609375,431.8190002441406,437.3680114746094,437.3656921386719,32679850000.0,XU100.IS,bist100
2007-02-27,437.3680114746094,437.3680114746094,415.15899658203125,417.739990234375,417.7377624511719,44212620000.0,XU100.IS,bist100
2007-02-28,417.739990234375,417.739990234375,404.6830139160156,414.30999755859375,414.30780029296875,48352220000.0,XU100.IS,bist100
2007-03-01,414.30999755859375,415.6789855957031,394.2460021972656,395.8819885253906,395.8798828125,50798190000.0,XU100.IS,bist100
2007-03-02,395.8819885253906,406.5190124511719,395.12298583984375,405.50299072265625,405.5008544921875,48806540000.0,XU100.IS,bist100
2007-03-05,405.50299072265625,405.50299072265625,388.239990234375,397.29400634765625,397.2919006347656,35071700000.0,XU100.IS,bist100
2007-03-06,397.29400634765625,405.36700439453125,397.29400634765625,402.3080139160156,402.3058776855469,32610550000.0,XU100.IS,bist100
2007-03-07,402.3080139160156,409.12298583984375,401.0329895019531,404.06500244140625,404.0628662109375,31813960000.0,XU100.IS,bist100
2007-03-08,404.06500244140625,414.6820068359375,404.06500244140625,414.0690002441406,414.0668029785156,35665300000.0,XU100.IS,bist100
2007-03-09,414.0690002441406,420.56298828125,409.2130126953125,420.56298828125,420.5607604980469,28013510000.0,XU100.IS,bist100
2007-03-12,420.56298828125,426.3269958496094,415.8940124511719,419.7829895019531,419.78076171875,30726200000.0,XU100.IS,bist100
2007-03-13,419.7829895019531,423.010009765625,412.4469909667969,416.6600036621094,416.6578063964844,31714130000.0,XU100.IS,bist100
2007-03-14,416.6600036621094,416.6600036621094,401.8290100097656,405.0190124511719,405.0168762207031,32942210000.0,XU100.IS,bist100
2007-03-15,405.0190124511719,414.9119873046875,405.0190124511719,411.9519958496094,411.9497985839844,36589240000.0,XU100.IS,bist100
2007-03-16,411.9519958496094,418.197998046875,408.6210021972656,418.197998046875,418.1957702636719,32701830000.0,XU100.IS,bist100
2007-03-19,418.197998046875,421.5530090332031,415.71099853515625,419.22198486328125,419.2197570800781,36219730000.0,XU100.IS,bist100
2007-03-20,419.22198486328125,424.46600341796875,416.7820129394531,418.177001953125,418.1747741699219,26461210000.0,XU100.IS,bist100
2007-03-21,418.177001953125,424.6700134277344,418.177001953125,424.1940002441406,424.1917419433594,30775520000.0,XU100.IS,bist100
2007-03-22,424.1940002441406,435.385986328125,424.1940002441406,432.39801025390625,432.3957214355469,44579110000.0,XU100.IS,bist100
2007-03-23,432.39801025390625,436.28399658203125,430.03399658203125,434.0870056152344,434.084716796875,39931530000.0,XU100.IS,bist100
2007-03-26,434.0870056152344,436.4620056152344,429.0069885253906,432.635986328125,432.6336975097656,25502860000.0,XU100.IS,bist100
2007-03-27,432.635986328125,433.1929931640625,427.6510009765625,430.97100830078125,430.9687194824219,26321480000.0,XU100.IS,bist100
2007-03-28,430.97100830078125,432.87200927734375,425.82501220703125,430.7950134277344,430.792724609375,35726860000.0,XU100.IS,bist100
2007-03-29,430.7950134277344,436.6619873046875,430.34698486328125,436.6619873046875,436.65966796875,38078940000.0,XU100.IS,bist100
2007-03-30,436.6619873046875,439.09698486328125,434.30999755859375,436.6109924316406,436.6086730957031,43045880000.0,XU100.IS,bist100
2007-04-02,436.6109924316406,437.3550109863281,432.4070129394531,435.4219970703125,435.419677734375,30243850000.0,XU100.IS,bist100
2007-04-03,435.4219970703125,443.9949951171875,435.4219970703125,443.0929870605469,443.09063720703125,50291200000.0,XU100.IS,bist100
2007-04-04,443.0929870605469,450.89599609375,443.0929870605469,446.60699462890625,446.6046142578125,46221950000.0,XU100.IS,bist100
2007-04-05,446.60699462890625,457.5140075683594,446.60699462890625,457.1409912109375,457.1385803222656,58438380000.0,XU100.IS,bist100
2007-04-06,457.1409912109375,460.15399169921875,455.3559875488281,458.4519958496094,458.4495544433594,32653290000.0,XU100.IS,bist100
2007-04-09,458.4519958496094,459.3890075683594,454.7040100097656,458.8919982910156,458.8895568847656,34200710000.0,XU100.IS,bist100
2007-04-10,458.8919982910156,458.8919982910156,450.22198486328125,453.39801025390625,453.3955993652344,39796110000.0,XU100.IS,bist100
2007-04-11,453.39801025390625,463.2590026855469,453.39801025390625,461.0580139160156,461.0555725097656,39513910000.0,XU100.IS,bist100
2007-04-12,461.0580139160156,461.0580139160156,452.7340087890625,455.6610107421875,455.6585998535156,33272470000.0,XU100.IS,bist100
2007-04-13,455.6610107421875,462.5220031738281,455.6610107421875,460.4419860839844,460.4395446777344,33723530000.0,XU100.IS,bist100
2007-04-16,460.4419860839844,469.4570007324219,460.4419860839844,466.97100830078125,466.9685363769531,35435540000.0,XU100.IS,bist100
2007-04-17,466.97100830078125,468.6449890136719,462.42999267578125,466.2149963378906,466.2125244140625,40951430000.0,XU100.IS,bist100
2007-04-18,466.2149963378906,470.7760009765625,455.2650146484375,456.3399963378906,456.33758544921875,39090870000.0,XU100.IS,bist100
2007-04-19,456.3399963378906,463.9010009765625,448.4339904785156,463.08099365234375,463.07855224609375,49028730000.0,XU100.IS,bist100
2007-04-20,463.08099365234375,475.5660095214844,463.08099365234375,473.5580139160156,473.5555114746094,63432550000.0,XU100.IS,bist100
2007-04-24,473.5580139160156,475.02301025390625,464.375,470.14898681640625,470.146484375,54400110000.0,XU100.IS,bist100
2007-04-25,470.14898681640625,480.3810119628906,468.375,480.3269958496094,480.324462890625,38025070000.0,XU100.IS,bist100
2007-04-26,480.3269958496094,485.69500732421875,476.37799072265625,478.260986328125,478.2584533691406,44256750000.0,XU100.IS,bist100
2007-04-27,478.260986328125,480.0539855957031,465.4830017089844,468.6130065917969,468.61053466796875,34937130000.0,XU100.IS,bist100
2007-04-30,431.1610107421875,468.6130065917969,431.1610107421875,449.8450012207031,449.8426208496094,52571800000.0,XU100.IS,bist100
2007-05-02,435.2950134277344,453.2340087890625,435.2950134277344,442.5610046386719,442.55865478515625,44611260000.0,XU100.IS,bist100
2007-05-03,442.5610046386719,452.7049865722656,442.5610046386719,450.7770080566406,450.7746276855469,36253930000.0,XU100.IS,bist100
2007-05-04,450.7770080566406,453.1090087890625,441.82598876953125,448.1809997558594,448.1786193847656,31431020000.0,XU100.IS,bist100
2007-05-07,448.1809997558594,453.5950012207031,445.6090087890625,446.8110046386719,446.8086242675781,31162090000.0,XU100.IS,bist100
2007-05-08,446.8110046386719,450.0920104980469,443.9460144042969,447.072998046875,447.07061767578125,23304370000.0,XU100.IS,bist100
2007-05-09,447.072998046875,455.33099365234375,447.072998046875,451.0270080566406,451.0246276855469,30522570000.0,XU100.IS,bist100
2007-05-10,451.0270080566406,456.23699951171875,446.1969909667969,450.5559997558594,450.5536193847656,27549410000.0,XU100.IS,bist100
2007-05-11,450.5559997558594,450.5559997558594,442.69500732421875,448.2080078125,448.20562744140625,32030250000.0,XU100.IS,bist100
2007-05-14,448.2080078125,453.489990234375,448.2080078125,451.4219970703125,451.41961669921875,29063190000.0,XU100.IS,bist100
2007-05-15,451.4219970703125,452.2969970703125,447.8179931640625,448.97698974609375,448.974609375,28024870000.0,XU100.IS,bist100
2007-05-16,448.97698974609375,455.44000244140625,448.8299865722656,455.3970031738281,455.39459228515625,25691930000.0,XU100.IS,bist100
2007-05-17,455.3970031738281,462.34698486328125,455.3970031738281,458.6000061035156,458.5975646972656,31500880000.0,XU100.IS,bist100
2007-05-18,458.6000061035156,461.6510009765625,456.30499267578125,460.7330017089844,460.7305603027344,19633590000.0,XU100.IS,bist100
2007-05-21,460.7330017089844,465.29998779296875,458.89898681640625,462.09100341796875,462.08856201171875,24897900000.0,XU100.IS,bist100
2007-05-22,462.09100341796875,467.2980041503906,462.09100341796875,463.6919860839844,463.68951416015625,29088870000.0,XU100.IS,bist100
2007-05-23,463.6919860839844,466.17498779296875,460.2330017089844,464.24700927734375,464.2445373535156,24323340000.0,XU100.IS,bist100
2007-05-24,464.24700927734375,464.822998046875,455.89300537109375,462.3710021972656,462.3685607910156,21966970000.0,XU100.IS,bist100
2007-05-25,462.3710021972656,462.91900634765625,457.6659851074219,461.9429931640625,461.9405517578125,19481490000.0,XU100.IS,bist100
2007-05-28,461.9429931640625,469.27801513671875,461.9429931640625,469.27801513671875,469.2755126953125,16553780000.0,XU100.IS,bist100
2007-05-29,469.27801513671875,471.1199951171875,466.510986328125,470.0299987792969,470.0274963378906,30402150000.0,XU100.IS,bist100
2007-05-30,470.0299987792969,470.0299987792969,461.3680114746094,462.74700927734375,462.74456787109375,22100350000.0,XU100.IS,bist100
2007-05-31,462.74700927734375,470.8179931640625,462.74700927734375,470.81500244140625,470.8125,29664660000.0,XU100.IS,bist100
2007-06-01,470.81500244140625,470.81500244140625,463.37701416015625,464.9010009765625,464.8985290527344,18328900000.0,XU100.IS,bist100
2007-06-04,464.9010009765625,466.78900146484375,458.71600341796875,461.1109924316406,461.1085510253906,16730370000.0,XU100.IS,bist100
2007-06-05,461.1109924316406,467.375,460.9129943847656,464.5159912109375,464.5135192871094,24094990000.0,XU100.IS,bist100
2007-06-06,464.5159912109375,466.9960021972656,457.11700439453125,458.6099853515625,458.6075439453125,27539350000.0,XU100.IS,bist100
2007-06-07,458.6099853515625,459.7460021972656,445.4729919433594,448.4389953613281,448.4366149902344,24918670000.0,XU100.IS,bist100
2007-06-08,448.4389953613281,448.4389953613281,435.1650085449219,443.3240051269531,443.3216552734375,30842150000.0,XU100.IS,bist100
2007-06-11,443.3240051269531,449.8489990234375,443.3240051269531,448.93701171875,448.93463134765625,17748870000.0,XU100.IS,bist100
2007-06-12,448.93701171875,452.12799072265625,442.4590148925781,443.7200012207031,443.7176513671875,16413150000.0,XU100.IS,bist100
2007-06-13,443.7200012207031,447.2969970703125,438.0400085449219,446.2950134277344,446.2926330566406,25871730000.0,XU100.IS,bist100
2007-06-14,446.2950134277344,452.9670104980469,445.52301025390625,446.7550048828125,446.75262451171875,21321180000.0,XU100.IS,bist100
2007-06-15,446.7550048828125,460.14898681640625,446.7550048828125,459.7179870605469,459.7155456542969,32883130000.0,XU100.IS,bist100
2007-06-18,459.7179870605469,465.5379943847656,459.7179870605469,463.6759948730469,463.67352294921875,22099680000.0,XU100.IS,bist100
2007-06-19,463.6759948730469,465.12701416015625,460.36199951171875,462.3179931640625,462.3155517578125,17237230000.0,XU100.IS,bist100
2007-06-20,462.3179931640625,465.16400146484375,460.67498779296875,462.5119934082031,462.5095520019531,19397710000.0,XU100.IS,bist100
2007-06-21,462.5119934082031,462.5119934082031,455.74700927734375,459.52398681640625,459.52154541015625,24954600000.0,XU100.IS,bist100
2007-06-22,459.52398681640625,461.22900390625,455.4440002441406,457.0509948730469,457.048583984375,12666300000.0,XU100.IS,bist100
2007-06-25,457.0509948730469,457.0509948730469,451.6830139160156,454.1709899902344,454.1685791015625,18763260000.0,XU100.IS,bist100
2007-06-26,454.1709899902344,460.2439880371094,451.1600036621094,460.10101318359375,460.09857177734375,24599830000.0,XU100.IS,bist100
2007-06-27,460.10101318359375,460.10101318359375,450.2900085449219,451.6180114746094,451.6156005859375,20196640000.0,XU100.IS,bist100
2007-06-28,451.6180114746094,462.1300048828125,451.6180114746094,461.8139953613281,461.8115539550781,24797190000.0,XU100.IS,bist100
2007-06-29,461.8139953613281,470.93701171875,459.25,470.93701171875,470.93450927734375,24996910000.0,XU100.IS,bist100
2007-07-02,470.93701171875,477.6419982910156,469.1719970703125,477.30499267578125,477.3024597167969,24417150000.0,XU100.IS,bist100
2007-07-03,477.30499267578125,488.26300048828125,477.30499267578125,486.8030090332031,486.8004150390625,38309190000.0,XU100.IS,bist100
2007-07-04,486.8030090332031,497.3320007324219,486.1419982910156,494.76300048828125,494.7603759765625,51449670000.0,XU100.IS,bist100
2007-07-05,494.76300048828125,500.5419921875,494.1669921875,498.5010070800781,498.49835205078125,45889040000.0,XU100.IS,bist100
2007-07-06,498.5010070800781,501.7659912109375,494.1050109863281,498.9530029296875,498.9503479003906,41495420000.0,XU100.IS,bist100
2007-07-09,498.9530029296875,513.8809814453125,498.9530029296875,512.8189697265625,512.8162231445312,48809840000.0,XU100.IS,bist100
2007-07-10,512.8189697265625,515.0089721679688,504.9729919433594,505.57598876953125,505.57330322265625,45299700000.0,XU100.IS,bist100
2007-07-11,505.57598876953125,505.57598876953125,493.6929931640625,500.55499267578125,500.5523376464844,31850090000.0,XU100.IS,bist100
2007-07-12,505.34100341796875,520.6290283203125,500.55499267578125,520.0579833984375,520.0552368164062,47841460000.0,XU100.IS,bist100
2007-07-13,529.5969848632812,530.6160278320312,518.5250244140625,520.8670043945312,520.8642578125,56347560000.0,XU100.IS,bist100
2007-07-16,520.8670043945312,522.968994140625,515.5700073242188,517.7440185546875,517.7412719726562,32439350000.0,XU100.IS,bist100
2007-07-17,517.7440185546875,517.7440185546875,509.9280090332031,516.43798828125,516.4352416992188,32888690000.0,XU100.IS,bist100
2007-07-18,516.43798828125,516.43798828125,507.84100341796875,511.1199951171875,511.1172790527344,29990790000.0,XU100.IS,bist100
2007-07-19,511.1199951171875,533.2529907226562,511.1199951171875,533.2529907226562,533.2501831054688,46432830000.0,XU100.IS,bist100
2007-07-20,533.2529907226562,537.3670043945312,526.3480224609375,529.3579711914062,529.3551635742188,41055590000.0,XU100.IS,bist100
2007-07-23,529.3579711914062,559.1279907226562,529.3579711914062,556.2540283203125,556.2510986328125,67954500000.0,XU100.IS,bist100
2007-07-24,556.2540283203125,563.0980224609375,546.2490234375,549.3070068359375,549.3040771484375,53549430000.0,XU100.IS,bist100
2007-07-25,549.3070068359375,550.6160278320312,538.0659790039062,548.3189697265625,548.3160400390625,47375460000.0,XU100.IS,bist100
2007-07-26,548.3189697265625,548.3189697265625,518.3189697265625,525.1240234375,525.1212158203125,50960550000.0,XU100.IS,bist100
2007-07-27,525.1240234375,525.1240234375,506.4469909667969,515.6190185546875,515.6162719726562,62335240000.0,XU100.IS,bist100
2007-07-30,515.6190185546875,522.0079956054688,504.7850036621094,514.5919799804688,514.5892333984375,39756110000.0,XU100.IS,bist100
2007-07-31,514.5919799804688,529.7119750976562,514.5919799804688,528.2490234375,528.2462158203125,39031320000.0,XU100.IS,bist100
2007-08-01,528.2490234375,528.2490234375,503.83099365234375,512.9929809570312,512.990234375,44969530000.0,XU100.IS,bist100
2007-08-02,512.9929809570312,521.6939697265625,510.3739929199219,513.9359741210938,513.9332275390625,36090910000.0,XU100.IS,bist100
2007-08-03,513.9359741210938,517.8790283203125,506.2030029296875,507.16400146484375,507.16131591796875,42354970000.0,XU100.IS,bist100
2007-08-06,507.16400146484375,507.16400146484375,497.49200439453125,504.29901123046875,504.29632568359375,28653320000.0,XU100.IS,bist100
2007-08-07,504.29901123046875,512.7269897460938,504.29901123046875,507.0820007324219,507.0793151855469,28764350000.0,XU100.IS,bist100
2007-08-08,507.0820007324219,521.72802734375,507.0820007324219,520.7059936523438,520.7032470703125,37307020000.0,XU100.IS,bist100
2007-08-09,520.7059936523438,523.9010009765625,499.3840026855469,499.74798583984375,499.7453308105469,40871040000.0,XU100.IS,bist100
2007-08-10,499.74798583984375,499.74798583984375,485.7309875488281,491.864013671875,491.8614196777344,34797160000.0,XU100.IS,bist100
2007-08-13,491.864013671875,502.7250061035156,491.864013671875,502.7250061035156,502.72235107421875,25685050000.0,XU100.IS,bist100
2007-08-14,502.7250061035156,502.7250061035156,493.0780029296875,498.8089904785156,498.80633544921875,26814880000.0,XU100.IS,bist100
2007-08-15,498.8089904785156,498.8089904785156,470.23199462890625,477.1409912109375,477.1384582519531,34419910000.0,XU100.IS,bist100
2007-08-16,477.1409912109375,477.1409912109375,432.91400146484375,444.7330017089844,444.73065185546875,51434350000.0,XU100.IS,bist100
2007-08-17,444.7330017089844,465.7690124511719,434.8070068359375,465.7690124511719,465.76654052734375,71635340000.0,XU100.IS,bist100
2007-08-20,465.7690124511719,470.0870056152344,460.15899658203125,461.4880065917969,461.4855651855469,31162610000.0,XU100.IS,bist100
2007-08-21,461.4880065917969,462.7699890136719,450.2820129394531,452.6499938964844,452.6475830078125,40700230000.0,XU100.IS,bist100
2007-08-22,452.6499938964844,470.406005859375,452.6499938964844,468.82000732421875,468.8175354003906,36624120000.0,XU100.IS,bist100
2007-08-23,477.5639953613281,480.6520080566406,471.8110046386719,473.885986328125,473.88348388671875,39690380000.0,XU100.IS,bist100
2007-08-24,473.885986328125,474.03399658203125,466.3389892578125,468.239990234375,468.2375183105469,21864470000.0,XU100.IS,bist100
2007-08-27,468.239990234375,479.1440124511719,468.239990234375,479.1440124511719,479.1414794921875,20034080000.0,XU100.IS,bist100
2007-08-28,479.1440124511719,480.1629943847656,474.2850036621094,477.5069885253906,477.50445556640625,29889350000.0,XU100.IS,bist100
2007-08-29,477.5069885253906,481.8080139160156,468.35198974609375,480.8219909667969,480.8194274902344,36819170000.0,XU100.IS,bist100
2007-08-31,480.8219909667969,502.0069885253906,480.8219909667969,501.9859924316406,501.98333740234375,42057140000.0,XU100.IS,bist100
2007-09-03,501.9859924316406,505.7139892578125,497.37200927734375,499.3689880371094,499.3663330078125,28763950000.0,XU100.IS,bist100
2007-09-04,499.3689880371094,502.9840087890625,495.6919860839844,500.32598876953125,500.3233337402344,31414760000.0,XU100.IS,bist100
2007-09-05,500.32598876953125,505.1510009765625,493.01300048828125,494.2139892578125,494.21136474609375,33481730000.0,XU100.IS,bist100
2007-09-06,494.2139892578125,499.1419982910156,486.90301513671875,496.0140075683594,496.0113830566406,33379600000.0,XU100.IS,bist100
2007-09-07,496.0140075683594,499.0409851074219,486.8139953613281,490.5039978027344,490.50140380859375,26214920000.0,XU100.IS,bist100
2007-09-10,490.5039978027344,493.2179870605469,484.6679992675781,485.489013671875,485.4864501953125,21432470000.0,XU100.IS,bist100
2007-09-11,485.489013671875,493.5660095214844,485.489013671875,492.9620056152344,492.9593811035156,22077520000.0,XU100.IS,bist100
2007-09-12,492.9620056152344,495.9620056152344,487.8550109863281,492.33099365234375,492.328369140625,23122630000.0,XU100.IS,bist100
2007-09-13,492.33099365234375,497.95098876953125,490.1780090332031,496.80499267578125,496.8023681640625,25606360000.0,XU100.IS,bist100
2007-09-14,502.760986328125,506.2090148925781,496.80499267578125,506.2090148925781,506.2063293457031,45843460000.0,XU100.IS,bist100
2007-09-17,501.7550048828125,507.40301513671875,499.75799560546875,505.364990234375,505.3623046875,27725490000.0,XU100.IS,bist100
2007-09-18,502.4179992675781,507.7099914550781,500.86199951171875,505.0090026855469,505.0063171386719,31270910000.0,XU100.IS,bist100
2007-09-19,525.0859985351562,539.1259765625,505.0090026855469,538.8410034179688,538.838134765625,67253180000.0,XU100.IS,bist100
2007-09-20,538.8410034179688,539.1859741210938,532.1589965820312,535.4310302734375,535.4281616210938,47240650000.0,XU100.IS,bist100
2007-09-21,533.0390014648438,540.2789916992188,530.6680297851562,538.8209838867188,538.818115234375,61511830000.0,XU100.IS,bist100
2007-09-24,540.3870239257812,542.10400390625,534.9669799804688,535.8070068359375,535.8041381835938,52203200000.0,XU100.IS,bist100
2007-09-25,534.85400390625,537.1170043945312,525.52001953125,528.9320068359375,528.92919921875,35662030000.0,XU100.IS,bist100
2007-09-26,532.625,542.6710205078125,528.9320068359375,542.4580078125,542.4551391601562,55231500000.0,XU100.IS,bist100
2007-09-27,550.1220092773438,551.2899780273438,541.5889892578125,543.9019775390625,543.8991088867188,48774400000.0,XU100.IS,bist100
2007-09-28,547.4119873046875,549.7319946289062,538.7410278320312,540.4420166015625,540.4391479492188,29756970000.0,XU100.IS,bist100
2007-10-01,540.0349731445312,542.239990234375,531.9920043945312,541.97998046875,541.9771118164062,27522310000.0,XU100.IS,bist100
2007-10-02,551.3590087890625,554.0269775390625,541.97998046875,547.3330078125,547.330078125,50189800000.0,XU100.IS,bist100
2007-10-03,548.3740234375,548.3820190429688,539.3369750976562,541.6489868164062,541.6461181640625,32925870000.0,XU100.IS,bist100
2007-10-04,539.2269897460938,552.5800170898438,538.43701171875,549.1589965820312,549.1560668945312,35967150000.0,XU100.IS,bist100
2007-10-05,553.2470092773438,567.9299926757812,549.1589965820312,567.9299926757812,567.927001953125,68635570000.0,XU100.IS,bist100
2007-10-08,569.8159790039062,573.5089721679688,561.1729736328125,562.791015625,562.7880249023438,49272980000.0,XU100.IS,bist100
2007-10-09,561.7730102539062,580.0869750976562,559.6480102539062,579.1060180664062,579.1029663085938,54486450000.0,XU100.IS,bist100
2007-10-10,581.9169921875,581.9169921875,572.3389892578125,574.1799926757812,574.1769409179688,39460880000.0,XU100.IS,bist100
2007-10-11,574.1799926757812,581.823974609375,572.7769775390625,580.5339965820312,580.5309448242188,14083000000.0,XU100.IS,bist100
2007-10-17,571.2750244140625,581.197998046875,567.2999877929688,579.3189697265625,579.31591796875,46904950000.0,XU100.IS,bist100
2007-10-18,580.7979736328125,581.916015625,559.0999755859375,562.6820068359375,562.6790161132812,51242580000.0,XU100.IS,bist100
2007-10-19,562.6820068359375,567.7360229492188,551.302978515625,562.094970703125,562.0919799804688,44016010000.0,XU100.IS,bist100
2007-10-22,526.5499877929688,554.8679809570312,520.9400024414062,539.697998046875,539.6951293945312,36990320000.0,XU100.IS,bist100
2007-10-23,547.0360107421875,560.8569946289062,539.697998046875,557.52197265625,557.51904296875,36627360000.0,XU100.IS,bist100
2007-10-24,557.6939697265625,557.6939697265625,549.0339965820312,556.3889770507812,556.3860473632812,39118600000.0,XU100.IS,bist100
2007-10-25,560.2869873046875,566.4869995117188,554.6619873046875,557.2860107421875,557.2830810546875,42195850000.0,XU100.IS,bist100
2007-10-26,560.7039794921875,566.1220092773438,557.2860107421875,564.4660034179688,564.4630126953125,27538470000.0,XU100.IS,bist100
2007-10-30,568.6090087890625,570.5980224609375,564.4660034179688,567.7429809570312,567.739990234375,40414570000.0,XU100.IS,bist100
2007-10-31,567.9639892578125,578.9169921875,566.2379760742188,576.156982421875,576.1539306640625,49133580000.0,XU100.IS,bist100
2007-11-01,581.5770263671875,587.4730224609375,565.4739990234375,573.7130126953125,573.7099609375,51870330000.0,XU100.IS,bist100
2007-11-02,564.7459716796875,574.0679931640625,564.7459716796875,568.551025390625,568.5480346679688,36850050000.0,XU100.IS,bist100
2007-11-05,564.8519897460938,568.551025390625,555.3729858398438,560.6430053710938,560.6400146484375,26236550000.0,XU100.IS,bist100
2007-11-06,565.9959716796875,569.7130126953125,560.6430053710938,569.0599975585938,569.0570068359375,37051870000.0,XU100.IS,bist100
2007-11-07,569.89697265625,574.8460083007812,557.0960083007812,560.7639770507812,560.760986328125,41003460000.0,XU100.IS,bist100
2007-11-08,549.1900024414062,560.7639770507812,544.0570068359375,551.6079711914062,551.6050415039062,41294650000.0,XU100.IS,bist100
2007-11-09,555.4110107421875,556.8839721679688,534.5850219726562,536.8909912109375,536.8881225585938,34352860000.0,XU100.IS,bist100
2007-11-12,533.0919799804688,540.8400268554688,532.8049926757812,540.8400268554688,540.837158203125,26798840000.0,XU100.IS,bist100
2007-11-13,541.47802734375,547.1900024414062,535.7310180664062,547.1900024414062,547.1870727539062,30033990000.0,XU100.IS,bist100
2007-11-14,555.635009765625,559.4650268554688,547.1900024414062,556.6489868164062,556.6460571289062,35257720000.0,XU100.IS,bist100
2007-11-15,557.1920166015625,560.6489868164062,545.0670166015625,547.4299926757812,547.4270629882812,25879260000.0,XU100.IS,bist100
2007-11-16,543.0789794921875,548.6179809570312,541.8109741210938,543.0449829101562,543.0421142578125,22538820000.0,XU100.IS,bist100
2007-11-19,545.7899780273438,549.1060180664062,530.9819946289062,532.6290283203125,532.626220703125,20094570000.0,XU100.IS,bist100
2007-11-20,535.4840087890625,539.3629760742188,526.322998046875,535.7780151367188,535.775146484375,27205770000.0,XU100.IS,bist100
2007-11-21,525.8280029296875,535.7780151367188,518.0040283203125,526.156005859375,526.1531982421875,23194490000.0,XU100.IS,bist100
2007-11-22,520.885009765625,526.156005859375,515.2780151367188,521.9929809570312,521.990234375,22639790000.0,XU100.IS,bist100
2007-11-23,523.3140258789062,526.2919921875,518.7529907226562,523.31298828125,523.3102416992188,18497950000.0,XU100.IS,bist100
2007-11-26,529.9459838867188,531.072021484375,522.344970703125,526.8250122070312,526.8222045898438,18055310000.0,XU100.IS,bist100
2007-11-27,521.8800048828125,526.8250122070312,509.39898681640625,514.5230102539062,514.520263671875,24261690000.0,XU100.IS,bist100
2007-11-28,522.9219970703125,532.0280151367188,514.5230102539062,532.0280151367188,532.0252075195312,14080320000.0,XU100.IS,bist100
2007-11-29,536.97998046875,537.6909790039062,528.5180053710938,531.81201171875,531.8092041015625,24164710000.0,XU100.IS,bist100
2007-11-30,536.3099975585938,545.6400146484375,531.81201171875,542.1380004882812,542.1351318359375,31927070000.0,XU100.IS,bist100
2007-12-03,541.1640014648438,545.7540283203125,538.8309936523438,543.2000122070312,543.1971435546875,19512600000.0,XU100.IS,bist100
2007-12-04,543.1599731445312,546.3569946289062,536.7249755859375,540.1329956054688,540.130126953125,18033650000.0,XU100.IS,bist100
2007-12-05,544.0469970703125,555.552001953125,540.1329956054688,555.2119750976562,555.2090454101562,27775590000.0,XU100.IS,bist100
2007-12-06,558.5120239257812,561.8690185546875,553.2919921875,561.8690185546875,561.8660278320312,30351590000.0,XU100.IS,bist100
2007-12-07,563.9290161132812,568.1680297851562,560.7160034179688,564.906005859375,564.9030151367188,27097270000.0,XU100.IS,bist100
2007-12-10,561.9019775390625,568.8150024414062,557.6929931640625,565.1859741210938,565.1829833984375,19301770000.0,XU100.IS,bist100
2007-12-11,569.6409912109375,570.8829956054688,560.7940063476562,562.7130126953125,562.7100219726562,18095650000.0,XU100.IS,bist100
2007-12-12,554.302001953125,567.948974609375,553.14697265625,567.6619873046875,567.6589965820312,29462650000.0,XU100.IS,bist100
2007-12-13,559.280029296875,567.6619873046875,550.7050170898438,552.3900146484375,552.3870849609375,25995690000.0,XU100.IS,bist100
2007-12-14,556.0430297851562,559.385986328125,546.4609985351562,549.1170043945312,549.1140747070312,22590690000.0,XU100.IS,bist100
2007-12-17,543.75,549.1170043945312,533.719970703125,536.0339965820312,536.0311279296875,17401700000.0,XU100.IS,bist100
2007-12-18,534.8980102539062,542.2360229492188,533.739013671875,542.2360229492188,542.233154296875,21553960000.0,XU100.IS,bist100
2007-12-19,541.0499877929688,542.2360229492188,535.843017578125,538.4739990234375,538.4711303710938,6074140000.0,XU100.IS,bist100
2007-12-24,548.22802734375,555.10498046875,538.4739990234375,555.10498046875,555.10205078125,14903630000.0,XU100.IS,bist100
2007-12-25,555.0809936523438,555.4329833984375,550.833984375,553.8070068359375,553.8040771484375,13298470000.0,XU100.IS,bist100
2007-12-26,554.3099975585938,559.0130004882812,552.416015625,553.7319946289062,553.7290649414062,13793480000.0,XU100.IS,bist100
2007-12-27,554.9979858398438,560.2360229492188,550.9199829101562,552.3300170898438,552.3270874023438,17569460000.0,XU100.IS,bist100
2007-12-28,549.551025390625,560.6619873046875,548.489013671875,556.9840087890625,556.9810791015625,12840520000.0,XU100.IS,bist100
2007-12-31,558.3289794921875,559.81201171875,550.9650268554688,555.3809814453125,555.3780517578125,8207490000.0,XU100.IS,bist100
2008-01-02,551.6019897460938,555.3809814453125,544.2490234375,547.083984375,547.0810546875,15531330000.0,XU100.IS,bist100
2008-01-03,542.458984375,547.083984375,533.4810180664062,535.4130249023438,535.41015625,22321510000.0,XU100.IS,bist100
2008-01-04,537.593994140625,540.573974609375,523.8759765625,525.2990112304688,525.2962036132812,23656730000.0,XU100.IS,bist100
2008-01-07,522.6190185546875,527.989013671875,519.43701171875,525.6950073242188,525.6921997070312,21426590000.0,XU100.IS,bist100
2008-01-08,528.3040161132812,533.1909790039062,525.6950073242188,532.3590087890625,532.356201171875,25050080000.0,XU100.IS,bist100
2008-01-09,526.8839721679688,532.3590087890625,524.10498046875,527.3070068359375,527.30419921875,23629900000.0,XU100.IS,bist100
2008-01-10,530.43701171875,531.9849853515625,521.2379760742188,523.510009765625,523.5072021484375,20001210000.0,XU100.IS,bist100
2008-01-11,523.8319702148438,525.1209716796875,516.8480224609375,519.2059936523438,519.2032470703125,23808720000.0,XU100.IS,bist100
2008-01-14,514.8599853515625,519.2059936523438,512.1400146484375,514.8090209960938,514.8062744140625,20923300000.0,XU100.IS,bist100
2008-01-15,515.280029296875,515.3410034179688,501.92999267578125,503.77301025390625,503.77032470703125,22152140000.0,XU100.IS,bist100
2008-01-16,494.54998779296875,503.77301025390625,482.3599853515625,490.93798828125,490.9353942871094,36622400000.0,XU100.IS,bist100
2008-01-17,495.6419982910156,497.7829895019531,477.1090087890625,489.02801513671875,489.0254211425781,36495270000.0,XU100.IS,bist100
2008-01-18,483.8429870605469,493.57000732421875,479.2690124511719,486.57501220703125,486.5724182128906,31770230000.0,XU100.IS,bist100
2008-01-21,473.41900634765625,486.57501220703125,447.0469970703125,455.4410095214844,455.4385986328125,36033600000.0,XU100.IS,bist100
2008-01-22,439.1669921875,455.4410095214844,429.43701171875,445.93701171875,445.93463134765625,60496640000.0,XU100.IS,bist100
2008-01-23,452.8089904785156,461.2720031738281,420.8139953613281,425.3949890136719,425.3927307128906,49956970000.0,XU100.IS,bist100
2008-01-24,446.40399169921875,450.58099365234375,425.3949890136719,450.10699462890625,450.1046142578125,50265100000.0,XU100.IS,bist100
2008-01-25,458.5299987792969,462.2590026855469,450.10699462890625,454.97198486328125,454.9695739746094,36507310000.0,XU100.IS,bist100
2008-01-28,441.4549865722656,454.97198486328125,435.3699951171875,437.0669860839844,437.0646667480469,27884680000.0,XU100.IS,bist100
2008-01-29,444.1889953613281,447.3219909667969,437.0669860839844,445.72698974609375,445.7246398925781,25578100000.0,XU100.IS,bist100
2008-01-30,444.010009765625,445.72698974609375,438.9429931640625,443.04400634765625,443.0416564941406,22613500000.0,XU100.IS,bist100
2008-01-31,442.9429931640625,444.4429931640625,424.02398681640625,426.97601318359375,426.9737548828125,28875720000.0,XU100.IS,bist100
2008-02-01,435.62298583984375,447.510986328125,426.97601318359375,444.52099609375,444.5186462402344,39064830000.0,XU100.IS,bist100
2008-02-04,452.3349914550781,458.4859924316406,444.52099609375,457.1990051269531,457.19659423828125,26641630000.0,XU100.IS,bist100
2008-02-05,456.7760009765625,459.427001953125,442.0140075683594,443.50799560546875,443.5056457519531,33780940000.0,XU100.IS,bist100
2008-02-06,432.87701416015625,443.50799560546875,428.12200927734375,433.17498779296875,433.1726989746094,33065190000.0,XU100.IS,bist100
2008-02-07,431.3500061035156,434.27099609375,416.3479919433594,418.66400146484375,418.6617736816406,35515300000.0,XU100.IS,bist100
2008-02-08,424.468994140625,428.4599914550781,412.1809997558594,419.5790100097656,419.5767822265625,41277320000.0,XU100.IS,bist100
2008-02-11,413.24200439453125,419.5790100097656,409.5469970703125,413.4280090332031,413.4258117675781,33452880000.0,XU100.IS,bist100
2008-02-12,422.57000732421875,436.1610107421875,413.4280090332031,435.39898681640625,435.39666748046875,49317020000.0,XU100.IS,bist100
2008-02-13,430.22100830078125,448.3059997558594,427.6940002441406,447.5249938964844,447.5226135253906,50674730000.0,XU100.IS,bist100
2008-02-14,455.1400146484375,459.3160095214844,447.5249938964844,454.93701171875,454.9346008300781,42917380000.0,XU100.IS,bist100
2008-02-15,452.27801513671875,458.2799987792969,438.947998046875,443.0530090332031,443.0506591796875,37420560000.0,XU100.IS,bist100
2008-02-18,446.34100341796875,457.4169921875,443.0530090332031,457.4169921875,457.41455078125,27356050000.0,XU100.IS,bist100
2008-02-19,456.5409851074219,465.0710144042969,450.4809875488281,462.4930114746094,462.4905700683594,44748710000.0,XU100.IS,bist100
2008-02-20,454.4219970703125,462.4930114746094,451.02801513671875,458.7669982910156,458.7645568847656,33174100000.0,XU100.IS,bist100
2008-02-21,464.10699462890625,467.9700012207031,458.1619873046875,464.46600341796875,464.4635314941406,38780840000.0,XU100.IS,bist100
2008-02-22,458.89801025390625,464.46600341796875,453.9309997558594,455.92498779296875,455.9225769042969,29569990000.0,XU100.IS,bist100
2008-02-25,462.3479919433594,463.33099365234375,447.8320007324219,448.95001220703125,448.9476318359375,21683460000.0,XU100.IS,bist100
2008-02-26,454.69000244140625,460.1600036621094,448.95001220703125,455.2449951171875,455.2425842285156,30760220000.0,XU100.IS,bist100
2008-02-27,463.6860046386719,467.5589904785156,455.2449951171875,462.6029968261719,462.6005554199219,29452920000.0,XU100.IS,bist100
2008-02-28,462.6029968261719,466.64300537109375,456.5069885253906,458.2330017089844,458.2305603027344,25620190000.0,XU100.IS,bist100
2008-02-29,453.97900390625,459.9129943847656,444.9630126953125,447.7690124511719,447.7666320800781,28914540000.0,XU100.IS,bist100
2008-03-03,436.58599853515625,447.7690124511719,429.1180114746094,433.4360046386719,433.4337158203125,25778620000.0,XU100.IS,bist100
2008-03-04,435.9230041503906,438.4729919433594,427.27899169921875,429.2300109863281,429.22772216796875,30793570000.0,XU100.IS,bist100
2008-03-05,433.0660095214844,435.03900146484375,427.7619934082031,434.67999267578125,434.67767333984375,23496430000.0,XU100.IS,bist100
2008-03-06,437.36199951171875,437.36199951171875,423.3399963378906,425.239013671875,425.23675537109375,23621940000.0,XU100.IS,bist100
2008-03-07,416.98199462890625,425.239013671875,408.87298583984375,415.37200927734375,415.36981201171875,34862760000.0,XU100.IS,bist100
2008-03-10,411.61199951171875,416.9739990234375,409.8789978027344,415.3489990234375,415.3468017578125,26967030000.0,XU100.IS,bist100
2008-03-11,416.4830017089844,433.8599853515625,414.37298583984375,433.17999267578125,433.1777038574219,44063990000.0,XU100.IS,bist100
2008-03-12,439.8330078125,446.2770080566406,433.17999267578125,442.48199462890625,442.4796447753906,42960410000.0,XU100.IS,bist100
2008-03-13,431.05499267578125,442.48199462890625,422.14300537109375,424.218994140625,424.21673583984375,34966520000.0,XU100.IS,bist100
2008-03-14,429.52099609375,438.73699951171875,420.45001220703125,425.8590087890625,425.85675048828125,50048400000.0,XU100.IS,bist100
2008-03-17,395.8819885253906,425.8590087890625,385.2699890136719,394.093994140625,394.0918884277344,40371390000.0,XU100.IS,bist100
2008-03-18,400.22100830078125,408.7489929199219,392.6189880371094,407.2030029296875,407.2008361816406,40625380000.0,XU100.IS,bist100
2008-03-19,414.2969970703125,415.5610046386719,405.4840087890625,409.07000732421875,409.0678405761719,42794330000.0,XU100.IS,bist100
2008-03-20,401.0989990234375,403.32598876953125,394.60400390625,398.4779968261719,398.47589111328125,27516820000.0,XU100.IS,bist100
2008-03-21,403.5799865722656,404.406005859375,395.4599914550781,397.1910095214844,397.18890380859375,0.0,XU100.IS,bist100
2008-03-24,398.2869873046875,411.5559997558594,396.4280090332031,411.4360046386719,411.4338073730469,0.0,XU100.IS,bist100
2008-03-25,415.135009765625,416.41900634765625,407.39300537109375,409.92401123046875,409.9218444824219,27759090000.0,XU100.IS,bist100
2008-03-26,407.135009765625,412.64801025390625,403.3710021972656,406.5849914550781,406.58282470703125,24898750000.0,XU100.IS,bist100
2008-03-27,407.1659851074219,415.8999938964844,405.3280029296875,406.3489990234375,406.3468322753906,35268010000.0,XU100.IS,bist100
2008-03-28,407.6919860839844,410.1310119628906,393.82000732421875,395.0119934082031,395.0098876953125,27839930000.0,XU100.IS,bist100
2008-03-31,391.7820129394531,395.0119934082031,381.7430114746094,390.15399169921875,390.15191650390625,28117760000.0,XU100.IS,bist100
2008-04-01,388.1830139160156,407.0660095214844,384.64300537109375,406.74200439453125,406.7398376464844,49057230000.0,XU100.IS,bist100
2008-04-02,411.8919982910156,418.6830139160156,406.74200439453125,409.85198974609375,409.8498229980469,48697730000.0,XU100.IS,bist100
2008-04-03,413.1830139160156,418.0610046386719,400.7590026855469,401.60101318359375,401.598876953125,36709320000.0,XU100.IS,bist100
2008-04-04,403.4570007324219,413.62701416015625,401.60101318359375,413.62701416015625,413.62481689453125,39937420000.0,XU100.IS,bist100
2008-04-07,419.6929931640625,424.6080017089844,413.62701416015625,422.7720031738281,422.769775390625,32820950000.0,XU100.IS,bist100
2008-04-08,418.85400390625,425.8280029296875,418.010986328125,421.7019958496094,421.69976806640625,36199820000.0,XU100.IS,bist100
2008-04-09,420.35198974609375,431.4729919433594,419.66400146484375,429.0050048828125,429.0027160644531,43852920000.0,XU100.IS,bist100
2008-04-10,427.06500244140625,431.7330017089844,420.3320007324219,420.9649963378906,420.9627685546875,40421410000.0,XU100.IS,bist100
2008-04-11,427.61199951171875,431.5369873046875,417.19500732421875,419.8009948730469,419.79876708984375,38039700000.0,XU100.IS,bist100
2008-04-14,412.4700012207031,419.8009948730469,410.8389892578125,417.4729919433594,417.47076416015625,31666890000.0,XU100.IS,bist100
2008-04-15,418.9280090332031,419.82000732421875,411.90899658203125,415.84100341796875,415.83880615234375,25284010000.0,XU100.IS,bist100
2008-04-16,419.06298828125,419.61199951171875,412.4570007324219,415.55999755859375,415.55780029296875,23725550000.0,XU100.IS,bist100
2008-04-17,418.6619873046875,419.17401123046875,413.1289978027344,416.01800537109375,416.01580810546875,37862150000.0,XU100.IS,bist100
2008-04-18,415.23199462890625,426.7139892578125,414.49798583984375,426.4110107421875,426.40875244140625,40466840000.0,XU100.IS,bist100
2008-04-21,429.3269958496094,430.6520080566406,423.0469970703125,430.6520080566406,430.64971923828125,31086460000.0,XU100.IS,bist100
2008-04-22,428.0989990234375,432.1189880371094,426.5169982910156,428.2770080566406,428.2747497558594,26535070000.0,XU100.IS,bist100
2008-04-24,426.7720031738281,434.8320007324219,423.77899169921875,431.90301513671875,431.9007263183594,40142240000.0,XU100.IS,bist100
2008-04-25,434.906005859375,438.968994140625,431.90301513671875,435.93798828125,435.9356689453125,33973840000.0,XU100.IS,bist100
2008-04-28,438.2250061035156,439.9570007324219,434.5010070800781,436.1400146484375,436.1376953125,24285540000.0,XU100.IS,bist100
2008-04-29,435.1700134277344,436.1400146484375,428.89801025390625,430.5450134277344,430.542724609375,25187330000.0,XU100.IS,bist100
2008-04-30,430.0480041503906,437.5199890136719,423.968994140625,434.6809997558594,434.6786804199219,26645240000.0,XU100.IS,bist100
2008-05-01,431.18798828125,434.6809997558594,424.8330078125,426.6440124511719,426.6417541503906,0.0,XU100.IS,bist100
2008-05-02,432.4739990234375,434.5509948730469,426.02801513671875,434.2590026855469,434.2567138671875,31641240000.0,XU100.IS,bist100
2008-05-05,432.51800537109375,436.1029968261719,431.3609924316406,434.5790100097656,434.5766906738281,25467180000.0,XU100.IS,bist100
2008-05-06,435.8169860839844,437.36199951171875,426.9909973144531,428.9620056152344,428.959716796875,26544210000.0,XU100.IS,bist100
2008-05-07,431.9570007324219,433.1629943847656,427.25799560546875,432.7250061035156,432.72271728515625,22858740000.0,XU100.IS,bist100
2008-05-08,428.12701416015625,432.7250061035156,419.8240051269531,423.10400390625,423.10174560546875,25120000000.0,XU100.IS,bist100
2008-05-09,419.93701171875,423.10400390625,414.4649963378906,420.34698486328125,420.3447570800781,21804980000.0,XU100.IS,bist100
2008-05-12,420.3030090332031,423.6109924316406,414.8630065917969,416.385009765625,416.3828125,15654330000.0,XU100.IS,bist100
2008-05-13,419.95098876953125,421.1210021972656,414.07000732421875,418.3110046386719,418.30877685546875,19443500000.0,XU100.IS,bist100
2008-05-14,420.1600036621094,426.0639953613281,418.06298828125,425.22698974609375,425.2247314453125,25614300000.0,XU100.IS,bist100
2008-05-15,425.56500244140625,426.92401123046875,420.8909912109375,426.24200439453125,426.23974609375,24979300000.0,XU100.IS,bist100
2008-05-16,428.49798583984375,429.5459899902344,423.63800048828125,424.9880065917969,424.9857482910156,24599200000.0,XU100.IS,bist100
2008-05-20,424.01800537109375,426.0419921875,412.9150085449219,412.9649963378906,412.9627990722656,24296660000.0,XU100.IS,bist100
2008-05-21,412.9020080566406,416.7869873046875,405.97198486328125,410.1130065917969,410.11083984375,24031680000.0,XU100.IS,bist100
2008-05-22,406.635986328125,410.2139892578125,405.4679870605469,407.5249938964844,407.5228271484375,17580330000.0,XU100.IS,bist100
2008-05-23,407.29998779296875,407.9620056152344,397.4460144042969,399.6099853515625,399.6078796386719,26733710000.0,XU100.IS,bist100
2008-05-26,397.09698486328125,399.6099853515625,390.3219909667969,394.3940124511719,394.39190673828125,23382090000.0,XU100.IS,bist100
2008-05-27,398.16400146484375,402.635986328125,394.3940124511719,401.89300537109375,401.890869140625,28010100000.0,XU100.IS,bist100
2008-05-28,400.79998779296875,402.4419860839844,392.59100341796875,393.8489990234375,393.846923828125,28857040000.0,XU100.IS,bist100
2008-05-29,395.65399169921875,397.1260070800781,389.468994140625,390.864990234375,390.8629150390625,24576330000.0,XU100.IS,bist100
2008-05-30,393.4440002441406,403.260009765625,390.864990234375,399.6960144042969,399.69390869140625,35668900000.0,XU100.IS,bist100
2008-06-02,399.1889953613281,403.3760070800781,394.7799987792969,401.2120056152344,401.2098693847656,26164780000.0,XU100.IS,bist100
2008-06-03,397.447998046875,406.89801025390625,396.6570129394531,404.5169982910156,404.5148620605469,33731440000.0,XU100.IS,bist100
2008-06-04,401.87799072265625,404.8869934082031,397.3380126953125,398.3210144042969,398.31890869140625,22444590000.0,XU100.IS,bist100
2008-06-05,399.4519958496094,408.3039855957031,398.3210144042969,404.6400146484375,404.63787841796875,30829930000.0,XU100.IS,bist100
2008-06-06,399.93499755859375,405.6470031738281,395.2770080566406,396.4549865722656,396.452880859375,25992650000.0,XU100.IS,bist100
2008-06-09,390.7359924316406,396.4549865722656,388.43499755859375,390.61700439453125,390.61492919921875,19527260000.0,XU100.IS,bist100
2008-06-10,387.4549865722656,390.61700439453125,380.4159851074219,386.5509948730469,386.5489501953125,29956300000.0,XU100.IS,bist100
2008-06-11,388.87799072265625,390.56298828125,381.3009948730469,382.3840026855469,382.3819885253906,24023400000.0,XU100.IS,bist100
2008-06-12,382.2640075683594,387.5660095214844,379.65399169921875,385.9360046386719,385.9339599609375,31892390000.0,XU100.IS,bist100
2008-06-13,384.3710021972656,387.6130065917969,380.0679931640625,382.9570007324219,382.9549560546875,22905570000.0,XU100.IS,bist100
2008-06-16,386.31500244140625,389.302001953125,381.5249938964844,384.656005859375,384.6539611816406,25563990000.0,XU100.IS,bist100
2008-06-17,385.87298583984375,390.41900634765625,383.197998046875,387.2409973144531,387.23895263671875,30499110000.0,XU100.IS,bist100
2008-06-18,387.08099365234375,387.5360107421875,380.4389953613281,381.3680114746094,381.3659973144531,16580010000.0,XU100.IS,bist100
2008-06-19,378.5820007324219,382.6960144042969,377.1050109863281,380.07000732421875,380.0679931640625,23630450000.0,XU100.IS,bist100
2008-06-20,381.5880126953125,385.1210021972656,377.9750061035156,379.1289978027344,379.1269836425781,23176320000.0,XU100.IS,bist100
2008-06-23,379.2239990234375,380.64801025390625,372.6520080566406,375.8370056152344,375.83502197265625,17507230000.0,XU100.IS,bist100
2008-06-24,376.4440002441406,377.3559875488281,367.38299560546875,372.7590026855469,372.75701904296875,24924770000.0,XU100.IS,bist100
2008-06-25,373.93499755859375,375.885986328125,372.135009765625,375.72601318359375,375.7240295410156,17156130000.0,XU100.IS,bist100
2008-06-26,374.57598876953125,375.1610107421875,364.88299560546875,365.7900085449219,365.7880554199219,22722330000.0,XU100.IS,bist100
2008-06-27,362.947998046875,364.9410095214844,354.14599609375,358.29400634765625,358.2921142578125,34492430000.0,XU100.IS,bist100
2008-06-30,359.010009765625,362.8299865722656,348.7950134277344,350.8949890136719,350.89312744140625,24059710000.0,XU100.IS,bist100
2008-07-01,348.81500244140625,349.4429931640625,328.8169860839844,332.0820007324219,332.0802307128906,45136960000.0,XU100.IS,bist100
2008-07-02,333.08099365234375,338.5509948730469,326.87701416015625,335.66400146484375,335.6622314453125,38626080000.0,XU100.IS,bist100
2008-07-03,329.9939880371094,344.50201416015625,326.4590148925781,339.197998046875,339.1961975097656,45196110000.0,XU100.IS,bist100
2008-07-04,341.37298583984375,345.677001953125,340.77899169921875,343.0039978027344,343.0021667480469,26444470000.0,XU100.IS,bist100
2008-07-07,345.7460021972656,351.02099609375,345.7279968261719,350.1000061035156,350.09814453125,25781470000.0,XU100.IS,bist100
2008-07-08,344.10198974609375,349.89898681640625,341.49200439453125,348.9469909667969,348.94512939453125,30333010000.0,XU100.IS,bist100
2008-07-09,352.6080017089844,359.94500732421875,352.6080017089844,356.0329895019531,356.0310974121094,42565180000.0,XU100.IS,bist100
2008-07-10,351.5190124511719,360.3919982910156,351.0580139160156,355.7460021972656,355.7441101074219,41643930000.0,XU100.IS,bist100
2008-07-11,357.97198486328125,358.1990051269531,344.9419860839844,350.06500244140625,350.0631408691406,28265180000.0,XU100.IS,bist100
2008-07-14,352.02398681640625,361.50201416015625,352.02398681640625,358.26300048828125,358.2611083984375,26560720000.0,XU100.IS,bist100
2008-07-15,354.9679870605469,355.58599853515625,349.8030090332031,352.54998779296875,352.5481262207031,22700940000.0,XU100.IS,bist100
2008-07-16,355.88299560546875,363.7439880371094,352.9570007324219,363.7439880371094,363.7420654296875,39885630000.0,XU100.IS,bist100
2008-07-17,370.5320129394531,380.2510070800781,369.96600341796875,376.9530029296875,376.95098876953125,48492670000.0,XU100.IS,bist100
2008-07-18,375.5360107421875,387.8299865722656,374.8110046386719,379.46600341796875,379.4639892578125,49122380000.0,XU100.IS,bist100
2008-07-21,381.7799987792969,389.24798583984375,381.3139953613281,387.0379943847656,387.03594970703125,36534290000.0,XU100.IS,bist100
2008-07-22,384.5150146484375,384.9700012207031,374.9750061035156,376.1619873046875,376.1600036621094,32488690000.0,XU100.IS,bist100
2008-07-23,381.3070068359375,386.87200927734375,381.3070068359375,385.5559997558594,385.553955078125,36902160000.0,XU100.IS,bist100
2008-07-24,387.4490051269531,390.6449890136719,384.2040100097656,389.4440002441406,389.4419250488281,37065270000.0,XU100.IS,bist100
2008-07-25,383.85198974609375,385.87799072265625,371.6090087890625,375.57000732421875,375.5680236816406,29233680000.0,XU100.IS,bist100
2008-07-28,375.875,382.3389892578125,370.79400634765625,381.2090148925781,381.2070007324219,23591610000.0,XU100.IS,bist100
2008-07-29,375.60400390625,391.5369873046875,374.6780090332031,391.5369873046875,391.534912109375,37490230000.0,XU100.IS,bist100
2008-07-30,401.718994140625,414.3500061035156,401.64599609375,413.4230041503906,413.4208068847656,61048730000.0,XU100.IS,bist100
2008-07-31,432.0769958496094,432.8559875488281,413.45001220703125,422.00799560546875,422.0057678222656,75951660000.0,XU100.IS,bist100
2008-08-01,419.1390075683594,429.84698486328125,417.2250061035156,429.84698486328125,429.8446960449219,46211060000.0,XU100.IS,bist100
2008-08-04,428.13800048828125,436.02301025390625,427.12701416015625,432.593994140625,432.5917053222656,43392960000.0,XU100.IS,bist100
2008-08-05,433.3059997558594,433.3059997558594,420.92999267578125,422.37799072265625,422.3757629394531,43066780000.0,XU100.IS,bist100
2008-08-06,428.71099853515625,431.260009765625,419.0509948730469,420.7590026855469,420.75677490234375,42529310000.0,XU100.IS,bist100
2008-08-07,420.17498779296875,422.3599853515625,412.7099914550781,416.2770080566406,416.2748107910156,40064540000.0,XU100.IS,bist100
2008-08-08,414.79901123046875,417.8900146484375,407.70599365234375,409.4989929199219,409.496826171875,37931050000.0,XU100.IS,bist100
2008-08-11,413.48699951171875,417.3330078125,410.07000732421875,417.3330078125,417.3307800292969,27673890000.0,XU100.IS,bist100
2008-08-12,416.6969909667969,419.3399963378906,412.8479919433594,414.6180114746094,414.6158142089844,34462730000.0,XU100.IS,bist100
2008-08-13,412.4200134277344,414.7699890136719,410.2659912109375,412.53900146484375,412.53680419921875,26053230000.0,XU100.IS,bist100
2008-08-14,413.4129943847656,419.77899169921875,413.4129943847656,417.1050109863281,417.102783203125,32314750000.0,XU100.IS,bist100
2008-08-15,421.36700439453125,424.0820007324219,418.05499267578125,421.9440002441406,421.9417724609375,29683480000.0,XU100.IS,bist100
2008-08-18,421.5929870605469,423.614990234375,417.97198486328125,419.468994140625,419.4667663574219,23692420000.0,XU100.IS,bist100
2008-08-19,415.8299865722656,416.1369934082031,403.8689880371094,404.8810119628906,404.8788757324219,26142220000.0,XU100.IS,bist100
2008-08-20,406.2030029296875,407.3269958496094,395.68798828125,398.0140075683594,398.01190185546875,28405940000.0,XU100.IS,bist100
2008-08-21,396.5260009765625,400.13299560546875,391.9809875488281,395.6960144042969,395.69390869140625,24263500000.0,XU100.IS,bist100
2008-08-22,396.7640075683594,410.3500061035156,396.7640075683594,408.9429931640625,408.9408264160156,34286750000.0,XU100.IS,bist100
2008-08-25,410.4639892578125,412.65301513671875,405.4129943847656,406.9150085449219,406.912841796875,22837520000.0,XU100.IS,bist100
2008-08-26,402.2850036621094,406.60101318359375,398.82598876953125,400.9750061035156,400.9728698730469,24847620000.0,XU100.IS,bist100
2008-08-27,401.39801025390625,403.57501220703125,394.0679931640625,395.760009765625,395.7579040527344,20285110000.0,XU100.IS,bist100
2008-08-28,396.80999755859375,401.6510009765625,394.5270080566406,401.5,401.49786376953125,26862240000.0,XU100.IS,bist100
2008-08-29,404.6289978027344,405.0140075683594,396.52398681640625,398.44500732421875,398.4429016113281,21016350000.0,XU100.IS,bist100
2008-09-01,393.8059997558594,395.1919860839844,389.572998046875,394.5679931640625,394.5658874511719,15733440000.0,XU100.IS,bist100
2008-09-02,392.62200927734375,404.4259948730469,389.99700927734375,404.3710021972656,404.3688659667969,33408030000.0,XU100.IS,bist100
2008-09-03,398.7439880371094,403.97900390625,396.78900146484375,403.2850036621094,403.2828674316406,30118720000.0,XU100.IS,bist100
2008-09-04,403.3009948730469,403.6700134277344,394.0610046386719,395.5639953613281,395.5618896484375,26152170000.0,XU100.IS,bist100
2008-09-05,385.35400390625,391.156005859375,384.9230041503906,391.156005859375,391.1539306640625,28239330000.0,XU100.IS,bist100
2008-09-08,403.07598876953125,407.5429992675781,401.45098876953125,405.1709899902344,405.1688537597656,41108450000.0,XU100.IS,bist100
2008-09-09,403.5159912109375,408.822998046875,398.4200134277344,401.2460021972656,401.2438659667969,35095810000.0,XU100.IS,bist100
2008-09-10,398.1099853515625,399.72601318359375,391.4739990234375,392.95001220703125,392.94793701171875,39079880000.0,XU100.IS,bist100
2008-09-11,390.4630126953125,391.1600036621094,371.4330139160156,373.8810119628906,373.8790283203125,35714230000.0,XU100.IS,bist100
2008-09-12,380.6239929199219,381.6059875488281,367.7969970703125,370.3389892578125,370.3370361328125,39514100000.0,XU100.IS,bist100
2008-09-15,361.02899169921875,361.02899169921875,346.68701171875,350.8139953613281,350.8121337890625,41078830000.0,XU100.IS,bist100
2008-09-16,344.7550048828125,347.5419921875,333.593994140625,337.364013671875,337.3622131347656,43920750000.0,XU100.IS,bist100
2008-09-17,345.3450012207031,349.5220031738281,320.9410095214844,327.2760009765625,327.2742614746094,56186270000.0,XU100.IS,bist100
2008-09-18,319.2430114746094,328.6600036621094,309.7120056152344,322.16400146484375,322.16229248046875,65592340000.0,XU100.IS,bist100
2008-09-19,343.5069885253906,368.64300537109375,341.5379943847656,363.7019958496094,363.7000732421875,100274130000.0,XU100.IS,bist100
2008-09-22,364.4649963378906,366.6390075683594,356.3479919433594,361.83599853515625,361.8340759277344,43996910000.0,XU100.IS,bist100
2008-09-23,353.2130126953125,356.989013671875,347.6419982910156,354.5419921875,354.54010009765625,38857580000.0,XU100.IS,bist100
2008-09-24,354.3630065917969,358.74798583984375,347.03399658203125,351.77099609375,351.7691345214844,37214180000.0,XU100.IS,bist100
2008-09-25,351.29998779296875,363.8269958496094,350.14801025390625,363.6180114746094,363.6160888671875,48523460000.0,XU100.IS,bist100
2008-09-26,356.7539978027344,365.5660095214844,354.6260070800781,365.5660095214844,365.5640563964844,40231680000.0,XU100.IS,bist100
2008-09-29,362.4549865722656,365.4129943847656,356.156005859375,360.51300048828125,360.5110778808594,15049710000.0,XU100.IS,bist100
2008-10-03,339.4519958496094,345.5299987792969,335.92401123046875,345.5299987792969,345.5281677246094,31926290000.0,XU100.IS,bist100
2008-10-06,330.6830139160156,330.6830139160156,314.635009765625,315.74700927734375,315.7453308105469,44124110000.0,XU100.IS,bist100
2008-10-07,321.10400390625,324.9200134277344,311.8240051269531,315.6189880371094,315.6173095703125,57282220000.0,XU100.IS,bist100
2008-10-08,294.4230041503906,314.5929870605469,289.11199951171875,307.72601318359375,307.7243957519531,103115170000.0,XU100.IS,bist100
2008-10-09,310.5459899902344,315.9649963378906,305.9079895019531,308.7869873046875,308.78533935546875,54969920000.0,XU100.IS,bist100
2008-10-10,283.79998779296875,291.2139892578125,280.79998779296875,284.9590148925781,284.9574890136719,67809760000.0,XU100.IS,bist100
2008-10-13,299.9320068359375,301.9020080566406,288.07501220703125,289.6189880371094,289.6174621582031,51736400000.0,XU100.IS,bist100
2008-10-14,308.7560119628906,308.7560119628906,301.1409912109375,305.36199951171875,305.3603820800781,62679470000.0,XU100.IS,bist100
2008-10-15,304.30999755859375,304.7149963378906,291.80499267578125,294.43701171875,294.4354553222656,40573050000.0,XU100.IS,bist100
2008-10-16,275.01800537109375,281.8590087890625,270.1180114746094,276.0069885253906,276.0055236816406,74174280000.0,XU100.IS,bist100
2008-10-17,281.2030029296875,281.2030029296875,258.3290100097656,258.7019958496094,258.70062255859375,63443280000.0,XU100.IS,bist100
2008-10-20,264.0849914550781,268.1210021972656,258.54998779296875,267.635986328125,267.6345520019531,56893580000.0,XU100.IS,bist100
2008-10-21,270.2799987792969,279.7929992675781,266.552001953125,267.2330017089844,267.2315979003906,80306580000.0,XU100.IS,bist100
2008-10-22,259.80999755859375,265.4809875488281,255.78599548339844,256.2430114746094,256.24163818359375,52608460000.0,XU100.IS,bist100
2008-10-23,254.91400146484375,260.21099853515625,240.84100341796875,250.4080047607422,250.40667724609375,90747400000.0,XU100.IS,bist100
2008-10-24,240.76199340820312,245.2989959716797,235.71600341796875,241.76699829101562,241.76571655273438,59812120000.0,XU100.IS,bist100
2008-10-27,236.30299377441406,244.35800170898438,234.45199584960938,243.36700439453125,243.36570739746094,55499390000.0,XU100.IS,bist100
2008-10-28,247.20199584960938,250.43800354003906,246.375,248.95199584960938,248.95066833496094,32461730000.0,XU100.IS,bist100
2008-10-30,266.85101318359375,271.8160095214844,264.9670104980469,267.3349914550781,267.3335876464844,78286020000.0,XU100.IS,bist100
2008-10-31,266.6969909667969,278.5920104980469,262.2850036621094,278.3290100097656,278.3275451660156,78220070000.0,XU100.IS,bist100
2008-11-03,281.3160095214844,286.08099365234375,277.82000732421875,279.87701416015625,279.8755187988281,47597130000.0,XU100.IS,bist100
2008-11-04,280.74798583984375,294.0010070800781,276.1709899902344,293.4339904785156,293.43243408203125,66369730000.0,XU100.IS,bist100
2008-11-05,293.6319885253906,293.6319885253906,278.5589904785156,278.5589904785156,278.5575256347656,52813800000.0,XU100.IS,bist100
2008-11-06,272.0220031738281,276.9739990234375,268.5570068359375,273.73699951171875,273.73553466796875,64352450000.0,XU100.IS,bist100
2008-11-07,272.43701171875,275.59100341796875,265.0610046386719,266.48199462890625,266.4805908203125,44020730000.0,XU100.IS,bist100
2008-11-10,271.2090148925781,276.6650085449219,267.822998046875,267.97900390625,267.9775695800781,36352800000.0,XU100.IS,bist100
2008-11-11,263.1239929199219,263.1239929199219,257.77301025390625,258.8919982910156,258.890625,32976510000.0,XU100.IS,bist100
2008-11-12,260.79901123046875,260.8269958496094,250.09100341796875,253.4250030517578,253.4236602783203,47739510000.0,XU100.IS,bist100
2008-11-13,245.00999450683594,253.22999572753906,245.00999450683594,251.0,250.99867248535156,59374590000.0,XU100.IS,bist100
2008-11-14,255.45399475097656,257.6830139160156,252.2740020751953,254.2530059814453,254.2516632080078,53332890000.0,XU100.IS,bist100
2008-11-17,253.02099609375,253.87399291992188,239.45399475097656,240.46499633789062,240.46371459960938,52868000000.0,XU100.IS,bist100
2008-11-18,237.68600463867188,238.8699951171875,229.04600524902344,234.9510040283203,234.9497528076172,56542290000.0,XU100.IS,bist100
2008-11-19,235.1750030517578,235.1750030517578,218.36000061035156,219.29299926757812,219.29183959960938,54021940000.0,XU100.IS,bist100
2008-11-20,213.2779998779297,213.98300170898438,209.1219940185547,212.2830047607422,212.28187561035156,65523010000.0,XU100.IS,bist100
2008-11-21,217.53799438476562,222.57899475097656,212.4340057373047,219.66000366210938,219.65884399414062,68274340000.0,XU100.IS,bist100
2008-11-24,226.36300659179688,242.59500122070312,226.03399658203125,241.3699951171875,241.36871337890625,79185170000.0,XU100.IS,bist100
2008-11-25,243.13699340820312,246.76400756835938,238.53599548339844,244.24600219726562,244.2447052001953,89014140000.0,XU100.IS,bist100
2008-11-26,242.5540008544922,244.322998046875,238.36399841308594,244.08599853515625,244.08470153808594,52240440000.0,XU100.IS,bist100
2008-11-27,248.25100708007812,255.47900390625,248.09500122070312,253.83399963378906,253.83265686035156,66252790000.0,XU100.IS,bist100
2008-11-28,254.77000427246094,258.4679870605469,249.47900390625,257.1499938964844,257.14862060546875,63325850000.0,XU100.IS,bist100
2008-12-01,256.3489990234375,256.3489990234375,242.5399932861328,243.3179931640625,243.3166961669922,39545990000.0,XU100.IS,bist100
2008-12-02,234.6060028076172,246.66099548339844,230.78799438476562,244.2550048828125,244.2537078857422,62631860000.0,XU100.IS,bist100
2008-12-03,245.52099609375,247.2449951171875,238.13900756835938,239.36700439453125,239.36573791503906,44642410000.0,XU100.IS,bist100
2008-12-04,242.5070037841797,247.41900634765625,242.39700317382812,246.7100067138672,246.7086944580078,58867660000.0,XU100.IS,bist100
2008-12-05,245.96299743652344,246.01400756835938,238.4720001220703,240.3470001220703,240.34571838378906,38396750000.0,XU100.IS,bist100
2008-12-12,240.35800170898438,249.98599243164062,240.35800170898438,249.36900329589844,249.36767578125,46241880000.0,XU100.IS,bist100
2008-12-15,254.10699462890625,260.0419921875,252.76600646972656,255.98500061035156,255.983642578125,62262360000.0,XU100.IS,bist100
2008-12-16,255.072998046875,263.9580078125,254.79400634765625,263.9580078125,263.95660400390625,65811340000.0,XU100.IS,bist100
2008-12-17,269.52801513671875,270.3420104980469,263.9389953613281,267.6510009765625,267.6495666503906,57498400000.0,XU100.IS,bist100
2008-12-18,267.77398681640625,269.6579895019531,263.6419982910156,263.9549865722656,263.9535827636719,45681850000.0,XU100.IS,bist100
2008-12-19,264.3599853515625,267.5039978027344,260.1889953613281,262.0539855957031,262.0525817871094,43850750000.0,XU100.IS,bist100
2008-12-22,262.4339904785156,263.3689880371094,260.2019958496094,261.989990234375,261.98858642578125,22852960000.0,XU100.IS,bist100
2008-12-23,260.69500732421875,263.71099853515625,260.4070129394531,262.9419860839844,262.9405822753906,20259040000.0,XU100.IS,bist100
2008-12-24,262.2640075683594,263.83599853515625,259.6619873046875,260.54998779296875,260.5486145019531,11846440000.0,XU100.IS,bist100
2008-12-25,260.64898681640625,261.4930114746094,259.2300109863281,260.59100341796875,260.5896301269531,0.0,XU100.IS,bist100
2008-12-26,261.3869934082031,265.6860046386719,261.281005859375,264.989990234375,264.98858642578125,15707880000.0,XU100.IS,bist100
2008-12-29,264.9939880371094,268.1629943847656,263.27801513671875,264.2359924316406,264.2345886230469,22445310000.0,XU100.IS,bist100
2008-12-30,265.0329895019531,266.5610046386719,263.99200439453125,264.1109924316406,264.1095886230469,25702740000.0,XU100.IS,bist100
2008-12-31,265.85101318359375,272.2829895019531,262.21099853515625,268.6409912109375,268.6395568847656,42845950000.0,XU100.IS,bist100
2009-01-02,271.47900390625,273.3210144042969,269.4119873046875,270.0559997558594,270.0545654296875,42758460000.0,XU100.IS,bist100
2009-01-05,275.89300537109375,280.9630126953125,275.89300537109375,279.8869934082031,279.885498046875,68106900000.0,XU100.IS,bist100
2009-01-06,280.3340148925781,287.32501220703125,280.16400146484375,287.093994140625,287.09246826171875,73194120000.0,XU100.IS,bist100
2009-01-07,286.5199890136719,286.7300109863281,277.27398681640625,278.927001953125,278.925537109375,50966800000.0,XU100.IS,bist100
2009-01-08,272.9219970703125,273.60101318359375,261.20599365234375,262.10400390625,262.10260009765625,56369400000.0,XU100.IS,bist100
2009-01-09,264.552001953125,270.88800048828125,262.77398681640625,264.70098876953125,264.6995849609375,57581090000.0,XU100.IS,bist100
2009-01-12,262.1610107421875,262.1610107421875,255.8249969482422,257.08599853515625,257.0846252441406,34603290000.0,XU100.IS,bist100
2009-01-13,253.8939971923828,261.6610107421875,251.96800231933594,261.0870056152344,261.08563232421875,45657600000.0,XU100.IS,bist100
2009-01-14,263.1719970703125,264.00799560546875,250.1230010986328,250.5570068359375,250.55567932128906,54679210000.0,XU100.IS,bist100
2009-01-15,248.52200317382812,255.56100463867188,248.33900451660156,250.72300720214844,250.7216796875,58762770000.0,XU100.IS,bist100
2009-01-16,258.0580139160156,259.9209899902344,255.26199340820312,256.30999755859375,256.3086242675781,46639660000.0,XU100.IS,bist100
2009-01-19,258.6499938964844,258.8280029296875,248.83900451660156,250.5590057373047,250.55767822265625,42904720000.0,XU100.IS,bist100
2009-01-20,249.22500610351562,254.27999877929688,246.4980010986328,247.14700317382812,247.14569091796875,49604740000.0,XU100.IS,bist100
2009-01-21,242.5709991455078,247.36099243164062,240.35299682617188,247.36099243164062,247.35968017578125,54649690000.0,XU100.IS,bist100
2009-01-22,252.10000610351562,253.05299377441406,244.8990020751953,246.41900634765625,246.41769409179688,54312610000.0,XU100.IS,bist100
2009-01-23,245.2949981689453,248.36599731445312,243.3260040283203,247.8179931640625,247.81668090820312,45053140000.0,XU100.IS,bist100
2009-01-26,248.73599243164062,259.70001220703125,248.48599243164062,259.70001220703125,259.6986389160156,63269410000.0,XU100.IS,bist100
2009-01-27,260.46600341796875,262.59600830078125,254.8000030517578,257.9830017089844,257.98162841796875,58183740000.0,XU100.IS,bist100
2009-01-28,262.5169982910156,267.7250061035156,262.5169982910156,267.0559997558594,267.0545959472656,61348740000.0,XU100.IS,bist100
2009-01-29,266.72698974609375,266.72698974609375,260.1109924316406,261.6300048828125,261.6286315917969,46293860000.0,XU100.IS,bist100
2009-01-30,257.3290100097656,261.22698974609375,255.6739959716797,259.343994140625,259.3426208496094,39835180000.0,XU100.IS,bist100
2009-02-02,255.61399841308594,257.1889953613281,252.34800720214844,252.70799255371094,252.70664978027344,25862890000.0,XU100.IS,bist100
2009-02-03,254.9510040283203,258.739990234375,254.33700561523438,256.5989990234375,256.5976257324219,36108030000.0,XU100.IS,bist100
2009-02-04,259.70599365234375,263.0799865722656,258.6889953613281,261.4110107421875,261.4096374511719,39874500000.0,XU100.IS,bist100
2009-02-05,258.50799560546875,260.3800048828125,256.6929931640625,257.74200439453125,257.7406311035156,31867650000.0,XU100.IS,bist100
2009-02-06,261.260009765625,267.8389892578125,261.260009765625,267.35198974609375,267.3505859375,52158630000.0,XU100.IS,bist100
2009-02-09,267.989013671875,271.3190002441406,267.89801025390625,270.4049987792969,270.403564453125,49677610000.0,XU100.IS,bist100
2009-02-10,268.49798583984375,269.23699951171875,259.0459899902344,259.6610107421875,259.6596374511719,49443020000.0,XU100.IS,bist100
2009-02-11,254.2570037841797,255.13999938964844,249.7480010986328,253.98399353027344,253.98265075683594,39114010000.0,XU100.IS,bist100
2009-02-12,254.5749969482422,256.74798583984375,248.99200439453125,250.2310028076172,250.22967529296875,38932760000.0,XU100.IS,bist100
2009-02-13,254.4409942626953,255.6230010986328,249.61399841308594,251.9949951171875,251.99365234375,47454460000.0,XU100.IS,bist100
2009-02-16,250.11700439453125,250.84300231933594,247.20700073242188,249.11500549316406,249.11367797851562,28782860000.0,XU100.IS,bist100
2009-02-17,246.44500732421875,247.11399841308594,237.5449981689453,239.0760040283203,239.07473754882812,46986400000.0,XU100.IS,bist100
2009-02-18,240.11900329589844,241.8280029296875,231.60000610351562,238.44700622558594,238.44573974609375,67895360000.0,XU100.IS,bist100
2009-02-19,241.28900146484375,245.27999877929688,240.38400268554688,244.3990020751953,244.397705078125,46398830000.0,XU100.IS,bist100
2009-02-20,239.72000122070312,240.10499572753906,234.531005859375,235.7949981689453,235.7937469482422,45715620000.0,XU100.IS,bist100
2009-02-23,240.14700317382812,241.96600341796875,237.83599853515625,239.91000366210938,239.9087371826172,43566730000.0,XU100.IS,bist100
2009-02-24,235.29400634765625,240.68699645996094,234.36599731445312,240.3249969482422,240.32371520996094,52791170000.0,XU100.IS,bist100
2009-02-25,244.55499267578125,245.54400634765625,240.8249969482422,241.5229949951172,241.52171325683594,35520530000.0,XU100.IS,bist100
2009-02-26,242.4810028076172,243.43600463867188,240.3470001220703,241.68600463867188,241.68472290039062,40995600000.0,XU100.IS,bist100
2009-02-27,240.4040069580078,241.07000732421875,236.3780059814453,240.26600646972656,240.2647247314453,42587610000.0,XU100.IS,bist100
2009-03-02,236.7949981689453,237.56100463867188,234.24899291992188,236.99899291992188,236.99774169921875,39227730000.0,XU100.IS,bist100
2009-03-03,235.08599853515625,237.7429962158203,234.8560028076172,237.52000427246094,237.51873779296875,36639120000.0,XU100.IS,bist100
2009-03-04,239.406005859375,240.20199584960938,236.7969970703125,239.40699768066406,239.40573120117188,28320330000.0,XU100.IS,bist100
2009-03-05,239.93699645996094,239.93699645996094,228.9600067138672,230.36000061035156,230.35877990722656,39704310000.0,XU100.IS,bist100
2009-03-06,228.3780059814453,232.1999969482422,227.21299743652344,232.1999969482422,232.19876098632812,41995550000.0,XU100.IS,bist100
2009-03-09,232.7270050048828,233.89199829101562,226.58799743652344,230.5500030517578,230.5487823486328,49067770000.0,XU100.IS,bist100
2009-03-10,231.10800170898438,233.91799926757812,229.13600158691406,233.1540069580078,233.15277099609375,44529580000.0,XU100.IS,bist100
2009-03-11,235.65199279785156,236.9320068359375,231.9530029296875,232.8260040283203,232.82476806640625,55457260000.0,XU100.IS,bist100
2009-03-12,230.94000244140625,235.39500427246094,225.83099365234375,235.39500427246094,235.3937530517578,52639100000.0,XU100.IS,bist100
2009-03-13,238.94000244140625,240.40499877929688,235.3990020751953,236.1529998779297,236.15174865722656,64023970000.0,XU100.IS,bist100
2009-03-16,237.5019989013672,238.9600067138672,234.88099670410156,236.2030029296875,236.20175170898438,49082550000.0,XU100.IS,bist100
2009-03-17,235.93600463867188,235.95799255371094,232.86399841308594,234.5279998779297,234.52674865722656,49232260000.0,XU100.IS,bist100
2009-03-18,236.93099975585938,237.35899353027344,232.4320068359375,234.9720001220703,234.9707489013672,45643890000.0,XU100.IS,bist100
2009-03-19,236.70399475097656,241.1490020751953,235.88800048828125,239.68800354003906,239.68673706054688,61055440000.0,XU100.IS,bist100
2009-03-20,238.24200439453125,241.05499267578125,237.60499572753906,240.38900756835938,240.38772583007812,42300670000.0,XU100.IS,bist100
2009-03-23,244.35299682617188,249.1929931640625,244.33799743652344,249.1929931640625,249.19166564941406,73160690000.0,XU100.IS,bist100
2009-03-24,253.68499755859375,255.32000732421875,248.6750030517578,250.01600646972656,250.01467895507812,80465780000.0,XU100.IS,bist100
2009-03-25,249.72500610351562,255.43299865722656,249.01699829101562,255.36399841308594,255.36264038085938,67176860000.0,XU100.IS,bist100
2009-03-26,257.14599609375,257.5379943847656,253.56199645996094,254.09800720214844,254.09666442871094,65766690000.0,XU100.IS,bist100
2009-03-27,255.33399963378906,256.9729919433594,253.96600341796875,256.9729919433594,256.97161865234375,53069680000.0,XU100.IS,bist100
2009-03-30,250.67300415039062,252.23399353027344,248.46099853515625,251.43600463867188,251.43467712402344,39852550000.0,XU100.IS,bist100
2009-03-31,252.33599853515625,257.64801025390625,251.31399536132812,257.64801025390625,257.6466369628906,50217270000.0,XU100.IS,bist100
2009-04-01,256.1619873046875,260.14801025390625,255.58200073242188,259.4360046386719,259.43463134765625,58491100000.0,XU100.IS,bist100
2009-04-02,265.45599365234375,267.7650146484375,264.08599853515625,267.7120056152344,267.7105712890625,74763970000.0,XU100.IS,bist100
2009-04-03,267.4939880371094,271.8059997558594,264.7950134277344,266.3110046386719,266.3096008300781,76479370000.0,XU100.IS,bist100
2009-04-06,270.2380065917969,272.5530090332031,265.2330017089844,266.5069885253906,266.5055847167969,57563650000.0,XU100.IS,bist100
2009-04-07,266.9169921875,268.1780090332031,262.5450134277344,263.7760009765625,263.77459716796875,47041030000.0,XU100.IS,bist100
2009-04-08,261.1700134277344,276.5360107421875,259.7919921875,276.5360107421875,276.5345458984375,73029380000.0,XU100.IS,bist100
2009-04-09,280.6210021972656,285.52301025390625,276.5669860839844,285.4649963378906,285.4634704589844,100049010000.0,XU100.IS,bist100
2009-04-10,286.3789978027344,288.94500732421875,283.45098876953125,288.38299560546875,288.3814697265625,54854150000.0,XU100.IS,bist100
2009-04-13,287.7659912109375,290.9700012207031,283.6730041503906,284.4700012207031,284.468505859375,50063650000.0,XU100.IS,bist100
2009-04-14,284.50299072265625,288.9200134277344,279.60198974609375,281.6080017089844,281.60650634765625,72121550000.0,XU100.IS,bist100
2009-04-15,278.0660095214844,284.0150146484375,277.4909973144531,283.2430114746094,283.24151611328125,63966110000.0,XU100.IS,bist100
2009-04-16,286.260986328125,295.3160095214844,286.260986328125,295.23199462890625,295.2304382324219,95561330000.0,XU100.IS,bist100
2009-04-17,296.0159912109375,298.96600341796875,293.364013671875,294.4599914550781,294.45843505859375,77303550000.0,XU100.IS,bist100
2009-04-20,294.02899169921875,297.9280090332031,284.1650085449219,285.4840087890625,285.48248291015625,71894000000.0,XU100.IS,bist100
2009-04-21,284.5669860839844,287.37200927734375,280.718994140625,286.7860107421875,286.78448486328125,68747020000.0,XU100.IS,bist100
2009-04-22,288.45599365234375,292.6910095214844,287.2309875488281,289.5679931640625,289.56646728515625,75019950000.0,XU100.IS,bist100
2009-04-24,290.9179992675781,297.1860046386719,290.0950012207031,296.7560119628906,296.7544250488281,76429670000.0,XU100.IS,bist100
2009-04-27,293.43701171875,297.9200134277344,291.9530029296875,295.52301025390625,295.5214538574219,64812010000.0,XU100.IS,bist100
2009-04-28,293.32598876953125,295.63800048828125,289.7139892578125,291.8900146484375,291.8884582519531,75874940000.0,XU100.IS,bist100
2009-04-29,295.0409851074219,307.875,295.0409851074219,307.4639892578125,307.4623718261719,124219340000.0,XU100.IS,bist100
2009-04-30,312.19500732421875,318.1940002441406,312.1199951171875,316.51800537109375,316.5163269042969,96512410000.0,XU100.IS,bist100
2009-05-04,319.9620056152344,323.85101318359375,317.40899658203125,321.7070007324219,321.7052917480469,76152250000.0,XU100.IS,bist100
2009-05-05,325.68798828125,333.3420104980469,323.92498779296875,330.1419982910156,330.1402587890625,121741940000.0,XU100.IS,bist100
2009-05-06,328.94000244140625,338.6369934082031,325.9490051269531,337.16900634765625,337.1672058105469,122099130000.0,XU100.IS,bist100
2009-05-07,343.0780029296875,348.35699462890625,327.7659912109375,328.4259948730469,328.42425537109375,122553300000.0,XU100.IS,bist100
2009-05-08,332.65399169921875,332.7640075683594,319.5830078125,328.0570068359375,328.0552673339844,103147320000.0,XU100.IS,bist100
2009-05-11,330.23699951171875,330.7950134277344,320.3299865722656,322.031005859375,322.029296875,79588620000.0,XU100.IS,bist100
2009-05-12,320.9960021972656,334.6669921875,320.9960021972656,330.4330139160156,330.4312744140625,95842200000.0,XU100.IS,bist100
2009-05-13,335.5719909667969,338.1780090332031,326.0639953613281,328.28900146484375,328.2872619628906,88701290000.0,XU100.IS,bist100
2009-05-14,326.2919921875,331.2489929199219,322.677001953125,330.9490051269531,330.9472351074219,72985370000.0,XU100.IS,bist100
2009-05-15,336.2950134277344,338.031005859375,329.1409912109375,334.8450012207031,334.8432312011719,85106220000.0,XU100.IS,bist100
2009-05-18,329.47198486328125,336.6610107421875,327.2510070800781,336.6610107421875,336.6592102050781,64610310000.0,XU100.IS,bist100
2009-05-20,342.4630126953125,352.2349853515625,339.23699951171875,351.3970031738281,351.3951416015625,113718460000.0,XU100.IS,bist100
2009-05-21,349.4460144042969,353.84100341796875,345.0299987792969,347.20599365234375,347.20416259765625,106537480000.0,XU100.IS,bist100
2009-05-22,347.54998779296875,352.5320129394531,347.1390075683594,350.1449890136719,350.14312744140625,72681620000.0,XU100.IS,bist100
2009-05-25,351.4739990234375,354.0769958496094,347.1650085449219,354.0769958496094,354.0751037597656,76038540000.0,XU100.IS,bist100
2009-05-26,354.4519958496094,357.20098876953125,343.8139953613281,348.6059875488281,348.6041259765625,131214140000.0,XU100.IS,bist100
2009-05-27,353.54901123046875,356.09100341796875,348.3219909667969,351.68701171875,351.6851501464844,107952020000.0,XU100.IS,bist100
2009-05-28,348.3800048828125,352.2929992675781,347.04901123046875,350.2099914550781,350.2081298828125,79942620000.0,XU100.IS,bist100
2009-05-29,354.1659851074219,356.4469909667969,348.36199951171875,350.0299987792969,350.02813720703125,91220950000.0,XU100.IS,bist100
2009-06-01,358.0539855957031,360.0169982910156,353.31201171875,360.0169982910156,360.01507568359375,69995760000.0,XU100.IS,bist100
2009-06-02,360.17498779296875,362.1419982910156,355.75299072265625,357.22198486328125,357.2200927734375,95594470000.0,XU100.IS,bist100
2009-06-03,358.4490051269531,359.4909973144531,347.9540100097656,349.3219909667969,349.32012939453125,89123200000.0,XU100.IS,bist100
2009-06-04,349.7919921875,349.99798583984375,340.4460144042969,342.6889953613281,342.6871643066406,74096640000.0,XU100.IS,bist100
2009-06-05,346.989990234375,350.27398681640625,342.0780029296875,347.50201416015625,347.50018310546875,94940780000.0,XU100.IS,bist100
2009-06-08,345.1719970703125,345.1719970703125,334.968994140625,336.5559997558594,336.55419921875,71807000000.0,XU100.IS,bist100
2009-06-09,339.47198486328125,340.07000732421875,332.64801025390625,338.0669860839844,338.065185546875,59253890000.0,XU100.IS,bist100
2009-06-10,341.9630126953125,345.4840087890625,341.37799072265625,343.89300537109375,343.89117431640625,69364370000.0,XU100.IS,bist100
2009-06-11,344.24798583984375,347.7869873046875,342.0249938964844,347.2380065917969,347.2361755371094,69065530000.0,XU100.IS,bist100
2009-06-12,347.6700134277344,350.427001953125,345.7070007324219,348.1669921875,348.1651306152344,54232710000.0,XU100.IS,bist100
2009-06-15,347.2919921875,349.04998779296875,344.83099365234375,346.9079895019531,346.9061584472656,58032310000.0,XU100.IS,bist100
2009-06-16,344.6549987792969,347.7149963378906,343.2829895019531,345.3699951171875,345.3681640625,55690820000.0,XU100.IS,bist100
2009-06-17,345.677001953125,348.7040100097656,344.5010070800781,345.9540100097656,345.9521789550781,56914350000.0,XU100.IS,bist100
2009-06-18,347.75201416015625,357.156005859375,345.87701416015625,357.156005859375,357.15411376953125,75704130000.0,XU100.IS,bist100
2009-06-19,353.6830139160156,360.00299072265625,351.98199462890625,358.1990051269531,358.1971130371094,82668500000.0,XU100.IS,bist100
2009-06-22,358.02398681640625,360.2720031738281,352.77398681640625,354.0719909667969,354.0700988769531,83383980000.0,XU100.IS,bist100
2009-06-23,349.4880065917969,350.5840148925781,346.3900146484375,349.09100341796875,349.0891418457031,66129860000.0,XU100.IS,bist100
2009-06-24,351.343994140625,357.8659973144531,349.8070068359375,357.5870056152344,357.5851135253906,87598370000.0,XU100.IS,bist100
2009-06-25,358.302001953125,363.7510070800781,357.510986328125,363.2770080566406,363.27508544921875,94191940000.0,XU100.IS,bist100
2009-06-26,365.68499755859375,371.88299560546875,365.68499755859375,367.5589904785156,367.5570373535156,91758580000.0,XU100.IS,bist100
2009-06-29,366.0140075683594,377.18798828125,366.0140075683594,368.4110107421875,368.4090576171875,101400880000.0,XU100.IS,bist100
2009-06-30,372.52398681640625,376.2669982910156,367.5790100097656,369.49200439453125,369.49005126953125,76310950000.0,XU100.IS,bist100
2009-07-01,368.5409851074219,372.7430114746094,368.5409851074219,372.4590148925781,372.45703125,72114460000.0,XU100.IS,bist100
2009-07-02,372.79998779296875,376.3630065917969,368.91900634765625,370.3819885253906,370.3800354003906,81246460000.0,XU100.IS,bist100
2009-07-03,371.5740051269531,372.97601318359375,366.8609924316406,367.97601318359375,367.97406005859375,74861840000.0,XU100.IS,bist100
2009-07-06,365.8370056152344,367.5880126953125,362.6210021972656,367.5880126953125,367.5860595703125,53637450000.0,XU100.IS,bist100
2009-07-07,368.98699951171875,373.4679870605469,367.156005859375,372.125,372.1230163574219,67335200000.0,XU100.IS,bist100
2009-07-08,367.7619934082031,372.1340026855469,367.3089904785156,371.55999755859375,371.5580139160156,56997930000.0,XU100.IS,bist100
2009-07-09,373.7229919433594,376.3179931640625,369.5570068359375,369.87701416015625,369.87506103515625,53630670000.0,XU100.IS,bist100
2009-07-10,370.0409851074219,372.87298583984375,364.9739990234375,367.80499267578125,367.80303955078125,58706320000.0,XU100.IS,bist100
2009-07-13,364.6159973144531,372.18701171875,362.75299072265625,370.0459899902344,370.0440368652344,49167890000.0,XU100.IS,bist100
2009-07-14,375.6099853515625,376.8970031738281,365.8739929199219,367.0119934082031,367.0100402832031,62285740000.0,XU100.IS,bist100
2009-07-15,370.43499755859375,379.1400146484375,370.427001953125,379.1400146484375,379.13800048828125,54600500000.0,XU100.IS,bist100
2009-07-16,381.00299072265625,383.22601318359375,377.0830078125,381.56298828125,381.56097412109375,64065850000.0,XU100.IS,bist100
2009-07-17,382.8800048828125,383.78399658203125,375.87200927734375,377.2669982910156,377.2649841308594,55590040000.0,XU100.IS,bist100
2009-07-20,380.50799560546875,382.8630065917969,378.9159851074219,382.50201416015625,382.5,44328650000.0,XU100.IS,bist100
2009-07-21,383.0880126953125,383.1130065917969,377.8599853515625,380.0780029296875,380.07598876953125,66429870000.0,XU100.IS,bist100
2009-07-22,381.4939880371094,383.4779968261719,379.2049865722656,381.8909912109375,381.88897705078125,65976630000.0,XU100.IS,bist100
2009-07-23,384.2409973144531,389.0199890136719,382.54400634765625,389.0199890136719,389.0179138183594,56769410000.0,XU100.IS,bist100
2009-07-24,390.9570007324219,397.89801025390625,390.489013671875,393.9540100097656,393.9519348144531,74028470000.0,XU100.IS,bist100
2009-07-27,398.8630065917969,401.9519958496094,395.22698974609375,398.4049987792969,398.40289306640625,55549580000.0,XU100.IS,bist100
2009-07-28,399.6669921875,400.6449890136719,395.3190002441406,400.0169982910156,400.0148620605469,63582770000.0,XU100.IS,bist100
2009-07-29,396.38299560546875,404.260009765625,395.197998046875,403.7659912109375,403.76385498046875,75916010000.0,XU100.IS,bist100
2009-07-30,407.56298828125,421.8210144042969,406.68798828125,421.8210144042969,421.81878662109375,115971540000.0,XU100.IS,bist100
2009-07-31,423.5320129394531,436.2749938964844,420.72698974609375,426.4129943847656,426.4107360839844,107888140000.0,XU100.IS,bist100
2009-08-03,430.177001953125,446.1369934082031,425.9209899902344,446.1369934082031,446.1346130371094,81037140000.0,XU100.IS,bist100
2009-08-04,445.2040100097656,448.52398681640625,439.12799072265625,446.9649963378906,446.9626159667969,108655760000.0,XU100.IS,bist100
2009-08-05,447.1709899902344,455.3680114746094,437.0799865722656,438.9939880371094,438.9916687011719,123555160000.0,XU100.IS,bist100
2009-08-06,441.9200134277344,442.4309997558594,427.9490051269531,438.3599853515625,438.357666015625,80874420000.0,XU100.IS,bist100
2009-08-07,435.51300048828125,449.0539855957031,433.20599365234375,447.6759948730469,447.6736145019531,65285430000.0,XU100.IS,bist100
2009-08-10,449.56201171875,453.1059875488281,444.5270080566406,446.8559875488281,446.8536071777344,59283660000.0,XU100.IS,bist100
2009-08-11,448.20599365234375,449.4739990234375,433.44000244140625,436.7900085449219,436.7876892089844,67796820000.0,XU100.IS,bist100
2009-08-12,431.8179931640625,439.7669982910156,425.2489929199219,438.89801025390625,438.89569091796875,70585420000.0,XU100.IS,bist100
2009-08-13,445.427001953125,454.8699951171875,443.1700134277344,444.8420104980469,444.83966064453125,82382880000.0,XU100.IS,bist100
2009-08-14,449.91900634765625,452.531005859375,440.6910095214844,443.02899169921875,443.0266418457031,78028550000.0,XU100.IS,bist100
2009-08-17,433.2869873046875,442.90899658203125,431.0249938964844,442.90899658203125,442.9066467285156,55639900000.0,XU100.IS,bist100
2009-08-18,447.1440124511719,449.9129943847656,439.6629943847656,442.3340148925781,442.3316650390625,58350740000.0,XU100.IS,bist100
2009-08-19,440.9599914550781,456.45001220703125,438.52099609375,456.45001220703125,456.4476013183594,76036170000.0,XU100.IS,bist100
2009-08-20,463.0539855957031,466.18701171875,457.9209899902344,465.5580139160156,465.5555419921875,74821630000.0,XU100.IS,bist100
2009-08-21,463.1059875488281,472.1929931640625,461.32501220703125,471.70098876953125,471.698486328125,70803690000.0,XU100.IS,bist100
2009-08-24,477.5450134277344,480.3389892578125,470.22601318359375,477.718994140625,477.7164611816406,87347100000.0,XU100.IS,bist100
2009-08-25,473.8080139160156,480.9939880371094,471.7919921875,480.7340087890625,480.7314453125,97223840000.0,XU100.IS,bist100
2009-08-26,482.8630065917969,483.34600830078125,467.3659973144531,469.5979919433594,469.5954895019531,108902450000.0,XU100.IS,bist100
2009-08-27,470.27801513671875,477.9469909667969,469.9649963378906,473.8380126953125,473.83551025390625,80941200000.0,XU100.IS,bist100
2009-08-28,478.37200927734375,480.47601318359375,472.18798828125,475.59698486328125,475.5944519042969,78167590000.0,XU100.IS,bist100
2009-08-31,471.7040100097656,474.7619934082031,463.0780029296875,465.5119934082031,465.509521484375,63568320000.0,XU100.IS,bist100
2009-09-01,469.5799865722656,472.5559997558594,462.02899169921875,469.3559875488281,469.3534851074219,57995220000.0,XU100.IS,bist100
2009-09-02,464.1159973144531,465.70001220703125,451.0899963378906,457.6099853515625,457.6075439453125,70904830000.0,XU100.IS,bist100
2009-09-03,459.6520080566406,461.74200439453125,451.0060119628906,461.4599914550781,461.4575500488281,65651650000.0,XU100.IS,bist100
2009-09-04,463.9209899902344,464.5979919433594,450.8689880371094,451.6050109863281,451.60260009765625,58692200000.0,XU100.IS,bist100
2009-09-07,456.6929931640625,458.0140075683594,448.5169982910156,452.739990234375,452.7375793457031,39285440000.0,XU100.IS,bist100
2009-09-08,453.2619934082031,453.9570007324219,445.2909851074219,448.4599914550781,448.4576110839844,42620110000.0,XU100.IS,bist100
2009-09-09,448.4209899902344,449.78900146484375,442.0669860839844,445.85101318359375,445.8486328125,101378730000.0,XU100.IS,bist100
2009-09-10,449.5090026855469,451.3909912109375,441.302001953125,449.2409973144531,449.2386169433594,86268660000.0,XU100.IS,bist100
2009-09-11,452.06500244140625,465.8349914550781,451.59600830078125,465.8349914550781,465.83251953125,78737130000.0,XU100.IS,bist100
2009-09-14,461.4700012207031,467.8389892578125,459.36700439453125,464.9070129394531,464.904541015625,58173130000.0,XU100.IS,bist100
2009-09-15,466.1080017089844,466.5270080566406,456.9219970703125,459.114990234375,459.112548828125,37691180000.0,XU100.IS,bist100
2009-09-16,462.66900634765625,469.9750061035156,462.5469970703125,466.8070068359375,466.8045349121094,68939560000.0,XU100.IS,bist100
2009-09-17,472.052001953125,474.1239929199219,464.9989929199219,469.656005859375,469.65350341796875,54387130000.0,XU100.IS,bist100
2009-09-18,468.3890075683594,472.95001220703125,463.8810119628906,471.61199951171875,471.6094970703125,43166510000.0,XU100.IS,bist100
2009-09-23,472.697998046875,477.5159912109375,471.49700927734375,475.4930114746094,475.490478515625,54259140000.0,XU100.IS,bist100
2009-09-24,472.9460144042969,481.87200927734375,472.2950134277344,479.8030090332031,479.80047607421875,60181470000.0,XU100.IS,bist100
2009-09-25,477.87298583984375,480.40899658203125,472.9580078125,476.25,476.2474670410156,53098680000.0,XU100.IS,bist100
2009-09-28,474.8139953613281,478.77899169921875,473.14599609375,478.15899658203125,478.1564636230469,54582700000.0,XU100.IS,bist100
2009-09-29,480.9809875488281,484.20098876953125,479.60699462890625,483.64801025390625,483.64544677734375,59348260000.0,XU100.IS,bist100
2009-09-30,482.5220031738281,489.8970031738281,477.6400146484375,479.1029968261719,479.1004638671875,75292170000.0,XU100.IS,bist100
2009-10-01,482.2749938964844,484.32000732421875,476.1130065917969,478.04400634765625,478.0414733886719,47296880000.0,XU100.IS,bist100
2009-10-02,472.5830078125,474.0360107421875,461.6940002441406,468.5690002441406,468.5665283203125,54556010000.0,XU100.IS,bist100
2009-10-05,471.21099853515625,479.6809997558594,466.802001953125,479.4840087890625,479.4814758300781,50006200000.0,XU100.IS,bist100
2009-10-06,485.9110107421875,495.3599853515625,484.3089904785156,494.6610107421875,494.65838623046875,81841700000.0,XU100.IS,bist100
2009-10-07,494.6520080566406,500.0010070800781,487.3009948730469,490.3609924316406,490.3583984375,68831400000.0,XU100.IS,bist100
2009-10-08,495.7900085449219,501.9679870605469,495.7900085449219,498.79901123046875,498.7963562011719,74664760000.0,XU100.IS,bist100
2009-10-09,499.5220031738281,504.2120056152344,494.6470031738281,502.17498779296875,502.1723327636719,74107960000.0,XU100.IS,bist100
2009-10-12,505.1789855957031,510.0299987792969,501.3009948730469,510.0299987792969,510.02728271484375,74178560000.0,XU100.IS,bist100
2009-10-13,508.614990234375,512.739990234375,499.1130065917969,500.71600341796875,500.7133483886719,72385770000.0,XU100.IS,bist100
2009-10-14,506.9679870605469,512.1740112304688,506.3450012207031,510.260986328125,510.2582702636719,100989760000.0,XU100.IS,bist100
2009-10-15,513.6699829101562,514.8670043945312,505.14801025390625,510.1789855957031,510.17626953125,90999650000.0,XU100.IS,bist100
2009-10-16,512.6699829101562,512.8460083007812,497.04998779296875,497.9070129394531,497.90435791015625,89595530000.0,XU100.IS,bist100
2009-10-19,498.84100341796875,503.6400146484375,497.8919982910156,502.8689880371094,502.8663330078125,49266000000.0,XU100.IS,bist100
2009-10-20,508.7669982910156,511.4779968261719,503.92498779296875,510.5090026855469,510.50628662109375,71561210000.0,XU100.IS,bist100
2009-10-21,510.1570129394531,513.1699829101562,504.5159912109375,512.9520263671875,512.9492797851562,63252460000.0,XU100.IS,bist100
2009-10-22,508.7720031738281,512.197021484375,506.9859924316406,510.1679992675781,510.165283203125,65380320000.0,XU100.IS,bist100
2009-10-23,515.676025390625,518.6309814453125,512.072998046875,513.8070068359375,513.8042602539062,79939800000.0,XU100.IS,bist100
2009-10-26,514.3179931640625,515.8759765625,509.22198486328125,512.301025390625,512.2982788085938,73537070000.0,XU100.IS,bist100
2009-10-27,509.75201416015625,511.45098876953125,500.14801025390625,504.0060119628906,504.0033264160156,80958860000.0,XU100.IS,bist100
2009-10-28,502.7030029296875,502.7030029296875,486.8340148925781,489.07000732421875,489.0674133300781,43739130000.0,XU100.IS,bist100
2009-10-30,498.1759948730469,502.3139953613281,468.5769958496094,471.84698486328125,471.844482421875,84923690000.0,XU100.IS,bist100
2009-11-02,467.197998046875,474.9779968261719,458.3219909667969,474.5610046386719,474.5585021972656,86461970000.0,XU100.IS,bist100
2009-11-03,470.9670104980469,470.9670104980469,458.1570129394531,463.35101318359375,463.3485412597656,82135070000.0,XU100.IS,bist100
2009-11-04,470.6199951171875,472.8139953613281,458.5589904785156,472.8139953613281,472.8114929199219,84058460000.0,XU100.IS,bist100
2009-11-05,465.9259948730469,473.24700927734375,462.8450012207031,472.9800109863281,472.9775085449219,87179760000.0,XU100.IS,bist100
2009-11-06,477.3420104980469,478.1050109863281,466.6600036621094,469.6990051269531,469.6965026855469,75989550000.0,XU100.IS,bist100
2009-11-09,475.3179931640625,480.0880126953125,474.2619934082031,477.7449951171875,477.7424621582031,60868640000.0,XU100.IS,bist100
2009-11-10,480.02398681640625,484.1470031738281,477.50201416015625,481.35101318359375,481.34844970703125,67950400000.0,XU100.IS,bist100
2009-11-11,484.17498779296875,491.4389953613281,484.17498779296875,488.6400146484375,488.6374206542969,77324520000.0,XU100.IS,bist100
2009-11-12,487.0320129394531,491.48699951171875,482.4649963378906,487.4599914550781,487.4573974609375,79111710000.0,XU100.IS,bist100
2009-11-13,486.45001220703125,490.2340087890625,480.0379943847656,484.41900634765625,484.41644287109375,60730900000.0,XU100.IS,bist100
2009-11-16,490.0849914550781,491.4949951171875,484.0350036621094,487.75299072265625,487.7503967285156,49975600000.0,XU100.IS,bist100
2009-11-17,486.56500244140625,486.9440002441406,468.4469909667969,472.4320068359375,472.42950439453125,59166900000.0,XU100.IS,bist100
2009-11-18,472.71099853515625,472.71099853515625,461.125,464.1990051269531,464.196533203125,63628000000.0,XU100.IS,bist100
2009-11-19,463.4159851074219,466.68701171875,456.3590087890625,461.14599609375,461.1435546875,76481000000.0,XU100.IS,bist100
2009-11-20,460.9129943847656,464.3330078125,447.9800109863281,452.30999755859375,452.3075866699219,57183600000.0,XU100.IS,bist100
2009-11-23,456.50299072265625,458.260986328125,446.7850036621094,458.0140075683594,458.0115661621094,50082300000.0,XU100.IS,bist100
2009-11-24,453.12298583984375,460.3210144042969,450.14599609375,455.135009765625,455.1325988769531,51337300000.0,XU100.IS,bist100
2009-11-25,459.2179870605469,460.62298583984375,450.8190002441406,455.3869934082031,455.38458251953125,42450900000.0,XU100.IS,bist100
2009-11-26,453.89801025390625,456.04901123046875,448.739990234375,453.50201416015625,453.4996032714844,26930000000.0,XU100.IS,bist100
2009-12-01,452.0920104980469,461.7950134277344,450.4639892578125,460.8399963378906,460.8375549316406,57066700000.0,XU100.IS,bist100
2009-12-02,462.10101318359375,478.98199462890625,462.10101318359375,478.98199462890625,478.9794616699219,72414500000.0,XU100.IS,bist100
2009-12-03,482.57501220703125,499.0090026855469,480.3030090332031,496.7720031738281,496.7693786621094,108628600000.0,XU100.IS,bist100
2009-12-04,495.72698974609375,502.3789978027344,492.6470031738281,501.0199890136719,501.017333984375,84429400000.0,XU100.IS,bist100
2009-12-07,497.489990234375,501.17498779296875,492.28399658203125,499.1579895019531,499.15533447265625,74577100000.0,XU100.IS,bist100
2009-12-08,498.8659973144531,508.45098876953125,492.2070007324219,495.91400146484375,495.911376953125,94523200000.0,XU100.IS,bist100
2009-12-09,496.8630065917969,497.8999938964844,488.13299560546875,491.8500061035156,491.847412109375,62183700000.0,XU100.IS,bist100
2009-12-10,489.302001953125,499.12200927734375,487.5090026855469,495.94500732421875,495.9423828125,72922900000.0,XU100.IS,bist100
2009-12-11,498.7439880371094,499.55999755859375,490.00799560546875,493.864013671875,493.86138916015625,53435100000.0,XU100.IS,bist100
2009-12-14,494.43798828125,504.0299987792969,493.18499755859375,501.9840087890625,501.9813537597656,53182900000.0,XU100.IS,bist100
2009-12-15,502.8590087890625,505.2829895019531,497.6029968261719,504.4949951171875,504.4923095703125,76424000000.0,XU100.IS,bist100
2009-12-16,504.2359924316406,509.72198486328125,503.760009765625,508.1730041503906,508.1703186035156,67753100000.0,XU100.IS,bist100
2009-12-17,504.3580017089844,509.32598876953125,496.93798828125,499.6319885253906,499.62933349609375,60596600000.0,XU100.IS,bist100
2009-12-18,499.93798828125,503.6679992675781,499.0880126953125,501.385009765625,501.3823547363281,63612800000.0,XU100.IS,bist100
2009-12-21,502.510009765625,512.8090209960938,501.4949951171875,512.8090209960938,512.8062744140625,72202900000.0,XU100.IS,bist100
2009-12-22,514.3150024414062,516.9530029296875,510.5119934082031,515.3250122070312,515.322265625,65390500000.0,XU100.IS,bist100
2009-12-23,515.7429809570312,517.2269897460938,509.99200439453125,511.62200927734375,511.6192932128906,58913900000.0,XU100.IS,bist100
2009-12-24,513.9829711914062,515.655029296875,510.7900085449219,514.6069946289062,514.604248046875,35391900000.0,XU100.IS,bist100
2009-12-25,513.801025390625,516.6129760742188,510.3240051269531,516.6129760742188,516.6102294921875,36484000000.0,XU100.IS,bist100
2009-12-28,518.8419799804688,520.2479858398438,514.9600219726562,516.1939697265625,516.1912231445312,42716800000.0,XU100.IS,bist100
2009-12-29,516.4749755859375,520.6320190429688,513.14697265625,517.8599853515625,517.8572387695312,54272600000.0,XU100.IS,bist100
2009-12-30,518.0009765625,521.64697265625,512.5830078125,516.6840209960938,516.6812744140625,65721900000.0,XU100.IS,bist100
2009-12-31,524.9580078125,531.551025390625,522.2739868164062,528.25,528.2471923828125,79477900000.0,XU100.IS,bist100
2010-01-04,528.1859741210938,533.6820068359375,524.1010131835938,533.6820068359375,533.67919921875,85197600000.0,XU100.IS,bist100
2010-01-05,536.02001953125,544.3189697265625,535.1920166015625,541.1510009765625,541.1481323242188,96524600000.0,XU100.IS,bist100
2010-01-06,540.1640014648438,546.2639770507812,537.6510009765625,545.4739990234375,545.4711303710938,96672000000.0,XU100.IS,bist100
2010-01-07,543.8699951171875,549.72900390625,540.1959838867188,549.72900390625,549.72607421875,98892600000.0,XU100.IS,bist100
2010-01-08,552.3350219726562,557.1160278320312,545.7550048828125,547.97900390625,547.97607421875,99940500000.0,XU100.IS,bist100
2010-01-11,550.8699951171875,553.4739990234375,537.5770263671875,539.2109985351562,539.2081298828125,90211400000.0,XU100.IS,bist100
2010-01-12,541.2059936523438,542.5360107421875,534.781982421875,536.7639770507812,536.7611083984375,65435600000.0,XU100.IS,bist100
2010-01-13,534.7969970703125,547.1309814453125,533.4520263671875,546.27197265625,546.2691040039062,79747300000.0,XU100.IS,bist100
2010-01-14,552.2839965820312,552.656982421875,544.60302734375,547.406005859375,547.403076171875,79399600000.0,XU100.IS,bist100
2010-01-15,547.7930297851562,547.7930297851562,536.2000122070312,540.0570068359375,540.0541381835938,88128200000.0,XU100.IS,bist100
2010-01-18,540.0380249023438,545.9349975585938,538.6420288085938,545.5079956054688,545.505126953125,55659300000.0,XU100.IS,bist100
2010-01-19,546.5910034179688,552.0679931640625,540.27099609375,551.5960083007812,551.5930786132812,84066200000.0,XU100.IS,bist100
2010-01-20,551.218017578125,559.114990234375,548.510009765625,554.6920166015625,554.6890869140625,89537200000.0,XU100.IS,bist100
2010-01-21,555.0250244140625,558.3079833984375,550.9760131835938,553.0120239257812,553.0090942382812,64455600000.0,XU100.IS,bist100
2010-01-22,545.3419799804688,546.5460205078125,534.7659912109375,539.9749755859375,539.9721069335938,65111700000.0,XU100.IS,bist100
2010-01-25,535.9500122070312,543.6090087890625,535.864990234375,542.8099975585938,542.80712890625,57586600000.0,XU100.IS,bist100
2010-01-26,535.760009765625,543.1749877929688,531.489990234375,543.1749877929688,543.172119140625,59861700000.0,XU100.IS,bist100
2010-01-27,540.802001953125,549.6920166015625,538.7529907226562,540.7100219726562,540.7071533203125,101090400000.0,XU100.IS,bist100
2010-01-28,545.8590087890625,551.0089721679688,544.9249877929688,547.7050170898438,547.7020874023438,85016000000.0,XU100.IS,bist100
2010-01-29,544.8270263671875,549.8510131835938,539.0640258789062,546.5059814453125,546.5031127929688,78130900000.0,XU100.IS,bist100
2010-02-01,547.3070068359375,555.260009765625,544.9240112304688,555.260009765625,555.257080078125,100848100000.0,XU100.IS,bist100
2010-02-02,556.1580200195312,556.5349731445312,548.5440063476562,551.4760131835938,551.4730834960938,69297300000.0,XU100.IS,bist100
2010-02-03,553.9089965820312,557.3469848632812,549.4869995117188,550.68701171875,550.68408203125,52463600000.0,XU100.IS,bist100
2010-02-04,547.9730224609375,550.1859741210938,532.1710205078125,534.6389770507812,534.6361694335938,87980300000.0,XU100.IS,bist100
2010-02-05,529.6829833984375,529.9650268554688,510.89300537109375,514.5490112304688,514.5462646484375,129702300000.0,XU100.IS,bist100
2010-02-08,516.14697265625,518.3300170898438,494.32501220703125,499.3340148925781,499.33135986328125,76530100000.0,XU100.IS,bist100
2010-02-09,505.0929870605469,511.5159912109375,501.3240051269531,508.2640075683594,508.2613220214844,65391300000.0,XU100.IS,bist100
2010-02-10,511.8169860839844,517.1580200195312,503.1409912109375,505.67498779296875,505.67230224609375,73149000000.0,XU100.IS,bist100
2010-02-11,512.2210083007812,515.7730102539062,506.2829895019531,513.8099975585938,513.8072509765625,61312800000.0,XU100.IS,bist100
2010-02-12,518.4959716796875,520.2449951171875,507.02398681640625,510.63800048828125,510.6352844238281,57156500000.0,XU100.IS,bist100
2010-02-15,509.5899963378906,515.7630004882812,509.5899963378906,513.343994140625,513.3412475585938,52950200000.0,XU100.IS,bist100
2010-02-16,517.3800048828125,520.0679931640625,512.10498046875,517.4849853515625,517.4822387695312,48936500000.0,XU100.IS,bist100
2010-02-17,523.7470092773438,532.7329711914062,522.2769775390625,532.7329711914062,532.7301635742188,75628600000.0,XU100.IS,bist100
2010-02-18,529.510986328125,529.510986328125,520.8510131835938,524.4979858398438,524.4951782226562,56189700000.0,XU100.IS,bist100
2010-02-19,515.5050048828125,533.1900024414062,512.9819946289062,533.1900024414062,533.1871948242188,63262300000.0,XU100.IS,bist100
2010-02-22,538.1649780273438,541.10302734375,523.2680053710938,525.9290161132812,525.9262084960938,56058400000.0,XU100.IS,bist100
2010-02-23,528.9990234375,531.541015625,511.8089904785156,514.166015625,514.1632690429688,50630000000.0,XU100.IS,bist100
2010-02-24,507.1400146484375,511.10198974609375,486.9129943847656,496.59600830078125,496.5933837890625,73233000000.0,XU100.IS,bist100
2010-02-25,498.47601318359375,506.4549865722656,480.802001953125,487.3940124511719,487.39141845703125,80132400000.0,XU100.IS,bist100
2010-02-26,498.05999755859375,500.0840148925781,484.4729919433594,497.05499267578125,497.0523681640625,58945800000.0,XU100.IS,bist100
2010-03-01,504.81500244140625,511.8489990234375,501.51300048828125,511.8370056152344,511.83428955078125,64560400000.0,XU100.IS,bist100
2010-03-02,511.6619873046875,518.9110107421875,508.4729919433594,514.760986328125,514.7582397460938,57254200000.0,XU100.IS,bist100
2010-03-03,514.344970703125,518.5540161132812,509.13800048828125,516.9910278320312,516.98828125,51914300000.0,XU100.IS,bist100
2010-03-04,511.8210144042969,516.385009765625,510.56298828125,514.406982421875,514.4042358398438,48931500000.0,XU100.IS,bist100
2010-03-05,516.02099609375,526.2559814453125,514.5960083007812,526.2559814453125,526.253173828125,57001700000.0,XU100.IS,bist100
2010-03-08,531.1370239257812,532.9650268554688,525.2869873046875,532.9650268554688,532.9622192382812,56615500000.0,XU100.IS,bist100
2010-03-09,532.02197265625,535.6209716796875,521.9329833984375,529.5999755859375,529.59716796875,52974500000.0,XU100.IS,bist100
2010-03-10,523.1090087890625,529.8909912109375,521.3510131835938,527.530029296875,527.5272216796875,43002500000.0,XU100.IS,bist100
2010-03-11,527.0399780273438,529.9580078125,520.364990234375,523.7659912109375,523.76318359375,40884200000.0,XU100.IS,bist100
2010-03-12,526.81201171875,528.8800048828125,519.6220092773438,522.3300170898438,522.3272705078125,35830800000.0,XU100.IS,bist100
2010-03-15,522.2030029296875,523.6939697265625,517.8090209960938,519.7139892578125,519.7112426757812,31232500000.0,XU100.IS,bist100
2010-03-16,522.2329711914062,532.7050170898438,521.2890014648438,532.3330078125,532.3302001953125,60359800000.0,XU100.IS,bist100
2010-03-17,536.0980224609375,543.1519775390625,534.8829956054688,543.0369873046875,543.0341186523438,58541100000.0,XU100.IS,bist100
2010-03-18,542.1580200195312,542.1580200195312,532.8179931640625,535.343994140625,535.3411254882812,56208500000.0,XU100.IS,bist100
2010-03-19,537.8300170898438,539.458984375,532.1229858398438,534.3699951171875,534.3671875,45442800000.0,XU100.IS,bist100
2010-03-22,530.9660034179688,538.9240112304688,530.6339721679688,538.9240112304688,538.921142578125,60527000000.0,XU100.IS,bist100
2010-03-23,539.5989990234375,546.427978515625,539.5989990234375,543.5170288085938,543.51416015625,56285100000.0,XU100.IS,bist100
2010-03-24,546.1179809570312,553.6019897460938,542.6909790039062,551.3660278320312,551.3630981445312,98300700000.0,XU100.IS,bist100
2010-03-25,553.125,570.447021484375,551.7249755859375,570.447021484375,570.4439697265625,81207200000.0,XU100.IS,bist100
2010-03-26,570.1069946289062,576.4539794921875,561.9829711914062,566.1069946289062,566.10400390625,65438300000.0,XU100.IS,bist100
2010-03-29,570.6939697265625,573.385986328125,562.447021484375,566.6820068359375,566.6790161132812,56874400000.0,XU100.IS,bist100
2010-03-30,568.197998046875,571.2130126953125,564.5449829101562,567.5440063476562,567.541015625,68465300000.0,XU100.IS,bist100
2010-03-31,566.344970703125,575.6740112304688,563.030029296875,565.3839721679688,565.3809814453125,75528300000.0,XU100.IS,bist100
2010-04-01,568.2230224609375,577.0819702148438,566.9650268554688,577.0819702148438,577.0789184570312,57990200000.0,XU100.IS,bist100
2010-04-02,577.5709838867188,583.8369750976562,576.4229736328125,580.5989990234375,580.595947265625,44445700000.0,XU100.IS,bist100
2010-04-05,584.9970092773438,588.9660034179688,581.843017578125,586.4500122070312,586.4468994140625,44542100000.0,XU100.IS,bist100
2010-04-06,582.9119873046875,587.6309814453125,577.52099609375,584.0640258789062,584.0609130859375,45766300000.0,XU100.IS,bist100
2010-04-07,584.9920043945312,586.8109741210938,580.1329956054688,586.4559936523438,586.452880859375,57097200000.0,XU100.IS,bist100
2010-04-08,580.6290283203125,585.4000244140625,579.0590209960938,584.1209716796875,584.1178588867188,62536100000.0,XU100.IS,bist100
2010-04-09,587.8480224609375,595.9290161132812,587.1290283203125,591.85302734375,591.8499145507812,74638200000.0,XU100.IS,bist100
2010-04-12,596.7020263671875,597.2039794921875,585.7449951171875,588.2160034179688,588.212890625,63147300000.0,XU100.IS,bist100
2010-04-13,585.7020263671875,589.6729736328125,577.5900268554688,580.7540283203125,580.7509765625,52390900000.0,XU100.IS,bist100
2010-04-14,585.7100219726562,593.302978515625,584.260986328125,593.302978515625,593.2998046875,70515100000.0,XU100.IS,bist100
2010-04-15,596.3930053710938,597.718017578125,586.239013671875,590.551025390625,590.5479125976562,87366600000.0,XU100.IS,bist100
2010-04-16,584.3510131835938,592.0130004882812,579.468994140625,582.2349853515625,582.2318725585938,110022200000.0,XU100.IS,bist100
2010-04-19,572.9130249023438,582.916015625,567.7059936523438,581.530029296875,581.5269165039062,73222700000.0,XU100.IS,bist100
2010-04-20,583.8060302734375,590.7030029296875,583.72998046875,588.8610229492188,588.85791015625,69215000000.0,XU100.IS,bist100
2010-04-21,593.4180297851562,594.8270263671875,581.614013671875,584.5089721679688,584.505859375,68657400000.0,XU100.IS,bist100
2010-04-22,585.7349853515625,589.3679809570312,578.1430053710938,583.3839721679688,583.380859375,61280900000.0,XU100.IS,bist100
2010-04-26,594.2589721679688,595.260986328125,586.22998046875,590.4320068359375,590.4288940429688,63788900000.0,XU100.IS,bist100
2010-04-27,589.7269897460938,590.0980224609375,580.177001953125,582.1740112304688,582.1708984375,56605300000.0,XU100.IS,bist100
2010-04-28,573.1090087890625,580.697998046875,568.6699829101562,579.3309936523438,579.3279418945312,71359500000.0,XU100.IS,bist100
2010-04-29,581.6060180664062,587.6010131835938,578.9940185546875,587.0280151367188,587.02490234375,56468600000.0,XU100.IS,bist100
2010-04-30,588.4030151367188,592.8519897460938,579.8880004882812,589.5910034179688,589.587890625,61849800000.0,XU100.IS,bist100
2010-05-03,587.9439697265625,589.968994140625,583.052978515625,584.0020141601562,583.9989013671875,57305400000.0,XU100.IS,bist100
2010-05-04,585.6530151367188,588.6110229492188,568.6220092773438,573.4099731445312,573.4069213867188,69289900000.0,XU100.IS,bist100
2010-05-05,572.5969848632812,575.8729858398438,561.1220092773438,564.4110107421875,564.4080200195312,66494700000.0,XU100.IS,bist100
2010-05-06,562.260986328125,568.0900268554688,555.9539794921875,557.635986328125,557.633056640625,52413300000.0,XU100.IS,bist100
2010-05-07,538.0490112304688,543.8179931640625,525.7050170898438,526.8699951171875,526.8671875,88577800000.0,XU100.IS,bist100
2010-05-10,549.56201171875,565.8590087890625,549.56201171875,564.47998046875,564.4769897460938,71663700000.0,XU100.IS,bist100
2010-05-11,560.9229736328125,565.1920166015625,554.6069946289062,564.6170043945312,564.614013671875,56244400000.0,XU100.IS,bist100
2010-05-12,565.301025390625,580.4459838867188,565.301025390625,579.7650146484375,579.761962890625,74334700000.0,XU100.IS,bist100
2010-05-13,585.5750122070312,587.0880126953125,573.8729858398438,579.2969970703125,579.2939453125,68097900000.0,XU100.IS,bist100
2010-05-14,577.655029296875,580.3610229492188,555.9019775390625,557.47900390625,557.47607421875,64220100000.0,XU100.IS,bist100
2010-05-17,548.6069946289062,561.1699829101562,545.072021484375,560.7109985351562,560.7080078125,59099200000.0,XU100.IS,bist100
2010-05-18,566.2100219726562,570.6199951171875,560.7869873046875,569.7830200195312,569.7799682617188,55726000000.0,XU100.IS,bist100
2010-05-20,557.6810302734375,562.6090087890625,542.4819946289062,544.4990234375,544.4961547851562,67485300000.0,XU100.IS,bist100
2010-05-21,546.041015625,549.8939819335938,533.6519775390625,541.1160278320312,541.1131591796875,84795500000.0,XU100.IS,bist100
2010-05-24,544.31201171875,549.927978515625,537.614990234375,545.5819702148438,545.5791015625,55111500000.0,XU100.IS,bist100
2010-05-25,532.0079956054688,532.9229736328125,517.572021484375,522.5709838867188,522.5682373046875,60647600000.0,XU100.IS,bist100
2010-05-26,530.2319946289062,542.5130004882812,524.0469970703125,541.0349731445312,541.0321044921875,69419700000.0,XU100.IS,bist100
2010-05-27,539.468994140625,545.8319702148438,538.8579711914062,544.97998046875,544.9771118164062,78661500000.0,XU100.IS,bist100
2010-05-28,550.7579956054688,554.6710205078125,546.6690063476562,552.3369750976562,552.3340454101562,75062200000.0,XU100.IS,bist100
2010-05-31,542.3779907226562,545.364990234375,538.885986328125,543.8489990234375,543.8461303710938,53134600000.0,XU100.IS,bist100
2010-06-01,541.9660034179688,545.2039794921875,532.8709716796875,544.60400390625,544.6011352539062,58301900000.0,XU100.IS,bist100
2010-06-02,541.2319946289062,552.4180297851562,539.426025390625,552.125,552.1220703125,74218100000.0,XU100.IS,bist100
2010-06-03,561.4310302734375,563.9099731445312,552.7520141601562,554.072021484375,554.069091796875,68645700000.0,XU100.IS,bist100
2010-06-04,553.947021484375,557.4920043945312,541.364990234375,546.1290283203125,546.1261596679688,56972200000.0,XU100.IS,bist100
2010-06-07,533.7650146484375,544.0809936523438,532.0590209960938,543.0659790039062,543.0631103515625,42531600000.0,XU100.IS,bist100
2010-06-08,544.0900268554688,547.552001953125,533.926025390625,536.6439819335938,536.64111328125,55355000000.0,XU100.IS,bist100
2010-06-09,540.6510009765625,544.5679931640625,533.9340209960938,543.0490112304688,543.046142578125,43872900000.0,XU100.IS,bist100
2010-06-10,541.9459838867188,550.6649780273438,537.72802734375,548.6179809570312,548.6150512695312,46580800000.0,XU100.IS,bist100
2010-06-11,551.8590087890625,554.1610107421875,545.833984375,551.3159790039062,551.3130493164062,37819300000.0,XU100.IS,bist100
2010-06-14,556.676025390625,559.625,551.6019897460938,556.8880004882812,556.8850708007812,34021900000.0,XU100.IS,bist100
2010-06-15,552.47998046875,565.10400390625,551.947021484375,564.2130126953125,564.2100219726562,48527300000.0,XU100.IS,bist100
2010-06-16,568.8099975585938,570.8040161132812,560.6400146484375,564.0289916992188,564.0260009765625,42834400000.0,XU100.IS,bist100
2010-06-17,564.7169799804688,576.4180297851562,563.7849731445312,568.9099731445312,568.906982421875,48368800000.0,XU100.IS,bist100
2010-06-18,571.2219848632812,574.5549926757812,565.77001953125,570.344970703125,570.3419189453125,39832700000.0,XU100.IS,bist100
2010-06-21,577.8040161132812,577.8939819335938,566.7520141601562,572.77197265625,572.7689208984375,36575400000.0,XU100.IS,bist100
2010-06-22,566.468017578125,572.1339721679688,564.9310302734375,570.0700073242188,570.0669555664062,30693900000.0,XU100.IS,bist100
2010-06-23,567.1799926757812,567.9810180664062,556.2059936523438,559.0640258789062,559.06103515625,32181500000.0,XU100.IS,bist100
2010-06-24,561.5759887695312,563.7550048828125,553.4429931640625,559.156982421875,559.1539916992188,30170500000.0,XU100.IS,bist100
2010-06-25,558.1389770507812,562.6420288085938,556.3709716796875,558.6420288085938,558.6390380859375,26925900000.0,XU100.IS,bist100
2010-06-28,560.5830078125,566.7650146484375,559.60498046875,564.3309936523438,564.3280029296875,27587900000.0,XU100.IS,bist100
2010-06-29,560.2009887695312,561.9110107421875,549.2680053710938,552.1530151367188,552.1500854492188,32046800000.0,XU100.IS,bist100
2010-06-30,553.2830200195312,559.0490112304688,545.3660278320312,548.39501953125,548.39208984375,31115600000.0,XU100.IS,bist100
2010-07-01,542.3770141601562,548.8779907226562,539.114013671875,545.343017578125,545.3401489257812,34345800000.0,XU100.IS,bist100
2010-07-02,548.6810302734375,556.364990234375,546.9609985351562,556.364990234375,556.362060546875,31613600000.0,XU100.IS,bist100
2010-07-05,557.1430053710938,560.677978515625,554.8839721679688,557.155029296875,557.152099609375,20469300000.0,XU100.IS,bist100
2010-07-06,559.8319702148438,568.7520141601562,559.2680053710938,567.8779907226562,567.875,43795600000.0,XU100.IS,bist100
2010-07-07,564.5590209960938,569.2880249023438,559.6749877929688,567.9860229492188,567.9830322265625,34209800000.0,XU100.IS,bist100
2010-07-08,574.25,576.2349853515625,570.5609741210938,573.4559936523438,573.4529418945312,38742100000.0,XU100.IS,bist100
2010-07-09,576.1530151367188,577.510009765625,565.6119995117188,571.5089721679688,571.5059204101562,29022200000.0,XU100.IS,bist100
2010-07-12,571.9940185546875,576.0549926757812,566.5850219726562,575.697998046875,575.6949462890625,32403800000.0,XU100.IS,bist100
2010-07-13,574.9719848632812,584.3579711914062,572.5280151367188,582.7869873046875,582.7838745117188,49005400000.0,XU100.IS,bist100
2010-07-14,587.3709716796875,588.1710205078125,580.510986328125,583.0130004882812,583.0098876953125,41619700000.0,XU100.IS,bist100
2010-07-15,582.1329956054688,590.6580200195312,574.8179931640625,576.8989868164062,576.8959350585938,49595400000.0,XU100.IS,bist100
2010-07-16,578.4099731445312,586.3499755859375,576.7479858398438,577.2940063476562,577.2909545898438,34986600000.0,XU100.IS,bist100
2010-07-19,573.9249877929688,584.3579711914062,573.9249877929688,581.1439819335938,581.140869140625,32143600000.0,XU100.IS,bist100
2010-07-20,584.5969848632812,588.4739990234375,575.1170043945312,582.2780151367188,582.27490234375,33639300000.0,XU100.IS,bist100
2010-07-21,585.8499755859375,596.5339965820312,584.6840209960938,594.947021484375,594.94384765625,43550200000.0,XU100.IS,bist100
2010-07-22,593.0360107421875,601.1199951171875,593.0360107421875,599.1950073242188,599.1918334960938,44284200000.0,XU100.IS,bist100
2010-07-23,599.6900024414062,601.416015625,590.0869750976562,592.9949951171875,592.9918212890625,33305200000.0,XU100.IS,bist100
2010-07-26,595.7080078125,596.031982421875,589.6170043945312,595.0770263671875,595.0738525390625,27916900000.0,XU100.IS,bist100
2010-07-27,597.2739868164062,606.6209716796875,597.2739868164062,603.2890014648438,603.2858276367188,46081300000.0,XU100.IS,bist100
2010-07-28,605.8679809570312,607.1890258789062,600.2570190429688,604.0430297851562,604.0398559570312,46977600000.0,XU100.IS,bist100
2010-07-29,605.6409912109375,609.5089721679688,604.6710205078125,607.3729858398438,607.3697509765625,43150000000.0,XU100.IS,bist100
2010-07-30,605.3040161132812,605.8189697265625,591.781982421875,598.6680297851562,598.6648559570312,37207700000.0,XU100.IS,bist100
2010-08-02,603.3560180664062,607.9199829101562,599.5330200195312,606.9320068359375,606.9287719726562,37820900000.0,XU100.IS,bist100
2010-08-03,607.2650146484375,607.2650146484375,597.7789916992188,600.7849731445312,600.7817993164062,33958700000.0,XU100.IS,bist100
2010-08-04,598.9400024414062,605.822021484375,598.0339965820312,598.8070068359375,598.8038330078125,46434200000.0,XU100.IS,bist100
2010-08-05,598.927001953125,601.3709716796875,589.6740112304688,596.031005859375,596.02783203125,38466800000.0,XU100.IS,bist100
2010-08-06,598.9749755859375,603.5830078125,591.8189697265625,597.530029296875,597.52685546875,30381500000.0,XU100.IS,bist100
2010-08-09,603.4420166015625,604.4180297851562,598.0399780273438,598.8569946289062,598.8538208007812,31774900000.0,XU100.IS,bist100
2010-08-10,597.3049926757812,597.5910034179688,588.7109985351562,591.6959838867188,591.69287109375,32903500000.0,XU100.IS,bist100
2010-08-11,586.9089965820312,588.5399780273438,576.5460205078125,581.5469970703125,581.5438842773438,32573100000.0,XU100.IS,bist100
2010-08-12,581.7210083007812,585.0700073242188,579.552001953125,583.8369750976562,583.8338623046875,34068400000.0,XU100.IS,bist100
2010-08-13,587.7979736328125,590.52001953125,580.9810180664062,584.7990112304688,584.7958984375,31637500000.0,XU100.IS,bist100
2010-08-16,586.114013671875,589.2919921875,581.2219848632812,588.22802734375,588.2249145507812,27734300000.0,XU100.IS,bist100
2010-08-17,589.77001953125,596.2459716796875,588.7440185546875,594.6290283203125,594.6258544921875,37890700000.0,XU100.IS,bist100
2010-08-18,593.8699951171875,597.6389770507812,589.5289916992188,594.4340209960938,594.4308471679688,48527700000.0,XU100.IS,bist100
2010-08-19,596.2319946289062,598.5469970703125,585.9539794921875,588.4940185546875,588.4909057617188,41900600000.0,XU100.IS,bist100
2010-08-20,587.2109985351562,590.2570190429688,583.7050170898438,587.4990234375,587.4959106445312,32059400000.0,XU100.IS,bist100
2010-08-23,587.2000122070312,591.0360107421875,584.072998046875,588.905029296875,588.9019165039062,26434900000.0,XU100.IS,bist100
2010-08-24,586.5440063476562,587.3619995117188,580.1749877929688,586.2319946289062,586.2288818359375,30528400000.0,XU100.IS,bist100
2010-08-25,584.7540283203125,590.5390014648438,579.2739868164062,582.8569946289062,582.8538818359375,32925200000.0,XU100.IS,bist100
2010-08-26,584.8499755859375,590.5809936523438,583.4990234375,590.5809936523438,590.577880859375,31347500000.0,XU100.IS,bist100
2010-08-27,590.6500244140625,596.0469970703125,589.9600219726562,593.458984375,593.455810546875,33652400000.0,XU100.IS,bist100
2010-08-31,589.72900390625,599.7260131835938,588.1099853515625,599.7260131835938,599.7228393554688,37004500000.0,XU100.IS,bist100
2010-09-01,600.9949951171875,607.6179809570312,595.3489990234375,606.85498046875,606.8517456054688,41597400000.0,XU100.IS,bist100
2010-09-02,607.5390014648438,609.5499877929688,603.9500122070312,608.656982421875,608.6537475585938,39758400000.0,XU100.IS,bist100
2010-09-03,609.2139892578125,612.5390014648438,606.739990234375,609.9879760742188,609.9847412109375,42880300000.0,XU100.IS,bist100
2010-09-06,609.9970092773438,611.7420043945312,605.9039916992188,611.010009765625,611.0067749023438,23690000000.0,XU100.IS,bist100
2010-09-07,608.7160034179688,611.1019897460938,604.333984375,607.468017578125,607.4647827148438,21364600000.0,XU100.IS,bist100
2010-09-08,605.6279907226562,608.135009765625,603.1229858398438,606.0809936523438,606.0777587890625,12266500000.0,XU100.IS,bist100
2010-09-13,619.051025390625,622.6010131835938,614.3419799804688,622.6010131835938,622.5977172851562,50871800000.0,XU100.IS,bist100
2010-09-14,621.9920043945312,625.031982421875,619.719970703125,624.7899780273438,624.7866821289062,49890900000.0,XU100.IS,bist100
2010-09-15,624.5590209960938,633.9769897460938,623.0269775390625,633.9769897460938,633.9736328125,70421500000.0,XU100.IS,bist100
2010-09-16,631.197021484375,637.3280029296875,628.301025390625,637.3280029296875,637.3246459960938,57080100000.0,XU100.IS,bist100
2010-09-17,640.4970092773438,644.4760131835938,634.9559936523438,638.6199951171875,638.6165771484375,61707000000.0,XU100.IS,bist100
2010-09-20,639.7379760742188,642.89599609375,634.8629760742188,642.89599609375,642.892578125,49427300000.0,XU100.IS,bist100
2010-09-21,643.9439697265625,644.9530029296875,638.9990234375,641.2470092773438,641.2435913085938,49041100000.0,XU100.IS,bist100
2010-09-22,641.2360229492188,648.97802734375,636.8109741210938,644.791015625,644.78759765625,54008200000.0,XU100.IS,bist100
2010-09-23,645.593017578125,647.323974609375,633.5419921875,641.926025390625,641.922607421875,62317900000.0,XU100.IS,bist100
2010-09-24,640.5830078125,643.7369995117188,636.4630126953125,642.4149780273438,642.4115600585938,39274100000.0,XU100.IS,bist100
2010-09-27,644.77001953125,649.2069702148438,642.3109741210938,646.2730102539062,646.2695922851562,55727200000.0,XU100.IS,bist100
2010-09-28,644.0599975585938,655.8989868164062,642.9439697265625,655.8989868164062,655.8955078125,64931000000.0,XU100.IS,bist100
2010-09-29,656.0850219726562,661.219970703125,651.8660278320312,655.5139770507812,655.510498046875,59464900000.0,XU100.IS,bist100
2010-09-30,653.9140014648438,660.6820068359375,652.6259765625,657.7440185546875,657.7405395507812,53691200000.0,XU100.IS,bist100
2010-10-01,657.6259765625,660.6510009765625,647.2689819335938,648.8270263671875,648.8236083984375,45646800000.0,XU100.IS,bist100
2010-10-04,649.8049926757812,657.3070068359375,647.0910034179688,654.1500244140625,654.1465454101562,44285100000.0,XU100.IS,bist100
2010-10-05,655.219970703125,664.7340087890625,652.64697265625,662.8319702148438,662.8284301757812,63725400000.0,XU100.IS,bist100
2010-10-06,667.2650146484375,672.3170166015625,665.7360229492188,668.7969970703125,668.79345703125,63084100000.0,XU100.IS,bist100
2010-10-07,669.010986328125,672.77001953125,665.2449951171875,667.5900268554688,667.5864868164062,63110800000.0,XU100.IS,bist100
2010-10-08,666.7410278320312,673.9849853515625,661.18701171875,672.1719970703125,672.16845703125,47717700000.0,XU100.IS,bist100
2010-10-11,675.0889892578125,690.573974609375,675.0889892578125,690.0,689.996337890625,72844300000.0,XU100.IS,bist100
2010-10-12,684.677001953125,701.4290161132812,684.3319702148438,696.7509765625,696.7472534179688,80508100000.0,XU100.IS,bist100
2010-10-13,700.3140258789062,706.4760131835938,696.3159790039062,701.6690063476562,701.665283203125,131187900000.0,XU100.IS,bist100
2010-10-14,704.72998046875,708.2030029296875,691.219970703125,692.2570190429688,692.2533569335938,102244600000.0,XU100.IS,bist100
2010-10-15,694.1270141601562,705.7269897460938,686.72802734375,701.0120239257812,701.00830078125,79874400000.0,XU100.IS,bist100
2010-10-18,699.8079833984375,707.8629760742188,697.6069946289062,704.5800170898438,704.5762939453125,83458700000.0,XU100.IS,bist100
2010-10-19,703.4080200195312,706.4710083007812,694.2930297851562,698.3880004882812,698.38427734375,74542500000.0,XU100.IS,bist100
2010-10-20,694.6500244140625,703.3510131835938,691.8460083007812,693.64501953125,693.641357421875,66158100000.0,XU100.IS,bist100
2010-10-21,696.3629760742188,704.89501953125,693.052978515625,704.5029907226562,704.499267578125,74080600000.0,XU100.IS,bist100
2010-10-22,705.1129760742188,712.6799926757812,700.6160278320312,710.0679931640625,710.064208984375,55641600000.0,XU100.IS,bist100
2010-10-25,714.9840087890625,717.7689819335938,708.1519775390625,709.2379760742188,709.2341918945312,74531200000.0,XU100.IS,bist100
2010-10-26,709.1510009765625,710.9039916992188,702.68798828125,707.4669799804688,707.4632568359375,49480200000.0,XU100.IS,bist100
2010-10-27,706.6829833984375,707.5770263671875,681.1699829101562,685.885009765625,685.88134765625,53698300000.0,XU100.IS,bist100
2010-10-28,687.47802734375,687.947021484375,673.1209716796875,687.60498046875,687.601318359375,26278500000.0,XU100.IS,bist100
2010-11-01,694.4210205078125,696.9819946289062,688.9340209960938,690.7429809570312,690.7393188476562,47281300000.0,XU100.IS,bist100
2010-11-02,689.5150146484375,699.4760131835938,681.4630126953125,685.2219848632812,685.2183227539062,56324800000.0,XU100.IS,bist100
2010-11-03,686.7670288085938,688.4710083007812,681.9240112304688,686.0460205078125,686.0423583984375,62677900000.0,XU100.IS,bist100
2010-11-04,690.2239990234375,709.1270141601562,689.9609985351562,709.0540161132812,709.0502319335938,81712400000.0,XU100.IS,bist100
2010-11-05,710.2039794921875,713.3980102539062,705.9879760742188,707.7919921875,707.7882080078125,72557900000.0,XU100.IS,bist100
2010-11-08,704.0170288085938,709.60302734375,700.958984375,709.4110107421875,709.4072265625,54874400000.0,XU100.IS,bist100
2010-11-09,709.010009765625,716.114013671875,706.9959716796875,715.4329833984375,715.42919921875,65880700000.0,XU100.IS,bist100
2010-11-10,715.030029296875,716.656005859375,704.5540161132812,705.6099853515625,705.6062622070312,77026400000.0,XU100.IS,bist100
2010-11-11,708.9580078125,710.52197265625,697.8670043945312,700.8499755859375,700.8462524414062,75298300000.0,XU100.IS,bist100
2010-11-12,689.2160034179688,695.531005859375,685.614990234375,695.531005859375,695.52734375,64997800000.0,XU100.IS,bist100
2010-11-15,693.3289794921875,700.5469970703125,690.4860229492188,699.9810180664062,699.977294921875,15777900000.0,XU100.IS,bist100
2010-11-22,710.9559936523438,711.5170288085938,679.0159912109375,679.2650146484375,679.2614135742188,60548200000.0,XU100.IS,bist100
2010-11-23,671.9940185546875,676.5009765625,660.2249755859375,663.35400390625,663.3504638671875,58204900000.0,XU100.IS,bist100
2010-11-24,667.833984375,674.6220092773438,654.6010131835938,672.3070068359375,672.303466796875,73642300000.0,XU100.IS,bist100
2010-11-25,672.4860229492188,672.5130004882812,665.7160034179688,671.489013671875,671.4854736328125,49292300000.0,XU100.IS,bist100
2010-11-26,666.1829833984375,666.1829833984375,654.0640258789062,661.4769897460938,661.4735107421875,51051100000.0,XU100.IS,bist100
2010-11-29,664.8189697265625,665.9110107421875,638.3480224609375,640.7219848632812,640.7185668945312,65466000000.0,XU100.IS,bist100
2010-11-30,640.8770141601562,654.6290283203125,640.5159912109375,653.5089721679688,653.5054931640625,65348800000.0,XU100.IS,bist100
2010-12-01,655.614990234375,666.6619873046875,653.4210205078125,661.56201171875,661.5585327148438,58946900000.0,XU100.IS,bist100
2010-12-02,665.468994140625,674.3770141601562,659.3189697265625,669.3909912109375,669.387451171875,90942600000.0,XU100.IS,bist100
2010-12-03,668.4810180664062,675.52001953125,666.791015625,668.6019897460938,668.5984497070312,78517400000.0,XU100.IS,bist100
2010-12-06,671.6909790039062,677.8820190429688,671.0009765625,677.1209716796875,677.1173706054688,53718600000.0,XU100.IS,bist100
2010-12-07,678.448974609375,685.2410278320312,676.9749755859375,678.7349853515625,678.7313842773438,68711800000.0,XU100.IS,bist100
2010-12-08,674.155029296875,682.4420166015625,671.9650268554688,677.0460205078125,677.0424194335938,61443500000.0,XU100.IS,bist100
2010-12-09,680.2360229492188,681.0089721679688,655.4500122070312,659.1389770507812,659.135498046875,82042300000.0,XU100.IS,bist100
2010-12-10,660.322021484375,661.4450073242188,646.2940063476562,647.5900268554688,647.5866088867188,72935400000.0,XU100.IS,bist100
2010-12-13,651.2210083007812,664.0780029296875,643.2789916992188,663.8040161132812,663.8004760742188,79978400000.0,XU100.IS,bist100
2010-12-14,664.552978515625,669.7080078125,658.5330200195312,665.0969848632812,665.0934448242188,65597000000.0,XU100.IS,bist100
2010-12-15,661.3619995117188,661.3619995117188,653.9130249023438,654.9920043945312,654.988525390625,70257300000.0,XU100.IS,bist100
2010-12-16,653.6439819335938,657.802001953125,643.8829956054688,644.2949829101562,644.2915649414062,71455400000.0,XU100.IS,bist100
2010-12-17,650.4099731445312,655.9210205078125,628.677978515625,635.2420043945312,635.2386474609375,88923500000.0,XU100.IS,bist100
2010-12-20,635.7219848632812,637.85400390625,624.3670043945312,635.0159912109375,635.0126342773438,57838000000.0,XU100.IS,bist100
2010-12-21,639.5180053710938,648.1959838867188,638.072998046875,648.1959838867188,648.1925659179688,57540700000.0,XU100.IS,bist100
2010-12-22,648.1400146484375,655.1500244140625,646.5139770507812,654.4019775390625,654.3984985351562,59045800000.0,XU100.IS,bist100
2010-12-23,656.9580078125,662.1900024414062,654.6220092773438,662.1900024414062,662.1864624023438,88834800000.0,XU100.IS,bist100
2010-12-24,663.3049926757812,663.9650268554688,658.9210205078125,662.6729736328125,662.66943359375,57063900000.0,XU100.IS,bist100
2010-12-27,661.6370239257812,663.5659790039062,652.5889892578125,663.5659790039062,663.5624389648438,74580600000.0,XU100.IS,bist100
2010-12-28,664.3049926757812,670.927001953125,660.8709716796875,664.4190063476562,664.4154663085938,70163400000.0,XU100.IS,bist100
2010-12-29,668.3200073242188,669.4439697265625,660.9840087890625,667.197021484375,667.1934814453125,92237500000.0,XU100.IS,bist100
2010-12-30,667.1719970703125,670.14697265625,664.5260009765625,668.2210083007812,668.2174682617188,69017600000.0,XU100.IS,bist100
2010-12-31,669.6719970703125,671.5599975585938,659.2860107421875,660.0449829101562,660.04150390625,48249600000.0,XU100.IS,bist100
2011-01-03,663.6300048828125,676.7540283203125,661.2739868164062,676.0789794921875,676.0753784179688,77484500000.0,XU100.IS,bist100
2011-01-04,678.1060180664062,686.77197265625,678.1060180664062,682.218994140625,682.2153930664062,106946600000.0,XU100.IS,bist100
2011-01-05,682.239990234375,689.197998046875,678.166015625,688.2899780273438,688.2863159179688,116725800000.0,XU100.IS,bist100
2011-01-06,690.9559936523438,697.2529907226562,690.5260009765625,693.1119995117188,693.1083374023438,126912800000.0,XU100.IS,bist100
2011-01-07,692.3569946289062,695.8839721679688,685.5339965820312,687.7030029296875,687.6993408203125,81673300000.0,XU100.IS,bist100
2011-01-10,685.1530151367188,687.5360107421875,676.719970703125,678.7470092773438,678.743408203125,84016400000.0,XU100.IS,bist100
2011-01-11,682.3870239257812,684.72998046875,673.0089721679688,676.6900024414062,676.6864013671875,94167100000.0,XU100.IS,bist100
2011-01-12,678.0770263671875,683.4869995117188,674.426025390625,679.239013671875,679.2354125976562,73971000000.0,XU100.IS,bist100
2011-01-13,683.135009765625,689.9149780273438,682.4439697265625,685.7550048828125,685.7513427734375,76346500000.0,XU100.IS,bist100
2011-01-14,687.4089965820312,687.4089965820312,675.6300048828125,678.7960205078125,678.7924194335938,70758000000.0,XU100.IS,bist100
2011-01-17,676.5479736328125,676.5479736328125,667.218017578125,668.3140258789062,668.3104858398438,74616200000.0,XU100.IS,bist100
2011-01-18,671.2340087890625,676.8060302734375,664.2830200195312,664.2830200195312,664.2794799804688,77914900000.0,XU100.IS,bist100
2011-01-19,669.1099853515625,671.801025390625,663.448974609375,664.6290283203125,664.62548828125,78411300000.0,XU100.IS,bist100
2011-01-20,662.8519897460938,667.3060302734375,650.593017578125,652.8800048828125,652.8765258789062,88720600000.0,XU100.IS,bist100
2011-01-21,653.3259887695312,660.9110107421875,644.7169799804688,659.2730102539062,659.26953125,78606000000.0,XU100.IS,bist100
2011-01-24,662.3670043945312,663.5,649.5869750976562,652.0170288085938,652.0135498046875,71128100000.0,XU100.IS,bist100
2011-01-25,657.6519775390625,659.7310180664062,650.3790283203125,651.5289916992188,651.5255126953125,71402000000.0,XU100.IS,bist100
2011-01-26,655.9849853515625,660.2940063476562,653.8289794921875,659.6099853515625,659.6065063476562,68992700000.0,XU100.IS,bist100
2011-01-27,662.47998046875,663.9299926757812,648.9840087890625,650.385986328125,650.3825073242188,79940300000.0,XU100.IS,bist100
2011-01-28,647.2890014648438,647.2890014648438,628.8930053710938,632.1129760742188,632.109619140625,81153900000.0,XU100.IS,bist100
2011-01-31,625.8909912109375,634.4530029296875,619.5700073242188,632.781005859375,632.7776489257812,81513700000.0,XU100.IS,bist100
2011-02-01,638.0989990234375,649.0369873046875,636.6719970703125,648.2260131835938,648.2225952148438,76575000000.0,XU100.IS,bist100
2011-02-02,652.5280151367188,658.68798828125,651.6079711914062,653.0709838867188,653.0675048828125,81510600000.0,XU100.IS,bist100
2011-02-03,654.323974609375,656.3200073242188,636.4089965820312,637.280029296875,637.2766723632812,66123600000.0,XU100.IS,bist100
2011-02-04,634.8170166015625,653.0900268554688,631.47998046875,653.0900268554688,653.0865478515625,70375700000.0,XU100.IS,bist100
2011-02-07,655.3900146484375,659.1630249023438,646.4459838867188,649.0560302734375,649.0526123046875,77985300000.0,XU100.IS,bist100
2011-02-08,651.1370239257812,655.791015625,649.2210083007812,652.541015625,652.5375366210938,52337200000.0,XU100.IS,bist100
2011-02-09,653.5170288085938,661.6309814453125,651.2949829101562,655.6959838867188,655.6925048828125,63594500000.0,XU100.IS,bist100
2011-02-10,651.926025390625,653.052978515625,644.052978515625,644.2150268554688,644.2116088867188,49396500000.0,XU100.IS,bist100
2011-02-11,641.3079833984375,647.3049926757812,639.9459838867188,647.3040161132812,647.3005981445312,56982400000.0,XU100.IS,bist100
2011-02-14,653.4760131835938,655.4400024414062,644.8930053710938,645.6890258789062,645.6856079101562,65294800000.0,XU100.IS,bist100
2011-02-15,644.4249877929688,655.2529907226562,643.7310180664062,648.02099609375,648.017578125,91877900000.0,XU100.IS,bist100
2011-02-16,650.155029296875,654.0360107421875,646.6849975585938,653.6179809570312,653.614501953125,71739400000.0,XU100.IS,bist100
2011-02-17,655.427978515625,659.7319946289062,649.9940185546875,659.7319946289062,659.728515625,73640500000.0,XU100.IS,bist100
2011-02-18,662.406005859375,663.8889770507812,657.5960083007812,659.8579711914062,659.8544921875,78166600000.0,XU100.IS,bist100
2011-02-21,658.9929809570312,658.9929809570312,649.8709716796875,651.2899780273438,651.2864990234375,65818300000.0,XU100.IS,bist100
2011-02-22,645.2960205078125,647.9340209960938,640.3060302734375,646.5880126953125,646.5845947265625,62061000000.0,XU100.IS,bist100
2011-02-23,644.6069946289062,648.3090209960938,627.3800048828125,631.3170166015625,631.3136596679688,70114100000.0,XU100.IS,bist100
2011-02-24,625.9559936523438,625.9559936523438,605.4739990234375,607.6079711914062,607.604736328125,110226600000.0,XU100.IS,bist100
2011-02-25,613.8989868164062,618.72802734375,608.3519897460938,613.6729736328125,613.6697387695312,68521700000.0,XU100.IS,bist100
2011-02-28,615.7780151367188,615.7780151367188,605.3489990234375,612.8389892578125,612.8357543945312,62618900000.0,XU100.IS,bist100
2011-03-01,615.2470092773438,618.093017578125,586.8469848632812,587.093017578125,587.0899047851562,89270100000.0,XU100.IS,bist100
2011-03-02,582.0490112304688,592.0800170898438,580.6840209960938,586.6420288085938,586.638916015625,76944200000.0,XU100.IS,bist100
2011-03-03,594.2880249023438,605.4080200195312,594.2880249023438,603.8699951171875,603.8668212890625,80342700000.0,XU100.IS,bist100
2011-03-04,607.8889770507812,612.8900146484375,603.02099609375,611.1279907226562,611.124755859375,75359400000.0,XU100.IS,bist100
2011-03-07,605.6110229492188,605.8839721679688,594.2420043945312,602.176025390625,602.1728515625,79770900000.0,XU100.IS,bist100
2011-03-08,606.4080200195312,613.2639770507812,603.75,613.0170288085938,613.0137939453125,78819800000.0,XU100.IS,bist100
2011-03-09,615.3510131835938,624.9000244140625,613.2529907226562,624.8380126953125,624.834716796875,100870600000.0,XU100.IS,bist100
2011-03-10,619.8759765625,635.52099609375,618.3770141601562,631.6920166015625,631.6886596679688,114526400000.0,XU100.IS,bist100
2011-03-11,627.10498046875,638.4710083007812,627.0579833984375,637.8170166015625,637.8136596679688,95134300000.0,XU100.IS,bist100
2011-03-14,637.56201171875,648.6610107421875,637.56201171875,645.301025390625,645.297607421875,82977100000.0,XU100.IS,bist100
2011-03-15,638.0549926757812,642.1389770507812,625.0070190429688,642.1389770507812,642.1355590820312,92167900000.0,XU100.IS,bist100
2011-03-16,647.9400024414062,651.2100219726562,632.0050048828125,632.8040161132812,632.8006591796875,97377800000.0,XU100.IS,bist100
2011-03-17,635.85498046875,640.0770263671875,631.8259887695312,634.822021484375,634.8186645507812,70960100000.0,XU100.IS,bist100
2011-03-18,639.3889770507812,641.5999755859375,625.9520263671875,638.3930053710938,638.3896484375,82225000000.0,XU100.IS,bist100
2011-03-21,637.9439697265625,644.8189697265625,636.5789794921875,642.156982421875,642.153564453125,65742000000.0,XU100.IS,bist100
2011-03-22,644.5780029296875,650.1160278320312,643.7520141601562,648.7459716796875,648.7425537109375,64732300000.0,XU100.IS,bist100
2011-03-23,646.9439697265625,651.7100219726562,633.4619750976562,637.1959838867188,637.192626953125,82816000000.0,XU100.IS,bist100
2011-03-24,634.8330078125,644.6179809570312,633.2470092773438,643.5590209960938,643.5556030273438,81467400000.0,XU100.IS,bist100
2011-03-25,647.4760131835938,648.52099609375,640.947021484375,642.469970703125,642.466552734375,67923500000.0,XU100.IS,bist100
2011-03-28,643.760986328125,645.5969848632812,640.85400390625,642.6129760742188,642.6095581054688,56961900000.0,XU100.IS,bist100
2011-03-29,641.9710083007812,643.0850219726562,633.5780029296875,637.6380004882812,637.6346435546875,61567600000.0,XU100.IS,bist100
2011-03-30,641.7219848632812,646.1799926757812,640.406005859375,645.656005859375,645.652587890625,63903700000.0,XU100.IS,bist100
2011-03-31,647.9879760742188,648.5130004882812,643.1890258789062,644.344970703125,644.341552734375,73978400000.0,XU100.IS,bist100
2011-04-01,643.156005859375,657.1439819335938,642.0599975585938,657.1439819335938,657.1405029296875,76411700000.0,XU100.IS,bist100
2011-04-04,656.3389892578125,675.8200073242188,654.8040161132812,675.8200073242188,675.81640625,83518200000.0,XU100.IS,bist100
2011-04-05,675.4229736328125,682.927978515625,673.7789916992188,676.89501953125,676.8914184570312,104699600000.0,XU100.IS,bist100
2011-04-06,679.4210205078125,689.489990234375,679.3209838867188,686.4920043945312,686.4883422851562,97123300000.0,XU100.IS,bist100
2011-04-07,685.72802734375,696.530029296875,678.8690185546875,694.905029296875,694.9013671875,80878800000.0,XU100.IS,bist100
2011-04-08,696.635986328125,697.9600219726562,678.8389892578125,680.9329833984375,680.9293823242188,94830700000.0,XU100.IS,bist100
2011-04-11,678.5339965820312,686.2420043945312,677.2739868164062,681.947021484375,681.9434204101562,62526600000.0,XU100.IS,bist100
2011-04-12,676.8109741210938,685.3660278320312,675.9450073242188,680.0689697265625,680.0653686523438,64442400000.0,XU100.IS,bist100
2011-04-13,681.7899780273438,689.114990234375,680.4450073242188,682.0339965820312,682.0303955078125,65375200000.0,XU100.IS,bist100
2011-04-14,682.2219848632812,683.0360107421875,675.8359985351562,679.594970703125,679.5913696289062,44833200000.0,XU100.IS,bist100
2011-04-15,681.739990234375,685.02099609375,679.2219848632812,684.5050048828125,684.5014038085938,56273200000.0,XU100.IS,bist100
2011-04-18,688.10400390625,688.10400390625,662.833984375,666.0759887695312,666.0724487304688,93031600000.0,XU100.IS,bist100
2011-04-19,669.6489868164062,677.93701171875,669.6489868164062,677.4210205078125,677.4174194335938,66029600000.0,XU100.IS,bist100
2011-04-20,683.2730102539062,687.5789794921875,678.6430053710938,680.5399780273438,680.536376953125,64333000000.0,XU100.IS,bist100
2011-04-21,683.573974609375,685.656005859375,681.2310180664062,685.656005859375,685.65234375,65810000000.0,XU100.IS,bist100
2011-04-22,687.0180053710938,687.3209838867188,684.3040161132812,686.9180297851562,686.9143676757812,45904000000.0,XU100.IS,bist100
2011-04-25,687.2150268554688,690.0070190429688,685.97998046875,688.7069702148438,688.7033081054688,57140000000.0,XU100.IS,bist100
2011-04-26,688.5789794921875,688.6270141601562,683.2520141601562,685.2440185546875,685.2403564453125,55395400000.0,XU100.IS,bist100
2011-04-27,686.6669921875,687.6119995117188,675.8679809570312,677.927001953125,677.9234008789062,62500200000.0,XU100.IS,bist100
2011-04-28,681.5560302734375,684.4019775390625,673.4559936523438,684.4019775390625,684.3983764648438,58368400000.0,XU100.IS,bist100
2011-04-29,685.4749755859375,694.0869750976562,678.9089965820312,692.5009765625,692.497314453125,52660400000.0,XU100.IS,bist100
2011-05-02,696.208984375,698.072021484375,692.8809814453125,695.2239990234375,695.2203369140625,60517900000.0,XU100.IS,bist100
2011-05-03,694.3779907226562,701.2860107421875,689.5780029296875,700.719970703125,700.7162475585938,59206900000.0,XU100.IS,bist100
2011-05-04,699.2479858398438,703.3560180664062,693.2650146484375,694.3759765625,694.372314453125,66302700000.0,XU100.IS,bist100
2011-05-05,693.7949829101562,697.0880126953125,691.9329833984375,693.7490234375,693.745361328125,49095000000.0,XU100.IS,bist100
2011-05-06,693.9660034179688,693.9660034179688,679.6810302734375,682.4089965820312,682.4053955078125,52145600000.0,XU100.IS,bist100
2011-05-09,683.10498046875,685.7429809570312,678.7999877929688,679.5650024414062,679.5614013671875,47249000000.0,XU100.IS,bist100
2011-05-10,678.7990112304688,683.4500122070312,669.1909790039062,672.5999755859375,672.596435546875,57678200000.0,XU100.IS,bist100
2011-05-11,671.791015625,671.791015625,655.1710205078125,656.4329833984375,656.4295043945312,61253100000.0,XU100.IS,bist100
2011-05-12,652.9500122070312,665.8489990234375,651.2890014648438,665.3510131835938,665.3474731445312,56780800000.0,XU100.IS,bist100
2011-05-13,665.5170288085938,665.5170288085938,645.030029296875,645.8519897460938,645.8485717773438,78108200000.0,XU100.IS,bist100
2011-05-16,643.2269897460938,654.2830200195312,640.4810180664062,654.1790161132812,654.175537109375,59628200000.0,XU100.IS,bist100
2011-05-17,654.072021484375,654.6069946289062,646.7969970703125,653.85400390625,653.8505249023438,58182800000.0,XU100.IS,bist100
2011-05-18,655.7529907226562,656.3770141601562,635.8610229492188,637.3319702148438,637.32861328125,54372800000.0,XU100.IS,bist100
2011-05-20,638.010986328125,639.2109985351562,625.1199951171875,632.9860229492188,632.982666015625,44831400000.0,XU100.IS,bist100
2011-05-23,628.6900024414062,635.9550170898438,625.3489990234375,632.0989990234375,632.0956420898438,47787400000.0,XU100.IS,bist100
2011-05-24,634.18701171875,645.614013671875,631.5869750976562,645.614013671875,645.610595703125,58426900000.0,XU100.IS,bist100
2011-05-25,641.1929931640625,650.1710205078125,635.2899780273438,636.093017578125,636.0896606445312,62665900000.0,XU100.IS,bist100
2011-05-26,638.60498046875,644.405029296875,636.3200073242188,637.5540161132812,637.5506591796875,40219000000.0,XU100.IS,bist100
2011-05-27,640.4569702148438,640.5919799804688,618.541015625,624.073974609375,624.0706787109375,49561300000.0,XU100.IS,bist100
2011-05-30,621.1309814453125,626.6329956054688,611.3889770507812,614.9169921875,614.9137573242188,37787800000.0,XU100.IS,bist100
2011-05-31,619.718017578125,633.2589721679688,619.718017578125,630.4600219726562,630.4566650390625,67784800000.0,XU100.IS,bist100
2011-06-01,629.291015625,636.3200073242188,626.280029296875,632.2470092773438,632.24365234375,52453900000.0,XU100.IS,bist100
2011-06-02,627.364013671875,634.6610107421875,623.8610229492188,631.1259765625,631.1226196289062,55044500000.0,XU100.IS,bist100
2011-06-03,633.6129760742188,637.0859985351562,621.6290283203125,628.0689697265625,628.0656127929688,51939100000.0,XU100.IS,bist100
2011-06-06,630.0079956054688,635.1680297851562,630.0079956054688,635.1680297851562,635.1646728515625,37358700000.0,XU100.IS,bist100
2011-06-07,636.4169921875,644.7789916992188,635.9609985351562,644.6320190429688,644.6286010742188,45992800000.0,XU100.IS,bist100
2011-06-08,642.2119750976562,644.6300048828125,638.0440063476562,640.6710205078125,640.6676025390625,66083300000.0,XU100.IS,bist100
2011-06-09,638.68798828125,641.802001953125,635.4860229492188,636.7009887695312,636.6976318359375,48639100000.0,XU100.IS,bist100
2011-06-10,635.93701171875,640.2160034179688,634.7650146484375,637.0029907226562,636.9996337890625,43287400000.0,XU100.IS,bist100
2011-06-13,641.0289916992188,643.3480224609375,634.9520263671875,635.2319946289062,635.2286376953125,50092600000.0,XU100.IS,bist100
2011-06-14,636.9149780273438,636.97802734375,618.4080200195312,621.85498046875,621.8516845703125,64556600000.0,XU100.IS,bist100
2011-06-15,619.4650268554688,619.4650268554688,604.4400024414062,609.3889770507812,609.3857421875,57300100000.0,XU100.IS,bist100
2011-06-16,605.0850219726562,611.6099853515625,598.4039916992188,611.1669921875,611.1637573242188,58379700000.0,XU100.IS,bist100
2011-06-17,611.7529907226562,617.1669921875,608.1580200195312,617.1669921875,617.1636962890625,47285800000.0,XU100.IS,bist100
2011-06-20,611.02099609375,611.02099609375,603.1129760742188,610.0770263671875,610.0737915039062,33259600000.0,XU100.IS,bist100
2011-06-21,613.9559936523438,620.5050048828125,613.02001953125,620.3319702148438,620.3286743164062,36418600000.0,XU100.IS,bist100
2011-06-22,620.1160278320312,621.1810302734375,609.9819946289062,612.1799926757812,612.1767578125,36665700000.0,XU100.IS,bist100
2011-06-23,607.4199829101562,617.155029296875,604.6510009765625,615.8989868164062,615.8956909179688,44389600000.0,XU100.IS,bist100
2011-06-24,621.6929931640625,625.9749755859375,620.093017578125,620.7260131835938,620.7227172851562,39490800000.0,XU100.IS,bist100
2011-06-27,616.6900024414062,619.9569702148438,615.427001953125,619.5330200195312,619.5297241210938,28387100000.0,XU100.IS,bist100
2011-06-28,621.8629760742188,628.7930297851562,621.8469848632812,628.1909790039062,628.1876220703125,47893700000.0,XU100.IS,bist100
2011-06-29,631.114990234375,633.0419921875,626.8460083007812,630.0289916992188,630.025634765625,41740700000.0,XU100.IS,bist100
2011-06-30,631.3389892578125,636.4089965820312,629.094970703125,632.6939697265625,632.6906127929688,42006200000.0,XU100.IS,bist100
2011-07-01,633.5460205078125,635.0780029296875,628.7150268554688,632.64501953125,632.6416625976562,28322400000.0,XU100.IS,bist100
2011-07-04,633.1950073242188,641.8670043945312,633.052001953125,641.8670043945312,641.8635864257812,34438100000.0,XU100.IS,bist100
2011-07-05,639.968017578125,642.1699829101562,636.844970703125,638.6630249023438,638.6596069335938,38510000000.0,XU100.IS,bist100
2011-07-06,637.6320190429688,638.114990234375,631.7050170898438,632.4010009765625,632.3976440429688,28541800000.0,XU100.IS,bist100
2011-07-07,634.8389892578125,641.8060302734375,630.4530029296875,641.0079956054688,641.0045776367188,37066200000.0,XU100.IS,bist100
2011-07-08,642.2360229492188,644.6309814453125,635.1290283203125,635.9619750976562,635.9586181640625,35762700000.0,XU100.IS,bist100
2011-07-11,633.0289916992188,637.8709716796875,628.7459716796875,629.094970703125,629.0916137695312,27142100000.0,XU100.IS,bist100
2011-07-12,623.822998046875,628.344970703125,618.0159912109375,626.8980102539062,626.8947143554688,48792100000.0,XU100.IS,bist100
2011-07-13,630.1500244140625,632.8270263671875,626.6430053710938,632.6110229492188,632.607666015625,34580900000.0,XU100.IS,bist100
2011-07-14,630.1519775390625,633.718017578125,626.8800048828125,627.43798828125,627.4346313476562,46551700000.0,XU100.IS,bist100
2011-07-15,625.97998046875,629.4019775390625,623.4320068359375,626.3510131835938,626.3477172851562,33862600000.0,XU100.IS,bist100
2011-07-18,624.2630004882812,626.968017578125,618.6170043945312,620.25,620.2467041015625,27638500000.0,XU100.IS,bist100
2011-07-19,621.5180053710938,623.6669921875,615.8980102539062,618.4010009765625,618.397705078125,32098000000.0,XU100.IS,bist100
2011-07-20,620.2319946289062,620.9310302734375,614.0789794921875,616.3679809570312,616.3646850585938,31931700000.0,XU100.IS,bist100
2011-07-21,618.427001953125,619.1370239257812,594.344970703125,608.822998046875,608.8197631835938,75609800000.0,XU100.IS,bist100
2011-07-22,609.905029296875,611.051025390625,595.6069946289062,598.0230102539062,598.0198364257812,39642000000.0,XU100.IS,bist100
2011-07-25,592.2730102539062,610.4769897460938,584.864013671875,610.4769897460938,610.4737548828125,46723400000.0,XU100.IS,bist100
2011-07-26,612.6539916992188,616.7459716796875,606.9840087890625,613.885986328125,613.8827514648438,36915600000.0,XU100.IS,bist100
2011-07-27,613.27001953125,620.0339965820312,610.3690185546875,611.8159790039062,611.812744140625,43418800000.0,XU100.IS,bist100
2011-07-28,610.114990234375,625.3090209960938,610.114990234375,625.3090209960938,625.3057250976562,41454400000.0,XU100.IS,bist100
2011-07-29,623.385986328125,624.239990234375,617.0020141601562,622.9569702148438,622.9536743164062,36319500000.0,XU100.IS,bist100
2011-08-01,627.3179931640625,627.9979858398438,616.1890258789062,619.2659912109375,619.2626953125,32599800000.0,XU100.IS,bist100
2011-08-02,619.6909790039062,621.0250244140625,613.7440185546875,617.5859985351562,617.5827026367188,43840600000.0,XU100.IS,bist100
2011-08-03,610.3920288085938,619.35400390625,607.5750122070312,613.1510009765625,613.1477661132812,49091100000.0,XU100.IS,bist100
2011-08-04,616.9310302734375,618.416015625,591.3410034179688,593.260009765625,593.2568359375,69197800000.0,XU100.IS,bist100
2011-08-05,575.8569946289062,577.5590209960938,556.2550048828125,562.655029296875,562.6520385742188,78311500000.0,XU100.IS,bist100
2011-08-08,551.1179809570312,559.4459838867188,516.875,522.8350219726562,522.832275390625,82378300000.0,XU100.IS,bist100
2011-08-09,522.5360107421875,529.6119995117188,494.9259948730469,529.6119995117188,529.6091918945312,106318100000.0,XU100.IS,bist100
2011-08-10,531.7509765625,540.0059814453125,491.9320068359375,503.07598876953125,503.0733337402344,96143800000.0,XU100.IS,bist100
2011-08-11,515.781005859375,520.1699829101562,486.00201416015625,520.1699829101562,520.167236328125,86842900000.0,XU100.IS,bist100
2011-08-12,515.780029296875,526.1489868164062,505.010986328125,521.8870239257812,521.88427734375,80669600000.0,XU100.IS,bist100
2011-08-15,528.114990234375,534.97802734375,525.4619750976562,534.85302734375,534.8502197265625,45382000000.0,XU100.IS,bist100
2011-08-16,532.14599609375,540.9739990234375,524.2080078125,540.9739990234375,540.9711303710938,50322600000.0,XU100.IS,bist100
2011-08-17,538.1279907226562,548.5380249023438,534.1619873046875,542.177978515625,542.1751098632812,62329200000.0,XU100.IS,bist100
2011-08-18,537.8579711914062,537.8579711914062,511.87701416015625,519.458984375,519.4562377929688,69255400000.0,XU100.IS,bist100
2011-08-19,512.927978515625,530.7540283203125,499.3070068359375,530.6170043945312,530.6141967773438,70134600000.0,XU100.IS,bist100
2011-08-22,517.260986328125,539.2739868164062,515.7000122070312,532.8699951171875,532.8671875,61195400000.0,XU100.IS,bist100
2011-08-23,535.8610229492188,536.9119873046875,518.6810302734375,524.114990234375,524.1121826171875,50945400000.0,XU100.IS,bist100
2011-08-24,526.2030029296875,531.5999755859375,521.2440185546875,530.551025390625,530.5482177734375,41426600000.0,XU100.IS,bist100
2011-08-25,532.3060302734375,536.0499877929688,529.4199829101562,529.677001953125,529.6741943359375,43897700000.0,XU100.IS,bist100
2011-08-26,530.6329956054688,537.3380126953125,529.0869750976562,537.0759887695312,537.0731201171875,41060600000.0,XU100.IS,bist100
2011-08-29,541.2410278320312,542.5360107421875,536.25,539.4609985351562,539.4581298828125,9693500000.0,XU100.IS,bist100
2011-09-02,545.8909912109375,557.6060180664062,545.8909912109375,553.7529907226562,553.7500610351562,39740300000.0,XU100.IS,bist100
2011-09-05,545.5170288085938,547.3200073242188,539.0650024414062,540.5479736328125,540.5451049804688,34409500000.0,XU100.IS,bist100
2011-09-06,538.8590087890625,550.5919799804688,538.8590087890625,550.197998046875,550.195068359375,45891700000.0,XU100.IS,bist100
2011-09-07,556.5969848632812,558.31298828125,550.1640014648438,552.3820190429688,552.3790893554688,51279500000.0,XU100.IS,bist100
2011-09-08,552.2509765625,567.3410034179688,549.1669921875,566.9199829101562,566.9169921875,58074800000.0,XU100.IS,bist100
2011-09-09,565.6690063476562,569.7979736328125,554.4710083007812,559.030029296875,559.0270385742188,55365400000.0,XU100.IS,bist100
2011-09-12,550.4149780273438,557.5349731445312,545.1900024414062,556.0479736328125,556.0450439453125,41200300000.0,XU100.IS,bist100
2011-09-13,559.9869995117188,567.5430297851562,554.9180297851562,566.5059814453125,566.5029907226562,48341700000.0,XU100.IS,bist100
2011-09-14,563.280029296875,571.9099731445312,558.8250122070312,561.218994140625,561.2160034179688,54224500000.0,XU100.IS,bist100
2011-09-15,563.9849853515625,572.8989868164062,563.3049926757812,571.156005859375,571.1529541015625,48361400000.0,XU100.IS,bist100
2011-09-16,571.5999755859375,581.0360107421875,569.0880126953125,578.9650268554688,578.9619750976562,44980000000.0,XU100.IS,bist100
2011-09-19,573.4409790039062,583.0850219726562,573.4409790039062,579.3319702148438,579.3289184570312,45092100000.0,XU100.IS,bist100
2011-09-20,578.6160278320312,617.218017578125,578.3629760742188,608.8909912109375,608.8877563476562,111672600000.0,XU100.IS,bist100
2011-09-21,608.1439819335938,615.405029296875,603.9559936523438,608.2789916992188,608.2757568359375,63262800000.0,XU100.IS,bist100
2011-09-22,598.5900268554688,598.5900268554688,577.8909912109375,579.7990112304688,579.7959594726562,65322700000.0,XU100.IS,bist100
2011-09-23,580.8590087890625,581.4660034179688,556.8280029296875,563.2340087890625,563.2310180664062,65658900000.0,XU100.IS,bist100
2011-09-26,552.1640014648438,576.6420288085938,550.093017578125,568.0120239257812,568.009033203125,53946500000.0,XU100.IS,bist100
2011-09-27,578.3309936523438,583.2000122070312,576.2940063476562,582.6129760742188,582.60986328125,44448300000.0,XU100.IS,bist100
2011-09-28,580.8939819335938,596.4559936523438,580.3469848632812,589.885009765625,589.8818969726562,58375300000.0,XU100.IS,bist100
2011-09-29,590.2849731445312,601.10400390625,590.2849731445312,597.5819702148438,597.5787963867188,50755600000.0,XU100.IS,bist100
2011-09-30,598.6420288085938,598.7990112304688,583.635986328125,596.9340209960938,596.9308471679688,51055800000.0,XU100.IS,bist100
2011-10-03,589.0659790039062,601.156982421875,587.1259765625,594.5969848632812,594.5938110351562,57209900000.0,XU100.IS,bist100
2011-10-04,590.8049926757812,595.4929809570312,572.0919799804688,572.0919799804688,572.0889282226562,54764500000.0,XU100.IS,bist100
2011-10-05,578.0980224609375,582.9660034179688,571.833984375,573.1119995117188,573.1089477539062,47026400000.0,XU100.IS,bist100
2011-10-06,577.1820068359375,580.8660278320312,569.052001953125,572.2849731445312,572.2819213867188,48498900000.0,XU100.IS,bist100
2011-10-07,575.8049926757812,577.2479858398438,565.0780029296875,573.3880004882812,573.3849487304688,52203600000.0,XU100.IS,bist100
2011-10-10,577.3170166015625,583.2760009765625,573.9199829101562,583.2760009765625,583.2728881835938,40044200000.0,XU100.IS,bist100
2011-10-11,583.8839721679688,587.218994140625,579.7020263671875,586.6409912109375,586.6378784179688,42955000000.0,XU100.IS,bist100
2011-10-12,588.8889770507812,596.2050170898438,587.5490112304688,594.2030029296875,594.1998291015625,43461900000.0,XU100.IS,bist100
2011-10-13,593.5640258789062,598.81201171875,583.4210205078125,585.4340209960938,585.430908203125,56130600000.0,XU100.IS,bist100
2011-10-14,588.6300048828125,594.60400390625,584.7000122070312,593.0029907226562,592.9998168945312,46156500000.0,XU100.IS,bist100
2011-10-17,595.6680297851562,599.5889892578125,583.3189697265625,584.4240112304688,584.4208984375,48601700000.0,XU100.IS,bist100
2011-10-18,581.8150024414062,588.7440185546875,578.4000244140625,587.5059814453125,587.5028686523438,48505800000.0,XU100.IS,bist100
2011-10-19,590.6389770507812,593.0679931640625,576.7039794921875,577.9869995117188,577.9839477539062,44960500000.0,XU100.IS,bist100
2011-10-20,573.489013671875,573.489013671875,557.2329711914062,559.0449829101562,559.0419921875,48032900000.0,XU100.IS,bist100
2011-10-21,556.8800048828125,568.4010009765625,553.8759765625,567.9229736328125,567.9199829101562,44125500000.0,XU100.IS,bist100
2011-10-24,570.2369995117188,570.4760131835938,554.510986328125,562.593994140625,562.5910034179688,47094600000.0,XU100.IS,bist100
2011-10-25,562.1649780273438,570.5419921875,558.89599609375,562.7839965820312,562.781005859375,47038400000.0,XU100.IS,bist100
2011-10-26,563.68701171875,567.083984375,553.3930053710938,554.698974609375,554.696044921875,43017900000.0,XU100.IS,bist100
2011-10-27,560.4719848632812,568.0139770507812,558.2269897460938,566.1680297851562,566.1650390625,48614100000.0,XU100.IS,bist100
2011-10-28,569.2410278320312,574.468994140625,568.3049926757812,570.4240112304688,570.4209594726562,21170500000.0,XU100.IS,bist100
2011-10-31,568.1099853515625,568.1790161132812,558.7420043945312,560.614990234375,560.6119995117188,54212100000.0,XU100.IS,bist100
2011-11-01,552.5670166015625,552.6220092773438,541.218017578125,548.5150146484375,548.5120849609375,57040400000.0,XU100.IS,bist100
2011-11-02,551.8510131835938,558.5859985351562,544.9010009765625,557.2139892578125,557.2110595703125,40972700000.0,XU100.IS,bist100
2011-11-03,549.927978515625,565.3400268554688,548.6110229492188,565.22802734375,565.2250366210938,56502800000.0,XU100.IS,bist100
2011-11-04,567.3569946289062,569.552978515625,558.1530151367188,561.802001953125,561.7990112304688,37846600000.0,XU100.IS,bist100
2011-11-10,549.6580200195312,558.4819946289062,548.7490234375,555.406982421875,555.404052734375,42450800000.0,XU100.IS,bist100
2011-11-11,557.8380126953125,563.9199829101562,556.3099975585938,562.0150146484375,562.0120239257812,34522900000.0,XU100.IS,bist100
2011-11-14,566.0900268554688,567.7069702148438,557.1489868164062,558.7570190429688,558.7540283203125,39305700000.0,XU100.IS,bist100
2011-11-15,559.4019775390625,561.625,552.8499755859375,559.2249755859375,559.2219848632812,39541100000.0,XU100.IS,bist100
2011-11-16,555.8889770507812,563.0670166015625,555.8889770507812,559.2750244140625,559.2720336914062,46441000000.0,XU100.IS,bist100
2011-11-17,559.3829956054688,559.3829956054688,549.22998046875,550.8980102539062,550.8950805664062,44195000000.0,XU100.IS,bist100
2011-11-18,548.0969848632812,549.8460083007812,543.447021484375,544.739013671875,544.7361450195312,33383100000.0,XU100.IS,bist100
2011-11-21,543.0070190429688,545.0650024414062,525.8930053710938,527.52197265625,527.5191650390625,40878400000.0,XU100.IS,bist100
2011-11-22,533.3319702148438,533.875,514.9730224609375,519.864013671875,519.8612670898438,51906700000.0,XU100.IS,bist100
2011-11-23,515.197998046875,519.4169921875,506.5660095214844,510.9150085449219,510.91229248046875,54726500000.0,XU100.IS,bist100
2011-11-24,513.2849731445312,517.0360107421875,496.2170104980469,496.2170104980469,496.2143859863281,54943100000.0,XU100.IS,bist100
2011-11-25,498.2430114746094,510.8399963378906,488.1239929199219,510.7120056152344,510.70928955078125,62363400000.0,XU100.IS,bist100
2011-11-28,515.7589721679688,524.5070190429688,513.0330200195312,522.8359985351562,522.833251953125,42511300000.0,XU100.IS,bist100
2011-11-29,519.989990234375,524.885986328125,515.8209838867188,520.927978515625,520.9252319335938,44516200000.0,XU100.IS,bist100
2011-11-30,517.4299926757812,545.177978515625,516.405029296875,545.177978515625,545.1751098632812,74817300000.0,XU100.IS,bist100
2011-12-01,544.1279907226562,547.9240112304688,536.3660278320312,538.0659790039062,538.0631103515625,54252400000.0,XU100.IS,bist100
2011-12-02,539.4190063476562,551.5449829101562,539.4190063476562,547.6929931640625,547.6900634765625,51381700000.0,XU100.IS,bist100
2011-12-05,549.4420166015625,553.8410034179688,547.25,551.9580078125,551.955078125,35145700000.0,XU100.IS,bist100
2011-12-06,547.8040161132812,551.7310180664062,543.0009765625,546.791015625,546.7880859375,38970700000.0,XU100.IS,bist100
2011-12-07,551.2880249023438,555.3759765625,543.7760009765625,551.3889770507812,551.3860473632812,42037200000.0,XU100.IS,bist100
2011-12-08,551.8930053710938,552.1229858398438,533.1669921875,534.9929809570312,534.9901733398438,45643100000.0,XU100.IS,bist100
2011-12-09,526.7540283203125,539.8690185546875,526.5590209960938,538.3489990234375,538.3461303710938,45206800000.0,XU100.IS,bist100
2011-12-12,535.5750122070312,538.85498046875,523.281982421875,524.4409790039062,524.4381713867188,35956000000.0,XU100.IS,bist100
2011-12-13,524.5800170898438,529.8920288085938,521.1710205078125,525.5150146484375,525.51220703125,49306500000.0,XU100.IS,bist100
2011-12-14,523.2369995117188,523.2369995117188,511.5849914550781,513.3900146484375,513.3872680664062,41710200000.0,XU100.IS,bist100
2011-12-15,515.2999877929688,522.5,510.8840026855469,518.864990234375,518.8622436523438,43979200000.0,XU100.IS,bist100
2011-12-16,522.5,523.3729858398438,515.5150146484375,516.6580200195312,516.6552734375,36051100000.0,XU100.IS,bist100
2011-12-19,514.5029907226562,518.2449951171875,506.8399963378906,507.4209899902344,507.4183044433594,31254100000.0,XU100.IS,bist100
2011-12-20,509.58099365234375,521.5579833984375,506.39599609375,521.2689819335938,521.2662353515625,43647700000.0,XU100.IS,bist100
2011-12-21,524.5859985351562,528.4609985351562,515.0709838867188,517.4739990234375,517.4712524414062,50441800000.0,XU100.IS,bist100
2011-12-22,520.135009765625,523.3270263671875,513.0120239257812,515.916015625,515.9132690429688,34262400000.0,XU100.IS,bist100
2011-12-23,520.3259887695312,522.6530151367188,517.0339965820312,519.4860229492188,519.4832763671875,27486200000.0,XU100.IS,bist100
2011-12-26,522.3579711914062,525.5490112304688,520.2589721679688,525.1729736328125,525.170166015625,15898800000.0,XU100.IS,bist100
2011-12-27,524.5390014648438,526.1840209960938,522.0280151367188,525.6119995117188,525.6091918945312,24064700000.0,XU100.IS,bist100
2011-12-28,524.0330200195312,525.426025390625,514.52001953125,515.531982421875,515.5292358398438,31274600000.0,XU100.IS,bist100
2011-12-29,515.635009765625,520.5360107421875,511.1669921875,520.5360107421875,520.5332641601562,24094400000.0,XU100.IS,bist100
2011-12-30,521.1179809570312,523.3419799804688,510.1340026855469,512.666015625,512.6632690429688,21896700000.0,XU100.IS,bist100
2012-01-02,513.14599609375,517.1190185546875,510.29400634765625,513.4099731445312,513.4072265625,22059800000.0,XU100.IS,bist100
2012-01-03,516.4520263671875,528.5910034179688,515.7999877929688,528.5910034179688,528.5881958007812,43705000000.0,XU100.IS,bist100
2012-01-04,527.4819946289062,529.5670166015625,512.5869750976562,515.3259887695312,515.3232421875,44731500000.0,XU100.IS,bist100
2012-01-05,516.4019775390625,516.6160278320312,507.5400085449219,512.0460205078125,512.0432739257812,40015300000.0,XU100.IS,bist100
2012-01-06,511.83099365234375,514.7449951171875,500.07000732421875,501.82501220703125,501.8223571777344,46741400000.0,XU100.IS,bist100
2012-01-09,504.9779968261719,505.62298583984375,492.63299560546875,498.3699951171875,498.3673400878906,50544100000.0,XU100.IS,bist100
2012-01-10,503.25201416015625,510.92401123046875,500.8070068359375,507.8179931640625,507.8153076171875,40375800000.0,XU100.IS,bist100
2012-01-11,507.6730041503906,515.2440185546875,504.99700927734375,514.10400390625,514.1012573242188,54530200000.0,XU100.IS,bist100
2012-01-12,516.3150024414062,524.8989868164062,515.781005859375,521.5430297851562,521.540283203125,60807600000.0,XU100.IS,bist100
2012-01-13,525.2919921875,527.926025390625,511.48199462890625,515.6170043945312,515.6142578125,53205100000.0,XU100.IS,bist100
2012-01-16,517.1209716796875,528.0260009765625,514.843994140625,527.9719848632812,527.9691772460938,49741600000.0,XU100.IS,bist100
2012-01-17,533.64599609375,538.4860229492188,529.9320068359375,535.2930297851562,535.2901611328125,61487800000.0,XU100.IS,bist100
2012-01-18,534.666015625,543.9879760742188,531.510986328125,543.8480224609375,543.8451538085938,68205300000.0,XU100.IS,bist100
2012-01-19,544.5570068359375,548.9669799804688,540.094970703125,546.0789794921875,546.0761108398438,68367200000.0,XU100.IS,bist100
2012-01-20,548.68701171875,550.5659790039062,543.5260009765625,548.885986328125,548.883056640625,56606300000.0,XU100.IS,bist100
2012-01-23,547.7319946289062,554.5079956054688,544.7899780273438,551.8619995117188,551.8590698242188,57960900000.0,XU100.IS,bist100
2012-01-24,550.5280151367188,552.9359741210938,542.2369995117188,547.9080200195312,547.9050903320312,53474000000.0,XU100.IS,bist100
2012-01-25,550.427001953125,554.18798828125,547.4580078125,549.18701171875,549.18408203125,57274700000.0,XU100.IS,bist100
2012-01-26,555.1389770507812,572.6630249023438,555.1389770507812,569.5880126953125,569.5849609375,83487200000.0,XU100.IS,bist100
2012-01-27,567.4329833984375,575.8189697265625,566.5659790039062,573.5670166015625,573.56396484375,57755800000.0,XU100.IS,bist100
2012-01-30,570.5390014648438,578.489013671875,569.166015625,578.1179809570312,578.1149291992188,49921600000.0,XU100.IS,bist100
2012-01-31,582.3619995117188,584.718994140625,569.0490112304688,571.7130126953125,571.7099609375,65265200000.0,XU100.IS,bist100
2012-02-01,570.7969970703125,593.344970703125,570.7969970703125,592.156982421875,592.1538696289062,68916400000.0,XU100.IS,bist100
2012-02-02,592.27099609375,600.8939819335938,585.531982421875,600.5189819335938,600.5158081054688,82607500000.0,XU100.IS,bist100
2012-02-03,598.7219848632812,604.427978515625,596.2899780273438,601.47998046875,601.476806640625,69723100000.0,XU100.IS,bist100
2012-02-06,599.1749877929688,606.7490234375,595.280029296875,606.7490234375,606.7457885742188,52142000000.0,XU100.IS,bist100
2012-02-07,608.7329711914062,610.8040161132812,603.8049926757812,605.458984375,605.4557495117188,61044000000.0,XU100.IS,bist100
2012-02-08,610.4619750976562,613.0850219726562,608.7150268554688,611.7830200195312,611.77978515625,55278600000.0,XU100.IS,bist100
2012-02-09,612.614013671875,615.8759765625,600.1279907226562,601.625,601.621826171875,89771200000.0,XU100.IS,bist100
2012-02-10,598.072021484375,601.4169921875,589.8829956054688,593.3209838867188,593.3178100585938,57876900000.0,XU100.IS,bist100
2012-02-13,598.0659790039062,607.3040161132812,598.0659790039062,605.5750122070312,605.57177734375,53743000000.0,XU100.IS,bist100
2012-02-14,605.3419799804688,608.5609741210938,595.0079956054688,596.6209716796875,596.6177978515625,65975700000.0,XU100.IS,bist100
2012-02-15,602.989013671875,605.125,595.3280029296875,598.4760131835938,598.4728393554688,52491100000.0,XU100.IS,bist100
2012-02-16,594.0770263671875,600.3460083007812,591.4719848632812,600.301025390625,600.2978515625,69954400000.0,XU100.IS,bist100
2012-02-17,604.4210205078125,611.1129760742188,602.572998046875,611.1129760742188,611.1097412109375,64640800000.0,XU100.IS,bist100
2012-02-20,615.989990234375,617.7869873046875,613.2340087890625,614.4910278320312,614.48779296875,71054500000.0,XU100.IS,bist100
2012-02-21,614.5390014648438,616.2979736328125,607.5919799804688,612.5280151367188,612.5247802734375,63423000000.0,XU100.IS,bist100
2012-02-22,614.0440063476562,616.2340087890625,607.6829833984375,608.5640258789062,608.560791015625,67079400000.0,XU100.IS,bist100
2012-02-23,608.9550170898438,609.27197265625,596.4039916992188,596.666015625,596.662841796875,56253900000.0,XU100.IS,bist100
2012-02-24,599.4630126953125,601.64599609375,591.427978515625,597.375,597.371826171875,61283700000.0,XU100.IS,bist100
2012-02-27,595.719970703125,596.3809814453125,583.7869873046875,588.218017578125,588.2149047851562,63202900000.0,XU100.IS,bist100
2012-02-28,592.3560180664062,601.6619873046875,591.2659912109375,599.7849731445312,599.7817993164062,59104300000.0,XU100.IS,bist100
2012-02-29,601.22802734375,609.4390258789062,597.8590087890625,607.2119750976562,607.208740234375,64662800000.0,XU100.IS,bist100
2012-03-01,603.9869995117188,610.2210083007812,601.4329833984375,607.2589721679688,607.2557373046875,64458800000.0,XU100.IS,bist100
2012-03-02,606.8889770507812,609.927978515625,604.5399780273438,609.0239868164062,609.020751953125,27803800000.0,XU100.IS,bist100
2012-03-05,606.0880126953125,606.0880126953125,596.176025390625,596.85498046875,596.851806640625,50452500000.0,XU100.IS,bist100
2012-03-06,597.1649780273438,597.52001953125,588.6270141601562,591.4340209960938,591.430908203125,48429200000.0,XU100.IS,bist100
2012-03-07,592.8660278320312,597.18798828125,589.3770141601562,594.7969970703125,594.7938232421875,50638600000.0,XU100.IS,bist100
2012-03-08,599.0449829101562,605.1220092773438,595.9130249023438,596.7379760742188,596.7348022460938,53134200000.0,XU100.IS,bist100
2012-03-09,599.2780151367188,599.4530029296875,591.0120239257812,592.8040161132812,592.8008422851562,39254700000.0,XU100.IS,bist100
2012-03-12,591.4630126953125,594.1840209960938,587.780029296875,590.094970703125,590.0918579101562,42590000000.0,XU100.IS,bist100
2012-03-13,595.447998046875,599.5430297851562,593.885009765625,593.8900146484375,593.8868408203125,53531500000.0,XU100.IS,bist100
2012-03-14,598.791015625,610.3319702148438,598.791015625,608.3569946289062,608.353759765625,67305100000.0,XU100.IS,bist100
2012-03-15,609.6090087890625,614.1240234375,607.9080200195312,612.7930297851562,612.789794921875,61116300000.0,XU100.IS,bist100
2012-03-16,612.968994140625,623.7689819335938,612.968994140625,623.3629760742188,623.3596801757812,82333400000.0,XU100.IS,bist100
2012-03-19,624.2429809570312,630.156005859375,621.5170288085938,625.3729858398438,625.3696899414062,69966100000.0,XU100.IS,bist100
2012-03-20,624.4760131835938,624.9920043945312,615.9559936523438,621.6409912109375,621.6376953125,55511500000.0,XU100.IS,bist100
2012-03-21,623.5800170898438,626.176025390625,620.2880249023438,620.6500244140625,620.646728515625,57149500000.0,XU100.IS,bist100
2012-03-22,623.4520263671875,624.489990234375,617.1640014648438,617.8670043945312,617.8637084960938,61953800000.0,XU100.IS,bist100
2012-03-23,619.4929809570312,621.6530151367188,612.489013671875,614.1740112304688,614.1707763671875,58271600000.0,XU100.IS,bist100
2012-03-26,611.39697265625,625.6170043945312,610.9340209960938,625.614990234375,625.6116943359375,60403000000.0,XU100.IS,bist100
2012-03-27,628.64501953125,630.35302734375,623.5709838867188,624.9099731445312,624.9066772460938,69057600000.0,XU100.IS,bist100
2012-03-28,621.5989990234375,624.3499755859375,616.4199829101562,618.1510009765625,618.147705078125,71881100000.0,XU100.IS,bist100
2012-03-29,617.572998046875,618.8060302734375,614.0150146484375,615.448974609375,615.4457397460938,50137600000.0,XU100.IS,bist100
2012-03-30,619.2520141601562,625.0989990234375,619.2520141601562,624.22998046875,624.2266845703125,63259200000.0,XU100.IS,bist100
2012-04-02,625.9829711914062,629.7540283203125,623.9210205078125,629.6929931640625,629.6896362304688,61002000000.0,XU100.IS,bist100
2012-04-03,632.4450073242188,636.1690063476562,630.2999877929688,632.844970703125,632.8416137695312,82770900000.0,XU100.IS,bist100
2012-04-04,629.4180297851562,629.4180297851562,623.177978515625,624.6400146484375,624.63671875,62254700000.0,XU100.IS,bist100
2012-04-05,625.6640014648438,626.5390014648438,616.5230102539062,620.6270141601562,620.6237182617188,66313700000.0,XU100.IS,bist100
2012-04-06,618.1820068359375,618.3759765625,608.3200073242188,609.39599609375,609.3927612304688,44065600000.0,XU100.IS,bist100
2012-04-09,608.6690063476562,611.0440063476562,604.7440185546875,608.1329956054688,608.1297607421875,34267400000.0,XU100.IS,bist100
2012-04-10,610.0490112304688,611.1229858398438,599.8770141601562,599.8770141601562,599.8738403320312,62750100000.0,XU100.IS,bist100
2012-04-11,598.2360229492188,607.0980224609375,593.8839721679688,607.0980224609375,607.0947875976562,56226800000.0,XU100.IS,bist100
2012-04-12,608.8989868164062,610.072998046875,601.7849731445312,608.9010009765625,608.8977661132812,81603200000.0,XU100.IS,bist100
2012-04-13,609.6849975585938,612.468017578125,605.198974609375,605.8259887695312,605.82275390625,62327000000.0,XU100.IS,bist100
2012-04-16,602.0570068359375,609.8880004882812,599.8309936523438,604.7849731445312,604.78173828125,57574500000.0,XU100.IS,bist100
2012-04-17,603.9509887695312,611.6610107421875,602.2119750976562,606.5260009765625,606.5227661132812,51706500000.0,XU100.IS,bist100
2012-04-18,611.0469970703125,612.4530029296875,599.8579711914062,601.3189697265625,601.3157958984375,52181000000.0,XU100.IS,bist100
2012-04-19,602.833984375,605.530029296875,596.9559936523438,598.4849853515625,598.4818115234375,56245500000.0,XU100.IS,bist100
2012-04-20,599.4190063476562,603.1500244140625,598.489990234375,601.22900390625,601.225830078125,38591100000.0,XU100.IS,bist100
2012-04-24,595.7160034179688,600.0549926757812,593.7639770507812,597.0599975585938,597.0568237304688,46104300000.0,XU100.IS,bist100
2012-04-25,601.1409912109375,603.1840209960938,592.4119873046875,599.405029296875,599.40185546875,56078400000.0,XU100.IS,bist100
2012-04-26,600.4400024414062,606.9249877929688,598.7559814453125,606.7780151367188,606.7747802734375,63292800000.0,XU100.IS,bist100
2012-04-27,605.5750122070312,610.760986328125,602.4879760742188,605.9669799804688,605.9637451171875,52504700000.0,XU100.IS,bist100
2012-04-30,607.947021484375,608.6179809570312,596.9840087890625,600.10400390625,600.100830078125,44939200000.0,XU100.IS,bist100
2012-05-02,599.7169799804688,603.1500244140625,588.5120239257812,589.43701171875,589.4338989257812,47069000000.0,XU100.IS,bist100
2012-05-03,591.3889770507812,595.5700073242188,591.3889770507812,592.8569946289062,592.8538208007812,38708300000.0,XU100.IS,bist100
2012-05-04,594.4619750976562,595.7449951171875,588.2009887695312,590.156982421875,590.1538696289062,37385700000.0,XU100.IS,bist100
2012-05-07,582.4879760742188,588.4119873046875,580.4769897460938,588.0969848632812,588.0938720703125,33408700000.0,XU100.IS,bist100
2012-05-08,589.4199829101562,593.2550048828125,586.3049926757812,587.4929809570312,587.4898681640625,46038500000.0,XU100.IS,bist100
2012-05-09,589.177978515625,589.7340087890625,580.8200073242188,580.9299926757812,580.9269409179688,39268000000.0,XU100.IS,bist100
2012-05-10,584.3270263671875,589.5349731445312,583.3460083007812,588.2080078125,588.2048950195312,34500900000.0,XU100.IS,bist100
2012-05-11,584.4660034179688,588.8690185546875,583.7680053710938,588.7260131835938,588.722900390625,39685300000.0,XU100.IS,bist100
2012-05-14,586.780029296875,589.0670166015625,577.7899780273438,578.5390014648438,578.5359497070312,41503700000.0,XU100.IS,bist100
2012-05-15,580.1229858398438,581.7449951171875,570.9089965820312,574.531005859375,574.5279541015625,40016800000.0,XU100.IS,bist100
2012-05-16,569.6859741210938,581.6500244140625,567.1699829101562,581.0089721679688,581.0059204101562,44488300000.0,XU100.IS,bist100
2012-05-17,579.343017578125,583.1619873046875,571.7479858398438,573.31201171875,573.3089599609375,46124100000.0,XU100.IS,bist100
2012-05-18,566.9739990234375,572.864013671875,564.0490112304688,569.3579711914062,569.35498046875,44075000000.0,XU100.IS,bist100
2012-05-21,572.4010009765625,574.8460083007812,565.39599609375,565.39599609375,565.3930053710938,33575000000.0,XU100.IS,bist100
2012-05-22,570.3350219726562,571.3480224609375,565.197998046875,570.7949829101562,570.7919311523438,36576400000.0,XU100.IS,bist100
2012-05-23,564.7150268554688,566.6279907226562,555.989013671875,557.343017578125,557.340087890625,38277600000.0,XU100.IS,bist100
2012-05-24,559.5980224609375,560.8880004882812,548.6740112304688,549.166015625,549.1630859375,47933100000.0,XU100.IS,bist100
2012-05-25,541.2760009765625,552.0640258789062,539.9760131835938,548.0989990234375,548.0960693359375,56541800000.0,XU100.IS,bist100
2012-05-28,550.9149780273438,551.7579956054688,545.9459838867188,548.4390258789062,548.4360961914062,36398300000.0,XU100.IS,bist100
2012-05-29,549.468017578125,556.52001953125,548.0709838867188,554.4949951171875,554.4920654296875,47213900000.0,XU100.IS,bist100
2012-05-30,551.7000122070312,554.1829833984375,547.2429809570312,551.2529907226562,551.2500610351562,41116700000.0,XU100.IS,bist100
2012-05-31,551.9660034179688,557.9039916992188,549.468994140625,550.9929809570312,550.9900512695312,58423500000.0,XU100.IS,bist100
2012-06-01,551.2520141601562,555.7449951171875,543.6630249023438,555.6840209960938,555.6810913085938,47479100000.0,XU100.IS,bist100
2012-06-04,551.9169921875,559.7030029296875,551.3250122070312,557.4429931640625,557.4400634765625,40966300000.0,XU100.IS,bist100
2012-06-05,559.5020141601562,561.6669921875,556.06201171875,557.9979858398438,557.9950561523438,46194600000.0,XU100.IS,bist100
2012-06-06,560.5469970703125,562.4849853515625,557.6209716796875,562.4849853515625,562.4819946289062,37918200000.0,XU100.IS,bist100
2012-06-07,565.7000122070312,570.6959838867188,564.718017578125,566.9569702148438,566.9539794921875,42868000000.0,XU100.IS,bist100
2012-06-08,564.4910278320312,573.656005859375,561.4739990234375,573.0,572.9969482421875,38753600000.0,XU100.IS,bist100
2012-06-11,582.4310302734375,582.7429809570312,575.0479736328125,575.0479736328125,575.044921875,46243200000.0,XU100.IS,bist100
2012-06-12,575.4650268554688,582.0130004882812,575.2449951171875,582.0130004882812,582.0098876953125,40710000000.0,XU100.IS,bist100
2012-06-13,584.5070190429688,585.4609985351562,579.4310302734375,582.5050048828125,582.5018920898438,39690000000.0,XU100.IS,bist100
2012-06-14,583.3090209960938,585.1270141601562,581.3090209960938,583.64697265625,583.6438598632812,34682200000.0,XU100.IS,bist100
2012-06-15,586.3300170898438,586.635009765625,581.8389892578125,584.677978515625,584.6748657226562,36131200000.0,XU100.IS,bist100
2012-06-18,588.9760131835938,589.7940063476562,581.4509887695312,583.2490234375,583.2459106445312,28703400000.0,XU100.IS,bist100
2012-06-19,583.4349975585938,592.9970092773438,583.4349975585938,592.9970092773438,592.9938354492188,39778700000.0,XU100.IS,bist100
2012-06-20,599.426025390625,600.6820068359375,594.0130004882812,594.0130004882812,594.0098266601562,40447500000.0,XU100.IS,bist100
2012-06-21,593.6259765625,608.1539916992188,592.8800048828125,604.3980102539062,604.394775390625,55953400000.0,XU100.IS,bist100
2012-06-22,601.1939697265625,606.635986328125,599.9130249023438,604.5139770507812,604.5107421875,48890100000.0,XU100.IS,bist100
2012-06-25,598.6099853515625,601.4970092773438,594.7940063476562,594.7940063476562,594.7908325195312,36792700000.0,XU100.IS,bist100
2012-06-26,597.0469970703125,601.7869873046875,595.1300048828125,601.2659912109375,601.2628173828125,31292700000.0,XU100.IS,bist100
2012-06-27,602.9219970703125,612.4990234375,602.7949829101562,611.843017578125,611.8397827148438,64044300000.0,XU100.IS,bist100
2012-06-28,612.780029296875,614.0780029296875,604.3489990234375,608.2260131835938,608.2227783203125,51953600000.0,XU100.IS,bist100
2012-06-29,615.0089721679688,625.4349975585938,613.5910034179688,625.4349975585938,625.4317016601562,51355500000.0,XU100.IS,bist100
2012-07-02,623.1019897460938,624.1820068359375,617.4229736328125,619.5120239257812,619.5087280273438,42386500000.0,XU100.IS,bist100
2012-07-03,621.3300170898438,627.5700073242188,621.3300170898438,627.2130126953125,627.2096557617188,41267000000.0,XU100.IS,bist100
2012-07-04,628.8099975585938,630.7420043945312,625.0040283203125,629.8610229492188,629.857666015625,42523000000.0,XU100.IS,bist100
2012-07-05,629.77001953125,631.5850219726562,619.7210083007812,619.7210083007812,619.7177124023438,46161400000.0,XU100.IS,bist100
2012-07-06,621.1810302734375,627.9030151367188,619.4559936523438,627.8060302734375,627.8026733398438,38918600000.0,XU100.IS,bist100
2012-07-09,627.2540283203125,630.2239990234375,624.2059936523438,626.0809936523438,626.0776977539062,32728600000.0,XU100.IS,bist100
2012-07-10,626.8289794921875,635.7570190429688,625.5460205078125,631.239990234375,631.2366333007812,41384000000.0,XU100.IS,bist100
2012-07-11,631.385986328125,635.489990234375,628.8469848632812,630.4879760742188,630.484619140625,44035300000.0,XU100.IS,bist100
2012-07-12,630.5170288085938,630.8839721679688,621.0759887695312,623.2459716796875,623.24267578125,35395100000.0,XU100.IS,bist100
2012-07-13,624.7680053710938,628.3079833984375,622.989013671875,626.6220092773438,626.6187133789062,32800100000.0,XU100.IS,bist100
2012-07-16,627.1719970703125,630.197998046875,624.2839965820312,626.7529907226562,626.7496948242188,34136500000.0,XU100.IS,bist100
2012-07-17,629.2979736328125,629.4400024414062,623.6110229492188,624.72802734375,624.7247314453125,35049600000.0,XU100.IS,bist100
2012-07-18,625.6890258789062,629.02197265625,621.0759887695312,624.448974609375,624.4456787109375,42772700000.0,XU100.IS,bist100
2012-07-19,626.7780151367188,627.7899780273438,623.0709838867188,623.4080200195312,623.4047241210938,37136400000.0,XU100.IS,bist100
2012-07-20,623.8369750976562,624.7429809570312,614.0490112304688,617.9219970703125,617.918701171875,37852700000.0,XU100.IS,bist100
2012-07-23,613.906005859375,613.906005859375,604.6669921875,607.3679809570312,607.36474609375,32641600000.0,XU100.IS,bist100
2012-07-24,608.3209838867188,615.739013671875,606.4080200195312,613.0330200195312,613.02978515625,38626500000.0,XU100.IS,bist100
2012-07-25,611.677001953125,618.4569702148438,611.541015625,617.0750122070312,617.0717163085938,38417800000.0,XU100.IS,bist100
2012-07-26,618.9550170898438,638.4099731445312,618.9550170898438,638.4099731445312,638.4066162109375,53116400000.0,XU100.IS,bist100
2012-07-27,638.5390014648438,644.9829711914062,636.4739990234375,643.72802734375,643.724609375,48782700000.0,XU100.IS,bist100
2012-07-30,645.22900390625,651.5059814453125,641.5180053710938,650.3209838867188,650.3175048828125,48376400000.0,XU100.IS,bist100
2012-07-31,649.2940063476562,651.8980102539062,640.0789794921875,642.594970703125,642.591552734375,50621200000.0,XU100.IS,bist100
2012-08-01,642.0659790039062,645.4609985351562,639.2420043945312,640.81201171875,640.80859375,34478100000.0,XU100.IS,bist100
2012-08-02,640.2650146484375,645.6710205078125,632.6519775390625,637.7789916992188,637.775634765625,55887700000.0,XU100.IS,bist100
2012-08-03,637.9420166015625,654.448974609375,635.1309814453125,653.0360107421875,653.0325317382812,49048500000.0,XU100.IS,bist100
2012-08-06,653.2039794921875,661.4089965820312,653.2039794921875,655.7680053710938,655.7645263671875,47626400000.0,XU100.IS,bist100
2012-08-07,656.64501953125,659.2420043945312,648.4099731445312,649.3839721679688,649.3805541992188,43037100000.0,XU100.IS,bist100
2012-08-08,648.14697265625,651.0020141601562,645.9219970703125,646.9860229492188,646.9826049804688,47818500000.0,XU100.IS,bist100
2012-08-09,649.6279907226562,652.47998046875,640.219970703125,645.010986328125,645.007568359375,38882100000.0,XU100.IS,bist100
2012-08-10,643.9760131835938,651.260009765625,641.6119995117188,651.260009765625,651.2565307617188,33909300000.0,XU100.IS,bist100
2012-08-13,650.2780151367188,655.9580078125,649.843994140625,651.489013671875,651.4855346679688,32456100000.0,XU100.IS,bist100
2012-08-14,653.2769775390625,653.864990234375,640.833984375,641.6079711914062,641.6045532226562,31295400000.0,XU100.IS,bist100
2012-08-15,641.6840209960938,646.6079711914062,637.3980102539062,646.1179809570312,646.1145629882812,35461100000.0,XU100.IS,bist100
2012-08-16,647.6439819335938,651.8090209960938,647.6409912109375,649.1619873046875,649.1585693359375,31361700000.0,XU100.IS,bist100
2012-08-17,651.7249755859375,659.5369873046875,651.7249755859375,657.5850219726562,657.58154296875,35904300000.0,XU100.IS,bist100
2012-08-22,658.0850219726562,663.406982421875,655.1790161132812,661.0880126953125,661.0845336914062,29686600000.0,XU100.IS,bist100
2012-08-23,663.8670043945312,665.9920043945312,659.0540161132812,660.7949829101562,660.79150390625,32046900000.0,XU100.IS,bist100
2012-08-24,659.5980224609375,662.7269897460938,656.5430297851562,656.5430297851562,656.53955078125,29530800000.0,XU100.IS,bist100
2012-08-27,656.9520263671875,660.8259887695312,656.9520263671875,659.416015625,659.4125366210938,28122900000.0,XU100.IS,bist100
2012-08-28,660.5969848632812,665.7639770507812,660.2319946289062,661.3930053710938,661.3895263671875,41110600000.0,XU100.IS,bist100
2012-08-29,662.1320190429688,663.9949951171875,658.5800170898438,661.5260009765625,661.5225219726562,32981900000.0,XU100.IS,bist100
2012-08-31,659.3619995117188,673.6799926757812,658.0360107421875,673.6799926757812,673.6763916015625,42377500000.0,XU100.IS,bist100
2012-09-03,673.0399780273438,674.4119873046875,668.6279907226562,672.0819702148438,672.0784301757812,32487000000.0,XU100.IS,bist100
2012-09-04,673.0469970703125,675.0709838867188,668.635009765625,668.9810180664062,668.9774780273438,46702200000.0,XU100.IS,bist100
2012-09-05,669.8469848632812,677.1729736328125,667.0910034179688,675.594970703125,675.5913696289062,41930700000.0,XU100.IS,bist100
2012-09-06,678.2319946289062,678.7639770507812,670.6920166015625,677.1480102539062,677.1444091796875,45300200000.0,XU100.IS,bist100
2012-09-07,677.7369995117188,682.6640014648438,674.4769897460938,679.3709716796875,679.3673706054688,54622200000.0,XU100.IS,bist100
2012-09-10,681.219970703125,684.3109741210938,680.4769897460938,681.2160034179688,681.21240234375,42975700000.0,XU100.IS,bist100
2012-09-11,680.7969970703125,683.8270263671875,678.9749755859375,681.051025390625,681.0474243164062,39582500000.0,XU100.IS,bist100
2012-09-12,682.468017578125,685.406982421875,680.198974609375,681.8400268554688,681.83642578125,45147700000.0,XU100.IS,bist100
2012-09-13,683.1820068359375,684.60400390625,672.5650024414062,672.906982421875,672.9034423828125,38312400000.0,XU100.IS,bist100
2012-09-14,681.52001953125,685.3759765625,680.0850219726562,681.8049926757812,681.8013916015625,51626600000.0,XU100.IS,bist100
2012-09-17,680.051025390625,682.5869750976562,677.8480224609375,680.9229736328125,680.9193725585938,38451200000.0,XU100.IS,bist100
2012-09-18,680.656982421875,681.8319702148438,673.7949829101562,676.0040283203125,676.0004272460938,42870700000.0,XU100.IS,bist100
2012-09-19,678.9030151367188,679.6840209960938,669.0919799804688,671.1480102539062,671.1444702148438,52912300000.0,XU100.IS,bist100
2012-09-20,667.1199951171875,671.2589721679688,664.7310180664062,670.0170288085938,670.0134887695312,39406500000.0,XU100.IS,bist100
2012-09-21,672.8909912109375,681.4290161132812,671.9910278320312,678.9149780273438,678.911376953125,45474500000.0,XU100.IS,bist100
2012-09-24,674.1920166015625,677.2360229492188,668.2760009765625,672.0709838867188,672.0674438476562,40862000000.0,XU100.IS,bist100
2012-09-25,673.2930297851562,678.0960083007812,669.7529907226562,678.0960083007812,678.0924072265625,47329300000.0,XU100.IS,bist100
2012-09-26,674.1129760742188,680.010986328125,666.531005859375,666.7570190429688,666.7534790039062,54382200000.0,XU100.IS,bist100
2012-09-27,670.1519775390625,671.5360107421875,667.39599609375,667.7059936523438,667.7024536132812,41769300000.0,XU100.IS,bist100
2012-09-28,670.739990234375,671.927001953125,660.9400024414062,663.9669799804688,663.9634399414062,37741600000.0,XU100.IS,bist100
2012-10-01,662.7009887695312,668.7479858398438,659.6740112304688,667.5490112304688,667.5454711914062,41232600000.0,XU100.IS,bist100
2012-10-02,668.9840087890625,675.822998046875,668.9840087890625,674.9819946289062,674.9783935546875,43708800000.0,XU100.IS,bist100
2012-10-03,675.1500244140625,678.093994140625,668.031005859375,668.2239990234375,668.220458984375,43121900000.0,XU100.IS,bist100
2012-10-04,666.3560180664062,669.530029296875,656.39599609375,669.093994140625,669.0904541015625,61809500000.0,XU100.IS,bist100
2012-10-05,671.6480102539062,677.3660278320312,671.1619873046875,673.8369750976562,673.8333740234375,49609400000.0,XU100.IS,bist100
2012-10-08,673.4559936523438,676.0800170898438,671.0360107421875,674.35400390625,674.3504028320312,39362600000.0,XU100.IS,bist100
2012-10-09,676.9829711914062,681.2639770507812,673.281982421875,680.6290283203125,680.6254272460938,44499800000.0,XU100.IS,bist100
2012-10-10,679.1420288085938,685.9769897460938,678.6929931640625,684.5759887695312,684.5723876953125,48592600000.0,XU100.IS,bist100
2012-10-11,685.64599609375,696.5659790039062,685.0289916992188,695.7760009765625,695.7723388671875,61167600000.0,XU100.IS,bist100
2012-10-12,696.7789916992188,699.6909790039062,694.0750122070312,696.031005859375,696.02734375,47945500000.0,XU100.IS,bist100
2012-10-15,695.6300048828125,700.0120239257812,692.7750244140625,697.697021484375,697.6932983398438,34496200000.0,XU100.IS,bist100
2012-10-16,702.1610107421875,706.197998046875,701.1229858398438,702.8170166015625,702.8132934570312,44871700000.0,XU100.IS,bist100
2012-10-17,705.1300048828125,708.2860107421875,704.0609741210938,706.864990234375,706.8612670898438,37529600000.0,XU100.IS,bist100
2012-10-18,708.68701171875,709.2319946289062,702.656005859375,703.5579833984375,703.5542602539062,38508800000.0,XU100.IS,bist100
2012-10-19,703.9409790039062,708.1710205078125,701.4739990234375,707.739990234375,707.7362060546875,37622600000.0,XU100.IS,bist100
2012-10-22,708.0040283203125,712.948974609375,707.5700073242188,712.1950073242188,712.1912231445312,37540600000.0,XU100.IS,bist100
2012-10-23,713.3839721679688,713.4199829101562,705.5640258789062,707.6229858398438,707.6192016601562,33097600000.0,XU100.IS,bist100
2012-10-24,709.1079711914062,710.135009765625,705.3189697265625,707.083984375,707.0802612304688,13103400000.0,XU100.IS,bist100
2012-10-30,706.7650146484375,717.1690063476562,706.2949829101562,717.1690063476562,717.1652221679688,31069000000.0,XU100.IS,bist100
2012-10-31,718.43798828125,727.030029296875,718.43798828125,725.2899780273438,725.2861328125,60311300000.0,XU100.IS,bist100
2012-11-01,725.7420043945312,729.4080200195312,721.64501953125,725.5250244140625,725.5211791992188,62663200000.0,XU100.IS,bist100
2012-11-02,725.135009765625,725.135009765625,713.2979736328125,714.2260131835938,714.2222290039062,51260800000.0,XU100.IS,bist100
2012-11-05,716.1510009765625,733.1389770507812,710.9290161132812,727.3709716796875,727.3671264648438,65679400000.0,XU100.IS,bist100
2012-11-06,726.9619750976562,728.5120239257812,719.5070190429688,720.39697265625,720.3931274414062,58683800000.0,XU100.IS,bist100
2012-11-07,724.2269897460938,728.052001953125,716.0139770507812,716.0490112304688,716.0452270507812,54700600000.0,XU100.IS,bist100
2012-11-08,717.9719848632812,726.6430053710938,714.5540161132812,726.4979858398438,726.494140625,55205600000.0,XU100.IS,bist100
2012-11-09,727.5659790039062,730.1400146484375,716.593994140625,718.2030029296875,718.19921875,55282500000.0,XU100.IS,bist100
2012-11-12,718.1820068359375,718.843017578125,713.5700073242188,713.5700073242188,713.5662231445312,38370400000.0,XU100.IS,bist100
2012-11-13,711.9450073242188,720.1519775390625,710.4299926757812,720.1519775390625,720.1481323242188,46040500000.0,XU100.IS,bist100
2012-11-14,720.801025390625,725.5280151367188,713.2559814453125,713.2559814453125,713.252197265625,45251800000.0,XU100.IS,bist100
2012-11-15,713.47900390625,716.2319946289062,712.531982421875,715.9719848632812,715.9682006835938,34478600000.0,XU100.IS,bist100
2012-11-16,715.5560302734375,717.6370239257812,707.5969848632812,707.905029296875,707.9012451171875,57470900000.0,XU100.IS,bist100
2012-11-19,709.3880004882812,711.4340209960938,702.2440185546875,706.073974609375,706.0702514648438,63966500000.0,XU100.IS,bist100
2012-11-20,708.22802734375,710.8350219726562,705.5609741210938,706.3670043945312,706.36328125,44977700000.0,XU100.IS,bist100
2012-11-21,705.9929809570312,714.35498046875,702.4390258789062,704.6079711914062,704.604248046875,63931800000.0,XU100.IS,bist100
2012-11-22,706.9249877929688,710.5800170898438,699.260986328125,699.260986328125,699.2572631835938,50795500000.0,XU100.IS,bist100
2012-11-23,701.4910278320312,710.7930297851562,698.1699829101562,710.0430297851562,710.0392456054688,46243400000.0,XU100.IS,bist100
2012-11-26,711.8380126953125,719.1090087890625,711.0789794921875,718.6690063476562,718.6652221679688,47324000000.0,XU100.IS,bist100
2012-11-27,720.7219848632812,726.0830078125,716.551025390625,719.9970092773438,719.9931640625,65055200000.0,XU100.IS,bist100
2012-11-28,721.5919799804688,724.6229858398438,715.6619873046875,719.7449951171875,719.7411499023438,54518300000.0,XU100.IS,bist100
2012-11-29,723.2529907226562,728.9169921875,723.2529907226562,724.489013671875,724.4851684570312,53461300000.0,XU100.IS,bist100
2012-11-30,726.3679809570312,730.7459716796875,724.1859741210938,730.5850219726562,730.5811767578125,51002400000.0,XU100.IS,bist100
2012-12-03,731.2579956054688,742.989013671875,731.2579956054688,742.989013671875,742.9850463867188,56312900000.0,XU100.IS,bist100
2012-12-04,742.2689819335938,755.4739990234375,741.8499755859375,755.2269897460938,755.2229614257812,68967300000.0,XU100.IS,bist100
2012-12-05,759.2039794921875,761.3189697265625,750.9559936523438,760.3839721679688,760.3799438476562,71527400000.0,XU100.IS,bist100
2012-12-06,757.3610229492188,762.469970703125,755.3989868164062,757.8560180664062,757.8519897460938,65615100000.0,XU100.IS,bist100
2012-12-07,756.780029296875,763.4630126953125,754.3759765625,762.4219970703125,762.41796875,63182900000.0,XU100.IS,bist100
2012-12-10,762.3599853515625,769.5430297851562,760.4749755859375,767.343994140625,767.3399047851562,61381100000.0,XU100.IS,bist100
2012-12-11,768.2360229492188,775.7319946289062,767.5040283203125,768.1480102539062,768.1439208984375,84206300000.0,XU100.IS,bist100
2012-12-12,770.2760009765625,774.6640014648438,767.3170166015625,774.0440063476562,774.0399169921875,55327600000.0,XU100.IS,bist100
2012-12-13,776.2020263671875,778.0440063476562,768.8930053710938,769.6329956054688,769.62890625,50579000000.0,XU100.IS,bist100
2012-12-14,770.8920288085938,773.6279907226562,762.0430297851562,762.9320068359375,762.927978515625,40098200000.0,XU100.IS,bist100
2012-12-17,763.8250122070312,775.2940063476562,763.0079956054688,774.6690063476562,774.6649169921875,48115100000.0,XU100.IS,bist100
2012-12-18,778.448974609375,781.3670043945312,772.6079711914062,772.9849853515625,772.9808959960938,49363900000.0,XU100.IS,bist100
2012-12-19,776.2509765625,778.89697265625,768.0189819335938,768.10302734375,768.0989379882812,48823900000.0,XU100.IS,bist100
2012-12-20,768.2670288085938,774.35498046875,766.5869750976562,768.1439819335938,768.139892578125,43708600000.0,XU100.IS,bist100
2012-12-21,764.6719970703125,768.9249877929688,764.0859985351562,766.8469848632812,766.8428955078125,48935100000.0,XU100.IS,bist100
2012-12-24,768.1119995117188,775.447998046875,767.197998046875,773.14501953125,773.1409301757812,51253100000.0,XU100.IS,bist100
2012-12-25,774.8579711914062,777.8369750976562,774.5189819335938,775.9619750976562,775.9578857421875,38996600000.0,XU100.IS,bist100
2012-12-26,778.5239868164062,782.3989868164062,777.31298828125,779.9110107421875,779.9068603515625,62872300000.0,XU100.IS,bist100
2012-12-27,781.0339965820312,788.6209716796875,781.0339965820312,784.5419921875,784.537841796875,51676600000.0,XU100.IS,bist100
2012-12-28,790.0809936523438,790.7730102539062,783.1199951171875,785.791015625,785.786865234375,37259100000.0,XU100.IS,bist100
2012-12-31,785.4199829101562,786.719970703125,776.760986328125,782.083984375,782.079833984375,33507900000.0,XU100.IS,bist100
2013-01-02,788.572998046875,796.8939819335938,786.8079833984375,796.4210205078125,796.4168090820312,54149800000.0,XU100.IS,bist100
2013-01-03,797.77197265625,801.656982421875,793.9249877929688,800.3330078125,800.3287353515625,68956700000.0,XU100.IS,bist100
2013-01-04,797.5689697265625,799.594970703125,792.93701171875,795.6400146484375,795.6358032226562,54598900000.0,XU100.IS,bist100
2013-01-07,798.0070190429688,804.43701171875,796.7410278320312,802.2440185546875,802.23974609375,55364900000.0,XU100.IS,bist100
2013-01-08,803.948974609375,810.7789916992188,800.2269897460938,801.6170043945312,801.6127319335938,73047800000.0,XU100.IS,bist100
2013-01-09,804.1719970703125,811.5050048828125,798.1510009765625,811.4910278320312,811.4866943359375,74175400000.0,XU100.IS,bist100
2013-01-10,814.1610107421875,815.0499877929688,804.77001953125,808.375,808.3707275390625,84827700000.0,XU100.IS,bist100
2013-01-11,810.530029296875,813.5189819335938,807.3889770507812,810.3350219726562,810.3307495117188,67119200000.0,XU100.IS,bist100
2013-01-14,814.1719970703125,822.1950073242188,812.2940063476562,819.9000244140625,819.8956909179688,78325100000.0,XU100.IS,bist100
2013-01-15,819.9860229492188,825.1229858398438,817.0640258789062,824.0609741210938,824.0565795898438,59169400000.0,XU100.IS,bist100
2013-01-16,826.0859985351562,841.7369995117188,825.1649780273438,840.822021484375,840.8175659179688,68089500000.0,XU100.IS,bist100
2013-01-17,844.052978515625,853.9520263671875,842.947021484375,848.60302734375,848.5985107421875,80108100000.0,XU100.IS,bist100
2013-01-18,851.8209838867188,855.9669799804688,842.0989990234375,850.0490112304688,850.0444946289062,80859000000.0,XU100.IS,bist100
2013-01-21,852.9749755859375,857.1939697265625,849.0159912109375,852.8150024414062,852.8104858398438,60477300000.0,XU100.IS,bist100
2013-01-22,854.5969848632812,864.9749755859375,845.3250122070312,856.468994140625,856.4644775390625,97396800000.0,XU100.IS,bist100
2013-01-23,858.3519897460938,864.9719848632812,856.8090209960938,863.4099731445312,863.4053955078125,77671800000.0,XU100.IS,bist100
2013-01-24,865.1820068359375,867.8720092773438,857.8309936523438,864.3790283203125,864.3744506835938,83606100000.0,XU100.IS,bist100
2013-01-25,865.7000122070312,866.14599609375,846.666015625,847.551025390625,847.5465087890625,76435400000.0,XU100.IS,bist100
2013-01-28,849.0269775390625,849.0549926757812,807.0239868164062,811.6580200195312,811.6536865234375,85132500000.0,XU100.IS,bist100
2013-01-29,811.9619750976562,822.2540283203125,800.3889770507812,821.7830200195312,821.7786865234375,75634600000.0,XU100.IS,bist100
2013-01-30,824.031005859375,825.64501953125,789.177001953125,789.8289794921875,789.8247680664062,78590200000.0,XU100.IS,bist100
2013-01-31,791.3989868164062,803.6439819335938,786.47802734375,787.8350219726562,787.8308715820312,65129000000.0,XU100.IS,bist100
2013-02-01,790.5,803.4299926757812,789.8920288085938,802.2169799804688,802.2127075195312,55790300000.0,XU100.IS,bist100
2013-02-04,804.1329956054688,812.0969848632812,799.833984375,807.2269897460938,807.2227172851562,67600100000.0,XU100.IS,bist100
2013-02-05,810.1110229492188,812.1959838867188,799.3800048828125,803.0989990234375,803.0947265625,52978900000.0,XU100.IS,bist100
2013-02-06,802.9329833984375,807.364990234375,798.2150268554688,800.5440063476562,800.5397338867188,53605200000.0,XU100.IS,bist100
2013-02-07,801.4710083007812,804.2750244140625,780.7930297851562,781.4929809570312,781.4888305664062,64816200000.0,XU100.IS,bist100
2013-02-08,783.2420043945312,788.135986328125,772.1119995117188,786.8400268554688,786.8358764648438,73530700000.0,XU100.IS,bist100
2013-02-11,788.3189697265625,788.3189697265625,772.5579833984375,772.5579833984375,772.5538940429688,48651400000.0,XU100.IS,bist100
2013-02-12,775.166015625,788.8670043945312,772.9660034179688,780.7880249023438,780.7838745117188,53685800000.0,XU100.IS,bist100
2013-02-13,785.4949951171875,793.010986328125,779.4340209960938,779.4340209960938,779.4298706054688,55630600000.0,XU100.IS,bist100
2013-02-14,779.7349853515625,781.1010131835938,766.3049926757812,775.8049926757812,775.8009033203125,54106500000.0,XU100.IS,bist100
2013-02-15,777.739013671875,784.4400024414062,766.9760131835938,780.8140258789062,780.8098754882812,55597500000.0,XU100.IS,bist100
2013-02-18,784.1909790039062,785.2849731445312,776.1610107421875,779.0750122070312,779.0708618164062,44857100000.0,XU100.IS,bist100
2013-02-19,780.1749877929688,785.2310180664062,772.5659790039062,782.7490234375,782.744873046875,51238700000.0,XU100.IS,bist100
2013-02-20,785.333984375,790.7449951171875,780.5759887695312,788.9130249023438,788.9088134765625,56097700000.0,XU100.IS,bist100
2013-02-21,783.5050048828125,787.7490234375,771.5440063476562,772.6920166015625,772.6879272460938,59723800000.0,XU100.IS,bist100
2013-02-22,776.0700073242188,776.8259887695312,756.6749877929688,758.9869995117188,758.9829711914062,53416100000.0,XU100.IS,bist100
2013-02-25,760.7349853515625,769.2899780273438,756.343994140625,766.7030029296875,766.6989135742188,42776500000.0,XU100.IS,bist100
2013-02-26,759.2449951171875,779.5590209960938,758.31201171875,775.1430053710938,775.138916015625,49602500000.0,XU100.IS,bist100
2013-02-27,779.06201171875,784.291015625,771.9840087890625,781.6630249023438,781.6588745117188,60085400000.0,XU100.IS,bist100
2013-02-28,784.3159790039062,795.06298828125,782.9240112304688,793.3369750976562,793.332763671875,58325800000.0,XU100.IS,bist100
2013-03-01,793.198974609375,799.9509887695312,786.489990234375,798.6749877929688,798.6707763671875,57443000000.0,XU100.IS,bist100
2013-03-04,798.593017578125,807.7059936523438,798.2329711914062,806.1220092773438,806.1177368164062,47235600000.0,XU100.IS,bist100
2013-03-05,808.72998046875,816.0369873046875,808.0570068359375,810.5120239257812,810.5077514648438,47621800000.0,XU100.IS,bist100
2013-03-06,811.6339721679688,823.9869995117188,811.6339721679688,821.739990234375,821.7356567382812,58613900000.0,XU100.IS,bist100
2013-03-07,823.4829711914062,827.176025390625,815.4619750976562,818.3469848632812,818.3426513671875,59817800000.0,XU100.IS,bist100
2013-03-08,821.5430297851562,837.6380004882812,818.9420166015625,835.416015625,835.4115600585938,57667400000.0,XU100.IS,bist100
2013-03-11,835.1909790039062,839.3300170898438,831.197021484375,831.197021484375,831.192626953125,47653000000.0,XU100.IS,bist100
2013-03-12,833.4030151367188,837.8579711914062,830.4500122070312,833.4749755859375,833.4705810546875,38656100000.0,XU100.IS,bist100
2013-03-13,833.2100219726562,835.5230102539062,826.1199951171875,826.1909790039062,826.1865844726562,39890200000.0,XU100.IS,bist100
2013-03-14,827.6599731445312,829.530029296875,819.8159790039062,819.8159790039062,819.8116455078125,35368300000.0,XU100.IS,bist100
2013-03-15,825.4149780273438,835.8699951171875,824.1950073242188,831.155029296875,831.150634765625,48212300000.0,XU100.IS,bist100
2013-03-18,822.97998046875,834.6599731445312,822.97998046875,833.7880249023438,833.7836303710938,38680300000.0,XU100.IS,bist100
2013-03-19,837.030029296875,839.2960205078125,821.5380249023438,822.8629760742188,822.8585815429688,40986100000.0,XU100.IS,bist100
2013-03-20,824.885986328125,829.6099853515625,821.6079711914062,821.6079711914062,821.6036376953125,32302100000.0,XU100.IS,bist100
2013-03-21,821.0910034179688,832.8309936523438,820.281005859375,823.739013671875,823.734619140625,44721800000.0,XU100.IS,bist100
2013-03-22,824.0,826.0020141601562,818.4769897460938,824.52001953125,824.515625,33851800000.0,XU100.IS,bist100
2013-03-25,830.3259887695312,831.968994140625,823.7219848632812,827.656005859375,827.651611328125,35983400000.0,XU100.IS,bist100
2013-03-26,830.469970703125,840.0269775390625,828.676025390625,839.708984375,839.7045288085938,46238900000.0,XU100.IS,bist100
2013-03-27,841.5579833984375,843.2000122070312,834.5040283203125,841.9520263671875,841.9475708007812,48988700000.0,XU100.IS,bist100
2013-03-28,850.5759887695312,854.7780151367188,843.14697265625,852.5399780273438,852.5354614257812,54530000000.0,XU100.IS,bist100
2013-03-29,853.97998046875,859.9929809570312,852.2269897460938,858.989990234375,858.9854125976562,47106500000.0,XU100.IS,bist100
2013-04-01,858.1199951171875,863.708984375,856.8309936523438,861.1229858398438,861.118408203125,35564600000.0,XU100.IS,bist100
2013-04-02,860.9169921875,862.8909912109375,853.5809936523438,860.2670288085938,860.262451171875,46798700000.0,XU100.IS,bist100
2013-04-03,861.9099731445312,863.6630249023438,848.6010131835938,848.6010131835938,848.5964965820312,48409400000.0,XU100.IS,bist100
2013-04-04,848.0380249023438,848.0380249023438,832.43798828125,832.43798828125,832.43359375,51145300000.0,XU100.IS,bist100
2013-04-05,835.364013671875,835.364013671875,820.7130126953125,820.7130126953125,820.7086791992188,51975700000.0,XU100.IS,bist100
2013-04-08,822.9979858398438,834.1649780273438,820.3319702148438,833.4650268554688,833.4606323242188,44369800000.0,XU100.IS,bist100
2013-04-09,835.9829711914062,837.81201171875,825.1400146484375,827.7039794921875,827.6995849609375,46888400000.0,XU100.IS,bist100
2013-04-10,828.6589965820312,830.885986328125,822.0440063476562,824.0430297851562,824.0386352539062,43025200000.0,XU100.IS,bist100
2013-04-11,830.3880004882812,841.7540283203125,830.3880004882812,841.0260009765625,841.0215454101562,51100300000.0,XU100.IS,bist100
2013-04-12,843.1680297851562,848.3629760742188,839.4450073242188,845.8109741210938,845.8064575195312,45357200000.0,XU100.IS,bist100
2013-04-15,843.1060180664062,855.364990234375,841.5029907226562,851.072998046875,851.0684814453125,50738000000.0,XU100.IS,bist100
2013-04-16,851.6530151367188,859.1119995117188,842.9949951171875,847.0560302734375,847.051513671875,65477000000.0,XU100.IS,bist100
2013-04-17,850.0709838867188,852.8779907226562,841.1849975585938,843.97900390625,843.9745483398438,45847600000.0,XU100.IS,bist100
2013-04-18,845.176025390625,848.1719970703125,826.1099853515625,830.3829956054688,830.3786010742188,44645800000.0,XU100.IS,bist100
2013-04-19,834.6849975585938,834.9199829101562,823.22998046875,832.85498046875,832.8505859375,40312700000.0,XU100.IS,bist100
2013-04-22,836.1129760742188,841.3980102539062,832.3660278320312,840.2340087890625,840.2295532226562,28308200000.0,XU100.IS,bist100
2013-04-24,847.4869995117188,850.2680053710938,845.3569946289062,847.8040161132812,847.7994995117188,53851000000.0,XU100.IS,bist100
2013-04-25,849.6240234375,855.7319946289062,845.6669921875,849.4349975585938,849.4304809570312,49497000000.0,XU100.IS,bist100
2013-04-26,850.4169921875,853.6229858398438,845.0689697265625,851.1229858398438,851.1184692382812,42007100000.0,XU100.IS,bist100
2013-04-29,853.2550048828125,856.5570068359375,846.2760009765625,851.5419921875,851.5374755859375,45578800000.0,XU100.IS,bist100
2013-04-30,855.7069702148438,864.9949951171875,851.7429809570312,860.4600219726562,860.4554443359375,56927400000.0,XU100.IS,bist100
2013-05-02,862.5540161132812,888.0449829101562,860.6290283203125,886.697021484375,886.6923217773438,59942400000.0,XU100.IS,bist100
2013-05-03,889.7119750976562,899.8670043945312,884.2169799804688,890.93701171875,890.9323120117188,61584000000.0,XU100.IS,bist100
2013-05-06,890.5560302734375,898.8330078125,887.5989990234375,897.1480102539062,897.1432495117188,42381900000.0,XU100.IS,bist100
2013-05-07,899.5430297851562,903.72998046875,890.155029296875,894.594970703125,894.5902099609375,56578600000.0,XU100.IS,bist100
2013-05-08,897.385986328125,910.8519897460938,893.6079711914062,908.52197265625,908.5171508789062,65156900000.0,XU100.IS,bist100
2013-05-09,910.3759765625,913.7169799804688,896.1489868164062,899.31201171875,899.3072509765625,54566800000.0,XU100.IS,bist100
2013-05-10,902.1829833984375,903.4099731445312,888.7260131835938,895.6890258789062,895.6842651367188,47761900000.0,XU100.IS,bist100
2013-05-13,893.6749877929688,901.5980224609375,889.2680053710938,897.6519775390625,897.647216796875,47703600000.0,XU100.IS,bist100
2013-05-14,903.8619995117188,913.385986328125,901.5230102539062,912.8709716796875,912.8661499023438,48621000000.0,XU100.IS,bist100
2013-05-15,915.4949951171875,922.510009765625,914.2880249023438,921.1209716796875,921.1160888671875,62549500000.0,XU100.IS,bist100
2013-05-16,922.3579711914062,927.3930053710938,915.7570190429688,919.4669799804688,919.4620971679688,59328200000.0,XU100.IS,bist100
2013-05-17,930.958984375,931.1630249023438,916.8189697265625,919.2479858398438,919.2431030273438,64084700000.0,XU100.IS,bist100
2013-05-20,921.72900390625,924.7449951171875,899.7570190429688,901.6510009765625,901.646240234375,52371300000.0,XU100.IS,bist100
2013-05-21,907.5089721679688,914.2169799804688,902.4119873046875,911.9080200195312,911.9031982421875,52061100000.0,XU100.IS,bist100
2013-05-22,915.1420288085938,933.9829711914062,911.8909912109375,931.7890014648438,931.7840576171875,56072100000.0,XU100.IS,bist100
2013-05-23,911.698974609375,918.4459838867188,906.14501953125,913.5139770507812,913.5091552734375,55196200000.0,XU100.IS,bist100
2013-05-24,917.0650024414062,923.1179809570312,908.7039794921875,910.1630249023438,910.158203125,58068800000.0,XU100.IS,bist100
2013-05-27,911.6920166015625,911.8629760742188,903.0599975585938,905.468017578125,905.4631958007812,53739400000.0,XU100.IS,bist100
2013-05-28,910.97802734375,916.281982421875,898.2000122070312,899.1640014648438,899.1592407226562,72891300000.0,XU100.IS,bist100
2013-05-29,891.1119995117188,891.1119995117188,871.4580078125,871.7449951171875,871.7403564453125,60349500000.0,XU100.IS,bist100
2013-05-30,870.3720092773438,876.6320190429688,866.5460205078125,871.7020263671875,871.6973876953125,50050200000.0,XU100.IS,bist100
2013-05-31,872.7860107421875,875.2479858398438,848.6740112304688,859.9000244140625,859.8954467773438,67286300000.0,XU100.IS,bist100
2013-06-03,804.6300048828125,822.1849975585938,769.8369750976562,769.8369750976562,769.8328857421875,78769200000.0,XU100.IS,bist100
2013-06-04,784.1389770507812,811.468017578125,784.1389770507812,807.3330078125,807.3287353515625,76868500000.0,XU100.IS,bist100
2013-06-05,801.7769775390625,806.5789794921875,788.0969848632812,796.3679809570312,796.36376953125,64505900000.0,XU100.IS,bist100
2013-06-06,791.6630249023438,797.2960205078125,730.3369750976562,758.9530029296875,758.948974609375,81883400000.0,XU100.IS,bist100
2013-06-07,758.344970703125,786.322021484375,751.0819702148438,783.3259887695312,783.3218383789062,72829300000.0,XU100.IS,bist100
2013-06-10,769.0330200195312,778.5399780273438,759.8590087890625,763.8619995117188,763.8579711914062,60376500000.0,XU100.IS,bist100
2013-06-11,770.468994140625,781.1019897460938,743.0700073242188,750.4099731445312,750.406005859375,74090200000.0,XU100.IS,bist100
2013-06-12,755.3740234375,769.0029907226562,753.4130249023438,768.8070068359375,768.8029174804688,56516600000.0,XU100.IS,bist100
2013-06-13,766.68798828125,778.1740112304688,764.885986328125,764.885986328125,764.8819580078125,55925300000.0,XU100.IS,bist100
2013-06-14,780.2839965820312,800.4829711914062,780.2839965820312,800.1110229492188,800.1067504882812,70950600000.0,XU100.IS,bist100
2013-06-17,785.9619750976562,803.0650024414062,782.9110107421875,789.4650268554688,789.4608154296875,54588600000.0,XU100.IS,bist100
2013-06-18,794.2680053710938,797.8469848632812,776.9359741210938,777.39599609375,777.391845703125,46644000000.0,XU100.IS,bist100
2013-06-19,783.8109741210938,791.8519897460938,778.6259765625,788.3460083007812,788.341796875,41320200000.0,XU100.IS,bist100
2013-06-20,769.7630004882812,769.8259887695312,734.6190185546875,734.6190185546875,734.6151123046875,75061500000.0,XU100.IS,bist100
2013-06-21,742.6900024414062,748.4769897460938,724.9660034179688,731.0180053710938,731.0140991210938,66006400000.0,XU100.IS,bist100
2013-06-24,727.18701171875,735.3679809570312,700.9400024414062,706.405029296875,706.4013061523438,60435800000.0,XU100.IS,bist100
2013-06-25,715.4229736328125,731.6959838867188,710.97998046875,712.14599609375,712.1422119140625,62802600000.0,XU100.IS,bist100
2013-06-26,718.177001953125,740.135009765625,717.0830078125,738.5150146484375,738.5111083984375,53353700000.0,XU100.IS,bist100
2013-06-27,746.2059936523438,760.676025390625,746.2059936523438,757.614990234375,757.6109619140625,59764700000.0,XU100.IS,bist100
2013-06-28,763.427978515625,770.1599731445312,744.2319946289062,762.9450073242188,762.9409790039062,68211200000.0,XU100.IS,bist100
2013-07-01,764.2379760742188,769.0809936523438,756.7009887695312,767.3660278320312,767.3619384765625,38760800000.0,XU100.IS,bist100
2013-07-02,769.656982421875,769.656982421875,759.9349975585938,764.3880004882812,764.3839721679688,39983400000.0,XU100.IS,bist100
2013-07-03,758.4329833984375,758.4329833984375,732.9450073242188,737.18701171875,737.18310546875,50339500000.0,XU100.IS,bist100
2013-07-04,742.197021484375,755.6929931640625,733.9769897460938,754.0960083007812,754.0919799804688,45969100000.0,XU100.IS,bist100
2013-07-05,756.3720092773438,758.06298828125,730.5020141601562,731.1179809570312,731.1140747070312,51811600000.0,XU100.IS,bist100
2013-07-08,732.5700073242188,736.4310302734375,714.0269775390625,716.822998046875,716.8192138671875,49348000000.0,XU100.IS,bist100
2013-07-09,724.8300170898438,730.7750244140625,717.3200073242188,719.8159790039062,719.8121337890625,53608900000.0,XU100.IS,bist100
2013-07-10,726.0850219726562,731.3319702148438,704.093994140625,710.7410278320312,710.7372436523438,62737700000.0,XU100.IS,bist100
2013-07-11,728.5349731445312,731.68798828125,711.7410278320312,717.8989868164062,717.8952026367188,70911600000.0,XU100.IS,bist100
2013-07-12,720.2869873046875,739.3579711914062,715.1900024414062,739.219970703125,739.216064453125,65073400000.0,XU100.IS,bist100
2013-07-15,742.7550048828125,762.280029296875,742.0040283203125,762.280029296875,762.2760009765625,71129900000.0,XU100.IS,bist100
2013-07-16,761.802978515625,765.4290161132812,752.3679809570312,756.781005859375,756.7769775390625,61549600000.0,XU100.IS,bist100
2013-07-17,758.0430297851562,772.5540161132812,754.2620239257812,770.7210083007812,770.7169189453125,74828500000.0,XU100.IS,bist100
2013-07-18,770.5960083007812,776.6300048828125,763.8410034179688,770.22802734375,770.2239379882812,74825000000.0,XU100.IS,bist100
2013-07-19,768.572998046875,770.2210083007812,757.60400390625,758.739990234375,758.7359619140625,49507900000.0,XU100.IS,bist100
2013-07-22,761.8179931640625,763.9559936523438,754.4739990234375,758.1599731445312,758.1559448242188,39995500000.0,XU100.IS,bist100
2013-07-23,761.8079833984375,771.7630004882812,751.802001953125,753.6810302734375,753.677001953125,57746400000.0,XU100.IS,bist100
2013-07-24,755.0339965820312,757.1279907226562,739.208984375,740.1519775390625,740.1480712890625,51630300000.0,XU100.IS,bist100
2013-07-25,736.25,739.5880126953125,724.552001953125,738.4970092773438,738.4931030273438,64442600000.0,XU100.IS,bist100
2013-07-26,740.0679931640625,741.823974609375,724.7329711914062,725.5499877929688,725.546142578125,53222700000.0,XU100.IS,bist100
2013-07-29,723.5230102539062,730.5269775390625,720.7009887695312,729.3889770507812,729.3851318359375,41017700000.0,XU100.IS,bist100
2013-07-30,736.4920043945312,745.6270141601562,734.8699951171875,744.2080078125,744.2040405273438,48374700000.0,XU100.IS,bist100
2013-07-31,743.052001953125,745.9340209960938,729.416015625,733.7750244140625,733.7711181640625,52689200000.0,XU100.IS,bist100
2013-08-01,742.5380249023438,743.927978515625,733.4539794921875,734.0180053710938,734.0140991210938,45409800000.0,XU100.IS,bist100
2013-08-02,735.4349975585938,742.3159790039062,728.27197265625,740.3280029296875,740.3240966796875,49326800000.0,XU100.IS,bist100
2013-08-05,741.6890258789062,748.9669799804688,740.198974609375,742.9010009765625,742.8970336914062,38112400000.0,XU100.IS,bist100
2013-08-06,742.7139892578125,744.9810180664062,737.333984375,740.3159790039062,740.3120727539062,26451900000.0,XU100.IS,bist100
2013-08-07,737.8519897460938,739.322998046875,735.447998046875,735.447998046875,735.444091796875,11513600000.0,XU100.IS,bist100
2013-08-12,742.64501953125,753.7449951171875,741.0819702148438,753.7449951171875,753.740966796875,40333400000.0,XU100.IS,bist100
2013-08-13,755.9979858398438,761.260986328125,751.5910034179688,755.1420288085938,755.1380004882812,53908100000.0,XU100.IS,bist100
2013-08-14,756.4310302734375,761.3410034179688,754.1790161132812,755.8590087890625,755.85498046875,39028800000.0,XU100.IS,bist100
2013-08-15,756.2969970703125,760.4149780273438,738.2520141601562,739.781982421875,739.778076171875,44334900000.0,XU100.IS,bist100
2013-08-16,740.4180297851562,744.677001953125,734.7239990234375,742.7540283203125,742.7500610351562,35742600000.0,XU100.IS,bist100
2013-08-19,736.9310302734375,736.9310302734375,723.8270263671875,723.8270263671875,723.8231811523438,39740400000.0,XU100.IS,bist100
2013-08-20,722.822021484375,725.60498046875,714.6339721679688,722.0430297851562,722.0391845703125,44784600000.0,XU100.IS,bist100
2013-08-21,722.281005859375,723.666015625,697.094970703125,697.094970703125,697.0912475585938,48381700000.0,XU100.IS,bist100
2013-08-22,688.3939819335938,688.9879760742188,673.4349975585938,683.0009765625,682.9973754882812,68724700000.0,XU100.IS,bist100
2013-08-23,687.1890258789062,689.1110229492188,672.9710083007812,679.322998046875,679.3193969726562,54985800000.0,XU100.IS,bist100
2013-08-26,682.1539916992188,689.4749755859375,673.1649780273438,687.75,687.746337890625,41837300000.0,XU100.IS,bist100
2013-08-27,676.3259887695312,677.9530029296875,654.7880249023438,655.198974609375,655.1954956054688,61810300000.0,XU100.IS,bist100
2013-08-28,645.239013671875,658.0390014648438,638.8770141601562,654.5239868164062,654.5205078125,70910400000.0,XU100.IS,bist100
2013-08-29,660.2789916992188,672.2930297851562,660.1019897460938,663.9439697265625,663.9404296875,62933700000.0,XU100.IS,bist100
2013-09-02,674.4630126953125,685.5050048828125,674.4630126953125,685.4539794921875,685.4503173828125,44817000000.0,XU100.IS,bist100
2013-09-03,688.2860107421875,688.2860107421875,668.6209716796875,669.7310180664062,669.7274780273438,53847200000.0,XU100.IS,bist100
2013-09-04,673.7540283203125,676.0980224609375,666.6840209960938,669.6580200195312,669.6544799804688,47147600000.0,XU100.IS,bist100
2013-09-05,669.3319702148438,672.2730102539062,662.1270141601562,667.1510009765625,667.1474609375,43134800000.0,XU100.IS,bist100
2013-09-06,667.68798828125,681.718994140625,664.6430053710938,672.323974609375,672.3204345703125,48870100000.0,XU100.IS,bist100
2013-09-09,679.583984375,696.8920288085938,679.3049926757812,696.8920288085938,696.8883056640625,51692600000.0,XU100.IS,bist100
2013-09-10,703.697021484375,719.5269775390625,703.6929931640625,717.8800048828125,717.876220703125,67566800000.0,XU100.IS,bist100
2013-09-11,715.5269775390625,724.3150024414062,712.6439819335938,717.7160034179688,717.7122192382812,65208500000.0,XU100.IS,bist100
2013-09-12,720.573974609375,727.7860107421875,713.1890258789062,727.2230224609375,727.2191772460938,61320400000.0,XU100.IS,bist100
2013-09-13,721.14697265625,727.7329711914062,714.635986328125,716.3499755859375,716.34619140625,58607800000.0,XU100.IS,bist100
2013-09-16,730.3109741210938,744.823974609375,730.3109741210938,742.5859985351562,742.58203125,67528400000.0,XU100.IS,bist100
2013-09-17,741.0260009765625,747.833984375,738.6129760742188,747.833984375,747.8300170898438,64327800000.0,XU100.IS,bist100
2013-09-18,749.2239990234375,751.6500244140625,744.9910278320312,746.60498046875,746.6010131835938,61175500000.0,XU100.IS,bist100
2013-09-19,782.1420288085938,805.6950073242188,782.1420288085938,794.6599731445312,794.65576171875,121461800000.0,XU100.IS,bist100
2013-09-20,794.6790161132812,795.0560302734375,775.822998046875,778.6290283203125,778.6248779296875,66610400000.0,XU100.IS,bist100
2013-09-23,778.7379760742188,781.2730102539062,765.947998046875,768.0789794921875,768.0748901367188,62468900000.0,XU100.IS,bist100
2013-09-24,769.4089965820312,774.958984375,762.9089965820312,765.2969970703125,765.2929077148438,51912700000.0,XU100.IS,bist100
2013-09-25,762.9550170898438,768.7520141601562,759.1959838867188,762.343017578125,762.3389892578125,67709100000.0,XU100.IS,bist100
2013-09-26,761.5780029296875,765.302978515625,756.1820068359375,756.1820068359375,756.177978515625,48548800000.0,XU100.IS,bist100
2013-09-27,757.0999755859375,758.697998046875,747.7230224609375,747.7230224609375,747.7190551757812,45901800000.0,XU100.IS,bist100
2013-09-30,743.4180297851562,746.927001953125,735.4520263671875,744.8660278320312,744.862060546875,56846200000.0,XU100.IS,bist100
2013-10-01,750.1810302734375,766.7009887695312,750.1810302734375,764.7000122070312,764.6959838867188,61575400000.0,XU100.IS,bist100
2013-10-02,765.1430053710938,768.6389770507812,750.8489990234375,751.6279907226562,751.6240234375,76566700000.0,XU100.IS,bist100
2013-10-03,757.7260131835938,764.2839965820312,754.4110107421875,762.698974609375,762.6949462890625,49102700000.0,XU100.IS,bist100
2013-10-04,762.4520263671875,765.0369873046875,756.3079833984375,762.0700073242188,762.0659790039062,54045600000.0,XU100.IS,bist100
2013-10-07,758.3920288085938,761.7319946289062,753.6339721679688,759.0120239257812,759.0079956054688,36490300000.0,XU100.IS,bist100
2013-10-08,757.6170043945312,759.3800048828125,749.885009765625,750.6389770507812,750.635009765625,56683100000.0,XU100.IS,bist100
2013-10-09,747.4940185546875,748.4760131835938,738.0960083007812,744.8389892578125,744.8350219726562,51487400000.0,XU100.IS,bist100
2013-10-10,749.4290161132812,759.2139892578125,749.406982421875,756.3980102539062,756.3939819335938,53571600000.0,XU100.IS,bist100
2013-10-11,762.1010131835938,764.1309814453125,760.02001953125,761.7639770507812,761.7599487304688,34840200000.0,XU100.IS,bist100
2013-10-14,760.6190185546875,764.1480102539062,759.9229736328125,762.3499755859375,762.345947265625,10900500000.0,XU100.IS,bist100
2013-10-21,781.6079711914062,788.77001953125,778.5609741210938,788.77001953125,788.7658081054688,64088000000.0,XU100.IS,bist100
2013-10-22,788.4290161132812,795.8880004882812,784.072021484375,792.7239990234375,792.7197875976562,71170600000.0,XU100.IS,bist100
2013-10-23,790.0130004882812,794.0800170898438,783.0440063476562,785.156005859375,785.15185546875,61079700000.0,XU100.IS,bist100
2013-10-24,788.3720092773438,794.8049926757812,787.47802734375,788.4580078125,788.4537963867188,55120900000.0,XU100.IS,bist100
2013-10-25,789.3980102539062,793.2860107421875,784.4199829101562,792.7150268554688,792.7108154296875,50346400000.0,XU100.IS,bist100
2013-10-28,796.4450073242188,798.3809814453125,795.3300170898438,795.6519775390625,795.6477661132812,25623700000.0,XU100.IS,bist100
2013-10-30,799.3980102539062,804.6290283203125,788.6820068359375,789.1939697265625,789.1897583007812,64899100000.0,XU100.IS,bist100
2013-10-31,783.6220092773438,785.2520141601562,771.8759765625,776.2039794921875,776.1998901367188,53415300000.0,XU100.IS,bist100
2013-11-01,779.0369873046875,779.0369873046875,763.8740234375,765.0120239257812,765.0079956054688,52719600000.0,XU100.IS,bist100
2013-11-04,765.4639892578125,770.9910278320312,762.3419799804688,762.3419799804688,762.3379516601562,44425300000.0,XU100.IS,bist100
2013-11-05,764.4929809570312,769.6820068359375,747.4429931640625,747.4429931640625,747.4390258789062,46326000000.0,XU100.IS,bist100
2013-11-06,751.3389892578125,758.9760131835938,748.6010131835938,757.6859741210938,757.6819458007812,41236100000.0,XU100.IS,bist100
2013-11-07,755.7329711914062,767.7100219726562,754.9450073242188,758.114990234375,758.1109619140625,45912000000.0,XU100.IS,bist100
2013-11-08,754.8489990234375,756.8309936523438,737.541015625,739.1829833984375,739.1790771484375,52043000000.0,XU100.IS,bist100
2013-11-11,741.5570068359375,744.6890258789062,721.3259887695312,721.4000244140625,721.3961791992188,51407000000.0,XU100.IS,bist100
2013-11-12,725.010986328125,726.1300048828125,711.6339721679688,719.0460205078125,719.042236328125,53788900000.0,XU100.IS,bist100
2013-11-13,718.2310180664062,723.8300170898438,708.3569946289062,723.27001953125,723.2661743164062,110599600000.0,XU100.IS,bist100
2013-11-14,735.8270263671875,743.2849731445312,734.5900268554688,739.7479858398438,739.7440795898438,77626300000.0,XU100.IS,bist100
2013-11-15,744.2930297851562,748.8740234375,742.7319946289062,742.7319946289062,742.72802734375,65863000000.0,XU100.IS,bist100
2013-11-18,746.3410034179688,755.9769897460938,745.239013671875,755.9769897460938,755.9729614257812,51182500000.0,XU100.IS,bist100
2013-11-19,755.22802734375,755.5430297851562,745.1079711914062,746.177001953125,746.1730346679688,56650000000.0,XU100.IS,bist100
2013-11-20,745.968017578125,753.9450073242188,739.7020263671875,753.8170166015625,753.81298828125,70504800000.0,XU100.IS,bist100
2013-11-21,742.947998046875,751.2570190429688,740.052001953125,746.7930297851562,746.7890625,65086100000.0,XU100.IS,bist100
2013-11-22,750.656005859375,758.7470092773438,750.0230102539062,756.3809814453125,756.376953125,51709600000.0,XU100.IS,bist100
2013-11-25,764.8369750976562,770.4409790039062,764.8369750976562,765.3140258789062,765.3099365234375,50674300000.0,XU100.IS,bist100
2013-11-26,765.5709838867188,765.5709838867188,752.43798828125,755.6320190429688,755.6279907226562,52527900000.0,XU100.IS,bist100
2013-11-27,754.97900390625,757.9089965820312,748.9600219726562,748.9600219726562,748.9560546875,41728800000.0,XU100.IS,bist100
2013-11-28,750.7479858398438,753.2239990234375,744.6959838867188,745.8040161132812,745.800048828125,37857700000.0,XU100.IS,bist100
2013-11-29,746.427001953125,758.3820190429688,745.1010131835938,757.4829711914062,757.4789428710938,37941200000.0,XU100.IS,bist100
2013-12-02,758.968994140625,761.9719848632812,749.5120239257812,749.5120239257812,749.508056640625,43039000000.0,XU100.IS,bist100
2013-12-03,748.677001953125,750.2169799804688,730.2999877929688,730.875,730.87109375,60291200000.0,XU100.IS,bist100
2013-12-04,729.3569946289062,733.5570068359375,720.1599731445312,730.8870239257812,730.8831176757812,50916100000.0,XU100.IS,bist100
2013-12-05,729.8829956054688,731.7360229492188,719.9190063476562,719.9190063476562,719.9151611328125,50166000000.0,XU100.IS,bist100
2013-12-06,722.0180053710938,735.3790283203125,716.125,733.7839965820312,733.7800903320312,59350300000.0,XU100.IS,bist100
2013-12-09,740.0040283203125,745.8389892578125,739.218017578125,742.3289794921875,742.3250122070312,44704100000.0,XU100.IS,bist100
2013-12-10,743.7349853515625,743.9329833984375,736.427001953125,741.1799926757812,741.1760864257812,41923700000.0,XU100.IS,bist100
2013-12-11,738.281005859375,749.5089721679688,738.0330200195312,739.6580200195312,739.6541137695312,51672800000.0,XU100.IS,bist100
2013-12-12,736.8690185546875,740.697998046875,729.3060302734375,730.718017578125,730.714111328125,45060300000.0,XU100.IS,bist100
2013-12-13,735.864990234375,741.2620239257812,735.3599853515625,740.6500244140625,740.6461181640625,39860500000.0,XU100.IS,bist100
2013-12-16,738.7340087890625,749.7379760742188,738.1229858398438,748.4340209960938,748.4300537109375,38808000000.0,XU100.IS,bist100
2013-12-17,736.6820068359375,737.8989868164062,701.2169799804688,709.4609985351562,709.4572143554688,89960100000.0,XU100.IS,bist100
2013-12-18,691.1320190429688,714.1729736328125,681.843994140625,714.1729736328125,714.169189453125,95260300000.0,XU100.IS,bist100
2013-12-19,708.3489990234375,718.4130249023438,685.8709716796875,691.0,690.996337890625,90391200000.0,XU100.IS,bist100
2013-12-20,694.4429931640625,699.3250122070312,686.22900390625,695.72802734375,695.724365234375,84431900000.0,XU100.IS,bist100
2013-12-23,701.3900146484375,702.3400268554688,674.7349853515625,680.8610229492188,680.857421875,66961400000.0,XU100.IS,bist100
2013-12-24,681.9329833984375,693.6480102539062,680.1420288085938,689.97802734375,689.974365234375,58310800000.0,XU100.IS,bist100
2013-12-25,693.2260131835938,698.802001953125,660.9660034179688,660.9660034179688,660.9625244140625,74325200000.0,XU100.IS,bist100
2013-12-26,663.8170166015625,668.8619995117188,641.60498046875,645.552001953125,645.548583984375,67403000000.0,XU100.IS,bist100
2013-12-27,642.905029296875,643.6680297851562,611.5020141601562,638.8519897460938,638.8485717773438,86131700000.0,XU100.IS,bist100
2013-12-30,652.9240112304688,679.8569946289062,649.260009765625,679.8569946289062,679.8533935546875,75628300000.0,XU100.IS,bist100
2013-12-31,682.10302734375,687.052001953125,664.7860107421875,678.0170288085938,678.013427734375,73254800000.0,XU100.IS,bist100
2014-01-02,673.6740112304688,673.6740112304688,658.2579956054688,669.8579711914062,669.8544311523438,56227000000.0,XU100.IS,bist100
2014-01-03,671.5130004882812,673.5369873046875,654.2949829101562,659.6710205078125,659.6675415039062,59791900000.0,XU100.IS,bist100
2014-01-06,662.8150024414062,682.989990234375,657.4229736328125,680.219970703125,680.2163696289062,72736300000.0,XU100.IS,bist100
2014-01-07,676.5159912109375,689.4949951171875,672.8400268554688,685.9860229492188,685.9823608398438,87657300000.0,XU100.IS,bist100
2014-01-08,684.4559936523438,689.5919799804688,671.9920043945312,673.3170166015625,673.3134155273438,76321900000.0,XU100.IS,bist100
2014-01-09,667.1300048828125,667.6389770507812,660.2160034179688,664.135986328125,664.1324462890625,41355000000.0,XU100.IS,bist100
2014-01-10,668.7009887695312,679.1209716796875,664.7919921875,679.1209716796875,679.1173706054688,62698400000.0,XU100.IS,bist100
2014-01-13,683.89697265625,686.9130249023438,679.4320068359375,680.6229858398438,680.619384765625,56362100000.0,XU100.IS,bist100
2014-01-14,671.3770141601562,680.7249755859375,668.8519897460938,680.7249755859375,680.7213745117188,54581800000.0,XU100.IS,bist100
2014-01-15,680.7050170898438,685.427001953125,675.5780029296875,681.3460083007812,681.3424072265625,70279700000.0,XU100.IS,bist100
2014-01-16,670.7459716796875,676.3049926757812,667.458984375,668.4359741210938,668.4324340820312,59485900000.0,XU100.IS,bist100
2014-01-17,671.6099853515625,672.1110229492188,656.3499755859375,656.3499755859375,656.3464965820312,59183900000.0,XU100.IS,bist100
2014-01-20,648.9569702148438,660.916015625,648.4149780273438,657.635986328125,657.6325073242188,48168300000.0,XU100.IS,bist100
2014-01-21,662.4769897460938,671.8590087890625,659.97900390625,663.18701171875,663.1834716796875,62625600000.0,XU100.IS,bist100
2014-01-22,670.0759887695312,674.5070190429688,667.0819702148438,673.6729736328125,673.6693725585938,56214100000.0,XU100.IS,bist100
2014-01-23,669.35302734375,673.3369750976562,654.2930297851562,654.2930297851562,654.28955078125,76298200000.0,XU100.IS,bist100
2014-01-24,657.4769897460938,657.791015625,632.7160034179688,644.2750244140625,644.2716064453125,84370500000.0,XU100.IS,bist100
2014-01-27,643.6019897460938,653.5560302734375,633.802001953125,645.68701171875,645.68359375,75230100000.0,XU100.IS,bist100
2014-01-28,653.10400390625,655.4660034179688,634.9810180664062,635.43701171875,635.4336547851562,62444100000.0,XU100.IS,bist100
2014-01-29,647.77099609375,653.2620239257812,607.5349731445312,620.8870239257812,620.8837280273438,118465500000.0,XU100.IS,bist100
2014-01-30,622.10498046875,628.1920166015625,608.9829711914062,627.0139770507812,627.0106811523438,79032000000.0,XU100.IS,bist100
2014-01-31,626.666015625,626.666015625,614.2559814453125,618.5819702148438,618.5786743164062,60568900000.0,XU100.IS,bist100
2014-02-03,621.6589965820312,624.2119750976562,615.2979736328125,616.7520141601562,616.7487182617188,46141900000.0,XU100.IS,bist100
2014-02-04,613.114013671875,627.9229736328125,608.4849853515625,627.3270263671875,627.3236694335938,71159200000.0,XU100.IS,bist100
2014-02-05,628.39501953125,633.9400024414062,624.052001953125,624.4249877929688,624.4216918945312,70092200000.0,XU100.IS,bist100
2014-02-06,627.343017578125,645.4990234375,627.0079956054688,645.4990234375,645.49560546875,77687300000.0,XU100.IS,bist100
2014-02-07,646.1619873046875,649.2429809570312,640.427978515625,646.1430053710938,646.1395874023438,75133000000.0,XU100.IS,bist100
2014-02-10,643.5089721679688,643.6810302734375,635.7219848632812,640.5020141601562,640.4985961914062,53848200000.0,XU100.IS,bist100
2014-02-11,643.8369750976562,648.2210083007812,640.5549926757812,642.8070068359375,642.8035888671875,61474600000.0,XU100.IS,bist100
2014-02-12,648.1810302734375,650.4829711914062,644.7000122070312,645.1370239257812,645.1336059570312,55681500000.0,XU100.IS,bist100
2014-02-13,642.0599975585938,642.0599975585938,636.9810180664062,637.6500244140625,637.6466674804688,47441000000.0,XU100.IS,bist100
2014-02-14,641.0999755859375,649.9710083007812,640.2559814453125,648.8289794921875,648.8255615234375,60104900000.0,XU100.IS,bist100
2014-02-17,654.3720092773438,659.156982421875,654.3720092773438,655.9920043945312,655.988525390625,46603100000.0,XU100.IS,bist100
2014-02-18,656.3289794921875,656.3289794921875,641.2570190429688,641.2570190429688,641.2536010742188,61377900000.0,XU100.IS,bist100
2014-02-19,639.8829956054688,641.448974609375,630.4990234375,633.8209838867188,633.817626953125,56868400000.0,XU100.IS,bist100
2014-02-20,630.2050170898438,637.9190063476562,627.052001953125,636.8099975585938,636.806640625,53813500000.0,XU100.IS,bist100
2014-02-21,638.9990234375,641.1370239257812,634.406982421875,638.8560180664062,638.8526000976562,43821200000.0,XU100.IS,bist100
2014-02-24,640.3670043945312,643.7730102539062,636.6439819335938,641.8599853515625,641.8565673828125,37922000000.0,XU100.IS,bist100
2014-02-25,624.7880249023438,626.39697265625,618.9450073242188,621.2379760742188,621.2346801757812,59167600000.0,XU100.IS,bist100
2014-02-26,623.3560180664062,626.77197265625,614.6580200195312,615.030029296875,615.0267944335938,49151800000.0,XU100.IS,bist100
2014-02-27,611.7830200195312,620.0700073242188,611.4169921875,617.7919921875,617.7886962890625,43187600000.0,XU100.IS,bist100
2014-02-28,620.2080078125,629.4979858398438,620.2080078125,625.5330200195312,625.5297241210938,51802900000.0,XU100.IS,bist100
2014-03-03,616.5449829101562,617.06201171875,611.6640014648438,611.8920288085938,611.8887939453125,31335700000.0,XU100.IS,bist100
2014-03-04,620.3499755859375,630.969970703125,620.3499755859375,630.3070068359375,630.3036499023438,42696500000.0,XU100.IS,bist100
2014-03-05,631.5059814453125,639.093994140625,631.2899780273438,634.447021484375,634.4436645507812,43645800000.0,XU100.IS,bist100
2014-03-06,638.2490234375,641.7420043945312,634.9429931640625,640.0419921875,640.03857421875,58192500000.0,XU100.IS,bist100
2014-03-07,640.780029296875,641.4539794921875,629.0239868164062,630.9600219726562,630.9566650390625,46010500000.0,XU100.IS,bist100
2014-03-10,627.9099731445312,632.8099975585938,624.010986328125,627.3150024414062,627.3116455078125,47187900000.0,XU100.IS,bist100
2014-03-11,629.4400024414062,633.2930297851562,625.7169799804688,630.656005859375,630.6526489257812,42528600000.0,XU100.IS,bist100
2014-03-12,622.969970703125,633.3189697265625,621.39599609375,632.5859985351562,632.5826416015625,53471000000.0,XU100.IS,bist100
2014-03-13,634.5280151367188,641.2670288085938,633.3870239257812,633.4539794921875,633.4506225585938,48661000000.0,XU100.IS,bist100
2014-03-14,630.156982421875,635.5830078125,628.2550048828125,632.7890014648438,632.78564453125,52854800000.0,XU100.IS,bist100
2014-03-17,637.6110229492188,643.1119995117188,637.6110229492188,641.97802734375,641.974609375,35772600000.0,XU100.IS,bist100
2014-03-18,643.1339721679688,657.2769775390625,641.3740234375,655.7349853515625,655.7315063476562,61262200000.0,XU100.IS,bist100
2014-03-19,655.6680297851562,660.2310180664062,654.0689697265625,654.8709716796875,654.8674926757812,59109900000.0,XU100.IS,bist100
2014-03-20,653.1199951171875,658.3590087890625,651.4229736328125,652.614013671875,652.6105346679688,50677900000.0,XU100.IS,bist100
2014-03-21,649.0120239257812,650.4530029296875,645.7940063476562,645.7940063476562,645.7905883789062,42357900000.0,XU100.IS,bist100
2014-03-24,647.5540161132812,650.0050048828125,637.10498046875,637.10498046875,637.1016235351562,35282500000.0,XU100.IS,bist100
2014-03-25,639.5850219726562,650.010009765625,638.3610229492188,646.9650268554688,646.9616088867188,43177600000.0,XU100.IS,bist100
2014-03-26,652.155029296875,678.5709838867188,652.155029296875,677.3079833984375,677.3043823242188,82743400000.0,XU100.IS,bist100
2014-03-27,675.4099731445312,681.4970092773438,670.2579956054688,670.4840087890625,670.48046875,96303200000.0,XU100.IS,bist100
2014-03-28,673.31201171875,693.1849975585938,673.31201171875,691.1729736328125,691.1693115234375,96966500000.0,XU100.IS,bist100
2014-03-31,704.64697265625,704.64697265625,687.2100219726562,697.3629760742188,697.3592529296875,102776700000.0,XU100.IS,bist100
2014-04-01,698.4869995117188,710.7039794921875,695.5130004882812,708.573974609375,708.5701904296875,83459900000.0,XU100.IS,bist100
2014-04-02,708.114013671875,714.6859741210938,703.8800048828125,706.47998046875,706.4762573242188,95430000000.0,XU100.IS,bist100
2014-04-03,708.3610229492188,720.958984375,708.3610229492188,715.447998046875,715.4442138671875,90928100000.0,XU100.IS,bist100
2014-04-04,719.1539916992188,726.8319702148438,713.4249877929688,725.8289794921875,725.8251342773438,70102600000.0,XU100.IS,bist100
2014-04-07,721.405029296875,728.6439819335938,720.3280029296875,724.8909912109375,724.8871459960938,54912900000.0,XU100.IS,bist100
2014-04-08,731.4910278320312,739.4650268554688,730.9819946289062,739.4650268554688,739.4611206054688,69684800000.0,XU100.IS,bist100
2014-04-09,737.93701171875,739.6190185546875,724.2080078125,724.2860107421875,724.2821655273438,66403100000.0,XU100.IS,bist100
2014-04-10,729.3079833984375,735.677978515625,726.7310180664062,731.5020141601562,731.4981079101562,58098300000.0,XU100.IS,bist100
2014-04-11,721.4400024414062,728.5869750976562,720.9169921875,727.3629760742188,727.359130859375,51103400000.0,XU100.IS,bist100
2014-04-14,725.781982421875,739.302978515625,723.885009765625,737.7490234375,737.7451171875,58808200000.0,XU100.IS,bist100
2014-04-15,740.3289794921875,744.4180297851562,724.3800048828125,724.3800048828125,724.3761596679688,95045100000.0,XU100.IS,bist100
2014-04-16,732.3209838867188,732.7490234375,719.89697265625,723.9940185546875,723.9901733398438,64612400000.0,XU100.IS,bist100
2014-04-17,727.6630249023438,736.2639770507812,726.77001953125,735.6179809570312,735.6140747070312,58237800000.0,XU100.IS,bist100
2014-04-18,736.593017578125,739.1199951171875,733.218017578125,734.760009765625,734.756103515625,28833600000.0,XU100.IS,bist100
2014-04-21,735.6220092773438,736.35498046875,731.343994140625,734.4669799804688,734.4630737304688,43921600000.0,XU100.IS,bist100
2014-04-22,735.3289794921875,737.0260009765625,731.7000122070312,731.7000122070312,731.6961059570312,48033100000.0,XU100.IS,bist100
2014-04-24,732.6829833984375,734.02099609375,723.426025390625,723.9130249023438,723.9091796875,57135600000.0,XU100.IS,bist100
2014-04-25,725.8270263671875,727.4229736328125,712.8599853515625,713.8870239257812,713.8832397460938,53508700000.0,XU100.IS,bist100
2014-04-28,716.1580200195312,725.3460083007812,711.666015625,723.9849853515625,723.9811401367188,57374500000.0,XU100.IS,bist100
2014-04-29,727.5239868164062,731.239013671875,723.1500244140625,723.1500244140625,723.1461791992188,50993400000.0,XU100.IS,bist100
2014-04-30,724.947998046875,742.4110107421875,723.7449951171875,738.7150268554688,738.7111206054688,75506300000.0,XU100.IS,bist100
2014-05-02,744.8079833984375,754.3079833984375,744.8079833984375,751.5910034179688,751.5870361328125,74235500000.0,XU100.IS,bist100
2014-05-05,753.43701171875,754.947998046875,744.1610107421875,747.6079711914062,747.60400390625,58580300000.0,XU100.IS,bist100
2014-05-06,750.9650268554688,755.1270141601562,750.4229736328125,751.9030151367188,751.8990478515625,54813100000.0,XU100.IS,bist100
2014-05-07,751.2349853515625,753.8870239257812,744.926025390625,749.6719970703125,749.6680297851562,60634800000.0,XU100.IS,bist100
2014-05-08,753.4869995117188,761.06298828125,753.3359985351562,757.8170166015625,757.81298828125,69775700000.0,XU100.IS,bist100
2014-05-09,759.8619995117188,760.8930053710938,753.7620239257812,755.6300048828125,755.6259765625,52725300000.0,XU100.IS,bist100
2014-05-12,760.5120239257812,765.1959838867188,756.5570068359375,759.3560180664062,759.3519897460938,54291700000.0,XU100.IS,bist100
2014-05-13,763.3060302734375,764.2559814453125,755.197998046875,757.7650146484375,757.760986328125,53626800000.0,XU100.IS,bist100
2014-05-14,759.614990234375,762.85400390625,757.9099731445312,760.47802734375,760.4739990234375,54665500000.0,XU100.IS,bist100
2014-05-15,761.8359985351562,767.6859741210938,752.2839965820312,752.2839965820312,752.280029296875,53690000000.0,XU100.IS,bist100
2014-05-16,752.4130249023438,753.2570190429688,745.7050170898438,750.093017578125,750.0890502929688,46574800000.0,XU100.IS,bist100
2014-05-20,753.1079711914062,754.3140258789062,746.5540161132812,752.552978515625,752.5490112304688,40318800000.0,XU100.IS,bist100
2014-05-21,752.9140014648438,764.5460205078125,752.7210083007812,764.5460205078125,764.5419921875,53486900000.0,XU100.IS,bist100
2014-05-22,768.0440063476562,783.7689819335938,764.7739868164062,780.4320068359375,780.4278564453125,88286500000.0,XU100.IS,bist100
2014-05-23,782.0659790039062,784.5269775390625,776.6719970703125,780.6060180664062,780.6018676757812,56258400000.0,XU100.IS,bist100
2014-05-26,779.4669799804688,786.9099731445312,778.3309936523438,786.031982421875,786.02783203125,43388900000.0,XU100.IS,bist100
2014-05-27,786.3300170898438,788.8259887695312,774.4810180664062,775.3319702148438,775.327880859375,58599800000.0,XU100.IS,bist100
2014-05-28,776.0360107421875,789.3720092773438,772.697998046875,779.9539794921875,779.9498291015625,80615800000.0,XU100.IS,bist100
2014-05-29,784.2249755859375,793.9299926757812,784.2249755859375,793.0,792.9957885742188,61731500000.0,XU100.IS,bist100
2014-05-30,794.8410034179688,799.9929809570312,791.3779907226562,792.8980102539062,792.893798828125,62075100000.0,XU100.IS,bist100
2014-06-02,796.4840087890625,798.9509887695312,785.3909912109375,786.4879760742188,786.4838256835938,53016100000.0,XU100.IS,bist100
2014-06-03,789.64697265625,795.6929931640625,784.780029296875,788.1829833984375,788.1787719726562,58477700000.0,XU100.IS,bist100
2014-06-04,783.4459838867188,791.302978515625,782.177001953125,783.8469848632812,783.8428344726562,47667700000.0,XU100.IS,bist100
2014-06-05,787.85498046875,803.0900268554688,786.6290283203125,798.030029296875,798.0258178710938,73504500000.0,XU100.IS,bist100
2014-06-06,800.593994140625,806.3699951171875,799.7069702148438,803.9760131835938,803.9717407226562,61332100000.0,XU100.IS,bist100
2014-06-09,808.6090087890625,814.7210083007812,806.6719970703125,807.5380249023438,807.5337524414062,62268500000.0,XU100.IS,bist100
2014-06-10,808.3289794921875,816.719970703125,807.6519775390625,816.719970703125,816.7156372070312,56978900000.0,XU100.IS,bist100
2014-06-11,818.6329956054688,819.1539916992188,785.9219970703125,790.2059936523438,790.2017822265625,96117300000.0,XU100.IS,bist100
2014-06-12,783.2890014648438,800.1190185546875,778.551025390625,798.343017578125,798.3388061523438,82783700000.0,XU100.IS,bist100
2014-06-13,794.0659790039062,797.2219848632812,785.9630126953125,790.1160278320312,790.11181640625,55132500000.0,XU100.IS,bist100
2014-06-16,782.0280151367188,786.1959838867188,774.43798828125,776.4569702148438,776.452880859375,51542100000.0,XU100.IS,bist100
2014-06-17,780.5969848632812,789.5120239257812,778.9879760742188,780.156982421875,780.15283203125,63734200000.0,XU100.IS,bist100
2014-06-18,782.0700073242188,785.5579833984375,777.6320190429688,780.9290161132812,780.9248657226562,49708700000.0,XU100.IS,bist100
2014-06-19,791.9739990234375,794.31201171875,790.2069702148438,790.572998046875,790.5687866210938,55043800000.0,XU100.IS,bist100
2014-06-20,786.9329833984375,789.27197265625,783.718017578125,784.0070190429688,784.0028686523438,33952600000.0,XU100.IS,bist100
2014-06-23,787.5239868164062,794.2319946289062,785.0750122070312,793.2650146484375,793.2608032226562,48182700000.0,XU100.IS,bist100
2014-06-24,797.2490234375,800.5750122070312,789.8610229492188,789.8610229492188,789.8568115234375,51630800000.0,XU100.IS,bist100
2014-06-25,782.8709716796875,791.5040283203125,780.322998046875,789.97900390625,789.9747924804688,44579300000.0,XU100.IS,bist100
2014-06-26,792.6290283203125,793.510009765625,777.5670166015625,781.041015625,781.036865234375,39921100000.0,XU100.IS,bist100
2014-06-27,784.2880249023438,788.9340209960938,781.3909912109375,784.7239990234375,784.7198486328125,24873000000.0,XU100.IS,bist100
2014-06-30,787.6430053710938,792.6380004882812,783.6300048828125,784.8900146484375,784.8858642578125,36662300000.0,XU100.IS,bist100
2014-07-01,785.3569946289062,788.156982421875,769.56201171875,771.0700073242188,771.06591796875,50311700000.0,XU100.IS,bist100
2014-07-02,773.0570068359375,774.1229858398438,760.56201171875,768.3179931640625,768.3139038085938,54788700000.0,XU100.IS,bist100
2014-07-03,768.8090209960938,775.6849975585938,764.698974609375,775.2849731445312,775.2808837890625,55647900000.0,XU100.IS,bist100
2014-07-04,776.0679931640625,777.8070068359375,773.739990234375,775.3480224609375,775.3439331054688,41155200000.0,XU100.IS,bist100
2014-07-07,773.8099975585938,789.9559936523438,772.551025390625,789.510986328125,789.5067749023438,58454800000.0,XU100.IS,bist100
2014-07-08,791.56298828125,797.2969970703125,790.81201171875,792.9080200195312,792.90380859375,49370900000.0,XU100.IS,bist100
2014-07-09,793.9879760742188,797.7789916992188,790.8770141601562,794.5880126953125,794.5838012695312,48376200000.0,XU100.IS,bist100
2014-07-10,795.8660278320312,798.3699951171875,784.8709716796875,785.5159912109375,785.5118408203125,55069500000.0,XU100.IS,bist100
2014-07-11,787.8880004882812,795.2449951171875,787.4810180664062,793.6439819335938,793.6397705078125,40759300000.0,XU100.IS,bist100
2014-07-14,798.0900268554688,806.9539794921875,796.697998046875,806.2160034179688,806.2117309570312,48848300000.0,XU100.IS,bist100
2014-07-15,807.7459716796875,814.7219848632812,806.4650268554688,812.4509887695312,812.4466552734375,54581500000.0,XU100.IS,bist100
2014-07-16,813.406005859375,822.906982421875,811.4879760742188,822.7050170898438,822.7006225585938,53875300000.0,XU100.IS,bist100
2014-07-17,824.052001953125,824.9219970703125,812.8469848632812,817.8319702148438,817.82763671875,62066000000.0,XU100.IS,bist100
2014-07-18,809.405029296875,823.14501953125,809.3380126953125,823.14501953125,823.140625,46968800000.0,XU100.IS,bist100
2014-07-21,826.927001953125,829.4290161132812,821.64697265625,822.7030029296875,822.6986083984375,44020500000.0,XU100.IS,bist100
2014-07-22,826.0809936523438,828.7969970703125,822.1179809570312,825.3049926757812,825.3005981445312,50706100000.0,XU100.IS,bist100
2014-07-23,827.0250244140625,831.6900024414062,824.9000244140625,828.5460205078125,828.5416259765625,52142800000.0,XU100.IS,bist100
2014-07-24,830.6170043945312,839.2050170898438,830.6170043945312,838.2470092773438,838.2425537109375,74659900000.0,XU100.IS,bist100
2014-07-25,840.2100219726562,842.89697265625,834.2630004882812,842.1799926757812,842.175537109375,52352700000.0,XU100.IS,bist100
2014-07-31,839.18798828125,843.5640258789062,821.5689697265625,821.5689697265625,821.5646362304688,61055100000.0,XU100.IS,bist100
2014-08-01,823.7119750976562,825.531982421875,809.1519775390625,820.9390258789062,820.9346923828125,56569300000.0,XU100.IS,bist100
2014-08-04,824.1690063476562,829.8829956054688,818.9329833984375,818.9329833984375,818.9286499023438,44847600000.0,XU100.IS,bist100
2014-08-05,823.7630004882812,826.6389770507812,803.4609985351562,806.4190063476562,806.4147338867188,56438300000.0,XU100.IS,bist100
2014-08-06,800.6019897460938,804.6019897460938,789.551025390625,794.322998046875,794.3187866210938,73918900000.0,XU100.IS,bist100
2014-08-07,796.5640258789062,799.3740234375,786.781005859375,788.4329833984375,788.4287719726562,57761800000.0,XU100.IS,bist100
2014-08-08,779.969970703125,794.6500244140625,777.510009765625,791.9940185546875,791.9898071289062,58682900000.0,XU100.IS,bist100
2014-08-11,804.27197265625,804.833984375,772.27001953125,772.7130126953125,772.7089233398438,74978600000.0,XU100.IS,bist100
2014-08-12,773.3300170898438,779.8939819335938,768.7020263671875,778.27197265625,778.267822265625,52915600000.0,XU100.IS,bist100
2014-08-13,781.416015625,783.1019897460938,768.4600219726562,776.1859741210938,776.181884765625,67390900000.0,XU100.IS,bist100
2014-08-14,777.1220092773438,785.1480102539062,772.6849975585938,775.698974609375,775.6948852539062,58072200000.0,XU100.IS,bist100
2014-08-15,779.31298828125,782.114013671875,766.2589721679688,766.9210205078125,766.9169311523438,53693900000.0,XU100.IS,bist100
2014-08-18,771.7659912109375,775.1510009765625,765.39599609375,773.4210205078125,773.4169311523438,55837500000.0,XU100.IS,bist100
2014-08-19,776.3670043945312,794.0809936523438,776.3670043945312,792.7589721679688,792.7547607421875,72320400000.0,XU100.IS,bist100
2014-08-20,793.8489990234375,795.2529907226562,782.5009765625,788.6690063476562,788.664794921875,68362300000.0,XU100.IS,bist100
2014-08-21,786.9130249023438,791.89501953125,786.541015625,789.5750122070312,789.57080078125,48535200000.0,XU100.IS,bist100
2014-08-22,791.1859741210938,794.0819702148438,785.6519775390625,789.2960205078125,789.2918090820312,43560400000.0,XU100.IS,bist100
2014-08-25,791.72802734375,793.6810302734375,789.22998046875,792.6240234375,792.6198120117188,37392900000.0,XU100.IS,bist100
2014-08-26,794.3759765625,808.468017578125,794.3759765625,807.5430297851562,807.5387573242188,47908400000.0,XU100.IS,bist100
2014-08-27,809.4879760742188,811.9580078125,802.4169921875,804.6740112304688,804.6697387695312,52730200000.0,XU100.IS,bist100
2014-08-28,805.9119873046875,808.698974609375,802.5460205078125,808.3770141601562,808.3727416992188,44948100000.0,XU100.IS,bist100
2014-08-29,810.0969848632812,816.114990234375,802.9849853515625,803.1290283203125,803.124755859375,49087400000.0,XU100.IS,bist100
2014-09-01,804.552978515625,810.0059814453125,801.7880249023438,808.2470092773438,808.2427368164062,34942300000.0,XU100.IS,bist100
2014-09-02,809.4039916992188,813.97802734375,804.8380126953125,807.0999755859375,807.095703125,45703100000.0,XU100.IS,bist100
2014-09-03,809.9019775390625,815.5609741210938,808.9719848632812,812.9240112304688,812.919677734375,56366000000.0,XU100.IS,bist100
2014-09-04,813.905029296875,823.3770141601562,811.719970703125,822.260009765625,822.2556762695312,65110300000.0,XU100.IS,bist100
2014-09-05,821.0280151367188,823.4769897460938,816.7150268554688,821.9310302734375,821.9266967773438,49751000000.0,XU100.IS,bist100
2014-09-08,823.9229736328125,826.281982421875,820.3610229492188,821.9949951171875,821.9906616210938,47957400000.0,XU100.IS,bist100
2014-09-09,819.9199829101562,822.5419921875,799.8489990234375,800.802001953125,800.7977294921875,64736400000.0,XU100.IS,bist100
2014-09-10,801.0570068359375,802.5900268554688,789.68701171875,795.5059814453125,795.5017700195312,63936200000.0,XU100.IS,bist100
2014-09-11,798.2830200195312,801.0800170898438,786.5640258789062,789.6640014648438,789.6597900390625,54668500000.0,XU100.IS,bist100
2014-09-12,788.8159790039062,793.0969848632812,777.0360107421875,778.2080078125,778.203857421875,50910700000.0,XU100.IS,bist100
2014-09-15,776.8599853515625,783.2579956054688,774.5689697265625,779.1810302734375,779.1768798828125,45764200000.0,XU100.IS,bist100
2014-09-16,778.1290283203125,788.4660034179688,774.3610229492188,786.3460083007812,786.3418579101562,59490500000.0,XU100.IS,bist100
2014-09-17,790.6309814453125,794.0579833984375,786.9550170898438,789.6810302734375,789.6768188476562,49328600000.0,XU100.IS,bist100
2014-09-18,784.552001953125,785.280029296875,772.7570190429688,774.9639892578125,774.9598999023438,64761900000.0,XU100.IS,bist100
2014-09-19,777.6069946289062,782.9500122070312,769.218994140625,769.218994140625,769.2149047851562,52298100000.0,XU100.IS,bist100
2014-09-22,769.4710083007812,775.0079956054688,765.5960083007812,768.698974609375,768.6948852539062,46920300000.0,XU100.IS,bist100
2014-09-23,773.3939819335938,778.0330200195312,766.6890258789062,766.6890258789062,766.6849365234375,50327000000.0,XU100.IS,bist100
2014-09-24,770.0360107421875,772.1329956054688,751.219970703125,751.9299926757812,751.926025390625,61856300000.0,XU100.IS,bist100
2014-09-25,752.4609985351562,755.760009765625,743.2139892578125,745.906982421875,745.9030151367188,57089500000.0,XU100.IS,bist100
2014-09-26,749.0419921875,751.64501953125,738.468017578125,746.323974609375,746.3200073242188,70610100000.0,XU100.IS,bist100
2014-09-29,746.02197265625,748.3989868164062,740.426025390625,746.4569702148438,746.4530029296875,55018500000.0,XU100.IS,bist100
2014-09-30,749.843017578125,751.9849853515625,744.906005859375,749.3779907226562,749.3740234375,60480700000.0,XU100.IS,bist100
2014-10-01,750.0079956054688,752.094970703125,741.5449829101562,741.5449829101562,741.5410766601562,58294500000.0,XU100.IS,bist100
2014-10-02,743.4810180664062,747.2990112304688,736.4619750976562,738.5800170898438,738.5761108398438,55331700000.0,XU100.IS,bist100
2014-10-03,742.0770263671875,743.843994140625,735.3989868164062,743.843994140625,743.8400268554688,22864800000.0,XU100.IS,bist100
2014-10-08,733.635009765625,733.844970703125,726.1220092773438,729.4349975585938,729.43115234375,56351300000.0,XU100.IS,bist100
2014-10-09,739.2890014648438,753.5339965820312,739.2890014648438,752.0800170898438,752.0760498046875,84779800000.0,XU100.IS,bist100
2014-10-10,745.4630126953125,745.4630126953125,734.9409790039062,734.9409790039062,734.9370727539062,53352100000.0,XU100.IS,bist100
2014-10-13,737.906005859375,754.8480224609375,737.2410278320312,751.156982421875,751.1530151367188,67125600000.0,XU100.IS,bist100
2014-10-14,751.385986328125,756.8870239257812,740.9390258789062,746.8660278320312,746.862060546875,88651500000.0,XU100.IS,bist100
2014-10-15,749.583984375,758.1480102539062,747.4390258789062,748.5599975585938,748.5560302734375,78321400000.0,XU100.IS,bist100
2014-10-16,752.06201171875,755.7139892578125,738.0029907226562,745.7589721679688,745.7550048828125,76190500000.0,XU100.IS,bist100
2014-10-17,748.3389892578125,759.77099609375,747.8610229492188,755.3330078125,755.3289794921875,73380300000.0,XU100.IS,bist100
2014-10-20,761.7319946289062,764.35302734375,758.468017578125,763.3140258789062,763.3099975585938,57586700000.0,XU100.IS,bist100
2014-10-21,763.010009765625,776.6690063476562,762.823974609375,776.4559936523438,776.451904296875,68816200000.0,XU100.IS,bist100
2014-10-22,779.9530029296875,782.0189819335938,775.6099853515625,780.8079833984375,780.8038330078125,72020200000.0,XU100.IS,bist100
2014-10-23,780.0009765625,794.947021484375,776.5059814453125,794.947021484375,794.9428100585938,86547300000.0,XU100.IS,bist100
2014-10-24,794.7410278320312,799.5239868164062,789.958984375,794.1710205078125,794.1668090820312,70502100000.0,XU100.IS,bist100
2014-10-27,797.8300170898438,800.155029296875,785.4359741210938,792.35400390625,792.3497924804688,65579700000.0,XU100.IS,bist100
2014-10-28,795.02099609375,797.2429809570312,790.6959838867188,795.8909912109375,795.8867797851562,27093700000.0,XU100.IS,bist100
2014-10-30,794.698974609375,801.2930297851562,792.0430297851562,798.9860229492188,798.9818115234375,69848500000.0,XU100.IS,bist100
2014-10-31,807.9580078125,811.469970703125,803.8410034179688,805.7969970703125,805.792724609375,72741900000.0,XU100.IS,bist100
2014-11-03,805.5570068359375,808.6329956054688,798.9609985351562,800.2789916992188,800.2747192382812,64885100000.0,XU100.IS,bist100
2014-11-04,803.8150024414062,807.7869873046875,798.8319702148438,802.6820068359375,802.677734375,68091700000.0,XU100.IS,bist100
2014-11-05,804.2030029296875,809.8759765625,789.5609741210938,789.5609741210938,789.5567626953125,81165400000.0,XU100.IS,bist100
2014-11-06,792.7379760742188,795.7559814453125,775.10302734375,775.10302734375,775.0989379882812,95013300000.0,XU100.IS,bist100
2014-11-07,773.8629760742188,780.89697265625,771.3309936523438,779.5780029296875,779.5738525390625,70236000000.0,XU100.IS,bist100
2014-11-10,783.4619750976562,786.35498046875,776.4459838867188,777.4340209960938,777.4298706054688,61070200000.0,XU100.IS,bist100
2014-11-11,779.5789794921875,784.0339965820312,776.3610229492188,784.0339965820312,784.0298461914062,64413800000.0,XU100.IS,bist100
2014-11-12,787.35302734375,803.948974609375,787.35302734375,803.948974609375,803.9447021484375,80102600000.0,XU100.IS,bist100
2014-11-13,805.406005859375,815.0390014648438,797.6900024414062,808.760986328125,808.7567138671875,90503600000.0,XU100.IS,bist100
2014-11-14,808.3790283203125,814.4869995117188,806.2360229492188,812.1160278320312,812.1116943359375,71854200000.0,XU100.IS,bist100
2014-11-17,813.5269775390625,817.843994140625,804.56298828125,804.9979858398438,804.9937133789062,81188200000.0,XU100.IS,bist100
2014-11-18,808.0,813.9039916992188,806.093994140625,813.2990112304688,813.294677734375,67837300000.0,XU100.IS,bist100
2014-11-19,816.948974609375,821.43701171875,811.6810302734375,814.6160278320312,814.6116943359375,90827000000.0,XU100.IS,bist100
2014-11-20,814.8410034179688,825.3480224609375,812.219970703125,825.1190185546875,825.1146240234375,83664200000.0,XU100.IS,bist100
2014-11-21,828.5469970703125,834.7100219726562,827.6480102539062,832.8179931640625,832.8135986328125,78633100000.0,XU100.IS,bist100
2014-11-24,831.1589965820312,833.8880004882812,827.1090087890625,832.52001953125,832.515625,59085200000.0,XU100.IS,bist100
2014-11-25,832.6810302734375,836.9530029296875,825.5780029296875,835.3049926757812,835.300537109375,89864300000.0,XU100.IS,bist100
2014-11-26,836.0700073242188,843.81201171875,834.1719970703125,842.4329833984375,842.4285278320312,77878400000.0,XU100.IS,bist100
2014-11-27,844.448974609375,849.3900146484375,840.8610229492188,846.885009765625,846.8804931640625,69742000000.0,XU100.IS,bist100
2014-11-28,848.8590087890625,870.4810180664062,848.8590087890625,861.68701171875,861.6824340820312,93852900000.0,XU100.IS,bist100
2014-12-01,862.1409912109375,870.1019897460938,852.155029296875,861.4730224609375,861.4684448242188,100002300000.0,XU100.IS,bist100
2014-12-02,862.218994140625,863.4710083007812,848.2999877929688,849.1519775390625,849.1474609375,84755700000.0,XU100.IS,bist100
2014-12-03,849.6710205078125,856.4530029296875,845.4400024414062,849.1510009765625,849.146484375,66130500000.0,XU100.IS,bist100
2014-12-04,849.7969970703125,863.6929931640625,849.4660034179688,862.3410034179688,862.33642578125,67188400000.0,XU100.IS,bist100
2014-12-05,863.698974609375,868.3930053710938,852.3989868164062,852.3989868164062,852.3944702148438,72215400000.0,XU100.IS,bist100
2014-12-08,853.3419799804688,855.4299926757812,844.93798828125,848.18701171875,848.1824951171875,51373600000.0,XU100.IS,bist100
2014-12-09,847.22802734375,852.1389770507812,835.2730102539062,835.2730102539062,835.2685546875,64512400000.0,XU100.IS,bist100
2014-12-10,839.7420043945312,844.9019775390625,836.1320190429688,841.2630004882812,841.258544921875,63280700000.0,XU100.IS,bist100
2014-12-11,842.385986328125,855.4119873046875,840.60302734375,847.1820068359375,847.177490234375,78637500000.0,XU100.IS,bist100
2014-12-12,847.1229858398438,847.2150268554688,830.6190185546875,832.2639770507812,832.2595825195312,70186100000.0,XU100.IS,bist100
2014-12-15,829.4019775390625,832.8699951171875,825.7269897460938,828.0440063476562,828.0396118164062,58078800000.0,XU100.IS,bist100
2014-12-16,824.4450073242188,831.760986328125,788.4400024414062,791.9119873046875,791.9077758789062,104618400000.0,XU100.IS,bist100
2014-12-17,794.3670043945312,812.2449951171875,789.5490112304688,808.2069702148438,808.2026977539062,76785300000.0,XU100.IS,bist100
2014-12-18,818.2459716796875,832.2620239257812,818.2459716796875,832.2620239257812,832.2576293945312,71168600000.0,XU100.IS,bist100
2014-12-19,836.5369873046875,837.9429931640625,825.833984375,835.7360229492188,835.7315673828125,71898300000.0,XU100.IS,bist100
2014-12-22,836.0040283203125,851.43798828125,833.4359741210938,851.43798828125,851.4334716796875,56817200000.0,XU100.IS,bist100
2014-12-23,852.5490112304688,854.3389892578125,842.22998046875,844.8800048828125,844.8755493164062,68513100000.0,XU100.IS,bist100
2014-12-24,846.5759887695312,850.3159790039062,846.43701171875,848.2169799804688,848.2124633789062,37797600000.0,XU100.IS,bist100
2014-12-25,849.2160034179688,851.1510009765625,848.1420288085938,848.2449951171875,848.240478515625,28389500000.0,XU100.IS,bist100
2014-12-26,849.4089965820312,852.5709838867188,849.2100219726562,849.4730224609375,849.468505859375,23913300000.0,XU100.IS,bist100
2014-12-29,847.5819702148438,847.5819702148438,839.2000122070312,841.0180053710938,841.0135498046875,38225300000.0,XU100.IS,bist100
2014-12-30,839.1019897460938,849.2269897460938,835.8720092773438,845.3709716796875,845.3665161132812,59137500000.0,XU100.IS,bist100
2014-12-31,845.89501953125,858.5059814453125,845.2069702148438,857.2109985351562,857.2064208984375,28463800000.0,XU100.IS,bist100
2015-01-02,854.47900390625,857.7210083007812,849.4089965820312,854.5889892578125,854.58447265625,32803700000.0,XU100.IS,bist100
2015-01-05,854.9530029296875,867.9580078125,854.114013671875,864.6259765625,864.6213989257812,64458800000.0,XU100.IS,bist100
2015-01-06,866.5089721679688,869.1179809570312,855.7470092773438,869.0960083007812,869.0913696289062,69832100000.0,XU100.IS,bist100
2015-01-07,869.2509765625,876.260009765625,864.97802734375,867.7659912109375,867.7614135742188,79194900000.0,XU100.IS,bist100
2015-01-08,874.0490112304688,879.1909790039062,872.60400390625,876.89599609375,876.891357421875,73176200000.0,XU100.IS,bist100
2015-01-09,877.4600219726562,883.2680053710938,874.281005859375,876.4840087890625,876.4793701171875,71173100000.0,XU100.IS,bist100
2015-01-12,879.1740112304688,887.3880004882812,876.3699951171875,878.64697265625,878.642333984375,63710400000.0,XU100.IS,bist100
2015-01-13,881.052001953125,885.4819946289062,878.239990234375,883.135009765625,883.1303100585938,73665600000.0,XU100.IS,bist100
2015-01-14,877.1370239257812,883.7869873046875,871.280029296875,875.635009765625,875.63037109375,74634000000.0,XU100.IS,bist100
2015-01-15,880.801025390625,884.9140014648438,875.60302734375,877.427978515625,877.42333984375,80414600000.0,XU100.IS,bist100
2015-01-16,876.4869995117188,878.6599731445312,868.625,874.1640014648438,874.1593627929688,61940200000.0,XU100.IS,bist100
2015-01-19,876.9660034179688,883.2239990234375,875.8489990234375,880.0650024414062,880.0603637695312,51199000000.0,XU100.IS,bist100
2015-01-20,882.4320068359375,894.64501953125,882.4320068359375,892.0050048828125,892.000244140625,75924000000.0,XU100.IS,bist100
2015-01-21,896.9130249023438,903.5040283203125,896.35498046875,903.1279907226562,903.1232299804688,72545800000.0,XU100.IS,bist100
2015-01-22,906.7119750976562,910.0460205078125,898.52197265625,909.0280151367188,909.023193359375,73007700000.0,XU100.IS,bist100
2015-01-23,911.9580078125,915.8510131835938,905.3920288085938,907.3610229492188,907.356201171875,66641600000.0,XU100.IS,bist100
2015-01-26,905.4910278320312,914.1290283203125,902.9409790039062,914.1290283203125,914.1242065429688,54573600000.0,XU100.IS,bist100
2015-01-27,915.4650268554688,917.5330200195312,905.6019897460938,911.5009765625,911.4961547851562,60145700000.0,XU100.IS,bist100
2015-01-28,917.0579833984375,918.0570068359375,902.7639770507812,903.416015625,903.4111938476562,65983200000.0,XU100.IS,bist100
2015-01-29,896.9130249023438,902.4219970703125,885.5780029296875,885.5780029296875,885.5733032226562,61188300000.0,XU100.IS,bist100
2015-01-30,889.7100219726562,894.6170043945312,880.4530029296875,889.4580078125,889.4533081054688,60624600000.0,XU100.IS,bist100
2015-02-02,891.447998046875,898.5780029296875,886.7410278320312,897.1279907226562,897.1232299804688,46323800000.0,XU100.IS,bist100
2015-02-03,900.4819946289062,900.4819946289062,871.1619873046875,875.0850219726562,875.0803833007812,71753300000.0,XU100.IS,bist100
2015-02-04,878.2100219726562,879.280029296875,856.7119750976562,859.1010131835938,859.096435546875,83290600000.0,XU100.IS,bist100
2015-02-05,859.1920166015625,865.0180053710938,851.4550170898438,857.8930053710938,857.888427734375,75973800000.0,XU100.IS,bist100
2015-02-06,858.89501953125,864.2639770507812,849.0999755859375,849.8740234375,849.8695068359375,67630900000.0,XU100.IS,bist100
2015-02-09,850.0869750976562,850.198974609375,832.427001953125,845.7429809570312,845.7384643554688,81995500000.0,XU100.IS,bist100
2015-02-10,850.0070190429688,853.6740112304688,829.7529907226562,831.1640014648438,831.1596069335938,76146600000.0,XU100.IS,bist100
2015-02-11,835.97900390625,841.9970092773438,831.7340087890625,834.2949829101562,834.29052734375,79623600000.0,XU100.IS,bist100
2015-02-12,837.864990234375,860.8259887695312,837.864990234375,860.8259887695312,860.8214111328125,83924200000.0,XU100.IS,bist100
2015-02-13,862.6079711914062,863.572021484375,855.89599609375,858.093017578125,858.0884399414062,63305500000.0,XU100.IS,bist100
2015-02-16,861.447021484375,864.4019775390625,859.5989990234375,860.405029296875,860.4004516601562,52934900000.0,XU100.IS,bist100
2015-02-17,856.9199829101562,859.5800170898438,844.2490234375,844.2490234375,844.2445678710938,64684900000.0,XU100.IS,bist100
2015-02-18,846.1300048828125,855.7999877929688,841.5159912109375,854.4169921875,854.4124755859375,59922000000.0,XU100.IS,bist100
2015-02-19,862.3189697265625,865.7239990234375,857.385986328125,864.1430053710938,864.138427734375,68890200000.0,XU100.IS,bist100
2015-02-20,863.5859985351562,865.072021484375,851.1400146484375,854.8889770507812,854.8844604492188,52524500000.0,XU100.IS,bist100
2015-02-23,854.8679809570312,863.208984375,848.5009765625,862.8829956054688,862.87841796875,62481900000.0,XU100.IS,bist100
2015-02-24,864.2440185546875,867.9409790039062,860.1110229492188,866.9119873046875,866.9074096679688,71171000000.0,XU100.IS,bist100
2015-02-25,872.6430053710938,878.4719848632812,864.6950073242188,867.3350219726562,867.3304443359375,74444900000.0,XU100.IS,bist100
2015-02-26,864.9030151367188,873.97900390625,859.0399780273438,859.1539916992188,859.1494140625,77537100000.0,XU100.IS,bist100
2015-02-27,860.9520263671875,864.3699951171875,837.8460083007812,841.4749755859375,841.4705200195312,86261700000.0,XU100.IS,bist100
2015-03-02,844.052978515625,846.7440185546875,838.5809936523438,839.468994140625,839.4645385742188,55868600000.0,XU100.IS,bist100
2015-03-03,843.6430053710938,846.708984375,835.093994140625,843.0390014648438,843.0345458984375,54099000000.0,XU100.IS,bist100
2015-03-04,842.4240112304688,843.8079833984375,819.8079833984375,820.6719970703125,820.6676635742188,64380000000.0,XU100.IS,bist100
2015-03-05,809.697021484375,815.5789794921875,800.1439819335938,807.7960205078125,807.791748046875,107464000000.0,XU100.IS,bist100
2015-03-06,809.27001953125,823.3930053710938,800.4520263671875,803.1019897460938,803.0977172851562,84202600000.0,XU100.IS,bist100
2015-03-09,812.0700073242188,817.5670166015625,805.864990234375,806.4539794921875,806.44970703125,72736200000.0,XU100.IS,bist100
2015-03-10,808.2030029296875,810.5139770507812,779.7750244140625,779.7750244140625,779.7708740234375,81833700000.0,XU100.IS,bist100
2015-03-11,782.5800170898438,788.60400390625,766.5689697265625,782.77001953125,782.765869140625,81728500000.0,XU100.IS,bist100
2015-03-12,793.3300170898438,795.5289916992188,775.4719848632812,782.9320068359375,782.9278564453125,69969600000.0,XU100.IS,bist100
2015-03-13,785.635009765625,790.9760131835938,766.4210205078125,766.4210205078125,766.4169311523438,69665000000.0,XU100.IS,bist100
2015-03-16,776.7670288085938,784.8359985351562,771.7830200195312,781.9569702148438,781.9528198242188,59495800000.0,XU100.IS,bist100
2015-03-17,787.6320190429688,801.0399780273438,786.7789916992188,800.3070068359375,800.302734375,67927600000.0,XU100.IS,bist100
2015-03-18,799.7269897460938,801.9089965820312,791.5969848632812,799.4229736328125,799.4187622070312,67243900000.0,XU100.IS,bist100
2015-03-19,814.7490234375,821.8660278320312,812.208984375,819.219970703125,819.2156372070312,81870300000.0,XU100.IS,bist100
2015-03-20,822.4769897460938,827.3179931640625,816.4569702148438,825.0640258789062,825.0596313476562,68148200000.0,XU100.IS,bist100
2015-03-23,825.6950073242188,837.6849975585938,824.2890014648438,837.4199829101562,837.41552734375,60184100000.0,XU100.IS,bist100
2015-03-24,836.5490112304688,837.4860229492188,817.0609741210938,820.3259887695312,820.3216552734375,75980500000.0,XU100.IS,bist100
2015-03-25,825.8099975585938,836.3820190429688,821.7949829101562,826.4920043945312,826.4876098632812,63079600000.0,XU100.IS,bist100
2015-03-26,812.8060302734375,814.823974609375,806.9609985351562,814.823974609375,814.8196411132812,68666000000.0,XU100.IS,bist100
2015-03-27,812.4089965820312,812.593017578125,802.3389892578125,808.9420166015625,808.937744140625,63238400000.0,XU100.IS,bist100
2015-03-30,808.7630004882812,822.0910034179688,804.6430053710938,821.8400268554688,821.835693359375,60540600000.0,XU100.IS,bist100
2015-03-31,822.3140258789062,825.3800048828125,805.2830200195312,808.4600219726562,808.4557495117188,63396300000.0,XU100.IS,bist100
2015-04-01,810.905029296875,815.0430297851562,806.5040283203125,812.0850219726562,812.0806884765625,55820300000.0,XU100.IS,bist100
2015-04-02,814.3159790039062,819.3779907226562,812.9229736328125,816.7639770507812,816.7596435546875,48136200000.0,XU100.IS,bist100
2015-04-03,819.7440185546875,830.4730224609375,815.010009765625,829.9429931640625,829.9385986328125,45866400000.0,XU100.IS,bist100
2015-04-06,823.4390258789062,831.302001953125,822.5590209960938,831.302001953125,831.297607421875,47718900000.0,XU100.IS,bist100
2015-04-07,830.5390014648438,830.5390014648438,818.9439697265625,824.6589965820312,824.6546020507812,55252100000.0,XU100.IS,bist100
2015-04-08,824.9569702148438,828.8460083007812,820.0469970703125,827.9940185546875,827.9896240234375,68824100000.0,XU100.IS,bist100
2015-04-09,824.4290161132812,836.3389892578125,824.1190185546875,835.135986328125,835.1315307617188,71142600000.0,XU100.IS,bist100
2015-04-10,833.75,837.8619995117188,822.0269775390625,826.4580078125,826.45361328125,63844700000.0,XU100.IS,bist100
2015-04-13,826.31298828125,830.7680053710938,816.3519897460938,819.3759765625,819.3716430664062,71870400000.0,XU100.IS,bist100
2015-04-14,816.0999755859375,824.8159790039062,807.0399780273438,823.197021484375,823.192626953125,81766300000.0,XU100.IS,bist100
2015-04-15,819.5339965820312,821.385009765625,812.2150268554688,813.5750122070312,813.5706787109375,69333800000.0,XU100.IS,bist100
2015-04-16,819.697021484375,826.9929809570312,816.4359741210938,824.3670043945312,824.3626098632812,76201900000.0,XU100.IS,bist100
2015-04-17,830.0650024414062,833.3930053710938,822.2999877929688,824.177001953125,824.172607421875,68391600000.0,XU100.IS,bist100
2015-04-20,828.31201171875,830.7750244140625,821.677001953125,823.0260009765625,823.0216064453125,58240000000.0,XU100.IS,bist100
2015-04-21,821.1920166015625,842.7769775390625,818.2620239257812,842.7769775390625,842.7725219726562,77920100000.0,XU100.IS,bist100
2015-04-22,843.9710083007812,847.7059936523438,837.18701171875,837.8040161132812,837.799560546875,85009600000.0,XU100.IS,bist100
2015-04-24,841.6480102539062,855.7979736328125,841.4180297851562,855.5130004882812,855.5084838867188,72368800000.0,XU100.IS,bist100
2015-04-27,856.8939819335938,866.2360229492188,852.9970092773438,864.0189819335938,864.014404296875,88068300000.0,XU100.IS,bist100
2015-04-28,864.8629760742188,867.5460205078125,860.0050048828125,862.094970703125,862.0903930664062,75824600000.0,XU100.IS,bist100
2015-04-29,863.9569702148438,866.7039794921875,858.4190063476562,859.7839965820312,859.7794189453125,64276900000.0,XU100.IS,bist100
2015-04-30,861.5640258789062,863.552978515625,839.469970703125,839.469970703125,839.4655151367188,67051100000.0,XU100.IS,bist100
2015-05-04,838.8079833984375,843.052978515625,832.3920288085938,840.1890258789062,840.1845703125,54942100000.0,XU100.IS,bist100
2015-05-05,839.7509765625,846.0570068359375,833.0449829101562,833.8070068359375,833.8026123046875,54394800000.0,XU100.IS,bist100
2015-05-06,837.4310302734375,837.4310302734375,823.4539794921875,824.4140014648438,824.4096069335938,66314700000.0,XU100.IS,bist100
2015-05-07,825.2009887695312,827.9869995117188,817.5449829101562,825.7020263671875,825.6976318359375,61310300000.0,XU100.IS,bist100
2015-05-08,827.2210083007812,842.697021484375,822.0770263671875,840.5989990234375,840.5945434570312,62702300000.0,XU100.IS,bist100
2015-05-11,841.6179809570312,852.364990234375,841.6179809570312,847.5280151367188,847.5234985351562,64948600000.0,XU100.IS,bist100
2015-05-12,848.656982421875,853.9949951171875,842.8880004882812,853.635009765625,853.6304931640625,65915000000.0,XU100.IS,bist100
2015-05-13,854.9030151367188,865.6290283203125,854.9030151367188,864.1749877929688,864.17041015625,82218400000.0,XU100.IS,bist100
2015-05-14,864.5570068359375,876.5130004882812,861.6069946289062,872.43701171875,872.432373046875,87802000000.0,XU100.IS,bist100
2015-05-15,874.4949951171875,879.9569702148438,871.843017578125,876.0490112304688,876.0443725585938,57961800000.0,XU100.IS,bist100
2015-05-18,876.4039916992188,886.5189819335938,875.2689819335938,886.5189819335938,886.5142822265625,53250600000.0,XU100.IS,bist100
2015-05-20,883.6959838867188,885.0969848632812,873.427001953125,877.9110107421875,877.9063720703125,71341700000.0,XU100.IS,bist100
2015-05-21,879.8510131835938,885.1370239257812,864.4169921875,865.6500244140625,865.6454467773438,78320700000.0,XU100.IS,bist100
2015-05-22,866.468994140625,867.1160278320312,857.1710205078125,858.0390014648438,858.034423828125,62827000000.0,XU100.IS,bist100
2015-05-25,857.0540161132812,857.8809814453125,844.7960205078125,845.6699829101562,845.6654663085938,45590600000.0,XU100.IS,bist100
2015-05-26,841.2449951171875,848.52099609375,836.4940185546875,836.4940185546875,836.4895629882812,59587900000.0,XU100.IS,bist100
2015-05-27,839.8400268554688,842.9210205078125,828.5330200195312,842.9210205078125,842.9165649414062,64024400000.0,XU100.IS,bist100
2015-05-28,843.3599853515625,845.0070190429688,835.6959838867188,835.6959838867188,835.6915283203125,53892200000.0,XU100.IS,bist100
2015-05-29,836.3200073242188,846.9730224609375,825.8629760742188,829.81201171875,829.8076171875,62635800000.0,XU100.IS,bist100
2015-06-01,827.6900024414062,827.8510131835938,803.4149780273438,804.291015625,804.2867431640625,52274400000.0,XU100.IS,bist100
2015-06-02,807.4530029296875,814.8090209960938,805.1380004882812,814.2020263671875,814.1976928710938,60800900000.0,XU100.IS,bist100
2015-06-03,815.7670288085938,834.1160278320312,812.0900268554688,833.9359741210938,833.9315795898438,63490000.0,XU100.IS,bist100
2015-06-04,828.3670043945312,829.0590209960938,817.0430297851562,824.989990234375,824.985595703125,62848900000.0,XU100.IS,bist100
2015-06-05,821.135986328125,829.72900390625,816.22998046875,819.4340209960938,819.4296875,78252800000.0,XU100.IS,bist100
2015-06-08,752.6820068359375,778.0540161132812,752.6820068359375,778.0540161132812,778.0498657226562,106754200000.0,XU100.IS,bist100
2015-06-09,784.1099853515625,787.8679809570312,777.56201171875,781.4630126953125,781.4588623046875,71794600000.0,XU100.IS,bist100
2015-06-10,786.572021484375,800.0780029296875,786.572021484375,797.47900390625,797.4747924804688,68526600000.0,XU100.IS,bist100
2015-06-11,799.85498046875,809.2490234375,793.6820068359375,808.4520263671875,808.44775390625,73097900000.0,XU100.IS,bist100
2015-06-12,808.4829711914062,811.7020263671875,803.1530151367188,805.3250122070312,805.3207397460938,56616200000.0,XU100.IS,bist100
2015-06-15,805.4760131835938,807.4819946289062,789.5139770507812,789.5139770507812,789.509765625,55916900000.0,XU100.IS,bist100
2015-06-16,792.2689819335938,805.2109985351562,792.2689819335938,801.8380126953125,801.833740234375,59895600000.0,XU100.IS,bist100
2015-06-17,804.1129760742188,809.1749877929688,802.718017578125,807.1329956054688,807.1287231445312,56790600000.0,XU100.IS,bist100
2015-06-18,816.0479736328125,822.3560180664062,813.3820190429688,819.3250122070312,819.3206787109375,51804400000.0,XU100.IS,bist100
2015-06-19,819.593017578125,827.81298828125,817.0759887695312,824.5440063476562,824.5396118164062,53788300000.0,XU100.IS,bist100
2015-06-22,829.1400146484375,837.5989990234375,829.1400146484375,834.2620239257812,834.257568359375,56800000000.0,XU100.IS,bist100
2015-06-23,836.0419921875,838.635986328125,826.7880249023438,830.6849975585938,830.6806030273438,64846400000.0,XU100.IS,bist100
2015-06-24,832.2869873046875,842.6640014648438,831.1820068359375,841.406982421875,841.4025268554688,64416400000.0,XU100.IS,bist100
2015-06-25,842.1270141601562,845.2930297851562,832.4089965820312,832.77099609375,832.7666015625,67023400000.0,XU100.IS,bist100
2015-06-26,832.1669921875,838.6829833984375,830.7579956054688,835.4609985351562,835.45654296875,47460300000.0,XU100.IS,bist100
2015-06-29,823.5659790039062,827.239013671875,817.56201171875,817.56201171875,817.5576782226562,48163700000.0,XU100.IS,bist100
2015-06-30,819.3690185546875,824.156005859375,814.8480224609375,822.4949951171875,822.4906616210938,54333300000.0,XU100.IS,bist100
2015-07-01,824.4530029296875,829.3989868164062,816.8170166015625,816.8170166015625,816.8126831054688,53382600000.0,XU100.IS,bist100
2015-07-02,815.93798828125,820.0770263671875,809.7830200195312,818.7999877929688,818.795654296875,54733400000.0,XU100.IS,bist100
2015-07-03,820.0809936523438,821.6589965820312,812.1699829101562,812.1699829101562,812.1656494140625,36226300000.0,XU100.IS,bist100
2015-07-06,809.8809814453125,824.4760131835938,809.8809814453125,823.6589965820312,823.6546020507812,47965400000.0,XU100.IS,bist100
2015-07-07,826.572021484375,828.6060180664062,815.7230224609375,815.7230224609375,815.7186889648438,50302500000.0,XU100.IS,bist100
2015-07-08,814.8870239257812,814.8870239257812,802.3870239257812,803.8660278320312,803.8617553710938,58350500000.0,XU100.IS,bist100
2015-07-09,809.1799926757812,823.3270263671875,809.1799926757812,822.8629760742188,822.8585815429688,43290000.0,XU100.IS,bist100
2015-07-10,829.2260131835938,833.9630126953125,825.6589965820312,827.9190063476562,827.9146118164062,50649300000.0,XU100.IS,bist100
2015-07-13,828.0980224609375,836.7849731445312,825.2960205078125,833.8829956054688,833.8786010742188,51459100000.0,XU100.IS,bist100
2015-07-14,837.3319702148438,841.9290161132812,828.291015625,830.4110107421875,830.4066162109375,59098100000.0,XU100.IS,bist100
2015-07-15,832.6580200195312,835.2310180664062,824.8829956054688,827.2789916992188,827.2745971679688,42123500000.0,XU100.IS,bist100
2015-07-16,828.947021484375,829.9910278320312,827.0490112304688,827.8980102539062,827.8936157226562,34797200000.0,XU100.IS,bist100
2015-07-20,828.135986328125,828.9450073242188,810.14501953125,813.2000122070312,813.1956787109375,57794300000.0,XU100.IS,bist100
2015-07-21,816.8870239257812,818.8809814453125,809.6090087890625,815.8359985351562,815.8316650390625,56664900000.0,XU100.IS,bist100
2015-07-22,817.3670043945312,818.5670166015625,806.77001953125,812.2239990234375,812.2196655273438,54838500000.0,XU100.IS,bist100
2015-07-23,812.0189819335938,812.0189819335938,781.6409912109375,783.3660278320312,783.3618774414062,65383300000.0,XU100.IS,bist100
2015-07-24,781.5150146484375,792.5640258789062,777.2620239257812,787.1209716796875,787.1168212890625,44007400000.0,XU100.IS,bist100
2015-07-27,787.2479858398438,791.7109985351562,772.301025390625,773.52001953125,773.5159301757812,51095200000.0,XU100.IS,bist100
2015-07-28,776.8720092773438,787.2930297851562,776.8720092773438,780.239990234375,780.23583984375,54786700000.0,XU100.IS,bist100
2015-07-29,781.406982421875,786.3510131835938,776.6729736328125,780.7979736328125,780.7938232421875,41558200000.0,XU100.IS,bist100
2015-07-30,776.3300170898438,788.8939819335938,775.343017578125,782.7150268554688,782.7108764648438,47622300000.0,XU100.IS,bist100
2015-07-31,785.18701171875,799.0969848632812,781.2579956054688,799.0969848632812,799.0927734375,69975400000.0,XU100.IS,bist100
2015-08-03,798.7969970703125,798.7969970703125,780.2269897460938,781.6409912109375,781.6368408203125,49634900000.0,XU100.IS,bist100
2015-08-04,784.635009765625,787.5380249023438,778.0560302734375,782.3489990234375,782.3448486328125,48994500000.0,XU100.IS,bist100
2015-08-05,780.9509887695312,785.6240234375,777.1439819335938,781.343017578125,781.3388671875,41670200000.0,XU100.IS,bist100
2015-08-06,784.1610107421875,790.301025390625,783.2550048828125,788.031005859375,788.02685546875,42710800000.0,XU100.IS,bist100
2015-08-07,790.0349731445312,791.2360229492188,781.7379760742188,784.27099609375,784.266845703125,36744900000.0,XU100.IS,bist100
2015-08-10,785.9199829101562,787.593994140625,773.0999755859375,774.9530029296875,774.9489135742188,41188100000.0,XU100.IS,bist100
2015-08-11,785.1690063476562,799.0869750976562,785.1690063476562,797.2000122070312,797.19580078125,50683700000.0,XU100.IS,bist100
2015-08-12,788.8740234375,790.6290283203125,780.85400390625,781.7479858398438,781.7438354492188,42270400000.0,XU100.IS,bist100
2015-08-13,782.3489990234375,782.3489990234375,758.0230102539062,770.85498046875,770.8508911132812,65418600000.0,XU100.IS,bist100
2015-08-14,767.801025390625,776.9929809570312,764.843994140625,773.0900268554688,773.0859375,50205300000.0,XU100.IS,bist100
2015-08-17,773.5770263671875,775.697021484375,763.68701171875,769.2239990234375,769.2199096679688,45844200000.0,XU100.IS,bist100
2015-08-18,764.2880249023438,768.9459838867188,759.6010131835938,759.6010131835938,759.5969848632812,46723500000.0,XU100.IS,bist100
2015-08-19,763.2319946289062,766.468017578125,751.8800048828125,752.9959716796875,752.9920043945312,48120000.0,XU100.IS,bist100
2015-08-20,750.8690185546875,750.8690185546875,736.9710083007812,746.8179931640625,746.8140258789062,56716700000.0,XU100.IS,bist100
2015-08-21,743.9210205078125,746.2329711914062,735.2009887695312,737.97802734375,737.97412109375,42866600000.0,XU100.IS,bist100
2015-08-24,726.3870239257812,726.3870239257812,697.9739990234375,713.4199829101562,713.4161987304688,56967300000.0,XU100.IS,bist100
2015-08-25,721.9110107421875,737.7839965820312,719.9719848632812,735.0969848632812,735.0930786132812,56570200000.0,XU100.IS,bist100
2015-08-26,733.7579956054688,741.4089965820312,727.7000122070312,736.1589965820312,736.1550903320312,58349000000.0,XU100.IS,bist100
2015-08-27,745.8909912109375,751.5789794921875,744.7579956054688,748.135009765625,748.1310424804688,47672200000.0,XU100.IS,bist100
2015-08-28,749.8150024414062,751.5689697265625,740.2009887695312,746.416015625,746.4120483398438,41332000000.0,XU100.IS,bist100
2015-08-31,745.4920043945312,753.2069702148438,745.2620239257812,752.10400390625,752.1000366210938,37901000000.0,XU100.IS,bist100
2015-09-01,748.43798828125,748.9910278320312,733.75,735.697021484375,735.693115234375,53155600000.0,XU100.IS,bist100
2015-09-02,738.7260131835938,742.6069946289062,734.3410034179688,736.5609741210938,736.5570678710938,45098800000.0,XU100.IS,bist100
2015-09-03,740.3159790039062,743.9760131835938,732.9140014648438,740.041015625,740.037109375,46625400000.0,XU100.IS,bist100
2015-09-04,734.2760009765625,739.97900390625,728.9639892578125,729.5009765625,729.4971313476562,46791300000.0,XU100.IS,bist100
2015-09-07,724.35498046875,724.35498046875,715.573974609375,718.6580200195312,718.6542358398438,32369000000.0,XU100.IS,bist100
2015-09-08,723.7509765625,726.2890014648438,715.9450073242188,720.5180053710938,720.51416015625,38257200000.0,XU100.IS,bist100
2015-09-09,727.8809814453125,728.9550170898438,719.9249877929688,720.0330200195312,720.0291748046875,38591100000.0,XU100.IS,bist100
2015-09-10,717.4329833984375,719.5440063476562,712.6329956054688,718.4650268554688,718.4612426757812,42069600000.0,XU100.IS,bist100
2015-09-11,719.7210083007812,719.9390258789062,713.4959716796875,713.5089721679688,713.5051879882812,33859100000.0,XU100.IS,bist100
2015-09-14,716.2559814453125,716.8250122070312,710.5040283203125,712.9940185546875,712.990234375,44128200000.0,XU100.IS,bist100
2015-09-15,714.9000244140625,731.9609985351562,713.0750122070312,731.7340087890625,731.7301025390625,62721000000.0,XU100.IS,bist100
2015-09-16,732.9929809570312,743.7849731445312,730.1329956054688,741.4949951171875,741.4910888671875,50751700000.0,XU100.IS,bist100
2015-09-17,740.5250244140625,749.8060302734375,738.4600219726562,749.8060302734375,749.8020629882812,48992000000.0,XU100.IS,bist100
2015-09-18,748.802978515625,751.02099609375,740.114013671875,750.989990234375,750.9860229492188,58403800000.0,XU100.IS,bist100
2015-09-21,748.7979736328125,760.2830200195312,745.2470092773438,758.6069946289062,758.6029663085938,55337400000.0,XU100.IS,bist100
2015-09-22,760.468017578125,761.89501953125,745.9310302734375,749.93701171875,749.9330444335938,42592000000.0,XU100.IS,bist100
2015-09-23,748.3330078125,750.7020263671875,746.1019897460938,746.1019897460938,746.0980224609375,15806500000.0,XU100.IS,bist100
2015-09-28,747.594970703125,751.2830200195312,733.1500244140625,733.1500244140625,733.1461181640625,43349500000.0,XU100.IS,bist100
2015-09-29,728.6589965820312,743.2750244140625,726.3809814453125,742.5770263671875,742.5730590820312,58799900000.0,XU100.IS,bist100
2015-09-30,746.5,747.5289916992188,737.833984375,742.0549926757812,742.0510864257812,58392200000.0,XU100.IS,bist100
2015-10-01,746.2310180664062,748.3579711914062,740.2059936523438,745.3099975585938,745.3060302734375,53782100000.0,XU100.IS,bist100
2015-10-02,745.7069702148438,746.9119873046875,738.260009765625,743.9669799804688,743.9630126953125,52888800000.0,XU100.IS,bist100
2015-10-05,753.125,769.0250244140625,753.125,769.0250244140625,769.0209350585938,72511000000.0,XU100.IS,bist100
2015-10-06,769.7730102539062,776.0670166015625,766.2509765625,772.5859985351562,772.5819091796875,68516300000.0,XU100.IS,bist100
2015-10-07,778.2239990234375,787.2659912109375,776.3280029296875,786.9819946289062,786.9778442382812,93857100000.0,XU100.IS,bist100
2015-10-08,783.093994140625,792.4569702148438,780.1339721679688,786.6099853515625,786.6058349609375,73287400000.0,XU100.IS,bist100
2015-10-09,792.3709716796875,796.1610107421875,788.4240112304688,792.1489868164062,792.144775390625,72840300000.0,XU100.IS,bist100
2015-10-12,785.4749755859375,796.1959838867188,785.4749755859375,793.0009765625,792.9967651367188,62843100000.0,XU100.IS,bist100
2015-10-13,793.4290161132812,794.9550170898438,778.89501953125,783.5859985351562,783.5818481445312,64749800000.0,XU100.IS,bist100
2015-10-14,783.8889770507812,795.0260009765625,783.176025390625,793.802001953125,793.7977905273438,67028700000.0,XU100.IS,bist100
2015-10-15,800.1279907226562,803.8309936523438,792.6329956054688,792.6329956054688,792.6287841796875,71855200000.0,XU100.IS,bist100
2015-10-16,796.1489868164062,796.1489868164062,784.8359985351562,784.8359985351562,784.8318481445312,55396500000.0,XU100.IS,bist100
2015-10-19,788.4600219726562,798.948974609375,788.4600219726562,797.344970703125,797.3407592773438,59306000000.0,XU100.IS,bist100
2015-10-20,798.1019897460938,805.9409790039062,796.781005859375,804.9650268554688,804.9607543945312,71140000.0,XU100.IS,bist100
2015-10-21,803.9580078125,804.239990234375,792.843994140625,797.6530151367188,797.6488037109375,75788500000.0,XU100.IS,bist100
2015-10-22,798.427001953125,805.322021484375,798.427001953125,802.5590209960938,802.5547485351562,69016800000.0,XU100.IS,bist100
2015-10-23,808.9240112304688,810.6669921875,800.9119873046875,801.2479858398438,801.2437133789062,74932600000.0,XU100.IS,bist100
2015-10-26,801.7239990234375,804.031005859375,792.1959838867188,792.6229858398438,792.6187744140625,59851700000.0,XU100.IS,bist100
2015-10-27,792.06201171875,793.8400268554688,780.948974609375,786.625,786.620849609375,54397400000.0,XU100.IS,bist100
2015-10-28,786.3389892578125,786.5089721679688,779.9979858398438,785.3629760742188,785.3588256835938,25026000000.0,XU100.IS,bist100
2015-10-30,782.302978515625,795.0469970703125,775.85400390625,794.0900268554688,794.0858154296875,59388700000.0,XU100.IS,bist100
2015-11-02,836.5369873046875,843.541015625,832.2949829101562,836.9359741210938,836.9315185546875,125531200000.0,XU100.IS,bist100
2015-11-03,838.5709838867188,839.2670288085938,828.531982421875,829.1389770507812,829.1345825195312,82656400000.0,XU100.IS,bist100
2015-11-04,832.8469848632812,837.8480224609375,832.8469848632812,836.8410034179688,836.8365478515625,73003200000.0,XU100.IS,bist100
2015-11-05,832.3489990234375,833.2940063476562,825.4669799804688,829.5570068359375,829.5526123046875,66289000000.0,XU100.IS,bist100
2015-11-06,832.0139770507812,832.3189697265625,817.1849975585938,819.302001953125,819.2976684570312,58124700000.0,XU100.IS,bist100
2015-11-09,820.0040283203125,826.2219848632812,817.572021484375,820.5009765625,820.4966430664062,60245500000.0,XU100.IS,bist100
2015-11-10,823.1129760742188,825.9249877929688,811.7410278320312,811.7410278320312,811.7366943359375,57071700000.0,XU100.IS,bist100
2015-11-11,814.844970703125,823.6500244140625,814.844970703125,817.1799926757812,817.1756591796875,54191800000.0,XU100.IS,bist100
2015-11-12,822.1740112304688,822.9569702148438,814.2620239257812,821.4340209960938,821.4296875,53993600000.0,XU100.IS,bist100
2015-11-13,821.2689819335938,822.9229736328125,816.2479858398438,818.7880249023438,818.78369140625,55974500000.0,XU100.IS,bist100
2015-11-16,815.8060302734375,818.2239990234375,810.18701171875,810.4639892578125,810.459716796875,46423700000.0,XU100.IS,bist100
2015-11-17,813.2570190429688,818.5750122070312,811.5289916992188,811.5289916992188,811.524658203125,53541500000.0,XU100.IS,bist100
2015-11-18,810.6400146484375,814.7650146484375,803.3610229492188,805.1420288085938,805.1377563476562,50615600000.0,XU100.IS,bist100
2015-11-19,808.60302734375,811.1799926757812,801.8569946289062,804.4119873046875,804.40771484375,51230200000.0,XU100.IS,bist100
2015-11-20,803.9760131835938,811.2169799804688,803.844970703125,806.8170166015625,806.812744140625,44600100000.0,XU100.IS,bist100
2015-11-23,806.5260009765625,807.8419799804688,797.447998046875,797.447998046875,797.4437866210938,41407200000.0,XU100.IS,bist100
2015-11-24,798.68798828125,800.0800170898438,760.9580078125,762.4299926757812,762.4259643554688,103730000000.0,XU100.IS,bist100
2015-11-25,765.7009887695312,769.7529907226562,755.2069702148438,768.364990234375,768.3609008789062,82608700000.0,XU100.IS,bist100
2015-11-26,766.2449951171875,766.9039916992188,749.9299926757812,749.9760131835938,749.9720458984375,63340600000.0,XU100.IS,bist100
2015-11-27,748.239990234375,765.22900390625,748.239990234375,756.3839721679688,756.3799438476562,68304500000.0,XU100.IS,bist100
2015-11-30,756.3839721679688,765.3519897460938,750.9710083007812,752.3280029296875,752.3240356445312,50291650000.0,XU100.IS,bist100
2015-12-01,752.3280029296875,767.85498046875,752.3280029296875,767.85498046875,767.8508911132812,67436260000.0,XU100.IS,bist100
2015-12-02,767.85498046875,777.6669921875,762.4630126953125,763.9500122070312,763.9459838867188,77877770000.0,XU100.IS,bist100
2015-12-03,763.9500122070312,771.4130249023438,753.9240112304688,754.5280151367188,754.5239868164062,62627810000.0,XU100.IS,bist100
2015-12-04,754.5280151367188,758.8779907226562,733.7080078125,742.6530151367188,742.6490478515625,76334610000.0,XU100.IS,bist100
2015-12-07,742.6530151367188,745.3410034179688,733.5469970703125,739.0889892578125,739.0850830078125,60874660000.0,XU100.IS,bist100
2015-12-08,739.0889892578125,742.0430297851562,729.5460205078125,731.0089721679688,731.0050659179688,58091480000.0,XU100.IS,bist100
2015-12-09,731.0089721679688,747.3209838867188,729.4849853515625,745.8369750976562,745.8330078125,63981090000.0,XU100.IS,bist100
2015-12-10,745.8369750976562,752.3709716796875,720.1270141601562,723.5419921875,723.5381469726562,84211910000.0,XU100.IS,bist100
2015-12-11,723.5419921875,725.1199951171875,702.802978515625,702.802978515625,702.7992553710938,88786550000.0,XU100.IS,bist100
2015-12-14,702.802978515625,716.958984375,691.9099731445312,693.0869750976562,693.0833129882812,74143210000.0,XU100.IS,bist100
2015-12-15,693.0869750976562,723.9190063476562,693.0869750976562,721.5679931640625,721.5641479492188,84622120000.0,XU100.IS,bist100
2015-12-16,721.5679931640625,728.8790283203125,713.969970703125,728.3179931640625,728.3141479492188,81655240000.0,XU100.IS,bist100
2015-12-17,728.3179931640625,741.7880249023438,728.2349853515625,737.1190185546875,737.1151123046875,89541750000.0,XU100.IS,bist100
2015-12-18,737.1190185546875,737.1190185546875,722.031005859375,724.60400390625,724.6001586914062,68400290000.0,XU100.IS,bist100
2015-12-21,724.60400390625,737.8140258789062,724.60400390625,733.281982421875,733.278076171875,67706230000.0,XU100.IS,bist100
2015-12-22,733.281982421875,733.801025390625,722.2050170898438,731.02099609375,731.01708984375,77250850000.0,XU100.IS,bist100
2015-12-23,731.02099609375,744.9860229492188,731.02099609375,740.448974609375,740.445068359375,66621050000.0,XU100.IS,bist100
2015-12-24,740.448974609375,743.93701171875,738.6500244140625,740.5040283203125,740.5001220703125,42330080000.0,XU100.IS,bist100
2015-12-25,740.5040283203125,742.2789916992188,739.947021484375,741.89501953125,741.89111328125,21798080000.0,XU100.IS,bist100
2015-12-28,741.89501953125,749.5360107421875,741.89501953125,742.4320068359375,742.4280395507812,55703260000.0,XU100.IS,bist100
2015-12-29,742.4320068359375,745.2769775390625,736.9290161132812,739.1259765625,739.1220703125,54695780000.0,XU100.IS,bist100
2015-12-30,739.1259765625,740.0490112304688,730.64599609375,732.0070190429688,732.0031127929688,42005560000.0,XU100.IS,bist100
2015-12-31,732.0070190429688,733.7210083007812,714.3359985351562,717.27001953125,717.2662353515625,42808150000.0,XU100.IS,bist100
2016-01-04,717.27001953125,717.27001953125,698.8040161132812,705.1840209960938,705.1802978515625,48721700000.0,XU100.IS,bist100
2016-01-05,705.1840209960938,712.5349731445312,693.9580078125,706.8809814453125,706.8772583007812,67864960000.0,XU100.IS,bist100
2016-01-06,706.8809814453125,712.6710205078125,697.135009765625,711.97900390625,711.9752197265625,79617850000.0,XU100.IS,bist100
2016-01-07,711.97900390625,716.4019775390625,696.8790283203125,714.958984375,714.9552001953125,89136690000.0,XU100.IS,bist100
2016-01-08,714.958984375,721.3189697265625,704.0780029296875,706.1320190429688,706.1282958984375,72823590000.0,XU100.IS,bist100
2016-01-11,703.9730224609375,716.218994140625,701.114990234375,710.489990234375,710.4862060546875,68380760000.0,XU100.IS,bist100
2016-01-12,710.3330078125,721.0009765625,705.1649780273438,717.4039916992188,717.4002075195312,86373250000.0,XU100.IS,bist100
2016-01-13,721.0609741210938,730.1090087890625,720.302001953125,725.0869750976562,725.0831298828125,79732510000.0,XU100.IS,bist100
2016-01-14,722.0640258789062,726.5139770507812,713.0889892578125,719.406005859375,719.4021606445312,80860720000.0,XU100.IS,bist100
2016-01-15,719.8400268554688,722.7449951171875,706.280029296875,710.6199951171875,710.6162109375,71487300000.0,XU100.IS,bist100
2016-01-18,714.635986328125,715.2150268554688,708.4520263671875,710.39697265625,710.3931884765625,61250850000.0,XU100.IS,bist100
2016-01-19,716.6640014648438,718.2739868164062,707.8619995117188,710.7319946289062,710.7282104492188,68204870000.0,XU100.IS,bist100
2016-01-20,706.0460205078125,707.8560180664062,695.9530029296875,696.0399780273438,696.0363159179688,71427520000.0,XU100.IS,bist100
2016-01-21,696.5759887695312,697.77099609375,682.3049926757812,685.6790161132812,685.6753540039062,80155200000.0,XU100.IS,bist100
2016-01-22,694.8709716796875,703.9249877929688,692.552978515625,702.4390258789062,702.435302734375,75373440000.0,XU100.IS,bist100
2016-01-25,707.6190185546875,710.8800048828125,701.22998046875,705.3900146484375,705.3862915039062,53863470000.0,XU100.IS,bist100
2016-01-26,701.4450073242188,718.3870239257812,699.2509765625,718.0889892578125,718.085205078125,70555640000.0,XU100.IS,bist100
2016-01-27,718.197998046875,726.8369750976562,717.7520141601562,720.5289916992188,720.525146484375,79189770000.0,XU100.IS,bist100
2016-01-28,724.3179931640625,729.6090087890625,723.2069702148438,724.2739868164062,724.2701416015625,78377760000.0,XU100.IS,bist100
2016-01-29,731.2269897460938,735.0659790039062,730.802001953125,734.8109741210938,734.8070678710938,70653830000.0,XU100.IS,bist100
2016-02-01,734.9619750976562,735.1480102539062,727.93701171875,734.4769897460938,734.4730834960938,67455060000.0,XU100.IS,bist100
2016-02-02,736.5159912109375,739.114990234375,725.06201171875,725.06201171875,725.0581665039062,71594590000.0,XU100.IS,bist100
2016-02-03,721.7479858398438,736.2979736328125,720.1519775390625,732.6740112304688,732.6701049804688,78071140000.0,XU100.IS,bist100
2016-02-04,741.5040283203125,747.4039916992188,739.6290283203125,745.0540161132812,745.050048828125,81258740000.0,XU100.IS,bist100
2016-02-05,744.8569946289062,747.6740112304688,740.3330078125,742.0349731445312,742.0310668945312,65713380000.0,XU100.IS,bist100
2016-02-08,744.573974609375,746.56201171875,720.052001953125,720.052001953125,720.0481567382812,90082520000.0,XU100.IS,bist100
2016-02-09,715.2030029296875,717.9829711914062,703.7349853515625,714.1519775390625,714.148193359375,89122190000.0,XU100.IS,bist100
2016-02-10,716.7210083007812,722.4990234375,708.5640258789062,716.1420288085938,716.1382446289062,70299830000.0,XU100.IS,bist100
2016-02-11,711.1640014648438,712.8159790039062,698.8980102539062,709.4169921875,709.4132080078125,82949560000.0,XU100.IS,bist100
2016-02-12,713.3179931640625,715.4180297851562,708.9569702148438,709.3740234375,709.3702392578125,64282910000.0,XU100.IS,bist100
2016-02-15,712.7529907226562,715.6640014648438,694.3610229492188,710.0809936523438,710.0772094726562,78133310000.0,XU100.IS,bist100
2016-02-16,715.864990234375,718.1589965820312,708.0750122070312,709.4920043945312,709.4882202148438,62110660000.0,XU100.IS,bist100
2016-02-17,709.2269897460938,728.5579833984375,706.5360107421875,728.051025390625,728.0471801757812,79281700000.0,XU100.IS,bist100
2016-02-18,727.0919799804688,734.4650268554688,723.2230224609375,734.4650268554688,734.4611206054688,73005950000.0,XU100.IS,bist100
2016-02-19,734.010009765625,734.5560302734375,726.7119750976562,730.1539916992188,730.150146484375,61330210000.0,XU100.IS,bist100
2016-02-22,736.5659790039062,748.9390258789062,735.6640014648438,748.9390258789062,748.93505859375,75160890000.0,XU100.IS,bist100
2016-02-23,748.5460205078125,759.2379760742188,746.7429809570312,754.9979858398438,754.9939575195312,91270540000.0,XU100.IS,bist100
2016-02-24,756.3870239257812,757.0540161132812,739.1599731445312,740.6719970703125,740.6680908203125,80578570000.0,XU100.IS,bist100
2016-02-25,745.5170288085938,755.0419921875,743.510986328125,752.0189819335938,752.0150146484375,73150650000.0,XU100.IS,bist100
2016-02-26,755.7059936523438,760.1740112304688,748.3560180664062,749.2899780273438,749.2860107421875,70777310000.0,XU100.IS,bist100
2016-02-29,747.0960083007812,759.5479736328125,744.2379760742188,758.1439819335938,758.1399536132812,69536930000.0,XU100.IS,bist100
2016-03-01,759.4910278320312,761.8460083007812,756.4210205078125,759.5540161132812,759.5499877929688,63469630000.0,XU100.IS,bist100
2016-03-02,766.3569946289062,770.9650268554688,764.1510009765625,767.8800048828125,767.8759155273438,72346210000.0,XU100.IS,bist100
2016-03-03,770.6259765625,775.2730102539062,764.6610107421875,768.2830200195312,768.2789306640625,74723410000.0,XU100.IS,bist100
2016-03-04,769.4349975585938,771.9110107421875,761.6389770507812,771.9110107421875,771.9069213867188,74772580000.0,XU100.IS,bist100
2016-03-07,773.4959716796875,779.8980102539062,771.5040283203125,774.8389892578125,774.8348999023438,74561130000.0,XU100.IS,bist100
2016-03-08,772.8419799804688,781.4390258789062,771.5800170898438,776.8289794921875,776.8248291015625,84003450000.0,XU100.IS,bist100
2016-03-09,776.2890014648438,787.3820190429688,773.9840087890625,787.3820190429688,787.3778686523438,75730960000.0,XU100.IS,bist100
2016-03-10,788.5609741210938,796.7410278320312,785.0499877929688,790.2470092773438,790.2427978515625,94804700000.0,XU100.IS,bist100
2016-03-11,795.6589965820312,796.1309814453125,787.4349975585938,793.802001953125,793.7977905273438,71009340000.0,XU100.IS,bist100
2016-03-14,792.031005859375,801.14599609375,791.7990112304688,801.1090087890625,801.104736328125,71649350000.0,XU100.IS,bist100
2016-03-15,800.8720092773438,800.9119873046875,787.7459716796875,790.3109741210938,790.3067626953125,81023830000.0,XU100.IS,bist100
2016-03-16,791.68701171875,795.7410278320312,784.1950073242188,793.6920166015625,793.6878051757812,68964770000.0,XU100.IS,bist100
2016-03-17,804.7739868164062,813.8930053710938,803.9619750976562,813.77099609375,813.7666625976562,88583900000.0,XU100.IS,bist100
2016-03-18,814.8270263671875,829.4340209960938,812.2119750976562,829.4340209960938,829.4296264648438,81005260000.0,XU100.IS,bist100
2016-03-21,827.7559814453125,835.2369995117188,824.3660278320312,834.0269775390625,834.0225830078125,83980030000.0,XU100.IS,bist100
2016-03-22,828.530029296875,828.530029296875,809.8300170898438,817.6610107421875,817.6566772460938,109120910000.0,XU100.IS,bist100
2016-03-23,815.4929809570312,817.3499755859375,801.7169799804688,803.8369750976562,803.8327026367188,88495800000.0,XU100.IS,bist100
2016-03-24,802.9739990234375,813.89599609375,801.2100219726562,813.583984375,813.5796508789062,77185020000.0,XU100.IS,bist100
2016-03-25,814.2340087890625,817.5339965820312,812.8989868164062,813.5650024414062,813.5606689453125,31906230000.0,XU100.IS,bist100
2016-03-28,814.9409790039062,817.3109741210938,808.7310180664062,813.4459838867188,813.441650390625,36306120000.0,XU100.IS,bist100
2016-03-29,817.1680297851562,822.7329711914062,815.22900390625,817.3359985351562,817.3316650390625,61719870000.0,XU100.IS,bist100
2016-03-30,823.75,830.4140014648438,822.9949951171875,829.177978515625,829.173583984375,71113420000.0,XU100.IS,bist100
2016-03-31,829.1749877929688,834.468017578125,824.8679809570312,832.6799926757812,832.6755981445312,72804140000.0,XU100.IS,bist100
2016-04-01,829.8720092773438,830.5460205078125,819.3189697265625,823.593994140625,823.589599609375,65889910000.0,XU100.IS,bist100
2016-04-04,827.625,838.72900390625,825.9990234375,838.72900390625,838.7245483398438,75855670000.0,XU100.IS,bist100
2016-04-05,836.2050170898438,837.010009765625,824.6500244140625,829.6409912109375,829.6365966796875,72119580000.0,XU100.IS,bist100
2016-04-06,829.0609741210938,830.260986328125,815.1129760742188,815.1129760742188,815.108642578125,73727760000.0,XU100.IS,bist100
2016-04-07,820.0809936523438,822.5260009765625,810.8070068359375,811.64697265625,811.6426391601562,62151850000.0,XU100.IS,bist100
2016-04-08,814.510009765625,825.760986328125,808.8400268554688,825.02099609375,825.0166015625,72284880000.0,XU100.IS,bist100
2016-04-11,826.3049926757812,841.0139770507812,823.0139770507812,839.875,839.8705444335938,87348100000.0,XU100.IS,bist100
2016-04-12,838.593994140625,844.2999877929688,832.6380004882812,837.197998046875,837.1935424804688,91401080000.0,XU100.IS,bist100
2016-04-13,841.5189819335938,858.0880126953125,840.0919799804688,856.9669799804688,856.9624633789062,92408150000.0,XU100.IS,bist100
2016-04-14,857.4979858398438,862.5449829101562,853.4039916992188,857.8499755859375,857.8453979492188,95617300000.0,XU100.IS,bist100
2016-04-15,859.708984375,861.8800048828125,848.0789794921875,855.7329711914062,855.7284545898438,72998640000.0,XU100.IS,bist100
2016-04-18,851.8040161132812,863.8670043945312,849.9769897460938,863.43701171875,863.4324340820312,74290170000.0,XU100.IS,bist100
2016-04-19,866.073974609375,866.9349975585938,858.0670166015625,862.510009765625,862.5054321289062,72686220000.0,XU100.IS,bist100
2016-04-20,860.0850219726562,869.31298828125,852.7150268554688,855.5020141601562,855.4974975585938,98795900000.0,XU100.IS,bist100
2016-04-21,859.3660278320312,864.5,851.177001953125,856.7080078125,856.7034912109375,66481030000.0,XU100.IS,bist100
2016-04-22,858.4739990234375,859.2930297851562,851.5059814453125,858.2869873046875,858.2824096679688,59643140000.0,XU100.IS,bist100
2016-04-25,855.7340087890625,858.5120239257812,849.8419799804688,851.093994140625,851.0894775390625,58448510000.0,XU100.IS,bist100
2016-04-26,853.4719848632812,859.3829956054688,850.4290161132812,857.5640258789062,857.5594482421875,70227410000.0,XU100.IS,bist100
2016-04-27,858.7739868164062,861.2100219726562,852.9149780273438,853.7420043945312,853.7374877929688,54483800000.0,XU100.IS,bist100
2016-04-28,854.6740112304688,856.7639770507812,847.6320190429688,854.7780151367188,854.7734985351562,66326060000.0,XU100.IS,bist100
2016-04-29,855.2509765625,856.6439819335938,848.3790283203125,853.2780151367188,853.2734985351562,52550600000.0,XU100.IS,bist100
2016-05-02,852.4169921875,852.6859741210938,838.1170043945312,838.2990112304688,838.2945556640625,46287110000.0,XU100.IS,bist100
2016-05-03,841.3289794921875,842.905029296875,808.8519897460938,810.697998046875,810.6937255859375,84086340000.0,XU100.IS,bist100
2016-05-04,810.0059814453125,810.4010009765625,790.7009887695312,793.8259887695312,793.82177734375,93691860000.0,XU100.IS,bist100
2016-05-05,777.125,799.0780029296875,775.1950073242188,786.9879760742188,786.9838256835938,104829940000.0,XU100.IS,bist100
2016-05-06,787.2490234375,788.010009765625,772.0910034179688,783.6810302734375,783.6768798828125,93020550000.0,XU100.IS,bist100
2016-05-09,790.3170166015625,797.3699951171875,788.7890014648438,790.6209716796875,790.6167602539062,61008080000.0,XU100.IS,bist100
2016-05-10,791.0880126953125,794.6599731445312,784.031982421875,788.0239868164062,788.0198364257812,67331980000.0,XU100.IS,bist100
2016-05-11,789.0689697265625,791.6680297851562,780.2329711914062,790.2780151367188,790.2738037109375,70776130000.0,XU100.IS,bist100
2016-05-12,790.7869873046875,795.7020263671875,782.4639892578125,783.0419921875,783.037841796875,66461710000.0,XU100.IS,bist100
2016-05-13,779.3619995117188,785.9739990234375,775.8610229492188,778.083984375,778.079833984375,60291390000.0,XU100.IS,bist100
2016-05-16,779.5999755859375,782.0130004882812,767.0120239257812,769.9970092773438,769.992919921875,48037100000.0,XU100.IS,bist100
2016-05-17,774.458984375,777.6530151367188,764.4949951171875,772.77197265625,772.7678833007812,63761010000.0,XU100.IS,bist100
2016-05-18,770.2630004882812,775.7470092773438,764.7899780273438,772.4390258789062,772.4349365234375,69138870000.0,XU100.IS,bist100
2016-05-20,772.094970703125,774.916015625,763.0239868164062,763.5770263671875,763.572998046875,64073760000.0,XU100.IS,bist100
2016-05-23,765.3350219726562,769.6929931640625,762.0759887695312,767.6589965820312,767.6549072265625,48579100000.0,XU100.IS,bist100
2016-05-24,765.2639770507812,795.052978515625,764.594970703125,794.3460083007812,794.341796875,96713800000.0,XU100.IS,bist100
2016-05-25,794.7260131835938,799.4099731445312,785.9340209960938,786.0910034179688,786.0868530273438,69121870000.0,XU100.IS,bist100
2016-05-26,783.1400146484375,786.0449829101562,776.135009765625,780.3560180664062,780.3518676757812,68182080000.0,XU100.IS,bist100
2016-05-27,781.406982421875,785.093994140625,778.0170288085938,780.2890014648438,780.2848510742188,48256900000.0,XU100.IS,bist100
2016-05-30,779.4810180664062,788.6859741210938,779.4810180664062,785.3519897460938,785.3478393554688,48242940000.0,XU100.IS,bist100
2016-05-31,789.5189819335938,791.0560302734375,778.0339965820312,778.0339965820312,778.0298461914062,61265250000.0,XU100.IS,bist100
2016-06-01,779.1170043945312,780.4290161132812,770.2210083007812,770.3489990234375,770.3449096679688,58655480000.0,XU100.IS,bist100
2016-06-02,772.7130126953125,774.4539794921875,762.3380126953125,762.7210083007812,762.7169799804688,45094860000.0,XU100.IS,bist100
2016-06-03,765.4940185546875,784.8389892578125,764.8619995117188,781.39501953125,781.390869140625,55257860000.0,XU100.IS,bist100
2016-06-06,785.2100219726562,789.5750122070312,783.3469848632812,785.927978515625,785.923828125,47816220000.0,XU100.IS,bist100
2016-06-07,789.6840209960938,794.197021484375,780.2349853515625,781.5759887695312,781.5718383789062,64455670000.0,XU100.IS,bist100
2016-06-08,783.6439819335938,790.6320190429688,777.2160034179688,788.3270263671875,788.3228149414062,63389490000.0,XU100.IS,bist100
2016-06-09,788.4509887695312,789.5369873046875,776.5609741210938,777.1170043945312,777.1128540039062,56924730000.0,XU100.IS,bist100
2016-06-10,777.031005859375,778.3889770507812,767.2319946289062,768.8729858398438,768.868896484375,48895230000.0,XU100.IS,bist100
2016-06-13,764.6829833984375,765.5599975585938,753.8579711914062,765.3419799804688,765.337890625,55140730000.0,XU100.IS,bist100
2016-06-14,764.0850219726562,766.156005859375,753.5689697265625,757.594970703125,757.5909423828125,63484510000.0,XU100.IS,bist100
2016-06-15,763.0419921875,765.916015625,760.6170043945312,762.3740234375,762.3699951171875,53749160000.0,XU100.IS,bist100
2016-06-16,758.7039794921875,760.8889770507812,746.7169799804688,746.7169799804688,746.7130126953125,44292330000.0,XU100.IS,bist100
2016-06-17,753.4749755859375,757.9149780273438,749.1400146484375,754.3049926757812,754.3009643554688,56101910000.0,XU100.IS,bist100
2016-06-20,764.4619750976562,775.2880249023438,764.0050048828125,775.2310180664062,775.2269287109375,49800470000.0,XU100.IS,bist100
2016-06-21,775.593994140625,780.6060180664062,773.177978515625,775.3140258789062,775.3099365234375,58224500000.0,XU100.IS,bist100
2016-06-22,776.8699951171875,779.9949951171875,771.3920288085938,772.6749877929688,772.6708984375,44551030000.0,XU100.IS,bist100
2016-06-23,775.5020141601562,783.5079956054688,772.1110229492188,779.8989868164062,779.8948364257812,59835770000.0,XU100.IS,bist100
2016-06-24,740.7379760742188,755.2860107421875,740.1669921875,753.6599731445312,753.6559448242188,67221160000.0,XU100.IS,bist100
2016-06-27,754.5850219726562,759.0789794921875,748.8189697265625,751.6119995117188,751.6080322265625,74129300000.0,XU100.IS,bist100
2016-06-28,758.552001953125,770.9340209960938,758.552001953125,769.2930297851562,769.2889404296875,61151130000.0,XU100.IS,bist100
2016-06-29,767.4420166015625,773.8629760742188,763.551025390625,767.1199951171875,767.1159057617188,73559770000.0,XU100.IS,bist100
2016-06-30,769.166015625,773.6929931640625,764.9869995117188,768.1719970703125,768.1679077148438,57670040000.0,XU100.IS,bist100
2016-07-01,771.7760009765625,779.52099609375,771.7760009765625,779.52099609375,779.516845703125,42726630000.0,XU100.IS,bist100
2016-07-04,781.2039794921875,783.8770141601562,780.0009765625,783.8770141601562,783.8728637695312,16693330000.0,XU100.IS,bist100
2016-07-08,781.85400390625,783.4710083007812,776.4990234375,780.1950073242188,780.1908569335938,46842580000.0,XU100.IS,bist100
2016-07-11,786.260986328125,792.906005859375,786.260986328125,792.3499755859375,792.3457641601562,54349740000.0,XU100.IS,bist100
2016-07-12,793.6630249023438,811.416015625,792.5009765625,811.416015625,811.4116821289062,85324680000.0,XU100.IS,bist100
2016-07-13,812.166015625,816.3909912109375,809.1719970703125,813.2169799804688,813.212646484375,72195710000.0,XU100.IS,bist100
2016-07-14,817.7020263671875,826.989990234375,815.9110107421875,825.8980102539062,825.8936157226562,64456120000.0,XU100.IS,bist100
2016-07-15,823.8560180664062,828.2540283203125,822.3410034179688,828.2540283203125,828.2496337890625,53245270000.0,XU100.IS,bist100
2016-07-18,807.5590209960938,811.10302734375,754.2760009765625,769.5759887695312,769.5718994140625,129007510000.0,XU100.IS,bist100
2016-07-19,762.2039794921875,783.3820190429688,758.4979858398438,761.7780151367188,761.7739868164062,112543900000.0,XU100.IS,bist100
2016-07-20,765.010009765625,767.844970703125,745.9730224609375,749.0280151367188,749.0240478515625,84865050000.0,XU100.IS,bist100
2016-07-21,741.9669799804688,741.9669799804688,715.375,715.9500122070312,715.9462280273438,95813040000.0,XU100.IS,bist100
2016-07-22,727.281005859375,728.0189819335938,704.2620239257812,717.3839721679688,717.3801879882812,84469090000.0,XU100.IS,bist100
2016-07-25,724.2269897460938,743.6229858398438,723.9539794921875,741.739990234375,741.736083984375,68773920000.0,XU100.IS,bist100
2016-07-26,747.7479858398438,748.3159790039062,732.0869750976562,736.8939819335938,736.8900756835938,68159740000.0,XU100.IS,bist100
2016-07-27,739.7150268554688,750.7570190429688,737.5809936523438,750.7570190429688,750.7530517578125,73023560000.0,XU100.IS,bist100
2016-07-28,754.823974609375,759.2429809570312,748.8410034179688,752.4409790039062,752.43701171875,68085200000.0,XU100.IS,bist100
2016-07-29,753.0650024414062,756.1539916992188,744.739990234375,754.0549926757812,754.0509643554688,59035880000.0,XU100.IS,bist100
2016-08-01,762.2789916992188,768.4329833984375,762.2329711914062,767.1170043945312,767.1129150390625,61875980000.0,XU100.IS,bist100
2016-08-02,766.9979858398438,768.385009765625,757.8829956054688,758.0390014648438,758.0349731445312,70915450000.0,XU100.IS,bist100
2016-08-03,756.905029296875,758.1859741210938,741.4199829101562,745.52197265625,745.5180053710938,62355810000.0,XU100.IS,bist100
2016-08-04,747.6480102539062,761.2559814453125,742.551025390625,761.2559814453125,761.251953125,70436770000.0,XU100.IS,bist100
2016-08-05,763.4190063476562,767.4550170898438,751.1209716796875,760.656982421875,760.6529541015625,63869790000.0,XU100.IS,bist100
2016-08-08,774.135986328125,779.3410034179688,769.8070068359375,777.791015625,777.786865234375,68962880000.0,XU100.IS,bist100
2016-08-09,779.0819702148438,788.2490234375,777.1099853515625,785.2490234375,785.244873046875,101663200000.0,XU100.IS,bist100
2016-08-10,786.75,787.3300170898438,775.3200073242188,779.5570068359375,779.5528564453125,72566640000.0,XU100.IS,bist100
2016-08-11,780.7969970703125,790.6669921875,777.6329956054688,790.3359985351562,790.331787109375,63122700000.0,XU100.IS,bist100
2016-08-12,793.0139770507812,793.666015625,780.3079833984375,782.2860107421875,782.2818603515625,62696360000.0,XU100.IS,bist100
2016-08-15,787.1929931640625,790.4140014648438,782.448974609375,784.7260131835938,784.7218627929688,47733920000.0,XU100.IS,bist100
2016-08-16,787.8809814453125,789.1179809570312,776.3779907226562,777.0709838867188,777.0668334960938,62351080000.0,XU100.IS,bist100
2016-08-17,777.9910278320312,785.9929809570312,776.02197265625,781.47802734375,781.473876953125,52177690000.0,XU100.IS,bist100
2016-08-18,787.0650024414062,788.8079833984375,776.6170043945312,779.708984375,779.704833984375,51187200000.0,XU100.IS,bist100
2016-08-19,780.0390014648438,782.14501953125,772.7410278320312,781.4559936523438,781.4518432617188,42846720000.0,XU100.IS,bist100
2016-08-22,777.156005859375,781.0239868164062,774.3679809570312,779.5330200195312,779.5288696289062,45221750000.0,XU100.IS,bist100
2016-08-23,782.2219848632812,782.927978515625,773.3359985351562,773.3359985351562,773.3319091796875,59394820000.0,XU100.IS,bist100
2016-08-24,762.9089965820312,762.9089965820312,751.135986328125,761.1630249023438,761.1589965820312,71399590000.0,XU100.IS,bist100
2016-08-25,764.6439819335938,770.0919799804688,764.427001953125,767.8989868164062,767.8948974609375,71829350000.0,XU100.IS,bist100
2016-08-26,767.31298828125,772.8460083007812,762.2009887695312,771.197021484375,771.1929321289062,60482040000.0,XU100.IS,bist100
2016-08-29,767.468994140625,769.4959716796875,760.7559814453125,761.18798828125,761.1839599609375,39985660000.0,XU100.IS,bist100
2016-08-31,761.2589721679688,765.177978515625,758.719970703125,759.676025390625,759.6719970703125,55127150000.0,XU100.IS,bist100
2016-09-01,761.9990234375,763.677978515625,757.3090209960938,758.5280151367188,758.5239868164062,47829060000.0,XU100.IS,bist100
2016-09-02,760.5,769.7550048828125,759.7319946289062,768.843017578125,768.8389282226562,52597250000.0,XU100.IS,bist100
2016-09-05,773.3280029296875,778.4550170898438,772.7969970703125,777.916015625,777.911865234375,50082930000.0,XU100.IS,bist100
2016-09-06,779.9149780273438,781.9520263671875,777.0269775390625,779.947998046875,779.94384765625,52250220000.0,XU100.IS,bist100
2016-09-07,782.1079711914062,782.93798828125,774.7680053710938,776.4320068359375,776.4279174804688,46603410000.0,XU100.IS,bist100
2016-09-08,778.6710205078125,781.947998046875,774.47900390625,778.4349975585938,778.4308471679688,50388480000.0,XU100.IS,bist100
2016-09-09,776.6370239257812,777.5390014648438,770.2080078125,770.5349731445312,770.5308837890625,65452320000.0,XU100.IS,bist100
2016-09-16,771.4169921875,772.5540161132812,760.10400390625,760.2030029296875,760.198974609375,57393200000.0,XU100.IS,bist100
2016-09-19,765.1199951171875,777.4520263671875,765.1199951171875,776.7080078125,776.703857421875,60862300000.0,XU100.IS,bist100
2016-09-20,776.5460205078125,777.14501953125,770.1409912109375,773.135009765625,773.1309204101562,66970790000.0,XU100.IS,bist100
2016-09-21,774.5269775390625,781.3610229492188,771.5750122070312,779.1589965820312,779.1548461914062,68786230000.0,XU100.IS,bist100
2016-09-22,788.56201171875,798.97900390625,787.81201171875,797.958984375,797.9547729492188,89969370000.0,XU100.IS,bist100
2016-09-23,797.906982421875,800.8709716796875,795.155029296875,797.5640258789062,797.559814453125,67074560000.0,XU100.IS,bist100
2016-09-26,762.4349975585938,769.5239868164062,761.4829711914062,767.2570190429688,767.2529296875,88320580000.0,XU100.IS,bist100
2016-09-27,769.7230224609375,774.8350219726562,766.5189819335938,771.6069946289062,771.6029052734375,65594690000.0,XU100.IS,bist100
2016-09-28,772.7379760742188,778.4550170898438,772.1599731445312,776.7780151367188,776.7738647460938,68242750000.0,XU100.IS,bist100
2016-09-29,778.0770263671875,778.572998046875,767.927978515625,770.7680053710938,770.763916015625,74584920000.0,XU100.IS,bist100
2016-09-30,766.8280029296875,767.7100219726562,761.7069702148438,764.8839721679688,764.8799438476562,54387000000.0,XU100.IS,bist100
2016-10-03,769.2410278320312,774.447998046875,769.2410278320312,772.2540283203125,772.2499389648438,57534680000.0,XU100.IS,bist100
2016-10-04,773.2659912109375,775.4210205078125,768.9910278320312,770.5780029296875,770.5739135742188,85607880000.0,XU100.IS,bist100
2016-10-05,767.1290283203125,779.7080078125,764.8480224609375,778.5369873046875,778.5328369140625,92460280000.0,XU100.IS,bist100
2016-10-06,781.9140014648438,786.0560302734375,778.4229736328125,778.947021484375,778.94287109375,76501000000.0,XU100.IS,bist100
2016-10-07,781.02001953125,785.0040283203125,776.760986328125,779.760009765625,779.755859375,60357840000.0,XU100.IS,bist100
2016-10-10,782.968994140625,785.0609741210938,776.8280029296875,778.35302734375,778.348876953125,80806020000.0,XU100.IS,bist100
2016-10-11,777.7349853515625,778.89599609375,772.802978515625,776.4359741210938,776.431884765625,84521360000.0,XU100.IS,bist100
2016-10-12,779.0360107421875,780.9959716796875,771.4650268554688,774.6129760742188,774.60888671875,82868060000.0,XU100.IS,bist100
2016-10-13,774.697021484375,776.02197265625,766.125,768.10302734375,768.0989379882812,86779230000.0,XU100.IS,bist100
2016-10-14,770.9130249023438,776.7730102539062,767.5650024414062,775.5419921875,775.5379028320312,73852140000.0,XU100.IS,bist100
2016-10-17,774.1849975585938,776.7559814453125,769.9119873046875,774.3759765625,774.3718872070312,69714110000.0,XU100.IS,bist100
2016-10-18,777.9630126953125,784.6229858398438,777.9630126953125,783.4039916992188,783.3998413085938,86747630000.0,XU100.IS,bist100
2016-10-19,786.7589721679688,792.7760009765625,785.4349975585938,792.0989990234375,792.0947875976562,74607220000.0,XU100.IS,bist100
2016-10-20,793.552978515625,795.4140014648438,790.6160278320312,792.5239868164062,792.519775390625,74577910000.0,XU100.IS,bist100
2016-10-21,793.1090087890625,793.35302734375,787.1179809570312,788.43701171875,788.4328002929688,54718540000.0,XU100.IS,bist100
2016-10-24,792.4210205078125,800.6519775390625,792.0449829101562,799.3259887695312,799.32177734375,58762060000.0,XU100.IS,bist100
2016-10-25,799.1489868164062,802.9089965820312,793.60302734375,794.3330078125,794.3287963867188,73062550000.0,XU100.IS,bist100
2016-10-26,794.926025390625,796.6699829101562,790.2379760742188,793.97900390625,793.9747924804688,79252860000.0,XU100.IS,bist100
2016-10-27,793.4329833984375,794.9249877929688,786.4119873046875,787.3920288085938,787.3878784179688,63971010000.0,XU100.IS,bist100
2016-10-28,785.9310302734375,787.3670043945312,780.7139892578125,783.3289794921875,783.3248291015625,31298180000.0,XU100.IS,bist100
2016-10-31,785.5900268554688,788.6110229492188,781.9650268554688,785.3619995117188,785.3578491210938,51785190000.0,XU100.IS,bist100
2016-11-01,788.02001953125,789.5700073242188,773.7650146484375,774.2860107421875,774.2819213867188,73665030000.0,XU100.IS,bist100
2016-11-02,773.4110107421875,776.1190185546875,771.5579833984375,771.7160034179688,771.7119140625,56175910000.0,XU100.IS,bist100
2016-11-03,773.2490234375,775.5460205078125,766.1229858398438,766.8140258789062,766.8099365234375,58700150000.0,XU100.IS,bist100
2016-11-04,758.0549926757812,759.9219970703125,742.3880004882812,742.6719970703125,742.6680297851562,95416150000.0,XU100.IS,bist100
2016-11-07,752.0150146484375,758.9990234375,752.0150146484375,756.8200073242188,756.8159790039062,69360540000.0,XU100.IS,bist100
2016-11-08,756.4630126953125,764.1329956054688,751.9340209960938,763.677978515625,763.6739501953125,76756090000.0,XU100.IS,bist100
2016-11-09,745.6170043945312,762.5980224609375,745.0919799804688,762.0900268554688,762.0859985351562,106105190000.0,XU100.IS,bist100
2016-11-10,768.8109741210938,771.0800170898438,763.60400390625,763.60400390625,763.5999755859375,83212160000.0,XU100.IS,bist100
2016-11-11,762.1799926757812,764.2780151367188,751.7420043945312,751.7420043945312,751.738037109375,71061050000.0,XU100.IS,bist100
2016-11-14,753.9710083007812,754.9000244140625,742.9249877929688,744.1909790039062,744.18701171875,69261140000.0,XU100.IS,bist100
2016-11-15,747.3519897460938,753.0980224609375,746.2869873046875,751.5059814453125,751.5020141601562,64419740000.0,XU100.IS,bist100
2016-11-16,753.469970703125,754.1060180664062,743.9910278320312,747.5910034179688,747.5870361328125,60575310000.0,XU100.IS,bist100
2016-11-17,749.9149780273438,756.885986328125,748.5650024414062,751.3619995117188,751.3580322265625,63851760000.0,XU100.IS,bist100
2016-11-18,749.1829833984375,757.8389892578125,744.9580078125,756.3900146484375,756.385986328125,64297810000.0,XU100.IS,bist100
2016-11-21,758.8060302734375,759.3770141601562,751.9349975585938,755.4359741210938,755.4319458007812,55283740000.0,XU100.IS,bist100
2016-11-22,755.2949829101562,762.1580200195312,754.1530151367188,758.1199951171875,758.115966796875,54922300000.0,XU100.IS,bist100
2016-11-23,760.8099975585938,761.7340087890625,749.7689819335938,750.3690185546875,750.3650512695312,56975590000.0,XU100.IS,bist100
2016-11-24,749.7260131835938,758.6729736328125,741.0460205078125,741.9310302734375,741.9271240234375,99277760000.0,XU100.IS,bist100
2016-11-25,740.6749877929688,745.97998046875,737.5269775390625,743.635009765625,743.6310424804688,55670530000.0,XU100.IS,bist100
2016-11-28,749.9970092773438,753.3300170898438,749.072021484375,749.9019775390625,749.8980102539062,51865700000.0,XU100.IS,bist100
2016-11-29,748.4539794921875,751.2009887695312,741.9769897460938,742.0549926757812,742.0510864257812,58991540000.0,XU100.IS,bist100
2016-11-30,744.9970092773438,745.6179809570312,736.31298828125,739.9520263671875,739.9481201171875,62868460000.0,XU100.IS,bist100
2016-12-01,740.5960083007812,740.9439697265625,723.3599853515625,725.198974609375,725.1951293945312,84385540000.0,XU100.IS,bist100
2016-12-02,726.5770263671875,735.4530029296875,717.9299926757812,733.9089965820312,733.9050903320312,78014610000.0,XU100.IS,bist100
2016-12-05,730.68701171875,741.697021484375,730.1409912109375,735.9970092773438,735.9931030273438,66079610000.0,XU100.IS,bist100
2016-12-06,739.9130249023438,754.4609985351562,739.9130249023438,754.3330078125,754.3289794921875,72261300000.0,XU100.IS,bist100
2016-12-07,754.343994140625,761.2379760742188,751.9409790039062,760.3079833984375,760.303955078125,75391280000.0,XU100.IS,bist100
2016-12-08,762.6489868164062,764.5850219726562,751.1690063476562,759.2930297851562,759.2890014648438,79806220000.0,XU100.IS,bist100
2016-12-09,761.1640014648438,761.77099609375,755.8480224609375,757.2730102539062,757.2689819335938,49901060000.0,XU100.IS,bist100
2016-12-12,753.4710083007812,762.39599609375,749.0889892578125,762.39599609375,762.3919677734375,58260760000.0,XU100.IS,bist100
2016-12-13,765.3270263671875,770.1610107421875,762.68701171875,769.9530029296875,769.9489135742188,65158190000.0,XU100.IS,bist100
2016-12-14,768.9299926757812,771.0919799804688,764.5859985351562,768.8090209960938,768.804931640625,48274050000.0,XU100.IS,bist100
2016-12-15,763.260009765625,776.7860107421875,762.5579833984375,776.7860107421875,776.7818603515625,81696990000.0,XU100.IS,bist100
2016-12-16,778.0280151367188,779.0419921875,774.2550048828125,775.89697265625,775.8928833007812,62547020000.0,XU100.IS,bist100
2016-12-19,777.4140014648438,779.3699951171875,771.5780029296875,771.5780029296875,771.5739135742188,52974360000.0,XU100.IS,bist100
2016-12-20,770.093994140625,778.75,768.8369750976562,778.0789794921875,778.0748291015625,51396500000.0,XU100.IS,bist100
2016-12-21,779.8870239257812,782.0349731445312,775.5850219726562,776.1950073242188,776.19091796875,48443470000.0,XU100.IS,bist100
2016-12-22,777.4000244140625,778.6710205078125,772.510009765625,774.0469970703125,774.0429077148438,54950120000.0,XU100.IS,bist100
2016-12-23,774.4340209960938,775.8880004882812,769.0260009765625,769.7219848632812,769.7178955078125,42139670000.0,XU100.IS,bist100
2016-12-26,770.8599853515625,772.572021484375,770.2849731445312,770.2849731445312,770.2808837890625,19184310000.0,XU100.IS,bist100
2016-12-27,771.6439819335938,772.6589965820312,765.927001953125,766.9940185546875,766.9899291992188,35502920000.0,XU100.IS,bist100
2016-12-28,766.8770141601562,775.4910278320312,765.1430053710938,775.4769897460938,775.472900390625,43577400000.0,XU100.IS,bist100
2016-12-29,775.0419921875,779.5349731445312,774.5789794921875,778.3590087890625,778.3548583984375,40515480000.0,XU100.IS,bist100
2016-12-30,779.594970703125,783.718994140625,777.6539916992188,781.3870239257812,781.3828735351562,37037220000.0,XU100.IS,bist100
2017-01-02,779.072021484375,779.6909790039062,775.7009887695312,777.5449829101562,777.5408325195312,31634560000.0,XU100.IS,bist100
2017-01-03,778.6699829101562,779.5189819335938,766.1820068359375,766.1820068359375,766.1779174804688,71331900000.0,XU100.IS,bist100
2017-01-04,768.0599975585938,770.2219848632812,758.3660278320312,761.4359741210938,761.4319458007812,59723080000.0,XU100.IS,bist100
2017-01-05,763.864013671875,768.0859985351562,756.5679931640625,763.8629760742188,763.8589477539062,80889000000.0,XU100.IS,bist100
2017-01-06,762.5989990234375,771.5020141601562,761.4509887695312,771.0659790039062,771.0618896484375,51223070000.0,XU100.IS,bist100
2017-01-09,767.8690185546875,776.3489990234375,766.364013671875,773.9439697265625,773.9398803710938,52043980000.0,XU100.IS,bist100
2017-01-10,771.9580078125,777.3319702148438,771.4169921875,773.93701171875,773.9329223632812,77150610000.0,XU100.IS,bist100
2017-01-11,771.0009765625,778.0689697265625,766.5029907226562,776.666015625,776.661865234375,82219660000.0,XU100.IS,bist100
2017-01-12,779.9240112304688,810.9030151367188,778.9970092773438,808.9099731445312,808.9057006835938,145450800000.0,XU100.IS,bist100
2017-01-13,807.8300170898438,816.4219970703125,803.5889892578125,815.2429809570312,815.2386474609375,114489330000.0,XU100.IS,bist100
2017-01-16,816.625,821.6010131835938,813.4500122070312,817.1170043945312,817.1126708984375,83562460000.0,XU100.IS,bist100
2017-01-17,821.0339965820312,825.4089965820312,816.5709838867188,823.6279907226562,823.6235961914062,97538400000.0,XU100.IS,bist100
2017-01-18,825.1079711914062,828.9520263671875,821.1939697265625,827.7930297851562,827.7886352539062,101651760000.0,XU100.IS,bist100
2017-01-19,829.6409912109375,833.177001953125,820.2839965820312,823.0029907226562,822.9985961914062,91425540000.0,XU100.IS,bist100
2017-01-20,823.510009765625,832.6199951171875,819.9719848632812,830.6719970703125,830.6676025390625,74100120000.0,XU100.IS,bist100
2017-01-23,834.2949829101562,835.7559814453125,828.9979858398438,830.47802734375,830.4736328125,74262520000.0,XU100.IS,bist100
2017-01-24,831.958984375,842.6220092773438,828.802001953125,842.0789794921875,842.0745239257812,96562040000.0,XU100.IS,bist100
2017-01-25,841.2940063476562,842.780029296875,828.1119995117188,831.2830200195312,831.2786254882812,84909810000.0,XU100.IS,bist100
2017-01-26,834.18798828125,840.2529907226562,829.2260131835938,838.2650146484375,838.2605590820312,77382440000.0,XU100.IS,bist100
2017-01-27,835.7899780273438,842.093017578125,834.416015625,838.2739868164062,838.26953125,71039710000.0,XU100.IS,bist100
2017-01-30,836.7009887695312,862.7979736328125,836.5050048828125,862.375,862.3704223632812,111707050000.0,XU100.IS,bist100
2017-01-31,862.93798828125,867.1710205078125,859.2509765625,862.9569702148438,862.952392578125,106063240000.0,XU100.IS,bist100
2017-02-01,863.9000244140625,869.2009887695312,860.0089721679688,868.47998046875,868.4754028320312,83129700000.0,XU100.IS,bist100
2017-02-02,871.6690063476562,876.7509765625,868.1929931640625,873.9420166015625,873.9373779296875,111407270000.0,XU100.IS,bist100
2017-02-03,873.4299926757812,883.89501953125,870.4749755859375,883.89501953125,883.8903198242188,95638610000.0,XU100.IS,bist100
2017-02-06,891.219970703125,895.3779907226562,873.39599609375,873.5789794921875,873.5743408203125,111407980000.0,XU100.IS,bist100
2017-02-07,871.5479736328125,880.7529907226562,868.7730102539062,874.7670288085938,874.7623901367188,90315940000.0,XU100.IS,bist100
2017-02-08,875.989990234375,883.864990234375,873.1640014648438,882.4910278320312,882.486328125,87010970000.0,XU100.IS,bist100
2017-02-09,883.8300170898438,890.051025390625,878.4650268554688,888.302001953125,888.2973022460938,96619520000.0,XU100.IS,bist100
2017-02-10,891.198974609375,893.7009887695312,873.1849975585938,874.7329711914062,874.7283325195312,105808600000.0,XU100.IS,bist100
2017-02-13,877.3150024414062,888.1400146484375,875.2860107421875,885.7830200195312,885.7783203125,75341400000.0,XU100.IS,bist100
2017-02-14,888.4849853515625,888.7059936523438,875.0469970703125,880.822021484375,880.8173217773438,100470890000.0,XU100.IS,bist100
2017-02-15,882.9429931640625,885.3989868164062,877.260986328125,878.8200073242188,878.8153686523438,77342050000.0,XU100.IS,bist100
2017-02-16,882.4609985351562,884.6389770507812,879.9749755859375,881.8690185546875,881.8643188476562,64168480000.0,XU100.IS,bist100
2017-02-17,881.3480224609375,889.9840087890625,880.697021484375,888.3040161132812,888.29931640625,63240700000.0,XU100.IS,bist100
2017-02-20,894.5869750976562,895.8330078125,884.6790161132812,885.8770141601562,885.872314453125,70997920000.0,XU100.IS,bist100
2017-02-21,887.197998046875,892.8259887695312,887.197998046875,889.6510009765625,889.6463012695312,62671880000.0,XU100.IS,bist100
2017-02-22,888.3330078125,890.9530029296875,874.6710205078125,885.31298828125,885.3082885742188,70556290000.0,XU100.IS,bist100
2017-02-23,888.5130004882812,892.7080078125,887.3660278320312,891.3839721679688,891.3792724609375,67073540000.0,XU100.IS,bist100
2017-02-24,892.02001953125,892.4249877929688,878.927001953125,882.5850219726562,882.580322265625,63898410000.0,XU100.IS,bist100
2017-02-27,884.1669921875,885.4730224609375,877.0599975585938,877.6539916992188,877.6493530273438,52302250000.0,XU100.IS,bist100
2017-02-28,877.4099731445312,880.1339721679688,872.4500122070312,874.7830200195312,874.7783813476562,84808970000.0,XU100.IS,bist100
2017-03-01,877.2009887695312,893.4409790039062,876.3889770507812,893.2030029296875,893.1982421875,97189860000.0,XU100.IS,bist100
2017-03-02,894.6010131835938,900.4329833984375,894.1740112304688,899.3389892578125,899.334228515625,83571990000.0,XU100.IS,bist100
2017-03-03,898.531982421875,898.7979736328125,893.6530151367188,897.2210083007812,897.2162475585938,80250780000.0,XU100.IS,bist100
2017-03-06,900.6519775390625,914.3779907226562,900.6519775390625,910.4500122070312,910.4451904296875,74303110000.0,XU100.IS,bist100
2017-03-07,913.8060302734375,914.2219848632812,906.2130126953125,908.135986328125,908.1311645507812,79734610000.0,XU100.IS,bist100
2017-03-08,908.81201171875,909.6680297851562,891.364013671875,894.8489990234375,894.84423828125,89550000000.0,XU100.IS,bist100
2017-03-09,891.9619750976562,894.93701171875,886.4860229492188,890.0260009765625,890.0213012695312,68516030000.0,XU100.IS,bist100
2017-03-10,893.31298828125,899.2490234375,893.2429809570312,896.114013671875,896.1092529296875,57810630000.0,XU100.IS,bist100
2017-03-13,895.5059814453125,896.7459716796875,889.2109985351562,894.2969970703125,894.292236328125,59354220000.0,XU100.IS,bist100
2017-03-14,895.7249755859375,896.1010131835938,890.947021484375,891.364990234375,891.3602905273438,64124490000.0,XU100.IS,bist100
2017-03-15,893.7260131835938,900.1380004882812,893.7260131835938,894.4559936523438,894.4512329101562,67108110000.0,XU100.IS,bist100
2017-03-16,903.4829711914062,908.2869873046875,901.3779907226562,902.6829833984375,902.67822265625,74018320000.0,XU100.IS,bist100
2017-03-17,905.3510131835938,908.43701171875,901.0230102539062,904.9140014648438,904.9091796875,67695120000.0,XU100.IS,bist100
2017-03-20,902.6160278320312,909.02099609375,901.3209838867188,909.02099609375,909.0161743164062,59785590000.0,XU100.IS,bist100
2017-03-21,911.85302734375,914.969970703125,904.4010009765625,906.0650024414062,906.0601806640625,92436010000.0,XU100.IS,bist100
2017-03-22,899.823974609375,901.822021484375,892.7739868164062,898.0910034179688,898.0862426757812,86769860000.0,XU100.IS,bist100
2017-03-23,901.2109985351562,901.9359741210938,896.0130004882812,897.6409912109375,897.63623046875,65308260000.0,XU100.IS,bist100
2017-03-24,898.6950073242188,903.8270263671875,896.573974609375,903.8270263671875,903.8222045898438,55966760000.0,XU100.IS,bist100
2017-03-27,902.906982421875,903.9030151367188,895.14501953125,896.9509887695312,896.9462280273438,66597820000.0,XU100.IS,bist100
2017-03-28,901.3480224609375,903.385986328125,898.4639892578125,901.8170166015625,901.812255859375,63122220000.0,XU100.IS,bist100
2017-03-29,892.426025390625,895.0399780273438,888.1859741210938,892.697021484375,892.6922607421875,71720170000.0,XU100.IS,bist100
2017-03-30,894.2769775390625,896.5079956054688,891.1290283203125,892.822998046875,892.8182373046875,56214120000.0,XU100.IS,bist100
2017-03-31,892.8400268554688,895.72998046875,888.8690185546875,889.4739990234375,889.4692993164062,65192110000.0,XU100.IS,bist100
2017-04-03,890.2050170898438,890.697021484375,885.77001953125,886.6950073242188,886.6903076171875,46118140000.0,XU100.IS,bist100
2017-04-04,880.5809936523438,887.5289916992188,879.9769897460938,886.1259765625,886.1212768554688,51185110000.0,XU100.IS,bist100
2017-04-05,881.9929809570312,890.375,881.2990112304688,890.375,890.3703002929688,63958180000.0,XU100.IS,bist100
2017-04-06,885.8049926757812,888.9600219726562,885.2760009765625,886.7899780273438,886.7852783203125,58523800000.0,XU100.IS,bist100
2017-04-07,883.6430053710938,888.4080200195312,883.5120239257812,884.9730224609375,884.9683227539062,59780690000.0,XU100.IS,bist100
2017-04-10,887.6580200195312,913.4310302734375,887.3079833984375,912.405029296875,912.4002075195312,94548660000.0,XU100.IS,bist100
2017-04-11,913.0399780273438,918.3200073242188,908.364013671875,909.0449829101562,909.0401611328125,83949860000.0,XU100.IS,bist100
2017-04-12,912.5640258789062,915.427978515625,909.52197265625,909.52197265625,909.5171508789062,74009580000.0,XU100.IS,bist100
2017-04-13,912.0070190429688,912.8469848632812,897.3560180664062,898.7069702148438,898.7022094726562,70320880000.0,XU100.IS,bist100
2017-04-14,896.8099975585938,905.6599731445312,893.4749755859375,900.6370239257812,900.6322631835938,50236470000.0,XU100.IS,bist100
2017-04-17,907.31298828125,909.9190063476562,900.5239868164062,906.5380249023438,906.533203125,67589600000.0,XU100.IS,bist100
2017-04-18,904.72998046875,919.822998046875,903.9719848632812,913.7379760742188,913.733154296875,81023340000.0,XU100.IS,bist100
2017-04-19,915.8280029296875,918.8870239257812,904.343017578125,908.041015625,908.0361938476562,94765740000.0,XU100.IS,bist100
2017-04-20,911.6589965820312,921.166015625,911.4810180664062,920.3939819335938,920.3890991210938,77613690000.0,XU100.IS,bist100
2017-04-21,926.5170288085938,929.093017578125,923.2650146484375,924.239013671875,924.234130859375,71967720000.0,XU100.IS,bist100
2017-04-24,929.2000122070312,938.0280151367188,927.7069702148438,938.0280151367188,938.0230102539062,84944220000.0,XU100.IS,bist100
2017-04-25,942.1740112304688,946.3489990234375,931.8820190429688,946.3489990234375,946.343994140625,93383170000.0,XU100.IS,bist100
2017-04-26,946.7319946289062,950.3900146484375,942.843994140625,945.2230224609375,945.218017578125,89969110000.0,XU100.IS,bist100
2017-04-27,946.9840087890625,951.9650268554688,942.0700073242188,942.8250122070312,942.8200073242188,76128500000.0,XU100.IS,bist100
2017-04-28,944.22802734375,949.6519775390625,939.4600219726562,946.552978515625,946.5479736328125,76338180000.0,XU100.IS,bist100
2017-05-02,949.9400024414062,953.5880126953125,943.1199951171875,943.5590209960938,943.5540161132812,72314030000.0,XU100.IS,bist100
2017-05-03,943.9639892578125,946.6519775390625,936.5540161132812,938.6270141601562,938.6220092773438,73587060000.0,XU100.IS,bist100
2017-05-04,937.0700073242188,940.7310180664062,929.9979858398438,930.385009765625,930.3800659179688,78845190000.0,XU100.IS,bist100
2017-05-05,931.1370239257812,941.0679931640625,931.1370239257812,939.2839965820312,939.2789916992188,77815150000.0,XU100.IS,bist100
2017-05-08,943.3259887695312,945.3090209960938,937.1719970703125,938.3270263671875,938.322021484375,81506130000.0,XU100.IS,bist100
2017-05-09,938.4539794921875,953.4749755859375,936.7329711914062,953.2340087890625,953.2289428710938,83136110000.0,XU100.IS,bist100
2017-05-10,951.14697265625,961.9420166015625,949.68798828125,961.9420166015625,961.9368896484375,97104430000.0,XU100.IS,bist100
2017-05-11,964.7369995117188,964.9099731445312,950.155029296875,951.1409912109375,951.1359252929688,92987320000.0,XU100.IS,bist100
2017-05-12,952.864990234375,957.4240112304688,946.843994140625,949.9639892578125,949.9589233398438,78160620000.0,XU100.IS,bist100
2017-05-15,955.6929931640625,958.2459716796875,952.1019897460938,955.8779907226562,955.8729248046875,61100300000.0,XU100.IS,bist100
2017-05-16,960.135986328125,963.5750122070312,957.1610107421875,961.614990234375,961.60986328125,89454740000.0,XU100.IS,bist100
2017-05-17,959.1510009765625,966.2919921875,953.9669799804688,957.25,957.2449340820312,114132290000.0,XU100.IS,bist100
2017-05-18,954.6950073242188,956.2839965820312,943.6370239257812,951.4730224609375,951.4679565429688,93246300000.0,XU100.IS,bist100
2017-05-22,958.552978515625,964.6849975585938,958.552978515625,964.0,963.994873046875,91437680000.0,XU100.IS,bist100
2017-05-23,962.3289794921875,977.7630004882812,961.4299926757812,977.1749877929688,977.1697998046875,99576080000.0,XU100.IS,bist100
2017-05-24,977.333984375,987.948974609375,977.0070190429688,983.1380004882812,983.1328125,123345180000.0,XU100.IS,bist100
2017-05-25,982.0089721679688,982.2219848632812,973.93701171875,977.1290283203125,977.1238403320312,111520080000.0,XU100.IS,bist100
2017-05-26,977.343994140625,979.8820190429688,971.7750244140625,975.3330078125,975.3278198242188,85096330000.0,XU100.IS,bist100
2017-05-29,976.9550170898438,981.8179931640625,974.6170043945312,977.260009765625,977.2548217773438,58282780000.0,XU100.IS,bist100
2017-05-30,978.302978515625,979.5809936523438,971.468994140625,973.4760131835938,973.4708251953125,86935540000.0,XU100.IS,bist100
2017-05-31,978.3599853515625,984.4439697265625,974.1339721679688,975.416015625,975.4108276367188,99967010000.0,XU100.IS,bist100
2017-06-01,978.5380249023438,978.7620239257812,969.2589721679688,973.6580200195312,973.65283203125,80498040000.0,XU100.IS,bist100
2017-06-02,981.031982421875,988.6790161132812,979.9299926757812,988.6790161132812,988.6737670898438,70849430000.0,XU100.IS,bist100
2017-06-05,991.5050048828125,992.781005859375,978.5960083007812,981.9199829101562,981.914794921875,93059870000.0,XU100.IS,bist100
2017-06-06,982.135009765625,985.5659790039062,977.4010009765625,983.3150024414062,983.309814453125,84793900000.0,XU100.IS,bist100
2017-06-07,984.4929809570312,987.8660278320312,974.697998046875,976.1649780273438,976.1597900390625,99794490000.0,XU100.IS,bist100
2017-06-08,979.1209716796875,980.5020141601562,975.52001953125,979.7750244140625,979.7698364257812,75209360000.0,XU100.IS,bist100
2017-06-09,984.0399780273438,992.77099609375,984.0399780273438,989.4290161132812,989.4237670898438,81532270000.0,XU100.IS,bist100
2017-06-12,989.1510009765625,997.072998046875,989.0059814453125,994.4210205078125,994.415771484375,84313910000.0,XU100.IS,bist100
2017-06-13,997.4210205078125,1000.0079956054688,988.8800048828125,992.9970092773438,992.9917602539062,96232950000.0,XU100.IS,bist100
2017-06-14,994.760009765625,999.2080078125,990.9550170898438,996.3629760742188,996.357666015625,104299300000.0,XU100.IS,bist100
2017-06-15,991.8099975585938,992.6259765625,984.9190063476562,987.3699951171875,987.36474609375,79480320000.0,XU100.IS,bist100
2017-06-16,987.5770263671875,990.218994140625,979.302001953125,981.926025390625,981.9208374023438,63755490000.0,XU100.IS,bist100
2017-06-19,987.3599853515625,993.3209838867188,987.3599853515625,993.3209838867188,993.3157348632812,80496230000.0,XU100.IS,bist100
2017-06-20,996.656982421875,998.5289916992188,990.4180297851562,992.6929931640625,992.687744140625,72003860000.0,XU100.IS,bist100
2017-06-21,991.802978515625,996.5189819335938,987.2319946289062,993.9010009765625,993.895751953125,68196940000.0,XU100.IS,bist100
2017-06-22,998.0070190429688,1001.0679931640625,995.0789794921875,1000.7219848632812,1000.7166748046875,67768960000.0,XU100.IS,bist100
2017-06-23,1001.7969970703125,1002.656005859375,996.010986328125,996.3870239257812,996.3817138671875,60543120000.0,XU100.IS,bist100
2017-06-28,994.3909912109375,1006.177001953125,994.1859741210938,1006.177001953125,1006.1716918945312,80326240000.0,XU100.IS,bist100
2017-06-29,1009.1680297851562,1009.905029296875,1000.0919799804688,1001.9030151367188,1001.897705078125,81541600000.0,XU100.IS,bist100
2017-06-30,1000.3250122070312,1007.781005859375,998.2559814453125,1004.4039916992188,1004.398681640625,76950630000.0,XU100.IS,bist100
2017-07-03,1006.3930053710938,1009.5780029296875,1004.385009765625,1005.2230224609375,1005.2177124023438,67110200000.0,XU100.IS,bist100
2017-07-04,1005.3909912109375,1012.4580078125,1004.4920043945312,1012.0780029296875,1012.0726318359375,84724190000.0,XU100.IS,bist100
2017-07-05,1012.9630126953125,1014.156982421875,1007.4450073242188,1007.4450073242188,1007.4396362304688,72533530000.0,XU100.IS,bist100
2017-07-06,1008.552978515625,1013.31298828125,1003.197998046875,1006.27001953125,1006.2647094726562,96915160000.0,XU100.IS,bist100
2017-07-07,1007.1799926757812,1008.3870239257812,1000.843994140625,1000.843994140625,1000.8386840820312,55399050000.0,XU100.IS,bist100
2017-07-10,1005.8909912109375,1011.8140258789062,1005.8909912109375,1010.9719848632812,1010.9666137695312,53562880000.0,XU100.IS,bist100
2017-07-11,1011.3460083007812,1035.5860595703125,1010.2319946289062,1031.8260498046875,1031.820556640625,111639160000.0,XU100.IS,bist100
2017-07-12,1031.8570556640625,1042.8330078125,1030.529052734375,1038.0980224609375,1038.092529296875,100478570000.0,XU100.IS,bist100
2017-07-13,1039.4219970703125,1049.1510009765625,1037.7320556640625,1042.10205078125,1042.0965576171875,84462270000.0,XU100.IS,bist100
2017-07-14,1044.2149658203125,1051.9969482421875,1043.0670166015625,1051.7569580078125,1051.7513427734375,68960820000.0,XU100.IS,bist100
2017-07-17,1053.6240234375,1064.02197265625,1051.97998046875,1062.1700439453125,1062.1644287109375,79097030000.0,XU100.IS,bist100
2017-07-18,1062.2989501953125,1062.446044921875,1055.8599853515625,1057.1829833984375,1057.1773681640625,70831200000.0,XU100.IS,bist100
2017-07-19,1061.4410400390625,1075.6400146484375,1061.4410400390625,1074.175048828125,1074.1693115234375,95471920000.0,XU100.IS,bist100
2017-07-20,1076.0860595703125,1077.498046875,1066.2850341796875,1067.35595703125,1067.350341796875,93282050000.0,XU100.IS,bist100
2017-07-21,1064.7149658203125,1071.865966796875,1060.508056640625,1068.427978515625,1068.42236328125,79424180000.0,XU100.IS,bist100
2017-07-24,1072.1290283203125,1075.0830078125,1065.7490234375,1067.10498046875,1067.099365234375,77466430000.0,XU100.IS,bist100
2017-07-25,1070.779052734375,1075.198974609375,1069.574951171875,1070.406982421875,1070.4012451171875,81911110000.0,XU100.IS,bist100
2017-07-26,1072.0589599609375,1075.8800048828125,1070.0810546875,1072.06201171875,1072.0562744140625,86531380000.0,XU100.IS,bist100
2017-07-27,1078.0780029296875,1086.0550537109375,1078.0780029296875,1083.9169921875,1083.9112548828125,104177780000.0,XU100.IS,bist100
2017-07-28,1082.988037109375,1082.988037109375,1075.77294921875,1076.9969482421875,1076.9912109375,93962580000.0,XU100.IS,bist100
2017-07-31,1079.2060546875,1081.8380126953125,1073.8809814453125,1075.31396484375,1075.3082275390625,83369650000.0,XU100.IS,bist100
2017-08-01,1078.8499755859375,1079.988037109375,1060.9239501953125,1061.4739990234375,1061.4683837890625,101064470000.0,XU100.IS,bist100
2017-08-02,1063.4320068359375,1068.3909912109375,1059.760009765625,1065.2540283203125,1065.2484130859375,89629450000.0,XU100.IS,bist100
2017-08-03,1070.675048828125,1073.949951171875,1068.927001953125,1071.5379638671875,1071.5322265625,83386180000.0,XU100.IS,bist100
2017-08-04,1073.1519775390625,1086.4859619140625,1072.8690185546875,1085.4530029296875,1085.447265625,82846910000.0,XU100.IS,bist100
2017-08-07,1091.051025390625,1099.47900390625,1091.051025390625,1097.81103515625,1097.80517578125,94209020000.0,XU100.IS,bist100
2017-08-08,1100.0970458984375,1103.218017578125,1094.342041015625,1096.3909912109375,1096.3851318359375,110924520000.0,XU100.IS,bist100
2017-08-09,1093.1719970703125,1093.1719970703125,1084.9720458984375,1087.14599609375,1087.1402587890625,103378950000.0,XU100.IS,bist100
2017-08-10,1089.3509521484375,1094.1519775390625,1078.0040283203125,1078.0040283203125,1077.998291015625,91839060000.0,XU100.IS,bist100
2017-08-11,1074.0379638671875,1075.3360595703125,1060.7550048828125,1069.6309814453125,1069.6253662109375,111140950000.0,XU100.IS,bist100
2017-08-14,1079.0699462890625,1096.08203125,1079.0699462890625,1095.3740234375,1095.3681640625,135935950000.0,XU100.IS,bist100
2017-08-15,1100.14501953125,1102.324951171875,1069.133056640625,1069.133056640625,1069.12744140625,162396010000.0,XU100.IS,bist100
2017-08-16,1071.22705078125,1079.2449951171875,1049.39404296875,1068.6199951171875,1068.6143798828125,141078130000.0,XU100.IS,bist100
2017-08-17,1074.0980224609375,1076.758056640625,1064.1240234375,1068.2530517578125,1068.2474365234375,113239910000.0,XU100.IS,bist100
2017-08-18,1063.89697265625,1072.68603515625,1059.217041015625,1072.0240478515625,1072.018310546875,122656930000.0,XU100.IS,bist100
2017-08-21,1072.3480224609375,1088.780029296875,1068.0030517578125,1086.1490478515625,1086.143310546875,110830810000.0,XU100.IS,bist100
2017-08-22,1089.843017578125,1092.4739990234375,1083.2550048828125,1085.9449462890625,1085.939208984375,108887370000.0,XU100.IS,bist100
2017-08-23,1087.2740478515625,1092.4759521484375,1086.4510498046875,1089.5269775390625,1089.521240234375,98861380000.0,XU100.IS,bist100
2017-08-24,1091.884033203125,1101.33203125,1090.2760009765625,1091.5389404296875,1091.533203125,96363710000.0,XU100.IS,bist100
2017-08-25,1092.241943359375,1102.300048828125,1090.6099853515625,1097.551025390625,1097.545166015625,69847590000.0,XU100.IS,bist100
2017-08-28,1101.7530517578125,1105.3079833984375,1099.31494140625,1103.4000244140625,1103.3941650390625,64284940000.0,XU100.IS,bist100
2017-08-29,1102.248046875,1104.23095703125,1094.447021484375,1104.23095703125,1104.22509765625,94933280000.0,XU100.IS,bist100
2017-08-31,1104.822021484375,1105.176025390625,1099.5400390625,1100.10498046875,1100.09912109375,35230100000.0,XU100.IS,bist100
2017-09-05,1103.490966796875,1104.39697265625,1087.363037109375,1088.72998046875,1088.7242431640625,98931280000.0,XU100.IS,bist100
2017-09-06,1089.64697265625,1098.7320556640625,1086.373046875,1096.1180419921875,1096.1121826171875,103433130000.0,XU100.IS,bist100
2017-09-07,1096.116943359375,1101.0439453125,1091.5789794921875,1097.4300537109375,1097.4241943359375,126283260000.0,XU100.IS,bist100
2017-09-08,1098.4990234375,1099.9720458984375,1081.1739501953125,1084.5169677734375,1084.51123046875,116084980000.0,XU100.IS,bist100
2017-09-11,1090.29296875,1098.6519775390625,1089.5780029296875,1094.5799560546875,1094.5740966796875,108756970000.0,XU100.IS,bist100
2017-09-12,1095.7340087890625,1097.35400390625,1086.9110107421875,1091.2969970703125,1091.291259765625,103946140000.0,XU100.IS,bist100
2017-09-13,1091.4859619140625,1095.0179443359375,1081.5550537109375,1081.5550537109375,1081.54931640625,94567590000.0,XU100.IS,bist100
2017-09-14,1082.6490478515625,1087.93505859375,1074.489990234375,1082.4420166015625,1082.436279296875,117548960000.0,XU100.IS,bist100
2017-09-15,1083.428955078125,1085.345947265625,1077.4169921875,1077.4169921875,1077.4112548828125,72755080000.0,XU100.IS,bist100
2017-09-18,1080.1689453125,1080.739013671875,1065.345947265625,1065.345947265625,1065.34033203125,90081890000.0,XU100.IS,bist100
2017-09-19,1065.10595703125,1067.33203125,1046.2039794921875,1049.177978515625,1049.17236328125,104446620000.0,XU100.IS,bist100
2017-09-20,1052.9210205078125,1055.926025390625,1045.7879638671875,1053.237060546875,1053.2314453125,77271590000.0,XU100.IS,bist100
2017-09-21,1050.009033203125,1054.2640380859375,1038.3690185546875,1040.011962890625,1040.0064697265625,73354190000.0,XU100.IS,bist100
2017-09-22,1044.5870361328125,1047.136962890625,1034.1180419921875,1041.22900390625,1041.2235107421875,74769500000.0,XU100.IS,bist100
2017-09-25,1036.7679443359375,1036.7679443359375,1017.52001953125,1022.7020263671875,1022.6965942382812,101941390000.0,XU100.IS,bist100
2017-09-26,1028.487060546875,1041.3680419921875,1024.0899658203125,1039.29296875,1039.2874755859375,80682740000.0,XU100.IS,bist100
2017-09-27,1039.33203125,1040.3570556640625,1012.1829833984375,1012.1829833984375,1012.1776123046875,93969120000.0,XU100.IS,bist100
2017-09-28,1011.5020141601562,1029.3699951171875,1009.8720092773438,1026.510986328125,1026.5054931640625,80104190000.0,XU100.IS,bist100
2017-09-29,1030.385986328125,1033.199951171875,1022.4290161132812,1029.0770263671875,1029.071533203125,79693750000.0,XU100.IS,bist100
2017-10-02,1029.343994140625,1040.6309814453125,1028.8349609375,1039.3070068359375,1039.301513671875,71698750000.0,XU100.IS,bist100
2017-10-03,1039.97900390625,1044.8819580078125,1034.217041015625,1039.0760498046875,1039.070556640625,96125070000.0,XU100.IS,bist100
2017-10-04,1042.7469482421875,1049.115966796875,1040.9520263671875,1045.47900390625,1045.4735107421875,100642130000.0,XU100.IS,bist100
2017-10-05,1047.9549560546875,1050.47705078125,1042.0389404296875,1043.343017578125,1043.3375244140625,86636430000.0,XU100.IS,bist100
2017-10-06,1041.779052734375,1042.3800048828125,1035.4410400390625,1041.375,1041.3695068359375,73510650000.0,XU100.IS,bist100
2017-10-09,1003.2440185546875,1012.97998046875,992.10302734375,1012.97998046875,1012.974609375,111296930000.0,XU100.IS,bist100
2017-10-10,1024.9410400390625,1035.760009765625,1021.97998046875,1033.93994140625,1033.9344482421875,85006680000.0,XU100.IS,bist100
2017-10-11,1031.4520263671875,1047.364013671875,1027.865966796875,1038.1600341796875,1038.154541015625,108533130000.0,XU100.IS,bist100
2017-10-12,1050.4530029296875,1059.322998046875,1045.864013671875,1059.322998046875,1059.3173828125,78096080000.0,XU100.IS,bist100
2017-10-13,1060.988037109375,1065.9849853515625,1053.3990478515625,1062.2569580078125,1062.2513427734375,80983740000.0,XU100.IS,bist100
2017-10-16,1065.5460205078125,1070.0999755859375,1060.883056640625,1064.7449951171875,1064.7393798828125,79273410000.0,XU100.IS,bist100
2017-10-17,1066.6810302734375,1076.780029296875,1065.7099609375,1069.9090576171875,1069.9034423828125,83856540000.0,XU100.IS,bist100
2017-10-18,1074.845947265625,1075.7950439453125,1067.3070068359375,1069.2640380859375,1069.2584228515625,84591420000.0,XU100.IS,bist100
2017-10-19,1074.0400390625,1084.5579833984375,1072.3289794921875,1084.3360595703125,1084.330322265625,77077980000.0,XU100.IS,bist100
2017-10-20,1087.60400390625,1092.72998046875,1079.177001953125,1084.886962890625,1084.8812255859375,99393690000.0,XU100.IS,bist100
2017-10-23,1081.675048828125,1081.675048828125,1073.032958984375,1073.032958984375,1073.0272216796875,74747270000.0,XU100.IS,bist100
2017-10-24,1076.0340576171875,1079.948974609375,1071.343017578125,1072.06298828125,1072.0572509765625,80325410000.0,XU100.IS,bist100
2017-10-25,1075.60498046875,1084.8570556640625,1075.60498046875,1083.5479736328125,1083.542236328125,78897810000.0,XU100.IS,bist100
2017-10-26,1082.9320068359375,1088.4749755859375,1073.3480224609375,1073.3480224609375,1073.34228515625,81394710000.0,XU100.IS,bist100
2017-10-27,1070.9649658203125,1080.758056640625,1069.321044921875,1078.8399658203125,1078.834228515625,94720420000.0,XU100.IS,bist100
2017-10-30,1087.8179931640625,1090.748046875,1082.9449462890625,1084.66796875,1084.6622314453125,79660550000.0,XU100.IS,bist100
2017-10-31,1087.2239990234375,1101.426025390625,1084.928955078125,1101.426025390625,1101.420166015625,121183160000.0,XU100.IS,bist100
2017-11-01,1105.1290283203125,1135.01904296875,1102.2550048828125,1130.2430419921875,1130.237060546875,193596530000.0,XU100.IS,bist100
2017-11-02,1142.5799560546875,1145.39794921875,1126.0970458984375,1129.948974609375,1129.9429931640625,179367350000.0,XU100.IS,bist100
2017-11-03,1130.697998046875,1134.886962890625,1105.760009765625,1112.927978515625,1112.922119140625,135935650000.0,XU100.IS,bist100
2017-11-06,1119.1419677734375,1150.9329833984375,1117.6729736328125,1141.656982421875,1141.65087890625,119156530000.0,XU100.IS,bist100
2017-11-07,1144.4189453125,1146.655029296875,1122.718994140625,1122.718994140625,1122.7130126953125,119433360000.0,XU100.IS,bist100
2017-11-08,1128.4820556640625,1130.1810302734375,1107.5870361328125,1118.9449462890625,1118.93896484375,131510980000.0,XU100.IS,bist100
2017-11-09,1122.10302734375,1124.9840087890625,1099.1949462890625,1102.4649658203125,1102.4591064453125,112460050000.0,XU100.IS,bist100
2017-11-10,1104.73095703125,1106.6199951171875,1087.1259765625,1089.4940185546875,1089.48828125,94590790000.0,XU100.IS,bist100
2017-11-13,1096.3809814453125,1098.887939453125,1080.1099853515625,1088.595947265625,1088.5902099609375,97872340000.0,XU100.IS,bist100
2017-11-14,1089.52197265625,1106.864990234375,1081.60400390625,1101.4849853515625,1101.4791259765625,108431110000.0,XU100.IS,bist100
2017-11-15,1099.97705078125,1107.052978515625,1077.10302734375,1077.1650390625,1077.1593017578125,112568230000.0,XU100.IS,bist100
2017-11-16,1080.2879638671875,1089.281982421875,1068.1519775390625,1069.7669677734375,1069.7613525390625,102436960000.0,XU100.IS,bist100
2017-11-17,1074.68505859375,1076.863037109375,1056.2430419921875,1062.39501953125,1062.389404296875,91856710000.0,XU100.IS,bist100
2017-11-20,1063.9930419921875,1063.9930419921875,1036.0059814453125,1039.1190185546875,1039.113525390625,93030870000.0,XU100.IS,bist100
2017-11-21,1031.4620361328125,1054.404052734375,1030.1650390625,1052.677978515625,1052.67236328125,104646950000.0,XU100.IS,bist100
2017-11-22,1053.5670166015625,1061.4510498046875,1036.7740478515625,1059.635986328125,1059.63037109375,108933100000.0,XU100.IS,bist100
2017-11-23,1063.8160400390625,1069.468994140625,1046.572998046875,1050.260986328125,1050.25537109375,87758000000.0,XU100.IS,bist100
2017-11-24,1047.2080078125,1052.906005859375,1043.0489501953125,1045.39404296875,1045.3885498046875,71971650000.0,XU100.IS,bist100
2017-11-27,1047.8740234375,1055.58203125,1040.6689453125,1047.5970458984375,1047.5914306640625,90906960000.0,XU100.IS,bist100
2017-11-28,1046.8719482421875,1061.8070068359375,1020.6799926757812,1020.6799926757812,1020.674560546875,107686990000.0,XU100.IS,bist100
2017-11-29,1022.9149780273438,1030.89599609375,1014.906982421875,1023.4180297851562,1023.41259765625,86536610000.0,XU100.IS,bist100
2017-11-30,1029.9510498046875,1042.60595703125,1025.9090576171875,1039.843994140625,1039.8385009765625,104715960000.0,XU100.IS,bist100
2017-12-01,1039.114013671875,1042.095947265625,1030.9510498046875,1035.5899658203125,1035.58447265625,71797430000.0,XU100.IS,bist100
2017-12-04,1033.5059814453125,1052.7490234375,1033.5059814453125,1052.1490478515625,1052.1434326171875,74980130000.0,XU100.IS,bist100
2017-12-05,1058.8900146484375,1067.6600341796875,1052.2060546875,1062.5999755859375,1062.5943603515625,102990590000.0,XU100.IS,bist100
2017-12-06,1064.3179931640625,1067.251953125,1050.7869873046875,1053.0389404296875,1053.0333251953125,85915080000.0,XU100.IS,bist100
2017-12-07,1055.8070068359375,1067.8609619140625,1051.60205078125,1064.4749755859375,1064.4693603515625,76876220000.0,XU100.IS,bist100
2017-12-08,1068.1910400390625,1081.822021484375,1066.2530517578125,1079.2130126953125,1079.207275390625,89337340000.0,XU100.IS,bist100
2017-12-11,1087.885009765625,1093.4169921875,1084.5760498046875,1091.56494140625,1091.5592041015625,91166070000.0,XU100.IS,bist100
2017-12-12,1090.8480224609375,1094.636962890625,1082.6669921875,1090.4949951171875,1090.4892578125,88956720000.0,XU100.IS,bist100
2017-12-13,1092.81103515625,1095.926025390625,1078.5169677734375,1081.531982421875,1081.5262451171875,87192710000.0,XU100.IS,bist100
2017-12-14,1089.7099609375,1099.5849609375,1080.4549560546875,1096.6639404296875,1096.6580810546875,105890690000.0,XU100.IS,bist100
2017-12-15,1095.7840576171875,1100.5069580078125,1089.27294921875,1093.302001953125,1093.296142578125,82366340000.0,XU100.IS,bist100
2017-12-18,1098.123046875,1108.365966796875,1097.864013671875,1102.47900390625,1102.47314453125,88980410000.0,XU100.IS,bist100
2017-12-19,1104.8909912109375,1111.6739501953125,1101.77099609375,1101.77099609375,1101.76513671875,110867800000.0,XU100.IS,bist100
2017-12-20,1102.3370361328125,1107.8570556640625,1096.282958984375,1104.5469970703125,1104.5411376953125,104403120000.0,XU100.IS,bist100
2017-12-21,1108.050048828125,1118.614990234375,1107.8499755859375,1112.719970703125,1112.714111328125,103988500000.0,XU100.IS,bist100
2017-12-22,1118.93896484375,1121.5670166015625,1110.0579833984375,1110.9949951171875,1110.9891357421875,81815310000.0,XU100.IS,bist100
2017-12-26,1121.3060302734375,1122.6109619140625,1116.64794921875,1120.0670166015625,1120.06103515625,74296450000.0,XU100.IS,bist100
2017-12-27,1118.6219482421875,1122.260986328125,1114.458984375,1121.4969482421875,1121.490966796875,75658220000.0,XU100.IS,bist100
2017-12-28,1125.1409912109375,1145.4239501953125,1125.1409912109375,1144.8050537109375,1144.7989501953125,88672490000.0,XU100.IS,bist100
2017-12-29,1147.083984375,1158.4019775390625,1143.782958984375,1153.3299560546875,1153.3238525390625,81893700000.0,XU100.IS,bist100
2018-01-02,1157.344970703125,1177.241943359375,1156.260986328125,1175.241943359375,1175.2357177734375,153932820000.0,XU100.IS,bist100
2018-01-03,1177.3900146484375,1183.9510498046875,1157.802001953125,1160.52197265625,1160.515869140625,173540830000.0,XU100.IS,bist100
2018-01-04,1160.68603515625,1172.5889892578125,1151.52294921875,1154.9119873046875,1154.9058837890625,140244490000.0,XU100.IS,bist100
2018-01-05,1161.5909423828125,1171.844970703125,1159.5069580078125,1166.3790283203125,1166.372802734375,108753330000.0,XU100.IS,bist100
2018-01-08,1175.1429443359375,1177.8370361328125,1162.2860107421875,1163.0450439453125,1163.038818359375,105440880000.0,XU100.IS,bist100
2018-01-09,1163.114013671875,1166.4720458984375,1149.4210205078125,1150.22802734375,1150.221923828125,116126060000.0,XU100.IS,bist100
2018-01-10,1148.123046875,1148.5660400390625,1128.843994140625,1135.89501953125,1135.8890380859375,124323020000.0,XU100.IS,bist100
2018-01-11,1143.2939453125,1147.18798828125,1130.5760498046875,1147.18798828125,1147.181884765625,132936720000.0,XU100.IS,bist100
2018-01-12,1150.6280517578125,1157.18701171875,1145.615966796875,1146.446044921875,1146.43994140625,116939860000.0,XU100.IS,bist100
2018-01-15,1142.863037109375,1154.529052734375,1121.592041015625,1121.592041015625,1121.5860595703125,148199600000.0,XU100.IS,bist100
2018-01-16,1117.083984375,1144.7550048828125,1111.073974609375,1144.1839599609375,1144.1778564453125,166953570000.0,XU100.IS,bist100
2018-01-17,1144.2960205078125,1166.302001953125,1137.0579833984375,1165.925048828125,1165.9188232421875,145810770000.0,XU100.IS,bist100
2018-01-18,1171.458984375,1177.5889892578125,1161.571044921875,1168.56005859375,1168.5538330078125,125881130000.0,XU100.IS,bist100
2018-01-19,1167.240966796875,1170.64599609375,1149.260986328125,1151.470947265625,1151.46484375,142610080000.0,XU100.IS,bist100
2018-01-22,1156.3919677734375,1172.4620361328125,1152.887939453125,1172.35498046875,1172.3487548828125,120065800000.0,XU100.IS,bist100
2018-01-23,1178.43603515625,1189.5579833984375,1174.9530029296875,1184.0009765625,1183.9947509765625,133769630000.0,XU100.IS,bist100
2018-01-24,1184.77294921875,1196.72998046875,1181.4849853515625,1196.4840087890625,1196.4776611328125,136146150000.0,XU100.IS,bist100
2018-01-25,1196.77099609375,1203.2049560546875,1185.873046875,1186.041015625,1186.03466796875,128574350000.0,XU100.IS,bist100
2018-01-26,1189.470947265625,1207.01904296875,1188.719970703125,1207.01904296875,1207.0126953125,122511260000.0,XU100.IS,bist100
2018-01-29,1213.4119873046875,1215.31494140625,1193.97998046875,1208.4530029296875,1208.446533203125,121156740000.0,XU100.IS,bist100
2018-01-30,1202.1409912109375,1209.4859619140625,1193.031005859375,1193.031005859375,1193.024658203125,130203870000.0,XU100.IS,bist100
2018-01-31,1196.7159423828125,1203.6109619140625,1192.3570556640625,1195.2879638671875,1195.2816162109375,110752820000.0,XU100.IS,bist100
2018-02-01,1200.1600341796875,1208.93994140625,1186.593994140625,1190.4439697265625,1190.4376220703125,109334210000.0,XU100.IS,bist100
2018-02-02,1193.344970703125,1195.85205078125,1177.927001953125,1181.1939697265625,1181.187744140625,82569460000.0,XU100.IS,bist100
2018-02-05,1177.2459716796875,1181.2120361328125,1165.876953125,1168.5269775390625,1168.520751953125,90966000000.0,XU100.IS,bist100
2018-02-06,1142.967041015625,1158.927978515625,1138.7569580078125,1154.572998046875,1154.56689453125,124198470000.0,XU100.IS,bist100
2018-02-07,1162.52001953125,1165.156982421875,1153.9210205078125,1155.7020263671875,1155.6959228515625,118230170000.0,XU100.IS,bist100
2018-02-08,1158.7490234375,1160.552001953125,1138.91796875,1142.635009765625,1142.62890625,109566120000.0,XU100.IS,bist100
2018-02-09,1131.4610595703125,1142.1219482421875,1125.0379638671875,1135.9029541015625,1135.89697265625,91910330000.0,XU100.IS,bist100
2018-02-12,1145.9310302734375,1154.155029296875,1145.241943359375,1148.2159423828125,1148.2098388671875,82144620000.0,XU100.IS,bist100
2018-02-13,1153.177978515625,1156.7010498046875,1144.3060302734375,1144.9449462890625,1144.9388427734375,82156620000.0,XU100.IS,bist100
2018-02-14,1153.2889404296875,1156.0660400390625,1132.488037109375,1134.550048828125,1134.5440673828125,85831910000.0,XU100.IS,bist100
2018-02-15,1146.4169921875,1162.9859619140625,1146.4169921875,1162.2559814453125,1162.249755859375,95128690000.0,XU100.IS,bist100
2018-02-16,1168.22900390625,1175.176025390625,1159.60400390625,1165.1099853515625,1165.103759765625,94816730000.0,XU100.IS,bist100
2018-02-19,1170.7469482421875,1175.219970703125,1154.573974609375,1158.8199462890625,1158.8138427734375,93578350000.0,XU100.IS,bist100
2018-02-20,1162.8699951171875,1169.2679443359375,1132.6800537109375,1134.3289794921875,1134.322998046875,108257980000.0,XU100.IS,bist100
2018-02-21,1150.2110595703125,1163.1600341796875,1147.4859619140625,1163.1600341796875,1163.15380859375,89103070000.0,XU100.IS,bist100
2018-02-22,1161.3809814453125,1169.93505859375,1154.0849609375,1168.4090576171875,1168.40283203125,88944150000.0,XU100.IS,bist100
2018-02-23,1174.39697265625,1178.5419921875,1170.3389892578125,1175.2149658203125,1175.208740234375,74363850000.0,XU100.IS,bist100
2018-02-26,1182.947021484375,1189.125,1182.2099609375,1187.9189453125,1187.91259765625,89354570000.0,XU100.IS,bist100
2018-02-27,1190.3380126953125,1192.16796875,1184.60400390625,1188.3160400390625,1188.3096923828125,92783260000.0,XU100.IS,bist100
2018-02-28,1184.281005859375,1192.4530029296875,1183.1429443359375,1189.508056640625,1189.501708984375,94511060000.0,XU100.IS,bist100
2018-03-01,1186.2969970703125,1191.14501953125,1173.987060546875,1176.321044921875,1176.3148193359375,106546790000.0,XU100.IS,bist100
2018-03-02,1173.22998046875,1175.9029541015625,1162.6519775390625,1168.592041015625,1168.5858154296875,81480540000.0,XU100.IS,bist100
2018-03-05,1170.3299560546875,1175.3089599609375,1165.9189453125,1169.4620361328125,1169.455810546875,71746000000.0,XU100.IS,bist100
2018-03-06,1175.739013671875,1177.2020263671875,1166.68798828125,1167.0989990234375,1167.0927734375,96646260000.0,XU100.IS,bist100
2018-03-07,1163.3079833984375,1169.89404296875,1159.2969970703125,1168.4239501953125,1168.417724609375,81265290000.0,XU100.IS,bist100
2018-03-08,1169.623046875,1173.9549560546875,1165.2010498046875,1165.6710205078125,1165.664794921875,69827590000.0,XU100.IS,bist100
2018-03-09,1169.27294921875,1172.4010009765625,1164.9539794921875,1169.14501953125,1169.1387939453125,82072250000.0,XU100.IS,bist100
2018-03-12,1177.0400390625,1187.8709716796875,1177.0400390625,1184.114013671875,1184.1077880859375,99660520000.0,XU100.IS,bist100
2018-03-13,1185.2779541015625,1186.1090087890625,1176.68701171875,1182.6689453125,1182.6627197265625,101826710000.0,XU100.IS,bist100
2018-03-14,1183.219970703125,1189.781982421875,1174.0860595703125,1175.927001953125,1175.9207763671875,95922130000.0,XU100.IS,bist100
2018-03-15,1179.7850341796875,1181.4930419921875,1170.3089599609375,1172.0150146484375,1172.0087890625,99472120000.0,XU100.IS,bist100
2018-03-16,1176.113037109375,1178.531005859375,1168.2939453125,1172.1629638671875,1172.15673828125,88040920000.0,XU100.IS,bist100
2018-03-19,1171.751953125,1172.0789794921875,1153.9110107421875,1154.5030517578125,1154.4969482421875,76520380000.0,XU100.IS,bist100
2018-03-20,1160.3330078125,1167.2750244140625,1150.8289794921875,1164.3179931640625,1164.311767578125,90584100000.0,XU100.IS,bist100
2018-03-21,1166.133056640625,1177.9510498046875,1164.81103515625,1176.512939453125,1176.5067138671875,127561040000.0,XU100.IS,bist100
2018-03-22,1183.751953125,1185.89697265625,1170.719970703125,1171.10302734375,1171.0968017578125,126120750000.0,XU100.IS,bist100
2018-03-23,1159.1429443359375,1168.7139892578125,1155.594970703125,1166.0279541015625,1166.021728515625,153145040000.0,XU100.IS,bist100
2018-03-26,1171.259033203125,1175.4969482421875,1163.491943359375,1164.2030029296875,1164.19677734375,176120540000.0,XU100.IS,bist100
2018-03-27,1175.991943359375,1177.8780517578125,1161.9649658203125,1161.9649658203125,1161.9588623046875,150673440000.0,XU100.IS,bist100
2018-03-28,1156.8719482421875,1160.2469482421875,1138.5870361328125,1141.29296875,1141.286865234375,139448110000.0,XU100.IS,bist100
2018-03-29,1138.094970703125,1150.8409423828125,1134.261962890625,1148.446044921875,1148.43994140625,100069380000.0,XU100.IS,bist100
2018-03-30,1155.343994140625,1158.7230224609375,1146.95703125,1149.302001953125,1149.2958984375,90003710000.0,XU100.IS,bist100
2018-04-02,1152.166015625,1153.905029296875,1144.4210205078125,1144.4210205078125,1144.4149169921875,66050780000.0,XU100.IS,bist100
2018-04-03,1142.904052734375,1149.2430419921875,1140.196044921875,1145.9410400390625,1145.9349365234375,94362250000.0,XU100.IS,bist100
2018-04-04,1148.123046875,1148.93896484375,1132.8189697265625,1139.7559814453125,1139.7498779296875,103799470000.0,XU100.IS,bist100
2018-04-05,1143.030029296875,1153.18896484375,1140.321044921875,1149.4759521484375,1149.4698486328125,132303810000.0,XU100.IS,bist100
2018-04-06,1146.45703125,1152.7939453125,1142.8470458984375,1147.375,1147.368896484375,91169730000.0,XU100.IS,bist100
2018-04-09,1154.2559814453125,1154.6500244140625,1125.1090087890625,1131.56103515625,1131.5550537109375,107597280000.0,XU100.IS,bist100
2018-04-10,1134.7559814453125,1135.2459716796875,1100.0780029296875,1107.126953125,1107.12109375,138244110000.0,XU100.IS,bist100
2018-04-11,1102.93896484375,1115.3470458984375,1066.240966796875,1092.531982421875,1092.5262451171875,143053560000.0,XU100.IS,bist100
2018-04-12,1092.114990234375,1103.5469970703125,1083.051025390625,1102.35400390625,1102.34814453125,112642400000.0,XU100.IS,bist100
2018-04-13,1107.1529541015625,1107.927978515625,1089.81103515625,1096.0400390625,1096.0341796875,84379980000.0,XU100.IS,bist100
2018-04-16,1098.6090087890625,1111.157958984375,1098.508056640625,1106.876953125,1106.87109375,93046540000.0,XU100.IS,bist100
2018-04-17,1114.51904296875,1116.2099609375,1080.010986328125,1087.447998046875,1087.4422607421875,147542190000.0,XU100.IS,bist100
2018-04-18,1086.1829833984375,1120.989990234375,1074.3909912109375,1120.989990234375,1120.9840087890625,149942440000.0,XU100.IS,bist100
2018-04-19,1121.115966796875,1124.0660400390625,1115.9739990234375,1121.2220458984375,1121.216064453125,109312800000.0,XU100.IS,bist100
2018-04-20,1119.5670166015625,1119.7330322265625,1106.780029296875,1109.324951171875,1109.319091796875,94066920000.0,XU100.IS,bist100
2018-04-24,1106.303955078125,1108.512939453125,1097.875,1100.5860595703125,1100.5802001953125,85685290000.0,XU100.IS,bist100
2018-04-25,1103.761962890625,1105.2049560546875,1067.6070556640625,1074.0140380859375,1074.00830078125,115695300000.0,XU100.IS,bist100
2018-04-26,1078.9239501953125,1082.2490234375,1062.780029296875,1070.1510009765625,1070.145263671875,88781400000.0,XU100.IS,bist100
2018-04-27,1072.2869873046875,1081.9949951171875,1066.699951171875,1076.1429443359375,1076.13720703125,89586880000.0,XU100.IS,bist100
2018-04-30,1079.4019775390625,1081.7080078125,1037.5050048828125,1042.8280029296875,1042.822509765625,89765870000.0,XU100.IS,bist100
2018-05-02,1048.154052734375,1053.322998046875,1029.343994140625,1047.2569580078125,1047.2513427734375,110034640000.0,XU100.IS,bist100
2018-05-03,1047.3499755859375,1049.1519775390625,1026.2969970703125,1029.0909423828125,1029.08544921875,107368620000.0,XU100.IS,bist100
2018-05-04,1027.9420166015625,1034.2569580078125,1015.4860229492188,1025.991943359375,1025.9864501953125,110627570000.0,XU100.IS,bist100
2018-05-07,1025.751953125,1027.5980224609375,1005.9910278320312,1008.6619873046875,1008.6566162109375,78892690000.0,XU100.IS,bist100
2018-05-08,1013.5469970703125,1015.3660278320312,989.041015625,993.6380004882812,993.6327514648438,113980920000.0,XU100.IS,bist100
2018-05-09,987.27197265625,1016.4730224609375,978.4920043945312,1007.8060302734375,1007.8006591796875,121994450000.0,XU100.IS,bist100
2018-05-10,1012.3679809570312,1023.8070068359375,993.1820068359375,1023.8070068359375,1023.8015747070312,106289090000.0,XU100.IS,bist100
2018-05-11,1024.6800537109375,1028.7740478515625,1012.3300170898438,1018.5250244140625,1018.5195922851562,91375740000.0,XU100.IS,bist100
2018-05-14,1017.3820190429688,1037.6300048828125,1015.64599609375,1033.7039794921875,1033.698486328125,82921780000.0,XU100.IS,bist100
2018-05-15,1022.6489868164062,1030.2669677734375,1012.2109985351562,1015.4039916992188,1015.3986206054688,102277090000.0,XU100.IS,bist100
2018-05-16,1016.1199951171875,1027.947021484375,1006.5479736328125,1021.5789794921875,1021.5735473632812,101585080000.0,XU100.IS,bist100
2018-05-17,1026.1109619140625,1027.1390380859375,1015.6110229492188,1018.6939697265625,1018.6885375976562,90476770000.0,XU100.IS,bist100
2018-05-18,1020.3319702148438,1028.8470458984375,1018.8690185546875,1024.10302734375,1024.0975341796875,76040970000.0,XU100.IS,bist100
2018-05-21,1021.6649780273438,1033.178955078125,1018.9310302734375,1022.5770263671875,1022.5715942382812,78750330000.0,XU100.IS,bist100
2018-05-22,1027.1800537109375,1037.697998046875,1022.6229858398438,1033.2769775390625,1033.271484375,99824900000.0,XU100.IS,bist100
2018-05-23,1028.06396484375,1034.9029541015625,1014.198974609375,1018.9169921875,1018.9115600585938,106965050000.0,XU100.IS,bist100
2018-05-24,1030.27099609375,1037.5860595703125,1008.8880004882812,1011.3809814453125,1011.3756103515625,122262300000.0,XU100.IS,bist100
2018-05-25,1017.8619995117188,1033.491943359375,1013.2160034179688,1032.0009765625,1031.9954833984375,97319230000.0,XU100.IS,bist100
2018-05-28,1044.81103515625,1065.2530517578125,1044.1639404296875,1065.2530517578125,1065.2474365234375,94808130000.0,XU100.IS,bist100
2018-05-29,1059.302978515625,1059.302978515625,1042.8690185546875,1051.134033203125,1051.12841796875,89755360000.0,XU100.IS,bist100
2018-05-30,1049.7919921875,1057.85205078125,1036.39501953125,1038.68994140625,1038.6844482421875,108692090000.0,XU100.IS,bist100
2018-05-31,1042.64404296875,1043.7530517578125,1005.7979736328125,1006.5230102539062,1006.5177001953125,124665390000.0,XU100.IS,bist100
2018-06-01,1007.0679931640625,1007.9249877929688,979.906005859375,991.7119750976562,991.7067260742188,127622630000.0,XU100.IS,bist100
2018-06-04,992.6439819335938,1005.10302734375,989.3790283203125,992.4979858398438,992.4927368164062,89015140000.0,XU100.IS,bist100
2018-06-05,996.0040283203125,999.0850219726562,976.6539916992188,978.2319946289062,978.226806640625,83395970000.0,XU100.IS,bist100
2018-06-06,982.6959838867188,983.6179809570312,951.2650146484375,966.5770263671875,966.5718994140625,109084900000.0,XU100.IS,bist100
2018-06-07,964.4229736328125,987.9530029296875,960.7020263671875,986.2369995117188,986.2317504882812,116009900000.0,XU100.IS,bist100
2018-06-08,981.906982421875,981.906982421875,956.25,958.7570190429688,958.751953125,103582170000.0,XU100.IS,bist100
2018-06-11,959.2230224609375,971.864990234375,933.9650268554688,966.614013671875,966.60888671875,115931370000.0,XU100.IS,bist100
2018-06-12,964.7349853515625,967.8319702148438,949.5059814453125,953.0700073242188,953.06494140625,87871140000.0,XU100.IS,bist100
2018-06-13,948.2550048828125,956.0850219726562,933.3729858398438,935.0479736328125,935.0430297851562,83180090000.0,XU100.IS,bist100
2018-06-14,932.958984375,954.06201171875,927.5089721679688,945.4080200195312,945.4030151367188,46424090000.0,XU100.IS,bist100
2018-06-18,942.3590087890625,942.3590087890625,927.208984375,930.4329833984375,930.4280395507812,67864910000.0,XU100.IS,bist100
2018-06-19,925.9760131835938,947.4320068359375,922.885986328125,944.3690185546875,944.364013671875,92543630000.0,XU100.IS,bist100
2018-06-20,942.9600219726562,952.4669799804688,937.1909790039062,945.5189819335938,945.5139770507812,88261220000.0,XU100.IS,bist100
2018-06-21,945.9030151367188,953.9829711914062,943.2429809570312,950.572021484375,950.5669555664062,79776090000.0,XU100.IS,bist100
2018-06-22,955.1719970703125,961.8679809570312,944.5150146484375,958.52099609375,958.5159301757812,71539730000.0,XU100.IS,bist100
2018-06-25,992.5579833984375,993.9409790039062,933.655029296875,940.0830078125,940.0780029296875,132181810000.0,XU100.IS,bist100
2018-06-26,940.7789916992188,951.0150146484375,938.0770263671875,944.0819702148438,944.0769653320312,104636140000.0,XU100.IS,bist100
2018-06-27,944.3289794921875,961.8729858398438,942.926025390625,959.5479736328125,959.5429077148438,134717420000.0,XU100.IS,bist100
2018-06-28,958.072998046875,969.9320068359375,954.8699951171875,962.27001953125,962.264892578125,117791310000.0,XU100.IS,bist100
2018-06-29,968.27197265625,975.0009765625,962.301025390625,965.2009887695312,965.1958618164062,97767450000.0,XU100.IS,bist100
2018-07-02,960.9439697265625,972.6729736328125,956.5490112304688,967.7349853515625,967.7298583984375,94886740000.0,XU100.IS,bist100
2018-07-03,970.2789916992188,974.4580078125,964.5040283203125,965.8820190429688,965.8768920898438,91466140000.0,XU100.IS,bist100
2018-07-04,967.9550170898438,974.551025390625,963.9210205078125,972.301025390625,972.2958374023438,79330910000.0,XU100.IS,bist100
2018-07-05,975.5969848632812,992.6480102539062,975.5969848632812,990.969970703125,990.9647216796875,127477020000.0,XU100.IS,bist100
2018-07-06,993.0150146484375,998.0640258789062,981.0989990234375,987.3389892578125,987.333740234375,112553810000.0,XU100.IS,bist100
2018-07-09,995.9609985351562,1008.0780029296875,987.3300170898438,992.5280151367188,992.5227661132812,134110890000.0,XU100.IS,bist100
2018-07-10,976.510009765625,984.6619873046875,958.5130004882812,962.7470092773438,962.7418823242188,153786220000.0,XU100.IS,bist100
2018-07-11,952.8170166015625,952.8170166015625,912.1589965820312,912.89501953125,912.8901977539062,173158580000.0,XU100.IS,bist100
2018-07-12,917.2940063476562,924.6649780273438,881.6890258789062,895.7130126953125,895.708251953125,185655850000.0,XU100.IS,bist100
2018-07-13,899.9860229492188,910.2130126953125,893.1749877929688,898.9769897460938,898.9722290039062,97304960000.0,XU100.IS,bist100
2018-07-16,906.8350219726562,910.4429931640625,891.656005859375,897.4400024414062,897.4352416992188,107563190000.0,XU100.IS,bist100
2018-07-17,898.1840209960938,916.3829956054688,897.6790161132812,916.2960205078125,916.2911376953125,130387160000.0,XU100.IS,bist100
2018-07-18,917.2219848632812,924.5599975585938,904.2100219726562,923.219970703125,923.215087890625,149465180000.0,XU100.IS,bist100
2018-07-19,927.5230102539062,932.9580078125,921.9349975585938,930.0289916992188,930.0240478515625,112642160000.0,XU100.IS,bist100
2018-07-20,932.6890258789062,941.6939697265625,927.8720092773438,940.822998046875,940.8179931640625,100846080000.0,XU100.IS,bist100
2018-07-23,941.7349853515625,960.3560180664062,941.7349853515625,953.052001953125,953.0469360351562,109022980000.0,XU100.IS,bist100
2018-07-24,955.2440185546875,955.6790161132812,917.2269897460938,921.3380126953125,921.3331298828125,143518090000.0,XU100.IS,bist100
2018-07-25,923.8250122070312,957.635986328125,921.6530151367188,953.6859741210938,953.680908203125,157347480000.0,XU100.IS,bist100
2018-07-26,957.7630004882812,966.8079833984375,935.3709716796875,948.1729736328125,948.16796875,162937480000.0,XU100.IS,bist100
2018-07-27,949.0289916992188,959.7730102539062,944.4450073242188,955.8480224609375,955.8429565429688,116496780000.0,XU100.IS,bist100
2018-07-30,953.4039916992188,962.6939697265625,949.2109985351562,961.5770263671875,961.5718994140625,103037680000.0,XU100.IS,bist100
2018-07-31,959.4219970703125,972.3159790039062,957.9429931640625,969.52197265625,969.516845703125,120456510000.0,XU100.IS,bist100
2018-08-01,971.218017578125,974.0960083007812,962.4539794921875,972.1060180664062,972.1008911132812,106661950000.0,XU100.IS,bist100
2018-08-02,955.1820068359375,955.1820068359375,941.5330200195312,945.4329833984375,945.427978515625,110481450000.0,XU100.IS,bist100
2018-08-03,944.833984375,960.6430053710938,944.833984375,956.10498046875,956.0999145507812,120984200000.0,XU100.IS,bist100
2018-08-06,952.905029296875,955.0079956054688,935.6840209960938,941.739990234375,941.7349853515625,112130360000.0,XU100.IS,bist100
2018-08-07,945.8519897460938,964.2059936523438,943.6929931640625,961.6099853515625,961.6048583984375,138514760000.0,XU100.IS,bist100
2018-08-08,963.2730102539062,972.60400390625,959.6959838867188,969.739013671875,969.73388671875,126203560000.0,XU100.IS,bist100
2018-08-09,956.6160278320312,987.4390258789062,954.0869750976562,971.8510131835938,971.8458862304688,217969020000.0,XU100.IS,bist100
2018-08-10,956.0339965820312,978.1010131835938,885.9810180664062,949.39599609375,949.3909301757812,228279630000.0,XU100.IS,bist100
2018-08-13,938.6950073242188,938.6950073242188,884.3259887695312,926.8460083007812,926.841064453125,250894330000.0,XU100.IS,bist100
2018-08-14,946.8939819335938,952.9910278320312,928.0999755859375,934.18701171875,934.1820678710938,176702770000.0,XU100.IS,bist100
2018-08-15,950.4089965820312,952.4500122070312,901.3150024414062,902.6300048828125,902.625244140625,165088860000.0,XU100.IS,bist100
2018-08-16,914.927978515625,915.6859741210938,871.4320068359375,871.4320068359375,871.4273681640625,148687360000.0,XU100.IS,bist100
2018-08-17,866.02197265625,887.6420288085938,846.5449829101562,887.3480224609375,887.3433227539062,128634100000.0,XU100.IS,bist100
2018-08-20,889.844970703125,904.7650146484375,889.385986328125,901.8599853515625,901.855224609375,37728390000.0,XU100.IS,bist100
2018-08-27,909.2130126953125,912.8400268554688,899.9920043945312,912.8400268554688,912.835205078125,90112460000.0,XU100.IS,bist100
2018-08-28,912.7449951171875,939.7459716796875,909.916015625,938.6690063476562,938.6640014648438,121215350000.0,XU100.IS,bist100
2018-08-29,933.1699829101562,942.7969970703125,927.60400390625,932.8070068359375,932.8020629882812,105169830000.0,XU100.IS,bist100
2018-08-31,934.5009765625,936.5819702148438,921.3289794921875,927.2340087890625,927.2290649414062,93208580000.0,XU100.IS,bist100
2018-09-03,922.9130249023438,946.5609741210938,922.0560302734375,939.156005859375,939.1510009765625,100514920000.0,XU100.IS,bist100
2018-09-04,942.5449829101562,945.8909912109375,929.1539916992188,931.8930053710938,931.8880615234375,84285650000.0,XU100.IS,bist100
2018-09-05,931.0029907226562,937.1950073242188,923.7080078125,927.9099731445312,927.905029296875,96934220000.0,XU100.IS,bist100
2018-09-06,931.2169799804688,941.6619873046875,927.6329956054688,927.6329956054688,927.6280517578125,75217230000.0,XU100.IS,bist100
2018-09-07,931.708984375,936.7589721679688,925.385009765625,932.7420043945312,932.737060546875,88550260000.0,XU100.IS,bist100
2018-09-10,935.3289794921875,936.6259765625,916.9829711914062,916.9829711914062,916.9780883789062,89105000000.0,XU100.IS,bist100
2018-09-11,918.7440185546875,927.4840087890625,914.5029907226562,923.8909912109375,923.8861083984375,85237410000.0,XU100.IS,bist100
2018-09-12,928.3629760742188,935.5250244140625,919.2379760742188,922.2739868164062,922.2691040039062,105121650000.0,XU100.IS,bist100
2018-09-13,922.5789794921875,946.10400390625,912.06201171875,944.1920166015625,944.18701171875,155616300000.0,XU100.IS,bist100
2018-09-14,953.197998046875,962.989013671875,943.77001953125,947.5960083007812,947.5910034179688,150128790000.0,XU100.IS,bist100
2018-09-17,944.7739868164062,951.0499877929688,937.9010009765625,943.4769897460938,943.4719848632812,123570790000.0,XU100.IS,bist100
2018-09-18,947.35498046875,953.7490234375,945.3809814453125,948.8690185546875,948.864013671875,121977990000.0,XU100.IS,bist100
2018-09-19,954.802978515625,967.2269897460938,952.7219848632812,966.0380249023438,966.0328979492188,177146270000.0,XU100.IS,bist100
2018-09-20,970.1370239257812,973.8790283203125,955.22900390625,961.2109985351562,961.2058715820312,212273520000.0,XU100.IS,bist100
2018-09-21,965.9879760742188,979.8820190429688,965.9879760742188,979.8820190429688,979.8768310546875,124330120000.0,XU100.IS,bist100
2018-09-24,982.8419799804688,995.6199951171875,977.8200073242188,995.4739990234375,995.4686889648438,181083250000.0,XU100.IS,bist100
2018-09-25,1000.968017578125,1001.8099975585938,986.3629760742188,992.9249877929688,992.9197387695312,168410990000.0,XU100.IS,bist100
2018-09-26,995.125,997.7329711914062,981.4760131835938,991.489013671875,991.4837646484375,112538440000.0,XU100.IS,bist100
2018-09-27,990.8389892578125,1006.3770141601562,989.3419799804688,1002.9869995117188,1002.981689453125,189182040000.0,XU100.IS,bist100
2018-09-28,1004.2739868164062,1004.72998046875,991.7369995117188,999.5689697265625,999.5636596679688,196345470000.0,XU100.IS,bist100
2018-10-01,1000.7520141601562,1006.469970703125,985.3720092773438,985.3720092773438,985.3667602539062,164248550000.0,XU100.IS,bist100
2018-10-02,984.2760009765625,987.1370239257812,973.7379760742188,981.6069946289062,981.601806640625,125571920000.0,XU100.IS,bist100
2018-10-03,982.0449829101562,986.9860229492188,969.4450073242188,971.8790283203125,971.8739013671875,125758460000.0,XU100.IS,bist100
2018-10-04,970.4299926757812,970.718017578125,944.968017578125,944.968017578125,944.9630126953125,124645500000.0,XU100.IS,bist100
2018-10-05,943.5460205078125,950.260009765625,931.6920166015625,948.8350219726562,948.8300170898438,122209020000.0,XU100.IS,bist100
2018-10-08,941.322021484375,962.3170166015625,938.1690063476562,960.8729858398438,960.8678588867188,137197120000.0,XU100.IS,bist100
2018-10-09,964.5130004882812,971.0029907226562,955.3690185546875,967.3179931640625,967.3128662109375,149770080000.0,XU100.IS,bist100
2018-10-10,970.7020263671875,971.6890258789062,944.406982421875,944.406982421875,944.4019775390625,140467590000.0,XU100.IS,bist100
2018-10-11,939.2470092773438,951.1719970703125,934.8040161132812,947.4749755859375,947.469970703125,132616570000.0,XU100.IS,bist100
2018-10-12,956.9539794921875,971.68798828125,933.8920288085938,966.573974609375,966.56884765625,178803170000.0,XU100.IS,bist100
2018-10-15,973.469970703125,990.3790283203125,973.469970703125,986.31298828125,986.3077392578125,180657660000.0,XU100.IS,bist100
2018-10-16,985.739013671875,992.2429809570312,979.0659790039062,984.6640014648438,984.6587524414062,146431950000.0,XU100.IS,bist100
2018-10-17,992.2329711914062,995.5390014648438,980.697021484375,989.9099731445312,989.9047241210938,154855720000.0,XU100.IS,bist100
2018-10-18,989.875,991.72998046875,971.9149780273438,974.5399780273438,974.5347900390625,123902310000.0,XU100.IS,bist100
2018-10-19,978.198974609375,979.3350219726562,963.35400390625,964.5460205078125,964.5408935546875,113159640000.0,XU100.IS,bist100
2018-10-22,972.1580200195312,974.06298828125,946.8170166015625,946.8170166015625,946.81201171875,104143270000.0,XU100.IS,bist100
2018-10-23,940.8040161132812,944.4290161132812,923.448974609375,934.6900024414062,934.68505859375,121341540000.0,XU100.IS,bist100
2018-10-24,938.8770141601562,941.5859985351562,926.9219970703125,926.9219970703125,926.9170532226562,96366550000.0,XU100.IS,bist100
2018-10-25,922.7210083007812,937.656005859375,919.5819702148438,937.4769897460938,937.4720458984375,102839940000.0,XU100.IS,bist100
2018-10-26,939.7319946289062,940.364990234375,905.4149780273438,905.4149780273438,905.41015625,103710550000.0,XU100.IS,bist100
2018-10-30,908.8369750976562,913.8699951171875,885.6439819335938,899.9990234375,899.9942626953125,117171740000.0,XU100.IS,bist100
2018-10-31,904.447998046875,919.2689819335938,892.780029296875,902.0070190429688,902.0022583007812,133904210000.0,XU100.IS,bist100
2018-11-01,902.5360107421875,924.4089965820312,899.5009765625,923.8740234375,923.869140625,113287720000.0,XU100.IS,bist100
2018-11-02,924.780029296875,945.7059936523438,924.780029296875,941.22998046875,941.2249755859375,145880470000.0,XU100.IS,bist100
2018-11-05,945.2369995117188,959.4769897460938,938.1300048828125,959.4769897460938,959.471923828125,136433320000.0,XU100.IS,bist100
2018-11-06,961.468017578125,962.8209838867188,941.6380004882812,947.2769775390625,947.27197265625,131745030000.0,XU100.IS,bist100
2018-11-07,946.47998046875,960.4669799804688,942.6209716796875,954.9329833984375,954.9279174804688,122673210000.0,XU100.IS,bist100
2018-11-08,955.2169799804688,956.4180297851562,932.5809936523438,935.06201171875,935.0570678710938,126270130000.0,XU100.IS,bist100
2018-11-09,932.9769897460938,936.97900390625,921.27099609375,928.3920288085938,928.3870849609375,117241850000.0,XU100.IS,bist100
2018-11-12,930.0579833984375,936.9530029296875,914.4530029296875,914.4530029296875,914.4481811523438,92692540000.0,XU100.IS,bist100
2018-11-13,915.322998046875,930.948974609375,912.9769897460938,927.0859985351562,927.0810546875,115453000000.0,XU100.IS,bist100
2018-11-14,925.3060302734375,936.9130249023438,919.4580078125,932.8720092773438,932.8670654296875,134807280000.0,XU100.IS,bist100
2018-11-15,935.2329711914062,940.0250244140625,926.9530029296875,932.968017578125,932.9630737304688,129340710000.0,XU100.IS,bist100
2018-11-16,937.8590087890625,943.0830078125,927.4390258789062,936.1649780273438,936.1600341796875,96432680000.0,XU100.IS,bist100
2018-11-19,935.6820068359375,946.0269775390625,935.6820068359375,945.708984375,945.7039794921875,114580820000.0,XU100.IS,bist100
2018-11-20,942.7979736328125,943.9169921875,915.4580078125,916.864013671875,916.859130859375,157340510000.0,XU100.IS,bist100
2018-11-21,920.2150268554688,927.0800170898438,915.593994140625,927.0800170898438,927.0750732421875,116051810000.0,XU100.IS,bist100
2018-11-22,927.4329833984375,929.4000244140625,918.8330078125,926.2880249023438,926.2830810546875,87576950000.0,XU100.IS,bist100
2018-11-23,925.8159790039062,930.0330200195312,920.2869873046875,930.0330200195312,930.028076171875,80410940000.0,XU100.IS,bist100
2018-11-26,935.2169799804688,944.3579711914062,934.552978515625,939.6240234375,939.6190185546875,137634860000.0,XU100.IS,bist100
2018-11-27,939.0490112304688,941.0449829101562,930.4299926757812,935.1699829101562,935.1650390625,122122030000.0,XU100.IS,bist100
2018-11-28,937.56298828125,946.7340087890625,937.56298828125,940.7100219726562,940.7050170898438,122226380000.0,XU100.IS,bist100
2018-11-29,949.6320190429688,955.4459838867188,948.2730102539062,951.2559814453125,951.2509155273438,116592360000.0,XU100.IS,bist100
2018-11-30,951.64501953125,954.1599731445312,945.2769775390625,954.1599731445312,954.1549072265625,160463590000.0,XU100.IS,bist100
2018-12-03,963.6699829101562,968.2979736328125,949.7449951171875,949.7449951171875,949.7399291992188,140806830000.0,XU100.IS,bist100
2018-12-04,946.4990234375,955.5050048828125,935.3040161132812,938.8049926757812,938.7999877929688,135241010000.0,XU100.IS,bist100
2018-12-05,930.4760131835938,941.97900390625,928.4769897460938,939.7020263671875,939.697021484375,114802670000.0,XU100.IS,bist100
2018-12-06,935.0679931640625,938.666015625,923.7529907226562,928.2730102539062,928.26806640625,112197740000.0,XU100.IS,bist100
2018-12-07,935.2119750976562,938.0700073242188,931.4929809570312,936.9949951171875,936.9900512695312,96852190000.0,XU100.IS,bist100
2018-12-10,932.458984375,934.5369873046875,922.1749877929688,922.2730102539062,922.2681274414062,82152500000.0,XU100.IS,bist100
2018-12-11,924.4959716796875,927.0399780273438,916.0999755859375,918.0089721679688,918.0040893554688,100213270000.0,XU100.IS,bist100
2018-12-12,921.3610229492188,923.2650146484375,899.5679931640625,900.510986328125,900.5062255859375,126157010000.0,XU100.IS,bist100
2018-12-13,905.1890258789062,914.4310302734375,904.322998046875,913.864990234375,913.8601684570312,90104790000.0,XU100.IS,bist100
2018-12-14,910.7210083007812,912.010009765625,893.375,905.2860107421875,905.2811889648438,100707560000.0,XU100.IS,bist100
2018-12-17,905.9559936523438,909.9539794921875,899.3300170898438,899.6190185546875,899.6142578125,75591660000.0,XU100.IS,bist100
2018-12-18,896.9509887695312,910.7410278320312,895.6699829101562,910.7410278320312,910.7362060546875,100383560000.0,XU100.IS,bist100
2018-12-19,913.1640014648438,925.8350219726562,910.8790283203125,925.5269775390625,925.5220947265625,116390780000.0,XU100.IS,bist100
2018-12-20,918.6420288085938,924.2520141601562,913.3150024414062,918.541015625,918.5361328125,109080980000.0,XU100.IS,bist100
2018-12-21,917.7750244140625,922.2239990234375,909.1630249023438,918.6079711914062,918.6030883789062,113599320000.0,XU100.IS,bist100
2018-12-24,921.3889770507812,924.3569946289062,915.156005859375,915.2689819335938,915.2640991210938,70024900000.0,XU100.IS,bist100
2018-12-26,911.2119750976562,913.9390258789062,906.875,910.02197265625,910.0171508789062,44336450000.0,XU100.IS,bist100
2018-12-27,917.9320068359375,919.1160278320312,907.6279907226562,909.7479858398438,909.7431640625,69310900000.0,XU100.IS,bist100
2018-12-28,911.7410278320312,914.9539794921875,901.073974609375,904.35302734375,904.3482055664062,62918650000.0,XU100.IS,bist100
2018-12-31,906.7509765625,913.3839721679688,903.239013671875,912.7050170898438,912.7001953125,59775490000.0,XU100.IS,bist100
2019-01-02,909.8610229492188,909.8610229492188,886.5040283203125,888.6500244140625,888.6453247070312,74791250000.0,XU100.IS,bist100
2019-01-03,883.7589721679688,895.4459838867188,873.989990234375,873.989990234375,873.9853515625,93099140000.0,XU100.IS,bist100
2019-01-04,878.9420166015625,891.2109985351562,878.9420166015625,888.3079833984375,888.3032836914062,89073780000.0,XU100.IS,bist100
2019-01-07,894.447021484375,902.2789916992188,892.8079833984375,899.510986328125,899.5062255859375,94240720000.0,XU100.IS,bist100
2019-01-08,902.47900390625,907.760986328125,893.6240234375,906.969970703125,906.9651489257812,95220020000.0,XU100.IS,bist100
2019-01-09,910.3159790039062,914.1939697265625,905.9140014648438,911.5689697265625,911.5641479492188,109830730000.0,XU100.IS,bist100
2019-01-10,912.2639770507812,918.4580078125,906.947021484375,911.9630126953125,911.9581909179688,98592590000.0,XU100.IS,bist100
2019-01-11,915.0330200195312,920.2849731445312,912.625,916.8699951171875,916.8651123046875,88504670000.0,XU100.IS,bist100
2019-01-14,908.2540283203125,920.5380249023438,903.8839721679688,920.5380249023438,920.5331420898438,90915210000.0,XU100.IS,bist100
2019-01-15,926.2760009765625,933.031982421875,924.7839965820312,931.7329711914062,931.72802734375,124820820000.0,XU100.IS,bist100
2019-01-16,933.6519775390625,954.406005859375,930.2349853515625,954.114990234375,954.1099243164062,162135410000.0,XU100.IS,bist100
2019-01-17,954.9979858398438,973.5490112304688,951.6129760742188,968.1740112304688,968.1688842773438,178977770000.0,XU100.IS,bist100
2019-01-18,971.9290161132812,986.6220092773438,970.4600219726562,984.5490112304688,984.5437622070312,139406700000.0,XU100.IS,bist100
2019-01-21,986.2750244140625,998.2869873046875,976.3489990234375,979.552001953125,979.5468139648438,151343010000.0,XU100.IS,bist100
2019-01-22,979.9089965820312,996.77099609375,978.5609741210938,996.77099609375,996.7656860351562,156660270000.0,XU100.IS,bist100
2019-01-23,997.375,1004.8809814453125,990.5989990234375,1001.4099731445312,1001.4046630859375,147142530000.0,XU100.IS,bist100
2019-01-24,1004.5380249023438,1017.7429809570312,1003.14697265625,1017.7429809570312,1017.7376098632812,154950730000.0,XU100.IS,bist100
2019-01-25,1021.22900390625,1023.198974609375,1011.9959716796875,1018.0139770507812,1018.0086059570312,130864340000.0,XU100.IS,bist100
2019-01-28,1018.22802734375,1028.074951171875,1012.405029296875,1012.8980102539062,1012.8926391601562,123873820000.0,XU100.IS,bist100
2019-01-29,1013.5880126953125,1040.9840087890625,1010.77099609375,1040.9840087890625,1040.978515625,149161850000.0,XU100.IS,bist100
2019-01-30,1041.5419921875,1047.9310302734375,1035.4990234375,1041.89501953125,1041.8895263671875,159516390000.0,XU100.IS,bist100
2019-01-31,1054.781005859375,1059.302001953125,1034.0880126953125,1040.741943359375,1040.7364501953125,181945750000.0,XU100.IS,bist100
2019-02-01,1040.6099853515625,1043.7149658203125,1026.48095703125,1029.3709716796875,1029.365478515625,138520460000.0,XU100.IS,bist100
2019-02-04,1030.7850341796875,1035.5450439453125,1019.8870239257812,1022.5499877929688,1022.5445556640625,108118620000.0,XU100.IS,bist100
2019-02-05,1027.6510009765625,1038.52099609375,1017.5560302734375,1024.4840087890625,1024.478515625,149116440000.0,XU100.IS,bist100
2019-02-06,1028.991943359375,1030.8919677734375,1016.2050170898438,1025.843017578125,1025.8375244140625,141953600000.0,XU100.IS,bist100
2019-02-07,1027.5279541015625,1029.3719482421875,1019.4539794921875,1027.8399658203125,1027.83447265625,137766120000.0,XU100.IS,bist100
2019-02-08,1024.948974609375,1027.4239501953125,1021.1920166015625,1024.5169677734375,1024.511474609375,106586660000.0,XU100.IS,bist100
2019-02-11,1032.8759765625,1046.5660400390625,1032.803955078125,1043.947021484375,1043.9415283203125,125643070000.0,XU100.IS,bist100
2019-02-12,1046.5279541015625,1049.7740478515625,1033.64501953125,1037.625,1037.6195068359375,140605620000.0,XU100.IS,bist100
2019-02-13,1043.3900146484375,1044.551025390625,1016.4580078125,1016.4580078125,1016.45263671875,150040780000.0,XU100.IS,bist100
2019-02-14,1019.2360229492188,1026.166015625,1007.4959716796875,1021.2999877929688,1021.2945556640625,158845430000.0,XU100.IS,bist100
2019-02-15,1020.708984375,1029.7840576171875,1011.8660278320312,1027.1500244140625,1027.14453125,125947210000.0,XU100.IS,bist100
2019-02-18,1028.66796875,1031.31201171875,1017.2849731445312,1017.2849731445312,1017.2796020507812,122679000000.0,XU100.IS,bist100
2019-02-19,1018.4520263671875,1019.7890014648438,1007.1309814453125,1017.4210205078125,1017.4156494140625,114221450000.0,XU100.IS,bist100
2019-02-20,1019.9039916992188,1025.4300537109375,1016.1810302734375,1019.7130126953125,1019.7075805664062,108449900000.0,XU100.IS,bist100
2019-02-21,1020.3389892578125,1028.93505859375,1016.9539794921875,1024.93994140625,1024.9344482421875,103899800000.0,XU100.IS,bist100
2019-02-22,1028.39794921875,1034.6810302734375,1026.1199951171875,1031.8570556640625,1031.8515625,115103400000.0,XU100.IS,bist100
2019-02-25,1038.75,1051.458984375,1038.75,1043.301025390625,1043.2955322265625,165993900000.0,XU100.IS,bist100
2019-02-26,1042.613037109375,1050.822998046875,1039.4189453125,1050.822998046875,1050.8173828125,147111300000.0,XU100.IS,bist100
2019-02-27,1051.175048828125,1052.6939697265625,1041.1719970703125,1041.4100341796875,1041.404541015625,149966000000.0,XU100.IS,bist100
2019-02-28,1042.4759521484375,1050.696044921875,1041.280029296875,1045.2989501953125,1045.29345703125,129260610000.0,XU100.IS,bist100
2019-03-01,1046.8990478515625,1048.3289794921875,1029.5670166015625,1032.666015625,1032.6605224609375,134414230000.0,XU100.IS,bist100
2019-03-04,1035.6409912109375,1046.1700439453125,1034.751953125,1041.9329833984375,1041.927490234375,130387720000.0,XU100.IS,bist100
2019-03-05,1039.3360595703125,1048.322021484375,1034.5980224609375,1037.3060302734375,1037.300537109375,195291480000.0,XU100.IS,bist100
2019-03-06,1040.260986328125,1048.666015625,1033.6510009765625,1034.529052734375,1034.5235595703125,150494100000.0,XU100.IS,bist100
2019-03-07,1038.5360107421875,1041.9420166015625,1022.6400146484375,1022.8270263671875,1022.8215942382812,148327720000.0,XU100.IS,bist100
2019-03-08,1023.3729858398438,1024.636962890625,1008.7360229492188,1015.3829956054688,1015.3776245117188,113246730000.0,XU100.IS,bist100
2019-03-11,1018.8699951171875,1023.427978515625,1006.5170288085938,1008.5040283203125,1008.4986572265625,107116010000.0,XU100.IS,bist100
2019-03-12,1014.6510009765625,1020.68701171875,1009.1920166015625,1017.2109985351562,1017.2056274414062,113247050000.0,XU100.IS,bist100
2019-03-13,1018.2080078125,1025.322998046875,1011.4299926757812,1021.9660034179688,1021.9605712890625,118301550000.0,XU100.IS,bist100
2019-03-14,1022.9819946289062,1027.8580322265625,1020.0960083007812,1024.322998046875,1024.3175048828125,118544800000.0,XU100.IS,bist100
2019-03-15,1028.9090576171875,1033.803955078125,1026.43505859375,1033.041015625,1033.0355224609375,146000250000.0,XU100.IS,bist100
2019-03-18,1037.8509521484375,1048.8280029296875,1037.8509521484375,1045.947021484375,1045.9415283203125,136386760000.0,XU100.IS,bist100
2019-03-19,1046.6409912109375,1059.291015625,1041.5439453125,1048.615966796875,1048.6103515625,162140610000.0,XU100.IS,bist100
2019-03-20,1048.0660400390625,1050.988037109375,1031.81201171875,1033.10205078125,1033.0965576171875,179822460000.0,XU100.IS,bist100
2019-03-21,1038.3599853515625,1042.4830322265625,1025.3409423828125,1034.0780029296875,1034.072509765625,150372840000.0,XU100.IS,bist100
2019-03-22,1036.5350341796875,1037.5579833984375,996.5239868164062,998.35302734375,998.3477172851562,173205470000.0,XU100.IS,bist100
2019-03-25,1000.2750244140625,1003.8170166015625,983.6710205078125,993.2589721679688,993.2537231445312,157813770000.0,XU100.IS,bist100
2019-03-26,999.905029296875,1002.6010131835938,971.5390014648438,973.7860107421875,973.7808227539062,142083090000.0,XU100.IS,bist100
2019-03-27,978.2069702148438,979.9840087890625,905.239013671875,918.551025390625,918.546142578125,194746970000.0,XU100.IS,bist100
2019-03-28,911.8159790039062,937.4429931640625,907.7680053710938,921.2030029296875,921.1981201171875,197751380000.0,XU100.IS,bist100
2019-03-29,924.989990234375,942.469970703125,919.0440063476562,937.8419799804688,937.8369750976562,123921650000.0,XU100.IS,bist100
2019-04-01,939.083984375,951.1749877929688,918.64501953125,941.0130004882812,941.0079956054688,156404160000.0,XU100.IS,bist100
2019-04-02,936.3510131835938,953.52197265625,931.322998046875,935.3309936523438,935.3260498046875,120681630000.0,XU100.IS,bist100
2019-04-03,941.5859985351562,948.9130249023438,940.4149780273438,944.4110107421875,944.406005859375,105119720000.0,XU100.IS,bist100
2019-04-04,944.7789916992188,983.3690185546875,942.9730224609375,983.3690185546875,983.3638305664062,145159750000.0,XU100.IS,bist100
2019-04-05,989.6320190429688,992.1409912109375,974.2219848632812,987.833984375,987.8287353515625,140591220000.0,XU100.IS,bist100
2019-04-08,989.7890014648438,990.7689819335938,967.3560180664062,969.7830200195312,969.7778930664062,106219520000.0,XU100.IS,bist100
2019-04-09,979.5670166015625,987.4829711914062,974.968994140625,981.35302734375,981.3478393554688,124488430000.0,XU100.IS,bist100
2019-04-10,984.0469970703125,984.5609741210938,969.125,970.1500244140625,970.1448974609375,117438280000.0,XU100.IS,bist100
2019-04-11,972.27197265625,975.3090209960938,960.218017578125,960.72998046875,960.724853515625,101402930000.0,XU100.IS,bist100
2019-04-12,957.2169799804688,961.6849975585938,950.2849731445312,959.7680053710938,959.762939453125,84160920000.0,XU100.IS,bist100
2019-04-15,957.60302734375,965.3140258789062,951.9169921875,951.9169921875,951.9119262695312,74241620000.0,XU100.IS,bist100
2019-04-16,956.7689819335938,971.02099609375,956.7689819335938,968.0900268554688,968.0848999023438,104191890000.0,XU100.IS,bist100
2019-04-17,973.4739990234375,986.6199951171875,972.9769897460938,982.031982421875,982.0267944335938,115360230000.0,XU100.IS,bist100
2019-04-18,979.1190185546875,979.1209716796875,966.2369995117188,968.864990234375,968.85986328125,109200900000.0,XU100.IS,bist100
2019-04-19,970.8200073242188,972.9310302734375,967.375,968.614013671875,968.60888671875,0.0,XU100.IS,bist100
2019-04-22,963.8980102539062,964.5230102539062,958.9949951171875,959.5280151367188,959.52294921875,69401650000.0,XU100.IS,bist100
2019-04-24,958.2139892578125,965.3720092773438,958.2139892578125,961.4219970703125,961.4168701171875,108711880000.0,XU100.IS,bist100
2019-04-25,963.510986328125,964.5709838867188,938.9169921875,944.9849853515625,944.97998046875,118979600000.0,XU100.IS,bist100
2019-04-26,948.8679809570312,951.447998046875,940.4619750976562,947.8309936523438,947.8259887695312,93475250000.0,XU100.IS,bist100
2019-04-29,950.3980102539062,951.1389770507812,942.3670043945312,945.3510131835938,945.3460083007812,105250420000.0,XU100.IS,bist100
2019-04-30,947.3610229492188,957.302001953125,947.3610229492188,954.156005859375,954.1509399414062,129734230000.0,XU100.IS,bist100
2019-05-02,957.2979736328125,960.5050048828125,939.197021484375,941.7940063476562,941.7890014648438,115892190000.0,XU100.IS,bist100
2019-05-03,942.4539794921875,943.958984375,934.7570190429688,939.4609985351562,939.4559936523438,89082780000.0,XU100.IS,bist100
2019-05-06,930.2639770507812,930.7620239257812,915.4119873046875,929.822998046875,929.8180541992188,109238540000.0,XU100.IS,bist100
2019-05-07,908.0130004882812,919.2670288085938,906.9819946289062,914.8250122070312,914.8201293945312,119470080000.0,XU100.IS,bist100
2019-05-08,907.677001953125,916.0059814453125,897.343994140625,902.7219848632812,902.7172241210938,122743460000.0,XU100.IS,bist100
2019-05-09,903.125,906.9660034179688,886.4760131835938,886.8590087890625,886.8543090820312,105519170000.0,XU100.IS,bist100
2019-05-10,894.8040161132812,898.5549926757812,883.155029296875,885.333984375,885.3292846679688,106341140000.0,XU100.IS,bist100
2019-05-13,886.2869873046875,887.406982421875,854.4660034179688,862.8250122070312,862.8204345703125,138535370000.0,XU100.IS,bist100
2019-05-14,866.1539916992188,880.22900390625,860.4429931640625,880.22900390625,880.2243041992188,130885020000.0,XU100.IS,bist100
2019-05-15,880.7000122070312,881.156982421875,860.4310302734375,873.8040161132812,873.7993774414062,108950900000.0,XU100.IS,bist100
2019-05-16,876.64501953125,885.3049926757812,870.8839721679688,872.0390014648438,872.0343627929688,113988100000.0,XU100.IS,bist100
2019-05-17,869.448974609375,875.1859741210938,865.5170288085938,867.9609985351562,867.9564208984375,108605120000.0,XU100.IS,bist100
2019-05-20,868.9500122070312,871.1640014648438,865.2059936523438,867.7150268554688,867.71044921875,98064930000.0,XU100.IS,bist100
2019-05-21,869.4340209960938,871.5369873046875,849.7659912109375,853.0960083007812,853.0914916992188,111882730000.0,XU100.IS,bist100
2019-05-22,850.4190063476562,855.802978515625,836.7529907226562,836.7529907226562,836.74853515625,104967800000.0,XU100.IS,bist100
2019-05-23,835.35302734375,847.1179809570312,835.35302734375,845.9619750976562,845.9574584960938,97600940000.0,XU100.IS,bist100
2019-05-24,849.8920288085938,864.9630126953125,849.8590087890625,860.7230224609375,860.7184448242188,125614680000.0,XU100.IS,bist100
2019-05-27,865.0560302734375,869.4520263671875,853.0969848632812,855.4539794921875,855.449462890625,83524360000.0,XU100.IS,bist100
2019-05-28,860.9949951171875,877.2880249023438,860.9949951171875,867.7760009765625,867.7714233398438,117637410000.0,XU100.IS,bist100
2019-05-29,869.3270263671875,877.6939697265625,865.5880126953125,871.8629760742188,871.8583374023438,97075030000.0,XU100.IS,bist100
2019-05-30,880.322021484375,900.1160278320312,880.322021484375,900.1160278320312,900.1112670898438,126744250000.0,XU100.IS,bist100
2019-05-31,898.2479858398438,905.89697265625,889.7509765625,905.89697265625,905.8921508789062,99224110000.0,XU100.IS,bist100
2019-06-03,903.3560180664062,908.6710205078125,898.2000122070312,903.4559936523438,903.451171875,33812380000.0,XU100.IS,bist100
2019-06-07,905.6640014648438,938.0910034179688,902.9569702148438,938.0910034179688,938.0859985351562,98291310000.0,XU100.IS,bist100
2019-06-10,937.614990234375,944.4819946289062,930.1389770507812,941.031005859375,941.0260009765625,138365360000.0,XU100.IS,bist100
2019-06-11,943.39501953125,945.8930053710938,926.5430297851562,928.2559814453125,928.2510375976562,128466760000.0,XU100.IS,bist100
2019-06-12,927.3729858398438,936.1439819335938,924.02099609375,926.0579833984375,926.0531005859375,113072390000.0,XU100.IS,bist100
2019-06-13,921.72900390625,921.72900390625,905.0150146484375,905.0150146484375,905.0101928710938,107670870000.0,XU100.IS,bist100
2019-06-14,908.427978515625,913.2269897460938,900.2410278320312,907.8699951171875,907.8651733398438,96998500000.0,XU100.IS,bist100
2019-06-17,904.7550048828125,925.655029296875,903.9210205078125,922.4979858398438,922.4931030273438,116228260000.0,XU100.IS,bist100
2019-06-18,923.0969848632812,942.5180053710938,920.8300170898438,942.18701171875,942.1820068359375,128594300000.0,XU100.IS,bist100
2019-06-19,940.0650024414062,947.7440185546875,933.1710205078125,942.4409790039062,942.4359741210938,137744630000.0,XU100.IS,bist100
2019-06-20,952.2670288085938,959.5479736328125,940.3829956054688,941.5770263671875,941.572021484375,176255070000.0,XU100.IS,bist100
2019-06-21,940.3359985351562,943.7780151367188,930.25,940.2230224609375,940.218017578125,108304890000.0,XU100.IS,bist100
2019-06-24,960.39501953125,962.1179809570312,948.9749755859375,951.8250122070312,951.8199462890625,119255060000.0,XU100.IS,bist100
2019-06-25,950.6649780273438,959.9450073242188,946.1920166015625,954.2109985351562,954.2059326171875,120492370000.0,XU100.IS,bist100
2019-06-26,955.343017578125,958.4760131835938,945.1909790039062,948.31201171875,948.3070068359375,97805450000.0,XU100.IS,bist100
2019-06-27,952.5650024414062,959.9010009765625,952.5650024414062,955.7310180664062,955.7259521484375,111191210000.0,XU100.IS,bist100
2019-06-28,958.2119750976562,966.5029907226562,955.322021484375,964.85302734375,964.847900390625,96416650000.0,XU100.IS,bist100
2019-07-01,986.6290283203125,999.7059936523438,983.7449951171875,997.3569946289062,997.3516845703125,173885210000.0,XU100.IS,bist100
2019-07-02,998.1790161132812,1003.416015625,991.7890014648438,1002.010009765625,1002.0046997070312,152178290000.0,XU100.IS,bist100
2019-07-03,1004.5280151367188,1005.0079956054688,991.427001953125,993.6329956054688,993.6277465820312,125465140000.0,XU100.IS,bist100
2019-07-04,997.3099975585938,1000.0869750976562,985.2730102539062,993.822021484375,993.8167724609375,102792460000.0,XU100.IS,bist100
2019-07-05,994.2760009765625,1004.4749755859375,992.6190185546875,996.3480224609375,996.3427124023438,133800210000.0,XU100.IS,bist100
2019-07-08,981.0599975585938,991.0020141601562,978.9099731445312,986.9539794921875,986.94873046875,122081410000.0,XU100.IS,bist100
2019-07-09,987.2479858398438,991.1510009765625,967.8389892578125,968.1119995117188,968.1068725585938,140161460000.0,XU100.IS,bist100
2019-07-10,968.406005859375,986.9910278320312,962.7100219726562,985.85302734375,985.8477783203125,138162850000.0,XU100.IS,bist100
2019-07-11,994.280029296875,997.2650146484375,989.3250122070312,994.0640258789062,994.0587768554688,108988360000.0,XU100.IS,bist100
2019-07-12,994.6069946289062,998.7059936523438,968.552001953125,970.9829711914062,970.9778442382812,127019600000.0,XU100.IS,bist100
2019-07-16,978.60400390625,987.5330200195312,976.3389892578125,980.2849731445312,980.27978515625,97501200000.0,XU100.IS,bist100
2019-07-17,984.2160034179688,999.2039794921875,980.39501953125,998.06201171875,998.0567016601562,116072690000.0,XU100.IS,bist100
2019-07-18,997.1669921875,1018.4459838867188,993.8809814453125,1015.6630249023438,1015.6576538085938,134018870000.0,XU100.IS,bist100
2019-07-19,1023.823974609375,1028.8189697265625,1016.6519775390625,1018.4920043945312,1018.486572265625,139643270000.0,XU100.IS,bist100
2019-07-22,1018.1229858398438,1021.469970703125,1008.468017578125,1010.8870239257812,1010.8816528320312,99076180000.0,XU100.IS,bist100
2019-07-23,1012.2369995117188,1029.1739501953125,1010.864990234375,1025.56201171875,1025.5565185546875,124203870000.0,XU100.IS,bist100
2019-07-24,1028.0980224609375,1034.572998046875,1017.6929931640625,1034.572998046875,1034.5675048828125,121128180000.0,XU100.IS,bist100
2019-07-25,1036.762939453125,1041.5389404296875,1016.0460205078125,1020.4500122070312,1020.444580078125,159265050000.0,XU100.IS,bist100
2019-07-26,1022.7210083007812,1032.5909423828125,1015.4619750976562,1028.3719482421875,1028.366455078125,103810330000.0,XU100.IS,bist100
2019-07-29,1031.467041015625,1035.262939453125,1025.240966796875,1033.73095703125,1033.7254638671875,91580990000.0,XU100.IS,bist100
2019-07-30,1035.1929931640625,1035.5269775390625,1019.6959838867188,1026.8609619140625,1026.85546875,111652940000.0,XU100.IS,bist100
2019-07-31,1030.5870361328125,1030.6629638671875,1015.39697265625,1020.8250122070312,1020.819580078125,109253830000.0,XU100.IS,bist100
2019-08-01,1013.4219970703125,1021.833984375,1010.9299926757812,1019.0029907226562,1018.99755859375,100760850000.0,XU100.IS,bist100
2019-08-02,1015.0809936523438,1017.0689697265625,996.2979736328125,996.7940063476562,996.7886962890625,94142690000.0,XU100.IS,bist100
2019-08-05,994.0700073242188,999.8060302734375,985.0419921875,986.7329711914062,986.7277221679688,92918940000.0,XU100.IS,bist100
2019-08-06,989.8419799804688,1000.5759887695312,988.2249755859375,995.8380126953125,995.8327026367188,91267720000.0,XU100.IS,bist100
2019-08-07,1000.2869873046875,1001.7760009765625,977.2269897460938,980.5650024414062,980.559814453125,117341460000.0,XU100.IS,bist100
2019-08-08,991.2470092773438,993.3159790039062,978.5180053710938,992.0850219726562,992.0797729492188,110329400000.0,XU100.IS,bist100
2019-08-09,992.89501953125,998.7529907226562,987.781005859375,994.0499877929688,994.0447387695312,97830190000.0,XU100.IS,bist100
2019-08-15,985.041015625,985.3090209960938,965.0780029296875,965.7869873046875,965.7818603515625,110947330000.0,XU100.IS,bist100
2019-08-16,971.989990234375,975.7169799804688,957.3090209960938,957.3419799804688,957.3369140625,108722990000.0,XU100.IS,bist100
2019-08-19,965.0139770507812,967.322021484375,950.9940185546875,952.8619995117188,952.85693359375,104403740000.0,XU100.IS,bist100
2019-08-20,954.6190185546875,965.8280029296875,953.1400146484375,960.3179931640625,960.3129272460938,109319910000.0,XU100.IS,bist100
2019-08-21,961.6370239257812,964.531005859375,952.614990234375,955.2210083007812,955.2159423828125,108079620000.0,XU100.IS,bist100
2019-08-22,957.302978515625,961.1710205078125,943.4929809570312,953.9420166015625,953.9369506835938,108898500000.0,XU100.IS,bist100
2019-08-23,956.8829956054688,974.0390014648438,952.7069702148438,971.489990234375,971.48486328125,109747420000.0,XU100.IS,bist100
2019-08-26,956.489013671875,974.4810180664062,956.489013671875,971.0130004882812,971.0078735351562,101523240000.0,XU100.IS,bist100
2019-08-27,973.5059814453125,973.5059814453125,959.1790161132812,960.3049926757812,960.2999267578125,120450130000.0,XU100.IS,bist100
2019-08-28,964.9320068359375,965.9669799804688,952.9149780273438,959.083984375,959.0789184570312,124267010000.0,XU100.IS,bist100
2019-08-29,961.2969970703125,972.5670166015625,957.822998046875,967.1849975585938,967.1798706054688,118424120000.0,XU100.IS,bist100
2019-09-02,967.3770141601562,986.3079833984375,967.3770141601562,983.4290161132812,983.423828125,139117420000.0,XU100.IS,bist100
2019-09-03,983.1309814453125,994.7520141601562,979.572998046875,988.260986328125,988.2557373046875,184539130000.0,XU100.IS,bist100
2019-09-04,996.5679931640625,1002.4099731445312,992.8889770507812,1000.7750244140625,1000.7697143554688,181672800000.0,XU100.IS,bist100
2019-09-05,1006.1810302734375,1008.7659912109375,998.1539916992188,1002.7839965820312,1002.7786865234375,181924580000.0,XU100.IS,bist100
2019-09-06,1001.656982421875,1004.0230102539062,989.3599853515625,989.875,989.8697509765625,146763650000.0,XU100.IS,bist100
2019-09-09,998.364990234375,1011.655029296875,998.364990234375,1006.0499877929688,1006.044677734375,152143040000.0,XU100.IS,bist100
2019-09-10,1006.1430053710938,1014.1010131835938,1003.3619995117188,1012.1290283203125,1012.1236572265625,166427430000.0,XU100.IS,bist100
2019-09-11,1015.9769897460938,1021.8790283203125,1013.5280151367188,1019.2219848632812,1019.216552734375,146463330000.0,XU100.IS,bist100
2019-09-12,1023.1179809570312,1030.0899658203125,1017.4609985351562,1024.4730224609375,1024.467529296875,165817270000.0,XU100.IS,bist100
2019-09-13,1027.06494140625,1032.5849609375,1023.093017578125,1030.718017578125,1030.7125244140625,133474570000.0,XU100.IS,bist100
2019-09-16,1025.5179443359375,1033.20703125,1022.4639892578125,1025.89697265625,1025.8914794921875,139974560000.0,XU100.IS,bist100
2019-09-17,1026.5880126953125,1026.6309814453125,1009.7650146484375,1014.4739990234375,1014.4686279296875,163755060000.0,XU100.IS,bist100
2019-09-18,1014.7069702148438,1020.947998046875,1006.0029907226562,1019.301025390625,1019.2955932617188,144172300000.0,XU100.IS,bist100
2019-09-19,1020.9719848632812,1021.4249877929688,1000.3070068359375,1003.3880004882812,1003.3826904296875,147199940000.0,XU100.IS,bist100
2019-09-20,1006.4110107421875,1009.6439819335938,999.3309936523438,1002.3670043945312,1002.3616943359375,160527260000.0,XU100.IS,bist100
2019-09-23,1004.4550170898438,1007.1619873046875,995.8309936523438,1000.2069702148438,1000.20166015625,130154350000.0,XU100.IS,bist100
2019-09-24,1013.7550048828125,1022.3590087890625,1013.7550048828125,1018.468994140625,1018.4635620117188,162318140000.0,XU100.IS,bist100
2019-09-25,1016.9580078125,1026.1839599609375,1015.5560302734375,1026.1839599609375,1026.178466796875,156000510000.0,XU100.IS,bist100
2019-09-26,1029.135009765625,1031.197021484375,1019.1389770507812,1019.4030151367188,1019.3975830078125,134474190000.0,XU100.IS,bist100
2019-09-27,1022.1110229492188,1052.4210205078125,1022.1110229492188,1051.52197265625,1051.516357421875,202273350000.0,XU100.IS,bist100
2019-09-30,1057.0030517578125,1058.3399658203125,1049.717041015625,1050.3299560546875,1050.3243408203125,171995480000.0,XU100.IS,bist100
2019-10-01,1052.75,1052.9749755859375,1031.8919677734375,1038.7659912109375,1038.760498046875,181115660000.0,XU100.IS,bist100
2019-10-02,1038.323974609375,1044.4620361328125,1031.8399658203125,1035.092041015625,1035.0865478515625,161614760000.0,XU100.IS,bist100
2019-10-03,1038.8470458984375,1047.675048828125,1020.6199951171875,1027.843017578125,1027.8375244140625,161021620000.0,XU100.IS,bist100
2019-10-04,1031.77001953125,1038.751953125,1028.239013671875,1034.635009765625,1034.6295166015625,149336410000.0,XU100.IS,bist100
2019-10-07,1032.9410400390625,1051.761962890625,1025.717041015625,1029.9320068359375,1029.926513671875,207722870000.0,XU100.IS,bist100
2019-10-08,1022.6959838867188,1028.1719970703125,1006.56298828125,1018.593017578125,1018.5875854492188,221447260000.0,XU100.IS,bist100
2019-10-09,1021.4650268554688,1026.0250244140625,996.22998046875,996.4869995117188,996.481689453125,190558720000.0,XU100.IS,bist100
2019-10-10,999.5789794921875,1002.594970703125,975.1069946289062,987.8040161132812,987.7987670898438,185499060000.0,XU100.IS,bist100
2019-10-11,992.3170166015625,997.8270263671875,987.7559814453125,990.2780151367188,990.2727661132812,135462200000.0,XU100.IS,bist100
2019-10-14,979.7960205078125,980.7420043945312,933.8209838867188,939.8140258789062,939.8090209960938,197707520000.0,XU100.IS,bist100
2019-10-15,955.926025390625,958.72900390625,947.8989868164062,952.5759887695312,952.5709228515625,136315140000.0,XU100.IS,bist100
2019-10-16,935.14697265625,943.905029296875,930.9439697265625,941.3720092773438,941.3670043945312,102653470000.0,XU100.IS,bist100
2019-10-17,941.3410034179688,950.9030151367188,930.3189697265625,948.9619750976562,948.9569702148438,100745590000.0,XU100.IS,bist100
2019-10-18,984.0599975585938,987.3060302734375,980.02197265625,984.1530151367188,984.1477661132812,121179680000.0,XU100.IS,bist100
2019-10-21,985.2639770507812,985.2639770507812,971.718994140625,973.239990234375,973.2348022460938,108301490000.0,XU100.IS,bist100
2019-10-22,975.3090209960938,983.6749877929688,972.6799926757812,978.864013671875,978.8588256835938,118713940000.0,XU100.IS,bist100
2019-10-23,987.9929809570312,998.510009765625,986.3720092773438,997.8519897460938,997.8466796875,161574060000.0,XU100.IS,bist100
2019-10-24,1004.4719848632812,1012.3880004882812,1000.5250244140625,1003.4559936523438,1003.45068359375,212760230000.0,XU100.IS,bist100
2019-10-25,1002.7210083007812,1006.72998046875,1000.4329833984375,1002.1599731445312,1002.1546630859375,111763510000.0,XU100.IS,bist100
2019-10-28,1003.85400390625,1005.4249877929688,998.3829956054688,998.3829956054688,998.377685546875,57800010000.0,XU100.IS,bist100
2019-10-30,989.208984375,996.656982421875,985.0449829101562,986.9199829101562,986.9147338867188,152752680000.0,XU100.IS,bist100
2019-10-31,989.2009887695312,992.010009765625,981.718017578125,984.6849975585938,984.6797485351562,118982930000.0,XU100.IS,bist100
2019-11-01,986.89697265625,988.135986328125,976.7860107421875,984.6270141601562,984.6217651367188,114230160000.0,XU100.IS,bist100
2019-11-04,992.6740112304688,1004.405029296875,991.4390258789062,1000.8779907226562,1000.8726806640625,131152300000.0,XU100.IS,bist100
2019-11-05,1001.4650268554688,1006.9390258789062,998.4769897460938,1005.2529907226562,1005.2476806640625,154007890000.0,XU100.IS,bist100
2019-11-06,1006.7239990234375,1015.989013671875,1003.6849975585938,1011.43701171875,1011.431640625,157020910000.0,XU100.IS,bist100
2019-11-07,1018.1229858398438,1035.4439697265625,1018.1229858398438,1035.4439697265625,1035.4384765625,176279440000.0,XU100.IS,bist100
2019-11-08,1034.4620361328125,1040.177978515625,1030.2080078125,1031.531982421875,1031.5264892578125,173196720000.0,XU100.IS,bist100
2019-11-11,1029.217041015625,1038.4110107421875,1023.6890258789062,1031.18505859375,1031.1795654296875,141486780000.0,XU100.IS,bist100
2019-11-12,1034.52294921875,1044.282958984375,1034.52294921875,1039.7239990234375,1039.718505859375,194758480000.0,XU100.IS,bist100
2019-11-13,1040.4990234375,1050.251953125,1036.823974609375,1048.281982421875,1048.2763671875,164044340000.0,XU100.IS,bist100
2019-11-14,1043.0689697265625,1051.64697265625,1033.0849609375,1037.8060302734375,1037.800537109375,178480200000.0,XU100.IS,bist100
2019-11-15,1044.7490234375,1055.178955078125,1044.0899658203125,1053.7969970703125,1053.7913818359375,150963540000.0,XU100.IS,bist100
2019-11-18,1059.0240478515625,1072.2239990234375,1059.0240478515625,1068.4620361328125,1068.4564208984375,202702860000.0,XU100.IS,bist100
2019-11-19,1071.9659423828125,1077.697998046875,1066.3370361328125,1075.2869873046875,1075.28125,192522330000.0,XU100.IS,bist100
2019-11-20,1073.405029296875,1081.4219970703125,1066.5389404296875,1067.8509521484375,1067.8453369140625,220220680000.0,XU100.IS,bist100
2019-11-21,1068.029052734375,1073.0699462890625,1063.1490478515625,1068.052001953125,1068.04638671875,176576660000.0,XU100.IS,bist100
2019-11-22,1071.0889892578125,1074.9510498046875,1060.197998046875,1065.884033203125,1065.87841796875,155649430000.0,XU100.IS,bist100
2019-11-25,1071.9320068359375,1078.4599609375,1052.220947265625,1053.824951171875,1053.8193359375,224159720000.0,XU100.IS,bist100
2019-11-26,1055.6810302734375,1061.623046875,1047.1829833984375,1059.8310546875,1059.825439453125,201955590000.0,XU100.IS,bist100
2019-11-27,1059.3580322265625,1064.3079833984375,1053.946044921875,1058.4420166015625,1058.4364013671875,175274090000.0,XU100.IS,bist100
2019-11-28,1060.8470458984375,1072.1319580078125,1060.157958984375,1071.261962890625,1071.2562255859375,143554470000.0,XU100.IS,bist100
2019-11-29,1073.0009765625,1076.697021484375,1065.64404296875,1069.0369873046875,1069.0313720703125,176737010000.0,XU100.IS,bist100
2019-12-02,1073.5009765625,1082.10205078125,1073.1810302734375,1080.04296875,1080.0372314453125,218576060000.0,XU100.IS,bist100
2019-12-03,1078.72998046875,1087.77197265625,1067.8990478515625,1067.8990478515625,1067.8934326171875,255835020000.0,XU100.IS,bist100
2019-12-04,1072.5450439453125,1077.947998046875,1067.0159912109375,1077.012939453125,1077.0072021484375,192760340000.0,XU100.IS,bist100
2019-12-05,1082.6009521484375,1090.3189697265625,1081.512939453125,1086.5899658203125,1086.584228515625,224042610000.0,XU100.IS,bist100
2019-12-06,1090.0889892578125,1093.1519775390625,1083.52001953125,1088.6910400390625,1088.685302734375,215571250000.0,XU100.IS,bist100
2019-12-09,1088.9649658203125,1091.2469482421875,1081.385009765625,1087.8609619140625,1087.855224609375,231961110000.0,XU100.IS,bist100
2019-12-10,1089.1240234375,1093.7840576171875,1076.177978515625,1080.114990234375,1080.1092529296875,207256050000.0,XU100.IS,bist100
2019-12-11,1080.3050537109375,1082.1820068359375,1074.6490478515625,1079.217041015625,1079.2113037109375,161710800000.0,XU100.IS,bist100
2019-12-12,1085.5589599609375,1101.14697265625,1085.5589599609375,1101.14697265625,1101.14111328125,205379440000.0,XU100.IS,bist100
2019-12-13,1110.1070556640625,1119.10400390625,1100.1800537109375,1104.7659912109375,1104.7601318359375,255667590000.0,XU100.IS,bist100
2019-12-16,1106.739990234375,1114.4339599609375,1102.344970703125,1111.2550048828125,1111.2491455078125,217012560000.0,XU100.IS,bist100
2019-12-17,1114.949951171875,1119.5570068359375,1109.3740234375,1110.737060546875,1110.731201171875,252351600000.0,XU100.IS,bist100
2019-12-18,1105.634033203125,1108.4820556640625,1101.0579833984375,1105.7469482421875,1105.7410888671875,240933550000.0,XU100.IS,bist100
2019-12-19,1108.531982421875,1112.7430419921875,1104.8590087890625,1105.9940185546875,1105.9881591796875,162260410000.0,XU100.IS,bist100
2019-12-20,1110.407958984375,1116.363037109375,1108.5889892578125,1111.7679443359375,1111.7620849609375,216949330000.0,XU100.IS,bist100
2019-12-23,1114.79296875,1121.7779541015625,1112.6619873046875,1121.751953125,1121.7459716796875,290775810000.0,XU100.IS,bist100
2019-12-24,1128.39697265625,1133.9549560546875,1127.8299560546875,1131.5350341796875,1131.529052734375,265096540000.0,XU100.IS,bist100
2019-12-26,1135.1419677734375,1145.3480224609375,1131.6619873046875,1136.530029296875,1136.5240478515625,210230260000.0,XU100.IS,bist100
2019-12-27,1140.3570556640625,1142.907958984375,1133.8070068359375,1136.8360595703125,1136.830078125,261655050000.0,XU100.IS,bist100
2019-12-30,1140.5699462890625,1149.614990234375,1140.5699462890625,1147.5400390625,1147.533935546875,264550790000.0,XU100.IS,bist100
2019-12-31,1150.720947265625,1153.1199951171875,1144.18603515625,1144.25,1144.243896484375,222832780000.0,XU100.IS,bist100
2020-01-02,1149.0250244140625,1159.321044921875,1145.6590576171875,1159.321044921875,1159.31494140625,240903190000.0,XU100.IS,bist100
2020-01-03,1151.427978515625,1155.708984375,1126.1719970703125,1136.8399658203125,1136.833984375,292921630000.0,XU100.IS,bist100
2020-01-06,1125.323974609375,1129.73095703125,1112.1199951171875,1114.126953125,1114.12109375,203797380000.0,XU100.IS,bist100
2020-01-07,1125.93994140625,1133.8719482421875,1123.4759521484375,1125.9990234375,1125.9930419921875,177887140000.0,XU100.IS,bist100
2020-01-08,1109.6080322265625,1133.4239501953125,1107.4560546875,1128.760986328125,1128.7550048828125,233224820000.0,XU100.IS,bist100
2020-01-09,1152.364990234375,1181.446044921875,1152.364990234375,1179.905029296875,1179.8988037109375,343141350000.0,XU100.IS,bist100
2020-01-10,1182.5069580078125,1191.4019775390625,1177.010986328125,1186.636962890625,1186.630615234375,328211670000.0,XU100.IS,bist100
2020-01-13,1195.9520263671875,1208.9969482421875,1195.9520263671875,1202.489990234375,1202.483642578125,287828890000.0,XU100.IS,bist100
2020-01-14,1203.927001953125,1215.0439453125,1195.7469482421875,1214.2330322265625,1214.2265625,256939730000.0,XU100.IS,bist100
2020-01-15,1212.3260498046875,1218.041015625,1204.4239501953125,1209.387939453125,1209.3814697265625,337796020000.0,XU100.IS,bist100
2020-01-16,1213.779052734375,1224.823974609375,1207.6309814453125,1210.009033203125,1210.0025634765625,321423330000.0,XU100.IS,bist100
2020-01-17,1216.18994140625,1218.7430419921875,1205.968994140625,1214.748046875,1214.7415771484375,208611630000.0,XU100.IS,bist100
2020-01-20,1218.7950439453125,1229.260009765625,1218.7950439453125,1226.197998046875,1226.1915283203125,228175510000.0,XU100.IS,bist100
2020-01-21,1218.8680419921875,1238.0400390625,1215.041015625,1235.56103515625,1235.554443359375,280043970000.0,XU100.IS,bist100
2020-01-22,1242.1590576171875,1245.365966796875,1223.68701171875,1227.470947265625,1227.4644775390625,261257130000.0,XU100.IS,bist100
2020-01-23,1223.9239501953125,1234.573974609375,1221.8819580078125,1225.4019775390625,1225.3955078125,215805460000.0,XU100.IS,bist100
2020-01-24,1236.93701171875,1239.363037109375,1207.614013671875,1221.41796875,1221.4114990234375,236977230000.0,XU100.IS,bist100
2020-01-27,1207.116943359375,1216.7359619140625,1200.001953125,1201.4969482421875,1201.4906005859375,235605750000.0,XU100.IS,bist100
2020-01-28,1208.1619873046875,1211.093994140625,1194.031982421875,1198.0159912109375,1198.0096435546875,231326320000.0,XU100.IS,bist100
2020-01-29,1205.8590087890625,1207.406982421875,1195.0579833984375,1196.89501953125,1196.888671875,224870800000.0,XU100.IS,bist100
2020-01-30,1192.3089599609375,1198.718017578125,1182.5589599609375,1198.4969482421875,1198.4906005859375,210244750000.0,XU100.IS,bist100
2020-01-31,1200.9620361328125,1203.178955078125,1191.4010009765625,1191.4010009765625,1191.3946533203125,268771460000.0,XU100.IS,bist100
2020-02-03,1194.364990234375,1197.8409423828125,1187.615966796875,1192.427978515625,1192.421630859375,237923410000.0,XU100.IS,bist100
2020-02-04,1204.7640380859375,1222.2010498046875,1201.592041015625,1221.362060546875,1221.3555908203125,236395030000.0,XU100.IS,bist100
2020-02-05,1224.1669921875,1236.29296875,1219.06396484375,1223.2080078125,1223.2015380859375,282472760000.0,XU100.IS,bist100
2020-02-06,1227.1209716796875,1238.449951171875,1219.9200439453125,1222.8389892578125,1222.83251953125,265700260000.0,XU100.IS,bist100
2020-02-07,1224.762939453125,1228.1219482421875,1209.1280517578125,1210.1510009765625,1210.14453125,213547890000.0,XU100.IS,bist100
2020-02-10,1204.593994140625,1211.89697265625,1166.47802734375,1183.4150390625,1183.4088134765625,279408550000.0,XU100.IS,bist100
2020-02-11,1195.0469970703125,1200.7750244140625,1174.509033203125,1197.97802734375,1197.9716796875,269036930000.0,XU100.IS,bist100
2020-02-12,1199.4000244140625,1213.697998046875,1192.2919921875,1200.487060546875,1200.480712890625,300302500000.0,XU100.IS,bist100
2020-02-13,1200.0040283203125,1208.115966796875,1194.7249755859375,1205.405029296875,1205.398681640625,220873490000.0,XU100.IS,bist100
2020-02-14,1210.8199462890625,1215.8050537109375,1200.4930419921875,1201.5140380859375,1201.5076904296875,230637680000.0,XU100.IS,bist100
2020-02-17,1209.8199462890625,1212.4239501953125,1205.612060546875,1207.9189453125,1207.91259765625,255953370000.0,XU100.IS,bist100
2020-02-18,1204.5140380859375,1204.5140380859375,1191.448974609375,1195.740966796875,1195.734619140625,256963060000.0,XU100.IS,bist100
2020-02-19,1200.362060546875,1204.64794921875,1185.7060546875,1191.9610595703125,1191.9547119140625,207714330000.0,XU100.IS,bist100
2020-02-20,1192.8890380859375,1193.5030517578125,1149.208984375,1156.4200439453125,1156.4139404296875,265069260000.0,XU100.IS,bist100
2020-02-21,1150.89501953125,1174.1529541015625,1144.5340576171875,1168.2939453125,1168.2877197265625,259726340000.0,XU100.IS,bist100
2020-02-24,1149.843994140625,1149.843994140625,1134.6259765625,1147.8919677734375,1147.8858642578125,197345720000.0,XU100.IS,bist100
2020-02-25,1156.260986328125,1159.91796875,1138.5040283203125,1143.64501953125,1143.638916015625,250854370000.0,XU100.IS,bist100
2020-02-26,1142.8179931640625,1153.530029296875,1131.4649658203125,1151.7130126953125,1151.7069091796875,227626250000.0,XU100.IS,bist100
2020-02-27,1139.7550048828125,1144.635986328125,1104.1839599609375,1104.1839599609375,1104.1781005859375,253773530000.0,XU100.IS,bist100
2020-02-28,993.3200073242188,1077.60205078125,993.3200073242188,1059.93701171875,1059.931396484375,179212280000.0,XU100.IS,bist100
2020-03-02,1083.79296875,1094.052978515625,1064.2530517578125,1073.0989990234375,1073.09326171875,169630060000.0,XU100.IS,bist100
2020-03-03,1089.9749755859375,1112.072998046875,1088.81396484375,1112.072998046875,1112.067138671875,183596640000.0,XU100.IS,bist100
2020-03-04,1109.592041015625,1128.987060546875,1106.782958984375,1107.85400390625,1107.84814453125,218963710000.0,XU100.IS,bist100
2020-03-05,1125.0460205078125,1131.0660400390625,1114.0340576171875,1118.1510009765625,1118.14501953125,156244160000.0,XU100.IS,bist100
2020-03-06,1116.5369873046875,1123.4510498046875,1087.7469482421875,1096.0050048828125,1095.9991455078125,150366880000.0,XU100.IS,bist100
2020-03-09,1065.3990478515625,1065.85400390625,1019.9509887695312,1035.239990234375,1035.2344970703125,158975800000.0,XU100.IS,bist100
2020-03-10,1060.2110595703125,1068.572021484375,1010.2230224609375,1010.625,1010.61962890625,181574180000.0,XU100.IS,bist100
2020-03-11,1004.1640014648438,1028.385986328125,988.0590209960938,1009.6630249023438,1009.6576538085938,185698840000.0,XU100.IS,bist100
2020-03-12,984.4819946289062,990.2689819335938,928.5369873046875,936.39501953125,936.3900756835938,174356790000.0,XU100.IS,bist100
2020-03-13,936.5750122070312,988.5549926757812,916.4429931640625,956.052001953125,956.0469360351562,225633090000.0,XU100.IS,bist100
2020-03-16,922.6400146484375,922.6400146484375,868.5330200195312,878.8829956054688,878.8783569335938,138512320000.0,XU100.IS,bist100
2020-03-17,889.2340087890625,889.4860229492188,819.364013671875,867.7769775390625,867.7723999023438,206660950000.0,XU100.IS,bist100
2020-03-18,847.7650146484375,878.2459716796875,843.0269775390625,855.7659912109375,855.761474609375,167162840000.0,XU100.IS,bist100
2020-03-19,849.4030151367188,868.7899780273438,840.719970703125,851.9539794921875,851.949462890625,177440150000.0,XU100.IS,bist100
2020-03-20,872.1710205078125,880.9349975585938,850.052001953125,857.9580078125,857.9534301757812,161103750000.0,XU100.IS,bist100
2020-03-23,830.4400024414062,865.8720092773438,825.2849731445312,842.4619750976562,842.45751953125,178720550000.0,XU100.IS,bist100
2020-03-24,875.7139892578125,896.3829956054688,870.5040283203125,892.8619995117188,892.8572387695312,193808860000.0,XU100.IS,bist100
2020-03-25,905.1890258789062,919.594970703125,881.2329711914062,890.6300048828125,890.6253051757812,263906980000.0,XU100.IS,bist100
2020-03-26,889.5989990234375,918.0709838867188,884.81201171875,915.2760009765625,915.2711181640625,239213180000.0,XU100.IS,bist100
2020-03-27,918.3389892578125,922.9929809570312,881.25,881.25,881.2453002929688,210789440000.0,XU100.IS,bist100
2020-03-30,879.3699951171875,888.1190185546875,868.1510009765625,880.594970703125,880.5902709960938,142756870000.0,XU100.IS,bist100
2020-03-31,892.7869873046875,902.6859741210938,886.4190063476562,896.43701171875,896.4322509765625,192649780000.0,XU100.IS,bist100
2020-04-01,882.8579711914062,903.9920043945312,878.885986328125,890.8510131835938,890.8463134765625,253913630000.0,XU100.IS,bist100
2020-04-02,897.4849853515625,904.0880126953125,880.8189697265625,895.1090087890625,895.104248046875,237591800000.0,XU100.IS,bist100
2020-04-03,896.1409912109375,899.68798828125,890.4310302734375,895.5260009765625,895.521240234375,157430390000.0,XU100.IS,bist100
2020-04-06,909.8909912109375,921.5750122070312,906.3060302734375,920.7109985351562,920.7061157226562,178825080000.0,XU100.IS,bist100
2020-04-07,931.7410278320312,947.7860107421875,923.8179931640625,923.8179931640625,923.8131103515625,281702880000.0,XU100.IS,bist100
2020-04-08,924.8170166015625,932.7520141601562,918.0339965820312,932.2520141601562,932.2470703125,169094410000.0,XU100.IS,bist100
2020-04-09,942.7540283203125,958.343994140625,936.2930297851562,958.343994140625,958.3389282226562,284964880000.0,XU100.IS,bist100
2020-04-10,962.0130004882812,974.8289794921875,953.5250244140625,964.7100219726562,964.7048950195312,223209680000.0,XU100.IS,bist100
2020-04-13,954.6320190429688,973.125,950.1900024414062,963.9860229492188,963.9808959960938,198910630000.0,XU100.IS,bist100
2020-04-14,974.9110107421875,986.3040161132812,972.7269897460938,985.4979858398438,985.4927368164062,240109330000.0,XU100.IS,bist100
2020-04-15,989.448974609375,990.4420166015625,946.0250244140625,958.5490112304688,958.5439453125,244009840000.0,XU100.IS,bist100
2020-04-16,967.0599975585938,970.6489868164062,953.3040161132812,962.4910278320312,962.4859008789062,209437470000.0,XU100.IS,bist100
2020-04-17,982.8720092773438,987.5850219726562,976.010009765625,981.7979736328125,981.7927856445312,233143610000.0,XU100.IS,bist100
2020-04-20,986.6160278320312,992.6669921875,980.6799926757812,989.458984375,989.4537353515625,221393140000.0,XU100.IS,bist100
2020-04-21,983.6849975585938,985.0330200195312,972.7589721679688,976.1900024414062,976.184814453125,223082880000.0,XU100.IS,bist100
2020-04-22,981.2949829101562,989.6179809570312,978.9660034179688,981.7100219726562,981.704833984375,229136830000.0,XU100.IS,bist100
2020-04-24,984.4949951171875,994.9710083007812,979.2930297851562,987.5900268554688,987.5847778320312,223963750000.0,XU100.IS,bist100
2020-04-27,1000.8629760742188,1013.6060180664062,1000.8629760742188,1012.6740112304688,1012.6686401367188,256329310000.0,XU100.IS,bist100
2020-04-28,1015.4340209960938,1019.1749877929688,1006.2109985351562,1007.0750122070312,1007.0696411132812,248225560000.0,XU100.IS,bist100
2020-04-29,1012.125,1017.427001953125,1005.791015625,1015.9530029296875,1015.9476318359375,213507810000.0,XU100.IS,bist100
2020-04-30,1019.9550170898438,1023.2839965820312,993.594970703125,1011.1010131835938,1011.0956420898438,231739590000.0,XU100.IS,bist100
2020-05-04,1002.5380249023438,1002.5380249023438,983.0560302734375,988.4219970703125,988.416748046875,170088190000.0,XU100.IS,bist100
2020-05-05,996.343017578125,997.9130249023438,978.8049926757812,987.375,987.3697509765625,204478920000.0,XU100.IS,bist100
2020-05-06,988.8610229492188,992.801025390625,980.6950073242188,985.7150268554688,985.7097778320312,228480200000.0,XU100.IS,bist100
2020-05-07,985.7990112304688,992.7349853515625,977.9959716796875,983.9879760742188,983.9827270507812,238786160000.0,XU100.IS,bist100
2020-05-08,989.0260009765625,995.1439819335938,976.718017578125,978.4520263671875,978.4468383789062,259502530000.0,XU100.IS,bist100
2020-05-11,984.197998046875,986.4110107421875,977.9219970703125,977.9219970703125,977.9168090820312,209128830000.0,XU100.IS,bist100
2020-05-12,979.2639770507812,997.0830078125,977.4030151367188,996.1589965820312,996.1536865234375,253824880000.0,XU100.IS,bist100
2020-05-13,997.051025390625,1008.6489868164062,994.4290161132812,1001.5910034179688,1001.585693359375,238757410000.0,XU100.IS,bist100
2020-05-14,1000.0789794921875,1003.81201171875,984.9429931640625,991.9299926757812,991.9247436523438,233288990000.0,XU100.IS,bist100
2020-05-15,996.7830200195312,1008.125,996.7830200195312,997.6820068359375,997.6766967773438,188248250000.0,XU100.IS,bist100
2020-05-18,1008.968017578125,1022.2449951171875,1008.968017578125,1019.8300170898438,1019.8245849609375,242038680000.0,XU100.IS,bist100
2020-05-20,1024.91796875,1029.9840087890625,1019.6799926757812,1021.5750122070312,1021.569580078125,207180380000.0,XU100.IS,bist100
2020-05-21,1022.2410278320312,1032.27294921875,1021.4910278320312,1026.489013671875,1026.4835205078125,206473120000.0,XU100.IS,bist100
2020-05-22,1024.5369873046875,1033.0670166015625,1020.1380004882812,1030.2430419921875,1030.237548828125,156761220000.0,XU100.IS,bist100
2020-05-27,1037.97998046875,1054.9510498046875,1037.97998046875,1049.5350341796875,1049.5294189453125,255335930000.0,XU100.IS,bist100
2020-05-28,1055.56103515625,1062.9150390625,1045.345947265625,1053.5980224609375,1053.5924072265625,268233170000.0,XU100.IS,bist100
2020-05-29,1051.8289794921875,1056.6920166015625,1046.7099609375,1055.2049560546875,1055.1993408203125,285369280000.0,XU100.IS,bist100
2020-06-01,1064.81005859375,1073.7149658203125,1063.5699462890625,1072.6619873046875,1072.65625,284425740000.0,XU100.IS,bist100
2020-06-02,1077.8790283203125,1084.8370361328125,1070.987060546875,1080.9730224609375,1080.96728515625,303372830000.0,XU100.IS,bist100
2020-06-03,1089.261962890625,1092.3079833984375,1083.2659912109375,1091.113037109375,1091.1072998046875,289627880000.0,XU100.IS,bist100
2020-06-04,1093.8380126953125,1098.531005859375,1087.7939453125,1095.3690185546875,1095.3631591796875,291745640000.0,XU100.IS,bist100
2020-06-05,1101.426025390625,1106.01904296875,1095.4560546875,1100.218017578125,1100.212158203125,200333120000.0,XU100.IS,bist100
2020-06-08,1103.3189697265625,1110.427978515625,1092.4840087890625,1096.3709716796875,1096.3651123046875,252043950000.0,XU100.IS,bist100
2020-06-09,1099.449951171875,1103.2989501953125,1084.56396484375,1092.364990234375,1092.3592529296875,283749440000.0,XU100.IS,bist100
2020-06-10,1095.998046875,1104.0980224609375,1093.916015625,1097.7889404296875,1097.7830810546875,351118970000.0,XU100.IS,bist100
2020-06-11,1093.739990234375,1101.5849609375,1087.449951171875,1091.553955078125,1091.5482177734375,345027900000.0,XU100.IS,bist100
2020-06-12,1084.8480224609375,1101.2740478515625,1078.3299560546875,1098.35498046875,1098.34912109375,288189060000.0,XU100.IS,bist100
2020-06-15,1093.9300537109375,1100.6689453125,1087.1610107421875,1095.56005859375,1095.55419921875,298001300000.0,XU100.IS,bist100
2020-06-16,1108.14794921875,1118.75,1107.06005859375,1109.39697265625,1109.39111328125,373469780000.0,XU100.IS,bist100
2020-06-17,1112.81298828125,1116.1510009765625,1104.1409912109375,1109.4000244140625,1109.3941650390625,320484840000.0,XU100.IS,bist100
2020-06-18,1111.1689453125,1126.761962890625,1111.1689453125,1124.946044921875,1124.9400634765625,404874470000.0,XU100.IS,bist100
2020-06-19,1135.614013671875,1143.375,1128.5789794921875,1136.1190185546875,1136.113037109375,489228860000.0,XU100.IS,bist100
2020-06-22,1147.0140380859375,1154.4739990234375,1142.6719970703125,1151.9010009765625,1151.8948974609375,430937180000.0,XU100.IS,bist100
2020-06-23,1156.16796875,1162.7919921875,1150.595947265625,1153.3890380859375,1153.3829345703125,469964200000.0,XU100.IS,bist100
2020-06-24,1153.6949462890625,1156.2740478515625,1143.3310546875,1144.489013671875,1144.48291015625,424831300000.0,XU100.IS,bist100
2020-06-25,1143.9200439453125,1149.751953125,1134.196044921875,1141.3900146484375,1141.3839111328125,364319020000.0,XU100.IS,bist100
2020-06-26,1151.1700439453125,1153.553955078125,1143.8929443359375,1146.6839599609375,1146.6778564453125,309253650000.0,XU100.IS,bist100
2020-06-29,1147.7640380859375,1160.14599609375,1144.321044921875,1158.4300537109375,1158.4239501953125,374467370000.0,XU100.IS,bist100
2020-06-30,1164.260986328125,1169.70703125,1161.468017578125,1165.248046875,1165.2418212890625,539126540000.0,XU100.IS,bist100
2020-07-01,1171.6810302734375,1173.5789794921875,1151.2259521484375,1153.1500244140625,1153.1439208984375,528177730000.0,XU100.IS,bist100
2020-07-02,1158.43603515625,1171.7769775390625,1157.4599609375,1169.0780029296875,1169.07177734375,435468580000.0,XU100.IS,bist100
2020-07-03,1173.156005859375,1173.9119873046875,1153.114990234375,1157.4849853515625,1157.4788818359375,455603820000.0,XU100.IS,bist100
2020-07-06,1166.739013671875,1185.1219482421875,1166.739013671875,1184.85205078125,1184.8458251953125,453968440000.0,XU100.IS,bist100
2020-07-07,1187.9239501953125,1197.4520263671875,1170.7509765625,1193.3890380859375,1193.3826904296875,766805850000.0,XU100.IS,bist100
2020-07-08,1196.031005859375,1202.0340576171875,1185.76904296875,1187.125,1187.11865234375,591750790000.0,XU100.IS,bist100
2020-07-09,1193.488037109375,1196.864013671875,1156.344970703125,1157.93603515625,1157.929931640625,526519920000.0,XU100.IS,bist100
2020-07-10,1154.509033203125,1154.509033203125,1128.2939453125,1148.0860595703125,1148.0799560546875,502818720000.0,XU100.IS,bist100
2020-07-13,1162.6209716796875,1183.987060546875,1161.2550048828125,1183.987060546875,1183.9808349609375,445809330000.0,XU100.IS,bist100
2020-07-14,1181.137939453125,1186.5760498046875,1170.02197265625,1177.4110107421875,1177.40478515625,517175780000.0,XU100.IS,bist100
2020-07-16,1187.3480224609375,1194.512939453125,1186.8480224609375,1188.074951171875,1188.068603515625,385690320000.0,XU100.IS,bist100
2020-07-17,1188.64599609375,1191.6109619140625,1183.60595703125,1187.8609619140625,1187.8546142578125,283413660000.0,XU100.IS,bist100
2020-07-20,1188.4449462890625,1197.4730224609375,1185.8280029296875,1192.8089599609375,1192.8026123046875,354900210000.0,XU100.IS,bist100
2020-07-21,1201.708984375,1205.85595703125,1171.60498046875,1180.4200439453125,1180.413818359375,473565610000.0,XU100.IS,bist100
2020-07-22,1188.156005859375,1193.7159423828125,1175.35595703125,1180.7989501953125,1180.792724609375,516305390000.0,XU100.IS,bist100
2020-07-23,1187.1400146484375,1196.7239990234375,1185.85400390625,1190.31201171875,1190.3056640625,350833490000.0,XU100.IS,bist100
2020-07-24,1185.008056640625,1192.0159912109375,1182.2080078125,1192.0159912109375,1192.0096435546875,316593300000.0,XU100.IS,bist100
2020-07-27,1199.5999755859375,1203.4000244140625,1194.4000244140625,1195.699951171875,1195.693603515625,2729247100.0,XU100.IS,bist100
2020-07-28,1197.0999755859375,1198.199951171875,1152.699951171875,1152.699951171875,1152.69384765625,4094110200.0,XU100.IS,bist100
2020-07-29,1156.0,1159.699951171875,1121.0,1135.5999755859375,1135.593994140625,4345011800.0,XU100.IS,bist100
2020-07-30,1137.199951171875,1137.199951171875,1124.5999755859375,1126.9000244140625,1126.89404296875,1403498000.0,XU100.IS,bist100
2020-08-04,1140.4000244140625,1143.300048828125,1064.9000244140625,1087.199951171875,1087.1942138671875,4294044700.0,XU100.IS,bist100
2020-08-05,1095.300048828125,1100.5999755859375,1066.0999755859375,1091.800048828125,1091.7943115234375,4574041300.0,XU100.IS,bist100
2020-08-06,1090.5999755859375,1093.699951171875,1033.800048828125,1034.4000244140625,1034.39453125,5070717200.0,XU100.IS,bist100
2020-08-07,1030.300048828125,1062.0999755859375,985.4000244140625,1060.5999755859375,1060.5943603515625,6044999200.0,XU100.IS,bist100
2020-08-10,1055.5999755859375,1078.9000244140625,1039.0,1075.5,1075.4942626953125,3799076400.0,XU100.IS,bist100
2020-08-11,1082.199951171875,1112.4000244140625,1082.199951171875,1110.0999755859375,1110.0941162109375,4701037100.0,XU100.IS,bist100
2020-08-12,1114.9000244140625,1119.300048828125,1096.5,1114.199951171875,1114.194091796875,4620354200.0,XU100.IS,bist100
2020-08-13,1119.5,1125.9000244140625,1095.800048828125,1100.300048828125,1100.294189453125,3870889800.0,XU100.IS,bist100
2020-08-14,1093.5,1096.199951171875,1077.300048828125,1083.800048828125,1083.7943115234375,3143601500.0,XU100.IS,bist100
2020-08-17,1085.5,1090.199951171875,1077.300048828125,1086.199951171875,1086.1942138671875,2790529200.0,XU100.IS,bist100
2020-08-18,1087.800048828125,1100.5999755859375,1084.5,1092.5,1092.4942626953125,2627158100.0,XU100.IS,bist100
2020-08-19,1099.4000244140625,1125.800048828125,1099.4000244140625,1124.699951171875,1124.6939697265625,3996964800.0,XU100.IS,bist100
2020-08-20,1125.0,1131.699951171875,1113.9000244140625,1126.800048828125,1126.7940673828125,4220804500.0,XU100.IS,bist100
2020-08-21,1132.9000244140625,1141.300048828125,1106.699951171875,1109.9000244140625,1109.8941650390625,5659230900.0,XU100.IS,bist100
2020-08-24,1111.199951171875,1118.0999755859375,1106.199951171875,1108.4000244140625,1108.3941650390625,3085298700.0,XU100.IS,bist100
2020-08-25,1114.0999755859375,1118.199951171875,1083.0999755859375,1092.199951171875,1092.1942138671875,3133299100.0,XU100.IS,bist100
2020-08-26,1090.0999755859375,1104.699951171875,1086.0,1099.0,1098.994140625,3168451200.0,XU100.IS,bist100
2020-08-27,1107.5999755859375,1111.5999755859375,1102.0,1108.9000244140625,1108.8941650390625,2897594500.0,XU100.IS,bist100
2020-08-28,1112.9000244140625,1113.5999755859375,1094.800048828125,1100.5999755859375,1100.5941162109375,2913086000.0,XU100.IS,bist100
2020-08-31,1101.800048828125,1102.4000244140625,1076.0999755859375,1078.5999755859375,1078.59423828125,2918914900.0,XU100.IS,bist100
2020-09-01,1081.699951171875,1086.300048828125,1064.4000244140625,1085.199951171875,1085.1942138671875,2789563000.0,XU100.IS,bist100
2020-09-02,1086.0999755859375,1091.300048828125,1079.800048828125,1083.9000244140625,1083.894287109375,2613688100.0,XU100.IS,bist100
2020-09-03,1085.9000244140625,1091.0999755859375,1074.300048828125,1076.300048828125,1076.2943115234375,2352568600.0,XU100.IS,bist100
2020-09-04,1075.5999755859375,1090.0,1072.800048828125,1086.300048828125,1086.2943115234375,2594136500.0,XU100.IS,bist100
2020-09-07,1089.5,1097.800048828125,1089.5,1096.800048828125,1096.794189453125,2272089100.0,XU100.IS,bist100
2020-09-08,1101.5999755859375,1102.800048828125,1085.199951171875,1089.5999755859375,1089.59423828125,2386368100.0,XU100.IS,bist100
2020-09-09,1089.4000244140625,1099.800048828125,1087.5,1099.699951171875,1099.694091796875,3330318000.0,XU100.IS,bist100
2020-09-10,1101.0,1106.0,1093.5999755859375,1099.0999755859375,1099.0941162109375,4097641300.0,XU100.IS,bist100
2020-09-11,1100.800048828125,1104.800048828125,1096.800048828125,1102.699951171875,1102.694091796875,2843845300.0,XU100.IS,bist100
2020-09-14,1105.300048828125,1110.300048828125,1103.4000244140625,1107.300048828125,1107.294189453125,3091678500.0,XU100.IS,bist100
2020-09-15,1110.5999755859375,1118.699951171875,1096.699951171875,1111.199951171875,1111.194091796875,3417397000.0,XU100.IS,bist100
2020-09-16,1113.5,1116.5999755859375,1104.699951171875,1107.0999755859375,1107.0941162109375,2147144900.0,XU100.IS,bist100
2020-09-17,1105.699951171875,1110.699951171875,1100.300048828125,1110.699951171875,1110.694091796875,2662498900.0,XU100.IS,bist100
2020-09-18,1112.699951171875,1115.800048828125,1109.5999755859375,1112.0,1111.994140625,2691021500.0,XU100.IS,bist100
2020-09-21,1111.800048828125,1115.0999755859375,1085.699951171875,1087.0,1086.9942626953125,3285329700.0,XU100.IS,bist100
2020-09-22,1088.699951171875,1097.5,1084.9000244140625,1096.199951171875,1096.194091796875,2923680200.0,XU100.IS,bist100
2020-09-23,1101.0,1109.800048828125,1098.800048828125,1102.699951171875,1102.694091796875,2989501500.0,XU100.IS,bist100
2020-09-24,1098.9000244140625,1120.699951171875,1097.0,1119.5999755859375,1119.593994140625,4087385500.0,XU100.IS,bist100
2020-09-25,1129.0,1135.0999755859375,1123.800048828125,1124.199951171875,1124.1939697265625,3987253400.0,XU100.IS,bist100
2020-09-28,1124.699951171875,1130.699951171875,1116.300048828125,1121.199951171875,1121.1939697265625,3340709300.0,XU100.IS,bist100
2020-09-29,1123.699951171875,1132.300048828125,1112.4000244140625,1123.300048828125,1123.2940673828125,3802199200.0,XU100.IS,bist100
2020-09-30,1129.0,1146.699951171875,1129.0,1145.199951171875,1145.19384765625,4309357400.0,XU100.IS,bist100
2020-10-01,1150.0999755859375,1155.4000244140625,1142.800048828125,1143.5,1143.493896484375,3510659300.0,XU100.IS,bist100
2020-10-02,1138.9000244140625,1150.4000244140625,1137.5999755859375,1145.0,1144.993896484375,3450389800.0,XU100.IS,bist100
2020-10-05,1150.800048828125,1161.0,1150.800048828125,1160.699951171875,1160.69384765625,2538804700.0,XU100.IS,bist100
2020-10-06,1165.0999755859375,1170.5,1153.699951171875,1153.699951171875,1153.69384765625,3714641900.0,XU100.IS,bist100
2020-10-07,1150.0999755859375,1156.9000244140625,1147.4000244140625,1152.4000244140625,1152.3939208984375,3248033900.0,XU100.IS,bist100
2020-10-08,1156.699951171875,1159.4000244140625,1143.300048828125,1150.5,1150.493896484375,3163287900.0,XU100.IS,bist100
2020-10-09,1152.800048828125,1166.5,1151.0,1165.699951171875,1165.6937255859375,3660290600.0,XU100.IS,bist100
2020-10-12,1169.199951171875,1181.5999755859375,1169.0999755859375,1178.4000244140625,1178.393798828125,4248628200.0,XU100.IS,bist100
2020-10-13,1181.0,1181.5999755859375,1170.800048828125,1174.699951171875,1174.6937255859375,3910863500.0,XU100.IS,bist100
2020-10-14,1177.0999755859375,1189.699951171875,1172.5999755859375,1189.300048828125,1189.293701171875,5858456600.0,XU100.IS,bist100
2020-10-15,1188.4000244140625,1191.5,1175.199951171875,1180.4000244140625,1180.393798828125,4411621100.0,XU100.IS,bist100
2020-10-16,1185.0,1193.800048828125,1183.0999755859375,1192.699951171875,1192.693603515625,3948957700.0,XU100.IS,bist100
2020-10-19,1195.5,1209.5,1195.5,1205.4000244140625,1205.3936767578125,4244644000.0,XU100.IS,bist100
2020-10-20,1208.199951171875,1213.699951171875,1202.4000244140625,1210.4000244140625,1210.3935546875,4244963400.0,XU100.IS,bist100
2020-10-21,1220.9000244140625,1223.0,1209.300048828125,1211.5,1211.4935302734375,4128393000.0,XU100.IS,bist100
2020-10-22,1213.5999755859375,1216.0,1196.5999755859375,1198.300048828125,1198.293701171875,5673161500.0,XU100.IS,bist100
2020-10-23,1200.4000244140625,1204.5999755859375,1179.5,1190.5999755859375,1190.5936279296875,4404421800.0,XU100.IS,bist100
2020-10-26,1183.5999755859375,1183.5999755859375,1141.5999755859375,1144.5,1144.493896484375,5592181900.0,XU100.IS,bist100
2020-10-27,1143.9000244140625,1157.9000244140625,1133.699951171875,1152.5999755859375,1152.5938720703125,5145879700.0,XU100.IS,bist100
2020-10-28,1150.0999755859375,1152.5999755859375,1127.0,1127.0,1126.9940185546875,2517117400.0,XU100.IS,bist100
2020-10-30,1120.9000244140625,1120.9000244140625,1095.699951171875,1112.4000244140625,1112.3941650390625,6603070600.0,XU100.IS,bist100
2020-11-02,1119.699951171875,1143.5,1117.699951171875,1133.5999755859375,1133.593994140625,5573290300.0,XU100.IS,bist100
2020-11-03,1138.5999755859375,1156.0,1122.5999755859375,1150.699951171875,1150.69384765625,4442168200.0,XU100.IS,bist100
2020-11-04,1155.5,1170.9000244140625,1154.0,1167.699951171875,1167.6937255859375,4691755200.0,XU100.IS,bist100
2020-11-05,1172.800048828125,1184.5999755859375,1165.800048828125,1180.0,1179.9937744140625,4969504100.0,XU100.IS,bist100
2020-11-06,1180.5,1192.199951171875,1177.0999755859375,1192.0,1191.99365234375,4683698400.0,XU100.IS,bist100
2020-11-09,1214.4000244140625,1235.300048828125,1211.199951171875,1231.5,1231.493408203125,5964972600.0,XU100.IS,bist100
2020-11-10,1226.699951171875,1244.4000244140625,1218.800048828125,1243.0,1242.993408203125,5130828600.0,XU100.IS,bist100
2020-11-11,1249.9000244140625,1284.5999755859375,1248.4000244140625,1279.199951171875,1279.193115234375,8656772000.0,XU100.IS,bist100
2020-11-12,1284.5,1303.800048828125,1262.5999755859375,1271.800048828125,1271.7933349609375,8861019200.0,XU100.IS,bist100
2020-11-13,1277.0999755859375,1292.800048828125,1272.800048828125,1291.300048828125,1291.293212890625,5389577500.0,XU100.IS,bist100
2020-11-16,1304.699951171875,1310.0,1291.5,1293.0,1292.9931640625,4343358100.0,XU100.IS,bist100
2020-11-17,1291.699951171875,1293.0,1259.699951171875,1259.699951171875,1259.6932373046875,4561029500.0,XU100.IS,bist100
2020-11-18,1264.0999755859375,1294.699951171875,1264.0999755859375,1294.699951171875,1294.693115234375,6305883900.0,XU100.IS,bist100
2020-11-19,1293.699951171875,1325.699951171875,1277.699951171875,1313.0,1312.9930419921875,9457914300.0,XU100.IS,bist100
2020-11-20,1315.699951171875,1328.300048828125,1315.5999755859375,1324.0,1323.992919921875,4814313900.0,XU100.IS,bist100
2020-11-23,1329.300048828125,1336.0999755859375,1299.300048828125,1314.300048828125,1314.2930908203125,5836002400.0,XU100.IS,bist100
2020-11-24,1323.199951171875,1334.300048828125,1308.699951171875,1321.0,1320.9930419921875,6986828400.0,XU100.IS,bist100
2020-11-25,1330.0999755859375,1341.9000244140625,1323.4000244140625,1325.5,1325.492919921875,5582814600.0,XU100.IS,bist100
2020-11-26,1334.699951171875,1343.9000244140625,1326.0999755859375,1342.5,1342.492919921875,4251432200.0,XU100.IS,bist100
2020-11-27,1348.5,1351.699951171875,1324.699951171875,1328.699951171875,1328.69287109375,5611336000.0,XU100.IS,bist100
2020-11-30,1314.4000244140625,1316.5,1283.5999755859375,1283.5999755859375,1283.5931396484375,5118634800.0,XU100.IS,bist100
2020-12-01,1302.300048828125,1325.300048828125,1287.5999755859375,1325.300048828125,1325.29296875,4606842500.0,XU100.IS,bist100
2020-12-02,1326.800048828125,1339.0,1318.4000244140625,1325.5,1325.492919921875,4573173200.0,XU100.IS,bist100
2020-12-03,1327.5999755859375,1335.800048828125,1315.5,1330.9000244140625,1330.8929443359375,5744630100.0,XU100.IS,bist100
2020-12-04,1331.5999755859375,1337.9000244140625,1326.199951171875,1330.9000244140625,1330.8929443359375,5295296100.0,XU100.IS,bist100
2020-12-07,1330.0,1336.699951171875,1326.0999755859375,1329.9000244140625,1329.8929443359375,4879614200.0,XU100.IS,bist100
2020-12-08,1331.5999755859375,1348.300048828125,1331.5999755859375,1339.9000244140625,1339.8929443359375,5310555900.0,XU100.IS,bist100
2020-12-09,1342.4000244140625,1360.5999755859375,1342.4000244140625,1350.300048828125,1350.2928466796875,5509428500.0,XU100.IS,bist100
2020-12-10,1353.4000244140625,1366.800048828125,1346.5,1353.4000244140625,1353.392822265625,5896164000.0,XU100.IS,bist100
2020-12-11,1351.800048828125,1371.0,1342.5999755859375,1370.699951171875,1370.692626953125,5148070700.0,XU100.IS,bist100
2020-12-14,1378.199951171875,1394.5999755859375,1378.199951171875,1388.5999755859375,1388.5926513671875,4631732400.0,XU100.IS,bist100
2020-12-15,1392.699951171875,1399.9000244140625,1385.199951171875,1395.4000244140625,1395.392578125,5279954200.0,XU100.IS,bist100
2020-12-16,1404.300048828125,1409.800048828125,1385.0,1392.5,1392.4925537109375,5024838600.0,XU100.IS,bist100
2020-12-17,1403.0999755859375,1406.0999755859375,1392.5,1399.4000244140625,1399.392578125,4448044900.0,XU100.IS,bist100
2020-12-18,1398.300048828125,1410.300048828125,1396.0,1408.300048828125,1408.2926025390625,4457054800.0,XU100.IS,bist100
2020-12-21,1401.699951171875,1401.699951171875,1368.5999755859375,1384.4000244140625,1384.3927001953125,5000977600.0,XU100.IS,bist100
2020-12-22,1393.5999755859375,1410.800048828125,1391.699951171875,1405.0,1404.9925537109375,4513173800.0,XU100.IS,bist100
2020-12-23,1409.199951171875,1420.800048828125,1409.199951171875,1417.699951171875,1417.6923828125,5126165100.0,XU100.IS,bist100
2020-12-24,1420.199951171875,1432.300048828125,1415.4000244140625,1426.0,1425.992431640625,5263356100.0,XU100.IS,bist100
2020-12-28,1431.699951171875,1442.800048828125,1431.699951171875,1439.300048828125,1439.2923583984375,2977132100.0,XU100.IS,bist100
2020-12-29,1443.0,1459.699951171875,1436.199951171875,1459.699951171875,1459.6922607421875,3420867100.0,XU100.IS,bist100
2020-12-30,1463.0999755859375,1483.199951171875,1463.0999755859375,1479.9000244140625,1479.8922119140625,4193081700.0,XU100.IS,bist100
2020-12-31,1480.800048828125,1484.4000244140625,1470.300048828125,1476.699951171875,1476.692138671875,3422723600.0,XU100.IS,bist100
2021-01-04,1482.199951171875,1500.0,1478.699951171875,1495.4000244140625,1495.39208984375,5172334300.0,XU100.IS,bist100
2021-01-05,1492.199951171875,1506.9000244140625,1474.800048828125,1489.5999755859375,1489.592041015625,6659180300.0,XU100.IS,bist100
2021-01-06,1501.5999755859375,1509.5,1497.0999755859375,1505.4000244140625,1505.39208984375,5330873300.0,XU100.IS,bist100
2021-01-07,1511.5999755859375,1522.699951171875,1505.699951171875,1522.199951171875,1522.19189453125,6175892400.0,XU100.IS,bist100
2021-01-08,1526.5,1542.800048828125,1519.800048828125,1540.5999755859375,1540.591796875,5500828100.0,XU100.IS,bist100
2021-01-11,1540.0,1557.5,1522.300048828125,1536.199951171875,1536.1917724609375,5408869300.0,XU100.IS,bist100
2021-01-12,1549.0,1556.4000244140625,1537.4000244140625,1549.5,1549.4918212890625,5168557400.0,XU100.IS,bist100
2021-01-13,1559.800048828125,1567.9000244140625,1545.300048828125,1559.300048828125,1559.291748046875,4878475300.0,XU100.IS,bist100
2021-01-14,1567.0999755859375,1568.0999755859375,1542.199951171875,1546.5999755859375,1546.591796875,4811686600.0,XU100.IS,bist100
2021-01-15,1536.800048828125,1547.800048828125,1516.0999755859375,1524.5,1524.491943359375,4762625400.0,XU100.IS,bist100
2021-01-18,1525.5,1558.800048828125,1508.9000244140625,1556.800048828125,1556.791748046875,4677723000.0,XU100.IS,bist100
2021-01-19,1569.5999755859375,1578.300048828125,1561.0,1565.0,1564.99169921875,4837702100.0,XU100.IS,bist100
2021-01-20,1573.4000244140625,1574.300048828125,1552.0999755859375,1569.4000244140625,1569.3917236328125,4559421500.0,XU100.IS,bist100
2021-01-21,1578.0,1582.0,1551.5999755859375,1551.5999755859375,1551.591796875,5612415500.0,XU100.IS,bist100
2021-01-22,1551.5,1555.5999755859375,1525.9000244140625,1542.5,1542.4918212890625,4687438600.0,XU100.IS,bist100
2021-01-25,1556.5999755859375,1560.0999755859375,1537.0,1540.199951171875,1540.1917724609375,4811784700.0,XU100.IS,bist100
2021-01-26,1538.0,1548.5999755859375,1516.800048828125,1536.0999755859375,1536.091796875,5298756700.0,XU100.IS,bist100
2021-01-27,1536.0999755859375,1541.0,1467.0,1467.0,1466.9921875,5789300600.0,XU100.IS,bist100
2021-01-28,1453.4000244140625,1498.4000244140625,1431.300048828125,1498.300048828125,1498.2921142578125,5830526400.0,XU100.IS,bist100
2021-01-29,1485.199951171875,1495.5,1469.5999755859375,1473.5,1473.4921875,4511590500.0,XU100.IS,bist100
2021-02-01,1484.9000244140625,1500.9000244140625,1471.5,1492.5,1492.4920654296875,3818595500.0,XU100.IS,bist100
2021-02-02,1505.0999755859375,1517.5,1500.0,1511.4000244140625,1511.3919677734375,4768154900.0,XU100.IS,bist100
2021-02-03,1520.699951171875,1533.5999755859375,1509.199951171875,1533.5999755859375,1533.591796875,5128373800.0,XU100.IS,bist100
2021-02-04,1537.699951171875,1544.5999755859375,1530.800048828125,1534.9000244140625,1534.891845703125,4217777700.0,XU100.IS,bist100
2021-02-05,1544.800048828125,1549.5,1527.199951171875,1527.199951171875,1527.19189453125,3818195700.0,XU100.IS,bist100
2021-02-08,1540.199951171875,1542.4000244140625,1519.0,1534.9000244140625,1534.891845703125,6523204300.0,XU100.IS,bist100
2021-02-09,1538.5,1551.800048828125,1535.5999755859375,1544.0999755859375,1544.091796875,5427787600.0,XU100.IS,bist100
2021-02-10,1553.4000244140625,1556.699951171875,1536.4000244140625,1547.0999755859375,1547.091796875,3953837000.0,XU100.IS,bist100
2021-02-11,1548.699951171875,1558.0999755859375,1543.699951171875,1545.5999755859375,1545.591796875,3343474000.0,XU100.IS,bist100
2021-02-12,1542.5,1548.699951171875,1526.699951171875,1538.4000244140625,1538.391845703125,3016910100.0,XU100.IS,bist100
2021-02-15,1551.0999755859375,1565.800048828125,1547.4000244140625,1562.5,1562.49169921875,2959156100.0,XU100.IS,bist100
2021-02-16,1569.0999755859375,1575.699951171875,1522.0999755859375,1542.800048828125,1542.7918701171875,5626114900.0,XU100.IS,bist100
2021-02-17,1550.5,1553.4000244140625,1529.9000244140625,1540.5999755859375,1540.591796875,5053711600.0,XU100.IS,bist100
2021-02-18,1548.0,1562.800048828125,1544.199951171875,1546.4000244140625,1546.391845703125,4680451700.0,XU100.IS,bist100
2021-02-19,1551.5,1567.4000244140625,1550.0999755859375,1560.300048828125,1560.291748046875,4235697200.0,XU100.IS,bist100
2021-02-22,1563.0999755859375,1569.800048828125,1547.5,1550.5999755859375,1550.591796875,4048658800.0,XU100.IS,bist100
2021-02-23,1558.0,1560.300048828125,1515.300048828125,1517.9000244140625,1517.8919677734375,5095610200.0,XU100.IS,bist100
2021-02-24,1506.5,1523.199951171875,1483.0,1483.0,1482.9921875,4253745800.0,XU100.IS,bist100
2021-02-25,1510.300048828125,1514.800048828125,1460.4000244140625,1488.199951171875,1488.1920166015625,4432962300.0,XU100.IS,bist100
2021-02-26,1457.199951171875,1480.0,1443.199951171875,1471.4000244140625,1471.3922119140625,3712196500.0,XU100.IS,bist100
2021-03-01,1491.9000244140625,1527.5,1491.0999755859375,1527.5,1527.491943359375,3241634800.0,XU100.IS,bist100
2021-03-02,1526.4000244140625,1537.5,1518.5,1528.800048828125,1528.7919921875,4695222600.0,XU100.IS,bist100
2021-03-03,1538.800048828125,1554.0,1526.5,1531.0999755859375,1531.091796875,4182945000.0,XU100.IS,bist100
2021-03-04,1527.0999755859375,1542.699951171875,1523.199951171875,1538.0,1537.9918212890625,3296335100.0,XU100.IS,bist100
2021-03-05,1534.4000244140625,1546.0999755859375,1528.5,1542.0,1541.9918212890625,3402004700.0,XU100.IS,bist100
2021-03-08,1549.5999755859375,1553.800048828125,1526.5999755859375,1530.300048828125,1530.2918701171875,3557388400.0,XU100.IS,bist100
2021-03-09,1542.0,1553.199951171875,1535.0,1549.199951171875,1549.1917724609375,3047242200.0,XU100.IS,bist100
2021-03-10,1551.300048828125,1566.0,1551.300048828125,1564.9000244140625,1564.8917236328125,3002423400.0,XU100.IS,bist100
2021-03-11,1574.5999755859375,1580.0,1551.9000244140625,1556.5,1556.49169921875,3102707500.0,XU100.IS,bist100
2021-03-12,1558.300048828125,1561.699951171875,1549.300048828125,1557.4000244140625,1557.3917236328125,2623930900.0,XU100.IS,bist100
2021-03-15,1558.800048828125,1566.4000244140625,1553.5,1555.5,1555.49169921875,2092203700.0,XU100.IS,bist100
2021-03-16,1561.4000244140625,1572.9000244140625,1557.5,1570.4000244140625,1570.3917236328125,21745900.0,XU100.IS,bist100
2021-03-17,1574.800048828125,1589.5,1562.0999755859375,1562.0999755859375,1562.0916748046875,28549100.0,XU100.IS,bist100
2021-03-18,1567.800048828125,1574.5999755859375,1548.199951171875,1550.9000244140625,1550.891845703125,3571672900.0,XU100.IS,bist100
2021-03-19,1548.5,1553.9000244140625,1511.300048828125,1529.0,1528.991943359375,3191601500.0,XU100.IS,bist100
2021-03-22,1492.0,1492.0,1378.5999755859375,1379.300048828125,1379.292724609375,1956226800.0,XU100.IS,bist100
2021-03-23,1335.800048828125,1403.0,1256.300048828125,1377.4000244140625,1377.3927001953125,5739708900.0,XU100.IS,bist100
2021-03-24,1377.4000244140625,1421.9000244140625,1371.699951171875,1413.9000244140625,1413.892578125,4122592300.0,XU100.IS,bist100
2021-03-25,1417.0,1432.5999755859375,1394.199951171875,1394.4000244140625,1394.392578125,3506861700.0,XU100.IS,bist100
2021-03-26,1409.199951171875,1412.4000244140625,1359.199951171875,1382.199951171875,1382.192626953125,2953052300.0,XU100.IS,bist100
2021-03-29,1385.699951171875,1398.9000244140625,1382.5,1392.5999755859375,1392.592529296875,2666302400.0,XU100.IS,bist100
2021-03-30,1392.800048828125,1400.800048828125,1371.4000244140625,1395.800048828125,1395.7926025390625,3348091400.0,XU100.IS,bist100
2021-03-31,1397.5,1403.800048828125,1389.9000244140625,1391.699951171875,1391.692626953125,2339048400.0,XU100.IS,bist100
2021-04-01,1399.300048828125,1426.5999755859375,1399.300048828125,1426.5999755859375,1426.5924072265625,3171634700.0,XU100.IS,bist100
2021-04-05,1429.0,1443.0,1428.9000244140625,1442.0999755859375,1442.09228515625,2562662100.0,XU100.IS,bist100
2021-04-06,1442.9000244140625,1445.0999755859375,1419.699951171875,1420.5999755859375,1420.5924072265625,2647194900.0,XU100.IS,bist100
2021-04-07,1420.9000244140625,1422.5,1402.4000244140625,1417.9000244140625,1417.8924560546875,2778656400.0,XU100.IS,bist100
2021-04-08,1422.199951171875,1430.300048828125,1415.0999755859375,1416.5999755859375,1416.5924072265625,2096631700.0,XU100.IS,bist100
2021-04-09,1413.199951171875,1415.0,1373.699951171875,1393.199951171875,1393.1925048828125,2874952000.0,XU100.IS,bist100
2021-04-12,1393.5,1398.0999755859375,1374.699951171875,1375.9000244140625,1375.8927001953125,2304204000.0,XU100.IS,bist100
2021-04-13,1380.0999755859375,1386.4000244140625,1352.699951171875,1378.4000244140625,1378.3927001953125,2863663700.0,XU100.IS,bist100
2021-04-14,1380.699951171875,1409.199951171875,1380.699951171875,1409.199951171875,1409.1925048828125,2625140600.0,XU100.IS,bist100
2021-04-15,1409.800048828125,1418.5,1398.300048828125,1407.800048828125,1407.7926025390625,4190463300.0,XU100.IS,bist100
2021-04-16,1405.5,1412.5999755859375,1400.5,1408.0999755859375,1408.092529296875,2315175700.0,XU100.IS,bist100
2021-04-19,1409.9000244140625,1416.0,1377.199951171875,1377.199951171875,1377.192626953125,2490437900.0,XU100.IS,bist100
2021-04-20,1376.4000244140625,1385.9000244140625,1357.300048828125,1365.300048828125,1365.2928466796875,2563178700.0,XU100.IS,bist100
2021-04-21,1363.9000244140625,1365.5,1308.5,1330.5,1330.492919921875,2306410700.0,XU100.IS,bist100
2021-04-22,1320.199951171875,1345.5,1309.199951171875,1345.199951171875,1345.19287109375,2092726700.0,XU100.IS,bist100
2021-04-26,1343.9000244140625,1374.0,1343.5999755859375,1374.0,1373.99267578125,1948162900.0,XU100.IS,bist100
2021-04-27,1381.699951171875,1397.5999755859375,1381.699951171875,1392.0,1391.99267578125,1868473800.0,XU100.IS,bist100
2021-04-28,1391.5,1394.5999755859375,1379.9000244140625,1385.9000244140625,1385.8927001953125,1688653100.0,XU100.IS,bist100
2021-04-29,1390.9000244140625,1406.5,1390.9000244140625,1401.5,1401.4925537109375,1549958000.0,XU100.IS,bist100
2021-04-30,1399.0999755859375,1405.9000244140625,1396.5,1397.800048828125,1397.7926025390625,1838903600.0,XU100.IS,bist100
2021-05-03,1400.199951171875,1421.199951171875,1400.199951171875,1421.199951171875,1421.1923828125,1946216100.0,XU100.IS,bist100
2021-05-04,1423.199951171875,1428.0999755859375,1411.0,1416.300048828125,1416.29248046875,2277662700.0,XU100.IS,bist100
2021-05-05,1419.5999755859375,1425.0,1409.300048828125,1420.0,1419.992431640625,1787262500.0,XU100.IS,bist100
2021-05-06,1422.5999755859375,1434.699951171875,1422.5999755859375,1427.699951171875,1427.6923828125,2291622100.0,XU100.IS,bist100
2021-05-07,1432.300048828125,1444.800048828125,1423.4000244140625,1441.300048828125,1441.2923583984375,4002061800.0,XU100.IS,bist100
2021-05-10,1449.0,1462.5,1447.9000244140625,1460.9000244140625,1460.892333984375,2494390500.0,XU100.IS,bist100
2021-05-11,1448.0,1455.9000244140625,1438.4000244140625,1444.9000244140625,1444.892333984375,2484579100.0,XU100.IS,bist100
2021-05-12,1441.4000244140625,1445.0,1437.699951171875,1441.300048828125,1441.2923583984375,922312200.0,XU100.IS,bist100
2021-05-17,1447.0,1455.5,1445.5999755859375,1454.300048828125,1454.2923583984375,1993605300.0,XU100.IS,bist100
2021-05-18,1461.199951171875,1465.5999755859375,1459.5999755859375,1459.5999755859375,1459.59228515625,2164820700.0,XU100.IS,bist100
2021-05-20,1451.9000244140625,1454.800048828125,1439.4000244140625,1449.800048828125,1449.7923583984375,2326522300.0,XU100.IS,bist100
2021-05-21,1456.4000244140625,1462.300048828125,1449.300048828125,1451.800048828125,1451.7923583984375,1965520800.0,XU100.IS,bist100
2021-05-24,1453.699951171875,1457.800048828125,1441.699951171875,1452.199951171875,1452.1922607421875,2019625100.0,XU100.IS,bist100
2021-05-25,1457.5,1459.300048828125,1400.199951171875,1400.199951171875,1400.1925048828125,3335779500.0,XU100.IS,bist100
2021-05-26,1413.0999755859375,1427.0999755859375,1392.9000244140625,1427.0999755859375,1427.0924072265625,2647968000.0,XU100.IS,bist100
2021-05-27,1426.5999755859375,1428.9000244140625,1411.5,1415.0,1414.9925537109375,2540002900.0,XU100.IS,bist100
2021-05-28,1413.0999755859375,1422.800048828125,1401.300048828125,1422.0999755859375,1422.0924072265625,2097371700.0,XU100.IS,bist100
2021-05-31,1423.0999755859375,1427.4000244140625,1414.300048828125,1420.5,1420.492431640625,2036537300.0,XU100.IS,bist100
2021-06-01,1424.5,1433.5999755859375,1423.0,1432.0,1431.992431640625,2077004600.0,XU100.IS,bist100
2021-06-02,1420.4000244140625,1434.800048828125,1418.800048828125,1430.699951171875,1430.6923828125,2234180900.0,XU100.IS,bist100
2021-06-03,1434.699951171875,1441.199951171875,1411.5,1428.0999755859375,1428.0924072265625,2642229900.0,XU100.IS,bist100
2021-06-04,1428.9000244140625,1435.199951171875,1427.4000244140625,1432.9000244140625,1432.8924560546875,1873471800.0,XU100.IS,bist100
2021-06-07,1434.0,1450.5999755859375,1432.5999755859375,1447.0999755859375,1447.09228515625,1965621500.0,XU100.IS,bist100
2021-06-08,1447.5,1453.9000244140625,1443.4000244140625,1447.5999755859375,1447.59228515625,1951616100.0,XU100.IS,bist100
2021-06-09,1449.9000244140625,1453.4000244140625,1445.699951171875,1449.199951171875,1449.1922607421875,2037958700.0,XU100.IS,bist100
2021-06-10,1453.199951171875,1462.0,1449.5999755859375,1456.699951171875,1456.6922607421875,2403240900.0,XU100.IS,bist100
2021-06-11,1461.199951171875,1464.5,1455.4000244140625,1460.9000244140625,1460.892333984375,2225669800.0,XU100.IS,bist100
2021-06-14,1466.5999755859375,1469.0,1450.699951171875,1454.300048828125,1454.2923583984375,1846455100.0,XU100.IS,bist100
2021-06-15,1451.0999755859375,1456.5999755859375,1431.699951171875,1442.5999755859375,1442.59228515625,2805616500.0,XU100.IS,bist100
2021-06-16,1441.4000244140625,1444.800048828125,1431.300048828125,1431.300048828125,1431.29248046875,1735503100.0,XU100.IS,bist100
2021-06-17,1423.0,1429.199951171875,1413.5999755859375,1414.199951171875,1414.1925048828125,2114643000.0,XU100.IS,bist100
2021-06-18,1418.0,1422.300048828125,1388.699951171875,1391.0999755859375,1391.0926513671875,2103404000.0,XU100.IS,bist100
2021-06-21,1388.199951171875,1398.5,1378.300048828125,1398.5,1398.4925537109375,1858341000.0,XU100.IS,bist100
2021-06-22,1402.9000244140625,1411.4000244140625,1394.300048828125,1409.9000244140625,1409.892578125,1748724700.0,XU100.IS,bist100
2021-06-23,1415.4000244140625,1419.800048828125,1401.300048828125,1402.4000244140625,1402.392578125,2100973900.0,XU100.IS,bist100
2021-06-24,1405.300048828125,1416.0999755859375,1405.199951171875,1410.800048828125,1410.7926025390625,1765543600.0,XU100.IS,bist100
2021-06-25,1414.0,1414.9000244140625,1391.699951171875,1391.9000244140625,1391.8927001953125,1498646600.0,XU100.IS,bist100
2021-06-28,1395.199951171875,1397.5999755859375,1368.199951171875,1373.300048828125,1373.292724609375,2037697000.0,XU100.IS,bist100
2021-06-29,1372.0,1374.699951171875,1351.5999755859375,1371.699951171875,1371.692626953125,1946070000.0,XU100.IS,bist100
2021-06-30,1374.9000244140625,1376.699951171875,1352.199951171875,1356.300048828125,1356.2928466796875,1849986800.0,XU100.IS,bist100
2021-07-01,1358.199951171875,1372.800048828125,1358.199951171875,1372.800048828125,1372.792724609375,1346010600.0,XU100.IS,bist100
2021-07-02,1376.9000244140625,1379.800048828125,1367.699951171875,1376.699951171875,1376.692626953125,1310982200.0,XU100.IS,bist100
2021-07-05,1376.0,1392.5999755859375,1375.699951171875,1392.5999755859375,1392.592529296875,1335786500.0,XU100.IS,bist100
2021-07-06,1394.699951171875,1399.9000244140625,1382.5999755859375,1382.5999755859375,1382.5926513671875,1792918700.0,XU100.IS,bist100
2021-07-07,1384.5999755859375,1392.800048828125,1384.0,1390.5999755859375,1390.5926513671875,1549805800.0,XU100.IS,bist100
2021-07-08,1387.699951171875,1390.9000244140625,1372.5,1373.0,1372.99267578125,1546486600.0,XU100.IS,bist100
2021-07-09,1374.4000244140625,1381.699951171875,1371.5,1378.300048828125,1378.292724609375,1461975700.0,XU100.IS,bist100
2021-07-12,1378.5999755859375,1382.5,1355.199951171875,1357.0,1356.9927978515625,1641193500.0,XU100.IS,bist100
2021-07-13,1358.300048828125,1360.0999755859375,1341.5,1346.800048828125,1346.7928466796875,1382851100.0,XU100.IS,bist100
2021-07-14,1349.199951171875,1369.0,1349.199951171875,1367.300048828125,1367.2928466796875,1149980200.0,XU100.IS,bist100
2021-07-16,1370.300048828125,1373.5999755859375,1357.0,1363.300048828125,1363.2928466796875,999354700.0,XU100.IS,bist100
2021-07-19,1357.9000244140625,1357.9000244140625,1348.4000244140625,1351.5999755859375,1351.5927734375,498073000.0,XU100.IS,bist100
2021-07-26,1355.5,1362.5999755859375,1345.5,1349.0999755859375,1349.0927734375,1482276600.0,XU100.IS,bist100
2021-07-27,1348.0999755859375,1360.5,1341.9000244140625,1359.5999755859375,1359.5927734375,1492338400.0,XU100.IS,bist100
2021-07-28,1358.800048828125,1367.5999755859375,1355.199951171875,1360.800048828125,1360.7928466796875,1414616700.0,XU100.IS,bist100
2021-07-29,1370.5,1393.4000244140625,1370.5,1391.5999755859375,1391.5926513671875,1634795600.0,XU100.IS,bist100
2021-07-30,1383.300048828125,1392.9000244140625,1380.0,1392.9000244140625,1392.892578125,1844733700.0,XU100.IS,bist100
2021-08-02,1398.0,1405.5999755859375,1394.699951171875,1399.699951171875,1399.6925048828125,2217851800.0,XU100.IS,bist100
2021-08-03,1402.300048828125,1409.4000244140625,1394.300048828125,1408.800048828125,1408.7926025390625,2326902300.0,XU100.IS,bist100
2021-08-04,1411.9000244140625,1422.300048828125,1411.9000244140625,1413.800048828125,1413.7926025390625,1992079700.0,XU100.IS,bist100
2021-08-05,1409.0999755859375,1431.800048828125,1407.5999755859375,1431.800048828125,1431.79248046875,2067903200.0,XU100.IS,bist100
2021-08-06,1433.5999755859375,1440.5,1425.0999755859375,1434.800048828125,1434.79248046875,1874569400.0,XU100.IS,bist100
2021-08-09,1436.9000244140625,1443.300048828125,1431.800048828125,1432.5999755859375,1432.5924072265625,1846778700.0,XU100.IS,bist100
2021-08-10,1429.5,1441.800048828125,1426.5,1437.5,1437.492431640625,1929244800.0,XU100.IS,bist100
2021-08-11,1438.9000244140625,1439.5,1409.800048828125,1410.9000244140625,1410.892578125,2142439000.0,XU100.IS,bist100
2021-08-12,1419.699951171875,1447.5999755859375,1419.699951171875,1444.5,1444.4923095703125,2029626600.0,XU100.IS,bist100
2021-08-13,1444.800048828125,1449.300048828125,1440.0999755859375,1447.5999755859375,1447.59228515625,1385371700.0,XU100.IS,bist100
2021-08-16,1451.300048828125,1462.0,1451.300048828125,1455.300048828125,1455.2923583984375,2053214400.0,XU100.IS,bist100
2021-08-17,1454.0999755859375,1461.699951171875,1449.5999755859375,1461.699951171875,1461.692138671875,1876365800.0,XU100.IS,bist100
2021-08-18,1465.800048828125,1467.199951171875,1448.5,1449.5999755859375,1449.59228515625,2133101700.0,XU100.IS,bist100
2021-08-19,1441.4000244140625,1445.699951171875,1433.9000244140625,1439.9000244140625,1439.892333984375,1744778000.0,XU100.IS,bist100
2021-08-20,1439.5999755859375,1449.300048828125,1432.4000244140625,1444.5999755859375,1444.59228515625,1630931300.0,XU100.IS,bist100
2021-08-23,1454.9000244140625,1463.0999755859375,1453.699951171875,1459.300048828125,1459.2923583984375,1715242600.0,XU100.IS,bist100
2021-08-24,1465.199951171875,1472.5,1463.9000244140625,1465.9000244140625,1465.8922119140625,1664033700.0,XU100.IS,bist100
2021-08-25,1465.300048828125,1471.4000244140625,1451.9000244140625,1453.300048828125,1453.2923583984375,1863153600.0,XU100.IS,bist100
2021-08-26,1456.0,1463.800048828125,1445.199951171875,1448.5,1448.4923095703125,1705162400.0,XU100.IS,bist100
2021-08-27,1450.9000244140625,1458.199951171875,1444.0999755859375,1458.199951171875,1458.1922607421875,1591599600.0,XU100.IS,bist100
2021-08-31,1467.199951171875,1474.5,1463.0,1472.0999755859375,1472.0921630859375,1885265000.0,XU100.IS,bist100
2021-09-01,1475.5999755859375,1479.0,1468.4000244140625,1474.0999755859375,1474.0921630859375,1658639400.0,XU100.IS,bist100
2021-09-02,1474.9000244140625,1485.0,1472.0999755859375,1479.0999755859375,1479.0921630859375,1526001500.0,XU100.IS,bist100
2021-09-03,1480.4000244140625,1482.0999755859375,1464.800048828125,1468.699951171875,1468.692138671875,1772196800.0,XU100.IS,bist100
2021-09-06,1469.800048828125,1478.699951171875,1469.800048828125,1474.699951171875,1474.692138671875,1697623600.0,XU100.IS,bist100
2021-09-07,1474.199951171875,1476.300048828125,1454.699951171875,1454.699951171875,1454.6922607421875,1847168900.0,XU100.IS,bist100
2021-09-08,1454.800048828125,1457.300048828125,1432.5,1433.9000244140625,1433.8924560546875,1951801300.0,XU100.IS,bist100
2021-09-09,1431.0,1452.699951171875,1427.800048828125,1452.699951171875,1452.6922607421875,1692677500.0,XU100.IS,bist100
2021-09-10,1455.5,1457.0999755859375,1437.5999755859375,1438.699951171875,1438.6922607421875,1509835900.0,XU100.IS,bist100
2021-09-13,1439.800048828125,1448.0,1433.800048828125,1438.300048828125,1438.2923583984375,1604110300.0,XU100.IS,bist100
2021-09-14,1440.699951171875,1443.5,1429.0,1434.4000244140625,1434.3924560546875,1744666800.0,XU100.IS,bist100
2021-09-15,1433.9000244140625,1440.9000244140625,1420.4000244140625,1424.0,1423.992431640625,1605647800.0,XU100.IS,bist100
2021-09-16,1424.0,1434.699951171875,1412.800048828125,1418.0,1417.992431640625,1537059300.0,XU100.IS,bist100
2021-09-17,1424.0,1427.0999755859375,1412.199951171875,1419.4000244140625,1419.3924560546875,1543991500.0,XU100.IS,bist100
2021-09-20,1407.699951171875,1407.699951171875,1386.300048828125,1391.9000244140625,1391.8927001953125,1741753000.0,XU100.IS,bist100
2021-09-21,1400.800048828125,1403.800048828125,1383.4000244140625,1385.5999755859375,1385.5926513671875,1699234300.0,XU100.IS,bist100
2021-09-22,1393.300048828125,1407.5,1385.5,1407.5,1407.4925537109375,1500384700.0,XU100.IS,bist100
2021-09-23,1409.300048828125,1417.5,1394.4000244140625,1401.5,1401.4925537109375,2679240200.0,XU100.IS,bist100
2021-09-24,1397.4000244140625,1397.4000244140625,1376.0,1384.699951171875,1384.692626953125,2025778000.0,XU100.IS,bist100
2021-09-27,1393.199951171875,1397.699951171875,1380.800048828125,1391.699951171875,1391.692626953125,1675935800.0,XU100.IS,bist100
2021-09-28,1391.4000244140625,1393.4000244140625,1379.0999755859375,1383.800048828125,1383.792724609375,1866974900.0,XU100.IS,bist100
2021-09-29,1392.0999755859375,1396.699951171875,1389.9000244140625,1391.9000244140625,1391.8927001953125,1717260700.0,XU100.IS,bist100
2021-09-30,1393.5999755859375,1409.199951171875,1386.0999755859375,1406.4000244140625,1406.392578125,2070925300.0,XU100.IS,bist100
2021-10-01,1398.9000244140625,1407.800048828125,1394.5999755859375,1401.5,1401.4925537109375,1530063400.0,XU100.IS,bist100
2021-10-04,1402.699951171875,1407.800048828125,1394.4000244140625,1394.4000244140625,1394.392578125,1584796400.0,XU100.IS,bist100
2021-10-05,1396.0999755859375,1396.4000244140625,1388.5,1391.699951171875,1391.692626953125,1666252300.0,XU100.IS,bist100
2021-10-06,1390.699951171875,1392.4000244140625,1371.5,1371.699951171875,1371.692626953125,2269729400.0,XU100.IS,bist100
2021-10-07,1385.0999755859375,1397.9000244140625,1385.0999755859375,1396.9000244140625,1396.892578125,2045920900.0,XU100.IS,bist100
2021-10-08,1398.0,1404.5999755859375,1393.5999755859375,1398.0,1397.9925537109375,1927529700.0,XU100.IS,bist100
2021-10-11,1401.5999755859375,1419.699951171875,1401.5999755859375,1416.300048828125,1416.29248046875,1704525000.0,XU100.IS,bist100
2021-10-12,1409.4000244140625,1423.0,1408.0,1416.800048828125,1416.79248046875,2144789000.0,XU100.IS,bist100
2021-10-13,1421.300048828125,1432.0999755859375,1408.199951171875,1413.5,1413.4925537109375,2563662200.0,XU100.IS,bist100
2021-10-14,1412.199951171875,1422.4000244140625,1407.9000244140625,1411.800048828125,1411.7926025390625,1775404100.0,XU100.IS,bist100
2021-10-15,1417.5,1421.699951171875,1397.199951171875,1409.5999755859375,1409.592529296875,2608280200.0,XU100.IS,bist100
2021-10-18,1411.4000244140625,1419.199951171875,1407.9000244140625,1417.699951171875,1417.6923828125,2047698700.0,XU100.IS,bist100
2021-10-19,1423.800048828125,1434.699951171875,1423.800048828125,1429.9000244140625,1429.8924560546875,1906715300.0,XU100.IS,bist100
2021-10-20,1432.199951171875,1437.9000244140625,1427.699951171875,1432.800048828125,1432.79248046875,2208567700.0,XU100.IS,bist100
2021-10-21,1433.300048828125,1455.4000244140625,1417.199951171875,1455.4000244140625,1455.392333984375,3429893000.0,XU100.IS,bist100
2021-10-22,1456.0999755859375,1484.9000244140625,1454.0,1479.9000244140625,1479.8922119140625,2706668900.0,XU100.IS,bist100
2021-10-25,1475.0,1495.0999755859375,1470.5999755859375,1492.9000244140625,1492.89208984375,3060693400.0,XU100.IS,bist100
2021-10-26,1501.199951171875,1512.699951171875,1501.199951171875,1509.199951171875,1509.19189453125,2246666500.0,XU100.IS,bist100
2021-10-27,1507.800048828125,1520.699951171875,1503.0,1519.300048828125,1519.2919921875,2927463700.0,XU100.IS,bist100
2021-10-28,1518.9000244140625,1524.699951171875,1516.5,1522.0,1521.991943359375,1095134000.0,XU100.IS,bist100
2021-11-01,1522.300048828125,1538.5,1516.199951171875,1536.300048828125,1536.2918701171875,2569173400.0,XU100.IS,bist100
2021-11-02,1538.800048828125,1545.9000244140625,1528.4000244140625,1533.0999755859375,1533.091796875,2649191600.0,XU100.IS,bist100
2021-11-03,1532.9000244140625,1547.0,1491.699951171875,1547.0,1546.9918212890625,4390871100.0,XU100.IS,bist100
2021-11-04,1562.199951171875,1577.4000244140625,1562.199951171875,1575.699951171875,1575.691650390625,3995947300.0,XU100.IS,bist100
2021-11-05,1575.800048828125,1586.5999755859375,1568.800048828125,1583.5999755859375,1583.591552734375,3136853600.0,XU100.IS,bist100
2021-11-08,1589.4000244140625,1609.0999755859375,1589.199951171875,1608.5,1608.491455078125,3176989900.0,XU100.IS,bist100
2021-11-09,1612.0,1631.5,1605.4000244140625,1615.5999755859375,1615.5914306640625,4438372300.0,XU100.IS,bist100
2021-11-10,1618.0999755859375,1627.199951171875,1603.800048828125,1624.0999755859375,1624.09130859375,3398869700.0,XU100.IS,bist100
2021-11-11,1622.0,1643.800048828125,1621.5,1625.0999755859375,1625.09130859375,4057827400.0,XU100.IS,bist100
2021-11-12,1631.4000244140625,1642.800048828125,1631.4000244140625,1638.5,1638.4913330078125,2828953500.0,XU100.IS,bist100
2021-11-15,1672.4000244140625,1710.800048828125,1672.4000244140625,1702.5,1702.490966796875,4669385500.0,XU100.IS,bist100
2021-11-16,1715.4000244140625,1725.0,1681.800048828125,1685.5999755859375,1685.591064453125,4893366200.0,XU100.IS,bist100
2021-11-17,1683.0999755859375,1712.9000244140625,1683.0999755859375,1707.0,1706.990966796875,3382413600.0,XU100.IS,bist100
2021-11-18,1710.0999755859375,1759.199951171875,1697.9000244140625,1736.9000244140625,1736.890869140625,6133931600.0,XU100.IS,bist100
2021-11-19,1748.699951171875,1759.0999755859375,1727.5999755859375,1737.300048828125,1737.2908935546875,3616528100.0,XU100.IS,bist100
2021-11-22,1751.0999755859375,1759.199951171875,1741.199951171875,1755.5,1755.49072265625,2704386700.0,XU100.IS,bist100
2021-11-23,1756.699951171875,1791.800048828125,1746.4000244140625,1784.5999755859375,1784.5904541015625,5636652900.0,XU100.IS,bist100
2021-11-24,1799.0,1834.5,1799.0,1812.300048828125,1812.2904052734375,5032322400.0,XU100.IS,bist100
2021-11-25,1816.4000244140625,1833.800048828125,1806.0,1819.199951171875,1819.1903076171875,3397984700.0,XU100.IS,bist100
2021-11-26,1811.0999755859375,1811.0999755859375,1760.800048828125,1776.4000244140625,1776.390625,3832466000.0,XU100.IS,bist100
2021-11-29,1783.0999755859375,1811.9000244140625,1776.800048828125,1808.800048828125,1808.7904052734375,3044014500.0,XU100.IS,bist100
2021-11-30,1807.5,1818.800048828125,1797.199951171875,1809.699951171875,1809.6903076171875,3357224800.0,XU100.IS,bist100
2021-12-01,1823.0999755859375,1857.800048828125,1823.0999755859375,1857.4000244140625,1857.39013671875,3828888300.0,XU100.IS,bist100
2021-12-02,1864.0999755859375,1882.5999755859375,1864.0999755859375,1880.0999755859375,1880.0899658203125,3626407700.0,XU100.IS,bist100
2021-12-03,1896.800048828125,1914.0999755859375,1893.699951171875,1910.4000244140625,1910.389892578125,3682426400.0,XU100.IS,bist100
2021-12-06,1917.300048828125,1928.0999755859375,1898.5999755859375,1927.4000244140625,1927.3897705078125,3721283800.0,XU100.IS,bist100
2021-12-07,1944.5999755859375,1984.0,1942.5,1981.0,1980.989501953125,4351992900.0,XU100.IS,bist100
2021-12-08,1990.0,2012.300048828125,1977.9000244140625,2004.5999755859375,2004.58935546875,5531176000.0,XU100.IS,bist100
2021-12-09,2010.199951171875,2053.5,2010.199951171875,2031.4000244140625,2031.3892822265625,4967184400.0,XU100.IS,bist100
2021-12-10,2033.5999755859375,2042.9000244140625,2000.5999755859375,2035.5,2035.4892578125,4362181500.0,XU100.IS,bist100
2021-12-13,2047.5999755859375,2115.89990234375,2047.5999755859375,2101.5,2101.48876953125,4768326800.0,XU100.IS,bist100
2021-12-14,2124.10009765625,2157.699951171875,2124.10009765625,2157.699951171875,2157.6884765625,6273059200.0,XU100.IS,bist100
2021-12-15,2190.60009765625,2195.10009765625,2145.60009765625,2162.300048828125,2162.28857421875,5558227600.0,XU100.IS,bist100
2021-12-16,2183.199951171875,2278.60009765625,2175.5,2278.60009765625,2278.587890625,5935348300.0,XU100.IS,bist100
2021-12-17,2324.300048828125,2406.89990234375,2071.300048828125,2084.5,2084.489013671875,8279014300.0,XU100.IS,bist100
2021-12-20,2055.39990234375,2149.39990234375,1914.0,2056.39990234375,2056.388916015625,5040625000.0,XU100.IS,bist100
2021-12-21,2077.199951171875,2103.60009765625,1884.699951171875,1892.0,1891.989990234375,4367949500.0,XU100.IS,bist100
2021-12-22,1832.5,1895.5,1783.800048828125,1804.199951171875,1804.1904296875,4583903100.0,XU100.IS,bist100
2021-12-23,1835.300048828125,1849.300048828125,1726.300048828125,1805.300048828125,1805.29052734375,3806386700.0,XU100.IS,bist100
2021-12-24,1820.699951171875,1891.300048828125,1808.9000244140625,1891.300048828125,1891.2900390625,2530669100.0,XU100.IS,bist100
2021-12-27,1898.699951171875,1942.5,1873.300048828125,1897.0999755859375,1897.0899658203125,3014802700.0,XU100.IS,bist100
2021-12-28,1913.300048828125,1916.199951171875,1830.9000244140625,1850.5,1850.490234375,2584687100.0,XU100.IS,bist100
2021-12-29,1847.300048828125,1901.5,1828.5999755859375,1895.5,1895.489990234375,2570994300.0,XU100.IS,bist100
2021-12-30,1916.300048828125,1923.699951171875,1860.699951171875,1863.699951171875,1863.6900634765625,2341048300.0,XU100.IS,bist100
2021-12-31,1867.699951171875,1885.199951171875,1845.5999755859375,1857.699951171875,1857.6900634765625,1586782500.0,XU100.IS,bist100
2022-01-03,1871.300048828125,1926.699951171875,1864.800048828125,1926.699951171875,1926.689697265625,2294101600.0,XU100.IS,bist100
2022-01-04,1941.300048828125,1978.0999755859375,1925.199951171875,1963.5999755859375,1963.589599609375,3089629800.0,XU100.IS,bist100
2022-01-05,1965.5,2006.800048828125,1954.699951171875,2005.300048828125,2005.2894287109375,2388007800.0,XU100.IS,bist100
2022-01-06,1993.0999755859375,2021.800048828125,1977.699951171875,2007.5999755859375,2007.58935546875,2926993600.0,XU100.IS,bist100
2022-01-07,2020.300048828125,2036.0999755859375,1994.5,2033.300048828125,2033.289306640625,3497541200.0,XU100.IS,bist100
2022-01-10,2049.5,2071.800048828125,2045.199951171875,2045.199951171875,2045.1890869140625,3135730300.0,XU100.IS,bist100
2022-01-11,2060.10009765625,2068.199951171875,2018.0,2046.0,2045.9891357421875,3872105300.0,XU100.IS,bist100
2022-01-12,2070.39990234375,2074.800048828125,2055.699951171875,2064.199951171875,2064.18896484375,3254102400.0,XU100.IS,bist100
2022-01-13,2057.5,2087.0,2054.5,2070.699951171875,2070.68896484375,3395597800.0,XU100.IS,bist100
2022-01-14,2071.39990234375,2081.10009765625,2049.300048828125,2072.89990234375,2072.888916015625,3212724900.0,XU100.IS,bist100
2022-01-17,2088.5,2103.0,2083.60009765625,2085.800048828125,2085.7890625,3852414900.0,XU100.IS,bist100
2022-01-18,2082.800048828125,2086.300048828125,1979.800048828125,1979.800048828125,1979.78955078125,4150695000.0,XU100.IS,bist100
2022-01-19,1978.800048828125,2044.0,1959.4000244140625,2042.0999755859375,2042.089111328125,4919945200.0,XU100.IS,bist100
2022-01-20,2056.199951171875,2065.800048828125,1984.4000244140625,2014.199951171875,2014.189208984375,5447906900.0,XU100.IS,bist100
2022-01-21,2008.0999755859375,2021.0999755859375,1986.5,2011.199951171875,2011.1893310546875,3146605300.0,XU100.IS,bist100
2022-01-24,2004.9000244140625,2013.0999755859375,1910.300048828125,1910.300048828125,1910.2899169921875,4236164800.0,XU100.IS,bist100
2022-01-25,1927.800048828125,1953.300048828125,1880.199951171875,1945.0999755859375,1945.089599609375,2649415800.0,XU100.IS,bist100
2022-01-26,1951.199951171875,1975.300048828125,1946.0,1951.199951171875,1951.1895751953125,2140896100.0,XU100.IS,bist100
2022-01-27,1920.199951171875,1997.699951171875,1913.5,1997.699951171875,1997.6893310546875,2538193600.0,XU100.IS,bist100
2022-01-28,2006.800048828125,2019.4000244140625,1976.699951171875,1983.199951171875,1983.189453125,2827846600.0,XU100.IS,bist100
2022-01-31,2004.300048828125,2009.4000244140625,1992.699951171875,2003.199951171875,2003.1893310546875,2308574200.0,XU100.IS,bist100
2022-02-01,2014.0,2034.9000244140625,2008.699951171875,2015.4000244140625,2015.3892822265625,2297661700.0,XU100.IS,bist100
2022-02-02,2028.9000244140625,2032.699951171875,1994.300048828125,2002.199951171875,2002.1893310546875,3063582100.0,XU100.IS,bist100
2022-02-03,1995.699951171875,2013.5999755859375,1949.199951171875,1957.9000244140625,1957.8896484375,2542764700.0,XU100.IS,bist100
2022-02-04,1969.699951171875,1974.199951171875,1937.0,1943.800048828125,1943.789794921875,2068611600.0,XU100.IS,bist100
2022-02-07,1943.199951171875,1997.5999755859375,1908.5999755859375,1997.5999755859375,1997.58935546875,2758457300.0,XU100.IS,bist100
2022-02-08,1998.5999755859375,2019.300048828125,1982.0999755859375,2007.0999755859375,2007.08935546875,2394907100.0,XU100.IS,bist100
2022-02-09,2022.5,2046.0,2017.4000244140625,2042.9000244140625,2042.88916015625,2515053800.0,XU100.IS,bist100
2022-02-10,2048.39990234375,2054.89990234375,2029.5999755859375,2038.699951171875,2038.6890869140625,2510270200.0,XU100.IS,bist100
2022-02-11,2023.0,2052.5,1992.300048828125,2051.10009765625,2051.089111328125,2477683500.0,XU100.IS,bist100
2022-02-14,2025.0,2026.9000244140625,1971.0999755859375,2001.9000244140625,2001.889404296875,2989051200.0,XU100.IS,bist100
2022-02-15,2008.300048828125,2054.800048828125,2006.0,2038.199951171875,2038.1890869140625,2593348500.0,XU100.IS,bist100
2022-02-16,2049.89990234375,2057.89990234375,2036.300048828125,2041.4000244140625,2041.38916015625,2123670900.0,XU100.IS,bist100
2022-02-17,2049.699951171875,2059.10009765625,2010.0,2010.0,2009.9893798828125,2582485000.0,XU100.IS,bist100
2022-02-18,2025.5,2032.4000244140625,2004.5,2032.4000244140625,2032.3892822265625,1759402000.0,XU100.IS,bist100
2022-02-21,2050.10009765625,2060.699951171875,2015.4000244140625,2038.0999755859375,2038.089111328125,2272313300.0,XU100.IS,bist100
2022-02-22,2007.0,2032.800048828125,1979.9000244140625,2017.5,2017.4892578125,2679280300.0,XU100.IS,bist100
2022-02-23,2034.300048828125,2043.4000244140625,2016.0,2016.0,2015.9892578125,2272755900.0,XU100.IS,bist100
2022-02-24,1953.199951171875,1953.199951171875,1826.800048828125,1851.4000244140625,1851.3902587890625,2428056400.0,XU100.IS,bist100
2022-02-25,1883.0,1965.0,1866.300048828125,1952.4000244140625,1952.3896484375,3298696000.0,XU100.IS,bist100
2022-02-28,1920.199951171875,1957.5,1912.199951171875,1946.199951171875,1946.1895751953125,2813218200.0,XU100.IS,bist100
2022-03-01,1969.0999755859375,1994.300048828125,1946.5,1969.9000244140625,1969.8895263671875,3185474100.0,XU100.IS,bist100
2022-03-02,1974.199951171875,1999.800048828125,1961.5999755859375,1986.0999755859375,1986.0894775390625,2514380700.0,XU100.IS,bist100
2022-03-03,2009.300048828125,2047.0,2009.300048828125,2023.300048828125,2023.289306640625,2607235500.0,XU100.IS,bist100
2022-03-04,2013.9000244140625,2024.0999755859375,1990.800048828125,1990.800048828125,1990.7894287109375,2904339600.0,XU100.IS,bist100
2022-03-07,1983.0,2011.5999755859375,1963.800048828125,1997.300048828125,1997.2894287109375,3121038200.0,XU100.IS,bist100
2022-03-08,1987.0,2032.0999755859375,1986.0,2011.4000244140625,2011.389404296875,3045058300.0,XU100.IS,bist100
2022-03-09,2036.300048828125,2055.0,2031.5,2042.699951171875,2042.6890869140625,3150905800.0,XU100.IS,bist100
2022-03-10,2054.60009765625,2068.300048828125,2027.0,2042.0,2041.9891357421875,3284467800.0,XU100.IS,bist100
2022-03-11,2045.699951171875,2067.699951171875,2042.9000244140625,2053.89990234375,2053.888916015625,2929252000.0,XU100.IS,bist100
2022-03-14,2066.39990234375,2092.60009765625,2066.199951171875,2088.5,2088.489013671875,2697172000.0,XU100.IS,bist100
2022-03-15,2087.5,2101.300048828125,2077.60009765625,2079.39990234375,2079.388916015625,2858433400.0,XU100.IS,bist100
2022-03-16,2092.10009765625,2098.5,2078.199951171875,2088.800048828125,2088.7890625,2386829300.0,XU100.IS,bist100
2022-03-17,2104.0,2136.300048828125,2104.0,2133.60009765625,2133.5888671875,2751363800.0,XU100.IS,bist100
2022-03-18,2141.10009765625,2148.699951171875,2132.60009765625,2144.300048828125,2144.28857421875,2219482900.0,XU100.IS,bist100
2022-03-21,2160.39990234375,2176.300048828125,2152.39990234375,2175.0,2174.988525390625,2394237500.0,XU100.IS,bist100
2022-03-22,2151.0,2188.800048828125,2146.300048828125,2188.800048828125,2188.788330078125,2615868100.0,XU100.IS,bist100
2022-03-23,2195.5,2203.699951171875,2170.39990234375,2183.10009765625,2183.088623046875,2995233300.0,XU100.IS,bist100
2022-03-24,2187.10009765625,2199.199951171875,2171.5,2176.199951171875,2176.1884765625,2710492500.0,XU100.IS,bist100
2022-03-25,2179.5,2195.199951171875,2173.60009765625,2175.5,2175.488525390625,2113966300.0,XU100.IS,bist100
2022-03-28,2180.199951171875,2192.89990234375,2170.199951171875,2172.5,2172.488525390625,2834935800.0,XU100.IS,bist100
2022-03-29,2181.800048828125,2220.5,2181.800048828125,2206.5,2206.48828125,4036650100.0,XU100.IS,bist100
2022-03-30,2212.800048828125,2233.5,2212.800048828125,2230.199951171875,2230.188232421875,3579084100.0,XU100.IS,bist100
2022-03-31,2236.199951171875,2245.0,2220.800048828125,2233.300048828125,2233.2880859375,3140612800.0,XU100.IS,bist100
2022-04-01,2238.699951171875,2255.10009765625,2230.39990234375,2251.699951171875,2251.68798828125,3586423400.0,XU100.IS,bist100
2022-04-04,2264.5,2311.39990234375,2264.5,2311.39990234375,2311.3876953125,4602410700.0,XU100.IS,bist100
2022-04-05,2317.5,2343.5,2303.699951171875,2326.300048828125,2326.28759765625,4698457400.0,XU100.IS,bist100
2022-04-06,2328.5,2348.199951171875,2308.300048828125,2316.39990234375,2316.3876953125,3871056600.0,XU100.IS,bist100
2022-04-07,2329.10009765625,2350.800048828125,2329.10009765625,2345.199951171875,2345.1875,3552944200.0,XU100.IS,bist100
2022-04-08,2361.199951171875,2395.0,2361.0,2393.39990234375,2393.38720703125,4827395300.0,XU100.IS,bist100
2022-04-11,2402.199951171875,2450.199951171875,2400.89990234375,2449.10009765625,2449.087158203125,6381746100.0,XU100.IS,bist100
2022-04-12,2449.300048828125,2474.699951171875,2421.5,2463.800048828125,2463.786865234375,6202961500.0,XU100.IS,bist100
2022-04-13,2482.699951171875,2497.800048828125,2435.10009765625,2460.39990234375,2460.386962890625,5347242700.0,XU100.IS,bist100
2022-04-14,2480.89990234375,2485.300048828125,2461.5,2475.39990234375,2475.38671875,4931704300.0,XU100.IS,bist100
2022-04-15,2475.199951171875,2497.39990234375,2471.699951171875,2494.39990234375,2494.38671875,3444523700.0,XU100.IS,bist100
2022-04-18,2502.699951171875,2515.39990234375,2490.60009765625,2510.300048828125,2510.28662109375,4574913600.0,XU100.IS,bist100
2022-04-19,2524.0,2533.300048828125,2491.0,2519.199951171875,2519.1865234375,5163027000.0,XU100.IS,bist100
2022-04-20,2525.89990234375,2536.5,2502.39990234375,2525.89990234375,2525.886474609375,4118388000.0,XU100.IS,bist100
2022-04-21,2531.699951171875,2562.300048828125,2531.199951171875,2556.800048828125,2556.786376953125,4768751800.0,XU100.IS,bist100
2022-04-22,2550.10009765625,2561.0,2465.5,2472.5,2472.48681640625,4807992100.0,XU100.IS,bist100
2022-04-25,2471.300048828125,2498.800048828125,2427.60009765625,2482.60009765625,2482.5869140625,4142991500.0,XU100.IS,bist100
2022-04-26,2498.10009765625,2510.300048828125,2402.300048828125,2418.300048828125,2418.287109375,4188031800.0,XU100.IS,bist100
2022-04-27,2422.89990234375,2453.89990234375,2398.89990234375,2451.39990234375,2451.386962890625,3498374600.0,XU100.IS,bist100
2022-04-28,2460.300048828125,2477.89990234375,2427.89990234375,2428.39990234375,2428.386962890625,3187487100.0,XU100.IS,bist100
2022-04-29,2433.300048828125,2442.800048828125,2404.699951171875,2430.60009765625,2430.587158203125,2974407500.0,XU100.IS,bist100
2022-05-05,2460.800048828125,2491.60009765625,2460.10009765625,2466.300048828125,2466.286865234375,3101306800.0,XU100.IS,bist100
2022-05-06,2460.89990234375,2470.60009765625,2433.300048828125,2458.699951171875,2458.68701171875,2943399300.0,XU100.IS,bist100
2022-05-09,2461.89990234375,2480.60009765625,2441.60009765625,2465.699951171875,2465.686767578125,3003128600.0,XU100.IS,bist100
2022-05-10,2478.5,2494.60009765625,2478.5,2490.199951171875,2490.186767578125,3126942600.0,XU100.IS,bist100
2022-05-11,2498.199951171875,2500.89990234375,2428.800048828125,2453.89990234375,2453.886962890625,3155532400.0,XU100.IS,bist100
2022-05-12,2429.0,2430.10009765625,2361.800048828125,2391.0,2390.9873046875,3505163200.0,XU100.IS,bist100
2022-05-13,2416.0,2426.89990234375,2397.300048828125,2419.199951171875,2419.18701171875,2485823900.0,XU100.IS,bist100
2022-05-16,2419.10009765625,2424.5,2390.800048828125,2390.800048828125,2390.787353515625,2773491600.0,XU100.IS,bist100
2022-05-17,2401.199951171875,2416.800048828125,2380.10009765625,2394.800048828125,2394.787353515625,2865110400.0,XU100.IS,bist100
2022-05-18,2390.800048828125,2411.60009765625,2382.10009765625,2393.60009765625,2393.58740234375,2909913400.0,XU100.IS,bist100
2022-05-20,2389.800048828125,2407.300048828125,2372.39990234375,2372.39990234375,2372.38720703125,3083541800.0,XU100.IS,bist100
2022-05-23,2392.300048828125,2397.89990234375,2346.10009765625,2380.89990234375,2380.88720703125,3533172700.0,XU100.IS,bist100
2022-05-24,2392.10009765625,2399.300048828125,2372.800048828125,2375.0,2374.9873046875,2748134500.0,XU100.IS,bist100
2022-05-25,2386.699951171875,2423.800048828125,2383.89990234375,2418.10009765625,2418.087158203125,2926991700.0,XU100.IS,bist100
2022-05-26,2422.800048828125,2455.699951171875,2421.199951171875,2450.800048828125,2450.787109375,3022204200.0,XU100.IS,bist100
2022-05-27,2454.39990234375,2470.0,2434.199951171875,2438.800048828125,2438.787109375,3414820900.0,XU100.IS,bist100
2022-05-30,2466.89990234375,2539.10009765625,2466.699951171875,2527.199951171875,2527.1865234375,3649923900.0,XU100.IS,bist100
2022-05-31,2538.89990234375,2553.5,2527.699951171875,2547.10009765625,2547.086669921875,4558931000.0,XU100.IS,bist100
2022-06-01,2554.300048828125,2585.800048828125,2554.300048828125,2568.800048828125,2568.786376953125,3524793100.0,XU100.IS,bist100
2022-06-02,2578.699951171875,2603.300048828125,2565.10009765625,2601.60009765625,2601.586181640625,3270128600.0,XU100.IS,bist100
2022-06-03,2611.199951171875,2623.199951171875,2591.5,2601.300048828125,2601.2861328125,2947918200.0,XU100.IS,bist100
2022-06-06,2619.800048828125,2654.39990234375,2619.800048828125,2648.10009765625,2648.0859375,4270946400.0,XU100.IS,bist100
2022-06-07,2651.199951171875,2656.199951171875,2619.5,2648.199951171875,2648.185791015625,3767018100.0,XU100.IS,bist100
2022-06-08,2658.60009765625,2684.800048828125,2532.699951171875,2540.39990234375,2540.386474609375,3906278400.0,XU100.IS,bist100
2022-06-09,2546.300048828125,2575.300048828125,2511.39990234375,2571.60009765625,2571.58642578125,3329038000.0,XU100.IS,bist100
2022-06-10,2553.5,2597.89990234375,2527.60009765625,2543.10009765625,2543.086669921875,3325290000.0,XU100.IS,bist100
2022-06-13,2540.300048828125,2552.199951171875,2506.0,2510.10009765625,2510.086669921875,2672736000.0,XU100.IS,bist100
2022-06-14,2526.699951171875,2533.39990234375,2489.800048828125,2508.89990234375,2508.886474609375,2474740900.0,XU100.IS,bist100
2022-06-15,2514.10009765625,2533.800048828125,2501.800048828125,2531.10009765625,2531.086669921875,2613312700.0,XU100.IS,bist100
2022-06-16,2535.800048828125,2544.10009765625,2469.199951171875,2485.39990234375,2485.38671875,2792619400.0,XU100.IS,bist100
2022-06-17,2491.5,2533.300048828125,2485.800048828125,2533.300048828125,2533.28662109375,2651804000.0,XU100.IS,bist100
2022-06-20,2549.0,2555.10009765625,2511.300048828125,2539.199951171875,2539.1865234375,2620212300.0,XU100.IS,bist100
2022-06-21,2557.10009765625,2582.199951171875,2550.800048828125,2575.89990234375,2575.88623046875,2721684000.0,XU100.IS,bist100
2022-06-22,2572.199951171875,2586.89990234375,2552.10009765625,2574.300048828125,2574.286376953125,2424694900.0,XU100.IS,bist100
2022-06-23,2576.10009765625,2588.699951171875,2533.89990234375,2543.199951171875,2543.1865234375,2624314200.0,XU100.IS,bist100
2022-06-24,2554.800048828125,2570.60009765625,2525.199951171875,2554.10009765625,2554.086669921875,2511887500.0,XU100.IS,bist100
2022-06-27,2539.199951171875,2548.699951171875,2483.0,2529.300048828125,2529.28662109375,2184404000.0,XU100.IS,bist100
2022-06-28,2545.39990234375,2561.10009765625,2471.5,2490.199951171875,2490.186767578125,2781960000.0,XU100.IS,bist100
2022-06-29,2492.60009765625,2494.300048828125,2402.0,2402.0,2401.9873046875,2696174500.0,XU100.IS,bist100
2022-06-30,2400.800048828125,2427.60009765625,2367.800048828125,2405.39990234375,2405.38720703125,2941576100.0,XU100.IS,bist100
2022-07-01,2408.60009765625,2452.800048828125,2399.5,2443.800048828125,2443.787109375,2054072300.0,XU100.IS,bist100
2022-07-04,2458.699951171875,2475.5,2405.60009765625,2406.0,2405.9873046875,2180474200.0,XU100.IS,bist100
2022-07-05,2417.800048828125,2426.5,2359.10009765625,2371.300048828125,2371.287353515625,2531245300.0,XU100.IS,bist100
2022-07-06,2389.10009765625,2411.10009765625,2370.10009765625,2408.199951171875,2408.187255859375,2262972700.0,XU100.IS,bist100
2022-07-07,2412.39990234375,2428.60009765625,2403.5,2425.60009765625,2425.587158203125,1827890200.0,XU100.IS,bist100
2022-07-08,2425.5,2439.800048828125,2422.800048828125,2434.0,2433.987060546875,609358100.0,XU100.IS,bist100
2022-07-13,2435.5,2441.0,2387.89990234375,2408.10009765625,2408.08740234375,1915980100.0,XU100.IS,bist100
2022-07-14,2407.300048828125,2421.199951171875,2375.0,2382.39990234375,2382.38720703125,2251938700.0,XU100.IS,bist100
2022-07-18,2401.89990234375,2451.300048828125,2401.89990234375,2451.300048828125,2451.287109375,2153332200.0,XU100.IS,bist100
2022-07-19,2449.39990234375,2502.0,2448.0,2502.0,2501.98681640625,3003006300.0,XU100.IS,bist100
2022-07-20,2514.199951171875,2527.5,2499.10009765625,2525.199951171875,2525.1865234375,2648672100.0,XU100.IS,bist100
2022-07-21,2528.5,2535.89990234375,2505.199951171875,2511.39990234375,2511.386474609375,2872792000.0,XU100.IS,bist100
2022-07-22,2524.5,2542.699951171875,2497.800048828125,2516.60009765625,2516.586669921875,2913024600.0,XU100.IS,bist100
2022-07-25,2520.800048828125,2553.10009765625,2520.800048828125,2548.5,2548.486572265625,2931341800.0,XU100.IS,bist100
2022-07-26,2558.199951171875,2565.60009765625,2535.300048828125,2537.10009765625,2537.086669921875,3519164000.0,XU100.IS,bist100
2022-07-27,2550.89990234375,2553.800048828125,2531.699951171875,2544.10009765625,2544.086669921875,2739557300.0,XU100.IS,bist100
2022-07-28,2567.199951171875,2574.39990234375,2537.199951171875,2543.300048828125,2543.28662109375,3160271500.0,XU100.IS,bist100
2022-07-29,2548.0,2593.60009765625,2538.5,2592.39990234375,2592.38623046875,2731198300.0,XU100.IS,bist100
2022-08-01,2600.300048828125,2656.800048828125,2600.300048828125,2656.300048828125,2656.285888671875,3034963600.0,XU100.IS,bist100
2022-08-02,2662.0,2681.39990234375,2639.10009765625,2647.60009765625,2647.5859375,3543233000.0,XU100.IS,bist100
2022-08-03,2664.800048828125,2684.5,2664.800048828125,2684.5,2684.48583984375,3469885100.0,XU100.IS,bist100
2022-08-04,2701.10009765625,2733.5,2701.10009765625,2723.699951171875,2723.685546875,3982537300.0,XU100.IS,bist100
2022-08-05,2729.89990234375,2763.0,2707.199951171875,2750.5,2750.4853515625,5415724300.0,XU100.IS,bist100
2022-08-08,2759.39990234375,2802.800048828125,2759.39990234375,2795.10009765625,2795.085205078125,4664390900.0,XU100.IS,bist100
2022-08-09,2795.39990234375,2807.199951171875,2762.300048828125,2785.199951171875,2785.18505859375,4149059200.0,XU100.IS,bist100
2022-08-10,2779.699951171875,2829.60009765625,2764.39990234375,2829.60009765625,2829.585205078125,4691920200.0,XU100.IS,bist100
2022-08-11,2846.800048828125,2877.60009765625,2834.60009765625,2868.39990234375,2868.384765625,4844400500.0,XU100.IS,bist100
2022-08-12,2871.800048828125,2896.699951171875,2841.0,2864.300048828125,2864.284912109375,4547335700.0,XU100.IS,bist100
2022-08-15,2875.39990234375,2885.300048828125,2844.60009765625,2857.199951171875,2857.184814453125,3581812800.0,XU100.IS,bist100
2022-08-16,2862.199951171875,2913.300048828125,2773.10009765625,2913.300048828125,2913.28466796875,5573685100.0,XU100.IS,bist100
2022-08-17,2928.699951171875,2983.199951171875,2919.800048828125,2980.0,2979.984130859375,6197593400.0,XU100.IS,bist100
2022-08-18,2979.10009765625,3033.800048828125,2924.800048828125,3020.0,3019.98388671875,6983716300.0,XU100.IS,bist100
2022-08-19,3025.199951171875,3051.800048828125,2999.5,3020.199951171875,3020.183837890625,5087293100.0,XU100.IS,bist100
2022-08-22,3017.800048828125,3083.300048828125,3010.699951171875,3062.5,3062.483642578125,5529636900.0,XU100.IS,bist100
2022-08-23,3070.199951171875,3131.60009765625,3070.199951171875,3121.5,3121.4833984375,5847637200.0,XU100.IS,bist100
2022-08-24,3133.199951171875,3148.800048828125,3056.800048828125,3060.300048828125,3060.283935546875,5583312800.0,XU100.IS,bist100
2022-08-25,3076.10009765625,3145.89990234375,3074.800048828125,3136.800048828125,3136.783447265625,6171108100.0,XU100.IS,bist100
2022-08-26,3149.39990234375,3188.10009765625,3104.89990234375,3146.10009765625,3146.08349609375,7918231300.0,XU100.IS,bist100
2022-08-29,3145.199951171875,3174.0,3110.60009765625,3165.0,3164.983154296875,5179466500.0,XU100.IS,bist100
2022-08-31,3178.300048828125,3199.0,3160.0,3171.199951171875,3171.18310546875,5650411500.0,XU100.IS,bist100
2022-09-01,3168.39990234375,3183.0,3125.5,3142.699951171875,3142.683349609375,6456240300.0,XU100.IS,bist100
2022-09-02,3166.5,3228.89990234375,3159.800048828125,3222.699951171875,3222.682861328125,6328387400.0,XU100.IS,bist100
2022-09-05,3247.89990234375,3367.300048828125,3247.89990234375,3358.39990234375,3358.382080078125,7199086300.0,XU100.IS,bist100
2022-09-06,3381.699951171875,3448.89990234375,3298.60009765625,3391.39990234375,3391.3818359375,9055035100.0,XU100.IS,bist100
2022-09-07,3401.800048828125,3424.39990234375,3338.10009765625,3402.800048828125,3402.781982421875,7007008800.0,XU100.IS,bist100
2022-09-08,3428.300048828125,3505.699951171875,3420.0,3437.39990234375,3437.381591796875,7521136300.0,XU100.IS,bist100
2022-09-09,3465.10009765625,3545.89990234375,3452.199951171875,3521.39990234375,3521.381103515625,6467120100.0,XU100.IS,bist100
2022-09-12,3557.699951171875,3650.10009765625,3543.89990234375,3649.199951171875,3649.1806640625,7363322300.0,XU100.IS,bist100
2022-09-13,3684.199951171875,3715.300048828125,3426.89990234375,3426.89990234375,3426.8818359375,8391999700.0,XU100.IS,bist100
2022-09-14,3419.10009765625,3447.0,3277.39990234375,3447.0,3446.981689453125,4599603300.0,XU100.IS,bist100
2022-09-15,3456.39990234375,3494.39990234375,3355.199951171875,3363.10009765625,3363.082275390625,5313813100.0,XU100.IS,bist100
2022-09-16,3349.60009765625,3398.60009765625,3317.5,3377.300048828125,3377.2822265625,5524003000.0,XU100.IS,bist100
2022-09-19,3383.0,3393.699951171875,3199.5,3199.5,3199.48291015625,4208800900.0,XU100.IS,bist100
2022-09-20,3221.10009765625,3280.39990234375,3149.699951171875,3277.5,3277.482666015625,5632164100.0,XU100.IS,bist100
2022-09-21,3269.5,3295.699951171875,3225.0,3245.800048828125,3245.78271484375,4475482600.0,XU100.IS,bist100
2022-09-22,3247.300048828125,3320.0,3237.0,3295.300048828125,3295.282470703125,4658942200.0,XU100.IS,bist100
2022-09-23,3303.5,3330.39990234375,3275.60009765625,3281.60009765625,3281.582763671875,3465169500.0,XU100.IS,bist100
2022-09-26,3282.60009765625,3310.0,3222.199951171875,3260.199951171875,3260.1826171875,4074039500.0,XU100.IS,bist100
2022-09-27,3270.5,3319.10009765625,3256.5,3265.60009765625,3265.582763671875,6151073800.0,XU100.IS,bist100
2022-09-28,3258.0,3283.89990234375,3198.199951171875,3198.199951171875,3198.18310546875,3757115200.0,XU100.IS,bist100
2022-09-29,3218.89990234375,3240.800048828125,3048.699951171875,3146.89990234375,3146.88330078125,4524171700.0,XU100.IS,bist100
2022-09-30,3151.300048828125,3180.10009765625,3129.699951171875,3180.0,3179.983154296875,3497637300.0,XU100.IS,bist100
2022-10-03,3195.800048828125,3392.10009765625,3195.800048828125,3392.10009765625,3392.08203125,4434928300.0,XU100.IS,bist100
2022-10-04,3435.60009765625,3480.89990234375,3400.39990234375,3458.0,3457.981689453125,5259512100.0,XU100.IS,bist100
2022-10-05,3486.699951171875,3508.5,3425.39990234375,3484.39990234375,3484.38134765625,4626678400.0,XU100.IS,bist100
2022-10-06,3519.89990234375,3565.5,3507.800048828125,3553.89990234375,3553.881103515625,4330068800.0,XU100.IS,bist100
2022-10-07,3563.89990234375,3589.199951171875,3546.10009765625,3567.60009765625,3567.5810546875,3741658300.0,XU100.IS,bist100
2022-10-10,3574.10009765625,3601.89990234375,3564.800048828125,3582.0,3581.98095703125,3453938700.0,XU100.IS,bist100
2022-10-11,3590.300048828125,3606.0,3563.199951171875,3571.60009765625,3571.5810546875,3952792800.0,XU100.IS,bist100
2022-10-12,3576.800048828125,3591.39990234375,3510.89990234375,3517.800048828125,3517.781494140625,3562425800.0,XU100.IS,bist100
2022-10-13,3529.800048828125,3577.800048828125,3521.60009765625,3553.39990234375,3553.381103515625,3366837700.0,XU100.IS,bist100
2022-10-14,3584.89990234375,3640.60009765625,3584.89990234375,3627.0,3626.980712890625,3475597600.0,XU100.IS,bist100
2022-10-17,3641.39990234375,3854.10009765625,3641.39990234375,3847.60009765625,3847.57958984375,5872901000.0,XU100.IS,bist100
2022-10-18,3877.89990234375,3927.199951171875,3805.5,3841.60009765625,3841.579833984375,6345757900.0,XU100.IS,bist100
2022-10-19,3851.39990234375,3916.89990234375,3844.5,3880.300048828125,3880.279541015625,6032411700.0,XU100.IS,bist100
2022-10-20,3889.800048828125,3942.5,3877.800048828125,3900.89990234375,3900.879150390625,6564856700.0,XU100.IS,bist100
2022-10-21,3905.300048828125,3952.199951171875,3888.39990234375,3934.60009765625,3934.579345703125,4590710500.0,XU100.IS,bist100
2022-10-24,3946.10009765625,4008.800048828125,3939.699951171875,3977.5,3977.47900390625,4155465300.0,XU100.IS,bist100
2022-10-25,3983.39990234375,4011.10009765625,3928.199951171875,3975.0,3974.97900390625,5490367800.0,XU100.IS,bist100
2022-10-26,3989.699951171875,4015.60009765625,3958.800048828125,3976.39990234375,3976.37890625,4121101000.0,XU100.IS,bist100
2022-10-27,3978.0,3990.10009765625,3906.300048828125,3934.5,3934.479248046875,4149961700.0,XU100.IS,bist100
2022-10-28,3929.5,3929.800048828125,3877.60009765625,3879.0,3878.9794921875,1623829100.0,XU100.IS,bist100
2022-10-31,3884.60009765625,3982.300048828125,3880.89990234375,3979.0,3978.97900390625,3727242300.0,XU100.IS,bist100
2022-11-01,3987.39990234375,4100.2001953125,3987.39990234375,4054.699951171875,4054.678466796875,4480582500.0,XU100.IS,bist100
2022-11-02,4059.199951171875,4098.60009765625,4040.10009765625,4071.89990234375,4071.87841796875,4348934400.0,XU100.IS,bist100
2022-11-03,4078.199951171875,4116.5,4055.89990234375,4105.5,4105.47802734375,3875210400.0,XU100.IS,bist100
2022-11-04,4131.10009765625,4233.60009765625,4131.10009765625,4217.0,4216.9775390625,4863882700.0,XU100.IS,bist100
2022-11-07,4230.10009765625,4338.89990234375,4230.10009765625,4331.7001953125,4331.67724609375,6205301000.0,XU100.IS,bist100
2022-11-08,4336.39990234375,4412.2001953125,4297.5,4360.2998046875,4360.27685546875,6696793100.0,XU100.IS,bist100
2022-11-09,4369.7001953125,4426.60009765625,4333.0,4361.0,4360.97705078125,5651985600.0,XU100.IS,bist100
2022-11-10,4367.7998046875,4498.2998046875,4364.2001953125,4467.10009765625,4467.076171875,5621349600.0,XU100.IS,bist100
2022-11-11,4541.39990234375,4552.39990234375,4428.39990234375,4455.5,4455.4765625,5428750600.0,XU100.IS,bist100
2022-11-14,4451.89990234375,4571.2001953125,4449.7998046875,4570.2001953125,4570.17578125,5476788500.0,XU100.IS,bist100
2022-11-15,4632.2001953125,4686.60009765625,4534.7001953125,4657.0,4656.97509765625,7228350200.0,XU100.IS,bist100
2022-11-16,4702.2998046875,4784.0,4650.5,4668.5,4668.47509765625,7850253200.0,XU100.IS,bist100
2022-11-17,4686.5,4686.5,4446.60009765625,4507.2001953125,4507.17626953125,5821944300.0,XU100.IS,bist100
2022-11-18,4465.60009765625,4555.60009765625,4456.60009765625,4526.7001953125,4526.67626953125,4802740600.0,XU100.IS,bist100
2022-11-21,4503.10009765625,4570.2998046875,4463.5,4570.2998046875,4570.275390625,5158394700.0,XU100.IS,bist100
2022-11-22,4566.7998046875,4780.7001953125,4566.7998046875,4780.7001953125,4780.6748046875,6382803400.0,XU100.IS,bist100
2022-11-23,4803.89990234375,4864.7998046875,4727.7998046875,4854.2001953125,4854.17431640625,6513005600.0,XU100.IS,bist100
2022-11-24,4880.5,4939.7001953125,4794.2001953125,4858.2001953125,4858.17431640625,7264528500.0,XU100.IS,bist100
2022-11-25,4857.10009765625,4891.39990234375,4807.60009765625,4874.2998046875,4874.27392578125,5819258800.0,XU100.IS,bist100
2022-11-28,4906.39990234375,4970.39990234375,4854.2998046875,4923.2001953125,4923.17431640625,6204823300.0,XU100.IS,bist100
2022-11-29,4942.7998046875,4988.2001953125,4817.2998046875,4962.5,4962.4736328125,5434243800.0,XU100.IS,bist100
2022-11-30,4925.5,4988.7001953125,4922.89990234375,4977.60009765625,4977.57373046875,5479948500.0,XU100.IS,bist100
2022-12-01,5046.2998046875,5091.7001953125,5001.7001953125,5046.2001953125,5046.17333984375,5540902800.0,XU100.IS,bist100
2022-12-02,5054.5,5054.5,4912.7998046875,4963.0,4962.9736328125,4834622100.0,XU100.IS,bist100
2022-12-05,4993.7001953125,5010.60009765625,4883.7001953125,4957.7998046875,4957.7734375,5491225600.0,XU100.IS,bist100
2022-12-06,4946.60009765625,5032.60009765625,4910.2998046875,5000.10009765625,5000.07373046875,5371669700.0,XU100.IS,bist100
2022-12-07,5002.0,5014.60009765625,4773.39990234375,4827.0,4826.974609375,5447953400.0,XU100.IS,bist100
2022-12-08,4823.2998046875,4859.2998046875,4711.39990234375,4855.89990234375,4855.8740234375,4738327300.0,XU100.IS,bist100
2022-12-09,4875.2001953125,5015.2001953125,4871.2998046875,5005.2998046875,5005.2734375,4459088100.0,XU100.IS,bist100
2022-12-12,5057.5,5222.60009765625,5057.5,5193.2998046875,5193.2724609375,6912076100.0,XU100.IS,bist100
2022-12-13,5212.60009765625,5299.2998046875,5179.7998046875,5256.2001953125,5256.17236328125,6523443000.0,XU100.IS,bist100
2022-12-14,5274.89990234375,5302.10009765625,5041.7001953125,5066.5,5066.47314453125,8355647600.0,XU100.IS,bist100
2022-12-15,5174.39990234375,5247.7998046875,5050.39990234375,5188.7998046875,5188.7724609375,6520482200.0,XU100.IS,bist100
2022-12-16,5211.7998046875,5259.0,5154.60009765625,5214.2998046875,5214.27197265625,6291498000.0,XU100.IS,bist100
2022-12-19,5270.60009765625,5404.0,5267.7001953125,5391.89990234375,5391.87109375,7195195300.0,XU100.IS,bist100
2022-12-20,5408.7998046875,5445.89990234375,5344.2998046875,5419.0,5418.97119140625,6991291700.0,XU100.IS,bist100
2022-12-21,5449.2998046875,5491.10009765625,5412.7001953125,5429.10009765625,5429.0712890625,5943969000.0,XU100.IS,bist100
2022-12-22,5462.2001953125,5515.7001953125,5398.39990234375,5447.2001953125,5447.17138671875,4755889800.0,XU100.IS,bist100
2022-12-23,5415.39990234375,5457.2001953125,5370.7998046875,5454.7998046875,5454.77099609375,4070433500.0,XU100.IS,bist100
2022-12-26,5516.89990234375,5549.39990234375,5480.5,5504.10009765625,5504.07080078125,3819828400.0,XU100.IS,bist100
2022-12-27,5512.89990234375,5513.60009765625,5428.5,5434.5,5434.47119140625,4017121300.0,XU100.IS,bist100
2022-12-28,5443.7998046875,5450.2998046875,5258.5,5345.60009765625,5345.57177734375,4132793700.0,XU100.IS,bist100
2022-12-29,5347.7001953125,5476.89990234375,5331.7998046875,5476.89990234375,5476.87060546875,3544419500.0,XU100.IS,bist100
2022-12-30,5510.7998046875,5563.0,5489.2001953125,5509.2001953125,5509.1708984375,4321634100.0,XU100.IS,bist100
2023-01-02,5568.39990234375,5661.5,5568.39990234375,5661.10009765625,5661.06982421875,4834734400.0,XU100.IS,bist100
2023-01-03,5697.60009765625,5704.7998046875,5610.39990234375,5626.60009765625,5626.5703125,5459192700.0,XU100.IS,bist100
2023-01-04,5646.60009765625,5651.7001953125,5478.7998046875,5523.5,5523.470703125,4992602800.0,XU100.IS,bist100
2023-01-05,5556.0,5567.0,5116.39990234375,5116.39990234375,5116.37255859375,4510533000.0,XU100.IS,bist100
2023-01-06,5121.0,5420.39990234375,4961.2998046875,5342.0,5341.9716796875,5331359700.0,XU100.IS,bist100
2023-01-09,5401.60009765625,5416.7001953125,5123.7001953125,5171.0,5170.97265625,4317306200.0,XU100.IS,bist100
2023-01-10,5168.60009765625,5187.39990234375,4947.39990234375,4988.0,4987.9736328125,3964871800.0,XU100.IS,bist100
2023-01-11,5005.60009765625,5091.2998046875,4728.89990234375,4728.89990234375,4728.875,3954341800.0,XU100.IS,bist100
2023-01-12,4849.60009765625,4977.2998046875,4601.2998046875,4970.7001953125,4970.673828125,5008515200.0,XU100.IS,bist100
2023-01-13,4952.39990234375,5073.2998046875,4925.60009765625,4984.89990234375,4984.87353515625,3864299600.0,XU100.IS,bist100
2023-01-16,5013.2001953125,5207.7001953125,4981.39990234375,5207.7001953125,5207.67236328125,4090424900.0,XU100.IS,bist100
2023-01-17,5223.5,5338.89990234375,5194.39990234375,5315.0,5314.9716796875,5127613000.0,XU100.IS,bist100
2023-01-18,5337.2001953125,5424.2001953125,5310.7001953125,5384.2001953125,5384.171875,4787154800.0,XU100.IS,bist100
2023-01-19,5371.2998046875,5452.7998046875,5348.7001953125,5422.39990234375,5422.37109375,3950727200.0,XU100.IS,bist100
2023-01-20,5444.0,5507.7001953125,5426.60009765625,5490.2998046875,5490.2705078125,4789491200.0,XU100.IS,bist100
2023-01-23,5514.0,5569.0,5351.60009765625,5404.39990234375,5404.37109375,4639095500.0,XU100.IS,bist100
2023-01-24,5397.0,5438.7001953125,5244.2001953125,5366.5,5366.4716796875,4071939800.0,XU100.IS,bist100
2023-01-25,5403.7001953125,5419.2998046875,5103.2998046875,5297.7998046875,5297.771484375,3918847000.0,XU100.IS,bist100
2023-01-26,5291.89990234375,5315.89990234375,5200.5,5231.0,5230.97216796875,3376747600.0,XU100.IS,bist100
2023-01-27,5198.2998046875,5229.0,5020.5,5191.7998046875,5191.7724609375,3594118700.0,XU100.IS,bist100
2023-01-30,5201.10009765625,5232.60009765625,5096.2998046875,5096.2998046875,5096.27294921875,2997771600.0,XU100.IS,bist100
2023-01-31,5076.89990234375,5111.7001953125,4955.5,4976.60009765625,4976.57373046875,3697029600.0,XU100.IS,bist100
2023-02-01,4998.7998046875,5014.89990234375,4713.39990234375,4713.39990234375,4713.375,3202000600.0,XU100.IS,bist100
2023-02-02,4720.2001953125,4870.7001953125,4479.7001953125,4752.2001953125,4752.1748046875,5014254000.0,XU100.IS,bist100
2023-02-03,4754.60009765625,4997.60009765625,4727.2001953125,4997.60009765625,4997.57373046875,4136725400.0,XU100.IS,bist100
2023-02-06,4879.5,4991.7001953125,4748.2998046875,4930.2001953125,4930.173828125,818423900.0,XU100.IS,bist100
2023-02-07,4903.89990234375,4903.89990234375,4484.7001953125,4505.2998046875,4505.27587890625,2246091000.0,XU100.IS,bist100
2023-02-08,4186.0,4505.2998046875,4186.0,4505.2998046875,4505.27587890625,0.0,XU100.IS,bist100
2023-02-15,4769.2001953125,4951.0,4769.2001953125,4950.5,4950.4736328125,1366156900.0,XU100.IS,bist100
2023-02-16,5311.39990234375,5320.39990234375,4943.5,5008.60009765625,5008.57373046875,3220661600.0,XU100.IS,bist100
2023-02-17,4937.7001953125,5081.7998046875,4897.39990234375,5026.7998046875,5026.77294921875,2361027300.0,XU100.IS,bist100
2023-02-20,5051.60009765625,5173.39990234375,5014.39990234375,5148.89990234375,5148.87255859375,2795290300.0,XU100.IS,bist100
2023-02-21,5150.2001953125,5264.7998046875,5136.39990234375,5149.39990234375,5149.37255859375,3373251500.0,XU100.IS,bist100
2023-02-22,5163.2998046875,5174.89990234375,5047.5,5071.39990234375,5071.373046875,3000149400.0,XU100.IS,bist100
2023-02-23,5057.39990234375,5117.7998046875,5044.2001953125,5086.2001953125,5086.17333984375,3086219900.0,XU100.IS,bist100
2023-02-24,5088.5,5114.5,5054.2001953125,5058.7998046875,5058.77294921875,3666107600.0,XU100.IS,bist100
2023-02-27,5076.39990234375,5204.10009765625,4980.10009765625,5197.39990234375,5197.37255859375,3780474500.0,XU100.IS,bist100
2023-02-28,5229.2998046875,5265.7001953125,5180.2998046875,5237.2998046875,5237.27197265625,3651685800.0,XU100.IS,bist100
2023-03-01,5258.7001953125,5350.7001953125,5253.89990234375,5322.7001953125,5322.671875,3389485300.0,XU100.IS,bist100
2023-03-02,5319.2001953125,5352.10009765625,5256.7998046875,5261.39990234375,5261.3720703125,3636998900.0,XU100.IS,bist100
2023-03-03,5244.7001953125,5298.39990234375,5054.39990234375,5212.39990234375,5212.3720703125,3747489600.0,XU100.IS,bist100
2023-03-06,5244.2001953125,5428.2998046875,5221.89990234375,5392.2998046875,5392.27099609375,4322046300.0,XU100.IS,bist100
2023-03-07,5438.60009765625,5497.7998046875,5377.39990234375,5381.89990234375,5381.87158203125,4190369200.0,XU100.IS,bist100
2023-03-08,5378.89990234375,5442.2001953125,5341.2001953125,5438.39990234375,5438.37109375,4276210500.0,XU100.IS,bist100
2023-03-09,5457.89990234375,5503.10009765625,5431.60009765625,5446.2001953125,5446.17138671875,4641697900.0,XU100.IS,bist100
2023-03-10,5396.7001953125,5453.89990234375,5375.89990234375,5384.60009765625,5384.57177734375,3768780400.0,XU100.IS,bist100
2023-03-13,5414.89990234375,5429.2998046875,5283.0,5323.2001953125,5323.171875,3348659800.0,XU100.IS,bist100
2023-03-14,5331.39990234375,5347.89990234375,5207.2998046875,5207.2998046875,5207.27197265625,3220818500.0,XU100.IS,bist100
2023-03-15,5224.39990234375,5239.5,5065.2998046875,5121.60009765625,5121.57275390625,3407563700.0,XU100.IS,bist100
2023-03-16,5155.5,5230.7001953125,5129.7998046875,5229.60009765625,5229.572265625,2408700100.0,XU100.IS,bist100
2023-03-17,5277.7001953125,5291.89990234375,5136.39990234375,5136.39990234375,5136.37255859375,2931813200.0,XU100.IS,bist100
2023-03-20,5119.60009765625,5137.10009765625,4971.10009765625,4975.5,4975.4736328125,2834484500.0,XU100.IS,bist100
2023-03-21,4986.2998046875,5019.89990234375,4890.39990234375,4906.60009765625,4906.57421875,2716626700.0,XU100.IS,bist100
2023-03-22,4931.7001953125,5001.10009765625,4890.89990234375,5001.10009765625,5001.07373046875,2306010900.0,XU100.IS,bist100
2023-03-23,4997.2001953125,5062.0,4983.7001953125,5062.0,5061.97314453125,2354594200.0,XU100.IS,bist100
2023-03-24,5078.60009765625,5117.39990234375,5000.2001953125,5032.0,5031.97314453125,2101903200.0,XU100.IS,bist100
2023-03-27,5064.7998046875,5074.0,4997.7998046875,4997.7998046875,4997.7734375,1988283700.0,XU100.IS,bist100
2023-03-28,5003.7001953125,5005.0,4811.5,4811.5,4811.474609375,2297360400.0,XU100.IS,bist100
2023-03-29,4803.10009765625,4946.0,4752.89990234375,4943.2001953125,4943.173828125,2403997700.0,XU100.IS,bist100
2023-03-30,4926.39990234375,5000.2001953125,4880.7998046875,4896.10009765625,4896.07421875,2595119500.0,XU100.IS,bist100
2023-03-31,4876.2001953125,4881.7998046875,4790.7001953125,4812.89990234375,4812.87451171875,2575164900.0,XU100.IS,bist100
2023-04-03,4806.39990234375,4851.7001953125,4680.5,4839.5,4839.47412109375,2497155100.0,XU100.IS,bist100
2023-04-04,4842.39990234375,4988.60009765625,4830.60009765625,4984.10009765625,4984.07373046875,2271301900.0,XU100.IS,bist100
2023-04-05,4997.0,5028.7998046875,4919.89990234375,4919.89990234375,4919.8740234375,2212695500.0,XU100.IS,bist100
2023-04-06,4920.2998046875,4970.2998046875,4890.60009765625,4912.7998046875,4912.77392578125,1665310900.0,XU100.IS,bist100
2023-04-07,4921.2998046875,4955.5,4899.5,4924.60009765625,4924.57373046875,1781919500.0,XU100.IS,bist100
2023-04-10,4956.0,5102.39990234375,4956.0,5092.2998046875,5092.27294921875,2459728800.0,XU100.IS,bist100
2023-04-11,5110.7998046875,5143.5,5082.10009765625,5124.2998046875,5124.2724609375,3053840200.0,XU100.IS,bist100
2023-04-12,5128.0,5198.39990234375,5121.10009765625,5146.10009765625,5146.07275390625,2902601800.0,XU100.IS,bist100
2023-04-13,5164.89990234375,5195.5,5131.89990234375,5135.60009765625,5135.57275390625,2602989700.0,XU100.IS,bist100
2023-04-14,5143.39990234375,5176.60009765625,5092.89990234375,5092.89990234375,5092.873046875,2067327000.0,XU100.IS,bist100
2023-04-17,5112.0,5138.10009765625,5057.5,5059.39990234375,5059.373046875,1914352500.0,XU100.IS,bist100
2023-04-18,5076.2001953125,5105.10009765625,5011.89990234375,5018.7001953125,5018.67333984375,1915472700.0,XU100.IS,bist100
2023-04-19,5026.39990234375,5093.10009765625,4975.5,5061.2001953125,5061.17333984375,2115440800.0,XU100.IS,bist100
2023-04-20,5037.39990234375,5037.5,4997.5,5012.2998046875,5012.2734375,1049019200.0,XU100.IS,bist100
2023-04-24,5022.5,5076.39990234375,5010.2998046875,5022.7998046875,5022.77294921875,1676860000.0,XU100.IS,bist100
2023-04-25,5034.10009765625,5042.10009765625,4881.0,4891.0,4890.97412109375,2030580100.0,XU100.IS,bist100
2023-04-26,4885.89990234375,4901.39990234375,4749.10009765625,4783.5,4783.474609375,1919644400.0,XU100.IS,bist100
2023-04-27,4777.5,4831.39990234375,4750.5,4789.60009765625,4789.57470703125,1899706600.0,XU100.IS,bist100
2023-04-28,4799.5,4808.5,4578.10009765625,4617.89990234375,4617.87548828125,1768195800.0,XU100.IS,bist100
2023-05-02,4628.39990234375,4660.2998046875,4499.0,4506.2001953125,4506.17626953125,1761788500.0,XU100.IS,bist100
2023-05-03,4517.39990234375,4534.5,4311.39990234375,4486.0,4485.97607421875,2062108400.0,XU100.IS,bist100
2023-05-04,4470.2001953125,4577.7001953125,4447.5,4484.39990234375,4484.3759765625,1730186400.0,XU100.IS,bist100
2023-05-05,4481.39990234375,4496.10009765625,4378.2998046875,4400.7998046875,4400.7763671875,1416981300.0,XU100.IS,bist100
2023-05-08,4433.2998046875,4577.7001953125,4374.10009765625,4561.89990234375,4561.87548828125,2270213000.0,XU100.IS,bist100
2023-05-09,4547.2001953125,4622.10009765625,4513.2998046875,4536.2001953125,4536.17626953125,2910741500.0,XU100.IS,bist100
2023-05-10,4544.5,4554.89990234375,4485.7998046875,4494.5,4494.47607421875,2311022500.0,XU100.IS,bist100
2023-05-11,4492.2001953125,4871.7998046875,4492.2001953125,4848.0,4847.97412109375,4353882300.0,XU100.IS,bist100
2023-05-12,4897.2998046875,4982.89990234375,4758.10009765625,4795.60009765625,4795.57470703125,3655138700.0,XU100.IS,bist100
2023-05-15,4489.60009765625,4700.0,4475.5,4501.2001953125,4501.17626953125,2379215000.0,XU100.IS,bist100
2023-05-16,4406.0,4589.7001953125,4406.0,4589.7001953125,4589.67578125,4032864300.0,XU100.IS,bist100
2023-05-17,4605.60009765625,4680.89990234375,4599.7998046875,4661.7001953125,4661.67529296875,2914998400.0,XU100.IS,bist100
2023-05-18,4681.7001953125,4700.0,4489.10009765625,4501.7001953125,4501.67626953125,2637205400.0,XU100.IS,bist100
2023-05-22,4532.60009765625,4556.7998046875,4415.7001953125,4466.2001953125,4466.17626953125,2316840400.0,XU100.IS,bist100
2023-05-23,4467.2998046875,4499.2998046875,4436.5,4471.0,4470.97607421875,1929211000.0,XU100.IS,bist100
2023-05-24,4476.89990234375,4524.10009765625,4416.2001953125,4424.89990234375,4424.87646484375,1934570100.0,XU100.IS,bist100
2023-05-25,4440.39990234375,4471.5,4404.10009765625,4428.0,4427.9765625,1806193900.0,XU100.IS,bist100
2023-05-26,4442.2001953125,4605.2998046875,4436.89990234375,4580.7001953125,4580.67578125,2576307800.0,XU100.IS,bist100
2023-05-29,4696.2001953125,4800.0,4622.2998046875,4768.60009765625,4768.57470703125,3189578800.0,XU100.IS,bist100
2023-05-30,4840.39990234375,4972.7998046875,4830.7998046875,4951.39990234375,4951.37353515625,4367012700.0,XU100.IS,bist100
2023-05-31,4956.2998046875,4982.5,4868.0,4886.89990234375,4886.8740234375,3946536500.0,XU100.IS,bist100
2023-06-01,4928.60009765625,5007.10009765625,4928.60009765625,4959.7998046875,4959.7734375,2595881600.0,XU100.IS,bist100
2023-06-02,5102.60009765625,5146.7001953125,5051.39990234375,5115.0,5114.97265625,3855620400.0,XU100.IS,bist100
2023-06-05,5233.2001953125,5374.60009765625,5204.5,5372.7001953125,5372.671875,3985495300.0,XU100.IS,bist100
2023-06-06,5372.39990234375,5439.89990234375,5314.5,5388.7998046875,5388.77099609375,3470806600.0,XU100.IS,bist100
2023-06-07,5515.89990234375,5608.7998046875,5515.89990234375,5561.2001953125,5561.1708984375,5135817600.0,XU100.IS,bist100
2023-06-08,5549.7998046875,5593.60009765625,5458.7998046875,5554.0,5553.970703125,3575038400.0,XU100.IS,bist100
2023-06-09,5603.5,5639.2001953125,5535.0,5626.5,5626.47021484375,3366808700.0,XU100.IS,bist100
2023-06-12,5673.7998046875,5730.2001953125,5589.0,5589.0,5588.97021484375,3335117200.0,XU100.IS,bist100
2023-06-13,5568.10009765625,5595.2001953125,5392.7998046875,5429.10009765625,5429.0712890625,3280041000.0,XU100.IS,bist100
2023-06-14,5437.10009765625,5490.89990234375,5322.0,5360.7998046875,5360.771484375,3562526600.0,XU100.IS,bist100
2023-06-15,5397.7998046875,5495.5,5378.2998046875,5495.5,5495.470703125,2789147400.0,XU100.IS,bist100
2023-06-16,5518.5,5566.10009765625,5467.0,5475.5,5475.47119140625,2959480100.0,XU100.IS,bist100
2023-06-19,5485.5,5485.5,5269.10009765625,5269.2998046875,5269.27197265625,2641341700.0,XU100.IS,bist100
2023-06-20,5265.0,5315.5,5200.2998046875,5251.60009765625,5251.572265625,2773703400.0,XU100.IS,bist100
2023-06-21,5280.5,5329.39990234375,5169.60009765625,5186.7998046875,5186.7724609375,2280250300.0,XU100.IS,bist100
2023-06-22,5200.2001953125,5434.60009765625,5152.7998046875,5428.2998046875,5428.27099609375,3804924300.0,XU100.IS,bist100
2023-06-23,5509.7998046875,5594.0,5478.89990234375,5582.7998046875,5582.77001953125,3404649500.0,XU100.IS,bist100
2023-06-26,5644.2998046875,5749.7001953125,5632.10009765625,5732.89990234375,5732.86962890625,2815649300.0,XU100.IS,bist100
2023-06-27,5725.10009765625,5766.60009765625,5692.89990234375,5759.10009765625,5759.0693359375,1229126700.0,XU100.IS,bist100
2023-07-03,5867.2001953125,6018.2998046875,5867.2001953125,6015.2998046875,6015.26806640625,3725885300.0,XU100.IS,bist100
2023-07-04,6049.7001953125,6076.7001953125,5980.10009765625,6003.89990234375,6003.8681640625,4768264400.0,XU100.IS,bist100
2023-07-05,6026.10009765625,6121.60009765625,5889.89990234375,6106.7998046875,6106.767578125,4054640000.0,XU100.IS,bist100
2023-07-06,6135.2998046875,6207.89990234375,6124.2001953125,6141.10009765625,6141.0673828125,4105306400.0,XU100.IS,bist100
2023-07-07,6139.7998046875,6223.2998046875,6117.10009765625,6187.10009765625,6187.0673828125,3663437400.0,XU100.IS,bist100
2023-07-10,6264.2998046875,6290.2998046875,6228.2001953125,6270.39990234375,6270.36669921875,4124593200.0,XU100.IS,bist100
2023-07-11,6371.2001953125,6386.7998046875,6234.5,6362.89990234375,6362.8662109375,5496917600.0,XU100.IS,bist100
2023-07-12,6360.7001953125,6410.60009765625,6287.39990234375,6342.10009765625,6342.06640625,5762002600.0,XU100.IS,bist100
2023-07-13,6354.89990234375,6436.7998046875,6315.39990234375,6368.39990234375,6368.3662109375,5232799800.0,XU100.IS,bist100
2023-07-14,6415.5,6446.0,6353.89990234375,6437.7001953125,6437.666015625,3424924800.0,XU100.IS,bist100
2023-07-17,6501.7998046875,6604.0,6476.60009765625,6600.5,6600.46484375,4366785400.0,XU100.IS,bist100
2023-07-18,6636.7001953125,6662.2001953125,6362.7001953125,6365.0,6364.96630859375,5162380200.0,XU100.IS,bist100
2023-07-19,6370.2998046875,6572.2998046875,6299.60009765625,6571.2998046875,6571.26513671875,4212504700.0,XU100.IS,bist100
2023-07-20,6633.39990234375,6700.39990234375,6518.89990234375,6682.10009765625,6682.064453125,5594317800.0,XU100.IS,bist100
2023-07-21,6688.10009765625,6724.39990234375,6617.7001953125,6687.7998046875,6687.76416015625,4725626500.0,XU100.IS,bist100
2023-07-24,6730.0,6808.0,6626.2998046875,6695.10009765625,6695.064453125,5181916900.0,XU100.IS,bist100
2023-07-25,6721.5,6724.5,6538.2998046875,6605.0,6604.96484375,4848903300.0,XU100.IS,bist100
2023-07-26,6606.2001953125,6744.39990234375,6583.5,6743.89990234375,6743.8642578125,4650554600.0,XU100.IS,bist100
2023-07-27,6799.39990234375,6856.10009765625,6766.2998046875,6856.10009765625,6856.06396484375,5262101300.0,XU100.IS,bist100
2023-07-28,6925.39990234375,7097.0,6912.0,7067.2998046875,7067.26220703125,6446540500.0,XU100.IS,bist100
2023-07-31,7143.10009765625,7256.60009765625,7117.10009765625,7217.0,7216.9619140625,6521695800.0,XU100.IS,bist100
2023-08-01,7209.60009765625,7296.60009765625,7113.2998046875,7168.5,7168.4619140625,5805074100.0,XU100.IS,bist100
2023-08-02,7180.10009765625,7336.10009765625,7174.60009765625,7258.5,7258.46142578125,5354725100.0,XU100.IS,bist100
2023-08-03,7296.0,7365.60009765625,7200.7998046875,7221.5,7221.4619140625,5118646400.0,XU100.IS,bist100
2023-08-04,7256.60009765625,7427.10009765625,7205.39990234375,7400.60009765625,7400.56103515625,4299741900.0,XU100.IS,bist100
2023-08-07,7434.5,7493.89990234375,7399.0,7470.10009765625,7470.060546875,3822805700.0,XU100.IS,bist100
2023-08-08,7495.7001953125,7504.39990234375,7359.5,7412.2001953125,7412.16064453125,4507561100.0,XU100.IS,bist100
2023-08-09,7423.10009765625,7644.60009765625,7367.0,7600.7001953125,7600.65966796875,5888600900.0,XU100.IS,bist100
2023-08-10,7652.39990234375,7766.10009765625,7398.5,7441.5,7441.46044921875,7271931300.0,XU100.IS,bist100
2023-08-11,7453.39990234375,7721.0,7397.60009765625,7714.39990234375,7714.35888671875,5205759600.0,XU100.IS,bist100
2023-08-14,7795.0,7868.7001953125,7681.2998046875,7737.39990234375,7737.35888671875,5476968800.0,XU100.IS,bist100
2023-08-15,7763.7001953125,7794.89990234375,7550.2998046875,7690.7998046875,7690.7587890625,4977818400.0,XU100.IS,bist100
2023-08-16,7685.2998046875,7734.39990234375,7588.89990234375,7662.2998046875,7662.25927734375,5200431800.0,XU100.IS,bist100
2023-08-17,7675.10009765625,7798.60009765625,7633.10009765625,7764.5,7764.458984375,4725467900.0,XU100.IS,bist100
2023-08-18,7803.7001953125,7815.7998046875,7424.0,7513.2998046875,7513.259765625,4980347200.0,XU100.IS,bist100
2023-08-21,7446.39990234375,7820.10009765625,7411.5,7796.7001953125,7796.65869140625,5512184500.0,XU100.IS,bist100
2023-08-22,7856.2001953125,7903.0,7691.2998046875,7771.2998046875,7771.2587890625,5027274400.0,XU100.IS,bist100
2023-08-23,7820.39990234375,7832.0,7602.2001953125,7602.2001953125,7602.15966796875,5849648800.0,XU100.IS,bist100
2023-08-24,7648.2998046875,7872.7998046875,7476.2998046875,7491.89990234375,7491.8603515625,8173460100.0,XU100.IS,bist100
2023-08-25,7545.2001953125,7747.60009765625,7407.89990234375,7716.7001953125,7716.6591796875,4832637800.0,XU100.IS,bist100
2023-08-28,7837.10009765625,8008.7998046875,7837.10009765625,7941.7001953125,7941.658203125,5487016200.0,XU100.IS,bist100
2023-08-29,7963.39990234375,8013.5,7865.60009765625,7907.10009765625,7907.05810546875,4693866900.0,XU100.IS,bist100
2023-08-31,7964.5,8005.7998046875,7880.60009765625,7917.89990234375,7917.85791015625,4424045500.0,XU100.IS,bist100
2023-09-01,7966.7001953125,8060.89990234375,7930.10009765625,8056.10009765625,8056.05712890625,4229228600.0,XU100.IS,bist100
2023-09-04,8141.2998046875,8238.900390625,8126.0,8141.2998046875,8141.2568359375,5212121500.0,XU100.IS,bist100
2023-09-05,8161.10009765625,8236.099609375,8090.2001953125,8236.099609375,8236.0556640625,5547198400.0,XU100.IS,bist100
2023-09-06,8291.599609375,8298.5,8127.89990234375,8181.7001953125,8181.65673828125,5981494100.0,XU100.IS,bist100
2023-09-07,8218.5,8358.0,8218.5,8337.7001953125,8337.65625,5098904900.0,XU100.IS,bist100
2023-09-08,8371.2998046875,8398.400390625,8295.7001953125,8325.2998046875,8325.255859375,4863767200.0,XU100.IS,bist100
2023-09-11,8385.599609375,8403.7998046875,8127.10009765625,8146.5,8146.45654296875,5399368300.0,XU100.IS,bist100
2023-09-12,8175.0,8276.2001953125,8081.2998046875,8159.89990234375,8159.8564453125,4732159800.0,XU100.IS,bist100
2023-09-13,8184.0,8236.0,7977.7001953125,8013.89990234375,8013.857421875,4573766200.0,XU100.IS,bist100
2023-09-14,8035.7001953125,8118.7998046875,7797.10009765625,8118.7998046875,8118.7568359375,4404427900.0,XU100.IS,bist100
2023-09-15,8128.5,8139.2998046875,7962.0,7962.0,7961.95751953125,4235100000.0,XU100.IS,bist100
2023-09-18,7952.39990234375,7952.39990234375,7678.7998046875,7680.39990234375,7680.359375,3611908200.0,XU100.IS,bist100
2023-09-19,7696.7998046875,7804.10009765625,7644.7001953125,7784.0,7783.95849609375,3499804100.0,XU100.IS,bist100
2023-09-20,7834.89990234375,7897.7998046875,7706.39990234375,7719.7998046875,7719.7587890625,3829158100.0,XU100.IS,bist100
2023-09-21,7714.89990234375,8000.5,7663.89990234375,8000.5,8000.45751953125,4390353100.0,XU100.IS,bist100
2023-09-22,8035.10009765625,8094.0,7981.2001953125,8039.2001953125,8039.15771484375,4187860800.0,XU100.IS,bist100
2023-09-25,8105.39990234375,8311.2001953125,8097.0,8304.7998046875,8304.755859375,4864110600.0,XU100.IS,bist100
2023-09-26,8368.5,8389.7001953125,8240.7998046875,8242.2998046875,8242.255859375,5971775000.0,XU100.IS,bist100
2023-09-27,8275.099609375,8298.7001953125,8170.89990234375,8213.7998046875,8213.755859375,4426914800.0,XU100.IS,bist100
2023-09-28,8235.7998046875,8288.5,8188.0,8218.7001953125,8218.65625,4126896600.0,XU100.IS,bist100
2023-09-29,8239.099609375,8379.400390625,8239.099609375,8334.900390625,8334.8564453125,4682116600.0,XU100.IS,bist100
2023-10-02,8374.599609375,8511.599609375,8367.2998046875,8487.0,8486.955078125,4981075900.0,XU100.IS,bist100
2023-10-03,8547.400390625,8562.7001953125,8462.0,8513.5,8513.455078125,4885888200.0,XU100.IS,bist100
2023-10-04,8523.7001953125,8533.5,8329.0,8333.099609375,8333.0556640625,5140536000.0,XU100.IS,bist100
2023-10-05,8386.2998046875,8496.400390625,8179.89990234375,8488.0,8487.955078125,5891414000.0,XU100.IS,bist100
2023-10-06,8410.2998046875,8516.7998046875,8397.599609375,8464.900390625,8464.85546875,4537952300.0,XU100.IS,bist100
2023-10-09,8300.7001953125,8383.5,8193.400390625,8193.400390625,8193.3564453125,4371047200.0,XU100.IS,bist100
2023-10-10,8304.7998046875,8450.7998046875,8304.7998046875,8442.7998046875,8442.7548828125,4401431900.0,XU100.IS,bist100
2023-10-11,8482.400390625,8518.900390625,8315.7001953125,8330.599609375,8330.5556640625,4038493900.0,XU100.IS,bist100
2023-10-12,8440.5,8471.099609375,8054.60009765625,8259.2998046875,8259.255859375,4830174800.0,XU100.IS,bist100
2023-10-13,8242.2998046875,8242.2998046875,8071.5,8113.2998046875,8113.2568359375,3284940200.0,XU100.IS,bist100
2023-10-16,8228.5,8252.2998046875,7926.60009765625,7934.60009765625,7934.55810546875,3517496500.0,XU100.IS,bist100
2023-10-17,7962.60009765625,8115.0,7908.10009765625,8115.0,8114.95703125,3278573900.0,XU100.IS,bist100
2023-10-18,7964.60009765625,8015.2998046875,7837.0,7842.7001953125,7842.65869140625,2924773800.0,XU100.IS,bist100
2023-10-19,7868.0,7971.39990234375,7728.39990234375,7769.0,7768.958984375,3087950100.0,XU100.IS,bist100
2023-10-20,7691.0,7711.2001953125,7447.0,7510.7001953125,7510.66015625,3243363800.0,XU100.IS,bist100
2023-10-23,7649.39990234375,7794.5,7520.10009765625,7750.39990234375,7750.35888671875,3186983100.0,XU100.IS,bist100
2023-10-24,7797.10009765625,8014.7998046875,7765.5,7990.39990234375,7990.357421875,3998729200.0,XU100.IS,bist100
2023-10-25,8035.7998046875,8084.39990234375,7425.0,7425.0,7424.96044921875,3568977300.0,XU100.IS,bist100
2023-10-26,7516.5,7741.2998046875,7384.5,7662.10009765625,7662.0595703125,4032161400.0,XU100.IS,bist100
2023-10-27,7671.89990234375,7740.5,7500.5,7706.39990234375,7706.35888671875,2892444400.0,XU100.IS,bist100
2023-10-30,7688.39990234375,7786.39990234375,7660.89990234375,7712.89990234375,7712.85888671875,2697877700.0,XU100.IS,bist100
2023-10-31,7749.2998046875,7775.10009765625,7496.39990234375,7514.10009765625,7514.06005859375,2301878300.0,XU100.IS,bist100
2023-11-01,7568.89990234375,7597.7998046875,7297.0,7528.60009765625,7528.56005859375,2696169400.0,XU100.IS,bist100
2023-11-02,7585.2001953125,7701.10009765625,7577.5,7663.60009765625,7663.5595703125,2439676600.0,XU100.IS,bist100
2023-11-03,7673.7001953125,7721.2001953125,7581.60009765625,7706.0,7705.958984375,2408234800.0,XU100.IS,bist100
2023-11-06,7792.7998046875,7900.5,7788.60009765625,7868.0,7867.95849609375,2262442400.0,XU100.IS,bist100
2023-11-07,7874.2001953125,7919.2998046875,7818.60009765625,7844.7998046875,7844.75830078125,2262467100.0,XU100.IS,bist100
2023-11-08,7912.39990234375,7942.7998046875,7821.5,7860.89990234375,7860.8583984375,2403494900.0,XU100.IS,bist100
2023-11-09,7801.2998046875,7885.7001953125,7738.7001953125,7841.5,7841.45849609375,2569080800.0,XU100.IS,bist100
2023-11-10,7838.2998046875,7855.2001953125,7765.39990234375,7771.2998046875,7771.2587890625,2331836000.0,XU100.IS,bist100
2023-11-13,7784.2998046875,7785.60009765625,7568.2998046875,7568.2998046875,7568.259765625,2581061300.0,XU100.IS,bist100
2023-11-14,7601.39990234375,7689.10009765625,7520.0,7671.10009765625,7671.0595703125,2790714000.0,XU100.IS,bist100
2023-11-15,7716.10009765625,7738.2001953125,7634.39990234375,7665.89990234375,7665.859375,2289050000.0,XU100.IS,bist100
2023-11-16,7675.39990234375,7813.2001953125,7675.39990234375,7780.7001953125,7780.65869140625,2150293700.0,XU100.IS,bist100
2023-11-17,7786.7001953125,7864.0,7773.7001953125,7853.39990234375,7853.3583984375,2131782400.0,XU100.IS,bist100
2023-11-20,7918.2998046875,7984.7001953125,7918.2998046875,7946.39990234375,7946.35791015625,2501373200.0,XU100.IS,bist100
2023-11-21,7993.89990234375,8046.60009765625,7945.39990234375,8046.60009765625,8046.5576171875,2779719300.0,XU100.IS,bist100
2023-11-22,8054.7998046875,8060.2998046875,7984.89990234375,7987.0,7986.95751953125,2524918600.0,XU100.IS,bist100
2023-11-23,7991.89990234375,8062.10009765625,7898.60009765625,7898.60009765625,7898.55810546875,3069908100.0,XU100.IS,bist100
2023-11-24,7902.39990234375,7996.10009765625,7851.2998046875,7960.0,7959.9580078125,2326065200.0,XU100.IS,bist100
2023-11-27,8028.7998046875,8129.10009765625,8023.39990234375,8107.2001953125,8107.1572265625,3281642100.0,XU100.IS,bist100
2023-11-28,8116.0,8149.39990234375,8046.10009765625,8093.5,8093.45703125,2794079700.0,XU100.IS,bist100
2023-11-29,8115.39990234375,8125.10009765625,7993.10009765625,8009.2998046875,8009.25732421875,2351023100.0,XU100.IS,bist100
2023-11-30,8007.7998046875,8049.2998046875,7912.0,7948.60009765625,7948.55810546875,2475424100.0,XU100.IS,bist100
2023-12-01,8071.5,8090.2001953125,7956.60009765625,8026.2998046875,8026.25732421875,2191777200.0,XU100.IS,bist100
2023-12-04,8050.7998046875,8108.2001953125,7962.2998046875,8087.2001953125,8087.1572265625,2382038700.0,XU100.IS,bist100
2023-12-05,8094.7001953125,8120.5,8023.39990234375,8057.39990234375,8057.35693359375,2294108500.0,XU100.IS,bist100
2023-12-06,8066.5,8112.39990234375,7855.10009765625,7855.10009765625,7855.05859375,2989944300.0,XU100.IS,bist100
2023-12-07,7867.7001953125,7978.7998046875,7747.5,7978.7998046875,7978.75732421875,2411775400.0,XU100.IS,bist100
2023-12-08,7988.60009765625,7992.2998046875,7888.5,7913.7998046875,7913.7578125,2123975900.0,XU100.IS,bist100
2023-12-11,7920.2998046875,7924.7001953125,7723.2001953125,7728.39990234375,7728.35888671875,2326734600.0,XU100.IS,bist100
2023-12-12,7727.39990234375,7790.7998046875,7661.60009765625,7748.89990234375,7748.85888671875,2378235100.0,XU100.IS,bist100
2023-12-13,7719.0,7721.2001953125,7529.2998046875,7529.2998046875,7529.259765625,2510676300.0,XU100.IS,bist100
2023-12-14,7622.7001953125,7831.89990234375,7582.2998046875,7813.39990234375,7813.3583984375,2574908100.0,XU100.IS,bist100
2023-12-15,7822.0,7998.39990234375,7812.5,7993.89990234375,7993.857421875,2699523100.0,XU100.IS,bist100
2023-12-18,7957.5,8010.5,7782.2998046875,7790.39990234375,7790.3583984375,2367046400.0,XU100.IS,bist100
2023-12-19,7783.89990234375,7786.39990234375,7642.7001953125,7725.89990234375,7725.85888671875,2458469900.0,XU100.IS,bist100
2023-12-20,7717.2001953125,7764.2001953125,7614.7001953125,7662.89990234375,7662.859375,1884819800.0,XU100.IS,bist100
2023-12-21,7657.0,7789.89990234375,7621.2998046875,7765.0,7764.958984375,2157284500.0,XU100.IS,bist100
2023-12-22,7769.7998046875,7795.0,7553.89990234375,7557.60009765625,7557.56005859375,1874128000.0,XU100.IS,bist100
2023-12-26,7303.2998046875,7405.10009765625,7202.89990234375,7299.2998046875,7299.26123046875,1937122200.0,XU100.IS,bist100
2023-12-27,7282.2001953125,7365.10009765625,7215.0,7260.39990234375,7260.361328125,2146187500.0,XU100.IS,bist100
2023-12-28,7278.10009765625,7444.89990234375,7278.10009765625,7396.2998046875,7396.2607421875,1715537400.0,XU100.IS,bist100
2023-12-29,7415.2998046875,7510.39990234375,7415.2998046875,7470.2001953125,7470.16064453125,2664606500.0,XU100.IS,bist100
2024-01-02,7542.2998046875,7634.10009765625,7542.2998046875,7624.2998046875,7624.25927734375,2397081700.0,XU100.IS,bist100
2024-01-03,7624.60009765625,7624.60009765625,7411.7998046875,7412.0,7411.96044921875,2169646100.0,XU100.IS,bist100
2024-01-04,7421.89990234375,7547.7998046875,7387.0,7547.7998046875,7547.759765625,2391591200.0,XU100.IS,bist100
2024-01-05,7570.10009765625,7628.7001953125,7532.2001953125,7628.7001953125,7628.65966796875,2355101900.0,XU100.IS,bist100
2024-01-08,7667.89990234375,7824.60009765625,7667.89990234375,7818.89990234375,7818.8583984375,2873781100.0,XU100.IS,bist100
2024-01-09,7860.2001953125,7875.2001953125,7696.5,7736.2998046875,7736.2587890625,2981854200.0,XU100.IS,bist100
2024-01-10,7733.7001953125,7897.10009765625,7709.2998046875,7874.2001953125,7874.158203125,2774720400.0,XU100.IS,bist100
2024-01-11,7905.39990234375,7950.10009765625,7860.2001953125,7896.0,7895.9580078125,2458858000.0,XU100.IS,bist100
2024-01-12,7854.2001953125,8081.7001953125,7774.89990234375,7986.5,7986.45751953125,3459555600.0,XU100.IS,bist100
2024-01-15,7996.7001953125,8094.60009765625,7979.0,8044.0,8043.95751953125,2354208000.0,XU100.IS,bist100
2024-01-16,8063.10009765625,8090.10009765625,7995.0,8032.2001953125,8032.15771484375,2362808800.0,XU100.IS,bist100
2024-01-17,7998.5,8052.7998046875,7982.7998046875,8024.39990234375,8024.357421875,2220438100.0,XU100.IS,bist100
2024-01-18,8104.0,8116.89990234375,8016.10009765625,8016.10009765625,8016.0576171875,2735824100.0,XU100.IS,bist100
2024-01-19,8040.2998046875,8044.7998046875,7937.10009765625,7996.7001953125,7996.65771484375,2138728500.0,XU100.IS,bist100
2024-01-22,7996.10009765625,8069.89990234375,7970.10009765625,8010.10009765625,8010.0576171875,2294889200.0,XU100.IS,bist100
2024-01-23,8101.2001953125,8145.89990234375,7915.5,7950.10009765625,7950.05810546875,2681121300.0,XU100.IS,bist100
2024-01-24,7982.7001953125,8149.5,7939.39990234375,8090.89990234375,8090.85693359375,2544940300.0,XU100.IS,bist100
2024-01-25,8142.10009765625,8212.900390625,8095.89990234375,8169.89990234375,8169.8564453125,2673145000.0,XU100.IS,bist100
2024-01-26,8191.39990234375,8347.599609375,8180.2998046875,8346.2998046875,8346.255859375,3419146700.0,XU100.IS,bist100
2024-01-29,8400.099609375,8502.5,8399.400390625,8471.7001953125,8471.6552734375,2943653200.0,XU100.IS,bist100
2024-01-30,8512.599609375,8516.599609375,8438.900390625,8474.2998046875,8474.2548828125,2779679600.0,XU100.IS,bist100
2024-01-31,8480.2998046875,8577.400390625,8438.7998046875,8496.7001953125,8496.6552734375,2698396400.0,XU100.IS,bist100
2024-02-01,8514.5,8682.400390625,8514.5,8646.099609375,8646.0537109375,2950087900.0,XU100.IS,bist100
2024-02-02,8711.7998046875,8762.900390625,8622.2001953125,8665.7001953125,8665.654296875,2854310900.0,XU100.IS,bist100
2024-02-05,8716.599609375,8784.2001953125,8694.900390625,8776.7001953125,8776.6533203125,2582745200.0,XU100.IS,bist100
2024-02-06,8810.7001953125,8890.5,8751.2001953125,8869.099609375,8869.052734375,3552703200.0,XU100.IS,bist100
2024-02-07,8912.099609375,8939.7001953125,8843.0,8843.0,8842.953125,3312304200.0,XU100.IS,bist100
2024-02-08,8862.400390625,8990.400390625,8862.400390625,8949.7998046875,8949.751953125,2766683300.0,XU100.IS,bist100
2024-02-09,8993.099609375,9046.0,8943.5,9046.0,9045.9521484375,3344741000.0,XU100.IS,bist100
2024-02-12,9134.2001953125,9175.7998046875,9088.7001953125,9174.599609375,9174.55078125,3654687400.0,XU100.IS,bist100
2024-02-13,9217.5,9217.5,8994.0,8994.0,8993.9521484375,4550398000.0,XU100.IS,bist100
2024-02-14,9014.900390625,9077.0,8917.7001953125,9072.099609375,9072.0517578125,3513313700.0,XU100.IS,bist100
2024-02-15,9113.599609375,9282.900390625,9112.599609375,9242.2001953125,9242.1513671875,3758476500.0,XU100.IS,bist100
2024-02-16,9274.5,9306.2998046875,9216.2001953125,9250.400390625,9250.3515625,4501954100.0,XU100.IS,bist100
2024-02-19,9322.099609375,9404.099609375,9173.2998046875,9196.400390625,9196.3515625,4222905800.0,XU100.IS,bist100
2024-02-20,9238.599609375,9351.5,9200.2998046875,9345.0,9344.9501953125,3359863100.0,XU100.IS,bist100
2024-02-21,9393.5,9396.7998046875,9246.099609375,9312.099609375,9312.0498046875,3753744000.0,XU100.IS,bist100
2024-02-22,9359.599609375,9406.2998046875,9282.2998046875,9347.2001953125,9347.150390625,3767427500.0,XU100.IS,bist100
2024-02-23,9361.7998046875,9416.7001953125,9294.0,9374.2001953125,9374.150390625,3432546300.0,XU100.IS,bist100
2024-02-26,9411.099609375,9450.5,9319.099609375,9334.099609375,9334.0498046875,3008920700.0,XU100.IS,bist100
2024-02-27,9351.400390625,9351.400390625,9179.5,9179.5,9179.451171875,3244555900.0,XU100.IS,bist100
2024-02-28,9184.599609375,9236.7998046875,9062.400390625,9062.400390625,9062.3525390625,3285478300.0,XU100.IS,bist100
2024-02-29,9100.2998046875,9214.599609375,9089.2001953125,9193.7001953125,9193.6513671875,3539839200.0,XU100.IS,bist100
2024-03-01,9218.2998046875,9227.0,9090.7998046875,9097.2001953125,9097.15234375,2676107500.0,XU100.IS,bist100
2024-03-04,9139.099609375,9149.900390625,8907.7001953125,8907.7001953125,8907.6533203125,2856168800.0,XU100.IS,bist100
2024-03-05,8913.400390625,8970.7998046875,8814.7998046875,8860.5,8860.453125,3415499400.0,XU100.IS,bist100
2024-03-06,8856.2998046875,8908.599609375,8736.5,8744.599609375,8744.552734375,2884509000.0,XU100.IS,bist100
2024-03-07,8797.5,9054.2001953125,8797.5,9054.2001953125,9054.15234375,2654610700.0,XU100.IS,bist100
2024-03-08,9084.2001953125,9174.2001953125,9023.900390625,9155.2998046875,9155.2509765625,3312422100.0,XU100.IS,bist100
2024-03-11,9337.2001953125,9368.5,9131.7998046875,9131.7998046875,9131.7509765625,2855547900.0,XU100.IS,bist100
2024-03-12,9147.5,9192.7001953125,8986.099609375,9069.0,9068.9521484375,2683202300.0,XU100.IS,bist100
2024-03-13,9089.599609375,9091.900390625,8910.2001953125,8910.2001953125,8910.1533203125,2514269000.0,XU100.IS,bist100
2024-03-14,8941.5,8972.5,8848.599609375,8883.5,8883.453125,2093970000.0,XU100.IS,bist100
2024-03-15,8901.900390625,8908.0,8795.900390625,8828.7001953125,8828.6533203125,1786046100.0,XU100.IS,bist100
2024-03-18,8844.5,8862.900390625,8718.099609375,8718.099609375,8718.0537109375,1981810800.0,XU100.IS,bist100
2024-03-19,8702.400390625,8934.2998046875,8695.400390625,8929.900390625,8929.8525390625,2407192200.0,XU100.IS,bist100
2024-03-20,8932.5,9027.7001953125,8905.099609375,8955.099609375,8955.0517578125,2891550500.0,XU100.IS,bist100
2024-03-21,9035.900390625,9192.5,9020.2001953125,9140.7001953125,9140.6513671875,3758344400.0,XU100.IS,bist100
2024-03-22,9162.400390625,9223.2001953125,9080.900390625,9111.5,9111.4521484375,2774677900.0,XU100.IS,bist100
2024-03-25,9113.2998046875,9336.0,9029.400390625,9029.400390625,9029.3525390625,3551032800.0,XU100.IS,bist100
2024-03-26,9029.5,9048.7998046875,8760.599609375,8807.400390625,8807.353515625,3493996700.0,XU100.IS,bist100
2024-03-27,8834.0,8906.400390625,8749.0,8806.7001953125,8806.6533203125,2721398300.0,XU100.IS,bist100
2024-03-28,8863.7001953125,9080.0,8863.7001953125,9080.0,9079.9521484375,2649284500.0,XU100.IS,bist100
2024-03-29,9125.2998046875,9154.2998046875,9055.7001953125,9142.400390625,9142.3515625,2738133300.0,XU100.IS,bist100
2024-04-01,9234.5,9258.599609375,8961.5,9157.5,9157.451171875,3268696300.0,XU100.IS,bist100
2024-04-02,9186.0,9266.0,8993.5,9040.900390625,9040.8525390625,3234371800.0,XU100.IS,bist100
2024-04-03,8983.2998046875,9018.599609375,8903.2001953125,8945.7998046875,8945.751953125,2755647600.0,XU100.IS,bist100
2024-04-04,8949.099609375,9168.7001953125,8939.0,9129.0,9128.951171875,3299084800.0,XU100.IS,bist100
2024-04-05,9275.900390625,9618.7998046875,9249.7998046875,9618.7998046875,9618.7490234375,3581621800.0,XU100.IS,bist100
2024-04-08,9639.2001953125,9766.599609375,9627.400390625,9756.7001953125,9756.6484375,2960715100.0,XU100.IS,bist100
2024-04-09,9807.7001953125,9849.2998046875,9746.7998046875,9814.2001953125,9814.1484375,1224479300.0,XU100.IS,bist100
2024-04-15,9759.2998046875,9823.5,9679.7998046875,9679.7998046875,9679.748046875,3154321500.0,XU100.IS,bist100
2024-04-16,9645.0,9650.400390625,9513.2001953125,9548.099609375,9548.048828125,2715574600.0,XU100.IS,bist100
2024-04-17,9617.2001953125,9716.900390625,9503.599609375,9530.5,9530.44921875,2713296100.0,XU100.IS,bist100
2024-04-18,9564.900390625,9601.599609375,9475.7998046875,9524.599609375,9524.548828125,2098778800.0,XU100.IS,bist100
2024-04-19,9431.2001953125,9714.7998046875,9420.900390625,9693.5,9693.4482421875,3215136000.0,XU100.IS,bist100
2024-04-22,9794.7001953125,9831.5,9645.0,9645.0,9644.94921875,2943855900.0,XU100.IS,bist100
2024-04-24,9716.2998046875,9766.900390625,9667.599609375,9722.099609375,9722.0478515625,3290285500.0,XU100.IS,bist100
2024-04-25,9754.0,9826.900390625,9664.5,9716.7998046875,9716.748046875,3010022100.0,XU100.IS,bist100
2024-04-26,9763.400390625,9956.099609375,9751.5,9915.599609375,9915.546875,3453799600.0,XU100.IS,bist100
2024-04-29,9992.5,10082.7998046875,9942.099609375,10082.7998046875,10082.74609375,2954709300.0,XU100.IS,bist100
2024-04-30,10081.7001953125,10132.900390625,10036.7998046875,10045.7001953125,10045.646484375,2842169700.0,XU100.IS,bist100
2024-05-02,10097.400390625,10208.7998046875,10097.400390625,10208.7001953125,10208.646484375,3302799700.0,XU100.IS,bist100
2024-05-03,10237.0,10286.599609375,10177.2998046875,10276.900390625,10276.845703125,3153888700.0,XU100.IS,bist100
2024-05-06,10282.2998046875,10325.7001953125,10202.0,10267.099609375,10267.044921875,2815713100.0,XU100.IS,bist100
2024-05-07,10282.7998046875,10375.7001953125,10144.7001953125,10336.5,10336.4453125,3423641400.0,XU100.IS,bist100
2024-05-08,10358.099609375,10383.2998046875,10233.7998046875,10247.7998046875,10247.7451171875,2354457600.0,XU100.IS,bist100
2024-05-09,10274.400390625,10304.2998046875,10187.7998046875,10268.599609375,10268.544921875,2513814200.0,XU100.IS,bist100
2024-05-10,10276.7998046875,10364.599609375,10218.599609375,10218.599609375,10218.544921875,3052480800.0,XU100.IS,bist100
2024-05-13,10251.2001953125,10288.7001953125,10056.0,10056.0,10055.9462890625,2555246800.0,XU100.IS,bist100
2024-05-14,10098.599609375,10273.099609375,10036.400390625,10173.400390625,10173.3466796875,2815967400.0,XU100.IS,bist100
2024-05-15,10171.099609375,10241.0,10121.7001953125,10158.599609375,10158.5458984375,2379755600.0,XU100.IS,bist100
2024-05-16,10189.099609375,10320.0,10145.099609375,10320.0,10319.9453125,2964017900.0,XU100.IS,bist100
2024-05-17,10369.900390625,10652.2998046875,10357.0,10643.599609375,10643.54296875,3252227500.0,XU100.IS,bist100
2024-05-20,10660.7998046875,10775.0,10633.900390625,10739.599609375,10739.54296875,3307518800.0,XU100.IS,bist100
2024-05-21,10767.2998046875,11088.0,10752.0,10895.2998046875,10895.2421875,5625623300.0,XU100.IS,bist100
2024-05-22,10930.400390625,11024.5,10800.900390625,10899.2998046875,10899.2421875,3429268100.0,XU100.IS,bist100
2024-05-23,10869.599609375,10972.7001953125,10785.599609375,10792.5,10792.4423828125,2932761700.0,XU100.IS,bist100
2024-05-24,10784.2001953125,10810.7001953125,10661.400390625,10676.7001953125,10676.6435546875,2234118100.0,XU100.IS,bist100
2024-05-27,10701.2001953125,10758.900390625,10584.599609375,10657.0,10656.943359375,2655557300.0,XU100.IS,bist100
2024-05-28,10678.7998046875,10721.2001953125,10589.7001953125,10677.5,10677.443359375,2872255400.0,XU100.IS,bist100
2024-05-29,10688.599609375,10714.7001953125,10464.900390625,10479.2001953125,10479.14453125,2505729800.0,XU100.IS,bist100
2024-05-30,10501.2001953125,10550.099609375,10413.7998046875,10481.2998046875,10481.244140625,2283454400.0,XU100.IS,bist100
2024-05-31,10519.099609375,10724.900390625,10358.599609375,10400.5,10400.4453125,3243273800.0,XU100.IS,bist100
2024-06-03,10443.2001953125,10564.900390625,10334.7998046875,10556.7998046875,10556.744140625,2819200600.0,XU100.IS,bist100
2024-06-04,10576.599609375,10610.2001953125,10362.5,10364.599609375,10364.544921875,2628421000.0,XU100.IS,bist100
2024-06-05,10403.2001953125,10434.7001953125,10239.599609375,10351.0,10350.9453125,2695925200.0,XU100.IS,bist100
2024-06-06,10391.5,10446.5,10275.2998046875,10279.7001953125,10279.6455078125,2035557600.0,XU100.IS,bist100
2024-06-07,10322.5,10335.7998046875,10112.400390625,10139.0,10138.9462890625,1745750000.0,XU100.IS,bist100
2024-06-10,10132.400390625,10143.0,9986.900390625,9997.900390625,9997.84765625,1778970100.0,XU100.IS,bist100
2024-06-11,10003.400390625,10165.2998046875,9958.099609375,10051.400390625,10051.3466796875,2069567800.0,XU100.IS,bist100
2024-06-12,10062.7998046875,10231.7998046875,10040.900390625,10165.5,10165.4462890625,1947996300.0,XU100.IS,bist100
2024-06-13,10320.0,10449.599609375,10320.0,10391.900390625,10391.845703125,2013177800.0,XU100.IS,bist100
2024-06-14,10528.900390625,10576.0,10403.7001953125,10471.2998046875,10471.244140625,2203068600.0,XU100.IS,bist100
2024-06-20,10588.2001953125,10739.900390625,10569.2001953125,10739.900390625,10739.84375,2071289200.0,XU100.IS,bist100
2024-06-21,10754.400390625,10792.900390625,10708.2001953125,10771.400390625,10771.3427734375,2671534800.0,XU100.IS,bist100
2024-06-24,10791.7001953125,10824.2001953125,10668.5,10767.900390625,10767.84375,2421459800.0,XU100.IS,bist100
2024-06-25,10780.599609375,10792.599609375,10645.099609375,10680.0,10679.943359375,2190245900.0,XU100.IS,bist100
2024-06-26,10680.5,10706.900390625,10486.7001953125,10486.7001953125,10486.64453125,2479075700.0,XU100.IS,bist100
2024-06-27,10518.2001953125,10715.5,10518.2001953125,10680.900390625,10680.84375,2370467300.0,XU100.IS,bist100
2024-06-28,10738.7998046875,10808.2001953125,10607.7998046875,10647.900390625,10647.84375,3168817300.0,XU100.IS,bist100
2024-07-01,10714.099609375,10743.7001953125,10254.400390625,10343.2998046875,10343.2451171875,2565441200.0,XU100.IS,bist100
2024-07-02,10355.0,10446.2001953125,10264.599609375,10446.2001953125,10446.14453125,2095203600.0,XU100.IS,bist100
2024-07-03,10494.7001953125,10688.5,10480.400390625,10682.2001953125,10682.1435546875,2488573200.0,XU100.IS,bist100
2024-07-04,10715.2998046875,10895.400390625,10683.7998046875,10872.599609375,10872.5419921875,2894427600.0,XU100.IS,bist100
2024-07-05,10909.5,10944.7001953125,10780.7998046875,10851.7998046875,10851.7421875,2670578600.0,XU100.IS,bist100
2024-07-08,10901.900390625,10962.900390625,10834.599609375,10864.099609375,10864.0419921875,2517766800.0,XU100.IS,bist100
2024-07-09,10889.0,10900.599609375,10772.2998046875,10796.599609375,10796.5419921875,2380562800.0,XU100.IS,bist100
2024-07-10,10817.599609375,10826.599609375,10709.0,10743.2998046875,10743.2431640625,2818536100.0,XU100.IS,bist100
2024-07-11,10832.900390625,11024.2998046875,10832.900390625,11024.2998046875,11024.2412109375,2995573100.0,XU100.IS,bist100
2024-07-12,11035.099609375,11113.599609375,10995.099609375,11064.900390625,11064.841796875,2901991700.0,XU100.IS,bist100
2024-07-16,11109.7001953125,11188.099609375,11102.599609375,11139.2998046875,11139.240234375,2519264400.0,XU100.IS,bist100
2024-07-17,11152.2998046875,11169.2998046875,11045.599609375,11134.099609375,11134.041015625,2487761600.0,XU100.IS,bist100
2024-07-18,11194.400390625,11252.099609375,11106.7998046875,11139.5,11139.4404296875,2717956600.0,XU100.IS,bist100
2024-07-19,11144.599609375,11193.400390625,11082.7998046875,11156.2001953125,11156.140625,2734966100.0,XU100.IS,bist100
2024-07-22,11182.599609375,11245.5,11119.2998046875,11172.7998046875,11172.740234375,2557495200.0,XU100.IS,bist100
2024-07-23,11186.0,11187.400390625,11039.2001953125,11089.5,11089.44140625,2890740200.0,XU100.IS,bist100
2024-07-24,11092.599609375,11121.2998046875,10991.599609375,10991.599609375,10991.541015625,3023325000.0,XU100.IS,bist100
2024-07-25,10989.2001953125,11017.2001953125,10838.400390625,10871.5,10871.4423828125,2850698400.0,XU100.IS,bist100
2024-07-26,10911.900390625,10948.099609375,10850.5,10891.400390625,10891.3427734375,2406029300.0,XU100.IS,bist100
2024-07-29,10828.0,10873.2998046875,10728.7998046875,10733.7998046875,10733.7431640625,2327571200.0,XU100.IS,bist100
2024-07-30,10756.2001953125,10832.7001953125,10666.099609375,10691.7001953125,10691.6435546875,2389298700.0,XU100.IS,bist100
2024-07-31,10658.099609375,10703.599609375,10565.099609375,10638.599609375,10638.54296875,2472286600.0,XU100.IS,bist100
2024-08-01,10752.0,10880.0,10752.0,10798.099609375,10798.0419921875,2380074800.0,XU100.IS,bist100
2024-08-02,10661.5,10686.099609375,10415.599609375,10473.5,10473.4443359375,2179063900.0,XU100.IS,bist100
2024-08-05,9769.7001953125,10117.7998046875,9733.400390625,9893.400390625,9893.34765625,2796453700.0,XU100.IS,bist100
2024-08-06,10161.7001953125,10193.900390625,9881.2001953125,9881.2001953125,9881.1474609375,2518096800.0,XU100.IS,bist100
2024-08-07,9960.5,10076.400390625,9902.2001953125,10024.2998046875,10024.2470703125,2455179100.0,XU100.IS,bist100
2024-08-08,10016.7998046875,10148.099609375,10006.099609375,10098.5,10098.4462890625,2298653700.0,XU100.IS,bist100
2024-08-09,10160.0,10189.2001953125,9907.400390625,9907.400390625,9907.34765625,2399290200.0,XU100.IS,bist100
2024-08-12,9980.2001953125,10078.099609375,9807.400390625,9828.599609375,9828.5478515625,2616142900.0,XU100.IS,bist100
2024-08-13,9842.2001953125,9920.599609375,9708.2998046875,9920.599609375,9920.546875,2480962000.0,XU100.IS,bist100
2024-08-14,9976.7001953125,9989.900390625,9825.0,9830.900390625,9830.8486328125,2247376700.0,XU100.IS,bist100
2024-08-15,9874.400390625,9983.0,9763.2998046875,9983.0,9982.947265625,2597400200.0,XU100.IS,bist100
2024-08-16,10041.400390625,10055.099609375,9822.0,9822.0,9821.9482421875,2289150400.0,XU100.IS,bist100
2024-08-19,9867.0,10061.099609375,9796.599609375,10054.2001953125,10054.146484375,2687269500.0,XU100.IS,bist100
2024-08-20,10038.2001953125,10110.0,9950.900390625,9982.2998046875,9982.2470703125,2766856300.0,XU100.IS,bist100
2024-08-21,9966.599609375,10080.7001953125,9897.599609375,9904.7998046875,9904.7470703125,2568349600.0,XU100.IS,bist100
2024-08-22,9979.5,10031.099609375,9869.599609375,9921.400390625,9921.34765625,2675534500.0,XU100.IS,bist100
2024-08-23,9927.400390625,9935.2001953125,9651.2001953125,9668.099609375,9668.0478515625,2270981600.0,XU100.IS,bist100
2024-08-26,9739.7998046875,9749.2001953125,9553.2001953125,9565.7998046875,9565.7490234375,2603634600.0,XU100.IS,bist100
2024-08-27,9561.7001953125,9748.7998046875,9523.2998046875,9748.7998046875,9748.748046875,2554173700.0,XU100.IS,bist100
2024-08-28,9757.7998046875,9836.599609375,9735.400390625,9757.2001953125,9757.1484375,2246401400.0,XU100.IS,bist100
2024-08-29,9762.400390625,9888.400390625,9705.5,9833.2001953125,9833.1484375,2980109500.0,XU100.IS,bist100
2024-09-02,9879.7998046875,10116.2998046875,9879.7998046875,10110.2001953125,10110.146484375,2599824100.0,XU100.IS,bist100
2024-09-03,10130.5,10159.2001953125,9983.7998046875,10021.7998046875,10021.7470703125,2707675800.0,XU100.IS,bist100
2024-09-04,9929.7998046875,9988.400390625,9879.099609375,9984.900390625,9984.84765625,2535020300.0,XU100.IS,bist100
2024-09-05,10030.5,10040.2998046875,9897.2001953125,9936.7998046875,9936.7470703125,2681390200.0,XU100.IS,bist100
2024-09-06,9936.2001953125,9981.0,9768.599609375,9771.2001953125,9771.1484375,2350504700.0,XU100.IS,bist100
2024-09-09,9795.2001953125,9838.0,9699.599609375,9699.599609375,9699.5478515625,2226899900.0,XU100.IS,bist100
2024-09-10,9737.2001953125,9788.400390625,9588.0,9624.0,9623.94921875,2488146200.0,XU100.IS,bist100
2024-09-11,9610.0,9643.5,9413.400390625,9419.7001953125,9419.650390625,2621007200.0,XU100.IS,bist100
2024-09-12,9532.400390625,9560.0,9274.599609375,9521.0,9520.94921875,3046973800.0,XU100.IS,bist100
2024-09-13,9537.2001953125,9685.5,9427.2998046875,9685.5,9685.4482421875,3001871400.0,XU100.IS,bist100
2024-09-16,9686.900390625,9720.2001953125,9567.099609375,9577.5,9577.44921875,2305742600.0,XU100.IS,bist100
2024-09-17,9611.599609375,9786.099609375,9611.599609375,9758.099609375,9758.0478515625,2471659300.0,XU100.IS,bist100
2024-09-18,9753.2001953125,9827.2998046875,9736.099609375,9774.5,9774.4482421875,2265970500.0,XU100.IS,bist100
2024-09-19,9872.900390625,9980.7998046875,9852.0,9975.599609375,9975.546875,2806318100.0,XU100.IS,bist100
2024-09-20,9985.0,10008.7001953125,9887.400390625,9900.2998046875,9900.2470703125,3128526900.0,XU100.IS,bist100
2024-09-23,9959.2001953125,9980.900390625,9857.7001953125,9887.7998046875,9887.7470703125,2669608900.0,XU100.IS,bist100
2024-09-24,9911.400390625,10108.2001953125,9878.599609375,10029.7001953125,10029.6474609375,3609345900.0,XU100.IS,bist100
2024-09-25,10033.7001953125,10064.099609375,9886.5,9891.0,9890.947265625,3361262000.0,XU100.IS,bist100
2024-09-26,9953.2998046875,10049.5,9806.7001953125,9829.2001953125,9829.1484375,2992398200.0,XU100.IS,bist100
2024-09-27,9814.7001953125,9820.5,9696.0,9777.5,9777.4482421875,2207650200.0,XU100.IS,bist100
2024-09-30,9747.7001953125,9757.900390625,9643.2998046875,9665.7998046875,9665.748046875,2500820300.0,XU100.IS,bist100
2024-10-01,9673.599609375,9680.7998046875,9238.7001953125,9351.2001953125,9351.150390625,3495942200.0,XU100.IS,bist100
2024-10-02,9320.5,9339.2001953125,9012.900390625,9012.900390625,9012.8525390625,2883131000.0,XU100.IS,bist100
2024-10-03,9026.5,9159.2998046875,8869.7998046875,8898.2001953125,8898.1533203125,3048138700.0,XU100.IS,bist100
2024-10-04,8953.2001953125,9109.2998046875,8850.400390625,9109.2998046875,9109.251953125,2824289000.0,XU100.IS,bist100
2024-10-07,9155.7998046875,9195.5,9005.400390625,9031.599609375,9031.5517578125,2360205300.0,XU100.IS,bist100
2024-10-08,9040.7998046875,9152.7001953125,8978.099609375,9044.900390625,9044.8525390625,3157534000.0,XU100.IS,bist100
2024-10-09,9043.900390625,9132.2998046875,8901.2001953125,9132.2998046875,9132.2509765625,2601466900.0,XU100.IS,bist100
2024-10-10,9137.2998046875,9176.400390625,8964.099609375,8964.099609375,8964.0517578125,2465944300.0,XU100.IS,bist100
2024-10-11,8987.0,9080.7001953125,8837.0,8876.2001953125,8876.1533203125,2506307200.0,XU100.IS,bist100
2024-10-14,8885.5,8887.2001953125,8680.7001953125,8699.2001953125,8699.154296875,2447452900.0,XU100.IS,bist100
2024-10-15,8709.7998046875,8890.2998046875,8685.2001953125,8860.2998046875,8860.2529296875,2801284500.0,XU100.IS,bist100
2024-10-16,8849.099609375,8963.7998046875,8779.2998046875,8956.0,8955.9521484375,2364218600.0,XU100.IS,bist100
2024-10-17,8948.599609375,9060.099609375,8927.099609375,9002.2998046875,9002.251953125,2702266100.0,XU100.IS,bist100
2024-10-18,9018.599609375,9070.0,8783.5,8793.599609375,8793.552734375,2701251000.0,XU100.IS,bist100
2024-10-21,8798.2998046875,8807.900390625,8642.2001953125,8654.400390625,8654.3544921875,2130735600.0,XU100.IS,bist100
2024-10-22,8677.7998046875,8913.5,8676.7998046875,8838.599609375,8838.552734375,2881678500.0,XU100.IS,bist100
2024-10-23,8853.7998046875,8867.099609375,8664.0,8714.7001953125,8714.654296875,2952799500.0,XU100.IS,bist100
2024-10-24,8779.099609375,8920.2001953125,8779.099609375,8872.900390625,8872.853515625,2020807300.0,XU100.IS,bist100
2024-10-25,8843.599609375,8921.599609375,8782.599609375,8908.5,8908.453125,2001781600.0,XU100.IS,bist100
2024-10-28,8936.0,8954.2001953125,8915.599609375,8945.7998046875,8945.751953125,797263500.0,XU100.IS,bist100
2024-10-30,8961.0,9050.7998046875,8917.599609375,9006.599609375,9006.5517578125,2114681200.0,XU100.IS,bist100
2024-10-31,9004.599609375,9051.599609375,8846.099609375,8863.900390625,8863.853515625,2151342200.0,XU100.IS,bist100
2024-11-01,8888.5,8982.0,8849.2001953125,8885.0,8884.953125,2609629400.0,XU100.IS,bist100
2024-11-04,8862.5,8862.5,8610.900390625,8663.900390625,8663.8544921875,2363159300.0,XU100.IS,bist100
2024-11-05,8714.7001953125,8729.599609375,8566.599609375,8618.599609375,8618.5537109375,2244331100.0,XU100.IS,bist100
2024-11-06,8647.900390625,8915.900390625,8586.900390625,8862.2998046875,8862.2529296875,3172929200.0,XU100.IS,bist100
2024-11-07,8873.2998046875,8946.099609375,8801.2998046875,8946.099609375,8946.0517578125,2658268000.0,XU100.IS,bist100
2024-11-08,8939.400390625,9195.7998046875,8927.900390625,9184.7998046875,9184.7509765625,3234512400.0,XU100.IS,bist100
2024-11-11,9215.2001953125,9330.099609375,9197.2001953125,9276.7998046875,9276.7509765625,3576132600.0,XU100.IS,bist100
2024-11-12,9253.900390625,9288.7998046875,9190.2001953125,9226.900390625,9226.8515625,3008932000.0,XU100.IS,bist100
2024-11-13,9196.0,9415.7998046875,9128.599609375,9300.2998046875,9300.25,3614076400.0,XU100.IS,bist100
2024-11-14,9354.2998046875,9437.7001953125,9335.400390625,9420.400390625,9420.3505859375,2770728500.0,XU100.IS,bist100
2024-11-15,9447.7001953125,9501.099609375,9375.900390625,9389.599609375,9389.5498046875,2849117000.0,XU100.IS,bist100
2024-11-18,9419.400390625,9445.2998046875,9315.2998046875,9395.400390625,9395.3505859375,2746161600.0,XU100.IS,bist100
2024-11-19,9431.0,9443.099609375,9170.7001953125,9232.900390625,9232.8515625,3431118700.0,XU100.IS,bist100
2024-11-20,9272.7998046875,9307.7001953125,9023.400390625,9031.7998046875,9031.751953125,2927162500.0,XU100.IS,bist100
2024-11-21,9079.7998046875,9380.599609375,9069.900390625,9367.7998046875,9367.75,3731381000.0,XU100.IS,bist100
2024-11-22,9377.5,9550.599609375,9337.2001953125,9549.900390625,9549.849609375,4756313100.0,XU100.IS,bist100
2024-11-25,9618.400390625,9720.2998046875,9591.5,9660.0,9659.94921875,4345646800.0,XU100.IS,bist100
2024-11-26,9654.099609375,9691.599609375,9576.599609375,9636.099609375,9636.048828125,3469068800.0,XU100.IS,bist100
2024-11-27,9731.0,9744.599609375,9618.900390625,9639.7998046875,9639.7490234375,3852893300.0,XU100.IS,bist100
2024-11-28,9640.599609375,9672.400390625,9586.900390625,9640.099609375,9640.048828125,3334483300.0,XU100.IS,bist100
2024-11-29,9650.7001953125,9734.2001953125,9575.900390625,9652.0,9651.94921875,3996106900.0,XU100.IS,bist100
2024-12-02,9602.2998046875,9703.2001953125,9573.900390625,9681.099609375,9681.0478515625,2976017300.0,XU100.IS,bist100
2024-12-03,9713.2001953125,9885.7998046875,9661.099609375,9827.2001953125,9827.1484375,4414056700.0,XU100.IS,bist100
2024-12-04,9858.7001953125,9940.2998046875,9853.099609375,9886.099609375,9886.046875,4485338800.0,XU100.IS,bist100
2024-12-05,9912.2001953125,9965.5,9849.5,9936.0,9935.947265625,3426956700.0,XU100.IS,bist100
2024-12-06,10063.7001953125,10098.099609375,10010.599609375,10081.0,10080.9462890625,3850853100.0,XU100.IS,bist100
2024-12-09,10175.0,10262.2998046875,10149.900390625,10257.400390625,10257.345703125,4643352200.0,XU100.IS,bist100
2024-12-10,10257.2001953125,10276.7001953125,10078.7998046875,10099.0,10098.9462890625,3625481600.0,XU100.IS,bist100
2024-12-11,10132.400390625,10171.5,10008.900390625,10058.5,10058.4462890625,3666352000.0,XU100.IS,bist100
2024-12-12,10109.2001953125,10155.2998046875,10026.099609375,10058.599609375,10058.5458984375,3508831600.0,XU100.IS,bist100
2024-12-13,10028.2001953125,10125.5,9962.599609375,10125.5,10125.4462890625,3544452300.0,XU100.IS,bist100
2024-12-16,10146.599609375,10157.7998046875,9997.7001953125,9997.7001953125,9997.6474609375,2916214600.0,XU100.IS,bist100
2024-12-17,10012.599609375,10055.900390625,9912.400390625,10011.2998046875,10011.2470703125,3309637800.0,XU100.IS,bist100
2024-12-18,10007.2998046875,10052.900390625,9912.599609375,9915.7998046875,9915.7470703125,3623063300.0,XU100.IS,bist100
2024-12-19,9851.2998046875,9897.5,9754.400390625,9765.099609375,9765.0478515625,2835097200.0,XU100.IS,bist100
2024-12-20,9791.0,9814.900390625,9699.900390625,9724.5,9724.4482421875,3050268300.0,XU100.IS,bist100
2024-12-23,9756.599609375,9778.599609375,9605.400390625,9626.599609375,9626.548828125,2745098400.0,XU100.IS,bist100
2024-12-24,9635.900390625,9690.400390625,9562.400390625,9672.7998046875,9672.748046875,2394057200.0,XU100.IS,bist100
2024-12-26,9962.5,10050.599609375,9890.900390625,9949.0,9948.947265625,3566484400.0,XU100.IS,bist100
2024-12-27,9962.7001953125,10055.099609375,9954.0,10025.5,10025.447265625,3100196100.0,XU100.IS,bist100
2024-12-30,10040.7001953125,10061.2998046875,9889.7001953125,9889.7001953125,9889.6474609375,2297408400.0,XU100.IS,bist100
2024-12-31,9857.400390625,9942.599609375,9780.7001953125,9830.599609375,9830.5478515625,2930480100.0,XU100.IS,bist100
2025-01-02,9858.099609375,9961.2998046875,9827.0,9961.2998046875,9961.2470703125,3622646300.0,XU100.IS,bist100
2025-01-03,9990.400390625,10097.099609375,9990.400390625,10075.2001953125,10075.146484375,6030811000.0,XU100.IS,bist100
2025-01-06,10108.900390625,10159.099609375,10063.2001953125,10085.5,10085.4462890625,6778737700.0,XU100.IS,bist100
2025-01-07,10079.2998046875,10095.099609375,9972.0,9972.0,9971.947265625,5128720900.0,XU100.IS,bist100
2025-01-08,9962.900390625,10011.400390625,9881.7998046875,9890.7998046875,9890.7470703125,3932950500.0,XU100.IS,bist100
2025-01-09,9932.599609375,10016.900390625,9899.2998046875,10000.7001953125,10000.6474609375,3934677900.0,XU100.IS,bist100
2025-01-10,10013.400390625,10038.7998046875,9865.7001953125,9910.599609375,9910.546875,4067234400.0,XU100.IS,bist100
2025-01-13,9901.7998046875,9916.7998046875,9707.400390625,9733.2001953125,9733.1484375,4224022900.0,XU100.IS,bist100
2025-01-14,9780.599609375,9851.599609375,9679.7998046875,9715.900390625,9715.8486328125,4041740200.0,XU100.IS,bist100
2025-01-15,9731.2001953125,9784.400390625,9659.5,9739.7001953125,9739.6484375,4157898600.0,XU100.IS,bist100
2025-01-16,9846.099609375,9878.7998046875,9734.900390625,9866.7001953125,9866.6474609375,4457760700.0,XU100.IS,bist100
2025-01-17,9882.599609375,9989.400390625,9851.400390625,9977.900390625,9977.84765625,3536571300.0,XU100.IS,bist100
2025-01-20,10035.7998046875,10048.900390625,9923.599609375,10029.2998046875,10029.2470703125,3757456400.0,XU100.IS,bist100
2025-01-21,10008.7998046875,10076.5,9966.2998046875,9999.599609375,9999.546875,4168863600.0,XU100.IS,bist100
2025-01-22,10014.2001953125,10121.7998046875,9984.099609375,10105.400390625,10105.3466796875,3559163500.0,XU100.IS,bist100
2025-01-23,10141.599609375,10151.599609375,10069.599609375,10112.7998046875,10112.74609375,4008788200.0,XU100.IS,bist100
2025-01-24,10125.5,10133.5,10064.099609375,10104.900390625,10104.8466796875,3110050300.0,XU100.IS,bist100
2025-01-27,10032.5,10069.7998046875,9962.599609375,9997.900390625,9997.84765625,3432008500.0,XU100.IS,bist100
2025-01-28,10031.599609375,10139.7001953125,9977.099609375,10121.7998046875,10121.74609375,3533420900.0,XU100.IS,bist100
2025-01-29,10140.2001953125,10180.400390625,10077.0,10077.0,10076.9462890625,3371837800.0,XU100.IS,bist100
2025-01-30,10095.400390625,10155.0,10071.900390625,10082.099609375,10082.0458984375,3223926600.0,XU100.IS,bist100
2025-01-31,10104.400390625,10119.0,9986.400390625,10004.400390625,10004.34765625,3182020200.0,XU100.IS,bist100
2025-02-03,9918.400390625,9918.400390625,9749.900390625,9774.400390625,9774.3486328125,4216874600.0,XU100.IS,bist100
2025-02-04,9818.2001953125,9905.2001953125,9782.7998046875,9807.099609375,9807.0478515625,3470857200.0,XU100.IS,bist100
2025-02-05,9821.599609375,9841.7001953125,9619.7998046875,9719.7998046875,9719.748046875,4394277500.0,XU100.IS,bist100
2025-02-06,9782.900390625,9866.5,9780.599609375,9842.2001953125,9842.1484375,3172954400.0,XU100.IS,bist100
2025-02-07,9839.5,9962.7001953125,9801.0,9951.7001953125,9951.6474609375,3626768600.0,XU100.IS,bist100
2025-02-10,9962.099609375,9983.2001953125,9830.7001953125,9845.900390625,9845.8486328125,3052458800.0,XU100.IS,bist100
2025-02-11,9840.0,9888.400390625,9788.5,9882.7998046875,9882.7470703125,3217232000.0,XU100.IS,bist100
2025-02-12,9895.7001953125,9904.2001953125,9756.7001953125,9779.599609375,9779.5478515625,3600167500.0,XU100.IS,bist100
2025-02-13,9855.7998046875,9930.7001953125,9845.599609375,9914.7001953125,9914.6474609375,3454207200.0,XU100.IS,bist100
2025-02-14,9930.0,9954.2001953125,9855.099609375,9877.599609375,9877.546875,3211745400.0,XU100.IS,bist100
2025-02-17,9890.2001953125,9899.2998046875,9836.5,9836.5,9836.4482421875,2658890700.0,XU100.IS,bist100
2025-02-18,9829.900390625,9944.2001953125,9811.5,9916.900390625,9916.84765625,4039966200.0,XU100.IS,bist100
2025-02-19,9923.400390625,9953.900390625,9759.0,9763.7001953125,9763.6484375,4271206200.0,XU100.IS,bist100
2025-02-20,9764.599609375,9853.0,9754.2998046875,9807.5,9807.4482421875,4390259900.0,XU100.IS,bist100
2025-02-21,9815.900390625,9829.900390625,9474.0,9602.2001953125,9602.1494140625,4099048700.0,XU100.IS,bist100
2025-02-24,9694.400390625,9706.0,9546.7001953125,9574.7998046875,9574.7490234375,2670499500.0,XU100.IS,bist100
2025-02-25,9583.7001953125,9605.5,9437.7001953125,9451.599609375,9451.5498046875,2797791200.0,XU100.IS,bist100
2025-02-26,9468.0,9629.2998046875,9422.2001953125,9573.2001953125,9573.1494140625,2901856700.0,XU100.IS,bist100
2025-02-27,9565.599609375,9782.2001953125,9563.2998046875,9741.099609375,9741.0478515625,3429049800.0,XU100.IS,bist100
2025-02-28,9696.7001953125,9749.7001953125,9623.900390625,9658.7001953125,9658.6494140625,3139822500.0,XU100.IS,bist100
2025-03-03,9748.0,10029.7998046875,9748.0,9911.099609375,9911.046875,4464860400.0,XU100.IS,bist100
2025-03-04,9901.900390625,9958.7998046875,9859.599609375,9898.0,9897.947265625,3096365300.0,XU100.IS,bist100
2025-03-05,9984.7001953125,10203.2001953125,9984.7001953125,10188.900390625,10188.8466796875,4067928600.0,XU100.IS,bist100
2025-03-06,10269.900390625,10459.099609375,10186.400390625,10459.099609375,10459.0439453125,5194444900.0,XU100.IS,bist100
2025-03-07,10453.7001953125,10556.7998046875,10407.400390625,10507.099609375,10507.0439453125,4322849500.0,XU100.IS,bist100
2025-03-10,10481.5,10544.0,10380.2001953125,10422.2001953125,10422.14453125,3491440900.0,XU100.IS,bist100
2025-03-11,10421.599609375,10522.099609375,10357.099609375,10438.2998046875,10438.244140625,4479643200.0,XU100.IS,bist100
2025-03-12,10492.400390625,10620.900390625,10470.599609375,10580.2998046875,10580.244140625,4553520700.0,XU100.IS,bist100
2025-03-13,10625.400390625,10744.0,10625.400390625,10727.599609375,10727.54296875,4024056400.0,XU100.IS,bist100
2025-03-14,10772.400390625,10863.0,10726.2998046875,10840.599609375,10840.5419921875,3774862100.0,XU100.IS,bist100
2025-03-17,10869.0,10902.599609375,10809.099609375,10862.099609375,10862.0419921875,4653486100.0,XU100.IS,bist100
2025-03-18,10832.7998046875,10872.2001953125,10752.0,10802.2001953125,10802.142578125,4178140300.0,XU100.IS,bist100
2025-03-19,10060.5,10378.099609375,9806.5,9860.2998046875,9860.2470703125,4795426200.0,XU100.IS,bist100
2025-03-20,9839.7998046875,10156.7001953125,9660.599609375,9810.900390625,9810.8486328125,6763324600.0,XU100.IS,bist100
2025-03-21,9758.5,9758.5,8984.5,9044.599609375,9044.5517578125,4999930100.0,XU100.IS,bist100
2025-03-24,9167.0,9386.5,8872.7998046875,9299.400390625,9299.3505859375,6077570000.0,XU100.IS,bist100
2025-03-25,9462.7001953125,9811.599609375,9404.2001953125,9715.599609375,9715.5478515625,5494342400.0,XU100.IS,bist100
2025-03-26,9617.0,9749.400390625,9566.7998046875,9649.5,9649.44921875,4418731600.0,XU100.IS,bist100
2025-03-27,9774.599609375,9830.7998046875,9593.7001953125,9612.7998046875,9612.7490234375,4645849700.0,XU100.IS,bist100
2025-03-28,9567.7998046875,9669.2001953125,9416.0,9659.5,9659.44921875,4104856500.0,XU100.IS,bist100
2025-04-02,9606.400390625,9643.2001953125,9517.7001953125,9523.2998046875,9523.2490234375,3209925600.0,XU100.IS,bist100
2025-04-03,9530.7001953125,9627.7001953125,9484.2998046875,9484.2998046875,9484.2490234375,3069845000.0,XU100.IS,bist100
2025-04-04,9496.7998046875,9524.7998046875,9339.7001953125,9379.7998046875,9379.75,3136667000.0,XU100.IS,bist100
2025-04-07,9117.400390625,9506.7001953125,9050.599609375,9407.2001953125,9407.150390625,4344745100.0,XU100.IS,bist100
2025-04-08,9553.2001953125,9562.2001953125,9412.099609375,9477.099609375,9477.0498046875,2987299200.0,XU100.IS,bist100
2025-04-09,9398.7001953125,9473.0,9275.5,9275.5,9275.451171875,3553300600.0,XU100.IS,bist100
2025-04-10,9579.099609375,9581.2001953125,9338.599609375,9338.599609375,9338.5498046875,3365247700.0,XU100.IS,bist100
2025-04-11,9352.5,9406.5,9260.0,9381.0,9380.9501953125,3625978800.0,XU100.IS,bist100
2025-04-14,9456.2001953125,9491.2998046875,9407.599609375,9423.599609375,9423.5498046875,3863736400.0,XU100.IS,bist100
2025-04-15,9443.7001953125,9492.2998046875,9383.7998046875,9393.7998046875,9393.75,4103788500.0,XU100.IS,bist100
2025-04-16,9369.400390625,9398.7001953125,9245.2998046875,9266.099609375,9266.05078125,3680631300.0,XU100.IS,bist100
2025-04-17,9276.2001953125,9438.2998046875,9256.900390625,9396.0,9395.9501953125,4975285600.0,XU100.IS,bist100
2025-04-18,9426.2998046875,9433.7998046875,9289.0,9317.2001953125,9317.150390625,3193961800.0,XU100.IS,bist100
2025-04-21,9343.099609375,9477.7998046875,9268.099609375,9321.599609375,9321.5498046875,4667730300.0,XU100.IS,bist100
2025-04-22,9378.7001953125,9409.099609375,9286.400390625,9312.099609375,9312.0498046875,3659290300.0,XU100.IS,bist100
2025-04-24,9353.599609375,9493.7998046875,9301.400390625,9490.900390625,9490.849609375,3674589600.0,XU100.IS,bist100
2025-04-25,9510.099609375,9531.400390625,9427.900390625,9432.599609375,9432.5498046875,3523022500.0,XU100.IS,bist100
2025-04-28,9457.2998046875,9464.5,9307.0,9307.0,9306.9501953125,3338854600.0,XU100.IS,bist100
2025-04-29,9272.5,9312.2001953125,9216.7998046875,9224.7998046875,9224.7509765625,3046991700.0,XU100.IS,bist100
2025-04-30,9225.2998046875,9250.099609375,9058.2001953125,9078.400390625,9078.3525390625,3727542700.0,XU100.IS,bist100
2025-05-02,9121.0,9194.7998046875,9103.7001953125,9167.599609375,9167.55078125,2829490500.0,XU100.IS,bist100
2025-05-05,9217.7998046875,9240.7001953125,9087.7998046875,9112.2001953125,9112.15234375,3683513100.0,XU100.IS,bist100
2025-05-06,9109.7001953125,9228.400390625,9105.400390625,9134.7001953125,9134.6513671875,3100768400.0,XU100.IS,bist100
2025-05-07,9136.5,9189.5,9032.5,9074.599609375,9074.5517578125,3459697500.0,XU100.IS,bist100
2025-05-08,9123.900390625,9302.599609375,9093.7001953125,9279.2001953125,9279.1513671875,3052819400.0,XU100.IS,bist100
2025-05-09,9280.7001953125,9421.400390625,9231.7998046875,9390.5,9390.4501953125,3664624700.0,XU100.IS,bist100
2025-05-12,9611.2001953125,9767.7998046875,9570.5,9747.099609375,9747.0478515625,4491760300.0,XU100.IS,bist100
2025-05-13,9719.0,9747.900390625,9652.099609375,9700.2001953125,9700.1484375,4159027300.0,XU100.IS,bist100
2025-05-14,9700.2998046875,9771.7001953125,9658.599609375,9701.599609375,9701.5478515625,3673880400.0,XU100.IS,bist100
2025-05-15,9730.7001953125,9761.099609375,9518.5,9541.2998046875,9541.2490234375,3420683000.0,XU100.IS,bist100
2025-05-16,9542.7998046875,9677.599609375,9516.900390625,9668.400390625,9668.3486328125,3783035600.0,XU100.IS,bist100
2025-05-20,9666.2001953125,9683.2998046875,9514.0,9514.0,9513.94921875,3300322700.0,XU100.IS,bist100
2025-05-21,9494.099609375,9530.099609375,9398.900390625,9398.900390625,9398.8505859375,3201755900.0,XU100.IS,bist100
2025-05-22,9451.2998046875,9521.0,9353.900390625,9475.2001953125,9475.150390625,3689453800.0,XU100.IS,bist100
2025-05-23,9461.2001953125,9505.7001953125,9326.099609375,9356.0,9355.9501953125,3415316200.0,XU100.IS,bist100
2025-05-26,9419.900390625,9427.099609375,9296.2998046875,9345.2001953125,9345.150390625,2468712900.0,XU100.IS,bist100
2025-05-27,9344.5,9391.0,9213.599609375,9213.599609375,9213.55078125,2587950500.0,XU100.IS,bist100
2025-05-28,9210.7001953125,9248.0,9116.099609375,9177.7001953125,9177.6513671875,2526357600.0,XU100.IS,bist100
2025-05-29,9237.2001953125,9265.599609375,9162.400390625,9170.599609375,9170.55078125,2948378600.0,XU100.IS,bist100
2025-05-30,9161.5,9176.2001953125,8985.5,9019.599609375,9019.5517578125,3052560700.0,XU100.IS,bist100
2025-06-02,9012.900390625,9083.7998046875,8965.0,9008.900390625,9008.8525390625,2776663000.0,XU100.IS,bist100
2025-06-03,9077.0,9299.2998046875,9077.0,9277.0,9276.951171875,3292121700.0,XU100.IS,bist100
2025-06-04,9273.0,9475.0,9255.5,9475.0,9474.9501953125,2537960800.0,XU100.IS,bist100
2025-06-05,9446.7998046875,9495.7001953125,9421.7001953125,9486.599609375,9486.548828125,1046423000.0,XU100.IS,bist100
2025-06-10,9554.900390625,9679.099609375,9546.599609375,9659.2998046875,9659.2490234375,3511944800.0,XU100.IS,bist100
2025-06-11,9658.900390625,9733.599609375,9630.5,9686.099609375,9686.0478515625,3285779500.0,XU100.IS,bist100
2025-06-12,9614.7998046875,9651.2998046875,9510.2998046875,9520.2001953125,9520.1494140625,2971097100.0,XU100.IS,bist100
2025-06-13,9166.7998046875,9311.900390625,9065.2001953125,9311.900390625,9311.8505859375,3438051400.0,XU100.IS,bist100
2025-06-16,9308.7998046875,9434.099609375,9218.7998046875,9350.0,9349.9501953125,3041103000.0,XU100.IS,bist100
2025-06-17,9355.7998046875,9419.5,9328.599609375,9339.599609375,9339.5498046875,2600371700.0,XU100.IS,bist100
2025-06-18,9310.7001953125,9330.599609375,9143.7998046875,9196.099609375,9196.05078125,3226657600.0,XU100.IS,bist100
2025-06-19,9238.7998046875,9294.7001953125,9092.7001953125,9102.0,9101.9521484375,2857735500.0,XU100.IS,bist100
2025-06-20,9195.400390625,9259.2001953125,9146.900390625,9203.400390625,9203.3515625,2684331700.0,XU100.IS,bist100
2025-06-23,9117.0,9175.2998046875,9077.7998046875,9141.2998046875,9141.2509765625,2492313200.0,XU100.IS,bist100
2025-06-24,9419.099609375,9483.099609375,9302.900390625,9448.900390625,9448.8505859375,3762868800.0,XU100.IS,bist100
2025-06-25,9473.599609375,9484.0,9395.0,9418.5,9418.4501953125,2669240800.0,XU100.IS,bist100
2025-06-26,9426.7998046875,9464.7001953125,9301.099609375,9301.099609375,9301.0498046875,2552976900.0,XU100.IS,bist100
2025-06-27,9310.099609375,9431.400390625,9235.2998046875,9404.900390625,9404.8505859375,3237572100.0,XU100.IS,bist100
2025-06-30,9452.900390625,9949.5,9450.7998046875,9948.5,9948.447265625,5684934600.0,XU100.IS,bist100
2025-07-01,9973.0,10137.400390625,9940.400390625,10080.400390625,10080.3466796875,4937295200.0,XU100.IS,bist100
2025-07-02,10103.7001953125,10307.0,10103.7001953125,10189.0,10188.9462890625,5177486400.0,XU100.IS,bist100
2025-07-03,10315.2998046875,10379.2998046875,10180.400390625,10228.400390625,10228.345703125,3998486200.0,XU100.IS,bist100
2025-07-04,10248.099609375,10314.2998046875,10188.7001953125,10275.7998046875,10275.7451171875,3238914900.0,XU100.IS,bist100
2025-07-07,10137.900390625,10183.5,10093.2001953125,10107.7001953125,10107.646484375,3585009800.0,XU100.IS,bist100
2025-07-08,10173.7001953125,10203.599609375,9957.7998046875,9998.2001953125,9998.1474609375,3494377700.0,XU100.IS,bist100
2025-07-09,10008.5,10172.0,9986.7001953125,10167.2998046875,10167.24609375,3942213400.0,XU100.IS,bist100
2025-07-10,10266.2998046875,10365.099609375,10266.2998046875,10331.2998046875,10331.2451171875,4702200100.0,XU100.IS,bist100
2025-07-11,10415.7001953125,10441.099609375,10270.0,10358.5,10358.4453125,3970934000.0,XU100.IS,bist100
2025-07-14,10358.599609375,10358.599609375,10225.5,10225.5,10225.4453125,3816506800.0,XU100.IS,bist100
2025-07-16,10210.7998046875,10306.7001953125,9990.099609375,10121.5,10121.4462890625,4947250800.0,XU100.IS,bist100
2025-07-17,10199.2998046875,10386.7998046875,10178.400390625,10370.7001953125,10370.6455078125,4385813200.0,XU100.IS,bist100
2025-07-18,10381.2998046875,10407.400390625,10334.7998046875,10366.2001953125,10366.1455078125,4043577600.0,XU100.IS,bist100
2025-07-21,10413.2001953125,10641.0,10413.2001953125,10616.2001953125,10616.1435546875,4696216500.0,XU100.IS,bist100
2025-07-22,10637.400390625,10680.2001953125,10593.400390625,10616.099609375,10616.04296875,4589750100.0,XU100.IS,bist100
2025-07-23,10645.099609375,10673.099609375,10571.7001953125,10592.0,10591.943359375,4768832500.0,XU100.IS,bist100
2025-07-24,10633.2998046875,10783.099609375,10592.0,10689.099609375,10689.04296875,5054359700.0,XU100.IS,bist100
2025-07-25,10708.0,10723.0,10622.900390625,10642.599609375,10642.54296875,4019066700.0,XU100.IS,bist100
2025-07-28,10673.0,10682.2998046875,10540.900390625,10542.099609375,10542.0439453125,4598116000.0,XU100.IS,bist100
2025-07-29,10555.2001953125,10589.599609375,10487.2998046875,10487.2998046875,10487.244140625,4746573200.0,XU100.IS,bist100
2025-07-30,10492.900390625,10648.900390625,10481.5,10619.0,10618.943359375,6994997000.0,XU100.IS,bist100
2025-07-31,10650.5,10747.900390625,10640.7998046875,10743.2001953125,10743.1435546875,5169761000.0,XU100.IS,bist100
2025-08-01,10755.099609375,10774.900390625,10702.5,10747.0,10746.943359375,5082905900.0,XU100.IS,bist100
2025-08-04,10807.2998046875,10926.2998046875,10806.7998046875,10853.5,10853.4423828125,4627162600.0,XU100.IS,bist100
2025-08-05,10886.5,10899.900390625,10839.400390625,10850.0,10849.9423828125,4106860600.0,XU100.IS,bist100
2025-08-06,10876.400390625,10926.2998046875,10800.599609375,10901.0,10900.9423828125,5618364500.0,XU100.IS,bist100
2025-08-07,10940.599609375,11044.400390625,10935.2001953125,10956.099609375,10956.041015625,5866227400.0,XU100.IS,bist100
2025-08-08,10966.5,11015.7001953125,10938.400390625,10972.599609375,10972.541015625,6476361400.0,XU100.IS,bist100
2025-08-11,11041.2998046875,11090.2001953125,11004.7001953125,11038.2998046875,11038.2412109375,5117157400.0,XU100.IS,bist100
2025-08-12,11041.7998046875,11044.7998046875,10935.900390625,10954.5,10954.44140625,5536909400.0,XU100.IS,bist100
2025-08-13,10960.2001953125,11026.5,10911.099609375,10950.0,10949.9423828125,5286842000.0,XU100.IS,bist100
2025-08-14,10908.099609375,10963.099609375,10823.599609375,10824.599609375,10824.5419921875,7416283200.0,XU100.IS,bist100
2025-08-15,10796.400390625,10905.400390625,10786.7998046875,10870.599609375,10870.5419921875,6560089100.0,XU100.IS,bist100
2025-08-18,10911.2998046875,10942.599609375,10850.2001953125,10929.7998046875,10929.7421875,7954065300.0,XU100.IS,bist100
2025-08-19,10960.7998046875,10993.599609375,10915.599609375,10962.0,10961.94140625,9390284400.0,XU100.IS,bist100
2025-08-20,10962.0,11157.2998046875,10933.599609375,11134.7001953125,11134.6416015625,7883999600.0,XU100.IS,bist100
2025-08-21,11196.0,11334.5,11187.0,11313.900390625,11313.8408203125,1046732400.0,XU100.IS,bist100
2025-08-22,11347.400390625,11398.2998046875,11289.5,11372.2998046875,11372.2998046875,1133918500.0,XU100.IS,bist100
2025-08-25,11468.0,11519.599609375,11447.2001953125,11477.7998046875,11477.7998046875,10165200000.0,XU100.IS,bist100
2025-08-26,11489.099609375,11605.2998046875,11430.099609375,11529.7998046875,11529.7998046875,12266700000.0,XU100.IS,bist100
2025-08-27,11561.7001953125,11565.0,11359.0,11359.0,11359.0,7870100000.0,XU100.IS,bist100
2025-08-28,11392.0,11478.2998046875,11347.599609375,11368.7998046875,11368.7998046875,6767600000.0,XU100.IS,bist100
2025-08-29,11388.2998046875,11405.5,11262.7998046875,11288.099609375,11288.099609375,7167500000.0,XU100.IS,bist100
2025-09-01,11308.2001953125,11334.400390625,11244.2998046875,11280.0,11280.0,6947600000.0,XU100.IS,bist100
2025-09-02,11304.5,11331.599609375,10616.599609375,10877.5,10877.5,11272000000.0,XU100.IS,bist100
2025-09-03,10877.5,10877.5,10612.2998046875,10737.7001953125,10737.7001953125,8133000000.0,XU100.IS,bist100
2025-09-04,10763.099609375,10870.7001953125,10763.099609375,10828.900390625,10828.900390625,7515000000.0,XU100.IS,bist100
2025-09-05,10879.5,10961.7001953125,10727.099609375,10729.5,10729.5,9124700000.0,XU100.IS,bist100
2025-09-08,10568.2998046875,10626.7001953125,10406.900390625,10449.400390625,10449.400390625,7417400000.0,XU100.IS,bist100
2025-09-09,10461.2001953125,10594.099609375,10398.7998046875,10486.099609375,10486.099609375,7032000000.0,XU100.IS,bist100
2025-09-10,10549.900390625,10590.599609375,10445.7998046875,10586.2998046875,10586.2998046875,5534800000.0,XU100.IS,bist100
2025-09-11,10573.2998046875,10735.2001953125,10366.7001953125,10382.900390625,10382.900390625,8218000000.0,XU100.IS,bist100
2025-09-12,10375.7001953125,10435.5,10265.7001953125,10372.0,10372.0,5939400000.0,XU100.IS,bist100
2025-09-15,10357.7001953125,11008.400390625,10264.2998046875,11000.2998046875,11000.2998046875,9347500000.0,XU100.IS,bist100
2025-09-16,11034.0,11194.900390625,11000.0,11183.0,11183.0,9370400000.0,XU100.IS,bist100
2025-09-17,11186.2998046875,11244.2001953125,11147.2001953125,11165.900390625,11165.900390625,8496300000.0,XU100.IS,bist100
2025-09-18,11229.2998046875,11288.2998046875,11023.0,11048.099609375,11048.099609375,7521000000.0,XU100.IS,bist100
2025-09-19,11077.5,11297.400390625,11040.2998046875,11294.5,11294.5,8201200000.0,XU100.IS,bist100
2025-09-22,11533.2001953125,11540.7001953125,11452.900390625,11468.099609375,11468.099609375,7692500000.0,XU100.IS,bist100
2025-09-23,11363.2998046875,11432.7998046875,11293.5,11331.7998046875,11331.7998046875,6541700000.0,XU100.IS,bist100
2025-09-24,11354.599609375,11423.7001953125,11133.2001953125,11366.900390625,11366.900390625,8781100000.0,XU100.IS,bist100
2025-09-25,11442.400390625,11470.2001953125,11305.900390625,11377.599609375,11377.599609375,5822900000.0,XU100.IS,bist100
2025-09-26,11366.7998046875,11366.7998046875,11137.2001953125,11151.2001953125,11151.2001953125,5773000000.0,XU100.IS,bist100
2025-09-29,11112.2998046875,11205.599609375,11048.099609375,11048.099609375,11048.099609375,5908700000.0,XU100.IS,bist100
2025-09-30,11056.2001953125,11070.2998046875,10943.5,11012.099609375,11012.099609375,5808900000.0,XU100.IS,bist100
2025-10-01,10992.7998046875,11259.2998046875,10896.400390625,11220.2001953125,11220.2001953125,8434700000.0,XU100.IS,bist100
2025-10-02,11223.7001953125,11256.5,11051.599609375,11082.599609375,11082.599609375,8344200000.0,XU100.IS,bist100
2025-10-03,11116.900390625,11126.099609375,10831.0,10858.5,10858.5,5868400000.0,XU100.IS,bist100
2025-10-06,10884.900390625,10928.400390625,10706.099609375,10734.900390625,10734.900390625,5704700000.0,XU100.IS,bist100
2025-10-07,10741.7998046875,10847.400390625,10717.2998046875,10814.099609375,10814.099609375,5732800000.0,XU100.IS,bist100
2025-10-08,10787.5,10907.2998046875,10729.900390625,10756.2998046875,10756.2998046875,6148500000.0,XU100.IS,bist100
2025-10-09,10856.7001953125,10862.7998046875,10684.0,10727.0,10727.0,6344100000.0,XU100.IS,bist100
2025-10-10,10737.900390625,10784.599609375,10654.2001953125,10720.400390625,10720.400390625,5940500000.0,XU100.IS,bist100
2025-10-13,10586.0,10683.0,10528.400390625,10556.2001953125,10556.2001953125,5756300000.0,XU100.IS,bist100
2025-10-14,10567.7001953125,10594.2001953125,10301.2001953125,10316.400390625,10316.400390625,6084200000.0,XU100.IS,bist100
2025-10-15,10357.2001953125,10501.2998046875,10288.7001953125,10464.5,10464.5,6591100000.0,XU100.IS,bist100
2025-10-16,10437.7998046875,10562.2998046875,10335.2001953125,10370.7998046875,10370.7998046875,6570900000.0,XU100.IS,bist100
2025-10-17,10338.2001953125,10344.900390625,10053.7001953125,10208.7998046875,10208.7998046875,6527400000.0,XU100.IS,bist100
2025-10-20,10247.2998046875,10522.599609375,10109.0,10484.400390625,10484.400390625,6695700000.0,XU100.IS,bist100
2025-10-21,10487.400390625,10534.2001953125,10408.099609375,10467.2001953125,10467.2001953125,6689800000.0,XU100.IS,bist100
2025-10-22,10512.400390625,10661.900390625,10502.2998046875,10551.2998046875,10551.2998046875,7417100000.0,XU100.IS,bist100
2025-10-23,10584.599609375,10678.400390625,10563.900390625,10608.2998046875,10608.2998046875,12483400000.0,XU100.IS,bist100
2025-10-24,10699.7998046875,11158.099609375,10662.2998046875,10941.7998046875,10941.7998046875,11807500000.0,XU100.IS,bist100
2025-10-27,10928.400390625,10948.099609375,10823.2001953125,10853.400390625,10853.400390625,6789400000.0,XU100.IS,bist100
2025-10-28,10858.7001953125,10920.5,10847.400390625,10871.099609375,10871.099609375,3265800000.0,XU100.IS,bist100
2025-10-30,10907.400390625,10946.0,10824.599609375,10837.2998046875,10837.2998046875,6414800000.0,XU100.IS,bist100
2025-10-31,10854.900390625,10994.400390625,10816.900390625,10971.5,10971.5,8021200000.0,XU100.IS,bist100
2025-11-03,11019.599609375,11152.2998046875,11011.900390625,11060.400390625,11060.400390625,8573400000.0,XU100.IS,bist100
2025-11-04,11049.900390625,11083.2998046875,10871.7998046875,10914.099609375,10914.099609375,7816000000.0,XU100.IS,bist100
2025-11-05,10927.7998046875,11000.099609375,10849.0,10970.400390625,10970.400390625,8034600000.0,XU100.IS,bist100
2025-11-06,11029.2998046875,11108.099609375,10969.400390625,11073.2998046875,11073.2998046875,7668900000.0,XU100.IS,bist100
2025-11-07,11082.7001953125,11092.900390625,10869.0,10924.5,10924.5,7431700000.0,XU100.IS,bist100
2025-11-10,10974.2998046875,11044.5,10788.7001953125,10789.0,10789.0,6249800000.0,XU100.IS,bist100
2025-11-11,10810.599609375,10839.099609375,10373.7998046875,10576.5,10576.5,8288600000.0,XU100.IS,bist100
2025-11-12,10655.7001953125,10706.599609375,10581.0,10640.900390625,10640.900390625,7125100000.0,XU100.IS,bist100
2025-11-13,10675.400390625,10714.7001953125,10581.0,10628.599609375,10628.599609375,5470900000.0,XU100.IS,bist100
2025-11-14,10604.900390625,10607.400390625,10440.400390625,10565.7001953125,10565.7001953125,6635800000.0,XU100.IS,bist100
2025-11-17,10634.0,10774.2001953125,10585.2998046875,10698.099609375,10698.099609375,6280600000.0,XU100.IS,bist100
2025-11-18,10669.5,10791.2001953125,10636.400390625,10728.599609375,10728.599609375,6159700000.0,XU100.IS,bist100
2025-11-19,10772.0,10933.2001953125,10758.599609375,10903.900390625,10903.900390625,6535500000.0,XU100.IS,bist100
2025-11-20,10959.0,11038.7998046875,10887.0,10979.7001953125,10979.7001953125,7649600000.0,XU100.IS,bist100
2025-11-21,10936.7001953125,10945.2001953125,10815.7001953125,10922.900390625,10922.900390625,6907200000.0,XU100.IS,bist100
2025-11-24,10894.7001953125,10944.5,10816.400390625,10888.0,10888.0,6108700000.0,XU100.IS,bist100
2025-11-25,10928.2001953125,10998.2001953125,10832.7998046875,10857.2001953125,10857.2001953125,6386300000.0,XU100.IS,bist100
2025-11-26,10874.2001953125,10953.0,10865.7001953125,10914.7001953125,10914.7001953125,5149100000.0,XU100.IS,bist100
2025-11-27,10973.5,11032.5,10934.2001953125,10945.5,10945.5,4966700000.0,XU100.IS,bist100
2025-11-28,10934.400390625,10953.0,10879.599609375,10898.7001953125,10898.7001953125,4128400000.0,XU100.IS,bist100
2025-12-01,10898.099609375,11125.7001953125,10870.099609375,11116.5,11116.5,5268300000.0,XU100.IS,bist100
2025-12-02,11151.7998046875,11184.099609375,11093.2001953125,11123.5,11123.5,5284600000.0,XU100.IS,bist100
2025-12-03,11118.5,11201.7001953125,11017.7998046875,11036.7998046875,11036.7998046875,6511600000.0,XU100.IS,bist100
2025-12-04,11029.099609375,11077.7001953125,10896.7001953125,10918.5,10918.5,4785400000.0,XU100.IS,bist100
2025-12-05,10923.599609375,11015.5,10909.2998046875,11007.400390625,11007.400390625,6036000000.0,XU100.IS,bist100
2025-12-08,11082.099609375,11250.400390625,11074.7001953125,11189.5,11189.5,5712400000.0,XU100.IS,bist100
2025-12-09,11210.2998046875,11244.2001953125,11148.0,11238.400390625,11238.400390625,5402600000.0,XU100.IS,bist100
2025-12-10,11273.2998046875,11316.5,11170.7998046875,11193.900390625,11193.900390625,5289900000.0,XU100.IS,bist100
2025-12-11,11226.7001953125,11300.2998046875,11198.7998046875,11233.7001953125,11233.7001953125,5366200000.0,XU100.IS,bist100
2025-12-12,11269.5,11331.0,11253.2998046875,11311.2998046875,11311.2998046875,4588100000.0,XU100.IS,bist100
2025-12-15,11349.2001953125,11468.7998046875,11328.599609375,11456.2998046875,11456.2998046875,4697700000.0,XU100.IS,bist100
2025-12-16,11470.0,11470.0,11309.0,11348.7998046875,11348.7998046875,4198800000.0,XU100.IS,bist100
2025-12-17,11338.7001953125,11364.5,11250.5,11286.7998046875,11286.7998046875,3937600000.0,XU100.IS,bist100
2025-12-18,11317.900390625,11385.2001953125,11307.7001953125,11335.099609375,11335.099609375,4332300000.0,XU100.IS,bist100
2025-12-19,11346.2001953125,11354.2998046875,11291.099609375,11341.900390625,11341.900390625,3638800000.0,XU100.IS,bist100
2025-12-22,11383.5,11402.400390625,11266.0,11311.099609375,11311.099609375,5027700000.0,XU100.IS,bist100
2025-12-23,11307.2001953125,11367.2998046875,11276.2001953125,11290.400390625,11290.400390625,4885400000.0,XU100.IS,bist100
2025-12-24,11317.0,11386.099609375,11313.7998046875,11340.099609375,11340.099609375,7012400000.0,XU100.IS,bist100
2025-12-26,11340.400390625,11352.2001953125,11228.599609375,11294.400390625,11294.400390625,4823000000.0,XU100.IS,bist100
2025-12-29,11305.099609375,11324.7998046875,11150.900390625,11150.900390625,11150.900390625,4535300000.0,XU100.IS,bist100
2025-12-30,11172.599609375,11235.5,11102.2001953125,11220.2001953125,11220.2001953125,5401300000.0,XU100.IS,bist100
2025-12-31,11249.7001953125,11324.400390625,11238.599609375,11261.5,11261.5,4050400000.0,XU100.IS,bist100
2026-01-02,11296.5,11498.400390625,11296.5,11498.400390625,11498.400390625,5742300000.0,XU100.IS,bist100
2026-01-05,11547.7001953125,11726.2001953125,11510.2001953125,11702.0,11702.0,6455800000.0,XU100.IS,bist100
2026-01-06,11741.5,12032.400390625,11732.400390625,12023.7998046875,12023.7998046875,6199000000.0,XU100.IS,bist100
2026-01-07,12071.400390625,12124.599609375,11990.2998046875,12028.7998046875,12028.7998046875,6120000000.0,XU100.IS,bist100
2026-01-08,12034.900390625,12152.599609375,11907.7998046875,12088.0,12088.0,5653900000.0,XU100.IS,bist100
2026-01-09,12130.2001953125,12201.0,12066.0,12201.0,12201.0,9496600000.0,XU100.IS,bist100
2026-01-12,12268.0,12378.7998046875,12228.0,12254.7998046875,12254.7998046875,7846600000.0,XU100.IS,bist100
2026-01-13,12261.400390625,12428.400390625,12236.0,12385.599609375,12385.599609375,8717800000.0,XU100.IS,bist100
2026-01-14,12425.900390625,12444.5,12323.7001953125,12369.900390625,12369.900390625,6430600000.0,XU100.IS,bist100
2026-01-15,12352.5,12472.900390625,12300.400390625,12456.7001953125,12456.7001953125,7258100000.0,XU100.IS,bist100
2026-01-16,12486.5,12668.5,12449.5,12668.5,12668.5,8709400000.0,XU100.IS,bist100
2026-01-19,12740.7001953125,12837.900390625,12700.2998046875,12747.900390625,12747.900390625,7847200000.0,XU100.IS,bist100
2026-01-20,12760.7998046875,12914.099609375,12706.2998046875,12805.7998046875,12805.7998046875,6838900000.0,XU100.IS,bist100
2026-01-21,12839.900390625,12847.2001953125,12575.7001953125,12728.2001953125,12728.2001953125,7685300000.0,XU100.IS,bist100
2026-01-22,12771.5,12862.0,12682.599609375,12851.5,12851.5,7587200000.0,XU100.IS,bist100
2026-01-23,12924.2001953125,13030.7998046875,12904.599609375,12992.7001953125,12992.7001953125,6740800000.0,XU100.IS,bist100
2026-01-26,12929.2998046875,13182.099609375,12886.2001953125,13177.2998046875,13177.2998046875,9555400000.0,XU100.IS,bist100
2026-01-27,13225.0,13263.0,13053.900390625,13107.0,13107.0,7475500000.0,XU100.IS,bist100
2026-01-28,13150.099609375,13512.400390625,13144.2001953125,13407.400390625,13407.400390625,12824200000.0,XU100.IS,bist100
2026-01-29,13502.2998046875,13906.5,13480.599609375,13831.099609375,13831.099609375,13974900000.0,XU100.IS,bist100
2026-01-30,13827.400390625,13876.7998046875,13649.099609375,13838.2998046875,13838.2998046875,9811000000.0,XU100.IS,bist100
2026-02-02,13598.400390625,13873.900390625,13393.7998046875,13621.0,13621.0,8998400000.0,XU100.IS,bist100
2026-02-03,13725.5,13926.599609375,13660.7998046875,13875.2998046875,13875.2998046875,9163600000.0,XU100.IS,bist100
2026-02-04,13964.0,13998.2001953125,13835.0,13891.2001953125,13891.2001953125,8678100000.0,XU100.IS,bist100
2026-02-05,13867.099609375,13977.900390625,13589.099609375,13589.099609375,13589.099609375,7718500000.0,XU100.IS,bist100
2026-02-06,13585.599609375,13628.0,13402.599609375,13522.0,13522.0,6673000000.0,XU100.IS,bist100
2026-02-09,13641.5,13858.2001953125,13620.599609375,13838.400390625,13838.400390625,9204600000.0,XU100.IS,bist100
2026-02-10,13855.7998046875,13888.2001953125,13726.2001953125,13797.0,13797.0,7359800000.0,XU100.IS,bist100
2026-02-11,13729.400390625,13912.900390625,13680.900390625,13787.7998046875,13787.7998046875,11761800000.0,XU100.IS,bist100
2026-02-12,13795.0,14196.900390625,13784.7998046875,14180.5,14180.5,12788600000.0,XU100.IS,bist100
2026-02-13,14159.0,14320.900390625,14109.2001953125,14180.7001953125,14180.7001953125,9409300000.0,XU100.IS,bist100
2026-02-16,14269.2001953125,14433.2001953125,14208.0,14339.2998046875,14339.2998046875,9800800000.0,XU100.IS,bist100
2026-02-17,14314.099609375,14409.2998046875,14227.2998046875,14227.2998046875,14227.2998046875,10061600000.0,XU100.IS,bist100
2026-02-18,14260.7998046875,14532.7001953125,14154.2001953125,14259.900390625,14259.900390625,13066000000.0,XU100.IS,bist100
2026-02-19,14340.2998046875,14343.099609375,13728.599609375,13804.2001953125,13804.2001953125,9025500000.0,XU100.IS,bist100
2026-02-20,13782.5,13934.099609375,13718.099609375,13934.099609375,13934.099609375,9226800000.0,XU100.IS,bist100
2026-02-23,14092.2001953125,14190.099609375,14020.0,14061.7001953125,14061.7001953125,7659500000.0,XU100.IS,bist100
2026-02-24,14011.2001953125,14093.0,13897.2001953125,14050.7998046875,14050.7998046875,6349300000.0,XU100.IS,bist100
2026-02-25,14049.599609375,14068.2998046875,13752.7998046875,13809.900390625,13809.900390625,6634000000.0,XU100.IS,bist100
2026-02-26,13780.099609375,13906.099609375,13652.400390625,13878.5,13878.5,8459100000.0,XU100.IS,bist100
2026-02-27,13889.7001953125,13967.2001953125,13552.7998046875,13717.7998046875,13717.7998046875,8938500000.0,XU100.IS,bist100
2026-03-02,12987.400390625,13456.599609375,12987.400390625,13346.400390625,13346.400390625,6994500000.0,XU100.IS,bist100
2026-03-03,13296.0,13380.0,12905.5,12933.400390625,12933.400390625,6395900000.0,XU100.IS,bist100
2026-03-04,12916.7001953125,13086.2001953125,12824.7998046875,12943.2001953125,12943.2001953125,5857700000.0,XU100.IS,bist100
2026-03-05,13062.599609375,13202.599609375,13048.0,13078.900390625,13078.900390625,4047300000.0,XU100.IS,bist100
2026-03-06,13080.900390625,13148.7001953125,12746.2001953125,12792.7998046875,12792.7998046875,4944900000.0,XU100.IS,bist100
2026-03-09,12602.7001953125,12717.599609375,12433.0,12702.0,12702.0,6484000000.0,XU100.IS,bist100
2026-03-10,12951.599609375,13199.5,12904.099609375,13175.7001953125,13175.7001953125,6231800000.0,XU100.IS,bist100
2026-03-11,13188.7001953125,13269.5,13032.5,13200.400390625,13200.400390625,5990400000.0,XU100.IS,bist100
2026-03-12,13161.7001953125,13441.400390625,13156.5,13286.099609375,13286.099609375,8463400000.0,XU100.IS,bist100
2026-03-13,13253.2998046875,13259.099609375,12944.7001953125,13092.900390625,13092.900390625,10364200000.0,XU100.IS,bist100
2026-03-16,13119.900390625,13137.7001953125,12880.0,12956.7001953125,12956.7001953125,5958000000.0,XU100.IS,bist100
2026-03-17,13008.2998046875,13253.599609375,12994.7998046875,13217.599609375,13217.599609375,5805700000.0,XU100.IS,bist100
2026-03-18,13260.099609375,13298.5,13062.2998046875,13115.099609375,13115.099609375,5822700000.0,XU100.IS,bist100
2026-03-19,13035.400390625,13109.7001953125,12981.0,13047.7001953125,13047.7001953125,2243800000.0,XU100.IS,bist100
2026-03-23,12853.099609375,13168.2001953125,12632.400390625,13168.2001953125,13168.2001953125,11038400000.0,XU100.IS,bist100
2026-03-24,13104.599609375,13136.599609375,12908.900390625,12930.2001953125,12930.2001953125,5722100000.0,XU100.IS,bist100
2026-03-25,13029.2998046875,13100.400390625,12961.5,12963.900390625,12963.900390625,6379900000.0,XU100.IS,bist100
2026-03-26,12911.400390625,12978.400390625,12716.7998046875,12727.099609375,12727.099609375,6734900000.0,XU100.IS,bist100
2026-03-27,12803.0,12825.0,12601.599609375,12698.2001953125,12698.2001953125,4888600000.0,XU100.IS,bist100
2026-03-30,12709.2998046875,12777.7998046875,12622.599609375,12626.400390625,12626.400390625,4462800000.0,XU100.IS,bist100
2026-03-31,12650.599609375,12848.7001953125,12634.900390625,12791.0,12791.0,5176500000.0,XU100.IS,bist100
2026-04-01,12996.2001953125,13031.599609375,12895.099609375,12937.900390625,12937.900390625,6534700000.0,XU100.IS,bist100
2026-04-02,12836.7998046875,13078.2998046875,12820.900390625,13051.7001953125,13051.7001953125,7942800000.0,XU100.IS,bist100
2026-04-03,13073.5,13075.599609375,12916.400390625,12936.400390625,12936.400390625,5735500000.0,XU100.IS,bist100
2026-04-06,12969.0,13167.900390625,12960.2001953125,13112.2998046875,13112.2998046875,7806200000.0,XU100.IS,bist100
2026-04-07,13108.5,13179.900390625,12876.2998046875,12921.599609375,12921.599609375,7085600000.0,XU100.IS,bist100
2026-04-08,13353.400390625,13679.900390625,13333.7001953125,13536.7998046875,13536.7998046875,9863100000.0,XU100.IS,bist100
2026-04-09,13530.599609375,13712.5,13529.099609375,13689.0,13689.0,8298400000.0,XU100.IS,bist100
2026-04-10,13774.5,14073.7998046875,13763.7998046875,14073.7998046875,14073.7998046875,10909800000.0,XU100.IS,bist100
