date,open,high,low,close,adjclose,volume,symbol,series
2005-01-03,1.8125,1.812999963760376,1.8013999462127686,1.809000015258789,1.809000015258789,0.0,EURTRY=X,eur_try
2005-01-04,1.7799999713897705,1.8042000532150269,1.7799999713897705,1.8005000352859497,1.8005000352859497,0.0,EURTRY=X,eur_try
2005-01-05,1.7630000114440918,1.8379000425338745,1.7630000114440918,1.8209999799728394,1.8209999799728394,0.0,EURTRY=X,eur_try
2005-01-06,1.8270000219345093,1.8565000295639038,1.823699951171875,1.8335000276565552,1.8335000276565552,0.0,EURTRY=X,eur_try
2005-01-07,1.8300000429153442,1.8300000429153442,1.7948999404907227,1.819000005722046,1.819000005722046,0.0,EURTRY=X,eur_try
2005-01-10,1.8280999660491943,1.837399959564209,1.7985999584197998,1.8205000162124634,1.8205000162124634,0.0,EURTRY=X,eur_try
2005-01-11,1.809399962425232,1.815500020980835,1.7973999977111816,1.8025000095367432,1.8025000095367432,0.0,EURTRY=X,eur_try
2005-01-12,1.801900029182434,1.8069000244140625,1.7782000303268433,1.7999999523162842,1.7999999523162842,0.0,EURTRY=X,eur_try
2005-01-13,1.7879999876022339,1.7930999994277954,1.779099941253662,1.7860000133514404,1.7860000133514404,0.0,EURTRY=X,eur_try
2005-01-14,1.746000051498413,1.7835999727249146,1.746000051498413,1.7660000324249268,1.7660000324249268,0.0,EURTRY=X,eur_try
2005-01-17,1.7330000400543213,1.7648999691009521,1.7330000400543213,1.7450000047683716,1.7450000047683716,0.0,EURTRY=X,eur_try
2005-01-18,1.7410999536514282,1.7489999532699585,1.735200047492981,1.7467000484466553,1.7467000484466553,0.0,EURTRY=X,eur_try
2005-01-19,1.7050000429153442,1.7563999891281128,1.7050000429153442,1.7454999685287476,1.7454999685287476,0.0,EURTRY=X,eur_try
2005-01-20,1.739400029182434,1.75,1.7300000190734863,1.75,1.75,0.0,EURTRY=X,eur_try
2005-01-21,1.7422000169754028,1.7549999952316284,1.7384999990463257,1.7549999952316284,1.7549999952316284,0.0,EURTRY=X,eur_try
2005-01-24,1.7444000244140625,1.746999979019165,1.7337000370025635,1.7445000410079956,1.7445000410079956,0.0,EURTRY=X,eur_try
2005-01-25,1.735700011253357,1.739799976348877,1.7173000574111938,1.7280000448226929,1.7280000448226929,0.0,EURTRY=X,eur_try
2005-01-26,1.6959999799728394,1.7366000413894653,1.6959999799728394,1.7265000343322754,1.7265000343322754,0.0,EURTRY=X,eur_try
2005-01-27,1.7172000408172607,1.750599980354309,1.7172000408172607,1.7404999732971191,1.7404999732971191,0.0,EURTRY=X,eur_try
2005-01-28,1.7109999656677246,1.7419999837875366,1.7109999656677246,1.7419999837875366,1.7419999837875366,0.0,EURTRY=X,eur_try
2005-01-31,1.7339999675750732,1.7400000095367432,1.6920000314712524,1.7364000082015991,1.7364000082015991,0.0,EURTRY=X,eur_try
2005-02-01,1.7323999404907227,1.7339999675750732,1.7055000066757202,1.7055000066757202,1.7055000066757202,0.0,EURTRY=X,eur_try
2005-02-02,1.7237999439239502,1.732200026512146,1.7192000150680542,1.7274999618530273,1.7274999618530273,0.0,EURTRY=X,eur_try
2005-02-03,1.7175999879837036,1.7187000513076782,1.7028000354766846,1.715999960899353,1.715999960899353,0.0,EURTRY=X,eur_try
2005-02-04,1.7037999629974365,1.7072999477386475,1.681399941444397,1.6864999532699585,1.6864999532699585,0.0,EURTRY=X,eur_try
2005-02-07,1.6825000047683716,1.690600037574768,1.6718000173568726,1.6825000047683716,1.6825000047683716,0.0,EURTRY=X,eur_try
2005-02-08,1.6718000173568726,1.7024999856948853,1.6714999675750732,1.6974999904632568,1.6974999904632568,0.0,EURTRY=X,eur_try
2005-02-09,1.6610000133514404,1.7089999914169312,1.6610000133514404,1.7074999809265137,1.7074999809265137,0.0,EURTRY=X,eur_try
2005-02-10,1.6936999559402466,1.715499997138977,1.6931999921798706,1.7137999534606934,1.7137999534606934,0.0,EURTRY=X,eur_try
2005-02-11,1.6998000144958496,1.7024999856948853,1.6871000528335571,1.6955000162124634,1.6955000162124634,0.0,EURTRY=X,eur_try
2005-02-14,1.6938999891281128,1.6993999481201172,1.6904000043869019,1.6928999423980713,1.6928999423980713,0.0,EURTRY=X,eur_try
2005-02-15,1.6914000511169434,1.7065000534057617,1.6878999471664429,1.7065000534057617,1.7065000534057617,0.0,EURTRY=X,eur_try
2005-02-16,1.6957999467849731,1.7144999504089355,1.690999984741211,1.7135000228881836,1.7135000228881836,0.0,EURTRY=X,eur_try
2005-02-17,1.7070000171661377,1.7075999975204468,1.694200038909912,1.7044999599456787,1.7044999599456787,0.0,EURTRY=X,eur_try
2005-02-18,1.6991000175476074,1.7079999446868896,1.6892000436782837,1.7074999809265137,1.7074999809265137,0.0,EURTRY=X,eur_try
2005-02-21,1.7015999555587769,1.7037999629974365,1.6907000541687012,1.6970000267028809,1.6970000267028809,0.0,EURTRY=X,eur_try
2005-02-22,1.7060999870300293,1.7186000347137451,1.6988999843597412,1.715999960899353,1.715999960899353,0.0,EURTRY=X,eur_try
2005-02-23,1.711899995803833,1.7209999561309814,1.7074999809265137,1.7209999561309814,1.7209999561309814,0.0,EURTRY=X,eur_try
2005-02-24,1.7148000001907349,1.716599941253662,1.6999000310897827,1.7139999866485596,1.7139999866485596,0.0,EURTRY=X,eur_try
2005-02-25,1.6749999523162842,1.7081999778747559,1.6749999523162842,1.69760000705719,1.69760000705719,0.0,EURTRY=X,eur_try
2005-02-28,1.7009999752044678,1.7041000127792358,1.6821999549865723,1.690999984741211,1.690999984741211,0.0,EURTRY=X,eur_try
2005-03-01,1.659000039100647,1.6899000406265259,1.659000039100647,1.684999942779541,1.684999942779541,0.0,EURTRY=X,eur_try
2005-03-02,1.677899956703186,1.6825000047683716,1.6683000326156616,1.680999994277954,1.680999994277954,0.0,EURTRY=X,eur_try
2005-03-03,1.6430000066757202,1.6775000095367432,1.6430000066757202,1.6775000095367432,1.6775000095367432,0.0,EURTRY=X,eur_try
2005-03-04,1.6639000177383423,1.6699999570846558,1.632599949836731,1.6540000438690186,1.6540000438690186,0.0,EURTRY=X,eur_try
2005-03-07,1.6548999547958374,1.6593999862670898,1.649999976158142,1.6569000482559204,1.6569000482559204,0.0,EURTRY=X,eur_try
2005-03-08,1.657099962234497,1.6785999536514282,1.652899980545044,1.6698999404907227,1.6698999404907227,0.0,EURTRY=X,eur_try
2005-03-09,1.6739000082015991,1.7010999917984009,1.6603000164031982,1.684399962425232,1.684399962425232,0.0,EURTRY=X,eur_try
2005-03-10,1.6619999408721924,1.7192000150680542,1.6619999408721924,1.7100000381469727,1.7100000381469727,0.0,EURTRY=X,eur_try
2005-03-11,1.6779999732971191,1.7100000381469727,1.6779999732971191,1.6933000087738037,1.6933000087738037,0.0,EURTRY=X,eur_try
2005-03-14,1.6928000450134277,1.7271000146865845,1.6928000450134277,1.7214000225067139,1.7214000225067139,0.0,EURTRY=X,eur_try
2005-03-15,1.7173999547958374,1.7389999628067017,1.7125999927520752,1.7348999977111816,1.7348999977111816,0.0,EURTRY=X,eur_try
2005-03-16,1.7511999607086182,1.7791999578475952,1.7452000379562378,1.7666000127792358,1.7666000127792358,0.0,EURTRY=X,eur_try
2005-03-17,1.7618000507354736,1.7862000465393066,1.7418999671936035,1.7532999515533447,1.7532999515533447,0.0,EURTRY=X,eur_try
2005-03-18,1.7476999759674072,1.7517999410629272,1.7331000566482544,1.7426999807357788,1.7426999807357788,0.0,EURTRY=X,eur_try
2005-03-21,1.7029999494552612,1.7675000429153442,1.7029999494552612,1.7580000162124634,1.7580000162124634,0.0,EURTRY=X,eur_try
2005-03-22,1.7580000162124634,1.7630000114440918,1.7374999523162842,1.7624000310897827,1.7624000310897827,0.0,EURTRY=X,eur_try
2005-03-23,1.7120000123977661,1.7838000059127808,1.7120000123977661,1.7640000581741333,1.7640000581741333,0.0,EURTRY=X,eur_try
2005-03-24,1.7502000331878662,1.7645000219345093,1.7395000457763672,1.7645000219345093,1.7645000219345093,0.0,EURTRY=X,eur_try
2005-03-25,1.753499984741211,1.753499984741211,1.7484999895095825,1.750499963760376,1.750499963760376,0.0,EURTRY=X,eur_try
2005-03-27,1.774999976158142,1.777500033378601,1.7730000019073486,1.7769999504089355,1.7769999504089355,0.0,EURTRY=X,eur_try
2005-03-28,1.7750999927520752,1.7992000579833984,1.767799973487854,1.7940000295639038,1.7940000295639038,0.0,EURTRY=X,eur_try
2005-03-29,1.7806999683380127,1.781999945640564,1.7554999589920044,1.7589999437332153,1.7589999437332153,0.0,EURTRY=X,eur_try
2005-03-30,1.7584999799728394,1.7584999799728394,1.7345000505447388,1.747499942779541,1.747499942779541,0.0,EURTRY=X,eur_try
2005-03-31,1.7372000217437744,1.746000051498413,1.7187000513076782,1.7415000200271606,1.7415000200271606,0.0,EURTRY=X,eur_try
2005-04-03,1.7408000230789185,1.7591999769210815,1.733299970626831,1.7519999742507935,1.7519999742507935,0.0,EURTRY=X,eur_try
2005-04-04,1.7441999912261963,1.757099986076355,1.732200026512146,1.7480000257492065,1.7480000257492065,0.0,EURTRY=X,eur_try
2005-04-05,1.7367000579833984,1.7480000257492065,1.7218999862670898,1.7374999523162842,1.7374999523162842,0.0,EURTRY=X,eur_try
2005-04-06,1.7237999439239502,1.7316999435424805,1.7157000303268433,1.722000002861023,1.722000002861023,0.0,EURTRY=X,eur_try
2005-04-07,1.715499997138977,1.7400000095367432,1.715499997138977,1.7400000095367432,1.7400000095367432,0.0,EURTRY=X,eur_try
2005-04-10,1.687999963760376,1.746999979019165,1.687999963760376,1.743499994277954,1.743499994277954,0.0,EURTRY=X,eur_try
2005-04-11,1.7388999462127686,1.7450000047683716,1.7272000312805176,1.7400000095367432,1.7400000095367432,0.0,EURTRY=X,eur_try
2005-04-12,1.7218999862670898,1.732699990272522,1.7172000408172607,1.7289999723434448,1.7289999723434448,0.0,EURTRY=X,eur_try
2005-04-13,1.7218999862670898,1.7489999532699585,1.7188999652862549,1.7489999532699585,1.7489999532699585,0.0,EURTRY=X,eur_try
2005-04-14,1.7582000494003296,1.7745000123977661,1.7538000345230103,1.7625000476837158,1.7625000476837158,0.0,EURTRY=X,eur_try
2005-04-17,1.7239999771118164,1.7869000434875488,1.7239999771118164,1.781499981880188,1.781499981880188,0.0,EURTRY=X,eur_try
2005-04-18,1.7489999532699585,1.784000039100647,1.7489999532699585,1.777999997138977,1.777999997138977,0.0,EURTRY=X,eur_try
2005-04-19,1.7704999446868896,1.7740000486373901,1.7595000267028809,1.7740000486373901,1.7740000486373901,0.0,EURTRY=X,eur_try
2005-04-20,1.7689000368118286,1.7799999713897705,1.7645000219345093,1.777999997138977,1.777999997138977,0.0,EURTRY=X,eur_try
2005-04-21,1.7389999628067017,1.7705999612808228,1.7389999628067017,1.7664999961853027,1.7664999961853027,0.0,EURTRY=X,eur_try
2005-04-24,1.7597999572753906,1.7710000276565552,1.7554999589920044,1.7710000276565552,1.7710000276565552,0.0,EURTRY=X,eur_try
2005-04-25,1.761199951171875,1.767699956893921,1.7529000043869019,1.767699956893921,1.767699956893921,0.0,EURTRY=X,eur_try
2005-04-26,1.7574000358581543,1.777999997138977,1.7537000179290771,1.7769999504089355,1.7769999504089355,0.0,EURTRY=X,eur_try
2005-04-27,1.7689000368118286,1.7999000549316406,1.7630000114440918,1.7999000549316406,1.7999000549316406,0.0,EURTRY=X,eur_try
2005-04-28,1.753000020980835,1.8073999881744385,1.753000020980835,1.787500023841858,1.787500023841858,0.0,EURTRY=X,eur_try
2005-05-01,1.753999948501587,1.7773000001907349,1.753999948501587,1.7755000591278076,1.7755000591278076,0.0,EURTRY=X,eur_try
2005-05-02,1.7626999616622925,1.7669999599456787,1.7470999956130981,1.7589999437332153,1.7589999437332153,0.0,EURTRY=X,eur_try
2005-05-03,1.7454999685287476,1.7486000061035156,1.7029999494552612,1.7345999479293823,1.7345999479293823,0.0,EURTRY=X,eur_try
2005-05-04,1.7289999723434448,1.7354999780654907,1.7289999723434448,1.7315000295639038,1.7315000295639038,0.0,EURTRY=X,eur_try
2005-05-05,1.7310999631881714,1.742799997329712,1.7223999500274658,1.7374999523162842,1.7374999523162842,0.0,EURTRY=X,eur_try
2005-05-08,1.7288000583648682,1.746500015258789,1.7242000102996826,1.7419999837875366,1.7419999837875366,0.0,EURTRY=X,eur_try
2005-05-09,1.7336000204086304,1.7610000371932983,1.7289999723434448,1.7599999904632568,1.7599999904632568,0.0,EURTRY=X,eur_try
2005-05-10,1.757699966430664,1.7618999481201172,1.7409000396728516,1.7489999532699585,1.7489999532699585,0.0,EURTRY=X,eur_try
2005-05-11,1.7384999990463257,1.7384999990463257,1.690000057220459,1.7278000116348267,1.7278000116348267,0.0,EURTRY=X,eur_try
2005-05-12,1.690000057220459,1.7304999828338623,1.690000057220459,1.7304999828338623,1.7304999828338623,0.0,EURTRY=X,eur_try
2005-05-15,1.7424999475479126,1.752500057220459,1.7419999837875366,1.7419999837875366,1.7419999837875366,0.0,EURTRY=X,eur_try
2005-05-16,1.7325999736785889,1.7408000230789185,1.7280000448226929,1.7335000038146973,1.7335000038146973,0.0,EURTRY=X,eur_try
2005-05-17,1.7318999767303467,1.7365000247955322,1.7173000574111938,1.7259999513626099,1.7259999513626099,0.0,EURTRY=X,eur_try
2005-05-18,1.7187999486923218,1.7269999980926514,1.7117999792099,1.722000002861023,1.722000002861023,0.0,EURTRY=X,eur_try
2005-05-19,1.715999960899353,1.7280000448226929,1.704200029373169,1.7274999618530273,1.7274999618530273,0.0,EURTRY=X,eur_try
2005-05-22,1.6770000457763672,1.7410000562667847,1.6770000457763672,1.7389999628067017,1.7389999628067017,0.0,EURTRY=X,eur_try
2005-05-23,1.7311999797821045,1.747499942779541,1.7247999906539917,1.747499942779541,1.747499942779541,0.0,EURTRY=X,eur_try
2005-05-24,1.7050000429153442,1.7475999593734741,1.7050000429153442,1.7383999824523926,1.7383999824523926,0.0,EURTRY=X,eur_try
2005-05-25,1.7337000370025635,1.736799955368042,1.7209999561309814,1.7319999933242798,1.7319999933242798,0.0,EURTRY=X,eur_try
2005-05-26,1.7235000133514404,1.7244999408721924,1.701799988746643,1.7200000286102295,1.7200000286102295,0.0,EURTRY=X,eur_try
2005-05-29,1.7080999612808228,1.712499976158142,1.691100001335144,1.6912000179290771,1.6912000179290771,0.0,EURTRY=X,eur_try
2005-05-30,1.6872999668121338,1.6930999755859375,1.6585999727249146,1.6764999628067017,1.6764999628067017,0.0,EURTRY=X,eur_try
2005-05-31,1.6684000492095947,1.6741000413894653,1.6490999460220337,1.656999945640564,1.656999945640564,0.0,EURTRY=X,eur_try
2005-06-01,1.6319999694824219,1.6521999835968018,1.6319999694824219,1.6510000228881836,1.6510000228881836,0.0,EURTRY=X,eur_try
2005-06-02,1.6333999633789062,1.6744999885559082,1.628499984741211,1.6679999828338623,1.6679999828338623,0.0,EURTRY=X,eur_try
2005-06-05,1.6677000522613525,1.6758999824523926,1.6615999937057495,1.6655000448226929,1.6655000448226929,0.0,EURTRY=X,eur_try
2005-06-06,1.6610000133514404,1.680999994277954,1.628999948501587,1.6670000553131104,1.6670000553131104,0.0,EURTRY=X,eur_try
2005-06-07,1.677299976348877,1.6825000047683716,1.6627999544143677,1.6634999513626099,1.6634999513626099,0.0,EURTRY=X,eur_try
2005-06-08,1.6583000421524048,1.6690000295639038,1.6239999532699585,1.6563999652862549,1.6563999652862549,0.0,EURTRY=X,eur_try
2005-06-09,1.6562999486923218,1.6584999561309814,1.6418999433517456,1.6516000032424927,1.6516000032424927,0.0,EURTRY=X,eur_try
2005-06-12,1.6555999517440796,1.6664999723434448,1.6447999477386475,1.6649999618530273,1.6649999618530273,0.0,EURTRY=X,eur_try
2005-06-13,1.6477999687194824,1.6619999408721924,1.6200000047683716,1.6619999408721924,1.6619999408721924,0.0,EURTRY=X,eur_try
2005-06-14,1.6574000120162964,1.6670000553131104,1.6475000381469727,1.662500023841858,1.662500023841858,0.0,EURTRY=X,eur_try
2005-06-15,1.649399995803833,1.6512999534606934,1.6119999885559082,1.6384999752044678,1.6384999752044678,0.0,EURTRY=X,eur_try
2005-06-16,1.6365000009536743,1.659500002861023,1.6304999589920044,1.659500002861023,1.659500002861023,0.0,EURTRY=X,eur_try
2005-06-19,1.6517000198364258,1.6553000211715698,1.6439000368118286,1.652500033378601,1.652500033378601,0.0,EURTRY=X,eur_try
2005-06-20,1.6474000215530396,1.6481000185012817,1.6339000463485718,1.6440000534057617,1.6440000534057617,0.0,EURTRY=X,eur_try
2005-06-21,1.6375000476837158,1.642799973487854,1.6291999816894531,1.632099986076355,1.632099986076355,0.0,EURTRY=X,eur_try
2005-06-22,1.6303000450134277,1.6354000568389893,1.6175999641418457,1.6211999654769897,1.6211999654769897,0.0,EURTRY=X,eur_try
2005-06-23,1.6196999549865723,1.6295000314712524,1.6166000366210938,1.6295000314712524,1.6295000314712524,0.0,EURTRY=X,eur_try
2005-06-26,1.625599980354309,1.6425000429153442,1.625599980354309,1.6325000524520874,1.6325000524520874,0.0,EURTRY=X,eur_try
2005-06-27,1.6030000448226929,1.6324000358581543,1.6030000448226929,1.6132999658584595,1.6132999658584595,0.0,EURTRY=X,eur_try
2005-06-28,1.6146999597549438,1.625,1.6032999753952026,1.6139999628067017,1.6139999628067017,0.0,EURTRY=X,eur_try
2005-06-29,1.6122000217437744,1.6153000593185425,1.600600004196167,1.6029000282287598,1.6029000282287598,0.0,EURTRY=X,eur_try
2005-06-30,1.5973000526428223,1.6086000204086304,1.59089994430542,1.593500018119812,1.593500018119812,0.0,EURTRY=X,eur_try
2005-07-03,1.5901999473571777,1.5960999727249146,1.5555000305175781,1.5872999429702759,1.5872999429702759,0.0,EURTRY=X,eur_try
2005-07-04,1.5908000469207764,1.6024999618530273,1.586300015449524,1.6024999618530273,1.6024999618530273,0.0,EURTRY=X,eur_try
2005-07-05,1.5946999788284302,1.6080000400543213,1.5943000316619873,1.6080000400543213,1.6080000400543213,0.0,EURTRY=X,eur_try
2005-07-06,1.5997999906539917,1.6414999961853027,1.5966999530792236,1.6121000051498413,1.6121000051498413,0.0,EURTRY=X,eur_try
2005-07-07,1.607300043106079,1.6097999811172485,1.5927000045776367,1.6050000190734863,1.6050000190734863,0.0,EURTRY=X,eur_try
2005-07-10,1.6013000011444092,1.618499994277954,1.5979000329971313,1.6165000200271606,1.6165000200271606,0.0,EURTRY=X,eur_try
2005-07-11,1.6154999732971191,1.625499963760376,1.61080002784729,1.6114000082015991,1.6114000082015991,0.0,EURTRY=X,eur_try
2005-07-12,1.6153000593185425,1.6191999912261963,1.5844999551773071,1.6053999662399292,1.6053999662399292,0.0,EURTRY=X,eur_try
2005-07-13,1.604699969291687,1.6090999841690063,1.595900058746338,1.6050000190734863,1.6050000190734863,0.0,EURTRY=X,eur_try
2005-07-14,1.5990999937057495,1.607699990272522,1.5901999473571777,1.5980000495910645,1.5980000495910645,0.0,EURTRY=X,eur_try
2005-07-17,1.5968999862670898,1.6130000352859497,1.593000054359436,1.600000023841858,1.600000023841858,0.0,EURTRY=X,eur_try
2005-07-18,1.5907000303268433,1.6024999618530273,1.5846999883651733,1.600000023841858,1.600000023841858,0.0,EURTRY=X,eur_try
2005-07-19,1.597599983215332,1.6119999885559082,1.5924999713897705,1.6119999885559082,1.6119999885559082,0.0,EURTRY=X,eur_try
2005-07-20,1.604099988937378,1.6124999523162842,1.591599941253662,1.6074999570846558,1.6074999570846558,0.0,EURTRY=X,eur_try
2005-07-21,1.6018999814987183,1.6319999694824219,1.5950000286102295,1.6134999990463257,1.6134999990463257,0.0,EURTRY=X,eur_try
2005-07-24,1.6054999828338623,1.6088999509811401,1.6008000373840332,1.6008000373840332,1.6008000373840332,0.0,EURTRY=X,eur_try
2005-07-25,1.6053999662399292,1.6140999794006348,1.6033999919891357,1.6050000190734863,1.6050000190734863,0.0,EURTRY=X,eur_try
2005-07-26,1.6032999753952026,1.6095000505447388,1.595900058746338,1.6047999858856201,1.6047999858856201,0.0,EURTRY=X,eur_try
2005-07-27,1.604699969291687,1.610200047492981,1.5959999561309814,1.6013000011444092,1.6013000011444092,0.0,EURTRY=X,eur_try
2005-07-28,1.6009000539779663,1.603700041770935,1.5914000272750854,1.5983999967575073,1.5983999967575073,0.0,EURTRY=X,eur_try
2005-07-31,1.6015000343322754,1.6150000095367432,1.5987000465393066,1.6080000400543213,1.6080000400543213,0.0,EURTRY=X,eur_try
2005-08-01,1.603600025177002,1.614400029182434,1.5994999408721924,1.605299949645996,1.605299949645996,0.0,EURTRY=X,eur_try
2005-08-02,1.6008000373840332,1.6167000532150269,1.597599983215332,1.6165000200271606,1.6165000200271606,0.0,EURTRY=X,eur_try
2005-08-03,1.6090999841690063,1.624500036239624,1.606600046157837,1.6230000257492065,1.6230000257492065,0.0,EURTRY=X,eur_try
2005-08-04,1.6126999855041504,1.6231000423431396,1.6030999422073364,1.6230000257492065,1.6230000257492065,0.0,EURTRY=X,eur_try
2005-08-07,1.6151000261306763,1.6339999437332153,1.6151000261306763,1.6325000524520874,1.6325000524520874,0.0,EURTRY=X,eur_try
2005-08-08,1.6267000436782837,1.6390000581741333,1.6211999654769897,1.6390000581741333,1.6390000581741333,0.0,EURTRY=X,eur_try
2005-08-09,1.6241999864578247,1.6369999647140503,1.618499994277954,1.6369999647140503,1.6369999647140503,0.0,EURTRY=X,eur_try
2005-08-10,1.6303999423980713,1.6545000076293945,1.6259000301361084,1.6540000438690186,1.6540000438690186,0.0,EURTRY=X,eur_try
2005-08-11,1.6475000381469727,1.6766999959945679,1.6452000141143799,1.6729999780654907,1.6729999780654907,0.0,EURTRY=X,eur_try
2005-08-14,1.674399971961975,1.6842999458312988,1.6512000560760498,1.659999966621399,1.659999966621399,0.0,EURTRY=X,eur_try
2005-08-15,1.6492999792099,1.6660000085830688,1.6461999416351318,1.6649999618530273,1.6649999618530273,0.0,EURTRY=X,eur_try
2005-08-16,1.6555999517440796,1.684000015258789,1.6555999517440796,1.6740000247955322,1.6740000247955322,0.0,EURTRY=X,eur_try
2005-08-17,1.6684999465942383,1.6742000579833984,1.6548000574111938,1.6690000295639038,1.6690000295639038,0.0,EURTRY=X,eur_try
2005-08-18,1.666200041770935,1.6714999675750732,1.655900001525879,1.6714999675750732,1.6714999675750732,0.0,EURTRY=X,eur_try
2005-08-21,1.6592999696731567,1.6643999814987183,1.6557999849319458,1.6619999408721924,1.6619999408721924,0.0,EURTRY=X,eur_try
2005-08-22,1.6577999591827393,1.6684999465942383,1.6299999952316284,1.6684999465942383,1.6684999465942383,0.0,EURTRY=X,eur_try
2005-08-23,1.6538000106811523,1.6825000047683716,1.648900032043457,1.6759999990463257,1.6759999990463257,0.0,EURTRY=X,eur_try
2005-08-24,1.682800054550171,1.687399983406067,1.6640000343322754,1.6728999614715576,1.6728999614715576,0.0,EURTRY=X,eur_try
2005-08-25,1.6654000282287598,1.6711000204086304,1.656499981880188,1.6632000207901,1.6632000207901,0.0,EURTRY=X,eur_try
2005-08-28,1.6620999574661255,1.6660000085830688,1.6269999742507935,1.6579999923706055,1.6579999923706055,0.0,EURTRY=X,eur_try
2005-08-29,1.6480000019073486,1.649399995803833,1.6442999839782715,1.649399995803833,1.649399995803833,0.0,EURTRY=X,eur_try
2005-08-30,1.6502000093460083,1.6579999923706055,1.6331000328063965,1.6579999923706055,1.6579999923706055,0.0,EURTRY=X,eur_try
2005-08-31,1.644700050354004,1.667099952697754,1.6230000257492065,1.6620999574661255,1.6620999574661255,0.0,EURTRY=X,eur_try
2005-09-01,1.6775000095367432,1.679900050163269,1.652400016784668,1.6672999858856201,1.6672999858856201,0.0,EURTRY=X,eur_try
2005-09-04,1.6698999404907227,1.674399971961975,1.6576000452041626,1.6619999408721924,1.6619999408721924,0.0,EURTRY=X,eur_try
2005-09-05,1.628999948501587,1.6634999513626099,1.628999948501587,1.659500002861023,1.659500002861023,0.0,EURTRY=X,eur_try
2005-09-06,1.652400016784668,1.6610000133514404,1.6180000305175781,1.6483999490737915,1.6483999490737915,0.0,EURTRY=X,eur_try
2005-09-07,1.6509000062942505,1.6579999923706055,1.6410000324249268,1.6510000228881836,1.6510000228881836,0.0,EURTRY=X,eur_try
2005-09-08,1.6130000352859497,1.6540000438690186,1.6130000352859497,1.6540000438690186,1.6540000438690186,0.0,EURTRY=X,eur_try
2005-09-11,1.6384999752044678,1.6475000381469727,1.6004999876022339,1.6328999996185303,1.6328999996185303,0.0,EURTRY=X,eur_try
2005-09-12,1.63510000705719,1.6440000534057617,1.6275999546051025,1.6440000534057617,1.6440000534057617,0.0,EURTRY=X,eur_try
2005-09-13,1.6394000053405762,1.6480000019073486,1.6303999423980713,1.6480000019073486,1.6480000019073486,0.0,EURTRY=X,eur_try
2005-09-14,1.63510000705719,1.638200044631958,1.6240999698638916,1.6349999904632568,1.6349999904632568,0.0,EURTRY=X,eur_try
2005-09-15,1.6296000480651855,1.6430000066757202,1.6260000467300415,1.6301000118255615,1.6301000118255615,0.0,EURTRY=X,eur_try
2005-09-18,1.6201000213623047,1.63100004196167,1.593500018119812,1.621500015258789,1.621500015258789,0.0,EURTRY=X,eur_try
2005-09-19,1.6174999475479126,1.6318999528884888,1.614300012588501,1.6236000061035156,1.6236000061035156,0.0,EURTRY=X,eur_try
2005-09-21,1.6268999576568604,1.6345000267028809,1.6159000396728516,1.628000020980835,1.628000020980835,0.0,EURTRY=X,eur_try
2005-09-22,1.5989999771118164,1.623900055885315,1.5989999771118164,1.618499994277954,1.618499994277954,0.0,EURTRY=X,eur_try
2005-09-25,1.6121000051498413,1.6234999895095825,1.5809999704360962,1.6145000457763672,1.6145000457763672,0.0,EURTRY=X,eur_try
2005-09-26,1.6083999872207642,1.6154999732971191,1.6023000478744507,1.6154999732971191,1.6154999732971191,0.0,EURTRY=X,eur_try
2005-09-27,1.6125999689102173,1.622499942779541,1.6068999767303467,1.621999979019165,1.621999979019165,0.0,EURTRY=X,eur_try
2005-09-28,1.615399956703186,1.622499942779541,1.6085000038146973,1.622499942779541,1.622499942779541,0.0,EURTRY=X,eur_try
2005-09-29,1.614300012588501,1.6239999532699585,1.5809999704360962,1.6086000204086304,1.6086000204086304,0.0,EURTRY=X,eur_try
2005-10-02,1.5809999704360962,1.6004999876022339,1.5809999704360962,1.590499997138977,1.590499997138977,0.0,EURTRY=X,eur_try
2005-10-03,1.583299994468689,1.6069999933242798,1.5753999948501587,1.5997999906539917,1.5997999906539917,0.0,EURTRY=X,eur_try
2005-10-04,1.6028000116348267,1.6139999628067017,1.6013000011444092,1.6115000247955322,1.6115000247955322,0.0,EURTRY=X,eur_try
2005-10-05,1.5679999589920044,1.656499981880188,1.5679999589920044,1.656499981880188,1.656499981880188,0.0,EURTRY=X,eur_try
2005-10-06,1.648300051689148,1.6506999731063843,1.6068999767303467,1.6304999589920044,1.6304999589920044,0.0,EURTRY=X,eur_try
2005-10-09,1.6222000122070312,1.625100016593933,1.611299991607666,1.6152000427246094,1.6152000427246094,0.0,EURTRY=X,eur_try
2005-10-10,1.6146999597549438,1.6174999475479126,1.6039999723434448,1.6169999837875366,1.6169999837875366,0.0,EURTRY=X,eur_try
2005-10-11,1.604599952697754,1.6325000524520874,1.604099988937378,1.6325000524520874,1.6325000524520874,0.0,EURTRY=X,eur_try
2005-10-12,1.6238000392913818,1.6390000581741333,1.6197999715805054,1.6384999752044678,1.6384999752044678,0.0,EURTRY=X,eur_try
2005-10-13,1.6374000310897827,1.6510000228881836,1.6009999513626099,1.641800045967102,1.641800045967102,0.0,EURTRY=X,eur_try
2005-10-16,1.6382999420166016,1.6382999420166016,1.6224000453948975,1.6360000371932983,1.6360000371932983,0.0,EURTRY=X,eur_try
2005-10-17,1.6238000392913818,1.63100004196167,1.6125999689102173,1.63100004196167,1.63100004196167,0.0,EURTRY=X,eur_try
2005-10-18,1.6227999925613403,1.6390000581741333,1.618399977684021,1.6375000476837158,1.6375000476837158,0.0,EURTRY=X,eur_try
2005-10-19,1.621500015258789,1.6369999647140503,1.6203999519348145,1.6369999647140503,1.6369999647140503,0.0,EURTRY=X,eur_try
2005-10-20,1.6375000476837158,1.6405999660491943,1.6217999458312988,1.627500057220459,1.627500057220459,0.0,EURTRY=X,eur_try
2005-10-23,1.6160000562667847,1.6269999742507935,1.613800048828125,1.6217000484466553,1.6217000484466553,0.0,EURTRY=X,eur_try
2005-10-24,1.6190999746322632,1.6361000537872314,1.6174999475479126,1.6360000371932983,1.6360000371932983,0.0,EURTRY=X,eur_try
2005-10-25,1.6294000148773193,1.6360000371932983,1.6198999881744385,1.6349999904632568,1.6349999904632568,0.0,EURTRY=X,eur_try
2005-10-26,1.6325000524520874,1.6399999856948853,1.5989999771118164,1.6312999725341797,1.6312999725341797,0.0,EURTRY=X,eur_try
2005-10-27,1.6299999952316284,1.634600043296814,1.6230000257492065,1.6299999952316284,1.6299999952316284,0.0,EURTRY=X,eur_try
2005-10-31,1.621999979019165,1.621999979019165,1.6060999631881714,1.6200000047683716,1.6200000047683716,0.0,EURTRY=X,eur_try
2005-11-01,1.6052000522613525,1.61899995803833,1.6043000221252441,1.61899995803833,1.61899995803833,0.0,EURTRY=X,eur_try
2005-11-02,1.6125999689102173,1.624500036239624,1.6068999767303467,1.6230000257492065,1.6230000257492065,0.0,EURTRY=X,eur_try
2005-11-03,1.6146999597549438,1.621000051498413,1.6026999950408936,1.6095000505447388,1.6095000505447388,0.0,EURTRY=X,eur_try
2005-11-04,1.6003999710083008,1.61899995803833,1.586400032043457,1.6069999933242798,1.6069999933242798,0.0,EURTRY=X,eur_try
2005-11-07,1.5963000059127808,1.6059999465942383,1.5923000574111938,1.5928000211715698,1.5928000211715698,0.0,EURTRY=X,eur_try
2005-11-08,1.591599941253662,1.6030000448226929,1.5859999656677246,1.6009999513626099,1.6009999513626099,0.0,EURTRY=X,eur_try
2005-11-09,1.589400053024292,1.6039999723434448,1.5858999490737915,1.6039999723434448,1.6039999723434448,0.0,EURTRY=X,eur_try
2005-11-10,1.5918999910354614,1.6002999544143677,1.5882999897003174,1.5916999578475952,1.5916999578475952,0.0,EURTRY=X,eur_try
2005-11-11,1.5841000080108643,1.5889999866485596,1.5815999507904053,1.5855000019073486,1.5855000019073486,0.0,EURTRY=X,eur_try
2005-11-14,1.5892000198364258,1.5925999879837036,1.5819000005722046,1.5819000005722046,1.5819000005722046,0.0,EURTRY=X,eur_try
2005-11-15,1.5858999490737915,1.590499997138977,1.5787999629974365,1.5855000019073486,1.5855000019073486,0.0,EURTRY=X,eur_try
2005-11-16,1.5807000398635864,1.5859999656677246,1.5744999647140503,1.5859999656677246,1.5859999656677246,0.0,EURTRY=X,eur_try
2005-11-17,1.5776000022888184,1.5850000381469727,1.5742000341415405,1.5850000381469727,1.5850000381469727,0.0,EURTRY=X,eur_try
2005-11-18,1.5771000385284424,1.6065000295639038,1.5760999917984009,1.6065000295639038,1.6065000295639038,0.0,EURTRY=X,eur_try
2005-11-21,1.5973000526428223,1.6085000038146973,1.591599941253662,1.5989999771118164,1.5989999771118164,0.0,EURTRY=X,eur_try
2005-11-22,1.5918999910354614,1.6035000085830688,1.5872999429702759,1.5923000574111938,1.5923000574111938,0.0,EURTRY=X,eur_try
2005-11-23,1.5997999906539917,1.6024999618530273,1.5894999504089355,1.6019999980926514,1.6019999980926514,0.0,EURTRY=X,eur_try
2005-11-24,1.5931999683380127,1.5972000360488892,1.5885000228881836,1.5887999534606934,1.5887999534606934,0.0,EURTRY=X,eur_try
2005-11-25,1.5888999700546265,1.5924999713897705,1.5823999643325806,1.582800030708313,1.582800030708313,0.0,EURTRY=X,eur_try
2005-11-28,1.5808000564575195,1.593000054359436,1.558500051498413,1.5913000106811523,1.5913000106811523,0.0,EURTRY=X,eur_try
2005-11-29,1.5938999652862549,1.5985000133514404,1.5823999643325806,1.5950000286102295,1.5950000286102295,0.0,EURTRY=X,eur_try
2005-11-30,1.5901999473571777,1.6004999876022339,1.5850000381469727,1.597499966621399,1.597499966621399,0.0,EURTRY=X,eur_try
2005-12-01,1.5882999897003174,1.593500018119812,1.5799000263214111,1.593500018119812,1.593500018119812,0.0,EURTRY=X,eur_try
2005-12-02,1.5822999477386475,1.587499976158142,1.569000005722046,1.587499976158142,1.587499976158142,0.0,EURTRY=X,eur_try
2005-12-05,1.580299973487854,1.5954999923706055,1.577299952507019,1.586300015449524,1.586300015449524,0.0,EURTRY=X,eur_try
2005-12-06,1.5867999792099,1.593999981880188,1.5815999507904053,1.590999960899353,1.590999960899353,0.0,EURTRY=X,eur_try
2005-12-07,1.5509999990463257,1.5915000438690186,1.5509999990463257,1.5915000438690186,1.5915000438690186,0.0,EURTRY=X,eur_try
2005-12-08,1.5791000127792358,1.600000023841858,1.5791000127792358,1.600000023841858,1.600000023841858,0.0,EURTRY=X,eur_try
2005-12-09,1.5913000106811523,1.6030000448226929,1.5851000547409058,1.6030000448226929,1.6030000448226929,0.0,EURTRY=X,eur_try
2005-12-12,1.5947999954223633,1.6230000257492065,1.591599941253662,1.6230000257492065,1.6230000257492065,0.0,EURTRY=X,eur_try
2005-12-13,1.5640000104904175,1.610200047492981,1.5640000104904175,1.6059999465942383,1.6059999465942383,0.0,EURTRY=X,eur_try
2005-12-14,1.6022000312805176,1.6079000234603882,1.6009999513626099,1.6079000234603882,1.6079000234603882,0.0,EURTRY=X,eur_try
2005-12-15,1.6022000312805176,1.6139999628067017,1.601199984550476,1.6139999628067017,1.6139999628067017,0.0,EURTRY=X,eur_try
2005-12-16,1.605299949645996,1.6180000305175781,1.605299949645996,1.6180000305175781,1.6180000305175781,0.0,EURTRY=X,eur_try
2005-12-19,1.61080002784729,1.6169999837875366,1.6065000295639038,1.6169999837875366,1.6169999837875366,0.0,EURTRY=X,eur_try
2005-12-20,1.607100009918213,1.6085000038146973,1.5922000408172607,1.597499966621399,1.597499966621399,0.0,EURTRY=X,eur_try
2005-12-21,1.5944000482559204,1.5987000465393066,1.5851999521255493,1.590000033378601,1.590000033378601,0.0,EURTRY=X,eur_try
2005-12-22,1.5908000469207764,1.6050000190734863,1.5857000350952148,1.6035000085830688,1.6035000085830688,0.0,EURTRY=X,eur_try
2005-12-23,1.5928000211715698,1.600000023841858,1.5858999490737915,1.600000023841858,1.600000023841858,0.0,EURTRY=X,eur_try
2005-12-26,1.5612000226974487,1.5612000226974487,1.5612000226974487,1.5612000226974487,1.5612000226974487,0.0,EURTRY=X,eur_try
2005-12-27,1.5865999460220337,1.6004999876022339,1.5861999988555908,1.6004999876022339,1.6004999876022339,0.0,EURTRY=X,eur_try
2005-12-28,1.5884000062942505,1.6050000190734863,1.5884000062942505,1.5925999879837036,1.5925999879837036,0.0,EURTRY=X,eur_try
2005-12-29,1.5907000303268433,1.5959999561309814,1.5839999914169312,1.5954999923706055,1.5954999923706055,0.0,EURTRY=X,eur_try
2005-12-30,1.5922000408172607,1.5954999923706055,1.5784000158309937,1.593500018119812,1.593500018119812,0.0,EURTRY=X,eur_try
2006-01-02,1.5865999460220337,1.5911999940872192,1.5865999460220337,1.587499976158142,1.587499976158142,0.0,EURTRY=X,eur_try
2006-01-03,1.592900037765503,1.6069999933242798,1.587399959564209,1.6069999933242798,1.6069999933242798,0.0,EURTRY=X,eur_try
2006-01-04,1.6060999631881714,1.6154999732971191,1.5740000009536743,1.6154999732971191,1.6154999732971191,0.0,EURTRY=X,eur_try
2006-01-05,1.6052000522613525,1.6139999628067017,1.6030999422073364,1.6139999628067017,1.6139999628067017,0.0,EURTRY=X,eur_try
2006-01-06,1.6050000190734863,1.6169999837875366,1.573099970817566,1.6165000200271606,1.6165000200271606,0.0,EURTRY=X,eur_try
2006-01-09,1.6059000492095947,1.6139999628067017,1.5988999605178833,1.6115000247955322,1.6115000247955322,0.0,EURTRY=X,eur_try
2006-01-10,1.6009000539779663,1.6267999410629272,1.6008000373840332,1.6230000257492065,1.6230000257492065,0.0,EURTRY=X,eur_try
2006-01-11,1.611299991607666,1.6125999689102173,1.6062999963760376,1.6125999689102173,1.6125999689102173,0.0,EURTRY=X,eur_try
2006-01-12,1.6133999824523926,1.6164000034332275,1.5994000434875488,1.6065000295639038,1.6065000295639038,0.0,EURTRY=X,eur_try
2006-01-13,1.6023999452590942,1.611199975013733,1.6022000312805176,1.6110999584197998,1.6110999584197998,0.0,EURTRY=X,eur_try
2006-01-16,1.6130000352859497,1.6134999990463257,1.6029000282287598,1.6030999422073364,1.6030999422073364,0.0,EURTRY=X,eur_try
2006-01-17,1.604200005531311,1.6180000305175781,1.5997999906539917,1.6180000305175781,1.6180000305175781,0.0,EURTRY=X,eur_try
2006-01-18,1.6061999797821045,1.6169999837875366,1.6052000522613525,1.6054999828338623,1.6054999828338623,0.0,EURTRY=X,eur_try
2006-01-19,1.6045000553131104,1.618499994277954,1.600100040435791,1.6160000562667847,1.6160000562667847,0.0,EURTRY=X,eur_try
2006-01-20,1.6031999588012695,1.6165000200271606,1.600000023841858,1.6165000200271606,1.6165000200271606,0.0,EURTRY=X,eur_try
2006-01-23,1.6203999519348145,1.628999948501587,1.6128000020980835,1.628999948501587,1.628999948501587,0.0,EURTRY=X,eur_try
2006-01-24,1.6195000410079956,1.625,1.6109000444412231,1.6176999807357788,1.6176999807357788,0.0,EURTRY=X,eur_try
2006-01-25,1.6158000230789185,1.6234999895095825,1.6116000413894653,1.6165000200271606,1.6165000200271606,0.0,EURTRY=X,eur_try
2006-01-26,1.6123000383377075,1.6180000305175781,1.607699990272522,1.6165000200271606,1.6165000200271606,0.0,EURTRY=X,eur_try
2006-01-27,1.6085000038146973,1.611299991607666,1.5770000219345093,1.5976999998092651,1.5976999998092651,0.0,EURTRY=X,eur_try
2006-01-30,1.5968999862670898,1.6059999465942383,1.5893000364303589,1.6004999876022339,1.6004999876022339,0.0,EURTRY=X,eur_try
2006-01-31,1.5968999862670898,1.6065000295639038,1.5928000211715698,1.6050000190734863,1.6050000190734863,0.0,EURTRY=X,eur_try
2006-02-01,1.597599983215332,1.6015000343322754,1.5887999534606934,1.597499966621399,1.597499966621399,0.0,EURTRY=X,eur_try
2006-02-02,1.586899995803833,1.6050000190734863,1.5855000019073486,1.6030000448226929,1.6030000448226929,0.0,EURTRY=X,eur_try
2006-02-03,1.5958000421524048,1.5958000421524048,1.576200008392334,1.594499945640564,1.594499945640564,0.0,EURTRY=X,eur_try
2006-02-06,1.5858999490737915,1.5865999460220337,1.5540000200271606,1.5805000066757202,1.5805000066757202,0.0,EURTRY=X,eur_try
2006-02-07,1.5824999809265137,1.5889999866485596,1.5535999536514282,1.5835000276565552,1.5835000276565552,0.0,EURTRY=X,eur_try
2006-02-08,1.5845999717712402,1.596500039100647,1.5779000520706177,1.593000054359436,1.593000054359436,0.0,EURTRY=X,eur_try
2006-02-09,1.583299994468689,1.5894999504089355,1.5771000385284424,1.5894999504089355,1.5894999504089355,0.0,EURTRY=X,eur_try
2006-02-10,1.5813000202178955,1.5844999551773071,1.5707000494003296,1.5829999446868896,1.5829999446868896,0.0,EURTRY=X,eur_try
2006-02-13,1.5745999813079834,1.5805000066757202,1.5678999423980713,1.5789999961853027,1.5789999961853027,0.0,EURTRY=X,eur_try
2006-02-14,1.5740000009536743,1.5774999856948853,1.5657000541687012,1.5714000463485718,1.5714000463485718,0.0,EURTRY=X,eur_try
2006-02-15,1.5705000162124634,1.590999960899353,1.5677000284194946,1.5839999914169312,1.5839999914169312,0.0,EURTRY=X,eur_try
2006-02-16,1.5757999420166016,1.5779999494552612,1.565600037574768,1.5774999856948853,1.5774999856948853,0.0,EURTRY=X,eur_try
2006-02-17,1.5693000555038452,1.5750000476837158,1.559499979019165,1.5750000476837158,1.5750000476837158,0.0,EURTRY=X,eur_try
2006-02-20,1.5693999528884888,1.5729999542236328,1.5313999652862549,1.5628000497817993,1.5628000497817993,0.0,EURTRY=X,eur_try
2006-02-21,1.562999963760376,1.562999963760376,1.5547000169754028,1.5607999563217163,1.5607999563217163,0.0,EURTRY=X,eur_try
2006-02-22,1.56850004196167,1.575700044631958,1.5625,1.5652999877929688,1.5652999877929688,0.0,EURTRY=X,eur_try
2006-02-23,1.5657999515533447,1.5667999982833862,1.5614999532699585,1.5657000541687012,1.5657000541687012,0.0,EURTRY=X,eur_try
2006-02-24,1.565000057220459,1.5657999515533447,1.5575000047683716,1.5575000047683716,1.5575000047683716,0.0,EURTRY=X,eur_try
2006-02-27,1.5311000347137451,1.556399941444397,1.5220999717712402,1.5470000505447388,1.5470000505447388,0.0,EURTRY=X,eur_try
2006-02-28,1.5491000413894653,1.5615999698638916,1.5456000566482544,1.5578999519348145,1.5578999519348145,0.0,EURTRY=X,eur_try
2006-03-01,1.5587999820709229,1.5638999938964844,1.5491000413894653,1.549399971961975,1.549399971961975,0.0,EURTRY=X,eur_try
2006-03-02,1.5260000228881836,1.559999942779541,1.5260000228881836,1.5543999671936035,1.5543999671936035,0.0,EURTRY=X,eur_try
2006-03-03,1.5566999912261963,1.5729999542236328,1.5505000352859497,1.5729999542236328,1.5729999542236328,0.0,EURTRY=X,eur_try
2006-03-06,1.5267000198364258,1.5724999904632568,1.5267000198364258,1.5638999938964844,1.5638999938964844,0.0,EURTRY=X,eur_try
2006-03-07,1.534999966621399,1.5855000019073486,1.534999966621399,1.5855000019073486,1.5855000019073486,0.0,EURTRY=X,eur_try
2006-03-08,1.5443999767303467,1.6180000305175781,1.5443999767303467,1.6180000305175781,1.6180000305175781,0.0,EURTRY=X,eur_try
2006-03-09,1.565999984741211,1.6104999780654907,1.565999984741211,1.6104999780654907,1.6104999780654907,0.0,EURTRY=X,eur_try
2006-03-10,1.5960999727249146,1.6073999404907227,1.5683000087738037,1.597100019454956,1.597100019454956,0.0,EURTRY=X,eur_try
2006-03-13,1.5729999542236328,1.6080000400543213,1.566100001335144,1.5979000329971313,1.5979000329971313,0.0,EURTRY=X,eur_try
2006-03-14,1.5960999727249146,1.6103999614715576,1.5759999752044678,1.5944000482559204,1.5944000482559204,0.0,EURTRY=X,eur_try
2006-03-15,1.5959999561309814,1.6035000085830688,1.56850004196167,1.595900058746338,1.595900058746338,0.0,EURTRY=X,eur_try
2006-03-16,1.593400001525879,1.6074999570846558,1.5712000131607056,1.5985000133514404,1.5985000133514404,0.0,EURTRY=X,eur_try
2006-03-17,1.5956000089645386,1.6165000200271606,1.570099949836731,1.606600046157837,1.606600046157837,0.0,EURTRY=X,eur_try
2006-03-20,1.6061999797821045,1.625,1.6061999797821045,1.625,1.625,0.0,EURTRY=X,eur_try
2006-03-21,1.6121000051498413,1.621899962425232,1.6104999780654907,1.6145999431610107,1.6145999431610107,0.0,EURTRY=X,eur_try
2006-03-22,1.6230000257492065,1.6263999938964844,1.6131000518798828,1.6195000410079956,1.6195000410079956,0.0,EURTRY=X,eur_try
2006-03-23,1.610700011253357,1.6195000410079956,1.5724999904632568,1.6074999570846558,1.6074999570846558,0.0,EURTRY=X,eur_try
2006-03-24,1.6009999513626099,1.6130000352859497,1.5992000102996826,1.6028000116348267,1.6028000116348267,0.0,EURTRY=X,eur_try
2006-03-26,1.614799976348877,1.622499942779541,1.6031999588012695,1.622499942779541,1.622499942779541,0.0,EURTRY=X,eur_try
2006-03-27,1.6151000261306763,1.6319999694824219,1.608299970626831,1.6319999694824219,1.6319999694824219,0.0,EURTRY=X,eur_try
2006-03-28,1.6253999471664429,1.6349999904632568,1.6169999837875366,1.6330000162124634,1.6330000162124634,0.0,EURTRY=X,eur_try
2006-03-29,1.6274000406265259,1.6339999437332153,1.586899995803833,1.6259000301361084,1.6259000301361084,0.0,EURTRY=X,eur_try
2006-03-30,1.6291999816894531,1.63100004196167,1.617900013923645,1.617900013923645,1.617900013923645,0.0,EURTRY=X,eur_try
2006-04-02,1.590999960899353,1.627500057220459,1.590999960899353,1.617400050163269,1.617400050163269,0.0,EURTRY=X,eur_try
2006-04-03,1.5807000398635864,1.6345000267028809,1.5807000398635864,1.6345000267028809,1.6345000267028809,0.0,EURTRY=X,eur_try
2006-04-04,1.6309000253677368,1.6380000114440918,1.5972000360488892,1.62909996509552,1.62909996509552,0.0,EURTRY=X,eur_try
2006-04-05,1.6304999589920044,1.6404999494552612,1.6220999956130981,1.6253000497817993,1.6253000497817993,0.0,EURTRY=X,eur_try
2006-04-06,1.621999979019165,1.625100016593933,1.6089999675750732,1.6089999675750732,1.6089999675750732,0.0,EURTRY=X,eur_try
2006-04-09,1.5871000289916992,1.6234999895095825,1.5871000289916992,1.61080002784729,1.61080002784729,0.0,EURTRY=X,eur_try
2006-04-10,1.61080002784729,1.621500015258789,1.61080002784729,1.6198999881744385,1.6198999881744385,0.0,EURTRY=X,eur_try
2006-04-11,1.6191999912261963,1.6265000104904175,1.6117000579833984,1.6260000467300415,1.6260000467300415,0.0,EURTRY=X,eur_try
2006-04-12,1.5870000123977661,1.628499984741211,1.5870000123977661,1.628499984741211,1.628499984741211,0.0,EURTRY=X,eur_try
2006-04-13,1.593500018119812,1.628499984741211,1.593500018119812,1.593500018119812,1.593500018119812,0.0,EURTRY=X,eur_try
2006-04-16,1.593500018119812,1.6495000123977661,1.593500018119812,1.6495000123977661,1.6495000123977661,0.0,EURTRY=X,eur_try
2006-04-17,1.593500018119812,1.6430000066757202,1.593500018119812,1.6430000066757202,1.6430000066757202,0.0,EURTRY=X,eur_try
2006-04-18,1.6043000221252441,1.6584999561309814,1.6043000221252441,1.6584999561309814,1.6584999561309814,0.0,EURTRY=X,eur_try
2006-04-19,1.6323000192642212,1.6324000358581543,1.625599980354309,1.6313999891281128,1.6313999891281128,0.0,EURTRY=X,eur_try
2006-04-20,1.5950000286102295,1.6354999542236328,1.5950000286102295,1.6319999694824219,1.6319999694824219,0.0,EURTRY=X,eur_try
2006-04-23,1.594599962234497,1.6410000324249268,1.594599962234497,1.6410000324249268,1.6410000324249268,0.0,EURTRY=X,eur_try
2006-04-24,1.6004999876022339,1.639799952507019,1.5981999635696411,1.6323000192642212,1.6323000192642212,0.0,EURTRY=X,eur_try
2006-04-25,1.5981999635696411,1.6505000591278076,1.5981999635696411,1.649999976158142,1.649999976158142,0.0,EURTRY=X,eur_try
2006-04-26,1.6090999841690063,1.6545000076293945,1.6090999841690063,1.6545000076293945,1.6545000076293945,0.0,EURTRY=X,eur_try
2006-04-27,1.6089999675750732,1.6660000085830688,1.6089999675750732,1.6660000085830688,1.6660000085830688,0.0,EURTRY=X,eur_try
2006-04-30,1.6210999488830566,1.6576000452041626,1.6210999488830566,1.6576000452041626,1.6576000452041626,0.0,EURTRY=X,eur_try
2006-05-01,1.6210999488830566,1.6664999723434448,1.6210999488830566,1.655400037765503,1.655400037765503,0.0,EURTRY=X,eur_try
2006-05-02,1.6282000541687012,1.6664999723434448,1.6282000541687012,1.6664999723434448,1.6664999723434448,0.0,EURTRY=X,eur_try
2006-05-03,1.625,1.6699999570846558,1.625,1.6643999814987183,1.6643999814987183,0.0,EURTRY=X,eur_try
2006-05-04,1.625,1.6799999475479126,1.625,1.6775000095367432,1.6775000095367432,0.0,EURTRY=X,eur_try
2006-05-07,1.6375000476837158,1.684999942779541,1.6375000476837158,1.6741000413894653,1.6741000413894653,0.0,EURTRY=X,eur_try
2006-05-08,1.6447999477386475,1.7130000591278076,1.6447999477386475,1.7130000591278076,1.7130000591278076,0.0,EURTRY=X,eur_try
2006-05-09,1.6649999618530273,1.7374999523162842,1.6649999618530273,1.7374999523162842,1.7374999523162842,0.0,EURTRY=X,eur_try
2006-05-10,1.684399962425232,1.7604999542236328,1.684399962425232,1.7454999685287476,1.7454999685287476,0.0,EURTRY=X,eur_try
2006-05-11,1.7454999685287476,1.8158999681472778,1.7454999685287476,1.777999997138977,1.777999997138977,0.0,EURTRY=X,eur_try
2006-05-14,1.8351000547409058,1.9601999521255493,1.8236000537872314,1.906000018119812,1.906000018119812,0.0,EURTRY=X,eur_try
2006-05-15,1.8805999755859375,1.8939000368118286,1.8251999616622925,1.8529000282287598,1.8529000282287598,0.0,EURTRY=X,eur_try
2006-05-16,1.8437000513076782,1.895400047302246,1.8106000423431396,1.815000057220459,1.815000057220459,0.0,EURTRY=X,eur_try
2006-05-17,1.8846999406814575,1.926200032234192,1.8846999406814575,1.8633999824523926,1.8633999824523926,0.0,EURTRY=X,eur_try
2006-05-18,1.9148000478744507,1.9148000478744507,1.8775999546051025,1.8558000326156616,1.8558000326156616,0.0,EURTRY=X,eur_try
2006-05-21,1.8558000326156616,1.9702999591827393,1.8558000326156616,1.882699966430664,1.882699966430664,0.0,EURTRY=X,eur_try
2006-05-22,1.965999960899353,1.965999960899353,1.9035999774932861,1.9129999876022339,1.9129999876022339,0.0,EURTRY=X,eur_try
2006-05-23,1.9797999858856201,1.9909000396728516,1.9496999979019165,1.9594999551773071,1.9594999551773071,0.0,EURTRY=X,eur_try
2006-05-24,1.9594999551773071,1.9594999551773071,1.9594999551773071,1.9594999551773071,1.9594999551773071,0.0,EURTRY=X,eur_try
2006-05-25,1.9132000207901,1.9788000583648682,1.9132000207901,1.9323999881744385,1.9323999881744385,0.0,EURTRY=X,eur_try
2006-05-28,1.9330999851226807,1.951300024986267,1.931399941444397,1.916599988937378,1.916599988937378,0.0,EURTRY=X,eur_try
2006-05-29,1.9818999767303467,1.9914000034332275,1.9595999717712402,1.944200038909912,1.944200038909912,0.0,EURTRY=X,eur_try
2006-05-30,1.944200038909912,2.024600028991699,1.944200038909912,1.9773000478744507,1.9773000478744507,0.0,EURTRY=X,eur_try
2006-05-31,2.0048999786376953,2.0048999786376953,1.9620000123977661,1.9586000442504883,1.9586000442504883,0.0,EURTRY=X,eur_try
2006-06-01,1.9539999961853027,2.0476999282836914,1.9357999563217163,1.929800033569336,1.929800033569336,0.0,EURTRY=X,eur_try
2006-06-04,2.0369999408721924,2.0369999408721924,2.0369999408721924,1.929800033569336,1.929800033569336,0.0,EURTRY=X,eur_try
2006-06-05,2.0283000469207764,2.0302999019622803,1.982800006866455,1.9680999517440796,1.9680999517440796,0.0,EURTRY=X,eur_try
2006-06-06,1.992400050163269,1.9953999519348145,1.964400053024292,1.9485000371932983,1.9485000371932983,0.0,EURTRY=X,eur_try
2006-06-07,1.9414000511169434,1.9816999435424805,1.9414000511169434,1.9458999633789062,1.9458999633789062,0.0,EURTRY=X,eur_try
2006-06-08,1.9467999935150146,1.9523999691009521,1.9283000230789185,1.9069000482559204,1.9069000482559204,0.0,EURTRY=X,eur_try
2006-06-11,1.9383000135421753,1.961400032043457,1.9321000576019287,1.9170000553131104,1.9170000553131104,0.0,EURTRY=X,eur_try
2006-06-12,2.010699987411499,2.02810001373291,1.9896999597549438,1.985200047492981,1.985200047492981,0.0,EURTRY=X,eur_try
2006-06-13,1.985200047492981,2.0188000202178955,1.979599952697754,1.9700000286102295,1.9700000286102295,0.0,EURTRY=X,eur_try
2006-06-14,1.9700000286102295,2.01419997215271,1.9700000286102295,1.9630999565124512,1.9630999565124512,0.0,EURTRY=X,eur_try
2006-06-15,1.9991999864578247,2.012500047683716,1.9744000434875488,1.9744000434875488,1.9744000434875488,0.0,EURTRY=X,eur_try
2006-06-18,1.9744000434875488,2.0190999507904053,1.9744000434875488,1.9852999448776245,1.9852999448776245,0.0,EURTRY=X,eur_try
2006-06-19,2.0102999210357666,2.046099901199341,2.0102999210357666,1.992400050163269,1.992400050163269,0.0,EURTRY=X,eur_try
2006-06-20,2.052500009536743,2.1061999797821045,2.035900115966797,2.0480000972747803,2.0480000972747803,0.0,EURTRY=X,eur_try
2006-06-21,2.0845999717712402,2.1273999214172363,2.0546998977661133,2.0897998809814453,2.0897998809814453,0.0,EURTRY=X,eur_try
2006-06-22,2.1117000579833984,2.1884000301361084,2.1003000736236572,2.0929999351501465,2.0929999351501465,0.0,EURTRY=X,eur_try
2006-06-25,2.1171998977661133,2.1510000228881836,2.063199996948242,2.095599889755249,2.095599889755249,0.0,EURTRY=X,eur_try
2006-06-26,2.088399887084961,2.088399887084961,2.0420000553131104,2.0165998935699463,2.0165998935699463,0.0,EURTRY=X,eur_try
2006-06-27,2.0597000122070312,2.0604000091552734,2.003700017929077,1.9850000143051147,1.9850000143051147,0.0,EURTRY=X,eur_try
2006-06-28,2.0060999393463135,2.023900032043457,1.9975999593734741,1.965000033378601,1.965000033378601,0.0,EURTRY=X,eur_try
2006-06-29,2.0055999755859375,2.017199993133545,1.9804999828338623,1.9589999914169312,1.9589999914169312,0.0,EURTRY=X,eur_try
2006-07-02,2.017899990081787,2.017899990081787,1.968999981880188,1.975000023841858,1.975000023841858,0.0,EURTRY=X,eur_try
2006-07-03,1.9728000164031982,1.9733999967575073,1.9565999507904053,1.9372999668121338,1.9372999668121338,0.0,EURTRY=X,eur_try
2006-07-04,1.9759000539779663,2.036400079727173,1.9759000539779663,1.972000002861023,1.972000002861023,0.0,EURTRY=X,eur_try
2006-07-05,2.035799980163574,2.0471999645233154,1.9802000522613525,1.9865000247955322,1.9865000247955322,0.0,EURTRY=X,eur_try
2006-07-06,1.982699990272522,2.010999917984009,1.9645999670028687,1.940999984741211,1.940999984741211,0.0,EURTRY=X,eur_try
2006-07-09,1.989799976348877,1.992900013923645,1.9600000381469727,1.9600000381469727,1.9600000381469727,0.0,EURTRY=X,eur_try
2006-07-10,1.9661999940872192,1.968999981880188,1.947700023651123,1.9294999837875366,1.9294999837875366,0.0,EURTRY=X,eur_try
2006-07-11,1.9575999975204468,1.9773999452590942,1.9569000005722046,1.9430999755859375,1.9430999755859375,0.0,EURTRY=X,eur_try
2006-07-12,1.9878000020980835,2.0176000595092773,1.9878000020980835,1.9664000272750854,1.9664000272750854,0.0,EURTRY=X,eur_try
2006-07-13,1.9989999532699585,2.021399974822998,1.9847999811172485,1.9600000381469727,1.9600000381469727,0.0,EURTRY=X,eur_try
2006-07-16,2.000499963760376,2.0025999546051025,1.979699969291687,1.957900047302246,1.957900047302246,0.0,EURTRY=X,eur_try
2006-07-17,1.9780999422073364,1.979599952697754,1.9622000455856323,1.9420000314712524,1.9420000314712524,0.0,EURTRY=X,eur_try
2006-07-18,1.961300015449524,1.969499945640564,1.9498000144958496,1.9264999628067017,1.9264999628067017,0.0,EURTRY=X,eur_try
2006-07-19,1.944200038909912,1.957900047302246,1.9390000104904175,1.916100025177002,1.916100025177002,0.0,EURTRY=X,eur_try
2006-07-20,1.916100025177002,1.961899995803833,1.916100025177002,1.9259999990463257,1.9259999990463257,0.0,EURTRY=X,eur_try
2006-07-23,1.9574999809265137,1.9606000185012817,1.9384000301361084,1.9170000553131104,1.9170000553131104,0.0,EURTRY=X,eur_try
2006-07-24,1.9392000436782837,1.9416999816894531,1.9223999977111816,1.9010000228881836,1.9010000228881836,0.0,EURTRY=X,eur_try
2006-07-25,1.9010000228881836,1.9249999523162842,1.9010000228881836,1.9179999828338623,1.9179999828338623,0.0,EURTRY=X,eur_try
2006-07-26,1.88100004196167,1.919800043106079,1.88100004196167,1.8760000467300415,1.8760000467300415,0.0,EURTRY=X,eur_try
2006-07-27,1.8916000127792358,1.9033000469207764,1.885200023651123,1.8619999885559082,1.8619999885559082,0.0,EURTRY=X,eur_try
2006-07-30,1.8619999885559082,1.899899959564209,1.8619999885559082,1.8550000190734863,1.8550000190734863,0.0,EURTRY=X,eur_try
2006-07-31,1.8992999792099,1.919100046157837,1.875,1.875,1.875,0.0,EURTRY=X,eur_try
2006-08-01,1.9176000356674194,1.9285000562667847,1.8839999437332153,1.8839999437332153,1.8839999437332153,0.0,EURTRY=X,eur_try
2006-08-02,1.8976999521255493,1.9225000143051147,1.8934999704360962,1.8680000305175781,1.8680000305175781,0.0,EURTRY=X,eur_try
2006-08-03,1.898300051689148,1.9007999897003174,1.8619999885559082,1.8660000562667847,1.8660000562667847,0.0,EURTRY=X,eur_try
2006-08-06,1.8802000284194946,1.8898999691009521,1.8668999671936035,1.843500018119812,1.843500018119812,0.0,EURTRY=X,eur_try
2006-08-07,1.843500018119812,1.878999948501587,1.843500018119812,1.835800051689148,1.835800051689148,0.0,EURTRY=X,eur_try
2006-08-08,1.835800051689148,1.8712999820709229,1.835800051689148,1.8330999612808228,1.8330999612808228,0.0,EURTRY=X,eur_try
2006-08-09,1.853600025177002,1.8625999689102173,1.843999981880188,1.8272000551223755,1.8272000551223755,0.0,EURTRY=X,eur_try
2006-08-10,1.8272000551223755,1.8493000268936157,1.8272000551223755,1.8140000104904175,1.8140000104904175,0.0,EURTRY=X,eur_try
2006-08-13,1.8432999849319458,1.8603999614715576,1.8377000093460083,1.8562999963760376,1.8562999963760376,0.0,EURTRY=X,eur_try
2006-08-14,1.860700011253357,1.8737000226974487,1.8509000539779663,1.8559999465942383,1.8559999465942383,0.0,EURTRY=X,eur_try
2006-08-15,1.8394999504089355,1.8524999618530273,1.8394999504089355,1.8174999952316284,1.8174999952316284,0.0,EURTRY=X,eur_try
2006-08-16,1.8174999952316284,1.847499966621399,1.8174999952316284,1.8420000076293945,1.8420000076293945,0.0,EURTRY=X,eur_try
2006-08-17,1.8386000394821167,1.8482999801635742,1.8356000185012817,1.8639999628067017,1.8639999628067017,0.0,EURTRY=X,eur_try
2006-08-20,1.812999963760376,1.8799999952316284,1.812999963760376,1.8650000095367432,1.8650000095367432,0.0,EURTRY=X,eur_try
2006-08-21,1.8345999717712402,1.8660000562667847,1.8345999717712402,1.871000051498413,1.871000051498413,0.0,EURTRY=X,eur_try
2006-08-22,1.8240000009536743,1.878499984741211,1.8240000009536743,1.878499984741211,1.878499984741211,0.0,EURTRY=X,eur_try
2006-08-23,1.8274999856948853,1.8942999839782715,1.8274999856948853,1.8854999542236328,1.8854999542236328,0.0,EURTRY=X,eur_try
2006-08-24,1.8559999465942383,1.8869999647140503,1.8559999465942383,1.8990000486373901,1.8990000486373901,0.0,EURTRY=X,eur_try
2006-08-27,1.847499966621399,1.9005000591278076,1.847499966621399,1.9005000591278076,1.9005000591278076,0.0,EURTRY=X,eur_try
2006-08-28,1.8630000352859497,1.8877999782562256,1.8630000352859497,1.8865000009536743,1.8865000009536743,0.0,EURTRY=X,eur_try
2006-08-29,1.8490999937057495,1.8899999856948853,1.8490999937057495,1.888800024986267,1.888800024986267,0.0,EURTRY=X,eur_try
2006-08-30,1.844499945640564,1.874500036239624,1.844499945640564,1.874500036239624,1.874500036239624,0.0,EURTRY=X,eur_try
2006-08-31,1.8300000429153442,1.8759000301361084,1.8300000429153442,1.867300033569336,1.867300033569336,0.0,EURTRY=X,eur_try
2006-09-03,1.843000054359436,1.868499994277954,1.843000054359436,1.8487999439239502,1.8487999439239502,0.0,EURTRY=X,eur_try
2006-09-04,1.8355000019073486,1.853700041770935,1.8355000019073486,1.8574999570846558,1.8574999570846558,0.0,EURTRY=X,eur_try
2006-09-05,1.819200038909912,1.8687000274658203,1.819200038909912,1.8687000274658203,1.8687000274658203,0.0,EURTRY=X,eur_try
2006-09-06,1.8255000114440918,1.8880000114440918,1.8255000114440918,1.8703999519348145,1.8703999519348145,0.0,EURTRY=X,eur_try
2006-09-07,1.8489999771118164,1.8823000192642212,1.8489999771118164,1.8839999437332153,1.8839999437332153,0.0,EURTRY=X,eur_try
2006-09-10,1.8519999980926514,1.8823000192642212,1.8519999980926514,1.8450000286102295,1.8450000286102295,0.0,EURTRY=X,eur_try
2006-09-11,1.8450000286102295,1.8753999471664429,1.8450000286102295,1.8320000171661377,1.8320000171661377,0.0,EURTRY=X,eur_try
2006-09-12,1.8320000171661377,1.8651000261306763,1.8320000171661377,1.8179999589920044,1.8179999589920044,0.0,EURTRY=X,eur_try
2006-09-13,1.861899971961975,1.8769999742507935,1.8300000429153442,1.8300000429153442,1.8300000429153442,0.0,EURTRY=X,eur_try
2006-09-14,1.8300000429153442,1.871899962425232,1.8300000429153442,1.8240000009536743,1.8240000009536743,0.0,EURTRY=X,eur_try
2006-09-17,1.8240000009536743,1.8497999906539917,1.8240000009536743,1.809999942779541,1.809999942779541,0.0,EURTRY=X,eur_try
2006-09-18,1.8507000207901,1.8604999780654907,1.84660005569458,1.8209999799728394,1.8209999799728394,0.0,EURTRY=X,eur_try
2006-09-19,1.8209999799728394,1.8628000020980835,1.8209999799728394,1.8229999542236328,1.8229999542236328,0.0,EURTRY=X,eur_try
2006-09-20,1.8229999542236328,1.8832000494003296,1.8229999542236328,1.840000033378601,1.840000033378601,0.0,EURTRY=X,eur_try
2006-09-21,1.840000033378601,1.9723999500274658,1.840000033378601,1.9149999618530273,1.9149999618530273,0.0,EURTRY=X,eur_try
2006-09-24,1.9149999618530273,1.9414000511169434,1.9112999439239502,1.8799999952316284,1.8799999952316284,0.0,EURTRY=X,eur_try
2006-09-25,1.8799999952316284,1.9354000091552734,1.8799999952316284,1.906000018119812,1.906000018119812,0.0,EURTRY=X,eur_try
2006-09-26,1.906000018119812,1.906000018119812,1.881700038909912,1.8509999513626099,1.8509999513626099,0.0,EURTRY=X,eur_try
2006-09-27,1.8509999513626099,1.906999945640564,1.8509999513626099,1.8700000047683716,1.8700000047683716,0.0,EURTRY=X,eur_try
2006-09-28,1.8700000047683716,1.9178999662399292,1.8700000047683716,1.8700000047683716,1.8700000047683716,0.0,EURTRY=X,eur_try
2006-10-01,1.8700000047683716,1.9170000553131104,1.8700000047683716,1.8799999952316284,1.8799999952316284,0.0,EURTRY=X,eur_try
2006-10-02,1.8799999952316284,1.8799999952316284,1.8799999952316284,1.8799999952316284,1.8799999952316284,0.0,EURTRY=X,eur_try
2006-10-03,1.9208999872207642,1.9300999641418457,1.902400016784668,1.875,1.875,0.0,EURTRY=X,eur_try
2006-10-04,1.875,1.8990999460220337,1.875,1.8600000143051147,1.8600000143051147,0.0,EURTRY=X,eur_try
2006-10-05,1.8600000143051147,1.8889000415802002,1.8600000143051147,1.8459999561309814,1.8459999561309814,0.0,EURTRY=X,eur_try
2006-10-08,1.8459999561309814,1.8898999691009521,1.8459999561309814,1.850000023841858,1.850000023841858,0.0,EURTRY=X,eur_try
2006-10-09,1.850000023841858,1.8823000192642212,1.850000023841858,1.840000033378601,1.840000033378601,0.0,EURTRY=X,eur_try
2006-10-10,1.8562999963760376,1.867300033569336,1.8530999422073364,1.8300000429153442,1.8300000429153442,0.0,EURTRY=X,eur_try
2006-10-11,1.8300000429153442,1.868299961090088,1.8250000476837158,1.8250000476837158,1.8250000476837158,0.0,EURTRY=X,eur_try
2006-10-12,1.8250000476837158,1.8444000482559204,1.8215999603271484,1.809999942779541,1.809999942779541,0.0,EURTRY=X,eur_try
2006-10-15,1.830299973487854,1.843400001525879,1.8280999660491943,1.809999942779541,1.809999942779541,0.0,EURTRY=X,eur_try
2006-10-16,1.809999942779541,1.8525999784469604,1.809999942779541,1.8070000410079956,1.8070000410079956,0.0,EURTRY=X,eur_try
2006-10-17,1.8070000410079956,1.8524999618530273,1.8070000410079956,1.8128999471664429,1.8128999471664429,0.0,EURTRY=X,eur_try
2006-10-18,1.8128999471664429,1.8389999866485596,1.8128999471664429,1.7899999618530273,1.7899999618530273,0.0,EURTRY=X,eur_try
2006-10-19,1.7899999618530273,1.8387000560760498,1.7899999618530273,1.7979999780654907,1.7979999780654907,0.0,EURTRY=X,eur_try
2006-10-22,1.7979999780654907,1.833400011062622,1.7950999736785889,1.7950999736785889,1.7950999736785889,0.0,EURTRY=X,eur_try
2006-10-23,1.7950999736785889,1.8460999727249146,1.7950999736785889,1.809999942779541,1.809999942779541,0.0,EURTRY=X,eur_try
2006-10-24,1.8393000364303589,1.8393000364303589,1.7999999523162842,1.7999999523162842,1.7999999523162842,0.0,EURTRY=X,eur_try
2006-10-25,1.7999999523162842,1.8324999809265137,1.7999999523162842,1.7999999523162842,1.7999999523162842,0.0,EURTRY=X,eur_try
2006-10-26,1.7999999523162842,1.8346999883651733,1.7999999523162842,1.8029999732971191,1.8029999732971191,0.0,EURTRY=X,eur_try
2006-10-30,1.8029999732971191,1.850600004196167,1.8029999732971191,1.81850004196167,1.81850004196167,0.0,EURTRY=X,eur_try
2006-10-31,1.8420000076293945,1.8528000116348267,1.836899995803833,1.812999963760376,1.812999963760376,0.0,EURTRY=X,eur_try
2006-11-01,1.8526999950408936,1.8526999950408936,1.8200000524520874,1.8200000524520874,1.8200000524520874,0.0,EURTRY=X,eur_try
2006-11-02,1.8509000539779663,1.8738000392913818,1.8464000225067139,1.8300000429153442,1.8300000429153442,0.0,EURTRY=X,eur_try
2006-11-03,1.8705999851226807,1.8710999488830566,1.8224999904632568,1.8350000381469727,1.8350000381469727,0.0,EURTRY=X,eur_try
2006-11-06,1.8350000381469727,1.8372000455856323,1.8049999475479126,1.8049999475479126,1.8049999475479126,0.0,EURTRY=X,eur_try
2006-11-07,1.8049999475479126,1.8476999998092651,1.8049999475479126,1.7999999523162842,1.7999999523162842,0.0,EURTRY=X,eur_try
2006-11-08,1.840499997138977,1.8574999570846558,1.840499997138977,1.819000005722046,1.819000005722046,0.0,EURTRY=X,eur_try
2006-11-09,1.819000005722046,1.8485000133514404,1.819000005722046,1.809999942779541,1.809999942779541,0.0,EURTRY=X,eur_try
2006-11-10,1.809999942779541,1.8602999448776245,1.809999942779541,1.8178999423980713,1.8178999423980713,0.0,EURTRY=X,eur_try
2006-11-13,1.8178999423980713,1.8600000143051147,1.8178999423980713,1.8200000524520874,1.8200000524520874,0.0,EURTRY=X,eur_try
2006-11-14,1.8200000524520874,1.8539999723434448,1.8200000524520874,1.8154000043869019,1.8154000043869019,0.0,EURTRY=X,eur_try
2006-11-15,1.8154000043869019,1.8530000448226929,1.8154000043869019,1.815999984741211,1.815999984741211,0.0,EURTRY=X,eur_try
2006-11-16,1.815999984741211,1.8424999713897705,1.815999984741211,1.7999999523162842,1.7999999523162842,0.0,EURTRY=X,eur_try
2006-11-17,1.7999999523162842,1.8530000448226929,1.7999999523162842,1.8009999990463257,1.8009999990463257,0.0,EURTRY=X,eur_try
2006-11-20,1.8009999990463257,1.8658000230789185,1.8009999990463257,1.8394999504089355,1.8394999504089355,0.0,EURTRY=X,eur_try
2006-11-21,1.8394999504089355,1.8760000467300415,1.8394999504089355,1.840000033378601,1.840000033378601,0.0,EURTRY=X,eur_try
2006-11-22,1.840000033378601,1.8996000289916992,1.840000033378601,1.8589999675750732,1.8589999675750732,0.0,EURTRY=X,eur_try
2006-11-23,1.840000033378601,1.9122999906539917,1.840000033378601,1.878000020980835,1.878000020980835,0.0,EURTRY=X,eur_try
2006-11-24,1.878000020980835,1.9266999959945679,1.878000020980835,1.8877999782562256,1.8877999782562256,0.0,EURTRY=X,eur_try
2006-11-27,1.8877999782562256,1.9234000444412231,1.8877999782562256,1.8839000463485718,1.8839000463485718,0.0,EURTRY=X,eur_try
2006-11-28,1.8839000463485718,1.9466999769210815,1.8839000463485718,1.9112000465393066,1.9112000465393066,0.0,EURTRY=X,eur_try
2006-11-29,1.9112000465393066,1.9366999864578247,1.9112000465393066,1.8868000507354736,1.8868000507354736,0.0,EURTRY=X,eur_try
2006-11-30,1.8868000507354736,1.9240000247955322,1.8868000507354736,1.8799999952316284,1.8799999952316284,0.0,EURTRY=X,eur_try
2006-12-01,1.8799999952316284,1.9355000257492065,1.8799999952316284,1.879699945449829,1.879699945449829,0.0,EURTRY=X,eur_try
2006-12-04,1.879699945449829,1.9326000213623047,1.879699945449829,1.9019999504089355,1.9019999504089355,0.0,EURTRY=X,eur_try
2006-12-05,1.9019999504089355,1.9306000471115112,1.9019999504089355,1.8997999429702759,1.8997999429702759,0.0,EURTRY=X,eur_try
2006-12-06,1.8997999429702759,1.9194999933242798,1.8997999429702759,1.9110000133514404,1.9110000133514404,0.0,EURTRY=X,eur_try
2006-12-07,1.8799999952316284,1.9155999422073364,1.8799999952316284,1.8934999704360962,1.8934999704360962,0.0,EURTRY=X,eur_try
2006-12-08,1.8559999465942383,1.902899980545044,1.8559999465942383,1.8630000352859497,1.8630000352859497,0.0,EURTRY=X,eur_try
2006-12-11,1.8630000352859497,1.8884999752044678,1.8630000352859497,1.8492000102996826,1.8492000102996826,0.0,EURTRY=X,eur_try
2006-12-12,1.8492000102996826,1.8875000476837158,1.8492000102996826,1.8450000286102295,1.8450000286102295,0.0,EURTRY=X,eur_try
2006-12-13,1.8450000286102295,1.8868999481201172,1.8450000286102295,1.8509999513626099,1.8509999513626099,0.0,EURTRY=X,eur_try
2006-12-14,1.8509999513626099,1.876099944114685,1.8509999513626099,1.8619999885559082,1.8619999885559082,0.0,EURTRY=X,eur_try
2006-12-15,1.8371000289916992,1.8653000593185425,1.8300000429153442,1.8300000429153442,1.8300000429153442,0.0,EURTRY=X,eur_try
2006-12-18,1.8300000429153442,1.8628000020980835,1.8300000429153442,1.8255000114440918,1.8255000114440918,0.0,EURTRY=X,eur_try
2006-12-19,1.8255000114440918,1.8849999904632568,1.8255000114440918,1.850000023841858,1.850000023841858,0.0,EURTRY=X,eur_try
2006-12-20,1.850000023841858,1.8846999406814575,1.850000023841858,1.850000023841858,1.850000023841858,0.0,EURTRY=X,eur_try
2006-12-21,1.850000023841858,1.8795000314712524,1.850000023841858,1.8450000286102295,1.8450000286102295,0.0,EURTRY=X,eur_try
2006-12-22,1.8450000286102295,1.8792999982833862,1.8450000286102295,1.840000033378601,1.840000033378601,0.0,EURTRY=X,eur_try
2006-12-25,1.840000033378601,1.840000033378601,1.840000033378601,1.840000033378601,1.840000033378601,0.0,EURTRY=X,eur_try
2006-12-26,1.8639999628067017,1.8639999628067017,1.8639999628067017,1.840000033378601,1.840000033378601,0.0,EURTRY=X,eur_try
2006-12-27,1.863700032234192,1.8697999715805054,1.8609999418258667,1.861299991607666,1.861299991607666,0.0,EURTRY=X,eur_try
2006-12-28,1.836300015449524,1.8630000352859497,1.836300015449524,1.8243999481201172,1.8243999481201172,0.0,EURTRY=X,eur_try
2006-12-29,1.8517999649047852,1.8595000505447388,1.8460999727249146,1.82260000705719,1.82260000705719,0.0,EURTRY=X,eur_try
2007-01-01,1.82260000705719,1.8580000400543213,1.82260000705719,1.82260000705719,1.82260000705719,0.0,EURTRY=X,eur_try
2007-01-02,1.864300012588501,1.86899995803833,1.8565000295639038,1.8371000289916992,1.8371000289916992,0.0,EURTRY=X,eur_try
2007-01-03,1.8371000289916992,1.8595000505447388,1.8371000289916992,1.8194999694824219,1.8194999694824219,0.0,EURTRY=X,eur_try
2007-01-04,1.8194999694824219,1.8533999919891357,1.8194999694824219,1.8179999589920044,1.8179999589920044,0.0,EURTRY=X,eur_try
2007-01-05,1.8179999589920044,1.8765000104904175,1.8179999589920044,1.8380000591278076,1.8380000591278076,0.0,EURTRY=X,eur_try
2007-01-08,1.8674999475479126,1.8838000297546387,1.8625999689102173,1.868399977684021,1.868399977684021,0.0,EURTRY=X,eur_try
2007-01-09,1.8380000591278076,1.8733999729156494,1.8380000591278076,1.8250000476837158,1.8250000476837158,0.0,EURTRY=X,eur_try
2007-01-10,1.8250000476837158,1.884600043296814,1.8250000476837158,1.846500039100647,1.846500039100647,0.0,EURTRY=X,eur_try
2007-01-11,1.846500039100647,1.8624000549316406,1.8424999713897705,1.8424999713897705,1.8424999713897705,0.0,EURTRY=X,eur_try
2007-01-12,1.8200000524520874,1.8453999757766724,1.8200000524520874,1.840000033378601,1.840000033378601,0.0,EURTRY=X,eur_try
2007-01-15,1.8401000499725342,1.84089994430542,1.829699993133545,1.8049999475479126,1.8049999475479126,0.0,EURTRY=X,eur_try
2007-01-16,1.8049999475479126,1.8485000133514404,1.8049999475479126,1.8395999670028687,1.8395999670028687,0.0,EURTRY=X,eur_try
2007-01-17,1.812000036239624,1.8461999893188477,1.812000036239624,1.805999994277954,1.805999994277954,0.0,EURTRY=X,eur_try
2007-01-18,1.805999994277954,1.8398000001907349,1.805999994277954,1.7984999418258667,1.7984999418258667,0.0,EURTRY=X,eur_try
2007-01-19,1.7984999418258667,1.8367999792099,1.7984999418258667,1.7920000553131104,1.7920000553131104,0.0,EURTRY=X,eur_try
2007-01-22,1.7920000553131104,1.8270000219345093,1.7920000553131104,1.784000039100647,1.784000039100647,0.0,EURTRY=X,eur_try
2007-01-23,1.784000039100647,1.837499976158142,1.784000039100647,1.7968000173568726,1.7968000173568726,0.0,EURTRY=X,eur_try
2007-01-24,1.7968000173568726,1.8351999521255493,1.7968000173568726,1.7975000143051147,1.7975000143051147,0.0,EURTRY=X,eur_try
2007-01-25,1.7975000143051147,1.8447999954223633,1.7975000143051147,1.8447999954223633,1.8447999954223633,0.0,EURTRY=X,eur_try
2007-01-26,1.8457000255584717,1.8494999408721924,1.8307000398635864,1.8125,1.8125,0.0,EURTRY=X,eur_try
2007-01-29,1.8125,1.8524999618530273,1.8125,1.8391000032424927,1.8391000032424927,0.0,EURTRY=X,eur_try
2007-01-30,1.7975000143051147,1.8459999561309814,1.7975000143051147,1.815999984741211,1.815999984741211,0.0,EURTRY=X,eur_try
2007-01-31,1.815999984741211,1.833899974822998,1.815999984741211,1.7975000143051147,1.7975000143051147,0.0,EURTRY=X,eur_try
2007-02-01,1.7975000143051147,1.8279999494552612,1.7975000143051147,1.7949999570846558,1.7949999570846558,0.0,EURTRY=X,eur_try
2007-02-02,1.7949999570846558,1.8228000402450562,1.7949999570846558,1.7860000133514404,1.7860000133514404,0.0,EURTRY=X,eur_try
2007-02-05,1.7860000133514404,1.815500020980835,1.7860000133514404,1.8047000169754028,1.8047000169754028,0.0,EURTRY=X,eur_try
2007-02-06,1.784000039100647,1.8087999820709229,1.784000039100647,1.7690000534057617,1.7690000534057617,0.0,EURTRY=X,eur_try
2007-02-07,1.7690000534057617,1.8174999952316284,1.7690000534057617,1.7829999923706055,1.7829999923706055,0.0,EURTRY=X,eur_try
2007-02-08,1.7829999923706055,1.8265000581741333,1.7829999923706055,1.7822999954223633,1.7822999954223633,0.0,EURTRY=X,eur_try
2007-02-09,1.7822999954223633,1.8259999752044678,1.7822999954223633,1.778499960899353,1.778499960899353,0.0,EURTRY=X,eur_try
2007-02-12,1.778499960899353,1.8265000581741333,1.778499960899353,1.787500023841858,1.787500023841858,0.0,EURTRY=X,eur_try
2007-02-13,1.787500023841858,1.8250000476837158,1.787500023841858,1.8169000148773193,1.8169000148773193,0.0,EURTRY=X,eur_try
2007-02-14,1.7869999408721924,1.8229999542236328,1.7869999408721924,1.787500023841858,1.787500023841858,0.0,EURTRY=X,eur_try
2007-02-15,1.787500023841858,1.8221999406814575,1.787500023841858,1.784000039100647,1.784000039100647,0.0,EURTRY=X,eur_try
2007-02-16,1.784000039100647,1.8205000162124634,1.784000039100647,1.781499981880188,1.781499981880188,0.0,EURTRY=X,eur_try
2007-02-19,1.781499981880188,1.8149000406265259,1.781499981880188,1.774999976158142,1.774999976158142,0.0,EURTRY=X,eur_try
2007-02-20,1.774999976158142,1.8112000226974487,1.774999976158142,1.80840003490448,1.80840003490448,0.0,EURTRY=X,eur_try
2007-02-21,1.7799999713897705,1.8163000345230103,1.7799999713897705,1.8104000091552734,1.8104000091552734,0.0,EURTRY=X,eur_try
2007-02-22,1.777999997138977,1.812000036239624,1.777999997138977,1.8112000226974487,1.8112000226974487,0.0,EURTRY=X,eur_try
2007-02-23,1.7699999809265137,1.815600037574768,1.7699999809265137,1.774999976158142,1.774999976158142,0.0,EURTRY=X,eur_try
2007-02-26,1.774999976158142,1.819700002670288,1.774999976158142,1.781000018119812,1.781000018119812,0.0,EURTRY=X,eur_try
2007-02-27,1.781000018119812,1.8597999811172485,1.781000018119812,1.815000057220459,1.815000057220459,0.0,EURTRY=X,eur_try
2007-02-28,1.815000057220459,1.8837000131607056,1.815000057220459,1.8339999914169312,1.8339999914169312,0.0,EURTRY=X,eur_try
2007-03-01,1.8339999914169312,1.8911000490188599,1.8339999914169312,1.8300000429153442,1.8300000429153442,0.0,EURTRY=X,eur_try
2007-03-02,1.8300000429153442,1.8797999620437622,1.8300000429153442,1.847000002861023,1.847000002861023,0.0,EURTRY=X,eur_try
2007-03-05,1.847000002861023,1.9101999998092651,1.847000002861023,1.8700000047683716,1.8700000047683716,0.0,EURTRY=X,eur_try
2007-03-06,1.8700000047683716,1.8832999467849731,1.867900013923645,1.8389999866485596,1.8389999866485596,0.0,EURTRY=X,eur_try
2007-03-07,1.8389999866485596,1.878499984741211,1.8389999866485596,1.8415000438690186,1.8415000438690186,0.0,EURTRY=X,eur_try
2007-03-08,1.8415000438690186,1.871399998664856,1.8415000438690186,1.8544000387191772,1.8544000387191772,0.0,EURTRY=X,eur_try
2007-03-09,1.8289999961853027,1.8628000020980835,1.8289999961853027,1.8300000429153442,1.8300000429153442,0.0,EURTRY=X,eur_try
2007-03-12,1.8300000429153442,1.8519999980926514,1.8276000022888184,1.8140000104904175,1.8140000104904175,0.0,EURTRY=X,eur_try
2007-03-13,1.8140000104904175,1.8658000230789185,1.8140000104904175,1.8229999542236328,1.8229999542236328,0.0,EURTRY=X,eur_try
2007-03-14,1.8229999542236328,1.886199951171875,1.8229999542236328,1.843000054359436,1.843000054359436,0.0,EURTRY=X,eur_try
2007-03-15,1.843000054359436,1.8597999811172485,1.843000054359436,1.8200000524520874,1.8200000524520874,0.0,EURTRY=X,eur_try
2007-03-16,1.8200000524520874,1.8705999851226807,1.8200000524520874,1.8666000366210938,1.8666000366210938,0.0,EURTRY=X,eur_try
2007-03-19,1.8614000082015991,1.8614000082015991,1.8454999923706055,1.8478000164031982,1.8478000164031982,0.0,EURTRY=X,eur_try
2007-03-20,1.8200000524520874,1.8531999588012695,1.8200000524520874,1.809999942779541,1.809999942779541,0.0,EURTRY=X,eur_try
2007-03-21,1.809999942779541,1.8585000038146973,1.809999942779541,1.8179999589920044,1.8179999589920044,0.0,EURTRY=X,eur_try
2007-03-22,1.8179999589920044,1.8452999591827393,1.8179999589920044,1.8055000305175781,1.8055000305175781,0.0,EURTRY=X,eur_try
2007-03-23,1.8055000305175781,1.8420000076293945,1.8055000305175781,1.8025000095367432,1.8025000095367432,0.0,EURTRY=X,eur_try
2007-03-25,1.8287999629974365,1.8494999408721924,1.8249000310897827,1.8425999879837036,1.8425999879837036,0.0,EURTRY=X,eur_try
2007-03-26,1.7979999780654907,1.8492000102996826,1.7979999780654907,1.8157999515533447,1.8157999515533447,0.0,EURTRY=X,eur_try
2007-03-27,1.8157999515533447,1.8615000247955322,1.8157999515533447,1.8198000192642212,1.8198000192642212,0.0,EURTRY=X,eur_try
2007-03-28,1.8198000192642212,1.8503999710083008,1.8198000192642212,1.8200000524520874,1.8200000524520874,0.0,EURTRY=X,eur_try
2007-03-29,1.8200000524520874,1.8581000566482544,1.8200000524520874,1.8040000200271606,1.8040000200271606,0.0,EURTRY=X,eur_try
2007-04-01,1.8463000059127808,1.8521000146865845,1.8396999835968018,1.8481999635696411,1.8481999635696411,0.0,EURTRY=X,eur_try
2007-04-02,1.8143999576568604,1.844099998474121,1.8143999576568604,1.809999942779541,1.809999942779541,0.0,EURTRY=X,eur_try
2007-04-03,1.809999942779541,1.8335000276565552,1.809999942779541,1.7878999710083008,1.7878999710083008,0.0,EURTRY=X,eur_try
2007-04-04,1.7878999710083008,1.8299000263214111,1.7878999710083008,1.7932000160217285,1.7932000160217285,0.0,EURTRY=X,eur_try
2007-04-05,1.7932000160217285,1.7932000160217285,1.7932000160217285,1.7932000160217285,1.7932000160217285,0.0,EURTRY=X,eur_try
2007-04-08,1.8324999809265137,1.8324999809265137,1.8324999809265137,1.7932000160217285,1.7932000160217285,0.0,EURTRY=X,eur_try
2007-04-09,1.8265000581741333,1.8420000076293945,1.8265000581741333,1.8049999475479126,1.8049999475479126,0.0,EURTRY=X,eur_try
2007-04-10,1.8049999475479126,1.8356000185012817,1.8049999475479126,1.7960000038146973,1.7960000038146973,0.0,EURTRY=X,eur_try
2007-04-11,1.7960000038146973,1.853700041770935,1.7960000038146973,1.809999942779541,1.809999942779541,0.0,EURTRY=X,eur_try
2007-04-12,1.809999942779541,1.853700041770935,1.809999942779541,1.8224999904632568,1.8224999904632568,0.0,EURTRY=X,eur_try
2007-04-15,1.8224999904632568,1.8422000408172607,1.8224999904632568,1.7975000143051147,1.7975000143051147,0.0,EURTRY=X,eur_try
2007-04-16,1.8279999494552612,1.8319000005722046,1.819200038909912,1.7990000247955322,1.7990000247955322,0.0,EURTRY=X,eur_try
2007-04-17,1.7990000247955322,1.8324999809265137,1.7990000247955322,1.7960000038146973,1.7960000038146973,0.0,EURTRY=X,eur_try
2007-04-18,1.7960000038146973,1.8424999713897705,1.7960000038146973,1.8070000410079956,1.8070000410079956,0.0,EURTRY=X,eur_try
2007-04-19,1.8070000410079956,1.8259999752044678,1.8070000410079956,1.7860000133514404,1.7860000133514404,0.0,EURTRY=X,eur_try
2007-04-22,1.8136999607086182,1.8136999607086182,1.8106000423431396,1.777999997138977,1.777999997138977,0.0,EURTRY=X,eur_try
2007-04-23,1.777999997138977,1.819599986076355,1.777999997138977,1.7790000438690186,1.7790000438690186,0.0,EURTRY=X,eur_try
2007-04-24,1.7790000438690186,1.8193999528884888,1.7790000438690186,1.774999976158142,1.774999976158142,0.0,EURTRY=X,eur_try
2007-04-25,1.774999976158142,1.8079999685287476,1.774999976158142,1.7705999612808228,1.7705999612808228,0.0,EURTRY=X,eur_try
2007-04-26,1.7705999612808228,1.8178999423980713,1.7705999612808228,1.7727999687194824,1.7727999687194824,0.0,EURTRY=X,eur_try
2007-04-29,1.8765000104904175,1.8858000040054321,1.8417999744415283,1.8209999799728394,1.8209999799728394,0.0,EURTRY=X,eur_try
2007-04-30,1.8209999799728394,1.8933000564575195,1.8209999799728394,1.8209999799728394,1.8209999799728394,0.0,EURTRY=X,eur_try
2007-05-01,1.8306000232696533,1.8557000160217285,1.8300000429153442,1.8021999597549438,1.8021999597549438,0.0,EURTRY=X,eur_try
2007-05-02,1.8021999597549438,1.842900037765503,1.8021999597549438,1.8260999917984009,1.8260999917984009,0.0,EURTRY=X,eur_try
2007-05-03,1.8009999990463257,1.842900037765503,1.8009999990463257,1.7979999780654907,1.7979999780654907,0.0,EURTRY=X,eur_try
2007-05-06,1.81850004196167,1.8229000568389893,1.8105000257492065,1.7799999713897705,1.7799999713897705,0.0,EURTRY=X,eur_try
2007-05-07,1.7799999713897705,1.8193999528884888,1.7799999713897705,1.7750999927520752,1.7750999927520752,0.0,EURTRY=X,eur_try
2007-05-08,1.7750999927520752,1.8143999576568604,1.7750999927520752,1.7716000080108643,1.7716000080108643,0.0,EURTRY=X,eur_try
2007-05-09,1.7716000080108643,1.8194999694824219,1.7716000080108643,1.7798000574111938,1.7798000574111938,0.0,EURTRY=X,eur_try
2007-05-10,1.7798000574111938,1.8210999965667725,1.7798000574111938,1.776900053024292,1.776900053024292,0.0,EURTRY=X,eur_try
2007-05-13,1.8055000305175781,1.809000015258789,1.789199948310852,1.7936999797821045,1.7936999797821045,0.0,EURTRY=X,eur_try
2007-05-14,1.7690000534057617,1.813099980354309,1.7690000534057617,1.7905999422073364,1.7905999422073364,0.0,EURTRY=X,eur_try
2007-05-15,1.7669999599456787,1.8009999990463257,1.7669999599456787,1.7848000526428223,1.7848000526428223,0.0,EURTRY=X,eur_try
2007-05-16,1.7599999904632568,1.7963000535964966,1.7599999904632568,1.7848000526428223,1.7848000526428223,0.0,EURTRY=X,eur_try
2007-05-17,1.788699984550476,1.7992000579833984,1.779099941253662,1.75600004196167,1.75600004196167,0.0,EURTRY=X,eur_try
2007-05-20,1.7903000116348267,1.7903000116348267,1.7380000352859497,1.7380000352859497,1.7380000352859497,0.0,EURTRY=X,eur_try
2007-05-21,1.7380000352859497,1.7824000120162964,1.7380000352859497,1.769700050354004,1.769700050354004,0.0,EURTRY=X,eur_try
2007-05-22,1.7309999465942383,1.7893999814987183,1.7309999465942383,1.7440999746322632,1.7440999746322632,0.0,EURTRY=X,eur_try
2007-05-23,1.7440999746322632,1.7955000400543213,1.7440999746322632,1.7870999574661255,1.7870999574661255,0.0,EURTRY=X,eur_try
2007-05-24,1.7603000402450562,1.7971999645233154,1.7603000402450562,1.7625000476837158,1.7625000476837158,0.0,EURTRY=X,eur_try
2007-05-27,1.7836999893188477,1.784600019454956,1.7798000574111938,1.7625000476837158,1.7625000476837158,0.0,EURTRY=X,eur_try
2007-05-28,1.7682000398635864,1.7908999919891357,1.7682000398635864,1.756600022315979,1.756600022315979,0.0,EURTRY=X,eur_try
2007-05-29,1.756600022315979,1.7857999801635742,1.756600022315979,1.7599999904632568,1.7599999904632568,0.0,EURTRY=X,eur_try
2007-05-30,1.7599999904632568,1.7764999866485596,1.7599999904632568,1.746000051498413,1.746000051498413,0.0,EURTRY=X,eur_try
2007-05-31,1.746000051498413,1.7609000205993652,1.746000051498413,1.7330000400543213,1.7330000400543213,0.0,EURTRY=X,eur_try
2007-06-03,1.753499984741211,1.7630000114440918,1.7516000270843506,1.736299991607666,1.736299991607666,0.0,EURTRY=X,eur_try
2007-06-04,1.736299991607666,1.7733999490737915,1.736299991607666,1.7445000410079956,1.7445000410079956,0.0,EURTRY=X,eur_try
2007-06-05,1.7445000410079956,1.7821999788284302,1.7445000410079956,1.75600004196167,1.75600004196167,0.0,EURTRY=X,eur_try
2007-06-06,1.75600004196167,1.781999945640564,1.75600004196167,1.75,1.75,0.0,EURTRY=X,eur_try
2007-06-07,1.7855000495910645,1.8095999956130981,1.780400037765503,1.781999945640564,1.781999945640564,0.0,EURTRY=X,eur_try
2007-06-10,1.781999945640564,1.7879999876022339,1.7711999416351318,1.7580000162124634,1.7580000162124634,0.0,EURTRY=X,eur_try
2007-06-11,1.7580000162124634,1.7813999652862549,1.7580000162124634,1.75,1.75,0.0,EURTRY=X,eur_try
2007-06-12,1.75,1.7870999574661255,1.75,1.7589999437332153,1.7589999437332153,0.0,EURTRY=X,eur_try
2007-06-13,1.7589999437332153,1.7675000429153442,1.753999948501587,1.753999948501587,1.753999948501587,0.0,EURTRY=X,eur_try
2007-06-14,1.7450000047683716,1.767300009727478,1.7374000549316406,1.7294000387191772,1.7294000387191772,0.0,EURTRY=X,eur_try
2007-06-17,1.7294000387191772,1.750499963760376,1.7294000387191772,1.7181999683380127,1.7181999683380127,0.0,EURTRY=X,eur_try
2007-06-18,1.7181999683380127,1.7503999471664429,1.7181999683380127,1.7151999473571777,1.7151999473571777,0.0,EURTRY=X,eur_try
2007-06-19,1.7151999473571777,1.7517000436782837,1.7151999473571777,1.7216999530792236,1.7216999530792236,0.0,EURTRY=X,eur_try
2007-06-20,1.7216999530792236,1.7617000341415405,1.7216999530792236,1.7257000207901,1.7257000207901,0.0,EURTRY=X,eur_try
2007-06-21,1.7257000207901,1.7682000398635864,1.7257000207901,1.729200005531311,1.729200005531311,0.0,EURTRY=X,eur_try
2007-06-24,1.7608000040054321,1.7828999757766724,1.757599949836731,1.763100028038025,1.763100028038025,0.0,EURTRY=X,eur_try
2007-06-25,1.7424999475479126,1.7884999513626099,1.7424999475479126,1.7710000276565552,1.7710000276565552,0.0,EURTRY=X,eur_try
2007-06-26,1.7805999517440796,1.7937999963760376,1.7735999822616577,1.777899980545044,1.777899980545044,0.0,EURTRY=X,eur_try
2007-06-27,1.7580000162124634,1.7827999591827393,1.7580000162124634,1.7625999450683594,1.7625999450683594,0.0,EURTRY=X,eur_try
2007-06-28,1.7450000047683716,1.7711000442504883,1.7450000047683716,1.7410000562667847,1.7410000562667847,0.0,EURTRY=X,eur_try
2007-07-01,1.7730000019073486,1.7754000425338745,1.75600004196167,1.7410000562667847,1.7410000562667847,0.0,EURTRY=X,eur_try
2007-07-02,1.7410000562667847,1.7652000188827515,1.7410000562667847,1.7309999465942383,1.7309999465942383,0.0,EURTRY=X,eur_try
2007-07-03,1.7309999465942383,1.7653000354766846,1.7309999465942383,1.750100016593933,1.750100016593933,0.0,EURTRY=X,eur_try
2007-07-04,1.7293000221252441,1.7691999673843384,1.7293000221252441,1.73580002784729,1.73580002784729,0.0,EURTRY=X,eur_try
2007-07-05,1.73580002784729,1.7694000005722046,1.73580002784729,1.7319999933242798,1.7319999933242798,0.0,EURTRY=X,eur_try
2007-07-08,1.7561999559402466,1.756600022315979,1.735200047492981,1.721500039100647,1.721500039100647,0.0,EURTRY=X,eur_try
2007-07-09,1.721500039100647,1.774399995803833,1.721500039100647,1.7259999513626099,1.7259999513626099,0.0,EURTRY=X,eur_try
2007-07-10,1.7656999826431274,1.7869999408721924,1.76010000705719,1.75,1.75,0.0,EURTRY=X,eur_try
2007-07-11,1.75,1.7796000242233276,1.75,1.7450000047683716,1.7450000047683716,0.0,EURTRY=X,eur_try
2007-07-12,1.7620999813079834,1.7620999813079834,1.7376999855041504,1.725000023841858,1.725000023841858,0.0,EURTRY=X,eur_try
2007-07-15,1.7414000034332275,1.7585999965667725,1.7374000549316406,1.7520999908447266,1.7520999908447266,0.0,EURTRY=X,eur_try
2007-07-16,1.7239999771118164,1.7657999992370605,1.7239999771118164,1.7473000288009644,1.7473000288009644,0.0,EURTRY=X,eur_try
2007-07-17,1.728600025177002,1.767199993133545,1.728600025177002,1.7618000507354736,1.7618000507354736,0.0,EURTRY=X,eur_try
2007-07-18,1.7625000476837158,1.7625000476837158,1.7366000413894653,1.7437000274658203,1.7437000274658203,0.0,EURTRY=X,eur_try
2007-07-19,1.7366000413894653,1.763700008392334,1.7325999736785889,1.7522000074386597,1.7522000074386597,0.0,EURTRY=X,eur_try
2007-07-22,1.7417000532150269,1.7455999851226807,1.717900037765503,1.7074999809265137,1.7074999809265137,0.0,EURTRY=X,eur_try
2007-07-23,1.7196999788284302,1.7237000465393066,1.7049000263214111,1.711400032043457,1.711400032043457,0.0,EURTRY=X,eur_try
2007-07-24,1.7263000011444092,1.7302000522613525,1.7028000354766846,1.7127000093460083,1.7127000093460083,0.0,EURTRY=X,eur_try
2007-07-25,1.7129000425338745,1.7854000329971313,1.7045999765396118,1.7769999504089355,1.7769999504089355,0.0,EURTRY=X,eur_try
2007-07-26,1.7857999801635742,1.8121000528335571,1.7588000297546387,1.753499984741211,1.753499984741211,0.0,EURTRY=X,eur_try
2007-07-29,1.7836999893188477,1.8077000379562378,1.7608000040054321,1.7627999782562256,1.7627999782562256,0.0,EURTRY=X,eur_try
2007-07-30,1.7724000215530396,1.7724000215530396,1.7369999885559082,1.7369999885559082,1.7369999885559082,0.0,EURTRY=X,eur_try
2007-07-31,1.7568000555038452,1.7999999523162842,1.7506999969482422,1.7596999406814575,1.7596999406814575,0.0,EURTRY=X,eur_try
2007-08-01,1.756500005722046,1.76419997215271,1.7337000370025635,1.7274999618530273,1.7274999618530273,0.0,EURTRY=X,eur_try
2007-08-02,1.7274999618530273,1.7587000131607056,1.7274999618530273,1.7174999713897705,1.7174999713897705,0.0,EURTRY=X,eur_try
2007-08-05,1.749400019645691,1.7828999757766724,1.749400019645691,1.753600001335144,1.753600001335144,0.0,EURTRY=X,eur_try
2007-08-06,1.747499942779541,1.760200023651123,1.7324999570846558,1.7416000366210938,1.7416000366210938,0.0,EURTRY=X,eur_try
2007-08-07,1.725000023841858,1.7416000366210938,1.722100019454956,1.7071000337600708,1.7071000337600708,0.0,EURTRY=X,eur_try
2007-08-08,1.732200026512146,1.767899990081787,1.7071000337600708,1.7553000450134277,1.7553000450134277,0.0,EURTRY=X,eur_try
2007-08-09,1.7680000066757202,1.7903000116348267,1.7553000450134277,1.7480000257492065,1.7480000257492065,0.0,EURTRY=X,eur_try
2007-08-12,1.7661000490188599,1.7683000564575195,1.7446999549865723,1.735700011253357,1.735700011253357,0.0,EURTRY=X,eur_try
2007-08-13,1.735700011253357,1.7904000282287598,1.735700011253357,1.7395000457763672,1.7395000457763672,0.0,EURTRY=X,eur_try
2007-08-14,1.7395000457763672,1.8242000341415405,1.7395000457763672,1.7760000228881836,1.7760000228881836,0.0,EURTRY=X,eur_try
2007-08-15,1.7760000228881836,1.893399953842163,1.7760000228881836,1.8509999513626099,1.8509999513626099,0.0,EURTRY=X,eur_try
2007-08-16,1.8509999513626099,1.905400037765503,1.8202999830245972,1.8208999633789062,1.8208999633789062,0.0,EURTRY=X,eur_try
2007-08-19,1.812000036239624,1.8427000045776367,1.7965999841690063,1.8382999897003174,1.8382999897003174,0.0,EURTRY=X,eur_try
2007-08-20,1.8375999927520752,1.8632999658584595,1.8163000345230103,1.809000015258789,1.809000015258789,0.0,EURTRY=X,eur_try
2007-08-21,1.809000015258789,1.8205000162124634,1.7918000221252441,1.7795000076293945,1.7795000076293945,0.0,EURTRY=X,eur_try
2007-08-22,1.7795000076293945,1.8105000257492065,1.773800015449524,1.7578999996185303,1.7578999996185303,0.0,EURTRY=X,eur_try
2007-08-23,1.7578999996185303,1.8173999786376953,1.7578999996185303,1.7980999946594238,1.7980999946594238,0.0,EURTRY=X,eur_try
2007-08-26,1.7879999876022339,1.8055000305175781,1.7798999547958374,1.798699975013733,1.798699975013733,0.0,EURTRY=X,eur_try
2007-08-27,1.7922999858856201,1.81659996509552,1.7877999544143677,1.7807999849319458,1.7807999849319458,0.0,EURTRY=X,eur_try
2007-08-28,1.7807999849319458,1.820199966430664,1.7807999849319458,1.7761000394821167,1.7761000394821167,0.0,EURTRY=X,eur_try
2007-08-29,1.7761000394821167,1.7979999780654907,1.7761000394821167,1.763700008392334,1.763700008392334,0.0,EURTRY=X,eur_try
2007-08-30,1.763700008392334,1.782099962234497,1.76010000705719,1.7660000324249268,1.7660000324249268,0.0,EURTRY=X,eur_try
2007-09-02,1.7596999406814575,1.767799973487854,1.7574000358581543,1.747499942779541,1.747499942779541,0.0,EURTRY=X,eur_try
2007-09-03,1.747499942779541,1.7728999853134155,1.747499942779541,1.7444000244140625,1.7444000244140625,0.0,EURTRY=X,eur_try
2007-09-04,1.7444000244140625,1.7740999460220337,1.7444000244140625,1.7401000261306763,1.7401000261306763,0.0,EURTRY=X,eur_try
2007-09-05,1.7401000261306763,1.7742999792099,1.7401000261306763,1.7477999925613403,1.7477999925613403,0.0,EURTRY=X,eur_try
2007-09-06,1.7477999925613403,1.7897000312805176,1.7477999925613403,1.7388999462127686,1.7388999462127686,0.0,EURTRY=X,eur_try
2007-09-10,1.763700008392334,1.7793999910354614,1.763700008392334,1.7651000022888184,1.7651000022888184,0.0,EURTRY=X,eur_try
2007-09-11,1.756500005722046,1.7767000198364258,1.7556999921798706,1.7556999921798706,1.7556999921798706,0.0,EURTRY=X,eur_try
2007-09-12,1.7452000379562378,1.7734999656677246,1.738800048828125,1.738800048828125,1.738800048828125,0.0,EURTRY=X,eur_try
2007-09-13,1.7314000129699707,1.7599999904632568,1.7314000129699707,1.7335000038146973,1.7335000038146973,0.0,EURTRY=X,eur_try
2007-09-16,1.748900055885315,1.761199951171875,1.7405999898910522,1.7577999830245972,1.7577999830245972,0.0,EURTRY=X,eur_try
2007-09-17,1.7582000494003296,1.7628999948501587,1.7342000007629395,1.7308000326156616,1.7308000326156616,0.0,EURTRY=X,eur_try
2007-09-18,1.7301000356674194,1.7375999689102173,1.7102999687194824,1.7223000526428223,1.7223000526428223,0.0,EURTRY=X,eur_try
2007-09-19,1.7109999656677246,1.7436000108718872,1.7109999656677246,1.7407000064849854,1.7407000064849854,0.0,EURTRY=X,eur_try
2007-09-20,1.7408000230789185,1.7461999654769897,1.7131999731063843,1.7009999752044678,1.7009999752044678,0.0,EURTRY=X,eur_try
2007-09-23,1.725600004196167,1.732200026512146,1.7156000137329102,1.717900037765503,1.717900037765503,0.0,EURTRY=X,eur_try
2007-09-24,1.6956000328063965,1.7448999881744385,1.6956000328063965,1.7273999452590942,1.7273999452590942,0.0,EURTRY=X,eur_try
2007-09-25,1.7122999429702759,1.7315000295639038,1.7108999490737915,1.6991000175476074,1.6991000175476074,0.0,EURTRY=X,eur_try
2007-09-26,1.6991000175476074,1.726199984550476,1.6991000175476074,1.6881999969482422,1.6881999969482422,0.0,EURTRY=X,eur_try
2007-09-27,1.6881999969482422,1.7239999771118164,1.6881999969482422,1.7130999565124512,1.7130999565124512,0.0,EURTRY=X,eur_try
2007-09-30,1.7193000316619873,1.719499945640564,1.6988999843597412,1.6801999807357788,1.6801999807357788,0.0,EURTRY=X,eur_try
2007-10-01,1.6801999807357788,1.7187000513076782,1.6801999807357788,1.6791000366210938,1.6791000366210938,0.0,EURTRY=X,eur_try
2007-10-02,1.6791000366210938,1.7136000394821167,1.6791000366210938,1.6979999542236328,1.6979999542236328,0.0,EURTRY=X,eur_try
2007-10-03,1.6791000366210938,1.7035000324249268,1.6791000366210938,1.6725000143051147,1.6725000143051147,0.0,EURTRY=X,eur_try
2007-10-04,1.6725000143051147,1.6979000568389893,1.6620999574661255,1.6521999835968018,1.6521999835968018,0.0,EURTRY=X,eur_try
2007-10-07,1.6585999727249146,1.6729999780654907,1.6568000316619873,1.6677000522613525,1.6677000522613525,0.0,EURTRY=X,eur_try
2007-10-08,1.6684000492095947,1.6756000518798828,1.655500054359436,1.673200011253357,1.673200011253357,0.0,EURTRY=X,eur_try
2007-10-09,1.6735999584197998,1.684999942779541,1.656000018119812,1.677899956703186,1.677899956703186,0.0,EURTRY=X,eur_try
2007-10-10,1.6778000593185425,1.690999984741211,1.6706000566482544,1.694700002670288,1.694700002670288,0.0,EURTRY=X,eur_try
2007-10-11,1.6943000555038452,1.70169997215271,1.6719000339508057,1.6690000295639038,1.6690000295639038,0.0,EURTRY=X,eur_try
2007-10-14,1.6830999851226807,1.735700011253357,1.679800033569336,1.7182999849319458,1.7182999849319458,0.0,EURTRY=X,eur_try
2007-10-15,1.684999942779541,1.7462999820709229,1.684999942779541,1.6990000009536743,1.6990000009536743,0.0,EURTRY=X,eur_try
2007-10-16,1.6990000009536743,1.7325999736785889,1.6956000328063965,1.6793999671936035,1.6793999671936035,0.0,EURTRY=X,eur_try
2007-10-17,1.6793999671936035,1.7335000038146973,1.6793999671936035,1.6894999742507935,1.6894999742507935,0.0,EURTRY=X,eur_try
2007-10-18,1.7244000434875488,1.7295000553131104,1.7000000476837158,1.7384999990463257,1.7384999990463257,0.0,EURTRY=X,eur_try
2007-10-21,1.7461999654769897,1.7726999521255493,1.732699990272522,1.732800006866455,1.732800006866455,0.0,EURTRY=X,eur_try
2007-10-22,1.7339999675750732,1.7344000339508057,1.715999960899353,1.7211999893188477,1.7211999893188477,0.0,EURTRY=X,eur_try
2007-10-23,1.6962000131607056,1.7379000186920166,1.6962000131607056,1.6972999572753906,1.6972999572753906,0.0,EURTRY=X,eur_try
2007-10-24,1.6972999572753906,1.7245999574661255,1.6964999437332153,1.6811000108718872,1.6811000108718872,0.0,EURTRY=X,eur_try
2007-10-25,1.6811000108718872,1.7166999578475952,1.6811000108718872,1.680400013923645,1.680400013923645,0.0,EURTRY=X,eur_try
2007-10-29,1.7130999565124512,1.7196999788284302,1.7020000219345093,1.7020000219345093,1.7020000219345093,0.0,EURTRY=X,eur_try
2007-10-30,1.6852999925613403,1.7196999788284302,1.6852999925613403,1.6871000528335571,1.6871000528335571,0.0,EURTRY=X,eur_try
2007-10-31,1.6871000528335571,1.7151999473571777,1.6801999807357788,1.672700047492981,1.672700047492981,0.0,EURTRY=X,eur_try
2007-11-01,1.672700047492981,1.711300015449524,1.672700047492981,1.6629999876022339,1.6629999876022339,0.0,EURTRY=X,eur_try
2007-11-02,1.6629999876022339,1.7211999893188477,1.6629999876022339,1.6890000104904175,1.6890000104904175,0.0,EURTRY=X,eur_try
2007-11-05,1.7071000337600708,1.729099988937378,1.7034000158309937,1.6928999423980713,1.6928999423980713,0.0,EURTRY=X,eur_try
2007-11-06,1.6928999423980713,1.7115999460220337,1.6928999423980713,1.6770000457763672,1.6770000457763672,0.0,EURTRY=X,eur_try
2007-11-07,1.6770000457763672,1.736899971961975,1.6770000457763672,1.7024999856948853,1.7024999856948853,0.0,EURTRY=X,eur_try
2007-11-08,1.7024999856948853,1.7466000318527222,1.7024999856948853,1.6991000175476074,1.6991000175476074,0.0,EURTRY=X,eur_try
2007-11-09,1.6991000175476074,1.7649999856948853,1.6991000175476074,1.7252999544143677,1.7252999544143677,0.0,EURTRY=X,eur_try
2007-11-12,1.7618000507354736,1.773900032043457,1.747499942779541,1.75409996509552,1.75409996509552,0.0,EURTRY=X,eur_try
2007-11-13,1.7724000215530396,1.7724000215530396,1.7280000448226929,1.7347999811172485,1.7347999811172485,0.0,EURTRY=X,eur_try
2007-11-14,1.7351000308990479,1.7388999462127686,1.7101999521255493,1.7101999521255493,1.7101999521255493,0.0,EURTRY=X,eur_try
2007-11-15,1.7237999439239502,1.7369999885559082,1.7135000228881836,1.701200008392334,1.701200008392334,0.0,EURTRY=X,eur_try
2007-11-16,1.739300012588501,1.743299961090088,1.7254999876022339,1.7043999433517456,1.7043999433517456,0.0,EURTRY=X,eur_try
2007-11-19,1.7300000190734863,1.7625000476837158,1.722000002861023,1.708799958229065,1.708799958229065,0.0,EURTRY=X,eur_try
2007-11-20,1.708799958229065,1.771399974822998,1.708799958229065,1.7497999668121338,1.7497999668121338,0.0,EURTRY=X,eur_try
2007-11-21,1.7324999570846558,1.794800043106079,1.7324999570846558,1.7836999893188477,1.7836999893188477,0.0,EURTRY=X,eur_try
2007-11-22,1.7552000284194946,1.7899999618530273,1.7552000284194946,1.747499942779541,1.747499942779541,0.0,EURTRY=X,eur_try
2007-11-23,1.747499942779541,1.7892999649047852,1.747499942779541,1.7696000337600708,1.7696000337600708,0.0,EURTRY=X,eur_try
2007-11-27,1.8180999755859375,1.829699993133545,1.7867000102996826,1.7964999675750732,1.7964999675750732,0.0,EURTRY=X,eur_try
2007-11-28,1.7786999940872192,1.804900050163269,1.7424999475479126,1.7441999912261963,1.7441999912261963,0.0,EURTRY=X,eur_try
2007-11-29,1.7441999912261963,1.7621999979019165,1.7346999645233154,1.7253999710083008,1.7253999710083008,0.0,EURTRY=X,eur_try
2007-11-30,1.7253999710083008,1.7496000528335571,1.719499945640564,1.7236000299453735,1.7236000299453735,0.0,EURTRY=X,eur_try
2007-12-03,1.735200047492981,1.740399956703186,1.7164000272750854,1.7350000143051147,1.7350000143051147,0.0,EURTRY=X,eur_try
2007-12-04,1.7339999675750732,1.753100037574768,1.7187000513076782,1.7517000436782837,1.7517000436782837,0.0,EURTRY=X,eur_try
2007-12-05,1.749400019645691,1.749400019645691,1.7137999534606934,1.7137999534606934,1.7137999534606934,0.0,EURTRY=X,eur_try
2007-12-06,1.7240999937057495,1.725600004196167,1.704200029373169,1.7213000059127808,1.7213000059127808,0.0,EURTRY=X,eur_try
2007-12-07,1.721500039100647,1.7265000343322754,1.704800009727478,1.719599962234497,1.719599962234497,0.0,EURTRY=X,eur_try
2007-12-10,1.7210999727249146,1.7231999635696411,1.7023999691009521,1.7081999778747559,1.7081999778747559,0.0,EURTRY=X,eur_try
2007-12-11,1.6849000453948975,1.7308000326156616,1.6849000453948975,1.730299949645996,1.730299949645996,0.0,EURTRY=X,eur_try
2007-12-12,1.6847000122070312,1.7314000129699707,1.6847000122070312,1.7091000080108643,1.7091000080108643,0.0,EURTRY=X,eur_try
2007-12-13,1.6895999908447266,1.7294000387191772,1.6895999908447266,1.7180999517440796,1.7180999517440796,0.0,EURTRY=X,eur_try
2007-12-14,1.694000005722046,1.720900058746338,1.694000005722046,1.6965999603271484,1.6965999603271484,0.0,EURTRY=X,eur_try
2007-12-17,1.7120000123977661,1.719599962234497,1.6979000568389893,1.7173999547958374,1.7173999547958374,0.0,EURTRY=X,eur_try
2007-12-19,1.6783000230789185,1.722000002861023,1.6783000230789185,1.6883000135421753,1.6883000135421753,0.0,EURTRY=X,eur_try
2007-12-20,1.6883000135421753,1.714900016784668,1.6883000135421753,1.6821000576019287,1.6821000576019287,0.0,EURTRY=X,eur_try
2007-12-21,1.6821000576019287,1.7151000499725342,1.6821000576019287,1.6847000122070312,1.6847000122070312,0.0,EURTRY=X,eur_try
2007-12-24,1.711400032043457,1.711400032043457,1.7003999948501587,1.6847000122070312,1.6847000122070312,0.0,EURTRY=X,eur_try
2007-12-25,1.6847000122070312,1.6847000122070312,1.6847000122070312,1.6847000122070312,1.6847000122070312,0.0,EURTRY=X,eur_try
2007-12-26,1.701300024986267,1.705299973487854,1.6899000406265259,1.7066999673843384,1.7066999673843384,0.0,EURTRY=X,eur_try
2007-12-27,1.705199956893921,1.719099998474121,1.6917999982833862,1.701799988746643,1.701799988746643,0.0,EURTRY=X,eur_try
2007-12-28,1.6770000457763672,1.7247999906539917,1.6770000457763672,1.7117999792099,1.7117999792099,0.0,EURTRY=X,eur_try
2007-12-31,1.7228000164031982,1.7238999605178833,1.682800054550171,1.682800054550171,1.682800054550171,0.0,EURTRY=X,eur_try
2008-01-01,1.7101999521255493,1.7101999521255493,1.7101999521255493,1.7137999534606934,1.7137999534606934,0.0,EURTRY=X,eur_try
2008-01-02,1.7128000259399414,1.7278000116348267,1.6984000205993652,1.7259999513626099,1.7259999513626099,0.0,EURTRY=X,eur_try
2008-01-03,1.7267999649047852,1.735200047492981,1.708799958229065,1.7233999967575073,1.7233999967575073,0.0,EURTRY=X,eur_try
2008-01-04,1.7236000299453735,1.7343000173568726,1.6955000162124634,1.7180999517440796,1.7180999517440796,0.0,EURTRY=X,eur_try
2008-01-07,1.7125999927520752,1.7272000312805176,1.7051000595092773,1.707800030708313,1.707800030708313,0.0,EURTRY=X,eur_try
2008-01-08,1.6864999532699585,1.7131999731063843,1.6864999532699585,1.697100043296814,1.697100043296814,0.0,EURTRY=X,eur_try
2008-01-09,1.6771999597549438,1.7099000215530396,1.6771999597549438,1.6949000358581543,1.6949000358581543,0.0,EURTRY=X,eur_try
2008-01-10,1.6759999990463257,1.708299994468689,1.6759999990463257,1.6897000074386597,1.6897000074386597,0.0,EURTRY=X,eur_try
2008-01-11,1.6734999418258667,1.7063000202178955,1.6734999418258667,1.6734999418258667,1.6734999418258667,0.0,EURTRY=X,eur_try
2008-01-14,1.7045999765396118,1.720900058746338,1.694000005722046,1.6878999471664429,1.6878999471664429,0.0,EURTRY=X,eur_try
2008-01-15,1.6878999471664429,1.7178000211715698,1.6878999471664429,1.6833000183105469,1.6833000183105469,0.0,EURTRY=X,eur_try
2008-01-16,1.6833000183105469,1.7422000169754028,1.6833000183105469,1.7166999578475952,1.7166999578475952,0.0,EURTRY=X,eur_try
2008-01-17,1.7049000263214111,1.7418999671936035,1.7049000263214111,1.7015000581741333,1.7015000581741333,0.0,EURTRY=X,eur_try
2008-01-18,1.7346999645233154,1.7446000576019287,1.7203999757766724,1.733299970626831,1.733299970626831,0.0,EURTRY=X,eur_try
2008-01-22,1.7268999814987183,1.7961000204086304,1.7194000482559204,1.7438000440597534,1.7438000440597534,0.0,EURTRY=X,eur_try
2008-01-23,1.7448999881744385,1.7753000259399414,1.7354999780654907,1.7496000528335571,1.7496000528335571,0.0,EURTRY=X,eur_try
2008-01-24,1.7275999784469604,1.7580000162124634,1.7275999784469604,1.7323999404907227,1.7323999404907227,0.0,EURTRY=X,eur_try
2008-01-25,1.723099946975708,1.7474000453948975,1.723099946975708,1.7111999988555908,1.7111999988555908,0.0,EURTRY=X,eur_try
2008-01-28,1.7380000352859497,1.7604000568389893,1.7366000413894653,1.7496999502182007,1.7496999502182007,0.0,EURTRY=X,eur_try
2008-01-29,1.7452000379562378,1.7487000226974487,1.7229000329971313,1.7229000329971313,1.7229000329971313,0.0,EURTRY=X,eur_try
2008-01-30,1.733299970626831,1.746500015258789,1.7229000329971313,1.738800048828125,1.738800048828125,0.0,EURTRY=X,eur_try
2008-01-31,1.7367000579833984,1.7585999965667725,1.7222000360488892,1.7259999513626099,1.7259999513626099,0.0,EURTRY=X,eur_try
2008-02-01,1.7172000408172607,1.7430000305175781,1.7172000408172607,1.7343000173568726,1.7343000173568726,0.0,EURTRY=X,eur_try
2008-02-04,1.7293000221252441,1.7307000160217285,1.7121000289916992,1.71589994430542,1.71589994430542,0.0,EURTRY=X,eur_try
2008-02-05,1.6973999738693237,1.738700032234192,1.6973999738693237,1.738700032234192,1.738700032234192,0.0,EURTRY=X,eur_try
2008-02-06,1.6890000104904175,1.7467000484466553,1.6890000104904175,1.7229000329971313,1.7229000329971313,0.0,EURTRY=X,eur_try
2008-02-07,1.7021000385284424,1.764799952507019,1.7021000385284424,1.7340999841690063,1.7340999841690063,0.0,EURTRY=X,eur_try
2008-02-08,1.7235000133514404,1.7730000019073486,1.7192000150680542,1.7728999853134155,1.7728999853134155,0.0,EURTRY=X,eur_try
2008-02-11,1.773900032043457,1.7979999780654907,1.7651000022888184,1.7688000202178955,1.7688000202178955,0.0,EURTRY=X,eur_try
2008-02-12,1.7649999856948853,1.781999945640564,1.7553000450134277,1.7649999856948853,1.7649999856948853,0.0,EURTRY=X,eur_try
2008-02-13,1.7553000450134277,1.769700050354004,1.7360999584197998,1.7440999746322632,1.7440999746322632,0.0,EURTRY=X,eur_try
2008-02-14,1.7269999980926514,1.760699987411499,1.7269999980926514,1.76010000705719,1.76010000705719,0.0,EURTRY=X,eur_try
2008-02-15,1.7144999504089355,1.7694000005722046,1.7144999504089355,1.7527999877929688,1.7527999877929688,0.0,EURTRY=X,eur_try
2008-02-18,1.7582000494003296,1.7582000494003296,1.7335000038146973,1.7196999788284302,1.7196999788284302,0.0,EURTRY=X,eur_try
2008-02-19,1.7196999788284302,1.7645000219345093,1.7196999788284302,1.7620999813079834,1.7620999813079834,0.0,EURTRY=X,eur_try
2008-02-20,1.7596999406814575,1.7838000059127808,1.7510000467300415,1.7800999879837036,1.7800999879837036,0.0,EURTRY=X,eur_try
2008-02-21,1.771399974822998,1.787500023841858,1.7562999725341797,1.7913000583648682,1.7913000583648682,0.0,EURTRY=X,eur_try
2008-02-22,1.7422000169754028,1.7934999465942383,1.7422000169754028,1.7793999910354614,1.7793999910354614,0.0,EURTRY=X,eur_try
2008-02-25,1.788100004196167,1.788100004196167,1.7625000476837158,1.7696000337600708,1.7696000337600708,0.0,EURTRY=X,eur_try
2008-02-26,1.7785999774932861,1.7785999774932861,1.7541999816894531,1.7827999591827393,1.7827999591827393,0.0,EURTRY=X,eur_try
2008-02-27,1.7792999744415283,1.7882000207901,1.7644000053405762,1.7854000329971313,1.7854000329971313,0.0,EURTRY=X,eur_try
2008-02-28,1.749400019645691,1.801800012588501,1.749400019645691,1.7972999811172485,1.7972999811172485,0.0,EURTRY=X,eur_try
2008-02-29,1.7524000406265259,1.8513000011444092,1.7524000406265259,1.8513000011444092,1.8513000011444092,0.0,EURTRY=X,eur_try
2008-03-03,1.7954000234603882,1.8759000301361084,1.7954000234603882,1.8496999740600586,1.8496999740600586,0.0,EURTRY=X,eur_try
2008-03-04,1.846500039100647,1.8686000108718872,1.8188999891281128,1.8502999544143677,1.8502999544143677,0.0,EURTRY=X,eur_try
2008-03-05,1.8240000009536743,1.856600046157837,1.8240000009536743,1.8495999574661255,1.8495999574661255,0.0,EURTRY=X,eur_try
2008-03-06,1.8066999912261963,1.9301999807357788,1.8066999912261963,1.9301999807357788,1.9301999807357788,0.0,EURTRY=X,eur_try
2008-03-07,1.8346999883651733,1.9514000415802002,1.8346999883651733,1.919600009918213,1.919600009918213,0.0,EURTRY=X,eur_try
2008-03-10,1.927299976348877,1.9352999925613403,1.9048999547958374,1.934499979019165,1.934499979019165,0.0,EURTRY=X,eur_try
2008-03-11,1.8753000497817993,1.93149995803833,1.8621000051498413,1.8626999855041504,1.8626999855041504,0.0,EURTRY=X,eur_try
2008-03-12,1.8628000020980835,1.9097000360488892,1.8622000217437744,1.9005999565124512,1.9005999565124512,0.0,EURTRY=X,eur_try
2008-03-13,1.9003000259399414,1.951200008392334,1.8945000171661377,1.9134000539779663,1.9134000539779663,0.0,EURTRY=X,eur_try
2008-03-14,1.913699984550476,1.9471999406814575,1.879699945449829,1.879699945449829,1.879699945449829,0.0,EURTRY=X,eur_try
2008-03-17,1.9780000448226929,2.0160000324249268,1.976199984550476,1.9838000535964966,1.9838000535964966,0.0,EURTRY=X,eur_try
2008-03-18,1.9730000495910645,1.9874000549316406,1.8871999979019165,1.920199990272522,1.920199990272522,0.0,EURTRY=X,eur_try
2008-03-19,1.9206000566482544,1.9666999578475952,1.9111000299453735,1.926900029182434,1.926900029182434,0.0,EURTRY=X,eur_try
2008-03-20,1.9270000457763672,1.9665000438690186,1.9098999500274658,1.9103000164031982,1.9103000164031982,0.0,EURTRY=X,eur_try
2008-03-21,1.909500002861023,1.9329999685287476,1.892300009727478,1.892300009727478,1.892300009727478,0.0,EURTRY=X,eur_try
2008-03-24,1.892300009727478,1.9311000108718872,1.8787000179290771,1.902999997138977,1.902999997138977,0.0,EURTRY=X,eur_try
2008-03-25,1.9031000137329102,1.9672000408172607,1.9005000591278076,1.958400011062622,1.958400011062622,0.0,EURTRY=X,eur_try
2008-03-26,1.958400011062622,2.0283000469207764,1.952299952507019,2.025599956512451,2.025599956512451,0.0,EURTRY=X,eur_try
2008-03-27,2.025099992752075,2.0322000980377197,1.9763000011444092,2.0292000770568848,2.0292000770568848,0.0,EURTRY=X,eur_try
2008-03-28,2.028899908065796,2.0587000846862793,1.9958000183105469,2.007999897003174,2.007999897003174,0.0,EURTRY=X,eur_try
2008-03-30,2.0439000129699707,2.1191000938415527,2.0367000102996826,2.1001999378204346,2.1001999378204346,0.0,EURTRY=X,eur_try
2008-04-01,2.0350000858306885,2.0350000858306885,1.9916000366210938,2.021399974822998,2.021399974822998,0.0,EURTRY=X,eur_try
2008-04-02,2.0218000411987305,2.046799898147583,1.9837000370025635,2.034600019454956,2.034600019454956,0.0,EURTRY=X,eur_try
2008-04-03,2.034600019454956,2.0499000549316406,2.012700080871582,2.015199899673462,2.015199899673462,0.0,EURTRY=X,eur_try
2008-04-06,2.0116000175476074,2.0297999382019043,1.9838999509811401,2.0181000232696533,2.0181000232696533,0.0,EURTRY=X,eur_try
2008-04-07,2.0339999198913574,2.037100076675415,2.011899948120117,2.0267999172210693,2.0267999172210693,0.0,EURTRY=X,eur_try
2008-04-08,2.0220000743865967,2.077500104904175,2.0192999839782715,2.0771000385284424,2.0771000385284424,0.0,EURTRY=X,eur_try
2008-04-09,2.0769999027252197,2.0950000286102295,2.0327999591827393,2.040800094604492,2.040800094604492,0.0,EURTRY=X,eur_try
2008-04-10,2.040600061416626,2.0739998817443848,2.0350000858306885,2.0488998889923096,2.0488998889923096,0.0,EURTRY=X,eur_try
2008-04-13,2.036099910736084,2.0943000316619873,2.036099910736084,2.0780999660491943,2.0780999660491943,0.0,EURTRY=X,eur_try
2008-04-14,2.0782999992370605,2.088599920272827,2.0617001056671143,2.072499990463257,2.072499990463257,0.0,EURTRY=X,eur_try
2008-04-15,2.072700023651123,2.125499963760376,2.071899890899658,2.0947999954223633,2.0947999954223633,0.0,EURTRY=X,eur_try
2008-04-16,2.094899892807007,2.1356000900268555,2.089400053024292,2.1073999404907227,2.1073999404907227,0.0,EURTRY=X,eur_try
2008-04-17,2.1092000007629395,2.1275999546051025,2.0494000911712646,2.065200090408325,2.065200090408325,0.0,EURTRY=X,eur_try
2008-04-20,2.075500011444092,2.0996999740600586,2.058500051498413,2.0878000259399414,2.0878000259399414,0.0,EURTRY=X,eur_try
2008-04-21,2.0887999534606934,2.098099946975708,2.072000026702881,2.0808000564575195,2.0808000564575195,0.0,EURTRY=X,eur_try
2008-04-22,2.0806000232696533,2.089099884033203,2.036900043487549,2.0492000579833984,2.0492000579833984,0.0,EURTRY=X,eur_try
2008-04-23,2.0495998859405518,2.0617001056671143,2.001199960708618,2.0171000957489014,2.0171000957489014,0.0,EURTRY=X,eur_try
2008-04-24,2.016900062561035,2.0288000106811523,1.993499994277954,2.0034000873565674,2.0034000873565674,0.0,EURTRY=X,eur_try
2008-04-27,2.002000093460083,2.0137999057769775,1.9845999479293823,1.9882999658584595,1.9882999658584595,0.0,EURTRY=X,eur_try
2008-04-28,1.9704999923706055,2.0169999599456787,1.9704999923706055,2.000499963760376,2.000499963760376,0.0,EURTRY=X,eur_try
2008-04-29,2.0006000995635986,2.023400068283081,1.9736000299453735,1.9763000011444092,1.9763000011444092,0.0,EURTRY=X,eur_try
2008-05-01,1.9630000591278076,1.9728000164031982,1.9297000169754028,1.9465999603271484,1.9465999603271484,0.0,EURTRY=X,eur_try
2008-05-04,1.9524999856948853,1.9615999460220337,1.9363000392913818,1.9535000324249268,1.9535000324249268,0.0,EURTRY=X,eur_try
2008-05-05,1.9536000490188599,1.9651999473571777,1.9278000593185425,1.9342999458312988,1.9342999458312988,0.0,EURTRY=X,eur_try
2008-05-06,1.9342000484466553,1.9431999921798706,1.909600019454956,1.9230999946594238,1.9230999946594238,0.0,EURTRY=X,eur_try
2008-05-07,1.923200011253357,1.9571000337600708,1.9047000408172607,1.9362000226974487,1.9362000226974487,0.0,EURTRY=X,eur_try
2008-05-08,1.9122999906539917,1.972499966621399,1.9122999906539917,1.9485000371932983,1.9485000371932983,0.0,EURTRY=X,eur_try
2008-05-11,1.9430999755859375,1.9575999975204468,1.9336999654769897,1.9529999494552612,1.9529999494552612,0.0,EURTRY=X,eur_try
2008-05-12,1.9522000551223755,1.9522000551223755,1.9088000059127808,1.9155000448226929,1.9155000448226929,0.0,EURTRY=X,eur_try
2008-05-13,1.9154000282287598,1.9479000568389893,1.9117000102996826,1.9294999837875366,1.9294999837875366,0.0,EURTRY=X,eur_try
2008-05-14,1.9293999671936035,1.9528000354766846,1.8980000019073486,1.9069000482559204,1.9069000482559204,0.0,EURTRY=X,eur_try
2008-05-15,1.906999945640564,1.9292999505996704,1.8861000537872314,1.9134000539779663,1.9134000539779663,0.0,EURTRY=X,eur_try
2008-05-18,1.917799949645996,1.920199990272522,1.8964999914169312,1.9042999744415283,1.9042999744415283,0.0,EURTRY=X,eur_try
2008-05-19,1.8860000371932983,1.9493000507354736,1.8860000371932983,1.9383000135421753,1.9383000135421753,0.0,EURTRY=X,eur_try
2008-05-20,1.9133000373840332,1.9774999618530273,1.9133000373840332,1.9505000114440918,1.9505000114440918,0.0,EURTRY=X,eur_try
2008-05-21,1.9336999654769897,1.9859000444412231,1.9336999654769897,1.948099970817566,1.948099970817566,0.0,EURTRY=X,eur_try
2008-05-22,1.938099980354309,1.9700000286102295,1.938099980354309,1.9593000411987305,1.9593000411987305,0.0,EURTRY=X,eur_try
2008-05-25,1.9564000368118286,1.9778000116348267,1.9528000354766846,1.958299994468689,1.958299994468689,0.0,EURTRY=X,eur_try
2008-05-26,1.9600000381469727,1.975600004196167,1.940600037574768,1.9265999794006348,1.9265999794006348,0.0,EURTRY=X,eur_try
2008-05-27,1.947700023651123,1.9603999853134155,1.899899959564209,1.901900053024292,1.901900053024292,0.0,EURTRY=X,eur_try
2008-05-28,1.902400016784668,1.9124000072479248,1.8672000169754028,1.8803000450134277,1.8803000450134277,0.0,EURTRY=X,eur_try
2008-05-29,1.8560999631881714,1.8974000215530396,1.8560999631881714,1.8878999948501587,1.8878999948501587,0.0,EURTRY=X,eur_try
2008-06-01,1.8873000144958496,1.9118000268936157,1.854099988937378,1.9057999849319458,1.9057999849319458,0.0,EURTRY=X,eur_try
2008-06-02,1.905900001525879,1.929900050163269,1.8791999816894531,1.8913999795913696,1.8913999795913696,0.0,EURTRY=X,eur_try
2008-06-03,1.8895000219345093,1.9248000383377075,1.885599970817566,1.8918999433517456,1.8918999433517456,0.0,EURTRY=X,eur_try
2008-06-04,1.8925000429153442,1.9398000240325928,1.8801000118255615,1.9221999645233154,1.9221999645233154,0.0,EURTRY=X,eur_try
2008-06-05,1.9229999780654907,1.9639999866485596,1.9174000024795532,1.9634000062942505,1.9634000062942505,0.0,EURTRY=X,eur_try
2008-06-08,1.9620000123977661,1.9810999631881714,1.9212000370025635,1.9322999715805054,1.9322999715805054,0.0,EURTRY=X,eur_try
2008-06-09,1.9322999715805054,1.958899974822998,1.912600040435791,1.9321999549865723,1.9321999549865723,0.0,EURTRY=X,eur_try
2008-06-10,1.9320000410079956,1.9682999849319458,1.922700047492981,1.9589999914169312,1.9589999914169312,0.0,EURTRY=X,eur_try
2008-06-11,1.9589999914169312,1.9749000072479248,1.9178999662399292,1.9271999597549438,1.9271999597549438,0.0,EURTRY=X,eur_try
2008-06-12,1.9263999462127686,1.9357000589370728,1.909999966621399,1.9270999431610107,1.9270999431610107,0.0,EURTRY=X,eur_try
2008-06-15,1.9277000427246094,1.9352999925613403,1.9043999910354614,1.924399971961975,1.924399971961975,0.0,EURTRY=X,eur_try
2008-06-16,1.9244999885559082,1.937399983406067,1.8898999691009521,1.8954999446868896,1.8954999446868896,0.0,EURTRY=X,eur_try
2008-06-17,1.873900055885315,1.9141000509262085,1.873900055885315,1.8990000486373901,1.8990000486373901,0.0,EURTRY=X,eur_try
2008-06-18,1.898800015449524,1.926900029182434,1.8835999965667725,1.875499963760376,1.875499963760376,0.0,EURTRY=X,eur_try
2008-06-19,1.875499963760376,1.9270000457763672,1.875499963760376,1.8934999704360962,1.8934999704360962,0.0,EURTRY=X,eur_try
2008-06-22,1.9114999771118164,1.9149999618530273,1.8909000158309937,1.898800015449524,1.898800015449524,0.0,EURTRY=X,eur_try
2008-06-23,1.871399998664856,1.9255000352859497,1.871399998664856,1.8954999446868896,1.8954999446868896,0.0,EURTRY=X,eur_try
2008-06-24,1.895400047302246,1.9122999906539917,1.881100058555603,1.906499981880188,1.906499981880188,0.0,EURTRY=X,eur_try
2008-06-25,1.9063999652862549,1.9392000436782837,1.8877999782562256,1.9176000356674194,1.9176000356674194,0.0,EURTRY=X,eur_try
2008-06-26,1.917099952697754,1.9472999572753906,1.9112999439239502,1.9249999523162842,1.9249999523162842,0.0,EURTRY=X,eur_try
2008-06-29,1.9401999711990356,1.944100022315979,1.9151999950408936,1.9244999885559082,1.9244999885559082,0.0,EURTRY=X,eur_try
2008-07-01,1.9622000455856323,1.9772000312805176,1.944100022315979,1.9772000312805176,1.9772000312805176,0.0,EURTRY=X,eur_try
2008-07-02,1.9773000478744507,1.9980000257492065,1.9450000524520874,1.9458999633789062,1.9458999633789062,0.0,EURTRY=X,eur_try
2008-07-03,1.9450000524520874,1.948099970817566,1.9256999492645264,1.909000039100647,1.909000039100647,0.0,EURTRY=X,eur_try
2008-07-06,1.9221999645233154,1.9450000524520874,1.906499981880188,1.9101999998092651,1.9101999998092651,0.0,EURTRY=X,eur_try
2008-07-07,1.8960000276565552,1.9455000162124634,1.8960000276565552,1.9149999618530273,1.9149999618530273,0.0,EURTRY=X,eur_try
2008-07-08,1.8995000123977661,1.93149995803833,1.8995000123977661,1.9294999837875366,1.9294999837875366,0.0,EURTRY=X,eur_try
2008-07-09,1.8919999599456787,1.9371000528335571,1.8919999599456787,1.9254000186920166,1.9254000186920166,0.0,EURTRY=X,eur_try
2008-07-10,1.9253000020980835,1.9586000442504883,1.9124000072479248,1.9470000267028809,1.9470000267028809,0.0,EURTRY=X,eur_try
2008-07-13,1.9469000101089478,1.9469000101089478,1.9113999605178833,1.9276000261306763,1.9276000261306763,0.0,EURTRY=X,eur_try
2008-07-14,1.937399983406067,1.9586000442504883,1.9285000562667847,1.9326000213623047,1.9326000213623047,0.0,EURTRY=X,eur_try
2008-07-15,1.9330999851226807,1.9479000568389893,1.9027999639511108,1.9046000242233276,1.9046000242233276,0.0,EURTRY=X,eur_try
2008-07-16,1.9041999578475952,1.922700047492981,1.875499963760376,1.8868000507354736,1.8868000507354736,0.0,EURTRY=X,eur_try
2008-07-17,1.8868000507354736,1.9069000482559204,1.8690999746322632,1.8761999607086182,1.8761999607086182,0.0,EURTRY=X,eur_try
2008-07-20,1.8646999597549438,1.8986999988555908,1.8646999597549438,1.896299958229065,1.896299958229065,0.0,EURTRY=X,eur_try
2008-07-21,1.896399974822998,1.9128999710083008,1.8839999437332153,1.891700029373169,1.891700029373169,0.0,EURTRY=X,eur_try
2008-07-22,1.891800045967102,1.8980000019073486,1.8690999746322632,1.8910000324249268,1.8910000324249268,0.0,EURTRY=X,eur_try
2008-07-23,1.889799952507019,1.8973000049591064,1.8723000288009644,1.898300051689148,1.898300051689148,0.0,EURTRY=X,eur_try
2008-07-24,1.861199975013733,1.902999997138977,1.861199975013733,1.895900011062622,1.895900011062622,0.0,EURTRY=X,eur_try
2008-07-27,1.902899980545044,1.902899980545044,1.881500005722046,1.8863999843597412,1.8863999843597412,0.0,EURTRY=X,eur_try
2008-07-28,1.8704999685287476,1.9010000228881836,1.851699948310852,1.8651000261306763,1.8651000261306763,0.0,EURTRY=X,eur_try
2008-07-29,1.8651000261306763,1.8651000261306763,1.804800033569336,1.804800033569336,1.804800033569336,0.0,EURTRY=X,eur_try
2008-07-30,1.8312000036239624,1.8312000036239624,1.795199990272522,1.8029999732971191,1.8029999732971191,0.0,EURTRY=X,eur_try
2008-07-31,1.801300048828125,1.8145999908447266,1.77839994430542,1.7862000465393066,1.7862000465393066,0.0,EURTRY=X,eur_try
2008-08-03,1.8004000186920166,1.8101999759674072,1.7792999744415283,1.783400058746338,1.783400058746338,0.0,EURTRY=X,eur_try
2008-08-04,1.7842999696731567,1.794100046157837,1.7720999717712402,1.7766000032424927,1.7766000032424927,0.0,EURTRY=X,eur_try
2008-08-05,1.7767000198364258,1.8041000366210938,1.7740000486373901,1.7858999967575073,1.7858999967575073,0.0,EURTRY=X,eur_try
2008-08-06,1.7861000299453735,1.8173999786376953,1.7832000255584717,1.7934999465942383,1.7934999465942383,0.0,EURTRY=X,eur_try
2008-08-07,1.7932000160217285,1.8049999475479126,1.7723000049591064,1.7747999429702759,1.7747999429702759,0.0,EURTRY=X,eur_try
2008-08-10,1.7657999992370605,1.784000039100647,1.7546000480651855,1.7691999673843384,1.7691999673843384,0.0,EURTRY=X,eur_try
2008-08-11,1.7695000171661377,1.7734999656677246,1.746999979019165,1.7547999620437622,1.7547999620437622,0.0,EURTRY=X,eur_try
2008-08-12,1.7548999786376953,1.7747000455856323,1.7447999715805054,1.7681000232696533,1.7681000232696533,0.0,EURTRY=X,eur_try
2008-08-13,1.767699956893921,1.7731000185012817,1.7336000204086304,1.749400019645691,1.749400019645691,0.0,EURTRY=X,eur_try
2008-08-14,1.749400019645691,1.7554999589920044,1.7275999784469604,1.732200026512146,1.732200026512146,0.0,EURTRY=X,eur_try
2008-08-17,1.7467000484466553,1.7482999563217163,1.7278000116348267,1.7382999658584595,1.7382999658584595,0.0,EURTRY=X,eur_try
2008-08-18,1.7102999687194824,1.763800024986267,1.7102999687194824,1.753499984741211,1.753499984741211,0.0,EURTRY=X,eur_try
2008-08-19,1.7532000541687012,1.7610000371932983,1.7396999597549438,1.7561999559402466,1.7561999559402466,0.0,EURTRY=X,eur_try
2008-08-20,1.725000023841858,1.7745000123977661,1.725000023841858,1.7632999420166016,1.7632999420166016,0.0,EURTRY=X,eur_try
2008-08-21,1.7339999675750732,1.770799994468689,1.7339999675750732,1.7467999458312988,1.7467999458312988,0.0,EURTRY=X,eur_try
2008-08-24,1.7395999431610107,1.757599949836731,1.7197999954223633,1.7466000318527222,1.7466000318527222,0.0,EURTRY=X,eur_try
2008-08-25,1.7401000261306763,1.7497999668121338,1.7264000177383423,1.7360999584197998,1.7360999584197998,0.0,EURTRY=X,eur_try
2008-08-26,1.7098000049591064,1.7603000402450562,1.7098000049591064,1.750499963760376,1.750499963760376,0.0,EURTRY=X,eur_try
2008-08-27,1.750499963760376,1.7634999752044678,1.732100009918213,1.7417000532150269,1.7417000532150269,0.0,EURTRY=X,eur_try
2008-08-28,1.7416000366210938,1.7527999877929688,1.7259000539779663,1.7278000116348267,1.7278000116348267,0.0,EURTRY=X,eur_try
2008-08-31,1.7294000387191772,1.7425999641418457,1.7093000411987305,1.7134000062942505,1.7134000062942505,0.0,EURTRY=X,eur_try
2008-09-01,1.7136000394821167,1.7400000095367432,1.7106000185012817,1.7380000352859497,1.7380000352859497,0.0,EURTRY=X,eur_try
2008-09-02,1.7381000518798828,1.7697999477386475,1.7165000438690186,1.7617000341415405,1.7617000341415405,0.0,EURTRY=X,eur_try
2008-09-03,1.7613999843597412,1.7813999652862549,1.7483999729156494,1.7688000202178955,1.7688000202178955,0.0,EURTRY=X,eur_try
2008-09-04,1.761199951171875,1.7832000255584717,1.751099944114685,1.760599970817566,1.760599970817566,0.0,EURTRY=X,eur_try
2008-09-07,1.7520999908447266,1.7865999937057495,1.7232999801635742,1.7330000400543213,1.7330000400543213,0.0,EURTRY=X,eur_try
2008-09-08,1.7330000400543213,1.7537000179290771,1.7117999792099,1.749899983406067,1.749899983406067,0.0,EURTRY=X,eur_try
2008-09-09,1.7489999532699585,1.7532999515533447,1.7301000356674194,1.7103999853134155,1.7103999853134155,0.0,EURTRY=X,eur_try
2008-09-10,1.7103999853134155,1.774999976158142,1.7103999853134155,1.7580000162124634,1.7580000162124634,0.0,EURTRY=X,eur_try
2008-09-11,1.7578999996185303,1.7655999660491943,1.7408000230789185,1.7594000101089478,1.7594000101089478,0.0,EURTRY=X,eur_try
2008-09-14,1.7908999919891357,1.8115999698638916,1.7731000185012817,1.8003000020980835,1.8003000020980835,0.0,EURTRY=X,eur_try
2008-09-15,1.8000999689102173,1.830199956893921,1.777999997138977,1.7913000583648682,1.7913000583648682,0.0,EURTRY=X,eur_try
2008-09-16,1.7913999557495117,1.8493000268936157,1.7771999835968018,1.8457000255584717,1.8457000255584717,0.0,EURTRY=X,eur_try
2008-09-17,1.8451999425888062,1.8623000383377075,1.8133000135421753,1.8229999542236328,1.8229999542236328,0.0,EURTRY=X,eur_try
2008-09-18,1.819100022315979,1.8250000476837158,1.76010000705719,1.7719000577926636,1.7719000577926636,0.0,EURTRY=X,eur_try
2008-09-21,1.801200032234192,1.8381999731063843,1.7863999605178833,1.830399990081787,1.830399990081787,0.0,EURTRY=X,eur_try
2008-09-22,1.830299973487854,1.839900016784668,1.80239999294281,1.8264000415802002,1.8264000415802002,0.0,EURTRY=X,eur_try
2008-09-23,1.826799988746643,1.8330999612808228,1.795300006866455,1.8176000118255615,1.8176000118255615,0.0,EURTRY=X,eur_try
2008-09-24,1.8178000450134277,1.8331999778747559,1.7960000038146973,1.7967000007629395,1.7967000007629395,0.0,EURTRY=X,eur_try
2008-09-25,1.785599946975708,1.823699951171875,1.785599946975708,1.7914999723434448,1.7914999723434448,0.0,EURTRY=X,eur_try
2008-09-28,1.7893999814987183,1.8526999950408936,1.774399995803833,1.8365000486373901,1.8365000486373901,0.0,EURTRY=X,eur_try
2008-09-29,1.8360999822616577,1.8423000574111938,1.7782000303268433,1.7843999862670898,1.7843999862670898,0.0,EURTRY=X,eur_try
2008-09-30,1.7848000526428223,1.801200032234192,1.7757999897003174,1.7805999517440796,1.7805999517440796,0.0,EURTRY=X,eur_try
2008-10-01,1.7806999683380127,1.8244999647140503,1.7700999975204468,1.8209999799728394,1.8209999799728394,0.0,EURTRY=X,eur_try
2008-10-02,1.8208999633789062,1.8310999870300293,1.7855000495910645,1.771299958229065,1.771299958229065,0.0,EURTRY=X,eur_try
2008-10-05,1.7592999935150146,1.8803000450134277,1.7592999935150146,1.8564000129699707,1.8564000129699707,0.0,EURTRY=X,eur_try
2008-10-06,1.8561999797821045,1.873900055885315,1.8301000595092773,1.8193999528884888,1.8193999528884888,0.0,EURTRY=X,eur_try
2008-10-07,1.8193999528884888,1.9555000066757202,1.8193999528884888,1.9225000143051147,1.9225000143051147,0.0,EURTRY=X,eur_try
2008-10-08,1.9229999780654907,1.9479999542236328,1.8707000017166138,1.9455000162124634,1.9455000162124634,0.0,EURTRY=X,eur_try
2008-10-09,1.94350004196167,1.9615000486373901,1.9002000093460083,1.909500002861023,1.909500002861023,0.0,EURTRY=X,eur_try
2008-10-12,1.9280999898910522,1.9282000064849854,1.868499994277954,1.8806999921798706,1.8806999921798706,0.0,EURTRY=X,eur_try
2008-10-13,1.8804999589920044,1.8977999687194824,1.8503999710083008,1.8676999807357788,1.8676999807357788,0.0,EURTRY=X,eur_try
2008-10-14,1.8592000007629395,1.992900013923645,1.8559000492095947,1.992900013923645,1.992900013923645,0.0,EURTRY=X,eur_try
2008-10-15,1.9925999641418457,2.0618999004364014,1.9082000255584717,2.0297000408172607,2.0297000408172607,0.0,EURTRY=X,eur_try
2008-10-16,2.030100107192993,2.0613999366760254,1.972599983215332,2.0132999420166016,2.0132999420166016,0.0,EURTRY=X,eur_try
2008-10-19,1.999899983406067,2.040800094604492,1.9819999933242798,2.0006000995635986,2.0006000995635986,0.0,EURTRY=X,eur_try
2008-10-20,2.001199960708618,2.092600107192993,1.986799955368042,2.0692999362945557,2.0692999362945557,0.0,EURTRY=X,eur_try
2008-10-21,2.0694000720977783,2.194000005722046,2.0076000690460205,2.170300006866455,2.170300006866455,0.0,EURTRY=X,eur_try
2008-10-22,2.1707000732421875,2.2279999256134033,2.105299949645996,2.117500066757202,2.117500066757202,0.0,EURTRY=X,eur_try
2008-10-23,2.1572000980377197,2.1751999855041504,2.0975000858306885,2.119999885559082,2.119999885559082,0.0,EURTRY=X,eur_try
2008-10-27,2.0952999591827393,2.1386001110076904,2.0076000690460205,2.0467000007629395,2.0467000007629395,0.0,EURTRY=X,eur_try
2008-10-28,2.0452001094818115,2.06030011177063,1.9005000591278076,1.9911999702453613,1.9911999702453613,0.0,EURTRY=X,eur_try
2008-10-29,1.9919999837875366,1.9919999837875366,1.888100028038025,1.9349000453948975,1.9349000453948975,0.0,EURTRY=X,eur_try
2008-10-30,1.9348000288009644,2.003700017929077,1.902400016784668,1.9579999446868896,1.9579999446868896,0.0,EURTRY=X,eur_try
2008-10-31,1.9589999914169312,2.017199993133545,1.919800043106079,1.9630000591278076,1.9630000591278076,0.0,EURTRY=X,eur_try
2008-11-03,1.943600058555603,1.9819999933242798,1.9005000591278076,1.9615000486373901,1.9615000486373901,0.0,EURTRY=X,eur_try
2008-11-04,1.9617999792099,1.9692000150680542,1.8931000232696533,1.9289000034332275,1.9289000034332275,0.0,EURTRY=X,eur_try
2008-11-05,1.9285000562667847,1.9874999523162842,1.8720999956130981,1.978600025177002,1.978600025177002,0.0,EURTRY=X,eur_try
2008-11-06,1.979599952697754,1.993899941444397,1.9144999980926514,1.937000036239624,1.937000036239624,0.0,EURTRY=X,eur_try
2008-11-07,1.937000036239624,1.983199954032898,1.9205000400543213,1.9520000219345093,1.9520000219345093,0.0,EURTRY=X,eur_try
2008-11-10,1.9204000234603882,1.9732999801635742,1.9117000102996826,1.9603999853134155,1.9603999853134155,0.0,EURTRY=X,eur_try
2008-11-11,1.9605000019073486,2.052799940109253,1.9286999702453613,2.007699966430664,2.007699966430664,0.0,EURTRY=X,eur_try
2008-11-12,2.0104000568389893,2.0683999061584473,1.9672000408172607,2.0529000759124756,2.0529000759124756,0.0,EURTRY=X,eur_try
2008-11-13,2.053100109100342,2.104599952697754,2.018899917602539,2.081199884414673,2.081199884414673,0.0,EURTRY=X,eur_try
2008-11-14,2.0797998905181885,2.0896999835968018,2.031100034713745,2.0380001068115234,2.0380001068115234,0.0,EURTRY=X,eur_try
2008-11-17,2.0181000232696533,2.0776000022888184,1.992799997329712,2.0562000274658203,2.0562000274658203,0.0,EURTRY=X,eur_try
2008-11-18,2.056299924850464,2.111799955368042,2.0367000102996826,2.0880000591278076,2.0880000591278076,0.0,EURTRY=X,eur_try
2008-11-19,2.091099977493286,2.174999952316284,2.0499000549316406,2.168100118637085,2.168100118637085,0.0,EURTRY=X,eur_try
2008-11-20,2.169600009918213,2.1786000728607178,2.088200092315674,2.0961999893188477,2.0961999893188477,0.0,EURTRY=X,eur_try
2008-11-21,2.1540000438690186,2.1540000438690186,2.0738000869750977,2.1045000553131104,2.1045000553131104,0.0,EURTRY=X,eur_try
2008-11-24,2.085200071334839,2.085200071334839,1.9917999505996704,2.037400007247925,2.037400007247925,0.0,EURTRY=X,eur_try
2008-11-25,2.036900043487549,2.0566999912261963,2.0006000995635986,2.0374999046325684,2.0374999046325684,0.0,EURTRY=X,eur_try
2008-11-26,2.0371999740600586,2.073899984359741,2.00570011138916,2.025899887084961,2.025899887084961,0.0,EURTRY=X,eur_try
2008-11-27,2.025700092315674,2.045099973678589,1.985700011253357,2.0241000652313232,2.0241000652313232,0.0,EURTRY=X,eur_try
2008-11-28,2.0216000080108643,2.0320000648498535,1.9830000400543213,1.9919999837875366,1.9919999837875366,0.0,EURTRY=X,eur_try
2008-12-01,1.9652999639511108,2.031599998474121,1.9430999755859375,2.01419997215271,2.01419997215271,0.0,EURTRY=X,eur_try
2008-12-02,2.0141000747680664,2.0488998889923096,1.9670000076293945,2.0183000564575195,2.0183000564575195,0.0,EURTRY=X,eur_try
2008-12-03,2.018199920654297,2.0283000469207764,1.9675999879837036,1.9950000047683716,1.9950000047683716,0.0,EURTRY=X,eur_try
2008-12-04,1.9946000576019287,2.0060999393463135,1.9388999938964844,1.9919999837875366,1.9919999837875366,0.0,EURTRY=X,eur_try
2008-12-05,1.992400050163269,2.0429000854492188,1.9485000371932983,1.9769999980926514,1.9769999980926514,0.0,EURTRY=X,eur_try
2008-12-08,2.0248000621795654,2.0394999980926514,1.9838999509811401,2.0260000228881836,2.0260000228881836,0.0,EURTRY=X,eur_try
2008-12-09,2.0257999897003174,2.056999921798706,1.982300043106079,2.0510001182556152,2.0510001182556152,0.0,EURTRY=X,eur_try
2008-12-10,2.051100015640259,2.0569000244140625,1.9874999523162842,2.017199993133545,2.017199993133545,0.0,EURTRY=X,eur_try
2008-12-11,2.0172998905181885,2.055299997329712,1.9922000169754028,2.0332000255584717,2.0332000255584717,0.0,EURTRY=X,eur_try
2008-12-12,2.033099889755249,2.098599910736084,2.0162999629974365,2.078200101852417,2.078200101852417,0.0,EURTRY=X,eur_try
2008-12-15,2.0831000804901123,2.1405999660491943,2.05430006980896,2.133500099182129,2.133500099182129,0.0,EURTRY=X,eur_try
2008-12-16,2.132200002670288,2.1654000282287598,2.0977001190185547,2.165299892425537,2.165299892425537,0.0,EURTRY=X,eur_try
2008-12-17,2.1661999225616455,2.213200092315674,2.1110000610351562,2.2007999420166016,2.2007999420166016,0.0,EURTRY=X,eur_try
2008-12-18,2.2005999088287354,2.2460999488830566,2.1324000358581543,2.154599905014038,2.154599905014038,0.0,EURTRY=X,eur_try
2008-12-19,2.156599998474121,2.156599998474121,2.0873000621795654,2.0973000526428223,2.0973000526428223,0.0,EURTRY=X,eur_try
2008-12-22,2.1393001079559326,2.150399923324585,2.062700033187866,2.1266000270843506,2.1266000270843506,0.0,EURTRY=X,eur_try
2008-12-23,2.124300003051758,2.1401000022888184,2.075900077819824,2.0961999893188477,2.0961999893188477,0.0,EURTRY=X,eur_try
2008-12-24,2.0961999893188477,2.1393001079559326,2.0961999893188477,2.0961999893188477,2.0961999893188477,0.0,EURTRY=X,eur_try
2008-12-25,2.0961999893188477,2.0961999893188477,2.0961999893188477,2.128000020980835,2.128000020980835,0.0,EURTRY=X,eur_try
2008-12-26,2.124799966812134,2.139899969100952,2.1113998889923096,2.115600109100342,2.115600109100342,0.0,EURTRY=X,eur_try
2008-12-29,2.123199939727783,2.1772000789642334,2.0929999351501465,2.1124000549316406,2.1124000549316406,0.0,EURTRY=X,eur_try
2008-12-30,2.142199993133545,2.1728999614715576,2.090100049972534,2.1538000106811523,2.1538000106811523,0.0,EURTRY=X,eur_try
2008-12-31,2.1522998809814453,2.1735999584198,2.1289000511169434,2.1233999729156494,2.1233999729156494,0.0,EURTRY=X,eur_try
2009-01-01,2.1233999729156494,2.1233999729156494,2.106800079345703,2.106800079345703,2.106800079345703,0.0,EURTRY=X,eur_try
2009-01-02,2.1463000774383545,2.152899980545044,2.078700065612793,2.140399932861328,2.140399932861328,0.0,EURTRY=X,eur_try
2009-01-05,2.1312999725341797,2.1326000690460205,2.076200008392334,2.086899995803833,2.086899995803833,0.0,EURTRY=X,eur_try
2009-01-06,2.062000036239624,2.0757999420166016,2.0220000743865967,2.039900064468384,2.039900064468384,0.0,EURTRY=X,eur_try
2009-01-07,1.9950000047683716,2.1243999004364014,1.9950000047683716,2.114500045776367,2.114500045776367,0.0,EURTRY=X,eur_try
2009-01-08,2.114300012588501,2.155100107192993,2.077500104904175,2.1308999061584473,2.1308999061584473,0.0,EURTRY=X,eur_try
2009-01-09,2.126800060272217,2.1384999752044678,2.0634000301361084,2.095599889755249,2.095599889755249,0.0,EURTRY=X,eur_try
2009-01-12,2.0855000019073486,2.138200044631958,2.0564000606536865,2.1298999786376953,2.1298999786376953,0.0,EURTRY=X,eur_try
2009-01-13,2.130000114440918,2.136699914932251,2.0604000091552734,2.1070001125335693,2.1070001125335693,0.0,EURTRY=X,eur_try
2009-01-14,2.1070001125335693,2.1489999294281006,2.0613999366760254,2.147900104522705,2.147900104522705,0.0,EURTRY=X,eur_try
2009-01-15,2.147700071334839,2.1482999324798584,2.1041998863220215,2.112600088119507,2.112600088119507,0.0,EURTRY=X,eur_try
2009-01-16,2.1126999855041504,2.1714000701904297,2.0864999294281006,2.1598000526428223,2.1598000526428223,0.0,EURTRY=X,eur_try
2009-01-19,2.15310001373291,2.1775999069213867,2.1177000999450684,2.1549999713897705,2.1549999713897705,0.0,EURTRY=X,eur_try
2009-01-20,2.154900074005127,2.1714999675750732,2.1126999855041504,2.148400068283081,2.148400068283081,0.0,EURTRY=X,eur_try
2009-01-21,2.134000062942505,2.1602001190185547,2.1029999256134033,2.1431000232696533,2.1431000232696533,0.0,EURTRY=X,eur_try
2009-01-22,2.118299961090088,2.155900001525879,2.101300001144409,2.15339994430542,2.15339994430542,0.0,EURTRY=X,eur_try
2009-01-23,2.114000082015991,2.1728999614715576,2.114000082015991,2.1640000343322754,2.1640000343322754,0.0,EURTRY=X,eur_try
2009-01-26,2.1487998962402344,2.161400079727173,2.0940001010894775,2.143899917602539,2.143899917602539,0.0,EURTRY=X,eur_try
2009-01-27,2.103600025177002,2.1640000343322754,2.0999999046325684,2.1389000415802,2.1389000415802,0.0,EURTRY=X,eur_try
2009-01-28,2.1473000049591064,2.1549999713897705,2.100600004196167,2.121999979019165,2.121999979019165,0.0,EURTRY=X,eur_try
2009-01-29,2.1194000244140625,2.137200117111206,2.0810999870300293,2.1177000999450684,2.1177000999450684,0.0,EURTRY=X,eur_try
2009-01-30,2.1177000999450684,2.1208999156951904,2.0645999908447266,2.1031999588012695,2.1031999588012695,0.0,EURTRY=X,eur_try
2009-02-02,2.0954999923706055,2.125699996948242,2.061800003051758,2.11899995803833,2.11899995803833,0.0,EURTRY=X,eur_try
2009-02-03,2.0885000228881836,2.137500047683716,2.0676000118255615,2.1335999965667725,2.1335999965667725,0.0,EURTRY=X,eur_try
2009-02-04,2.0899999141693115,2.1301000118255615,2.065000057220459,2.1113998889923096,2.1113998889923096,0.0,EURTRY=X,eur_try
2009-02-05,2.111599922180176,2.114000082015991,2.0703999996185303,2.079200029373169,2.079200029373169,0.0,EURTRY=X,eur_try
2009-02-06,2.0789999961853027,2.0971999168395996,2.043600082397461,2.089600086212158,2.089600086212158,0.0,EURTRY=X,eur_try
2009-02-09,2.0887999534606934,2.1066999435424805,2.0782999992370605,2.087100028991699,2.087100028991699,0.0,EURTRY=X,eur_try
2009-02-10,2.0875000953674316,2.119800090789795,2.0571999549865723,2.117500066757202,2.117500066757202,0.0,EURTRY=X,eur_try
2009-02-11,2.1177000999450684,2.127000093460083,2.0827999114990234,2.1061999797821045,2.1061999797821045,0.0,EURTRY=X,eur_try
2009-02-12,2.105299949645996,2.134399890899658,2.07069993019104,2.1259000301361084,2.1259000301361084,0.0,EURTRY=X,eur_try
2009-02-13,2.125499963760376,2.134000062942505,2.113600015640259,2.1243999004364014,2.1243999004364014,0.0,EURTRY=X,eur_try
2009-02-16,2.112499952316284,2.136699914932251,2.087399959564209,2.135699987411499,2.135699987411499,0.0,EURTRY=X,eur_try
2009-02-17,2.1356000900268555,2.1547999382019043,2.109100103378296,2.1429998874664307,2.1429998874664307,0.0,EURTRY=X,eur_try
2009-02-18,2.144700050354004,2.147900104522705,2.121000051498413,2.1403000354766846,2.1403000354766846,0.0,EURTRY=X,eur_try
2009-02-19,2.140000104904175,2.152600049972534,2.0952000617980957,2.1438000202178955,2.1438000202178955,0.0,EURTRY=X,eur_try
2009-02-20,2.143399953842163,2.1921000480651855,2.1019999980926514,2.183300018310547,2.183300018310547,0.0,EURTRY=X,eur_try
2009-02-23,2.1744000911712646,2.194700002670288,2.1442999839782715,2.1491000652313232,2.1491000652313232,0.0,EURTRY=X,eur_try
2009-02-24,2.1494998931884766,2.1758999824523926,2.11929988861084,2.163300037384033,2.163300037384033,0.0,EURTRY=X,eur_try
2009-02-25,2.1630001068115234,2.1705000400543213,2.1147000789642334,2.1540000438690186,2.1540000438690186,0.0,EURTRY=X,eur_try
2009-02-26,2.1531999111175537,2.1638998985290527,2.141900062561035,2.1491000652313232,2.1491000652313232,0.0,EURTRY=X,eur_try
2009-02-27,2.149199962615967,2.169600009918213,2.140899896621704,2.1556999683380127,2.1556999683380127,0.0,EURTRY=X,eur_try
2009-03-02,2.1396000385284424,2.18530011177063,2.1238999366760254,2.1796000003814697,2.1796000003814697,0.0,EURTRY=X,eur_try
2009-03-03,2.1796998977661133,2.1875998973846436,2.171600103378296,2.1789000034332275,2.1789000034332275,0.0,EURTRY=X,eur_try
2009-03-04,2.1735000610351562,2.17930006980896,2.161900043487549,2.170099973678589,2.170099973678589,0.0,EURTRY=X,eur_try
2009-03-05,2.1693999767303467,2.2481000423431396,2.152100086212158,2.237600088119507,2.237600088119507,0.0,EURTRY=X,eur_try
2009-03-06,2.237499952316284,2.281599998474121,2.199700117111206,2.262700080871582,2.262700080871582,0.0,EURTRY=X,eur_try
2009-03-09,2.2660000324249268,2.2941999435424805,2.218600034713745,2.273900032043457,2.273900032043457,0.0,EURTRY=X,eur_try
2009-03-10,2.274199962615967,2.286099910736084,2.2223000526428223,2.2288999557495117,2.2288999557495117,0.0,EURTRY=X,eur_try
2009-03-11,2.228800058364868,2.2386999130249023,2.179800033569336,2.2298998832702637,2.2298998832702637,0.0,EURTRY=X,eur_try
2009-03-12,2.2300000190734863,2.258699893951416,2.1700000762939453,2.1714000701904297,2.1714000701904297,0.0,EURTRY=X,eur_try
2009-03-13,2.171299934387207,2.213399887084961,2.153700113296509,2.2063000202178955,2.2063000202178955,0.0,EURTRY=X,eur_try
2009-03-16,2.197700023651123,2.2109999656677246,2.156899929046631,2.198199987411499,2.198199987411499,0.0,EURTRY=X,eur_try
2009-03-17,2.197700023651123,2.2262001037597656,2.1568000316619873,2.210900068283081,2.210900068283081,0.0,EURTRY=X,eur_try
2009-03-18,2.210700035095215,2.2816998958587646,2.1733999252319336,2.267199993133545,2.267199993133545,0.0,EURTRY=X,eur_try
2009-03-19,2.2669999599456787,2.353300094604492,2.2304999828338623,2.338200092315674,2.338200092315674,0.0,EURTRY=X,eur_try
2009-03-20,2.339099884033203,2.357599973678589,2.2530999183654785,2.294300079345703,2.294300079345703,0.0,EURTRY=X,eur_try
2009-03-23,2.299099922180176,2.3080999851226807,2.2507998943328857,2.261399984359741,2.261399984359741,0.0,EURTRY=X,eur_try
2009-03-24,2.2611000537872314,2.2685000896453857,2.2204999923706055,2.2276999950408936,2.2276999950408936,0.0,EURTRY=X,eur_try
2009-03-25,2.228300094604492,2.2643001079559326,2.2023000717163086,2.2565999031066895,2.2565999031066895,0.0,EURTRY=X,eur_try
2009-03-26,2.2567999362945557,2.263200044631958,2.2067999839782715,2.2397000789642334,2.2397000789642334,0.0,EURTRY=X,eur_try
2009-03-27,2.2402000427246094,2.2558999061584473,2.1949000358581543,2.218400001525879,2.218400001525879,0.0,EURTRY=X,eur_try
2009-03-29,2.2163000106811523,2.2583000659942627,2.1967999935150146,2.226099967956543,2.226099967956543,0.0,EURTRY=X,eur_try
2009-03-30,2.2258999347686768,2.2446000576019287,2.1768999099731445,2.199700117111206,2.199700117111206,0.0,EURTRY=X,eur_try
2009-03-31,2.19950008392334,2.204900026321411,2.1243999004364014,2.151599884033203,2.151599884033203,0.0,EURTRY=X,eur_try
2009-04-01,2.160399913787842,2.1868999004364014,2.1098999977111816,2.1477999687194824,2.1477999687194824,0.0,EURTRY=X,eur_try
2009-04-02,2.14739990234375,2.15310001373291,2.0889999866485596,2.12719988822937,2.12719988822937,0.0,EURTRY=X,eur_try
2009-04-05,2.124799966812134,2.138400077819824,2.0810999870300293,2.12719988822937,2.12719988822937,0.0,EURTRY=X,eur_try
2009-04-06,2.1270999908447266,2.1533000469207764,2.086899995803833,2.1243999004364014,2.1243999004364014,0.0,EURTRY=X,eur_try
2009-04-07,2.1252999305725098,2.136399984359741,2.0764999389648438,2.095599889755249,2.095599889755249,0.0,EURTRY=X,eur_try
2009-04-08,2.0977001190185547,2.106600046157837,2.0487000942230225,2.063800096511841,2.063800096511841,0.0,EURTRY=X,eur_try
2009-04-09,2.0636000633239746,2.072999954223633,2.0480000972747803,2.0659000873565674,2.0659000873565674,0.0,EURTRY=X,eur_try
2009-04-12,2.0564000606536865,2.1084001064300537,2.04830002784729,2.0927999019622803,2.0927999019622803,0.0,EURTRY=X,eur_try
2009-04-13,2.093400001525879,2.1149001121520996,2.0483999252319336,2.114799976348877,2.114799976348877,0.0,EURTRY=X,eur_try
2009-04-14,2.1149001121520996,2.121799945831299,2.0708999633789062,2.1171000003814697,2.1171000003814697,0.0,EURTRY=X,eur_try
2009-04-15,2.1171998977661133,2.128999948501587,2.0676000118255615,2.1106998920440674,2.1106998920440674,0.0,EURTRY=X,eur_try
2009-04-16,2.1110999584198,2.1150999069213867,2.059299945831299,2.097399950027466,2.097399950027466,0.0,EURTRY=X,eur_try
2009-04-19,2.099900007247925,2.1442999839782715,2.05649995803833,2.1435999870300293,2.1435999870300293,0.0,EURTRY=X,eur_try
2009-04-20,2.143899917602539,2.1582000255584717,2.118799924850464,2.121999979019165,2.121999979019165,0.0,EURTRY=X,eur_try
2009-04-21,2.1242001056671143,2.1377999782562256,2.0843000411987305,2.1354000568389893,2.1354000568389893,0.0,EURTRY=X,eur_try
2009-04-22,2.135200023651123,2.1554999351501465,2.0973000526428223,2.151099920272827,2.151099920272827,0.0,EURTRY=X,eur_try
2009-04-23,2.1510000228881836,2.1582000255584717,2.1031999588012695,2.128200054168701,2.128200054168701,0.0,EURTRY=X,eur_try
2009-04-26,2.1285998821258545,2.141900062561035,2.0920000076293945,2.1196000576019287,2.1196000576019287,0.0,EURTRY=X,eur_try
2009-04-27,2.120800018310547,2.1350998878479004,2.0857999324798584,2.1185998916625977,2.1185998916625977,0.0,EURTRY=X,eur_try
2009-04-28,2.1191000938415527,2.1342999935150146,2.082900047302246,2.1110999584198,2.1110999584198,0.0,EURTRY=X,eur_try
2009-04-29,2.1110000610351562,2.1201000213623047,2.073499917984009,2.1117000579833984,2.1117000579833984,0.0,EURTRY=X,eur_try
2009-04-30,2.1122000217437744,2.1224000453948975,2.1073999404907227,2.110599994659424,2.110599994659424,0.0,EURTRY=X,eur_try
2009-05-03,2.110300064086914,2.1159000396728516,2.059799909591675,2.0894999504089355,2.0894999504089355,0.0,EURTRY=X,eur_try
2009-05-04,2.0894999504089355,2.102099895477295,2.040600061416626,2.08240008354187,2.08240008354187,0.0,EURTRY=X,eur_try
2009-05-05,2.0826001167297363,2.095099925994873,2.0459001064300537,2.074199914932251,2.074199914932251,0.0,EURTRY=X,eur_try
2009-05-06,2.0745999813079834,2.092400074005127,2.025899887084961,2.085700035095215,2.085700035095215,0.0,EURTRY=X,eur_try
2009-05-07,2.085700035095215,2.1017000675201416,2.0388998985290527,2.092900037765503,2.092900037765503,0.0,EURTRY=X,eur_try
2009-05-10,2.091599941253662,2.1303999423980713,2.0587000846862793,2.124300003051758,2.124300003051758,0.0,EURTRY=X,eur_try
2009-05-11,2.1245999336242676,2.1410000324249268,2.089600086212158,2.1310999393463135,2.1310999393463135,0.0,EURTRY=X,eur_try
2009-05-12,2.1305999755859375,2.146899938583374,2.0804998874664307,2.1410999298095703,2.1410999298095703,0.0,EURTRY=X,eur_try
2009-05-13,2.1414999961853027,2.146899938583374,2.098299980163574,2.1308999061584473,2.1308999061584473,0.0,EURTRY=X,eur_try
2009-05-14,2.1308000087738037,2.1340999603271484,2.0850000381469727,2.1161999702453613,2.1161999702453613,0.0,EURTRY=X,eur_try
2009-05-17,2.1061999797821045,2.115999937057495,2.0536000728607178,2.088599920272827,2.088599920272827,0.0,EURTRY=X,eur_try
2009-05-18,2.0878000259399414,2.0973000526428223,2.051100015640259,2.0878000259399414,2.0878000259399414,0.0,EURTRY=X,eur_try
2009-05-19,2.0875000953674316,2.1010000705718994,2.0453999042510986,2.062299966812134,2.062299966812134,0.0,EURTRY=X,eur_try
2009-05-20,2.069000005722046,2.122499942779541,2.062299966812134,2.122499942779541,2.122499942779541,0.0,EURTRY=X,eur_try
2009-05-21,2.0889999866485596,2.1273000240325928,2.08489990234375,2.126300096511841,2.126300096511841,0.0,EURTRY=X,eur_try
2009-05-24,2.1263999938964844,2.134200096130371,2.111599922180176,2.115499973297119,2.115499973297119,0.0,EURTRY=X,eur_try
2009-05-25,2.1135001182556152,2.177999973297119,2.1117000579833984,2.177999973297119,2.177999973297119,0.0,EURTRY=X,eur_try
2009-05-26,2.1294000148773193,2.1500000953674316,2.1219000816345215,2.1298000812530518,2.1298000812530518,0.0,EURTRY=X,eur_try
2009-05-27,2.124799966812134,2.177999973297119,2.1221001148223877,2.177999973297119,2.177999973297119,0.0,EURTRY=X,eur_try
2009-05-28,2.178800106048584,2.1875,2.123300075531006,2.172300100326538,2.172300100326538,0.0,EURTRY=X,eur_try
2009-05-31,2.1610000133514404,2.180500030517578,2.151900053024292,2.1563000679016113,2.1563000679016113,0.0,EURTRY=X,eur_try
2009-06-01,2.1554999351501465,2.1861000061035156,2.1159000396728516,2.178800106048584,2.178800106048584,0.0,EURTRY=X,eur_try
2009-06-02,2.1775999069213867,2.2000999450683594,2.1700000762939453,2.1923999786376953,2.1923999786376953,0.0,EURTRY=X,eur_try
2009-06-03,2.1928999423980713,2.1963999271392822,2.147599935531616,2.1786999702453613,2.1786999702453613,0.0,EURTRY=X,eur_try
2009-06-04,2.1789000034332275,2.195199966430664,2.1298000812530518,2.148699998855591,2.148699998855591,0.0,EURTRY=X,eur_try
2009-06-07,2.145900011062622,2.1745998859405518,2.1328999996185303,2.1605000495910645,2.1605000495910645,0.0,EURTRY=X,eur_try
2009-06-08,2.1594998836517334,2.1786000728607178,2.1442999839782715,2.1730000972747803,2.1730000972747803,0.0,EURTRY=X,eur_try
2009-06-09,2.1723999977111816,2.1774001121520996,2.1451001167297363,2.1728999614715576,2.1728999614715576,0.0,EURTRY=X,eur_try
2009-06-10,2.173099994659424,2.1779000759124756,2.1398000717163086,2.154900074005127,2.154900074005127,0.0,EURTRY=X,eur_try
2009-06-11,2.1542999744415283,2.1607000827789307,2.125200033187866,2.1487998962402344,2.1487998962402344,0.0,EURTRY=X,eur_try
2009-06-14,2.146399974822998,2.148200035095215,2.1164000034332275,2.1342999935150146,2.1342999935150146,0.0,EURTRY=X,eur_try
2009-06-15,2.132999897003174,2.151400089263916,2.1219000816345215,2.1461000442504883,2.1461000442504883,0.0,EURTRY=X,eur_try
2009-06-16,2.1458001136779785,2.1807000637054443,2.130199909210205,2.169600009918213,2.169600009918213,0.0,EURTRY=X,eur_try
2009-06-17,2.168600082397461,2.186000108718872,2.124000072479248,2.1568000316619873,2.1568000316619873,0.0,EURTRY=X,eur_try
2009-06-18,2.1556999683380127,2.1691999435424805,2.1331000328063965,2.159600019454956,2.159600019454956,0.0,EURTRY=X,eur_try
2009-06-21,2.1654999256134033,2.191999912261963,2.134000062942505,2.1840999126434326,2.1840999126434326,0.0,EURTRY=X,eur_try
2009-06-22,2.1847000122070312,2.2098000049591064,2.171999931335449,2.2011001110076904,2.2011001110076904,0.0,EURTRY=X,eur_try
2009-06-23,2.2007999420166016,2.213900089263916,2.156100034713745,2.1663999557495117,2.1663999557495117,0.0,EURTRY=X,eur_try
2009-06-24,2.1654000282287598,2.175299882888794,2.1435999870300293,2.1621999740600586,2.1621999740600586,0.0,EURTRY=X,eur_try
2009-06-25,2.16129994392395,2.1721999645233154,2.1410000324249268,2.153899908065796,2.153899908065796,0.0,EURTRY=X,eur_try
2009-06-28,2.156899929046631,2.172100067138672,2.1303999423980713,2.16729998588562,2.16729998588562,0.0,EURTRY=X,eur_try
2009-06-29,2.1665000915527344,2.172499895095825,2.1335999965667725,2.1589999198913574,2.1589999198913574,0.0,EURTRY=X,eur_try
2009-06-30,2.157900094985962,2.165600061416626,2.131999969482422,2.150700092315674,2.150700092315674,0.0,EURTRY=X,eur_try
2009-07-01,2.150899887084961,2.1600000858306885,2.125999927520752,2.140199899673462,2.140199899673462,0.0,EURTRY=X,eur_try
2009-07-02,2.1401000022888184,2.1545000076293945,2.1252999305725098,2.146899938583374,2.146899938583374,0.0,EURTRY=X,eur_try
2009-07-05,2.1398000717163086,2.15910005569458,2.128000020980835,2.1575000286102295,2.1575000286102295,0.0,EURTRY=X,eur_try
2009-07-06,2.157599925994873,2.1605000495910645,2.1303000450134277,2.155400037765503,2.155400037765503,0.0,EURTRY=X,eur_try
2009-07-07,2.1552000045776367,2.1723999977111816,2.137200117111206,2.1677000522613525,2.1677000522613525,0.0,EURTRY=X,eur_try
2009-07-08,2.1672000885009766,2.1767001152038574,2.1357998847961426,2.160099983215332,2.160099983215332,0.0,EURTRY=X,eur_try
2009-07-09,2.1600000858306885,2.1691999435424805,2.1342999935150146,2.1556999683380127,2.1556999683380127,0.0,EURTRY=X,eur_try
2009-07-12,2.166599988937378,2.1770999431610107,2.1401000022888184,2.1628000736236572,2.1628000736236572,0.0,EURTRY=X,eur_try
2009-07-13,2.160900115966797,2.164599895477295,2.13319993019104,2.161099910736084,2.161099910736084,0.0,EURTRY=X,eur_try
2009-07-14,2.161099910736084,2.1672000885009766,2.1326000690460205,2.1542999744415283,2.1542999744415283,0.0,EURTRY=X,eur_try
2009-07-15,2.1538000106811523,2.161799907684326,2.1328001022338867,2.1542999744415283,2.1542999744415283,0.0,EURTRY=X,eur_try
2009-07-16,2.153899908065796,2.1591999530792236,2.128999948501587,2.148099899291992,2.148099899291992,0.0,EURTRY=X,eur_try
2009-07-19,2.139899969100952,2.141400098800659,2.1382999420166016,2.1382999420166016,2.1382999420166016,0.0,EURTRY=X,eur_try
2009-07-20,2.1398000717163086,2.1398000717163086,2.136899948120117,2.13700008392334,2.13700008392334,0.0,EURTRY=X,eur_try
2009-07-21,2.1145999431610107,2.1159000396728516,2.1138999462127686,2.1140999794006348,2.1140999794006348,0.0,EURTRY=X,eur_try
2009-07-22,2.107599973678589,2.1105000972747803,2.1068999767303467,2.108799934387207,2.108799934387207,0.0,EURTRY=X,eur_try
2009-07-23,2.107599973678589,2.119999885559082,2.0861001014709473,2.0996999740600586,2.0996999740600586,0.0,EURTRY=X,eur_try
2009-07-26,2.097399950027466,2.09879994392395,2.091599941253662,2.097599983215332,2.097599983215332,0.0,EURTRY=X,eur_try
2009-07-27,2.0952999591827393,2.0959999561309814,2.091399908065796,2.0922000408172607,2.0922000408172607,0.0,EURTRY=X,eur_try
2009-07-28,2.1003000736236572,2.1013998985290527,2.0885000228881836,2.0887999534606934,2.0887999534606934,0.0,EURTRY=X,eur_try
2009-07-29,2.077899932861328,2.078200101852417,2.0678999423980713,2.073199987411499,2.073199987411499,0.0,EURTRY=X,eur_try
2009-07-30,2.077899932861328,2.1015000343322754,2.058500051498413,2.094399929046631,2.094399929046631,0.0,EURTRY=X,eur_try
2009-08-02,2.0952000617980957,2.0952999591827393,2.093600034713745,2.0936999320983887,2.0936999320983887,0.0,EURTRY=X,eur_try
2009-08-03,2.1013998985290527,2.106600046157837,2.1013998985290527,2.1059000492095947,2.1059000492095947,0.0,EURTRY=X,eur_try
2009-08-04,2.1105000972747803,2.1110000610351562,2.109299898147583,2.109499931335449,2.109499931335449,0.0,EURTRY=X,eur_try
2009-08-05,2.117000102996826,2.1184000968933105,2.1161999702453613,2.1184000968933105,2.1184000968933105,0.0,EURTRY=X,eur_try
2009-08-06,2.117000102996826,2.131700038909912,2.0662999153137207,2.073499917984009,2.073499917984009,0.0,EURTRY=X,eur_try
2009-08-09,2.0892999172210693,2.09060001373291,2.0880000591278076,2.088399887084961,2.088399887084961,0.0,EURTRY=X,eur_try
2009-08-10,2.1191999912261963,2.121500015258789,2.118499994277954,2.1187000274658203,2.1187000274658203,0.0,EURTRY=X,eur_try
2009-08-11,2.120699882507324,2.123500108718872,2.120300054550171,2.1226000785827637,2.1226000785827637,0.0,EURTRY=X,eur_try
2009-08-12,2.107300043106079,2.1096999645233154,2.1064999103546143,2.1064999103546143,2.1064999103546143,0.0,EURTRY=X,eur_try
2009-08-13,2.107300043106079,2.1268999576568604,2.091099977493286,2.115999937057495,2.115999937057495,0.0,EURTRY=X,eur_try
2009-08-16,2.099100112915039,2.122999906539917,2.094599962234497,2.1017000675201416,2.1017000675201416,0.0,EURTRY=X,eur_try
2009-08-17,2.0959999561309814,2.0992000102996826,2.0824999809265137,2.0961999893188477,2.0961999893188477,0.0,EURTRY=X,eur_try
2009-08-18,2.0824999809265137,2.1321001052856445,2.0824999809265137,2.131999969482422,2.131999969482422,0.0,EURTRY=X,eur_try
2009-08-19,2.1145999431610107,2.1145999431610107,2.0882999897003174,2.100800037384033,2.100800037384033,0.0,EURTRY=X,eur_try
2009-08-20,2.1089999675750732,2.13100004196167,2.0994999408721924,2.13100004196167,2.13100004196167,0.0,EURTRY=X,eur_try
2009-08-23,2.102799892425537,2.116499900817871,2.0940001010894775,2.0940001010894775,2.0940001010894775,0.0,EURTRY=X,eur_try
2009-08-24,2.1173999309539795,2.1205999851226807,2.102799892425537,2.115299940109253,2.115299940109253,0.0,EURTRY=X,eur_try
2009-08-25,2.102799892425537,2.1305999755859375,2.102799892425537,2.123800039291382,2.123800039291382,0.0,EURTRY=X,eur_try
2009-08-26,2.107300043106079,2.1419999599456787,2.107300043106079,2.1261000633239746,2.1261000633239746,0.0,EURTRY=X,eur_try
2009-08-27,2.1110000610351562,2.1110000610351562,2.1110000610351562,2.1110000610351562,2.1110000610351562,0.0,EURTRY=X,eur_try
2009-08-30,2.150599956512451,2.151599884033203,2.148099899291992,2.148099899291992,2.148099899291992,0.0,EURTRY=X,eur_try
2009-08-31,2.156399965286255,2.158600091934204,2.154400110244751,2.1563000679016113,2.1563000679016113,0.0,EURTRY=X,eur_try
2009-09-01,2.1531999111175537,2.1533000469207764,2.1475000381469727,2.1494998931884766,2.1494998931884766,0.0,EURTRY=X,eur_try
2009-09-02,2.144700050354004,2.14520001411438,2.143699884414673,2.1440000534057617,2.1440000534057617,0.0,EURTRY=X,eur_try
2009-09-03,2.144700050354004,2.150700092315674,2.1270999908447266,2.1294000148773193,2.1294000148773193,0.0,EURTRY=X,eur_try
2009-09-06,2.1328999996185303,2.140199899673462,2.1254000663757324,2.126499891281128,2.126499891281128,0.0,EURTRY=X,eur_try
2009-09-07,2.1528000831604004,2.152899980545044,2.144399881362915,2.1445000171661377,2.1445000171661377,0.0,EURTRY=X,eur_try
2009-09-08,2.1528000831604004,2.1772000789642334,2.140000104904175,2.1745998859405518,2.1745998859405518,0.0,EURTRY=X,eur_try
2009-09-09,2.1765999794006348,2.1816000938415527,2.172300100326538,2.17930006980896,2.17930006980896,0.0,EURTRY=X,eur_try
2009-09-10,2.1765999794006348,2.1923999786376953,2.172300100326538,2.1742000579833984,2.1742000579833984,0.0,EURTRY=X,eur_try
2009-09-13,2.185800075531006,2.1861000061035156,2.1828999519348145,2.184799909591675,2.184799909591675,0.0,EURTRY=X,eur_try
2009-09-14,2.1600000858306885,2.1619999408721924,2.1593000888824463,2.1607000827789307,2.1607000827789307,0.0,EURTRY=X,eur_try
2009-09-15,2.1628000736236572,2.164400100708008,2.157399892807007,2.1631999015808105,2.1631999015808105,0.0,EURTRY=X,eur_try
2009-09-16,2.1675000190734863,2.168100118637085,2.1675000190734863,2.168100118637085,2.168100118637085,0.0,EURTRY=X,eur_try
2009-09-17,2.1675000190734863,2.1798999309539795,2.161099910736084,2.176300048828125,2.176300048828125,0.0,EURTRY=X,eur_try
2009-09-20,2.1863999366760254,2.1874001026153564,2.1830999851226807,2.1851000785827637,2.1851000785827637,0.0,EURTRY=X,eur_try
2009-09-21,2.1844000816345215,2.1898000240325928,2.1842000484466553,2.1847000122070312,2.1847000122070312,0.0,EURTRY=X,eur_try
2009-09-22,2.1768999099731445,2.178800106048584,2.17549991607666,2.178800106048584,2.178800106048584,0.0,EURTRY=X,eur_try
2009-09-23,2.1798999309539795,2.1798999309539795,2.179500102996826,2.179500102996826,2.179500102996826,0.0,EURTRY=X,eur_try
2009-09-24,2.1798999309539795,2.1907999515533447,2.1751999855041504,2.1789000034332275,2.1789000034332275,0.0,EURTRY=X,eur_try
2009-09-27,2.183500051498413,2.1840999126434326,2.18179988861084,2.182499885559082,2.182499885559082,0.0,EURTRY=X,eur_try
2009-09-28,2.176500082015991,2.177799940109253,2.1756999492645264,2.177500009536743,2.177500009536743,0.0,EURTRY=X,eur_try
2009-09-29,2.1733999252319336,2.17549991607666,2.1733999252319336,2.174499988555908,2.174499988555908,0.0,EURTRY=X,eur_try
2009-09-30,2.1814000606536865,2.1814000606536865,2.1784000396728516,2.180000066757202,2.180000066757202,0.0,EURTRY=X,eur_try
2009-10-01,2.177999973297119,2.177999973297119,2.140500068664551,2.177999973297119,2.177999973297119,0.0,EURTRY=X,eur_try
2009-10-04,2.1710000038146973,2.1721999645233154,2.1707000732421875,2.171999931335449,2.171999931335449,0.0,EURTRY=X,eur_try
2009-10-05,2.160099983215332,2.161099910736084,2.1559998989105225,2.1559998989105225,2.1559998989105225,0.0,EURTRY=X,eur_try
2009-10-06,2.160799980163574,2.164799928665161,2.1607000827789307,2.164099931716919,2.164099931716919,0.0,EURTRY=X,eur_try
2009-10-07,2.1577999591827393,2.1584999561309814,2.156100034713745,2.1577999591827393,2.1577999591827393,0.0,EURTRY=X,eur_try
2009-10-08,2.1577999591827393,2.1631999015808105,2.1507999897003174,2.1577999591827393,2.1577999591827393,0.0,EURTRY=X,eur_try
2009-10-11,2.153700113296509,2.1547000408172607,2.1533000469207764,2.1547000408172607,2.1547000408172607,0.0,EURTRY=X,eur_try
2009-10-12,2.1612000465393066,2.162100076675415,2.1602001190185547,2.160900115966797,2.160900115966797,0.0,EURTRY=X,eur_try
2009-10-13,2.1554999351501465,2.156599998474121,2.1554999351501465,2.1558001041412354,2.1558001041412354,0.0,EURTRY=X,eur_try
2009-10-14,2.1598000526428223,2.1614999771118164,2.1582000255584717,2.1614999771118164,2.1614999771118164,0.0,EURTRY=X,eur_try
2009-10-15,2.1598000526428223,2.1842000484466553,2.1549999713897705,2.178499937057495,2.178499937057495,0.0,EURTRY=X,eur_try
2009-10-18,2.1749000549316406,2.177000045776367,2.174499988555908,2.1754000186920166,2.1754000186920166,0.0,EURTRY=X,eur_try
2009-10-19,2.1893999576568604,2.1905999183654785,2.1863999366760254,2.1905999183654785,2.1905999183654785,0.0,EURTRY=X,eur_try
2009-10-20,2.201200008392334,2.203700065612793,2.2004001140594482,2.2004001140594482,2.2004001140594482,0.0,EURTRY=X,eur_try
2009-10-21,2.2014999389648438,2.203200101852417,2.2011001110076904,2.2019999027252197,2.2019999027252197,0.0,EURTRY=X,eur_try
2009-10-22,2.2014999389648438,2.211400032043457,2.194499969482422,2.208899974822998,2.208899974822998,0.0,EURTRY=X,eur_try
2009-10-26,2.196500062942505,2.228600025177002,2.19569993019104,2.213200092315674,2.213200092315674,0.0,EURTRY=X,eur_try
2009-10-27,2.212599992752075,2.2239999771118164,2.2081000804901123,2.2142999172210693,2.2142999172210693,0.0,EURTRY=X,eur_try
2009-10-28,2.2146999835968018,2.2262001037597656,2.2065000534057617,2.216900110244751,2.216900110244751,0.0,EURTRY=X,eur_try
2009-10-29,2.2167000770568848,2.224299907684326,2.2054998874664307,2.205699920654297,2.205699920654297,0.0,EURTRY=X,eur_try
2009-10-30,2.2058000564575195,2.223599910736084,2.203700065612793,2.2084999084472656,2.2084999084472656,0.0,EURTRY=X,eur_try
2009-11-02,2.218899965286255,2.232300043106079,2.2079999446868896,2.2191998958587646,2.2191998958587646,0.0,EURTRY=X,eur_try
2009-11-03,2.2193000316619873,2.2267000675201416,2.2091000080108643,2.213599920272827,2.213599920272827,0.0,EURTRY=X,eur_try
2009-11-04,2.2139999866485596,2.220599889755249,2.206700086593628,2.218400001525879,2.218400001525879,0.0,EURTRY=X,eur_try
2009-11-05,2.2179999351501465,2.219899892807007,2.208400011062622,2.210200071334839,2.210200071334839,0.0,EURTRY=X,eur_try
2009-11-06,2.2098000049591064,2.2125000953674316,2.198899984359741,2.203700065612793,2.203700065612793,0.0,EURTRY=X,eur_try
2009-11-09,2.2023000717163086,2.2156999111175537,2.200700044631958,2.2077999114990234,2.2077999114990234,0.0,EURTRY=X,eur_try
2009-11-10,2.2065000534057617,2.2149999141693115,2.197499990463257,2.207900047302246,2.207900047302246,0.0,EURTRY=X,eur_try
2009-11-11,2.2088000774383545,2.2146999835968018,2.205199956893921,2.210599899291992,2.210599899291992,0.0,EURTRY=X,eur_try
2009-11-12,2.2100000381469727,2.214099884033203,2.197499990463257,2.2044999599456787,2.2044999599456787,0.0,EURTRY=X,eur_try
2009-11-13,2.204900026321411,2.208899974822998,2.196899890899658,2.2014999389648438,2.2014999389648438,0.0,EURTRY=X,eur_try
2009-11-16,2.2070000171661377,2.2149999141693115,2.2019999027252197,2.2042999267578125,2.2042999267578125,0.0,EURTRY=X,eur_try
2009-11-17,2.204400062561035,2.2119998931884766,2.1986000537872314,2.2030999660491943,2.2030999660491943,0.0,EURTRY=X,eur_try
2009-11-18,2.2028000354766846,2.2202000617980957,2.201200008392334,2.214900016784668,2.214900016784668,0.0,EURTRY=X,eur_try
2009-11-19,2.2146999835968018,2.2298998832702637,2.202500104904175,2.2248001098632812,2.2248001098632812,0.0,EURTRY=X,eur_try
2009-11-20,2.224100112915039,2.2302000522613525,2.2156999111175537,2.226599931716919,2.226599931716919,0.0,EURTRY=X,eur_try
2009-11-23,2.227400064468384,2.247499942779541,2.2263998985290527,2.2404000759124756,2.2404000759124756,0.0,EURTRY=X,eur_try
2009-11-24,2.239000082015991,2.2471001148223877,2.232300043106079,2.2421998977661133,2.2421998977661133,0.0,EURTRY=X,eur_try
2009-11-25,2.242300033569336,2.2595999240875244,2.234800100326538,2.253700017929077,2.253700017929077,0.0,EURTRY=X,eur_try
2009-11-26,2.2535998821258545,2.297800064086914,2.247999906539917,2.2955000400543213,2.2955000400543213,0.0,EURTRY=X,eur_try
2009-11-27,2.2983999252319336,2.317199945449829,2.264400005340576,2.278599977493286,2.278599977493286,0.0,EURTRY=X,eur_try
2009-11-30,2.2701001167297363,2.3020999431610107,2.2646000385284424,2.2985999584198,2.2985999584198,0.0,EURTRY=X,eur_try
2009-12-01,2.2978999614715576,2.29830002784729,2.2609000205993652,2.2655999660491943,2.2655999660491943,0.0,EURTRY=X,eur_try
2009-12-02,2.2657999992370605,2.2699999809265137,2.2530999183654785,2.260499954223633,2.260499954223633,0.0,EURTRY=X,eur_try
2009-12-03,2.260200023651123,2.265500068664551,2.233799934387207,2.2388999462127686,2.2388999462127686,0.0,EURTRY=X,eur_try
2009-12-04,2.2386999130249023,2.24399995803833,2.209700107574463,2.2190001010894775,2.2190001010894775,0.0,EURTRY=X,eur_try
2009-12-07,2.2147998809814453,2.219899892807007,2.2030999660491943,2.2060000896453857,2.2060000896453857,0.0,EURTRY=X,eur_try
2009-12-08,2.204900026321411,2.2267000675201416,2.203200101852417,2.2144999504089355,2.2144999504089355,0.0,EURTRY=X,eur_try
2009-12-09,2.2153000831604004,2.2248001098632812,2.211400032043457,2.215399980545044,2.215399980545044,0.0,EURTRY=X,eur_try
2009-12-10,2.2186999320983887,2.2190001010894775,2.199700117111206,2.2070000171661377,2.2070000171661377,0.0,EURTRY=X,eur_try
2009-12-11,2.207200050354004,2.210400104522705,2.1949000358581543,2.2035999298095703,2.2035999298095703,0.0,EURTRY=X,eur_try
2009-12-14,2.203700065612793,2.209399938583374,2.194200038909912,2.1951000690460205,2.1951000690460205,0.0,EURTRY=X,eur_try
2009-12-15,2.195199966430664,2.2011001110076904,2.189300060272217,2.194999933242798,2.194999933242798,0.0,EURTRY=X,eur_try
2009-12-16,2.1946001052856445,2.1974000930786133,2.1865999698638916,2.1865999698638916,2.1865999698638916,0.0,EURTRY=X,eur_try
2009-12-17,2.186500072479248,2.1882998943328857,2.170300006866455,2.18179988861084,2.18179988861084,0.0,EURTRY=X,eur_try
2009-12-18,2.1812000274658203,2.1903998851776123,2.1714999675750732,2.1800999641418457,2.1800999641418457,0.0,EURTRY=X,eur_try
2009-12-21,2.178800106048584,2.1877999305725098,2.1745998859405518,2.1789000034332275,2.1789000034332275,0.0,EURTRY=X,eur_try
2009-12-22,2.178999900817871,2.186300039291382,2.171299934387207,2.1754000186920166,2.1754000186920166,0.0,EURTRY=X,eur_try
2009-12-23,2.175600051879883,2.1839001178741455,2.1700000762939453,2.178100109100342,2.178100109100342,0.0,EURTRY=X,eur_try
2009-12-24,2.178499937057495,2.1821000576019287,2.172499895095825,2.177000045776367,2.177000045776367,0.0,EURTRY=X,eur_try
2009-12-28,2.173799991607666,2.1835999488830566,2.171299934387207,2.172300100326538,2.172300100326538,0.0,EURTRY=X,eur_try
2009-12-29,2.1721999645233154,2.1800999641418457,2.163800001144409,2.166800022125244,2.166800022125244,0.0,EURTRY=X,eur_try
2009-12-30,2.164900064468384,2.173799991607666,2.158400058746338,2.165600061416626,2.165600061416626,0.0,EURTRY=X,eur_try
2009-12-31,2.1656999588012695,2.170300006866455,2.1364998817443848,2.1482999324798584,2.1482999324798584,0.0,EURTRY=X,eur_try
2010-01-04,2.1451001167297363,2.1451001167297363,2.112600088119507,2.125200033187866,2.125200033187866,0.0,EURTRY=X,eur_try
2010-01-05,2.125200033187866,2.1333000659942627,2.1126999855041504,2.115299940109253,2.115299940109253,0.0,EURTRY=X,eur_try
2010-01-06,2.1152000427246094,2.123800039291382,2.0880000591278076,2.1226000785827637,2.1226000785827637,0.0,EURTRY=X,eur_try
2010-01-07,2.121799945831299,2.1285998821258545,2.1047000885009766,2.1075000762939453,2.1075000762939453,0.0,EURTRY=X,eur_try
2010-01-08,2.107599973678589,2.1131999492645264,2.091399908065796,2.1005001068115234,2.1005001068115234,0.0,EURTRY=X,eur_try
2010-01-11,2.107100009918213,2.11899995803833,2.102400064468384,2.1050000190734863,2.1050000190734863,0.0,EURTRY=X,eur_try
2010-01-12,2.1047000885009766,2.1168999671936035,2.1017000675201416,2.1052000522613525,2.1052000522613525,0.0,EURTRY=X,eur_try
2010-01-13,2.10509991645813,2.111299991607666,2.1010000705718994,2.1094000339508057,2.1094000339508057,0.0,EURTRY=X,eur_try
2010-01-14,2.1092000007629395,2.122499942779541,2.103100061416626,2.111599922180176,2.111599922180176,0.0,EURTRY=X,eur_try
2010-01-15,2.1103999614715576,2.1135001182556152,2.0859999656677246,2.095900058746338,2.095900058746338,0.0,EURTRY=X,eur_try
2010-01-18,2.0927999019622803,2.097100019454956,2.081899881362915,2.089600086212158,2.089600086212158,0.0,EURTRY=X,eur_try
2010-01-19,2.0892999172210693,2.099100112915039,2.077199935913086,2.0794999599456787,2.0794999599456787,0.0,EURTRY=X,eur_try
2010-01-20,2.0796000957489014,2.0817999839782715,2.0680999755859375,2.0797998905181885,2.0797998905181885,0.0,EURTRY=X,eur_try
2010-01-21,2.0806000232696533,2.0998001098632812,2.0706000328063965,2.095400094985962,2.095400094985962,0.0,EURTRY=X,eur_try
2010-01-22,2.0947000980377197,2.1142001152038574,2.090399980545044,2.104300022125244,2.104300022125244,0.0,EURTRY=X,eur_try
2010-01-25,2.1085000038146973,2.1106998920440674,2.0666000843048096,2.102799892425537,2.102799892425537,0.0,EURTRY=X,eur_try
2010-01-26,2.102799892425537,2.11680006980896,2.093600034713745,2.098900079727173,2.098900079727173,0.0,EURTRY=X,eur_try
2010-01-27,2.0980000495910645,2.1085000038146973,2.0936999320983887,2.10260009765625,2.10260009765625,0.0,EURTRY=X,eur_try
2010-01-28,2.102799892425537,2.1038999557495117,2.0817999839782715,2.091099977493286,2.091099977493286,0.0,EURTRY=X,eur_try
2010-01-29,2.091099977493286,2.091399908065796,2.0680999755859375,2.074700117111206,2.074700117111206,0.0,EURTRY=X,eur_try
2010-02-01,2.0745999813079834,2.0764999389648438,2.06030011177063,2.0645999908447266,2.0645999908447266,0.0,EURTRY=X,eur_try
2010-02-02,2.064300060272217,2.0803000926971436,2.0594000816345215,2.077399969100952,2.077399969100952,0.0,EURTRY=X,eur_try
2010-02-03,2.0778000354766846,2.0778000354766846,2.0671000480651855,2.0754001140594482,2.0754001140594482,0.0,EURTRY=X,eur_try
2010-02-04,2.075200080871582,2.0952999591827393,2.0683999061584473,2.0889999866485596,2.0889999866485596,0.0,EURTRY=X,eur_try
2010-02-05,2.08870005607605,2.0922999382019043,2.074399948120117,2.09060001373291,2.09060001373291,0.0,EURTRY=X,eur_try
2010-02-08,2.0848000049591064,2.0892999172210693,2.0752999782562256,2.076900005340576,2.076900005340576,0.0,EURTRY=X,eur_try
2010-02-09,2.075700044631958,2.0845000743865967,2.072200059890747,2.076900005340576,2.076900005340576,0.0,EURTRY=X,eur_try
2010-02-10,2.0768001079559326,2.085900068283081,2.0722999572753906,2.085599899291992,2.085599899291992,0.0,EURTRY=X,eur_try
2010-02-11,2.0855000019073486,2.0929999351501465,2.0643999576568604,2.0676000118255615,2.0676000118255615,0.0,EURTRY=X,eur_try
2010-02-12,2.0683000087738037,2.0717999935150146,2.0562000274658203,2.064500093460083,2.064500093460083,0.0,EURTRY=X,eur_try
2010-02-15,2.0641000270843506,2.0652999877929688,2.057800054550171,2.061300039291382,2.061300039291382,0.0,EURTRY=X,eur_try
2010-02-16,2.0608999729156494,2.074399948120117,2.0576999187469482,2.071700096130371,2.071700096130371,0.0,EURTRY=X,eur_try
2010-02-17,2.071500062942505,2.0764999389648438,2.0546000003814697,2.0560998916625977,2.0560998916625977,0.0,EURTRY=X,eur_try
2010-02-18,2.0571000576019287,2.072499990463257,2.051300048828125,2.0529000759124756,2.0529000759124756,0.0,EURTRY=X,eur_try
2010-02-19,2.0543999671936035,2.063699960708618,2.0501999855041504,2.0576000213623047,2.0576000213623047,0.0,EURTRY=X,eur_try
2010-02-22,2.0615999698638916,2.081399917602539,2.0553998947143555,2.0810000896453857,2.0810000896453857,0.0,EURTRY=X,eur_try
2010-02-23,2.0804998874664307,2.0982000827789307,2.077699899673462,2.0982000827789307,2.0982000827789307,0.0,EURTRY=X,eur_try
2010-02-24,2.098400115966797,2.110599994659424,2.086400032043457,2.0957999229431152,2.0957999229431152,0.0,EURTRY=X,eur_try
2010-02-25,2.095900058746338,2.1117000579833984,2.079900026321411,2.0940001010894775,2.0940001010894775,0.0,EURTRY=X,eur_try
2010-02-26,2.094399929046631,2.1115000247955322,2.091599941253662,2.1071999073028564,2.1071999073028564,0.0,EURTRY=X,eur_try
2010-03-01,2.112600088119507,2.1136999130249023,2.077500104904175,2.0834999084472656,2.0834999084472656,0.0,EURTRY=X,eur_try
2010-03-02,2.0833001136779785,2.0901999473571777,2.0727999210357666,2.088599920272827,2.088599920272827,0.0,EURTRY=X,eur_try
2010-03-03,2.0892999172210693,2.109999895095825,2.084199905395508,2.1061999797821045,2.1061999797821045,0.0,EURTRY=X,eur_try
2010-03-04,2.1059999465942383,2.115000009536743,2.0989999771118164,2.1064000129699707,2.1064000129699707,0.0,EURTRY=X,eur_try
2010-03-05,2.1064000129699707,2.1098999977111816,2.089600086212158,2.093400001525879,2.093400001525879,0.0,EURTRY=X,eur_try
2010-03-08,2.09660005569458,2.104099988937378,2.0843000411987305,2.0845000743865967,2.0845000743865967,0.0,EURTRY=X,eur_try
2010-03-09,2.0848000049591064,2.0929999351501465,2.080699920654297,2.086400032043457,2.086400032043457,0.0,EURTRY=X,eur_try
2010-03-10,2.0862998962402344,2.095099925994873,2.082900047302246,2.091200113296509,2.091200113296509,0.0,EURTRY=X,eur_try
2010-03-11,2.0913000106811523,2.100100040435791,2.088900089263916,2.095900058746338,2.095900058746338,0.0,EURTRY=X,eur_try
2010-03-12,2.096299886703491,2.10260009765625,2.0922000408172607,2.102400064468384,2.102400064468384,0.0,EURTRY=X,eur_try
2010-03-15,2.1015000343322754,2.1015000343322754,2.0848000049591064,2.088099956512451,2.088099956512451,0.0,EURTRY=X,eur_try
2010-03-16,2.0876998901367188,2.1019999980926514,2.085599899291992,2.093400001525879,2.093400001525879,0.0,EURTRY=X,eur_try
2010-03-17,2.093600034713745,2.098299980163574,2.075900077819824,2.077399969100952,2.077399969100952,0.0,EURTRY=X,eur_try
2010-03-18,2.0773000717163086,2.088900089263916,2.0453999042510986,2.078000068664551,2.078000068664551,0.0,EURTRY=X,eur_try
2010-03-19,2.0778000354766846,2.084199905395508,2.071000099182129,2.0776000022888184,2.0776000022888184,0.0,EURTRY=X,eur_try
2010-03-22,2.0713000297546387,2.0968000888824463,2.0713000297546387,2.087100028991699,2.087100028991699,0.0,EURTRY=X,eur_try
2010-03-23,2.087399959564209,2.0885000228881836,2.0690999031066895,2.0708000659942627,2.0708000659942627,0.0,EURTRY=X,eur_try
2010-03-24,2.0713000297546387,2.0736000537872314,2.0552000999450684,2.0627999305725098,2.0627999305725098,0.0,EURTRY=X,eur_try
2010-03-25,2.0631000995635986,2.0671000480651855,2.0450000762939453,2.0511999130249023,2.0511999130249023,0.0,EURTRY=X,eur_try
2010-03-26,2.0515999794006348,2.0641000270843506,2.0464000701904297,2.0608999729156494,2.0608999729156494,0.0,EURTRY=X,eur_try
2010-03-28,2.05679988861084,2.0659000873565674,2.050600051879883,2.061199903488159,2.061199903488159,0.0,EURTRY=X,eur_try
2010-03-29,2.061000108718872,2.0673999786376953,2.0483999252319336,2.05430006980896,2.05430006980896,0.0,EURTRY=X,eur_try
2010-03-30,2.05430006980896,2.062000036239624,2.044300079345703,2.0494000911712646,2.0494000911712646,0.0,EURTRY=X,eur_try
2010-03-31,2.0492000579833984,2.0624001026153564,2.0439000129699707,2.058500051498413,2.058500051498413,0.0,EURTRY=X,eur_try
2010-04-01,2.0583999156951904,2.0599000453948975,2.040600061416626,2.0439999103546143,2.0439999103546143,0.0,EURTRY=X,eur_try
2010-04-04,2.0418999195098877,2.0480000972747803,2.0313000679016113,2.033099889755249,2.033099889755249,0.0,EURTRY=X,eur_try
2010-04-05,2.0329999923706055,2.034600019454956,2.009999990463257,2.014699935913086,2.014699935913086,0.0,EURTRY=X,eur_try
2010-04-06,2.014699935913086,2.015899896621704,1.9940999746322632,1.9996999502182007,1.9996999502182007,0.0,EURTRY=X,eur_try
2010-04-07,1.9996000528335571,2.0111000537872314,1.9946999549865723,1.9996000528335571,1.9996000528335571,0.0,EURTRY=X,eur_try
2010-04-08,1.9996000528335571,2.0099000930786133,1.9902000427246094,2.0023999214172363,2.0023999214172363,0.0,EURTRY=X,eur_try
2010-04-11,2.017199993133545,2.026599884033203,2.0160999298095703,2.021699905395508,2.021699905395508,0.0,EURTRY=X,eur_try
2010-04-12,2.021699905395508,2.033600091934204,2.011899948120117,2.0213000774383545,2.0213000774383545,0.0,EURTRY=X,eur_try
2010-04-13,2.02239990234375,2.028700113296509,2.010499954223633,2.0141000747680664,2.0141000747680664,0.0,EURTRY=X,eur_try
2010-04-14,2.0141000747680664,2.0157999992370605,1.9943000078201294,1.996500015258789,1.996500015258789,0.0,EURTRY=X,eur_try
2010-04-15,1.9967000484466553,2.0067999362945557,1.9921000003814697,2.0013999938964844,2.0013999938964844,0.0,EURTRY=X,eur_try
2010-04-18,2.0023999214172363,2.019200086593628,1.9980000257492065,2.0104000568389893,2.0104000568389893,0.0,EURTRY=X,eur_try
2010-04-19,2.010499954223633,2.012399911880493,1.9952000379562378,1.9966000318527222,1.9966000318527222,0.0,EURTRY=X,eur_try
2010-04-20,1.9961999654769897,1.9981000423431396,1.9830000400543213,1.9838000535964966,1.9838000535964966,0.0,EURTRY=X,eur_try
2010-04-21,1.9838000535964966,1.9896999597549438,1.9733999967575073,1.9739999771118164,1.9739999771118164,0.0,EURTRY=X,eur_try
2010-04-22,1.9738999605178833,1.986899971961975,1.9628000259399414,1.983199954032898,1.983199954032898,0.0,EURTRY=X,eur_try
2010-04-25,1.9808000326156616,1.9840999841690063,1.9628000259399414,1.9738999605178833,1.9738999605178833,0.0,EURTRY=X,eur_try
2010-04-26,1.9744000434875488,1.9889999628067017,1.966599941253662,1.9808000326156616,1.9808000326156616,0.0,EURTRY=X,eur_try
2010-04-27,1.9811999797821045,1.9943000078201294,1.9701999425888062,1.9775999784469604,1.9775999784469604,0.0,EURTRY=X,eur_try
2010-04-28,1.9773999452590942,1.9794000387191772,1.9610999822616577,1.9667999744415283,1.9667999744415283,0.0,EURTRY=X,eur_try
2010-04-29,1.9673000574111938,1.9809999465942383,1.9600000381469727,1.9726999998092651,1.9726999998092651,0.0,EURTRY=X,eur_try
2010-05-02,1.9711999893188477,1.9819999933242798,1.964900016784668,1.9670000076293945,1.9670000076293945,0.0,EURTRY=X,eur_try
2010-05-03,1.9673000574111938,1.9794000387191772,1.9565999507904053,1.9732999801635742,1.9732999801635742,0.0,EURTRY=X,eur_try
2010-05-04,1.9735000133514404,1.9752000570297241,1.9562000036239624,1.9668999910354614,1.9668999910354614,0.0,EURTRY=X,eur_try
2010-05-05,1.9670000076293945,2.040600061416626,1.954800009727478,2.003200054168701,2.003200054168701,0.0,EURTRY=X,eur_try
2010-05-06,2.0027999877929688,2.0183000564575195,1.9767999649047852,1.9895000457763672,1.9895000457763672,0.0,EURTRY=X,eur_try
2010-05-09,1.989400029182434,1.9993000030517578,1.9460999965667725,1.948699951171875,1.948699951171875,0.0,EURTRY=X,eur_try
2010-05-10,1.948799967765808,1.954800009727478,1.934499979019165,1.937999963760376,1.937999963760376,0.0,EURTRY=X,eur_try
2010-05-11,1.938599944114685,1.9494999647140503,1.920199990272522,1.926200032234192,1.926200032234192,0.0,EURTRY=X,eur_try
2010-05-12,1.9258999824523926,1.9292000532150269,1.9048000574111938,1.9081000089645386,1.9081000089645386,0.0,EURTRY=X,eur_try
2010-05-13,1.908400058746338,1.9150999784469604,1.9036999940872192,1.9083000421524048,1.9083000421524048,0.0,EURTRY=X,eur_try
2010-05-16,1.9075000286102295,1.9177000522613525,1.8621000051498413,1.9106999635696411,1.9106999635696411,0.0,EURTRY=X,eur_try
2010-05-17,1.910599946975708,1.9148000478744507,1.8977999687194824,1.9004000425338745,1.9004000425338745,0.0,EURTRY=X,eur_try
2010-05-18,1.902500033378601,1.964900016784668,1.8980000019073486,1.9523999691009521,1.9523999691009521,0.0,EURTRY=X,eur_try
2010-05-19,1.9515999555587769,1.9977999925613403,1.9443999528884888,1.993299961090088,1.993299961090088,0.0,EURTRY=X,eur_try
2010-05-20,1.9931000471115112,2.0129001140594482,1.9703999757766724,1.9815000295639038,1.9815000295639038,0.0,EURTRY=X,eur_try
2010-05-23,1.9700000286102295,1.976699948310852,1.9419000148773193,1.9467999935150146,1.9467999935150146,0.0,EURTRY=X,eur_try
2010-05-24,1.9470000267028809,1.9616999626159668,1.9392000436782837,1.9521000385284424,1.9521000385284424,0.0,EURTRY=X,eur_try
2010-05-25,1.954200029373169,1.9563000202178955,1.920799970626831,1.9306000471115112,1.9306000471115112,0.0,EURTRY=X,eur_try
2010-05-26,1.9306000471115112,1.9407000541687012,1.9169000387191772,1.9215999841690063,1.9215999841690063,0.0,EURTRY=X,eur_try
2010-05-27,1.9230999946594238,1.937600016593933,1.9118000268936157,1.9218000173568726,1.9218000173568726,0.0,EURTRY=X,eur_try
2010-05-30,1.9227999448776245,1.9402999877929688,1.9184000492095947,1.9311000108718872,1.9311000108718872,0.0,EURTRY=X,eur_try
2010-05-31,1.9312000274658203,1.944100022315979,1.9247000217437744,1.9349000453948975,1.9349000453948975,0.0,EURTRY=X,eur_try
2010-06-01,1.9351999759674072,1.9408999681472778,1.9257999658584595,1.9306000471115112,1.9306000471115112,0.0,EURTRY=X,eur_try
2010-06-02,1.9305000305175781,1.9414000511169434,1.9248000383377075,1.9282000064849854,1.9282000064849854,0.0,EURTRY=X,eur_try
2010-06-03,1.9286999702453613,1.9330999851226807,1.9142999649047852,1.9235999584197998,1.9235999584197998,0.0,EURTRY=X,eur_try
2010-06-06,1.9156999588012695,1.9235999584197998,1.9072999954223633,1.919800043106079,1.919800043106079,0.0,EURTRY=X,eur_try
2010-06-07,1.919800043106079,1.9255000352859497,1.910599946975708,1.9160000085830688,1.9160000085830688,0.0,EURTRY=X,eur_try
2010-06-08,1.916100025177002,1.9256000518798828,1.9098000526428223,1.9194999933242798,1.9194999933242798,0.0,EURTRY=X,eur_try
2010-06-09,1.919700026512146,1.9294999837875366,1.9104000329971313,1.9118000268936157,1.9118000268936157,0.0,EURTRY=X,eur_try
2010-06-10,1.9112000465393066,1.9206000566482544,1.9043999910354614,1.9105000495910645,1.9105000495910645,0.0,EURTRY=X,eur_try
2010-06-13,1.9117000102996826,1.930299997329712,1.9074000120162964,1.9249000549316406,1.9249000549316406,0.0,EURTRY=X,eur_try
2010-06-14,1.9249000549316406,1.9363000392913818,1.9212000370025635,1.9251999855041504,1.9251999855041504,0.0,EURTRY=X,eur_try
2010-06-15,1.9250999689102173,1.9325000047683716,1.9192999601364136,1.9218000173568726,1.9218000173568726,0.0,EURTRY=X,eur_try
2010-06-16,1.9219000339508057,1.9394999742507935,1.9155999422073364,1.9319000244140625,1.9319000244140625,0.0,EURTRY=X,eur_try
2010-06-17,1.9322999715805054,1.9362000226974487,1.9218000173568726,1.9255000352859497,1.9255000352859497,0.0,EURTRY=X,eur_try
2010-06-20,1.9240000247955322,1.9294999837875366,1.9151999950408936,1.9174000024795532,1.9174000024795532,0.0,EURTRY=X,eur_try
2010-06-21,1.9174000024795532,1.9234999418258667,1.9140000343322754,1.9220999479293823,1.9220999479293823,0.0,EURTRY=X,eur_try
2010-06-22,1.9218000173568726,1.9397000074386597,1.9178999662399292,1.9349000453948975,1.9349000453948975,0.0,EURTRY=X,eur_try
2010-06-23,1.9350999593734741,1.9528000354766846,1.93149995803833,1.9450000524520874,1.9450000524520874,0.0,EURTRY=X,eur_try
2010-06-24,1.9450000524520874,1.9529999494552612,1.899999976158142,1.9469000101089478,1.9469000101089478,0.0,EURTRY=X,eur_try
2010-06-27,1.94760000705719,1.9500999450683594,1.929800033569336,1.9319000244140625,1.9319000244140625,0.0,EURTRY=X,eur_try
2010-06-28,1.9316999912261963,1.9407000541687012,1.9250999689102173,1.9391000270843506,1.9391000270843506,0.0,EURTRY=X,eur_try
2010-06-29,1.9393999576568604,1.944700002670288,1.9313000440597534,1.9352999925613403,1.9352999925613403,0.0,EURTRY=X,eur_try
2010-06-30,1.9387999773025513,1.9809999465942383,1.936400055885315,1.9733999967575073,1.9733999967575073,0.0,EURTRY=X,eur_try
2010-07-01,1.9736000299453735,1.9802000522613525,1.9601999521255493,1.9601999521255493,1.9601999521255493,0.0,EURTRY=X,eur_try
2010-07-04,1.9570000171661377,1.9646999835968018,1.952299952507019,1.9591000080108643,1.9591000080108643,0.0,EURTRY=X,eur_try
2010-07-05,1.9594999551773071,1.9680999517440796,1.951799988746643,1.9601000547409058,1.9601000547409058,0.0,EURTRY=X,eur_try
2010-07-06,1.9591000080108643,1.9708000421524048,1.951799988746643,1.9605000019073486,1.9605000019073486,0.0,EURTRY=X,eur_try
2010-07-07,1.9603999853134155,1.9701999425888062,1.9530999660491943,1.9646999835968018,1.9646999835968018,0.0,EURTRY=X,eur_try
2010-07-08,1.9641000032424927,1.9701000452041626,1.9581999778747559,1.9620000123977661,1.9620000123977661,0.0,EURTRY=X,eur_try
2010-07-11,1.9620000123977661,1.9621000289916992,1.9508999586105347,1.9558000564575195,1.9558000564575195,0.0,EURTRY=X,eur_try
2010-07-12,1.9557000398635864,1.969099998474121,1.9529999494552612,1.9629000425338745,1.9629000425338745,0.0,EURTRY=X,eur_try
2010-07-13,1.9630000591278076,1.9667999744415283,1.9580999612808228,1.9609999656677246,1.9609999656677246,0.0,EURTRY=X,eur_try
2010-07-14,1.9609999656677246,1.985700011253357,1.957200050354004,1.979599952697754,1.979599952697754,0.0,EURTRY=X,eur_try
2010-07-15,1.979099988937378,1.9975999593734741,1.976699948310852,1.9910000562667847,1.9910000562667847,0.0,EURTRY=X,eur_try
2010-07-18,1.986199975013733,2.0009000301361084,1.986199975013733,1.988700032234192,1.988700032234192,0.0,EURTRY=X,eur_try
2010-07-19,1.9900000095367432,1.996899962425232,1.9686000347137451,1.9704999923706055,1.9704999923706055,0.0,EURTRY=X,eur_try
2010-07-20,1.9706000089645386,1.9744000434875488,1.952299952507019,1.9571000337600708,1.9571000337600708,0.0,EURTRY=X,eur_try
2010-07-21,1.9574999809265137,1.9704999923706055,1.9493999481201172,1.9581999778747559,1.9581999778747559,0.0,EURTRY=X,eur_try
2010-07-22,1.9580999612808228,1.969499945640564,1.9505000114440918,1.9636000394821167,1.9636000394821167,0.0,EURTRY=X,eur_try
2010-07-25,1.9602999687194824,1.9701000452041626,1.958899974822998,1.9671000242233276,1.9671000242233276,0.0,EURTRY=X,eur_try
2010-07-26,1.9667999744415283,1.9713000059127808,1.9610999822616577,1.961400032043457,1.961400032043457,0.0,EURTRY=X,eur_try
2010-07-27,1.9667999744415283,1.9710999727249146,1.958400011062622,1.9644999504089355,1.9644999504089355,0.0,EURTRY=X,eur_try
2010-07-28,1.9643000364303589,1.981600046157837,1.9616999626159668,1.976099967956543,1.976099967956543,0.0,EURTRY=X,eur_try
2010-07-29,1.9763000011444092,1.980299949645996,1.961899995803833,1.9651999473571777,1.9651999473571777,0.0,EURTRY=X,eur_try
2010-08-01,1.966599941253662,1.9711999893188477,1.9531999826431274,1.9677000045776367,1.9677000045776367,0.0,EURTRY=X,eur_try
2010-08-02,1.9675999879837036,1.9797999858856201,1.9638999700546265,1.9737999439239502,1.9737999439239502,0.0,EURTRY=X,eur_try
2010-08-03,1.9738999605178833,1.9859000444412231,1.9694000482559204,1.9737999439239502,1.9737999439239502,0.0,EURTRY=X,eur_try
2010-08-04,1.972499966621399,1.9879000186920166,1.9710999727249146,1.972100019454956,1.972100019454956,0.0,EURTRY=X,eur_try
2010-08-05,1.978700041770935,1.9866000413894653,1.9673000574111938,1.9788000583648682,1.9788000583648682,0.0,EURTRY=X,eur_try
2010-08-08,1.9779000282287598,1.9838999509811401,1.9701000452041626,1.9780000448226929,1.9780000448226929,0.0,EURTRY=X,eur_try
2010-08-09,1.9732999801635742,1.9735000133514404,1.960800051689148,1.9732999801635742,1.9732999801635742,0.0,EURTRY=X,eur_try
2010-08-10,1.976099967956543,1.976099967956543,1.954699993133545,1.9759999513626099,1.9759999513626099,0.0,EURTRY=X,eur_try
2010-08-11,1.9592000246047974,1.9651999473571777,1.9457999467849731,1.9591000080108643,1.9591000080108643,0.0,EURTRY=X,eur_try
2010-08-12,1.94760000705719,1.9537999629974365,1.9321000576019287,1.9478000402450562,1.9478000402450562,0.0,EURTRY=X,eur_try
2010-08-15,1.9362000226974487,1.9427000284194946,1.9321999549865723,1.9359999895095825,1.9359999895095825,0.0,EURTRY=X,eur_try
2010-08-16,1.9336999654769897,1.9391000270843506,1.9249999523162842,1.9337999820709229,1.9337999820709229,0.0,EURTRY=X,eur_try
2010-08-17,1.926900029182434,1.9321999549865723,1.9215999841690063,1.927299976348877,1.927299976348877,0.0,EURTRY=X,eur_try
2010-08-18,1.9283000230789185,1.9420000314712524,1.9175000190734863,1.9279999732971191,1.9279999732971191,0.0,EURTRY=X,eur_try
2010-08-19,1.9322999715805054,1.9424999952316284,1.9206000566482544,1.932800054550171,1.932800054550171,0.0,EURTRY=X,eur_try
2010-08-22,1.9256999492645264,1.9349000453948975,1.9221999645233154,1.9255000352859497,1.9255000352859497,0.0,EURTRY=X,eur_try
2010-08-23,1.9322999715805054,1.9450000524520874,1.9285999536514282,1.9318000078201294,1.9318000078201294,0.0,EURTRY=X,eur_try
2010-08-24,1.9371000528335571,1.942199945449829,1.9291000366210938,1.9371999502182007,1.9371999502182007,0.0,EURTRY=X,eur_try
2010-08-25,1.9332000017166138,1.9424999952316284,1.9283000230789185,1.9332000017166138,1.9332000017166138,0.0,EURTRY=X,eur_try
2010-08-26,1.9335999488830566,1.944599986076355,1.9296000003814697,1.933500051498413,1.933500051498413,0.0,EURTRY=X,eur_try
2010-08-29,1.9306000471115112,1.9345999956130981,1.9258999824523926,1.9300999641418457,1.9300999641418457,0.0,EURTRY=X,eur_try
2010-08-30,1.930400013923645,1.9426000118255615,1.9250999689102173,1.9305000305175781,1.9305000305175781,0.0,EURTRY=X,eur_try
2010-08-31,1.9355000257492065,1.9536999464035034,1.930400013923645,1.9356000423431396,1.9356000423431396,0.0,EURTRY=X,eur_try
2010-09-01,1.9393999576568604,1.944100022315979,1.934000015258789,1.9392999410629272,1.9392999410629272,0.0,EURTRY=X,eur_try
2010-09-02,1.9364999532699585,1.9390000104904175,1.926800012588501,1.9364999532699585,1.9364999532699585,0.0,EURTRY=X,eur_try
2010-09-05,1.93149995803833,1.9375,1.9292000532150269,1.931399941444397,1.931399941444397,0.0,EURTRY=X,eur_try
2010-09-06,1.93340003490448,1.9348000288009644,1.92330002784729,1.933500051498413,1.933500051498413,0.0,EURTRY=X,eur_try
2010-09-07,1.9208999872207642,1.933500051498413,1.9186999797821045,1.9210000038146973,1.9210000038146973,0.0,EURTRY=X,eur_try
2010-09-08,1.9286999702453613,1.9297000169754028,1.9172999858856201,1.9290000200271606,1.9290000200271606,0.0,EURTRY=X,eur_try
2010-09-09,1.9157999753952026,1.9230999946594238,1.9107999801635742,1.9163999557495117,1.9163999557495117,0.0,EURTRY=X,eur_try
2010-09-12,1.8996000289916992,1.9250999689102173,1.8990999460220337,1.899899959564209,1.899899959564209,0.0,EURTRY=X,eur_try
2010-09-13,1.924299955368042,1.9408999681472778,1.9199999570846558,1.924299955368042,1.924299955368042,0.0,EURTRY=X,eur_try
2010-09-14,1.9363000392913818,1.9421000480651855,1.9320000410079956,1.936400055885315,1.936400055885315,0.0,EURTRY=X,eur_try
2010-09-15,1.9378000497817993,1.9632999897003174,1.9320000410079956,1.938099980354309,1.938099980354309,0.0,EURTRY=X,eur_try
2010-09-16,1.9544999599456787,1.9682999849319458,1.9501999616622925,1.9549000263214111,1.9549000263214111,0.0,EURTRY=X,eur_try
2010-09-19,1.9458999633789062,1.961400032043457,1.9450000524520874,1.9457999467849731,1.9457999467849731,0.0,EURTRY=X,eur_try
2010-09-20,1.9470000267028809,1.9644999504089355,1.9459999799728394,1.9469000101089478,1.9469000101089478,0.0,EURTRY=X,eur_try
2010-09-21,1.9704999923706055,1.9946000576019287,1.9704999923706055,1.9707000255584717,1.9707000255584717,0.0,EURTRY=X,eur_try
2010-09-22,1.9869999885559082,1.99590003490448,1.9783999919891357,1.9879000186920166,1.9879000186920166,0.0,EURTRY=X,eur_try
2010-09-23,1.9781999588012695,1.996500015258789,1.9723999500274658,1.9785000085830688,1.9785000085830688,0.0,EURTRY=X,eur_try
2010-09-26,1.9896999597549438,1.9905999898910522,1.9817999601364136,1.989400029182434,1.989400029182434,0.0,EURTRY=X,eur_try
2010-09-27,1.9753999710083008,1.9904999732971191,1.9707000255584717,1.9753999710083008,1.9753999710083008,0.0,EURTRY=X,eur_try
2010-09-28,1.986199975013733,1.9921000003814697,1.975100040435791,1.9866000413894653,1.9866000413894653,0.0,EURTRY=X,eur_try
2010-09-29,1.9780999422073364,1.9840999841690063,1.9646999835968018,1.9783999919891357,1.9783999919891357,0.0,EURTRY=X,eur_try
2010-09-30,1.9706000089645386,1.9910999536514282,1.9701000452041626,1.9707000255584717,1.9707000255584717,0.0,EURTRY=X,eur_try
2010-10-03,1.9878000020980835,1.9944000244140625,1.976199984550476,1.9879000186920166,1.9879000186920166,0.0,EURTRY=X,eur_try
2010-10-04,1.990399956703186,1.9977999925613403,1.9754999876022339,1.9903000593185425,1.9903000593185425,0.0,EURTRY=X,eur_try
2010-10-05,1.9726999998092651,1.9775999784469604,1.9602999687194824,1.9742000102996826,1.9742000102996826,0.0,EURTRY=X,eur_try
2010-10-06,1.9723999500274658,1.9889999628067017,1.968400001525879,1.972100019454956,1.972100019454956,0.0,EURTRY=X,eur_try
2010-10-07,1.9830000400543213,1.9917000532150269,1.96589994430542,1.9853999614715576,1.9853999614715576,0.0,EURTRY=X,eur_try
2010-10-10,1.9718999862670898,1.975600004196167,1.9607000350952148,1.97160005569458,1.97160005569458,0.0,EURTRY=X,eur_try
2010-10-11,1.9625999927520752,1.9732999801635742,1.9596999883651733,1.9643000364303589,1.9643000364303589,0.0,EURTRY=X,eur_try
2010-10-12,1.962399959564209,1.9779000282287598,1.961899995803833,1.962499976158142,1.962499976158142,0.0,EURTRY=X,eur_try
2010-10-13,1.9628000259399414,1.9824999570846558,1.9600000381469727,1.9627000093460083,1.9627000093460083,0.0,EURTRY=X,eur_try
2010-10-14,1.9807000160217285,1.9850000143051147,1.9726999998092651,1.9809000492095947,1.9809000492095947,0.0,EURTRY=X,eur_try
2010-10-17,1.9700000286102295,1.9802000522613525,1.9607000350952148,1.9700000286102295,1.9700000286102295,0.0,EURTRY=X,eur_try
2010-10-18,1.9701999425888062,1.9814000129699707,1.9692000150680542,1.9704999923706055,1.9704999923706055,0.0,EURTRY=X,eur_try
2010-10-19,1.9752000570297241,1.98989999294281,1.9682999849319458,1.9708000421524048,1.9708000421524048,0.0,EURTRY=X,eur_try
2010-10-20,1.9867000579833984,1.9931000471115112,1.9769999980926514,1.9871000051498413,1.9871000051498413,0.0,EURTRY=X,eur_try
2010-10-21,1.9848999977111816,1.9924999475479126,1.9804999828338623,1.9846999645233154,1.9846999645233154,0.0,EURTRY=X,eur_try
2010-10-24,1.9829000234603882,1.9903000593185425,1.9783999919891357,1.983299970626831,1.983299970626831,0.0,EURTRY=X,eur_try
2010-10-25,1.9730000495910645,1.983299970626831,1.971500039100647,1.9744000434875488,1.9744000434875488,0.0,EURTRY=X,eur_try
2010-10-26,1.9771000146865845,1.9944000244140625,1.9699000120162964,1.9769999980926514,1.9769999980926514,0.0,EURTRY=X,eur_try
2010-10-27,1.9875999689102173,1.9917999505996704,1.982699990272522,1.9874000549316406,1.9874000549316406,0.0,EURTRY=X,eur_try
2010-10-28,1.9850000143051147,1.993399977684021,1.9850000143051147,1.9917000532150269,1.9917000532150269,0.0,EURTRY=X,eur_try
2010-11-01,1.9919999837875366,1.993299961090088,1.9808000326156616,1.9493999481201172,1.9493999481201172,0.0,EURTRY=X,eur_try
2010-11-02,1.982300043106079,1.9850000143051147,1.9738999605178833,1.9836000204086304,1.9836000204086304,0.0,EURTRY=X,eur_try
2010-11-03,1.978700041770935,1.980299949645996,1.9739999771118164,1.9788999557495117,1.9788999557495117,0.0,EURTRY=X,eur_try
2010-11-04,1.9835000038146973,1.9911999702453613,1.975600004196167,1.9830000400543213,1.9830000400543213,0.0,EURTRY=X,eur_try
2010-11-05,1.981600046157837,1.9851000308990479,1.9598000049591064,1.9829000234603882,1.9829000234603882,0.0,EURTRY=X,eur_try
2010-11-08,1.9651000499725342,1.9673000574111938,1.9522000551223755,1.9657000303268433,1.9657000303268433,0.0,EURTRY=X,eur_try
2010-11-09,1.957200050354004,1.96589994430542,1.9523999691009521,1.9566999673843384,1.9566999673843384,0.0,EURTRY=X,eur_try
2010-11-10,1.9464000463485718,1.9519000053405762,1.9431999921798706,1.9488999843597412,1.9488999843597412,0.0,EURTRY=X,eur_try
2010-11-11,1.948799967765808,1.9610999822616577,1.9457000494003296,1.9508999586105347,1.9508999586105347,0.0,EURTRY=X,eur_try
2010-11-12,1.9555000066757202,1.972499966621399,1.9534000158309937,1.9555000066757202,1.9555000066757202,0.0,EURTRY=X,eur_try
2010-11-15,1.969499945640564,1.9767999649047852,1.965399980545044,1.968999981880188,1.968999981880188,0.0,EURTRY=X,eur_try
2010-11-16,1.961899995803833,1.9840999841690063,1.9601999521255493,1.961899995803833,1.961899995803833,0.0,EURTRY=X,eur_try
2010-11-17,1.9728000164031982,1.9778000116348267,1.9673000574111938,1.9714000225067139,1.9714000225067139,0.0,EURTRY=X,eur_try
2010-11-18,1.968999981880188,1.9757000207901,1.9664000272750854,1.9696999788284302,1.9696999788284302,0.0,EURTRY=X,eur_try
2010-11-19,1.9680999517440796,1.9795000553131104,1.9620000123977661,1.968500018119812,1.968500018119812,0.0,EURTRY=X,eur_try
2010-11-22,1.9781999588012695,1.9810999631881714,1.9693000316619873,1.9778000116348267,1.9778000116348267,0.0,EURTRY=X,eur_try
2010-11-23,1.9768999814987183,1.9955999851226807,1.9723000526428223,1.976699948310852,1.976699948310852,0.0,EURTRY=X,eur_try
2010-11-24,1.9839999675750732,1.9848999977111816,1.9710999727249146,1.9838000535964966,1.9838000535964966,0.0,EURTRY=X,eur_try
2010-11-25,1.972000002861023,1.9737999439239502,1.961899995803833,1.9717999696731567,1.9717999696731567,0.0,EURTRY=X,eur_try
2010-11-26,1.9629000425338745,1.9746999740600586,1.9599000215530396,1.9632999897003174,1.9632999897003174,0.0,EURTRY=X,eur_try
2010-11-29,1.9630000591278076,1.9759999513626099,1.9630000591278076,1.9674999713897705,1.9674999713897705,0.0,EURTRY=X,eur_try
2010-11-30,1.968999981880188,1.9759000539779663,1.9564000368118286,1.9693000316619873,1.9693000316619873,0.0,EURTRY=X,eur_try
2010-12-01,1.9526000022888184,1.9594000577926636,1.9493999481201172,1.9529999494552612,1.9529999494552612,0.0,EURTRY=X,eur_try
2010-12-02,1.954699993133545,1.962399959564209,1.9515000581741333,1.9544999599456787,1.9544999599456787,0.0,EURTRY=X,eur_try
2010-12-03,1.9567999839782715,1.9788999557495117,1.9535000324249268,1.9571000337600708,1.9571000337600708,0.0,EURTRY=X,eur_try
2010-12-06,1.978600025177002,1.9789999723434448,1.9668999910354614,1.9794000387191772,1.9794000387191772,0.0,EURTRY=X,eur_try
2010-12-07,1.9723999500274658,1.9752999544143677,1.9668999910354614,1.971500039100647,1.971500039100647,0.0,EURTRY=X,eur_try
2010-12-08,1.9645999670028687,1.9767999649047852,1.9628000259399414,1.9730000495910645,1.9730000495910645,0.0,EURTRY=X,eur_try
2010-12-09,1.9783999919891357,1.9903000593185425,1.972499966621399,1.9785000085830688,1.9785000085830688,0.0,EURTRY=X,eur_try
2010-12-10,1.995300054550171,1.9953999519348145,1.9799000024795532,1.9910000562667847,1.9910000562667847,0.0,EURTRY=X,eur_try
2010-12-13,1.9958000183105469,2.0113000869750977,1.9847999811172485,1.9902000427246094,1.9902000427246094,0.0,EURTRY=X,eur_try
2010-12-14,2.0162999629974365,2.021199941635132,2.0111000537872314,2.011699914932251,2.011699914932251,0.0,EURTRY=X,eur_try
2010-12-15,2.015700101852417,2.029099941253662,2.012500047683716,2.021399974822998,2.021399974822998,0.0,EURTRY=X,eur_try
2010-12-16,2.012700080871582,2.0220999717712402,2.0053000450134277,2.018399953842163,2.018399953842163,0.0,EURTRY=X,eur_try
2010-12-17,2.02620005607605,2.046999931335449,2.0192999839782715,2.0072999000549316,2.0072999000549316,0.0,EURTRY=X,eur_try
2010-12-20,2.0327999591827393,2.0501999855041504,2.0297000408172607,1.9908000230789185,1.9908000230789185,0.0,EURTRY=X,eur_try
2010-12-21,2.0481998920440674,2.058300018310547,2.036099910736084,2.0450000762939453,2.0450000762939453,0.0,EURTRY=X,eur_try
2010-12-22,2.039299964904785,2.047100067138672,2.0292999744415283,2.0427000522613525,2.0427000522613525,0.0,EURTRY=X,eur_try
2010-12-23,2.0339999198913574,2.038300037384033,2.0227999687194824,2.0329999923706055,2.0329999923706055,0.0,EURTRY=X,eur_try
2010-12-24,2.027100086212158,2.033099889755249,2.023400068283081,2.0271999835968018,2.0271999835968018,0.0,EURTRY=X,eur_try
2010-12-27,2.0220999717712402,2.039599895477295,2.0215001106262207,2.026900053024292,2.026900053024292,0.0,EURTRY=X,eur_try
2010-12-28,2.033600091934204,2.0608999729156494,2.032099962234497,2.03439998626709,2.03439998626709,0.0,EURTRY=X,eur_try
2010-12-29,2.04010009765625,2.057800054550171,2.0399999618530273,2.041800022125244,2.041800022125244,0.0,EURTRY=X,eur_try
2010-12-30,2.051100015640259,2.065000057220459,2.050299882888794,2.0513999462127686,2.0513999462127686,0.0,EURTRY=X,eur_try
2010-12-31,2.0655999183654785,2.0741000175476074,2.0571000576019287,2.065700054168701,2.065700054168701,0.0,EURTRY=X,eur_try
2011-01-03,2.060699939727783,2.085200071334839,2.049799919128418,2.060499906539917,2.060499906539917,0.0,EURTRY=X,eur_try
2011-01-04,2.076900005340576,2.0815000534057617,2.0601999759674072,2.0769999027252197,2.0769999027252197,0.0,EURTRY=X,eur_try
2011-01-05,2.050299882888794,2.0553998947143555,2.032900094985962,2.0492000579833984,2.0492000579833984,0.0,EURTRY=X,eur_try
2011-01-06,2.031899929046631,2.0348000526428223,2.0197999477386475,2.0311999320983887,2.0311999320983887,0.0,EURTRY=X,eur_try
2011-01-07,2.0146000385284424,2.04010009765625,2.0146000385284424,2.0134999752044678,2.0134999752044678,0.0,EURTRY=X,eur_try
2011-01-10,2.0278000831604004,2.0536000728607178,2.0267999172210693,2.027600049972534,2.027600049972534,0.0,EURTRY=X,eur_try
2011-01-11,2.0422000885009766,2.0506999492645264,2.033799886703491,2.042799949645996,2.042799949645996,0.0,EURTRY=X,eur_try
2011-01-12,2.047300100326538,2.05049991607666,2.0353000164031982,2.047100067138672,2.047100067138672,0.0,EURTRY=X,eur_try
2011-01-13,2.0485999584198,2.0669000148773193,2.0423998832702637,2.0487000942230225,2.0487000942230225,0.0,EURTRY=X,eur_try
2011-01-14,2.0669000148773193,2.0778000354766846,2.0624001026153564,2.066999912261963,2.066999912261963,0.0,EURTRY=X,eur_try
2011-01-17,2.074399948120117,2.074399948120117,2.0488998889923096,2.074199914932251,2.074199914932251,0.0,EURTRY=X,eur_try
2011-01-18,2.0459001064300537,2.0629000663757324,2.041599988937378,2.045799970626831,2.045799970626831,0.0,EURTRY=X,eur_try
2011-01-19,2.05679988861084,2.091399908065796,2.05679988861084,2.0571999549865723,2.0571999549865723,0.0,EURTRY=X,eur_try
2011-01-20,2.082900047302246,2.1359000205993652,2.0797998905181885,2.0831000804901123,2.0831000804901123,0.0,EURTRY=X,eur_try
2011-01-21,2.129199981689453,2.1494998931884766,2.055799961090088,2.1287999153137207,2.1287999153137207,0.0,EURTRY=X,eur_try
2011-01-24,2.1389000415802,2.1424999237060547,2.121999979019165,2.1384999752044678,2.1384999752044678,0.0,EURTRY=X,eur_try
2011-01-25,2.129199981689453,2.142400026321411,2.123199939727783,2.1287999153137207,2.1287999153137207,0.0,EURTRY=X,eur_try
2011-01-26,2.1440000534057617,2.1605000495910645,2.1389999389648438,2.142899990081787,2.142899990081787,0.0,EURTRY=X,eur_try
2011-01-27,2.1596999168395996,2.173099994659424,2.147200107574463,2.15939998626709,2.15939998626709,0.0,EURTRY=X,eur_try
2011-01-28,2.164599895477295,2.2005999088287354,2.1610000133514404,2.1659998893737793,2.1659998893737793,0.0,EURTRY=X,eur_try
2011-01-31,2.194200038909912,2.200200080871582,2.1858999729156494,2.1475000381469727,2.1475000381469727,0.0,EURTRY=X,eur_try
2011-02-01,2.2007999420166016,2.203200101852417,2.1782000064849854,2.200900077819824,2.200900077819824,0.0,EURTRY=X,eur_try
2011-02-02,2.181299924850464,2.188699960708618,2.1731998920440674,2.1814000606536865,2.1814000606536865,0.0,EURTRY=X,eur_try
2011-02-03,2.178499937057495,2.1912999153137207,2.166800022125244,2.178499937057495,2.178499937057495,0.0,EURTRY=X,eur_try
2011-02-04,2.1726999282836914,2.1937999725341797,2.148400068283081,2.1723999977111816,2.1723999977111816,0.0,EURTRY=X,eur_try
2011-02-07,2.1528000831604004,2.1640000343322754,2.1275999546051025,2.1524999141693115,2.1524999141693115,0.0,EURTRY=X,eur_try
2011-02-08,2.1398000717163086,2.1558001041412354,2.135499954223633,2.1426000595092773,2.1426000595092773,0.0,EURTRY=X,eur_try
2011-02-09,2.1458001136779785,2.1751999855041504,2.1421000957489014,2.1461000442504883,2.1461000442504883,0.0,EURTRY=X,eur_try
2011-02-10,2.180500030517578,2.187999963760376,2.1605000495910645,2.1807000637054443,2.1807000637054443,0.0,EURTRY=X,eur_try
2011-02-11,2.167099952697754,2.1702001094818115,2.1489999294281006,2.1668999195098877,2.1668999195098877,0.0,EURTRY=X,eur_try
2011-02-14,2.1435000896453857,2.1570000648498535,2.1350998878479004,2.143399953842163,2.143399953842163,0.0,EURTRY=X,eur_try
2011-02-15,2.149199962615967,2.1649999618530273,2.1458001136779785,2.148699998855591,2.148699998855591,0.0,EURTRY=X,eur_try
2011-02-16,2.1519999504089355,2.163100004196167,2.1324000358581543,2.1522998809814453,2.1522998809814453,0.0,EURTRY=X,eur_try
2011-02-17,2.146899938583374,2.151700019836426,2.134000062942505,2.1484999656677246,2.1484999656677246,0.0,EURTRY=X,eur_try
2011-02-18,2.1440000534057617,2.1528000831604004,2.139699935913086,2.1442999839782715,2.1442999839782715,0.0,EURTRY=X,eur_try
2011-02-21,2.1600000858306885,2.1710000038146973,2.1552999019622803,2.15910005569458,2.15910005569458,0.0,EURTRY=X,eur_try
2011-02-22,2.1728999614715576,2.185699939727783,2.164599895477295,2.173099994659424,2.173099994659424,0.0,EURTRY=X,eur_try
2011-02-23,2.185699939727783,2.2095999717712402,2.177799940109253,2.1861000061035156,2.1861000061035156,0.0,EURTRY=X,eur_try
2011-02-24,2.211699962615967,2.2207000255584717,2.2053000926971436,2.212399959564209,2.212399959564209,0.0,EURTRY=X,eur_try
2011-02-25,2.213099956512451,2.218400001525879,2.1909000873565674,2.2130000591278076,2.2130000591278076,0.0,EURTRY=X,eur_try
2011-02-28,2.191800117492676,2.2174999713897705,2.1900999546051025,2.1916000843048096,2.1916000843048096,0.0,EURTRY=X,eur_try
2011-03-01,2.2070000171661377,2.2279999256134033,2.2028000354766846,2.207200050354004,2.207200050354004,0.0,EURTRY=X,eur_try
2011-03-02,2.2221999168395996,2.242799997329712,2.2197000980377197,2.223099946975708,2.223099946975708,0.0,EURTRY=X,eur_try
2011-03-03,2.2416000366210938,2.2439000606536865,2.222100019454956,2.242300033569336,2.242300033569336,0.0,EURTRY=X,eur_try
2011-03-04,2.2295000553131104,2.242799997329712,2.2265000343322754,2.2291998863220215,2.2291998863220215,0.0,EURTRY=X,eur_try
2011-03-07,2.234299898147583,2.249000072479248,2.230600118637085,2.2339999675750732,2.2339999675750732,0.0,EURTRY=X,eur_try
2011-03-08,2.2291998863220215,2.235100030899048,2.2084999084472656,2.2307000160217285,2.2307000160217285,0.0,EURTRY=X,eur_try
2011-03-09,2.2067999839782715,2.2114999294281006,2.1989998817443848,2.207900047302246,2.207900047302246,0.0,EURTRY=X,eur_try
2011-03-10,2.196500062942505,2.2002999782562256,2.1782000064849854,2.1970999240875244,2.1970999240875244,0.0,EURTRY=X,eur_try
2011-03-11,2.1826999187469482,2.1953999996185303,2.1819000244140625,2.1830999851226807,2.1830999851226807,0.0,EURTRY=X,eur_try
2011-03-14,2.2051000595092773,2.208400011062622,2.1956000328063965,2.2058000564575195,2.2058000564575195,0.0,EURTRY=X,eur_try
2011-03-15,2.1930999755859375,2.208899974822998,2.186300039291382,2.193700075149536,2.193700075149536,0.0,EURTRY=X,eur_try
2011-03-16,2.206199884414673,2.2146999835968018,2.2021000385284424,2.206199884414673,2.206199884414673,0.0,EURTRY=X,eur_try
2011-03-17,2.214200019836426,2.2286999225616455,2.2109999656677246,2.214400053024292,2.214400053024292,0.0,EURTRY=X,eur_try
2011-03-18,2.2251999378204346,2.2393999099731445,2.216900110244751,2.2253000736236572,2.2253000736236572,0.0,EURTRY=X,eur_try
2011-03-21,2.2360999584198,2.2411000728607178,2.2297000885009766,2.2360000610351562,2.2360000610351562,0.0,EURTRY=X,eur_try
2011-03-22,2.2385001182556152,2.240600109100342,2.2202000617980957,2.2381999492645264,2.2381999492645264,0.0,EURTRY=X,eur_try
2011-03-23,2.2146999835968018,2.2211999893188477,2.197499990463257,2.2146999835968018,2.2146999835968018,0.0,EURTRY=X,eur_try
2011-03-24,2.194999933242798,2.202699899673462,2.188699960708618,2.1949000358581543,2.1949000358581543,0.0,EURTRY=X,eur_try
2011-03-25,2.1940999031066895,2.1981000900268555,2.18969988822937,2.1939001083374023,2.1939001083374023,0.0,EURTRY=X,eur_try
2011-03-27,2.183000087738037,2.194999933242798,2.181299924850464,2.183000087738037,2.183000087738037,0.0,EURTRY=X,eur_try
2011-03-28,2.191800117492676,2.209399938583374,2.191800117492676,2.1909000873565674,2.1909000873565674,0.0,EURTRY=X,eur_try
2011-03-29,2.194200038909912,2.1965999603271484,2.186300039291382,2.194000005722046,2.194000005722046,0.0,EURTRY=X,eur_try
2011-03-30,2.1914000511169434,2.1984000205993652,2.1870999336242676,2.1912999153137207,2.1912999153137207,0.0,EURTRY=X,eur_try
2011-03-31,2.1867001056671143,2.1930999755859375,2.1640000343322754,2.1865999698638916,2.1865999698638916,0.0,EURTRY=X,eur_try
2011-04-03,2.17330002784729,2.1870999336242676,2.1686999797821045,2.173099994659424,2.173099994659424,0.0,EURTRY=X,eur_try
2011-04-04,2.176300048828125,2.1812000274658203,2.1686999797821045,2.1763999462127686,2.1763999462127686,0.0,EURTRY=X,eur_try
2011-04-05,2.1719000339508057,2.1800999641418457,2.167799949645996,2.172100067138672,2.172100067138672,0.0,EURTRY=X,eur_try
2011-04-06,2.1703999042510986,2.1707000732421875,2.1521999835968018,2.1703999042510986,2.1703999042510986,0.0,EURTRY=X,eur_try
2011-04-07,2.1598000526428223,2.1816999912261963,2.1552000045776367,2.1598000526428223,2.1598000526428223,0.0,EURTRY=X,eur_try
2011-04-10,2.1800999641418457,2.190999984741211,2.164900064468384,2.180299997329712,2.180299997329712,0.0,EURTRY=X,eur_try
2011-04-11,2.1854000091552734,2.2070000171661377,2.179800033569336,2.1854000091552734,2.1854000091552734,0.0,EURTRY=X,eur_try
2011-04-12,2.2026000022888184,2.2076001167297363,2.191800117492676,2.2026000022888184,2.2026000022888184,0.0,EURTRY=X,eur_try
2011-04-13,2.19350004196167,2.211199998855591,2.188199996948242,2.191200017929077,2.191200017929077,0.0,EURTRY=X,eur_try
2011-04-17,2.1803998947143555,2.2000999450683594,2.1749000549316406,2.180500030517578,2.180500030517578,0.0,EURTRY=X,eur_try
2011-04-18,2.1881000995635986,2.1939001083374023,2.1828999519348145,2.188999891281128,2.188999891281128,0.0,EURTRY=X,eur_try
2011-04-19,2.192699909210205,2.2081000804901123,2.1907999515533447,2.1958000659942627,2.1958000659942627,0.0,EURTRY=X,eur_try
2011-04-20,2.2047998905181885,2.2255001068115234,2.202899932861328,2.204900026321411,2.204900026321411,0.0,EURTRY=X,eur_try
2011-04-21,2.2095000743865967,2.2151999473571777,2.2054998874664307,2.209700107574463,2.209700107574463,0.0,EURTRY=X,eur_try
2011-04-24,2.2056000232696533,2.226300001144409,2.2026000022888184,2.2046000957489014,2.2046000957489014,0.0,EURTRY=X,eur_try
2011-04-25,2.222399950027466,2.239300012588501,2.2086000442504883,2.2225000858306885,2.2225000858306885,0.0,EURTRY=X,eur_try
2011-04-26,2.237600088119507,2.239300012588501,2.2290000915527344,2.2374000549316406,2.2374000549316406,0.0,EURTRY=X,eur_try
2011-04-27,2.2421000003814697,2.2567999362945557,2.24180006980896,2.2421998977661133,2.2421998977661133,0.0,EURTRY=X,eur_try
2011-04-28,2.2620999813079834,2.2643001079559326,2.2476999759674072,2.262200117111206,2.262200117111206,0.0,EURTRY=X,eur_try
2011-05-01,2.2513999938964844,2.2641000747680664,2.2432000637054443,2.2497000694274902,2.2497000694274902,0.0,EURTRY=X,eur_try
2011-05-02,2.2546000480651855,2.2836999893188477,2.2458999156951904,2.254300117492676,2.254300117492676,0.0,EURTRY=X,eur_try
2011-05-03,2.273900032043457,2.2950000762939453,2.2692999839782715,2.2739999294281006,2.2739999294281006,0.0,EURTRY=X,eur_try
2011-05-04,2.2941999435424805,2.299799919128418,2.2548999786376953,2.2943999767303467,2.2943999767303467,0.0,EURTRY=X,eur_try
2011-05-05,2.252700090408325,2.2558999061584473,2.2237000465393066,2.2528998851776123,2.2528998851776123,0.0,EURTRY=X,eur_try
2011-05-08,2.217900037765503,2.2267000675201416,2.2083001136779785,2.2056000232696533,2.2056000232696533,0.0,EURTRY=X,eur_try
2011-05-09,2.2214999198913574,2.2481000423431396,2.2130000591278076,2.2211999893188477,2.2211999893188477,0.0,EURTRY=X,eur_try
2011-05-10,2.2462000846862793,2.273900032043457,2.242000102996826,2.245699882507324,2.245699882507324,0.0,EURTRY=X,eur_try
2011-05-11,2.253499984741211,2.258699893951416,2.236799955368042,2.253700017929077,2.253700017929077,0.0,EURTRY=X,eur_try
2011-05-12,2.245500087738037,2.265199899673462,2.2379000186920166,2.245800018310547,2.245800018310547,0.0,EURTRY=X,eur_try
2011-05-15,2.2467000484466553,2.260200023651123,2.2428998947143555,2.246999979019165,2.246999979019165,0.0,EURTRY=X,eur_try
2011-05-16,2.2518999576568604,2.255500078201294,2.2428998947143555,2.251800060272217,2.251800060272217,0.0,EURTRY=X,eur_try
2011-05-17,2.260200023651123,2.260999917984009,2.245500087738037,2.2599000930786133,2.2599000930786133,0.0,EURTRY=X,eur_try
2011-05-18,2.2404000759124756,2.2516000270843506,2.2397000789642334,2.240299940109253,2.240299940109253,0.0,EURTRY=X,eur_try
2011-05-19,2.2516000270843506,2.261699914932251,2.2458999156951904,2.251800060272217,2.251800060272217,0.0,EURTRY=X,eur_try
2011-05-22,2.2421000003814697,2.2588000297546387,2.2369000911712646,2.241499900817871,2.241499900817871,0.0,EURTRY=X,eur_try
2011-05-23,2.251699924468994,2.259200096130371,2.2439000606536865,2.2516000270843506,2.2516000270843506,0.0,EURTRY=X,eur_try
2011-05-24,2.246999979019165,2.2639999389648438,2.2439000606536865,2.246999979019165,2.246999979019165,0.0,EURTRY=X,eur_try
2011-05-25,2.261699914932251,2.277400016784668,2.2562999725341797,2.2616000175476074,2.2616000175476074,0.0,EURTRY=X,eur_try
2011-05-26,2.2639999389648438,2.2939999103546143,2.2632999420166016,2.2639000415802,2.2639000415802,0.0,EURTRY=X,eur_try
2011-05-29,2.2916998863220215,2.2929999828338623,2.2813000679016113,2.2527999877929688,2.2527999877929688,0.0,EURTRY=X,eur_try
2011-05-30,2.2987000942230225,2.3017001152038574,2.2816998958587646,2.283900022506714,2.283900022506714,0.0,EURTRY=X,eur_try
2011-05-31,2.297300100326538,2.30049991607666,2.284600019454956,2.2973999977111816,2.2973999977111816,0.0,EURTRY=X,eur_try
2011-06-01,2.2927000522613525,2.302500009536743,2.286900043487549,2.2923998832702637,2.2923998832702637,0.0,EURTRY=X,eur_try
2011-06-02,2.2925000190734863,2.302000045776367,2.287899971008301,2.29229998588562,2.29229998588562,0.0,EURTRY=X,eur_try
2011-06-05,2.302299976348877,2.313800096511841,2.297600030899048,2.3024001121520996,2.3024001121520996,0.0,EURTRY=X,eur_try
2011-06-06,2.3115999698638916,2.3227999210357666,2.3108999729156494,2.3115999698638916,2.3115999698638916,0.0,EURTRY=X,eur_try
2011-06-07,2.3183999061584473,2.3292999267578125,2.305500030517578,2.3183000087738037,2.3183000087738037,0.0,EURTRY=X,eur_try
2011-06-08,2.3104000091552734,2.3132998943328857,2.2808001041412354,2.309299945831299,2.309299945831299,0.0,EURTRY=X,eur_try
2011-06-09,2.2806999683380127,2.286600112915039,2.265399932861328,2.2809998989105225,2.2809998989105225,0.0,EURTRY=X,eur_try
2011-06-12,2.254199981689453,2.2701001167297363,2.2474000453948975,2.254199981689453,2.254199981689453,0.0,EURTRY=X,eur_try
2011-06-13,2.2683000564575195,2.295099973678589,2.2625999450683594,2.2679998874664307,2.2679998874664307,0.0,EURTRY=X,eur_try
2011-06-14,2.2880001068115234,2.2934000492095947,2.2795000076293945,2.287899971008301,2.287899971008301,0.0,EURTRY=X,eur_try
2011-06-15,2.2799999713897705,2.2901999950408936,2.269399881362915,2.2799999713897705,2.2799999713897705,0.0,EURTRY=X,eur_try
2011-06-16,2.283099889755249,2.2876999378204346,2.2755000591278076,2.2832000255584717,2.2832000255584717,0.0,EURTRY=X,eur_try
2011-06-19,2.2720999717712402,2.302500009536743,2.2706000804901123,2.242500066757202,2.242500066757202,0.0,EURTRY=X,eur_try
2011-06-20,2.2922000885009766,2.317500114440918,2.2892000675201416,2.292099952697754,2.292099952697754,0.0,EURTRY=X,eur_try
2011-06-21,2.318000078201294,2.328000068664551,2.3118999004364014,2.3173999786376953,2.3173999786376953,0.0,EURTRY=X,eur_try
2011-06-22,2.3224000930786133,2.3257999420166016,2.308000087738037,2.322000026702881,2.322000026702881,0.0,EURTRY=X,eur_try
2011-06-23,2.320199966430664,2.3297998905181885,2.313699960708618,2.3227999210357666,2.3227999210357666,0.0,EURTRY=X,eur_try
2011-06-26,2.31820011138916,2.340399980545044,2.309000015258789,2.318000078201294,2.318000078201294,0.0,EURTRY=X,eur_try
2011-06-27,2.3420000076293945,2.3643999099731445,2.332200050354004,2.3420000076293945,2.3420000076293945,0.0,EURTRY=X,eur_try
2011-06-28,2.3570001125335693,2.3650999069213867,2.3413000106811523,2.356800079345703,2.356800079345703,0.0,EURTRY=X,eur_try
2011-06-29,2.3417999744415283,2.359499931335449,2.341200113296509,2.3469998836517334,2.3469998836517334,0.0,EURTRY=X,eur_try
2011-06-30,2.345400094985962,2.355600118637085,2.3261001110076904,2.3452999591827393,2.3452999591827393,0.0,EURTRY=X,eur_try
2011-07-03,2.3345000743865967,2.3477001190185547,2.333400011062622,2.3334999084472656,2.3334999084472656,0.0,EURTRY=X,eur_try
2011-07-04,2.351900100708008,2.360300064086914,2.3375000953674316,2.3489999771118164,2.3489999771118164,0.0,EURTRY=X,eur_try
2011-07-05,2.3447999954223633,2.3533999919891357,2.3355000019073486,2.344899892807007,2.344899892807007,0.0,EURTRY=X,eur_try
2011-07-06,2.3375000953674316,2.3413000106811523,2.323699951171875,2.3373000621795654,2.3373000621795654,0.0,EURTRY=X,eur_try
2011-07-07,2.3243000507354736,2.333400011062622,2.310499906539917,2.3243000507354736,2.3243000507354736,0.0,EURTRY=X,eur_try
2011-07-10,2.3138999938964844,2.3215999603271484,2.300100088119507,2.3136000633239746,2.3136000633239746,0.0,EURTRY=X,eur_try
2011-07-11,2.3101999759674072,2.3136000633239746,2.293800115585327,2.309799909591675,2.309799909591675,0.0,EURTRY=X,eur_try
2011-07-12,2.3052000999450684,2.330399990081787,2.3022000789642334,2.305999994277954,2.305999994277954,0.0,EURTRY=X,eur_try
2011-07-13,2.33870005607605,2.345599889755249,2.325200080871582,2.3389999866485596,2.3389999866485596,0.0,EURTRY=X,eur_try
2011-07-14,2.327399969100952,2.336199998855591,2.3243000507354736,2.327500104904175,2.327500104904175,0.0,EURTRY=X,eur_try
2011-07-17,2.3313000202178955,2.3498001098632812,2.3245999813079834,2.3315999507904053,2.3315999507904053,0.0,EURTRY=X,eur_try
2011-07-18,2.339900016784668,2.3547000885009766,2.332900047302246,2.3399999141693115,2.3399999141693115,0.0,EURTRY=X,eur_try
2011-07-19,2.3478000164031982,2.365000009536743,2.340399980545044,2.3473000526428223,2.3473000526428223,0.0,EURTRY=X,eur_try
2011-07-20,2.371999979019165,2.404400110244751,2.3650999069213867,2.3721001148223877,2.3721001148223877,0.0,EURTRY=X,eur_try
2011-07-21,2.401599884033203,2.436800003051758,2.3929998874664307,2.401700019836426,2.401700019836426,0.0,EURTRY=X,eur_try
2011-07-24,2.446000099182129,2.4862000942230225,2.441999912261963,2.4465999603271484,2.4465999603271484,0.0,EURTRY=X,eur_try
2011-07-25,2.4630000591278076,2.498500108718872,2.460900068283081,2.4635000228881836,2.4635000228881836,0.0,EURTRY=X,eur_try
2011-07-26,2.4618000984191895,2.474400043487549,2.4274001121520996,2.4623000621795654,2.4623000621795654,0.0,EURTRY=X,eur_try
2011-07-27,2.428499937057495,2.435499906539917,2.389400005340576,2.428499937057495,2.428499937057495,0.0,EURTRY=X,eur_try
2011-07-28,2.398699998855591,2.442500114440918,2.393699884414673,2.3991000652313232,2.3991000652313232,0.0,EURTRY=X,eur_try
2011-07-31,2.4214999675750732,2.429500102996826,2.3926000595092773,2.4209001064300537,2.4209001064300537,0.0,EURTRY=X,eur_try
2011-08-01,2.4137001037597656,2.427799940109253,2.4038000106811523,2.4126999378204346,2.4126999378204346,0.0,EURTRY=X,eur_try
2011-08-02,2.4265999794006348,2.4453001022338867,2.425299882888794,2.426800012588501,2.426800012588501,0.0,EURTRY=X,eur_try
2011-08-03,2.4268999099731445,2.470400094985962,2.4123001098632812,2.4298999309539795,2.4298999309539795,0.0,EURTRY=X,eur_try
2011-08-04,2.448899984359741,2.47379994392395,2.4421000480651855,2.448899984359741,2.448899984359741,0.0,EURTRY=X,eur_try
2011-08-07,2.4916999340057373,2.5197999477386475,2.480799913406372,2.491300106048584,2.491300106048584,0.0,EURTRY=X,eur_try
2011-08-08,2.517199993133545,2.591900110244751,2.5088000297546387,2.5167999267578125,2.5167999267578125,0.0,EURTRY=X,eur_try
2011-08-09,2.521399974822998,2.521699905395508,2.4972000122070312,2.5220000743865967,2.5220000743865967,0.0,EURTRY=X,eur_try
2011-08-10,2.506999969482422,2.541100025177002,2.503499984741211,2.5069000720977783,2.5069000720977783,0.0,EURTRY=X,eur_try
2011-08-11,2.529900074005127,2.5420000553131104,2.5107998847961426,2.530600070953369,2.530600070953369,0.0,EURTRY=X,eur_try
2011-08-14,2.53439998626709,2.558199882507324,2.523099899291992,2.5344998836517334,2.5344998836517334,0.0,EURTRY=X,eur_try
2011-08-15,2.546600103378296,2.5641000270843506,2.5409998893737793,2.5462000370025635,2.5462000370025635,0.0,EURTRY=X,eur_try
2011-08-16,2.5555999279022217,2.560499906539917,2.5476999282836914,2.555799961090088,2.555799961090088,0.0,EURTRY=X,eur_try
2011-08-17,2.5520999431610107,2.5636000633239746,2.545300006866455,2.552000045776367,2.552000045776367,0.0,EURTRY=X,eur_try
2011-08-18,2.5541999340057373,2.5764999389648438,2.549099922180176,2.555000066757202,2.555000066757202,0.0,EURTRY=X,eur_try
2011-08-21,2.5645999908447266,2.583899974822998,2.556999921798706,2.5645999908447266,2.5645999908447266,0.0,EURTRY=X,eur_try
2011-08-22,2.5625998973846436,2.587599992752075,2.5580999851226807,2.5625998973846436,2.5625998973846436,0.0,EURTRY=X,eur_try
2011-08-23,2.5534000396728516,2.575000047683716,2.5469000339508057,2.553299903869629,2.553299903869629,0.0,EURTRY=X,eur_try
2011-08-24,2.5666000843048096,2.572499990463257,2.524399995803833,2.566800117492676,2.566800117492676,0.0,EURTRY=X,eur_try
2011-08-25,2.5206000804901123,2.5378000736236572,2.5157999992370605,2.5206000804901123,2.5206000804901123,0.0,EURTRY=X,eur_try
2011-08-28,2.531399965286255,2.5483999252319336,2.515500068664551,2.531599998474121,2.531599998474121,0.0,EURTRY=X,eur_try
2011-08-29,2.5116000175476074,2.5211000442504883,2.4941000938415527,2.5114998817443848,2.5114998817443848,0.0,EURTRY=X,eur_try
2011-08-30,2.4986000061035156,2.5011000633239746,2.4684998989105225,2.4983999729156494,2.4983999729156494,0.0,EURTRY=X,eur_try
2011-08-31,2.466099977493286,2.4690001010894775,2.451900005340576,2.466200113296509,2.466200113296509,0.0,EURTRY=X,eur_try
2011-09-01,2.452199935913086,2.4944000244140625,2.451900005340576,2.451900005340576,2.451900005340576,0.0,EURTRY=X,eur_try
2011-09-04,2.4718000888824463,2.496999979019165,2.4683001041412354,2.4716999530792236,2.4716999530792236,0.0,EURTRY=X,eur_try
2011-09-05,2.4863998889923096,2.51419997215271,2.4663000106811523,2.486299991607666,2.486299991607666,0.0,EURTRY=X,eur_try
2011-09-06,2.462899923324585,2.4827001094818115,2.4591000080108643,2.4630000591278076,2.4630000591278076,0.0,EURTRY=X,eur_try
2011-09-07,2.474400043487549,2.49180006980896,2.4558000564575195,2.474600076675415,2.474600076675415,0.0,EURTRY=X,eur_try
2011-09-08,2.456199884414673,2.46370005607605,2.4500999450683594,2.4560999870300293,2.4560999870300293,0.0,EURTRY=X,eur_try
2011-09-11,2.4428000450134277,2.4570000171661377,2.4314000606536865,2.4428000450134277,2.4428000450134277,0.0,EURTRY=X,eur_try
2011-09-12,2.4382998943328857,2.4437999725341797,2.419600009918213,2.4388999938964844,2.4388999938964844,0.0,EURTRY=X,eur_try
2011-09-13,2.413800001144409,2.438699960708618,2.4070000648498535,2.4144999980926514,2.4144999980926514,0.0,EURTRY=X,eur_try
2011-09-14,2.440999984741211,2.4779000282287598,2.431999921798706,2.4407999515533447,2.4407999515533447,0.0,EURTRY=X,eur_try
2011-09-15,2.4686999320983887,2.4702999591827393,2.449700117111206,2.468100070953369,2.468100070953369,0.0,EURTRY=X,eur_try
2011-09-18,2.4416000843048096,2.4670000076293945,2.4307000637054443,2.4416000843048096,2.4416000843048096,0.0,EURTRY=X,eur_try
2011-09-19,2.463599920272827,2.472599983215332,2.4240000247955322,2.464099884033203,2.464099884033203,0.0,EURTRY=X,eur_try
2011-09-20,2.442699909210205,2.478600025177002,2.4405999183654785,2.4428000450134277,2.4428000450134277,0.0,EURTRY=X,eur_try
2011-09-21,2.4746999740600586,2.4860999584198,2.4542999267578125,2.478600025177002,2.478600025177002,0.0,EURTRY=X,eur_try
2011-09-22,2.4791998863220215,2.4953999519348145,2.4688000679016113,2.479599952697754,2.479599952697754,0.0,EURTRY=X,eur_try
2011-09-25,2.4798998832702637,2.5153000354766846,2.4579999446868896,2.480299949645996,2.480299949645996,0.0,EURTRY=X,eur_try
2011-09-26,2.5006000995635986,2.514899969100952,2.4911000728607178,2.5006000995635986,2.5006000995635986,0.0,EURTRY=X,eur_try
2011-09-27,2.5023999214172363,2.5223000049591064,2.499799966812134,2.502500057220459,2.502500057220459,0.0,EURTRY=X,eur_try
2011-09-28,2.518699884414673,2.5336999893188477,2.5162999629974365,2.5183000564575195,2.5183000564575195,0.0,EURTRY=X,eur_try
2011-09-29,2.5116000175476074,2.5201001167297363,2.4916999340057373,2.5160999298095703,2.5160999298095703,0.0,EURTRY=X,eur_try
2011-10-02,2.4804999828338623,2.499799966812134,2.472399950027466,2.479599952697754,2.479599952697754,0.0,EURTRY=X,eur_try
2011-10-03,2.4909000396728516,2.526400089263916,2.4860000610351562,2.491300106048584,2.491300106048584,0.0,EURTRY=X,eur_try
2011-10-04,2.5130999088287354,2.5250000953674316,2.484299898147583,2.51200008392334,2.51200008392334,0.0,EURTRY=X,eur_try
2011-10-05,2.488300085067749,2.497499942779541,2.443700075149536,2.493000030517578,2.493000030517578,0.0,EURTRY=X,eur_try
2011-10-06,2.476300001144409,2.487499952316284,2.469099998474121,2.4763998985290527,2.4763998985290527,0.0,EURTRY=X,eur_try
2011-10-09,2.4772000312805176,2.504499912261963,2.475800037384033,2.476900100708008,2.476900100708008,0.0,EURTRY=X,eur_try
2011-10-10,2.4921000003814697,2.5167999267578125,2.4842000007629395,2.4927000999450684,2.4927000999450684,0.0,EURTRY=X,eur_try
2011-10-11,2.5102999210357666,2.5236001014709473,2.499000072479248,2.5102999210357666,2.5102999210357666,0.0,EURTRY=X,eur_try
2011-10-12,2.508500099182129,2.5278000831604004,2.5044000148773193,2.508500099182129,2.508500099182129,0.0,EURTRY=X,eur_try
2011-10-13,2.5208001136779785,2.55679988861084,2.5190999507904053,2.5185999870300293,2.5185999870300293,0.0,EURTRY=X,eur_try
2011-10-16,2.540600061416626,2.571000099182129,2.531899929046631,2.5399999618530273,2.5399999618530273,0.0,EURTRY=X,eur_try
2011-10-17,2.5655999183654785,2.5780999660491943,2.5344998836517334,2.565500020980835,2.565500020980835,0.0,EURTRY=X,eur_try
2011-10-18,2.547600030899048,2.5697999000549316,2.547600030899048,2.548099994659424,2.548099994659424,0.0,EURTRY=X,eur_try
2011-10-19,2.568700075149536,2.5834999084472656,2.54229998588562,2.568700075149536,2.568700075149536,0.0,EURTRY=X,eur_try
2011-10-20,2.556999921798706,2.5624001026153564,2.5381999015808105,2.558500051498413,2.558500051498413,0.0,EURTRY=X,eur_try
2011-10-23,2.543800115585327,2.5485999584198,2.503000020980835,2.543600082397461,2.543600082397461,0.0,EURTRY=X,eur_try
2011-10-24,2.503200054168701,2.517199993133545,2.475100040435791,2.503200054168701,2.503200054168701,0.0,EURTRY=X,eur_try
2011-10-25,2.4697000980377197,2.481100082397461,2.434000015258789,2.4695000648498535,2.4695000648498535,0.0,EURTRY=X,eur_try
2011-10-26,2.438199996948242,2.490799903869629,2.4363999366760254,2.4382998943328857,2.4382998943328857,0.0,EURTRY=X,eur_try
2011-10-27,2.472599983215332,2.487499952316284,2.466099977493286,2.474900007247925,2.474900007247925,0.0,EURTRY=X,eur_try
2011-10-31,2.463399887084961,2.473099946975708,2.4423000812530518,2.4632999897003174,2.4632999897003174,0.0,EURTRY=X,eur_try
2011-11-01,2.450500011444092,2.470599889755249,2.4403998851776123,2.4504001140594482,2.4504001140594482,0.0,EURTRY=X,eur_try
2011-11-02,2.448899984359741,2.4623000621795654,2.442699909210205,2.448499917984009,2.448499917984009,0.0,EURTRY=X,eur_try
2011-11-03,2.435699939727783,2.460900068283081,2.4124999046325684,2.4391000270843506,2.4391000270843506,0.0,EURTRY=X,eur_try
2011-11-04,2.4212000370025635,2.433799982070923,2.4126999378204346,2.4184999465942383,2.4184999465942383,0.0,EURTRY=X,eur_try
2011-11-07,2.4300999641418457,2.4495999813079834,2.4235000610351562,2.429800033569336,2.429800033569336,0.0,EURTRY=X,eur_try
2011-11-08,2.4423000812530518,2.4560000896453857,2.4381000995635986,2.4421000480651855,2.4421000480651855,0.0,EURTRY=X,eur_try
2011-11-09,2.4463999271392822,2.4595999717712402,2.4351000785827637,2.4463000297546387,2.4463000297546387,0.0,EURTRY=X,eur_try
2011-11-10,2.4339001178741455,2.4398000240325928,2.4198999404907227,2.434000015258789,2.434000015258789,0.0,EURTRY=X,eur_try
2011-11-11,2.4381000995635986,2.4423000812530518,2.420599937438965,2.4375,2.4375,0.0,EURTRY=X,eur_try
2011-11-14,2.440200090408325,2.4419000148773193,2.4272000789642334,2.4398000240325928,2.4398000240325928,0.0,EURTRY=X,eur_try
2011-11-15,2.430999994277954,2.434299945831299,2.4207000732421875,2.4309000968933105,2.4309000968933105,0.0,EURTRY=X,eur_try
2011-11-16,2.428999900817871,2.440200090408325,2.4237000942230225,2.4282000064849854,2.4282000064849854,0.0,EURTRY=X,eur_try
2011-11-17,2.4303998947143555,2.4488000869750977,2.427299976348877,2.42930006980896,2.42930006980896,0.0,EURTRY=X,eur_try
2011-11-18,2.44950008392334,2.470599889755249,2.4463000297546387,2.4544999599456787,2.4544999599456787,0.0,EURTRY=X,eur_try
2011-11-21,2.471299886703491,2.5039000511169434,2.4651999473571777,2.4714999198913574,2.4714999198913574,0.0,EURTRY=X,eur_try
2011-11-22,2.50570011138916,2.5106000900268555,2.481800079345703,2.5055999755859375,2.5055999755859375,0.0,EURTRY=X,eur_try
2011-11-23,2.499799966812134,2.5058999061584473,2.4860000610351562,2.5000998973846436,2.5000998973846436,0.0,EURTRY=X,eur_try
2011-11-24,2.4967000484466553,2.5002999305725098,2.4839999675750732,2.496500015258789,2.496500015258789,0.0,EURTRY=X,eur_try
2011-11-25,2.4909000396728516,2.503000020980835,2.4858999252319336,2.4916999340057373,2.4916999340057373,0.0,EURTRY=X,eur_try
2011-11-28,2.4967000484466553,2.4999001026153564,2.4760000705718994,2.496799945831299,2.496799945831299,0.0,EURTRY=X,eur_try
2011-11-29,2.4719998836517334,2.483799934387207,2.4626998901367188,2.4735000133514404,2.4735000133514404,0.0,EURTRY=X,eur_try
2011-11-30,2.465399980545044,2.4746999740600586,2.4486000537872314,2.4653000831604004,2.4653000831604004,0.0,EURTRY=X,eur_try
2011-12-01,2.454400062561035,2.474900007247925,2.452699899673462,2.4544999599456787,2.4544999599456787,0.0,EURTRY=X,eur_try
2011-12-02,2.4590001106262207,2.4642999172210693,2.4488000869750977,2.4593000411987305,2.4593000411987305,0.0,EURTRY=X,eur_try
2011-12-05,2.447999954223633,2.463900089263916,2.445499897003174,2.447700023651123,2.447700023651123,0.0,EURTRY=X,eur_try
2011-12-06,2.4530999660491943,2.4655001163482666,2.443700075149536,2.453200101852417,2.453200101852417,0.0,EURTRY=X,eur_try
2011-12-07,2.4591000080108643,2.461699962615967,2.444700002670288,2.4593000411987305,2.4593000411987305,0.0,EURTRY=X,eur_try
2011-12-08,2.4523000717163086,2.4619998931884766,2.4444000720977783,2.4526000022888184,2.4526000022888184,0.0,EURTRY=X,eur_try
2011-12-09,2.4588000774383545,2.479099988937378,2.4479000568389893,2.4588000774383545,2.4588000774383545,0.0,EURTRY=X,eur_try
2011-12-12,2.450200080871582,2.473099946975708,2.444200038909912,2.450200080871582,2.450200080871582,0.0,EURTRY=X,eur_try
2011-12-13,2.458699941635132,2.4691998958587646,2.4489998817443848,2.4574999809265137,2.4574999809265137,0.0,EURTRY=X,eur_try
2011-12-14,2.447000026702881,2.4560999870300293,2.4395999908447266,2.4463999271392822,2.4463999271392822,0.0,EURTRY=X,eur_try
2011-12-15,2.447999954223633,2.4505999088287354,2.435800075531006,2.4477999210357666,2.4477999210357666,0.0,EURTRY=X,eur_try
2011-12-16,2.444999933242798,2.455899953842163,2.4407999515533447,2.4451000690460205,2.4451000690460205,0.0,EURTRY=X,eur_try
2011-12-19,2.456399917602539,2.4762001037597656,2.4433999061584473,2.456199884414673,2.456199884414673,0.0,EURTRY=X,eur_try
2011-12-20,2.4719998836517334,2.4870998859405518,2.4639999866485596,2.472100019454956,2.472100019454956,0.0,EURTRY=X,eur_try
2011-12-21,2.464600086212158,2.4772000312805176,2.4535000324249268,2.464600086212158,2.464600086212158,0.0,EURTRY=X,eur_try
2011-12-22,2.458199977874756,2.4756999015808105,2.4560999870300293,2.457900047302246,2.457900047302246,0.0,EURTRY=X,eur_try
2011-12-23,2.4646999835968018,2.481600046157837,2.4567999839782715,2.464600086212158,2.464600086212158,0.0,EURTRY=X,eur_try
2011-12-26,2.462599992752075,2.4776999950408936,2.455199956893921,2.4639999866485596,2.4639999866485596,0.0,EURTRY=X,eur_try
2011-12-27,2.4665000438690186,2.4855000972747803,2.4647998809814453,2.4663000106811523,2.4663000106811523,0.0,EURTRY=X,eur_try
2011-12-28,2.479300022125244,2.4883999824523926,2.4691998958587646,2.4793999195098877,2.4793999195098877,0.0,EURTRY=X,eur_try
2011-12-29,2.4814000129699707,2.484600067138672,2.460900068283081,2.4807000160217285,2.4807000160217285,0.0,EURTRY=X,eur_try
2011-12-30,2.4802000522613525,2.4811999797821045,2.4052999019622803,2.480600118637085,2.480600118637085,0.0,EURTRY=X,eur_try
2012-01-02,2.4319000244140625,2.454400062561035,2.4096999168395996,2.4319000244140625,2.4319000244140625,0.0,EURTRY=X,eur_try
2012-01-03,2.4453999996185303,2.460400104522705,2.444200038909912,2.4458000659942627,2.4458000659942627,0.0,EURTRY=X,eur_try
2012-01-04,2.444499969482422,2.4458999633789062,2.426800012588501,2.444499969482422,2.444499969482422,0.0,EURTRY=X,eur_try
2012-01-05,2.4277000427246094,2.437299966812134,2.4077999591827393,2.4277000427246094,2.4277000427246094,0.0,EURTRY=X,eur_try
2012-01-06,2.4047000408172607,2.4131999015808105,2.3822999000549316,2.4045000076293945,2.4045000076293945,0.0,EURTRY=X,eur_try
2012-01-09,2.3833000659942627,2.394200086593628,2.3785998821258545,2.38319993019104,2.38319993019104,0.0,EURTRY=X,eur_try
2012-01-10,2.3864998817443848,2.3980000019073486,2.382200002670288,2.386399984359741,2.386399984359741,0.0,EURTRY=X,eur_try
2012-01-11,2.3822999000549316,2.3864998817443848,2.3584001064300537,2.382200002670288,2.382200002670288,0.0,EURTRY=X,eur_try
2012-01-12,2.3598999977111816,2.3766000270843506,2.348400115966797,2.3598999977111816,2.3598999977111816,0.0,EURTRY=X,eur_try
2012-01-13,2.375,2.385499954223633,2.3529000282287598,2.376800060272217,2.376800060272217,0.0,EURTRY=X,eur_try
2012-01-16,2.3550000190734863,2.359800100326538,2.343100070953369,2.3550000190734863,2.3550000190734863,0.0,EURTRY=X,eur_try
2012-01-17,2.3436999320983887,2.3575000762939453,2.342900037765503,2.3440001010894775,2.3440001010894775,0.0,EURTRY=X,eur_try
2012-01-18,2.3457999229431152,2.3620998859405518,2.343600034713745,2.3452999591827393,2.3452999591827393,0.0,EURTRY=X,eur_try
2012-01-19,2.356100082397461,2.368299961090088,2.351900100708008,2.356300115585327,2.356300115585327,0.0,EURTRY=X,eur_try
2012-01-20,2.3666000366210938,2.374300003051758,2.356600046157837,2.3668999671936035,2.3668999671936035,0.0,EURTRY=X,eur_try
2012-01-23,2.3617000579833984,2.376699924468994,2.3587000370025635,2.3612000942230225,2.3612000942230225,0.0,EURTRY=X,eur_try
2012-01-24,2.3661999702453613,2.378499984741211,2.360300064086914,2.365299940109253,2.365299940109253,0.0,EURTRY=X,eur_try
2012-01-25,2.3719000816345215,2.3778998851776123,2.362299919128418,2.3717000484466553,2.3717000484466553,0.0,EURTRY=X,eur_try
2012-01-26,2.36680006980896,2.3759000301361084,2.352099895477295,2.3666999340057373,2.3666999340057373,0.0,EURTRY=X,eur_try
2012-01-27,2.3471999168395996,2.352799892425537,2.3310999870300293,2.3477001190185547,2.3477001190185547,0.0,EURTRY=X,eur_try
2012-01-30,2.346100091934204,2.3543999195098877,2.3397998809814453,2.346100091934204,2.346100091934204,0.0,EURTRY=X,eur_try
2012-01-31,2.347100019454956,2.3541998863220215,2.3197999000549316,2.3469998836517334,2.3469998836517334,0.0,EURTRY=X,eur_try
2012-02-01,2.347100019454956,2.3541998863220215,2.3169000148773193,2.320199966430664,2.320199966430664,0.0,EURTRY=X,eur_try
2012-02-02,2.3125998973846436,2.319000005722046,2.305500030517578,2.3125,2.3125,0.0,EURTRY=X,eur_try
2012-02-03,2.308300018310547,2.316200017929077,2.2932000160217285,2.308199882507324,2.308199882507324,0.0,EURTRY=X,eur_try
2012-02-06,2.301100015640259,2.3060998916625977,2.296799898147583,2.300800085067749,2.300800085067749,0.0,EURTRY=X,eur_try
2012-02-07,2.3050999641418457,2.322700023651123,2.2994000911712646,2.3050999641418457,2.3050999641418457,0.0,EURTRY=X,eur_try
2012-02-08,2.3148999214172363,2.321700096130371,2.3094000816345215,2.31469988822937,2.31469988822937,0.0,EURTRY=X,eur_try
2012-02-09,2.3213000297546387,2.337599992752075,2.3132998943328857,2.3197999000549316,2.3197999000549316,0.0,EURTRY=X,eur_try
2012-02-10,2.3243000507354736,2.3378000259399414,2.322999954223633,2.324700117111206,2.324700117111206,0.0,EURTRY=X,eur_try
2012-02-13,2.3290998935699463,2.333400011062622,2.3215999603271484,2.3280999660491943,2.3280999660491943,0.0,EURTRY=X,eur_try
2012-02-14,2.3248000144958496,2.335099935531616,2.322999954223633,2.324700117111206,2.324700117111206,0.0,EURTRY=X,eur_try
2012-02-15,2.3208999633789062,2.3248000144958496,2.3060998916625977,2.3210999965667725,2.3210999965667725,0.0,EURTRY=X,eur_try
2012-02-16,2.3034000396728516,2.3148999214172363,2.2999000549316406,2.3036999702453613,2.3036999702453613,0.0,EURTRY=X,eur_try
2012-02-17,2.310800075531006,2.316200017929077,2.3041000366210938,2.3108999729156494,2.3108999729156494,0.0,EURTRY=X,eur_try
2012-02-20,2.3013999462127686,2.311199903488159,2.2973999977111816,2.3018999099731445,2.3018999099731445,0.0,EURTRY=X,eur_try
2012-02-21,2.302799940109253,2.3220999240875244,2.2990000247955322,2.302799940109253,2.302799940109253,0.0,EURTRY=X,eur_try
2012-02-22,2.318700075149536,2.328700065612793,2.310499906539917,2.3196001052856445,2.3196001052856445,0.0,EURTRY=X,eur_try
2012-02-23,2.3262999057769775,2.349100112915039,2.325700044631958,2.326200008392334,2.326200008392334,0.0,EURTRY=X,eur_try
2012-02-24,2.3561999797821045,2.3803000450134277,2.345099925994873,2.359100103378296,2.359100103378296,0.0,EURTRY=X,eur_try
2012-02-27,2.372999906539917,2.3873000144958496,2.362299919128418,2.373300075531006,2.373300075531006,0.0,EURTRY=X,eur_try
2012-02-28,2.3659000396728516,2.3714001178741455,2.3550000190734863,2.365799903869629,2.365799903869629,0.0,EURTRY=X,eur_try
2012-02-29,2.3598999977111816,2.36080002784729,2.3310999870300293,2.3598999977111816,2.3598999977111816,0.0,EURTRY=X,eur_try
2012-03-01,2.3313000202178955,2.342099905014038,2.328000068664551,2.3313000202178955,2.3313000202178955,0.0,EURTRY=X,eur_try
2012-03-02,2.334700107574463,2.3415000438690186,2.325200080871582,2.3338000774383545,2.3338000774383545,0.0,EURTRY=X,eur_try
2012-03-05,2.3296000957489014,2.3427000045776367,2.3296000957489014,2.3294999599456787,2.3294999599456787,0.0,EURTRY=X,eur_try
2012-03-06,2.3417000770568848,2.355299949645996,2.3350000381469727,2.3417000770568848,2.3417000770568848,0.0,EURTRY=X,eur_try
2012-03-07,2.350800037384033,2.35479998588562,2.3427000045776367,2.351099967956543,2.351099967956543,0.0,EURTRY=X,eur_try
2012-03-08,2.34060001373291,2.3601999282836914,2.338200092315674,2.340399980545044,2.340399980545044,0.0,EURTRY=X,eur_try
2012-03-09,2.3552000522613525,2.359800100326538,2.3357999324798584,2.3552000522613525,2.3552000522613525,0.0,EURTRY=X,eur_try
2012-03-12,2.342400074005127,2.360300064086914,2.337899923324585,2.342400074005127,2.342400074005127,0.0,EURTRY=X,eur_try
2012-03-13,2.3619000911712646,2.3638999462127686,2.34089994430542,2.3617000579833984,2.3617000579833984,0.0,EURTRY=X,eur_try
2012-03-14,2.3375000953674316,2.3559999465942383,2.3341000080108643,2.335599899291992,2.335599899291992,0.0,EURTRY=X,eur_try
2012-03-15,2.3543999195098877,2.3601999282836914,2.347399950027466,2.354300022125244,2.354300022125244,0.0,EURTRY=X,eur_try
2012-03-16,2.3485000133514404,2.3710999488830566,2.344099998474121,2.3487000465393066,2.3487000465393066,0.0,EURTRY=X,eur_try
2012-03-19,2.3636999130249023,2.392899990081787,2.36080002784729,2.3636999130249023,2.3636999130249023,0.0,EURTRY=X,eur_try
2012-03-20,2.386199951171875,2.4130001068115234,2.385999917984009,2.3861000537872314,2.3861000537872314,0.0,EURTRY=X,eur_try
2012-03-21,2.4079999923706055,2.418299913406372,2.393699884414673,2.412100076675415,2.412100076675415,0.0,EURTRY=X,eur_try
2012-03-22,2.396899938583374,2.4059998989105225,2.3759000301361084,2.3963000774383545,2.3963000774383545,0.0,EURTRY=X,eur_try
2012-03-23,2.388000011444092,2.392699956893921,2.381500005722046,2.388000011444092,2.388000011444092,0.0,EURTRY=X,eur_try
2012-03-25,2.3901000022888184,2.3901000022888184,2.3705999851226807,2.390000104904175,2.390000104904175,0.0,EURTRY=X,eur_try
2012-03-26,2.3842999935150146,2.386899948120117,2.376199960708618,2.384399890899658,2.384399890899658,0.0,EURTRY=X,eur_try
2012-03-27,2.3833000659942627,2.385699987411499,2.3698999881744385,2.382999897003174,2.382999897003174,0.0,EURTRY=X,eur_try
2012-03-28,2.3747000694274902,2.3784000873565674,2.361799955368042,2.3745999336242676,2.3745999336242676,0.0,EURTRY=X,eur_try
2012-03-29,2.3757998943328857,2.3880999088287354,2.3729000091552734,2.3756000995635986,2.3756000995635986,0.0,EURTRY=X,eur_try
2012-04-01,2.3775999546051025,2.379499912261963,2.367000102996826,2.3775999546051025,2.3775999546051025,0.0,EURTRY=X,eur_try
2012-04-02,2.366499900817871,2.375,2.365600109100342,2.3661999702453613,2.3661999702453613,0.0,EURTRY=X,eur_try
2012-04-03,2.3589000701904297,2.3636999130249023,2.347899913787842,2.3589999675750732,2.3589999675750732,0.0,EURTRY=X,eur_try
2012-04-04,2.360599994659424,2.363300085067749,2.337599992752075,2.3564000129699707,2.3564000129699707,0.0,EURTRY=X,eur_try
2012-04-05,2.3417999744415283,2.351599931716919,2.3352999687194824,2.3431999683380127,2.3431999683380127,0.0,EURTRY=X,eur_try
2012-04-08,2.3466999530792236,2.3564000129699707,2.3355000019073486,2.346400022506714,2.346400022506714,0.0,EURTRY=X,eur_try
2012-04-09,2.357100009918213,2.379499912261963,2.34879994392395,2.357300043106079,2.357300043106079,0.0,EURTRY=X,eur_try
2012-04-10,2.3712000846862793,2.380000114440918,2.3647000789642334,2.3714001178741455,2.3714001178741455,0.0,EURTRY=X,eur_try
2012-04-11,2.3717000484466553,2.375699996948242,2.358799934387207,2.3715999126434326,2.3715999126434326,0.0,EURTRY=X,eur_try
2012-04-12,2.365000009536743,2.368000030517578,2.34660005569458,2.364799976348877,2.364799976348877,0.0,EURTRY=X,eur_try
2012-04-15,2.3431999683380127,2.3533999919891357,2.3392999172210693,2.3438000679016113,2.3438000679016113,0.0,EURTRY=X,eur_try
2012-04-16,2.3582000732421875,2.359499931335449,2.347100019454956,2.358099937438965,2.358099937438965,0.0,EURTRY=X,eur_try
2012-04-17,2.348400115966797,2.3517000675201416,2.3405001163482666,2.3480000495910645,2.3480000495910645,0.0,EURTRY=X,eur_try
2012-04-18,2.3480000495910645,2.3566999435424805,2.339600086212158,2.347599983215332,2.347599983215332,0.0,EURTRY=X,eur_try
2012-04-19,2.3550000190734863,2.368299961090088,2.351300001144409,2.3550000190734863,2.3550000190734863,0.0,EURTRY=X,eur_try
2012-04-22,2.3659000396728516,2.3659000396728516,2.3547000885009766,2.3671998977661133,2.3671998977661133,0.0,EURTRY=X,eur_try
2012-04-23,2.360599994659424,2.361999988555908,2.3469998836517334,2.36080002784729,2.36080002784729,0.0,EURTRY=X,eur_try
2012-04-24,2.3494999408721924,2.3522000312805176,2.3357999324798584,2.3494999408721924,2.3494999408721924,0.0,EURTRY=X,eur_try
2012-04-25,2.341599941253662,2.3422000408172607,2.331199884414673,2.3427000045776367,2.3427000045776367,0.0,EURTRY=X,eur_try
2012-04-26,2.329200029373169,2.334199905395508,2.323499917984009,2.3285999298095703,2.3285999298095703,0.0,EURTRY=X,eur_try
2012-04-29,2.3299999237060547,2.334199905395508,2.3176000118255615,2.330199956893921,2.330199956893921,0.0,EURTRY=X,eur_try
2012-04-30,2.3254001140594482,2.3380000591278076,2.3196001052856445,2.3252999782562256,2.3252999782562256,0.0,EURTRY=X,eur_try
2012-05-01,2.3220999240875244,2.325500011444092,2.312000036239624,2.322000026702881,2.322000026702881,0.0,EURTRY=X,eur_try
2012-05-02,2.315000057220459,2.321000099182129,2.3078999519348145,2.31469988822937,2.31469988822937,0.0,EURTRY=X,eur_try
2012-05-03,2.319999933242798,2.3213000297546387,2.302500009536743,2.316800117492676,2.316800117492676,0.0,EURTRY=X,eur_try
2012-05-06,2.2908999919891357,2.3029000759124756,2.2880001068115234,2.29259991645813,2.29259991645813,0.0,EURTRY=X,eur_try
2012-05-07,2.2985999584198,2.3155999183654785,2.29259991645813,2.2988998889923096,2.2988998889923096,0.0,EURTRY=X,eur_try
2012-05-08,2.3099000453948975,2.3285999298095703,2.3064000606536865,2.3099000453948975,2.3099000453948975,0.0,EURTRY=X,eur_try
2012-05-09,2.3225998878479004,2.325000047683716,2.310800075531006,2.322499990463257,2.322499990463257,0.0,EURTRY=X,eur_try
2012-05-10,2.310800075531006,2.3178000450134277,2.306999921798706,2.308799982070923,2.308799982070923,0.0,EURTRY=X,eur_try
2012-05-13,2.301800012588501,2.3313000202178955,2.300800085067749,2.3020999431610107,2.3020999431610107,0.0,EURTRY=X,eur_try
2012-05-14,2.3236000537872314,2.3261001110076904,2.315500020980835,2.3231000900268555,2.3231000900268555,0.0,EURTRY=X,eur_try
2012-05-15,2.321700096130371,2.327199935913086,2.3148999214172363,2.322200059890747,2.322200059890747,0.0,EURTRY=X,eur_try
2012-05-16,2.321899890899658,2.32450008392334,2.3118999004364014,2.3215999603271484,2.3215999603271484,0.0,EURTRY=X,eur_try
2012-05-17,2.321899890899658,2.337899923324585,2.319700002670288,2.322000026702881,2.322000026702881,0.0,EURTRY=X,eur_try
2012-05-20,2.3424999713897705,2.3466999530792236,2.3299999237060547,2.3422999382019043,2.3422999382019043,0.0,EURTRY=X,eur_try
2012-05-21,2.3378000259399414,2.337899923324585,2.324899911880493,2.3378000259399414,2.3378000259399414,0.0,EURTRY=X,eur_try
2012-05-22,2.335200071334839,2.3431999683380127,2.3194000720977783,2.335700035095215,2.335700035095215,0.0,EURTRY=X,eur_try
2012-05-23,2.325700044631958,2.3322999477386475,2.313800096511841,2.325200080871582,2.325200080871582,0.0,EURTRY=X,eur_try
2012-05-24,2.3141000270843506,2.3225998878479004,2.3053998947143555,2.3141000270843506,2.3141000270843506,0.0,EURTRY=X,eur_try
2012-05-27,2.3180999755859375,2.3180999755859375,2.3018999099731445,2.3183000087738037,2.3183000087738037,0.0,EURTRY=X,eur_try
2012-05-28,2.299299955368042,2.3046998977661133,2.289799928665161,2.2997000217437744,2.2997000217437744,0.0,EURTRY=X,eur_try
2012-05-29,2.2841999530792236,2.2981998920440674,2.2781999111175537,2.284600019454956,2.284600019454956,0.0,EURTRY=X,eur_try
2012-05-30,2.296999931335449,2.313999891281128,2.287400007247925,2.296999931335449,2.296999931335449,0.0,EURTRY=X,eur_try
2012-05-31,2.3052000999450684,2.3118999004364014,2.2959001064300537,2.3048999309539795,2.3048999309539795,0.0,EURTRY=X,eur_try
2012-06-03,2.3039000034332275,2.3132998943328857,2.2976999282836914,2.3039000034332275,2.3039000034332275,0.0,EURTRY=X,eur_try
2012-06-04,2.3203001022338867,2.3227999210357666,2.2959001064300537,2.3187999725341797,2.3187999725341797,0.0,EURTRY=X,eur_try
2012-06-05,2.299999952316284,2.3036999702453613,2.2932000160217285,2.300100088119507,2.300100088119507,0.0,EURTRY=X,eur_try
2012-06-06,2.3008999824523926,2.3060998916625977,2.289299964904785,2.3004000186920166,2.3004000186920166,0.0,EURTRY=X,eur_try
2012-06-07,2.2945001125335693,2.2952001094818115,2.2751998901367188,2.294300079345703,2.294300079345703,0.0,EURTRY=X,eur_try
2012-06-10,2.28439998626709,2.291300058364868,2.277100086212158,2.284600019454956,2.284600019454956,0.0,EURTRY=X,eur_try
2012-06-11,2.2822999954223633,2.2904999256134033,2.2790000438690186,2.2822999954223633,2.2822999954223633,0.0,EURTRY=X,eur_try
2012-06-12,2.279599905014038,2.2918999195098877,2.2755000591278076,2.2797999382019043,2.2797999382019043,0.0,EURTRY=X,eur_try
2012-06-13,2.2881999015808105,2.294300079345703,2.2808001041412354,2.2880001068115234,2.2880001068115234,0.0,EURTRY=X,eur_try
2012-06-14,2.289799928665161,2.2952001094818115,2.2869999408721924,2.289900064468384,2.289900064468384,0.0,EURTRY=X,eur_try
2012-06-17,2.2913999557495117,2.295599937438965,2.2795000076293945,2.2913999557495117,2.2913999557495117,0.0,EURTRY=X,eur_try
2012-06-18,2.280900001525879,2.2860000133514404,2.2751998901367188,2.2808001041412354,2.2808001041412354,0.0,EURTRY=X,eur_try
2012-06-19,2.2820000648498535,2.2834999561309814,2.2683000564575195,2.2834999561309814,2.2834999561309814,0.0,EURTRY=X,eur_try
2012-06-20,2.2767999172210693,2.2813000679016113,2.2657999992370605,2.2764999866485596,2.2764999866485596,0.0,EURTRY=X,eur_try
2012-06-21,2.263000011444092,2.2806999683380127,2.2611000537872314,2.2623000144958496,2.2623000144958496,0.0,EURTRY=X,eur_try
2012-06-24,2.2699999809265137,2.283600091934204,2.2667999267578125,2.2701001167297363,2.2701001167297363,0.0,EURTRY=X,eur_try
2012-06-25,2.2755000591278076,2.279400110244751,2.2599000930786133,2.275599956512451,2.275599956512451,0.0,EURTRY=X,eur_try
2012-06-26,2.256999969482422,2.2760000228881836,2.254300117492676,2.2572999000549316,2.2572999000549316,0.0,EURTRY=X,eur_try
2012-06-27,2.261199951171875,2.2783000469207764,2.260699987411499,2.261199951171875,2.261199951171875,0.0,EURTRY=X,eur_try
2012-06-28,2.273099899291992,2.296099901199341,2.2706000804901123,2.273200035095215,2.273200035095215,0.0,EURTRY=X,eur_try
2012-07-01,2.2848000526428223,2.290800094604492,2.2685999870300293,2.28439998626709,2.28439998626709,0.0,EURTRY=X,eur_try
2012-07-02,2.268399953842163,2.274399995803833,2.25819993019104,2.2685000896453857,2.2685000896453857,0.0,EURTRY=X,eur_try
2012-07-03,2.262700080871582,2.270400047302246,2.2578001022338867,2.262700080871582,2.262700080871582,0.0,EURTRY=X,eur_try
2012-07-04,2.260200023651123,2.2709999084472656,2.234800100326538,2.2606000900268555,2.2606000900268555,0.0,EURTRY=X,eur_try
2012-07-05,2.243499994277954,2.2555999755859375,2.236299991607666,2.240499973297119,2.240499973297119,0.0,EURTRY=X,eur_try
2012-07-08,2.2311999797821045,2.248699903488159,2.230600118637085,2.2311999797821045,2.2311999797821045,0.0,EURTRY=X,eur_try
2012-07-09,2.242799997329712,2.2464001178741455,2.2249999046325684,2.242799997329712,2.242799997329712,0.0,EURTRY=X,eur_try
2012-07-10,2.2239999771118164,2.228800058364868,2.2137999534606934,2.2239999771118164,2.2239999771118164,0.0,EURTRY=X,eur_try
2012-07-11,2.2121999263763428,2.2242000102996826,2.2102999687194824,2.2121999263763428,2.2121999263763428,0.0,EURTRY=X,eur_try
2012-07-12,2.216099977493286,2.223900079727173,2.210599899291992,2.2174999713897705,2.2174999713897705,0.0,EURTRY=X,eur_try
2012-07-15,2.2151999473571777,2.2211999893188477,2.206899881362915,2.215399980545044,2.215399980545044,0.0,EURTRY=X,eur_try
2012-07-16,2.21589994430542,2.2267000675201416,2.20989990234375,2.2160000801086426,2.2160000801086426,0.0,EURTRY=X,eur_try
2012-07-17,2.217099905014038,2.2219998836517334,2.2076001167297363,2.2172999382019043,2.2172999382019043,0.0,EURTRY=X,eur_try
2012-07-18,2.2125000953674316,2.222899913787842,2.205699920654297,2.2123000621795654,2.2123000621795654,0.0,EURTRY=X,eur_try
2012-07-19,2.2128000259399414,2.216200113296509,2.197700023651123,2.212599992752075,2.212599992752075,0.0,EURTRY=X,eur_try
2012-07-22,2.199700117111206,2.20740008354187,2.1949000358581543,2.199399948120117,2.199399948120117,0.0,EURTRY=X,eur_try
2012-07-23,2.201200008392334,2.2132999897003174,2.1998000144958496,2.2012999057769775,2.2012999057769775,0.0,EURTRY=X,eur_try
2012-07-24,2.202199935913086,2.218600034713745,2.201900005340576,2.2019999027252197,2.2019999027252197,0.0,EURTRY=X,eur_try
2012-07-25,2.211699962615967,2.2379000186920166,2.2076001167297363,2.2114999294281006,2.2114999294281006,0.0,EURTRY=X,eur_try
2012-07-26,2.2202999591827393,2.2418999671936035,2.2191998958587646,2.2202000617980957,2.2202000617980957,0.0,EURTRY=X,eur_try
2012-07-29,2.22979998588562,2.2304000854492188,2.203700065612793,2.2297000885009766,2.2297000885009766,0.0,EURTRY=X,eur_try
2012-07-30,2.2093000411987305,2.2118000984191895,2.195199966430664,2.209199905395508,2.209199905395508,0.0,EURTRY=X,eur_try
2012-07-31,2.2044999599456787,2.2156999111175537,2.200500011444092,2.2044999599456787,2.2044999599456787,0.0,EURTRY=X,eur_try
2012-08-01,2.211400032043457,2.222599983215332,2.1865999698638916,2.2114999294281006,2.2114999294281006,0.0,EURTRY=X,eur_try
2012-08-02,2.1933000087738037,2.2011001110076904,2.177500009536743,2.1923999786376953,2.1923999786376953,0.0,EURTRY=X,eur_try
2012-08-05,2.2093000411987305,2.2093000411987305,2.1942999362945557,2.209199905395508,2.209199905395508,0.0,EURTRY=X,eur_try
2012-08-06,2.199199914932251,2.2200000286102295,2.1956000328063965,2.1991000175476074,2.1991000175476074,0.0,EURTRY=X,eur_try
2012-08-07,2.2118000984191895,2.217600107192993,2.200700044631958,2.2109999656677246,2.2109999656677246,0.0,EURTRY=X,eur_try
2012-08-08,2.2035000324249268,2.206399917602539,2.189199924468994,2.203399896621704,2.203399896621704,0.0,EURTRY=X,eur_try
2012-08-09,2.1916000843048096,2.199700117111206,2.1861000061035156,2.1914000511169434,2.1914000511169434,0.0,EURTRY=X,eur_try
2012-08-12,2.189500093460083,2.220400094985962,2.186800003051758,2.18969988822937,2.18969988822937,0.0,EURTRY=X,eur_try
2012-08-13,2.210200071334839,2.223099946975708,2.2095999717712402,2.210200071334839,2.210200071334839,0.0,EURTRY=X,eur_try
2012-08-14,2.2209999561309814,2.226900100708008,2.2042999267578125,2.2191998958587646,2.2191998958587646,0.0,EURTRY=X,eur_try
2012-08-15,2.2084999084472656,2.22189998626709,2.201900005340576,2.208400011062622,2.208400011062622,0.0,EURTRY=X,eur_try
2012-08-16,2.217099905014038,2.228600025177002,2.2118000984191895,2.217099905014038,2.217099905014038,0.0,EURTRY=X,eur_try
2012-08-19,2.220900058746338,2.226300001144409,2.213599920272827,2.220900058746338,2.220900058746338,0.0,EURTRY=X,eur_try
2012-08-20,2.225100040435791,2.236599922180176,2.2225000858306885,2.2260000705718994,2.2260000705718994,0.0,EURTRY=X,eur_try
2012-08-21,2.2374000549316406,2.2423999309539795,2.2314000129699707,2.238100051879883,2.238100051879883,0.0,EURTRY=X,eur_try
2012-08-22,2.2462000846862793,2.2558999061584473,2.2344000339508057,2.2460999488830566,2.2460999488830566,0.0,EURTRY=X,eur_try
2012-08-23,2.2511000633239746,2.2569000720977783,2.247299909591675,2.251300096511841,2.251300096511841,0.0,EURTRY=X,eur_try
2012-08-26,2.2476000785827637,2.2565999031066895,2.246000051498413,2.2474000453948975,2.2474000453948975,0.0,EURTRY=X,eur_try
2012-08-27,2.253200054168701,2.2690999507904053,2.2439000606536865,2.2530999183654785,2.2530999183654785,0.0,EURTRY=X,eur_try
2012-08-28,2.273400068283081,2.2832999229431152,2.2688000202178955,2.2734999656677246,2.2734999656677246,0.0,EURTRY=X,eur_try
2012-08-29,2.283560037612915,2.2948999404907227,2.282399892807007,2.283560037612915,2.283560037612915,0.0,EURTRY=X,eur_try
2012-08-30,2.284600019454956,2.293450117111206,2.2778000831604004,2.284749984741211,2.284749984741211,0.0,EURTRY=X,eur_try
2012-09-02,2.286400079727173,2.2930500507354736,2.283400058746338,2.2880098819732666,2.2880098819732666,0.0,EURTRY=X,eur_try
2012-09-03,2.2887001037597656,2.2950000762939453,2.2822000980377197,2.2891299724578857,2.2891299724578857,0.0,EURTRY=X,eur_try
2012-09-04,2.279099941253662,2.2960400581359863,2.277899980545044,2.282819986343384,2.282819986343384,0.0,EURTRY=X,eur_try
2012-09-05,2.2915799617767334,2.2985999584198,2.2827999591827393,2.2908999919891357,2.2908999919891357,0.0,EURTRY=X,eur_try
2012-09-06,2.2852001190185547,2.3018300533294678,2.282099962234497,2.2855000495910645,2.2855000495910645,0.0,EURTRY=X,eur_try
2012-09-09,2.3042500019073486,2.305500030517578,2.297800064086914,2.3039801120758057,2.3039801120758057,0.0,EURTRY=X,eur_try
2012-09-10,2.299299955368042,2.322700023651123,2.297499895095825,2.299870014190674,2.299870014190674,0.0,EURTRY=X,eur_try
2012-09-11,2.3190600872039795,2.3334200382232666,2.3143999576568604,2.3190600872039795,2.3190600872039795,0.0,EURTRY=X,eur_try
2012-09-12,2.331399917602539,2.3417000770568848,2.331350088119507,2.3319199085235596,2.3319199085235596,0.0,EURTRY=X,eur_try
2012-09-13,2.336699962615967,2.358150005340576,2.3343000411987305,2.337169885635376,2.337169885635376,0.0,EURTRY=X,eur_try
2012-09-16,2.3561699390411377,2.3650999069213867,2.351599931716919,2.356290102005005,2.356290102005005,0.0,EURTRY=X,eur_try
2012-09-17,2.355030059814453,2.363919973373413,2.3378000259399414,2.354300022125244,2.354300022125244,0.0,EURTRY=X,eur_try
2012-09-18,2.3433001041412354,2.346299886703491,2.3306000232696533,2.3433001041412354,2.3433001041412354,0.0,EURTRY=X,eur_try
2012-09-19,2.3422000408172607,2.342710018157959,2.328000068664551,2.341099977493286,2.341099977493286,0.0,EURTRY=X,eur_try
2012-09-20,2.3307299613952637,2.3406600952148438,2.3278000354766846,2.3306500911712646,2.3306500911712646,0.0,EURTRY=X,eur_try
2012-09-23,2.328160047531128,2.330699920654297,2.319700002670288,2.3259499073028564,2.3259499073028564,0.0,EURTRY=X,eur_try
2012-09-24,2.3257200717926025,2.3274800777435303,2.3136000633239746,2.3258399963378906,2.3258399963378906,0.0,EURTRY=X,eur_try
2012-09-25,2.30935001373291,2.3132400512695312,2.3013501167297363,2.309390068054199,2.309390068054199,0.0,EURTRY=X,eur_try
2012-09-26,2.3054399490356445,2.3084099292755127,2.2978999614715576,2.307300090789795,2.307300090789795,0.0,EURTRY=X,eur_try
2012-09-27,2.30856990814209,2.3234000205993652,2.3059699535369873,2.30856990814209,2.30856990814209,0.0,EURTRY=X,eur_try
2012-09-30,2.3004000186920166,2.3171000480651855,2.2994399070739746,2.3011999130249023,2.3011999130249023,0.0,EURTRY=X,eur_try
2012-10-01,2.305840015411377,2.3195600509643555,2.305840015411377,2.308389902114868,2.308389902114868,0.0,EURTRY=X,eur_try
2012-10-02,2.311650037765503,2.3201699256896973,2.308310031890869,2.3128199577331543,2.3128199577331543,0.0,EURTRY=X,eur_try
2012-10-03,2.3322501182556152,2.342400074005127,2.3257200717926025,2.3322501182556152,2.3322501182556152,0.0,EURTRY=X,eur_try
2012-10-04,2.3361799716949463,2.3457999229431152,2.332890033721924,2.33804988861084,2.33804988861084,0.0,EURTRY=X,eur_try
2012-10-07,2.349410057067871,2.3541998863220215,2.3389699459075928,2.349329948425293,2.349329948425293,0.0,EURTRY=X,eur_try
2012-10-08,2.3508999347686768,2.3527300357818604,2.3422000408172607,2.3510100841522217,2.3510100841522217,0.0,EURTRY=X,eur_try
2012-10-09,2.344640016555786,2.350749969482422,2.3345999717712402,2.3477399349212646,2.3477399349212646,0.0,EURTRY=X,eur_try
2012-10-10,2.3394999504089355,2.344599962234497,2.3296899795532227,2.3398499488830566,2.3398499488830566,0.0,EURTRY=X,eur_try
2012-10-11,2.3361399173736572,2.345900058746338,2.331279993057251,2.3361499309539795,2.3361499309539795,0.0,EURTRY=X,eur_try
2012-10-14,2.342449903488159,2.3482000827789307,2.3337199687957764,2.3397300243377686,2.3397300243377686,0.0,EURTRY=X,eur_try
2012-10-15,2.3478798866271973,2.3594000339508057,2.3428499698638916,2.3458900451660156,2.3458900451660156,0.0,EURTRY=X,eur_try
2012-10-16,2.3597500324249268,2.3652000427246094,2.3543999195098877,2.3568201065063477,2.3568201065063477,0.0,EURTRY=X,eur_try
2012-10-17,2.3557300567626953,2.364799976348877,2.3517000675201416,2.358949899673462,2.358949899673462,0.0,EURTRY=X,eur_try
2012-10-18,2.3490400314331055,2.3512001037597656,2.336250066757202,2.348789930343628,2.348789930343628,0.0,EURTRY=X,eur_try
2012-10-21,2.3364500999450684,2.346869945526123,2.3354599475860596,2.3356499671936035,2.3356499671936035,0.0,EURTRY=X,eur_try
2012-10-22,2.347059965133667,2.3496999740600586,2.3345999717712402,2.34660005569458,2.34660005569458,0.0,EURTRY=X,eur_try
2012-10-23,2.3366599082946777,2.3422598838806152,2.3324999809265137,2.3366100788116455,2.3366100788116455,0.0,EURTRY=X,eur_try
2012-10-24,2.3359999656677246,2.343669891357422,2.330699920654297,2.3361499309539795,2.3361499309539795,0.0,EURTRY=X,eur_try
2012-10-25,2.32669997215271,2.336750030517578,2.3247900009155273,2.3280599117279053,2.3280599117279053,0.0,EURTRY=X,eur_try
2012-10-29,2.3274800777435303,2.3298299312591553,2.3236000537872314,2.328550100326538,2.328550100326538,0.0,EURTRY=X,eur_try
2012-10-30,2.327399969100952,2.334589958190918,2.3254001140594482,2.327399969100952,2.327399969100952,0.0,EURTRY=X,eur_try
2012-10-31,2.3293299674987793,2.3353800773620605,2.3257598876953125,2.3293800354003906,2.3293800354003906,0.0,EURTRY=X,eur_try
2012-11-01,2.324120044708252,2.325890064239502,2.3147599697113037,2.3232998847961426,2.3232998847961426,0.0,EURTRY=X,eur_try
2012-11-02,2.3141300678253174,2.3141300678253174,2.2948999404907227,2.3140499591827393,2.3140499591827393,0.0,EURTRY=X,eur_try
2012-11-05,2.2977399826049805,2.3031299114227295,2.2744998931884766,2.2969000339508057,2.2969000339508057,0.0,EURTRY=X,eur_try
2012-11-06,2.2791199684143066,2.28016996383667,2.2697999477386475,2.2788000106811523,2.2788000106811523,0.0,EURTRY=X,eur_try
2012-11-07,2.2703499794006348,2.2814600467681885,2.2667999267578125,2.270519971847534,2.270519971847534,0.0,EURTRY=X,eur_try
2012-11-08,2.277440071105957,2.279170036315918,2.27020001411438,2.277509927749634,2.277509927749634,0.0,EURTRY=X,eur_try
2012-11-09,2.274199962615967,2.2800800800323486,2.27239990234375,2.2744500637054443,2.2744500637054443,0.0,EURTRY=X,eur_try
2012-11-12,2.2683000564575195,2.2906301021575928,2.2683000564575195,2.2778899669647217,2.2778899669647217,0.0,EURTRY=X,eur_try
2012-11-13,2.2878000736236572,2.2968900203704834,2.2843000888824463,2.2883899211883545,2.2883899211883545,0.0,EURTRY=X,eur_try
2012-11-14,2.297179937362671,2.3015201091766357,2.2908999919891357,2.297339916229248,2.297339916229248,0.0,EURTRY=X,eur_try
2012-11-15,2.299530029296875,2.303529977798462,2.293100118637085,2.299099922180176,2.299099922180176,0.0,EURTRY=X,eur_try
2012-11-16,2.3018999099731445,2.302609920501709,2.2888998985290527,2.3020501136779785,2.3020501136779785,0.0,EURTRY=X,eur_try
2012-11-19,2.293600082397461,2.3080999851226807,2.2878000736236572,2.293339967727661,2.293339967727661,0.0,EURTRY=X,eur_try
2012-11-20,2.2973999977111816,2.3101999759674072,2.2973999977111816,2.2983899116516113,2.2983899116516113,0.0,EURTRY=X,eur_try
2012-11-21,2.2969799041748047,2.3130199909210205,2.287899971008301,2.2970199584960938,2.2970199584960938,0.0,EURTRY=X,eur_try
2012-11-22,2.3167800903320312,2.3197500705718994,2.311000108718872,2.318010091781616,2.318010091781616,0.0,EURTRY=X,eur_try
2012-11-23,2.3136401176452637,2.327320098876953,2.3120501041412354,2.3136401176452637,2.3136401176452637,0.0,EURTRY=X,eur_try
2012-11-26,2.3280599117279053,2.330670118331909,2.3229000568389893,2.3264501094818115,2.3264501094818115,0.0,EURTRY=X,eur_try
2012-11-27,2.331660032272339,2.3340699672698975,2.3161098957061768,2.331209897994995,2.331209897994995,0.0,EURTRY=X,eur_try
2012-11-28,2.316349983215332,2.320280075073242,2.3089001178741455,2.3169500827789307,2.3169500827789307,0.0,EURTRY=X,eur_try
2012-11-29,2.317689895629883,2.3250300884246826,2.3154799938201904,2.31781005859375,2.31781005859375,0.0,EURTRY=X,eur_try
2012-11-30,2.315040111541748,2.3259799480438232,2.314729928970337,2.3152499198913574,2.3152499198913574,0.0,EURTRY=X,eur_try
2012-12-03,2.3190500736236572,2.334359884262085,2.3190500736236572,2.3212099075317383,2.3212099075317383,0.0,EURTRY=X,eur_try
2012-12-04,2.331429958343506,2.338330030441284,2.3288300037384033,2.331350088119507,2.331350088119507,0.0,EURTRY=X,eur_try
2012-12-05,2.336699962615967,2.341710090637207,2.332890033721924,2.3351500034332275,2.3351500034332275,0.0,EURTRY=X,eur_try
2012-12-06,2.333980083465576,2.3418900966644287,2.3234000205993652,2.33351993560791,2.33351993560791,0.0,EURTRY=X,eur_try
2012-12-07,2.3180999755859375,2.32207989692688,2.3069000244140625,2.3180301189422607,2.3180301189422607,0.0,EURTRY=X,eur_try
2012-12-10,2.3095099925994873,2.318779945373535,2.3044700622558594,2.3092598915100098,2.3092598915100098,0.0,EURTRY=X,eur_try
2012-12-11,2.313349962234497,2.318650007247925,2.310889959335327,2.3132500648498535,2.3132500648498535,0.0,EURTRY=X,eur_try
2012-12-12,2.317150115966797,2.3213999271392822,2.3147499561309814,2.3169400691986084,2.3169400691986084,0.0,EURTRY=X,eur_try
2012-12-13,2.3201498985290527,2.333319902420044,2.3189799785614014,2.3217999935150146,2.3217999935150146,0.0,EURTRY=X,eur_try
2012-12-14,2.3287999629974365,2.3363800048828125,2.3258299827575684,2.3275198936462402,2.3275198936462402,0.0,EURTRY=X,eur_try
2012-12-17,2.3415400981903076,2.350529909133911,2.3373301029205322,2.3410398960113525,2.3410398960113525,0.0,EURTRY=X,eur_try
2012-12-18,2.3472299575805664,2.352489948272705,2.344399929046631,2.347409963607788,2.347409963607788,0.0,EURTRY=X,eur_try
2012-12-19,2.3519599437713623,2.369999885559082,2.350529909133911,2.3513100147247314,2.3513100147247314,0.0,EURTRY=X,eur_try
2012-12-20,2.357909917831421,2.3736400604248047,2.3556699752807617,2.355679988861084,2.355679988861084,0.0,EURTRY=X,eur_try
2012-12-21,2.3636701107025146,2.3752899169921875,2.3579800128936768,2.3645999431610107,2.3645999431610107,0.0,EURTRY=X,eur_try
2012-12-24,2.3645999431610107,2.3810698986053467,2.3627400398254395,2.3606300354003906,2.3606300354003906,0.0,EURTRY=X,eur_try
2012-12-25,2.3666601181030273,2.3719000816345215,2.3576300144195557,2.366529941558838,2.366529941558838,0.0,EURTRY=X,eur_try
2012-12-26,2.3650999069213867,2.376300096511841,2.3604300022125244,2.364300012588501,2.364300012588501,0.0,EURTRY=X,eur_try
2012-12-27,2.372299909591675,2.3801000118255615,2.3671000003814697,2.3712799549102783,2.3712799549102783,0.0,EURTRY=X,eur_try
2012-12-28,2.368410110473633,2.373699903488159,2.357789993286133,2.3651599884033203,2.3651599884033203,0.0,EURTRY=X,eur_try
2012-12-31,2.3647499084472656,2.3684499263763428,2.353179931640625,2.3647499084472656,2.3647499084472656,0.0,EURTRY=X,eur_try
2013-01-01,2.352799892425537,2.3566999435424805,2.352799892425537,2.352799892425537,2.352799892425537,0.0,EURTRY=X,eur_try
2013-01-02,2.350100040435791,2.365000009536743,2.349400043487549,2.3494999408721924,2.3494999408721924,0.0,EURTRY=X,eur_try
2013-01-03,2.3438498973846436,2.3456499576568604,2.3317999839782715,2.3438498973846436,2.3438498973846436,0.0,EURTRY=X,eur_try
2013-01-04,2.326200008392334,2.332469940185547,2.3252999782562256,2.3255999088287354,2.3255999088287354,0.0,EURTRY=X,eur_try
2013-01-07,2.327199935913086,2.3320999145507812,2.3208000659942627,2.3271000385284424,2.3271000385284424,0.0,EURTRY=X,eur_try
2013-01-08,2.3355000019073486,2.33951997756958,2.3219900131225586,2.3352999687194824,2.3352999687194824,0.0,EURTRY=X,eur_try
2013-01-09,2.325700044631958,2.328160047531128,2.315999984741211,2.3255999088287354,2.3255999088287354,0.0,EURTRY=X,eur_try
2013-01-10,2.318880081176758,2.3427200317382812,2.315500020980835,2.3185501098632812,2.3185501098632812,0.0,EURTRY=X,eur_try
2013-01-11,2.3444299697875977,2.3668999671936035,2.342550039291382,2.344749927520752,2.344749927520752,0.0,EURTRY=X,eur_try
2013-01-14,2.3637499809265137,2.3701000213623047,2.360840082168579,2.364150047302246,2.364150047302246,0.0,EURTRY=X,eur_try
2013-01-15,2.365839958190918,2.3702499866485596,2.3583500385284424,2.365449905395508,2.365449905395508,0.0,EURTRY=X,eur_try
2013-01-16,2.353830099105835,2.357100009918213,2.3459300994873047,2.3541500568389893,2.3541500568389893,0.0,EURTRY=X,eur_try
2013-01-17,2.344399929046631,2.3536200523376465,2.342600107192993,2.34483003616333,2.34483003616333,0.0,EURTRY=X,eur_try
2013-01-18,2.3445301055908203,2.3514299392700195,2.3419599533081055,2.3445301055908203,2.3445301055908203,0.0,EURTRY=X,eur_try
2013-01-21,2.3422598838806152,2.350290060043335,2.3397998809814453,2.342329978942871,2.342329978942871,0.0,EURTRY=X,eur_try
2013-01-22,2.3480000495910645,2.3627400398254395,2.3446600437164307,2.348129987716675,2.348129987716675,0.0,EURTRY=X,eur_try
2013-01-23,2.3537299633026123,2.3628900051116943,2.3511300086975098,2.353879928588867,2.353879928588867,0.0,EURTRY=X,eur_try
2013-01-24,2.3571300506591797,2.3683700561523438,2.3540000915527344,2.3571300506591797,2.3571300506591797,0.0,EURTRY=X,eur_try
2013-01-25,2.3647000789642334,2.3798298835754395,2.3628299236297607,2.3639299869537354,2.3639299869537354,0.0,EURTRY=X,eur_try
2013-01-28,2.3789000511169434,2.382499933242798,2.3708300590515137,2.379149913787842,2.379149913787842,0.0,EURTRY=X,eur_try
2013-01-29,2.3845300674438477,2.3876800537109375,2.376199960708618,2.3845300674438477,2.3845300674438477,0.0,EURTRY=X,eur_try
2013-01-30,2.3838999271392822,2.4032299518585205,2.382430076599121,2.3846800327301025,2.3846800327301025,0.0,EURTRY=X,eur_try
2013-01-31,2.3998000621795654,2.4035699367523193,2.384000062942505,2.4001801013946533,2.4001801013946533,0.0,EURTRY=X,eur_try
2013-02-01,2.3896899223327637,2.398699998855591,2.3815701007843018,2.3897299766540527,2.3897299766540527,0.0,EURTRY=X,eur_try
2013-02-04,2.3858299255371094,2.387809991836548,2.3778300285339355,2.3865299224853516,2.3865299224853516,0.0,EURTRY=X,eur_try
2013-02-05,2.3806300163269043,2.3860700130462646,2.373300075531006,2.3806300163269043,2.3806300163269043,0.0,EURTRY=X,eur_try
2013-02-06,2.3916399478912354,2.3944599628448486,2.3831000328063965,2.3917601108551025,2.3917601108551025,0.0,EURTRY=X,eur_try
2013-02-07,2.3928298950195312,2.4011600017547607,2.370800018310547,2.3928298950195312,2.3928298950195312,0.0,EURTRY=X,eur_try
2013-02-08,2.373699903488159,2.3791399002075195,2.3666000366210938,2.37322998046875,2.37322998046875,0.0,EURTRY=X,eur_try
2013-02-11,2.366029977798462,2.3779499530792236,2.365000009536743,2.366029977798462,2.366029977798462,0.0,EURTRY=X,eur_try
2013-02-12,2.379240036010742,2.38742995262146,2.3726999759674072,2.379240036010742,2.379240036010742,0.0,EURTRY=X,eur_try
2013-02-13,2.3837900161743164,2.3849499225616455,2.3714001178741455,2.3838601112365723,2.3838601112365723,0.0,EURTRY=X,eur_try
2013-02-14,2.371579885482788,2.3736801147460938,2.357830047607422,2.3695099353790283,2.3695099353790283,0.0,EURTRY=X,eur_try
2013-02-15,2.3601999282836914,2.369149923324585,2.354249954223633,2.3607499599456787,2.3607499599456787,0.0,EURTRY=X,eur_try
2013-02-18,2.3574299812316895,2.3624699115753174,2.3559000492095947,2.3572299480438232,2.3572299480438232,0.0,EURTRY=X,eur_try
2013-02-19,2.3575000762939453,2.3749101161956787,2.355329990386963,2.357419967651367,2.357419967651367,0.0,EURTRY=X,eur_try
2013-02-20,2.3784899711608887,2.3859000205993652,2.374160051345825,2.3783600330352783,2.3783600330352783,0.0,EURTRY=X,eur_try
2013-02-21,2.3696000576019287,2.373270034790039,2.3624000549316406,2.3693299293518066,2.3693299293518066,0.0,EURTRY=X,eur_try
2013-02-22,2.365000009536743,2.3716299533843994,2.359800100326538,2.364229917526245,2.364229917526245,0.0,EURTRY=X,eur_try
2013-02-25,2.373430013656616,2.390160083770752,2.372030019760132,2.3738300800323486,2.3738300800323486,0.0,EURTRY=X,eur_try
2013-02-26,2.3663699626922607,2.372760057449341,2.358530044555664,2.366909980773926,2.366909980773926,0.0,EURTRY=X,eur_try
2013-02-27,2.3592700958251953,2.369499921798706,2.354300022125244,2.3576300144195557,2.3576300144195557,0.0,EURTRY=X,eur_try
2013-02-28,2.3633298873901367,2.3673200607299805,2.350369930267334,2.3633298873901367,2.3633298873901367,0.0,EURTRY=X,eur_try
2013-03-01,2.3487300872802734,2.356600046157837,2.33735990524292,2.3501899242401123,2.3501899242401123,0.0,EURTRY=X,eur_try
2013-03-04,2.3400299549102783,2.3485500812530518,2.3385300636291504,2.339829921722412,2.339829921722412,0.0,EURTRY=X,eur_try
2013-03-05,2.343899965286255,2.3481099605560303,2.335200071334839,2.3438000679016113,2.3438000679016113,0.0,EURTRY=X,eur_try
2013-03-06,2.336829900741577,2.3414900302886963,2.3315000534057617,2.336829900741577,2.336829900741577,0.0,EURTRY=X,eur_try
2013-03-07,2.3343000411987305,2.3561899662017822,2.3337299823760986,2.3340299129486084,2.3340299129486084,0.0,EURTRY=X,eur_try
2013-03-08,2.3557300567626953,2.357330083847046,2.336479902267456,2.3557300567626953,2.3557300567626953,0.0,EURTRY=X,eur_try
2013-03-11,2.342600107192993,2.34879994392395,2.337869882583618,2.3381500244140625,2.3381500244140625,0.0,EURTRY=X,eur_try
2013-03-12,2.343630075454712,2.3545899391174316,2.3415000438690186,2.343630075454712,2.343630075454712,0.0,EURTRY=X,eur_try
2013-03-13,2.3482000827789307,2.35657000541687,2.3444299697875977,2.3478000164031982,2.3478000164031982,0.0,EURTRY=X,eur_try
2013-03-14,2.3487300872802734,2.3550798892974854,2.3448801040649414,2.3487300872802734,2.3487300872802734,0.0,EURTRY=X,eur_try
2013-03-15,2.3546299934387207,2.368839979171753,2.353100061416626,2.3548998832702637,2.3548998832702637,0.0,EURTRY=X,eur_try
2013-03-18,2.3420801162719727,2.3537800312042236,2.3256900310516357,2.325040102005005,2.325040102005005,0.0,EURTRY=X,eur_try
2013-03-19,2.346329927444458,2.35578989982605,2.3450300693511963,2.346329927444458,2.346329927444458,0.0,EURTRY=X,eur_try
2013-03-20,2.348330020904541,2.358880043029785,2.3467800617218018,2.348330020904541,2.348330020904541,0.0,EURTRY=X,eur_try
2013-03-21,2.351330041885376,2.355679988861084,2.3407299518585205,2.351330041885376,2.351330041885376,0.0,EURTRY=X,eur_try
2013-03-22,2.34512996673584,2.361680030822754,2.342400074005127,2.344789981842041,2.344789981842041,0.0,EURTRY=X,eur_try
2013-03-25,2.3581199645996094,2.362920045852661,2.344330072402954,2.3589799404144287,2.3589799404144287,0.0,EURTRY=X,eur_try
2013-03-26,2.3415000438690186,2.3457798957824707,2.331899881362915,2.341909885406494,2.341909885406494,0.0,EURTRY=X,eur_try
2013-03-27,2.332279920578003,2.33417010307312,2.3227999210357666,2.3320999145507812,2.3320999145507812,0.0,EURTRY=X,eur_try
2013-03-28,2.3109099864959717,2.3257999420166016,2.3109099864959717,2.316499948501587,2.316499948501587,0.0,EURTRY=X,eur_try
2013-03-29,2.3182098865509033,2.323199987411499,2.3164899349212646,2.3183701038360596,2.3183701038360596,0.0,EURTRY=X,eur_try
2013-03-31,2.301219940185547,2.3250999450683594,2.2985498905181885,2.301219940185547,2.301219940185547,0.0,EURTRY=X,eur_try
2013-04-01,2.3192999362945557,2.32669997215271,2.3114800453186035,2.3181800842285156,2.3181800842285156,0.0,EURTRY=X,eur_try
2013-04-02,2.3106000423431396,2.3233299255371094,2.306299924850464,2.311079978942871,2.311079978942871,0.0,EURTRY=X,eur_try
2013-04-03,2.3234000205993652,2.3250999450683594,2.3109400272369385,2.322580099105835,2.322580099105835,0.0,EURTRY=X,eur_try
2013-04-04,2.3298799991607666,2.3428800106048584,2.3264501094818115,2.3299999237060547,2.3299999237060547,0.0,EURTRY=X,eur_try
2013-04-07,2.331739902496338,2.3341801166534424,2.321199893951416,2.3283300399780273,2.3283300399780273,0.0,EURTRY=X,eur_try
2013-04-08,2.3261001110076904,2.3347299098968506,2.3222999572753906,2.325900077819824,2.325900077819824,0.0,EURTRY=X,eur_try
2013-04-09,2.3333001136779785,2.340480089187622,2.3304998874664307,2.3335800170898438,2.3335800170898438,0.0,EURTRY=X,eur_try
2013-04-10,2.3366799354553223,2.3492400646209717,2.3334999084472656,2.336699962615967,2.336699962615967,0.0,EURTRY=X,eur_try
2013-04-11,2.3408000469207764,2.3450300693511963,2.3345999717712402,2.34060001373291,2.34060001373291,0.0,EURTRY=X,eur_try
2013-04-14,2.3438799381256104,2.3468799591064453,2.3371798992156982,2.343830108642578,2.343830108642578,0.0,EURTRY=X,eur_try
2013-04-15,2.341629981994629,2.3575000762939453,2.337830066680908,2.342180013656616,2.342180013656616,0.0,EURTRY=X,eur_try
2013-04-16,2.355030059814453,2.361799955368042,2.3427999019622803,2.3551299571990967,2.3551299571990967,0.0,EURTRY=X,eur_try
2013-04-17,2.344399929046631,2.3516900539398193,2.3414599895477295,2.3447699546813965,2.3447699546813965,0.0,EURTRY=X,eur_try
2013-04-18,2.3443899154663086,2.3599801063537598,2.343329906463623,2.343679904937744,2.343679904937744,0.0,EURTRY=X,eur_try
2013-04-21,2.35260009765625,2.357599973678589,2.34689998626709,2.3527801036834717,2.3527801036834717,0.0,EURTRY=X,eur_try
2013-04-22,2.3560800552368164,2.3599600791931152,2.343100070953369,2.3561298847198486,2.3561298847198486,0.0,EURTRY=X,eur_try
2013-04-23,2.3426499366760254,2.3519999980926514,2.3395800590515137,2.3400800228118896,2.3400800228118896,0.0,EURTRY=X,eur_try
2013-04-24,2.3470299243927,2.355380058288574,2.338479995727539,2.3472800254821777,2.3472800254821777,0.0,EURTRY=X,eur_try
2013-04-25,2.3387999534606934,2.3505799770355225,2.3380300998687744,2.3387300968170166,2.3387300968170166,0.0,EURTRY=X,eur_try
2013-04-28,2.326240062713623,2.3546500205993652,2.32453989982605,2.325939893722534,2.325939893722534,0.0,EURTRY=X,eur_try
2013-04-29,2.3489999771118164,2.3654301166534424,2.3457000255584717,2.348979949951172,2.348979949951172,0.0,EURTRY=X,eur_try
2013-04-30,2.3589999675750732,2.371999979019165,2.357180118560791,2.3582301139831543,2.3582301139831543,0.0,EURTRY=X,eur_try
2013-05-01,2.3627800941467285,2.366489887237549,2.3401999473571777,2.36188006401062,2.36188006401062,0.0,EURTRY=X,eur_try
2013-05-02,2.3431999683380127,2.3610799312591553,2.337939977645874,2.342329978942871,2.342329978942871,0.0,EURTRY=X,eur_try
2013-05-05,2.3536999225616455,2.356879949569702,2.3378000259399414,2.3539700508117676,2.3539700508117676,0.0,EURTRY=X,eur_try
2013-05-06,2.348599910736084,2.3630900382995605,2.3475000858306885,2.3483800888061523,2.3483800888061523,0.0,EURTRY=X,eur_try
2013-05-07,2.348129987716675,2.3617000579833984,2.346630096435547,2.348299980163574,2.348299980163574,0.0,EURTRY=X,eur_try
2013-05-08,2.3555800914764404,2.3585801124572754,2.3482799530029297,2.3555800914764404,2.3555800914764404,0.0,EURTRY=X,eur_try
2013-05-09,2.341279983520508,2.348710060119629,2.3345799446105957,2.3420801162719727,2.3420801162719727,0.0,EURTRY=X,eur_try
2013-05-12,2.3218801021575928,2.353480100631714,2.3209900856018066,2.3215599060058594,2.3215599060058594,0.0,EURTRY=X,eur_try
2013-05-13,2.351900100708008,2.3584799766540527,2.3475899696350098,2.3519999980926514,2.3519999980926514,0.0,EURTRY=X,eur_try
2013-05-14,2.348400115966797,2.350100040435791,2.3405299186706543,2.3470299243927,2.3470299243927,0.0,EURTRY=X,eur_try
2013-05-15,2.3482298851013184,2.36572003364563,2.3424999713897705,2.348129987716675,2.348129987716675,0.0,EURTRY=X,eur_try
2013-05-16,2.3492000102996826,2.3701999187469482,2.3439900875091553,2.348330020904541,2.348330020904541,0.0,EURTRY=X,eur_try
2013-05-19,2.364680051803589,2.3767800331115723,2.3566300868988037,2.364180088043213,2.364180088043213,0.0,EURTRY=X,eur_try
2013-05-20,2.3726000785827637,2.3853800296783447,2.367500066757202,2.3729801177978516,2.3729801177978516,0.0,EURTRY=X,eur_try
2013-05-21,2.3798000812530518,2.3864998817443848,2.3736000061035156,2.3800299167633057,2.3800299167633057,0.0,EURTRY=X,eur_try
2013-05-22,2.3747000694274902,2.391319990158081,2.3691699504852295,2.3742001056671143,2.3742001056671143,0.0,EURTRY=X,eur_try
2013-05-23,2.385080099105835,2.3955800533294678,2.381380081176758,2.3845999240875244,2.3845999240875244,0.0,EURTRY=X,eur_try
2013-05-26,2.3724300861358643,2.389780044555664,2.3708200454711914,2.370919942855835,2.370919942855835,0.0,EURTRY=X,eur_try
2013-05-27,2.3845200538635254,2.3931000232696533,2.3770298957824707,2.384999990463257,2.384999990463257,0.0,EURTRY=X,eur_try
2013-05-28,2.390899896621704,2.4155399799346924,2.3872299194335938,2.387629985809326,2.387629985809326,0.0,EURTRY=X,eur_try
2013-05-29,2.4102001190185547,2.4498300552368164,2.4045300483703613,2.4082798957824707,2.4082798957824707,0.0,EURTRY=X,eur_try
2013-05-30,2.44173002243042,2.459320068359375,2.4203999042510986,2.4392800331115723,2.4392800331115723,0.0,EURTRY=X,eur_try
2013-06-02,2.4514000415802,2.4723000526428223,2.4490299224853516,2.4491798877716064,2.4491798877716064,0.0,EURTRY=X,eur_try
2013-06-03,2.4621798992156982,2.46560001373291,2.4440999031066895,2.4621999263763428,2.4621999263763428,0.0,EURTRY=X,eur_try
2013-06-04,2.447550058364868,2.4770898818969727,2.4463000297546387,2.4464900493621826,2.4464900493621826,0.0,EURTRY=X,eur_try
2013-06-05,2.476300001144409,2.5069000720977783,2.4693000316619873,2.477519989013672,2.477519989013672,0.0,EURTRY=X,eur_try
2013-06-06,2.505850076675415,2.5190799236297607,2.4749999046325684,2.5059499740600586,2.5059499740600586,0.0,EURTRY=X,eur_try
2013-06-09,2.4804399013519287,2.513159990310669,2.474299907684326,2.4778800010681152,2.4778800010681152,0.0,EURTRY=X,eur_try
2013-06-10,2.5161800384521484,2.532710075378418,2.5055999755859375,2.516129970550537,2.516129970550537,0.0,EURTRY=X,eur_try
2013-06-11,2.51747989654541,2.521199941635132,2.485690116882324,2.5175299644470215,2.5175299644470215,0.0,EURTRY=X,eur_try
2013-06-12,2.5,2.512089967727661,2.477869987487793,2.4999001026153564,2.4999001026153564,0.0,EURTRY=X,eur_try
2013-06-13,2.4867300987243652,2.4885001182556152,2.465679883956909,2.486829996109009,2.486829996109009,0.0,EURTRY=X,eur_try
2013-06-16,2.5029799938201904,2.5066800117492676,2.48540997505188,2.5028300285339355,2.5028300285339355,0.0,EURTRY=X,eur_try
2013-06-17,2.499799966812134,2.529400110244751,2.4911000728607178,2.498800039291382,2.498800039291382,0.0,EURTRY=X,eur_try
2013-06-18,2.524600028991699,2.5309998989105225,2.5175399780273438,2.5248000621795654,2.5248000621795654,0.0,EURTRY=X,eur_try
2013-06-19,2.5288798809051514,2.5582499504089355,2.5208699703216553,2.5292999744415283,2.5292999744415283,0.0,EURTRY=X,eur_try
2013-06-20,2.5634799003601074,2.5676300525665283,2.5423600673675537,2.565279960632324,2.565279960632324,0.0,EURTRY=X,eur_try
2013-06-23,2.538180112838745,2.5639700889587402,2.535599946975708,2.5378599166870117,2.5378599166870117,0.0,EURTRY=X,eur_try
2013-06-24,2.552380084991455,2.554500102996826,2.5262598991394043,2.5521299839019775,2.5521299839019775,0.0,EURTRY=X,eur_try
2013-06-25,2.524780035018921,2.5320000648498535,2.5149800777435303,2.525700092315674,2.525700092315674,0.0,EURTRY=X,eur_try
2013-06-26,2.5165998935699463,2.521899938583374,2.5009000301361084,2.5171799659729004,2.5171799659729004,0.0,EURTRY=X,eur_try
2013-06-27,2.499730110168457,2.5313000679016113,2.4993300437927246,2.500230073928833,2.500230073928833,0.0,EURTRY=X,eur_try
2013-06-30,2.5045299530029297,2.5139100551605225,2.5023000240325928,2.5093600749969482,2.5093600749969482,0.0,EURTRY=X,eur_try
2013-07-01,2.5141899585723877,2.515000104904175,2.502419948577881,2.513780117034912,2.513780117034912,0.0,EURTRY=X,eur_try
2013-07-02,2.5081799030303955,2.531599998474121,2.5062999725341797,2.5077500343322754,2.5077500343322754,0.0,EURTRY=X,eur_try
2013-07-03,2.529099941253662,2.546679973602295,2.502609968185425,2.5297000408172607,2.5297000408172607,0.0,EURTRY=X,eur_try
2013-07-04,2.5053300857543945,2.52701997756958,2.5017800331115723,2.5048999786376953,2.5048999786376953,0.0,EURTRY=X,eur_try
2013-07-07,2.5171499252319336,2.528480052947998,2.499239921569824,2.5170400142669678,2.5170400142669678,0.0,EURTRY=X,eur_try
2013-07-08,2.5034799575805664,2.5081799030303955,2.4835500717163086,2.503429889678955,2.503429889678955,0.0,EURTRY=X,eur_try
2013-07-09,2.4789700508117676,2.5192999839782715,2.4766900539398193,2.4789299964904785,2.4789299964904785,0.0,EURTRY=X,eur_try
2013-07-10,2.533900022506714,2.5506999492645264,2.51747989654541,2.5335800647735596,2.5335800647735596,0.0,EURTRY=X,eur_try
2013-07-11,2.5539801120758057,2.563699960708618,2.5454299449920654,2.5527501106262207,2.5527501106262207,0.0,EURTRY=X,eur_try
2013-07-14,2.5488200187683105,2.5532000064849854,2.520900011062622,2.5487000942230225,2.5487000942230225,0.0,EURTRY=X,eur_try
2013-07-15,2.5236001014709473,2.5320000648498535,2.5174999237060547,2.5239999294281006,2.5239999294281006,0.0,EURTRY=X,eur_try
2013-07-16,2.5257298946380615,2.53521990776062,2.5066399574279785,2.525629997253418,2.525629997253418,0.0,EURTRY=X,eur_try
2013-07-17,2.504430055618286,2.5185799598693848,2.5033700466156006,2.504430055618286,2.504430055618286,0.0,EURTRY=X,eur_try
2013-07-18,2.5177299976348877,2.5263800621032715,2.513730049133301,2.5177299976348877,2.5177299976348877,0.0,EURTRY=X,eur_try
2013-07-21,2.5195798873901367,2.528820037841797,2.515000104904175,2.5199899673461914,2.5199899673461914,0.0,EURTRY=X,eur_try
2013-07-22,2.5209898948669434,2.5255401134490967,2.5129799842834473,2.5209200382232666,2.5209200382232666,0.0,EURTRY=X,eur_try
2013-07-23,2.511810064315796,2.538680076599121,2.5072600841522217,2.5110299587249756,2.5110299587249756,0.0,EURTRY=X,eur_try
2013-07-24,2.535629987716675,2.5533299446105957,2.5322799682617188,2.5367000102996826,2.5367000102996826,0.0,EURTRY=X,eur_try
2013-07-25,2.5487399101257324,2.5590600967407227,2.546999931335449,2.550179958343506,2.550179958343506,0.0,EURTRY=X,eur_try
2013-07-28,2.558199882507324,2.5594799518585205,2.546799898147583,2.5573298931121826,2.5573298931121826,0.0,EURTRY=X,eur_try
2013-07-29,2.5553500652313232,2.5593600273132324,2.5475900173187256,2.5559000968933105,2.5559000968933105,0.0,EURTRY=X,eur_try
2013-07-30,2.5506999492645264,2.580319881439209,2.547879934310913,2.549730062484741,2.549730062484741,0.0,EURTRY=X,eur_try
2013-07-31,2.573199987411499,2.580080032348633,2.558379888534546,2.5731799602508545,2.5731799602508545,0.0,EURTRY=X,eur_try
2013-08-01,2.571199893951416,2.577549934387207,2.5445098876953125,2.5707199573516846,2.5707199573516846,0.0,EURTRY=X,eur_try
2013-08-04,2.557729959487915,2.5645999908447266,2.552680015563965,2.5576300621032715,2.5576300621032715,0.0,EURTRY=X,eur_try
2013-08-05,2.5569300651550293,2.5684499740600586,2.556180000305176,2.556879997253418,2.556879997253418,0.0,EURTRY=X,eur_try
2013-08-06,2.5609500408172607,2.5749800205230713,2.56003999710083,2.560960054397583,2.560960054397583,0.0,EURTRY=X,eur_try
2013-08-07,2.575000047683716,2.576580047607422,2.567189931869507,2.5746500492095947,2.5746500492095947,0.0,EURTRY=X,eur_try
2013-08-08,2.5713601112365723,2.5731000900268555,2.554800033569336,2.570729970932007,2.570729970932007,0.0,EURTRY=X,eur_try
2013-08-11,2.5615499019622803,2.5638999938964844,2.5481998920440674,2.562000036239624,2.562000036239624,0.0,EURTRY=X,eur_try
2013-08-12,2.557270050048828,2.565200090408325,2.554529905319214,2.557300090789795,2.557300090789795,0.0,EURTRY=X,eur_try
2013-08-13,2.5630500316619873,2.5727999210357666,2.5580999851226807,2.5623300075531006,2.5623300075531006,0.0,EURTRY=X,eur_try
2013-08-14,2.564729928970337,2.5765299797058105,2.562160015106201,2.5643301010131836,2.5643301010131836,0.0,EURTRY=X,eur_try
2013-08-15,2.579430103302002,2.5907599925994873,2.576930046081543,2.5796799659729004,2.5796799659729004,0.0,EURTRY=X,eur_try
2013-08-18,2.590399980545044,2.6108999252319336,2.5849499702453613,2.5898799896240234,2.5898799896240234,0.0,EURTRY=X,eur_try
2013-08-19,2.604559898376465,2.619349956512451,2.6009199619293213,2.6047000885009766,2.6047000885009766,0.0,EURTRY=X,eur_try
2013-08-20,2.6149299144744873,2.6412699222564697,2.613379955291748,2.614690065383911,2.614690065383911,0.0,EURTRY=X,eur_try
2013-08-21,2.642129898071289,2.6643500328063965,2.6384999752044678,2.644010066986084,2.644010066986084,0.0,EURTRY=X,eur_try
2013-08-22,2.6565499305725098,2.672879934310913,2.645359992980957,2.655329942703247,2.655329942703247,0.0,EURTRY=X,eur_try
2013-08-25,2.6639299392700195,2.6732800006866455,2.6579999923706055,2.6637299060821533,2.6637299060821533,0.0,EURTRY=X,eur_try
2013-08-26,2.6706299781799316,2.731149911880493,2.670530080795288,2.6705799102783203,2.6705799102783203,0.0,EURTRY=X,eur_try
2013-08-27,2.7433300018310547,2.766900062561035,2.721129894256592,2.744080066680908,2.744080066680908,0.0,EURTRY=X,eur_try
2013-08-28,2.7054998874664307,2.715049982070923,2.6790499687194824,2.7045300006866455,2.7045300006866455,0.0,EURTRY=X,eur_try
2013-08-29,2.6863300800323486,2.7011799812316895,2.677000045776367,2.6836800575256348,2.6836800575256348,0.0,EURTRY=X,eur_try
2013-09-01,2.6789000034332275,2.6877799034118652,2.6564600467681885,2.6782898902893066,2.6782898902893066,0.0,EURTRY=X,eur_try
2013-09-02,2.661250114440918,2.7139999866485596,2.6569299697875977,2.662600040435791,2.662600040435791,0.0,EURTRY=X,eur_try
2013-09-03,2.709130048751831,2.7211499214172363,2.6740798950195312,2.709130048751831,2.709130048751831,0.0,EURTRY=X,eur_try
2013-09-04,2.703929901123047,2.748199939727783,2.6966300010681152,2.703929901123047,2.703929901123047,0.0,EURTRY=X,eur_try
2013-09-05,2.713629961013794,2.725209951400757,2.6895999908447266,2.713200092315674,2.713200092315674,0.0,EURTRY=X,eur_try
2013-09-08,2.7029600143432617,2.705199956893921,2.680649995803833,2.7034800052642822,2.7034800052642822,0.0,EURTRY=X,eur_try
2013-09-09,2.6788299083709717,2.697550058364868,2.662100076675415,2.6787800788879395,2.6787800788879395,0.0,EURTRY=X,eur_try
2013-09-10,2.6719799041748047,2.687380075454712,2.659980058670044,2.6721999645233154,2.6721999645233154,0.0,EURTRY=X,eur_try
2013-09-11,2.679500102996826,2.6955599784851074,2.6752700805664062,2.67933988571167,2.67933988571167,0.0,EURTRY=X,eur_try
2013-09-12,2.6946299076080322,2.706199884414673,2.688849925994873,2.694659948348999,2.694659948348999,0.0,EURTRY=X,eur_try
2013-09-15,2.675950050354004,2.6903998851776123,2.6575798988342285,2.67438006401062,2.67438006401062,0.0,EURTRY=X,eur_try
2013-09-16,2.6677300930023193,2.687570095062256,2.664599895477295,2.6671299934387207,2.6671299934387207,0.0,EURTRY=X,eur_try
2013-09-17,2.6730799674987793,2.6814799308776855,2.6651999950408936,2.6716699600219727,2.6716699600219727,0.0,EURTRY=X,eur_try
2013-09-18,2.6220500469207764,2.662179946899414,2.6159000396728516,2.6213300228118896,2.6213300228118896,0.0,EURTRY=X,eur_try
2013-09-19,2.6530001163482666,2.684720039367676,2.6477301120758057,2.652940034866333,2.652940034866333,0.0,EURTRY=X,eur_try
2013-09-22,2.681839942932129,2.69527006149292,2.6722300052642822,2.6801300048828125,2.6801300048828125,0.0,EURTRY=X,eur_try
2013-09-23,2.677180051803589,2.7014000415802,2.676229953765869,2.677180051803589,2.677180051803589,0.0,EURTRY=X,eur_try
2013-09-24,2.690000057220459,2.713279962539673,2.6875100135803223,2.6875100135803223,2.6875100135803223,0.0,EURTRY=X,eur_try
2013-09-25,2.723520040512085,2.7298800945281982,2.712599992752075,2.723860025405884,2.723860025405884,0.0,EURTRY=X,eur_try
2013-09-26,2.7263998985290527,2.7599899768829346,2.72094988822937,2.7248001098632812,2.7248001098632812,0.0,EURTRY=X,eur_try
2013-09-29,2.750230073928833,2.757780075073242,2.725800037384033,2.750230073928833,2.750230073928833,0.0,EURTRY=X,eur_try
2013-09-30,2.7313599586486816,2.733299970626831,2.7144999504089355,2.7309999465942383,2.7309999465942383,0.0,EURTRY=X,eur_try
2013-10-01,2.7170000076293945,2.7388699054718018,2.7129299640655518,2.715830087661743,2.715830087661743,0.0,EURTRY=X,eur_try
2013-10-02,2.709709882736206,2.7411599159240723,2.7088000774383545,2.709630012512207,2.709630012512207,0.0,EURTRY=X,eur_try
2013-10-03,2.7282299995422363,2.729530096054077,2.7028799057006836,2.728179931640625,2.728179931640625,0.0,EURTRY=X,eur_try
2013-10-06,2.695810079574585,2.719599962234497,2.694459915161133,2.6963798999786377,2.6963798999786377,0.0,EURTRY=X,eur_try
2013-10-07,2.7065000534057617,2.7078299522399902,2.6907999515533447,2.706860065460205,2.706860065460205,0.0,EURTRY=X,eur_try
2013-10-08,2.7026400566101074,2.704430103302002,2.6794700622558594,2.702810049057007,2.702810049057007,0.0,EURTRY=X,eur_try
2013-10-09,2.684299945831299,2.6861300468444824,2.6715199947357178,2.683880090713501,2.683880090713501,0.0,EURTRY=X,eur_try
2013-10-10,2.6720800399780273,2.6953299045562744,2.670419931411743,2.671910047531128,2.671910047531128,0.0,EURTRY=X,eur_try
2013-10-13,2.6882100105285645,2.7060298919677734,2.6825900077819824,2.694040060043335,2.694040060043335,0.0,EURTRY=X,eur_try
2013-10-14,2.686000108718872,2.6958999633789062,2.675640106201172,2.686269998550415,2.686269998550415,0.0,EURTRY=X,eur_try
2013-10-15,2.683379888534546,2.6930301189422607,2.662899971008301,2.683579921722412,2.683579921722412,0.0,EURTRY=X,eur_try
2013-10-16,2.6677799224853516,2.6938300132751465,2.6668500900268555,2.6674299240112305,2.6674299240112305,0.0,EURTRY=X,eur_try
2013-10-17,2.6874001026153564,2.6976799964904785,2.6854000091552734,2.687340021133423,2.687340021133423,0.0,EURTRY=X,eur_try
2013-10-20,2.6928300857543945,2.712830066680908,2.6907999515533447,2.6951301097869873,2.6951301097869873,0.0,EURTRY=X,eur_try
2013-10-21,2.7064099311828613,2.716439962387085,2.7024900913238525,2.7073800563812256,2.7073800563812256,0.0,EURTRY=X,eur_try
2013-10-22,2.709820032119751,2.72189998626709,2.7093899250030518,2.709929943084717,2.709929943084717,0.0,EURTRY=X,eur_try
2013-10-23,2.7209999561309814,2.7370800971984863,2.718780040740967,2.7212300300598145,2.7212300300598145,0.0,EURTRY=X,eur_try
2013-10-24,2.7334001064300537,2.7471001148223877,2.730799913406372,2.7336199283599854,2.7336199283599854,0.0,EURTRY=X,eur_try
2013-10-28,2.7359800338745117,2.7404699325561523,2.7297799587249756,2.73622989654541,2.73622989654541,0.0,EURTRY=X,eur_try
2013-10-29,2.7337799072265625,2.7471299171447754,2.73088002204895,2.733609914779663,2.733609914779663,0.0,EURTRY=X,eur_try
2013-10-30,2.7360498905181885,2.7413899898529053,2.7339398860931396,2.735949993133545,2.735949993133545,0.0,EURTRY=X,eur_try
2013-10-31,2.738110065460205,2.7427799701690674,2.7067999839782715,2.7376298904418945,2.7376298904418945,0.0,EURTRY=X,eur_try
2013-11-01,2.711009979248047,2.7281999588012695,2.7019999027252197,2.7109100818634033,2.7109100818634033,0.0,EURTRY=X,eur_try
2013-11-04,2.7200100421905518,2.7312800884246826,2.70770001411438,2.7200300693511963,2.7200300693511963,0.0,EURTRY=X,eur_try
2013-11-05,2.7235000133514404,2.7378499507904053,2.7204999923706055,2.724179983139038,2.724179983139038,0.0,EURTRY=X,eur_try
2013-11-06,2.7351300716400146,2.7507901191711426,2.7337100505828857,2.734220027923584,2.734220027923584,0.0,EURTRY=X,eur_try
2013-11-07,2.7517099380493164,2.7585599422454834,2.701550006866455,2.7516798973083496,2.7516798973083496,0.0,EURTRY=X,eur_try
2013-11-08,2.728300094604492,2.7418999671936035,2.715280055999756,2.7281699180603027,2.7281699180603027,0.0,EURTRY=X,eur_try
2013-11-11,2.7219998836517334,2.73865008354187,2.7194900512695312,2.722090005874634,2.722090005874634,0.0,EURTRY=X,eur_try
2013-11-12,2.7385001182556152,2.759850025177002,2.7339999675750732,2.7381200790405273,2.7381200790405273,0.0,EURTRY=X,eur_try
2013-11-13,2.7586801052093506,2.7648000717163086,2.746540069580078,2.7588999271392822,2.7588999271392822,0.0,EURTRY=X,eur_try
2013-11-14,2.754149913787842,2.757550001144409,2.747080087661743,2.7551798820495605,2.7551798820495605,0.0,EURTRY=X,eur_try
2013-11-15,2.735650062561035,2.747220039367676,2.7344000339508057,2.7360999584198,2.7360999584198,0.0,EURTRY=X,eur_try
2013-11-18,2.7376999855041504,2.739579916000366,2.725559949874878,2.7376298904418945,2.7376298904418945,0.0,EURTRY=X,eur_try
2013-11-19,2.7284998893737793,2.7348899841308594,2.71412992477417,2.7285799980163574,2.7285799980163574,0.0,EURTRY=X,eur_try
2013-11-20,2.726059913635254,2.7312700748443604,2.6960699558258057,2.7261900901794434,2.7261900901794434,0.0,EURTRY=X,eur_try
2013-11-21,2.7074499130249023,2.725950002670288,2.703279972076416,2.707479953765869,2.707479953765869,0.0,EURTRY=X,eur_try
2013-11-22,2.716010093688965,2.733870029449463,2.7144598960876465,2.71560001373291,2.71560001373291,0.0,EURTRY=X,eur_try
2013-11-25,2.7197399139404297,2.7227001190185547,2.695349931716919,2.720089912414551,2.720089912414551,0.0,EURTRY=X,eur_try
2013-11-26,2.7145800590515137,2.7334001064300537,2.7107698917388916,2.7153000831604004,2.7153000831604004,0.0,EURTRY=X,eur_try
2013-11-27,2.728600025177002,2.752150058746338,2.726799964904785,2.728800058364868,2.728800058364868,0.0,EURTRY=X,eur_try
2013-11-28,2.749619960784912,2.7535400390625,2.736690044403076,2.7494399547576904,2.7494399547576904,0.0,EURTRY=X,eur_try
2013-11-29,2.7393300533294678,2.755000114440918,2.7384800910949707,2.739190101623535,2.739190101623535,0.0,EURTRY=X,eur_try
2013-12-02,2.742579936981201,2.765899896621704,2.74222993850708,2.742959976196289,2.742959976196289,0.0,EURTRY=X,eur_try
2013-12-03,2.760309934616089,2.7739999294281006,2.756200075149536,2.760279893875122,2.760279893875122,0.0,EURTRY=X,eur_try
2013-12-04,2.776639938354492,2.7874999046325684,2.7710399627685547,2.7763500213623047,2.7763500213623047,0.0,EURTRY=X,eur_try
2013-12-05,2.782439947128296,2.7948999404907227,2.7736599445343018,2.7825000286102295,2.7825000286102295,0.0,EURTRY=X,eur_try
2013-12-06,2.78262996673584,2.7985100746154785,2.7628800868988037,2.782520055770874,2.782520055770874,0.0,EURTRY=X,eur_try
2013-12-09,2.77128005027771,2.7930099964141846,2.769279956817627,2.7711799144744873,2.7711799144744873,0.0,EURTRY=X,eur_try
2013-12-10,2.790800094604492,2.7975800037384033,2.782680034637451,2.790179967880249,2.790179967880249,0.0,EURTRY=X,eur_try
2013-12-11,2.786760091781616,2.8176000118255615,2.7842800617218018,2.7895500659942627,2.7895500659942627,0.0,EURTRY=X,eur_try
2013-12-12,2.8146800994873047,2.8208999633789062,2.804379940032959,2.816849946975708,2.816849946975708,0.0,EURTRY=X,eur_try
2013-12-13,2.8071799278259277,2.816999912261963,2.7976999282836914,2.807080030441284,2.807080030441284,0.0,EURTRY=X,eur_try
2013-12-16,2.802880048751831,2.808459997177124,2.7900400161743164,2.803100109100342,2.803100109100342,0.0,EURTRY=X,eur_try
2013-12-17,2.789489984512329,2.810699939727783,2.7877800464630127,2.7877800464630127,2.7877800464630127,0.0,EURTRY=X,eur_try
2013-12-18,2.802000045776367,2.816509962081909,2.7995400428771973,2.802489995956421,2.802489995956421,0.0,EURTRY=X,eur_try
2013-12-19,2.812570095062256,2.8418500423431396,2.8004798889160156,2.8126800060272217,2.8126800060272217,0.0,EURTRY=X,eur_try
2013-12-20,2.8302700519561768,2.8666300773620605,2.8259599208831787,2.829080104827881,2.829080104827881,0.0,EURTRY=X,eur_try
2013-12-23,2.858139991760254,2.8722000122070312,2.851020097732544,2.860879898071289,2.860879898071289,0.0,EURTRY=X,eur_try
2013-12-24,2.874459981918335,2.875159978866577,2.837399959564209,2.873080015182495,2.873080015182495,0.0,EURTRY=X,eur_try
2013-12-25,2.838979959487915,2.840100049972534,2.826580047607422,2.838979959487915,2.838979959487915,0.0,EURTRY=X,eur_try
2013-12-26,2.86395001411438,2.921649932861328,2.8555800914764404,2.864109992980957,2.864109992980957,0.0,EURTRY=X,eur_try
2013-12-27,2.90310001373291,3.013400077819824,2.902780055999756,2.906130075454712,2.906130075454712,0.0,EURTRY=X,eur_try
2013-12-30,2.9636800289154053,2.9676899909973145,2.923880100250244,2.964600086212158,2.964600086212158,0.0,EURTRY=X,eur_try
2013-12-31,2.928299903869629,2.9710400104522705,2.913300037384033,2.9271600246429443,2.9271600246429443,0.0,EURTRY=X,eur_try
2014-01-01,2.9527499675750732,2.9527499675750732,2.9527499675750732,2.9527499675750732,2.9527499675750732,0.0,EURTRY=X,eur_try
2014-01-02,2.9558000564575195,2.995300054550171,2.9474799633026123,2.9551799297332764,2.9551799297332764,0.0,EURTRY=X,eur_try
2014-01-03,2.963279962539673,2.973400115966797,2.9495999813079834,2.9631600379943848,2.9631600379943848,0.0,EURTRY=X,eur_try
2014-01-06,2.9568800926208496,2.9864399433135986,2.953779935836792,2.9580399990081787,2.9580399990081787,0.0,EURTRY=X,eur_try
2014-01-07,2.957279920578003,2.9727001190185547,2.937959909439087,2.9570300579071045,2.9570300579071045,0.0,EURTRY=X,eur_try
2014-01-08,2.9492499828338623,2.9660000801086426,2.9459800720214844,2.9489500522613525,2.9489500522613525,0.0,EURTRY=X,eur_try
2014-01-09,2.9653000831604004,2.9844000339508057,2.955780029296875,2.9630799293518066,2.9630799293518066,0.0,EURTRY=X,eur_try
2014-01-10,2.9623799324035645,2.9697999954223633,2.950540065765381,2.9618799686431885,2.9618799686431885,0.0,EURTRY=X,eur_try
2014-01-13,2.958479881286621,2.975100040435791,2.956279993057251,2.9580800533294678,2.9580800533294678,0.0,EURTRY=X,eur_try
2014-01-14,2.9775800704956055,3.0054800510406494,2.975029945373535,2.977679967880249,2.977679967880249,0.0,EURTRY=X,eur_try
2014-01-15,2.9834001064300537,2.994999885559082,2.9741299152374268,2.9825799465179443,2.9825799465179443,0.0,EURTRY=X,eur_try
2014-01-16,2.9770400524139404,3.0109000205993652,2.97517991065979,2.9768800735473633,2.9768800735473633,0.0,EURTRY=X,eur_try
2014-01-17,3.004699945449829,3.0191500186920166,2.9996700286865234,3.0042800903320312,3.0042800903320312,0.0,EURTRY=X,eur_try
2014-01-20,3.0206799507141113,3.045409917831421,3.018199920654297,3.0216400623321533,3.0216400623321533,0.0,EURTRY=X,eur_try
2014-01-21,3.032979965209961,3.066279888153076,3.0209999084472656,3.033629894256592,3.033629894256592,0.0,EURTRY=X,eur_try
2014-01-22,3.0529000759124756,3.0717198848724365,3.0345799922943115,3.0525100231170654,3.0525100231170654,0.0,EURTRY=X,eur_try
2014-01-23,3.059580087661743,3.149199962615967,3.05787992477417,3.0579800605773926,3.0579800605773926,0.0,EURTRY=X,eur_try
2014-01-24,3.1359798908233643,3.2063000202178955,3.1260600090026855,3.1346800327301025,3.1346800327301025,0.0,EURTRY=X,eur_try
2014-01-27,3.189079999923706,3.2718799114227295,3.1447598934173584,3.1886799335479736,3.1886799335479736,0.0,EURTRY=X,eur_try
2014-01-28,3.1158199310302734,3.126300096511841,3.079400062561035,3.117269992828369,3.117269992828369,0.0,EURTRY=X,eur_try
2014-01-29,2.9840800762176514,3.153700113296509,2.951669931411743,2.9840800762176514,2.9840800762176514,0.0,EURTRY=X,eur_try
2014-01-30,3.087779998779297,3.1317999362945557,3.0429999828338623,3.0855801105499268,3.0855801105499268,0.0,EURTRY=X,eur_try
2014-01-31,3.0686299800872803,3.1061999797821045,3.038439989089966,3.068739891052246,3.068739891052246,0.0,EURTRY=X,eur_try
2014-02-03,3.0479800701141357,3.072499990463257,3.042180061340332,3.047879934310913,3.047879934310913,0.0,EURTRY=X,eur_try
2014-02-04,3.078579902648926,3.0868000984191895,3.033400058746338,3.078579902648926,3.078579902648926,0.0,EURTRY=X,eur_try
2014-02-05,3.0218799114227295,3.041300058364868,3.018480062484741,3.0225000381469727,3.0225000381469727,0.0,EURTRY=X,eur_try
2014-02-06,3.0306200981140137,3.0314600467681885,2.997380018234253,3.030519962310791,3.030519962310791,0.0,EURTRY=X,eur_try
2014-02-07,2.9996800422668457,3.0272998809814453,2.9818999767303467,2.9997799396514893,2.9997799396514893,0.0,EURTRY=X,eur_try
2014-02-10,3.0211000442504883,3.0485000610351562,3.0104799270629883,3.020780086517334,3.020780086517334,0.0,EURTRY=X,eur_try
2014-02-11,3.0185999870300293,3.0329198837280273,3.0013298988342285,3.0158801078796387,3.0158801078796387,0.0,EURTRY=X,eur_try
2014-02-12,2.9900801181793213,2.9994099140167236,2.9621798992156982,2.988990068435669,2.988990068435669,0.0,EURTRY=X,eur_try
2014-02-13,2.975980043411255,3.023430109024048,2.9717800617218018,2.976599931716919,2.976599931716919,0.0,EURTRY=X,eur_try
2014-02-14,2.985179901123047,3.0062599182128906,2.982599973678589,2.9855799674987793,2.9855799674987793,0.0,EURTRY=X,eur_try
2014-02-17,2.9865000247955322,2.997849941253662,2.977979898452759,2.983880043029785,2.983880043029785,0.0,EURTRY=X,eur_try
2014-02-18,2.9827699661254883,3.0029499530792236,2.9778099060058594,2.981679916381836,2.981679916381836,0.0,EURTRY=X,eur_try
2014-02-19,2.9951798915863037,3.0208001136779785,2.991879940032959,2.9951798915863037,2.9951798915863037,0.0,EURTRY=X,eur_try
2014-02-20,3.0388998985290527,3.0511999130249023,3.009200096130371,3.035979986190796,3.035979986190796,0.0,EURTRY=X,eur_try
2014-02-21,3.019469976425171,3.024600028991699,2.995229959487915,3.0177299976348877,3.0177299976348877,0.0,EURTRY=X,eur_try
2014-02-24,2.9904799461364746,3.0099000930786133,2.981879949569702,2.9904799461364746,2.9904799461364746,0.0,EURTRY=X,eur_try
2014-02-25,3.023329973220825,3.0527799129486084,3.0183000564575195,3.0216801166534424,3.0216801166534424,0.0,EURTRY=X,eur_try
2014-02-26,3.039170026779175,3.053179979324341,3.0227999687194824,3.0401999950408936,3.0401999950408936,0.0,EURTRY=X,eur_try
2014-02-27,3.054579973220825,3.0616800785064697,3.0536398887634277,3.054579973220825,3.054579973220825,0.0,EURTRY=X,eur_try
2014-02-28,3.0317800045013428,3.0615999698638916,3.027899980545044,3.0293800830841064,3.0293800830841064,0.0,EURTRY=X,eur_try
2014-03-03,3.068579912185669,3.0753700733184814,3.053499937057495,3.0684800148010254,3.0684800148010254,0.0,EURTRY=X,eur_try
2014-03-04,3.059580087661743,3.062079906463623,3.0352001190185547,3.059580087661743,3.059580087661743,0.0,EURTRY=X,eur_try
2014-03-05,3.0298800468444824,3.038300037384033,3.0198299884796143,3.0304501056671143,3.0304501056671143,0.0,EURTRY=X,eur_try
2014-03-06,3.026819944381714,3.0366899967193604,3.017780065536499,3.0226800441741943,3.0226800441741943,0.0,EURTRY=X,eur_try
2014-03-07,3.0194599628448486,3.060580015182495,3.0181798934936523,3.019779920578003,3.019779920578003,0.0,EURTRY=X,eur_try
2014-03-10,3.056580066680908,3.08240008354187,3.056580066680908,3.058690071105957,3.058690071105957,0.0,EURTRY=X,eur_try
2014-03-11,3.0779800415039062,3.094599962234497,3.068700075149536,3.0783801078796387,3.0783801078796387,0.0,EURTRY=X,eur_try
2014-03-12,3.1087799072265625,3.1282999515533447,3.09948992729187,3.108380079269409,3.108380079269409,0.0,EURTRY=X,eur_try
2014-03-13,3.101789951324463,3.1136999130249023,3.096679925918579,3.101789951324463,3.101789951324463,0.0,EURTRY=X,eur_try
2014-03-14,3.0947799682617188,3.110059976577759,3.094180107116699,3.096980094909668,3.096980094909668,0.0,EURTRY=X,eur_try
2014-03-17,3.0886800289154053,3.096400022506714,3.0778000354766846,3.0886800289154053,3.0886800289154053,0.0,EURTRY=X,eur_try
2014-03-18,3.0895800590515137,3.1012001037597656,3.082479953765869,3.0905399322509766,3.0905399322509766,0.0,EURTRY=X,eur_try
2014-03-19,3.08804988861084,3.1012299060821533,3.086780071258545,3.088520050048828,3.088520050048828,0.0,EURTRY=X,eur_try
2014-03-20,3.0955801010131836,3.103019952774048,3.0719799995422363,3.0951199531555176,3.0951199531555176,0.0,EURTRY=X,eur_try
2014-03-21,3.0735299587249756,3.0911600589752197,3.072700023651123,3.0731499195098877,3.0731499195098877,0.0,EURTRY=X,eur_try
2014-03-24,3.083980083465576,3.0922698974609375,3.0785999298095703,3.083980083465576,3.083980083465576,0.0,EURTRY=X,eur_try
2014-03-25,3.0938799381256104,3.0985000133514404,3.0683999061584473,3.093980073928833,3.093980073928833,0.0,EURTRY=X,eur_try
2014-03-26,3.0607800483703613,3.069999933242798,3.022200107574463,3.0624499320983887,3.0624499320983887,0.0,EURTRY=X,eur_try
2014-03-27,3.0226800441741943,3.031100034713745,2.995579957962036,3.0186800956726074,3.0186800956726074,0.0,EURTRY=X,eur_try
2014-03-28,3.0007998943328857,3.0178000926971436,2.999079942703247,2.9992799758911133,2.9992799758911133,0.0,EURTRY=X,eur_try
2014-03-30,2.992079973220825,2.9963300228118896,2.9469799995422363,2.9909799098968506,2.9909799098968506,0.0,EURTRY=X,eur_try
2014-03-31,2.943380117416382,2.971529960632324,2.9399800300598145,2.943380117416382,2.943380117416382,0.0,EURTRY=X,eur_try
2014-04-01,2.946700096130371,2.965980052947998,2.920099973678589,2.94677996635437,2.94677996635437,0.0,EURTRY=X,eur_try
2014-04-02,2.928380012512207,2.9565999507904053,2.9230799674987793,2.9286999702453613,2.9286999702453613,0.0,EURTRY=X,eur_try
2014-04-03,2.9286201000213623,2.939879894256592,2.8828999996185303,2.9260098934173584,2.9260098934173584,0.0,EURTRY=X,eur_try
2014-04-06,2.8954899311065674,2.9179999828338623,2.8927199840545654,2.8955399990081787,2.8955399990081787,0.0,EURTRY=X,eur_try
2014-04-07,2.9018399715423584,2.905679941177368,2.8787999153137207,2.901819944381714,2.901819944381714,0.0,EURTRY=X,eur_try
2014-04-08,2.889349937438965,2.931380033493042,2.883929967880249,2.887779951095581,2.887779951095581,0.0,EURTRY=X,eur_try
2014-04-09,2.9110798835754395,2.927000045776367,2.9028799533843994,2.9110798835754395,2.9110798835754395,0.0,EURTRY=X,eur_try
2014-04-10,2.9315500259399414,2.954400062561035,2.9297499656677246,2.9297800064086914,2.9297800064086914,0.0,EURTRY=X,eur_try
2014-04-13,2.93038010597229,2.955169916152954,2.9249000549316406,2.9297800064086914,2.9297800064086914,0.0,EURTRY=X,eur_try
2014-04-14,2.931299924850464,2.9602200984954834,2.923379898071289,2.931260108947754,2.931260108947754,0.0,EURTRY=X,eur_try
2014-04-15,2.9604899883270264,2.962899923324585,2.9460198879241943,2.9580800533294678,2.9580800533294678,0.0,EURTRY=X,eur_try
2014-04-16,2.9546799659729004,2.9621999263763428,2.9364500045776367,2.954279899597168,2.954279899597168,0.0,EURTRY=X,eur_try
2014-04-17,2.9394800662994385,2.9486000537872314,2.935580015182495,2.9394800662994385,2.9394800662994385,0.0,EURTRY=X,eur_try
2014-04-20,2.9419000148773193,2.9545700550079346,2.9392800331115723,2.941380023956299,2.941380023956299,0.0,EURTRY=X,eur_try
2014-04-21,2.943079948425293,2.9618799686431885,2.9402899742126465,2.9406800270080566,2.9406800270080566,0.0,EURTRY=X,eur_try
2014-04-22,2.9568800926208496,2.977950096130371,2.954780101776123,2.9568800926208496,2.9568800926208496,0.0,EURTRY=X,eur_try
2014-04-23,2.9720499515533447,2.9760499000549316,2.9416799545288086,2.972140073776245,2.972140073776245,0.0,EURTRY=X,eur_try
2014-04-24,2.952280044555664,2.963360071182251,2.94566011428833,2.952280044555664,2.952280044555664,0.0,EURTRY=X,eur_try
2014-04-27,2.953579902648926,2.9695799350738525,2.943350076675415,2.9549601078033447,2.9549601078033447,0.0,EURTRY=X,eur_try
2014-04-28,2.9476799964904785,2.952510118484497,2.927609920501709,2.9468801021575928,2.9468801021575928,0.0,EURTRY=X,eur_try
2014-04-29,2.9287800788879395,2.9409101009368896,2.9194400310516357,2.930799961090088,2.930799961090088,0.0,EURTRY=X,eur_try
2014-04-30,2.9290499687194824,2.9347000122070312,2.916879892349243,2.9292800426483154,2.9292800426483154,0.0,EURTRY=X,eur_try
2014-05-01,2.9210801124572754,2.9265201091766357,2.899290084838867,2.920380115509033,2.920380115509033,0.0,EURTRY=X,eur_try
2014-05-04,2.917910099029541,2.9233500957489014,2.906480073928833,2.9179000854492188,2.9179000854492188,0.0,EURTRY=X,eur_try
2014-05-05,2.9120800495147705,2.922300100326538,2.9086999893188477,2.9120800495147705,2.9120800495147705,0.0,EURTRY=X,eur_try
2014-05-06,2.909179925918579,2.919650077819824,2.898129940032959,2.909179925918579,2.909179925918579,0.0,EURTRY=X,eur_try
2014-05-07,2.8958001136779785,2.904099941253662,2.864949941635132,2.8940799236297607,2.8940799236297607,0.0,EURTRY=X,eur_try
2014-05-08,2.8744099140167236,2.877269983291626,2.861989974975586,2.8735499382019043,2.8735499382019043,0.0,EURTRY=X,eur_try
2014-05-11,2.8575000762939453,2.8727400302886963,2.852099895477295,2.8573999404907227,2.8573999404907227,0.0,EURTRY=X,eur_try
2014-05-12,2.862989902496338,2.8655900955200195,2.8333001136779785,2.8627400398254395,2.8627400398254395,0.0,EURTRY=X,eur_try
2014-05-13,2.8343000411987305,2.8549599647521973,2.8289999961853027,2.8346500396728516,2.8346500396728516,0.0,EURTRY=X,eur_try
2014-05-14,2.843480110168457,2.8889400959014893,2.8375000953674316,2.8435800075531006,2.8435800075531006,0.0,EURTRY=X,eur_try
2014-05-15,2.8765499591827393,2.8880200386047363,2.8671000003814697,2.876199960708618,2.876199960708618,0.0,EURTRY=X,eur_try
2014-05-18,2.871579885482788,2.8861000537872314,2.8666999340057373,2.871799945831299,2.871799945831299,0.0,EURTRY=X,eur_try
2014-05-19,2.8732500076293945,2.8975799083709717,2.8724000453948975,2.873300075531006,2.873300075531006,0.0,EURTRY=X,eur_try
2014-05-20,2.8933000564575195,2.9048800468444824,2.8700599670410156,2.8932700157165527,2.8932700157165527,0.0,EURTRY=X,eur_try
2014-05-21,2.867000102996826,2.872999906539917,2.8433001041412354,2.8659300804138184,2.8659300804138184,0.0,EURTRY=X,eur_try
2014-05-22,2.841670036315918,2.8541998863220215,2.8338000774383545,2.8415000438690186,2.8415000438690186,0.0,EURTRY=X,eur_try
2014-05-25,2.8339200019836426,2.850630044937134,2.831399917602539,2.834120035171509,2.834120035171509,0.0,EURTRY=X,eur_try
2014-05-26,2.8435399532318115,2.876699924468994,2.842989921569824,2.843480110168457,2.843480110168457,0.0,EURTRY=X,eur_try
2014-05-27,2.864690065383911,2.878200054168701,2.8558199405670166,2.8648900985717773,2.8648900985717773,0.0,EURTRY=X,eur_try
2014-05-28,2.8523499965667725,2.8594400882720947,2.839900016784668,2.852710008621216,2.852710008621216,0.0,EURTRY=X,eur_try
2014-05-29,2.8396899700164795,2.8634400367736816,2.8363800048828125,2.8398900032043457,2.8398900032043457,0.0,EURTRY=X,eur_try
2014-06-01,2.857100009918213,2.8711700439453125,2.846400022506714,2.8555500507354736,2.8555500507354736,0.0,EURTRY=X,eur_try
2014-06-02,2.8652799129486084,2.8871800899505615,2.8507399559020996,2.8652799129486084,2.8652799129486084,0.0,EURTRY=X,eur_try
2014-06-03,2.8833000659942627,2.8962199687957764,2.8795199394226074,2.8833200931549072,2.8833200931549072,0.0,EURTRY=X,eur_try
2014-06-04,2.8775899410247803,2.8797199726104736,2.837480068206787,2.877700090408325,2.877700090408325,0.0,EURTRY=X,eur_try
2014-06-05,2.865499973297119,2.871579885482788,2.830889940261841,2.8657100200653076,2.8657100200653076,0.0,EURTRY=X,eur_try
2014-06-08,2.8323800563812256,2.842479944229126,2.829890012741089,2.8341000080108643,2.8341000080108643,0.0,EURTRY=X,eur_try
2014-06-09,2.8350799083709717,2.8464999198913574,2.8169798851013184,2.8353500366210938,2.8353500366210938,0.0,EURTRY=X,eur_try
2014-06-10,2.8155899047851562,2.854759931564331,2.8106799125671387,2.8155899047851562,2.8155899047851562,0.0,EURTRY=X,eur_try
2014-06-11,2.862989902496338,2.876579999923706,2.842590093612671,2.8628900051116943,2.8628900051116943,0.0,EURTRY=X,eur_try
2014-06-12,2.861680030822754,2.8882999420166016,2.8597800731658936,2.862380027770996,2.862380027770996,0.0,EURTRY=X,eur_try
2014-06-15,2.8737900257110596,2.91129994392395,2.8679299354553223,2.874190092086792,2.874190092086792,0.0,EURTRY=X,eur_try
2014-06-16,2.9090499877929688,2.91582989692688,2.8924200534820557,2.9091100692749023,2.9091100692749023,0.0,EURTRY=X,eur_try
2014-06-17,2.912480115890503,2.91483998298645,2.904099941253662,2.9127800464630127,2.9127800464630127,0.0,EURTRY=X,eur_try
2014-06-18,2.8867900371551514,2.9135000705718994,2.885580062866211,2.886810064315796,2.886810064315796,0.0,EURTRY=X,eur_try
2014-06-19,2.9128799438476562,2.924649953842163,2.903899908065796,2.912980079650879,2.912980079650879,0.0,EURTRY=X,eur_try
2014-06-22,2.9128799438476562,2.9176299571990967,2.90054988861084,2.912869930267334,2.912869930267334,0.0,EURTRY=X,eur_try
2014-06-23,2.9045000076293945,2.9096999168395996,2.8971400260925293,2.9044899940490723,2.9044899940490723,0.0,EURTRY=X,eur_try
2014-06-24,2.913680076599121,2.9205799102783203,2.9028000831604004,2.9136900901794434,2.9136900901794434,0.0,EURTRY=X,eur_try
2014-06-25,2.903899908065796,2.9086101055145264,2.889659881591797,2.904599905014038,2.904599905014038,0.0,EURTRY=X,eur_try
2014-06-26,2.892780065536499,2.9013800621032715,2.8903000354766846,2.8930699825286865,2.8930699825286865,0.0,EURTRY=X,eur_try
2014-06-29,2.897589921951294,2.9045801162719727,2.893899917602539,2.896899938583374,2.896899938583374,0.0,EURTRY=X,eur_try
2014-06-30,2.8996899127960205,2.9147400856018066,2.897200107574463,2.900059938430786,2.900059938430786,0.0,EURTRY=X,eur_try
2014-07-01,2.913480043411255,2.9167799949645996,2.904599905014038,2.913640022277832,2.913640022277832,0.0,EURTRY=X,eur_try
2014-07-02,2.907249927520752,2.9175000190734863,2.895479917526245,2.907249927520752,2.907249927520752,0.0,EURTRY=X,eur_try
2014-07-03,2.8952999114990234,2.9022200107574463,2.893019914627075,2.8952999114990234,2.8952999114990234,0.0,EURTRY=X,eur_try
2014-07-06,2.8977200984954834,2.904020071029663,2.8949499130249023,2.899749994277954,2.899749994277954,0.0,EURTRY=X,eur_try
2014-07-07,2.8958001136779785,2.8993499279022217,2.887200117111206,2.8958001136779785,2.8958001136779785,0.0,EURTRY=X,eur_try
2014-07-08,2.8915600776672363,2.895940065383911,2.888400077819824,2.891309976577759,2.891309976577759,0.0,EURTRY=X,eur_try
2014-07-09,2.8869800567626953,2.900700092315674,2.8857998847961426,2.886889934539795,2.886889934539795,0.0,EURTRY=X,eur_try
2014-07-10,2.887779951095581,2.8963799476623535,2.8808000087738037,2.8878400325775146,2.8878400325775146,0.0,EURTRY=X,eur_try
2014-07-13,2.882499933242798,2.8916800022125244,2.880500078201294,2.8824799060821533,2.8824799060821533,0.0,EURTRY=X,eur_try
2014-07-14,2.8824899196624756,2.8896501064300537,2.8799400329589844,2.8824400901794434,2.8824400901794434,0.0,EURTRY=X,eur_try
2014-07-15,2.8814799785614014,2.8838999271392822,2.8659000396728516,2.881380081176758,2.881380081176758,0.0,EURTRY=X,eur_try
2014-07-16,2.8699100017547607,2.8854401111602783,2.8687000274658203,2.869450092315674,2.869450092315674,0.0,EURTRY=X,eur_try
2014-07-17,2.8926401138305664,2.89628005027771,2.8668999671936035,2.8926498889923096,2.8926498889923096,0.0,EURTRY=X,eur_try
2014-07-20,2.875540018081665,2.8792800903320312,2.863420009613037,2.8755900859832764,2.8755900859832764,0.0,EURTRY=X,eur_try
2014-07-21,2.8638999462127686,2.8660900592803955,2.83489990234375,2.8640899658203125,2.8640899658203125,0.0,EURTRY=X,eur_try
2014-07-22,2.836780071258545,2.8373498916625977,2.8108301162719727,2.8359999656677246,2.8359999656677246,0.0,EURTRY=X,eur_try
2014-07-23,2.8142800331115723,2.8269898891448975,2.811199903488159,2.8142800331115723,2.8142800331115723,0.0,EURTRY=X,eur_try
2014-07-24,2.8144800662994385,2.8217499256134033,2.80787992477417,2.814039945602417,2.814039945602417,0.0,EURTRY=X,eur_try
2014-07-27,2.81112003326416,2.8262898921966553,2.8079099655151367,2.810810089111328,2.810810089111328,0.0,EURTRY=X,eur_try
2014-07-28,2.819279909133911,2.8351199626922607,2.817199945449829,2.8193600177764893,2.8193600177764893,0.0,EURTRY=X,eur_try
2014-07-29,2.833280086517334,2.8640999794006348,2.826159954071045,2.8331298828125,2.8331298828125,0.0,EURTRY=X,eur_try
2014-07-30,2.8560800552368164,2.875580072402954,2.8528499603271484,2.8560800552368164,2.8560800552368164,0.0,EURTRY=X,eur_try
2014-07-31,2.8649299144744873,2.8824501037597656,2.855950117111206,2.864949941635132,2.864949941635132,0.0,EURTRY=X,eur_try
2014-08-03,2.8612799644470215,2.8695900440216064,2.8571999073028564,2.8613100051879883,2.8613100051879883,0.0,EURTRY=X,eur_try
2014-08-04,2.8588500022888184,2.8773999214172363,2.8457400798797607,2.8585801124572754,2.8585801124572754,0.0,EURTRY=X,eur_try
2014-08-05,2.8770499229431152,2.9020700454711914,2.8769900798797607,2.877039909362793,2.877039909362793,0.0,EURTRY=X,eur_try
2014-08-06,2.888089895248413,2.9003798961639404,2.8828799724578857,2.888309955596924,2.888309955596924,0.0,EURTRY=X,eur_try
2014-08-07,2.8961100578308105,2.9286999702453613,2.8894999027252197,2.896059989929199,2.896059989929199,0.0,EURTRY=X,eur_try
2014-08-10,2.865489959716797,2.888430118560791,2.8601698875427246,2.864300012588501,2.864300012588501,0.0,EURTRY=X,eur_try
2014-08-11,2.876310110092163,2.892699956893921,2.873800039291382,2.875930070877075,2.875930070877075,0.0,EURTRY=X,eur_try
2014-08-12,2.8916800022125244,2.8936800956726074,2.879699945449829,2.891119956970215,2.891119956970215,0.0,EURTRY=X,eur_try
2014-08-13,2.8816399574279785,2.8935000896453857,2.8775999546051025,2.881880044937134,2.881880044937134,0.0,EURTRY=X,eur_try
2014-08-14,2.8758599758148193,2.9179799556732178,2.871299982070923,2.8754100799560547,2.8754100799560547,0.0,EURTRY=X,eur_try
2014-08-17,2.9001998901367188,2.910370111465454,2.8893001079559326,2.899280071258545,2.899280071258545,0.0,EURTRY=X,eur_try
2014-08-18,2.8898301124572754,2.8941400051116943,2.8767600059509277,2.88988995552063,2.88988995552063,0.0,EURTRY=X,eur_try
2014-08-19,2.88142991065979,2.8986198902130127,2.876849889755249,2.881500005722046,2.881500005722046,0.0,EURTRY=X,eur_try
2014-08-20,2.895780086517334,2.9006800651550293,2.880419969558716,2.8945798873901367,2.8945798873901367,0.0,EURTRY=X,eur_try
2014-08-21,2.8900599479675293,2.8989999294281006,2.879699945449829,2.8901898860931396,2.8901898860931396,0.0,EURTRY=X,eur_try
2014-08-24,2.8759000301361084,2.879430055618286,2.872299909591675,2.8758699893951416,2.8758699893951416,0.0,EURTRY=X,eur_try
2014-08-25,2.8728599548339844,2.877729892730713,2.8554999828338623,2.8735499382019043,2.8735499382019043,0.0,EURTRY=X,eur_try
2014-08-26,2.851490020751953,2.8560900688171387,2.8354198932647705,2.851490020751953,2.851490020751953,0.0,EURTRY=X,eur_try
2014-08-27,2.8434898853302,2.8627800941467285,2.84335994720459,2.842289924621582,2.842289924621582,0.0,EURTRY=X,eur_try
2014-08-28,2.844909906387329,2.853559970855713,2.838589906692505,2.844330072402954,2.844330072402954,0.0,EURTRY=X,eur_try
2014-08-31,2.836289882659912,2.8439199924468994,2.8334999084472656,2.836289882659912,2.836289882659912,0.0,EURTRY=X,eur_try
2014-09-01,2.8346900939941406,2.85725998878479,2.8329999446868896,2.8346900939941406,2.8346900939941406,0.0,EURTRY=X,eur_try
2014-09-02,2.853679895401001,2.855149984359741,2.8350300788879395,2.852799892425537,2.852799892425537,0.0,EURTRY=X,eur_try
2014-09-03,2.840290069580078,2.8438100814819336,2.7945799827575684,2.8386900424957275,2.8386900424957275,0.0,EURTRY=X,eur_try
2014-09-04,2.796649932861328,2.810120105743408,2.7939000129699707,2.796910047531128,2.796910047531128,0.0,EURTRY=X,eur_try
2014-09-07,2.794559955596924,2.808880090713501,2.7915000915527344,2.7945001125335693,2.7945001125335693,0.0,EURTRY=X,eur_try
2014-09-08,2.8003900051116943,2.839169979095459,2.7964999675750732,2.799880027770996,2.799880027770996,0.0,EURTRY=X,eur_try
2014-09-09,2.842129945755005,2.861840009689331,2.831700086593628,2.842400074005127,2.842400074005127,0.0,EURTRY=X,eur_try
2014-09-10,2.833359956741333,2.8475000858306885,2.8301000595092773,2.833479881286621,2.833479881286621,0.0,EURTRY=X,eur_try
2014-09-11,2.841510057449341,2.869990110397339,2.8407700061798096,2.84128999710083,2.84128999710083,0.0,EURTRY=X,eur_try
2014-09-14,2.8773999214172363,2.88100004196167,2.8554999828338623,2.8774900436401367,2.8774900436401367,0.0,EURTRY=X,eur_try
2014-09-15,2.8634400367736816,2.8719799518585205,2.8556699752807617,2.8635199069976807,2.8635199069976807,0.0,EURTRY=X,eur_try
2014-09-16,2.855289936065674,2.8677000999450684,2.8532800674438477,2.855289936065674,2.855289936065674,0.0,EURTRY=X,eur_try
2014-09-17,2.8612799644470215,2.882080078125,2.8554000854492188,2.859879970550537,2.859879970550537,0.0,EURTRY=X,eur_try
2014-09-18,2.8738300800323486,2.8824000358581543,2.857379913330078,2.874880075454712,2.874880075454712,0.0,EURTRY=X,eur_try
2014-09-21,2.8694000244140625,2.8870298862457275,2.8671000003814697,2.8696799278259277,2.8696799278259277,0.0,EURTRY=X,eur_try
2014-09-22,2.878890037536621,2.8838999271392822,2.8724000453948975,2.87814998626709,2.87814998626709,0.0,EURTRY=X,eur_try
2014-09-23,2.8747599124908447,2.877619981765747,2.8589398860931396,2.873960018157959,2.873960018157959,0.0,EURTRY=X,eur_try
2014-09-24,2.8592100143432617,2.887399911880493,2.8553500175476074,2.8594799041748047,2.8594799041748047,0.0,EURTRY=X,eur_try
2014-09-25,2.882620096206665,2.887769937515259,2.8706700801849365,2.8826498985290527,2.8826498985290527,0.0,EURTRY=X,eur_try
2014-09-28,2.869800090789795,2.9079999923706055,2.8679299354553223,2.868799924850464,2.868799924850464,0.0,EURTRY=X,eur_try
2014-09-29,2.892899990081787,2.8931500911712646,2.867799997329712,2.8929600715637207,2.8929600715637207,0.0,EURTRY=X,eur_try
2014-09-30,2.8765900135040283,2.8874399662017822,2.872610092163086,2.8764901161193848,2.8764901161193848,0.0,EURTRY=X,eur_try
2014-10-01,2.884310007095337,2.8917999267578125,2.86899995803833,2.884769916534424,2.884769916534424,0.0,EURTRY=X,eur_try
2014-10-02,2.871999979019165,2.884320020675659,2.8680999279022217,2.872080087661743,2.872080087661743,0.0,EURTRY=X,eur_try
2014-10-05,2.8694000244140625,2.8711800575256348,2.8531899452209473,2.8693900108337402,2.8693900108337402,0.0,EURTRY=X,eur_try
2014-10-06,2.866349935531616,2.870889902114868,2.8610999584198,2.866070032119751,2.866070032119751,0.0,EURTRY=X,eur_try
2014-10-07,2.879650115966797,2.9038000106811523,2.8728599548339844,2.8794798851013184,2.8794798851013184,0.0,EURTRY=X,eur_try
2014-10-08,2.883699893951416,2.8938798904418945,2.8756799697875977,2.883810043334961,2.883810043334961,0.0,EURTRY=X,eur_try
2014-10-09,2.880280017852783,2.8932700157165527,2.878570079803467,2.880229949951172,2.880229949951172,0.0,EURTRY=X,eur_try
2014-10-12,2.888200044631958,2.8945200443267822,2.8756000995635986,2.8877899646759033,2.8877899646759033,0.0,EURTRY=X,eur_try
2014-10-13,2.888079881668091,2.8977599143981934,2.8735499382019043,2.8887999057769775,2.8887999057769775,0.0,EURTRY=X,eur_try
2014-10-14,2.8724000453948975,2.9020800590515137,2.867500066757202,2.870879888534546,2.870879888534546,0.0,EURTRY=X,eur_try
2014-10-15,2.910979986190796,2.9221699237823486,2.890899896621704,2.9109299182891846,2.9109299182891846,0.0,EURTRY=X,eur_try
2014-10-16,2.8954999446868896,2.9027099609375,2.8634300231933594,2.8947999477386475,2.8947999477386475,0.0,EURTRY=X,eur_try
2014-10-19,2.861759901046753,2.8788399696350098,2.85509991645813,2.8619399070739746,2.8619399070739746,0.0,EURTRY=X,eur_try
2014-10-20,2.8698999881744385,2.8823599815368652,2.846859931945801,2.8701000213623047,2.8701000213623047,0.0,EURTRY=X,eur_try
2014-10-21,2.85329008102417,2.8589999675750732,2.8377299308776855,2.85260009765625,2.85260009765625,0.0,EURTRY=X,eur_try
2014-10-22,2.837510108947754,2.844330072402954,2.827500104904175,2.838670015335083,2.838670015335083,0.0,EURTRY=X,eur_try
2014-10-23,2.8278300762176514,2.83870005607605,2.825579881668091,2.827929973602295,2.827929973602295,0.0,EURTRY=X,eur_try
2014-10-27,2.829200029373169,2.8436501026153564,2.82846999168396,2.8284499645233154,2.8284499645233154,0.0,EURTRY=X,eur_try
2014-10-28,2.8313000202178955,2.8359999656677246,2.808190107345581,2.831239938735962,2.831239938735962,0.0,EURTRY=X,eur_try
2014-10-29,2.8111000061035156,2.8125,2.7959799766540527,2.8106300830841064,2.8106300830841064,0.0,EURTRY=X,eur_try
2014-10-30,2.7994000911712646,2.8018898963928223,2.777899980545044,2.797679901123047,2.797679901123047,0.0,EURTRY=X,eur_try
2014-10-31,2.771480083465576,2.787139892578125,2.757499933242798,2.7713799476623535,2.7713799476623535,0.0,EURTRY=X,eur_try
2014-11-03,2.7842600345611572,2.797840118408203,2.7744200229644775,2.7843101024627686,2.7843101024627686,0.0,EURTRY=X,eur_try
2014-11-04,2.789799928665161,2.7965800762176514,2.7771999835968018,2.7901999950408936,2.7901999950408936,0.0,EURTRY=X,eur_try
2014-11-05,2.7874999046325684,2.8066399097442627,2.7865400314331055,2.7877800464630127,2.7877800464630127,0.0,EURTRY=X,eur_try
2014-11-06,2.801800012588501,2.815880060195923,2.778369903564453,2.8006699085235596,2.8006699085235596,0.0,EURTRY=X,eur_try
2014-11-07,2.8067400455474854,2.8282899856567383,2.800649881362915,2.8077900409698486,2.8077900409698486,0.0,EURTRY=X,eur_try
2014-11-10,2.8106799125671387,2.812700033187866,2.801690101623535,2.8108699321746826,2.8108699321746826,0.0,EURTRY=X,eur_try
2014-11-11,2.8065099716186523,2.8178000450134277,2.80607008934021,2.8071999549865723,2.8071999549865723,0.0,EURTRY=X,eur_try
2014-11-12,2.8148999214172363,2.8217899799346924,2.8052000999450684,2.8134100437164307,2.8134100437164307,0.0,EURTRY=X,eur_try
2014-11-13,2.7988998889923096,2.8071999549865723,2.7937300205230713,2.7980799674987793,2.7980799674987793,0.0,EURTRY=X,eur_try
2014-11-14,2.7967898845672607,2.799149990081787,2.7802999019622803,2.7968099117279053,2.7968099117279053,0.0,EURTRY=X,eur_try
2014-11-17,2.791529893875122,2.802000045776367,2.7741498947143555,2.790750026702881,2.790750026702881,0.0,EURTRY=X,eur_try
2014-11-18,2.775629997253418,2.786479949951172,2.7734999656677246,2.775279998779297,2.775279998779297,0.0,EURTRY=X,eur_try
2014-11-19,2.7836101055145264,2.8101298809051514,2.7801098823547363,2.7829999923706055,2.7829999923706055,0.0,EURTRY=X,eur_try
2014-11-20,2.7990000247955322,2.8131000995635986,2.78695011138916,2.799299955368042,2.799299955368042,0.0,EURTRY=X,eur_try
2014-11-21,2.7853798866271973,2.791330099105835,2.754499912261963,2.7853400707244873,2.7853400707244873,0.0,EURTRY=X,eur_try
2014-11-24,2.748460054397583,2.772200107574463,2.7476799488067627,2.746880054473877,2.746880054473877,0.0,EURTRY=X,eur_try
2014-11-25,2.77239990234375,2.779400110244751,2.763000011444092,2.7723000049591064,2.7723000049591064,0.0,EURTRY=X,eur_try
2014-11-26,2.768480062484741,2.775820016860962,2.7657198905944824,2.7690999507904053,2.7690999507904053,0.0,EURTRY=X,eur_try
2014-11-27,2.7640600204467773,2.7708001136779785,2.756540060043335,2.7626700401306152,2.7626700401306152,0.0,EURTRY=X,eur_try
2014-11-28,2.748199939727783,2.7644500732421875,2.746350049972534,2.7474799156188965,2.7474799156188965,0.0,EURTRY=X,eur_try
2014-12-01,2.7595999240875244,2.773930072784424,2.7581000328063965,2.7597999572753906,2.7597999572753906,0.0,EURTRY=X,eur_try
2014-12-02,2.7609000205993652,2.767159938812256,2.758470058441162,2.75927996635437,2.75927996635437,0.0,EURTRY=X,eur_try
2014-12-03,2.7616798877716064,2.7668800354003906,2.753649950027466,2.7616798877716064,2.7616798877716064,0.0,EURTRY=X,eur_try
2014-12-04,2.7576799392700195,2.778709888458252,2.7511000633239746,2.757309913635254,2.757309913635254,0.0,EURTRY=X,eur_try
2014-12-05,2.7671799659729004,2.783799886703491,2.7570900917053223,2.766900062561035,2.766900062561035,0.0,EURTRY=X,eur_try
2014-12-08,2.7771799564361572,2.7956700325012207,2.7750799655914307,2.7775800228118896,2.7775800228118896,0.0,EURTRY=X,eur_try
2014-12-09,2.7931199073791504,2.814189910888672,2.790220022201538,2.7923600673675537,2.7923600673675537,0.0,EURTRY=X,eur_try
2014-12-10,2.8056700229644775,2.81564998626709,2.7960801124572754,2.8068699836730957,2.8068699836730957,0.0,EURTRY=X,eur_try
2014-12-11,2.8266000747680664,2.8298799991607666,2.8092000484466553,2.825079917907715,2.825079917907715,0.0,EURTRY=X,eur_try
2014-12-12,2.8219799995422363,2.875999927520752,2.8190701007843018,2.8238799571990967,2.8238799571990967,0.0,EURTRY=X,eur_try
2014-12-15,2.870500087738037,2.9251999855041504,2.8576700687408447,2.870300054550171,2.870300054550171,0.0,EURTRY=X,eur_try
2014-12-16,2.9318699836730957,3.0239999294281006,2.917880058288574,2.9305999279022217,2.9305999279022217,0.0,EURTRY=X,eur_try
2014-12-17,2.949700117111206,2.96724009513855,2.8955399990081787,2.9494199752807617,2.9494199752807617,0.0,EURTRY=X,eur_try
2014-12-18,2.883080005645752,2.890700101852417,2.841089963912964,2.883080005645752,2.883080005645752,0.0,EURTRY=X,eur_try
2014-12-19,2.852479934692383,2.862639904022217,2.837980031967163,2.8546900749206543,2.8546900749206543,0.0,EURTRY=X,eur_try
2014-12-22,2.826669931411743,2.8457999229431152,2.826479911804199,2.8274800777435303,2.8274800777435303,0.0,EURTRY=X,eur_try
2014-12-23,2.829279899597168,2.841439962387085,2.8261001110076904,2.829279899597168,2.829279899597168,0.0,EURTRY=X,eur_try
2014-12-24,2.827270030975342,2.841599941253662,2.8239998817443848,2.8268699645996094,2.8268699645996094,0.0,EURTRY=X,eur_try
2014-12-25,2.825269937515259,2.8293800354003906,2.8099799156188965,2.825269937515259,2.825269937515259,0.0,EURTRY=X,eur_try
2014-12-26,2.8296899795532227,2.8359899520874023,2.820319890975952,2.8253800868988037,2.8253800868988037,0.0,EURTRY=X,eur_try
2014-12-29,2.8178799152374268,2.840179920196533,2.814379930496216,2.8178799152374268,2.8178799152374268,0.0,EURTRY=X,eur_try
2014-12-30,2.8152999877929688,2.8537399768829346,2.8119399547576904,2.816279888153076,2.816279888153076,0.0,EURTRY=X,eur_try
2014-12-31,2.825269937515259,2.836090087890625,2.823080062866211,2.825269937515259,2.825269937515259,0.0,EURTRY=X,eur_try
2015-01-01,2.8248701095581055,2.8248701095581055,2.8248701095581055,2.8248701095581055,2.8248701095581055,0.0,EURTRY=X,eur_try
2015-01-02,2.8198699951171875,2.84060001373291,2.8098700046539307,2.8198699951171875,2.8198699951171875,0.0,EURTRY=X,eur_try
2015-01-05,2.7974801063537598,2.811300039291382,2.775700092315674,2.7972800731658936,2.7972800731658936,0.0,EURTRY=X,eur_try
2015-01-06,2.7822000980377197,2.7860798835754395,2.759000062942505,2.7820799350738525,2.7820799350738525,0.0,EURTRY=X,eur_try
2015-01-07,2.760080099105835,2.766629934310913,2.749340057373047,2.7584800720214844,2.7584800720214844,0.0,EURTRY=X,eur_try
2015-01-08,2.74426007270813,2.74780011177063,2.7116000652313232,2.744580030441284,2.744580030441284,0.0,EURTRY=X,eur_try
2015-01-09,2.7092599868774414,2.727989912033081,2.693809986114502,2.7094600200653076,2.7094600200653076,0.0,EURTRY=X,eur_try
2015-01-12,2.720860004425049,2.7221999168395996,2.6973800659179688,2.7206599712371826,2.7206599712371826,0.0,EURTRY=X,eur_try
2015-01-13,2.701859951019287,2.7092599868774414,2.6829700469970703,2.7014598846435547,2.7014598846435547,0.0,EURTRY=X,eur_try
2015-01-14,2.6879000663757324,2.7215499877929688,2.6864500045776367,2.6882500648498535,2.6882500648498535,0.0,EURTRY=X,eur_try
2015-01-15,2.690840005874634,2.6915600299835205,2.6460800170898438,2.6907498836517334,2.6907498836517334,0.0,EURTRY=X,eur_try
2015-01-16,2.6820199489593506,2.6975998878479004,2.6712698936462402,2.682650089263916,2.682650089263916,0.0,EURTRY=X,eur_try
2015-01-19,2.6951000690460205,2.725990056991577,2.679080009460449,2.6951000690460205,2.6951000690460205,0.0,EURTRY=X,eur_try
2015-01-20,2.705749988555908,2.733609914779663,2.691200017929077,2.7044498920440674,2.7044498920440674,0.0,EURTRY=X,eur_try
2015-01-21,2.7086501121520996,2.7292098999023438,2.70317006111145,2.70878005027771,2.70878005027771,0.0,EURTRY=X,eur_try
2015-01-22,2.728250026702881,2.7428998947143555,2.6529200077056885,2.7279000282287598,2.7279000282287598,0.0,EURTRY=X,eur_try
2015-01-23,2.638400077819824,2.6507699489593506,2.6068499088287354,2.637860059738159,2.637860059738159,0.0,EURTRY=X,eur_try
2015-01-26,2.6319799423217773,2.668299913406372,2.6319000720977783,2.6295599937438965,2.6295599937438965,0.0,EURTRY=X,eur_try
2015-01-27,2.6510000228881836,2.695499897003174,2.640049934387207,2.6509499549865723,2.6509499549865723,0.0,EURTRY=X,eur_try
2015-01-28,2.6868999004364014,2.705209970474243,2.6737000942230225,2.687000036239624,2.687000036239624,0.0,EURTRY=X,eur_try
2015-01-29,2.6938300132751465,2.7384300231933594,2.692650079727173,2.695199966430664,2.695199966430664,0.0,EURTRY=X,eur_try
2015-01-30,2.7371199131011963,2.767810106277466,2.726059913635254,2.736870050430298,2.736870050430298,0.0,EURTRY=X,eur_try
2015-02-02,2.757859945297241,2.764899969100952,2.732029914855957,2.757859945297241,2.757859945297241,0.0,EURTRY=X,eur_try
2015-02-03,2.756150007247925,2.766940116882324,2.7276999950408936,2.7569000720977783,2.7569000720977783,0.0,EURTRY=X,eur_try
2015-02-04,2.751310110092163,2.796299934387207,2.7463600635528564,2.750849962234497,2.750849962234497,0.0,EURTRY=X,eur_try
2015-02-05,2.785569906234741,2.8010599613189697,2.7769999504089355,2.785670042037964,2.785670042037964,0.0,EURTRY=X,eur_try
2015-02-06,2.792249917984009,2.8045499324798584,2.7829599380493164,2.792449951171875,2.792449951171875,0.0,EURTRY=X,eur_try
2015-02-09,2.7967000007629395,2.83201003074646,2.796250104904175,2.796799898147583,2.796799898147583,0.0,EURTRY=X,eur_try
2015-02-10,2.803100109100342,2.833240032196045,2.7955000400543213,2.8030500411987305,2.8030500411987305,0.0,EURTRY=X,eur_try
2015-02-11,2.8216400146484375,2.8324899673461914,2.8100600242614746,2.8239998817443848,2.8239998817443848,0.0,EURTRY=X,eur_try
2015-02-12,2.8298499584198,2.840399980545044,2.8134100437164307,2.8298499584198,2.8298499584198,0.0,EURTRY=X,eur_try
2015-02-13,2.8134000301361084,2.829200029373169,2.805569887161255,2.8132998943328857,2.8132998943328857,0.0,EURTRY=X,eur_try
2015-02-16,2.799149990081787,2.812299966812134,2.7898499965667725,2.799530029296875,2.799530029296875,0.0,EURTRY=X,eur_try
2015-02-17,2.7806499004364014,2.8020100593566895,2.7783000469207764,2.7808499336242676,2.7808499336242676,0.0,EURTRY=X,eur_try
2015-02-18,2.796099901199341,2.8103299140930176,2.785799980163574,2.7948501110076904,2.7948501110076904,0.0,EURTRY=X,eur_try
2015-02-19,2.7828500270843506,2.797679901123047,2.7815001010894775,2.7828500270843506,2.7828500270843506,0.0,EURTRY=X,eur_try
2015-02-20,2.7870500087738037,2.795340061187744,2.7764201164245605,2.7870500087738037,2.7870500087738037,0.0,EURTRY=X,eur_try
2015-02-23,2.793450117111206,2.8129000663757324,2.785569906234741,2.793450117111206,2.793450117111206,0.0,EURTRY=X,eur_try
2015-02-24,2.8006699085235596,2.8104000091552734,2.7978999614715576,2.8025100231170654,2.8025100231170654,0.0,EURTRY=X,eur_try
2015-02-25,2.7936999797821045,2.8272600173950195,2.7904999256134033,2.793800115585327,2.793800115585327,0.0,EURTRY=X,eur_try
2015-02-26,2.82817006111145,2.8350000381469727,2.7978999614715576,2.8277499675750732,2.8277499675750732,0.0,EURTRY=X,eur_try
2015-02-27,2.8047399520874023,2.837209939956665,2.7973999977111816,2.8048300743103027,2.8048300743103027,0.0,EURTRY=X,eur_try
2015-03-02,2.7969300746917725,2.8227999210357666,2.7969300746917725,2.7970099449157715,2.7970099449157715,0.0,EURTRY=X,eur_try
2015-03-03,2.8185999393463135,2.8379499912261963,2.8080999851226807,2.8173398971557617,2.8173398971557617,0.0,EURTRY=X,eur_try
2015-03-04,2.831209897994995,2.8471999168395996,2.827699899673462,2.8331000804901123,2.8331000804901123,0.0,EURTRY=X,eur_try
2015-03-05,2.8402600288391113,2.880769968032837,2.8334898948669434,2.837369918823242,2.837369918823242,0.0,EURTRY=X,eur_try
2015-03-06,2.8756000995635986,2.882849931716919,2.825670003890991,2.875040054321289,2.875040054321289,0.0,EURTRY=X,eur_try
2015-03-09,2.845050096511841,2.8566598892211914,2.8191099166870117,2.843100070953369,2.843100070953369,0.0,EURTRY=X,eur_try
2015-03-10,2.820050001144409,2.8417999744415283,2.813699960708618,2.820499897003174,2.820499897003174,0.0,EURTRY=X,eur_try
2015-03-11,2.822000026702881,2.8278000354766846,2.757819890975952,2.8220999240875244,2.8220999240875244,0.0,EURTRY=X,eur_try
2015-03-12,2.7563700675964355,2.7663700580596924,2.739229917526245,2.7544500827789307,2.7544500827789307,0.0,EURTRY=X,eur_try
2015-03-13,2.748699903488159,2.7990000247955322,2.7409698963165283,2.7486701011657715,2.7486701011657715,0.0,EURTRY=X,eur_try
2015-03-16,2.7607998847961426,2.7869699001312256,2.748199939727783,2.75639009475708,2.75639009475708,0.0,EURTRY=X,eur_try
2015-03-17,2.7722599506378174,2.786710023880005,2.7672600746154785,2.7736799716949463,2.7736799716949463,0.0,EURTRY=X,eur_try
2015-03-18,2.7662200927734375,2.7884600162506104,2.76173996925354,2.765929937362671,2.765929937362671,0.0,EURTRY=X,eur_try
2015-03-19,2.7876501083374023,2.8043999671936035,2.762500047683716,2.789900064468384,2.789900064468384,0.0,EURTRY=X,eur_try
2015-03-20,2.779449939727783,2.7971301078796387,2.7648000717163086,2.77839994430542,2.77839994430542,0.0,EURTRY=X,eur_try
2015-03-23,2.788640022277832,2.7981600761413574,2.7781898975372314,2.7886500358581543,2.7886500358581543,0.0,EURTRY=X,eur_try
2015-03-24,2.779710054397583,2.8166298866271973,2.772599935531616,2.779520034790039,2.779520034790039,0.0,EURTRY=X,eur_try
2015-03-25,2.78767991065979,2.8276400566101074,2.787450075149536,2.785399913787842,2.785399913787842,0.0,EURTRY=X,eur_try
2015-03-26,2.8369998931884766,2.8754000663757324,2.8299999237060547,2.8352599143981934,2.8352599143981934,0.0,EURTRY=X,eur_try
2015-03-27,2.83489990234375,2.8411099910736084,2.8250999450683594,2.8334999084472656,2.8334999084472656,0.0,EURTRY=X,eur_try
2015-03-29,2.841320037841797,2.8467400074005127,2.8164000511169434,2.8414299488067627,2.8414299488067627,0.0,EURTRY=X,eur_try
2015-03-30,2.819580078125,2.825000047683716,2.7867000102996826,2.8201000690460205,2.8201000690460205,0.0,EURTRY=X,eur_try
2015-03-31,2.7910799980163574,2.8090999126434326,2.7910799980163574,2.7910799980163574,2.7910799980163574,0.0,EURTRY=X,eur_try
2015-04-01,2.7997701168060303,2.8234200477600098,2.7954299449920654,2.799720048904419,2.799720048904419,0.0,EURTRY=X,eur_try
2015-04-02,2.813649892807007,2.8315200805664062,2.8102500438690186,2.8134500980377197,2.8134500980377197,0.0,EURTRY=X,eur_try
2015-04-05,2.821820020675659,2.8317999839782715,2.8163599967956543,2.8233799934387207,2.8233799934387207,0.0,EURTRY=X,eur_try
2015-04-06,2.8117499351501465,2.8231000900268555,2.800879955291748,2.811850070953369,2.811850070953369,0.0,EURTRY=X,eur_try
2015-04-07,2.8145999908447266,2.8216099739074707,2.797339916229248,2.81466007232666,2.81466007232666,0.0,EURTRY=X,eur_try
2015-04-08,2.803380012512207,2.805799961090088,2.785399913787842,2.8031198978424072,2.8031198978424072,0.0,EURTRY=X,eur_try
2015-04-09,2.794840097427368,2.7976200580596924,2.780600070953369,2.7934000492095947,2.7934000492095947,0.0,EURTRY=X,eur_try
2015-04-12,2.7856099605560303,2.813040018081665,2.7827301025390625,2.785749912261963,2.785749912261963,0.0,EURTRY=X,eur_try
2015-04-13,2.821549892425537,2.8632800579071045,2.8107199668884277,2.8212499618530273,2.8212499618530273,0.0,EURTRY=X,eur_try
2015-04-14,2.860759973526001,2.8935999870300293,2.852449893951416,2.861140012741089,2.861140012741089,0.0,EURTRY=X,eur_try
2015-04-15,2.8814399242401123,2.900899887084961,2.8710498809814453,2.8809499740600586,2.8809499740600586,0.0,EURTRY=X,eur_try
2015-04-16,2.883650064468384,2.909169912338257,2.8831698894500732,2.8853600025177,2.8853600025177,0.0,EURTRY=X,eur_try
2015-04-19,2.8930699825286865,2.909600019454956,2.885819911956787,2.8980400562286377,2.8980400562286377,0.0,EURTRY=X,eur_try
2015-04-20,2.896850109100342,2.9019699096679688,2.871799945831299,2.899049997329712,2.899049997329712,0.0,EURTRY=X,eur_try
2015-04-21,2.8824100494384766,2.925990104675293,2.873879909515381,2.8834400177001953,2.8834400177001953,0.0,EURTRY=X,eur_try
2015-04-22,2.9117000102996826,2.9401700496673584,2.9040000438690186,2.9112699031829834,2.9112699031829834,0.0,EURTRY=X,eur_try
2015-04-23,2.9245998859405518,2.975600004196167,2.914910078048706,2.9252400398254395,2.9252400398254395,0.0,EURTRY=X,eur_try
2015-04-26,2.954969882965088,2.9732000827789307,2.911400079727173,2.9549100399017334,2.9549100399017334,0.0,EURTRY=X,eur_try
2015-04-27,2.9131500720977783,2.9312400817871094,2.9077999591827393,2.913209915161133,2.913209915161133,0.0,EURTRY=X,eur_try
2015-04-28,2.918610095977783,2.9625000953674316,2.9118499755859375,2.9173998832702637,2.9173998832702637,0.0,EURTRY=X,eur_try
2015-04-29,2.9517600536346436,3.001199960708618,2.949709892272949,2.9521501064300537,2.9521501064300537,0.0,EURTRY=X,eur_try
2015-04-30,2.9968199729919434,3.0343000888824463,2.9908499717712402,2.9989500045776367,2.9989500045776367,0.0,EURTRY=X,eur_try
2015-05-03,3.035130023956299,3.043529987335205,3.0188000202178955,3.0340099334716797,3.0340099334716797,0.0,EURTRY=X,eur_try
2015-05-04,3.0263500213623047,3.0478999614715576,3.0035998821258545,3.024940013885498,3.024940013885498,0.0,EURTRY=X,eur_try
2015-05-05,3.0264298915863037,3.0616700649261475,3.0215299129486084,3.026979923248291,3.026979923248291,0.0,EURTRY=X,eur_try
2015-05-06,3.0554399490356445,3.089639902114868,3.020699977874756,3.0556399822235107,3.0556399822235107,0.0,EURTRY=X,eur_try
2015-05-07,3.024509906768799,3.034600019454956,3.0016400814056396,3.0244998931884766,3.0244998931884766,0.0,EURTRY=X,eur_try
2015-05-10,3.0113799571990967,3.020250082015991,2.9914400577545166,3.0139000415802,3.0139000415802,0.0,EURTRY=X,eur_try
2015-05-11,2.999969959259033,3.0390100479125977,2.992180109024048,3.001039981842041,3.001039981842041,0.0,EURTRY=X,eur_try
2015-05-12,2.984060049057007,3.002890110015869,2.9718000888824463,2.9856600761413574,2.9856600761413574,0.0,EURTRY=X,eur_try
2015-05-13,2.986690044403076,3.0000998973846436,2.953000068664551,2.986910104751587,2.986910104751587,0.0,EURTRY=X,eur_try
2015-05-14,2.9567999839782715,2.96658992767334,2.932300090789795,2.95524001121521,2.95524001121521,0.0,EURTRY=X,eur_try
2015-05-17,2.9480700492858887,2.9558000564575195,2.9231600761413574,2.947930097579956,2.947930097579956,0.0,EURTRY=X,eur_try
2015-05-18,2.9231300354003906,2.925299882888794,2.8801300525665283,2.924989938735962,2.924989938735962,0.0,EURTRY=X,eur_try
2015-05-19,2.889580011367798,2.900899887084961,2.860300064086914,2.8873300552368164,2.8873300552368164,0.0,EURTRY=X,eur_try
2015-05-20,2.8643100261688232,2.890000104904175,2.8517000675201416,2.8654000759124756,2.8654000759124756,0.0,EURTRY=X,eur_try
2015-05-21,2.878109931945801,2.9080801010131836,2.857029914855957,2.8786799907684326,2.8786799907684326,0.0,EURTRY=X,eur_try
2015-05-24,2.856829881668091,2.8721299171447754,2.8518500328063965,2.8565099239349365,2.8565099239349365,0.0,EURTRY=X,eur_try
2015-05-25,2.867300033569336,2.8799500465393066,2.8557000160217285,2.867530107498169,2.867530107498169,0.0,EURTRY=X,eur_try
2015-05-26,2.8707900047302246,2.888590097427368,2.868340015411377,2.871890068054199,2.871890068054199,0.0,EURTRY=X,eur_try
2015-05-27,2.8794400691986084,2.9107398986816406,2.876539945602417,2.8778998851776123,2.8778998851776123,0.0,EURTRY=X,eur_try
2015-05-28,2.9107000827789307,2.9253900051116943,2.9043500423431396,2.9098498821258545,2.9098498821258545,0.0,EURTRY=X,eur_try
2015-05-31,2.915410041809082,2.937380075454712,2.9098401069641113,2.915410041809082,2.915410041809082,0.0,EURTRY=X,eur_try
2015-06-01,2.9272899627685547,2.986259937286377,2.9235000610351562,2.9270401000976562,2.9270401000976562,0.0,EURTRY=X,eur_try
2015-06-02,2.9797000885009766,3.0288898944854736,2.975640058517456,2.9793100357055664,2.9793100357055664,0.0,EURTRY=X,eur_try
2015-06-03,3.0252599716186523,3.0761799812316895,2.9994900226593018,3.024139881134033,3.024139881134033,0.0,EURTRY=X,eur_try
2015-06-04,2.9921200275421143,3.015130043029785,2.9583399295806885,2.9921000003814697,2.9921000003814697,0.0,EURTRY=X,eur_try
2015-06-07,3.0572900772094727,3.115809917449951,3.0484399795532227,3.0576701164245605,3.0576701164245605,0.0,EURTRY=X,eur_try
2015-06-08,3.1020400524139404,3.1259899139404297,3.0743300914764404,3.102139949798584,3.102139949798584,0.0,EURTRY=X,eur_try
2015-06-09,3.1074299812316895,3.115540027618408,3.0849599838256836,3.107419967651367,3.107419967651367,0.0,EURTRY=X,eur_try
2015-06-10,3.0924999713897705,3.1027700901031494,3.0369300842285156,3.0907399654388428,3.0907399654388428,0.0,EURTRY=X,eur_try
2015-06-11,3.0400500297546387,3.0742299556732178,3.0347399711608887,3.0394198894500732,3.0394198894500732,0.0,EURTRY=X,eur_try
2015-06-14,3.0490400791168213,3.0845999717712402,3.0444400310516357,3.0477399826049805,3.0477399826049805,0.0,EURTRY=X,eur_try
2015-06-15,3.0851399898529053,3.111829996109009,3.0620999336242676,3.084939956665039,3.084939956665039,0.0,EURTRY=X,eur_try
2015-06-16,3.0729401111602783,3.0953800678253174,3.0708000659942627,3.0730700492858887,3.0730700492858887,0.0,EURTRY=X,eur_try
2015-06-17,3.082319974899292,3.0997400283813477,3.075239896774292,3.083889961242676,3.083889961242676,0.0,EURTRY=X,eur_try
2015-06-18,3.0868399143218994,3.0912399291992188,3.0541999340057373,3.0865399837493896,3.0865399837493896,0.0,EURTRY=X,eur_try
2015-06-21,3.0592401027679443,3.07423996925354,3.0318000316619873,3.0614399909973145,3.0614399909973145,0.0,EURTRY=X,eur_try
2015-06-22,3.025439977645874,3.0276999473571777,2.988539934158325,3.0256400108337402,3.0256400108337402,0.0,EURTRY=X,eur_try
2015-06-23,2.991379976272583,3.010540008544922,2.9875199794769287,2.9910800457000732,2.9910800457000732,0.0,EURTRY=X,eur_try
2015-06-24,3.0014400482177734,3.006040096282959,2.9686999320983887,3.0021400451660156,3.0021400451660156,0.0,EURTRY=X,eur_try
2015-06-25,2.973789930343628,2.989459991455078,2.96943998336792,2.973140001296997,2.973140001296997,0.0,EURTRY=X,eur_try
2015-06-28,2.9648399353027344,3.016200065612793,2.961740016937256,2.9637699127197266,2.9637699127197266,0.0,EURTRY=X,eur_try
2015-06-29,3.0348498821258545,3.037060022354126,2.9791600704193115,3.032900094985962,3.032900094985962,0.0,EURTRY=X,eur_try
2015-06-30,2.9857399463653564,2.989259958267212,2.969640016555786,2.9859399795532227,2.9859399795532227,0.0,EURTRY=X,eur_try
2015-07-01,2.9715399742126465,2.996570110321045,2.9707000255584717,2.9707400798797607,2.9707400798797607,0.0,EURTRY=X,eur_try
2015-07-02,2.9745399951934814,2.9935801029205322,2.9735400676727295,2.9745399951934814,2.9745399951934814,0.0,EURTRY=X,eur_try
2015-07-05,2.9860000610351562,3.0004000663757324,2.9598500728607178,2.984499931335449,2.984499931335449,0.0,EURTRY=X,eur_try
2015-07-06,2.960479974746704,2.9620800018310547,2.9298899173736572,2.9608800411224365,2.9608800411224365,0.0,EURTRY=X,eur_try
2015-07-07,2.9574201107025146,2.9819400310516357,2.952739953994751,2.957940101623535,2.957940101623535,0.0,EURTRY=X,eur_try
2015-07-08,2.9743800163269043,2.9829399585723877,2.9446001052856445,2.9738800525665283,2.9738800525665283,0.0,EURTRY=X,eur_try
2015-07-09,2.9586501121520996,2.9837400913238525,2.9566500186920166,2.9590799808502197,2.9590799808502197,0.0,EURTRY=X,eur_try
2015-07-12,2.96943998336792,2.9748499393463135,2.91648006439209,2.9693400859832764,2.9693400859832764,0.0,EURTRY=X,eur_try
2015-07-13,2.9068400859832764,2.9176700115203857,2.891940116882324,2.9088399410247803,2.9088399410247803,0.0,EURTRY=X,eur_try
2015-07-14,2.898210048675537,2.9166200160980225,2.8960399627685547,2.8986899852752686,2.8986899852752686,0.0,EURTRY=X,eur_try
2015-07-15,2.894740104675293,2.8980700969696045,2.8835299015045166,2.8959600925445557,2.8959600925445557,0.0,EURTRY=X,eur_try
2015-07-16,2.8925399780273438,2.8961400985717773,2.873029947280884,2.8928399085998535,2.8928399085998535,0.0,EURTRY=X,eur_try
2015-07-19,2.877739906311035,2.929219961166382,2.8744399547576904,2.8774399757385254,2.8774399757385254,0.0,EURTRY=X,eur_try
2015-07-20,2.9188599586486816,2.9417200088500977,2.9077000617980957,2.9188599586486816,2.9188599586486816,0.0,EURTRY=X,eur_try
2015-07-21,2.93533992767334,2.9763600826263428,2.9324400424957275,2.9354400634765625,2.9354400634765625,0.0,EURTRY=X,eur_try
2015-07-22,2.956739902496338,3.0046401023864746,2.956739902496338,2.9568400382995605,2.9568400382995605,0.0,EURTRY=X,eur_try
2015-07-23,3.0029399394989014,3.0200400352478027,2.9862399101257324,3.0026800632476807,3.0026800632476807,0.0,EURTRY=X,eur_try
2015-07-26,3.0103399753570557,3.081929922103882,3.0103399753570557,3.0101399421691895,3.0101399421691895,0.0,EURTRY=X,eur_try
2015-07-27,3.0666399002075195,3.070039987564087,3.029860019683838,3.0704801082611084,3.0704801082611084,0.0,EURTRY=X,eur_try
2015-07-28,3.05184006690979,3.0647499561309814,3.037440061569214,3.051539897918701,3.051539897918701,0.0,EURTRY=X,eur_try
2015-07-29,3.032639980316162,3.0619800090789795,3.0293400287628174,3.0383501052856445,3.0383501052856445,0.0,EURTRY=X,eur_try
2015-07-30,3.0430400371551514,3.0682199001312256,3.038949966430664,3.0518798828125,3.0518798828125,0.0,EURTRY=X,eur_try
2015-08-02,3.0350100994110107,3.05391001701355,3.0345799922943115,3.0350699424743652,3.0350699424743652,0.0,EURTRY=X,eur_try
2015-08-03,3.0417399406433105,3.0455000400543213,3.0335500240325928,3.0425400733947754,3.0425400733947754,0.0,EURTRY=X,eur_try
2015-08-04,3.024440050125122,3.035140037536621,3.0206398963928223,3.0248401165008545,3.0248401165008545,0.0,EURTRY=X,eur_try
2015-08-05,3.0382800102233887,3.046720027923584,3.026700019836426,3.0392398834228516,3.0392398834228516,0.0,EURTRY=X,eur_try
2015-08-06,3.032140016555786,3.0501599311828613,3.021899938583374,3.0319700241088867,3.0319700241088867,0.0,EURTRY=X,eur_try
2015-08-09,3.0467700958251953,3.064419984817505,3.044719934463501,3.0478498935699463,3.0478498935699463,0.0,EURTRY=X,eur_try
2015-08-10,3.0483100414276123,3.075129985809326,3.0377700328826904,3.0480499267578125,3.0480499267578125,0.0,EURTRY=X,eur_try
2015-08-11,3.068540096282959,3.1068999767303467,3.066689968109131,3.0679399967193604,3.0679399967193604,0.0,EURTRY=X,eur_try
2015-08-12,3.0955400466918945,3.1468000411987305,3.089240074157715,3.0960400104522705,3.0960400104522705,0.0,EURTRY=X,eur_try
2015-08-13,3.150160074234009,3.1748199462890625,3.14670991897583,3.151050090789795,3.151050090789795,0.0,EURTRY=X,eur_try
2015-08-16,3.1416099071502686,3.1772100925445557,3.140939950942993,3.141079902648926,3.141079902648926,0.0,EURTRY=X,eur_try
2015-08-17,3.176140069961548,3.2088398933410645,3.1714799404144287,3.1777400970458984,3.1777400970458984,0.0,EURTRY=X,eur_try
2015-08-18,3.1921699047088623,3.251349925994873,3.188539981842041,3.1897099018096924,3.1897099018096924,0.0,EURTRY=X,eur_try
2015-08-19,3.2556700706481934,3.342560052871704,3.2497000694274902,3.2560200691223145,3.2560200691223145,0.0,EURTRY=X,eur_try
2015-08-20,3.2783501148223877,3.31820011138916,3.2681400775909424,3.278140068054199,3.278140068054199,0.0,EURTRY=X,eur_try
2015-08-23,3.359560012817383,3.4738399982452393,3.357840061187744,3.359380006790161,3.359380006790161,0.0,EURTRY=X,eur_try
2015-08-24,3.4149200916290283,3.4163401126861572,3.3335700035095215,3.413719892501831,3.413719892501831,0.0,EURTRY=X,eur_try
2015-08-25,3.397439956665039,3.4029200077056885,3.3194398880004883,3.3960399627685547,3.3960399627685547,0.0,EURTRY=X,eur_try
2015-08-26,3.3225200176239014,3.33161997795105,3.261039972305298,3.3204400539398193,3.3204400539398193,0.0,EURTRY=X,eur_try
2015-08-27,3.2715001106262207,3.303149938583374,3.259049892425537,3.272170066833496,3.272170066833496,0.0,EURTRY=X,eur_try
2015-08-30,3.272020101547241,3.2985401153564453,3.2576699256896973,3.272170066833496,3.272170066833496,0.0,EURTRY=X,eur_try
2015-08-31,3.274019956588745,3.3028299808502197,3.273699998855591,3.2743399143218994,3.2743399143218994,0.0,EURTRY=X,eur_try
2015-09-01,3.312419891357422,3.3323400020599365,3.297379970550537,3.311039924621582,3.311039924621582,0.0,EURTRY=X,eur_try
2015-09-02,3.303040027618408,3.344019889831543,3.2843799591064453,3.3021600246429443,3.3021600246429443,0.0,EURTRY=X,eur_try
2015-09-03,3.305299997329712,3.342550039291382,3.30184006690979,3.303539991378784,3.303539991378784,0.0,EURTRY=X,eur_try
2015-09-06,3.3861401081085205,3.4005401134490967,3.3633999824523926,3.3859200477600098,3.3859200477600098,0.0,EURTRY=X,eur_try
2015-09-07,3.3823399543762207,3.398390054702759,3.357480049133301,3.383039951324463,3.383039951324463,0.0,EURTRY=X,eur_try
2015-09-08,3.3740599155426025,3.390549898147583,3.332479953765869,3.3740499019622803,3.3740499019622803,0.0,EURTRY=X,eur_try
2015-09-09,3.4206600189208984,3.44212007522583,3.3950700759887695,3.420180082321167,3.420180082321167,0.0,EURTRY=X,eur_try
2015-09-10,3.4052300453186035,3.4608099460601807,3.403059959411621,3.406680107116699,3.406680107116699,0.0,EURTRY=X,eur_try
2015-09-13,3.444849967956543,3.4787099361419678,3.4416699409484863,3.4445900917053223,3.4445900917053223,0.0,EURTRY=X,eur_try
2015-09-14,3.4565699100494385,3.468139886856079,3.4070699214935303,3.455899953842163,3.455899953842163,0.0,EURTRY=X,eur_try
2015-09-15,3.416019916534424,3.421109914779663,3.366580009460449,3.415519952774048,3.415519952774048,0.0,EURTRY=X,eur_try
2015-09-16,3.386699914932251,3.429140090942383,3.386270046234131,3.3868799209594727,3.3868799209594727,0.0,EURTRY=X,eur_try
2015-09-17,3.4276700019836426,3.4382998943328857,3.3900699615478516,3.4222400188446045,3.4222400188446045,0.0,EURTRY=X,eur_try
2015-09-20,3.3928399085998535,3.421099901199341,3.3545498847961426,3.392810106277466,3.392810106277466,0.0,EURTRY=X,eur_try
2015-09-21,3.3625600337982178,3.3973500728607178,3.3456199169158936,3.3630499839782715,3.3630499839782715,0.0,EURTRY=X,eur_try
2015-09-22,3.3626699447631836,3.394350051879883,3.3575100898742676,3.364259958267212,3.364259958267212,0.0,EURTRY=X,eur_try
2015-09-23,3.3951098918914795,3.4593899250030518,3.3827900886535645,3.395009994506836,3.395009994506836,0.0,EURTRY=X,eur_try
2015-09-24,3.4071099758148193,3.411789894104004,3.364219903945923,3.4065699577331543,3.4065699577331543,0.0,EURTRY=X,eur_try
2015-09-27,3.4092700481414795,3.4237000942230225,3.375730037689209,3.394629955291748,3.394629955291748,0.0,EURTRY=X,eur_try
2015-09-28,3.427449941635132,3.459009885787964,3.401249885559082,3.427449941635132,3.427449941635132,0.0,EURTRY=X,eur_try
2015-09-29,3.4197700023651123,3.421449899673462,3.377609968185425,3.4199600219726562,3.4199600219726562,0.0,EURTRY=X,eur_try
2015-09-30,3.37785005569458,3.394479990005493,3.3568201065063477,3.3777201175689697,3.3777201175689697,0.0,EURTRY=X,eur_try
2015-10-01,3.383419990539551,3.429529905319214,3.367449998855591,3.383419990539551,3.383419990539551,0.0,EURTRY=X,eur_try
2015-10-04,3.350830078125,3.378070116043091,3.341599941253662,3.3636300563812256,3.3636300563812256,0.0,EURTRY=X,eur_try
2015-10-05,3.3393099308013916,3.3637800216674805,3.331789970397949,3.339200019836426,3.339200019836426,0.0,EURTRY=X,eur_try
2015-10-06,3.331439971923828,3.3364899158477783,3.2718698978424072,3.331439971923828,3.331439971923828,0.0,EURTRY=X,eur_try
2015-10-07,3.3066399097442627,3.3329999446868896,3.2822000980377197,3.306190013885498,3.306190013885498,0.0,EURTRY=X,eur_try
2015-10-08,3.2641499042510986,3.3174800872802734,3.258359909057617,3.2644100189208984,3.2644100189208984,0.0,EURTRY=X,eur_try
2015-10-11,3.334239959716797,3.353879928588867,3.3150100708007812,3.3227999210357666,3.3227999210357666,0.0,EURTRY=X,eur_try
2015-10-12,3.3237900733947754,3.3724899291992188,3.3237900733947754,3.3248701095581055,3.3248701095581055,0.0,EURTRY=X,eur_try
2015-10-13,3.371190071105957,3.378079891204834,3.3360700607299805,3.370620012283325,3.370620012283325,0.0,EURTRY=X,eur_try
2015-10-14,3.343669891357422,3.347369909286499,3.2833900451660156,3.342250108718872,3.342250108718872,0.0,EURTRY=X,eur_try
2015-10-15,3.2738399505615234,3.302190065383911,3.2716400623321533,3.273969888687134,3.273969888687134,0.0,EURTRY=X,eur_try
2015-10-18,3.2880699634552,3.295530080795288,3.2678699493408203,3.288710117340088,3.288710117340088,0.0,EURTRY=X,eur_try
2015-10-19,3.2917699813842773,3.2985498905181885,3.2793500423431396,3.2906599044799805,3.2906599044799805,0.0,EURTRY=X,eur_try
2015-10-20,3.293529987335205,3.3106698989868164,3.285710096359253,3.2929999828338623,3.2929999828338623,0.0,EURTRY=X,eur_try
2015-10-21,3.2852299213409424,3.28875994682312,3.199860095977783,3.285490036010742,3.285490036010742,0.0,EURTRY=X,eur_try
2015-10-22,3.1829800605773926,3.210210084915161,3.172300100326538,3.1825098991394043,3.1825098991394043,0.0,EURTRY=X,eur_try
2015-10-26,3.2071499824523926,3.2105000019073486,3.173379898071289,3.2071399688720703,3.2071399688720703,0.0,EURTRY=X,eur_try
2015-10-27,3.194890022277832,3.223599910736084,3.1922099590301514,3.1956300735473633,3.1956300735473633,0.0,EURTRY=X,eur_try
2015-10-28,3.2042601108551025,3.2103400230407715,3.190000057220459,3.2045600414276123,3.2045600414276123,0.0,EURTRY=X,eur_try
2015-10-29,3.1898999214172363,3.23075008392334,3.1880600452423096,3.1911799907684326,3.1911799907684326,0.0,EURTRY=X,eur_try
2015-10-30,3.22379994392395,3.232340097427368,3.202899932861328,3.224100112915039,3.224100112915039,0.0,EURTRY=X,eur_try
2015-11-02,3.1383800506591797,3.153830051422119,3.04259991645813,3.1386899948120117,3.1386899948120117,0.0,EURTRY=X,eur_try
2015-11-03,3.1112000942230225,3.128070116043091,3.095319986343384,3.110879898071289,3.110879898071289,0.0,EURTRY=X,eur_try
2015-11-04,3.103019952774048,3.1093900203704834,3.0903499126434326,3.099790096282959,3.099790096282959,0.0,EURTRY=X,eur_try
2015-11-05,3.1110401153564453,3.132390022277832,3.1026599407196045,3.111639976501465,3.111639976501465,0.0,EURTRY=X,eur_try
2015-11-06,3.1115899085998535,3.146850109100342,3.1053900718688965,3.1083199977874756,3.1083199977874756,0.0,EURTRY=X,eur_try
2015-11-09,3.1337099075317383,3.158440113067627,3.1326100826263428,3.133970022201538,3.133970022201538,0.0,EURTRY=X,eur_try
2015-11-10,3.1414198875427246,3.1414198875427246,3.109879970550537,3.1408801078796387,3.1408801078796387,0.0,EURTRY=X,eur_try
2015-11-11,3.129379987716675,3.1331400871276855,3.0903100967407227,3.1288299560546875,3.1288299560546875,0.0,EURTRY=X,eur_try
2015-11-12,3.0925400257110596,3.10617995262146,3.0794599056243896,3.094409942626953,3.094409942626953,0.0,EURTRY=X,eur_try
2015-11-13,3.095329999923706,3.099410057067871,3.069890022277832,3.096790075302124,3.096790075302124,0.0,EURTRY=X,eur_try
2015-11-16,3.0796101093292236,3.096940040588379,3.078399896621704,3.0792899131774902,3.0792899131774902,0.0,EURTRY=X,eur_try
2015-11-17,3.0787599086761475,3.083559989929199,3.049139976501465,3.078779935836792,3.078779935836792,0.0,EURTRY=X,eur_try
2015-11-18,3.053800106048584,3.0661098957061768,3.047840118408203,3.0538299083709717,3.0538299083709717,0.0,EURTRY=X,eur_try
2015-11-19,3.0540199279785156,3.064650058746338,3.0392000675201416,3.0536398887634277,3.0536398887634277,0.0,EURTRY=X,eur_try
2015-11-20,3.0497400760650635,3.052489995956421,3.012310028076172,3.050420045852661,3.050420045852661,0.0,EURTRY=X,eur_try
2015-11-23,3.0109400749206543,3.031559944152832,3.0049500465393066,3.0109400749206543,3.0109400749206543,0.0,EURTRY=X,eur_try
2015-11-24,3.0317599773406982,3.073970079421997,3.023560047149658,3.032639980316162,3.032639980316162,0.0,EURTRY=X,eur_try
2015-11-25,3.060309886932373,3.0826199054718018,3.0418899059295654,3.059269905090332,3.059269905090332,0.0,EURTRY=X,eur_try
2015-11-26,3.06646990776062,3.1043601036071777,3.063070058822632,3.0684800148010254,3.0684800148010254,0.0,EURTRY=X,eur_try
2015-11-27,3.1062099933624268,3.1174099445343018,3.0828800201416016,3.104449987411499,3.104449987411499,0.0,EURTRY=X,eur_try
2015-11-30,3.0958800315856934,3.106760025024414,3.0654098987579346,3.0957601070404053,3.0957601070404053,0.0,EURTRY=X,eur_try
2015-12-01,3.0772500038146973,3.0778300762176514,3.055540084838867,3.077280044555664,3.077280044555664,0.0,EURTRY=X,eur_try
2015-12-02,3.0692501068115234,3.0710198879241943,3.0435800552368164,3.069230079650879,3.069230079650879,0.0,EURTRY=X,eur_try
2015-12-03,3.0659899711608887,3.1409599781036377,3.0428099632263184,3.0665700435638428,3.0665700435638428,0.0,EURTRY=X,eur_try
2015-12-04,3.147170066833496,3.174690008163452,3.1298000812530518,3.14697003364563,3.14697003364563,0.0,EURTRY=X,eur_try
2015-12-07,3.144589900970459,3.161710023880005,3.1242899894714355,3.1446499824523926,3.1446499824523926,0.0,EURTRY=X,eur_try
2015-12-08,3.1540699005126953,3.181689977645874,3.151979923248291,3.1539900302886963,3.1539900302886963,0.0,EURTRY=X,eur_try
2015-12-09,3.168800115585327,3.203629970550537,3.1662800312042236,3.169640064239502,3.169640064239502,0.0,EURTRY=X,eur_try
2015-12-10,3.2087900638580322,3.2165699005126953,3.1851699352264404,3.2083399295806885,3.2083399295806885,0.0,EURTRY=X,eur_try
2015-12-11,3.2015600204467773,3.271470069885254,3.1934800148010254,3.2015299797058105,3.2015299797058105,0.0,EURTRY=X,eur_try
2015-12-14,3.259469985961914,3.3031198978424072,3.229990005493164,3.259660005569458,3.259660005569458,0.0,EURTRY=X,eur_try
2015-12-15,3.279860019683838,3.3004798889160156,3.229330062866211,3.2806999683380127,3.2806999683380127,0.0,EURTRY=X,eur_try
2015-12-16,3.2397499084472656,3.25492000579834,3.2296500205993652,3.2400100231170654,3.2400100231170654,0.0,EURTRY=X,eur_try
2015-12-17,3.1939799785614014,3.2065799236297607,3.1626999378204346,3.194540023803711,3.194540023803711,0.0,EURTRY=X,eur_try
2015-12-18,3.171720027923584,3.190340042114258,3.1431000232696533,3.1720199584960938,3.1720199584960938,0.0,EURTRY=X,eur_try
2015-12-21,3.1633200645446777,3.1796600818634033,3.155829906463623,3.163520097732544,3.163520097732544,0.0,EURTRY=X,eur_try
2015-12-22,3.1770501136779785,3.231610059738159,3.173229932785034,3.1769800186157227,3.1769800186157227,0.0,EURTRY=X,eur_try
2015-12-23,3.211060047149658,3.213939905166626,3.1806800365448,3.210779905319214,3.210779905319214,0.0,EURTRY=X,eur_try
2015-12-24,3.1825499534606934,3.2083799839019775,3.1825499534606934,3.1827399730682373,3.1827399730682373,0.0,EURTRY=X,eur_try
2015-12-25,3.196150064468384,3.200700044631958,3.187769889831543,3.196150064468384,3.196150064468384,0.0,EURTRY=X,eur_try
2015-12-28,3.1952099800109863,3.2096400260925293,3.187690019607544,3.1953399181365967,3.1953399181365967,0.0,EURTRY=X,eur_try
2015-12-29,3.187839984893799,3.2001500129699707,3.1730599403381348,3.1875898838043213,3.1875898838043213,0.0,EURTRY=X,eur_try
2015-12-30,3.1762399673461914,3.194040060043335,3.1762399673461914,3.1763100624084473,3.1763100624084473,0.0,EURTRY=X,eur_try
2015-12-31,3.193819999694824,3.201040029525757,3.167340040206909,3.1928000450134277,3.1928000450134277,0.0,EURTRY=X,eur_try
2016-01-01,3.1678500175476074,3.1678500175476074,3.1678500175476074,3.1678500175476074,3.1678500175476074,0.0,EURTRY=X,eur_try
2016-01-04,3.1655900478363037,3.2263801097869873,3.1598000526428223,3.1655499935150146,3.1655499935150146,0.0,EURTRY=X,eur_try
2016-01-05,3.2088000774383545,3.223829984664917,3.188430070877075,3.208970069885254,3.208970069885254,0.0,EURTRY=X,eur_try
2016-01-06,3.209160089492798,3.240950107574463,3.2065999507904053,3.209510087966919,3.209510087966919,0.0,EURTRY=X,eur_try
2016-01-07,3.236530065536499,3.287220001220703,3.2339999675750732,3.2366700172424316,3.2366700172424316,0.0,EURTRY=X,eur_try
2016-01-08,3.278830051422119,3.284630060195923,3.2330000400543213,3.2784199714660645,3.2784199714660645,0.0,EURTRY=X,eur_try
2016-01-11,3.3189001083374023,3.321150064468384,3.2781898975372314,3.320280075073242,3.320280075073242,0.0,EURTRY=X,eur_try
2016-01-12,3.294980049133301,3.3210599422454834,3.280179977416992,3.2949299812316895,3.2949299812316895,0.0,EURTRY=X,eur_try
2016-01-13,3.287709951400757,3.289870023727417,3.254430055618286,3.2872700691223145,3.2872700691223145,0.0,EURTRY=X,eur_try
2016-01-14,3.2985599040985107,3.326479911804199,3.2802200317382812,3.2976300716400146,3.2976300716400146,0.0,EURTRY=X,eur_try
2016-01-15,3.2798800468444824,3.341130018234253,3.2798800468444824,3.285830020904541,3.285830020904541,0.0,EURTRY=X,eur_try
2016-01-18,3.3273398876190186,3.3294999599456787,3.2979700565338135,3.331199884414673,3.331199884414673,0.0,EURTRY=X,eur_try
2016-01-19,3.3064799308776855,3.320050001144409,3.280900001525879,3.3065900802612305,3.3065900802612305,0.0,EURTRY=X,eur_try
2016-01-20,3.3142199516296387,3.354340076446533,3.31387996673584,3.3140599727630615,3.3140599727630615,0.0,EURTRY=X,eur_try
2016-01-21,3.3083200454711914,3.336019992828369,3.268049955368042,3.3093700408935547,3.3093700408935547,0.0,EURTRY=X,eur_try
2016-01-22,3.2753400802612305,3.276949882507324,3.2500200271606445,3.275010108947754,3.275010108947754,0.0,EURTRY=X,eur_try
2016-01-25,3.2439699172973633,3.274250030517578,3.2397398948669434,3.2430999279022217,3.2430999279022217,0.0,EURTRY=X,eur_try
2016-01-26,3.2802200317382812,3.298799991607666,3.257200002670288,3.2802200317382812,3.2802200317382812,0.0,EURTRY=X,eur_try
2016-01-27,3.2673499584198,3.279320001602173,3.247299909591675,3.266740083694458,3.266740083694458,0.0,EURTRY=X,eur_try
2016-01-28,3.2729899883270264,3.273969888687134,3.2422900199890137,3.2729899883270264,3.2729899883270264,0.0,EURTRY=X,eur_try
2016-01-29,3.24822998046875,3.250469923019409,3.2044999599456787,3.248150110244751,3.248150110244751,0.0,EURTRY=X,eur_try
2016-02-01,3.1986401081085205,3.2375600337982178,3.198090076446533,3.198040008544922,3.198040008544922,0.0,EURTRY=X,eur_try
2016-02-02,3.21028995513916,3.233099937438965,3.210020065307617,3.2099499702453613,3.2099499702453613,0.0,EURTRY=X,eur_try
2016-02-03,3.224910020828247,3.2602500915527344,3.2020599842071533,3.2254300117492676,3.2254300117492676,0.0,EURTRY=X,eur_try
2016-02-04,3.2347500324249268,3.263360023498535,3.227220058441162,3.234639883041382,3.234639883041382,0.0,EURTRY=X,eur_try
2016-02-05,3.261660099029541,3.2688798904418945,3.2423999309539795,3.2612900733947754,3.2612900733947754,0.0,EURTRY=X,eur_try
2016-02-08,3.249239921569824,3.2912800312042236,3.2451300621032715,3.249389886856079,3.249389886856079,0.0,EURTRY=X,eur_try
2016-02-09,3.2960801124572754,3.335629940032959,3.294300079345703,3.2959299087524414,3.2959299087524414,0.0,EURTRY=X,eur_try
2016-02-10,3.3170599937438965,3.3264501094818115,3.259089946746826,3.3170299530029297,3.3170299530029297,0.0,EURTRY=X,eur_try
2016-02-11,3.2971699237823486,3.3452799320220947,3.29259991645813,3.2959699630737305,3.2959699630737305,0.0,EURTRY=X,eur_try
2016-02-12,3.3165500164031982,3.3228800296783447,3.283129930496216,3.3167099952697754,3.3167099952697754,0.0,EURTRY=X,eur_try
2016-02-15,3.294450044631958,3.309159994125366,3.2830801010131836,3.2942399978637695,3.2942399978637695,0.0,EURTRY=X,eur_try
2016-02-16,3.295569896697998,3.3126299381256104,3.2837400436401367,3.292799949645996,3.292799949645996,0.0,EURTRY=X,eur_try
2016-02-17,3.3176300525665283,3.3333799839019775,3.278130054473877,3.317919969558716,3.317919969558716,0.0,EURTRY=X,eur_try
2016-02-18,3.28875994682312,3.308350086212158,3.2795701026916504,3.2889299392700195,3.2889299392700195,0.0,EURTRY=X,eur_try
2016-02-19,3.2965800762176514,3.313430070877075,3.2806999683380127,3.2971699237823486,3.2971699237823486,0.0,EURTRY=X,eur_try
2016-02-22,3.2824699878692627,3.2847299575805664,3.2385001182556152,3.2830801010131836,3.2830801010131836,0.0,EURTRY=X,eur_try
2016-02-23,3.2369399070739746,3.252190113067627,3.2225000858306885,3.2370400428771973,3.2370400428771973,0.0,EURTRY=X,eur_try
2016-02-24,3.2432000637054443,3.2527201175689697,3.2207000255584717,3.24330997467041,3.24330997467041,0.0,EURTRY=X,eur_try
2016-02-25,3.2365200519561768,3.247649908065796,3.215130090713501,3.2361600399017334,3.2361600399017334,0.0,EURTRY=X,eur_try
2016-02-26,3.2278800010681152,3.2441699504852295,3.2219200134277344,3.2278099060058594,3.2278099060058594,0.0,EURTRY=X,eur_try
2016-02-29,3.2646400928497314,3.2692699432373047,3.21058988571167,3.2652499675750732,3.2652499675750732,0.0,EURTRY=X,eur_try
2016-03-01,3.2260799407958984,3.2281301021575928,3.1929800510406494,3.225939989089966,3.225939989089966,0.0,EURTRY=X,eur_try
2016-03-02,3.1924099922180176,3.200809955596924,3.1805100440979004,3.192150115966797,3.192150115966797,0.0,EURTRY=X,eur_try
2016-03-03,3.181989908218384,3.201930046081543,3.172100067138672,3.181770086288452,3.181770086288452,0.0,EURTRY=X,eur_try
2016-03-04,3.1854500770568848,3.217629909515381,3.179569959640503,3.1865899562835693,3.1865899562835693,0.0,EURTRY=X,eur_try
2016-03-07,3.1935200691223145,3.2098300457000732,3.1872398853302,3.1942501068115234,3.1942501068115234,0.0,EURTRY=X,eur_try
2016-03-08,3.211750030517578,3.2331700325012207,3.2100799083709717,3.2119600772857666,3.2119600772857666,0.0,EURTRY=X,eur_try
2016-03-09,3.203890085220337,3.2055699825286865,3.176179885864258,3.20415997505188,3.20415997505188,0.0,EURTRY=X,eur_try
2016-03-10,3.1803700923919678,3.2365200519561768,3.120650053024292,3.180690050125122,3.180690050125122,0.0,EURTRY=X,eur_try
2016-03-11,3.232029914855957,3.2401700019836426,3.1837100982666016,3.2320499420166016,3.2320499420166016,0.0,EURTRY=X,eur_try
2016-03-14,3.2065300941467285,3.218369960784912,3.194499969482422,3.207119941711426,3.207119941711426,0.0,EURTRY=X,eur_try
2016-03-15,3.1869399547576904,3.2314000129699707,3.184799909591675,3.186490058898926,3.186490058898926,0.0,EURTRY=X,eur_try
2016-03-16,3.2176899909973145,3.247469902038574,3.2137999534606934,3.2176499366760254,3.2176499366760254,0.0,EURTRY=X,eur_try
2016-03-17,3.2198801040649414,3.2499899864196777,3.21163010597229,3.220410108566284,3.220410108566284,0.0,EURTRY=X,eur_try
2016-03-18,3.2174899578094482,3.235290050506592,3.215179920196533,3.2173900604248047,3.2173900604248047,0.0,EURTRY=X,eur_try
2016-03-21,3.237190008163452,3.2446799278259277,3.214859962463379,3.2375199794769287,3.2375199794769287,0.0,EURTRY=X,eur_try
2016-03-22,3.2173399925231934,3.2339699268341064,3.215590000152588,3.2174301147460938,3.2174301147460938,0.0,EURTRY=X,eur_try
2016-03-23,3.221640110015869,3.2259700298309326,3.210520029067993,3.221440076828003,3.221440076828003,0.0,EURTRY=X,eur_try
2016-03-24,3.2194900512695312,3.228790044784546,3.211400032043457,3.2196900844573975,3.2196900844573975,0.0,EURTRY=X,eur_try
2016-03-25,3.2121798992156982,3.2185399532318115,3.207129955291748,3.2124099731445312,3.2124099731445312,0.0,EURTRY=X,eur_try
2016-03-27,3.2080399990081787,3.2202401161193848,3.205620050430298,3.2077200412750244,3.2077200412750244,0.0,EURTRY=X,eur_try
2016-03-28,3.2133400440216064,3.220170021057129,3.200429916381836,3.2131199836730957,3.2131199836730957,0.0,EURTRY=X,eur_try
2016-03-29,3.207900047302246,3.218669891357422,3.2009201049804688,3.207520008087158,3.207520008087158,0.0,EURTRY=X,eur_try
2016-03-30,3.2133400440216064,3.2211899757385254,3.207200050354004,3.213740110397339,3.213740110397339,0.0,EURTRY=X,eur_try
2016-03-31,3.20524001121521,3.2281699180603027,3.203700065612793,3.2057299613952637,3.2057299613952637,0.0,EURTRY=X,eur_try
2016-04-03,3.21724009513855,3.221220016479492,3.194999933242798,3.2159900665283203,3.2159900665283203,0.0,EURTRY=X,eur_try
2016-04-04,3.2013399600982666,3.225260019302368,3.2011399269104004,3.2013399600982666,3.2013399600982666,0.0,EURTRY=X,eur_try
2016-04-05,3.2215099334716797,3.2520899772644043,3.2097299098968506,3.2220399379730225,3.2220399379730225,0.0,EURTRY=X,eur_try
2016-04-06,3.2388200759887695,3.2614800930023193,3.231139898300171,3.239419937133789,3.239419937133789,0.0,EURTRY=X,eur_try
2016-04-07,3.2562599182128906,3.261579990386963,3.234489917755127,3.257159948348999,3.257159948348999,0.0,EURTRY=X,eur_try
2016-04-10,3.2471799850463867,3.256850004196167,3.214240074157715,3.249150037765503,3.249150037765503,0.0,EURTRY=X,eur_try
2016-04-11,3.2275800704956055,3.240920066833496,3.2218000888824463,3.2281301021575928,3.2281301021575928,0.0,EURTRY=X,eur_try
2016-04-12,3.2262699604034424,3.235490083694458,3.208199977874756,3.226639986038208,3.226639986038208,0.0,EURTRY=X,eur_try
2016-04-13,3.2099900245666504,3.2285799980163574,3.2080700397491455,3.2097599506378174,3.2097599506378174,0.0,EURTRY=X,eur_try
2016-04-14,3.21163010597229,3.2320899963378906,3.2080700397491455,3.2125298976898193,3.2125298976898193,0.0,EURTRY=X,eur_try
2016-04-17,3.223180055618286,3.2346599102020264,3.216099977493286,3.2224700450897217,3.2224700450897217,0.0,EURTRY=X,eur_try
2016-04-18,3.2103400230407715,3.221950054168701,3.2027699947357178,3.210390090942383,3.210390090942383,0.0,EURTRY=X,eur_try
2016-04-19,3.21481990814209,3.2255799770355225,3.1830999851226807,3.2148900032043457,3.2148900032043457,0.0,EURTRY=X,eur_try
2016-04-20,3.179490089416504,3.213740110397339,3.1763999462127686,3.178679943084717,3.178679943084717,0.0,EURTRY=X,eur_try
2016-04-21,3.1971399784088135,3.202889919281006,3.181309938430786,3.1971099376678467,3.1971099376678467,0.0,EURTRY=X,eur_try
2016-04-24,3.196820020675659,3.211970090866089,3.1965699195861816,3.1971099376678467,3.1971099376678467,0.0,EURTRY=X,eur_try
2016-04-25,3.204400062561035,3.208509922027588,3.189389944076538,3.2046000957489014,3.2046000957489014,0.0,EURTRY=X,eur_try
2016-04-26,3.185699939727783,3.2083899974823,3.185699939727783,3.1867899894714355,3.1867899894714355,0.0,EURTRY=X,eur_try
2016-04-27,3.193269968032837,3.2113699913024902,3.182729959487915,3.193690061569214,3.193690061569214,0.0,EURTRY=X,eur_try
2016-04-28,3.1934399604797363,3.2070798873901367,3.189300060272217,3.1932899951934814,3.1932899951934814,0.0,EURTRY=X,eur_try
2016-05-01,3.2006800174713135,3.2306299209594727,3.2006800174713135,3.2026400566101074,3.2026400566101074,0.0,EURTRY=X,eur_try
2016-05-02,3.231950044631958,3.284590005874634,3.228450059890747,3.232150077819824,3.232150077819824,0.0,EURTRY=X,eur_try
2016-05-03,3.272939920425415,3.324470043182373,3.269700050354004,3.272589921951294,3.272589921951294,0.0,EURTRY=X,eur_try
2016-05-04,3.397049903869629,3.3975300788879395,3.3137600421905518,3.396739959716797,3.396739959716797,0.0,EURTRY=X,eur_try
2016-05-05,3.339060068130493,3.3581199645996094,3.3232200145721436,3.339200019836426,3.339200019836426,0.0,EURTRY=X,eur_try
2016-05-08,3.329479932785034,3.3613500595092773,3.3235299587249756,3.3304800987243652,3.3304800987243652,0.0,EURTRY=X,eur_try
2016-05-09,3.3498098850250244,3.357880115509033,3.340369939804077,3.350529909133911,3.350529909133911,0.0,EURTRY=X,eur_try
2016-05-10,3.3545799255371094,3.3892300128936768,3.353250026702881,3.354609966278076,3.354609966278076,0.0,EURTRY=X,eur_try
2016-05-11,3.3749799728393555,3.38277006149292,3.356029987335205,3.3754398822784424,3.3754398822784424,0.0,EURTRY=X,eur_try
2016-05-12,3.3689000606536865,3.3727400302886963,3.3484199047088623,3.369729995727539,3.369729995727539,0.0,EURTRY=X,eur_try
2016-05-15,3.3637900352478027,3.382819890975952,3.3537700176239014,3.3632900714874268,3.3632900714874268,0.0,EURTRY=X,eur_try
2016-05-16,3.3673899173736572,3.370260000228882,3.3543999195098877,3.3668899536132812,3.3668899536132812,0.0,EURTRY=X,eur_try
2016-05-17,3.3576600551605225,3.367500066757202,3.343600034713745,3.3586299419403076,3.3586299419403076,0.0,EURTRY=X,eur_try
2016-05-18,3.353440046310425,3.3620901107788086,3.349669933319092,3.353440046310425,3.353440046310425,0.0,EURTRY=X,eur_try
2016-05-19,3.3471899032592773,3.3542699813842773,3.3334600925445557,3.348939895629883,3.348939895629883,0.0,EURTRY=X,eur_try
2016-05-22,3.339430093765259,3.3573100566864014,3.3384199142456055,3.339430093765259,3.339430093765259,0.0,EURTRY=X,eur_try
2016-05-23,3.359100103378296,3.3713200092315674,3.281169891357422,3.3587899208068848,3.3587899208068848,0.0,EURTRY=X,eur_try
2016-05-24,3.2829298973083496,3.292030096054077,3.268440008163452,3.282979965209961,3.282979965209961,0.0,EURTRY=X,eur_try
2016-05-25,3.2808399200439453,3.2945899963378906,3.276099920272827,3.281790018081665,3.281790018081665,0.0,EURTRY=X,eur_try
2016-05-26,3.288249969482422,3.294559955596924,3.283629894256592,3.287339925765991,3.287339925765991,0.0,EURTRY=X,eur_try
2016-05-29,3.287950038909912,3.297529935836792,3.2853000164031982,3.288100004196167,3.288100004196167,0.0,EURTRY=X,eur_try
2016-05-30,3.293339967727661,3.29653000831604,3.282130002975464,3.293299913406372,3.293299913406372,0.0,EURTRY=X,eur_try
2016-05-31,3.2814700603485107,3.2997000217437744,3.275089979171753,3.2816998958587646,3.2816998958587646,0.0,EURTRY=X,eur_try
2016-06-01,3.2949700355529785,3.3077399730682373,3.2892000675201416,3.2941699028015137,3.2941699028015137,0.0,EURTRY=X,eur_try
2016-06-02,3.2886300086975098,3.3090200424194336,3.284640073776245,3.2882299423217773,3.2882299423217773,0.0,EURTRY=X,eur_try
2016-06-05,3.300539970397949,3.30826997756958,3.297489881515503,3.2997798919677734,3.2997798919677734,0.0,EURTRY=X,eur_try
2016-06-06,3.3020501136779785,3.306380033493042,3.2868199348449707,3.3015999794006348,3.3015999794006348,0.0,EURTRY=X,eur_try
2016-06-07,3.2895801067352295,3.2971999645233154,3.278090000152588,3.289530038833618,3.289530038833618,0.0,EURTRY=X,eur_try
2016-06-08,3.298769950866699,3.302680015563965,3.2770800590515137,3.2994799613952637,3.2994799613952637,0.0,EURTRY=X,eur_try
2016-06-09,3.2746899127960205,3.301229953765869,3.2705700397491455,3.274630069732666,3.274630069732666,0.0,EURTRY=X,eur_try
2016-06-12,3.293339967727661,3.3005099296569824,3.2836201190948486,3.293100118637085,3.293100118637085,0.0,EURTRY=X,eur_try
2016-06-13,3.2985999584198,3.302500009536743,3.2792999744415283,3.2985401153564453,3.2985401153564453,0.0,EURTRY=X,eur_try
2016-06-14,3.291059970855713,3.293989896774292,3.2788000106811523,3.290560007095337,3.290560007095337,0.0,EURTRY=X,eur_try
2016-06-15,3.29328989982605,3.3190500736236572,3.278059959411621,3.2931699752807617,3.2931699752807617,0.0,EURTRY=X,eur_try
2016-06-16,3.3007700443267822,3.305919885635376,3.291599988937378,3.2981200218200684,3.2981200218200684,0.0,EURTRY=X,eur_try
2016-06-19,3.306180000305176,3.3098199367523193,3.2794899940490723,3.305030107498169,3.305030107498169,0.0,EURTRY=X,eur_try
2016-06-20,3.285130023956299,3.294420003890991,3.271589994430542,3.2849600315093994,3.2849600315093994,0.0,EURTRY=X,eur_try
2016-06-21,3.2763800621032715,3.286829948425293,3.2683699131011963,3.276370048522949,3.276370048522949,0.0,EURTRY=X,eur_try
2016-06-22,3.274970054626465,3.284320116043091,3.2513999938964844,3.2737998962402344,3.2737998962402344,0.0,EURTRY=X,eur_try
2016-06-23,3.2452800273895264,3.317650079727173,3.2288999557495117,3.2440099716186523,3.2440099716186523,0.0,EURTRY=X,eur_try
2016-06-26,3.247080087661743,3.2563700675964355,3.22379994392395,3.2477200031280518,3.2477200031280518,0.0,EURTRY=X,eur_try
2016-06-27,3.2340199947357178,3.2407898902893066,3.201119899749756,3.23363995552063,3.23363995552063,0.0,EURTRY=X,eur_try
2016-06-28,3.218590021133423,3.2197000980377197,3.199589967727661,3.2177700996398926,3.2177700996398926,0.0,EURTRY=X,eur_try
2016-06-29,3.220789909362793,3.2259700298309326,3.1922500133514404,3.2183899879455566,3.2183899879455566,0.0,EURTRY=X,eur_try
2016-06-30,3.1995699405670166,3.2324299812316895,3.191459894180298,3.20032000541687,3.20032000541687,0.0,EURTRY=X,eur_try
2016-07-03,3.2292299270629883,3.239579916000366,3.2138400077819824,3.2287099361419678,3.2287099361419678,0.0,EURTRY=X,eur_try
2016-07-04,3.237839937210083,3.262929916381836,3.2352399826049805,3.2383999824523926,3.2383999824523926,0.0,EURTRY=X,eur_try
2016-07-05,3.2394700050354004,3.2677299976348877,3.2361900806427,3.2357900142669678,3.2357900142669678,0.0,EURTRY=X,eur_try
2016-07-06,3.261539936065674,3.261539936065674,3.2398200035095215,3.2614400386810303,3.2614400386810303,0.0,EURTRY=X,eur_try
2016-07-07,3.2469899654388428,3.255470037460327,3.198889970779419,3.2467899322509766,3.2467899322509766,0.0,EURTRY=X,eur_try
2016-07-10,3.194819927215576,3.2141900062561035,3.1905899047851562,3.1944398880004883,3.1944398880004883,0.0,EURTRY=X,eur_try
2016-07-11,3.2111101150512695,3.2158899307250977,3.2001800537109375,3.210860013961792,3.210860013961792,0.0,EURTRY=X,eur_try
2016-07-12,3.1937499046325684,3.230380058288574,3.192840099334717,3.1934499740600586,3.1934499740600586,0.0,EURTRY=X,eur_try
2016-07-13,3.2179698944091797,3.230799913406372,3.198930025100708,3.218440055847168,3.218440055847168,0.0,EURTRY=X,eur_try
2016-07-14,3.20317006111145,3.2191898822784424,3.198970079421997,3.2020299434661865,3.2020299434661865,0.0,EURTRY=X,eur_try
2016-07-17,3.28016996383667,3.303570032119751,3.237139940261841,3.279370069503784,3.279370069503784,0.0,EURTRY=X,eur_try
2016-07-18,3.2993199825286865,3.3564999103546143,3.28410005569458,3.299649953842163,3.299649953842163,0.0,EURTRY=X,eur_try
2016-07-19,3.3529200553894043,3.3904800415039062,3.3192999362945557,3.352679967880249,3.352679967880249,0.0,EURTRY=X,eur_try
2016-07-20,3.3968698978424072,3.4065499305725098,3.3719000816345215,3.3973701000213623,3.3973701000213623,0.0,EURTRY=X,eur_try
2016-07-21,3.381309986114502,3.3933401107788086,3.3516600131988525,3.3815200328826904,3.3815200328826904,0.0,EURTRY=X,eur_try
2016-07-24,3.3540101051330566,3.3589699268341064,3.3183300495147705,3.3534200191497803,3.3534200191497803,0.0,EURTRY=X,eur_try
2016-07-25,3.336329936981201,3.3572399616241455,3.3239998817443848,3.3363900184631348,3.3363900184631348,0.0,EURTRY=X,eur_try
2016-07-26,3.3402700424194336,3.3498899936676025,3.3294498920440674,3.33978009223938,3.33978009223938,0.0,EURTRY=X,eur_try
2016-07-27,3.3395800590515137,3.3593900203704834,3.329900026321411,3.338170051574707,3.338170051574707,0.0,EURTRY=X,eur_try
2016-07-28,3.3374199867248535,3.3549299240112305,3.3337700366973877,3.3371500968933105,3.3371500968933105,0.0,EURTRY=X,eur_try
2016-07-31,3.335170030593872,3.347640037536621,3.3219900131225586,3.3353700637817383,3.3353700637817383,0.0,EURTRY=X,eur_try
2016-08-01,3.338210105895996,3.362070083618164,3.33705997467041,3.3382999897003174,3.3382999897003174,0.0,EURTRY=X,eur_try
2016-08-02,3.357490062713623,3.380510091781616,3.3543999195098877,3.3575799465179443,3.3575799465179443,0.0,EURTRY=X,eur_try
2016-08-03,3.360599994659424,3.37253999710083,3.352169990539551,3.3609700202941895,3.3609700202941895,0.0,EURTRY=X,eur_try
2016-08-04,3.352099895477295,3.3537299633026123,3.3293399810791016,3.3521299362182617,3.3521299362182617,0.0,EURTRY=X,eur_try
2016-08-07,3.321310043334961,3.3260300159454346,3.300100088119507,3.321510076522827,3.321510076522827,0.0,EURTRY=X,eur_try
2016-08-08,3.304569959640503,3.3094499111175537,3.2963900566101074,3.303730010986328,3.303730010986328,0.0,EURTRY=X,eur_try
2016-08-09,3.300110101699829,3.3084800243377686,3.296109914779663,3.299880027770996,3.299880027770996,0.0,EURTRY=X,eur_try
2016-08-10,3.308000087738037,3.312920093536377,3.299099922180176,3.3079400062561035,3.3079400062561035,0.0,EURTRY=X,eur_try
2016-08-11,3.2973198890686035,3.306839942932129,3.292639970779419,3.2967000007629395,3.2967000007629395,0.0,EURTRY=X,eur_try
2016-08-14,3.3030200004577637,3.304569959640503,3.291179895401001,3.3033699989318848,3.3033699989318848,0.0,EURTRY=X,eur_try
2016-08-15,3.2891900539398193,3.311569929122925,3.2860000133514404,3.2903800010681152,3.2903800010681152,0.0,EURTRY=X,eur_try
2016-08-16,3.3024399280548096,3.3119399547576904,3.301460027694702,3.301909923553467,3.301909923553467,0.0,EURTRY=X,eur_try
2016-08-17,3.299570083618164,3.323970079421997,3.296950101852417,3.2997701168060303,3.2997701168060303,0.0,EURTRY=X,eur_try
2016-08-18,3.321969985961914,3.3361101150512695,3.3133599758148193,3.322279930114746,3.322279930114746,0.0,EURTRY=X,eur_try
2016-08-21,3.315769910812378,3.3346900939941406,3.313309907913208,3.311530113220215,3.311530113220215,0.0,EURTRY=X,eur_try
2016-08-22,3.328629970550537,3.3364100456237793,3.323050022125244,3.3291499614715576,3.3291499614715576,0.0,EURTRY=X,eur_try
2016-08-23,3.3329100608825684,3.35194993019104,3.3160400390625,3.333169937133789,3.333169937133789,0.0,EURTRY=X,eur_try
2016-08-24,3.3241400718688965,3.3281800746917725,3.3127999305725098,3.32463002204895,3.32463002204895,0.0,EURTRY=X,eur_try
2016-08-25,3.3121800422668457,3.324700117111206,3.3004400730133057,3.312269926071167,3.312269926071167,0.0,EURTRY=X,eur_try
2016-08-28,3.306220054626465,3.310420036315918,3.2969601154327393,3.307310104370117,3.307310104370117,0.0,EURTRY=X,eur_try
2016-08-29,3.302570104598999,3.3068299293518066,3.296799898147583,3.3034300804138184,3.3034300804138184,0.0,EURTRY=X,eur_try
2016-08-30,3.304229974746704,3.3070099353790283,3.2911300659179688,3.3039300441741943,3.3039300441741943,0.0,EURTRY=X,eur_try
2016-08-31,3.3018300533294678,3.325969934463501,3.291300058364868,3.302030086517334,3.302030086517334,0.0,EURTRY=X,eur_try
2016-09-01,3.3158299922943115,3.320780038833618,3.2957499027252197,3.315959930419922,3.315959930419922,0.0,EURTRY=X,eur_try
2016-09-04,3.2913999557495117,3.296299934387207,3.2828800678253174,3.2914299964904785,3.2914299964904785,0.0,EURTRY=X,eur_try
2016-09-05,3.2846200466156006,3.2951600551605225,3.2808101177215576,3.285059928894043,3.285059928894043,0.0,EURTRY=X,eur_try
2016-09-06,3.2868599891662598,3.3025801181793213,3.2822999954223633,3.287950038909912,3.287950038909912,0.0,EURTRY=X,eur_try
2016-09-07,3.302190065383911,3.332629919052124,3.2997000217437744,3.302340030670166,3.302340030670166,0.0,EURTRY=X,eur_try
2016-09-08,3.3287301063537598,3.346090078353882,3.3269100189208984,3.328850030899048,3.328850030899048,0.0,EURTRY=X,eur_try
2016-09-11,3.336519956588745,3.3604400157928467,3.334929943084717,3.3355300426483154,3.3355300426483154,0.0,EURTRY=X,eur_try
2016-09-12,3.338360071182251,3.357140064239502,3.333669900894165,3.3384299278259277,3.3384299278259277,0.0,EURTRY=X,eur_try
2016-09-13,3.344820022583008,3.3544199466705322,3.3424699306488037,3.3450100421905518,3.3450100421905518,0.0,EURTRY=X,eur_try
2016-09-14,3.351989984512329,3.3580400943756104,3.338330030441284,3.3520801067352295,3.3520801067352295,0.0,EURTRY=X,eur_try
2016-09-15,3.336479902267456,3.341789960861206,3.326509952545166,3.3360300064086914,3.3360300064086914,0.0,EURTRY=X,eur_try
2016-09-18,3.3232500553131104,3.3325300216674805,3.3161799907684326,3.3234200477600098,3.3234200477600098,0.0,EURTRY=X,eur_try
2016-09-19,3.3262898921966553,3.335779905319214,3.321269989013672,3.326630115509033,3.326630115509033,0.0,EURTRY=X,eur_try
2016-09-20,3.3199899196624756,3.3261799812316895,3.3122000694274902,3.319969892501831,3.319969892501831,0.0,EURTRY=X,eur_try
2016-09-21,3.3069698810577393,3.317610025405884,3.302299976348877,3.3069698810577393,3.3069698810577393,0.0,EURTRY=X,eur_try
2016-09-22,3.297100067138672,3.316190004348755,3.2964000701904297,3.297760009765625,3.297760009765625,0.0,EURTRY=X,eur_try
2016-09-25,3.3579299449920654,3.365799903869629,3.348599910736084,3.3586599826812744,3.3586599826812744,0.0,EURTRY=X,eur_try
2016-09-26,3.3535499572753906,3.356369972229004,3.336199998855591,3.353450059890747,3.353450059890747,0.0,EURTRY=X,eur_try
2016-09-27,3.3357300758361816,3.348720073699951,3.330049991607666,3.335819959640503,3.335819959640503,0.0,EURTRY=X,eur_try
2016-09-28,3.3442399501800537,3.3762500286102295,3.3433399200439453,3.344290018081665,3.344290018081665,0.0,EURTRY=X,eur_try
2016-09-29,3.3630199432373047,3.3746800422668457,3.349679946899414,3.363189935684204,3.363189935684204,0.0,EURTRY=X,eur_try
2016-10-02,3.371920108795166,3.3947598934173584,3.3691999912261963,3.371530055999756,3.371530055999756,0.0,EURTRY=X,eur_try
2016-10-03,3.3854498863220215,3.4344000816345215,3.378499984741211,3.385349988937378,3.385349988937378,0.0,EURTRY=X,eur_try
2016-10-04,3.427870035171509,3.441380023956299,3.420989990234375,3.427690029144287,3.427690029144287,0.0,EURTRY=X,eur_try
2016-10-05,3.4219698905944824,3.427340030670166,3.4022600650787354,3.4226300716400146,3.4226300716400146,0.0,EURTRY=X,eur_try
2016-10-06,3.3884100914001465,3.41621994972229,3.385499954223633,3.3896100521087646,3.3896100521087646,0.0,EURTRY=X,eur_try
2016-10-09,3.412990093231201,3.4369699954986572,3.4040000438690186,3.413439989089966,3.413439989089966,0.0,EURTRY=X,eur_try
2016-10-10,3.4195399284362793,3.4325599670410156,3.410670042037964,3.419339895248413,3.419339895248413,0.0,EURTRY=X,eur_try
2016-10-11,3.4084699153900146,3.4115099906921387,3.392169952392578,3.408750057220459,3.408750057220459,0.0,EURTRY=X,eur_try
2016-10-12,3.3968300819396973,3.4222300052642822,3.3945999145507812,3.3973100185394287,3.3973100185394287,0.0,EURTRY=X,eur_try
2016-10-13,3.4050700664520264,3.4128201007843018,3.384200096130371,3.4057400226593018,3.4057400226593018,0.0,EURTRY=X,eur_try
2016-10-16,3.390779972076416,3.4207699298858643,3.390779972076416,3.3906400203704834,3.3906400203704834,0.0,EURTRY=X,eur_try
2016-10-17,3.407939910888672,3.4203500747680664,3.4024600982666016,3.4088499546051025,3.4088499546051025,0.0,EURTRY=X,eur_try
2016-10-18,3.3964500427246094,3.402859926223755,3.361299991607666,3.3958001136779785,3.3958001136779785,0.0,EURTRY=X,eur_try
2016-10-19,3.357490062713623,3.382539987564087,3.3385798931121826,3.357219934463501,3.357219934463501,0.0,EURTRY=X,eur_try
2016-10-20,3.343090057373047,3.3597099781036377,3.3356099128723145,3.342400074005127,3.342400074005127,0.0,EURTRY=X,eur_try
2016-10-23,3.3512699604034424,3.3570799827575684,3.3427700996398926,3.3508100509643555,3.3508100509643555,0.0,EURTRY=X,eur_try
2016-10-24,3.3511300086975098,3.36217999458313,3.33912992477417,3.3501100540161133,3.3501100540161133,0.0,EURTRY=X,eur_try
2016-10-25,3.3431599140167236,3.376499891281128,3.33981990814209,3.3431200981140137,3.3431200981140137,0.0,EURTRY=X,eur_try
2016-10-26,3.3623299598693848,3.4007999897003174,3.3599300384521484,3.362529993057251,3.362529993057251,0.0,EURTRY=X,eur_try
2016-10-27,3.3909099102020264,3.413520097732544,3.3883299827575684,3.3907899856567383,3.3907899856567383,0.0,EURTRY=X,eur_try
2016-10-31,3.412100076675415,3.41838002204895,3.392549991607666,3.41267991065979,3.41267991065979,0.0,EURTRY=X,eur_try
2016-11-01,3.3943300247192383,3.4437499046325684,3.389699935913086,3.3943800926208496,3.3943800926208496,0.0,EURTRY=X,eur_try
2016-11-02,3.4435698986053467,3.471220016479492,3.440700054168701,3.442729949951172,3.442729949951172,0.0,EURTRY=X,eur_try
2016-11-03,3.4553799629211426,3.475980043411255,3.4384000301361084,3.4553799629211426,3.4553799629211426,0.0,EURTRY=X,eur_try
2016-11-04,3.457469940185547,3.529550075531006,3.4545300006866455,3.46016001701355,3.46016001701355,0.0,EURTRY=X,eur_try
2016-11-07,3.4963901042938232,3.5105700492858887,3.4784700870513916,3.4973599910736084,3.4973599910736084,0.0,EURTRY=X,eur_try
2016-11-08,3.4994499683380127,3.5231399536132812,3.4946999549865723,3.500149965286255,3.500149965286255,0.0,EURTRY=X,eur_try
2016-11-09,3.484839916229248,3.680190086364746,3.472709894180298,3.484489917755127,3.484489917755127,0.0,EURTRY=X,eur_try
2016-11-10,3.503570079803467,3.549870014190674,3.4895999431610107,3.5031399726867676,3.5031399726867676,0.0,EURTRY=X,eur_try
2016-11-11,3.535749912261963,3.5644500255584717,3.5286800861358643,3.5368099212646484,3.5368099212646484,0.0,EURTRY=X,eur_try
2016-11-14,3.502969980239868,3.5532100200653076,3.5020298957824707,3.5026299953460693,3.5026299953460693,0.0,EURTRY=X,eur_try
2016-11-15,3.5330400466918945,3.5392398834228516,3.5171799659729004,3.5325300693511963,3.5325300693511963,0.0,EURTRY=X,eur_try
2016-11-16,3.5262200832366943,3.5617899894714355,3.5251901149749756,3.5246100425720215,3.5246100425720215,0.0,EURTRY=X,eur_try
2016-11-17,3.554500102996826,3.5913000106811523,3.544800043106079,3.5544800758361816,3.5544800758361816,0.0,EURTRY=X,eur_try
2016-11-18,3.585390090942383,3.61149001121521,3.5681400299072266,3.5849900245666504,3.5849900245666504,0.0,EURTRY=X,eur_try
2016-11-21,3.573539972305298,3.6058499813079834,3.5679399967193604,3.5734100341796875,3.5734100341796875,0.0,EURTRY=X,eur_try
2016-11-22,3.572230100631714,3.5951099395751953,3.563930034637451,3.572319984436035,3.572319984436035,0.0,EURTRY=X,eur_try
2016-11-23,3.5938398838043213,3.610680103302002,3.5813100337982178,3.593319892883301,3.593319892883301,0.0,EURTRY=X,eur_try
2016-11-24,3.582429885864258,3.6462600231170654,3.5655899047851562,3.581660032272339,3.581660032272339,0.0,EURTRY=X,eur_try
2016-11-25,3.6581099033355713,3.670609951019287,3.6408801078796387,3.657949924468994,3.657949924468994,0.0,EURTRY=X,eur_try
2016-11-28,3.6565799713134766,3.6651298999786377,3.621649980545044,3.6559300422668457,3.6559300422668457,0.0,EURTRY=X,eur_try
2016-11-29,3.6223700046539307,3.638550043106079,3.616529941558838,3.6229801177978516,3.6229801177978516,0.0,EURTRY=X,eur_try
2016-11-30,3.629610061645508,3.648360013961792,3.6237800121307373,3.629930019378662,3.629930019378662,0.0,EURTRY=X,eur_try
2016-12-01,3.640500068664551,3.7166900634765625,3.6392500400543213,3.640700101852417,3.640700101852417,0.0,EURTRY=X,eur_try
2016-12-02,3.7304298877716064,3.813199996948242,3.7193400859832764,3.730649948120117,3.730649948120117,0.0,EURTRY=X,eur_try
2016-12-05,3.7439699172973633,3.806770086288452,3.7235798835754395,3.749569892883301,3.749569892883301,0.0,EURTRY=X,eur_try
2016-12-06,3.786360025405884,3.805150032043457,3.688420057296753,3.785449981689453,3.785449981689453,0.0,EURTRY=X,eur_try
2016-12-07,3.689500093460083,3.7074100971221924,3.644350051879883,3.6936399936676025,3.6936399936676025,0.0,EURTRY=X,eur_try
2016-12-08,3.642659902572632,3.7281699180603027,3.609529972076416,3.6438798904418945,3.6438798904418945,0.0,EURTRY=X,eur_try
2016-12-09,3.66510009765625,3.6956899166107178,3.6396100521087646,3.66621994972229,3.66621994972229,0.0,EURTRY=X,eur_try
2016-12-12,3.7027699947357178,3.7475099563598633,3.69173002243042,3.7031099796295166,3.7031099796295166,0.0,EURTRY=X,eur_try
2016-12-13,3.691499948501587,3.725800037384033,3.6734700202941895,3.6910901069641113,3.6910901069641113,0.0,EURTRY=X,eur_try
2016-12-14,3.7059199810028076,3.720900058746338,3.6837000846862793,3.704629898071289,3.704629898071289,0.0,EURTRY=X,eur_try
2016-12-15,3.7165699005126953,3.7217700481414795,3.660170078277588,3.7138400077819824,3.7138400077819824,0.0,EURTRY=X,eur_try
2016-12-16,3.652169942855835,3.6713099479675293,3.6461000442504883,3.652359962463379,3.652359962463379,0.0,EURTRY=X,eur_try
2016-12-19,3.6473701000213623,3.673949956893921,3.646929979324341,3.6479899883270264,3.6479899883270264,0.0,EURTRY=X,eur_try
2016-12-20,3.674190044403076,3.679569959640503,3.6364998817443848,3.6744699478149414,3.6744699478149414,0.0,EURTRY=X,eur_try
2016-12-21,3.658629894256592,3.6783699989318848,3.646780014038086,3.6585400104522705,3.6585400104522705,0.0,EURTRY=X,eur_try
2016-12-22,3.659640073776245,3.6859800815582275,3.659369945526123,3.6604299545288086,3.6604299545288086,0.0,EURTRY=X,eur_try
2016-12-23,3.6626100540161133,3.6765499114990234,3.6591498851776123,3.660550117492676,3.660550117492676,0.0,EURTRY=X,eur_try
2016-12-26,3.6679599285125732,3.6745901107788086,3.660020112991333,3.6689400672912598,3.6689400672912598,0.0,EURTRY=X,eur_try
2016-12-27,3.67113995552063,3.6872498989105225,3.6611900329589844,3.670949935913086,3.670949935913086,0.0,EURTRY=X,eur_try
2016-12-28,3.684190034866333,3.7009599208831787,3.6770999431610107,3.6846399307250977,3.6846399307250977,0.0,EURTRY=X,eur_try
2016-12-29,3.679840087890625,3.7087600231170654,3.679840087890625,3.6853699684143066,3.6853699684143066,0.0,EURTRY=X,eur_try
2016-12-30,3.7133700847625732,3.7318999767303467,3.700200080871582,3.714970111846924,3.714970111846924,0.0,EURTRY=X,eur_try
2017-01-02,3.7191998958587646,3.7202999591827393,3.7016000747680664,3.719099998474121,3.719099998474121,0.0,EURTRY=X,eur_try
2017-01-03,3.7034199237823486,3.744070053100586,3.7028799057006836,3.70278000831604,3.70278000831604,0.0,EURTRY=X,eur_try
2017-01-04,3.741770029067993,3.749540090560913,3.7248001098632812,3.743149995803833,3.743149995803833,0.0,EURTRY=X,eur_try
2017-01-05,3.7494800090789795,3.8254899978637695,3.746299982070923,3.749000072479248,3.749000072479248,0.0,EURTRY=X,eur_try
2017-01-06,3.8099899291992188,3.84266996383667,3.805030107498169,3.810529947280884,3.810529947280884,0.0,EURTRY=X,eur_try
2017-01-09,3.8332901000976562,3.950040102005005,3.8327999114990234,3.8332600593566895,3.8332600593566895,0.0,EURTRY=X,eur_try
2017-01-10,3.926179885864258,4.007919788360596,3.924069881439209,3.9270899295806885,3.9270899295806885,0.0,EURTRY=X,eur_try
2017-01-11,4.008419990539551,4.12332010269165,4.008419990539551,4.008769989013672,4.008769989013672,0.0,EURTRY=X,eur_try
2017-01-12,4.103769779205322,4.175600051879883,3.9999001026153564,4.103250026702881,4.103250026702881,0.0,EURTRY=X,eur_try
2017-01-13,3.994960069656372,4.071569919586182,3.985729932785034,3.9946799278259277,3.9946799278259277,0.0,EURTRY=X,eur_try
2017-01-16,3.9716999530792236,4.039760112762451,3.9675300121307373,3.9731099605560303,3.9731099605560303,0.0,EURTRY=X,eur_try
2017-01-17,4.0383100509643555,4.063570022583008,4.018080234527588,4.037919998168945,4.037919998168945,0.0,EURTRY=X,eur_try
2017-01-18,4.022079944610596,4.055840015411377,4.017119884490967,4.0198798179626465,4.0198798179626465,0.0,EURTRY=X,eur_try
2017-01-19,4.045340061187744,4.080580234527588,4.0333099365234375,4.045169830322266,4.045169830322266,0.0,EURTRY=X,eur_try
2017-01-20,4.079549789428711,4.090970039367676,4.044750213623047,4.07912015914917,4.07912015914917,0.0,EURTRY=X,eur_try
2017-01-23,4.031829833984375,4.061059951782227,4.031010150909424,4.035039901733398,4.035039901733398,0.0,EURTRY=X,eur_try
2017-01-24,4.039599895477295,4.1043701171875,4.01147985458374,4.040329933166504,4.040329933166504,0.0,EURTRY=X,eur_try
2017-01-25,4.057929992675781,4.135000228881836,4.053969860076904,4.0580902099609375,4.0580902099609375,0.0,EURTRY=X,eur_try
2017-01-26,4.1221699714660645,4.150760173797607,4.090250015258789,4.122399806976318,4.122399806976318,0.0,EURTRY=X,eur_try
2017-01-27,4.116680145263672,4.168149948120117,4.113959789276123,4.122159957885742,4.122159957885742,0.0,EURTRY=X,eur_try
2017-01-30,4.145840167999268,4.158569812774658,4.028079986572266,4.145229816436768,4.145229816436768,0.0,EURTRY=X,eur_try
2017-01-31,4.04325008392334,4.079209804534912,4.036009788513184,4.043970108032227,4.043970108032227,0.0,EURTRY=X,eur_try
2017-02-01,4.074190139770508,4.093609809875488,4.053170204162598,4.0741400718688965,4.0741400718688965,0.0,EURTRY=X,eur_try
2017-02-02,4.064199924468994,4.072519779205322,4.014900207519531,4.064040184020996,4.064040184020996,0.0,EURTRY=X,eur_try
2017-02-03,4.02161979675293,4.041999816894531,3.9703500270843506,4.0206499099731445,4.0206499099731445,0.0,EURTRY=X,eur_try
2017-02-06,3.992269992828369,3.992269992828369,3.9376299381256104,3.9916300773620605,3.9916300773620605,0.0,EURTRY=X,eur_try
2017-02-07,3.9612998962402344,3.999000072479248,3.951780080795288,3.958669900894165,3.958669900894165,0.0,EURTRY=X,eur_try
2017-02-08,3.993680000305176,4.004010200500488,3.9644999504089355,3.994119882583618,3.994119882583618,0.0,EURTRY=X,eur_try
2017-02-09,3.9675700664520264,3.982100009918213,3.9296700954437256,3.9675700664520264,3.9675700664520264,0.0,EURTRY=X,eur_try
2017-02-10,3.92438006401062,3.9403600692749023,3.8995299339294434,3.926419973373413,3.926419973373413,0.0,EURTRY=X,eur_try
2017-02-13,3.913559913635254,3.9371700286865234,3.9000000953674316,3.916100025177002,3.916100025177002,0.0,EURTRY=X,eur_try
2017-02-14,3.889120101928711,3.894890069961548,3.861870050430298,3.8891899585723877,3.8891899585723877,0.0,EURTRY=X,eur_try
2017-02-15,3.8631200790405273,3.9017999172210693,3.844939947128296,3.863029956817627,3.863029956817627,0.0,EURTRY=X,eur_try
2017-02-16,3.8804800510406494,3.9250600337982178,3.8758299350738525,3.8825299739837646,3.8825299739837646,0.0,EURTRY=X,eur_try
2017-02-17,3.9107298851013184,3.918299913406372,3.85863995552063,3.90841007232666,3.90841007232666,0.0,EURTRY=X,eur_try
2017-02-20,3.855180025100708,3.8636300563812256,3.838870048522949,3.8553199768066406,3.8553199768066406,0.0,EURTRY=X,eur_try
2017-02-21,3.8440799713134766,3.846980094909668,3.8126699924468994,3.8438899517059326,3.8438899517059326,0.0,EURTRY=X,eur_try
2017-02-22,3.822089910507202,3.826430082321167,3.7805399894714355,3.821429967880249,3.821429967880249,0.0,EURTRY=X,eur_try
2017-02-23,3.7828099727630615,3.795219898223877,3.763619899749756,3.782249927520752,3.782249927520752,0.0,EURTRY=X,eur_try
2017-02-24,3.775629997253418,3.812580108642578,3.7748498916625977,3.775700092315674,3.775700092315674,0.0,EURTRY=X,eur_try
2017-02-27,3.795650005340576,3.8163700103759766,3.7909998893737793,3.7968499660491943,3.7968499660491943,0.0,EURTRY=X,eur_try
2017-02-28,3.8183000087738037,3.8576600551605225,3.8127501010894775,3.8183000087738037,3.8183000087738037,0.0,EURTRY=X,eur_try
2017-03-01,3.8494699001312256,3.8742499351501465,3.82315993309021,3.84906005859375,3.84906005859375,0.0,EURTRY=X,eur_try
2017-03-02,3.848170042037964,3.906670093536377,3.842590093612671,3.847709894180298,3.847709894180298,0.0,EURTRY=X,eur_try
2017-03-03,3.9158499240875244,3.9515700340270996,3.90339994430542,3.9189400672912598,3.9189400672912598,0.0,EURTRY=X,eur_try
2017-03-06,3.9389400482177734,3.954040050506592,3.925100088119507,3.9408600330352783,3.9408600330352783,0.0,EURTRY=X,eur_try
2017-03-07,3.929110050201416,3.929419994354248,3.8808200359344482,3.9283699989318848,3.9283699989318848,0.0,EURTRY=X,eur_try
2017-03-08,3.8866000175476074,3.94854998588562,3.8779399394989014,3.88703989982605,3.88703989982605,0.0,EURTRY=X,eur_try
2017-03-09,3.949769973754883,3.9908599853515625,3.9393301010131836,3.9508399963378906,3.9508399963378906,0.0,EURTRY=X,eur_try
2017-03-10,3.992799997329712,3.9973599910736084,3.9601900577545166,3.9922399520874023,3.9922399520874023,0.0,EURTRY=X,eur_try
2017-03-13,3.9970200061798096,4.015769958496094,3.9858100414276123,3.997809886932373,3.997809886932373,0.0,EURTRY=X,eur_try
2017-03-14,3.9847700595855713,4.003089904785156,3.9755799770355225,3.983920097351074,3.983920097351074,0.0,EURTRY=X,eur_try
2017-03-15,3.9681100845336914,3.9839699268341064,3.9493000507354736,3.968519926071167,3.968519926071167,0.0,EURTRY=X,eur_try
2017-03-16,3.946969985961914,3.9639899730682373,3.8922200202941895,3.947089910507202,3.947089910507202,0.0,EURTRY=X,eur_try
2017-03-17,3.908590078353882,3.910449981689453,3.8761000633239746,3.9103899002075195,3.9103899002075195,0.0,EURTRY=X,eur_try
2017-03-20,3.8982601165771484,3.915839910507202,3.8958001136779785,3.898560047149658,3.898560047149658,0.0,EURTRY=X,eur_try
2017-03-21,3.889470100402832,3.9161300659179688,3.8787999153137207,3.8914198875427246,3.8914198875427246,0.0,EURTRY=X,eur_try
2017-03-22,3.92615008354187,3.9302399158477783,3.8993399143218994,3.927220106124878,3.927220106124878,0.0,EURTRY=X,eur_try
2017-03-23,3.9036800861358643,3.9202399253845215,3.8936901092529297,3.9045300483703613,3.9045300483703613,0.0,EURTRY=X,eur_try
2017-03-24,3.919610023498535,3.9242498874664307,3.9011499881744385,3.9179000854492188,3.9179000854492188,0.0,EURTRY=X,eur_try
2017-03-26,3.9060099124908447,3.9450199604034424,3.894469976425171,3.9061899185180664,3.9061899185180664,0.0,EURTRY=X,eur_try
2017-03-27,3.9251201152801514,3.942310094833374,3.9167299270629883,3.9250400066375732,3.9250400066375732,0.0,EURTRY=X,eur_try
2017-03-28,3.9563400745391846,3.959480047225952,3.9139299392700195,3.955430030822754,3.955430030822754,0.0,EURTRY=X,eur_try
2017-03-29,3.921449899673462,3.931879997253418,3.8892500400543213,3.918720006942749,3.918720006942749,0.0,EURTRY=X,eur_try
2017-03-30,3.905550003051758,3.905550003051758,3.8800199031829834,3.9050099849700928,3.9050099849700928,0.0,EURTRY=X,eur_try
2017-04-02,3.870500087738037,3.8943099975585938,3.8678700923919678,3.872689962387085,3.872689962387085,0.0,EURTRY=X,eur_try
2017-04-03,3.8876800537109375,3.9132299423217773,3.8787600994110107,3.8888399600982666,3.8888399600982666,0.0,EURTRY=X,eur_try
2017-04-04,3.9260001182556152,3.9560599327087402,3.9144198894500732,3.9282400608062744,3.9282400608062744,0.0,EURTRY=X,eur_try
2017-04-05,3.9557199478149414,3.9773900508880615,3.9441099166870117,3.951550006866455,3.951550006866455,0.0,EURTRY=X,eur_try
2017-04-06,3.9468700885772705,3.9829299449920654,3.943540096282959,3.9459500312805176,3.9459500312805176,0.0,EURTRY=X,eur_try
2017-04-09,3.938810110092163,3.9559600353240967,3.9352800846099854,3.9398601055145264,3.9398601055145264,0.0,EURTRY=X,eur_try
2017-04-10,3.952159881591797,3.953739881515503,3.9328999519348145,3.950469970703125,3.950469970703125,0.0,EURTRY=X,eur_try
2017-04-11,3.9200000762939453,3.93284010887146,3.8805699348449707,3.926409959793091,3.926409959793091,0.0,EURTRY=X,eur_try
2017-04-12,3.896239995956421,3.9178099632263184,3.880000114440918,3.8911900520324707,3.8911900520324707,0.0,EURTRY=X,eur_try
2017-04-13,3.8944199085235596,3.928040027618408,3.8850600719451904,3.8932199478149414,3.8932199478149414,0.0,EURTRY=X,eur_try
2017-04-16,3.854170083999634,3.910720109939575,3.854170083999634,3.8548901081085205,3.8548901081085205,0.0,EURTRY=X,eur_try
2017-04-17,3.940040111541748,3.9544999599456787,3.9175100326538086,3.93966007232666,3.93966007232666,0.0,EURTRY=X,eur_try
2017-04-18,3.9232699871063232,3.945889949798584,3.9180400371551514,3.921449899673462,3.921449899673462,0.0,EURTRY=X,eur_try
2017-04-19,3.934849977493286,3.9395499229431152,3.9010701179504395,3.9375998973846436,3.9375998973846436,0.0,EURTRY=X,eur_try
2017-04-20,3.899709939956665,3.916290044784546,3.890779972076416,3.900710105895996,3.900710105895996,0.0,EURTRY=X,eur_try
2017-04-23,3.930269956588745,3.9309699535369873,3.8780999183654785,3.92972993850708,3.92972993850708,0.0,EURTRY=X,eur_try
2017-04-24,3.8848800659179688,3.930109977722168,3.878340005874634,3.8840699195861816,3.8840699195861816,0.0,EURTRY=X,eur_try
2017-04-25,3.9105000495910645,3.9312899112701416,3.881540060043335,3.910900115966797,3.910900115966797,0.0,EURTRY=X,eur_try
2017-04-26,3.8994500637054443,3.9071900844573975,3.8650898933410645,3.900670051574707,3.900670051574707,0.0,EURTRY=X,eur_try
2017-04-27,3.870850086212158,3.892090082168579,3.8653500080108643,3.87076997756958,3.87076997756958,0.0,EURTRY=X,eur_try
2017-04-30,3.872349977493286,3.883430004119873,3.865000009536743,3.8735198974609375,3.8735198974609375,0.0,EURTRY=X,eur_try
2017-05-01,3.876199960708618,3.8816699981689453,3.842789888381958,3.8759100437164307,3.8759100437164307,0.0,EURTRY=X,eur_try
2017-05-02,3.85221004486084,3.8657000064849854,3.848449945449829,3.85260009765625,3.85260009765625,0.0,EURTRY=X,eur_try
2017-05-03,3.8505499362945557,3.9050800800323486,3.8417000770568848,3.8507399559020996,3.8507399559020996,0.0,EURTRY=X,eur_try
2017-05-04,3.90159010887146,3.927910089492798,3.894789934158325,3.901550054550171,3.901550054550171,0.0,EURTRY=X,eur_try
2017-05-07,3.8824000358581543,3.914210081100464,3.873889923095703,3.881930112838745,3.881930112838745,0.0,EURTRY=X,eur_try
2017-05-08,3.9157299995422363,3.937769889831543,3.899899959564209,3.9152300357818604,3.9152300357818604,0.0,EURTRY=X,eur_try
2017-05-09,3.944080114364624,3.9505999088287354,3.8924899101257324,3.944040060043335,3.944040060043335,0.0,EURTRY=X,eur_try
2017-05-10,3.8976099491119385,3.9045300483703613,3.882390022277832,3.8982300758361816,3.8982300758361816,0.0,EURTRY=X,eur_try
2017-05-11,3.8875598907470703,3.9124600887298584,3.8851399421691895,3.886320114135742,3.886320114135742,0.0,EURTRY=X,eur_try
2017-05-14,3.902899980545044,3.9056999683380127,3.8889100551605225,3.9024300575256348,3.9024300575256348,0.0,EURTRY=X,eur_try
2017-05-15,3.895020008087158,3.9414100646972656,3.8927500247955322,3.8948400020599365,3.8948400020599365,0.0,EURTRY=X,eur_try
2017-05-16,3.9342799186706543,3.977440118789673,3.9280200004577637,3.9289700984954834,3.9289700984954834,0.0,EURTRY=X,eur_try
2017-05-17,3.999569892883301,4.0488600730896,3.989039897918701,3.995850086212158,3.995850086212158,0.0,EURTRY=X,eur_try
2017-05-18,4.025239944458008,4.035510063171387,4.0048298835754395,4.025929927825928,4.025929927825928,0.0,EURTRY=X,eur_try
2017-05-21,4.005380153656006,4.019859790802002,3.980149984359741,4.007900238037109,4.007900238037109,0.0,EURTRY=X,eur_try
2017-05-22,4.005949974060059,4.0235700607299805,3.9941799640655518,4.006770133972168,4.006770133972168,0.0,EURTRY=X,eur_try
2017-05-23,3.995579957962036,4.002270221710205,3.982800006866455,3.996350049972534,3.996350049972534,0.0,EURTRY=X,eur_try
2017-05-24,3.995189905166626,4.015359878540039,3.988379955291748,3.9949300289154053,3.9949300289154053,0.0,EURTRY=X,eur_try
2017-05-25,3.9990499019622803,4.016429901123047,3.9874000549316406,3.999500036239624,3.999500036239624,0.0,EURTRY=X,eur_try
2017-05-28,3.998110055923462,4.006140232086182,3.989459991455078,3.99849009513855,3.99849009513855,0.0,EURTRY=X,eur_try
2017-05-29,3.9834799766540527,3.990649938583374,3.961050033569336,3.9843199253082275,3.9843199253082275,0.0,EURTRY=X,eur_try
2017-05-30,3.968179941177368,3.9792299270629883,3.9489400386810303,3.9678499698638916,3.9678499698638916,0.0,EURTRY=X,eur_try
2017-05-31,3.964590072631836,3.9793100357055664,3.955590009689331,3.969749927520752,3.969749927520752,0.0,EURTRY=X,eur_try
2017-06-01,3.9596199989318848,3.971450090408325,3.9542999267578125,3.959969997406006,3.959969997406006,0.0,EURTRY=X,eur_try
2017-06-04,3.953279972076416,3.9739201068878174,3.9423999786376953,3.955080032348633,3.955080032348633,0.0,EURTRY=X,eur_try
2017-06-05,3.9660799503326416,3.9880499839782715,3.9587900638580322,3.9658000469207764,3.9658000469207764,0.0,EURTRY=X,eur_try
2017-06-06,3.9609100818634033,3.995120048522949,3.943969964981079,3.961699962615967,3.961699962615967,0.0,EURTRY=X,eur_try
2017-06-07,3.9979701042175293,3.9990599155426025,3.957200050354004,3.9979801177978516,3.9979801177978516,0.0,EURTRY=X,eur_try
2017-06-08,3.950040102005005,3.9629900455474854,3.9388699531555176,3.947279930114746,3.947279930114746,0.0,EURTRY=X,eur_try
2017-06-11,3.964139938354492,3.9658401012420654,3.940999984741211,3.963819980621338,3.963819980621338,0.0,EURTRY=X,eur_try
2017-06-12,3.938509941101074,3.9583499431610107,3.9272499084472656,3.9380199909210205,3.9380199909210205,0.0,EURTRY=X,eur_try
2017-06-13,3.9442200660705566,3.950659990310669,3.9245500564575195,3.942310094833374,3.942310094833374,0.0,EURTRY=X,eur_try
2017-06-14,3.910789966583252,3.9338901042938232,3.9081599712371826,3.9147698879241943,3.9147698879241943,0.0,EURTRY=X,eur_try
2017-06-15,3.9162700176239014,3.938149929046631,3.915329933166504,3.9165000915527344,3.9165000915527344,0.0,EURTRY=X,eur_try
2017-06-18,3.921489953994751,3.9380500316619873,3.9079699516296387,3.9236299991607666,3.9236299991607666,0.0,EURTRY=X,eur_try
2017-06-19,3.924760103225708,3.948580026626587,3.9207100868225098,3.924420118331909,3.924420118331909,0.0,EURTRY=X,eur_try
2017-06-20,3.94635009765625,3.9508399963378906,3.927839994430542,3.9465599060058594,3.9465599060058594,0.0,EURTRY=X,eur_try
2017-06-21,3.949090003967285,3.9519500732421875,3.9129300117492676,3.949039936065674,3.949039936065674,0.0,EURTRY=X,eur_try
2017-06-22,3.916290044784546,3.9304399490356445,3.9082999229431152,3.9164199829101562,3.9164199829101562,0.0,EURTRY=X,eur_try
2017-06-25,3.925990104675293,3.926490068435669,3.9082000255584717,3.9252500534057617,3.9252500534057617,0.0,EURTRY=X,eur_try
2017-06-26,3.914249897003174,3.988909959793091,3.905900001525879,3.91513991355896,3.91513991355896,0.0,EURTRY=X,eur_try
2017-06-27,3.9941699504852295,4.021440029144287,3.9737799167633057,3.99495005607605,3.99495005607605,0.0,EURTRY=X,eur_try
2017-06-28,3.994879961013794,4.030179977416992,3.9926700592041016,4.000790119171143,4.000790119171143,0.0,EURTRY=X,eur_try
2017-06-29,4.031569957733154,4.038519859313965,4.005030155181885,4.0337300300598145,4.0337300300598145,0.0,EURTRY=X,eur_try
2017-07-02,4.019949913024902,4.052020072937012,4.009809970855713,4.020299911499023,4.020299911499023,0.0,EURTRY=X,eur_try
2017-07-03,4.043000221252441,4.048600196838379,4.026199817657471,4.043099880218506,4.043099880218506,0.0,EURTRY=X,eur_try
2017-07-04,4.041999816894531,4.098999977111816,4.034719944000244,4.040890216827393,4.040890216827393,0.0,EURTRY=X,eur_try
2017-07-05,4.095930099487305,4.144959926605225,4.086460113525391,4.092909812927246,4.092909812927246,0.0,EURTRY=X,eur_try
2017-07-06,4.137070178985596,4.165160179138184,4.118000030517578,4.138020038604736,4.138020038604736,0.0,EURTRY=X,eur_try
2017-07-09,4.128900051116943,4.131100177764893,4.104499816894531,4.129000186920166,4.129000186920166,0.0,EURTRY=X,eur_try
2017-07-11,4.150199890136719,4.151760101318359,4.068359851837158,4.147970199584961,4.147970199584961,0.0,EURTRY=X,eur_try
2017-07-12,4.075610160827637,4.096039772033691,4.054629802703857,4.074920177459717,4.074920177459717,0.0,EURTRY=X,eur_try
2017-07-13,4.067599773406982,4.0761399269104,4.0477800369262695,4.066299915313721,4.066299915313721,0.0,EURTRY=X,eur_try
2017-07-16,4.053989887237549,4.065830230712891,4.04610013961792,4.0554399490356445,4.0554399490356445,0.0,EURTRY=X,eur_try
2017-07-17,4.0502400398254395,4.0877299308776855,4.048449993133545,4.048480033874512,4.048480033874512,0.0,EURTRY=X,eur_try
2017-07-18,4.070199966430664,4.080440044403076,4.052499771118164,4.070230007171631,4.070230007171631,0.0,EURTRY=X,eur_try
2017-07-19,4.063700199127197,4.110939979553223,4.054930210113525,4.058810234069824,4.058810234069824,0.0,EURTRY=X,eur_try
2017-07-20,4.102389812469482,4.127890110015869,4.097959995269775,4.103000164031982,4.103000164031982,0.0,EURTRY=X,eur_try
2017-07-23,4.125279903411865,4.159319877624512,4.1139302253723145,4.12677001953125,4.12677001953125,0.0,EURTRY=X,eur_try
2017-07-24,4.139589786529541,4.168099880218506,4.136129856109619,4.138659954071045,4.138659954071045,0.0,EURTRY=X,eur_try
2017-07-25,4.158649921417236,4.161320209503174,4.125659942626953,4.159170150756836,4.159170150756836,0.0,EURTRY=X,eur_try
2017-07-26,4.147679805755615,4.154200077056885,4.118599891662598,4.1478800773620605,4.1478800773620605,0.0,EURTRY=X,eur_try
2017-07-27,4.133900165557861,4.152569770812988,4.125939846038818,4.134479999542236,4.134479999542236,0.0,EURTRY=X,eur_try
2017-07-30,4.150300025939941,4.168729782104492,4.1280999183654785,4.148859977722168,4.148859977722168,0.0,EURTRY=X,eur_try
2017-07-31,4.159329891204834,4.1709699630737305,4.146200180053711,4.158010005950928,4.158010005950928,0.0,EURTRY=X,eur_try
2017-08-01,4.167270183563232,4.19290018081665,4.158760070800781,4.168920040130615,4.168920040130615,0.0,EURTRY=X,eur_try
2017-08-02,4.197279930114746,4.211830139160156,4.187769889831543,4.196919918060303,4.196919918060303,0.0,EURTRY=X,eur_try
2017-08-03,4.208370208740234,4.21019983291626,4.14838981628418,4.208079814910889,4.208079814910889,0.0,EURTRY=X,eur_try
2017-08-06,4.159379959106445,4.1752800941467285,4.155869960784912,4.160299777984619,4.160299777984619,0.0,EURTRY=X,eur_try
2017-08-07,4.162859916687012,4.173079967498779,4.138780117034912,4.1638898849487305,4.1638898849487305,0.0,EURTRY=X,eur_try
2017-08-08,4.151090145111084,4.166150093078613,4.143770217895508,4.149569988250732,4.149569988250732,0.0,EURTRY=X,eur_try
2017-08-09,4.165800094604492,4.166920185089111,4.138999938964844,4.1608500480651855,4.1608500480651855,0.0,EURTRY=X,eur_try
2017-08-10,4.170730113983154,4.189119815826416,4.162099838256836,4.170599937438965,4.170599937438965,0.0,EURTRY=X,eur_try
2017-08-13,4.179609775543213,4.179910182952881,4.148670196533203,4.178170204162598,4.178170204162598,0.0,EURTRY=X,eur_try
2017-08-14,4.151619911193848,4.156740188598633,4.135290145874023,4.152289867401123,4.152289867401123,0.0,EURTRY=X,eur_try
2017-08-15,4.1499199867248535,4.156509876251221,4.1230998039245605,4.150839805603027,4.150839805603027,0.0,EURTRY=X,eur_try
2017-08-16,4.139679908752441,4.149449825286865,4.111810207366943,4.1438398361206055,4.1438398361206055,0.0,EURTRY=X,eur_try
2017-08-17,4.1350998878479,4.154319763183594,4.125490188598633,4.133920192718506,4.133920192718506,0.0,EURTRY=X,eur_try
2017-08-20,4.134039878845215,4.140659809112549,4.114449977874756,4.132750034332275,4.132750034332275,0.0,EURTRY=X,eur_try
2017-08-21,4.130300045013428,4.134280204772949,4.108729839324951,4.128900051116943,4.128900051116943,0.0,EURTRY=X,eur_try
2017-08-22,4.111770153045654,4.133810043334961,4.106800079345703,4.111269950866699,4.111269950866699,0.0,EURTRY=X,eur_try
2017-08-23,4.113580226898193,4.117129802703857,4.100949764251709,4.118120193481445,4.118120193481445,0.0,EURTRY=X,eur_try
2017-08-24,4.111969947814941,4.117310047149658,4.096099853515625,4.111700057983398,4.111700057983398,0.0,EURTRY=X,eur_try
2017-08-27,4.112939834594727,4.125929832458496,4.10276985168457,4.114150047302246,4.114150047302246,0.0,EURTRY=X,eur_try
2017-08-28,4.138229846954346,4.161530017852783,4.129769802093506,4.134190082550049,4.134190082550049,0.0,EURTRY=X,eur_try
2017-08-29,4.126389980316162,4.139520168304443,4.103529930114746,4.1346001625061035,4.1346001625061035,0.0,EURTRY=X,eur_try
2017-08-30,4.1097002029418945,4.120639801025391,4.0949201583862305,4.109389781951904,4.109389781951904,0.0,EURTRY=X,eur_try
2017-08-31,4.109859943389893,4.112450122833252,4.059989929199219,4.109799861907959,4.109799861907959,0.0,EURTRY=X,eur_try
2017-09-03,4.073750019073486,4.09935998916626,4.068459987640381,4.074049949645996,4.074049949645996,0.0,EURTRY=X,eur_try
2017-09-04,4.081459999084473,4.101630210876465,4.075769901275635,4.081920146942139,4.081920146942139,0.0,EURTRY=X,eur_try
2017-09-05,4.097390174865723,4.118490219116211,4.089310169219971,4.097799777984619,4.097799777984619,0.0,EURTRY=X,eur_try
2017-09-06,4.092599868774414,4.115049839019775,4.08381986618042,4.092959880828857,4.092959880828857,0.0,EURTRY=X,eur_try
2017-09-07,4.09542989730835,4.125969886779785,4.092309951782227,4.092850208282471,4.092850208282471,0.0,EURTRY=X,eur_try
2017-09-10,4.0972900390625,4.101039886474609,4.06790018081665,4.0966901779174805,4.0966901779174805,0.0,EURTRY=X,eur_try
2017-09-11,4.08096981048584,4.116429805755615,4.074220180511475,4.08119010925293,4.08119010925293,0.0,EURTRY=X,eur_try
2017-09-12,4.1101298332214355,4.1307501792907715,4.103099822998047,4.10899019241333,4.10899019241333,0.0,EURTRY=X,eur_try
2017-09-13,4.114500045776367,4.1285200119018555,4.0865302085876465,4.114220142364502,4.114220142364502,0.0,EURTRY=X,eur_try
2017-09-14,4.092589855194092,4.120460033416748,4.087629795074463,4.091559886932373,4.091559886932373,0.0,EURTRY=X,eur_try
2017-09-17,4.107629776000977,4.172659873962402,4.1000800132751465,4.108610153198242,4.108610153198242,0.0,EURTRY=X,eur_try
2017-09-18,4.1684699058532715,4.2009100914001465,4.1684699058532715,4.170460224151611,4.170460224151611,0.0,EURTRY=X,eur_try
2017-09-19,4.1826300621032715,4.1920599937438965,4.158649921417236,4.1840500831604,4.1840500831604,0.0,EURTRY=X,eur_try
2017-09-20,4.165740013122559,4.192049980163574,4.159999847412109,4.161530017852783,4.161530017852783,0.0,EURTRY=X,eur_try
2017-09-21,4.188539981842041,4.1936798095703125,4.17503023147583,4.189809799194336,4.189809799194336,0.0,EURTRY=X,eur_try
2017-09-24,4.173540115356445,4.210830211639404,4.171520233154297,4.173089981079102,4.173089981079102,0.0,EURTRY=X,eur_try
2017-09-25,4.199090003967285,4.201449871063232,4.167699813842773,4.200319766998291,4.200319766998291,0.0,EURTRY=X,eur_try
2017-09-26,4.173739910125732,4.2070698738098145,4.171000003814697,4.175570011138916,4.175570011138916,0.0,EURTRY=X,eur_try
2017-09-27,4.203239917755127,4.222929954528809,4.194809913635254,4.207240104675293,4.207240104675293,0.0,EURTRY=X,eur_try
2017-09-28,4.191539764404297,4.208250045776367,4.190100193023682,4.191939830780029,4.191939830780029,0.0,EURTRY=X,eur_try
2017-10-01,4.208020210266113,4.2131500244140625,4.188499927520752,4.200560092926025,4.200560092926025,0.0,EURTRY=X,eur_try
2017-10-02,4.185780048370361,4.218689918518066,4.179590225219727,4.185369968414307,4.185369968414307,0.0,EURTRY=X,eur_try
2017-10-03,4.197700023651123,4.206520080566406,4.190999984741211,4.197010040283203,4.197010040283203,0.0,EURTRY=X,eur_try
2017-10-04,4.205880165100098,4.212399959564209,4.18011999130249,4.205830097198486,4.205830097198486,0.0,EURTRY=X,eur_try
2017-10-05,4.201789855957031,4.247189998626709,4.1921000480651855,4.200250148773193,4.200250148773193,0.0,EURTRY=X,eur_try
2017-10-08,4.355140209197998,4.3983001708984375,4.310689926147461,4.348100185394287,4.348100185394287,0.0,EURTRY=X,eur_try
2017-10-09,4.3511199951171875,4.355649948120117,4.318999767303467,4.352039813995361,4.352039813995361,0.0,EURTRY=X,eur_try
2017-10-10,4.380889892578125,4.382450103759766,4.3260498046875,4.379270076751709,4.379270076751709,0.0,EURTRY=X,eur_try
2017-10-11,4.323820114135742,4.350480079650879,4.309599876403809,4.32804012298584,4.32804012298584,0.0,EURTRY=X,eur_try
2017-10-12,4.326970100402832,4.336269855499268,4.291500091552734,4.328090190887451,4.328090190887451,0.0,EURTRY=X,eur_try
2017-10-15,4.2918901443481445,4.30797004699707,4.285069942474365,4.292369842529297,4.292369842529297,0.0,EURTRY=X,eur_try
2017-10-16,4.299330234527588,4.328380107879639,4.292799949645996,4.299099922180176,4.299099922180176,0.0,EURTRY=X,eur_try
2017-10-17,4.314730167388916,4.334869861602783,4.307889938354492,4.315249919891357,4.315249919891357,0.0,EURTRY=X,eur_try
2017-10-18,4.335080146789551,4.343860149383545,4.319809913635254,4.332230091094971,4.332230091094971,0.0,EURTRY=X,eur_try
2017-10-19,4.327859878540039,4.342199802398682,4.3165998458862305,4.326539993286133,4.326539993286133,0.0,EURTRY=X,eur_try
2017-10-22,4.333159923553467,4.367549896240234,4.332900047302246,4.335249900817871,4.335249900817871,0.0,EURTRY=X,eur_try
2017-10-23,4.365570068359375,4.398330211639404,4.356619834899902,4.365570068359375,4.365570068359375,0.0,EURTRY=X,eur_try
2017-10-24,4.393849849700928,4.4292402267456055,4.38532018661499,4.394509792327881,4.394509792327881,0.0,EURTRY=X,eur_try
2017-10-25,4.445859909057617,4.474289894104004,4.418399810791016,4.4426798820495605,4.4426798820495605,0.0,EURTRY=X,eur_try
2017-10-26,4.444029808044434,4.4668498039245605,4.396999835968018,4.443510055541992,4.443510055541992,0.0,EURTRY=X,eur_try
2017-10-30,4.395540237426758,4.401700019836426,4.371620178222656,4.393869876861572,4.393869876861572,0.0,EURTRY=X,eur_try
2017-10-31,4.398640155792236,4.440780162811279,4.384729862213135,4.403429985046387,4.403429985046387,0.0,EURTRY=X,eur_try
2017-11-01,4.412749767303467,4.454470157623291,4.408380031585693,4.41349983215332,4.41349983215332,0.0,EURTRY=X,eur_try
2017-11-02,4.435649871826172,4.4603400230407715,4.42402982711792,4.435259819030762,4.435259819030762,0.0,EURTRY=X,eur_try
2017-11-03,4.427830219268799,4.505459785461426,4.427430152893066,4.423999786376953,4.423999786376953,0.0,EURTRY=X,eur_try
2017-11-06,4.507500171661377,4.513510227203369,4.434219837188721,4.506130218505859,4.506130218505859,0.0,EURTRY=X,eur_try
2017-11-07,4.445089817047119,4.509329795837402,4.441249847412109,4.443940162658691,4.443940162658691,0.0,EURTRY=X,eur_try
2017-11-08,4.5050201416015625,4.522540092468262,4.4695000648498535,4.505630016326904,4.505630016326904,0.0,EURTRY=X,eur_try
2017-11-09,4.4810099601745605,4.509130001068115,4.458199977874756,4.483630180358887,4.483630180358887,0.0,EURTRY=X,eur_try
2017-11-10,4.499839782714844,4.514649868011475,4.490079879760742,4.500400066375732,4.500400066375732,0.0,EURTRY=X,eur_try
2017-11-13,4.494080066680908,4.535990238189697,4.484829902648926,4.501029968261719,4.501029968261719,0.0,EURTRY=X,eur_try
2017-11-14,4.512539863586426,4.592080116271973,4.511849880218506,4.513649940490723,4.513649940490723,0.0,EURTRY=X,eur_try
2017-11-15,4.584010124206543,4.610559940338135,4.574749946594238,4.584290027618408,4.584290027618408,0.0,EURTRY=X,eur_try
2017-11-17,4.551119804382324,4.6034698486328125,4.5465497970581055,4.549650192260742,4.549650192260742,0.0,EURTRY=X,eur_try
2017-11-20,4.537710189819336,4.628680229187012,4.529560089111328,4.537789821624756,4.537789821624756,0.0,EURTRY=X,eur_try
2017-11-21,4.6024699211120605,4.672530174255371,4.600749969482422,4.609280109405518,4.609280109405518,0.0,EURTRY=X,eur_try
2017-11-22,4.647140026092529,4.67402982711792,4.631450176239014,4.648169994354248,4.648169994354248,0.0,EURTRY=X,eur_try
2017-11-23,4.63254976272583,4.673160076141357,4.622469902038574,4.627999782562256,4.627999782562256,0.0,EURTRY=X,eur_try
2017-11-24,4.64700984954834,4.705930233001709,4.645400047302246,4.647079944610596,4.647079944610596,0.0,EURTRY=X,eur_try
2017-11-27,4.711040019989014,4.711359977722168,4.636169910430908,4.70911979675293,4.70911979675293,0.0,EURTRY=X,eur_try
2017-11-28,4.648340225219727,4.7200798988342285,4.646770000457764,4.649489879608154,4.649489879608154,0.0,EURTRY=X,eur_try
2017-11-29,4.698740005493164,4.708549976348877,4.678199768066406,4.6980299949646,4.6980299949646,0.0,EURTRY=X,eur_try
2017-11-30,4.6875901222229,4.702620029449463,4.655900001525879,4.688429832458496,4.688429832458496,0.0,EURTRY=X,eur_try
2017-12-01,4.661019802093506,4.704440116882324,4.652400016784668,4.659249782562256,4.659249782562256,0.0,EURTRY=X,eur_try
2017-12-04,4.655660152435303,4.679830074310303,4.596380233764648,4.652719974517822,4.652719974517822,0.0,EURTRY=X,eur_try
2017-12-05,4.599669933319092,4.605569839477539,4.537899971008301,4.599309921264648,4.599309921264648,0.0,EURTRY=X,eur_try
2017-12-06,4.544909954071045,4.572169780731201,4.534379959106445,4.545179843902588,4.545179843902588,0.0,EURTRY=X,eur_try
2017-12-07,4.544600009918213,4.572589874267578,4.539919853210449,4.544769763946533,4.544769763946533,0.0,EURTRY=X,eur_try
2017-12-08,4.5470499992370605,4.555290222167969,4.503320217132568,4.549739837646484,4.549739837646484,0.0,EURTRY=X,eur_try
2017-12-11,4.513319969177246,4.525740146636963,4.502130031585693,4.514289855957031,4.514289855957031,0.0,EURTRY=X,eur_try
2017-12-12,4.513899803161621,4.524779796600342,4.495299816131592,4.511579990386963,4.511579990386963,0.0,EURTRY=X,eur_try
2017-12-13,4.51600980758667,4.5346598625183105,4.499169826507568,4.515649795532227,4.515649795532227,0.0,EURTRY=X,eur_try
2017-12-14,4.514110088348389,4.6045098304748535,4.508769989013672,4.517210006713867,4.517210006713867,0.0,EURTRY=X,eur_try
2017-12-15,4.571529865264893,4.578649997711182,4.542840003967285,4.571569919586182,4.571569919586182,0.0,EURTRY=X,eur_try
2017-12-18,4.535379886627197,4.553219795227051,4.509659767150879,4.5272698402404785,4.5272698402404785,0.0,EURTRY=X,eur_try
2017-12-19,4.512499809265137,4.543960094451904,4.508609771728516,4.512829780578613,4.512829780578613,0.0,EURTRY=X,eur_try
2017-12-20,4.534339904785156,4.554959774017334,4.529799938201904,4.536530017852783,4.536530017852783,0.0,EURTRY=X,eur_try
2017-12-21,4.539370059967041,4.557129859924316,4.5242600440979,4.539130210876465,4.539130210876465,0.0,EURTRY=X,eur_try
2017-12-22,4.526269912719727,4.534860134124756,4.505620002746582,4.526450157165527,4.526450157165527,0.0,EURTRY=X,eur_try
2017-12-25,4.514729976654053,4.527900218963623,4.51131010055542,4.513599872589111,4.513599872589111,0.0,EURTRY=X,eur_try
2017-12-26,4.51515007019043,4.530370235443115,4.5065999031066895,4.518089771270752,4.518089771270752,0.0,EURTRY=X,eur_try
2017-12-27,4.513700008392334,4.553790092468262,4.512899875640869,4.514170169830322,4.514170169830322,0.0,EURTRY=X,eur_try
2017-12-28,4.538529872894287,4.567780017852783,4.4976701736450195,4.538400173187256,4.538400173187256,0.0,EURTRY=X,eur_try
2017-12-29,4.506450176239014,4.556940078735352,4.50609016418457,4.510359764099121,4.510359764099121,0.0,EURTRY=X,eur_try
2018-01-01,4.49429988861084,4.551499843597412,4.49429988861084,4.5237298011779785,4.5237298011779785,0.0,EURTRY=X,eur_try
2018-01-02,4.551869869232178,4.553919792175293,4.527400016784668,4.5521697998046875,4.5521697998046875,0.0,EURTRY=X,eur_try
2018-01-03,4.540840148925781,4.555270195007324,4.5119099617004395,4.543069839477539,4.543069839477539,0.0,EURTRY=X,eur_try
2018-01-04,4.540909767150879,4.552410125732422,4.5213799476623535,4.540380001068115,4.540380001068115,0.0,EURTRY=X,eur_try
2018-01-05,4.524839878082275,4.5352301597595215,4.495019912719727,4.525619983673096,4.525619983673096,0.0,EURTRY=X,eur_try
2018-01-08,4.494180202484131,4.505919933319092,4.484399795532227,4.4942498207092285,4.4942498207092285,0.0,EURTRY=X,eur_try
2018-01-09,4.480169773101807,4.504690170288086,4.47629976272583,4.479939937591553,4.479939937591553,0.0,EURTRY=X,eur_try
2018-01-10,4.49507999420166,4.5694899559021,4.494959831237793,4.496300220489502,4.496300220489502,0.0,EURTRY=X,eur_try
2018-01-11,4.5395002365112305,4.573470115661621,4.5201897621154785,4.543039798736572,4.543039798736572,0.0,EURTRY=X,eur_try
2018-01-12,4.544909954071045,4.574900150299072,4.5389299392700195,4.543059825897217,4.543059825897217,0.0,EURTRY=X,eur_try
2018-01-15,4.575679779052734,4.664770126342773,4.573470115661621,4.576819896697998,4.576819896697998,0.0,EURTRY=X,eur_try
2018-01-16,4.6622700691223145,4.6933698654174805,4.62047004699707,4.662789821624756,4.662789821624756,0.0,EURTRY=X,eur_try
2018-01-17,4.662290096282959,4.683750152587891,4.650040149688721,4.663149833679199,4.663149833679199,0.0,EURTRY=X,eur_try
2018-01-18,4.648970127105713,4.662320137023926,4.6077399253845215,4.648099899291992,4.648099899291992,0.0,EURTRY=X,eur_try
2018-01-19,4.60984992980957,4.668479919433594,4.60906982421875,4.609580039978027,4.609580039978027,0.0,EURTRY=X,eur_try
2018-01-22,4.6869797706604,4.689149856567383,4.621300220489502,4.686890125274658,4.686890125274658,0.0,EURTRY=X,eur_try
2018-01-23,4.628180027008057,4.6533098220825195,4.626200199127197,4.629169940948486,4.629169940948486,0.0,EURTRY=X,eur_try
2018-01-24,4.637810230255127,4.649730205535889,4.620800018310547,4.6396098136901855,4.6396098136901855,0.0,EURTRY=X,eur_try
2018-01-25,4.651949882507324,4.682559967041016,4.630000114440918,4.6457600593566895,4.6457600593566895,0.0,EURTRY=X,eur_try
2018-01-26,4.660459995269775,4.672979831695557,4.650000095367432,4.657939910888672,4.657939910888672,0.0,EURTRY=X,eur_try
2018-01-29,4.661680221557617,4.698540210723877,4.654510021209717,4.661449909210205,4.661449909210205,0.0,EURTRY=X,eur_try
2018-01-30,4.687560081481934,4.705410003662109,4.678199768066406,4.6885199546813965,4.6885199546813965,0.0,EURTRY=X,eur_try
2018-01-31,4.686950206756592,4.69435977935791,4.664070129394531,4.687320232391357,4.687320232391357,0.0,EURTRY=X,eur_try
2018-02-01,4.668439865112305,4.680850028991699,4.650370121002197,4.6686201095581055,4.6686201095581055,0.0,EURTRY=X,eur_try
2018-02-02,4.671440124511719,4.697239875793457,4.66841983795166,4.670360088348389,4.670360088348389,0.0,EURTRY=X,eur_try
2018-02-05,4.695089817047119,4.703479766845703,4.667550086975098,4.694960117340088,4.694960117340088,0.0,EURTRY=X,eur_try
2018-02-06,4.682779788970947,4.707910060882568,4.653110027313232,4.68310022354126,4.68310022354126,0.0,EURTRY=X,eur_try
2018-02-07,4.6633100509643555,4.679369926452637,4.645470142364502,4.6628899574279785,4.6628899574279785,0.0,EURTRY=X,eur_try
2018-02-08,4.665420055389404,4.6997199058532715,4.652100086212158,4.664649963378906,4.664649963378906,0.0,EURTRY=X,eur_try
2018-02-09,4.686180114746094,4.697979927062988,4.673659801483154,4.6857099533081055,4.6857099533081055,0.0,EURTRY=X,eur_try
2018-02-12,4.67618989944458,4.690110206604004,4.657919883728027,4.676239967346191,4.676239967346191,0.0,EURTRY=X,eur_try
2018-02-13,4.670919895172119,4.710100173950195,4.665170192718506,4.671450138092041,4.671450138092041,0.0,EURTRY=X,eur_try
2018-02-14,4.701509952545166,4.723169803619385,4.686359882354736,4.701769828796387,4.701769828796387,0.0,EURTRY=X,eur_try
2018-02-15,4.717219829559326,4.7257399559021,4.699120044708252,4.711679935455322,4.711679935455322,0.0,EURTRY=X,eur_try
2018-02-16,4.707769870758057,4.7351298332214355,4.652770042419434,4.706570148468018,4.706570148468018,0.0,EURTRY=X,eur_try
2018-02-19,4.649660110473633,4.671420097351074,4.647520065307617,4.650279998779297,4.650279998779297,0.0,EURTRY=X,eur_try
2018-02-20,4.659420013427734,4.703499794006348,4.652890205383301,4.659140110015869,4.659140110015869,0.0,EURTRY=X,eur_try
2018-02-21,4.684470176696777,4.696380138397217,4.65939998626709,4.684269905090332,4.684269905090332,0.0,EURTRY=X,eur_try
2018-02-22,4.655920028686523,4.683290004730225,4.651989936828613,4.655980110168457,4.655980110168457,0.0,EURTRY=X,eur_try
2018-02-23,4.66185998916626,4.669189929962158,4.650599956512451,4.663730144500732,4.663730144500732,0.0,EURTRY=X,eur_try
2018-02-26,4.65431022644043,4.669730186462402,4.65185022354126,4.653930187225342,4.653930187225342,0.0,EURTRY=X,eur_try
2018-02-27,4.663209915161133,4.6767401695251465,4.65254020690918,4.66126012802124,4.66126012802124,0.0,EURTRY=X,eur_try
2018-02-28,4.663969993591309,4.668769836425781,4.635879993438721,4.666769981384277,4.666769981384277,0.0,EURTRY=X,eur_try
2018-03-01,4.6356000900268555,4.65703010559082,4.630770206451416,4.632410049438477,4.632410049438477,0.0,EURTRY=X,eur_try
2018-03-02,4.675580024719238,4.710849761962891,4.664400100708008,4.675290107727051,4.675290107727051,0.0,EURTRY=X,eur_try
2018-03-05,4.692160129547119,4.712560176849365,4.685210227966309,4.691120147705078,4.691120147705078,0.0,EURTRY=X,eur_try
2018-03-06,4.6994500160217285,4.711900234222412,4.687079906463623,4.700409889221191,4.700409889221191,0.0,EURTRY=X,eur_try
2018-03-07,4.715290069580078,4.732880115509033,4.70419979095459,4.715479850769043,4.715479850769043,0.0,EURTRY=X,eur_try
2018-03-08,4.724370002746582,4.742400169372559,4.705959796905518,4.724339962005615,4.724339962005615,0.0,EURTRY=X,eur_try
2018-03-09,4.704559803009033,4.713749885559082,4.683599948883057,4.706399917602539,4.706399917602539,0.0,EURTRY=X,eur_try
2018-03-12,4.689040184020996,4.737410068511963,4.688199996948242,4.6923699378967285,4.6923699378967285,0.0,EURTRY=X,eur_try
2018-03-13,4.740990161895752,4.790840148925781,4.729060173034668,4.741489887237549,4.741489887237549,0.0,EURTRY=X,eur_try
2018-03-14,4.796750068664551,4.811739921569824,4.773499965667725,4.79571008682251,4.79571008682251,0.0,EURTRY=X,eur_try
2018-03-15,4.801980018615723,4.823969841003418,4.796949863433838,4.801980018615723,4.801980018615723,0.0,EURTRY=X,eur_try
2018-03-16,4.79164981842041,4.830689907073975,4.79164981842041,4.791399955749512,4.791399955749512,0.0,EURTRY=X,eur_try
2018-03-19,4.817039966583252,4.867519855499268,4.811180114746094,4.81220006942749,4.81220006942749,0.0,EURTRY=X,eur_try
2018-03-20,4.865099906921387,4.868040084838867,4.8135600090026855,4.864419937133789,4.864419937133789,0.0,EURTRY=X,eur_try
2018-03-21,4.816929817199707,4.838079929351807,4.811399936676025,4.816979885101318,4.816979885101318,0.0,EURTRY=X,eur_try
2018-03-22,4.830399990081787,4.851990222930908,4.819799900054932,4.830420017242432,4.830420017242432,0.0,EURTRY=X,eur_try
2018-03-23,4.900050163269043,4.905179977416992,4.878399848937988,4.89749002456665,4.89749002456665,0.0,EURTRY=X,eur_try
2018-03-25,4.918409824371338,4.962870121002197,4.892360210418701,4.917809963226318,4.917809963226318,0.0,EURTRY=X,eur_try
2018-03-26,4.937870025634766,4.9574198722839355,4.930610179901123,4.9397101402282715,4.9397101402282715,0.0,EURTRY=X,eur_try
2018-03-27,4.936960220336914,4.970310211181641,4.933390140533447,4.937049865722656,4.937049865722656,0.0,EURTRY=X,eur_try
2018-03-28,4.9402899742126465,4.955460071563721,4.863609790802002,4.93917989730835,4.93917989730835,0.0,EURTRY=X,eur_try
2018-03-29,4.851620197296143,4.883769989013672,4.8483099937438965,4.851840019226074,4.851840019226074,0.0,EURTRY=X,eur_try
2018-04-01,4.86568021774292,4.89277982711792,4.865320205688477,4.867680072784424,4.867680072784424,0.0,EURTRY=X,eur_try
2018-04-02,4.890120029449463,4.909090042114258,4.88047981262207,4.8901801109313965,4.8901801109313965,0.0,EURTRY=X,eur_try
2018-04-03,4.8988800048828125,4.945889949798584,4.892769813537598,4.8979997634887695,4.8979997634887695,0.0,EURTRY=X,eur_try
2018-04-04,4.913459777832031,4.964630126953125,4.909130096435547,4.912960052490234,4.912960052490234,0.0,EURTRY=X,eur_try
2018-04-05,4.95451021194458,4.975629806518555,4.942379951477051,4.950550079345703,4.950550079345703,0.0,EURTRY=X,eur_try
2018-04-08,4.9687700271606445,5.011620044708252,4.954830169677734,4.96697998046875,4.96697998046875,0.0,EURTRY=X,eur_try
2018-04-09,5.022679805755615,5.1172099113464355,4.992730140686035,5.021450042724609,5.021450042724609,0.0,EURTRY=X,eur_try
2018-04-10,5.080860137939453,5.192860126495361,5.075699806213379,5.081329822540283,5.081329822540283,0.0,EURTRY=X,eur_try
2018-04-11,5.122280120849609,5.14762020111084,5.0306901931762695,5.12667989730835,5.12667989730835,0.0,EURTRY=X,eur_try
2018-04-12,5.072350025177002,5.074950218200684,5.025700092315674,5.072179794311523,5.072179794311523,0.0,EURTRY=X,eur_try
2018-04-15,5.048099994659424,5.093259811401367,5.045829772949219,5.047810077667236,5.047810077667236,0.0,EURTRY=X,eur_try
2018-04-16,5.071660041809082,5.115320205688477,5.051449775695801,5.071800231933594,5.071800231933594,0.0,EURTRY=X,eur_try
2018-04-17,5.065659999847412,5.082819938659668,4.976049900054932,5.065730094909668,5.065730094909668,0.0,EURTRY=X,eur_try
2018-04-18,4.9723100662231445,5.007229804992676,4.961870193481445,4.978529930114746,4.978529930114746,0.0,EURTRY=X,eur_try
2018-04-19,4.9942498207092285,4.997990131378174,4.962140083312988,4.994659900665283,4.994659900665283,0.0,EURTRY=X,eur_try
2018-04-22,5.005390167236328,5.029429912567139,4.98298978805542,5.007050037384033,5.007050037384033,0.0,EURTRY=X,eur_try
2018-04-23,5.015560150146484,5.017320156097412,4.976180076599121,5.016389846801758,5.016389846801758,0.0,EURTRY=X,eur_try
2018-04-24,5.000889778137207,5.004539966583252,4.92717981338501,5.001739978790283,5.001739978790283,0.0,EURTRY=X,eur_try
2018-04-25,4.96688985824585,4.979569911956787,4.927999973297119,4.971560001373291,4.971560001373291,0.0,EURTRY=X,eur_try
2018-04-26,4.928530216217041,4.9373297691345215,4.8833699226379395,4.9238600730896,4.9238600730896,0.0,EURTRY=X,eur_try
2018-04-29,4.911250114440918,4.921209812164307,4.875100135803223,4.911970138549805,4.911970138549805,0.0,EURTRY=X,eur_try
2018-04-30,4.902510166168213,4.931920051574707,4.893549919128418,4.903500080108643,4.903500080108643,0.0,EURTRY=X,eur_try
2018-05-01,4.9277801513671875,5.003870010375977,4.912509918212891,4.924230098724365,4.924230098724365,0.0,EURTRY=X,eur_try
2018-05-02,4.997819900512695,5.07942008972168,4.981070041656494,4.998079776763916,4.998079776763916,0.0,EURTRY=X,eur_try
2018-05-03,5.064350128173828,5.131340026855469,5.056399822235107,5.063119888305664,5.063119888305664,0.0,EURTRY=X,eur_try
2018-05-06,5.071959972381592,5.093850135803223,5.056739807128906,5.070590019226074,5.070590019226074,0.0,EURTRY=X,eur_try
2018-05-07,5.089159965515137,5.114270210266113,5.084499835968018,5.090419769287109,5.090419769287109,0.0,EURTRY=X,eur_try
2018-05-08,5.16165018081665,5.174920082092285,5.054759979248047,5.161759853363037,5.161759853363037,0.0,EURTRY=X,eur_try
2018-05-09,5.081860065460205,5.111000061035156,5.034850120544434,5.083950042724609,5.083950042724609,0.0,EURTRY=X,eur_try
2018-05-10,5.049650192260742,5.153600215911865,5.043039798736572,5.051089763641357,5.051089763641357,0.0,EURTRY=X,eur_try
2018-05-13,5.152760028839111,5.203269958496094,5.149580001831055,5.153389930725098,5.153389930725098,0.0,EURTRY=X,eur_try
2018-05-14,5.192389965057373,5.306869983673096,5.190010070800781,5.191800117492676,5.191800117492676,0.0,EURTRY=X,eur_try
2018-05-15,5.262450218200684,5.321899890899658,5.189430236816406,5.263239860534668,5.263239860534668,0.0,EURTRY=X,eur_try
2018-05-16,5.236780166625977,5.272809982299805,5.216969966888428,5.237279891967773,5.237279891967773,0.0,EURTRY=X,eur_try
2018-05-17,5.260049819946289,5.297440052032471,5.25,5.25901985168457,5.25901985168457,0.0,EURTRY=X,eur_try
2018-05-20,5.288609981536865,5.408390045166016,5.278969764709473,5.289740085601807,5.289740085601807,0.0,EURTRY=X,eur_try
2018-05-21,5.396599769592285,5.4930500984191895,5.362669944763184,5.399909973144531,5.399909973144531,0.0,EURTRY=X,eur_try
2018-05-22,5.582940101623535,5.752220153808594,5.5815300941467285,5.5822601318359375,5.5822601318359375,0.0,EURTRY=X,eur_try
2018-05-23,5.355259895324707,5.634890079498291,5.330190181732178,5.354700088500977,5.354700088500977,0.0,EURTRY=X,eur_try
2018-05-24,5.574250221252441,5.61968994140625,5.472869873046875,5.573379993438721,5.573379993438721,0.0,EURTRY=X,eur_try
2018-05-27,5.494470119476318,5.5152201652526855,5.309289932250977,5.490779876708984,5.490779876708984,0.0,EURTRY=X,eur_try
2018-05-28,5.326700210571289,5.352479934692383,5.239059925079346,5.326350212097168,5.326350212097168,0.0,EURTRY=X,eur_try
2018-05-29,5.263339996337891,5.263969898223877,5.174449920654297,5.262919902801514,5.262919902801514,0.0,EURTRY=X,eur_try
2018-05-30,5.209539890289307,5.304769992828369,5.204269886016846,5.210050106048584,5.210050106048584,0.0,EURTRY=X,eur_try
2018-05-31,5.2937798500061035,5.416269779205322,5.281360149383545,5.294260025024414,5.294260025024414,0.0,EURTRY=X,eur_try
2018-06-03,5.425869941711426,5.468989849090576,5.361440181732178,5.418429851531982,5.418429851531982,0.0,EURTRY=X,eur_try
2018-06-04,5.36637020111084,5.4163899421691895,5.36044979095459,5.365970134735107,5.365970134735107,0.0,EURTRY=X,eur_try
2018-06-05,5.383580207824707,5.4416399002075195,5.360569953918457,5.386499881744385,5.386499881744385,0.0,EURTRY=X,eur_try
2018-06-06,5.378680229187012,5.428800106048584,5.273650169372559,5.378600120544434,5.378600120544434,0.0,EURTRY=X,eur_try
2018-06-07,5.284979820251465,5.340489864349365,5.26639986038208,5.278600215911865,5.278600215911865,0.0,EURTRY=X,eur_try
2018-06-10,5.263969898223877,5.349400043487549,5.258880138397217,5.264220237731934,5.264220237731934,0.0,EURTRY=X,eur_try
2018-06-11,5.3221001625061035,5.396780014038086,5.312990188598633,5.322710037231445,5.322710037231445,0.0,EURTRY=X,eur_try
2018-06-12,5.387959957122803,5.519750118255615,5.38385009765625,5.389900207519531,5.389900207519531,0.0,EURTRY=X,eur_try
2018-06-13,5.501239776611328,5.529399871826172,5.410840034484863,5.503389835357666,5.503389835357666,0.0,EURTRY=X,eur_try
2018-06-14,5.482540130615234,5.518189907073975,5.45166015625,5.481959819793701,5.481959819793701,0.0,EURTRY=X,eur_try
2018-06-17,5.495279788970947,5.5073699951171875,5.425980091094971,5.4882001876831055,5.4882001876831055,0.0,EURTRY=X,eur_try
2018-06-18,5.474480152130127,5.513000011444092,5.452400207519531,5.474510192871094,5.474510192871094,0.0,EURTRY=X,eur_try
2018-06-19,5.495629787445068,5.519690036773682,5.484039783477783,5.492459774017334,5.492459774017334,0.0,EURTRY=X,eur_try
2018-06-20,5.493199825286865,5.511199951171875,5.469719886779785,5.49606990814209,5.49606990814209,0.0,EURTRY=X,eur_try
2018-06-21,5.4989800453186035,5.521259784698486,5.446390151977539,5.4959797859191895,5.4959797859191895,0.0,EURTRY=X,eur_try
2018-06-24,5.374790191650391,5.500490188598633,5.284070014953613,5.3766398429870605,5.3766398429870605,0.0,EURTRY=X,eur_try
2018-06-25,5.483789920806885,5.513020038604736,5.388070106506348,5.483530044555664,5.483530044555664,0.0,EURTRY=X,eur_try
2018-06-26,5.371109962463379,5.42126989364624,5.331590175628662,5.372039794921875,5.372039794921875,0.0,EURTRY=X,eur_try
2018-06-27,5.347809791564941,5.369369983673096,5.2975897789001465,5.346159934997559,5.346159934997559,0.0,EURTRY=X,eur_try
2018-06-28,5.3083600997924805,5.361269950866699,5.300600051879883,5.307469844818115,5.307469844818115,0.0,EURTRY=X,eur_try
2018-07-01,5.360000133514404,5.403510093688965,5.347219944000244,5.368840217590332,5.368840217590332,0.0,EURTRY=X,eur_try
2018-07-02,5.369309902191162,5.46097993850708,5.346789836883545,5.371490001678467,5.371490001678467,0.0,EURTRY=X,eur_try
2018-07-03,5.448309898376465,5.5047101974487305,5.433899879455566,5.448740005493164,5.448740005493164,0.0,EURTRY=X,eur_try
2018-07-04,5.448530197143555,5.475200176239014,5.371620178222656,5.451900005340576,5.451900005340576,0.0,EURTRY=X,eur_try
2018-07-05,5.388599872589111,5.407800197601318,5.36706018447876,5.384510040283203,5.384510040283203,0.0,EURTRY=X,eur_try
2018-07-08,5.379879951477051,5.42779016494751,5.3105998039245605,5.379749774932861,5.379749774932861,0.0,EURTRY=X,eur_try
2018-07-09,5.5414299964904785,5.5625,5.45442008972168,5.539979934692383,5.539979934692383,0.0,EURTRY=X,eur_try
2018-07-10,5.527910232543945,5.681359767913818,5.5194501876831055,5.5277299880981445,5.5277299880981445,0.0,EURTRY=X,eur_try
2018-07-11,5.704689979553223,5.732979774475098,5.597869873046875,5.715569972991943,5.715569972991943,0.0,EURTRY=X,eur_try
2018-07-12,5.677110195159912,5.680890083312988,5.614299774169922,5.678309917449951,5.678309917449951,0.0,EURTRY=X,eur_try
2018-07-15,5.668210029602051,5.6964898109436035,5.644499778747559,5.6697998046875,5.6697998046875,0.0,EURTRY=X,eur_try
2018-07-16,5.681970119476318,5.693029880523682,5.5843000411987305,5.682179927825928,5.682179927825928,0.0,EURTRY=X,eur_try
2018-07-17,5.599870204925537,5.622429847717285,5.54656982421875,5.593470096588135,5.593470096588135,0.0,EURTRY=X,eur_try
2018-07-18,5.592100143432617,5.626299858093262,5.584290027618408,5.585000038146973,5.585000038146973,0.0,EURTRY=X,eur_try
2018-07-19,5.599709987640381,5.626389980316162,5.581550121307373,5.602260112762451,5.602260112762451,0.0,EURTRY=X,eur_try
2018-07-22,5.610290050506592,5.613739967346191,5.5467000007629395,5.610219955444336,5.610219955444336,0.0,EURTRY=X,eur_try
2018-07-23,5.541790008544922,5.779439926147461,5.531610012054443,5.538949966430664,5.538949966430664,0.0,EURTRY=X,eur_try
2018-07-24,5.704370021820068,5.70920991897583,5.621640205383301,5.702310085296631,5.702310085296631,0.0,EURTRY=X,eur_try
2018-07-25,5.635709762573242,5.682539939880371,5.610599994659424,5.628680229187012,5.628680229187012,0.0,EURTRY=X,eur_try
2018-07-26,5.67303991317749,5.677840232849121,5.64231014251709,5.668690204620361,5.668690204620361,0.0,EURTRY=X,eur_try
2018-07-29,5.653969764709473,5.733029842376709,5.650869846343994,5.659939765930176,5.659939765930176,0.0,EURTRY=X,eur_try
2018-07-30,5.719870090484619,5.771969795227051,5.715429782867432,5.718760013580322,5.718760013580322,0.0,EURTRY=X,eur_try
2018-07-31,5.747429847717285,5.796000003814697,5.735799789428711,5.748350143432617,5.748350143432617,0.0,EURTRY=X,eur_try
2018-08-01,5.820010185241699,5.923449993133545,5.779399871826172,5.818540096282959,5.818540096282959,0.0,EURTRY=X,eur_try
2018-08-02,5.901179790496826,5.924930095672607,5.864799976348877,5.897540092468262,5.897540092468262,0.0,EURTRY=X,eur_try
2018-08-05,5.896830081939697,6.064340114593506,5.884419918060303,5.8948798179626465,5.8948798179626465,0.0,EURTRY=X,eur_try
2018-08-06,6.080679893493652,6.201119899749756,5.996779918670654,6.08144998550415,6.08144998550415,0.0,EURTRY=X,eur_try
2018-08-07,6.09837007522583,6.153550148010254,6.0779500007629395,6.104219913482666,6.104219913482666,0.0,EURTRY=X,eur_try
2018-08-08,6.15880012512207,6.371500015258789,6.150879859924316,6.169010162353516,6.169010162353516,0.0,EURTRY=X,eur_try
2018-08-09,6.402599811553955,7.753799915313721,6.3956499099731445,6.4028401374816895,6.4028401374816895,0.0,EURTRY=X,eur_try
2018-08-12,7.752630233764648,8.008890151977539,7.293169975280762,7.74105978012085,7.74105978012085,0.0,EURTRY=X,eur_try
2018-08-13,7.926370143890381,7.934800148010254,7.316050052642822,7.917300224304199,7.917300224304199,0.0,EURTRY=X,eur_try
2018-08-14,7.141389846801758,7.435939788818359,6.671609878540039,7.1973700523376465,7.1973700523376465,0.0,EURTRY=X,eur_try
2018-08-15,6.760159969329834,6.845970153808594,6.492310047149658,6.759500026702881,6.759500026702881,0.0,EURTRY=X,eur_try
2018-08-16,6.665180206298828,7.186089992523193,6.543570041656494,6.655700206756592,6.655700206756592,0.0,EURTRY=X,eur_try
2018-08-19,6.861499786376953,7.086639881134033,6.828269958496094,6.861259937286377,6.861259937286377,0.0,EURTRY=X,eur_try
2018-08-20,6.985919952392578,7.084280014038086,6.924960136413574,6.994629859924316,6.994629859924316,0.0,EURTRY=X,eur_try
2018-08-21,7.018219947814941,7.064260005950928,6.973609924316406,7.027770042419434,7.027770042419434,0.0,EURTRY=X,eur_try
2018-08-22,6.983980178833008,7.095570087432861,6.9364800453186035,6.977829933166504,6.977829933166504,0.0,EURTRY=X,eur_try
2018-08-23,7.02223014831543,7.0907697677612305,6.983520030975342,7.020770072937012,7.020770072937012,0.0,EURTRY=X,eur_try
2018-08-26,6.965569972991943,7.309430122375488,6.958940029144287,6.9664998054504395,6.9664998054504395,0.0,EURTRY=X,eur_try
2018-08-27,7.191009998321533,7.347569942474365,7.155409812927246,7.191090106964111,7.191090106964111,0.0,EURTRY=X,eur_try
2018-08-28,7.305960178375244,7.5503997802734375,7.290070056915283,7.326210021972656,7.326210021972656,0.0,EURTRY=X,eur_try
2018-08-29,7.588230133056641,7.9676899909973145,7.550159931182861,7.567150115966797,7.567150115966797,0.0,EURTRY=X,eur_try
2018-08-30,7.8450798988342285,7.914000034332275,7.459060192108154,7.853859901428223,7.853859901428223,0.0,EURTRY=X,eur_try
2018-09-02,7.634379863739014,7.800930023193359,7.575049877166748,7.638430118560791,7.638430118560791,0.0,EURTRY=X,eur_try
2018-09-03,7.701399803161621,7.773839950561523,7.647089958190918,7.682199954986572,7.682199954986572,0.0,EURTRY=X,eur_try
2018-09-04,7.704659938812256,7.769350051879883,7.646830081939697,7.709010124206543,7.709010124206543,0.0,EURTRY=X,eur_try
2018-09-05,7.641459941864014,7.725550174713135,7.611219882965088,7.657299995422363,7.657299995422363,0.0,EURTRY=X,eur_try
2018-09-06,7.635900020599365,7.674079895019531,7.377880096435547,7.642419815063477,7.642419815063477,0.0,EURTRY=X,eur_try
2018-09-09,7.42110013961792,7.516769886016846,7.399700164794922,7.422359943389893,7.422359943389893,0.0,EURTRY=X,eur_try
2018-09-10,7.498280048370361,7.527919769287109,7.465089797973633,7.498559951782227,7.498559951782227,0.0,EURTRY=X,eur_try
2018-09-11,7.469550132751465,7.485919952392578,7.342299938201904,7.468500137329102,7.468500137329102,0.0,EURTRY=X,eur_try
2018-09-12,7.374460220336914,7.613709926605225,7.0011701583862305,7.389969825744629,7.389969825744629,0.0,EURTRY=X,eur_try
2018-09-13,7.156789779663086,7.2181901931762695,7.03849983215332,7.170760154724121,7.170760154724121,0.0,EURTRY=X,eur_try
2018-09-16,7.156569957733154,7.37824010848999,7.1550798416137695,7.160610198974609,7.160610198974609,0.0,EURTRY=X,eur_try
2018-09-17,7.378170013427734,7.545839786529541,7.374670028686523,7.380899906158447,7.380899906158447,0.0,EURTRY=X,eur_try
2018-09-18,7.465799808502197,7.491680145263672,7.26908016204834,7.467870235443115,7.467870235443115,0.0,EURTRY=X,eur_try
2018-09-19,7.291560173034668,7.46943998336792,7.175690174102783,7.300300121307373,7.300300121307373,0.0,EURTRY=X,eur_try
2018-09-20,7.323359966278076,7.41802978515625,7.305150032043457,7.32289981842041,7.32289981842041,0.0,EURTRY=X,eur_try
2018-09-23,7.406070232391357,7.431970119476318,7.115149974822998,7.40762996673584,7.40762996673584,0.0,EURTRY=X,eur_try
2018-09-24,7.2241997718811035,7.334770202636719,7.131730079650879,7.232069969177246,7.232069969177246,0.0,EURTRY=X,eur_try
2018-09-25,7.282599925994873,7.28557014465332,7.145969867706299,7.2815399169921875,7.2815399169921875,0.0,EURTRY=X,eur_try
2018-09-26,7.180369853973389,7.1936798095703125,6.965270042419434,7.1662797927856445,7.1662797927856445,0.0,EURTRY=X,eur_try
2018-09-27,6.983389854431152,7.0128397941589355,6.934790134429932,6.983439922332764,6.983439922332764,0.0,EURTRY=X,eur_try
2018-09-30,7.011129856109619,7.024370193481445,6.8595099449157715,7.0181498527526855,7.0181498527526855,0.0,EURTRY=X,eur_try
2018-10-01,6.874639987945557,6.976510047912598,6.866250038146973,6.873600006103516,6.873600006103516,0.0,EURTRY=X,eur_try
2018-10-02,6.912970066070557,7.0412797927856445,6.912970066070557,6.918399810791016,6.918399810791016,0.0,EURTRY=X,eur_try
2018-10-03,6.943779945373535,7.162380218505859,6.942739963531494,6.943059921264648,6.943059921264648,0.0,EURTRY=X,eur_try
2018-10-04,7.120419979095459,7.139659881591797,7.027170181274414,7.120830059051514,7.120830059051514,0.0,EURTRY=X,eur_try
2018-10-07,7.10237979888916,7.118159770965576,7.013510227203369,7.107170104980469,7.107170104980469,0.0,EURTRY=X,eur_try
2018-10-08,7.020370006561279,7.046480178833008,6.987569808959961,7.03125,7.03125,0.0,EURTRY=X,eur_try
2018-10-09,7.022439956665039,7.048880100250244,6.932449817657471,7.020699977874756,7.020699977874756,0.0,EURTRY=X,eur_try
2018-10-10,7.006659984588623,7.035130023956299,6.885059833526611,7.007440090179443,7.007440090179443,0.0,EURTRY=X,eur_try
2018-10-11,6.861410140991211,6.940169811248779,6.7535400390625,6.861420154571533,6.861420154571533,0.0,EURTRY=X,eur_try
2018-10-14,6.79911994934082,6.811570167541504,6.663990020751953,6.798669815063477,6.798669815063477,0.0,EURTRY=X,eur_try
2018-10-15,6.686349868774414,6.7264299392700195,6.614910125732422,6.695230007171631,6.695230007171631,0.0,EURTRY=X,eur_try
2018-10-16,6.58050012588501,6.601729869842529,6.380109786987305,6.585319995880127,6.585319995880127,0.0,EURTRY=X,eur_try
2018-10-17,6.425389766693115,6.523099899291992,6.352799892425537,6.425670146942139,6.425670146942139,0.0,EURTRY=X,eur_try
2018-10-18,6.449460029602051,6.5417799949646,6.416769981384277,6.449269771575928,6.449269771575928,0.0,EURTRY=X,eur_try
2018-10-21,6.50167989730835,6.521130084991455,6.4892401695251465,6.500669956207275,6.500669956207275,0.0,EURTRY=X,eur_try
2018-10-22,6.491330146789551,6.727729797363281,6.488369941711426,6.491399765014648,6.491399765014648,0.0,EURTRY=X,eur_try
2018-10-23,6.595550060272217,6.6168999671936035,6.447589874267578,6.595849990844727,6.595849990844727,0.0,EURTRY=X,eur_try
2018-10-24,6.4977498054504395,6.541409969329834,6.3837199211120605,6.498079776763916,6.498079776763916,0.0,EURTRY=X,eur_try
2018-10-25,6.403669834136963,6.427579879760742,6.358500003814697,6.403900146484375,6.403900146484375,0.0,EURTRY=X,eur_try
2018-10-29,6.367090225219727,6.3775200843811035,6.280280113220215,6.3668599128723145,6.3668599128723145,0.0,EURTRY=X,eur_try
2018-10-30,6.319119930267334,6.328499794006348,6.212600231170654,6.319839954376221,6.319839954376221,0.0,EURTRY=X,eur_try
2018-10-31,6.210319995880127,6.369269847869873,6.201159954071045,6.208199977874756,6.208199977874756,0.0,EURTRY=X,eur_try
2018-11-01,6.312540054321289,6.407909870147705,6.282660007476807,6.314050197601318,6.314050197601318,0.0,EURTRY=X,eur_try
2018-11-02,6.2949299812316895,6.2972002029418945,6.161920070648193,6.294010162353516,6.294010162353516,0.0,EURTRY=X,eur_try
2018-11-05,6.181990146636963,6.232570171356201,6.090250015258789,6.182400226593018,6.182400226593018,0.0,EURTRY=X,eur_try
2018-11-06,6.0641398429870605,6.182300090789795,6.05003023147583,6.063930034637451,6.063930034637451,0.0,EURTRY=X,eur_try
2018-11-07,6.127009868621826,6.202119827270508,6.115389823913574,6.1265997886657715,6.1265997886657715,0.0,EURTRY=X,eur_try
2018-11-08,6.1249799728393555,6.255690097808838,6.1239399909973145,6.132199764251709,6.132199764251709,0.0,EURTRY=X,eur_try
2018-11-09,6.202300071716309,6.279799938201904,6.1859002113342285,6.202250003814697,6.202250003814697,0.0,EURTRY=X,eur_try
2018-11-12,6.18011999130249,6.213659763336182,6.118619918823242,6.183889865875244,6.183889865875244,0.0,EURTRY=X,eur_try
2018-11-13,6.134659767150879,6.213850021362305,6.133230209350586,6.136720180511475,6.136720180511475,0.0,EURTRY=X,eur_try
2018-11-14,6.192560195922852,6.205349922180176,6.149219989776611,6.189839839935303,6.189839839935303,0.0,EURTRY=X,eur_try
2018-11-15,6.1732401847839355,6.202539920806885,6.008240222930908,6.172379970550537,6.172379970550537,0.0,EURTRY=X,eur_try
2018-11-16,6.09984016418457,6.1097002029418945,6.044909954071045,6.103229999542236,6.103229999542236,0.0,EURTRY=X,eur_try
2018-11-19,6.085830211639404,6.116779804229736,6.058350086212158,6.084090232849121,6.084090232849121,0.0,EURTRY=X,eur_try
2018-11-20,6.080770015716553,6.1940999031066895,6.076930046081543,6.077300071716309,6.077300071716309,0.0,EURTRY=X,eur_try
2018-11-21,6.11515998840332,6.135749816894531,6.013510227203369,6.12060022354126,6.12060022354126,0.0,EURTRY=X,eur_try
2018-11-22,6.052259922027588,6.083799839019775,6.015610218048096,6.050250053405762,6.050250053405762,0.0,EURTRY=X,eur_try
2018-11-23,6.034850120544434,6.0605998039245605,5.969329833984375,6.03508996963501,6.03508996963501,0.0,EURTRY=X,eur_try
2018-11-26,6.000999927520752,6.002880096435547,5.92563009262085,6.000160217285156,6.000160217285156,0.0,EURTRY=X,eur_try
2018-11-27,5.940340042114258,5.978079795837402,5.9121599197387695,5.943819999694824,5.943819999694824,0.0,EURTRY=X,eur_try
2018-11-28,5.936989784240723,5.949639797210693,5.913969993591309,5.937769889831543,5.937769889831543,0.0,EURTRY=X,eur_try
2018-11-29,5.927710056304932,5.950069904327393,5.836540222167969,5.93310022354126,5.93310022354126,0.0,EURTRY=X,eur_try
2018-11-30,5.885019779205322,5.944590091705322,5.8626298904418945,5.8861799240112305,5.8861799240112305,0.0,EURTRY=X,eur_try
2018-12-03,5.884200096130371,5.991399765014648,5.843110084533691,5.886419773101807,5.886419773101807,0.0,EURTRY=X,eur_try
2018-12-04,5.953179836273193,6.19959020614624,5.953179836273193,5.9526801109313965,5.9526801109313965,0.0,EURTRY=X,eur_try
2018-12-05,6.1080498695373535,6.1725897789001465,6.025760173797607,6.105090141296387,6.105090141296387,0.0,EURTRY=X,eur_try
2018-12-06,6.03931999206543,6.119319915771484,6.03764009475708,6.039219856262207,6.039219856262207,0.0,EURTRY=X,eur_try
2018-12-07,6.068709850311279,6.081960201263428,5.995570182800293,6.067560195922852,6.067560195922852,0.0,EURTRY=X,eur_try
2018-12-10,6.063459873199463,6.088409900665283,6.015560150146484,6.0620598793029785,6.0620598793029785,0.0,EURTRY=X,eur_try
2018-12-11,6.042990207672119,6.148210048675537,6.035059928894043,6.0472798347473145,6.0472798347473145,0.0,EURTRY=X,eur_try
2018-12-12,6.063729763031006,6.114160060882568,6.054009914398193,6.064310073852539,6.064310073852539,0.0,EURTRY=X,eur_try
2018-12-13,6.075220108032227,6.131589889526367,6.033659934997559,6.075590133666992,6.075590133666992,0.0,EURTRY=X,eur_try
2018-12-14,6.069809913635254,6.120409965515137,6.0630998611450195,6.069580078125,6.069580078125,0.0,EURTRY=X,eur_try
2018-12-17,6.067860126495361,6.110030174255371,6.067530155181885,6.068130016326904,6.068130016326904,0.0,EURTRY=X,eur_try
2018-12-18,6.093019962310791,6.110099792480469,6.071390151977539,6.097899913787842,6.097899913787842,0.0,EURTRY=X,eur_try
2018-12-19,6.069330215454102,6.0960001945495605,5.978879928588867,6.069630146026611,6.069630146026611,0.0,EURTRY=X,eur_try
2018-12-20,6.028830051422119,6.054699897766113,5.991919994354248,6.031799793243408,6.031799793243408,0.0,EURTRY=X,eur_try
2018-12-21,6.023069858551025,6.0689802169799805,6.007979869842529,6.02377986907959,6.02377986907959,0.0,EURTRY=X,eur_try
2018-12-24,6.039370059967041,6.054220199584961,6.015820026397705,6.03971004486084,6.03971004486084,0.0,EURTRY=X,eur_try
2018-12-25,6.013599872589111,6.097070217132568,6.012800216674805,6.0131001472473145,6.0131001472473145,0.0,EURTRY=X,eur_try
2018-12-26,6.0253400802612305,6.038790225982666,6.007500171661377,6.025469779968262,6.025469779968262,0.0,EURTRY=X,eur_try
2018-12-27,5.989260196685791,6.047669887542725,5.986999988555908,5.9917497634887695,5.9917497634887695,0.0,EURTRY=X,eur_try
2018-12-28,6.049300193786621,6.073200225830078,6.0183000564575195,6.050389766693115,6.050389766693115,0.0,EURTRY=X,eur_try
2018-12-31,6.034120082855225,6.087220191955566,6.018499851226807,6.034749984741211,6.034749984741211,0.0,EURTRY=X,eur_try
2019-01-01,6.063199996948242,6.106599807739258,6.059700012207031,6.046939849853516,6.046939849853516,0.0,EURTRY=X,eur_try
2019-01-02,6.055960178375244,6.160980224609375,6.047229766845703,6.057069778442383,6.057069778442383,0.0,EURTRY=X,eur_try
2019-01-03,6.233590126037598,6.338500022888184,6.13539981842041,6.2140398025512695,6.2140398025512695,0.0,EURTRY=X,eur_try
2019-01-04,6.221250057220459,6.234519958496094,6.086170196533203,6.226480007171631,6.226480007171631,0.0,EURTRY=X,eur_try
2019-01-07,6.070670127868652,6.202030181884766,6.067170143127441,6.0700201988220215,6.0700201988220215,0.0,EURTRY=X,eur_try
2019-01-08,6.1762800216674805,6.304790019989014,6.154799938201904,6.176159858703613,6.176159858703613,0.0,EURTRY=X,eur_try
2019-01-09,6.266839981079102,6.350399971008301,6.260590076446533,6.273489952087402,6.273489952087402,0.0,EURTRY=X,eur_try
2019-01-10,6.325220108032227,6.357029914855957,6.21599006652832,6.321310043334961,6.321310043334961,0.0,EURTRY=X,eur_try
2019-01-11,6.246210098266602,6.325510025024414,6.238339900970459,6.241829872131348,6.241829872131348,0.0,EURTRY=X,eur_try
2019-01-14,6.277810096740723,6.357900142669678,6.274590015411377,6.276000022888184,6.276000022888184,0.0,EURTRY=X,eur_try
2019-01-15,6.255680084228516,6.273600101470947,6.195189952850342,6.264699935913086,6.264699935913086,0.0,EURTRY=X,eur_try
2019-01-16,6.208250045776367,6.219099998474121,6.089069843292236,6.211480140686035,6.211480140686035,0.0,EURTRY=X,eur_try
2019-01-17,6.08204984664917,6.13238000869751,6.0784502029418945,6.081210136413574,6.081210136413574,0.0,EURTRY=X,eur_try
2019-01-18,6.091790199279785,6.122089862823486,6.050340175628662,6.097529888153076,6.097529888153076,0.0,EURTRY=X,eur_try
2019-01-21,6.0517401695251465,6.089310169219971,6.0477800369262695,6.0517401695251465,6.0517401695251465,0.0,EURTRY=X,eur_try
2019-01-22,6.047389984130859,6.093249797821045,6.043950080871582,6.057380199432373,6.057380199432373,0.0,EURTRY=X,eur_try
2019-01-23,6.064320087432861,6.082170009613037,6.00846004486084,6.068299770355225,6.068299770355225,0.0,EURTRY=X,eur_try
2019-01-24,6.018970012664795,6.032350063323975,5.947579860687256,6.016059875488281,6.016059875488281,0.0,EURTRY=X,eur_try
2019-01-25,5.951839923858643,6.014880180358887,5.948969841003418,5.9515299797058105,5.9515299797058105,0.0,EURTRY=X,eur_try
2019-01-28,6.009880065917969,6.107069969177246,5.993189811706543,6.010149955749512,6.010149955749512,0.0,EURTRY=X,eur_try
2019-01-29,6.080540180206299,6.129940032958984,6.054140090942383,6.08066987991333,6.08066987991333,0.0,EURTRY=X,eur_try
2019-01-30,6.066410064697266,6.090000152587891,6.006730079650879,6.0664801597595215,6.0664801597595215,0.0,EURTRY=X,eur_try
2019-01-31,6.00423002243042,6.023900032043457,5.928130149841309,6.006700038909912,6.006700038909912,0.0,EURTRY=X,eur_try
2019-02-01,5.930699825286865,5.998050212860107,5.925360202789307,5.9258599281311035,5.9258599281311035,0.0,EURTRY=X,eur_try
2019-02-04,5.970920085906982,5.9930500984191895,5.9568400382995605,5.9699602127075195,5.9699602127075195,0.0,EURTRY=X,eur_try
2019-02-05,5.962039947509766,5.969419956207275,5.921000003814697,5.962309837341309,5.962309837341309,0.0,EURTRY=X,eur_try
2019-02-06,5.928679943084717,5.956820011138916,5.921299934387207,5.928760051727295,5.928760051727295,0.0,EURTRY=X,eur_try
2019-02-07,5.93927001953125,5.983059883117676,5.926760196685791,5.94120979309082,5.94120979309082,0.0,EURTRY=X,eur_try
2019-02-08,5.9771599769592285,5.980860233306885,5.941229820251465,5.975769996643066,5.975769996643066,0.0,EURTRY=X,eur_try
2019-02-11,5.9419097900390625,5.968249797821045,5.934080123901367,5.944079875946045,5.944079875946045,0.0,EURTRY=X,eur_try
2019-02-12,5.9527201652526855,5.958059787750244,5.930429935455322,5.9475998878479,5.9475998878479,0.0,EURTRY=X,eur_try
2019-02-13,5.950479984283447,5.970729827880859,5.931449890136719,5.951479911804199,5.951479911804199,0.0,EURTRY=X,eur_try
2019-02-14,5.948609828948975,6.006529808044434,5.938809871673584,5.954500198364258,5.954500198364258,0.0,EURTRY=X,eur_try
2019-02-15,5.957600116729736,5.982269763946533,5.926609992980957,5.955939769744873,5.955939769744873,0.0,EURTRY=X,eur_try
2019-02-18,5.962930202484131,6.012400150299072,5.955249786376953,5.965549945831299,5.965549945831299,0.0,EURTRY=X,eur_try
2019-02-19,5.989170074462891,6.016590118408203,5.980000019073486,5.989850044250488,5.989850044250488,0.0,EURTRY=X,eur_try
2019-02-20,5.994279861450195,6.053470134735107,5.987430095672607,5.994100093841553,5.994100093841553,0.0,EURTRY=X,eur_try
2019-02-21,6.039899826049805,6.05649995803833,6.019780158996582,6.039269924163818,6.039269924163818,0.0,EURTRY=X,eur_try
2019-02-22,6.031499862670898,6.053369998931885,6.022510051727295,6.031310081481934,6.031310081481934,0.0,EURTRY=X,eur_try
2019-02-25,6.0306901931762695,6.038829803466797,6.006420135498047,6.0318098068237305,6.0318098068237305,0.0,EURTRY=X,eur_try
2019-02-26,6.024250030517578,6.042449951171875,6.01338005065918,6.026370048522949,6.026370048522949,0.0,EURTRY=X,eur_try
2019-02-27,6.039519786834717,6.05511999130249,6.0208001136779785,6.0387701988220215,6.0387701988220215,0.0,EURTRY=X,eur_try
2019-02-28,6.040420055389404,6.081389904022217,6.039999961853027,6.041800022125244,6.041800022125244,0.0,EURTRY=X,eur_try
2019-03-01,6.073520183563232,6.148809909820557,6.067550182342529,6.074240207672119,6.074240207672119,0.0,EURTRY=X,eur_try
2019-03-04,6.108960151672363,6.126699924468994,6.076630115509033,6.108870029449463,6.108870029449463,0.0,EURTRY=X,eur_try
2019-03-05,6.110249996185303,6.118249893188477,6.0779900550842285,6.107029914855957,6.107029914855957,0.0,EURTRY=X,eur_try
2019-03-06,6.092549800872803,6.156949996948242,6.0619001388549805,6.087130069732666,6.087130069732666,0.0,EURTRY=X,eur_try
2019-03-07,6.146999835968018,6.168680191040039,6.106480121612549,6.144969940185547,6.144969940185547,0.0,EURTRY=X,eur_try
2019-03-08,6.111350059509277,6.1484599113464355,6.100790023803711,6.111460208892822,6.111460208892822,0.0,EURTRY=X,eur_try
2019-03-11,6.100560188293457,6.134980201721191,6.097640037536621,6.101319789886475,6.101319789886475,0.0,EURTRY=X,eur_try
2019-03-12,6.114719867706299,6.164529800415039,6.098400115966797,6.116950035095215,6.116950035095215,0.0,EURTRY=X,eur_try
2019-03-13,6.1557698249816895,6.184800148010254,6.150390148162842,6.155640125274658,6.155640125274658,0.0,EURTRY=X,eur_try
2019-03-14,6.185229778289795,6.20182991027832,6.175300121307373,6.196509838104248,6.196509838104248,0.0,EURTRY=X,eur_try
2019-03-15,6.180540084838867,6.2038798332214355,6.173299789428711,6.181990146636963,6.181990146636963,0.0,EURTRY=X,eur_try
2019-03-18,6.166009902954102,6.205550193786621,6.1656999588012695,6.165780067443848,6.165780067443848,0.0,EURTRY=X,eur_try
2019-03-19,6.195720195770264,6.222139835357666,6.1944899559021,6.196119785308838,6.196119785308838,0.0,EURTRY=X,eur_try
2019-03-20,6.212979793548584,6.223959922790527,6.205470085144043,6.2140398025512695,6.2140398025512695,0.0,EURTRY=X,eur_try
2019-03-21,6.2007598876953125,6.224979877471924,6.195489883422852,6.200290203094482,6.200290203094482,0.0,EURTRY=X,eur_try
2019-03-22,6.214719772338867,6.4706501960754395,6.210279941558838,6.215129852294922,6.215129852294922,0.0,EURTRY=X,eur_try
2019-03-25,6.424330234527588,6.4724202156066895,6.290349960327148,6.412129878997803,6.412129878997803,0.0,EURTRY=X,eur_try
2019-03-26,6.289120197296143,6.323699951171875,6.165689945220947,6.2906599044799805,6.2906599044799805,0.0,EURTRY=X,eur_try
2019-03-27,6.04679012298584,6.1491498947143555,5.970570087432861,6.046870231628418,6.046870231628418,0.0,EURTRY=X,eur_try
2019-03-28,6.030290126800537,6.296899795532227,6.017320156097412,6.030910015106201,6.030910015106201,0.0,EURTRY=X,eur_try
2019-03-29,6.221449851989746,6.354249954223633,6.2133097648620605,6.253699779510498,6.253699779510498,0.0,EURTRY=X,eur_try
2019-03-31,6.272409915924072,6.401219844818115,6.1003098487854,6.2763800621032715,6.2763800621032715,0.0,EURTRY=X,eur_try
2019-04-01,6.158539772033691,6.350319862365723,6.152830123901367,6.15841007232666,6.15841007232666,0.0,EURTRY=X,eur_try
2019-04-02,6.283989906311035,6.340909957885742,6.256629943847656,6.292200088500977,6.292200088500977,0.0,EURTRY=X,eur_try
2019-04-03,6.3194098472595215,6.360720157623291,6.230100154876709,6.319240093231201,6.319240093231201,0.0,EURTRY=X,eur_try
2019-04-04,6.2884697914123535,6.331029891967773,6.258510112762451,6.287189960479736,6.287189960479736,0.0,EURTRY=X,eur_try
2019-04-07,6.316140174865723,6.442110061645508,6.314859867095947,6.315529823303223,6.315529823303223,0.0,EURTRY=X,eur_try
2019-04-08,6.406879901885986,6.428020000457764,6.35915994644165,6.402740001678467,6.402740001678467,0.0,EURTRY=X,eur_try
2019-04-09,6.398890018463135,6.441359996795654,6.379280090332031,6.399740219116211,6.399740219116211,0.0,EURTRY=X,eur_try
2019-04-10,6.403540134429932,6.487989902496338,6.398580074310303,6.403940200805664,6.403940200805664,0.0,EURTRY=X,eur_try
2019-04-11,6.458499908447266,6.586730003356934,6.454040050506592,6.454329967498779,6.454329967498779,0.0,EURTRY=X,eur_try
2019-04-14,6.536009788513184,6.578010082244873,6.534150123596191,6.534669876098633,6.534669876098633,0.0,EURTRY=X,eur_try
2019-04-15,6.5561699867248535,6.583559989929199,6.528079986572266,6.55633020401001,6.55633020401001,0.0,EURTRY=X,eur_try
2019-04-16,6.529630184173584,6.560050010681152,6.449940204620361,6.529560089111328,6.529560089111328,0.0,EURTRY=X,eur_try
2019-04-17,6.518499851226807,6.584400177001953,6.498390197753906,6.500400066375732,6.500400066375732,0.0,EURTRY=X,eur_try
2019-04-18,6.546850204467773,6.564280033111572,6.5157999992370605,6.548709869384766,6.548709869384766,0.0,EURTRY=X,eur_try
2019-04-21,6.547339916229248,6.576340198516846,6.532690048217773,6.547100067138672,6.547100067138672,0.0,EURTRY=X,eur_try
2019-04-22,6.555309772491455,6.573919773101807,6.530680179595947,6.559629917144775,6.559629917144775,0.0,EURTRY=X,eur_try
2019-04-23,6.546780109405518,6.593339920043945,6.542829990386963,6.547939777374268,6.547939777374268,0.0,EURTRY=X,eur_try
2019-04-24,6.5629401206970215,6.657199859619141,6.546830177307129,6.563690185546875,6.563690185546875,0.0,EURTRY=X,eur_try
2019-04-25,6.637149810791016,6.65084981918335,6.594299793243408,6.636710166931152,6.636710166931152,0.0,EURTRY=X,eur_try
2019-04-28,6.629109859466553,6.655280113220215,6.613500118255615,6.629960060119629,6.629960060119629,0.0,EURTRY=X,eur_try
2019-04-29,6.655849933624268,6.699069976806641,6.65438985824585,6.655600070953369,6.655600070953369,0.0,EURTRY=X,eur_try
2019-04-30,6.689000129699707,6.707729816436768,6.673900127410889,6.689599990844727,6.689599990844727,0.0,EURTRY=X,eur_try
2019-05-01,6.681729793548584,6.702119827270508,6.672749996185303,6.675600051879883,6.675600051879883,0.0,EURTRY=X,eur_try
2019-05-02,6.665030002593994,6.686069965362549,6.658299922943115,6.665800094604492,6.665800094604492,0.0,EURTRY=X,eur_try
2019-05-05,6.692699909210205,6.759669780731201,6.687139987945557,6.690509796142578,6.690509796142578,0.0,EURTRY=X,eur_try
2019-05-06,6.816299915313721,6.945519924163818,6.809080123901367,6.816359996795654,6.816359996795654,0.0,EURTRY=X,eur_try
2019-05-07,6.886449813842773,6.936820030212402,6.886449813842773,6.886350154876709,6.886350154876709,0.0,EURTRY=X,eur_try
2019-05-08,6.893710136413574,7.029399871826172,6.886940002441406,6.896009922027588,6.896009922027588,0.0,EURTRY=X,eur_try
2019-05-09,6.907700061798096,6.917280197143555,6.7982401847839355,6.9078898429870605,6.9078898429870605,0.0,EURTRY=X,eur_try
2019-05-12,6.729479789733887,6.88709020614624,6.692590236663818,6.729420185089111,6.729420185089111,0.0,EURTRY=X,eur_try
2019-05-13,6.843400001525879,6.864150047302246,6.713339805603027,6.842199802398682,6.842199802398682,0.0,EURTRY=X,eur_try
2019-05-14,6.751589775085449,6.820400238037109,6.707900047302246,6.752470016479492,6.752470016479492,0.0,EURTRY=X,eur_try
2019-05-15,6.737490177154541,6.777430057525635,6.726809978485107,6.737520217895508,6.737520217895508,0.0,EURTRY=X,eur_try
2019-05-16,6.7636399269104,6.802750110626221,6.743539810180664,6.763000011444092,6.763000011444092,0.0,EURTRY=X,eur_try
2019-05-19,6.765659809112549,6.780700206756592,6.701970100402832,6.7659502029418945,6.7659502029418945,0.0,EURTRY=X,eur_try
2019-05-20,6.724679946899414,6.776830196380615,6.705830097198486,6.724999904632568,6.724999904632568,0.0,EURTRY=X,eur_try
2019-05-21,6.7676100730896,6.825089931488037,6.751659870147705,6.7678399085998535,6.7678399085998535,0.0,EURTRY=X,eur_try
2019-05-22,6.825960159301758,6.869229793548584,6.7988600730896,6.824979782104492,6.824979782104492,0.0,EURTRY=X,eur_try
2019-05-23,6.8401198387146,6.854320049285889,6.778900146484375,6.839290142059326,6.839290142059326,0.0,EURTRY=X,eur_try
2019-05-26,6.81056022644043,6.822269916534424,6.761449813842773,6.807429790496826,6.807429790496826,0.0,EURTRY=X,eur_try
2019-05-27,6.78626012802124,6.802909851074219,6.710750102996826,6.790949821472168,6.790949821472168,0.0,EURTRY=X,eur_try
2019-05-28,6.737170219421387,6.755099773406982,6.689700126647949,6.736480236053467,6.736480236053467,0.0,EURTRY=X,eur_try
2019-05-29,6.69989013671875,6.718470096588135,6.530300140380859,6.700329780578613,6.700329780578613,0.0,EURTRY=X,eur_try
2019-05-30,6.5753397941589355,6.601039886474609,6.484399795532227,6.5782599449157715,6.5782599449157715,0.0,EURTRY=X,eur_try
2019-06-02,6.5484299659729,6.586599826812744,6.521500110626221,6.5510101318359375,6.5510101318359375,0.0,EURTRY=X,eur_try
2019-06-03,6.559790134429932,6.593860149383545,6.457200050354004,6.559599876403809,6.559599876403809,0.0,EURTRY=X,eur_try
2019-06-04,6.497769832611084,6.51623010635376,6.391860008239746,6.497230052947998,6.497230052947998,0.0,EURTRY=X,eur_try
2019-06-05,6.419919967651367,6.532350063323975,6.411280155181885,6.420139789581299,6.420139789581299,0.0,EURTRY=X,eur_try
2019-06-06,6.525209903717041,6.606880187988281,6.516170024871826,6.526209831237793,6.526209831237793,0.0,EURTRY=X,eur_try
2019-06-09,6.609529972076416,6.625740051269531,6.515979766845703,6.610050201416016,6.610050201416016,0.0,EURTRY=X,eur_try
2019-06-10,6.552549839019775,6.607860088348389,6.516409873962402,6.552490234375,6.552490234375,0.0,EURTRY=X,eur_try
2019-06-11,6.569049835205078,6.608099937438965,6.53685998916626,6.572889804840088,6.572889804840088,0.0,EURTRY=X,eur_try
2019-06-12,6.562359809875488,6.6516499519348145,6.552979946136475,6.5613298416137695,6.5613298416137695,0.0,EURTRY=X,eur_try
2019-06-13,6.626029968261719,6.694019794464111,6.592450141906738,6.625349998474121,6.625349998474121,0.0,EURTRY=X,eur_try
2019-06-16,6.63254976272583,6.649779796600342,6.57820987701416,6.633130073547363,6.633130073547363,0.0,EURTRY=X,eur_try
2019-06-17,6.589250087738037,6.602950096130371,6.51662015914917,6.589079856872559,6.589079856872559,0.0,EURTRY=X,eur_try
2019-06-18,6.522140026092529,6.6135101318359375,6.5200300216674805,6.522649765014648,6.522649765014648,0.0,EURTRY=X,eur_try
2019-06-19,6.507929801940918,6.539569854736328,6.468800067901611,6.506669998168945,6.506669998168945,0.0,EURTRY=X,eur_try
2019-06-20,6.506470203399658,6.6132001876831055,6.502099990844727,6.507760047912598,6.507760047912598,0.0,EURTRY=X,eur_try
2019-06-23,6.55702018737793,6.634009838104248,6.50098991394043,6.5600199699401855,6.5600199699401855,0.0,EURTRY=X,eur_try
2019-06-24,6.611130237579346,6.6407999992370605,6.555210113525391,6.610730171203613,6.610730171203613,0.0,EURTRY=X,eur_try
2019-06-25,6.582789897918701,6.601729869842529,6.5384202003479,6.58650016784668,6.58650016784668,0.0,EURTRY=X,eur_try
2019-06-26,6.561299800872803,6.584670066833496,6.547659873962402,6.561669826507568,6.561669826507568,0.0,EURTRY=X,eur_try
2019-06-27,6.559589862823486,6.594729900360107,6.547699928283691,6.559820175170898,6.559820175170898,0.0,EURTRY=X,eur_try
2019-06-30,6.519060134887695,6.527939796447754,6.377960205078125,6.5135297775268555,6.5135297775268555,0.0,EURTRY=X,eur_try
2019-07-01,6.375569820404053,6.43366003036499,6.359670162200928,6.3749799728393555,6.3749799728393555,0.0,EURTRY=X,eur_try
2019-07-02,6.376999855041504,6.388400077819824,6.327760219573975,6.378550052642822,6.378550052642822,0.0,EURTRY=X,eur_try
2019-07-03,6.343470096588135,6.358449935913086,6.3000898361206055,6.355350017547607,6.355350017547607,0.0,EURTRY=X,eur_try
2019-07-04,6.314350128173828,6.34060001373291,6.300419807434082,6.314320087432861,6.314320087432861,0.0,EURTRY=X,eur_try
2019-07-07,6.444729804992676,6.489230155944824,6.406869888305664,6.4467902183532715,6.4467902183532715,0.0,EURTRY=X,eur_try
2019-07-08,6.4250898361206055,6.439189910888672,6.370299816131592,6.4268598556518555,6.4268598556518555,0.0,EURTRY=X,eur_try
2019-07-09,6.418240070343018,6.457119941711426,6.408850193023682,6.415380001068115,6.415380001068115,0.0,EURTRY=X,eur_try
2019-07-10,6.400199890136719,6.417099952697754,6.369609832763672,6.400199890136719,6.400199890136719,0.0,EURTRY=X,eur_try
2019-07-11,6.396870136260986,6.493770122528076,6.387710094451904,6.398829936981201,6.398829936981201,0.0,EURTRY=X,eur_try
2019-07-14,6.452250003814697,6.458199977874756,6.41825008392334,6.452199935913086,6.452199935913086,0.0,EURTRY=X,eur_try
2019-07-15,6.426199913024902,6.443850040435791,6.389430046081543,6.42671012878418,6.42671012878418,0.0,EURTRY=X,eur_try
2019-07-16,6.401000022888184,6.408390045166016,6.365699768066406,6.406700134277344,6.406700134277344,0.0,EURTRY=X,eur_try
2019-07-17,6.376729965209961,6.414730072021484,6.3726301193237305,6.387899875640869,6.387899875640869,0.0,EURTRY=X,eur_try
2019-07-18,6.321479797363281,6.362110137939453,6.321229934692383,6.326990127563477,6.326990127563477,0.0,EURTRY=X,eur_try
2019-07-21,6.341509819030762,6.381199836730957,6.338220119476318,6.335080146789551,6.335080146789551,0.0,EURTRY=X,eur_try
2019-07-22,6.351339817047119,6.376629829406738,6.338699817657471,6.351960182189941,6.351960182189941,0.0,EURTRY=X,eur_try
2019-07-23,6.3766398429870605,6.386960029602051,6.341899871826172,6.375609874725342,6.375609874725342,0.0,EURTRY=X,eur_try
2019-07-24,6.360010147094727,6.394350051879883,6.289680004119873,6.3608198165893555,6.3608198165893555,0.0,EURTRY=X,eur_try
2019-07-25,6.351280212402344,6.359039783477783,6.256499767303467,6.350830078125,6.350830078125,0.0,EURTRY=X,eur_try
2019-07-28,6.294569969177246,6.310050010681152,6.233799934387207,6.294119834899902,6.294119834899902,0.0,EURTRY=X,eur_try
2019-07-29,6.256509780883789,6.256509780883789,6.189149856567383,6.2565999031066895,6.2565999031066895,0.0,EURTRY=X,eur_try
2019-07-30,6.19936990737915,6.206850051879883,6.146900177001953,6.199749946594238,6.199749946594238,0.0,EURTRY=X,eur_try
2019-07-31,6.170589923858643,6.190619945526123,6.145790100097656,6.172420024871826,6.172420024871826,0.0,EURTRY=X,eur_try
2019-08-01,6.205979824066162,6.2206501960754395,6.16457986831665,6.204110145568848,6.204110145568848,0.0,EURTRY=X,eur_try
2019-08-04,6.1608099937438965,6.245989799499512,6.160699844360352,6.162469863891602,6.162469863891602,0.0,EURTRY=X,eur_try
2019-08-05,6.281670093536377,6.285510063171387,6.160099983215332,6.281869888305664,6.281869888305664,0.0,EURTRY=X,eur_try
2019-08-06,6.1946001052856445,6.203050136566162,6.129199981689453,6.195950031280518,6.195950031280518,0.0,EURTRY=X,eur_try
2019-08-07,6.147119998931885,6.185609817504883,6.107399940490723,6.148799896240234,6.148799896240234,0.0,EURTRY=X,eur_try
2019-08-08,6.133999824523926,6.176499843597412,6.113399982452393,6.1314802169799805,6.1314802169799805,0.0,EURTRY=X,eur_try
2019-08-11,6.148690223693848,6.2434000968933105,6.147349834442139,6.149449825286865,6.149449825286865,0.0,EURTRY=X,eur_try
2019-08-12,6.236400127410889,6.321390151977539,6.2177300453186035,6.236599922180176,6.236599922180176,0.0,EURTRY=X,eur_try
2019-08-13,6.216899871826172,6.273019790649414,6.2144598960876465,6.2220001220703125,6.2220001220703125,0.0,EURTRY=X,eur_try
2019-08-14,6.250500202178955,6.252699851989746,6.179049968719482,6.250490188598633,6.250490188598633,0.0,EURTRY=X,eur_try
2019-08-15,6.184770107269287,6.1880202293396,6.133399963378906,6.1844401359558105,6.1844401359558105,0.0,EURTRY=X,eur_try
2019-08-18,6.190810203552246,6.285069942474365,6.170400142669678,6.190639972686768,6.190639972686768,0.0,EURTRY=X,eur_try
2019-08-19,6.2577900886535645,6.374100208282471,6.251319885253906,6.258729934692383,6.258729934692383,0.0,EURTRY=X,eur_try
2019-08-20,6.357600212097168,6.3633599281311035,6.332059860229492,6.356969833374023,6.356969833374023,0.0,EURTRY=X,eur_try
2019-08-21,6.344799995422363,6.426380157470703,6.336599826812744,6.355649948120117,6.355649948120117,0.0,EURTRY=X,eur_try
2019-08-22,6.3912200927734375,6.419829845428467,6.359499931335449,6.391630172729492,6.391630172729492,0.0,EURTRY=X,eur_try
2019-08-25,6.487559795379639,6.497769832611084,6.427299976348877,6.488170146942139,6.488170146942139,0.0,EURTRY=X,eur_try
2019-08-26,6.467400074005127,6.50124979019165,6.439899921417236,6.470749855041504,6.470749855041504,0.0,EURTRY=X,eur_try
2019-08-27,6.461609840393066,6.483399868011475,6.422500133514404,6.46196985244751,6.46196985244751,0.0,EURTRY=X,eur_try
2019-08-28,6.450980186462402,6.474140167236328,6.440800189971924,6.451690196990967,6.451690196990967,0.0,EURTRY=X,eur_try
2019-08-29,6.448540210723877,6.456500053405762,6.396399974822998,6.448840141296387,6.448840141296387,0.0,EURTRY=X,eur_try
2019-09-01,6.411610126495361,6.418950080871582,6.36083984375,6.412199974060059,6.412199974060059,0.0,EURTRY=X,eur_try
2019-09-02,6.363729953765869,6.366829872131348,6.277979850769043,6.367099761962891,6.367099761962891,0.0,EURTRY=X,eur_try
2019-09-03,6.278659820556641,6.290500164031982,6.205659866333008,6.2790398597717285,6.2790398597717285,0.0,EURTRY=X,eur_try
2019-09-04,6.258230209350586,6.300839900970459,6.228119850158691,6.25846004486084,6.25846004486084,0.0,EURTRY=X,eur_try
2019-09-05,6.282810211181641,6.325200080871582,6.273059844970703,6.278870105743408,6.278870105743408,0.0,EURTRY=X,eur_try
2019-09-08,6.288070201873779,6.36959981918335,6.285630226135254,6.288010120391846,6.288010120391846,0.0,EURTRY=X,eur_try
2019-09-09,6.341489791870117,6.387969970703125,6.339550018310547,6.3429999351501465,6.3429999351501465,0.0,EURTRY=X,eur_try
2019-09-10,6.370800018310547,6.396399974822998,6.314499855041504,6.372270107269287,6.372270107269287,0.0,EURTRY=X,eur_try
2019-09-11,6.328460216522217,6.354959964752197,6.196380138397217,6.329689979553223,6.329689979553223,0.0,EURTRY=X,eur_try
2019-09-12,6.254570007324219,6.311230182647705,6.248499870300293,6.258570194244385,6.258570194244385,0.0,EURTRY=X,eur_try
2019-09-15,6.34689998626709,6.357240200042725,6.2733001708984375,6.34581995010376,6.34581995010376,0.0,EURTRY=X,eur_try
2019-09-16,6.300209999084473,6.321579933166504,6.284420013427734,6.300779819488525,6.300779819488525,0.0,EURTRY=X,eur_try
2019-09-17,6.310400009155273,6.31328010559082,6.256199836730957,6.313799858093262,6.313799858093262,0.0,EURTRY=X,eur_try
2019-09-18,6.262400150299072,6.321300029754639,6.258659839630127,6.260769844055176,6.260769844055176,0.0,EURTRY=X,eur_try
2019-09-19,6.311100006103516,6.331009864807129,6.279200077056885,6.3125901222229,6.3125901222229,0.0,EURTRY=X,eur_try
2019-09-22,6.322480201721191,6.326109886169434,6.273819923400879,6.322249889373779,6.322249889373779,0.0,EURTRY=X,eur_try
2019-09-23,6.2847900390625,6.2884202003479,6.237800121307373,6.287489891052246,6.287489891052246,0.0,EURTRY=X,eur_try
2019-09-24,6.269929885864258,6.279170036315918,6.223490238189697,6.270619869232178,6.270619869232178,0.0,EURTRY=X,eur_try
2019-09-25,6.209939956665039,6.2357401847839355,6.177289962768555,6.210549831390381,6.210549831390381,0.0,EURTRY=X,eur_try
2019-09-26,6.187689781188965,6.21550989151001,6.178699970245361,6.187580108642578,6.187580108642578,0.0,EURTRY=X,eur_try
2019-09-29,6.198279857635498,6.206210136413574,6.145500183105469,6.193399906158447,6.193399906158447,0.0,EURTRY=X,eur_try
2019-09-30,6.157519817352295,6.260900020599365,6.146850109100342,6.153409957885742,6.153409957885742,0.0,EURTRY=X,eur_try
2019-10-01,6.251910209655762,6.280129909515381,6.223800182342529,6.251699924468994,6.251699924468994,0.0,EURTRY=X,eur_try
2019-10-02,6.246880054473877,6.26515007019043,6.206389904022217,6.247600078582764,6.247600078582764,0.0,EURTRY=X,eur_try
2019-10-03,6.246910095214844,6.264540195465088,6.228000164031982,6.2470197677612305,6.2470197677612305,0.0,EURTRY=X,eur_try
2019-10-06,6.272679805755615,6.379159927368164,6.263959884643555,6.271249771118164,6.271249771118164,0.0,EURTRY=X,eur_try
2019-10-07,6.403910160064697,6.421440124511719,6.351799964904785,6.403779983520508,6.403779983520508,0.0,EURTRY=X,eur_try
2019-10-08,6.393330097198486,6.449659824371338,6.382699966430664,6.392159938812256,6.392159938812256,0.0,EURTRY=X,eur_try
2019-10-09,6.453740119934082,6.505149841308594,6.412290096282959,6.463399887084961,6.463399887084961,0.0,EURTRY=X,eur_try
2019-10-10,6.431719779968262,6.49360990524292,6.4159698486328125,6.431620121002197,6.431620121002197,0.0,EURTRY=X,eur_try
2019-10-13,6.4986701011657715,6.5449700355529785,6.497179985046387,6.498569965362549,6.498569965362549,0.0,EURTRY=X,eur_try
2019-10-14,6.534070014953613,6.540349960327148,6.457469940185547,6.532690048217773,6.532690048217773,0.0,EURTRY=X,eur_try
2019-10-15,6.533699989318848,6.545229911804199,6.4887800216674805,6.534110069274902,6.534110069274902,0.0,EURTRY=X,eur_try
2019-10-16,6.511940002441406,6.563419818878174,6.507609844207764,6.512889862060547,6.512889862060547,0.0,EURTRY=X,eur_try
2019-10-17,6.46491003036499,6.476500034332275,6.401100158691406,6.46697998046875,6.46697998046875,0.0,EURTRY=X,eur_try
2019-10-20,6.467800140380859,6.530879974365234,6.456200122833252,6.462600231170654,6.462600231170654,0.0,EURTRY=X,eur_try
2019-10-21,6.534649848937988,6.535319805145264,6.457479953765869,6.533840179443359,6.533840179443359,0.0,EURTRY=X,eur_try
2019-10-22,6.4544901847839355,6.462430000305176,6.367149829864502,6.454170227050781,6.454170227050781,0.0,EURTRY=X,eur_try
2019-10-23,6.384990215301514,6.427189826965332,6.380859851837158,6.384829998016357,6.384829998016357,0.0,EURTRY=X,eur_try
2019-10-24,6.39939022064209,6.426700115203857,6.387660026550293,6.400179862976074,6.400179862976074,0.0,EURTRY=X,eur_try
2019-10-28,6.393139839172363,6.397719860076904,6.336170196533203,6.3900299072265625,6.3900299072265625,0.0,EURTRY=X,eur_try
2019-10-29,6.358500003814697,6.384099960327148,6.346330165863037,6.358799934387207,6.358799934387207,0.0,EURTRY=X,eur_try
2019-10-30,6.385940074920654,6.412489891052246,6.340290069580078,6.390359878540039,6.390359878540039,0.0,EURTRY=X,eur_try
2019-10-31,6.356939792633057,6.385960102081299,6.356689929962158,6.354829788208008,6.354829788208008,0.0,EURTRY=X,eur_try
2019-11-01,6.367430210113525,6.399940013885498,6.360429763793945,6.367660045623779,6.367660045623779,0.0,EURTRY=X,eur_try
2019-11-04,6.367380142211914,6.393089771270752,6.338399887084961,6.367670059204102,6.367670059204102,0.0,EURTRY=X,eur_try
2019-11-05,6.377349853515625,6.39592981338501,6.361999988555908,6.381649971008301,6.381649971008301,0.0,EURTRY=X,eur_try
2019-11-06,6.368619918823242,6.392499923706055,6.362770080566406,6.368490219116211,6.368490219116211,0.0,EURTRY=X,eur_try
2019-11-07,6.362289905548096,6.379459857940674,6.333040237426758,6.363379955291748,6.363379955291748,0.0,EURTRY=X,eur_try
2019-11-08,6.351530075073242,6.356969833374023,6.340909957885742,6.351900100708008,6.351900100708008,0.0,EURTRY=X,eur_try
2019-11-11,6.356110095977783,6.387909889221191,6.351029872894287,6.355939865112305,6.355939865112305,0.0,EURTRY=X,eur_try
2019-11-12,6.363959789276123,6.375830173492432,6.348919868469238,6.367549896240234,6.367549896240234,0.0,EURTRY=X,eur_try
2019-11-13,6.355420112609863,6.3601298332214355,6.31056022644043,6.355669975280762,6.355669975280762,0.0,EURTRY=X,eur_try
2019-11-14,6.333290100097656,6.366640090942383,6.320040225982666,6.33411979675293,6.33411979675293,0.0,EURTRY=X,eur_try
2019-11-15,6.332590103149414,6.356870174407959,6.332590103149414,6.332590103149414,6.332590103149414,0.0,EURTRY=X,eur_try
2019-11-18,6.349959850311279,6.362750053405762,6.325419902801514,6.347149848937988,6.347149848937988,0.0,EURTRY=X,eur_try
2019-11-19,6.339950084686279,6.357289791107178,6.313320159912109,6.337699890136719,6.337699890136719,0.0,EURTRY=X,eur_try
2019-11-20,6.315370082855225,6.331009864807129,6.288099765777588,6.313660144805908,6.313660144805908,0.0,EURTRY=X,eur_try
2019-11-21,6.311759948730469,6.3292999267578125,6.300489902496338,6.311950206756592,6.311950206756592,0.0,EURTRY=X,eur_try
2019-11-22,6.302189826965332,6.326550006866455,6.293000221252441,6.301680088043213,6.301680088043213,0.0,EURTRY=X,eur_try
2019-11-25,6.300340175628662,6.331719875335693,6.286900043487549,6.300220012664795,6.300220012664795,0.0,EURTRY=X,eur_try
2019-11-26,6.319200038909912,6.354549884796143,6.3165202140808105,6.323910236358643,6.323910236358643,0.0,EURTRY=X,eur_try
2019-11-27,6.34499979019165,6.368189811706543,6.333600044250488,6.344910144805908,6.344910144805908,0.0,EURTRY=X,eur_try
2019-11-28,6.357240200042725,6.367549896240234,6.3384199142456055,6.363450050354004,6.363450050354004,0.0,EURTRY=X,eur_try
2019-11-29,6.337200164794922,6.34499979019165,6.315199851989746,6.337709903717041,6.337709903717041,0.0,EURTRY=X,eur_try
2019-12-02,6.331689834594727,6.3626298904418945,6.315400123596191,6.332880020141602,6.332880020141602,0.0,EURTRY=X,eur_try
2019-12-03,6.359010219573975,6.384779930114746,6.341400146484375,6.359350204467773,6.359350204467773,0.0,EURTRY=X,eur_try
2019-12-04,6.361700057983398,6.386660099029541,6.315700054168701,6.3610100746154785,6.3610100746154785,0.0,EURTRY=X,eur_try
2019-12-05,6.367310047149658,6.398270130157471,6.358500003814697,6.36752986907959,6.36752986907959,0.0,EURTRY=X,eur_try
2019-12-06,6.379220008850098,6.403369903564453,6.374460220336914,6.383950233459473,6.383950233459473,0.0,EURTRY=X,eur_try
2019-12-09,6.390870094299316,6.43720006942749,6.3878397941589355,6.390160083770752,6.390160083770752,0.0,EURTRY=X,eur_try
2019-12-10,6.429349899291992,6.438290119171143,6.416920185089111,6.426390171051025,6.426390171051025,0.0,EURTRY=X,eur_try
2019-12-11,6.436989784240723,6.452060222625732,6.4248199462890625,6.436220169067383,6.436220169067383,0.0,EURTRY=X,eur_try
2019-12-12,6.456079959869385,6.474699974060059,6.409369945526123,6.460000038146973,6.460000038146973,0.0,EURTRY=X,eur_try
2019-12-13,6.452750205993652,6.495850086212158,6.445409774780273,6.453770160675049,6.453770160675049,0.0,EURTRY=X,eur_try
2019-12-16,6.461349964141846,6.525700092315674,6.461239814758301,6.460259914398193,6.460259914398193,0.0,EURTRY=X,eur_try
2019-12-17,6.51455020904541,6.566510200500488,6.510260105133057,6.5134501457214355,6.5134501457214355,0.0,EURTRY=X,eur_try
2019-12-18,6.559959888458252,6.5885701179504395,6.547669887542725,6.559780120849609,6.559780120849609,0.0,EURTRY=X,eur_try
2019-12-19,6.579850196838379,6.615260124206543,6.573500156402588,6.58620023727417,6.58620023727417,0.0,EURTRY=X,eur_try
2019-12-20,6.607699871063232,6.607699871063232,6.5584001541137695,6.607500076293945,6.607500076293945,0.0,EURTRY=X,eur_try
2019-12-23,6.576779842376709,6.602729797363281,6.561600208282471,6.576240062713623,6.576240062713623,0.0,EURTRY=X,eur_try
2019-12-24,6.594099998474121,6.604949951171875,6.578400135040283,6.593860149383545,6.593860149383545,0.0,EURTRY=X,eur_try
2019-12-25,6.597549915313721,6.598849773406982,6.586550235748291,6.5993499755859375,6.5993499755859375,0.0,EURTRY=X,eur_try
2019-12-26,6.584129810333252,6.593050003051758,6.5788798332214355,6.584099769592285,6.584099769592285,0.0,EURTRY=X,eur_try
2019-12-27,6.58174991607666,6.658480167388916,6.581439971923828,6.581570148468018,6.581570148468018,0.0,EURTRY=X,eur_try
2019-12-30,6.651080131530762,6.6689300537109375,6.646299839019775,6.6513800621032715,6.6513800621032715,0.0,EURTRY=X,eur_try
2019-12-31,6.660009860992432,6.686359882354736,6.6593098640441895,6.660379886627197,6.660379886627197,0.0,EURTRY=X,eur_try
2020-01-01,6.66949987411499,6.66949987411499,6.66949987411499,6.66949987411499,6.66949987411499,0.0,EURTRY=X,eur_try
2020-01-02,6.668960094451904,6.680970191955566,6.6488800048828125,6.6728901863098145,6.6728901863098145,0.0,EURTRY=X,eur_try
2020-01-03,6.652719974517822,6.677279949188232,6.647900104522705,6.6503801345825195,6.6503801345825195,0.0,EURTRY=X,eur_try
2020-01-06,6.661630153656006,6.695670127868652,6.660600185394287,6.661340236663818,6.661340236663818,0.0,EURTRY=X,eur_try
2020-01-07,6.680019855499268,6.6834001541137695,6.648019790649414,6.68209981918335,6.68209981918335,0.0,EURTRY=X,eur_try
2020-01-08,6.663609981536865,6.676350116729736,6.571229934692383,6.663209915161133,6.663209915161133,0.0,EURTRY=X,eur_try
2020-01-09,6.561639785766602,6.590980052947998,6.499780178070068,6.5605998039245605,6.5605998039245605,0.0,EURTRY=X,eur_try
2020-01-10,6.527599811553955,6.5428900718688965,6.509419918060303,6.52646017074585,6.52646017074585,0.0,EURTRY=X,eur_try
2020-01-13,6.532149791717529,6.538269996643066,6.504819869995117,6.5323100090026855,6.5323100090026855,0.0,EURTRY=X,eur_try
2020-01-14,6.528069972991943,6.570990085601807,6.526569843292236,6.528659820556641,6.528659820556641,0.0,EURTRY=X,eur_try
2020-01-15,6.55079984664917,6.563079833984375,6.5434699058532715,6.547120094299316,6.547120094299316,0.0,EURTRY=X,eur_try
2020-01-16,6.557740211486816,6.570559978485107,6.515230178833008,6.550270080566406,6.550270080566406,0.0,EURTRY=X,eur_try
2020-01-17,6.520130157470703,6.551700115203857,6.511099815368652,6.520380020141602,6.520380020141602,0.0,EURTRY=X,eur_try
2020-01-20,6.5378499031066895,6.5604400634765625,6.535240173339844,6.535930156707764,6.535930156707764,0.0,EURTRY=X,eur_try
2020-01-21,6.558680057525635,6.593440055847168,6.541900157928467,6.562039852142334,6.562039852142334,0.0,EURTRY=X,eur_try
2020-01-22,6.573699951171875,6.585999965667725,6.552740097045898,6.5739898681640625,6.5739898681640625,0.0,EURTRY=X,eur_try
2020-01-23,6.566589832305908,6.578609943389893,6.547820091247559,6.56620979309082,6.56620979309082,0.0,EURTRY=X,eur_try
2020-01-24,6.552509784698486,6.565609931945801,6.541600227355957,6.55003023147583,6.55003023147583,0.0,EURTRY=X,eur_try
2020-01-27,6.555630207061768,6.56318998336792,6.5474700927734375,6.554890155792236,6.554890155792236,0.0,EURTRY=X,eur_try
2020-01-28,6.545139789581299,6.557010173797607,6.531099796295166,6.545259952545166,6.545259952545166,0.0,EURTRY=X,eur_try
2020-01-29,6.545370101928711,6.565730094909668,6.534989833831787,6.545149803161621,6.545149803161621,0.0,EURTRY=X,eur_try
2020-01-30,6.561059951782227,6.602419853210449,6.559969902038574,6.560309886932373,6.560309886932373,0.0,EURTRY=X,eur_try
2020-01-31,6.591100215911865,6.63375997543335,6.584489822387695,6.58853006362915,6.58853006362915,0.0,EURTRY=X,eur_try
2020-02-03,6.626840114593506,6.633319854736328,6.606200218200684,6.62578010559082,6.62578010559082,0.0,EURTRY=X,eur_try
2020-02-04,6.617589950561523,6.620039939880371,6.5843000411987305,6.6176300048828125,6.6176300048828125,0.0,EURTRY=X,eur_try
2020-02-05,6.600299835205078,6.613749980926514,6.574440002441406,6.600900173187256,6.600900173187256,0.0,EURTRY=X,eur_try
2020-02-06,6.577449798583984,6.591440200805664,6.56456995010376,6.584050178527832,6.584050178527832,0.0,EURTRY=X,eur_try
2020-02-07,6.572760105133057,6.630720138549805,6.5546698570251465,6.572700023651123,6.572700023651123,0.0,EURTRY=X,eur_try
2020-02-10,6.555109977722168,6.594600200653076,6.545650005340576,6.555409908294678,6.555409908294678,0.0,EURTRY=X,eur_try
2020-02-11,6.55003023147583,6.602180004119873,6.54911994934082,6.55210018157959,6.55210018157959,0.0,EURTRY=X,eur_try
2020-02-12,6.566539764404297,6.602650165557861,6.5464301109313965,6.568649768829346,6.568649768829346,0.0,EURTRY=X,eur_try
2020-02-13,6.570879936218262,6.591740131378174,6.547689914703369,6.5704498291015625,6.5704498291015625,0.0,EURTRY=X,eur_try
2020-02-14,6.546350002288818,6.5777997970581055,6.538549900054932,6.548349857330322,6.548349857330322,0.0,EURTRY=X,eur_try
2020-02-17,6.564040184020996,6.5665998458862305,6.543869972229004,6.56466007232666,6.56466007232666,0.0,EURTRY=X,eur_try
2020-02-18,6.5489702224731445,6.57466983795166,6.5436601638793945,6.548980236053467,6.548980236053467,0.0,EURTRY=X,eur_try
2020-02-19,6.542329788208008,6.565770149230957,6.535910129547119,6.542250156402588,6.542250156402588,0.0,EURTRY=X,eur_try
2020-02-20,6.57859992980957,6.599530220031738,6.561800003051758,6.573639869689941,6.573639869689941,0.0,EURTRY=X,eur_try
2020-02-21,6.580450057983398,6.636350154876709,6.579939842224121,6.582880020141602,6.582880020141602,0.0,EURTRY=X,eur_try
2020-02-24,6.6280999183654785,6.67149019241333,6.593599796295166,6.623000144958496,6.623000144958496,0.0,EURTRY=X,eur_try
2020-02-25,6.632870197296143,6.677999973297119,6.591149806976318,6.632730007171631,6.632730007171631,0.0,EURTRY=X,eur_try
2020-02-26,6.685880184173584,6.714940071105957,6.676030158996582,6.688739776611328,6.688739776611328,0.0,EURTRY=X,eur_try
2020-02-27,6.704050064086914,6.806159973144531,6.703680038452148,6.70290994644165,6.70290994644165,0.0,EURTRY=X,eur_try
2020-02-28,6.824190139770508,6.9105000495910645,6.820580005645752,6.825270175933838,6.825270175933838,0.0,EURTRY=X,eur_try
2020-03-02,6.905099868774414,6.946499824523926,6.848360061645508,6.904290199279785,6.904290199279785,0.0,EURTRY=X,eur_try
2020-03-03,6.8677802085876465,6.921380043029785,6.744750022888184,6.870059967041016,6.870059967041016,0.0,EURTRY=X,eur_try
2020-03-04,6.82889986038208,6.849689960479736,6.75193977355957,6.8288798332214355,6.8288798332214355,0.0,EURTRY=X,eur_try
2020-03-05,6.76738977432251,6.849440097808838,6.748600006103516,6.775839805603027,6.775839805603027,0.0,EURTRY=X,eur_try
2020-03-06,6.847780227661133,6.924180030822754,6.829730033874512,6.847959995269775,6.847959995269775,0.0,EURTRY=X,eur_try
2020-03-09,6.968949794769287,7.081769943237305,6.892399787902832,6.940999984741211,6.940999984741211,0.0,EURTRY=X,eur_try
2020-03-10,7.012209892272949,7.027480125427246,6.923409938812256,7.015820026397705,7.015820026397705,0.0,EURTRY=X,eur_try
2020-03-11,6.981040000915527,7.032830238342285,6.943640232086182,6.982800006866455,6.982800006866455,0.0,EURTRY=X,eur_try
2020-03-12,6.990880012512207,7.066180229187012,6.970510005950928,7.001039981842041,7.001039981842041,0.0,EURTRY=X,eur_try
2020-03-13,7.057340145111084,7.078519821166992,6.974860191345215,7.058340072631836,7.058340072631836,0.0,EURTRY=X,eur_try
2020-03-16,7.01186990737915,7.164440155029297,6.968699932098389,7.005780220031738,7.005780220031738,0.0,EURTRY=X,eur_try
2020-03-17,7.172309875488281,7.190509796142578,7.0022501945495605,7.170959949493408,7.170959949493408,0.0,EURTRY=X,eur_try
2020-03-18,7.046030044555664,7.118490219116211,7.017029762268066,7.044680118560791,7.044680118560791,0.0,EURTRY=X,eur_try
2020-03-19,7.071420192718506,7.120339870452881,6.994760036468506,7.082580089569092,7.082580089569092,0.0,EURTRY=X,eur_try
2020-03-20,6.97012996673584,7.029809951782227,6.955090045928955,6.970200061798096,6.970200061798096,0.0,EURTRY=X,eur_try
2020-03-23,7.008810043334961,7.124279975891113,6.964759826660156,7.013010025024414,7.013010025024414,0.0,EURTRY=X,eur_try
2020-03-24,7.042409896850586,7.081709861755371,6.942409992218018,7.043000221252441,7.043000221252441,0.0,EURTRY=X,eur_try
2020-03-25,6.940000057220459,6.997849941253662,6.903890132904053,6.95359992980957,6.95359992980957,0.0,EURTRY=X,eur_try
2020-03-26,6.979020118713379,7.093900203704834,6.974140167236328,6.980629920959473,6.980629920959473,0.0,EURTRY=X,eur_try
2020-03-27,7.057340145111084,7.1342902183532715,7.048679828643799,7.059000015258789,7.059000015258789,0.0,EURTRY=X,eur_try
2020-03-29,7.192920207977295,7.269859790802002,7.156000137329102,7.194540023803711,7.194540023803711,0.0,EURTRY=X,eur_try
2020-03-30,7.2382001876831055,7.25970983505249,7.177549839019775,7.240449905395508,7.240449905395508,0.0,EURTRY=X,eur_try
2020-03-31,7.289999961853027,7.322939872741699,7.2597198486328125,7.288050174713135,7.288050174713135,0.0,EURTRY=X,eur_try
2020-04-01,7.343130111694336,7.3521199226379395,7.161449909210205,7.345009803771973,7.345009803771973,0.0,EURTRY=X,eur_try
2020-04-02,7.1897101402282715,7.274849891662598,7.181099891662598,7.18936014175415,7.18936014175415,0.0,EURTRY=X,eur_try
2020-04-05,7.280379772186279,7.331739902496338,7.265329837799072,7.279129981994629,7.279129981994629,0.0,EURTRY=X,eur_try
2020-04-06,7.3053998947143555,7.380690097808838,7.280550003051758,7.304369926452637,7.304369926452637,0.0,EURTRY=X,eur_try
2020-04-07,7.383739948272705,7.398540019989014,7.330460071563721,7.361830234527588,7.361830234527588,0.0,EURTRY=X,eur_try
2020-04-08,7.364709854125977,7.378739833831787,7.251729965209961,7.365029811859131,7.365029811859131,0.0,EURTRY=X,eur_try
2020-04-09,7.284979820251465,7.355199813842773,7.26039981842041,7.309160232543945,7.309160232543945,0.0,EURTRY=X,eur_try
2020-04-12,7.340350151062012,7.439740180969238,7.311850070953369,7.341159820556641,7.341159820556641,0.0,EURTRY=X,eur_try
2020-04-13,7.386990070343018,7.473110198974609,7.38484001159668,7.387929916381836,7.387929916381836,0.0,EURTRY=X,eur_try
2020-04-14,7.482800006866455,7.539100170135498,7.474969863891602,7.484250068664551,7.484250068664551,0.0,EURTRY=X,eur_try
2020-04-15,7.524700164794922,7.553530216217041,7.496930122375488,7.523099899291992,7.523099899291992,0.0,EURTRY=X,eur_try
2020-04-16,7.507110118865967,7.553999900817871,7.410379886627197,7.506269931793213,7.506269931793213,0.0,EURTRY=X,eur_try
2020-04-19,7.495240211486816,7.55640983581543,7.467959880828857,7.493390083312988,7.493390083312988,0.0,EURTRY=X,eur_try
2020-04-20,7.538169860839844,7.5960001945495605,7.5160298347473145,7.539000034332275,7.539000034332275,0.0,EURTRY=X,eur_try
2020-04-21,7.567989826202393,7.611080169677734,7.5554399490356445,7.569530010223389,7.569530010223389,0.0,EURTRY=X,eur_try
2020-04-22,7.538430213928223,7.559040069580078,7.471419811248779,7.5423102378845215,7.5423102378845215,0.0,EURTRY=X,eur_try
2020-04-23,7.484179973602295,7.550489902496338,7.472219944000244,7.4852399826049805,7.4852399826049805,0.0,EURTRY=X,eur_try
2020-04-26,7.529129981994629,7.58420991897583,7.517189979553223,7.515900135040283,7.515900135040283,0.0,EURTRY=X,eur_try
2020-04-27,7.556910037994385,7.61713981628418,7.556540012359619,7.561800003051758,7.561800003051758,0.0,EURTRY=X,eur_try
2020-04-28,7.564539909362793,7.593530178070068,7.530970096588135,7.564340114593506,7.564340114593506,0.0,EURTRY=X,eur_try
2020-04-29,7.551479816436768,7.665040016174316,7.531650066375732,7.5517802238464355,7.5517802238464355,0.0,EURTRY=X,eur_try
2020-04-30,7.646780014038086,7.748380184173584,7.638889789581299,7.647900104522705,7.647900104522705,0.0,EURTRY=X,eur_try
2020-05-03,7.684589862823486,7.709640026092529,7.653870105743408,7.68956995010376,7.68956995010376,0.0,EURTRY=X,eur_try
2020-05-04,7.684020042419434,7.702499866485596,7.648320198059082,7.6808600425720215,7.6808600425720215,0.0,EURTRY=X,eur_try
2020-05-05,7.674779891967773,7.779489994049072,7.6545000076293945,7.676459789276123,7.676459789276123,0.0,EURTRY=X,eur_try
2020-05-06,7.771570205688477,7.851379871368408,7.630420207977295,7.785289764404297,7.785289764404297,0.0,EURTRY=X,eur_try
2020-05-07,7.678679943084717,7.765429973602295,7.639100074768066,7.681240081787109,7.681240081787109,0.0,EURTRY=X,eur_try
2020-05-10,7.677299976348877,7.701369762420654,7.638519763946533,7.678999900817871,7.678999900817871,0.0,EURTRY=X,eur_try
2020-05-11,7.630579948425293,7.637959957122803,7.566589832305908,7.629570007324219,7.629570007324219,0.0,EURTRY=X,eur_try
2020-05-12,7.582409858703613,7.596570014953613,7.550099849700928,7.587540149688721,7.587540149688721,0.0,EURTRY=X,eur_try
2020-05-13,7.541309833526611,7.545400142669678,7.494740009307861,7.5447998046875,7.5447998046875,0.0,EURTRY=X,eur_try
2020-05-14,7.479680061340332,7.501450061798096,7.452300071716309,7.48022985458374,7.48022985458374,0.0,EURTRY=X,eur_try
2020-05-17,7.449150085449219,7.506380081176758,7.391709804534912,7.446660041809082,7.446660041809082,0.0,EURTRY=X,eur_try
2020-05-18,7.501629829406738,7.520450115203857,7.401519775390625,7.502679824829102,7.502679824829102,0.0,EURTRY=X,eur_try
2020-05-19,7.406829833984375,7.467430114746094,7.402130126953125,7.405739784240723,7.405739784240723,0.0,EURTRY=X,eur_try
2020-05-20,7.444129943847656,7.481359958648682,7.430210113525391,7.444439888000488,7.444439888000488,0.0,EURTRY=X,eur_try
2020-05-21,7.430089950561523,7.439300060272217,7.401100158691406,7.42834997177124,7.42834997177124,0.0,EURTRY=X,eur_try
2020-05-24,7.427199840545654,7.434460163116455,7.3940300941467285,7.426700115203857,7.426700115203857,0.0,EURTRY=X,eur_try
2020-05-25,7.4251298904418945,7.442820072174072,7.347899913787842,7.426799774169922,7.426799774169922,0.0,EURTRY=X,eur_try
2020-05-26,7.3792901039123535,7.471570014953613,7.363210201263428,7.393700122833252,7.393700122833252,0.0,EURTRY=X,eur_try
2020-05-27,7.463699817657471,7.544410228729248,7.4529500007629395,7.464019775390625,7.464019775390625,0.0,EURTRY=X,eur_try
2020-05-28,7.544990062713623,7.6155900955200195,7.5418500900268555,7.5455498695373535,7.5455498695373535,0.0,EURTRY=X,eur_try
2020-05-31,7.569769859313965,7.600100040435791,7.5625,7.5722198486328125,7.5722198486328125,0.0,EURTRY=X,eur_try
2020-06-01,7.568709850311279,7.609220027923584,7.4982500076293945,7.568990230560303,7.568990230560303,0.0,EURTRY=X,eur_try
2020-06-02,7.490580081939697,7.57859992980957,7.4724202156066895,7.4913201332092285,7.4913201332092285,0.0,EURTRY=X,eur_try
2020-06-03,7.547639846801758,7.67609977722168,7.531670093536377,7.551310062408447,7.551310062408447,0.0,EURTRY=X,eur_try
2020-06-04,7.646130084991455,7.692070007324219,7.639639854431152,7.647339820861816,7.647339820861816,0.0,EURTRY=X,eur_try
2020-06-07,7.6435699462890625,7.6851301193237305,7.620870113372803,7.648709774017334,7.648709774017334,0.0,EURTRY=X,eur_try
2020-06-08,7.653339862823486,7.722189903259277,7.6338701248168945,7.657090187072754,7.657090187072754,0.0,EURTRY=X,eur_try
2020-06-09,7.6923298835754395,7.728439807891846,7.687530040740967,7.691259860992432,7.691259860992432,0.0,EURTRY=X,eur_try
2020-06-10,7.694089889526367,7.789899826049805,7.675159931182861,7.694270133972168,7.694270133972168,0.0,EURTRY=X,eur_try
2020-06-11,7.718649864196777,7.739250183105469,7.675640106201172,7.71707010269165,7.71707010269165,0.0,EURTRY=X,eur_try
2020-06-14,7.671219825744629,7.735209941864014,7.655449867248535,7.669650077819824,7.669650077819824,0.0,EURTRY=X,eur_try
2020-06-15,7.730010032653809,7.752130031585693,7.6864800453186035,7.733630180358887,7.733630180358887,0.0,EURTRY=X,eur_try
2020-06-16,7.694640159606934,7.722280025482178,7.6796698570251465,7.695280075073242,7.695280075073242,0.0,EURTRY=X,eur_try
2020-06-17,7.680349826812744,7.721159934997559,7.674300193786621,7.6813201904296875,7.6813201904296875,0.0,EURTRY=X,eur_try
2020-06-18,7.680009841918945,7.710090160369873,7.6506500244140625,7.6805500984191895,7.6805500984191895,0.0,EURTRY=X,eur_try
2020-06-21,7.654990196228027,7.707590103149414,7.649960041046143,7.65349006652832,7.65349006652832,0.0,EURTRY=X,eur_try
2020-06-22,7.714839935302734,7.773809909820557,7.6874098777771,7.716619968414307,7.716619968414307,0.0,EURTRY=X,eur_try
2020-06-23,7.745329856872559,7.7621002197265625,7.7151198387146,7.744510173797607,7.744510173797607,0.0,EURTRY=X,eur_try
2020-06-24,7.70727014541626,7.717249870300293,7.662690162658691,7.706930160522461,7.706930160522461,0.0,EURTRY=X,eur_try
2020-06-25,7.6894001960754395,7.702250003814697,7.672460079193115,7.6867499351501465,7.6867499351501465,0.0,EURTRY=X,eur_try
2020-06-28,7.68848991394043,7.736149787902832,7.680389881134033,7.6880202293396,7.6880202293396,0.0,EURTRY=X,eur_try
2020-06-29,7.696469783782959,7.7141499519348145,7.6702799797058105,7.705880165100098,7.705880165100098,0.0,EURTRY=X,eur_try
2020-06-30,7.693069934844971,7.724870204925537,7.640900135040283,7.695350170135498,7.695350170135498,0.0,EURTRY=X,eur_try
2020-07-01,7.701230049133301,7.745279788970947,7.690999984741211,7.700719833374023,7.700719833374023,0.0,EURTRY=X,eur_try
2020-07-02,7.696969985961914,7.736999988555908,7.689229965209961,7.696720123291016,7.696720123291016,0.0,EURTRY=X,eur_try
2020-07-05,7.717889785766602,7.782649993896484,7.717889785766602,7.717010021209717,7.717010021209717,0.0,EURTRY=X,eur_try
2020-07-06,7.754429817199707,7.777900218963623,7.729859828948975,7.756209850311279,7.756209850311279,0.0,EURTRY=X,eur_try
2020-07-07,7.726079940795898,7.78380012512207,7.724599838256836,7.72681999206543,7.72681999206543,0.0,EURTRY=X,eur_try
2020-07-08,7.774809837341309,7.800000190734863,7.744589805603027,7.7748799324035645,7.7748799324035645,0.0,EURTRY=X,eur_try
2020-07-09,7.739500045776367,7.773640155792236,7.726449966430664,7.740530014038086,7.740530014038086,0.0,EURTRY=X,eur_try
2020-07-12,7.760109901428223,7.798940181732178,7.737599849700928,7.761340141296387,7.761340141296387,0.0,EURTRY=X,eur_try
2020-07-13,7.779729843139648,7.828859806060791,7.771309852600098,7.777450084686279,7.777450084686279,0.0,EURTRY=X,eur_try
2020-07-14,7.8313798904418945,7.8595099449157715,7.814149856567383,7.831240177154541,7.831240177154541,0.0,EURTRY=X,eur_try
2020-07-15,7.8273701667785645,7.8421502113342285,7.801750183105469,7.827499866485596,7.827499866485596,0.0,EURTRY=X,eur_try
2020-07-16,7.806540012359619,7.854589939117432,7.798140048980713,7.807330131530762,7.807330131530762,0.0,EURTRY=X,eur_try
2020-07-19,7.841819763183594,7.861030101776123,7.817570209503174,7.8434600830078125,7.8434600830078125,0.0,EURTRY=X,eur_try
2020-07-20,7.852230072021484,7.866819858551025,7.820419788360596,7.851950168609619,7.851950168609619,0.0,EURTRY=X,eur_try
2020-07-21,7.874639987945557,7.9452900886535645,7.871389865875244,7.873650074005127,7.873650074005127,0.0,EURTRY=X,eur_try
2020-07-22,7.909200191497803,7.951200008392334,7.902949810028076,7.912710189819336,7.912710189819336,0.0,EURTRY=X,eur_try
2020-07-23,7.925459861755371,7.968289852142334,7.923570156097412,7.926139831542969,7.926139831542969,0.0,EURTRY=X,eur_try
2020-07-26,7.974850177764893,8.076990127563477,7.974850177764893,7.974339962005615,7.974339962005615,0.0,EURTRY=X,eur_try
2020-07-27,8.087089538574219,8.178009986877441,8.020190238952637,8.098030090332031,8.098030090332031,0.0,EURTRY=X,eur_try
2020-07-28,8.1283597946167,8.255929946899414,8.123319625854492,8.128780364990234,8.128780364990234,0.0,EURTRY=X,eur_try
2020-07-29,8.220179557800293,8.243249893188477,8.156450271606445,8.219650268554688,8.219650268554688,0.0,EURTRY=X,eur_try
2020-07-30,8.27571964263916,8.301529884338379,8.224570274353027,8.26842975616455,8.26842975616455,0.0,EURTRY=X,eur_try
2020-08-02,8.227060317993164,8.23130989074707,8.17035961151123,8.210729598999023,8.210729598999023,0.0,EURTRY=X,eur_try
2020-08-03,8.186320304870605,8.214139938354492,8.143400192260742,8.186739921569824,8.186739921569824,0.0,EURTRY=X,eur_try
2020-08-04,8.183059692382812,8.379859924316406,8.078829765319824,8.182840347290039,8.182840347290039,0.0,EURTRY=X,eur_try
2020-08-05,8.372699737548828,8.654580116271973,8.338319778442383,8.371700286865234,8.371700286865234,0.0,EURTRY=X,eur_try
2020-08-06,8.589750289916992,8.70460033416748,8.415719985961914,8.576950073242188,8.576950073242188,0.0,EURTRY=X,eur_try
2020-08-09,8.605270385742188,8.642069816589355,8.512430191040039,8.600069999694824,8.600069999694824,0.0,EURTRY=X,eur_try
2020-08-10,8.600990295410156,8.627599716186523,8.488479614257812,8.601059913635254,8.601059913635254,0.0,EURTRY=X,eur_try
2020-08-11,8.477410316467285,8.630220413208008,8.438460350036621,8.478170394897461,8.478170394897461,0.0,EURTRY=X,eur_try
2020-08-12,8.633370399475098,8.708829879760742,8.626830101013184,8.631970405578613,8.631970405578613,0.0,EURTRY=X,eur_try
2020-08-13,8.660110473632812,8.732760429382324,8.644700050354004,8.66353988647461,8.66353988647461,0.0,EURTRY=X,eur_try
2020-08-16,8.729499816894531,8.78384017944336,8.717840194702148,8.728730201721191,8.728730201721191,0.0,EURTRY=X,eur_try
2020-08-17,8.768400192260742,8.819339752197266,8.752360343933105,8.755510330200195,8.755510330200195,0.0,EURTRY=X,eur_try
2020-08-18,8.799030303955078,8.812800407409668,8.587080001831055,8.798990249633789,8.798990249633789,0.0,EURTRY=X,eur_try
2020-08-19,8.616100311279297,8.71288013458252,8.60912036895752,8.617919921875,8.617919921875,0.0,EURTRY=X,eur_try
2020-08-20,8.659890174865723,8.698699951171875,8.484100341796875,8.658679962158203,8.658679962158203,0.0,EURTRY=X,eur_try
2020-08-23,8.640979766845703,8.734950065612793,8.5600004196167,8.59375,8.59375,0.0,EURTRY=X,eur_try
2020-08-24,8.694490432739258,8.760640144348145,8.687580108642578,8.695050239562988,8.695050239562988,0.0,EURTRY=X,eur_try
2020-08-25,8.748160362243652,8.75214958190918,8.658720016479492,8.749329566955566,8.749329566955566,0.0,EURTRY=X,eur_try
2020-08-26,8.710410118103027,8.720540046691895,8.636369705200195,8.710709571838379,8.710709571838379,0.0,EURTRY=X,eur_try
2020-08-27,8.670289993286133,8.739469528198242,8.667840003967285,8.675959587097168,8.675959587097168,0.0,EURTRY=X,eur_try
2020-08-30,8.712420463562012,8.807939529418945,8.697669982910156,8.705490112304688,8.705490112304688,0.0,EURTRY=X,eur_try
2020-08-31,8.769760131835938,8.84119987487793,8.764490127563477,8.77184009552002,8.77184009552002,0.0,EURTRY=X,eur_try
2020-09-01,8.770709991455078,8.783599853515625,8.726810455322266,8.774239540100098,8.774239540100098,0.0,EURTRY=X,eur_try
2020-09-02,8.719449996948242,8.820110321044922,8.708359718322754,8.728349685668945,8.728349685668945,0.0,EURTRY=X,eur_try
2020-09-03,8.791190147399902,8.825189590454102,8.76863956451416,8.787050247192383,8.787050247192383,0.0,EURTRY=X,eur_try
2020-09-06,8.784529685974121,8.831660270690918,8.771169662475586,8.771289825439453,8.771289825439453,0.0,EURTRY=X,eur_try
2020-09-07,8.798789978027344,8.843759536743164,8.786689758300781,8.799010276794434,8.799010276794434,0.0,EURTRY=X,eur_try
2020-09-08,8.80016040802002,8.85690975189209,8.80016040802002,8.798979759216309,8.798979759216309,0.0,EURTRY=X,eur_try
2020-09-09,8.814530372619629,8.87417984008789,8.813249588012695,8.815290451049805,8.815290451049805,0.0,EURTRY=X,eur_try
2020-09-10,8.802519798278809,8.868029594421387,8.802129745483398,8.801159858703613,8.801159858703613,0.0,EURTRY=X,eur_try
2020-09-13,8.84257984161377,8.907270431518555,8.835809707641602,8.838129997253418,8.838129997253418,0.0,EURTRY=X,eur_try
2020-09-14,8.873640060424805,8.913200378417969,8.859490394592285,8.8751802444458,8.8751802444458,0.0,EURTRY=X,eur_try
2020-09-15,8.86538028717041,8.900409698486328,8.859399795532227,8.865889549255371,8.865889549255371,0.0,EURTRY=X,eur_try
2020-09-16,8.836620330810547,8.935859680175781,8.794400215148926,8.84175968170166,8.84175968170166,0.0,EURTRY=X,eur_try
2020-09-17,8.945670127868652,8.98721981048584,8.928389549255371,8.938460350036621,8.938460350036621,0.0,EURTRY=X,eur_try
2020-09-20,8.957900047302246,8.986760139465332,8.94314956665039,8.954279899597168,8.954279899597168,0.0,EURTRY=X,eur_try
2020-09-21,8.956899642944336,8.995220184326172,8.954170227050781,8.960339546203613,8.960339546203613,0.0,EURTRY=X,eur_try
2020-09-22,8.976659774780273,9.004210472106934,8.934459686279297,8.977749824523926,8.977749824523926,0.0,EURTRY=X,eur_try
2020-09-23,8.975040435791016,9.004460334777832,8.79811954498291,8.961230278015137,8.961230278015137,0.0,EURTRY=X,eur_try
2020-09-24,8.889389991760254,8.916500091552734,8.766900062561035,8.885049819946289,8.885049819946289,0.0,EURTRY=X,eur_try
2020-09-27,8.916259765625,9.141030311584473,8.903120040893555,8.916159629821777,8.916159629821777,0.0,EURTRY=X,eur_try
2020-09-28,9.085359573364258,9.211409568786621,9.05696964263916,9.085980415344238,9.085980415344238,0.0,EURTRY=X,eur_try
2020-09-29,9.156920433044434,9.19264030456543,9.029179573059082,9.159239768981934,9.159239768981934,0.0,EURTRY=X,eur_try
2020-09-30,9.034720420837402,9.124600410461426,8.97191047668457,9.034279823303223,9.034279823303223,0.0,EURTRY=X,eur_try
2020-10-01,9.086549758911133,9.122699737548828,9.045740127563477,9.086640357971191,9.086640357971191,0.0,EURTRY=X,eur_try
2020-10-04,9.066679954528809,9.158220291137695,9.061209678649902,9.059020042419434,9.059020042419434,0.0,EURTRY=X,eur_try
2020-10-05,9.141059875488281,9.191519737243652,9.121720314025879,9.146089553833008,9.146089553833008,0.0,EURTRY=X,eur_try
2020-10-06,9.140819549560547,9.280360221862793,9.121549606323242,9.140780448913574,9.140780448913574,0.0,EURTRY=X,eur_try
2020-10-07,9.261940002441406,9.341059684753418,9.261030197143555,9.262689590454102,9.262689590454102,0.0,EURTRY=X,eur_try
2020-10-08,9.342559814453125,9.366020202636719,9.25687026977539,9.34689998626709,9.34689998626709,0.0,EURTRY=X,eur_try
2020-10-11,9.272600173950195,9.342020034790039,9.26807975769043,9.273590087890625,9.273590087890625,0.0,EURTRY=X,eur_try
2020-10-12,9.31449031829834,9.327119827270508,9.281120300292969,9.314290046691895,9.314290046691895,0.0,EURTRY=X,eur_try
2020-10-13,9.304710388183594,9.335240364074707,9.287039756774902,9.300089836120605,9.300089836120605,0.0,EURTRY=X,eur_try
2020-10-14,9.296480178833008,9.321100234985352,9.271699905395508,9.2878999710083,9.2878999710083,0.0,EURTRY=X,eur_try
2020-10-15,9.281829833984375,9.334879875183105,9.24215030670166,9.282270431518555,9.282270431518555,0.0,EURTRY=X,eur_try
2020-10-18,9.269390106201172,9.31659984588623,9.221619606018066,9.270979881286621,9.270979881286621,0.0,EURTRY=X,eur_try
2020-10-19,9.26360034942627,9.337369918823242,9.263569831848145,9.261759757995605,9.261759757995605,0.0,EURTRY=X,eur_try
2020-10-20,9.295559883117676,9.323969841003418,9.260930061340332,9.295949935913086,9.295949935913086,0.0,EURTRY=X,eur_try
2020-10-21,9.249699592590332,9.430999755859375,9.198559761047363,9.260749816894531,9.260749816894531,0.0,EURTRY=X,eur_try
2020-10-22,9.381489753723145,9.447110176086426,9.355239868164062,9.382209777832031,9.382209777832031,0.0,EURTRY=X,eur_try
2020-10-26,9.446599960327148,9.564390182495117,9.431819915771484,9.446840286254883,9.446840286254883,0.0,EURTRY=X,eur_try
2020-10-27,9.553449630737305,9.69318962097168,9.552510261535645,9.55366039276123,9.55366039276123,0.0,EURTRY=X,eur_try
2020-10-28,9.648980140686035,9.76099967956543,9.63916015625,9.655839920043945,9.655839920043945,0.0,EURTRY=X,eur_try
2020-10-29,9.710789680480957,9.770669937133789,9.638580322265625,9.709630012512207,9.709630012512207,0.0,EURTRY=X,eur_try
2020-10-30,9.688559532165527,9.79656982421875,9.648870468139648,9.688650131225586,9.688650131225586,0.0,EURTRY=X,eur_try
2020-11-02,9.733440399169922,9.831459999084473,9.686949729919434,9.736189842224121,9.736189842224121,0.0,EURTRY=X,eur_try
2020-11-03,9.81941032409668,9.995550155639648,9.776289939880371,9.82334041595459,9.82334041595459,0.0,EURTRY=X,eur_try
2020-11-04,9.88403034210205,9.947139739990234,9.770400047302246,9.881999969482422,9.881999969482422,0.0,EURTRY=X,eur_try
2020-11-05,9.896280288696289,10.016130447387695,9.851160049438477,9.898639678955078,9.898639678955078,0.0,EURTRY=X,eur_try
2020-11-06,9.94614028930664,10.191530227661133,9.920660018920898,9.949090003967285,9.949090003967285,0.0,EURTRY=X,eur_try
2020-11-09,9.972439765930176,10.04364013671875,9.511019706726074,10.030989646911621,10.030989646911621,0.0,EURTRY=X,eur_try
2020-11-10,9.546549797058105,9.893839836120605,9.542409896850586,9.593799591064453,9.593799591064453,0.0,EURTRY=X,eur_try
2020-11-11,9.632719993591309,9.69320011138916,9.180680274963379,9.63008975982666,9.63008975982666,0.0,EURTRY=X,eur_try
2020-11-12,9.172269821166992,9.27892017364502,9.065159797668457,9.16759967803955,9.16759967803955,0.0,EURTRY=X,eur_try
2020-11-13,9.046950340270996,9.149200439453125,8.98468017578125,9.046409606933594,9.046409606933594,0.0,EURTRY=X,eur_try
2020-11-16,9.025930404663086,9.183309555053711,9.008589744567871,9.025449752807617,9.025449752807617,0.0,EURTRY=X,eur_try
2020-11-17,9.128230094909668,9.247529983520508,9.104069709777832,9.117500305175781,9.117500305175781,0.0,EURTRY=X,eur_try
2020-11-18,9.102399826049805,9.234609603881836,9.098230361938477,9.104280471801758,9.104280471801758,0.0,EURTRY=X,eur_try
2020-11-19,9.133769989013672,9.152400016784668,8.881119728088379,9.11122989654541,9.11122989654541,0.0,EURTRY=X,eur_try
2020-11-20,8.927390098571777,9.107000350952148,8.927390098571777,8.924150466918945,8.924150466918945,0.0,EURTRY=X,eur_try
2020-11-23,9.034660339355469,9.44417953491211,9.034589767456055,9.035579681396484,9.035579681396484,0.0,EURTRY=X,eur_try
2020-11-24,9.327409744262695,9.537110328674316,9.278409957885742,9.32433032989502,9.32433032989502,0.0,EURTRY=X,eur_try
2020-11-25,9.509759902954102,9.534150123596191,9.4243803024292,9.510160446166992,9.510160446166992,0.0,EURTRY=X,eur_try
2020-11-26,9.457559585571289,9.501500129699707,9.3397798538208,9.461999893188477,9.461999893188477,0.0,EURTRY=X,eur_try
2020-11-27,9.381400108337402,9.401900291442871,9.254150390625,9.373319625854492,9.373319625854492,0.0,EURTRY=X,eur_try
2020-11-30,9.363030433654785,9.410120010375977,9.273839950561523,9.357939720153809,9.357939720153809,0.0,EURTRY=X,eur_try
2020-12-01,9.339889526367188,9.468549728393555,9.324580192565918,9.341950416564941,9.341950416564941,0.0,EURTRY=X,eur_try
2020-12-02,9.436619758605957,9.526180267333984,9.396989822387695,9.441309928894043,9.441309928894043,0.0,EURTRY=X,eur_try
2020-12-03,9.50905990600586,9.594200134277344,9.41526985168457,9.510080337524414,9.510080337524414,0.0,EURTRY=X,eur_try
2020-12-04,9.446649551391602,9.52383041381836,9.432840347290039,9.44696044921875,9.44696044921875,0.0,EURTRY=X,eur_try
2020-12-07,9.45734977722168,9.534540176391602,9.455459594726562,9.455750465393066,9.455750465393066,0.0,EURTRY=X,eur_try
2020-12-08,9.440389633178711,9.506290435791016,9.428110122680664,9.443900108337402,9.443900108337402,0.0,EURTRY=X,eur_try
2020-12-09,9.458499908447266,9.512359619140625,9.432160377502441,9.456100463867188,9.456100463867188,0.0,EURTRY=X,eur_try
2020-12-10,9.449199676513672,9.569239616394043,9.443260192871094,9.44225025177002,9.44225025177002,0.0,EURTRY=X,eur_try
2020-12-11,9.568929672241211,9.726490020751953,9.469860076904297,9.570409774780273,9.570409774780273,0.0,EURTRY=X,eur_try
2020-12-14,9.53141975402832,9.638190269470215,9.516090393066406,9.529879570007324,9.529879570007324,0.0,EURTRY=X,eur_try
2020-12-15,9.531339645385742,9.5649995803833,9.502050399780273,9.531669616699219,9.531669616699219,0.0,EURTRY=X,eur_try
2020-12-16,9.51438045501709,9.540599822998047,9.440290451049805,9.514650344848633,9.514650344848633,0.0,EURTRY=X,eur_try
2020-12-17,9.509819984436035,9.541230201721191,9.424240112304688,9.506349563598633,9.506349563598633,0.0,EURTRY=X,eur_try
2020-12-18,9.436140060424805,9.49824047088623,9.31698989868164,9.435210227966309,9.435210227966309,0.0,EURTRY=X,eur_try
2020-12-21,9.350549697875977,9.416680335998535,9.300840377807617,9.355230331420898,9.355230331420898,0.0,EURTRY=X,eur_try
2020-12-22,9.352020263671875,9.378069877624512,9.287790298461914,9.35925006866455,9.35925006866455,0.0,EURTRY=X,eur_try
2020-12-23,9.32583999633789,9.338500022888184,9.282790184020996,9.32660961151123,9.32660961151123,0.0,EURTRY=X,eur_try
2020-12-24,9.30681037902832,9.364800453186035,9.20376968383789,9.305219650268555,9.305219650268555,0.0,EURTRY=X,eur_try
2020-12-25,9.22227954864502,9.257149696350098,9.216910362243652,9.22227954864502,9.22227954864502,0.0,EURTRY=X,eur_try
2020-12-28,9.251999855041504,9.254949569702148,9.041509628295898,9.240269660949707,9.240269660949707,0.0,EURTRY=X,eur_try
2020-12-29,9.086030006408691,9.147319793701172,8.998530387878418,9.084549903869629,9.084549903869629,0.0,EURTRY=X,eur_try
2020-12-30,9.054229736328125,9.079999923706055,8.955530166625977,9.04856014251709,9.04856014251709,0.0,EURTRY=X,eur_try
2020-12-31,9.068429946899414,9.197770118713379,9.031180381774902,9.060379981994629,9.060379981994629,0.0,EURTRY=X,eur_try
2021-01-01,9.084699630737305,9.084699630737305,9.084699630737305,9.084699630737305,9.084699630737305,0.0,EURTRY=X,eur_try
2021-01-04,9.110469818115234,9.111539840698242,8.996170043945312,9.105680465698242,9.105680465698242,0.0,EURTRY=X,eur_try
2021-01-05,9.092729568481445,9.11238956451416,9.042980194091797,9.088820457458496,9.088820457458496,0.0,EURTRY=X,eur_try
2021-01-06,9.080439567565918,9.095000267028809,8.928640365600586,9.081769943237305,9.081769943237305,0.0,EURTRY=X,eur_try
2021-01-07,9.00475025177002,9.071760177612305,8.881540298461914,9.006139755249023,9.006139755249023,0.0,EURTRY=X,eur_try
2021-01-08,8.988349914550781,9.05862045288086,8.957260131835938,8.998499870300293,8.998499870300293,0.0,EURTRY=X,eur_try
2021-01-11,8.965889930725098,9.133130073547363,8.957409858703613,8.963089942932129,8.963089942932129,0.0,EURTRY=X,eur_try
2021-01-12,9.087719917297363,9.128000259399414,9.029640197753906,9.091500282287598,9.091500282287598,0.0,EURTRY=X,eur_try
2021-01-13,9.091779708862305,9.125519752502441,8.99662971496582,9.091400146484375,9.091400146484375,0.0,EURTRY=X,eur_try
2021-01-14,8.992759704589844,9.048749923706055,8.914759635925293,9.00059986114502,9.00059986114502,0.0,EURTRY=X,eur_try
2021-01-15,8.952939987182617,9.085390090942383,8.935139656066895,8.948639869689941,8.948639869689941,0.0,EURTRY=X,eur_try
2021-01-18,8.988189697265625,9.101630210876465,8.98643970489502,8.98705005645752,8.98705005645752,0.0,EURTRY=X,eur_try
2021-01-19,9.028059959411621,9.075349807739258,8.992039680480957,9.02791976928711,9.02791976928711,0.0,EURTRY=X,eur_try
2021-01-20,9.074199676513672,9.075200080871582,8.945249557495117,9.061829566955566,9.061829566955566,0.0,EURTRY=X,eur_try
2021-01-21,8.98019027709961,9.009360313415527,8.92455005645752,8.981459617614746,8.981459617614746,0.0,EURTRY=X,eur_try
2021-01-22,8.961480140686035,9.042710304260254,8.955269813537598,8.962420463562012,8.962420463562012,0.0,EURTRY=X,eur_try
2021-01-25,9.027070045471191,9.03501033782959,8.962820053100586,9.025979995727539,9.025979995727539,0.0,EURTRY=X,eur_try
2021-01-26,8.998200416564941,9.010700225830078,8.911290168762207,8.994020462036133,8.994020462036133,0.0,EURTRY=X,eur_try
2021-01-27,8.931229591369629,8.9652099609375,8.908720016479492,8.93513011932373,8.93513011932373,0.0,EURTRY=X,eur_try
2021-01-28,8.945560455322266,8.98855972290039,8.904640197753906,8.955249786376953,8.955249786376953,0.0,EURTRY=X,eur_try
2021-01-29,8.904230117797852,8.931500434875488,8.806099891662598,8.902569770812988,8.902569770812988,0.0,EURTRY=X,eur_try
2021-02-01,8.82411003112793,8.841580390930176,8.632410049438477,8.824990272521973,8.824990272521973,0.0,EURTRY=X,eur_try
2021-02-02,8.669139862060547,8.682609558105469,8.559700012207031,8.678030014038086,8.678030014038086,0.0,EURTRY=X,eur_try
2021-02-03,8.659119606018066,8.674750328063965,8.576419830322266,8.658780097961426,8.658780097961426,0.0,EURTRY=X,eur_try
2021-02-04,8.60830020904541,8.625800132751465,8.508560180664062,8.611419677734375,8.611419677734375,0.0,EURTRY=X,eur_try
2021-02-05,8.536860466003418,8.554180145263672,8.455039978027344,8.537210464477539,8.537210464477539,0.0,EURTRY=X,eur_try
2021-02-08,8.500530242919922,8.564599990844727,8.458720207214355,8.500100135803223,8.500100135803223,0.0,EURTRY=X,eur_try
2021-02-09,8.531700134277344,8.603240013122559,8.529379844665527,8.530200004577637,8.530200004577637,0.0,EURTRY=X,eur_try
2021-02-10,8.558930397033691,8.58922004699707,8.523579597473145,8.559000015258789,8.559000015258789,0.0,EURTRY=X,eur_try
2021-02-11,8.563409805297852,8.570039749145508,8.508119583129883,8.543990135192871,8.543990135192871,0.0,EURTRY=X,eur_try
2021-02-12,8.525540351867676,8.537799835205078,8.484439849853516,8.52593994140625,8.52593994140625,0.0,EURTRY=X,eur_try
2021-02-15,8.522480010986328,8.528849601745605,8.419879913330078,8.52046012878418,8.52046012878418,0.0,EURTRY=X,eur_try
2021-02-16,8.441900253295898,8.487680435180664,8.385290145874023,8.441969871520996,8.441969871520996,0.0,EURTRY=X,eur_try
2021-02-17,8.438799858093262,8.51537036895752,8.391690254211426,8.441590309143066,8.441590309143066,0.0,EURTRY=X,eur_try
2021-02-18,8.386340141296387,8.464750289916992,8.354829788208008,8.387260437011719,8.387260437011719,0.0,EURTRY=X,eur_try
2021-02-19,8.42821979522705,8.476960182189941,8.417220115661621,8.421699523925781,8.421699523925781,0.0,EURTRY=X,eur_try
2021-02-22,8.460240364074707,8.597399711608887,8.42261028289795,8.461910247802734,8.461910247802734,0.0,EURTRY=X,eur_try
2021-02-23,8.527250289916992,8.607060432434082,8.523110389709473,8.53573989868164,8.53573989868164,0.0,EURTRY=X,eur_try
2021-02-24,8.628210067749023,8.789090156555176,8.587169647216797,8.640850067138672,8.640850067138672,0.0,EURTRY=X,eur_try
2021-02-25,8.713020324707031,8.878499984741211,8.701800346374512,8.720800399780273,8.720800399780273,0.0,EURTRY=X,eur_try
2021-02-26,8.904879570007324,9.066169738769531,8.872719764709473,8.904669761657715,8.904669761657715,0.0,EURTRY=X,eur_try
2021-03-01,8.965760231018066,8.965760231018066,8.70127010345459,8.9612398147583,8.9612398147583,0.0,EURTRY=X,eur_try
2021-03-02,8.758079528808594,8.926039695739746,8.751540184020996,8.757920265197754,8.757920265197754,0.0,EURTRY=X,eur_try
2021-03-03,8.874540328979492,8.98134994506836,8.811800003051758,8.878450393676758,8.878450393676758,0.0,EURTRY=X,eur_try
2021-03-04,8.980899810791016,9.032779693603516,8.909819602966309,8.9824800491333,8.9824800491333,0.0,EURTRY=X,eur_try
2021-03-05,8.988730430603027,9.027799606323242,8.917449951171875,8.985899925231934,8.985899925231934,0.0,EURTRY=X,eur_try
2021-03-08,8.95359992980957,9.167019844055176,8.943440437316895,8.952899932861328,8.952899932861328,0.0,EURTRY=X,eur_try
2021-03-09,9.192350387573242,9.220580101013184,9.028019905090332,9.191349983215332,9.191349983215332,0.0,EURTRY=X,eur_try
2021-03-10,9.045419692993164,9.088250160217285,8.947059631347656,9.045289993286133,9.045289993286133,0.0,EURTRY=X,eur_try
2021-03-11,8.947500228881836,9.027779579162598,8.877079963684082,8.93101978302002,8.93101978302002,0.0,EURTRY=X,eur_try
2021-03-12,8.942299842834473,9.076919555664062,8.937419891357422,8.943429946899414,8.943429946899414,0.0,EURTRY=X,eur_try
2021-03-15,9.03262996673584,9.075249671936035,8.945500373840332,9.028590202331543,9.028590202331543,0.0,EURTRY=X,eur_try
2021-03-16,8.981060028076172,8.999199867248535,8.905550003051758,8.980460166931152,8.980460166931152,0.0,EURTRY=X,eur_try
2021-03-17,8.916199684143066,9.082579612731934,8.89883041381836,8.904580116271973,8.904580116271973,0.0,EURTRY=X,eur_try
2021-03-18,8.970239639282227,9.030400276184082,8.706299781799316,8.971779823303223,8.971779823303223,0.0,EURTRY=X,eur_try
2021-03-19,8.722660064697266,8.77239990234375,8.5764799118042,8.722789764404297,8.722789764404297,0.0,EURTRY=X,eur_try
2021-03-22,8.593999862670898,9.483539581298828,8.593999862670898,9.629449844360352,9.629449844360352,0.0,EURTRY=X,eur_try
2021-03-23,9.323539733886719,9.449410438537598,9.159330368041992,9.323619842529297,9.323619842529297,0.0,EURTRY=X,eur_try
2021-03-24,9.38187026977539,9.492460250854492,9.27847957611084,9.391130447387695,9.391130447387695,0.0,EURTRY=X,eur_try
2021-03-25,9.352580070495605,9.457599639892578,9.316069602966309,9.351699829101562,9.351699829101562,0.0,EURTRY=X,eur_try
2021-03-26,9.334930419921875,9.514829635620117,9.331239700317383,9.327679634094238,9.327679634094238,0.0,EURTRY=X,eur_try
2021-03-28,9.559410095214844,9.664509773254395,9.4450101852417,9.5595703125,9.5595703125,0.0,EURTRY=X,eur_try
2021-03-29,9.711270332336426,9.925040245056152,9.684679985046387,9.711270332336426,9.711270332336426,0.0,EURTRY=X,eur_try
2021-03-30,9.764100074768066,9.878029823303223,9.667200088500977,9.748299598693848,9.748299598693848,0.0,EURTRY=X,eur_try
2021-03-31,9.718259811401367,9.75160026550293,9.539070129394531,9.686530113220215,9.686530113220215,0.0,EURTRY=X,eur_try
2021-04-01,9.548529624938965,9.620340347290039,9.405050277709961,9.547579765319824,9.547579765319824,0.0,EURTRY=X,eur_try
2021-04-04,9.627840042114258,9.695799827575684,9.527649879455566,9.628640174865723,9.628640174865723,0.0,EURTRY=X,eur_try
2021-04-05,9.583880424499512,9.66409969329834,9.553790092468262,9.586359977722168,9.586359977722168,0.0,EURTRY=X,eur_try
2021-04-06,9.658180236816406,9.75905990600586,9.645130157470703,9.65641975402832,9.65641975402832,0.0,EURTRY=X,eur_try
2021-04-07,9.667140007019043,9.716529846191406,9.657859802246094,9.667570114135742,9.667570114135742,0.0,EURTRY=X,eur_try
2021-04-08,9.68632984161377,9.735899925231934,9.65326976776123,9.702859878540039,9.702859878540039,0.0,EURTRY=X,eur_try
2021-04-11,9.704850196838379,9.765769958496094,9.66405963897705,9.707460403442383,9.707460403442383,0.0,EURTRY=X,eur_try
2021-04-12,9.70298957824707,9.737139701843262,9.658820152282715,9.703940391540527,9.703940391540527,0.0,EURTRY=X,eur_try
2021-04-13,9.689229965209961,9.722410202026367,9.614629745483398,9.68908977508545,9.68908977508545,0.0,EURTRY=X,eur_try
2021-04-14,9.66491985321045,9.748800277709961,9.586930274963379,9.674360275268555,9.674360275268555,0.0,EURTRY=X,eur_try
2021-04-15,9.603870391845703,9.694239616394043,9.588720321655273,9.610150337219238,9.610150337219238,0.0,EURTRY=X,eur_try
2021-04-18,9.66769027709961,9.748379707336426,9.616880416870117,9.668660163879395,9.668660163879395,0.0,EURTRY=X,eur_try
2021-04-19,9.733110427856445,9.80679988861084,9.729109764099121,9.732749938964844,9.732749938964844,0.0,EURTRY=X,eur_try
2021-04-20,9.750570297241211,9.868300437927246,9.746549606323242,9.75037956237793,9.75037956237793,0.0,EURTRY=X,eur_try
2021-04-21,9.853739738464355,10.057040214538574,9.847530364990234,9.859210014343262,9.859210014343262,0.0,EURTRY=X,eur_try
2021-04-22,9.981849670410156,10.122369766235352,9.974590301513672,9.977120399475098,9.977120399475098,0.0,EURTRY=X,eur_try
2021-04-25,10.163370132446289,10.262969970703125,9.995420455932617,10.164250373840332,10.164250373840332,0.0,EURTRY=X,eur_try
2021-04-26,10.001150131225586,10.017600059509277,9.879460334777832,10.000069618225098,10.000069618225098,0.0,EURTRY=X,eur_try
2021-04-27,9.919710159301758,9.95265007019043,9.84922981262207,9.92018985748291,9.92018985748291,0.0,EURTRY=X,eur_try
2021-04-28,9.941240310668945,10.003780364990234,9.865429878234863,9.930899620056152,9.930899620056152,0.0,EURTRY=X,eur_try
2021-04-29,9.926300048828125,10.024209976196289,9.92378044128418,9.923589706420898,9.923589706420898,0.0,EURTRY=X,eur_try
2021-05-02,9.950360298156738,10.011879920959473,9.945150375366211,9.951720237731934,9.951720237731934,0.0,EURTRY=X,eur_try
2021-05-03,9.949029922485352,10.017990112304688,9.92512035369873,9.948659896850586,9.948659896850586,0.0,EURTRY=X,eur_try
2021-05-04,9.986459732055664,10.043479919433594,9.974570274353027,9.986169815063477,9.986169815063477,0.0,EURTRY=X,eur_try
2021-05-05,9.996259689331055,10.056320190429688,9.970230102539062,9.98639965057373,9.98639965057373,0.0,EURTRY=X,eur_try
2021-05-06,9.985819816589355,10.02433967590332,9.961779594421387,9.985819816589355,9.985819816589355,0.0,EURTRY=X,eur_try
2021-05-09,10.012969970703125,10.068790435791016,10.003100395202637,10.01593017578125,10.01593017578125,0.0,EURTRY=X,eur_try
2021-05-10,10.026060104370117,10.142439842224121,10.016380310058594,10.028730392456055,10.028730392456055,0.0,EURTRY=X,eur_try
2021-05-11,10.07328987121582,10.198380470275879,10.057129859924316,10.072979927062988,10.072979927062988,0.0,EURTRY=X,eur_try
2021-05-12,10.181539535522461,10.279890060424805,10.178380012512207,10.183890342712402,10.183890342712402,0.0,EURTRY=X,eur_try
2021-05-13,10.264880180358887,10.294440269470215,10.199950218200684,10.267800331115723,10.267800331115723,0.0,EURTRY=X,eur_try
2021-05-16,10.25846004486084,10.25901985168457,10.097999572753906,10.260649681091309,10.260649681091309,0.0,EURTRY=X,eur_try
2021-05-17,10.09076976776123,10.208060264587402,10.0897798538208,10.092100143432617,10.092100143432617,0.0,EURTRY=X,eur_try
2021-05-18,10.21679973602295,10.29419994354248,10.198349952697754,10.216259956359863,10.216259956359863,0.0,EURTRY=X,eur_try
2021-05-19,10.226519584655762,10.255080223083496,10.184309959411621,10.22620964050293,10.22620964050293,0.0,EURTRY=X,eur_try
2021-05-20,10.231670379638672,10.265399932861328,10.196680068969727,10.231940269470215,10.231940269470215,0.0,EURTRY=X,eur_try
2021-05-23,10.248590469360352,10.265290260314941,10.207550048828125,10.259599685668945,10.259599685668945,0.0,EURTRY=X,eur_try
2021-05-24,10.232720375061035,10.378390312194824,10.23095989227295,10.23071002960205,10.23071002960205,0.0,EURTRY=X,eur_try
2021-05-25,10.344799995422363,10.361949920654297,10.298089981079102,10.354100227355957,10.354100227355957,0.0,EURTRY=X,eur_try
2021-05-26,10.303560256958008,10.415800094604492,10.269869804382324,10.305500030517578,10.305500030517578,0.0,EURTRY=X,eur_try
2021-05-27,10.344779968261719,10.466830253601074,10.325599670410156,10.347559928894043,10.347559928894043,0.0,EURTRY=X,eur_try
2021-05-30,10.441610336303711,10.463899612426758,10.326069831848145,10.441610336303711,10.441610336303711,0.0,EURTRY=X,eur_try
2021-05-31,10.378890037536621,10.443559646606445,10.359720230102539,10.377360343933105,10.377360343933105,0.0,EURTRY=X,eur_try
2021-06-01,10.521820068359375,10.565999984741211,10.439189910888672,10.531259536743164,10.531259536743164,0.0,EURTRY=X,eur_try
2021-06-02,10.478790283203125,10.60359001159668,10.463879585266113,10.476090431213379,10.476090431213379,0.0,EURTRY=X,eur_try
2021-06-03,10.554889678955078,10.585000038146973,10.50841999053955,10.554800033569336,10.554800033569336,0.0,EURTRY=X,eur_try
2021-06-06,10.553409576416016,10.563019752502441,10.455069541931152,10.554590225219727,10.554590225219727,0.0,EURTRY=X,eur_try
2021-06-07,10.47782039642334,10.510930061340332,10.445079803466797,10.48036003112793,10.48036003112793,0.0,EURTRY=X,eur_try
2021-06-08,10.474720001220703,10.496800422668457,10.446479797363281,10.468629837036133,10.468629837036133,0.0,EURTRY=X,eur_try
2021-06-09,10.44297981262207,10.470600128173828,10.243450164794922,10.449799537658691,10.449799537658691,0.0,EURTRY=X,eur_try
2021-06-10,10.252670288085938,10.289859771728516,10.092499732971191,10.252229690551758,10.252229690551758,0.0,EURTRY=X,eur_try
2021-06-13,10.149310111999512,10.195300102233887,10.047510147094727,10.146430015563965,10.146430015563965,0.0,EURTRY=X,eur_try
2021-06-14,10.249110221862793,10.409760475158691,10.242389678955078,10.249879837036133,10.249879837036133,0.0,EURTRY=X,eur_try
2021-06-15,10.362680435180664,10.383700370788574,10.303449630737305,10.362469673156738,10.362469673156738,0.0,EURTRY=X,eur_try
2021-06-16,10.324419975280762,10.399129867553711,10.271900177001953,10.329859733581543,10.329859733581543,0.0,EURTRY=X,eur_try
2021-06-17,10.383649826049805,10.397600173950195,10.310110092163086,10.380069732666016,10.380069732666016,0.0,EURTRY=X,eur_try
2021-06-20,10.389220237731934,10.460000038146973,10.355400085449219,10.389389991760254,10.389389991760254,0.0,EURTRY=X,eur_try
2021-06-21,10.450830459594727,10.472200393676758,10.300310134887695,10.451530456542969,10.451530456542969,0.0,EURTRY=X,eur_try
2021-06-22,10.311349868774414,10.349370002746582,10.251330375671387,10.311690330505371,10.311690330505371,0.0,EURTRY=X,eur_try
2021-06-23,10.310790061950684,10.396730422973633,10.288880348205566,10.293140411376953,10.293140411376953,0.0,EURTRY=X,eur_try
2021-06-24,10.371939659118652,10.476499557495117,10.357629776000977,10.37483024597168,10.37483024597168,0.0,EURTRY=X,eur_try
2021-06-27,10.438300132751465,10.460599899291992,10.3533296585083,10.445099830627441,10.445099830627441,0.0,EURTRY=X,eur_try
2021-06-28,10.356789588928223,10.412139892578125,10.34080982208252,10.363100051879883,10.363100051879883,0.0,EURTRY=X,eur_try
2021-06-29,10.383330345153809,10.413960456848145,10.27538013458252,10.38403034210205,10.38403034210205,0.0,EURTRY=X,eur_try
2021-06-30,10.303979873657227,10.345399856567383,10.249850273132324,10.309849739074707,10.309849739074707,0.0,EURTRY=X,eur_try
2021-07-01,10.263090133666992,10.3089599609375,10.248140335083008,10.267620086669922,10.267620086669922,0.0,EURTRY=X,eur_try
2021-07-04,10.297530174255371,10.325300216674805,10.266670227050781,10.297900199890137,10.297900199890137,0.0,EURTRY=X,eur_try
2021-07-05,10.272439956665039,10.295920372009277,10.242329597473145,10.273480415344238,10.273480415344238,0.0,EURTRY=X,eur_try
2021-07-06,10.26531982421875,10.275859832763672,10.234910011291504,10.267319679260254,10.267319679260254,0.0,EURTRY=X,eur_try
2021-07-07,10.234379768371582,10.306940078735352,10.22599983215332,10.23429012298584,10.23429012298584,0.0,EURTRY=X,eur_try
2021-07-08,10.282400131225586,10.29699993133545,10.254799842834473,10.2806396484375,10.2806396484375,0.0,EURTRY=X,eur_try
2021-07-11,10.274620056152344,10.287220001220703,10.22033977508545,10.273550033569336,10.273550033569336,0.0,EURTRY=X,eur_try
2021-07-12,10.241430282592773,10.257949829101562,10.144160270690918,10.251859664916992,10.251859664916992,0.0,EURTRY=X,eur_try
2021-07-13,10.144769668579102,10.184419631958008,10.135749816894531,10.147850036621094,10.147850036621094,0.0,EURTRY=X,eur_try
2021-07-14,10.157939910888672,10.17611026763916,10.098199844360352,10.174750328063965,10.174750328063965,0.0,EURTRY=X,eur_try
2021-07-15,10.112210273742676,10.15429973602295,10.056900024414062,10.111289978027344,10.111289978027344,0.0,EURTRY=X,eur_try
2021-07-18,10.078470230102539,10.135430335998535,10.046460151672363,10.077500343322754,10.077500343322754,0.0,EURTRY=X,eur_try
2021-07-19,10.113510131835938,10.127900123596191,10.047579765319824,10.113510131835938,10.113510131835938,0.0,EURTRY=X,eur_try
2021-07-20,10.097129821777344,10.133230209350586,10.079649925231934,10.096790313720703,10.096790313720703,0.0,EURTRY=X,eur_try
2021-07-21,10.086830139160156,10.112159729003906,10.064129829406738,10.086640357971191,10.086640357971191,0.0,EURTRY=X,eur_try
2021-07-22,10.078840255737305,10.08825969696045,10.048100471496582,10.078240394592285,10.078240394592285,0.0,EURTRY=X,eur_try
2021-07-25,10.062379837036133,10.156599998474121,10.057220458984375,10.06270980834961,10.06270980834961,0.0,EURTRY=X,eur_try
2021-07-26,10.097260475158691,10.136039733886719,10.082509994506836,10.097579956054688,10.097579956054688,0.0,EURTRY=X,eur_try
2021-07-27,10.114950180053711,10.127650260925293,10.083979606628418,10.113240242004395,10.113240242004395,0.0,EURTRY=X,eur_try
2021-07-28,10.13228988647461,10.149140357971191,10.031299591064453,10.129220008850098,10.129220008850098,0.0,EURTRY=X,eur_try
2021-07-29,10.05105972290039,10.082839965820312,9.975629806518555,10.050559997558594,10.050559997558594,0.0,EURTRY=X,eur_try
2021-08-01,10.010430335998535,10.058659553527832,9.908960342407227,10.009289741516113,10.009289741516113,0.0,EURTRY=X,eur_try
2021-08-02,9.911629676818848,10.020930290222168,9.854940414428711,9.910849571228027,9.910849571228027,0.0,EURTRY=X,eur_try
2021-08-03,9.966939926147461,10.048199653625488,9.953229904174805,9.967430114746094,9.967430114746094,0.0,EURTRY=X,eur_try
2021-08-04,10.02748966217041,10.13821029663086,10.019189834594727,10.027950286865234,10.027950286865234,0.0,EURTRY=X,eur_try
2021-08-05,10.086819648742676,10.165369987487793,10.07606029510498,10.085869789123535,10.085869789123535,0.0,EURTRY=X,eur_try
2021-08-08,10.12874984741211,10.192469596862793,10.120450019836426,10.12539005279541,10.12539005279541,0.0,EURTRY=X,eur_try
2021-08-09,10.14918041229248,10.169079780578613,10.06544017791748,10.150629997253418,10.150629997253418,0.0,EURTRY=X,eur_try
2021-08-10,10.080260276794434,10.172240257263184,10.03339958190918,10.078200340270996,10.078200340270996,0.0,EURTRY=X,eur_try
2021-08-11,10.126150131225586,10.143070220947266,10.01084041595459,10.127559661865234,10.127559661865234,0.0,EURTRY=X,eur_try
2021-08-12,10.046810150146484,10.08053970336914,10.00963020324707,10.046730041503906,10.046730041503906,0.0,EURTRY=X,eur_try
2021-08-15,10.041190147399902,10.051609992980957,9.956939697265625,10.03462028503418,10.03462028503418,0.0,EURTRY=X,eur_try
2021-08-16,9.958419799804688,9.981149673461914,9.870010375976562,9.959890365600586,9.959890365600586,0.0,EURTRY=X,eur_try
2021-08-17,9.867409706115723,9.957830429077148,9.86023998260498,9.866789817810059,9.866789817810059,0.0,EURTRY=X,eur_try
2021-08-18,9.893059730529785,9.998220443725586,9.8725004196167,9.892820358276367,9.892820358276367,0.0,EURTRY=X,eur_try
2021-08-19,9.956009864807129,9.992989540100098,9.911100387573242,9.951189994812012,9.951189994812012,0.0,EURTRY=X,eur_try
2021-08-22,9.932279586791992,9.953840255737305,9.89369010925293,9.923060417175293,9.923060417175293,0.0,EURTRY=X,eur_try
2021-08-23,9.895600318908691,9.911919593811035,9.861040115356445,9.895999908447266,9.895999908447266,0.0,EURTRY=X,eur_try
2021-08-24,9.886170387268066,9.89385986328125,9.82411003112793,9.884320259094238,9.884320259094238,0.0,EURTRY=X,eur_try
2021-08-25,9.873359680175781,9.886249542236328,9.823909759521484,9.856809616088867,9.856809616088867,0.0,EURTRY=X,eur_try
2021-08-26,9.845840454101562,9.882699966430664,9.83530044555664,9.845049858093262,9.845049858093262,0.0,EURTRY=X,eur_try
2021-08-29,9.851900100708008,9.894829750061035,9.823559761047363,9.849459648132324,9.849459648132324,0.0,EURTRY=X,eur_try
2021-08-30,9.87477970123291,9.904890060424805,9.79701042175293,9.86913013458252,9.86913013458252,0.0,EURTRY=X,eur_try
2021-08-31,9.823699951171875,9.848099708557129,9.778599739074707,9.807279586791992,9.807279586791992,0.0,EURTRY=X,eur_try
2021-09-01,9.812089920043945,9.837539672851562,9.788749694824219,9.808480262756348,9.808480262756348,0.0,EURTRY=X,eur_try
2021-09-02,9.830559730529785,9.912300109863281,9.828100204467773,9.829170227050781,9.829170227050781,0.0,EURTRY=X,eur_try
2021-09-05,9.879940032958984,9.887920379638672,9.808369636535645,9.878809928894043,9.878809928894043,0.0,EURTRY=X,eur_try
2021-09-06,9.833900451660156,9.897049903869629,9.811820030212402,9.827019691467285,9.827019691467285,0.0,EURTRY=X,eur_try
2021-09-07,9.885089874267578,10.019510269165039,9.870369911193848,9.884690284729004,9.884690284729004,0.0,EURTRY=X,eur_try
2021-09-08,10.010109901428223,10.072589874267578,9.982239723205566,10.022439956665039,10.022439956665039,0.0,EURTRY=X,eur_try
2021-09-09,9.980549812316895,10.00154972076416,9.932000160217285,9.98490047454834,9.98490047454834,0.0,EURTRY=X,eur_try
2021-09-12,9.993200302124023,10.007120132446289,9.938690185546875,9.991009712219238,9.991009712219238,0.0,EURTRY=X,eur_try
2021-09-13,9.951339721679688,9.998559951782227,9.942620277404785,9.950750350952148,9.950750350952148,0.0,EURTRY=X,eur_try
2021-09-14,9.949939727783203,9.989370346069336,9.946590423583984,9.949959754943848,9.949959754943848,0.0,EURTRY=X,eur_try
2021-09-15,9.961370468139648,10.0349702835083,9.93198013305664,9.960140228271484,9.960140228271484,0.0,EURTRY=X,eur_try
2021-09-16,10.0341796875,10.151630401611328,10.00864028930664,10.034119606018066,10.034119606018066,0.0,EURTRY=X,eur_try
2021-09-19,10.135809898376465,10.215680122375488,10.109829902648926,10.132869720458984,10.132869720458984,0.0,EURTRY=X,eur_try
2021-09-20,10.159640312194824,10.1766996383667,10.101949691772461,10.160090446472168,10.160090446472168,0.0,EURTRY=X,eur_try
2021-09-21,10.107290267944336,10.16193962097168,10.089710235595703,10.106789588928223,10.106789588928223,0.0,EURTRY=X,eur_try
2021-09-22,10.117659568786621,10.30126953125,10.113759994506836,10.11633014678955,10.11633014678955,0.0,EURTRY=X,eur_try
2021-09-23,10.279979705810547,10.403510093688965,10.279709815979004,10.27970027923584,10.27970027923584,0.0,EURTRY=X,eur_try
2021-09-26,10.387709617614746,10.427929878234863,10.313260078430176,10.390159606933594,10.390159606933594,0.0,EURTRY=X,eur_try
2021-09-27,10.312049865722656,10.38401985168457,10.302579879760742,10.312219619750977,10.312219619750977,0.0,EURTRY=X,eur_try
2021-09-28,10.360739707946777,10.379549980163574,10.29951000213623,10.360340118408203,10.360340118408203,0.0,EURTRY=X,eur_try
2021-09-29,10.341609954833984,10.36143970489502,10.269760131835938,10.343790054321289,10.343790054321289,0.0,EURTRY=X,eur_try
2021-09-30,10.282329559326172,10.29740047454834,10.242039680480957,10.281330108642578,10.281330108642578,0.0,EURTRY=X,eur_try
2021-10-03,10.26965045928955,10.310959815979004,10.253230094909668,10.27001953125,10.27001953125,0.0,EURTRY=X,eur_try
2021-10-04,10.281999588012695,10.312339782714844,10.260880470275879,10.281740188598633,10.281740188598633,0.0,EURTRY=X,eur_try
2021-10-05,10.27515983581543,10.33633041381836,10.250809669494629,10.275799751281738,10.275799751281738,0.0,EURTRY=X,eur_try
2021-10-06,10.243599891662598,10.28693962097168,10.238080024719238,10.245739936828613,10.245739936828613,0.0,EURTRY=X,eur_try
2021-10-07,10.245579719543457,10.371899604797363,10.244970321655273,10.253870010375977,10.253870010375977,0.0,EURTRY=X,eur_try
2021-10-10,10.36303997039795,10.390299797058105,10.32936954498291,10.357609748840332,10.357609748840332,0.0,EURTRY=X,eur_try
2021-10-11,10.388649940490723,10.452759742736816,10.384320259094238,10.391770362854004,10.391770362854004,0.0,EURTRY=X,eur_try
2021-10-12,10.420740127563477,10.527050018310547,10.415240287780762,10.421799659729004,10.421799659729004,0.0,EURTRY=X,eur_try
2021-10-13,10.607190132141113,10.668190002441406,10.579710006713867,10.605690002441406,10.605690002441406,0.0,EURTRY=X,eur_try
2021-10-14,10.65032958984375,10.721759796142578,10.645380020141602,10.649100303649902,10.649100303649902,0.0,EURTRY=X,eur_try
2021-10-17,10.711759567260742,10.833370208740234,10.701330184936523,10.711170196533203,10.711170196533203,0.0,EURTRY=X,eur_try
2021-10-18,10.847880363464355,10.911439895629883,10.806539535522461,10.84708023071289,10.84708023071289,0.0,EURTRY=X,eur_try
2021-10-19,10.82211971282959,10.872090339660645,10.734910011291504,10.822750091552734,10.822750091552734,0.0,EURTRY=X,eur_try
2021-10-20,10.737319946289062,11.035980224609375,10.736809730529785,10.737460136413574,10.737460136413574,0.0,EURTRY=X,eur_try
2021-10-21,11.069279670715332,11.236929893493652,11.037590026855469,11.081089973449707,11.081089973449707,0.0,EURTRY=X,eur_try
2021-10-24,11.28501033782959,11.435050010681152,11.078439712524414,11.2837495803833,11.2837495803833,0.0,EURTRY=X,eur_try
2021-10-25,11.125960350036621,11.158599853515625,10.93379020690918,11.125009536743164,11.125009536743164,0.0,EURTRY=X,eur_try
2021-10-26,11.054420471191406,11.08495044708252,10.98760986328125,11.057860374450684,11.057860374450684,0.0,EURTRY=X,eur_try
2021-10-27,11.011249542236328,11.172019958496094,10.981380462646484,11.003230094909668,11.003230094909668,0.0,EURTRY=X,eur_try
2021-10-28,11.127559661865234,11.212679862976074,11.097439765930176,11.12714958190918,11.12714958190918,0.0,EURTRY=X,eur_try
2021-11-01,11.07859992980957,11.087550163269043,10.991620063781738,11.07334041595459,11.07334041595459,0.0,EURTRY=X,eur_try
2021-11-02,11.073399543762207,11.126910209655762,10.98351001739502,11.06544017791748,11.06544017791748,0.0,EURTRY=X,eur_try
2021-11-03,11.115799903869629,11.284449577331543,11.110779762268066,11.115610122680664,11.115610122680664,0.0,EURTRY=X,eur_try
2021-11-04,11.195280075073242,11.271980285644531,11.172889709472656,11.193920135498047,11.193920135498047,0.0,EURTRY=X,eur_try
2021-11-05,11.195420265197754,11.256999969482422,11.158760070800781,11.19791030883789,11.19791030883789,0.0,EURTRY=X,eur_try
2021-11-08,11.211759567260742,11.278590202331543,11.172590255737305,11.210180282592773,11.210180282592773,0.0,EURTRY=X,eur_try
2021-11-09,11.228890419006348,11.291339874267578,11.21654987335205,11.220459938049316,11.220459938049316,0.0,EURTRY=X,eur_try
2021-11-10,11.275360107421875,11.399100303649902,11.267680168151855,11.2752103805542,11.2752103805542,0.0,EURTRY=X,eur_try
2021-11-11,11.30012035369873,11.436590194702148,11.292750358581543,11.298100471496582,11.298100471496582,0.0,EURTRY=X,eur_try
2021-11-12,11.356969833374023,11.431159973144531,11.29893970489502,11.354840278625488,11.354840278625488,0.0,EURTRY=X,eur_try
2021-11-15,11.475950241088867,11.52083969116211,11.403719902038574,11.47488021850586,11.47488021850586,0.0,EURTRY=X,eur_try
2021-11-16,11.427510261535645,11.757490158081055,11.427510261535645,11.426609992980957,11.426609992980957,0.0,EURTRY=X,eur_try
2021-11-17,11.702589988708496,12.072019577026367,11.691100120544434,11.698539733886719,11.698539733886719,0.0,EURTRY=X,eur_try
2021-11-18,12.10474967956543,12.772089958190918,11.847359657287598,12.144669532775879,12.144669532775879,0.0,EURTRY=X,eur_try
2021-11-19,12.546159744262695,12.755800247192383,12.289010047912598,12.546449661254883,12.546449661254883,0.0,EURTRY=X,eur_try
2021-11-22,12.527649879455566,12.91469955444336,12.344289779663086,12.52748966217041,12.52748966217041,0.0,EURTRY=X,eur_try
2021-11-23,12.722149848937988,15.135899543762207,12.722149848937988,12.774709701538086,12.774709701538086,0.0,EURTRY=X,eur_try
2021-11-24,14.369569778442383,14.766599655151367,13.017129898071289,14.37086009979248,14.37086009979248,0.0,EURTRY=X,eur_try
2021-11-25,13.310790061950684,13.66720962524414,13.2887601852417,13.302319526672363,13.302319526672363,0.0,EURTRY=X,eur_try
2021-11-26,13.389450073242188,14.225159645080566,13.389450073242188,13.390170097351074,13.390170097351074,0.0,EURTRY=X,eur_try
2021-11-29,13.92218017578125,14.47700023651123,13.8329496383667,13.929229736328125,13.929229736328125,0.0,EURTRY=X,eur_try
2021-11-30,14.344829559326172,15.114970207214355,14.254039764404297,14.347000122070312,14.347000122070312,0.0,EURTRY=X,eur_try
2021-12-01,15.245030403137207,15.636699676513672,14.075329780578613,15.297340393066406,15.297340393066406,0.0,EURTRY=X,eur_try
2021-12-02,15.150469779968262,15.64109992980957,15.007650375366211,15.21780014038086,15.21780014038086,0.0,EURTRY=X,eur_try
2021-12-03,15.44009017944336,15.674989700317383,15.130020141601562,15.47776985168457,15.47776985168457,0.0,EURTRY=X,eur_try
2021-12-06,15.452469825744629,15.617790222167969,15.415109634399414,15.455060005187988,15.455060005187988,0.0,EURTRY=X,eur_try
2021-12-07,15.55403995513916,15.625399589538574,15.094280242919922,15.551799774169922,15.551799774169922,0.0,EURTRY=X,eur_try
2021-12-08,15.21580982208252,15.580659866333008,15.21580982208252,15.246600151062012,15.246600151062012,0.0,EURTRY=X,eur_try
2021-12-09,15.47920036315918,15.65149974822998,15.416460037231445,15.492899894714355,15.492899894714355,0.0,EURTRY=X,eur_try
2021-12-10,15.556209564208984,15.723870277404785,15.47052001953125,15.556090354919434,15.556090354919434,0.0,EURTRY=X,eur_try
2021-12-13,15.666850090026855,16.418140411376953,15.389300346374512,15.667590141296387,15.667590141296387,0.0,EURTRY=X,eur_try
2021-12-14,15.578049659729004,16.287519454956055,15.544349670410156,15.574390411376953,15.574390411376953,0.0,EURTRY=X,eur_try
2021-12-15,16.18600082397461,16.67793083190918,16.159269332885742,16.1677303314209,16.1677303314209,0.0,EURTRY=X,eur_try
2021-12-16,16.695999145507812,17.788700103759766,16.668010711669922,16.693090438842773,16.693090438842773,0.0,EURTRY=X,eur_try
2021-12-17,17.73661994934082,19.29557991027832,17.68667984008789,17.73232078552246,17.73232078552246,0.0,EURTRY=X,eur_try
2021-12-20,18.671039581298828,20.732999801635742,18.657669067382812,18.655109405517578,18.655109405517578,0.0,EURTRY=X,eur_try
2021-12-21,15.331219673156738,15.778349876403809,12.485690116882324,15.332039833068848,15.332039833068848,0.0,EURTRY=X,eur_try
2021-12-22,13.939920425415039,14.267279624938965,13.527870178222656,13.84982967376709,13.84982967376709,0.0,EURTRY=X,eur_try
2021-12-23,13.57863998413086,13.648050308227539,11.554189682006836,13.57863998413086,13.57863998413086,0.0,EURTRY=X,eur_try
2021-12-24,12.795330047607422,13.67650032043457,12.516409873962402,12.79751968383789,12.79751968383789,0.0,EURTRY=X,eur_try
2021-12-27,12.283180236816406,13.031959533691406,12.169170379638672,12.230560302734375,12.230560302734375,0.0,EURTRY=X,eur_try
2021-12-28,12.961560249328613,13.476289749145508,12.882829666137695,13.052539825439453,13.052539825439453,0.0,EURTRY=X,eur_try
2021-12-29,13.352319717407227,14.370380401611328,13.31566047668457,13.352519989013672,13.352519989013672,0.0,EURTRY=X,eur_try
2021-12-30,14.320899963378906,15.114439964294434,14.057499885559082,14.31054973602295,14.31054973602295,0.0,EURTRY=X,eur_try
2021-12-31,14.993989944458008,15.405679702758789,14.694519996643066,14.993060111999512,14.993060111999512,0.0,EURTRY=X,eur_try
2022-01-03,15.17765998840332,15.714960098266602,14.549500465393066,15.189530372619629,15.189530372619629,0.0,EURTRY=X,eur_try
2022-01-04,14.678350448608398,15.323399543762207,14.641779899597168,14.762999534606934,14.762999534606934,0.0,EURTRY=X,eur_try
2022-01-05,15.0735502243042,15.44456958770752,14.98639965057373,15.07151985168457,15.07151985168457,0.0,EURTRY=X,eur_try
2022-01-06,15.43220043182373,15.686129570007324,15.211400032043457,15.445910453796387,15.445910453796387,0.0,EURTRY=X,eur_try
2022-01-07,15.486109733581543,15.727829933166504,15.480199813842773,15.434040069580078,15.434040069580078,0.0,EURTRY=X,eur_try
2022-01-10,15.610830307006836,15.7681303024292,15.472000122070312,15.591050148010254,15.591050148010254,0.0,EURTRY=X,eur_try
2022-01-11,15.598469734191895,15.735950469970703,15.534319877624512,15.622750282287598,15.622750282287598,0.0,EURTRY=X,eur_try
2022-01-12,15.639349937438965,15.74685001373291,15.049850463867188,15.63700008392334,15.63700008392334,0.0,EURTRY=X,eur_try
2022-01-13,15.053950309753418,15.646900177001953,15.039270401000977,15.043600082397461,15.043600082397461,0.0,EURTRY=X,eur_try
2022-01-14,15.464730262756348,15.638500213623047,15.34220027923584,15.465270042419434,15.465270042419434,0.0,EURTRY=X,eur_try
2022-01-17,15.327930450439453,15.513810157775879,15.225319862365723,15.326720237731934,15.326720237731934,0.0,EURTRY=X,eur_try
2022-01-18,15.323630332946777,15.492759704589844,15.286210060119629,15.32390022277832,15.32390022277832,0.0,EURTRY=X,eur_try
2022-01-19,15.30366039276123,15.442779541015625,15.134550094604492,15.299460411071777,15.299460411071777,0.0,EURTRY=X,eur_try
2022-01-20,15.168450355529785,15.366999626159668,15.038680076599121,15.17726993560791,15.17726993560791,0.0,EURTRY=X,eur_try
2022-01-21,15.0768404006958,15.267399787902832,15.056249618530273,15.04345989227295,15.04345989227295,0.0,EURTRY=X,eur_try
2022-01-24,15.231340408325195,15.311519622802734,15.101200103759766,15.232279777526855,15.232279777526855,0.0,EURTRY=X,eur_try
2022-01-25,15.241820335388184,15.32761001586914,15.151969909667969,15.236029624938965,15.236029624938965,0.0,EURTRY=X,eur_try
2022-01-26,15.206450462341309,15.367799758911133,15.196709632873535,15.255900382995605,15.255900382995605,0.0,EURTRY=X,eur_try
2022-01-27,15.233610153198242,15.303930282592773,15.155329704284668,15.2333402633667,15.2333402633667,0.0,EURTRY=X,eur_try
2022-01-28,15.102490425109863,15.22089958190918,15.03715991973877,15.104430198669434,15.104430198669434,0.0,EURTRY=X,eur_try
2022-01-31,15.033289909362793,15.138500213623047,14.859230041503906,15.03477954864502,15.03477954864502,0.0,EURTRY=X,eur_try
2022-02-01,14.911330223083496,15.152359962463379,14.9058198928833,14.911999702453613,14.911999702453613,0.0,EURTRY=X,eur_try
2022-02-02,15.071020126342773,15.353850364685059,15.030579566955566,15.048970222473145,15.048970222473145,0.0,EURTRY=X,eur_try
2022-02-03,15.18906021118164,15.47704029083252,15.186380386352539,15.180500030517578,15.180500030517578,0.0,EURTRY=X,eur_try
2022-02-04,15.502440452575684,15.599390029907227,15.448470115661621,15.503390312194824,15.503390312194824,0.0,EURTRY=X,eur_try
2022-02-07,15.52457046508789,15.565999984741211,15.470370292663574,15.525850296020508,15.525850296020508,0.0,EURTRY=X,eur_try
2022-02-08,15.540200233459473,15.579480171203613,15.452969551086426,15.525320053100586,15.525320053100586,0.0,EURTRY=X,eur_try
2022-02-09,15.509249687194824,15.562520027160645,15.4721097946167,15.50510025024414,15.50510025024414,0.0,EURTRY=X,eur_try
2022-02-10,15.456009864807129,15.518059730529785,15.407540321350098,15.455880165100098,15.455880165100098,0.0,EURTRY=X,eur_try
2022-02-11,15.394729614257812,15.433079719543457,15.302539825439453,15.397130012512207,15.397130012512207,0.0,EURTRY=X,eur_try
2022-02-14,15.348099708557129,15.38992977142334,15.296939849853516,15.347359657287598,15.347359657287598,0.0,EURTRY=X,eur_try
2022-02-15,15.36935043334961,15.512260437011719,15.359350204467773,15.369230270385742,15.369230270385742,0.0,EURTRY=X,eur_try
2022-02-16,15.443570137023926,15.532670021057129,15.417220115661621,15.445070266723633,15.445070266723633,0.0,EURTRY=X,eur_try
2022-02-17,15.453920364379883,15.519149780273438,15.386659622192383,15.453120231628418,15.453120231628418,0.0,EURTRY=X,eur_try
2022-02-18,15.369999885559082,15.497920036315918,15.350970268249512,15.372810363769531,15.372810363769531,0.0,EURTRY=X,eur_try
2022-02-21,15.399299621582031,15.512080192565918,15.396719932556152,15.398900032043457,15.398900032043457,0.0,EURTRY=X,eur_try
2022-02-22,15.444089889526367,15.774720191955566,15.409350395202637,15.442079544067383,15.442079544067383,0.0,EURTRY=X,eur_try
2022-02-23,15.611430168151855,15.747150421142578,15.520389556884766,15.590669631958008,15.590669631958008,0.0,EURTRY=X,eur_try
2022-02-24,15.606080055236816,16.31941032409668,15.444230079650879,15.604740142822266,15.604740142822266,0.0,EURTRY=X,eur_try
2022-02-25,15.656350135803223,15.825949668884277,15.407879829406738,15.65565013885498,15.65565013885498,0.0,EURTRY=X,eur_try
2022-02-28,15.705920219421387,15.780229568481445,15.349220275878906,15.688630104064941,15.688630104064941,0.0,EURTRY=X,eur_try
2022-03-01,15.446900367736816,15.615039825439453,15.394060134887695,15.461629867553711,15.461629867553711,0.0,EURTRY=X,eur_try
2022-03-02,15.390069961547852,15.68809986114502,15.365090370178223,15.412679672241211,15.412679672241211,0.0,EURTRY=X,eur_try
2022-03-03,15.53931999206543,15.69279956817627,15.498700141906738,15.538189888000488,15.538189888000488,0.0,EURTRY=X,eur_try
2022-03-04,15.60181999206543,15.697310447692871,15.467089653015137,15.600879669189453,15.600879669189453,0.0,EURTRY=X,eur_try
2022-03-07,15.482810020446777,15.677789688110352,15.415929794311523,15.482560157775879,15.482560157775879,0.0,EURTRY=X,eur_try
2022-03-08,15.61614990234375,15.873029708862305,15.60420036315918,15.614279747009277,15.614279747009277,0.0,EURTRY=X,eur_try
2022-03-09,15.820679664611816,16.286710739135742,15.816800117492676,15.780229568481445,15.780229568481445,0.0,EURTRY=X,eur_try
2022-03-10,16.190000534057617,16.537450790405273,16.157800674438477,16.196420669555664,16.196420669555664,0.0,EURTRY=X,eur_try
2022-03-11,16.357210159301758,16.464370727539062,16.024660110473633,16.374040603637695,16.374040603637695,0.0,EURTRY=X,eur_try
2022-03-14,16.124549865722656,16.26494026184082,16.086780548095703,16.12381935119629,16.12381935119629,0.0,EURTRY=X,eur_try
2022-03-15,16.190889358520508,16.311330795288086,15.966930389404297,16.18433952331543,16.18433952331543,0.0,EURTRY=X,eur_try
2022-03-16,16.12299919128418,16.21295928955078,16.041860580444336,16.12487030029297,16.12487030029297,0.0,EURTRY=X,eur_try
2022-03-17,16.040029525756836,16.361059188842773,16.040029525756836,16.044790267944336,16.044790267944336,0.0,EURTRY=X,eur_try
2022-03-18,16.320249557495117,16.391590118408203,16.24542999267578,16.319929122924805,16.319929122924805,0.0,EURTRY=X,eur_try
2022-03-21,16.350570678710938,16.427980422973633,16.336240768432617,16.359130859375,16.359130859375,0.0,EURTRY=X,eur_try
2022-03-22,16.324750900268555,16.387710571289062,16.245149612426758,16.328510284423828,16.328510284423828,0.0,EURTRY=X,eur_try
2022-03-23,16.34804916381836,16.3710994720459,16.27618980407715,16.346189498901367,16.346189498901367,0.0,EURTRY=X,eur_try
2022-03-24,16.320749282836914,16.39069938659668,16.259000778198242,16.31817054748535,16.31817054748535,0.0,EURTRY=X,eur_try
2022-03-25,16.304340362548828,16.380800247192383,16.28812026977539,16.310020446777344,16.310020446777344,0.0,EURTRY=X,eur_try
2022-03-27,16.287839889526367,16.319290161132812,16.21722984313965,16.2810001373291,16.2810001373291,0.0,EURTRY=X,eur_try
2022-03-28,16.292560577392578,16.41077995300293,16.05755043029785,16.295679092407227,16.295679092407227,0.0,EURTRY=X,eur_try
2022-03-29,16.186460494995117,16.3626708984375,16.181840896606445,16.158580780029297,16.158580780029297,0.0,EURTRY=X,eur_try
2022-03-30,16.352710723876953,16.388439178466797,16.247270584106445,16.35396957397461,16.35396957397461,0.0,EURTRY=X,eur_try
2022-03-31,16.241010665893555,16.262500762939453,16.197010040283203,16.23969078063965,16.23969078063965,0.0,EURTRY=X,eur_try
2022-04-03,16.216819763183594,16.23872947692871,16.122940063476562,16.21417999267578,16.21417999267578,0.0,EURTRY=X,eur_try
2022-04-04,16.109140396118164,16.16461944580078,16.077579498291016,16.111940383911133,16.111940383911133,0.0,EURTRY=X,eur_try
2022-04-05,16.046260833740234,16.121490478515625,16.012779235839844,16.048450469970703,16.048450469970703,0.0,EURTRY=X,eur_try
2022-04-06,16.022489547729492,16.119220733642578,16.022489547729492,16.024450302124023,16.024450302124023,0.0,EURTRY=X,eur_try
2022-04-07,16.008989334106445,16.06056022644043,15.989919662475586,16.005640029907227,16.005640029907227,0.0,EURTRY=X,eur_try
2022-04-10,16.0435791015625,16.109960556030273,15.948559761047363,16.043729782104492,16.043729782104492,0.0,EURTRY=X,eur_try
2022-04-11,15.956609725952148,15.988699913024902,15.833829879760742,15.950160026550293,15.950160026550293,0.0,EURTRY=X,eur_try
2022-04-12,15.787440299987793,15.868000030517578,15.75574016571045,15.777480125427246,15.777480125427246,0.0,EURTRY=X,eur_try
2022-04-13,15.920769691467285,15.966179847717285,15.73231029510498,15.8958101272583,15.8958101272583,0.0,EURTRY=X,eur_try
2022-04-14,15.820850372314453,15.83825969696045,15.77200984954834,15.819829940795898,15.819829940795898,0.0,EURTRY=X,eur_try
2022-04-17,15.813400268554688,15.834980010986328,15.772470474243164,15.815699577331543,15.815699577331543,0.0,EURTRY=X,eur_try
2022-04-18,15.784210205078125,15.847640037536621,15.757080078125,15.787650108337402,15.787650108337402,0.0,EURTRY=X,eur_try
2022-04-19,15.810500144958496,15.946220397949219,15.793149948120117,15.807709693908691,15.807709693908691,0.0,EURTRY=X,eur_try
2022-04-20,15.907819747924805,16.047489166259766,15.872679710388184,15.91450023651123,15.91450023651123,0.0,EURTRY=X,eur_try
2022-04-21,15.932350158691406,15.996700286865234,15.88640022277832,15.931039810180664,15.931039810180664,0.0,EURTRY=X,eur_try
2022-04-24,15.940500259399414,15.942270278930664,15.810500144958496,15.931500434875488,15.931500434875488,0.0,EURTRY=X,eur_try
2022-04-25,15.825249671936035,15.86338996887207,15.7493896484375,15.82645034790039,15.82645034790039,0.0,EURTRY=X,eur_try
2022-04-26,15.752670288085938,15.772100448608398,15.594209671020508,15.750929832458496,15.750929832458496,0.0,EURTRY=X,eur_try
2022-04-27,15.625089645385742,15.654459953308105,15.477660179138184,15.626779556274414,15.626779556274414,0.0,EURTRY=X,eur_try
2022-04-28,15.534689903259277,15.696929931640625,15.531100273132324,15.531140327453613,15.531140327453613,0.0,EURTRY=X,eur_try
2022-05-01,15.656450271606445,15.713000297546387,15.6145601272583,15.651009559631348,15.651009559631348,0.0,EURTRY=X,eur_try
2022-05-02,15.63955020904541,15.71310043334961,15.590749740600586,15.637020111083984,15.637020111083984,0.0,EURTRY=X,eur_try
2022-05-03,15.566459655761719,15.62738037109375,15.537750244140625,15.566309928894043,15.566309928894043,0.0,EURTRY=X,eur_try
2022-05-04,15.628729820251465,15.761560440063477,15.608149528503418,15.636300086975098,15.636300086975098,0.0,EURTRY=X,eur_try
2022-05-05,15.668700218200684,15.835229873657227,15.6048002243042,15.666319847106934,15.666319847106934,0.0,EURTRY=X,eur_try
2022-05-08,15.735650062561035,15.938899993896484,15.694230079650879,15.734049797058105,15.734049797058105,0.0,EURTRY=X,eur_try
2022-05-09,15.941120147705078,16.12904930114746,15.928750038146973,15.945199966430664,15.945199966430664,0.0,EURTRY=X,eur_try
2022-05-10,16.1326904296875,16.215530395507812,16.082000732421875,16.13739013671875,16.13739013671875,0.0,EURTRY=X,eur_try
2022-05-11,16.072729110717773,16.199180603027344,15.972149848937988,16.068340301513672,16.068340301513672,0.0,EURTRY=X,eur_try
2022-05-12,15.990909576416016,16.115999221801758,15.978320121765137,15.993000030517578,15.993000030517578,0.0,EURTRY=X,eur_try
2022-05-15,16.102920532226562,16.324390411376953,16.089149475097656,16.100290298461914,16.100290298461914,0.0,EURTRY=X,eur_try
2022-05-16,16.270999908447266,16.6806697845459,16.25020980834961,16.26881980895996,16.26881980895996,0.0,EURTRY=X,eur_try
2022-05-17,16.761920928955078,16.832490921020508,16.63935089111328,16.755260467529297,16.755260467529297,0.0,EURTRY=X,eur_try
2022-05-18,16.69729995727539,16.836139678955078,16.673240661621094,16.713699340820312,16.713699340820312,0.0,EURTRY=X,eur_try
2022-05-19,16.825000762939453,16.93083953857422,16.729320526123047,16.82229995727539,16.82229995727539,0.0,EURTRY=X,eur_try
2022-05-22,16.817039489746094,17.027299880981445,16.709529876708984,16.812280654907227,16.812280654907227,0.0,EURTRY=X,eur_try
2022-05-23,17.028400421142578,17.328319549560547,16.986249923706055,17.012910842895508,17.012910842895508,0.0,EURTRY=X,eur_try
2022-05-24,17.214069366455078,17.51042938232422,17.167829513549805,17.204099655151367,17.204099655151367,0.0,EURTRY=X,eur_try
2022-05-25,17.437620162963867,17.60498046875,17.395090103149414,17.43745994567871,17.43745994567871,0.0,EURTRY=X,eur_try
2022-05-26,17.551799774169922,17.62224006652832,17.325220108032227,17.549560546875,17.549560546875,0.0,EURTRY=X,eur_try
2022-05-29,17.493410110473633,17.675199508666992,17.42923927307129,17.49471092224121,17.49471092224121,0.0,EURTRY=X,eur_try
2022-05-30,17.647300720214844,17.65220069885254,17.50628089904785,17.646820068359375,17.646820068359375,0.0,EURTRY=X,eur_try
2022-05-31,17.577560424804688,17.693029403686523,17.42384910583496,17.57887077331543,17.57887077331543,0.0,EURTRY=X,eur_try
2022-06-01,17.452970504760742,17.73012924194336,17.448049545288086,17.455259323120117,17.455259323120117,0.0,EURTRY=X,eur_try
2022-06-02,17.71126937866211,17.76456069946289,17.65349006652832,17.711959838867188,17.711959838867188,0.0,EURTRY=X,eur_try
2022-06-05,17.492389678955078,17.851470947265625,17.492389678955078,17.640050888061523,17.640050888061523,0.0,EURTRY=X,eur_try
2022-06-06,17.74435043334961,17.94072914123535,17.717029571533203,17.74683952331543,17.74683952331543,0.0,EURTRY=X,eur_try
2022-06-07,18.00404930114746,18.454530715942383,17.95734977722168,18.01272964477539,18.01272964477539,0.0,EURTRY=X,eur_try
2022-06-08,18.421449661254883,18.573299407958984,18.331499099731445,18.408580780029297,18.408580780029297,0.0,EURTRY=X,eur_try
2022-06-09,18.305009841918945,18.371599197387695,17.83078956604004,18.320199966430664,18.320199966430664,0.0,EURTRY=X,eur_try
2022-06-12,18.049760818481445,18.12689971923828,17.77164077758789,18.042129516601562,18.042129516601562,0.0,EURTRY=X,eur_try
2022-06-13,17.97311019897461,18.081499099731445,17.940189361572266,17.974720001220703,17.974720001220703,0.0,EURTRY=X,eur_try
2022-06-14,18.007949829101562,18.152090072631836,17.92544937133789,18.006370544433594,18.006370544433594,0.0,EURTRY=X,eur_try
2022-06-15,18.017419815063477,18.23508071899414,17.946149826049805,18.003299713134766,18.003299713134766,0.0,EURTRY=X,eur_try
2022-06-16,18.24163055419922,18.252599716186523,18.06048011779785,18.240589141845703,18.240589141845703,0.0,EURTRY=X,eur_try
2022-06-19,18.187700271606445,18.27111053466797,18.109519958496094,18.18553924560547,18.18553924560547,0.0,EURTRY=X,eur_try
2022-06-20,18.210609436035156,18.345500946044922,18.190629959106445,18.21385955810547,18.21385955810547,0.0,EURTRY=X,eur_try
2022-06-21,18.273000717163086,18.392200469970703,18.171960830688477,18.267160415649414,18.267160415649414,0.0,EURTRY=X,eur_try
2022-06-22,18.32179069519043,18.360870361328125,18.20185089111328,18.318439483642578,18.318439483642578,0.0,EURTRY=X,eur_try
2022-06-23,18.228679656982422,18.352710723876953,18.095909118652344,18.23130989074707,18.23130989074707,0.0,EURTRY=X,eur_try
2022-06-26,17.44152069091797,17.703340530395508,16.927770614624023,17.434099197387695,17.434099197387695,0.0,EURTRY=X,eur_try
2022-06-27,17.473609924316406,17.629030227661133,17.39082908630371,17.474769592285156,17.474769592285156,0.0,EURTRY=X,eur_try
2022-06-28,17.433679580688477,17.57546043395996,17.31839942932129,17.43617057800293,17.43617057800293,0.0,EURTRY=X,eur_try
2022-06-29,17.237079620361328,17.49197006225586,17.217870712280273,17.24095916748047,17.24095916748047,0.0,EURTRY=X,eur_try
2022-06-30,17.488019943237305,17.539899826049805,17.377809524536133,17.49180030822754,17.49180030822754,0.0,EURTRY=X,eur_try
2022-07-03,17.47602081298828,17.604570388793945,17.429059982299805,17.45844078063965,17.45844078063965,0.0,EURTRY=X,eur_try
2022-07-04,17.507150650024414,17.603540420532227,17.340469360351562,17.505319595336914,17.505319595336914,0.0,EURTRY=X,eur_try
2022-07-05,17.384990692138672,17.676969528198242,17.347379684448242,17.386899948120117,17.386899948120117,0.0,EURTRY=X,eur_try
2022-07-06,17.501079559326172,17.688949584960938,17.493520736694336,17.506240844726562,17.506240844726562,0.0,EURTRY=X,eur_try
2022-07-07,17.53668975830078,17.62969970703125,17.42572021484375,17.533239364624023,17.533239364624023,0.0,EURTRY=X,eur_try
2022-07-10,17.505630493164062,17.573699951171875,17.432750701904297,17.503019332885742,17.503019332885742,0.0,EURTRY=X,eur_try
2022-07-11,17.288410186767578,17.487159729003906,17.165950775146484,17.325559616088867,17.325559616088867,0.0,EURTRY=X,eur_try
2022-07-12,17.276859283447266,17.634939193725586,17.22783088684082,17.273210525512695,17.273210525512695,0.0,EURTRY=X,eur_try
2022-07-13,17.432750701904297,17.577009201049805,17.390270233154297,17.429969787597656,17.429969787597656,0.0,EURTRY=X,eur_try
2022-07-14,17.506460189819336,17.55805015563965,17.388530731201172,17.506650924682617,17.506650924682617,0.0,EURTRY=X,eur_try
2022-07-17,17.363269805908203,17.80242919921875,17.347110748291016,17.362239837646484,17.362239837646484,0.0,EURTRY=X,eur_try
2022-07-18,17.69244956970215,18.04935073852539,17.641080856323242,17.689289093017578,17.689289093017578,0.0,EURTRY=X,eur_try
2022-07-19,17.944799423217773,18.04991912841797,17.890029907226562,17.94076919555664,17.94076919555664,0.0,EURTRY=X,eur_try
2022-07-20,17.91370964050293,18.173799514770508,17.902379989624023,17.920900344848633,17.920900344848633,0.0,EURTRY=X,eur_try
2022-07-21,18.118579864501953,18.170700073242188,17.932289123535156,18.115659713745117,18.115659713745117,0.0,EURTRY=X,eur_try
2022-07-24,18.10127067565918,18.295459747314453,18.076990127563477,18.10003089904785,18.10003089904785,0.0,EURTRY=X,eur_try
2022-07-25,18.22126007080078,18.278120040893555,18.048419952392578,18.216800689697266,18.216800689697266,0.0,EURTRY=X,eur_try
2022-07-26,18.10080909729004,18.21862030029297,18.06778907775879,18.10239028930664,18.10239028930664,0.0,EURTRY=X,eur_try
2022-07-27,18.208450317382812,18.33997917175293,18.112119674682617,18.212350845336914,18.212350845336914,0.0,EURTRY=X,eur_try
2022-07-28,18.320499420166016,18.389890670776367,18.122129440307617,18.28597068786621,18.28597068786621,0.0,EURTRY=X,eur_try
2022-07-31,18.276159286499023,18.42605972290039,18.274639129638672,18.269540786743164,18.269540786743164,0.0,EURTRY=X,eur_try
2022-08-01,18.340160369873047,18.438400268554688,18.27644920349121,18.33283042907715,18.33283042907715,0.0,EURTRY=X,eur_try
2022-08-02,18.223970413208008,18.324769973754883,18.183319091796875,18.217159271240234,18.217159271240234,0.0,EURTRY=X,eur_try
2022-08-03,18.20539093017578,18.366140365600586,18.193309783935547,18.206249237060547,18.206249237060547,0.0,EURTRY=X,eur_try
2022-08-04,18.381519317626953,18.39495086669922,18.197040557861328,18.380260467529297,18.380260467529297,0.0,EURTRY=X,eur_try
2022-08-07,18.214719772338867,18.358169555664062,18.1900691986084,18.198869705200195,18.198869705200195,0.0,EURTRY=X,eur_try
2022-08-08,18.27873992919922,18.403629302978516,18.167659759521484,18.27910041809082,18.27910041809082,0.0,EURTRY=X,eur_try
2022-08-09,18.26003074645996,18.568140029907227,18.2373104095459,18.25925064086914,18.25925064086914,0.0,EURTRY=X,eur_try
2022-08-10,18.391939163208008,18.605680465698242,18.3077392578125,18.386140823364258,18.386140823364258,0.0,EURTRY=X,eur_try
2022-08-11,18.519620895385742,18.53820037841797,18.37221908569336,18.51926040649414,18.51926040649414,0.0,EURTRY=X,eur_try
2022-08-14,18.38180923461914,18.405729293823242,18.27924919128418,18.385610580444336,18.385610580444336,0.0,EURTRY=X,eur_try
2022-08-15,18.23940086364746,18.30644989013672,18.183670043945312,18.241600036621094,18.241600036621094,0.0,EURTRY=X,eur_try
2022-08-16,18.199880599975586,18.31633949279785,18.199880599975586,18.20907974243164,18.20907974243164,0.0,EURTRY=X,eur_try
2022-08-17,18.25653076171875,18.42997932434082,18.224380493164062,18.256349563598633,18.256349563598633,0.0,EURTRY=X,eur_try
2022-08-18,18.243999481201172,18.26959991455078,18.15489959716797,18.215280532836914,18.215280532836914,0.0,EURTRY=X,eur_try
2022-08-21,18.135499954223633,18.18515968322754,17.951210021972656,18.137479782104492,18.137479782104492,0.0,EURTRY=X,eur_try
2022-08-22,17.988399505615234,18.1423397064209,17.904390335083008,17.973459243774414,17.973459243774414,0.0,EURTRY=X,eur_try
2022-08-23,18.060909271240234,18.142839431762695,17.96269989013672,18.036800384521484,18.036800384521484,0.0,EURTRY=X,eur_try
2022-08-24,18.08871078491211,18.209280014038086,18.074199676513672,18.08293914794922,18.08293914794922,0.0,EURTRY=X,eur_try
2022-08-25,18.118730545043945,18.337400436401367,18.081050872802734,18.102800369262695,18.102800369262695,0.0,EURTRY=X,eur_try
2022-08-28,18.048730850219727,18.235679626464844,17.994150161743164,18.05487060546875,18.05487060546875,0.0,EURTRY=X,eur_try
2022-08-29,18.20039939880371,18.264400482177734,18.142629623413086,18.190139770507812,18.190139770507812,0.0,EURTRY=X,eur_try
2022-08-30,18.19317054748535,18.32979965209961,18.1318302154541,18.194549560546875,18.194549560546875,0.0,EURTRY=X,eur_try
2022-08-31,18.256399154663086,18.276180267333984,18.052200317382812,18.252220153808594,18.252220153808594,0.0,EURTRY=X,eur_try
2022-09-01,18.111549377441406,18.277999877929688,18.104129791259766,18.110319137573242,18.110319137573242,0.0,EURTRY=X,eur_try
2022-09-04,18.052549362182617,18.12697982788086,17.961580276489258,18.047300338745117,18.047300338745117,0.0,EURTRY=X,eur_try
2022-09-05,18.12434959411621,18.197940826416016,17.9797306060791,18.1226806640625,18.1226806640625,0.0,EURTRY=X,eur_try
2022-09-06,18.04351043701172,18.14406967163086,17.992870330810547,18.04129981994629,18.04129981994629,0.0,EURTRY=X,eur_try
2022-09-07,18.214950561523438,18.282569885253906,18.116260528564453,18.211530685424805,18.211530685424805,0.0,EURTRY=X,eur_try
2022-09-08,18.246469497680664,18.441150665283203,18.246469497680664,18.259899139404297,18.259899139404297,0.0,EURTRY=X,eur_try
2022-09-11,18.338449478149414,18.593589782714844,18.323970794677734,18.333900451660156,18.333900451660156,0.0,EURTRY=X,eur_try
2022-09-12,18.450960159301758,18.576080322265625,18.23724937438965,18.452709197998047,18.452709197998047,0.0,EURTRY=X,eur_try
2022-09-13,18.197359085083008,18.292200088500977,18.184160232543945,18.20248031616211,18.20248031616211,0.0,EURTRY=X,eur_try
2022-09-14,18.19127082824707,18.314220428466797,18.1276798248291,18.199220657348633,18.199220657348633,0.0,EURTRY=X,eur_try
2022-09-15,18.24304962158203,18.346139907836914,18.1689395904541,18.244829177856445,18.244829177856445,0.0,EURTRY=X,eur_try
2022-09-18,18.300289154052734,18.322370529174805,18.22277069091797,18.293909072875977,18.293909072875977,0.0,EURTRY=X,eur_try
2022-09-19,18.34939956665039,18.38755989074707,18.22896957397461,18.345779418945312,18.345779418945312,0.0,EURTRY=X,eur_try
2022-09-20,18.255210876464844,18.263200759887695,18.08473014831543,18.255970001220703,18.255970001220703,0.0,EURTRY=X,eur_try
2022-09-21,18.006479263305664,18.186559677124023,17.974430084228516,18.025800704956055,18.025800704956055,0.0,EURTRY=X,eur_try
2022-09-22,18.031930923461914,18.060890197753906,17.850439071655273,18.034500122070312,18.034500122070312,0.0,EURTRY=X,eur_try
2022-09-25,17.845489501953125,17.888919830322266,17.649999618530273,17.844770431518555,17.844770431518555,0.0,EURTRY=X,eur_try
2022-09-26,17.74588966369629,17.862560272216797,17.72640037536621,17.732519149780273,17.732519149780273,0.0,EURTRY=X,eur_try
2022-09-27,17.646570205688477,17.93014907836914,17.495389938354492,17.64896011352539,17.64896011352539,0.0,EURTRY=X,eur_try
2022-09-28,17.973169326782227,18.15435028076172,17.86985969543457,17.973310470581055,17.973310470581055,0.0,EURTRY=X,eur_try
2022-09-29,18.140640258789062,18.267370223999023,18.037260055541992,18.145809173583984,18.145809173583984,0.0,EURTRY=X,eur_try
2022-10-02,18.068159103393555,18.241640090942383,18.04228973388672,18.063949584960938,18.063949584960938,0.0,EURTRY=X,eur_try
2022-10-03,18.20789909362793,18.52593994140625,18.061750411987305,18.178260803222656,18.178260803222656,0.0,EURTRY=X,eur_try
2022-10-04,18.48434066772461,18.559499740600586,18.27436065673828,18.509859085083008,18.509859085083008,0.0,EURTRY=X,eur_try
2022-10-05,18.398460388183594,18.433500289916992,18.18090057373047,18.381959915161133,18.381959915161133,0.0,EURTRY=X,eur_try
2022-10-06,18.19610023498535,18.24020004272461,18.085769653320312,18.179800033569336,18.179800033569336,0.0,EURTRY=X,eur_try
2022-10-09,18.000009536743164,18.131099700927734,17.985519409179688,17.998720169067383,17.998720169067383,0.0,EURTRY=X,eur_try
2022-10-10,18.035749435424805,18.132680892944336,17.89134979248047,18.03314971923828,18.03314971923828,0.0,EURTRY=X,eur_try
2022-10-11,18.02519989013672,18.084209442138672,17.9398193359375,18.021669387817383,18.021669387817383,0.0,EURTRY=X,eur_try
2022-10-12,17.92292022705078,18.169660568237305,17.898710250854492,17.97072982788086,17.97072982788086,0.0,EURTRY=X,eur_try
2022-10-13,18.10161018371582,18.208980560302734,18.046300888061523,18.103069305419922,18.103069305419922,0.0,EURTRY=X,eur_try
2022-10-16,18.092039108276367,18.299219131469727,18.058000564575195,18.097509384155273,18.097509384155273,0.0,EURTRY=X,eur_try
2022-10-17,18.264619827270508,18.351320266723633,18.16827964782715,18.258060455322266,18.258060455322266,0.0,EURTRY=X,eur_try
2022-10-18,18.32408905029297,18.334089279174805,18.143299102783203,18.319660186767578,18.319660186767578,0.0,EURTRY=X,eur_try
2022-10-19,18.16200065612793,18.30946922302246,18.102060317993164,18.16128921508789,18.16128921508789,0.0,EURTRY=X,eur_try
2022-10-20,18.174800872802734,18.326940536499023,18.054590225219727,18.170339584350586,18.170339584350586,0.0,EURTRY=X,eur_try
2022-10-23,18.290630340576172,18.391990661621094,18.2474308013916,18.292709350585938,18.292709350585938,0.0,EURTRY=X,eur_try
2022-10-24,18.267160415649414,18.54684066772461,18.253610610961914,18.326539993286133,18.326539993286133,0.0,EURTRY=X,eur_try
2022-10-25,18.45461082458496,18.746110916137695,18.43330955505371,18.53944969177246,18.53944969177246,0.0,EURTRY=X,eur_try
2022-10-26,18.763290405273438,18.779430389404297,18.525089263916016,18.75922966003418,18.75922966003418,0.0,EURTRY=X,eur_try
2022-10-27,18.498729705810547,18.602949142456055,18.47579002380371,18.544099807739258,18.544099807739258,0.0,EURTRY=X,eur_try
2022-10-31,18.490299224853516,18.526819229125977,18.35987091064453,18.480520248413086,18.480520248413086,0.0,EURTRY=X,eur_try
2022-11-01,18.40390968322754,18.52535057067871,18.35955047607422,18.403779983520508,18.403779983520508,0.0,EURTRY=X,eur_try
2022-11-02,18.306730270385742,18.45722007751465,18.306730270385742,18.336950302124023,18.336950302124023,0.0,EURTRY=X,eur_try
2022-11-03,18.273080825805664,18.32550048828125,18.114309310913086,18.268199920654297,18.268199920654297,0.0,EURTRY=X,eur_try
2022-11-04,18.1466007232666,18.494699478149414,18.12487030029297,18.142499923706055,18.142499923706055,0.0,EURTRY=X,eur_try
2022-11-07,18.472660064697266,18.60795021057129,18.44426918029785,18.466339111328125,18.466339111328125,0.0,EURTRY=X,eur_try
2022-11-08,18.475910186767578,18.767850875854492,18.453340530395508,18.477380752563477,18.477380752563477,0.0,EURTRY=X,eur_try
2022-11-09,18.67082977294922,18.761390686035156,18.630170822143555,18.69179916381836,18.69179916381836,0.0,EURTRY=X,eur_try
2022-11-10,18.62957000732422,18.858680725097656,18.474830627441406,18.62697982788086,18.62697982788086,0.0,EURTRY=X,eur_try
2022-11-11,18.831050872802734,19.161880493164062,18.79010009765625,18.837369918823242,18.837369918823242,0.0,EURTRY=X,eur_try
2022-11-14,19.109010696411133,19.25312042236328,19.064010620117188,19.11104965209961,19.11104965209961,0.0,EURTRY=X,eur_try
2022-11-15,19.157739639282227,19.48982048034668,19.14208984375,19.15625,19.15625,0.0,EURTRY=X,eur_try
2022-11-16,19.265520095825195,19.422399520874023,19.222440719604492,19.265100479125977,19.265100479125977,0.0,EURTRY=X,eur_try
2022-11-17,19.33439064025879,19.371370315551758,19.18729019165039,19.337209701538086,19.337209701538086,0.0,EURTRY=X,eur_try
2022-11-18,19.255929946899414,19.354299545288086,19.223329544067383,19.256669998168945,19.256669998168945,0.0,EURTRY=X,eur_try
2022-11-21,19.224050521850586,19.226760864257812,19.04524040222168,19.22368049621582,19.22368049621582,0.0,EURTRY=X,eur_try
2022-11-22,19.03104019165039,19.164199829101562,19.03104019165039,19.029800415039062,19.029800415039062,0.0,EURTRY=X,eur_try
2022-11-23,19.198299407958984,19.32979965209961,19.149150848388672,19.18079948425293,19.18079948425293,0.0,EURTRY=X,eur_try
2022-11-24,19.377220153808594,19.44325065612793,19.34423065185547,19.373310089111328,19.373310089111328,0.0,EURTRY=X,eur_try
2022-11-25,19.368349075317383,19.429040908813477,19.297399520874023,19.37424087524414,19.37424087524414,0.0,EURTRY=X,eur_try
2022-11-28,19.293039321899414,19.55388069152832,19.24311065673828,19.282920837402344,19.282920837402344,0.0,EURTRY=X,eur_try
2022-11-29,19.246700286865234,19.365259170532227,19.193649291992188,19.22064971923828,19.22064971923828,0.0,EURTRY=X,eur_try
2022-11-30,19.226280212402344,19.35930061340332,19.123470306396484,19.230379104614258,19.230379104614258,0.0,EURTRY=X,eur_try
2022-12-01,19.408849716186523,19.614320755004883,19.371929168701172,19.408479690551758,19.408479690551758,0.0,EURTRY=X,eur_try
2022-12-02,19.60881996154785,19.65239906311035,19.440589904785156,19.607450485229492,19.607450485229492,0.0,EURTRY=X,eur_try
2022-12-05,19.6456298828125,19.742919921875,19.55401039123535,19.63990020751953,19.63990020751953,0.0,EURTRY=X,eur_try
2022-12-06,19.5485897064209,19.627639770507812,19.513160705566406,19.548770904541016,19.548770904541016,0.0,EURTRY=X,eur_try
2022-12-07,19.495349884033203,19.655019760131836,19.461750030517578,19.494970321655273,19.494970321655273,0.0,EURTRY=X,eur_try
2022-12-08,19.57958984375,19.687889099121094,19.551679611206055,19.58180046081543,19.58180046081543,0.0,EURTRY=X,eur_try
2022-12-09,19.673280715942383,19.737030029296875,19.60382080078125,19.676319122314453,19.676319122314453,0.0,EURTRY=X,eur_try
2022-12-12,19.60576057434082,19.7225399017334,19.56757926940918,19.607080459594727,19.607080459594727,0.0,EURTRY=X,eur_try
2022-12-13,19.593090057373047,19.88028907775879,19.492420196533203,19.626100540161133,19.626100540161133,0.0,EURTRY=X,eur_try
2022-12-14,19.734399795532227,19.894670486450195,19.734399795532227,19.742490768432617,19.742490768432617,0.0,EURTRY=X,eur_try
2022-12-15,19.864789962768555,19.997650146484375,19.739879608154297,19.86952018737793,19.86952018737793,0.0,EURTRY=X,eur_try
2022-12-16,19.814239501953125,19.881269454956055,19.75177001953125,19.8115291595459,19.8115291595459,0.0,EURTRY=X,eur_try
2022-12-19,19.703100204467773,19.87696075439453,19.703100204467773,19.701980590820312,19.701980590820312,0.0,EURTRY=X,eur_try
2022-12-20,19.7903995513916,19.876689910888672,19.719600677490234,19.774030685424805,19.774030685424805,0.0,EURTRY=X,eur_try
2022-12-21,19.812299728393555,19.864789962768555,19.75395965576172,19.799800872802734,19.799800872802734,0.0,EURTRY=X,eur_try
2022-12-22,19.784189224243164,19.89842987060547,19.758920669555664,19.784650802612305,19.784650802612305,0.0,EURTRY=X,eur_try
2022-12-23,19.79174041748047,19.86297035217285,19.75783920288086,19.791669845581055,19.791669845581055,0.0,EURTRY=X,eur_try
2022-12-26,19.759489059448242,19.873149871826172,19.630130767822266,19.73419952392578,19.73419952392578,0.0,EURTRY=X,eur_try
2022-12-27,19.77338981628418,19.962499618530273,19.769699096679688,19.815269470214844,19.815269470214844,0.0,EURTRY=X,eur_try
2022-12-28,19.778600692749023,19.97439956665039,19.778600692749023,19.805389404296875,19.805389404296875,0.0,EURTRY=X,eur_try
2022-12-29,19.868549346923828,19.966779708862305,19.846179962158203,19.86751937866211,19.86751937866211,0.0,EURTRY=X,eur_try
2022-12-30,19.9389705657959,20.024620056152344,19.903079986572266,19.937570571899414,19.937570571899414,0.0,EURTRY=X,eur_try
2023-01-02,19.94586944580078,20.027099609375,19.85004997253418,19.95490074157715,19.95490074157715,0.0,EURTRY=X,eur_try
2023-01-03,20.009700775146484,20.015899658203125,19.711280822753906,20.0137996673584,20.0137996673584,0.0,EURTRY=X,eur_try
2023-01-04,19.753089904785156,19.922969818115234,19.733089447021484,19.728639602661133,19.728639602661133,0.0,EURTRY=X,eur_try
2023-01-05,19.86488914489746,19.93899917602539,19.736120223999023,19.87264060974121,19.87264060974121,0.0,EURTRY=X,eur_try
2023-01-06,19.74591064453125,19.939380645751953,19.669370651245117,19.74622917175293,19.74622917175293,0.0,EURTRY=X,eur_try
2023-01-09,20.012100219726562,20.193910598754883,19.769290924072266,19.99894905090332,19.99894905090332,0.0,EURTRY=X,eur_try
2023-01-10,20.10732078552246,20.188079833984375,19.881799697875977,20.10972023010254,20.10972023010254,0.0,EURTRY=X,eur_try
2023-01-11,20.1612606048584,20.230960845947266,20.13397979736328,20.1389102935791,20.1389102935791,0.0,EURTRY=X,eur_try
2023-01-12,20.210800170898438,20.348220825195312,20.146169662475586,20.210590362548828,20.210590362548828,0.0,EURTRY=X,eur_try
2023-01-13,20.391660690307617,20.41550064086914,20.25023078918457,20.38665008544922,20.38665008544922,0.0,EURTRY=X,eur_try
2023-01-16,20.32352066040039,20.425079345703125,20.29327964782715,20.330610275268555,20.330610275268555,0.0,EURTRY=X,eur_try
2023-01-17,20.326860427856445,20.422100067138672,20.267459869384766,20.33662986755371,20.33662986755371,0.0,EURTRY=X,eur_try
2023-01-18,20.23535919189453,20.451749801635742,20.195199966430664,20.232589721679688,20.232589721679688,0.0,EURTRY=X,eur_try
2023-01-19,20.24188995361328,20.3581600189209,20.22089958190918,20.258819580078125,20.258819580078125,0.0,EURTRY=X,eur_try
2023-01-20,20.34532928466797,20.4088191986084,20.313800811767578,20.348709106445312,20.348709106445312,0.0,EURTRY=X,eur_try
2023-01-23,20.424720764160156,20.535240173339844,20.32611083984375,20.417470932006836,20.417470932006836,0.0,EURTRY=X,eur_try
2023-01-24,20.35095977783203,20.4919490814209,20.331100463867188,20.349689483642578,20.349689483642578,0.0,EURTRY=X,eur_try
2023-01-25,20.463850021362305,20.5433406829834,20.42081069946289,20.46331024169922,20.46331024169922,0.0,EURTRY=X,eur_try
2023-01-26,20.538799285888672,20.55569076538086,20.4014892578125,20.542600631713867,20.542600631713867,0.0,EURTRY=X,eur_try
2023-01-27,20.491849899291992,20.501800537109375,20.38629913330078,20.490999221801758,20.490999221801758,0.0,EURTRY=X,eur_try
2023-01-30,20.44297981262207,20.526519775390625,20.371700286865234,20.441659927368164,20.441659927368164,0.0,EURTRY=X,eur_try
2023-01-31,20.399389266967773,20.439220428466797,20.319570541381836,20.398820877075195,20.398820877075195,0.0,EURTRY=X,eur_try
2023-02-01,20.4207706451416,20.54793930053711,20.40329933166504,20.418960571289062,20.418960571289062,0.0,EURTRY=X,eur_try
2023-02-02,20.70992088317871,20.74917984008789,20.476409912109375,20.71099090576172,20.71099090576172,0.0,EURTRY=X,eur_try
2023-02-03,20.508359909057617,20.58403968811035,20.34804916381836,20.508359909057617,20.508359909057617,0.0,EURTRY=X,eur_try
2023-02-06,20.30876922607422,20.331090927124023,20.181089401245117,20.31290054321289,20.31290054321289,0.0,EURTRY=X,eur_try
2023-02-07,20.202890396118164,20.229290008544922,20.090179443359375,20.200050354003906,20.200050354003906,0.0,EURTRY=X,eur_try
2023-02-08,20.205690383911133,20.262300491333008,20.175399780273438,20.203340530395508,20.203340530395508,0.0,EURTRY=X,eur_try
2023-02-09,20.18440055847168,20.319520950317383,20.164649963378906,20.178560256958008,20.178560256958008,0.0,EURTRY=X,eur_try
2023-02-10,20.222339630126953,20.252700805664062,20.090560913085938,20.221050262451172,20.221050262451172,0.0,EURTRY=X,eur_try
2023-02-13,20.102680206298828,20.20840072631836,20.068010330200195,20.10434913635254,20.10434913635254,0.0,EURTRY=X,eur_try
2023-02-14,20.210649490356445,20.34701919555664,20.179330825805664,20.21183967590332,20.21183967590332,0.0,EURTRY=X,eur_try
2023-02-15,20.224519729614258,20.31123924255371,20.077350616455078,20.22896957397461,20.22896957397461,0.0,EURTRY=X,eur_try
2023-02-16,20.1837100982666,20.216020584106445,20.086759567260742,20.180599212646484,20.180599212646484,0.0,EURTRY=X,eur_try
2023-02-17,20.10780906677246,20.146739959716797,20.01959991455078,20.10260009765625,20.10260009765625,0.0,EURTRY=X,eur_try
2023-02-20,20.14362907409668,20.19512939453125,20.117210388183594,20.14266014099121,20.14266014099121,0.0,EURTRY=X,eur_try
2023-02-21,20.14763069152832,20.179340362548828,20.08315086364746,20.148540496826172,20.148540496826172,0.0,EURTRY=X,eur_try
2023-02-22,20.06707000732422,20.126039505004883,19.996849060058594,20.06764030456543,20.06764030456543,0.0,EURTRY=X,eur_try
2023-02-23,20.02174949645996,20.059959411621094,19.963430404663086,20.01474952697754,20.01474952697754,0.0,EURTRY=X,eur_try
2023-02-24,19.99172019958496,20.033660888671875,19.89327049255371,19.991479873657227,19.991479873657227,0.0,EURTRY=X,eur_try
2023-02-27,19.92513084411621,20.050819396972656,19.709800720214844,19.926950454711914,19.926950454711914,0.0,EURTRY=X,eur_try
2023-02-28,20.035200119018555,20.096349716186523,19.97831916809082,20.033489227294922,20.033489227294922,0.0,EURTRY=X,eur_try
2023-03-01,19.97138023376465,20.19053077697754,19.946229934692383,19.97003936767578,19.97003936767578,0.0,EURTRY=X,eur_try
2023-03-02,20.139039993286133,20.155399322509766,19.991310119628906,20.146900177001953,20.146900177001953,0.0,EURTRY=X,eur_try
2023-03-03,20.011510848999023,20.08531951904297,19.951919555664062,20.0103702545166,20.0103702545166,0.0,EURTRY=X,eur_try
2023-03-06,20.063880920410156,20.21489906311035,19.964019775390625,20.06800079345703,20.06800079345703,0.0,EURTRY=X,eur_try
2023-03-07,20.131959915161133,20.224109649658203,19.998830795288086,20.167680740356445,20.167680740356445,0.0,EURTRY=X,eur_try
2023-03-08,19.961700439453125,20.021240234375,19.90032958984375,19.95401954650879,19.95401954650879,0.0,EURTRY=X,eur_try
2023-03-09,19.989599227905273,20.05731964111328,19.942440032958984,19.980270385742188,19.980270385742188,0.0,EURTRY=X,eur_try
2023-03-10,20.048280715942383,20.283199310302734,19.620189666748047,20.045820236206055,20.045820236206055,0.0,EURTRY=X,eur_try
2023-03-13,20.252660751342773,20.37251091003418,20.20871925354004,20.256450653076172,20.256450653076172,0.0,EURTRY=X,eur_try
2023-03-14,20.33696937561035,20.391050338745117,20.264270782470703,20.34869956970215,20.34869956970215,0.0,EURTRY=X,eur_try
2023-03-15,20.348190307617188,20.644100189208984,19.975000381469727,20.354190826416016,20.354190826416016,0.0,EURTRY=X,eur_try
2023-03-16,20.091419219970703,20.20149040222168,20.05392074584961,20.093320846557617,20.093320846557617,0.0,EURTRY=X,eur_try
2023-03-17,20.160919189453125,20.277999877929688,20.158790588378906,20.160730361938477,20.160730361938477,0.0,EURTRY=X,eur_try
2023-03-20,20.299030303955078,20.402559280395508,20.218299865722656,20.294469833374023,20.294469833374023,0.0,EURTRY=X,eur_try
2023-03-21,20.380599975585938,20.522350311279297,20.356130599975586,20.37779998779297,20.37779998779297,0.0,EURTRY=X,eur_try
2023-03-22,20.485130310058594,20.562070846557617,20.465490341186523,20.494609832763672,20.494609832763672,0.0,EURTRY=X,eur_try
2023-03-23,20.686660766601562,20.80721092224121,20.686660766601562,20.686840057373047,20.686840057373047,0.0,EURTRY=X,eur_try
2023-03-24,20.591459274291992,20.735309600830078,20.434200286865234,20.64042091369629,20.64042091369629,0.0,EURTRY=X,eur_try
2023-03-26,20.566320419311523,20.609359741210938,20.455589294433594,20.564220428466797,20.564220428466797,0.0,EURTRY=X,eur_try
2023-03-27,20.6312198638916,20.724590301513672,20.61223030090332,20.632169723510742,20.632169723510742,0.0,EURTRY=X,eur_try
2023-03-28,20.728809356689453,20.793909072875977,20.686359405517578,20.706510543823242,20.706510543823242,0.0,EURTRY=X,eur_try
2023-03-29,20.760509490966797,20.93695068359375,20.7310791015625,20.761449813842773,20.761449813842773,0.0,EURTRY=X,eur_try
2023-03-30,20.912900924682617,20.945819854736328,20.83618927001953,20.909629821777344,20.909629821777344,0.0,EURTRY=X,eur_try
2023-04-02,20.73900032043457,20.9583797454834,20.702470779418945,20.730939865112305,20.730939865112305,0.0,EURTRY=X,eur_try
2023-04-03,20.935670852661133,21.096290588378906,20.897119522094727,20.954299926757812,20.954299926757812,0.0,EURTRY=X,eur_try
2023-04-04,21.05385971069336,21.11450958251953,20.99152946472168,21.053489685058594,21.053489685058594,0.0,EURTRY=X,eur_try
2023-04-05,20.98780059814453,21.044870376586914,20.952220916748047,20.98971939086914,20.98971939086914,0.0,EURTRY=X,eur_try
2023-04-06,21.0233097076416,21.034879684448242,20.94778060913086,21.019840240478516,21.019840240478516,0.0,EURTRY=X,eur_try
2023-04-09,21.005239486694336,21.035709381103516,20.870569229125977,20.99275016784668,20.99275016784668,0.0,EURTRY=X,eur_try
2023-04-10,20.93729019165039,21.07798957824707,20.93423080444336,20.93423080444336,20.93423080444336,0.0,EURTRY=X,eur_try
2023-04-11,21.05759048461914,21.243160247802734,21.054380416870117,21.059640884399414,21.059640884399414,0.0,EURTRY=X,eur_try
2023-04-12,21.2435302734375,21.39072036743164,21.199560165405273,21.242279052734375,21.242279052734375,0.0,EURTRY=X,eur_try
2023-04-13,21.35681915283203,21.44940948486328,21.252140045166016,21.361650466918945,21.361650466918945,0.0,EURTRY=X,eur_try
2023-04-16,21.28738021850586,21.33563995361328,21.1468505859375,21.286020278930664,21.286020278930664,0.0,EURTRY=X,eur_try
2023-04-17,21.17506980895996,21.308500289916992,21.172550201416016,21.175830841064453,21.175830841064453,0.0,EURTRY=X,eur_try
2023-04-18,21.2841796875,21.300399780273438,21.17424964904785,21.280990600585938,21.280990600585938,0.0,EURTRY=X,eur_try
2023-04-19,21.242429733276367,21.317609786987305,21.212820053100586,21.24262046813965,21.24262046813965,0.0,EURTRY=X,eur_try
2023-04-20,21.281919479370117,21.334980010986328,21.222150802612305,21.281429290771484,21.281429290771484,0.0,EURTRY=X,eur_try
2023-04-23,21.328990936279297,21.41046905517578,21.28338050842285,21.328990936279297,21.328990936279297,0.0,EURTRY=X,eur_try
2023-04-24,21.450090408325195,21.47096061706543,21.304969787597656,21.449899673461914,21.449899673461914,0.0,EURTRY=X,eur_try
2023-04-25,21.317800521850586,21.547779083251953,21.29553985595703,21.316099166870117,21.316099166870117,0.0,EURTRY=X,eur_try
2023-04-26,21.44754981994629,21.507789611816406,21.362829208374023,21.44618034362793,21.44618034362793,0.0,EURTRY=X,eur_try
2023-04-27,21.444129943847656,21.47895050048828,21.32645034790039,21.438779830932617,21.438779830932617,0.0,EURTRY=X,eur_try
2023-04-30,21.412450790405273,21.48386001586914,21.334529876708984,21.413949966430664,21.413949966430664,0.0,EURTRY=X,eur_try
2023-05-01,21.34886932373047,21.44597053527832,21.298770904541016,21.341520309448242,21.341520309448242,0.0,EURTRY=X,eur_try
2023-05-02,21.437559127807617,21.53199005126953,21.425540924072266,21.436260223388672,21.436260223388672,0.0,EURTRY=X,eur_try
2023-05-03,21.55636978149414,21.673490524291992,21.39150047302246,21.55500030517578,21.55500030517578,0.0,EURTRY=X,eur_try
2023-05-04,21.476350784301758,21.55501937866211,21.39286994934082,21.47859001159668,21.47859001159668,0.0,EURTRY=X,eur_try
2023-05-07,21.485000610351562,21.588300704956055,21.479209899902344,21.483999252319336,21.483999252319336,0.0,EURTRY=X,eur_try
2023-05-08,21.44679069519043,21.46116065979004,21.35066032409668,21.445430755615234,21.445430755615234,0.0,EURTRY=X,eur_try
2023-05-09,21.402929306030273,21.505380630493164,21.335020065307617,21.4001407623291,21.4001407623291,0.0,EURTRY=X,eur_try
2023-05-10,21.463720321655273,21.5062198638916,21.29361915588379,21.458829879760742,21.458829879760742,0.0,EURTRY=X,eur_try
2023-05-11,21.320859909057617,21.445600509643555,21.235179901123047,21.35279083251953,21.35279083251953,0.0,EURTRY=X,eur_try
2023-05-14,21.301130294799805,21.41284942626953,21.048490524291992,21.296960830688477,21.296960830688477,0.0,EURTRY=X,eur_try
2023-05-15,21.392419815063477,21.484270095825195,21.382549285888672,21.389179229736328,21.389179229736328,0.0,EURTRY=X,eur_try
2023-05-16,21.445499420166016,21.464500427246094,21.361040115356445,21.44045066833496,21.44045066833496,0.0,EURTRY=X,eur_try
2023-05-17,21.419219970703125,21.439470291137695,21.30508041381836,21.419870376586914,21.419870376586914,0.0,EURTRY=X,eur_try
2023-05-18,21.343700408935547,21.442319869995117,21.244159698486328,21.341299057006836,21.341299057006836,0.0,EURTRY=X,eur_try
2023-05-21,21.445520401000977,21.504329681396484,21.355070114135742,21.445329666137695,21.445329666137695,0.0,EURTRY=X,eur_try
2023-05-22,21.445079803466797,21.81545066833496,21.365219116210938,21.452550888061523,21.452550888061523,0.0,EURTRY=X,eur_try
2023-05-23,21.386510848999023,21.4761905670166,21.375890731811523,21.391080856323242,21.391080856323242,0.0,EURTRY=X,eur_try
2023-05-24,21.40081024169922,21.459999084472656,21.343339920043945,21.4053897857666,21.4053897857666,0.0,EURTRY=X,eur_try
2023-05-25,21.459510803222656,21.736019134521484,21.32547950744629,21.37550926208496,21.37550926208496,0.0,EURTRY=X,eur_try
2023-05-28,21.467069625854492,21.538000106811523,21.35761070251465,21.44841957092285,21.44841957092285,0.0,EURTRY=X,eur_try
2023-05-29,21.552669525146484,21.91029930114746,21.522829055786133,21.54986000061035,21.54986000061035,0.0,EURTRY=X,eur_try
2023-05-30,22.09316062927246,22.2248592376709,21.907970428466797,22.09132957458496,22.09132957458496,0.0,EURTRY=X,eur_try
2023-05-31,22.181400299072266,22.38348960876465,22.13159942626953,22.187559127807617,22.187559127807617,0.0,EURTRY=X,eur_try
2023-06-01,22.45281982421875,22.52984046936035,22.39137077331543,22.463319778442383,22.463319778442383,0.0,EURTRY=X,eur_try
2023-06-04,22.48859977722168,22.7821102142334,22.480409622192383,22.493019104003906,22.493019104003906,0.0,EURTRY=X,eur_try
2023-06-05,22.782060623168945,23.226970672607422,22.578630447387695,22.779539108276367,22.779539108276367,0.0,EURTRY=X,eur_try
2023-06-06,23.4689998626709,24.87969970703125,23.419849395751953,23.43341064453125,23.43341064453125,0.0,EURTRY=X,eur_try
2023-06-07,24.941640853881836,25.200000762939453,24.794870376586914,24.941139221191406,24.941139221191406,0.0,EURTRY=X,eur_try
2023-06-08,25.292020797729492,25.369199752807617,24.962810516357422,25.292949676513672,25.292949676513672,0.0,EURTRY=X,eur_try
2023-06-11,25.408540725708008,25.5185604095459,25.18825912475586,25.4143009185791,25.4143009185791,0.0,EURTRY=X,eur_try
2023-06-12,25.465299606323242,25.627399444580078,24.511350631713867,25.422170639038086,25.422170639038086,0.0,EURTRY=X,eur_try
2023-06-13,25.449289321899414,25.603239059448242,25.386959075927734,25.435440063476562,25.435440063476562,0.0,EURTRY=X,eur_try
2023-06-14,25.4906005859375,25.879409790039062,25.347990036010742,25.55900001525879,25.55900001525879,0.0,EURTRY=X,eur_try
2023-06-15,25.804040908813477,25.955259323120117,25.41105079650879,25.802980422973633,25.802980422973633,0.0,EURTRY=X,eur_try
2023-06-18,25.68691062927246,25.89495086669922,25.681629180908203,25.664369583129883,25.664369583129883,0.0,EURTRY=X,eur_try
2023-06-19,25.63330078125,25.86779022216797,25.37360954284668,25.63715934753418,25.63715934753418,0.0,EURTRY=X,eur_try
2023-06-20,25.74449920654297,25.80422019958496,25.681989669799805,25.71207046508789,25.71207046508789,0.0,EURTRY=X,eur_try
2023-06-21,25.838909149169922,27.11949920654297,25.761930465698242,25.83584976196289,25.83584976196289,0.0,EURTRY=X,eur_try
2023-06-22,27.215660095214844,27.931299209594727,26.588979721069336,27.20846939086914,27.20846939086914,0.0,EURTRY=X,eur_try
2023-06-25,27.485990524291992,28.365999221801758,27.35379981994629,27.48349952697754,27.48349952697754,0.0,EURTRY=X,eur_try
2023-06-26,28.32154083251953,28.57990074157715,27.833890914916992,28.321130752563477,28.321130752563477,0.0,EURTRY=X,eur_try
2023-06-27,28.465879440307617,28.614999771118164,28.357669830322266,28.475929260253906,28.475929260253906,0.0,EURTRY=X,eur_try
2023-06-28,28.390979766845703,28.49519920349121,28.260799407958984,28.39072036743164,28.39072036743164,0.0,EURTRY=X,eur_try
2023-06-29,28.242950439453125,28.48855972290039,28.18242073059082,28.248380661010742,28.248380661010742,0.0,EURTRY=X,eur_try
2023-07-02,28.416200637817383,28.44890022277832,28.26358985900879,28.41629981994629,28.41629981994629,0.0,EURTRY=X,eur_try
2023-07-03,28.28339958190918,28.463239669799805,28.12653923034668,28.22100067138672,28.22100067138672,0.0,EURTRY=X,eur_try
2023-07-04,28.13452911376953,28.44580078125,28.01333999633789,28.270099639892578,28.270099639892578,0.0,EURTRY=X,eur_try
2023-07-05,28.128740310668945,28.41411018371582,27.907920837402344,28.183420181274414,28.183420181274414,0.0,EURTRY=X,eur_try
2023-07-06,28.396509170532227,28.58909034729004,28.289369583129883,28.45599937438965,28.45599937438965,0.0,EURTRY=X,eur_try
2023-07-09,28.561199188232422,28.643430709838867,28.286840438842773,28.56015968322754,28.56015968322754,0.0,EURTRY=X,eur_try
2023-07-10,28.656940460205078,28.783899307250977,28.640010833740234,28.648880004882812,28.648880004882812,0.0,EURTRY=X,eur_try
2023-07-11,28.7335205078125,29.089929580688477,28.7166690826416,28.736370086669922,28.736370086669922,0.0,EURTRY=X,eur_try
2023-07-12,29.082979202270508,29.25568962097168,29.04277992248535,29.080570220947266,29.080570220947266,0.0,EURTRY=X,eur_try
2023-07-13,29.206809997558594,29.457170486450195,29.096059799194336,29.202180862426758,29.202180862426758,0.0,EURTRY=X,eur_try
2023-07-16,29.353879928588867,29.599760055541992,29.078710556030273,29.35205078125,29.35205078125,0.0,EURTRY=X,eur_try
2023-07-17,29.558860778808594,30.359949111938477,29.55544090270996,29.581329345703125,29.581329345703125,0.0,EURTRY=X,eur_try
2023-07-18,30.233240127563477,30.337600708007812,30.030719757080078,30.229389190673828,30.229389190673828,0.0,EURTRY=X,eur_try
2023-07-19,29.951499938964844,30.214099884033203,29.82876968383789,29.986400604248047,29.986400604248047,0.0,EURTRY=X,eur_try
2023-07-20,29.751880645751953,30.01420021057129,29.751880645751953,29.83363914489746,29.83363914489746,0.0,EURTRY=X,eur_try
2023-07-23,29.95306968688965,30.037500381469727,29.83180046081543,29.945749282836914,29.945749282836914,0.0,EURTRY=X,eur_try
2023-07-24,29.77935028076172,29.888399124145508,29.66853904724121,29.703800201416016,29.703800201416016,0.0,EURTRY=X,eur_try
2023-07-25,29.679759979248047,29.87932014465332,29.666059494018555,29.719249725341797,29.719249725341797,0.0,EURTRY=X,eur_try
2023-07-26,29.760250091552734,30.0531005859375,29.593740463256836,29.784379959106445,29.784379959106445,0.0,EURTRY=X,eur_try
2023-07-27,29.597089767456055,29.770200729370117,29.505739212036133,29.5914306640625,29.5914306640625,0.0,EURTRY=X,eur_try
2023-07-30,29.615299224853516,29.76420021057129,29.567110061645508,29.587779998779297,29.587779998779297,0.0,EURTRY=X,eur_try
2023-07-31,29.60555076599121,29.65983009338379,29.51198959350586,29.61050033569336,29.61050033569336,0.0,EURTRY=X,eur_try
2023-08-01,29.67864990234375,29.738399505615234,29.38351058959961,29.686290740966797,29.686290740966797,0.0,EURTRY=X,eur_try
2023-08-02,29.490760803222656,29.544509887695312,29.40703010559082,29.49251937866211,29.49251937866211,0.0,EURTRY=X,eur_try
2023-08-03,29.526880264282227,29.808940887451172,29.31797981262207,29.528200149536133,29.528200149536133,0.0,EURTRY=X,eur_try
2023-08-06,29.64948081970215,29.72256088256836,29.595399856567383,29.65097999572754,29.65097999572754,0.0,EURTRY=X,eur_try
2023-08-07,29.71544075012207,29.767250061035156,29.531919479370117,29.71143913269043,29.71143913269043,0.0,EURTRY=X,eur_try
2023-08-08,29.49863052368164,29.71795082092285,29.456510543823242,29.505149841308594,29.505149841308594,0.0,EURTRY=X,eur_try
2023-08-09,29.574050903320312,29.893390655517578,29.546329498291016,29.579450607299805,29.579450607299805,0.0,EURTRY=X,eur_try
2023-08-10,29.702220916748047,29.809799194335938,29.53809928894043,29.705190658569336,29.705190658569336,0.0,EURTRY=X,eur_try
2023-08-13,29.597240447998047,29.734600067138672,29.338239669799805,29.629150390625,29.629150390625,0.0,EURTRY=X,eur_try
2023-08-14,29.502050399780273,29.625999450683594,29.46493911743164,29.50044059753418,29.50044059753418,0.0,EURTRY=X,eur_try
2023-08-15,29.48819923400879,29.58972930908203,29.481489181518555,29.492210388183594,29.492210388183594,0.0,EURTRY=X,eur_try
2023-08-16,29.432159423828125,29.58268928527832,29.386730194091797,29.43577003479004,29.43577003479004,0.0,EURTRY=X,eur_try
2023-08-17,29.475059509277344,29.509429931640625,29.394380569458008,29.475059509277344,29.475059509277344,0.0,EURTRY=X,eur_try
2023-08-20,29.485570907592773,29.642980575561523,29.454729080200195,29.466089248657227,29.466089248657227,0.0,EURTRY=X,eur_try
2023-08-21,29.64090919494629,29.728239059448242,29.39636993408203,29.64068031311035,29.64068031311035,0.0,EURTRY=X,eur_try
2023-08-22,29.49492073059082,29.567760467529297,29.372560501098633,29.496259689331055,29.496259689331055,0.0,EURTRY=X,eur_try
2023-08-23,29.50391960144043,29.6813907623291,27.264440536499023,29.520750045776367,29.520750045776367,0.0,EURTRY=X,eur_try
2023-08-24,27.902639389038086,28.746530532836914,27.13595962524414,27.92222023010254,27.92222023010254,0.0,EURTRY=X,eur_try
2023-08-27,28.289079666137695,28.743650436401367,28.289079666137695,28.23417091369629,28.23417091369629,0.0,EURTRY=X,eur_try
2023-08-28,27.903799057006836,28.891870498657227,27.903799057006836,28.212879180908203,28.212879180908203,0.0,EURTRY=X,eur_try
2023-08-29,28.653860092163086,29.232139587402344,28.653860092163086,28.736309051513672,28.736309051513672,0.0,EURTRY=X,eur_try
2023-08-30,29.123920440673828,29.1968994140625,28.86009979248047,29.130720138549805,29.130720138549805,0.0,EURTRY=X,eur_try
2023-08-31,28.86380958557129,29.068340301513672,28.811660766601562,28.884889602661133,28.884889602661133,0.0,EURTRY=X,eur_try
2023-09-03,28.433910369873047,28.950820922851562,28.432580947875977,28.433860778808594,28.433860778808594,0.0,EURTRY=X,eur_try
2023-09-04,28.85032081604004,28.91143035888672,28.239309310913086,28.848970413208008,28.848970413208008,0.0,EURTRY=X,eur_try
2023-09-05,28.675989151000977,28.821300506591797,28.51214027404785,28.532129287719727,28.532129287719727,0.0,EURTRY=X,eur_try
2023-09-06,28.651880264282227,28.814800262451172,28.64920997619629,28.66840934753418,28.66840934753418,0.0,EURTRY=X,eur_try
2023-09-07,28.685089111328125,28.848800659179688,28.652639389038086,28.690689086914062,28.690689086914062,0.0,EURTRY=X,eur_try
2023-09-10,28.609840393066406,28.9148006439209,28.513530731201172,28.562129974365234,28.562129974365234,0.0,EURTRY=X,eur_try
2023-09-11,28.873119354248047,28.910579681396484,28.793500900268555,28.874900817871094,28.874900817871094,0.0,EURTRY=X,eur_try
2023-09-12,28.939769744873047,28.98016929626465,28.869340896606445,28.93058967590332,28.93058967590332,0.0,EURTRY=X,eur_try
2023-09-13,28.785640716552734,29.289840698242188,28.702619552612305,28.788049697875977,28.788049697875977,0.0,EURTRY=X,eur_try
2023-09-14,28.639070510864258,29.037839889526367,28.5933895111084,28.63690948486328,28.63690948486328,0.0,EURTRY=X,eur_try
2023-09-17,28.578519821166992,28.90241050720215,28.577829360961914,28.557430267333984,28.557430267333984,0.0,EURTRY=X,eur_try
2023-09-18,28.8270206451416,28.968320846557617,28.765539169311523,28.821090698242188,28.821090698242188,0.0,EURTRY=X,eur_try
2023-09-19,28.845809936523438,28.999000549316406,28.83531951904297,28.84964942932129,28.84964942932129,0.0,EURTRY=X,eur_try
2023-09-20,28.70092010498047,28.92919921875,28.578369140625,28.721599578857422,28.721599578857422,0.0,EURTRY=X,eur_try
2023-09-21,28.897859573364258,28.985090255737305,28.774229049682617,28.895320892333984,28.895320892333984,0.0,EURTRY=X,eur_try
2023-09-24,28.93777084350586,28.975950241088867,28.77634048461914,28.937509536743164,28.937509536743164,0.0,EURTRY=X,eur_try
2023-09-25,28.817569732666016,28.926740646362305,28.784570693969727,28.815610885620117,28.815610885620117,0.0,EURTRY=X,eur_try
2023-09-26,28.831100463867188,29.18648910522461,28.690900802612305,28.82402992248535,28.82402992248535,0.0,EURTRY=X,eur_try
2023-09-27,28.685699462890625,28.995149612426758,28.68280029296875,28.681610107421875,28.681610107421875,0.0,EURTRY=X,eur_try
2023-09-28,28.99197006225586,29.1358699798584,28.909589767456055,28.990049362182617,28.990049362182617,0.0,EURTRY=X,eur_try
2023-10-01,28.917400360107422,29.086580276489258,28.795530319213867,28.975799560546875,28.975799560546875,0.0,EURTRY=X,eur_try
2023-10-02,28.749069213867188,28.85240936279297,28.684579849243164,28.75684928894043,28.75684928894043,0.0,EURTRY=X,eur_try
2023-10-03,28.796749114990234,29.036340713500977,28.659629821777344,28.81753921508789,28.81753921508789,0.0,EURTRY=X,eur_try
2023-10-04,28.925899505615234,29.125680923461914,28.924100875854492,28.928590774536133,28.928590774536133,0.0,EURTRY=X,eur_try
2023-10-05,29.08300018310547,29.271629333496094,28.952899932861328,29.079139709472656,29.079139709472656,0.0,EURTRY=X,eur_try
2023-10-08,29.213380813598633,29.355899810791016,28.754980087280273,29.215560913085938,29.215560913085938,0.0,EURTRY=X,eur_try
2023-10-09,29.331899642944336,29.44062042236328,29.205320358276367,29.31934928894043,29.31934928894043,0.0,EURTRY=X,eur_try
2023-10-10,29.40726089477539,29.51569938659668,29.366479873657227,29.41274070739746,29.41274070739746,0.0,EURTRY=X,eur_try
2023-10-11,29.415729522705078,29.54936981201172,29.261760711669922,29.413280487060547,29.413280487060547,0.0,EURTRY=X,eur_try
2023-10-12,29.2155704498291,29.42180061340332,29.171390533447266,29.232629776000977,29.232629776000977,0.0,EURTRY=X,eur_try
2023-10-15,28.971389770507812,29.425399780273438,28.94137954711914,28.97248077392578,28.97248077392578,0.0,EURTRY=X,eur_try
2023-10-16,29.417749404907227,29.56998062133789,29.37717056274414,29.399620056152344,29.399620056152344,0.0,EURTRY=X,eur_try
2023-10-17,29.559919357299805,29.667659759521484,29.486989974975586,29.558269500732422,29.558269500732422,0.0,EURTRY=X,eur_try
2023-10-18,29.52644920349121,29.700359344482422,29.397979736328125,29.52644920349121,29.52644920349121,0.0,EURTRY=X,eur_try
2023-10-19,29.653419494628906,29.70949935913086,29.60297966003418,29.651790618896484,29.651790618896484,0.0,EURTRY=X,eur_try
2023-10-22,29.662649154663086,29.875329971313477,29.62442970275879,29.661149978637695,29.661149978637695,0.0,EURTRY=X,eur_try
2023-10-23,29.970500946044922,30.034690856933594,29.743919372558594,29.960969924926758,29.960969924926758,0.0,EURTRY=X,eur_try
2023-10-24,29.81014060974121,29.834640502929688,29.709239959716797,29.7906494140625,29.7906494140625,0.0,EURTRY=X,eur_try
2023-10-25,29.74325942993164,29.749629974365234,29.619770050048828,29.743669509887695,29.743669509887695,0.0,EURTRY=X,eur_try
2023-10-26,29.743030548095703,29.868499755859375,29.70220947265625,29.73780059814453,29.73780059814453,0.0,EURTRY=X,eur_try
2023-10-30,29.785930633544922,30.03388023376465,29.67694091796875,29.786699295043945,29.786699295043945,0.0,EURTRY=X,eur_try
2023-10-31,29.991119384765625,30.270200729370117,29.89389991760254,29.992660522460938,29.992660522460938,0.0,EURTRY=X,eur_try
2023-11-01,29.94158935546875,29.95871925354004,29.807580947875977,29.94293975830078,29.94293975830078,0.0,EURTRY=X,eur_try
2023-11-02,29.99445915222168,30.23822021484375,29.86189079284668,29.9868106842041,29.9868106842041,0.0,EURTRY=X,eur_try
2023-11-03,30.174789428710938,30.491289138793945,30.074810028076172,30.174789428710938,30.174789428710938,0.0,EURTRY=X,eur_try
2023-11-06,30.444429397583008,30.581809997558594,30.38838005065918,30.451520919799805,30.451520919799805,0.0,EURTRY=X,eur_try
2023-11-07,30.490610122680664,30.495399475097656,30.386259078979492,30.48996925354004,30.48996925354004,0.0,EURTRY=X,eur_try
2023-11-08,30.478269577026367,30.524850845336914,30.388309478759766,30.474809646606445,30.474809646606445,0.0,EURTRY=X,eur_try
2023-11-09,30.54524040222168,30.624229431152344,30.434429168701172,30.541170120239258,30.541170120239258,0.0,EURTRY=X,eur_try
2023-11-10,30.406600952148438,30.628999710083008,30.37735939025879,30.410869598388672,30.410869598388672,0.0,EURTRY=X,eur_try
2023-11-13,30.481779098510742,30.59864044189453,30.42889976501465,30.478540420532227,30.478540420532227,0.0,EURTRY=X,eur_try
2023-11-14,30.608470916748047,31.107900619506836,30.572650909423828,30.608259201049805,30.608259201049805,0.0,EURTRY=X,eur_try
2023-11-15,31.2367000579834,31.298099517822266,30.968599319458008,31.1181697845459,31.1181697845459,0.0,EURTRY=X,eur_try
2023-11-16,31.127389907836914,31.220439910888672,31.061389923095703,31.127979278564453,31.127979278564453,0.0,EURTRY=X,eur_try
2023-11-17,31.151029586791992,31.414100646972656,30.980480194091797,31.149309158325195,31.149309158325195,0.0,EURTRY=X,eur_try
2023-11-20,31.243249893188477,31.48192024230957,31.22018051147461,31.246110916137695,31.246110916137695,0.0,EURTRY=X,eur_try
2023-11-21,31.533950805664062,31.59119987487793,31.432910919189453,31.49675941467285,31.49675941467285,0.0,EURTRY=X,eur_try
2023-11-22,31.43276023864746,31.474720001220703,31.29766082763672,31.432659149169922,31.432659149169922,0.0,EURTRY=X,eur_try
2023-11-23,31.37656021118164,31.527069091796875,31.340530395507812,31.373449325561523,31.373449325561523,0.0,EURTRY=X,eur_try
2023-11-24,31.378740310668945,31.595460891723633,31.371030807495117,31.391769409179688,31.391769409179688,0.0,EURTRY=X,eur_try
2023-11-27,31.546499252319336,31.673099517822266,31.511890411376953,31.54766082763672,31.54766082763672,0.0,EURTRY=X,eur_try
2023-11-28,31.648479461669922,31.818580627441406,31.62874984741211,31.646499633789062,31.646499633789062,0.0,EURTRY=X,eur_try
2023-11-29,31.79503059387207,31.84980010986328,31.67106056213379,31.795799255371094,31.795799255371094,0.0,EURTRY=X,eur_try
2023-11-30,31.756879806518555,31.811540603637695,31.442209243774414,31.75571060180664,31.75571060180664,0.0,EURTRY=X,eur_try
2023-12-01,31.403379440307617,31.578229904174805,31.177799224853516,31.43536949157715,31.43536949157715,0.0,EURTRY=X,eur_try
2023-12-04,31.452350616455078,31.470600128173828,31.23539924621582,31.445720672607422,31.445720672607422,0.0,EURTRY=X,eur_try
2023-12-05,31.30521011352539,31.37742042541504,31.151119232177734,31.304630279541016,31.304630279541016,0.0,EURTRY=X,eur_try
2023-12-06,31.151100158691406,31.250280380249023,31.125680923461914,31.153879165649414,31.153879165649414,0.0,EURTRY=X,eur_try
2023-12-07,31.11087989807129,31.234899520874023,31.092130661010742,31.108959197998047,31.108959197998047,0.0,EURTRY=X,eur_try
2023-12-08,31.204509735107422,31.2735595703125,31.096620559692383,31.206979751586914,31.206979751586914,0.0,EURTRY=X,eur_try
2023-12-11,31.08489990234375,31.252029418945312,31.07925033569336,31.10611915588379,31.10611915588379,0.0,EURTRY=X,eur_try
2023-12-12,31.132959365844727,31.427349090576172,31.092500686645508,31.133249282836914,31.133249282836914,0.0,EURTRY=X,eur_try
2023-12-13,31.315399169921875,31.401269912719727,31.26633071899414,31.315969467163086,31.315969467163086,0.0,EURTRY=X,eur_try
2023-12-14,31.56290054321289,31.874679565429688,31.500730514526367,31.505340576171875,31.505340576171875,0.0,EURTRY=X,eur_try
2023-12-15,31.833829879760742,31.98151969909668,31.5362606048584,31.82910919189453,31.82910919189453,0.0,EURTRY=X,eur_try
2023-12-18,31.449539184570312,31.77482032775879,31.422500610351562,31.44780921936035,31.44780921936035,0.0,EURTRY=X,eur_try
2023-12-19,31.716880798339844,31.96463966369629,31.713340759277344,31.718090057373047,31.718090057373047,0.0,EURTRY=X,eur_try
2023-12-20,31.92902946472168,31.96851921081543,31.85173988342285,31.94013023376465,31.94013023376465,0.0,EURTRY=X,eur_try
2023-12-21,31.872060775756836,32.065269470214844,31.866060256958008,31.87204933166504,31.87204933166504,0.0,EURTRY=X,eur_try
2023-12-22,32.059730529785156,32.255550384521484,31.936330795288086,32.029911041259766,32.029911041259766,0.0,EURTRY=X,eur_try
2023-12-25,31.979860305786133,32.27153015136719,31.73918914794922,32.02170181274414,32.02170181274414,0.0,EURTRY=X,eur_try
2023-12-26,32.173439025878906,32.36349868774414,31.837480545043945,32.111019134521484,32.111019134521484,0.0,EURTRY=X,eur_try
2023-12-27,32.31452941894531,32.69118881225586,32.21664047241211,32.31452941894531,32.31452941894531,0.0,EURTRY=X,eur_try
2023-12-28,32.61249923706055,32.79935073852539,32.5241813659668,32.61220932006836,32.61220932006836,0.0,EURTRY=X,eur_try
2023-12-29,32.570701599121094,33.04689025878906,32.519649505615234,32.51750183105469,32.51750183105469,0.0,EURTRY=X,eur_try
2024-01-01,32.70349884033203,32.70349884033203,32.70349884033203,32.2056884765625,32.2056884765625,0.0,EURTRY=X,eur_try
2024-01-02,32.490570068359375,32.80025863647461,32.47676086425781,32.49087142944336,32.49087142944336,0.0,EURTRY=X,eur_try
2024-01-03,32.54219055175781,32.726200103759766,32.44329071044922,32.54563903808594,32.54563903808594,0.0,EURTRY=X,eur_try
2024-01-04,32.56357955932617,32.658199310302734,32.46834182739258,32.56351852416992,32.56351852416992,0.0,EURTRY=X,eur_try
2024-01-05,32.66450881958008,32.840240478515625,32.458900451660156,32.665401458740234,32.665401458740234,0.0,EURTRY=X,eur_try
2024-01-08,32.58583068847656,32.813838958740234,32.58583068847656,32.5872802734375,32.5872802734375,0.0,EURTRY=X,eur_try
2024-01-09,32.723880767822266,32.84449005126953,32.664878845214844,32.7136116027832,32.7136116027832,0.0,EURTRY=X,eur_try
2024-01-10,32.783538818359375,32.87139892578125,32.737789154052734,32.778350830078125,32.778350830078125,0.0,EURTRY=X,eur_try
2024-01-11,32.6031608581543,33.06454086303711,32.6031608581543,32.60404968261719,32.60404968261719,0.0,EURTRY=X,eur_try
2024-01-12,33.0006103515625,33.111900329589844,32.912601470947266,32.99700164794922,32.99700164794922,0.0,EURTRY=X,eur_try
2024-01-15,32.90299987792969,32.98234939575195,32.87879943847656,32.90346145629883,32.90346145629883,0.0,EURTRY=X,eur_try
2024-01-16,32.916160583496094,33.08679962158203,32.71369171142578,32.913490295410156,32.913490295410156,0.0,EURTRY=X,eur_try
2024-01-17,32.736759185791016,32.789390563964844,32.675811767578125,32.75893020629883,32.75893020629883,0.0,EURTRY=X,eur_try
2024-01-18,32.80596160888672,32.94826889038086,32.684871673583984,32.803810119628906,32.803810119628906,0.0,EURTRY=X,eur_try
2024-01-19,32.799678802490234,32.912109375,32.76554870605469,32.79916000366211,32.79916000366211,0.0,EURTRY=X,eur_try
2024-01-22,32.88302993774414,32.99209976196289,32.87771987915039,32.87868118286133,32.87868118286133,0.0,EURTRY=X,eur_try
2024-01-23,32.91046905517578,33.22257995605469,32.76280975341797,32.912899017333984,32.912899017333984,0.0,EURTRY=X,eur_try
2024-01-24,32.87416076660156,33.03757858276367,32.8513298034668,32.87377166748047,32.87377166748047,0.0,EURTRY=X,eur_try
2024-01-25,32.89860153198242,33.0029411315918,32.75257110595703,32.90253829956055,32.90253829956055,0.0,EURTRY=X,eur_try
2024-01-26,32.84651184082031,32.98334884643555,32.761199951171875,32.84893035888672,32.84893035888672,0.0,EURTRY=X,eur_try
2024-01-29,32.87752914428711,32.92271041870117,32.75325012207031,32.87921905517578,32.87921905517578,0.0,EURTRY=X,eur_try
2024-01-30,32.8738899230957,32.95193862915039,32.826358795166016,32.89847183227539,32.89847183227539,0.0,EURTRY=X,eur_try
2024-01-31,32.91350173950195,33.033199310302734,32.805091857910156,32.91548156738281,32.91548156738281,0.0,EURTRY=X,eur_try
2024-02-01,32.79780960083008,32.96567916870117,32.73640823364258,32.79507827758789,32.79507827758789,0.0,EURTRY=X,eur_try
2024-02-02,33.1026496887207,33.20804977416992,32.84185028076172,33.102909088134766,33.102909088134766,0.0,EURTRY=X,eur_try
2024-02-05,32.80440139770508,32.951541900634766,32.76197814941406,32.720638275146484,32.720638275146484,0.0,EURTRY=X,eur_try
2024-02-06,32.73997116088867,32.89540100097656,32.7318000793457,32.743408203125,32.743408203125,0.0,EURTRY=X,eur_try
2024-02-07,32.85552978515625,32.99245834350586,32.85179901123047,32.855281829833984,32.855281829833984,0.0,EURTRY=X,eur_try
2024-02-08,32.93484115600586,33.01150131225586,32.87485122680664,32.93233871459961,32.93233871459961,0.0,EURTRY=X,eur_try
2024-02-09,33.02278137207031,33.12971878051758,33.00904083251953,33.02830123901367,33.02830123901367,0.0,EURTRY=X,eur_try
2024-02-12,33.08953857421875,33.16986846923828,33.031219482421875,33.05881881713867,33.05881881713867,0.0,EURTRY=X,eur_try
2024-02-13,33.0743293762207,33.16181182861328,32.87662887573242,33.07379150390625,33.07379150390625,0.0,EURTRY=X,eur_try
2024-02-14,32.89231872558594,33.014259338378906,32.873531341552734,32.89447021484375,32.89447021484375,0.0,EURTRY=X,eur_try
2024-02-15,32.989479064941406,33.14847183227539,32.93442153930664,33.003700256347656,33.003700256347656,0.0,EURTRY=X,eur_try
2024-02-16,33.174129486083984,33.2282600402832,33.088130950927734,33.17329025268555,33.17329025268555,0.0,EURTRY=X,eur_try
2024-02-19,33.21685028076172,33.32815170288086,33.211509704589844,33.21870040893555,33.21870040893555,0.0,EURTRY=X,eur_try
2024-02-20,33.253089904785156,33.49346160888672,33.19404983520508,33.25075149536133,33.25075149536133,0.0,EURTRY=X,eur_try
2024-02-21,33.405399322509766,33.540401458740234,33.39582824707031,33.40787124633789,33.40787124633789,0.0,EURTRY=X,eur_try
2024-02-22,33.55400085449219,33.77727127075195,33.47631072998047,33.55244827270508,33.55244827270508,0.0,EURTRY=X,eur_try
2024-02-23,33.6368293762207,33.72898864746094,33.58367156982422,33.636199951171875,33.636199951171875,0.0,EURTRY=X,eur_try
2024-02-26,33.6380500793457,33.80852127075195,33.61109161376953,33.6392707824707,33.6392707824707,0.0,EURTRY=X,eur_try
2024-02-27,33.76034164428711,33.994598388671875,33.74137878417969,33.775291442871094,33.775291442871094,0.0,EURTRY=X,eur_try
2024-02-28,33.764869689941406,33.964698791503906,33.65291976928711,33.76641082763672,33.76641082763672,0.0,EURTRY=X,eur_try
2024-02-29,33.82413864135742,33.93450164794922,33.74214172363281,33.82257843017578,33.82257843017578,0.0,EURTRY=X,eur_try
2024-03-01,33.80038833618164,34.00054931640625,33.73149108886719,33.79396057128906,33.79396057128906,0.0,EURTRY=X,eur_try
2024-03-04,34.04209899902344,34.33401870727539,33.976768493652344,34.03281021118164,34.03281021118164,0.0,EURTRY=X,eur_try
2024-03-05,34.26377868652344,34.3985595703125,34.22570037841797,34.26625061035156,34.26625061035156,0.0,EURTRY=X,eur_try
2024-03-06,34.40884017944336,34.67116928100586,34.358001708984375,34.39809036254883,34.39809036254883,0.0,EURTRY=X,eur_try
2024-03-07,34.65919876098633,34.84590148925781,34.61091995239258,34.65398025512695,34.65398025512695,0.0,EURTRY=X,eur_try
2024-03-08,34.96562957763672,35.08366012573242,34.61476135253906,34.96208953857422,34.96208953857422,0.0,EURTRY=X,eur_try
2024-03-11,35.01100158691406,35.078800201416016,34.93225860595703,35.01169967651367,35.01169967651367,0.0,EURTRY=X,eur_try
2024-03-12,35.019378662109375,35.081478118896484,34.94329833984375,35.02033996582031,35.02033996582031,0.0,EURTRY=X,eur_try
2024-03-13,35.19919967651367,35.98099899291992,34.86473083496094,35.053958892822266,35.053958892822266,0.0,EURTRY=X,eur_try
2024-03-14,35.18125915527344,35.27302932739258,34.94150161743164,35.177120208740234,35.177120208740234,0.0,EURTRY=X,eur_try
2024-03-15,35.037620544433594,35.499610900878906,34.996498107910156,35.038299560546875,35.038299560546875,0.0,EURTRY=X,eur_try
2024-03-18,35.14992904663086,35.26042938232422,35.12807083129883,35.135738372802734,35.135738372802734,0.0,EURTRY=X,eur_try
2024-03-19,35.15264129638672,35.171531677246094,35.04206848144531,35.15631866455078,35.15631866455078,0.0,EURTRY=X,eur_try
2024-03-20,35.211700439453125,35.233211517333984,35.095298767089844,35.16587829589844,35.16587829589844,0.0,EURTRY=X,eur_try
2024-03-21,35.379249572753906,35.522830963134766,34.53129959106445,35.3765983581543,35.3765983581543,0.0,EURTRY=X,eur_try
2024-03-22,34.89596939086914,34.94309997558594,34.51953125,34.89910125732422,34.89910125732422,0.0,EURTRY=X,eur_try
2024-03-25,34.77867126464844,34.884490966796875,34.7404899597168,34.5994987487793,34.5994987487793,0.0,EURTRY=X,eur_try
2024-03-26,34.858909606933594,35.00529861450195,34.832950592041016,34.86180114746094,34.86180114746094,0.0,EURTRY=X,eur_try
2024-03-27,34.877559661865234,35.0865592956543,34.84333038330078,34.87594985961914,34.87594985961914,0.0,EURTRY=X,eur_try
2024-03-28,34.92103958129883,35.07183074951172,34.83256149291992,34.92689895629883,34.92689895629883,0.0,EURTRY=X,eur_try
2024-03-29,34.88883972167969,35.029258728027344,34.817569732666016,34.89849090576172,34.89849090576172,0.0,EURTRY=X,eur_try
2024-03-31,34.99258041381836,35.01123809814453,34.309349060058594,34.989810943603516,34.989810943603516,0.0,EURTRY=X,eur_try
2024-04-01,34.538978576660156,34.677589416503906,34.3172607421875,34.58726119995117,34.58726119995117,0.0,EURTRY=X,eur_try
2024-04-02,34.397621154785156,34.6019287109375,34.36405944824219,34.39794158935547,34.39794158935547,0.0,EURTRY=X,eur_try
2024-04-03,34.59291076660156,34.75154113769531,34.57229995727539,34.58940124511719,34.58940124511719,0.0,EURTRY=X,eur_try
2024-04-04,34.61576843261719,34.720401763916016,34.46685028076172,34.615909576416016,34.615909576416016,0.0,EURTRY=X,eur_try
2024-04-07,34.569149017333984,34.87350845336914,34.54668045043945,34.57075119018555,34.57075119018555,0.0,EURTRY=X,eur_try
2024-04-08,34.907379150390625,35.08409881591797,34.834571838378906,34.90510177612305,34.90510177612305,0.0,EURTRY=X,eur_try
2024-04-09,34.99039840698242,35.04909896850586,34.63111114501953,34.990509033203125,34.990509033203125,0.0,EURTRY=X,eur_try
2024-04-10,34.66305923461914,34.72377014160156,34.532840728759766,34.66305923461914,34.66305923461914,0.0,EURTRY=X,eur_try
2024-04-11,34.63603973388672,35.55070114135742,34.35826873779297,34.63700866699219,34.63700866699219,0.0,EURTRY=X,eur_try
2024-04-14,34.49140167236328,34.55152893066406,34.3814811706543,34.49610137939453,34.49610137939453,0.0,EURTRY=X,eur_try
2024-04-15,34.436981201171875,34.62736892700195,34.364540100097656,34.432769775390625,34.432769775390625,0.0,EURTRY=X,eur_try
2024-04-16,34.52986145019531,34.65557861328125,34.49610900878906,34.52970886230469,34.52970886230469,0.0,EURTRY=X,eur_try
2024-04-17,34.55213165283203,34.8226203918457,34.54029846191406,34.55923080444336,34.55923080444336,0.0,EURTRY=X,eur_try
2024-04-18,34.6378288269043,35.88370132446289,34.517478942871094,34.640140533447266,34.640140533447266,0.0,EURTRY=X,eur_try
2024-04-21,34.74671173095703,34.80160903930664,34.53268051147461,34.747989654541016,34.747989654541016,0.0,EURTRY=X,eur_try
2024-04-22,34.60615158081055,34.86669921875,34.5430793762207,34.606468200683594,34.606468200683594,0.0,EURTRY=X,eur_try
2024-04-23,34.79410171508789,34.87200164794922,34.701969146728516,34.79438018798828,34.79438018798828,0.0,EURTRY=X,eur_try
2024-04-24,34.84156036376953,34.94124984741211,34.74335861206055,34.8431282043457,34.8431282043457,0.0,EURTRY=X,eur_try
2024-04-25,34.830440521240234,35.03491973876953,34.64775848388672,34.8474006652832,34.8474006652832,0.0,EURTRY=X,eur_try
2024-04-28,34.79336929321289,34.86988067626953,34.339500427246094,34.792301177978516,34.792301177978516,0.0,EURTRY=X,eur_try
2024-04-29,34.68141174316406,34.76369857788086,34.53770065307617,34.684688568115234,34.684688568115234,0.0,EURTRY=X,eur_try
2024-04-30,34.52130126953125,34.759300231933594,34.46220016479492,34.52227020263672,34.52227020263672,0.0,EURTRY=X,eur_try
2024-05-01,34.55310821533203,34.79462814331055,34.52606964111328,34.55503845214844,34.55503845214844,0.0,EURTRY=X,eur_try
2024-05-02,34.70872116088867,34.95615005493164,34.67134094238281,34.70872116088867,34.70872116088867,0.0,EURTRY=X,eur_try
2024-05-05,34.65003967285156,34.83134841918945,34.63956832885742,34.648109436035156,34.648109436035156,0.0,EURTRY=X,eur_try
2024-05-06,34.67464065551758,34.79610824584961,34.59083938598633,34.6733512878418,34.6733512878418,0.0,EURTRY=X,eur_try
2024-05-07,34.66048049926758,34.75043869018555,34.61545944213867,34.65681076049805,34.65681076049805,0.0,EURTRY=X,eur_try
2024-05-08,34.56386184692383,34.783599853515625,34.52946853637695,34.621150970458984,34.621150970458984,0.0,EURTRY=X,eur_try
2024-05-09,34.750858306884766,34.82143020629883,34.647369384765625,34.7445182800293,34.7445182800293,0.0,EURTRY=X,eur_try
2024-05-12,34.660160064697266,34.817100524902344,34.60704040527344,34.65885925292969,34.65885925292969,0.0,EURTRY=X,eur_try
2024-05-13,34.7825813293457,34.930908203125,34.724830627441406,34.78614044189453,34.78614044189453,0.0,EURTRY=X,eur_try
2024-05-14,34.89677810668945,35.065399169921875,34.873600006103516,34.89767074584961,34.89767074584961,0.0,EURTRY=X,eur_try
2024-05-15,34.89418029785156,35.1119384765625,34.870941162109375,34.89699172973633,34.89699172973633,0.0,EURTRY=X,eur_try
2024-05-16,35.04597091674805,35.082298278808594,34.956050872802734,35.045650482177734,35.045650482177734,0.0,EURTRY=X,eur_try
2024-05-19,34.8856086730957,35.06060028076172,34.69208908081055,34.88624954223633,34.88624954223633,0.0,EURTRY=X,eur_try
2024-05-20,34.96614074707031,35.02431106567383,34.8784294128418,34.959041595458984,34.959041595458984,0.0,EURTRY=X,eur_try
2024-05-21,34.94279861450195,34.97774124145508,34.82979965209961,34.92240905761719,34.92240905761719,0.0,EURTRY=X,eur_try
2024-05-22,34.80318069458008,35.04943084716797,34.792301177978516,34.80276107788086,34.80276107788086,0.0,EURTRY=X,eur_try
2024-05-23,34.8159294128418,34.98524856567383,34.7784309387207,34.81766891479492,34.81766891479492,0.0,EURTRY=X,eur_try
2024-05-26,34.927879333496094,35.005699157714844,34.79301834106445,34.9298095703125,34.9298095703125,0.0,EURTRY=X,eur_try
2024-05-27,34.73197937011719,35.07046127319336,34.66136932373047,34.7309684753418,34.7309684753418,0.0,EURTRY=X,eur_try
2024-05-28,34.94548034667969,35.030250549316406,34.845401763916016,34.946739196777344,34.946739196777344,0.0,EURTRY=X,eur_try
2024-05-29,34.81707000732422,35.03279113769531,34.76668930053711,34.818359375,34.818359375,0.0,EURTRY=X,eur_try
2024-05-30,34.90787124633789,35.044158935546875,34.76350021362305,34.895328521728516,34.895328521728516,0.0,EURTRY=X,eur_try
2024-06-02,34.91545104980469,35.08345031738281,34.86246871948242,34.917240142822266,34.917240142822266,0.0,EURTRY=X,eur_try
2024-06-03,35.06441879272461,35.45827102661133,35.0423583984375,35.0640983581543,35.0640983581543,0.0,EURTRY=X,eur_try
2024-06-04,35.5048713684082,35.55039978027344,35.06637954711914,35.50413131713867,35.50413131713867,0.0,EURTRY=X,eur_try
2024-06-05,34.95542907714844,35.212039947509766,34.95542907714844,34.955108642578125,34.955108642578125,0.0,EURTRY=X,eur_try
2024-06-06,35.13111877441406,35.22085189819336,34.89234161376953,35.08829879760742,35.08829879760742,0.0,EURTRY=X,eur_try
2024-06-09,34.66141891479492,35.02909851074219,34.65700912475586,34.69546890258789,34.69546890258789,0.0,EURTRY=X,eur_try
2024-06-10,34.80364990234375,34.8986701965332,34.66917037963867,34.803001403808594,34.803001403808594,0.0,EURTRY=X,eur_try
2024-06-11,34.68370819091797,35.07210159301758,34.657588958740234,34.712310791015625,34.712310791015625,0.0,EURTRY=X,eur_try
2024-06-12,34.87791061401367,35.14162063598633,34.712158203125,34.87791061401367,34.87791061401367,0.0,EURTRY=X,eur_try
2024-06-13,34.87337875366211,35.03199005126953,34.857948303222656,34.8760986328125,34.8760986328125,0.0,EURTRY=X,eur_try
2024-06-16,34.96915817260742,35.233829498291016,34.81993103027344,34.948890686035156,34.948890686035156,0.0,EURTRY=X,eur_try
2024-06-17,35.19969177246094,35.24909973144531,34.911861419677734,35.20132827758789,35.20132827758789,0.0,EURTRY=X,eur_try
2024-06-18,34.85013961791992,35.07600021362305,34.77138900756836,34.85337829589844,34.85337829589844,0.0,EURTRY=X,eur_try
2024-06-19,34.888099670410156,35.251338958740234,34.86418914794922,34.889251708984375,34.889251708984375,0.0,EURTRY=X,eur_try
2024-06-20,35.109169006347656,35.233001708984375,35.03142166137695,35.1107292175293,35.1107292175293,0.0,EURTRY=X,eur_try
2024-06-23,34.992591857910156,35.355560302734375,34.96821975708008,35.00386047363281,35.00386047363281,0.0,EURTRY=X,eur_try
2024-06-24,35.303958892822266,35.41267013549805,35.20991134643555,35.304378509521484,35.304378509521484,0.0,EURTRY=X,eur_try
2024-06-25,35.24834060668945,35.36629867553711,35.06336975097656,35.24834060668945,35.24834060668945,0.0,EURTRY=X,eur_try
2024-06-26,35.03974914550781,35.32075119018555,35.03173065185547,35.03974914550781,35.03974914550781,0.0,EURTRY=X,eur_try
2024-06-27,35.14501953125,35.33209991455078,35.04964828491211,35.146339416503906,35.146339416503906,0.0,EURTRY=X,eur_try
2024-06-30,35.08620071411133,35.32899856567383,35.009918212890625,35.08620071411133,35.08620071411133,0.0,EURTRY=X,eur_try
2024-07-01,35.003631591796875,35.13496017456055,34.93217086791992,35.02764892578125,35.02764892578125,0.0,EURTRY=X,eur_try
2024-07-02,34.947269439697266,35.21622085571289,34.899070739746094,34.93162155151367,34.93162155151367,0.0,EURTRY=X,eur_try
2024-07-03,35.105438232421875,35.30072021484375,35.05815887451172,35.131900787353516,35.131900787353516,0.0,EURTRY=X,eur_try
2024-07-04,35.249149322509766,35.47148895263672,35.249149322509766,35.24787902832031,35.24787902832031,0.0,EURTRY=X,eur_try
2024-07-07,35.301780700683594,35.51420974731445,35.27587890625,35.29671096801758,35.29671096801758,0.0,EURTRY=X,eur_try
2024-07-08,35.3915901184082,35.626190185546875,35.35316848754883,35.393680572509766,35.393680572509766,0.0,EURTRY=X,eur_try
2024-07-09,35.53390884399414,35.742679595947266,35.50210189819336,35.53424072265625,35.53424072265625,0.0,EURTRY=X,eur_try
2024-07-10,35.5824089050293,35.791900634765625,35.57978057861328,35.581031799316406,35.581031799316406,0.0,EURTRY=X,eur_try
2024-07-11,35.819480895996094,36.06861114501953,35.80582809448242,35.83388137817383,35.83388137817383,0.0,EURTRY=X,eur_try
2024-07-14,36.010101318359375,36.10773849487305,35.675968170166016,36.00550842285156,36.00550842285156,0.0,EURTRY=X,eur_try
2024-07-15,35.910091400146484,36.11214065551758,35.88928985595703,35.91107940673828,35.91107940673828,0.0,EURTRY=X,eur_try
2024-07-16,36.00020980834961,36.22589874267578,35.98577880859375,36.0005989074707,36.0005989074707,0.0,EURTRY=X,eur_try
2024-07-17,36.18804168701172,36.28636169433594,36.047630310058594,36.280879974365234,36.280879974365234,0.0,EURTRY=X,eur_try
2024-07-18,36.06639862060547,36.10139846801758,35.955360412597656,36.070369720458984,36.070369720458984,0.0,EURTRY=X,eur_try
2024-07-21,35.96052169799805,36.0407600402832,35.78936004638672,35.96303176879883,35.96303176879883,0.0,EURTRY=X,eur_try
2024-07-22,35.796260833740234,35.87379837036133,35.55440902709961,35.79814147949219,35.79814147949219,0.0,EURTRY=X,eur_try
2024-07-23,35.60940170288086,35.69369888305664,35.544891357421875,35.58002853393555,35.58002853393555,0.0,EURTRY=X,eur_try
2024-07-24,35.57202911376953,35.94765090942383,35.55704116821289,35.575130462646484,35.575130462646484,0.0,EURTRY=X,eur_try
2024-07-25,35.93899917602539,35.952430725097656,35.75577163696289,35.937931060791016,35.937931060791016,0.0,EURTRY=X,eur_try
2024-07-28,35.74177932739258,35.85974884033203,35.665409088134766,35.72616958618164,35.72616958618164,0.0,EURTRY=X,eur_try
2024-07-29,35.73973083496094,35.87250900268555,35.717288970947266,35.745819091796875,35.745819091796875,0.0,EURTRY=X,eur_try
2024-07-30,35.797210693359375,35.96620178222656,35.77437973022461,35.79753875732422,35.79753875732422,0.0,EURTRY=X,eur_try
2024-07-31,35.902198791503906,36.012298583984375,35.674198150634766,35.90114974975586,35.90114974975586,0.0,EURTRY=X,eur_try
2024-08-01,35.74319076538086,36.296058654785156,35.69070053100586,35.742549896240234,35.742549896240234,0.0,EURTRY=X,eur_try
2024-08-04,36.27294158935547,36.75360870361328,36.24673080444336,36.26451873779297,36.26451873779297,0.0,EURTRY=X,eur_try
2024-08-05,36.52729034423828,36.752140045166016,36.37076187133789,36.528831481933594,36.528831481933594,0.0,EURTRY=X,eur_try
2024-08-06,36.71377944946289,36.7578010559082,36.484981536865234,36.71849822998047,36.71849822998047,0.0,EURTRY=X,eur_try
2024-08-07,36.667198181152344,36.73588180541992,36.427490234375,36.738590240478516,36.738590240478516,0.0,EURTRY=X,eur_try
2024-08-08,36.59267044067383,36.710731506347656,36.575828552246094,36.601219177246094,36.601219177246094,0.0,EURTRY=X,eur_try
2024-08-11,36.556888580322266,36.7038688659668,36.529048919677734,36.55923843383789,36.55923843383789,0.0,EURTRY=X,eur_try
2024-08-12,36.58475875854492,36.76887893676758,36.52299880981445,36.58375930786133,36.58375930786133,0.0,EURTRY=X,eur_try
2024-08-13,36.80424880981445,37.087501525878906,36.765830993652344,36.798179626464844,36.798179626464844,0.0,EURTRY=X,eur_try
2024-08-14,36.98569869995117,37.16938018798828,36.791290283203125,36.98704147338867,36.98704147338867,0.0,EURTRY=X,eur_try
2024-08-15,36.92835998535156,37.08115005493164,36.92835998535156,36.90814971923828,36.90814971923828,0.0,EURTRY=X,eur_try
2024-08-18,37.10668182373047,37.36859893798828,37.0967903137207,37.10169982910156,37.10169982910156,0.0,EURTRY=X,eur_try
2024-08-19,37.41038131713867,37.65877151489258,37.375789642333984,37.43832015991211,37.43832015991211,0.0,EURTRY=X,eur_try
2024-08-20,37.75067901611328,37.78968811035156,37.66427993774414,37.75376892089844,37.75376892089844,0.0,EURTRY=X,eur_try
2024-08-21,37.83375930786133,37.929931640625,37.634498596191406,37.8354606628418,37.8354606628418,0.0,EURTRY=X,eur_try
2024-08-22,37.74850845336914,38.03139877319336,37.72808837890625,37.74953079223633,37.74953079223633,0.0,EURTRY=X,eur_try
2024-08-25,38.051841735839844,38.316341400146484,37.91835021972656,38.045719146728516,38.045719146728516,0.0,EURTRY=X,eur_try
2024-08-26,37.98622131347656,38.043701171875,37.91838836669922,37.99449920654297,37.99449920654297,0.0,EURTRY=X,eur_try
2024-08-27,38.014041900634766,39.857200622558594,37.79417037963867,38.0186882019043,38.0186882019043,0.0,EURTRY=X,eur_try
2024-08-28,37.958309173583984,38.01382827758789,37.67272186279297,37.957969665527344,37.957969665527344,0.0,EURTRY=X,eur_try
2024-08-29,37.75407028198242,37.79145050048828,37.653018951416016,37.75748062133789,37.75748062133789,0.0,EURTRY=X,eur_try
2024-09-01,37.6132698059082,37.72135925292969,37.490848541259766,37.61323928833008,37.61323928833008,0.0,EURTRY=X,eur_try
2024-09-02,37.523738861083984,37.64250183105469,37.46458053588867,37.52568054199219,37.52568054199219,0.0,EURTRY=X,eur_try
2024-09-03,37.53812026977539,37.74599075317383,37.528690338134766,37.53879928588867,37.53879928588867,0.0,EURTRY=X,eur_try
2024-09-04,37.673770904541016,37.77888870239258,37.58940124511719,37.673770904541016,37.673770904541016,0.0,EURTRY=X,eur_try
2024-09-05,37.723941802978516,37.86941146850586,37.615779876708984,37.69548034667969,37.69548034667969,0.0,EURTRY=X,eur_try
2024-09-08,37.691558837890625,37.73426818847656,37.555599212646484,37.693260192871094,37.693260192871094,0.0,EURTRY=X,eur_try
2024-09-09,37.5977897644043,37.650169372558594,37.4905891418457,37.59590148925781,37.59590148925781,0.0,EURTRY=X,eur_try
2024-09-10,37.442100524902344,37.63410186767578,37.35654067993164,37.481998443603516,37.481998443603516,0.0,EURTRY=X,eur_try
2024-09-11,37.40690994262695,37.587059020996094,37.374359130859375,37.39923095703125,37.39923095703125,0.0,EURTRY=X,eur_try
2024-09-12,37.57265853881836,37.69559860229492,37.53084182739258,37.568260192871094,37.568260192871094,0.0,EURTRY=X,eur_try
2024-09-15,37.64313888549805,37.86104965209961,37.57413101196289,37.60150909423828,37.60150909423828,0.0,EURTRY=X,eur_try
2024-09-16,37.814048767089844,37.95338821411133,37.786590576171875,37.81575012207031,37.81575012207031,0.0,EURTRY=X,eur_try
2024-09-17,37.83586120605469,37.9952507019043,37.77708053588867,37.833919525146484,37.833919525146484,0.0,EURTRY=X,eur_try
2024-09-18,37.807979583740234,38.15666961669922,37.685951232910156,37.809810638427734,37.809810638427734,0.0,EURTRY=X,eur_try
2024-09-19,38.01459884643555,38.12997055053711,37.966949462890625,38.01176071166992,38.01176071166992,0.0,EURTRY=X,eur_try
2024-09-22,38.00751876831055,38.10417938232422,37.855159759521484,38.00553894042969,38.00553894042969,0.0,EURTRY=X,eur_try
2024-09-23,37.93230056762695,38.09125900268555,37.90834045410156,37.93600082397461,37.93600082397461,0.0,EURTRY=X,eur_try
2024-09-24,38.15378952026367,38.26628112792969,38.030120849609375,38.15446853637695,38.15446853637695,0.0,EURTRY=X,eur_try
2024-09-25,38.01932907104492,38.21622085571289,37.99011993408203,38.02190017700195,38.02190017700195,0.0,EURTRY=X,eur_try
2024-09-26,38.19538879394531,38.2529182434082,38.0301399230957,38.20637893676758,38.20637893676758,0.0,EURTRY=X,eur_try
2024-09-29,38.123870849609375,38.30527877807617,38.08386993408203,38.14073944091797,38.14073944091797,0.0,EURTRY=X,eur_try
2024-09-30,38.082611083984375,38.10443115234375,37.83536148071289,38.10945129394531,38.10945129394531,0.0,EURTRY=X,eur_try
2024-10-01,37.78606033325195,37.92766189575195,37.73408126831055,37.75094985961914,37.75094985961914,0.0,EURTRY=X,eur_try
2024-10-02,37.801998138427734,37.84933853149414,37.600528717041016,37.80508041381836,37.80508041381836,0.0,EURTRY=X,eur_try
2024-10-03,37.7747688293457,37.83475112915039,37.516929626464844,37.7707405090332,37.7707405090332,0.0,EURTRY=X,eur_try
2024-10-06,37.55031967163086,37.64371871948242,37.53200149536133,37.55030059814453,37.55030059814453,0.0,EURTRY=X,eur_try
2024-10-07,37.57670974731445,37.688148498535156,37.54750061035156,37.581581115722656,37.581581115722656,0.0,EURTRY=X,eur_try
2024-10-08,37.58634948730469,37.60260009765625,37.4439697265625,37.58671951293945,37.58671951293945,0.0,EURTRY=X,eur_try
2024-10-09,37.45819091796875,37.551910400390625,37.32460021972656,37.48320007324219,37.48320007324219,0.0,EURTRY=X,eur_try
2024-10-10,37.44953155517578,37.56483840942383,37.44118118286133,37.4494514465332,37.4494514465332,0.0,EURTRY=X,eur_try
2024-10-13,37.4256706237793,37.4794807434082,37.33625030517578,37.425331115722656,37.425331115722656,0.0,EURTRY=X,eur_try
2024-10-14,37.36397171020508,37.40129089355469,37.29656982421875,37.37168884277344,37.37168884277344,0.0,EURTRY=X,eur_try
2024-10-15,37.21350860595703,37.3111686706543,37.137149810791016,37.21623992919922,37.21623992919922,0.0,EURTRY=X,eur_try
2024-10-16,37.092369079589844,37.23316955566406,36.88486099243164,37.091339111328125,37.091339111328125,0.0,EURTRY=X,eur_try
2024-10-17,36.99821853637695,37.21073913574219,36.98358154296875,36.99858093261719,36.99858093261719,0.0,EURTRY=X,eur_try
2024-10-20,37.20539855957031,37.24348068237305,37.06597137451172,37.21160125732422,37.21160125732422,0.0,EURTRY=X,eur_try
2024-10-21,36.99971008300781,37.122989654541016,36.97615051269531,36.99971008300781,36.99971008300781,0.0,EURTRY=X,eur_try
2024-10-22,36.947750091552734,37.01259994506836,36.89772033691406,36.949119567871094,36.949119567871094,0.0,EURTRY=X,eur_try
2024-10-23,36.926151275634766,37.0741081237793,36.90208053588867,36.923770904541016,36.923770904541016,0.0,EURTRY=X,eur_try
2024-10-24,37.11671829223633,37.17639923095703,37.06201934814453,37.116600036621094,37.116600036621094,0.0,EURTRY=X,eur_try
2024-10-28,37.02109909057617,37.119998931884766,36.97053909301758,37.019039154052734,37.019039154052734,0.0,EURTRY=X,eur_try
2024-10-29,37.08747863769531,37.09743118286133,36.931060791015625,37.08238983154297,37.08238983154297,0.0,EURTRY=X,eur_try
2024-10-30,37.07046127319336,37.26066970825195,36.922218322753906,37.07217025756836,37.07217025756836,0.0,EURTRY=X,eur_try
2024-10-31,37.21775817871094,37.355438232421875,37.159278869628906,37.2194709777832,37.2194709777832,0.0,EURTRY=X,eur_try
2024-11-01,37.32802963256836,37.43653869628906,37.24668884277344,37.3296012878418,37.3296012878418,0.0,EURTRY=X,eur_try
2024-11-04,37.32339859008789,37.49528121948242,37.19139862060547,37.32670974731445,37.32670974731445,0.0,EURTRY=X,eur_try
2024-11-05,37.34328842163086,37.48004913330078,37.33266067504883,37.342960357666016,37.342960357666016,0.0,EURTRY=X,eur_try
2024-11-06,37.44015121459961,37.44015121459961,36.60519027709961,37.44974136352539,37.44974136352539,0.0,EURTRY=X,eur_try
2024-11-07,36.693328857421875,37.077640533447266,36.62482833862305,36.68648910522461,36.68648910522461,0.0,EURTRY=X,eur_try
2024-11-08,37.06803894042969,37.08972930908203,36.81734085083008,37.0695915222168,37.0695915222168,0.0,EURTRY=X,eur_try
2024-11-11,36.799259185791016,36.86766815185547,36.50505828857422,36.80332946777344,36.80332946777344,0.0,EURTRY=X,eur_try
2024-11-12,36.58491897583008,36.62248992919922,36.42755126953125,36.58531951904297,36.58531951904297,0.0,EURTRY=X,eur_try
2024-11-13,36.48508071899414,36.581390380859375,36.25048065185547,36.478389739990234,36.478389739990234,0.0,EURTRY=X,eur_try
2024-11-14,36.27204895019531,36.41640853881836,36.073299407958984,36.284000396728516,36.284000396728516,0.0,EURTRY=X,eur_try
2024-11-15,36.1262092590332,36.46847152709961,36.1262092590332,36.11199951171875,36.11199951171875,0.0,EURTRY=X,eur_try
2024-11-18,36.18352127075195,36.626068115234375,36.17470169067383,36.173561096191406,36.173561096191406,0.0,EURTRY=X,eur_try
2024-11-19,36.57844161987305,36.674400329589844,36.42393112182617,36.57912826538086,36.57912826538086,0.0,EURTRY=X,eur_try
2024-11-20,36.53736877441406,36.60335922241211,36.213138580322266,36.534690856933594,36.534690856933594,0.0,EURTRY=X,eur_try
2024-11-21,36.34038162231445,36.4753303527832,36.08884811401367,36.349891662597656,36.349891662597656,0.0,EURTRY=X,eur_try
2024-11-22,36.153099060058594,36.297080993652344,35.75791931152344,36.098079681396484,36.098079681396484,0.0,EURTRY=X,eur_try
2024-11-25,36.06774139404297,36.41168975830078,36.05598831176758,36.06842041015625,36.06842041015625,0.0,EURTRY=X,eur_try
2024-11-26,36.121009826660156,36.51959991455078,36.06800842285156,36.13595962524414,36.13595962524414,0.0,EURTRY=X,eur_try
2024-11-27,36.349098205566406,36.670188903808594,36.27199172973633,36.3497314453125,36.3497314453125,0.0,EURTRY=X,eur_try
2024-11-28,36.556190490722656,36.63357162475586,36.439029693603516,36.5565299987793,36.5565299987793,0.0,EURTRY=X,eur_try
2024-11-29,36.59001159667969,36.76094055175781,36.570369720458984,36.59109878540039,36.59109878540039,0.0,EURTRY=X,eur_try
2024-12-02,36.58694839477539,36.59001922607422,36.32944869995117,36.578250885009766,36.578250885009766,0.0,EURTRY=X,eur_try
2024-12-03,36.479000091552734,36.58943176269531,36.416629791259766,36.4798698425293,36.4798698425293,0.0,EURTRY=X,eur_try
2024-12-04,36.50825881958008,36.63734817504883,36.39904022216797,36.5082893371582,36.5082893371582,0.0,EURTRY=X,eur_try
2024-12-05,36.49782180786133,36.74930953979492,36.48358917236328,36.51959991455078,36.51959991455078,0.0,EURTRY=X,eur_try
2024-12-06,36.78868865966797,36.97391891479492,36.68994903564453,36.78961181640625,36.78961181640625,0.0,EURTRY=X,eur_try
2024-12-09,36.73405075073242,36.88174819946289,36.58906173706055,36.742008209228516,36.742008209228516,0.0,EURTRY=X,eur_try
2024-12-10,36.73160934448242,36.81467056274414,36.5761604309082,36.747108459472656,36.747108459472656,0.0,EURTRY=X,eur_try
2024-12-11,36.72079849243164,36.74285125732422,36.545188903808594,36.695369720458984,36.695369720458984,0.0,EURTRY=X,eur_try
2024-12-12,36.59627914428711,36.780731201171875,36.48883819580078,36.58710861206055,36.58710861206055,0.0,EURTRY=X,eur_try
2024-12-13,36.58578109741211,36.77070999145508,36.52846908569336,36.59724044799805,36.59724044799805,0.0,EURTRY=X,eur_try
2024-12-16,36.74188995361328,36.79738998413086,36.61531066894531,36.738739013671875,36.738739013671875,0.0,EURTRY=X,eur_try
2024-12-17,36.74020004272461,36.80730056762695,36.66714859008789,36.74127960205078,36.74127960205078,0.0,EURTRY=X,eur_try
2024-12-18,36.71995162963867,36.80989074707031,36.65248107910156,36.734130859375,36.734130859375,0.0,EURTRY=X,eur_try
2024-12-19,36.27629089355469,36.62123107910156,36.27629089355469,36.26905822753906,36.26905822753906,0.0,EURTRY=X,eur_try
2024-12-20,36.41368865966797,36.70541000366211,36.358890533447266,36.41838073730469,36.41838073730469,0.0,EURTRY=X,eur_try
2024-12-23,36.657249450683594,36.87364959716797,36.56700897216797,36.64984893798828,36.64984893798828,0.0,EURTRY=X,eur_try
2024-12-24,36.661048889160156,36.792598724365234,36.49346923828125,36.6611213684082,36.6611213684082,0.0,EURTRY=X,eur_try
2024-12-25,36.42543029785156,36.826290130615234,36.41843032836914,36.42543029785156,36.42543029785156,0.0,EURTRY=X,eur_try
2024-12-26,36.522098541259766,36.70709991455078,36.498111724853516,36.57863998413086,36.57863998413086,0.0,EURTRY=X,eur_try
2024-12-27,36.69969177246094,36.78813934326172,36.65782928466797,36.70729064941406,36.70729064941406,0.0,EURTRY=X,eur_try
2024-12-30,36.66408157348633,36.91788101196289,36.648338317871094,36.65987014770508,36.65987014770508,0.0,EURTRY=X,eur_try
2024-12-31,36.73305130004883,36.85599899291992,36.59503173828125,36.73310089111328,36.73310089111328,0.0,EURTRY=X,eur_try
2025-01-02,36.60832977294922,36.74940872192383,36.13882064819336,36.60327911376953,36.60327911376953,0.0,EURTRY=X,eur_try
2025-01-03,36.333648681640625,36.4639892578125,36.32048034667969,36.33177947998047,36.33177947998047,0.0,EURTRY=X,eur_try
2025-01-06,36.36968994140625,36.88713073730469,36.324981689453125,36.36967086791992,36.36967086791992,0.0,EURTRY=X,eur_try
2025-01-07,36.647098541259766,36.89085006713867,36.600440979003906,36.64768981933594,36.64768981933594,0.0,EURTRY=X,eur_try
2025-01-08,36.53015899658203,36.63740158081055,36.36357879638672,36.55384063720703,36.55384063720703,0.0,EURTRY=X,eur_try
2025-01-09,36.452640533447266,36.56053924560547,36.35968017578125,36.45320129394531,36.45320129394531,0.0,EURTRY=X,eur_try
2025-01-10,36.40523147583008,36.533790588378906,36.19807052612305,36.40401077270508,36.40401077270508,0.0,EURTRY=X,eur_try
2025-01-13,36.25542068481445,36.30656051635742,36.12635040283203,36.25669860839844,36.25669860839844,0.0,EURTRY=X,eur_try
2025-01-14,36.42490005493164,36.550479888916016,36.2764892578125,36.42689895629883,36.42689895629883,0.0,EURTRY=X,eur_try
2025-01-15,36.544219970703125,36.7199592590332,36.40768051147461,36.55323028564453,36.55323028564453,0.0,EURTRY=X,eur_try
2025-01-16,36.51219940185547,36.61503982543945,36.37089920043945,36.51033020019531,36.51033020019531,0.0,EURTRY=X,eur_try
2025-01-17,36.610069274902344,36.723968505859375,36.51361846923828,36.61228942871094,36.61228942871094,0.0,EURTRY=X,eur_try
2025-01-20,36.54983139038086,37.10527038574219,36.544158935546875,36.53773880004883,36.53773880004883,0.0,EURTRY=X,eur_try
2025-01-21,37.04615020751953,37.13875961303711,36.71590042114258,37.04356002807617,37.04356002807617,0.0,EURTRY=X,eur_try
2025-01-22,37.069271087646484,37.27177810668945,37.06365966796875,37.066768646240234,37.066768646240234,0.0,EURTRY=X,eur_try
2025-01-23,37.09252166748047,37.16563034057617,37.00680923461914,37.153629302978516,37.153629302978516,0.0,EURTRY=X,eur_try
2025-01-24,37.16191864013672,37.53432083129883,37.13996887207031,37.14923858642578,37.14923858642578,0.0,EURTRY=X,eur_try
2025-01-27,37.2576904296875,37.635948181152344,37.22882843017578,37.25511169433594,37.25511169433594,0.0,EURTRY=X,eur_try
2025-01-28,37.30815887451172,37.38349914550781,37.23429870605469,37.33967971801758,37.33967971801758,0.0,EURTRY=X,eur_try
2025-01-29,37.256248474121094,37.34843826293945,37.14291000366211,37.185791015625,37.185791015625,0.0,EURTRY=X,eur_try
2025-01-30,37.316890716552734,37.440860748291016,37.131099700927734,37.314579010009766,37.314579010009766,0.0,EURTRY=X,eur_try
2025-01-31,37.273590087890625,37.33572006225586,37.1509895324707,37.273529052734375,37.273529052734375,0.0,EURTRY=X,eur_try
2025-02-03,36.77037048339844,37.11996841430664,36.646080017089844,36.76210021972656,36.76210021972656,0.0,EURTRY=X,eur_try
2025-02-04,37.15290069580078,37.349098205566406,36.865501403808594,37.13700866699219,37.13700866699219,0.0,EURTRY=X,eur_try
2025-02-05,37.312198638916016,37.50556945800781,37.26361846923828,37.3119010925293,37.3119010925293,0.0,EURTRY=X,eur_try
2025-02-06,37.3171501159668,37.415008544921875,37.155399322509766,37.32283020019531,37.32283020019531,0.0,EURTRY=X,eur_try
2025-02-07,37.361549377441406,37.4345588684082,37.1404914855957,37.336551666259766,37.336551666259766,0.0,EURTRY=X,eur_try
2025-02-10,36.9980583190918,37.31800079345703,36.96683120727539,36.94670867919922,36.94670867919922,0.0,EURTRY=X,eur_try
2025-02-11,37.08121871948242,37.31235885620117,37.04462814331055,37.08184051513672,37.08184051513672,0.0,EURTRY=X,eur_try
2025-02-12,37.28030014038086,37.53099822998047,37.23017883300781,37.28110885620117,37.28110885620117,0.0,EURTRY=X,eur_try
2025-02-13,37.52531814575195,37.74610137939453,37.463409423828125,37.50043869018555,37.50043869018555,0.0,EURTRY=X,eur_try
2025-02-14,37.86370849609375,38.07278060913086,37.8089714050293,37.85987854003906,37.85987854003906,0.0,EURTRY=X,eur_try
2025-02-17,37.95486068725586,38.0288200378418,37.80012130737305,37.964168548583984,37.964168548583984,0.0,EURTRY=X,eur_try
2025-02-18,37.98371124267578,37.999900817871094,37.875431060791016,37.98733139038086,37.98733139038086,0.0,EURTRY=X,eur_try
2025-02-19,37.9038200378418,37.96942138671875,37.76325988769531,37.90345001220703,37.90345001220703,0.0,EURTRY=X,eur_try
2025-02-20,37.86484146118164,38.0301513671875,37.816410064697266,37.817169189453125,37.817169189453125,0.0,EURTRY=X,eur_try
2025-02-21,38.21839904785156,38.23712921142578,38.072078704833984,38.201839447021484,38.201839447021484,0.0,EURTRY=X,eur_try
2025-02-24,38.15309143066406,38.358890533447266,38.08137893676758,38.17422103881836,38.17422103881836,0.0,EURTRY=X,eur_try
2025-02-25,38.13494873046875,38.345298767089844,38.123600006103516,38.13159942626953,38.13159942626953,0.0,EURTRY=X,eur_try
2025-02-26,38.356571197509766,38.4056396484375,38.17079162597656,38.35786056518555,38.35786056518555,0.0,EURTRY=X,eur_try
2025-02-27,38.23469924926758,38.23469924926758,37.88837814331055,38.23426818847656,38.23426818847656,0.0,EURTRY=X,eur_try
2025-02-28,37.939910888671875,38.125,37.895538330078125,37.940818786621094,37.940818786621094,0.0,EURTRY=X,eur_try
2025-03-03,38.00904083251953,38.25054931640625,37.905601501464844,38.00431823730469,38.00431823730469,0.0,EURTRY=X,eur_try
2025-03-04,38.1961784362793,38.488990783691406,38.09156036376953,38.19940185546875,38.19940185546875,0.0,EURTRY=X,eur_try
2025-03-05,38.70866012573242,39.28868103027344,38.40700149536133,38.70370101928711,38.70370101928711,0.0,EURTRY=X,eur_try
2025-03-06,39.30139923095703,39.49885177612305,39.24517822265625,39.301841735839844,39.301841735839844,0.0,EURTRY=X,eur_try
2025-03-07,39.365379333496094,39.67353820800781,39.30889892578125,39.36376190185547,39.36376190185547,0.0,EURTRY=X,eur_try
2025-03-10,39.611488342285156,39.730690002441406,39.4723014831543,39.61111831665039,39.61111831665039,0.0,EURTRY=X,eur_try
2025-03-11,39.64081954956055,39.98836135864258,39.61589813232422,39.63679122924805,39.63679122924805,0.0,EURTRY=X,eur_try
2025-03-12,39.9239501953125,40.001399993896484,39.812618255615234,39.9228515625,39.9228515625,0.0,EURTRY=X,eur_try
2025-03-13,39.80979919433594,39.87030029296875,39.6149787902832,39.80759811401367,39.80759811401367,0.0,EURTRY=X,eur_try
2025-03-14,39.809940338134766,40.021759033203125,39.71263885498047,39.813079833984375,39.813079833984375,0.0,EURTRY=X,eur_try
2025-03-17,39.86341857910156,40.0348014831543,39.846561431884766,39.86745071411133,39.86745071411133,0.0,EURTRY=X,eur_try
2025-03-18,39.99684143066406,40.17502975463867,39.932498931884766,39.994449615478516,39.994449615478516,0.0,EURTRY=X,eur_try
2025-03-19,40.139198303222656,44.50130844116211,39.97669982910156,40.13848114013672,40.13848114013672,0.0,EURTRY=X,eur_try
2025-03-20,41.453460693359375,41.45391082763672,40.41592025756836,41.45193099975586,41.45193099975586,0.0,EURTRY=X,eur_try
2025-03-21,41.2244987487793,41.305179595947266,40.61825180053711,41.175270080566406,41.175270080566406,0.0,EURTRY=X,eur_try
2025-03-24,41.1480598449707,41.26124954223633,40.78226852416992,41.14698028564453,41.14698028564453,0.0,EURTRY=X,eur_try
2025-03-25,41.048099517822266,41.119529724121094,40.751060485839844,40.87825012207031,40.87825012207031,0.0,EURTRY=X,eur_try
2025-03-26,40.940879821777344,41.091400146484375,40.916419982910156,40.93518829345703,40.93518829345703,0.0,EURTRY=X,eur_try
2025-03-27,40.78643035888672,41.11927032470703,40.78643035888672,40.785438537597656,40.785438537597656,0.0,EURTRY=X,eur_try
2025-03-28,41.02518844604492,41.17744064331055,40.90092086791992,41.04404067993164,41.04404067993164,0.0,EURTRY=X,eur_try
2025-03-30,41.05908966064453,41.17163848876953,40.88507843017578,41.05339813232422,41.05339813232422,0.0,EURTRY=X,eur_try
2025-03-31,40.99271011352539,41.09429931640625,40.75825881958008,40.99794006347656,40.99794006347656,0.0,EURTRY=X,eur_try
2025-04-01,40.83980178833008,41.224090576171875,40.76449966430664,40.84239959716797,40.84239959716797,0.0,EURTRY=X,eur_try
2025-04-02,41.3597297668457,42.225830078125,41.24684143066406,41.371978759765625,41.371978759765625,0.0,EURTRY=X,eur_try
2025-04-03,41.971519470214844,42.19029998779297,41.63233947753906,42.00600051879883,42.00600051879883,0.0,EURTRY=X,eur_try
2025-04-06,41.69095993041992,41.99324035644531,41.419471740722656,41.71678924560547,41.71678924560547,0.0,EURTRY=X,eur_try
2025-04-07,41.49562072753906,41.75775909423828,41.39665985107422,41.471580505371094,41.471580505371094,0.0,EURTRY=X,eur_try
2025-04-08,41.6568603515625,43.07680130004883,41.647308349609375,41.650970458984375,41.650970458984375,0.0,EURTRY=X,eur_try
2025-04-09,41.5506591796875,42.54621124267578,41.55052185058594,41.55120849609375,41.55120849609375,0.0,EURTRY=X,eur_try
2025-04-10,42.8005485534668,43.65782165527344,42.784088134765625,42.78567123413086,42.78567123413086,0.0,EURTRY=X,eur_try
2025-04-13,42.966121673583984,43.4156608581543,42.96247863769531,42.93547821044922,42.93547821044922,0.0,EURTRY=X,eur_try
2025-04-14,43.1328010559082,43.30580139160156,42.984130859375,43.09479904174805,43.09479904174805,0.0,EURTRY=X,eur_try
2025-04-15,43.014671325683594,43.54907989501953,43.014671325683594,43.010860443115234,43.010860443115234,0.0,EURTRY=X,eur_try
2025-04-16,43.44607925415039,43.668460845947266,43.163238525390625,43.44799041748047,43.44799041748047,0.0,EURTRY=X,eur_try
2025-04-21,43.97904968261719,44.15167999267578,43.78302001953125,43.97256088256836,43.97256088256836,0.0,EURTRY=X,eur_try
2025-04-22,43.43558883666992,43.81718063354492,43.42089080810547,43.43635940551758,43.43635940551758,0.0,EURTRY=X,eur_try
2025-04-23,43.37577819824219,43.755218505859375,43.349361419677734,43.36840057373047,43.36840057373047,0.0,EURTRY=X,eur_try
2025-04-24,43.683841705322266,43.77183151245117,43.503150939941406,43.67974090576172,43.67974090576172,0.0,EURTRY=X,eur_try
2025-04-27,43.590301513671875,43.838199615478516,43.590301513671875,43.583011627197266,43.583011627197266,0.0,EURTRY=X,eur_try
2025-04-28,43.843109130859375,43.961700439453125,43.6522102355957,43.845001220703125,43.845001220703125,0.0,EURTRY=X,eur_try
2025-04-29,43.79315185546875,44.02111053466797,43.65113067626953,43.84463882446289,43.84463882446289,0.0,EURTRY=X,eur_try
2025-04-30,43.747440338134766,43.75851821899414,43.43511962890625,43.73698043823242,43.73698043823242,0.0,EURTRY=X,eur_try
2025-05-01,43.6085205078125,43.911930084228516,43.50796127319336,43.604408264160156,43.604408264160156,0.0,EURTRY=X,eur_try
2025-05-04,43.6910514831543,43.87779998779297,43.606590270996094,43.69557189941406,43.69557189941406,0.0,EURTRY=X,eur_try
2025-05-05,43.55683135986328,43.89672088623047,43.464698791503906,43.582130432128906,43.582130432128906,0.0,EURTRY=X,eur_try
2025-05-06,43.84523010253906,44.00413131713867,43.76259994506836,43.85179138183594,43.85179138183594,0.0,EURTRY=X,eur_try
2025-05-07,43.699928283691406,43.850799560546875,42.6428108215332,43.70426940917969,43.70426940917969,0.0,EURTRY=X,eur_try
2025-05-08,43.522010803222656,43.79212951660156,43.36940002441406,43.504119873046875,43.504119873046875,0.0,EURTRY=X,eur_try
2025-05-11,43.4640998840332,43.55717849731445,42.96179962158203,43.4652099609375,43.4652099609375,0.0,EURTRY=X,eur_try
2025-05-12,43.061161041259766,43.38444137573242,43.05120086669922,43.04930114746094,43.04930114746094,0.0,EURTRY=X,eur_try
2025-05-13,43.39646911621094,43.706321716308594,43.381168365478516,43.392578125,43.392578125,0.0,EURTRY=X,eur_try
2025-05-14,43.389549255371094,43.64889144897461,43.256500244140625,43.38896179199219,43.38896179199219,0.0,EURTRY=X,eur_try
2025-05-15,43.401390075683594,43.618709564208984,43.24618148803711,43.40380859375,43.40380859375,0.0,EURTRY=X,eur_try
2025-05-18,43.43244171142578,43.87297058105469,43.37303924560547,43.427391052246094,43.427391052246094,0.0,EURTRY=X,eur_try
2025-05-19,43.60295104980469,43.87630844116211,43.54096984863281,43.60396957397461,43.60396957397461,0.0,EURTRY=X,eur_try
2025-05-20,43.80979919433594,44.17512893676758,43.808189392089844,43.82563018798828,43.82563018798828,0.0,EURTRY=X,eur_try
2025-05-21,44.10704040527344,44.188568115234375,43.847801208496094,44.10552978515625,44.10552978515625,0.0,EURTRY=X,eur_try
2025-05-22,44.0606803894043,44.38193130493164,44.03430938720703,44.05937957763672,44.05937957763672,0.0,EURTRY=X,eur_try
2025-05-25,44.36412048339844,44.580650329589844,44.29240036010742,44.35398864746094,44.35398864746094,0.0,EURTRY=X,eur_try
2025-05-26,44.35712814331055,44.47809982299805,44.176700592041016,44.354190826416016,44.354190826416016,0.0,EURTRY=X,eur_try
2025-05-27,44.227481842041016,44.385501861572266,44.11159896850586,44.22032165527344,44.22032165527344,0.0,EURTRY=X,eur_try
2025-05-28,43.93714904785156,44.592010498046875,43.906700134277344,43.96091079711914,43.96091079711914,0.0,EURTRY=X,eur_try
2025-05-29,44.645389556884766,44.7116584777832,44.410701751708984,44.64794158935547,44.64794158935547,0.0,EURTRY=X,eur_try
2025-06-01,44.46393966674805,44.89234924316406,44.46393966674805,44.538551330566406,44.538551330566406,0.0,EURTRY=X,eur_try
2025-06-02,44.80596923828125,44.844200134277344,44.43854904174805,44.867698669433594,44.867698669433594,0.0,EURTRY=X,eur_try
2025-06-03,44.55195999145508,44.95389175415039,44.4718017578125,44.551170349121094,44.551170349121094,0.0,EURTRY=X,eur_try
2025-06-04,45.00642013549805,45.191558837890625,44.85369873046875,45.006690979003906,45.006690979003906,0.0,EURTRY=X,eur_try
2025-06-05,45.00954818725586,45.026031494140625,44.59265899658203,44.99549865722656,44.99549865722656,0.0,EURTRY=X,eur_try
2025-06-08,44.715858459472656,44.91558837890625,44.499549865722656,44.73303985595703,44.73303985595703,0.0,EURTRY=X,eur_try
2025-06-09,44.95928955078125,44.980899810791016,44.663509368896484,44.95671081542969,44.95671081542969,0.0,EURTRY=X,eur_try
2025-06-10,44.83021926879883,45.03805160522461,44.69306182861328,44.822750091552734,44.822750091552734,0.0,EURTRY=X,eur_try
2025-06-11,45.15122985839844,45.83686828613281,45.070701599121094,45.149879455566406,45.149879455566406,0.0,EURTRY=X,eur_try
2025-06-12,45.72428894042969,45.73878860473633,45.36840057373047,45.69314956665039,45.69314956665039,0.0,EURTRY=X,eur_try
2025-06-15,45.44602966308594,45.791690826416016,45.2665901184082,45.324100494384766,45.324100494384766,0.0,EURTRY=X,eur_try
2025-06-16,45.468631744384766,45.688209533691406,45.43330001831055,45.48168182373047,45.48168182373047,0.0,EURTRY=X,eur_try
2025-06-17,45.43846893310547,45.566471099853516,45.38420104980469,45.43484115600586,45.43484115600586,0.0,EURTRY=X,eur_try
2025-06-18,45.46678924560547,45.567779541015625,45.274600982666016,45.467918395996094,45.467918395996094,0.0,EURTRY=X,eur_try
2025-06-19,45.664730072021484,45.80799102783203,45.64939880371094,45.65922164916992,45.65922164916992,0.0,EURTRY=X,eur_try
2025-06-22,45.72040939331055,45.93313980102539,45.53519821166992,45.710838317871094,45.710838317871094,0.0,EURTRY=X,eur_try
2025-06-23,45.9394416809082,46.140220642089844,45.88056945800781,45.956748962402344,45.956748962402344,0.0,EURTRY=X,eur_try
2025-06-24,45.89918899536133,46.260711669921875,45.89918899536133,45.89949035644531,45.89949035644531,0.0,EURTRY=X,eur_try
2025-06-25,46.569068908691406,46.84880828857422,46.41450119018555,46.5700798034668,46.5700798034668,0.0,EURTRY=X,eur_try
2025-06-26,46.6048583984375,46.90269088745117,46.499820709228516,46.58531188964844,46.58531188964844,0.0,EURTRY=X,eur_try
2025-06-29,46.755638122558594,46.90414810180664,46.59590148925781,46.749691009521484,46.749691009521484,0.0,EURTRY=X,eur_try
2025-06-30,46.91299057006836,47.179508209228516,46.88780975341797,46.90476989746094,46.90476989746094,0.0,EURTRY=X,eur_try
2025-07-01,47.01063919067383,47.111759185791016,46.76570129394531,47.014671325683594,47.014671325683594,0.0,EURTRY=X,eur_try
2025-07-02,47.00947189331055,47.131500244140625,46.692020416259766,47.01271057128906,47.01271057128906,0.0,EURTRY=X,eur_try
2025-07-03,46.87717819213867,47.0076789855957,46.80400848388672,46.876949310302734,46.876949310302734,0.0,EURTRY=X,eur_try
2025-07-06,47.00981903076172,47.10240173339844,46.88460159301758,47.01287841796875,47.01287841796875,0.0,EURTRY=X,eur_try
2025-07-07,46.93703079223633,47.115760803222656,46.80009841918945,46.930381774902344,46.930381774902344,0.0,EURTRY=X,eur_try
2025-07-08,46.97317123413086,47.00944137573242,46.833099365234375,46.97623825073242,46.97623825073242,0.0,EURTRY=X,eur_try
2025-07-09,47.086448669433594,47.161800384521484,46.758399963378906,47.05857849121094,47.05857849121094,0.0,EURTRY=X,eur_try
2025-07-10,47.06098175048828,47.13666915893555,46.843780517578125,47.05656051635742,47.05656051635742,0.0,EURTRY=X,eur_try
2025-07-13,46.889801025390625,47.05002975463867,46.86817932128906,46.87126922607422,46.87126922607422,0.0,EURTRY=X,eur_try
2025-07-14,46.94116973876953,47.07040023803711,46.707698822021484,46.944488525390625,46.944488525390625,0.0,EURTRY=X,eur_try
2025-07-15,46.76676940917969,47.173160552978516,46.55659866333008,46.76401138305664,46.76401138305664,0.0,EURTRY=X,eur_try
2025-07-16,46.84661102294922,46.902618408203125,46.58689880371094,46.84315872192383,46.84315872192383,0.0,EURTRY=X,eur_try
2025-07-17,46.79840850830078,47.154518127441406,46.79840850830078,46.799678802490234,46.799678802490234,0.0,EURTRY=X,eur_try
2025-07-20,46.999881744384766,47.35639190673828,46.6143798828125,46.99903106689453,46.99903106689453,0.0,EURTRY=X,eur_try
2025-07-21,47.24345016479492,47.52724838256836,47.19173049926758,47.24599075317383,47.24599075317383,0.0,EURTRY=X,eur_try
2025-07-22,47.4652214050293,47.57931900024414,47.378700256347656,47.4653205871582,47.4653205871582,0.0,EURTRY=X,eur_try
2025-07-23,47.68833923339844,47.83258819580078,47.55289840698242,47.62879943847656,47.62879943847656,0.0,EURTRY=X,eur_try
2025-07-24,47.67168045043945,47.72978973388672,47.48310089111328,47.673240661621094,47.673240661621094,0.0,EURTRY=X,eur_try
2025-07-27,47.680580139160156,47.73591995239258,47.12950134277344,47.67491149902344,47.67491149902344,0.0,EURTRY=X,eur_try
2025-07-28,47.031700134277344,47.054969787597656,46.75210189819336,47.046409606933594,47.046409606933594,0.0,EURTRY=X,eur_try
2025-07-29,46.88304138183594,46.978240966796875,46.54280090332031,46.875370025634766,46.875370025634766,0.0,EURTRY=X,eur_try
2025-07-30,46.48033905029297,46.65174865722656,46.30939865112305,46.485069274902344,46.485069274902344,0.0,EURTRY=X,eur_try
2025-07-31,46.4847297668457,47.12738037109375,46.37229919433594,46.49150085449219,46.49150085449219,0.0,EURTRY=X,eur_try
2025-08-03,47.17232894897461,47.17625045776367,46.987998962402344,47.160308837890625,47.160308837890625,0.0,EURTRY=X,eur_try
2025-08-04,47.13574981689453,47.144290924072266,46.829288482666016,47.127620697021484,47.127620697021484,0.0,EURTRY=X,eur_try
2025-08-05,47.07865905761719,47.38426971435547,47.02077102661133,47.080230712890625,47.080230712890625,0.0,EURTRY=X,eur_try
2025-08-06,47.53343963623047,47.66978073120117,47.20320129394531,47.529579162597656,47.529579162597656,0.0,EURTRY=X,eur_try
2025-08-07,47.51668930053711,47.55110168457031,47.33169937133789,47.50260925292969,47.50260925292969,0.0,EURTRY=X,eur_try
2025-08-10,47.45071029663086,47.611000061035156,47.17720031738281,47.45275115966797,47.45275115966797,0.0,EURTRY=X,eur_try
2025-08-11,47.306270599365234,47.658668518066406,47.2338981628418,47.3120002746582,47.3120002746582,0.0,EURTRY=X,eur_try
2025-08-12,47.55931854248047,47.82495880126953,47.51258850097656,47.541988372802734,47.541988372802734,0.0,EURTRY=X,eur_try
2025-08-13,47.84605026245117,47.873138427734375,47.48830032348633,47.8488883972168,47.8488883972168,0.0,EURTRY=X,eur_try
2025-08-14,47.56496810913086,47.94755172729492,47.55268859863281,47.5648307800293,47.5648307800293,0.0,EURTRY=X,eur_try
2025-08-17,47.904090881347656,47.917049407958984,47.68339920043945,47.89997863769531,47.89997863769531,0.0,EURTRY=X,eur_try
2025-08-18,47.71440887451172,47.850399017333984,47.59994888305664,47.71522903442383,47.71522903442383,0.0,EURTRY=X,eur_try
2025-08-19,47.613548278808594,47.801429748535156,47.532798767089844,47.61688995361328,47.61688995361328,0.0,EURTRY=X,eur_try
2025-08-20,47.777591705322266,47.855979919433594,47.542301177978516,47.77518844604492,47.77518844604492,0.0,EURTRY=X,eur_try
2025-08-21,47.65201187133789,48.13880920410156,47.5077018737793,47.6585807800293,47.6585807800293,0.0,EURTRY=X,eur_try
2025-08-24,47.88991165161133,48.08749008178711,47.82749938964844,47.89318084716797,47.89318084716797,0.0,EURTRY=X,eur_try
2025-08-25,47.61125183105469,47.89126968383789,47.607791900634766,47.62165069580078,47.62165069580078,0.0,EURTRY=X,eur_try
2025-08-26,47.7967414855957,47.813838958740234,47.533599853515625,47.79991912841797,47.79991912841797,0.0,EURTRY=X,eur_try
2025-08-27,47.93341064453125,48.100589752197266,47.77519989013672,47.91339874267578,47.91339874267578,0.0,EURTRY=X,eur_try
2025-08-28,48.17058181762695,48.17058181762695,47.95344161987305,48.17053985595703,48.17053985595703,0.0,EURTRY=X,eur_try
2025-08-31,48.102481842041016,48.301700592041016,48.101470947265625,48.10546875,48.10546875,0.0,EURTRY=X,eur_try
2025-09-01,48.23339080810547,48.240020751953125,47.800498962402344,48.2234001159668,48.2234001159668,0.0,EURTRY=X,eur_try
2025-09-02,47.927490234375,48.12997055053711,47.822200775146484,47.926639556884766,47.926639556884766,0.0,EURTRY=X,eur_try
2025-09-03,48.097259521484375,48.14704895019531,47.89670181274414,48.08816146850586,48.08816146850586,0.0,EURTRY=X,eur_try
2025-09-04,48.118011474609375,48.54629898071289,48.0797004699707,48.117740631103516,48.117740631103516,0.0,EURTRY=X,eur_try
2025-09-07,48.35581970214844,48.542991638183594,48.332298278808594,48.352508544921875,48.352508544921875,0.0,EURTRY=X,eur_try
2025-09-08,48.60715866088867,48.656959533691406,48.367698669433594,48.59711837768555,48.59711837768555,0.0,EURTRY=X,eur_try
2025-09-09,48.28759002685547,48.46445083618164,48.254798889160156,48.28929901123047,48.28929901123047,0.0,EURTRY=X,eur_try
2025-09-10,48.39468002319336,48.6133918762207,48.24359893798828,48.400611877441406,48.400611877441406,0.0,EURTRY=X,eur_try
2025-09-11,48.49576187133789,48.637550354003906,48.4193000793457,48.500301361083984,48.500301361083984,0.0,EURTRY=X,eur_try
2025-09-14,48.44578170776367,48.648189544677734,48.4305305480957,48.43959045410156,48.43959045410156,0.0,EURTRY=X,eur_try
2025-09-15,48.609901428222656,48.96485137939453,48.576499938964844,48.5915412902832,48.5915412902832,0.0,EURTRY=X,eur_try
2025-09-16,49.0177001953125,49.04349899291992,48.8828010559082,49.00954818725586,49.00954818725586,0.0,EURTRY=X,eur_try
2025-09-17,48.915740966796875,49.06748962402344,48.62580108642578,48.84550094604492,48.84550094604492,0.0,EURTRY=X,eur_try
2025-09-18,48.783451080322266,48.82416915893555,48.58530044555664,48.78377914428711,48.78377914428711,0.0,EURTRY=X,eur_try
2025-09-21,48.57807159423828,48.81576919555664,48.54780960083008,48.56401824951172,48.56401824951172,0.0,EURTRY=X,eur_try
2025-09-22,48.81534957885742,48.967079162597656,48.78984832763672,48.803531646728516,48.803531646728516,0.0,EURTRY=X,eur_try
2025-09-23,48.9293212890625,48.94281005859375,48.653499603271484,48.9213981628418,48.9213981628418,0.0,EURTRY=X,eur_try
2025-09-24,48.80339050292969,48.85253143310547,48.42449951171875,48.81203842163086,48.81203842163086,0.0,EURTRY=X,eur_try
2025-09-25,48.49385070800781,48.68088150024414,48.47359848022461,48.498008728027344,48.498008728027344,0.0,EURTRY=X,eur_try
2025-09-28,48.684120178222656,48.90208053588867,48.684120178222656,48.687259674072266,48.687259674072266,0.0,EURTRY=X,eur_try
2025-09-29,48.80339813232422,48.93722915649414,48.72800064086914,48.807891845703125,48.807891845703125,0.0,EURTRY=X,eur_try
2025-09-30,48.81011962890625,49.02796173095703,48.757301330566406,48.817909240722656,48.817909240722656,0.0,EURTRY=X,eur_try
2025-10-01,48.79999923706055,49.026248931884766,48.64699935913086,48.89686965942383,48.89686965942383,0.0,EURTRY=X,eur_try
2025-10-02,48.838069915771484,49.038230895996094,48.82339859008789,48.85895919799805,48.85895919799805,0.0,EURTRY=X,eur_try
2025-10-05,48.8671989440918,48.93986129760742,48.61635971069336,48.86220169067383,48.86220169067383,0.0,EURTRY=X,eur_try
2025-10-06,48.858001708984375,48.871768951416016,48.61830139160156,48.84886169433594,48.84886169433594,0.0,EURTRY=X,eur_try
2025-10-07,48.60559844970703,48.63703918457031,48.41490173339844,48.652610778808594,48.652610778808594,0.0,EURTRY=X,eur_try
2025-10-08,48.66175842285156,48.741249084472656,48.18949890136719,48.6669807434082,48.6669807434082,0.0,EURTRY=X,eur_try
2025-10-09,48.37110137939453,48.63930130004883,48.34632873535156,48.370750427246094,48.370750427246094,0.0,EURTRY=X,eur_try
2025-10-12,48.55683898925781,48.664791107177734,48.3120002746582,48.55015182495117,48.55015182495117,0.0,EURTRY=X,eur_try
2025-10-13,48.358211517333984,48.5736198425293,48.29840087890625,48.35567855834961,48.35567855834961,0.0,EURTRY=X,eur_try
2025-10-14,48.52920150756836,48.763301849365234,48.52920150756836,48.526100158691406,48.526100158691406,0.0,EURTRY=X,eur_try
2025-10-15,48.841060638427734,48.99251174926758,48.7244987487793,48.84128189086914,48.84128189086914,0.0,EURTRY=X,eur_try
2025-10-16,48.95301818847656,49.226009368896484,48.917198181152344,48.97101974487305,48.97101974487305,0.0,EURTRY=X,eur_try
2025-10-19,48.88050079345703,49.01108169555664,48.86669921875,48.89311981201172,48.89311981201172,0.0,EURTRY=X,eur_try
2025-10-20,48.76747131347656,48.88890075683594,48.706298828125,48.76993942260742,48.76993942260742,0.0,EURTRY=X,eur_try
2025-10-21,48.70914077758789,48.796630859375,48.60300064086914,48.7087516784668,48.7087516784668,0.0,EURTRY=X,eur_try
2025-10-22,48.833900451660156,48.93095016479492,48.64789962768555,48.84103012084961,48.84103012084961,0.0,EURTRY=X,eur_try
2025-10-23,48.810081481933594,48.94470977783203,48.72473907470703,48.810791015625,48.810791015625,0.0,EURTRY=X,eur_try
2025-10-27,48.887451171875,48.974639892578125,48.770179748535156,48.88618087768555,48.88618087768555,0.0,EURTRY=X,eur_try
2025-10-28,48.85371017456055,48.953468322753906,48.785579681396484,48.86592102050781,48.86592102050781,0.0,EURTRY=X,eur_try
2025-10-29,48.94041061401367,48.9710693359375,48.733699798583984,48.94620132446289,48.94620132446289,0.0,EURTRY=X,eur_try
2025-10-30,48.726898193359375,48.93619918823242,48.54240036010742,48.729759216308594,48.729759216308594,0.0,EURTRY=X,eur_try
2025-10-31,48.57278060913086,48.71575927734375,48.46689987182617,48.56747817993164,48.56747817993164,0.0,EURTRY=X,eur_try
2025-11-03,48.500118255615234,48.5837287902832,48.39149856567383,48.495121002197266,48.495121002197266,0.0,EURTRY=X,eur_try
2025-11-04,48.45751953125,48.57255935668945,48.30039978027344,48.46527862548828,48.46527862548828,0.0,EURTRY=X,eur_try
2025-11-05,48.355499267578125,48.442169189453125,48.309200286865234,48.354698181152344,48.354698181152344,0.0,EURTRY=X,eur_try
2025-11-06,48.468780517578125,48.72623062133789,48.40299987792969,48.47084045410156,48.47084045410156,0.0,EURTRY=X,eur_try
2025-11-07,48.73170852661133,49.010459899902344,48.660701751708984,48.739009857177734,48.739009857177734,0.0,EURTRY=X,eur_try
2025-11-10,48.79050064086914,48.907508850097656,48.74763870239258,48.7448616027832,48.7448616027832,0.0,EURTRY=X,eur_try
2025-11-11,48.85245895385742,49.05738830566406,48.78620147705078,48.827781677246094,48.827781677246094,0.0,EURTRY=X,eur_try
2025-11-12,48.972930908203125,49.03730010986328,48.860801696777344,48.96567916870117,48.96567916870117,0.0,EURTRY=X,eur_try
2025-11-13,49.10506820678711,49.36798095703125,48.92580032348633,49.10354995727539,49.10354995727539,0.0,EURTRY=X,eur_try
2025-11-14,49.138580322265625,49.3692512512207,49.09852981567383,49.13608932495117,49.13608932495117,0.0,EURTRY=X,eur_try
2025-11-17,49.19424819946289,49.21577835083008,49.02429962158203,49.18955993652344,49.18955993652344,0.0,EURTRY=X,eur_try
2025-11-18,49.04227066040039,49.191341400146484,49.0,49.04941177368164,49.04941177368164,0.0,EURTRY=X,eur_try
2025-11-19,49.01539993286133,49.16516876220703,48.874000549316406,49.00263977050781,49.00263977050781,0.0,EURTRY=X,eur_try
2025-11-20,48.954750061035156,49.074581146240234,48.757198333740234,48.9529914855957,48.9529914855957,0.0,EURTRY=X,eur_try
2025-11-21,48.973419189453125,49.07740020751953,48.81517028808594,48.992820739746094,48.992820739746094,0.0,EURTRY=X,eur_try
2025-11-24,48.86299133300781,49.05992889404297,48.82046127319336,48.82347106933594,48.82347106933594,0.0,EURTRY=X,eur_try
2025-11-25,48.91781997680664,49.189998626708984,48.87009811401367,48.91347122192383,48.91347122192383,0.0,EURTRY=X,eur_try
2025-11-26,49.08414077758789,49.23677062988281,49.02043151855469,49.07426834106445,49.07426834106445,0.0,EURTRY=X,eur_try
2025-11-27,49.36425018310547,49.41537094116211,49.14030075073242,49.36241912841797,49.36241912841797,0.0,EURTRY=X,eur_try
2025-11-28,49.2244987487793,49.355628967285156,49.13719940185547,49.21104049682617,49.21104049682617,0.0,EURTRY=X,eur_try
2025-12-01,49.31631851196289,49.503021240234375,49.07630157470703,49.31333923339844,49.31333923339844,0.0,EURTRY=X,eur_try
2025-12-02,49.284820556640625,49.35755157470703,49.22589874267578,49.27872848510742,49.27872848510742,0.0,EURTRY=X,eur_try
2025-12-03,49.41950988769531,49.59083938598633,49.39889907836914,49.406349182128906,49.406349182128906,0.0,EURTRY=X,eur_try
2025-12-04,49.628868103027344,49.74277877807617,49.49209976196289,49.62971878051758,49.62971878051758,0.0,EURTRY=X,eur_try
2025-12-05,49.375648498535156,49.673980712890625,49.37023162841797,49.36796188354492,49.36796188354492,0.0,EURTRY=X,eur_try
2025-12-08,49.53205108642578,49.71818923950195,49.47140121459961,49.528648376464844,49.528648376464844,0.0,EURTRY=X,eur_try
2025-12-09,49.484371185302734,49.68178939819336,49.47298812866211,49.48305130004883,49.48305130004883,0.0,EURTRY=X,eur_try
2025-12-10,49.442970275878906,49.70307159423828,49.44131088256836,49.44255065917969,49.44255065917969,0.0,EURTRY=X,eur_try
2025-12-11,49.98529815673828,50.24953079223633,49.79840087890625,49.982730865478516,49.982730865478516,0.0,EURTRY=X,eur_try
2025-12-12,50.03757858276367,50.189300537109375,50.03300094604492,50.033119201660156,50.033119201660156,0.0,EURTRY=X,eur_try
2025-12-15,50.148101806640625,50.29492950439453,50.08190155029297,50.142398834228516,50.142398834228516,0.0,EURTRY=X,eur_try
2025-12-16,50.20315933227539,50.467010498046875,50.16830062866211,50.20753860473633,50.20753860473633,0.0,EURTRY=X,eur_try
2025-12-17,50.20429992675781,50.276580810546875,50.01839828491211,50.201080322265625,50.201080322265625,0.0,EURTRY=X,eur_try
2025-12-18,50.29536819458008,50.37459182739258,50.05720138549805,50.29452133178711,50.29452133178711,0.0,EURTRY=X,eur_try
2025-12-19,50.2041015625,50.29084014892578,50.10900115966797,50.153099060058594,50.153099060058594,0.0,EURTRY=X,eur_try
2025-12-22,50.17441177368164,50.433921813964844,50.1662483215332,50.158409118652344,50.158409118652344,0.0,EURTRY=X,eur_try
2025-12-23,50.368099212646484,50.77598190307617,50.368099212646484,50.3745002746582,50.3745002746582,0.0,EURTRY=X,eur_try
2025-12-24,50.6927604675293,50.78187942504883,50.46039962768555,50.692970275878906,50.692970275878906,0.0,EURTRY=X,eur_try
2025-12-26,50.373268127441406,50.68088912963867,50.3448486328125,50.424049377441406,50.424049377441406,0.0,EURTRY=X,eur_try
2025-12-29,50.57611846923828,50.657630920410156,50.48120880126953,50.547508239746094,50.547508239746094,0.0,EURTRY=X,eur_try
2025-12-30,50.6171989440918,50.66997146606445,50.4547004699707,50.62076950073242,50.62076950073242,0.0,EURTRY=X,eur_try
2025-12-31,50.59735870361328,50.65768051147461,50.36470031738281,50.600608825683594,50.600608825683594,0.0,EURTRY=X,eur_try
2026-01-02,50.46091079711914,50.62981033325195,50.41669845581055,50.47666931152344,50.47666931152344,0.0,EURTRY=X,eur_try
2026-01-05,50.39973831176758,50.470638275146484,50.2046012878418,50.38591003417969,50.38591003417969,0.0,EURTRY=X,eur_try
2026-01-06,50.43000030517578,50.59170913696289,50.28580093383789,50.43701171875,50.43701171875,0.0,EURTRY=X,eur_try
2026-01-07,50.305419921875,50.409271240234375,50.2593994140625,50.30607986450195,50.30607986450195,0.0,EURTRY=X,eur_try
2026-01-08,50.34135818481445,50.41072082519531,50.15510177612305,50.343719482421875,50.343719482421875,0.0,EURTRY=X,eur_try
2026-01-09,50.270748138427734,50.340328216552734,50.1593017578125,50.27003860473633,50.27003860473633,0.0,EURTRY=X,eur_try
2026-01-12,50.12376022338867,50.486881256103516,50.11272048950195,50.11655044555664,50.11655044555664,0.0,EURTRY=X,eur_try
2026-01-13,50.348140716552734,50.42689895629883,50.2067985534668,50.33720016479492,50.33720016479492,0.0,EURTRY=X,eur_try
2026-01-14,50.2451286315918,50.3944091796875,50.20127868652344,50.24348831176758,50.24348831176758,0.0,EURTRY=X,eur_try
2026-01-15,50.296749114990234,50.422428131103516,50.110198974609375,50.308868408203125,50.308868408203125,0.0,EURTRY=X,eur_try
2026-01-16,50.22023010253906,50.31270980834961,50.13618087768555,50.218849182128906,50.218849182128906,0.0,EURTRY=X,eur_try
2026-01-19,50.344181060791016,50.43470001220703,50.26539993286133,50.343021392822266,50.343021392822266,0.0,EURTRY=X,eur_try
2026-01-20,50.402469635009766,50.93312072753906,50.362998962402344,50.39493942260742,50.39493942260742,0.0,EURTRY=X,eur_try
2026-01-21,50.78453063964844,50.88758087158203,50.6776008605957,50.79916000366211,50.79916000366211,0.0,EURTRY=X,eur_try
2026-01-22,50.67681884765625,50.983909606933594,50.56159973144531,50.667179107666016,50.667179107666016,0.0,EURTRY=X,eur_try
2026-01-23,50.92454147338867,51.10279846191406,50.86640167236328,50.92757034301758,50.92757034301758,0.0,EURTRY=X,eur_try
2026-01-26,51.48598861694336,51.6605110168457,51.344398498535156,51.482730865478516,51.482730865478516,0.0,EURTRY=X,eur_try
2026-01-27,51.535030364990234,52.06644058227539,51.44599914550781,51.54167175292969,51.54167175292969,0.0,EURTRY=X,eur_try
2026-01-28,52.230621337890625,52.230621337890625,51.789581298828125,52.19538879394531,52.19538879394531,0.0,EURTRY=X,eur_try
2026-01-29,52.0901985168457,52.200538635253906,51.78580093383789,52.08562088012695,52.08562088012695,0.0,EURTRY=X,eur_try
2026-01-30,51.952178955078125,52.03133010864258,51.64112854003906,51.94350814819336,51.94350814819336,0.0,EURTRY=X,eur_try
2026-02-02,51.56277084350586,51.68976974487305,51.29378128051758,51.55615997314453,51.55615997314453,0.0,EURTRY=X,eur_try
2026-02-03,51.27743148803711,51.4557991027832,51.25130081176758,51.27619934082031,51.27619934082031,0.0,EURTRY=X,eur_try
2026-02-04,51.402278900146484,51.531959533691406,51.304901123046875,51.39521026611328,51.39521026611328,0.0,EURTRY=X,eur_try
2026-02-05,51.46028137207031,51.56752014160156,51.30110168457031,51.44532012939453,51.44532012939453,0.0,EURTRY=X,eur_try
2026-02-06,51.386531829833984,51.607421875,51.34804153442383,51.39113998413086,51.39113998413086,0.0,EURTRY=X,eur_try
2026-02-09,51.41120147705078,52.02190017700195,50.422359466552734,51.423728942871094,51.423728942871094,0.0,EURTRY=X,eur_try
2026-02-10,51.84408187866211,52.07720184326172,51.833778381347656,51.841941833496094,51.841941833496094,0.0,EURTRY=X,eur_try
2026-02-11,51.872711181640625,52.08055114746094,51.69538116455078,51.872100830078125,51.872100830078125,0.0,EURTRY=X,eur_try
2026-02-12,51.937679290771484,52.02667999267578,51.74150085449219,51.9387092590332,51.9387092590332,0.0,EURTRY=X,eur_try
2026-02-13,51.88825988769531,51.95463180541992,51.81578826904297,51.88227844238281,51.88227844238281,0.0,EURTRY=X,eur_try
2026-02-16,51.87565994262695,51.927940368652344,51.8036003112793,51.87784957885742,51.87784957885742,0.0,EURTRY=X,eur_try
2026-02-17,51.81919860839844,51.853118896484375,51.65412139892578,51.81526184082031,51.81526184082031,0.0,EURTRY=X,eur_try
2026-02-18,51.843360900878906,51.87725830078125,51.691898345947266,51.83794021606445,51.83794021606445,0.0,EURTRY=X,eur_try
2026-02-19,51.691688537597656,51.79269027709961,51.45840072631836,51.693580627441406,51.693580627441406,0.0,EURTRY=X,eur_try
2026-02-20,51.627079010009766,51.79050827026367,51.52128982543945,51.628231048583984,51.628231048583984,0.0,EURTRY=X,eur_try
2026-02-23,51.85047912597656,51.90319061279297,51.632598876953125,51.876739501953125,51.876739501953125,0.0,EURTRY=X,eur_try
2026-02-24,51.72671890258789,51.75318908691406,51.61220169067383,51.727569580078125,51.727569580078125,0.0,EURTRY=X,eur_try
2026-02-25,51.65214157104492,51.83137130737305,51.64556121826172,51.649898529052734,51.649898529052734,0.0,EURTRY=X,eur_try
2026-02-26,51.917259216308594,52.008949279785156,51.72850036621094,51.910850524902344,51.910850524902344,0.0,EURTRY=X,eur_try
2026-02-27,51.911949157714844,52.00144958496094,51.844600677490234,51.908180236816406,51.908180236816406,0.0,EURTRY=X,eur_try
2026-03-02,51.72383117675781,51.886741638183594,51.30649948120117,51.712100982666016,51.712100982666016,0.0,EURTRY=X,eur_try
2026-03-03,51.43318176269531,51.511348724365234,50.75006103515625,51.43804168701172,51.43804168701172,0.0,EURTRY=X,eur_try
2026-03-04,51.02809143066406,51.272281646728516,50.909881591796875,50.91952133178711,50.91952133178711,0.0,EURTRY=X,eur_try
2026-03-05,51.234458923339844,51.342098236083984,50.94169998168945,51.2323112487793,51.2323112487793,0.0,EURTRY=X,eur_try
2026-03-06,51.046241760253906,51.239261627197266,50.93743133544922,51.05189895629883,51.05189895629883,0.0,EURTRY=X,eur_try
2026-03-09,50.84151840209961,51.1314811706543,50.760738372802734,50.8290901184082,50.8290901184082,0.0,EURTRY=X,eur_try
2026-03-10,51.23337173461914,51.41862869262695,51.16307830810547,51.23508834838867,51.23508834838867,0.0,EURTRY=X,eur_try
2026-03-11,51.23170852661133,51.351749420166016,51.024818420410156,51.225711822509766,51.225711822509766,0.0,EURTRY=X,eur_try
2026-03-12,50.99674987792969,51.134300231933594,50.79800033569336,50.99441909790039,50.99441909790039,0.0,EURTRY=X,eur_try
2026-03-13,50.945831298828125,50.979209899902344,50.55670166015625,50.94316864013672,50.94316864013672,0.0,EURTRY=X,eur_try
2026-03-16,50.55781936645508,50.86088943481445,50.47428894042969,50.54063034057617,50.54063034057617,0.0,EURTRY=X,eur_try
2026-03-17,50.82820129394531,51.060081481933594,50.7050895690918,50.828609466552734,50.828609466552734,0.0,EURTRY=X,eur_try
2026-03-18,51.078758239746094,51.24597930908203,50.875999450683594,51.07699966430664,51.07699966430664,0.0,EURTRY=X,eur_try
2026-03-19,50.779720306396484,51.11503982543945,50.71358108520508,50.787750244140625,50.787750244140625,0.0,EURTRY=X,eur_try
2026-03-20,51.31731033325195,51.339420318603516,51.08380126953125,51.308380126953125,51.308380126953125,0.0,EURTRY=X,eur_try
2026-03-23,51.25320816040039,51.60504913330078,50.93040084838867,51.237709045410156,51.237709045410156,0.0,EURTRY=X,eur_try
2026-03-24,51.501319885253906,51.544189453125,51.33290100097656,51.49837112426758,51.49837112426758,0.0,EURTRY=X,eur_try
2026-03-25,51.50291061401367,51.60009002685547,51.32752990722656,51.50090026855469,51.50090026855469,0.0,EURTRY=X,eur_try
2026-03-26,51.386619567871094,51.45758056640625,51.135501861572266,51.379119873046875,51.379119873046875,0.0,EURTRY=X,eur_try
2026-03-27,51.31692123413086,51.37459945678711,51.07640075683594,51.31721115112305,51.31721115112305,0.0,EURTRY=X,eur_try
2026-03-29,51.113861083984375,51.26485061645508,50.91859817504883,51.070369720458984,51.070369720458984,0.0,EURTRY=X,eur_try
2026-03-30,50.98657989501953,51.36922836303711,50.947021484375,50.97687911987305,50.97687911987305,0.0,EURTRY=X,eur_try
2026-03-31,51.58475112915039,51.97175979614258,51.424598693847656,51.598079681396484,51.598079681396484,0.0,EURTRY=X,eur_try
2026-04-01,51.70056915283203,51.73527145385742,51.22169876098633,51.70368957519531,51.70368957519531,0.0,EURTRY=X,eur_try
2026-04-02,51.45365905761719,51.59757995605469,51.39710998535156,51.440040588378906,51.440040588378906,0.0,EURTRY=X,eur_try
2026-04-05,51.37821960449219,51.63294982910156,51.348670959472656,51.335060119628906,51.335060119628906,0.0,EURTRY=X,eur_try
2026-04-06,51.52848815917969,51.70838165283203,51.43989944458008,51.532508850097656,51.532508850097656,0.0,EURTRY=X,eur_try
2026-04-07,52.07217025756836,52.20616149902344,51.78361892700195,52.035640716552734,52.035640716552734,0.0,EURTRY=X,eur_try
2026-04-08,51.76123809814453,52.26451873779297,51.728179931640625,51.755741119384766,51.755741119384766,0.0,EURTRY=X,eur_try
2026-04-09,52.07189178466797,52.45635986328125,52.06217956542969,52.06966018676758,52.06966018676758,0.0,EURTRY=X,eur_try
2026-04-10,52.26810073852539,52.46561813354492,52.08209991455078,52.36758041381836,52.36758041381836,0.0,EURTRY=X,eur_try
