date,open,high,low,close,adjclose,volume,symbol,series,forex_buying,forex_selling,source
2002-01-02,1.4442395000000001,1.447714,1.440765,1.4442395000000001,1.4442395000000001,,TCMB_USDTRY,usd_try,1.440765,1.447714,TCMB daily exchange-rate XML archive
2002-01-03,1.429847,1.433287,1.426407,1.429847,1.429847,,TCMB_USDTRY,usd_try,1.426407,1.433287,TCMB daily exchange-rate XML archive
2002-01-04,1.4067655000000001,1.41015,1.403381,1.4067655000000001,1.4067655000000001,,TCMB_USDTRY,usd_try,1.403381,1.41015,TCMB daily exchange-rate XML archive
2002-01-07,1.3935845,1.396937,1.390232,1.3935845,1.3935845,,TCMB_USDTRY,usd_try,1.390232,1.396937,TCMB daily exchange-rate XML archive
2002-01-08,1.3898795000000002,1.393223,1.386536,1.3898795000000002,1.3898795000000002,,TCMB_USDTRY,usd_try,1.386536,1.393223,TCMB daily exchange-rate XML archive
2002-01-09,1.3977675,1.40113,1.394405,1.3977675,1.3977675,,TCMB_USDTRY,usd_try,1.394405,1.40113,TCMB daily exchange-rate XML archive
2002-01-10,1.38588,1.389214,1.382546,1.38588,1.38588,,TCMB_USDTRY,usd_try,1.382546,1.389214,TCMB daily exchange-rate XML archive
2002-01-11,1.3770440000000002,1.380357,1.373731,1.3770440000000002,1.3770440000000002,,TCMB_USDTRY,usd_try,1.373731,1.380357,TCMB daily exchange-rate XML archive
2002-01-14,1.360862,1.364136,1.357588,1.360862,1.360862,,TCMB_USDTRY,usd_try,1.357588,1.364136,TCMB daily exchange-rate XML archive
2002-01-15,1.36553,1.368815,1.362245,1.36553,1.36553,,TCMB_USDTRY,usd_try,1.362245,1.368815,TCMB daily exchange-rate XML archive
2002-01-16,1.368321,1.371613,1.365029,1.368321,1.368321,,TCMB_USDTRY,usd_try,1.365029,1.371613,TCMB daily exchange-rate XML archive
2002-01-17,1.362899,1.366178,1.35962,1.362899,1.362899,,TCMB_USDTRY,usd_try,1.35962,1.366178,TCMB daily exchange-rate XML archive
2002-01-18,1.3434149999999998,1.346647,1.340183,1.3434149999999998,1.3434149999999998,,TCMB_USDTRY,usd_try,1.340183,1.346647,TCMB daily exchange-rate XML archive
2002-01-21,1.3229475000000002,1.32613,1.319765,1.3229475000000002,1.3229475000000002,,TCMB_USDTRY,usd_try,1.319765,1.32613,TCMB daily exchange-rate XML archive
2002-01-22,1.332223,1.335428,1.329018,1.332223,1.332223,,TCMB_USDTRY,usd_try,1.329018,1.335428,TCMB daily exchange-rate XML archive
2002-01-23,1.3477795000000001,1.351022,1.344537,1.3477795000000001,1.3477795000000001,,TCMB_USDTRY,usd_try,1.344537,1.351022,TCMB daily exchange-rate XML archive
2002-01-24,1.345053,1.348289,1.341817,1.345053,1.345053,,TCMB_USDTRY,usd_try,1.341817,1.348289,TCMB daily exchange-rate XML archive
2002-01-25,1.3287265000000001,1.331923,1.32553,1.3287265000000001,1.3287265000000001,,TCMB_USDTRY,usd_try,1.32553,1.331923,TCMB daily exchange-rate XML archive
2002-01-28,1.3273715,1.330565,1.324178,1.3273715,1.3273715,,TCMB_USDTRY,usd_try,1.324178,1.330565,TCMB daily exchange-rate XML archive
2002-01-29,1.3177159999999999,1.320886,1.314546,1.3177159999999999,1.3177159999999999,,TCMB_USDTRY,usd_try,1.314546,1.320886,TCMB daily exchange-rate XML archive
2002-01-30,1.3240245000000002,1.32721,1.320839,1.3240245000000002,1.3240245000000002,,TCMB_USDTRY,usd_try,1.320839,1.32721,TCMB daily exchange-rate XML archive
2002-01-31,1.308488,1.311636,1.30534,1.308488,1.308488,,TCMB_USDTRY,usd_try,1.30534,1.311636,TCMB daily exchange-rate XML archive
2002-02-01,1.3024715,1.305605,1.299338,1.3024715,1.3024715,,TCMB_USDTRY,usd_try,1.299338,1.305605,TCMB daily exchange-rate XML archive
2002-02-04,1.3105609999999999,1.313714,1.307408,1.3105609999999999,1.3105609999999999,,TCMB_USDTRY,usd_try,1.307408,1.313714,TCMB daily exchange-rate XML archive
2002-02-05,1.305584,1.308725,1.302443,1.305584,1.305584,,TCMB_USDTRY,usd_try,1.302443,1.308725,TCMB daily exchange-rate XML archive
2002-02-06,1.32606,1.32925,1.32287,1.32606,1.32606,,TCMB_USDTRY,usd_try,1.32287,1.32925,TCMB daily exchange-rate XML archive
2002-02-07,1.3315774999999999,1.334781,1.328374,1.3315774999999999,1.3315774999999999,,TCMB_USDTRY,usd_try,1.328374,1.334781,TCMB daily exchange-rate XML archive
2002-02-08,1.372503,1.375805,1.369201,1.372503,1.372503,,TCMB_USDTRY,usd_try,1.369201,1.375805,TCMB daily exchange-rate XML archive
2002-02-11,1.3793475,1.382666,1.376029,1.3793475,1.3793475,,TCMB_USDTRY,usd_try,1.376029,1.382666,TCMB daily exchange-rate XML archive
2002-02-12,1.3725399999999999,1.375842,1.369238,1.3725399999999999,1.3725399999999999,,TCMB_USDTRY,usd_try,1.369238,1.375842,TCMB daily exchange-rate XML archive
2002-02-13,1.343113,1.346344,1.339882,1.343113,1.343113,,TCMB_USDTRY,usd_try,1.339882,1.346344,TCMB daily exchange-rate XML archive
2002-02-14,1.3424405,1.34567,1.339211,1.3424405,1.3424405,,TCMB_USDTRY,usd_try,1.339211,1.34567,TCMB daily exchange-rate XML archive
2002-02-15,1.349662,1.352909,1.346415,1.349662,1.349662,,TCMB_USDTRY,usd_try,1.346415,1.352909,TCMB daily exchange-rate XML archive
2002-02-18,1.3514694999999999,1.354721,1.348218,1.3514694999999999,1.3514694999999999,,TCMB_USDTRY,usd_try,1.348218,1.354721,TCMB daily exchange-rate XML archive
2002-02-19,1.366398,1.369685,1.363111,1.366398,1.366398,,TCMB_USDTRY,usd_try,1.363111,1.369685,TCMB daily exchange-rate XML archive
2002-02-20,1.3717000000000001,1.375,1.3684,1.3717000000000001,1.3717000000000001,,TCMB_USDTRY,usd_try,1.3684,1.375,TCMB daily exchange-rate XML archive
2002-02-26,1.391245,1.394592,1.387898,1.391245,1.391245,,TCMB_USDTRY,usd_try,1.387898,1.394592,TCMB daily exchange-rate XML archive
2002-02-27,1.4026904999999998,1.406065,1.399316,1.4026904999999998,1.4026904999999998,,TCMB_USDTRY,usd_try,1.399316,1.406065,TCMB daily exchange-rate XML archive
2002-02-28,1.3893935,1.392736,1.386051,1.3893935,1.3893935,,TCMB_USDTRY,usd_try,1.386051,1.392736,TCMB daily exchange-rate XML archive
2002-03-01,1.3863050000000001,1.38964,1.38297,1.3863050000000001,1.3863050000000001,,TCMB_USDTRY,usd_try,1.38297,1.38964,TCMB daily exchange-rate XML archive
2002-03-04,1.3797735,1.383093,1.376454,1.3797735,1.3797735,,TCMB_USDTRY,usd_try,1.376454,1.383093,TCMB daily exchange-rate XML archive
2002-03-05,1.378756,1.382073,1.375439,1.378756,1.378756,,TCMB_USDTRY,usd_try,1.375439,1.382073,TCMB daily exchange-rate XML archive
2002-03-06,1.3764984999999998,1.37981,1.373187,1.3764984999999998,1.3764984999999998,,TCMB_USDTRY,usd_try,1.373187,1.37981,TCMB daily exchange-rate XML archive
2002-03-07,1.3664394999999998,1.369727,1.363152,1.3664394999999998,1.3664394999999998,,TCMB_USDTRY,usd_try,1.363152,1.369727,TCMB daily exchange-rate XML archive
2002-03-08,1.359188,1.362458,1.355918,1.359188,1.359188,,TCMB_USDTRY,usd_try,1.355918,1.362458,TCMB daily exchange-rate XML archive
2002-03-11,1.36056,1.363833,1.357287,1.36056,1.36056,,TCMB_USDTRY,usd_try,1.357287,1.363833,TCMB daily exchange-rate XML archive
2002-03-12,1.36164,1.364916,1.358364,1.36164,1.36164,,TCMB_USDTRY,usd_try,1.358364,1.364916,TCMB daily exchange-rate XML archive
2002-03-13,1.3591095,1.362379,1.35584,1.3591095,1.3591095,,TCMB_USDTRY,usd_try,1.35584,1.362379,TCMB daily exchange-rate XML archive
2002-03-14,1.3531505,1.356406,1.349895,1.3531505,1.3531505,,TCMB_USDTRY,usd_try,1.349895,1.356406,TCMB daily exchange-rate XML archive
2002-03-15,1.3434949999999999,1.346727,1.340263,1.3434949999999999,1.3434949999999999,,TCMB_USDTRY,usd_try,1.340263,1.346727,TCMB daily exchange-rate XML archive
2002-03-18,1.3474285,1.35067,1.344187,1.3474285,1.3474285,,TCMB_USDTRY,usd_try,1.344187,1.35067,TCMB daily exchange-rate XML archive
2002-03-19,1.360956,1.36423,1.357682,1.360956,1.360956,,TCMB_USDTRY,usd_try,1.357682,1.36423,TCMB daily exchange-rate XML archive
2002-03-20,1.345046,1.348282,1.34181,1.345046,1.345046,,TCMB_USDTRY,usd_try,1.34181,1.348282,TCMB daily exchange-rate XML archive
2002-03-21,1.3436705,1.346903,1.340438,1.3436705,1.3436705,,TCMB_USDTRY,usd_try,1.340438,1.346903,TCMB daily exchange-rate XML archive
2002-03-22,1.3357995,1.339013,1.332586,1.3357995,1.3357995,,TCMB_USDTRY,usd_try,1.332586,1.339013,TCMB daily exchange-rate XML archive
2002-03-25,1.3428844999999998,1.346115,1.339654,1.3428844999999998,1.3428844999999998,,TCMB_USDTRY,usd_try,1.339654,1.346115,TCMB daily exchange-rate XML archive
2002-03-26,1.339624,1.342847,1.336401,1.339624,1.339624,,TCMB_USDTRY,usd_try,1.336401,1.342847,TCMB daily exchange-rate XML archive
2002-03-27,1.331437,1.33464,1.328234,1.331437,1.331437,,TCMB_USDTRY,usd_try,1.328234,1.33464,TCMB daily exchange-rate XML archive
2002-03-28,1.3357025,1.338916,1.332489,1.3357025,1.3357025,,TCMB_USDTRY,usd_try,1.332489,1.338916,TCMB daily exchange-rate XML archive
2002-03-29,1.3410199999999999,1.344246,1.337794,1.3410199999999999,1.3410199999999999,,TCMB_USDTRY,usd_try,1.337794,1.344246,TCMB daily exchange-rate XML archive
2002-04-01,1.346287,1.349526,1.343048,1.346287,1.346287,,TCMB_USDTRY,usd_try,1.343048,1.349526,TCMB daily exchange-rate XML archive
2002-04-02,1.333443,1.336651,1.330235,1.333443,1.333443,,TCMB_USDTRY,usd_try,1.330235,1.336651,TCMB daily exchange-rate XML archive
2002-04-03,1.331863,1.335067,1.328659,1.331863,1.331863,,TCMB_USDTRY,usd_try,1.328659,1.335067,TCMB daily exchange-rate XML archive
2002-04-04,1.316104,1.31927,1.312938,1.316104,1.316104,,TCMB_USDTRY,usd_try,1.312938,1.31927,TCMB daily exchange-rate XML archive
2002-04-05,1.308474,1.311622,1.305326,1.308474,1.308474,,TCMB_USDTRY,usd_try,1.305326,1.311622,TCMB daily exchange-rate XML archive
2002-04-08,1.3095045,1.312655,1.306354,1.3095045,1.3095045,,TCMB_USDTRY,usd_try,1.306354,1.312655,TCMB daily exchange-rate XML archive
2002-04-09,1.3079555,1.311102,1.304809,1.3079555,1.3079555,,TCMB_USDTRY,usd_try,1.304809,1.311102,TCMB daily exchange-rate XML archive
2002-04-10,1.3025305,1.305664,1.299397,1.3025305,1.3025305,,TCMB_USDTRY,usd_try,1.299397,1.305664,TCMB daily exchange-rate XML archive
2002-04-11,1.2933154999999998,1.296427,1.290204,1.2933154999999998,1.2933154999999998,,TCMB_USDTRY,usd_try,1.290204,1.296427,TCMB daily exchange-rate XML archive
2002-04-12,1.2896455,1.292748,1.286543,1.2896455,1.2896455,,TCMB_USDTRY,usd_try,1.286543,1.292748,TCMB daily exchange-rate XML archive
2002-04-15,1.3016695,1.304801,1.298538,1.3016695,1.3016695,,TCMB_USDTRY,usd_try,1.298538,1.304801,TCMB daily exchange-rate XML archive
2002-04-16,1.29107,1.294176,1.287964,1.29107,1.29107,,TCMB_USDTRY,usd_try,1.287964,1.294176,TCMB daily exchange-rate XML archive
2002-04-17,1.3017375,1.304869,1.298606,1.3017375,1.3017375,,TCMB_USDTRY,usd_try,1.298606,1.304869,TCMB daily exchange-rate XML archive
2002-04-18,1.3016135,1.304745,1.298482,1.3016135,1.3016135,,TCMB_USDTRY,usd_try,1.298482,1.304745,TCMB daily exchange-rate XML archive
2002-04-19,1.3021850000000001,1.305318,1.299052,1.3021850000000001,1.3021850000000001,,TCMB_USDTRY,usd_try,1.299052,1.305318,TCMB daily exchange-rate XML archive
2002-04-22,1.315534,1.318699,1.312369,1.315534,1.315534,,TCMB_USDTRY,usd_try,1.312369,1.318699,TCMB daily exchange-rate XML archive
2002-04-24,1.334631,1.337842,1.33142,1.334631,1.334631,,TCMB_USDTRY,usd_try,1.33142,1.337842,TCMB daily exchange-rate XML archive
2002-04-25,1.3531525,1.356408,1.349897,1.3531525,1.3531525,,TCMB_USDTRY,usd_try,1.349897,1.356408,TCMB daily exchange-rate XML archive
2002-04-26,1.3561014999999998,1.359364,1.352839,1.3561014999999998,1.3561014999999998,,TCMB_USDTRY,usd_try,1.352839,1.359364,TCMB daily exchange-rate XML archive
2002-04-29,1.334673,1.337884,1.331462,1.334673,1.334673,,TCMB_USDTRY,usd_try,1.331462,1.337884,TCMB daily exchange-rate XML archive
2002-04-30,1.335096,1.338308,1.331884,1.335096,1.335096,,TCMB_USDTRY,usd_try,1.331884,1.338308,TCMB daily exchange-rate XML archive
2002-05-01,1.3539835,1.357241,1.350726,1.3539835,1.3539835,,TCMB_USDTRY,usd_try,1.350726,1.357241,TCMB daily exchange-rate XML archive
2002-05-02,1.365378,1.368663,1.362093,1.365378,1.365378,,TCMB_USDTRY,usd_try,1.362093,1.368663,TCMB daily exchange-rate XML archive
2002-05-03,1.3599545000000002,1.363226,1.356683,1.3599545000000002,1.3599545000000002,,TCMB_USDTRY,usd_try,1.356683,1.363226,TCMB daily exchange-rate XML archive
2002-05-06,1.3743175,1.377624,1.371011,1.3743175,1.3743175,,TCMB_USDTRY,usd_try,1.371011,1.377624,TCMB daily exchange-rate XML archive
2002-05-07,1.3701585,1.373455,1.366862,1.3701585,1.3701585,,TCMB_USDTRY,usd_try,1.366862,1.373455,TCMB daily exchange-rate XML archive
2002-05-08,1.3712339999999998,1.374533,1.367935,1.3712339999999998,1.3712339999999998,,TCMB_USDTRY,usd_try,1.367935,1.374533,TCMB daily exchange-rate XML archive
2002-05-09,1.3768125,1.380125,1.3735,1.3768125,1.3768125,,TCMB_USDTRY,usd_try,1.3735,1.380125,TCMB daily exchange-rate XML archive
2002-05-10,1.3774045,1.380718,1.374091,1.3774045,1.3774045,,TCMB_USDTRY,usd_try,1.374091,1.380718,TCMB daily exchange-rate XML archive
2002-05-13,1.3815315,1.384855,1.378208,1.3815315,1.3815315,,TCMB_USDTRY,usd_try,1.378208,1.384855,TCMB daily exchange-rate XML archive
2002-05-14,1.3907095,1.394055,1.387364,1.3907095,1.3907095,,TCMB_USDTRY,usd_try,1.387364,1.394055,TCMB daily exchange-rate XML archive
2002-05-15,1.3887589999999999,1.3921,1.385418,1.3887589999999999,1.3887589999999999,,TCMB_USDTRY,usd_try,1.385418,1.3921,TCMB daily exchange-rate XML archive
2002-05-16,1.3968595000000001,1.40022,1.393499,1.3968595000000001,1.3968595000000001,,TCMB_USDTRY,usd_try,1.393499,1.40022,TCMB daily exchange-rate XML archive
2002-05-17,1.4107059999999998,1.4141,1.407312,1.4107059999999998,1.4107059999999998,,TCMB_USDTRY,usd_try,1.407312,1.4141,TCMB daily exchange-rate XML archive
2002-05-20,1.4276635,1.431098,1.424229,1.4276635,1.4276635,,TCMB_USDTRY,usd_try,1.424229,1.431098,TCMB daily exchange-rate XML archive
2002-05-21,1.4165809999999999,1.419989,1.413173,1.4165809999999999,1.4165809999999999,,TCMB_USDTRY,usd_try,1.413173,1.419989,TCMB daily exchange-rate XML archive
2002-05-22,1.4088565,1.412246,1.405467,1.4088565,1.4088565,,TCMB_USDTRY,usd_try,1.405467,1.412246,TCMB daily exchange-rate XML archive
2002-05-23,1.413588,1.416989,1.410187,1.413588,1.413588,,TCMB_USDTRY,usd_try,1.410187,1.416989,TCMB daily exchange-rate XML archive
2002-05-24,1.408188,1.411576,1.4048,1.408188,1.408188,,TCMB_USDTRY,usd_try,1.4048,1.411576,TCMB daily exchange-rate XML archive
2002-05-27,1.4031785,1.406554,1.399803,1.4031785,1.4031785,,TCMB_USDTRY,usd_try,1.399803,1.406554,TCMB daily exchange-rate XML archive
2002-05-28,1.399117,1.402483,1.395751,1.399117,1.399117,,TCMB_USDTRY,usd_try,1.395751,1.402483,TCMB daily exchange-rate XML archive
2002-05-29,1.4133885,1.416789,1.409988,1.4133885,1.4133885,,TCMB_USDTRY,usd_try,1.409988,1.416789,TCMB daily exchange-rate XML archive
2002-05-30,1.4163005,1.419708,1.412893,1.4163005,1.4163005,,TCMB_USDTRY,usd_try,1.412893,1.419708,TCMB daily exchange-rate XML archive
2002-05-31,1.441478,1.444946,1.43801,1.441478,1.441478,,TCMB_USDTRY,usd_try,1.43801,1.444946,TCMB daily exchange-rate XML archive
2002-06-03,1.4588695,1.462379,1.45536,1.4588695,1.4588695,,TCMB_USDTRY,usd_try,1.45536,1.462379,TCMB daily exchange-rate XML archive
2002-06-04,1.4397760000000002,1.44324,1.436312,1.4397760000000002,1.4397760000000002,,TCMB_USDTRY,usd_try,1.436312,1.44324,TCMB daily exchange-rate XML archive
2002-06-05,1.4358775000000001,1.439332,1.432423,1.4358775000000001,1.4358775000000001,,TCMB_USDTRY,usd_try,1.432423,1.439332,TCMB daily exchange-rate XML archive
2002-06-06,1.43743,1.440888,1.433972,1.43743,1.43743,,TCMB_USDTRY,usd_try,1.433972,1.440888,TCMB daily exchange-rate XML archive
2002-06-07,1.448696,1.452181,1.445211,1.448696,1.448696,,TCMB_USDTRY,usd_try,1.445211,1.452181,TCMB daily exchange-rate XML archive
2002-06-10,1.4677959999999999,1.471327,1.464265,1.4677959999999999,1.4677959999999999,,TCMB_USDTRY,usd_try,1.464265,1.471327,TCMB daily exchange-rate XML archive
2002-06-11,1.4915465,1.495135,1.487958,1.4915465,1.4915465,,TCMB_USDTRY,usd_try,1.487958,1.495135,TCMB daily exchange-rate XML archive
2002-06-12,1.5335605,1.53725,1.529871,1.5335605,1.5335605,,TCMB_USDTRY,usd_try,1.529871,1.53725,TCMB daily exchange-rate XML archive
2002-06-13,1.546362,1.550082,1.542642,1.546362,1.546362,,TCMB_USDTRY,usd_try,1.542642,1.550082,TCMB daily exchange-rate XML archive
2002-06-14,1.5475720000000002,1.551295,1.543849,1.5475720000000002,1.5475720000000002,,TCMB_USDTRY,usd_try,1.543849,1.551295,TCMB daily exchange-rate XML archive
2002-06-17,1.5850330000000001,1.588846,1.58122,1.5850330000000001,1.5850330000000001,,TCMB_USDTRY,usd_try,1.58122,1.588846,TCMB daily exchange-rate XML archive
2002-06-18,1.5850585000000001,1.588872,1.581245,1.5850585000000001,1.5850585000000001,,TCMB_USDTRY,usd_try,1.581245,1.588872,TCMB daily exchange-rate XML archive
2002-06-19,1.5671705,1.570941,1.5634,1.5671705,1.5671705,,TCMB_USDTRY,usd_try,1.5634,1.570941,TCMB daily exchange-rate XML archive
2002-06-20,1.5344885000000001,1.53818,1.530797,1.5344885000000001,1.5344885000000001,,TCMB_USDTRY,usd_try,1.530797,1.53818,TCMB daily exchange-rate XML archive
2002-06-21,1.5696935,1.57347,1.565917,1.5696935,1.5696935,,TCMB_USDTRY,usd_try,1.565917,1.57347,TCMB daily exchange-rate XML archive
2002-06-24,1.574123,1.57791,1.570336,1.574123,1.574123,,TCMB_USDTRY,usd_try,1.570336,1.57791,TCMB daily exchange-rate XML archive
2002-06-25,1.5756545,1.579445,1.571864,1.5756545,1.5756545,,TCMB_USDTRY,usd_try,1.571864,1.579445,TCMB daily exchange-rate XML archive
2002-06-26,1.6320125,1.635939,1.628086,1.6320125,1.6320125,,TCMB_USDTRY,usd_try,1.628086,1.635939,TCMB daily exchange-rate XML archive
2002-06-27,1.606598,1.610463,1.602733,1.606598,1.606598,,TCMB_USDTRY,usd_try,1.602733,1.610463,TCMB daily exchange-rate XML archive
2002-06-28,1.572927,1.576711,1.569143,1.572927,1.572927,,TCMB_USDTRY,usd_try,1.569143,1.576711,TCMB daily exchange-rate XML archive
2002-07-01,1.576946,1.58074,1.573152,1.576946,1.576946,,TCMB_USDTRY,usd_try,1.573152,1.58074,TCMB daily exchange-rate XML archive
2002-07-02,1.5879845,1.591805,1.584164,1.5879845,1.5879845,,TCMB_USDTRY,usd_try,1.584164,1.591805,TCMB daily exchange-rate XML archive
2002-07-03,1.6383255,1.642267,1.634384,1.6383255,1.6383255,,TCMB_USDTRY,usd_try,1.634384,1.642267,TCMB daily exchange-rate XML archive
2002-07-04,1.617797,1.621689,1.613905,1.617797,1.617797,,TCMB_USDTRY,usd_try,1.613905,1.621689,TCMB daily exchange-rate XML archive
2002-07-05,1.616894,1.620784,1.613004,1.616894,1.616894,,TCMB_USDTRY,usd_try,1.613004,1.620784,TCMB daily exchange-rate XML archive
2002-07-08,1.6583785,1.662368,1.654389,1.6583785,1.6583785,,TCMB_USDTRY,usd_try,1.654389,1.662368,TCMB daily exchange-rate XML archive
2002-07-09,1.6686545,1.672669,1.66464,1.6686545,1.6686545,,TCMB_USDTRY,usd_try,1.66464,1.672669,TCMB daily exchange-rate XML archive
2002-07-10,1.659391,1.663383,1.655399,1.659391,1.659391,,TCMB_USDTRY,usd_try,1.655399,1.663383,TCMB daily exchange-rate XML archive
2002-07-11,1.6483325,1.652298,1.644367,1.6483325,1.6483325,,TCMB_USDTRY,usd_try,1.644367,1.652298,TCMB daily exchange-rate XML archive
2002-07-12,1.6591505,1.663142,1.655159,1.6591505,1.6591505,,TCMB_USDTRY,usd_try,1.655159,1.663142,TCMB daily exchange-rate XML archive
2002-07-15,1.6812005,1.685245,1.677156,1.6812005,1.6812005,,TCMB_USDTRY,usd_try,1.677156,1.685245,TCMB daily exchange-rate XML archive
2002-07-16,1.6828064999999999,1.686855,1.678758,1.6828064999999999,1.6828064999999999,,TCMB_USDTRY,usd_try,1.678758,1.686855,TCMB daily exchange-rate XML archive
2002-07-17,1.6638015,1.667804,1.659799,1.6638015,1.6638015,,TCMB_USDTRY,usd_try,1.659799,1.667804,TCMB daily exchange-rate XML archive
2002-07-18,1.651439,1.655412,1.647466,1.651439,1.651439,,TCMB_USDTRY,usd_try,1.647466,1.655412,TCMB daily exchange-rate XML archive
2002-07-19,1.6650265000000002,1.669032,1.661021,1.6650265000000002,1.6650265000000002,,TCMB_USDTRY,usd_try,1.661021,1.669032,TCMB daily exchange-rate XML archive
2002-07-22,1.6741355,1.678163,1.670108,1.6741355,1.6741355,,TCMB_USDTRY,usd_try,1.670108,1.678163,TCMB daily exchange-rate XML archive
2002-07-23,1.673047,1.677072,1.669022,1.673047,1.673047,,TCMB_USDTRY,usd_try,1.669022,1.677072,TCMB daily exchange-rate XML archive
2002-07-24,1.6837185,1.687769,1.679668,1.6837185,1.6837185,,TCMB_USDTRY,usd_try,1.679668,1.687769,TCMB daily exchange-rate XML archive
2002-07-25,1.682127,1.686174,1.67808,1.682127,1.682127,,TCMB_USDTRY,usd_try,1.67808,1.686174,TCMB daily exchange-rate XML archive
2002-07-26,1.6807755,1.684819,1.676732,1.6807755,1.6807755,,TCMB_USDTRY,usd_try,1.676732,1.684819,TCMB daily exchange-rate XML archive
2002-07-29,1.6924815,1.696553,1.68841,1.6924815,1.6924815,,TCMB_USDTRY,usd_try,1.68841,1.696553,TCMB daily exchange-rate XML archive
2002-07-30,1.6859229999999998,1.689979,1.681867,1.6859229999999998,1.6859229999999998,,TCMB_USDTRY,usd_try,1.681867,1.689979,TCMB daily exchange-rate XML archive
2002-07-31,1.692265,1.696336,1.688194,1.692265,1.692265,,TCMB_USDTRY,usd_try,1.688194,1.696336,TCMB daily exchange-rate XML archive
2002-08-01,1.6786495000000001,1.682688,1.674611,1.6786495000000001,1.6786495000000001,,TCMB_USDTRY,usd_try,1.674611,1.682688,TCMB daily exchange-rate XML archive
2002-08-02,1.6508255,1.654797,1.646854,1.6508255,1.6508255,,TCMB_USDTRY,usd_try,1.646854,1.654797,TCMB daily exchange-rate XML archive
2002-08-05,1.6249805,1.62889,1.621071,1.6249805,1.6249805,,TCMB_USDTRY,usd_try,1.621071,1.62889,TCMB daily exchange-rate XML archive
2002-08-06,1.647216,1.651179,1.643253,1.647216,1.647216,,TCMB_USDTRY,usd_try,1.643253,1.651179,TCMB daily exchange-rate XML archive
2002-08-07,1.6341095,1.638041,1.630178,1.6341095,1.6341095,,TCMB_USDTRY,usd_try,1.630178,1.638041,TCMB daily exchange-rate XML archive
2002-08-08,1.6233995,1.627305,1.619494,1.6233995,1.6233995,,TCMB_USDTRY,usd_try,1.619494,1.627305,TCMB daily exchange-rate XML archive
2002-08-09,1.6379804999999998,1.641921,1.63404,1.6379804999999998,1.6379804999999998,,TCMB_USDTRY,usd_try,1.63404,1.641921,TCMB daily exchange-rate XML archive
2002-08-12,1.644367,1.648323,1.640411,1.644367,1.644367,,TCMB_USDTRY,usd_try,1.640411,1.648323,TCMB daily exchange-rate XML archive
2002-08-13,1.6359205,1.639856,1.631985,1.6359205,1.6359205,,TCMB_USDTRY,usd_try,1.631985,1.639856,TCMB daily exchange-rate XML archive
2002-08-14,1.633603,1.637533,1.629673,1.633603,1.633603,,TCMB_USDTRY,usd_try,1.629673,1.637533,TCMB daily exchange-rate XML archive
2002-08-15,1.6445365,1.648493,1.64058,1.6445365,1.6445365,,TCMB_USDTRY,usd_try,1.64058,1.648493,TCMB daily exchange-rate XML archive
2002-08-16,1.6351115,1.639045,1.631178,1.6351115,1.6351115,,TCMB_USDTRY,usd_try,1.631178,1.639045,TCMB daily exchange-rate XML archive
2002-08-19,1.6399365000000001,1.643882,1.635991,1.6399365000000001,1.6399365000000001,,TCMB_USDTRY,usd_try,1.635991,1.643882,TCMB daily exchange-rate XML archive
2002-08-20,1.630293,1.634215,1.626371,1.630293,1.630293,,TCMB_USDTRY,usd_try,1.626371,1.634215,TCMB daily exchange-rate XML archive
2002-08-21,1.6266835,1.630597,1.62277,1.6266835,1.6266835,,TCMB_USDTRY,usd_try,1.62277,1.630597,TCMB daily exchange-rate XML archive
2002-08-22,1.627015,1.630929,1.623101,1.627015,1.627015,,TCMB_USDTRY,usd_try,1.623101,1.630929,TCMB daily exchange-rate XML archive
2002-08-23,1.634032,1.637963,1.630101,1.634032,1.634032,,TCMB_USDTRY,usd_try,1.630101,1.637963,TCMB daily exchange-rate XML archive
2002-08-26,1.629899,1.63382,1.625978,1.629899,1.629899,,TCMB_USDTRY,usd_try,1.625978,1.63382,TCMB daily exchange-rate XML archive
2002-08-27,1.6277,1.631616,1.623784,1.6277,1.6277,,TCMB_USDTRY,usd_try,1.623784,1.631616,TCMB daily exchange-rate XML archive
2002-08-28,1.6297389999999998,1.63366,1.625818,1.6297389999999998,1.6297389999999998,,TCMB_USDTRY,usd_try,1.625818,1.63366,TCMB daily exchange-rate XML archive
2002-08-29,1.625257,1.629167,1.621347,1.625257,1.625257,,TCMB_USDTRY,usd_try,1.621347,1.629167,TCMB daily exchange-rate XML archive
2002-09-02,1.623227,1.627132,1.619322,1.623227,1.623227,,TCMB_USDTRY,usd_try,1.619322,1.627132,TCMB daily exchange-rate XML archive
2002-09-03,1.6169419999999999,1.620832,1.613052,1.6169419999999999,1.6169419999999999,,TCMB_USDTRY,usd_try,1.613052,1.620832,TCMB daily exchange-rate XML archive
2002-09-04,1.6255405,1.629451,1.62163,1.6255405,1.6255405,,TCMB_USDTRY,usd_try,1.62163,1.629451,TCMB daily exchange-rate XML archive
2002-09-05,1.6227420000000001,1.626646,1.618838,1.6227420000000001,1.6227420000000001,,TCMB_USDTRY,usd_try,1.618838,1.626646,TCMB daily exchange-rate XML archive
2002-09-06,1.619395,1.623291,1.615499,1.619395,1.619395,,TCMB_USDTRY,usd_try,1.615499,1.623291,TCMB daily exchange-rate XML archive
2002-09-09,1.632806,1.636734,1.628878,1.632806,1.632806,,TCMB_USDTRY,usd_try,1.628878,1.636734,TCMB daily exchange-rate XML archive
2002-09-10,1.6628235,1.666824,1.658823,1.6628235,1.6628235,,TCMB_USDTRY,usd_try,1.658823,1.666824,TCMB daily exchange-rate XML archive
2002-09-11,1.6595265000000001,1.663519,1.655534,1.6595265000000001,1.6595265000000001,,TCMB_USDTRY,usd_try,1.655534,1.663519,TCMB daily exchange-rate XML archive
2002-09-12,1.658153,1.662142,1.654164,1.658153,1.658153,,TCMB_USDTRY,usd_try,1.654164,1.662142,TCMB daily exchange-rate XML archive
2002-09-13,1.6596375,1.66363,1.655645,1.6596375,1.6596375,,TCMB_USDTRY,usd_try,1.655645,1.66363,TCMB daily exchange-rate XML archive
2002-09-16,1.6666665,1.670676,1.662657,1.6666665,1.6666665,,TCMB_USDTRY,usd_try,1.662657,1.670676,TCMB daily exchange-rate XML archive
2002-09-17,1.66718,1.671191,1.663169,1.66718,1.66718,,TCMB_USDTRY,usd_try,1.663169,1.671191,TCMB daily exchange-rate XML archive
2002-09-18,1.6628634999999998,1.666864,1.658863,1.6628634999999998,1.6628634999999998,,TCMB_USDTRY,usd_try,1.658863,1.666864,TCMB daily exchange-rate XML archive
2002-09-19,1.664013,1.668016,1.66001,1.664013,1.664013,,TCMB_USDTRY,usd_try,1.66001,1.668016,TCMB daily exchange-rate XML archive
2002-09-20,1.6557754999999998,1.659759,1.651792,1.6557754999999998,1.6557754999999998,,TCMB_USDTRY,usd_try,1.651792,1.659759,TCMB daily exchange-rate XML archive
2002-09-23,1.6530390000000001,1.657016,1.649062,1.6530390000000001,1.6530390000000001,,TCMB_USDTRY,usd_try,1.649062,1.657016,TCMB daily exchange-rate XML archive
2002-09-24,1.6563439999999998,1.660329,1.652359,1.6563439999999998,1.6563439999999998,,TCMB_USDTRY,usd_try,1.652359,1.660329,TCMB daily exchange-rate XML archive
2002-09-25,1.6495595,1.653528,1.645591,1.6495595,1.6495595,,TCMB_USDTRY,usd_try,1.645591,1.653528,TCMB daily exchange-rate XML archive
2002-09-26,1.6522350000000001,1.65621,1.64826,1.6522350000000001,1.6522350000000001,,TCMB_USDTRY,usd_try,1.64826,1.65621,TCMB daily exchange-rate XML archive
2002-09-27,1.652645,1.656621,1.648669,1.652645,1.652645,,TCMB_USDTRY,usd_try,1.648669,1.656621,TCMB daily exchange-rate XML archive
2002-09-30,1.654436,1.658416,1.650456,1.654436,1.654436,,TCMB_USDTRY,usd_try,1.650456,1.658416,TCMB daily exchange-rate XML archive
2002-10-01,1.660134,1.664128,1.65614,1.660134,1.660134,,TCMB_USDTRY,usd_try,1.65614,1.664128,TCMB daily exchange-rate XML archive
2002-10-02,1.641116,1.645064,1.637168,1.641116,1.641116,,TCMB_USDTRY,usd_try,1.637168,1.645064,TCMB daily exchange-rate XML archive
2002-10-03,1.6344210000000001,1.638353,1.630489,1.6344210000000001,1.6344210000000001,,TCMB_USDTRY,usd_try,1.630489,1.638353,TCMB daily exchange-rate XML archive
2002-10-04,1.6346525,1.638585,1.63072,1.6346525,1.6346525,,TCMB_USDTRY,usd_try,1.63072,1.638585,TCMB daily exchange-rate XML archive
2002-10-07,1.6432475,1.647201,1.639294,1.6432475,1.6432475,,TCMB_USDTRY,usd_try,1.639294,1.647201,TCMB daily exchange-rate XML archive
2002-10-08,1.645535,1.649494,1.641576,1.645535,1.645535,,TCMB_USDTRY,usd_try,1.641576,1.649494,TCMB daily exchange-rate XML archive
2002-10-09,1.643202,1.647155,1.639249,1.643202,1.643202,,TCMB_USDTRY,usd_try,1.639249,1.647155,TCMB daily exchange-rate XML archive
2002-10-10,1.6428915,1.646844,1.638939,1.6428915,1.6428915,,TCMB_USDTRY,usd_try,1.638939,1.646844,TCMB daily exchange-rate XML archive
2002-10-11,1.631392,1.635317,1.627467,1.631392,1.631392,,TCMB_USDTRY,usd_try,1.627467,1.635317,TCMB daily exchange-rate XML archive
2002-10-14,1.6449345,1.648892,1.640977,1.6449345,1.6449345,,TCMB_USDTRY,usd_try,1.640977,1.648892,TCMB daily exchange-rate XML archive
2002-10-15,1.6425855,1.646537,1.638634,1.6425855,1.6425855,,TCMB_USDTRY,usd_try,1.638634,1.646537,TCMB daily exchange-rate XML archive
2002-10-16,1.641542,1.645491,1.637593,1.641542,1.641542,,TCMB_USDTRY,usd_try,1.637593,1.645491,TCMB daily exchange-rate XML archive
2002-10-17,1.6462665,1.650227,1.642306,1.6462665,1.6462665,,TCMB_USDTRY,usd_try,1.642306,1.650227,TCMB daily exchange-rate XML archive
2002-10-18,1.6513265000000001,1.655299,1.647354,1.6513265000000001,1.6513265000000001,,TCMB_USDTRY,usd_try,1.647354,1.655299,TCMB daily exchange-rate XML archive
2002-10-21,1.6590995,1.663091,1.655108,1.6590995,1.6590995,,TCMB_USDTRY,usd_try,1.655108,1.663091,TCMB daily exchange-rate XML archive
2002-10-22,1.6537345,1.657713,1.649756,1.6537345,1.6537345,,TCMB_USDTRY,usd_try,1.649756,1.657713,TCMB daily exchange-rate XML archive
2002-10-23,1.6583934999999999,1.662383,1.654404,1.6583934999999999,1.6583934999999999,,TCMB_USDTRY,usd_try,1.654404,1.662383,TCMB daily exchange-rate XML archive
2002-10-24,1.6673149999999999,1.671326,1.663304,1.6673149999999999,1.6673149999999999,,TCMB_USDTRY,usd_try,1.663304,1.671326,TCMB daily exchange-rate XML archive
2002-10-25,1.6743510000000001,1.678379,1.670323,1.6743510000000001,1.6743510000000001,,TCMB_USDTRY,usd_try,1.670323,1.678379,TCMB daily exchange-rate XML archive
2002-10-30,1.6741875,1.678215,1.67016,1.6741875,1.6741875,,TCMB_USDTRY,usd_try,1.67016,1.678215,TCMB daily exchange-rate XML archive
2002-10-31,1.6665205,1.67053,1.662511,1.6665205,1.6665205,,TCMB_USDTRY,usd_try,1.662511,1.67053,TCMB daily exchange-rate XML archive
2002-11-01,1.6832185,1.687268,1.679169,1.6832185,1.6832185,,TCMB_USDTRY,usd_try,1.679169,1.687268,TCMB daily exchange-rate XML archive
2002-11-04,1.6740455,1.678073,1.670018,1.6740455,1.6740455,,TCMB_USDTRY,usd_try,1.670018,1.678073,TCMB daily exchange-rate XML archive
2002-11-05,1.637716,1.641656,1.633776,1.637716,1.637716,,TCMB_USDTRY,usd_try,1.633776,1.641656,TCMB daily exchange-rate XML archive
2002-11-06,1.6384035,1.642345,1.634462,1.6384035,1.6384035,,TCMB_USDTRY,usd_try,1.634462,1.642345,TCMB daily exchange-rate XML archive
2002-11-07,1.6321295,1.636056,1.628203,1.6321295,1.6321295,,TCMB_USDTRY,usd_try,1.628203,1.636056,TCMB daily exchange-rate XML archive
2002-11-08,1.6156519999999999,1.619539,1.611765,1.6156519999999999,1.6156519999999999,,TCMB_USDTRY,usd_try,1.611765,1.619539,TCMB daily exchange-rate XML archive
2002-11-11,1.6108384999999998,1.614714,1.606963,1.6108384999999998,1.6108384999999998,,TCMB_USDTRY,usd_try,1.606963,1.614714,TCMB daily exchange-rate XML archive
2002-11-12,1.634341,1.638273,1.630409,1.634341,1.634341,,TCMB_USDTRY,usd_try,1.630409,1.638273,TCMB daily exchange-rate XML archive
2002-11-13,1.6333055,1.637235,1.629376,1.6333055,1.6333055,,TCMB_USDTRY,usd_try,1.629376,1.637235,TCMB daily exchange-rate XML archive
2002-11-14,1.6159385,1.619826,1.612051,1.6159385,1.6159385,,TCMB_USDTRY,usd_try,1.612051,1.619826,TCMB daily exchange-rate XML archive
2002-11-15,1.602481,1.606336,1.598626,1.602481,1.602481,,TCMB_USDTRY,usd_try,1.598626,1.606336,TCMB daily exchange-rate XML archive
2002-11-18,1.5814715,1.585276,1.577667,1.5814715,1.5814715,,TCMB_USDTRY,usd_try,1.577667,1.585276,TCMB daily exchange-rate XML archive
2002-11-19,1.5825985,1.586406,1.578791,1.5825985,1.5825985,,TCMB_USDTRY,usd_try,1.578791,1.586406,TCMB daily exchange-rate XML archive
2002-11-20,1.584987,1.5888,1.581174,1.584987,1.584987,,TCMB_USDTRY,usd_try,1.581174,1.5888,TCMB daily exchange-rate XML archive
2002-11-21,1.575816,1.579607,1.572025,1.575816,1.575816,,TCMB_USDTRY,usd_try,1.572025,1.579607,TCMB daily exchange-rate XML archive
2002-11-22,1.5704669999999998,1.574245,1.566689,1.5704669999999998,1.5704669999999998,,TCMB_USDTRY,usd_try,1.566689,1.574245,TCMB daily exchange-rate XML archive
2002-11-25,1.567056,1.570826,1.563286,1.567056,1.567056,,TCMB_USDTRY,usd_try,1.563286,1.570826,TCMB daily exchange-rate XML archive
2002-11-26,1.552442,1.556177,1.548707,1.552442,1.552442,,TCMB_USDTRY,usd_try,1.548707,1.556177,TCMB daily exchange-rate XML archive
2002-11-27,1.5563685,1.560113,1.552624,1.5563685,1.5563685,,TCMB_USDTRY,usd_try,1.552624,1.560113,TCMB daily exchange-rate XML archive
2002-11-28,1.547196,1.550918,1.543474,1.547196,1.547196,,TCMB_USDTRY,usd_try,1.543474,1.550918,TCMB daily exchange-rate XML archive
2002-11-29,1.5390415,1.542744,1.535339,1.5390415,1.5390415,,TCMB_USDTRY,usd_try,1.535339,1.542744,TCMB daily exchange-rate XML archive
2002-12-02,1.5163190000000002,1.519967,1.512671,1.5163190000000002,1.5163190000000002,,TCMB_USDTRY,usd_try,1.512671,1.519967,TCMB daily exchange-rate XML archive
2002-12-03,1.5274685,1.531143,1.523794,1.5274685,1.5274685,,TCMB_USDTRY,usd_try,1.523794,1.531143,TCMB daily exchange-rate XML archive
2002-12-09,1.561672,1.565429,1.557915,1.561672,1.561672,,TCMB_USDTRY,usd_try,1.557915,1.565429,TCMB daily exchange-rate XML archive
2002-12-10,1.5546829999999998,1.558423,1.550943,1.5546829999999998,1.5546829999999998,,TCMB_USDTRY,usd_try,1.550943,1.558423,TCMB daily exchange-rate XML archive
2002-12-11,1.5518085,1.555542,1.548075,1.5518085,1.5518085,,TCMB_USDTRY,usd_try,1.548075,1.555542,TCMB daily exchange-rate XML archive
2002-12-12,1.5580525,1.561801,1.554304,1.5580525,1.5580525,,TCMB_USDTRY,usd_try,1.554304,1.561801,TCMB daily exchange-rate XML archive
2002-12-13,1.550538,1.554268,1.546808,1.550538,1.550538,,TCMB_USDTRY,usd_try,1.546808,1.554268,TCMB daily exchange-rate XML archive
2002-12-16,1.5389315,1.542634,1.535229,1.5389315,1.5389315,,TCMB_USDTRY,usd_try,1.535229,1.542634,TCMB daily exchange-rate XML archive
2002-12-17,1.5621865,1.565945,1.558428,1.5621865,1.5621865,,TCMB_USDTRY,usd_try,1.558428,1.565945,TCMB daily exchange-rate XML archive
2002-12-18,1.597353,1.601196,1.59351,1.597353,1.597353,,TCMB_USDTRY,usd_try,1.59351,1.601196,TCMB daily exchange-rate XML archive
2002-12-19,1.6261945,1.630107,1.622282,1.6261945,1.6261945,,TCMB_USDTRY,usd_try,1.622282,1.630107,TCMB daily exchange-rate XML archive
2002-12-20,1.631948,1.635874,1.628022,1.631948,1.631948,,TCMB_USDTRY,usd_try,1.628022,1.635874,TCMB daily exchange-rate XML archive
2002-12-23,1.646086,1.650046,1.642126,1.646086,1.646086,,TCMB_USDTRY,usd_try,1.642126,1.650046,TCMB daily exchange-rate XML archive
2002-12-24,1.673924,1.677951,1.669897,1.673924,1.673924,,TCMB_USDTRY,usd_try,1.669897,1.677951,TCMB daily exchange-rate XML archive
2002-12-25,1.6536895,1.657668,1.649711,1.6536895,1.6536895,,TCMB_USDTRY,usd_try,1.649711,1.657668,TCMB daily exchange-rate XML archive
2002-12-26,1.637672,1.641612,1.633732,1.637672,1.637672,,TCMB_USDTRY,usd_try,1.633732,1.641612,TCMB daily exchange-rate XML archive
2002-12-27,1.655189,1.659171,1.651207,1.655189,1.655189,,TCMB_USDTRY,usd_try,1.651207,1.659171,TCMB daily exchange-rate XML archive
2002-12-30,1.6384425,1.642384,1.634501,1.6384425,1.6384425,,TCMB_USDTRY,usd_try,1.634501,1.642384,TCMB daily exchange-rate XML archive
2002-12-31,1.6436994999999999,1.647654,1.639745,1.6436994999999999,1.6436994999999999,,TCMB_USDTRY,usd_try,1.639745,1.647654,TCMB daily exchange-rate XML archive
2003-01-02,1.6524135,1.656389,1.648438,1.6524135,1.6524135,,TCMB_USDTRY,usd_try,1.648438,1.656389,TCMB daily exchange-rate XML archive
2003-01-03,1.650636,1.654607,1.646665,1.650636,1.650636,,TCMB_USDTRY,usd_try,1.646665,1.654607,TCMB daily exchange-rate XML archive
2003-01-06,1.656817,1.660803,1.652831,1.656817,1.656817,,TCMB_USDTRY,usd_try,1.652831,1.660803,TCMB daily exchange-rate XML archive
2003-01-07,1.6737265,1.677753,1.6697,1.6737265,1.6737265,,TCMB_USDTRY,usd_try,1.6697,1.677753,TCMB daily exchange-rate XML archive
2003-01-08,1.678409,1.682447,1.674371,1.678409,1.678409,,TCMB_USDTRY,usd_try,1.674371,1.682447,TCMB daily exchange-rate XML archive
2003-01-09,1.6736995000000001,1.677726,1.669673,1.6736995000000001,1.6736995000000001,,TCMB_USDTRY,usd_try,1.669673,1.677726,TCMB daily exchange-rate XML archive
2003-01-10,1.6606239999999999,1.664619,1.656629,1.6606239999999999,1.6606239999999999,,TCMB_USDTRY,usd_try,1.656629,1.664619,TCMB daily exchange-rate XML archive
2003-01-13,1.6602329999999998,1.664227,1.656239,1.6602329999999998,1.6602329999999998,,TCMB_USDTRY,usd_try,1.656239,1.664227,TCMB daily exchange-rate XML archive
2003-01-14,1.6612515,1.665248,1.657255,1.6612515,1.6612515,,TCMB_USDTRY,usd_try,1.657255,1.665248,TCMB daily exchange-rate XML archive
2003-01-15,1.6642025,1.668206,1.660199,1.6642025,1.6642025,,TCMB_USDTRY,usd_try,1.660199,1.668206,TCMB daily exchange-rate XML archive
2003-01-16,1.6594725000000001,1.663465,1.65548,1.6594725000000001,1.6594725000000001,,TCMB_USDTRY,usd_try,1.65548,1.663465,TCMB daily exchange-rate XML archive
2003-01-17,1.658852,1.662843,1.654861,1.658852,1.658852,,TCMB_USDTRY,usd_try,1.654861,1.662843,TCMB daily exchange-rate XML archive
2003-01-20,1.6631170000000002,1.667118,1.659116,1.6631170000000002,1.6631170000000002,,TCMB_USDTRY,usd_try,1.659116,1.667118,TCMB daily exchange-rate XML archive
2003-01-21,1.6564480000000001,1.660433,1.652463,1.6564480000000001,1.6564480000000001,,TCMB_USDTRY,usd_try,1.652463,1.660433,TCMB daily exchange-rate XML archive
2003-01-22,1.665651,1.669658,1.661644,1.665651,1.665651,,TCMB_USDTRY,usd_try,1.661644,1.669658,TCMB daily exchange-rate XML archive
2003-01-23,1.661927,1.665925,1.657929,1.661927,1.661927,,TCMB_USDTRY,usd_try,1.657929,1.665925,TCMB daily exchange-rate XML archive
2003-01-24,1.6572550000000001,1.661242,1.653268,1.6572550000000001,1.6572550000000001,,TCMB_USDTRY,usd_try,1.653268,1.661242,TCMB daily exchange-rate XML archive
2003-01-27,1.6596035,1.663596,1.655611,1.6596035,1.6596035,,TCMB_USDTRY,usd_try,1.655611,1.663596,TCMB daily exchange-rate XML archive
2003-01-28,1.656801,1.660787,1.652815,1.656801,1.656801,,TCMB_USDTRY,usd_try,1.652815,1.660787,TCMB daily exchange-rate XML archive
2003-01-29,1.655217,1.659199,1.651235,1.655217,1.655217,,TCMB_USDTRY,usd_try,1.651235,1.659199,TCMB daily exchange-rate XML archive
2003-01-30,1.6461785,1.650139,1.642218,1.6461785,1.6461785,,TCMB_USDTRY,usd_try,1.642218,1.650139,TCMB daily exchange-rate XML archive
2003-01-31,1.6394739999999999,1.643418,1.63553,1.6394739999999999,1.6394739999999999,,TCMB_USDTRY,usd_try,1.63553,1.643418,TCMB daily exchange-rate XML archive
2003-02-03,1.6337264999999999,1.637657,1.629796,1.6337264999999999,1.6337264999999999,,TCMB_USDTRY,usd_try,1.629796,1.637657,TCMB daily exchange-rate XML archive
2003-02-04,1.635131,1.639065,1.631197,1.635131,1.635131,,TCMB_USDTRY,usd_try,1.631197,1.639065,TCMB daily exchange-rate XML archive
2003-02-05,1.6446055,1.648562,1.640649,1.6446055,1.6446055,,TCMB_USDTRY,usd_try,1.640649,1.648562,TCMB daily exchange-rate XML archive
2003-02-06,1.631502,1.635427,1.627577,1.631502,1.631502,,TCMB_USDTRY,usd_try,1.627577,1.635427,TCMB daily exchange-rate XML archive
2003-02-07,1.6291795,1.633099,1.62526,1.6291795,1.6291795,,TCMB_USDTRY,usd_try,1.62526,1.633099,TCMB daily exchange-rate XML archive
2003-02-17,1.6384425,1.642384,1.634501,1.6384425,1.6384425,,TCMB_USDTRY,usd_try,1.634501,1.642384,TCMB daily exchange-rate XML archive
2003-02-18,1.6228755,1.62678,1.618971,1.6228755,1.6228755,,TCMB_USDTRY,usd_try,1.618971,1.62678,TCMB daily exchange-rate XML archive
2003-02-19,1.6225435,1.626447,1.61864,1.6225435,1.6225435,,TCMB_USDTRY,usd_try,1.61864,1.626447,TCMB daily exchange-rate XML archive
2003-02-20,1.6291665000000002,1.633086,1.625247,1.6291665000000002,1.6291665000000002,,TCMB_USDTRY,usd_try,1.625247,1.633086,TCMB daily exchange-rate XML archive
2003-02-21,1.621109,1.625009,1.617209,1.621109,1.621109,,TCMB_USDTRY,usd_try,1.617209,1.625009,TCMB daily exchange-rate XML archive
2003-02-24,1.6170875,1.620978,1.613197,1.6170875,1.6170875,,TCMB_USDTRY,usd_try,1.613197,1.620978,TCMB daily exchange-rate XML archive
2003-02-25,1.6163685,1.620257,1.61248,1.6163685,1.6163685,,TCMB_USDTRY,usd_try,1.61248,1.620257,TCMB daily exchange-rate XML archive
2003-02-26,1.617275,1.621166,1.613384,1.617275,1.617275,,TCMB_USDTRY,usd_try,1.613384,1.621166,TCMB daily exchange-rate XML archive
2003-02-27,1.6066615,1.610527,1.602796,1.6066615,1.6066615,,TCMB_USDTRY,usd_try,1.602796,1.610527,TCMB daily exchange-rate XML archive
2003-02-28,1.59241,1.596241,1.588579,1.59241,1.59241,,TCMB_USDTRY,usd_try,1.588579,1.596241,TCMB daily exchange-rate XML archive
2003-03-03,1.6479475,1.651912,1.643983,1.6479475,1.6479475,,TCMB_USDTRY,usd_try,1.643983,1.651912,TCMB daily exchange-rate XML archive
2003-03-04,1.6332845,1.637214,1.629355,1.6332845,1.6332845,,TCMB_USDTRY,usd_try,1.629355,1.637214,TCMB daily exchange-rate XML archive
2003-03-05,1.6054434999999998,1.609306,1.601581,1.6054434999999998,1.6054434999999998,,TCMB_USDTRY,usd_try,1.601581,1.609306,TCMB daily exchange-rate XML archive
2003-03-06,1.6045855,1.608446,1.600725,1.6045855,1.6045855,,TCMB_USDTRY,usd_try,1.600725,1.608446,TCMB daily exchange-rate XML archive
2003-03-07,1.6082269999999999,1.612096,1.604358,1.6082269999999999,1.6082269999999999,,TCMB_USDTRY,usd_try,1.604358,1.612096,TCMB daily exchange-rate XML archive
2003-03-10,1.6029019999999998,1.606758,1.599046,1.6029019999999998,1.6029019999999998,,TCMB_USDTRY,usd_try,1.599046,1.606758,TCMB daily exchange-rate XML archive
2003-03-11,1.613652,1.617534,1.60977,1.613652,1.613652,,TCMB_USDTRY,usd_try,1.60977,1.617534,TCMB daily exchange-rate XML archive
2003-03-12,1.6162275,1.620116,1.612339,1.6162275,1.6162275,,TCMB_USDTRY,usd_try,1.612339,1.620116,TCMB daily exchange-rate XML archive
2003-03-13,1.6270405000000001,1.630955,1.623126,1.6270405000000001,1.6270405000000001,,TCMB_USDTRY,usd_try,1.623126,1.630955,TCMB daily exchange-rate XML archive
2003-03-14,1.6430609999999999,1.647014,1.639108,1.6430609999999999,1.6430609999999999,,TCMB_USDTRY,usd_try,1.639108,1.647014,TCMB daily exchange-rate XML archive
2003-03-17,1.6802685,1.684311,1.676226,1.6802685,1.6802685,,TCMB_USDTRY,usd_try,1.676226,1.684311,TCMB daily exchange-rate XML archive
2003-03-18,1.643996,1.647951,1.640041,1.643996,1.643996,,TCMB_USDTRY,usd_try,1.640041,1.647951,TCMB daily exchange-rate XML archive
2003-03-19,1.691706,1.695776,1.687636,1.691706,1.691706,,TCMB_USDTRY,usd_try,1.687636,1.695776,TCMB daily exchange-rate XML archive
2003-03-20,1.7030965,1.707194,1.698999,1.7030965,1.7030965,,TCMB_USDTRY,usd_try,1.698999,1.707194,TCMB daily exchange-rate XML archive
2003-03-21,1.717914,1.722047,1.713781,1.717914,1.717914,,TCMB_USDTRY,usd_try,1.713781,1.722047,TCMB daily exchange-rate XML archive
2003-03-24,1.7506015000000001,1.754813,1.74639,1.7506015000000001,1.7506015000000001,,TCMB_USDTRY,usd_try,1.74639,1.754813,TCMB daily exchange-rate XML archive
2003-03-25,1.7384225,1.742605,1.73424,1.7384225,1.7384225,,TCMB_USDTRY,usd_try,1.73424,1.742605,TCMB daily exchange-rate XML archive
2003-03-26,1.704166,1.708266,1.700066,1.704166,1.704166,,TCMB_USDTRY,usd_try,1.700066,1.708266,TCMB daily exchange-rate XML archive
2003-03-27,1.7096719999999999,1.713785,1.705559,1.7096719999999999,1.7096719999999999,,TCMB_USDTRY,usd_try,1.705559,1.713785,TCMB daily exchange-rate XML archive
2003-03-28,1.7123325,1.716452,1.708213,1.7123325,1.7123325,,TCMB_USDTRY,usd_try,1.708213,1.716452,TCMB daily exchange-rate XML archive
2003-03-31,1.704173,1.708273,1.700073,1.704173,1.704173,,TCMB_USDTRY,usd_try,1.700073,1.708273,TCMB daily exchange-rate XML archive
2003-04-01,1.6998365,1.703926,1.695747,1.6998365,1.6998365,,TCMB_USDTRY,usd_try,1.695747,1.703926,TCMB daily exchange-rate XML archive
2003-04-02,1.6915185,1.695588,1.687449,1.6915185,1.6915185,,TCMB_USDTRY,usd_try,1.687449,1.695588,TCMB daily exchange-rate XML archive
2003-04-03,1.6733165,1.677342,1.669291,1.6733165,1.6733165,,TCMB_USDTRY,usd_try,1.669291,1.677342,TCMB daily exchange-rate XML archive
2003-04-04,1.6524695,1.656445,1.648494,1.6524695,1.6524695,,TCMB_USDTRY,usd_try,1.648494,1.656445,TCMB daily exchange-rate XML archive
2003-04-07,1.6459025,1.649862,1.641943,1.6459025,1.6459025,,TCMB_USDTRY,usd_try,1.641943,1.649862,TCMB daily exchange-rate XML archive
2003-04-08,1.6336995,1.63763,1.629769,1.6336995,1.6336995,,TCMB_USDTRY,usd_try,1.629769,1.63763,TCMB daily exchange-rate XML archive
2003-04-09,1.64481,1.648767,1.640853,1.64481,1.64481,,TCMB_USDTRY,usd_try,1.640853,1.648767,TCMB daily exchange-rate XML archive
2003-04-10,1.654274,1.658254,1.650294,1.654274,1.654274,,TCMB_USDTRY,usd_try,1.650294,1.658254,TCMB daily exchange-rate XML archive
2003-04-11,1.6454515,1.64941,1.641493,1.6454515,1.6454515,,TCMB_USDTRY,usd_try,1.641493,1.64941,TCMB daily exchange-rate XML archive
2003-04-14,1.628549,1.632467,1.624631,1.628549,1.628549,,TCMB_USDTRY,usd_try,1.624631,1.632467,TCMB daily exchange-rate XML archive
2003-04-15,1.615229,1.619115,1.611343,1.615229,1.615229,,TCMB_USDTRY,usd_try,1.611343,1.619115,TCMB daily exchange-rate XML archive
2003-04-16,1.612703,1.616583,1.608823,1.612703,1.612703,,TCMB_USDTRY,usd_try,1.608823,1.616583,TCMB daily exchange-rate XML archive
2003-04-17,1.605713,1.609576,1.60185,1.605713,1.605713,,TCMB_USDTRY,usd_try,1.60185,1.609576,TCMB daily exchange-rate XML archive
2003-04-18,1.602391,1.606246,1.598536,1.602391,1.602391,,TCMB_USDTRY,usd_try,1.598536,1.606246,TCMB daily exchange-rate XML archive
2003-04-21,1.5927235,1.596555,1.588892,1.5927235,1.5927235,,TCMB_USDTRY,usd_try,1.588892,1.596555,TCMB daily exchange-rate XML archive
2003-04-22,1.5939665,1.597801,1.590132,1.5939665,1.5939665,,TCMB_USDTRY,usd_try,1.590132,1.597801,TCMB daily exchange-rate XML archive
2003-04-24,1.594927,1.598764,1.59109,1.594927,1.594927,,TCMB_USDTRY,usd_try,1.59109,1.598764,TCMB daily exchange-rate XML archive
2003-04-25,1.5903010000000002,1.594127,1.586475,1.5903010000000002,1.5903010000000002,,TCMB_USDTRY,usd_try,1.586475,1.594127,TCMB daily exchange-rate XML archive
2003-04-28,1.585352,1.589166,1.581538,1.585352,1.585352,,TCMB_USDTRY,usd_try,1.581538,1.589166,TCMB daily exchange-rate XML archive
2003-04-29,1.586226,1.590042,1.58241,1.586226,1.586226,,TCMB_USDTRY,usd_try,1.58241,1.590042,TCMB daily exchange-rate XML archive
2003-04-30,1.5710585,1.574838,1.567279,1.5710585,1.5710585,,TCMB_USDTRY,usd_try,1.567279,1.574838,TCMB daily exchange-rate XML archive
2003-05-01,1.552556,1.556291,1.548821,1.552556,1.552556,,TCMB_USDTRY,usd_try,1.548821,1.556291,TCMB daily exchange-rate XML archive
2003-05-02,1.5368655,1.540563,1.533168,1.5368655,1.5368655,,TCMB_USDTRY,usd_try,1.533168,1.540563,TCMB daily exchange-rate XML archive
2003-05-05,1.531232,1.534916,1.527548,1.531232,1.531232,,TCMB_USDTRY,usd_try,1.527548,1.534916,TCMB daily exchange-rate XML archive
2003-05-06,1.5315785000000002,1.535263,1.527894,1.5315785000000002,1.5315785000000002,,TCMB_USDTRY,usd_try,1.527894,1.535263,TCMB daily exchange-rate XML archive
2003-05-07,1.5290374999999998,1.532716,1.525359,1.5290374999999998,1.5290374999999998,,TCMB_USDTRY,usd_try,1.525359,1.532716,TCMB daily exchange-rate XML archive
2003-05-08,1.5153254999999999,1.518971,1.51168,1.5153254999999999,1.5153254999999999,,TCMB_USDTRY,usd_try,1.51168,1.518971,TCMB daily exchange-rate XML archive
2003-05-09,1.5006965,1.504307,1.497086,1.5006965,1.5006965,,TCMB_USDTRY,usd_try,1.497086,1.504307,TCMB daily exchange-rate XML archive
2003-05-12,1.495139,1.498736,1.491542,1.495139,1.495139,,TCMB_USDTRY,usd_try,1.491542,1.498736,TCMB daily exchange-rate XML archive
2003-05-13,1.4914399999999999,1.495028,1.487852,1.4914399999999999,1.4914399999999999,,TCMB_USDTRY,usd_try,1.487852,1.495028,TCMB daily exchange-rate XML archive
2003-05-14,1.483028,1.486596,1.47946,1.483028,1.483028,,TCMB_USDTRY,usd_try,1.47946,1.486596,TCMB daily exchange-rate XML archive
2003-05-15,1.484427,1.487998,1.480856,1.484427,1.484427,,TCMB_USDTRY,usd_try,1.480856,1.487998,TCMB daily exchange-rate XML archive
2003-05-16,1.493477,1.49707,1.489884,1.493477,1.493477,,TCMB_USDTRY,usd_try,1.489884,1.49707,TCMB daily exchange-rate XML archive
2003-05-20,1.4695395,1.473075,1.466004,1.4695395,1.4695395,,TCMB_USDTRY,usd_try,1.466004,1.473075,TCMB daily exchange-rate XML archive
2003-05-21,1.4617835000000001,1.4653,1.458267,1.4617835000000001,1.4617835000000001,,TCMB_USDTRY,usd_try,1.458267,1.4653,TCMB daily exchange-rate XML archive
2003-05-22,1.474036,1.477582,1.47049,1.474036,1.474036,,TCMB_USDTRY,usd_try,1.47049,1.477582,TCMB daily exchange-rate XML archive
2003-05-23,1.459322,1.462833,1.455811,1.459322,1.459322,,TCMB_USDTRY,usd_try,1.455811,1.462833,TCMB daily exchange-rate XML archive
2003-05-26,1.4559175,1.45942,1.452415,1.4559175,1.4559175,,TCMB_USDTRY,usd_try,1.452415,1.45942,TCMB daily exchange-rate XML archive
2003-05-27,1.4528590000000001,1.456354,1.449364,1.4528590000000001,1.4528590000000001,,TCMB_USDTRY,usd_try,1.449364,1.456354,TCMB daily exchange-rate XML archive
2003-05-28,1.4459615000000001,1.44944,1.442483,1.4459615000000001,1.4459615000000001,,TCMB_USDTRY,usd_try,1.442483,1.44944,TCMB daily exchange-rate XML archive
2003-05-29,1.438123,1.441583,1.434663,1.438123,1.438123,,TCMB_USDTRY,usd_try,1.434663,1.441583,TCMB daily exchange-rate XML archive
2003-05-30,1.4231850000000001,1.426609,1.419761,1.4231850000000001,1.4231850000000001,,TCMB_USDTRY,usd_try,1.419761,1.426609,TCMB daily exchange-rate XML archive
2003-06-02,1.4187895,1.422203,1.415376,1.4187895,1.4187895,,TCMB_USDTRY,usd_try,1.415376,1.422203,TCMB daily exchange-rate XML archive
2003-06-03,1.4330224999999999,1.43647,1.429575,1.4330224999999999,1.4330224999999999,,TCMB_USDTRY,usd_try,1.429575,1.43647,TCMB daily exchange-rate XML archive
2003-06-04,1.4229915,1.426415,1.419568,1.4229915,1.4229915,,TCMB_USDTRY,usd_try,1.419568,1.426415,TCMB daily exchange-rate XML archive
2003-06-05,1.4399955,1.44346,1.436531,1.4399955,1.4399955,,TCMB_USDTRY,usd_try,1.436531,1.44346,TCMB daily exchange-rate XML archive
2003-06-06,1.4264235,1.429855,1.422992,1.4264235,1.4264235,,TCMB_USDTRY,usd_try,1.422992,1.429855,TCMB daily exchange-rate XML archive
2003-06-09,1.4122305000000002,1.415628,1.408833,1.4122305000000002,1.4122305000000002,,TCMB_USDTRY,usd_try,1.408833,1.415628,TCMB daily exchange-rate XML archive
2003-06-10,1.4214555,1.424875,1.418036,1.4214555,1.4214555,,TCMB_USDTRY,usd_try,1.418036,1.424875,TCMB daily exchange-rate XML archive
2003-06-11,1.420661,1.424079,1.417243,1.420661,1.420661,,TCMB_USDTRY,usd_try,1.417243,1.424079,TCMB daily exchange-rate XML archive
2003-06-12,1.414849,1.418253,1.411445,1.414849,1.414849,,TCMB_USDTRY,usd_try,1.411445,1.418253,TCMB daily exchange-rate XML archive
2003-06-13,1.4119549999999998,1.415352,1.408558,1.4119549999999998,1.4119549999999998,,TCMB_USDTRY,usd_try,1.408558,1.415352,TCMB daily exchange-rate XML archive
2003-06-16,1.4143705,1.417773,1.410968,1.4143705,1.4143705,,TCMB_USDTRY,usd_try,1.410968,1.417773,TCMB daily exchange-rate XML archive
2003-06-17,1.4109375,1.414332,1.407543,1.4109375,1.4109375,,TCMB_USDTRY,usd_try,1.407543,1.414332,TCMB daily exchange-rate XML archive
2003-06-18,1.4125394999999998,1.415938,1.409141,1.4125394999999998,1.4125394999999998,,TCMB_USDTRY,usd_try,1.409141,1.415938,TCMB daily exchange-rate XML archive
2003-06-19,1.4227349999999999,1.426158,1.419312,1.4227349999999999,1.4227349999999999,,TCMB_USDTRY,usd_try,1.419312,1.426158,TCMB daily exchange-rate XML archive
2003-06-20,1.413643,1.417044,1.410242,1.413643,1.413643,,TCMB_USDTRY,usd_try,1.410242,1.417044,TCMB daily exchange-rate XML archive
2003-06-23,1.4288495,1.432287,1.425412,1.4288495,1.4288495,,TCMB_USDTRY,usd_try,1.425412,1.432287,TCMB daily exchange-rate XML archive
2003-06-24,1.433548,1.436997,1.430099,1.433548,1.433548,,TCMB_USDTRY,usd_try,1.430099,1.436997,TCMB daily exchange-rate XML archive
2003-06-25,1.435267,1.43872,1.431814,1.435267,1.435267,,TCMB_USDTRY,usd_try,1.431814,1.43872,TCMB daily exchange-rate XML archive
2003-06-26,1.430368,1.433809,1.426927,1.430368,1.430368,,TCMB_USDTRY,usd_try,1.426927,1.433809,TCMB daily exchange-rate XML archive
2003-06-27,1.4251455,1.428574,1.421717,1.4251455,1.4251455,,TCMB_USDTRY,usd_try,1.421717,1.428574,TCMB daily exchange-rate XML archive
2003-07-01,1.4061819999999998,1.409565,1.402799,1.4061819999999998,1.4061819999999998,,TCMB_USDTRY,usd_try,1.402799,1.409565,TCMB daily exchange-rate XML archive
2003-07-02,1.400439,1.403808,1.39707,1.400439,1.400439,,TCMB_USDTRY,usd_try,1.39707,1.403808,TCMB daily exchange-rate XML archive
2003-07-03,1.394524,1.397879,1.391169,1.394524,1.394524,,TCMB_USDTRY,usd_try,1.391169,1.397879,TCMB daily exchange-rate XML archive
2003-07-04,1.3914135,1.394761,1.388066,1.3914135,1.3914135,,TCMB_USDTRY,usd_try,1.388066,1.394761,TCMB daily exchange-rate XML archive
2003-07-07,1.4005975,1.403967,1.397228,1.4005975,1.4005975,,TCMB_USDTRY,usd_try,1.397228,1.403967,TCMB daily exchange-rate XML archive
2003-07-08,1.399147,1.402513,1.395781,1.399147,1.399147,,TCMB_USDTRY,usd_try,1.395781,1.402513,TCMB daily exchange-rate XML archive
2003-07-09,1.4163475,1.419755,1.41294,1.4163475,1.4163475,,TCMB_USDTRY,usd_try,1.41294,1.419755,TCMB daily exchange-rate XML archive
2003-07-10,1.4058329999999999,1.409215,1.402451,1.4058329999999999,1.4058329999999999,,TCMB_USDTRY,usd_try,1.402451,1.409215,TCMB daily exchange-rate XML archive
2003-07-11,1.391261,1.394608,1.387914,1.391261,1.391261,,TCMB_USDTRY,usd_try,1.387914,1.394608,TCMB daily exchange-rate XML archive
2003-07-14,1.3840175000000001,1.387347,1.380688,1.3840175000000001,1.3840175000000001,,TCMB_USDTRY,usd_try,1.380688,1.387347,TCMB daily exchange-rate XML archive
2003-07-15,1.3765105000000002,1.379822,1.373199,1.3765105000000002,1.3765105000000002,,TCMB_USDTRY,usd_try,1.373199,1.379822,TCMB daily exchange-rate XML archive
2003-07-16,1.378682,1.381999,1.375365,1.378682,1.378682,,TCMB_USDTRY,usd_try,1.375365,1.381999,TCMB daily exchange-rate XML archive
2003-07-17,1.3813499999999999,1.384673,1.378027,1.3813499999999999,1.3813499999999999,,TCMB_USDTRY,usd_try,1.378027,1.384673,TCMB daily exchange-rate XML archive
2003-07-18,1.392922,1.396273,1.389571,1.392922,1.392922,,TCMB_USDTRY,usd_try,1.389571,1.396273,TCMB daily exchange-rate XML archive
2003-07-21,1.3868874999999998,1.390224,1.383551,1.3868874999999998,1.3868874999999998,,TCMB_USDTRY,usd_try,1.383551,1.390224,TCMB daily exchange-rate XML archive
2003-07-22,1.3876925,1.391031,1.384354,1.3876925,1.3876925,,TCMB_USDTRY,usd_try,1.384354,1.391031,TCMB daily exchange-rate XML archive
2003-07-23,1.397811,1.401174,1.394448,1.397811,1.397811,,TCMB_USDTRY,usd_try,1.394448,1.401174,TCMB daily exchange-rate XML archive
2003-07-24,1.4230575,1.426481,1.419634,1.4230575,1.4230575,,TCMB_USDTRY,usd_try,1.419634,1.426481,TCMB daily exchange-rate XML archive
2003-07-25,1.4155285,1.418934,1.412123,1.4155285,1.4155285,,TCMB_USDTRY,usd_try,1.412123,1.418934,TCMB daily exchange-rate XML archive
2003-07-28,1.4108619999999998,1.414256,1.407468,1.4108619999999998,1.4108619999999998,,TCMB_USDTRY,usd_try,1.407468,1.414256,TCMB daily exchange-rate XML archive
2003-07-29,1.433595,1.437044,1.430146,1.433595,1.433595,,TCMB_USDTRY,usd_try,1.430146,1.437044,TCMB daily exchange-rate XML archive
2003-07-30,1.425273,1.428702,1.421844,1.425273,1.425273,,TCMB_USDTRY,usd_try,1.421844,1.428702,TCMB daily exchange-rate XML archive
2003-07-31,1.4152215,1.418626,1.411817,1.4152215,1.4152215,,TCMB_USDTRY,usd_try,1.411817,1.418626,TCMB daily exchange-rate XML archive
2003-08-01,1.4326105,1.436057,1.429164,1.4326105,1.4326105,,TCMB_USDTRY,usd_try,1.429164,1.436057,TCMB daily exchange-rate XML archive
2003-08-04,1.4176805,1.421091,1.41427,1.4176805,1.4176805,,TCMB_USDTRY,usd_try,1.41427,1.421091,TCMB daily exchange-rate XML archive
2003-08-05,1.4030765,1.406452,1.399701,1.4030765,1.4030765,,TCMB_USDTRY,usd_try,1.399701,1.406452,TCMB daily exchange-rate XML archive
2003-08-06,1.398367,1.401731,1.395003,1.398367,1.398367,,TCMB_USDTRY,usd_try,1.395003,1.401731,TCMB daily exchange-rate XML archive
2003-08-07,1.4077135,1.4111,1.404327,1.4077135,1.4077135,,TCMB_USDTRY,usd_try,1.404327,1.4111,TCMB daily exchange-rate XML archive
2003-08-08,1.3985135,1.401878,1.395149,1.3985135,1.3985135,,TCMB_USDTRY,usd_try,1.395149,1.401878,TCMB daily exchange-rate XML archive
2003-08-11,1.3985635,1.401928,1.395199,1.3985635,1.3985635,,TCMB_USDTRY,usd_try,1.395199,1.401928,TCMB daily exchange-rate XML archive
2003-08-12,1.3997795,1.403147,1.396412,1.3997795,1.3997795,,TCMB_USDTRY,usd_try,1.396412,1.403147,TCMB daily exchange-rate XML archive
2003-08-13,1.397456,1.400818,1.394094,1.397456,1.397456,,TCMB_USDTRY,usd_try,1.394094,1.400818,TCMB daily exchange-rate XML archive
2003-08-14,1.398653,1.402018,1.395288,1.398653,1.398653,,TCMB_USDTRY,usd_try,1.395288,1.402018,TCMB daily exchange-rate XML archive
2003-08-15,1.3928639999999999,1.396215,1.389513,1.3928639999999999,1.3928639999999999,,TCMB_USDTRY,usd_try,1.389513,1.396215,TCMB daily exchange-rate XML archive
2003-08-18,1.393413,1.396765,1.390061,1.393413,1.393413,,TCMB_USDTRY,usd_try,1.390061,1.396765,TCMB daily exchange-rate XML archive
2003-08-19,1.400732,1.404102,1.397362,1.400732,1.400732,,TCMB_USDTRY,usd_try,1.397362,1.404102,TCMB daily exchange-rate XML archive
2003-08-20,1.397135,1.400496,1.393774,1.397135,1.397135,,TCMB_USDTRY,usd_try,1.393774,1.400496,TCMB daily exchange-rate XML archive
2003-08-21,1.394534,1.397889,1.391179,1.394534,1.394534,,TCMB_USDTRY,usd_try,1.391179,1.397889,TCMB daily exchange-rate XML archive
2003-08-22,1.390336,1.393681,1.386991,1.390336,1.390336,,TCMB_USDTRY,usd_try,1.386991,1.393681,TCMB daily exchange-rate XML archive
2003-08-25,1.3868334999999998,1.39017,1.383497,1.3868334999999998,1.3868334999999998,,TCMB_USDTRY,usd_try,1.383497,1.39017,TCMB daily exchange-rate XML archive
2003-08-26,1.3854899999999999,1.388823,1.382157,1.3854899999999999,1.3854899999999999,,TCMB_USDTRY,usd_try,1.382157,1.388823,TCMB daily exchange-rate XML archive
2003-08-27,1.39656,1.39992,1.3932,1.39656,1.39656,,TCMB_USDTRY,usd_try,1.3932,1.39992,TCMB daily exchange-rate XML archive
2003-08-28,1.4043765000000001,1.407755,1.400998,1.4043765000000001,1.4043765000000001,,TCMB_USDTRY,usd_try,1.400998,1.407755,TCMB daily exchange-rate XML archive
2003-08-29,1.3961489999999999,1.399508,1.39279,1.3961489999999999,1.3961489999999999,,TCMB_USDTRY,usd_try,1.39279,1.399508,TCMB daily exchange-rate XML archive
2003-09-01,1.3882599999999998,1.3916,1.38492,1.3882599999999998,1.3882599999999998,,TCMB_USDTRY,usd_try,1.38492,1.3916,TCMB daily exchange-rate XML archive
2003-09-02,1.3910645000000001,1.394411,1.387718,1.3910645000000001,1.3910645000000001,,TCMB_USDTRY,usd_try,1.387718,1.394411,TCMB daily exchange-rate XML archive
2003-09-03,1.391242,1.394589,1.387895,1.391242,1.391242,,TCMB_USDTRY,usd_try,1.387895,1.394589,TCMB daily exchange-rate XML archive
2003-09-04,1.384675,1.388006,1.381344,1.384675,1.384675,,TCMB_USDTRY,usd_try,1.381344,1.388006,TCMB daily exchange-rate XML archive
2003-09-05,1.381196,1.384519,1.377873,1.381196,1.381196,,TCMB_USDTRY,usd_try,1.377873,1.384519,TCMB daily exchange-rate XML archive
2003-09-08,1.3801645,1.383485,1.376844,1.3801645,1.3801645,,TCMB_USDTRY,usd_try,1.376844,1.383485,TCMB daily exchange-rate XML archive
2003-09-09,1.3856775,1.389011,1.382344,1.3856775,1.3856775,,TCMB_USDTRY,usd_try,1.382344,1.389011,TCMB daily exchange-rate XML archive
2003-09-10,1.3807365,1.384058,1.377415,1.3807365,1.3807365,,TCMB_USDTRY,usd_try,1.377415,1.384058,TCMB daily exchange-rate XML archive
2003-09-11,1.3827385,1.386065,1.379412,1.3827385,1.3827385,,TCMB_USDTRY,usd_try,1.379412,1.386065,TCMB daily exchange-rate XML archive
2003-09-12,1.3734675,1.376772,1.370163,1.3734675,1.3734675,,TCMB_USDTRY,usd_try,1.370163,1.376772,TCMB daily exchange-rate XML archive
2003-09-15,1.3722225,1.375524,1.368921,1.3722225,1.3722225,,TCMB_USDTRY,usd_try,1.368921,1.375524,TCMB daily exchange-rate XML archive
2003-09-16,1.3702355,1.373532,1.366939,1.3702355,1.3702355,,TCMB_USDTRY,usd_try,1.366939,1.373532,TCMB daily exchange-rate XML archive
2003-09-17,1.3715215,1.374821,1.368222,1.3715215,1.3715215,,TCMB_USDTRY,usd_try,1.368222,1.374821,TCMB daily exchange-rate XML archive
2003-09-18,1.3710755,1.374374,1.367777,1.3710755,1.3710755,,TCMB_USDTRY,usd_try,1.367777,1.374374,TCMB daily exchange-rate XML archive
2003-09-19,1.3672279999999999,1.370517,1.363939,1.3672279999999999,1.3672279999999999,,TCMB_USDTRY,usd_try,1.363939,1.370517,TCMB daily exchange-rate XML archive
2003-09-22,1.3553825000000002,1.358643,1.352122,1.3553825000000002,1.3553825000000002,,TCMB_USDTRY,usd_try,1.352122,1.358643,TCMB daily exchange-rate XML archive
2003-09-23,1.351274,1.354525,1.348023,1.351274,1.351274,,TCMB_USDTRY,usd_try,1.348023,1.354525,TCMB daily exchange-rate XML archive
2003-09-24,1.352266,1.355519,1.349013,1.352266,1.352266,,TCMB_USDTRY,usd_try,1.349013,1.355519,TCMB daily exchange-rate XML archive
2003-09-25,1.3693345,1.372629,1.36604,1.3693345,1.3693345,,TCMB_USDTRY,usd_try,1.36604,1.372629,TCMB daily exchange-rate XML archive
2003-09-26,1.3684699999999999,1.371762,1.365178,1.3684699999999999,1.3684699999999999,,TCMB_USDTRY,usd_try,1.365178,1.371762,TCMB daily exchange-rate XML archive
2003-09-29,1.3800270000000001,1.383347,1.376707,1.3800270000000001,1.3800270000000001,,TCMB_USDTRY,usd_try,1.376707,1.383347,TCMB daily exchange-rate XML archive
2003-09-30,1.3877165,1.391055,1.384378,1.3877165,1.3877165,,TCMB_USDTRY,usd_try,1.384378,1.391055,TCMB daily exchange-rate XML archive
2003-10-01,1.3901025,1.393447,1.386758,1.3901025,1.3901025,,TCMB_USDTRY,usd_try,1.386758,1.393447,TCMB daily exchange-rate XML archive
2003-10-02,1.402781,1.406156,1.399406,1.402781,1.402781,,TCMB_USDTRY,usd_try,1.399406,1.406156,TCMB daily exchange-rate XML archive
2003-10-03,1.392392,1.395742,1.389042,1.392392,1.392392,,TCMB_USDTRY,usd_try,1.389042,1.395742,TCMB daily exchange-rate XML archive
2003-10-06,1.3643605,1.367643,1.361078,1.3643605,1.3643605,,TCMB_USDTRY,usd_try,1.361078,1.367643,TCMB daily exchange-rate XML archive
2003-10-07,1.375375,1.378684,1.372066,1.375375,1.375375,,TCMB_USDTRY,usd_try,1.372066,1.378684,TCMB daily exchange-rate XML archive
2003-10-08,1.374647,1.377954,1.37134,1.374647,1.374647,,TCMB_USDTRY,usd_try,1.37134,1.377954,TCMB daily exchange-rate XML archive
2003-10-09,1.3811045000000002,1.384427,1.377782,1.3811045000000002,1.3811045000000002,,TCMB_USDTRY,usd_try,1.377782,1.384427,TCMB daily exchange-rate XML archive
2003-10-10,1.3862420000000002,1.389577,1.382907,1.3862420000000002,1.3862420000000002,,TCMB_USDTRY,usd_try,1.382907,1.389577,TCMB daily exchange-rate XML archive
2003-10-13,1.3955175,1.398875,1.39216,1.3955175,1.3955175,,TCMB_USDTRY,usd_try,1.39216,1.398875,TCMB daily exchange-rate XML archive
2003-10-14,1.4126215,1.41602,1.409223,1.4126215,1.4126215,,TCMB_USDTRY,usd_try,1.409223,1.41602,TCMB daily exchange-rate XML archive
2003-10-15,1.405042,1.408422,1.401662,1.405042,1.405042,,TCMB_USDTRY,usd_try,1.401662,1.408422,TCMB daily exchange-rate XML archive
2003-10-16,1.410873,1.414267,1.407479,1.410873,1.410873,,TCMB_USDTRY,usd_try,1.407479,1.414267,TCMB daily exchange-rate XML archive
2003-10-17,1.4350755,1.438528,1.431623,1.4350755,1.4350755,,TCMB_USDTRY,usd_try,1.431623,1.438528,TCMB daily exchange-rate XML archive
2003-10-20,1.4554425,1.458944,1.451941,1.4554425,1.4554425,,TCMB_USDTRY,usd_try,1.451941,1.458944,TCMB daily exchange-rate XML archive
2003-10-21,1.453106,1.456602,1.44961,1.453106,1.453106,,TCMB_USDTRY,usd_try,1.44961,1.456602,TCMB daily exchange-rate XML archive
2003-10-22,1.4721864999999998,1.475728,1.468645,1.4721864999999998,1.4721864999999998,,TCMB_USDTRY,usd_try,1.468645,1.475728,TCMB daily exchange-rate XML archive
2003-10-23,1.471,1.474539,1.467461,1.471,1.471,,TCMB_USDTRY,usd_try,1.467461,1.474539,TCMB daily exchange-rate XML archive
2003-10-24,1.4828905,1.486458,1.479323,1.4828905,1.4828905,,TCMB_USDTRY,usd_try,1.479323,1.486458,TCMB daily exchange-rate XML archive
2003-10-27,1.4999485,1.503557,1.49634,1.4999485,1.4999485,,TCMB_USDTRY,usd_try,1.49634,1.503557,TCMB daily exchange-rate XML archive
2003-10-30,1.4949955,1.498592,1.491399,1.4949955,1.4949955,,TCMB_USDTRY,usd_try,1.491399,1.498592,TCMB daily exchange-rate XML archive
2003-10-31,1.4824775,1.486044,1.478911,1.4824775,1.4824775,,TCMB_USDTRY,usd_try,1.478911,1.486044,TCMB daily exchange-rate XML archive
2003-11-03,1.47437,1.477917,1.470823,1.47437,1.47437,,TCMB_USDTRY,usd_try,1.470823,1.477917,TCMB daily exchange-rate XML archive
2003-11-04,1.4696345000000002,1.47317,1.466099,1.4696345000000002,1.4696345000000002,,TCMB_USDTRY,usd_try,1.466099,1.47317,TCMB daily exchange-rate XML archive
2003-11-05,1.4746035,1.478151,1.471056,1.4746035,1.4746035,,TCMB_USDTRY,usd_try,1.471056,1.478151,TCMB daily exchange-rate XML archive
2003-11-06,1.4921225,1.495712,1.488533,1.4921225,1.4921225,,TCMB_USDTRY,usd_try,1.488533,1.495712,TCMB daily exchange-rate XML archive
2003-11-07,1.5011454999999998,1.504757,1.497534,1.5011454999999998,1.5011454999999998,,TCMB_USDTRY,usd_try,1.497534,1.504757,TCMB daily exchange-rate XML archive
2003-11-10,1.4882505,1.491831,1.48467,1.4882505,1.4882505,,TCMB_USDTRY,usd_try,1.48467,1.491831,TCMB daily exchange-rate XML archive
2003-11-11,1.4820305,1.485596,1.478465,1.4820305,1.4820305,,TCMB_USDTRY,usd_try,1.478465,1.485596,TCMB daily exchange-rate XML archive
2003-11-12,1.4855559999999999,1.48913,1.481982,1.4855559999999999,1.4855559999999999,,TCMB_USDTRY,usd_try,1.481982,1.48913,TCMB daily exchange-rate XML archive
2003-11-13,1.4778725000000001,1.481428,1.474317,1.4778725000000001,1.4778725000000001,,TCMB_USDTRY,usd_try,1.474317,1.481428,TCMB daily exchange-rate XML archive
2003-11-14,1.4707645,1.474303,1.467226,1.4707645,1.4707645,,TCMB_USDTRY,usd_try,1.467226,1.474303,TCMB daily exchange-rate XML archive
2003-11-17,1.4669720000000002,1.470501,1.463443,1.4669720000000002,1.4669720000000002,,TCMB_USDTRY,usd_try,1.463443,1.470501,TCMB daily exchange-rate XML archive
2003-11-18,1.4608295,1.464344,1.457315,1.4608295,1.4608295,,TCMB_USDTRY,usd_try,1.457315,1.464344,TCMB daily exchange-rate XML archive
2003-11-19,1.4553655,1.458867,1.451864,1.4553655,1.4553655,,TCMB_USDTRY,usd_try,1.451864,1.458867,TCMB daily exchange-rate XML archive
2003-11-20,1.4735,1.477045,1.469955,1.4735,1.4735,,TCMB_USDTRY,usd_try,1.469955,1.477045,TCMB daily exchange-rate XML archive
2003-11-21,1.4682955,1.471828,1.464763,1.4682955,1.4682955,,TCMB_USDTRY,usd_try,1.464763,1.471828,TCMB daily exchange-rate XML archive
2003-11-28,1.4587945,1.462304,1.455285,1.4587945,1.4587945,,TCMB_USDTRY,usd_try,1.455285,1.462304,TCMB daily exchange-rate XML archive
2003-12-01,1.450679,1.454169,1.447189,1.450679,1.450679,,TCMB_USDTRY,usd_try,1.447189,1.454169,TCMB daily exchange-rate XML archive
2003-12-02,1.4541205000000001,1.457619,1.450622,1.4541205000000001,1.4541205000000001,,TCMB_USDTRY,usd_try,1.450622,1.457619,TCMB daily exchange-rate XML archive
2003-12-03,1.458651,1.46216,1.455142,1.458651,1.458651,,TCMB_USDTRY,usd_try,1.455142,1.46216,TCMB daily exchange-rate XML archive
2003-12-04,1.4516235000000002,1.455116,1.448131,1.4516235000000002,1.4516235000000002,,TCMB_USDTRY,usd_try,1.448131,1.455116,TCMB daily exchange-rate XML archive
2003-12-05,1.4491625,1.452649,1.445676,1.4491625,1.4491625,,TCMB_USDTRY,usd_try,1.445676,1.452649,TCMB daily exchange-rate XML archive
2003-12-08,1.4384535,1.441914,1.434993,1.4384535,1.4384535,,TCMB_USDTRY,usd_try,1.434993,1.441914,TCMB daily exchange-rate XML archive
2003-12-09,1.4300845,1.433525,1.426644,1.4300845,1.4300845,,TCMB_USDTRY,usd_try,1.426644,1.433525,TCMB daily exchange-rate XML archive
2003-12-10,1.4311889999999998,1.434632,1.427746,1.4311889999999998,1.4311889999999998,,TCMB_USDTRY,usd_try,1.427746,1.434632,TCMB daily exchange-rate XML archive
2003-12-11,1.4400165,1.443481,1.436552,1.4400165,1.4400165,,TCMB_USDTRY,usd_try,1.436552,1.443481,TCMB daily exchange-rate XML archive
2003-12-12,1.4351705,1.438623,1.431718,1.4351705,1.4351705,,TCMB_USDTRY,usd_try,1.431718,1.438623,TCMB daily exchange-rate XML archive
2003-12-15,1.4314355,1.434879,1.427992,1.4314355,1.4314355,,TCMB_USDTRY,usd_try,1.427992,1.434879,TCMB daily exchange-rate XML archive
2003-12-16,1.4224649999999999,1.425887,1.419043,1.4224649999999999,1.4224649999999999,,TCMB_USDTRY,usd_try,1.419043,1.425887,TCMB daily exchange-rate XML archive
2003-12-17,1.4285700000000001,1.432007,1.425133,1.4285700000000001,1.4285700000000001,,TCMB_USDTRY,usd_try,1.425133,1.432007,TCMB daily exchange-rate XML archive
2003-12-18,1.4252095,1.428638,1.421781,1.4252095,1.4252095,,TCMB_USDTRY,usd_try,1.421781,1.428638,TCMB daily exchange-rate XML archive
2003-12-19,1.4247895000000002,1.428217,1.421362,1.4247895000000002,1.4247895000000002,,TCMB_USDTRY,usd_try,1.421362,1.428217,TCMB daily exchange-rate XML archive
2003-12-22,1.429472,1.432911,1.426033,1.429472,1.429472,,TCMB_USDTRY,usd_try,1.426033,1.432911,TCMB daily exchange-rate XML archive
2003-12-23,1.427477,1.430911,1.424043,1.427477,1.427477,,TCMB_USDTRY,usd_try,1.424043,1.430911,TCMB daily exchange-rate XML archive
2003-12-24,1.424416,1.427843,1.420989,1.424416,1.424416,,TCMB_USDTRY,usd_try,1.420989,1.427843,TCMB daily exchange-rate XML archive
2003-12-25,1.4159395,1.419346,1.412533,1.4159395,1.4159395,,TCMB_USDTRY,usd_try,1.412533,1.419346,TCMB daily exchange-rate XML archive
2003-12-26,1.4109495,1.414344,1.407555,1.4109495,1.4109495,,TCMB_USDTRY,usd_try,1.407555,1.414344,TCMB daily exchange-rate XML archive
2003-12-29,1.4110725,1.414467,1.407678,1.4110725,1.4110725,,TCMB_USDTRY,usd_try,1.407678,1.414467,TCMB daily exchange-rate XML archive
2003-12-30,1.399201,1.402567,1.395835,1.399201,1.399201,,TCMB_USDTRY,usd_try,1.395835,1.402567,TCMB daily exchange-rate XML archive
2003-12-31,1.396638,1.399998,1.393278,1.396638,1.396638,,TCMB_USDTRY,usd_try,1.393278,1.399998,TCMB daily exchange-rate XML archive
2004-01-02,1.3926325,1.395983,1.389282,1.3926325,1.3926325,,TCMB_USDTRY,usd_try,1.389282,1.395983,TCMB daily exchange-rate XML archive
2004-01-05,1.374683,1.37799,1.371376,1.374683,1.374683,,TCMB_USDTRY,usd_try,1.371376,1.37799,TCMB daily exchange-rate XML archive
2004-01-06,1.366674,1.369962,1.363386,1.366674,1.366674,,TCMB_USDTRY,usd_try,1.363386,1.369962,TCMB daily exchange-rate XML archive
2004-01-07,1.3669525,1.370241,1.363664,1.3669525,1.3669525,,TCMB_USDTRY,usd_try,1.363664,1.370241,TCMB daily exchange-rate XML archive
2004-01-08,1.364604,1.367887,1.361321,1.364604,1.364604,,TCMB_USDTRY,usd_try,1.361321,1.367887,TCMB daily exchange-rate XML archive
2004-01-09,1.3582025,1.36147,1.354935,1.3582025,1.3582025,,TCMB_USDTRY,usd_try,1.354935,1.36147,TCMB daily exchange-rate XML archive
2004-01-12,1.3354840000000001,1.338697,1.332271,1.3354840000000001,1.3354840000000001,,TCMB_USDTRY,usd_try,1.332271,1.338697,TCMB daily exchange-rate XML archive
2004-01-13,1.3328755,1.336082,1.329669,1.3328755,1.3328755,,TCMB_USDTRY,usd_try,1.329669,1.336082,TCMB daily exchange-rate XML archive
2004-01-14,1.344327,1.347561,1.341093,1.344327,1.344327,,TCMB_USDTRY,usd_try,1.341093,1.347561,TCMB daily exchange-rate XML archive
2004-01-15,1.3394564999999998,1.342679,1.336234,1.3394564999999998,1.3394564999999998,,TCMB_USDTRY,usd_try,1.336234,1.342679,TCMB daily exchange-rate XML archive
2004-01-16,1.337251,1.340468,1.334034,1.337251,1.337251,,TCMB_USDTRY,usd_try,1.334034,1.340468,TCMB daily exchange-rate XML archive
2004-01-19,1.3524415,1.355695,1.349188,1.3524415,1.3524415,,TCMB_USDTRY,usd_try,1.349188,1.355695,TCMB daily exchange-rate XML archive
2004-01-20,1.3362155,1.33943,1.333001,1.3362155,1.3362155,,TCMB_USDTRY,usd_try,1.333001,1.33943,TCMB daily exchange-rate XML archive
2004-01-21,1.3294905,1.332689,1.326292,1.3294905,1.3294905,,TCMB_USDTRY,usd_try,1.326292,1.332689,TCMB daily exchange-rate XML archive
2004-01-22,1.3258225000000001,1.329012,1.322633,1.3258225000000001,1.3258225000000001,,TCMB_USDTRY,usd_try,1.322633,1.329012,TCMB daily exchange-rate XML archive
2004-01-23,1.3241465,1.327332,1.320961,1.3241465,1.3241465,,TCMB_USDTRY,usd_try,1.320961,1.327332,TCMB daily exchange-rate XML archive
2004-01-26,1.322559,1.325741,1.319377,1.322559,1.322559,,TCMB_USDTRY,usd_try,1.319377,1.325741,TCMB daily exchange-rate XML archive
2004-01-27,1.3187515,1.321924,1.315579,1.3187515,1.3187515,,TCMB_USDTRY,usd_try,1.315579,1.321924,TCMB daily exchange-rate XML archive
2004-01-28,1.324259,1.327445,1.321073,1.324259,1.324259,,TCMB_USDTRY,usd_try,1.321073,1.327445,TCMB daily exchange-rate XML archive
2004-01-29,1.336404,1.339619,1.333189,1.336404,1.336404,,TCMB_USDTRY,usd_try,1.333189,1.339619,TCMB daily exchange-rate XML archive
2004-01-30,1.3402255,1.34345,1.337001,1.3402255,1.3402255,,TCMB_USDTRY,usd_try,1.337001,1.34345,TCMB daily exchange-rate XML archive
2004-02-05,1.3245095,1.327696,1.321323,1.3245095,1.3245095,,TCMB_USDTRY,usd_try,1.321323,1.327696,TCMB daily exchange-rate XML archive
2004-02-06,1.336015,1.339229,1.332801,1.336015,1.336015,,TCMB_USDTRY,usd_try,1.332801,1.339229,TCMB daily exchange-rate XML archive
2004-02-09,1.3453694999999999,1.348606,1.342133,1.3453694999999999,1.3453694999999999,,TCMB_USDTRY,usd_try,1.342133,1.348606,TCMB daily exchange-rate XML archive
2004-02-10,1.3420714999999999,1.3453,1.338843,1.3420714999999999,1.3420714999999999,,TCMB_USDTRY,usd_try,1.338843,1.3453,TCMB daily exchange-rate XML archive
2004-02-11,1.337945,1.341164,1.334726,1.337945,1.337945,,TCMB_USDTRY,usd_try,1.334726,1.341164,TCMB daily exchange-rate XML archive
2004-02-12,1.3180939999999999,1.321265,1.314923,1.3180939999999999,1.3180939999999999,,TCMB_USDTRY,usd_try,1.314923,1.321265,TCMB daily exchange-rate XML archive
2004-02-13,1.3143470000000002,1.317509,1.311185,1.3143470000000002,1.3143470000000002,,TCMB_USDTRY,usd_try,1.311185,1.317509,TCMB daily exchange-rate XML archive
2004-02-16,1.3199375,1.323113,1.316762,1.3199375,1.3199375,,TCMB_USDTRY,usd_try,1.316762,1.323113,TCMB daily exchange-rate XML archive
2004-02-17,1.3170834999999999,1.320252,1.313915,1.3170834999999999,1.3170834999999999,,TCMB_USDTRY,usd_try,1.313915,1.320252,TCMB daily exchange-rate XML archive
2004-02-18,1.3191005,1.322274,1.315927,1.3191005,1.3191005,,TCMB_USDTRY,usd_try,1.315927,1.322274,TCMB daily exchange-rate XML archive
2004-02-19,1.3240675,1.327253,1.320882,1.3240675,1.3240675,,TCMB_USDTRY,usd_try,1.320882,1.327253,TCMB daily exchange-rate XML archive
2004-02-20,1.3260895000000001,1.32928,1.322899,1.3260895000000001,1.3260895000000001,,TCMB_USDTRY,usd_try,1.322899,1.32928,TCMB daily exchange-rate XML archive
2004-02-23,1.3267980000000001,1.32999,1.323606,1.3267980000000001,1.3267980000000001,,TCMB_USDTRY,usd_try,1.323606,1.32999,TCMB daily exchange-rate XML archive
2004-02-24,1.322724,1.325906,1.319542,1.322724,1.322724,,TCMB_USDTRY,usd_try,1.319542,1.325906,TCMB daily exchange-rate XML archive
2004-02-25,1.3178945,1.321065,1.314724,1.3178945,1.3178945,,TCMB_USDTRY,usd_try,1.314724,1.321065,TCMB daily exchange-rate XML archive
2004-02-26,1.3271045,1.330297,1.323912,1.3271045,1.3271045,,TCMB_USDTRY,usd_try,1.323912,1.330297,TCMB daily exchange-rate XML archive
2004-02-27,1.3244925,1.327679,1.321306,1.3244925,1.3244925,,TCMB_USDTRY,usd_try,1.321306,1.327679,TCMB daily exchange-rate XML archive
2004-03-01,1.317996,1.321167,1.314825,1.317996,1.317996,,TCMB_USDTRY,usd_try,1.314825,1.321167,TCMB daily exchange-rate XML archive
2004-03-02,1.3174265,1.320596,1.314257,1.3174265,1.3174265,,TCMB_USDTRY,usd_try,1.314257,1.320596,TCMB daily exchange-rate XML archive
2004-03-03,1.3295705,1.332769,1.326372,1.3295705,1.3295705,,TCMB_USDTRY,usd_try,1.326372,1.332769,TCMB daily exchange-rate XML archive
2004-03-04,1.3261664999999998,1.329357,1.322976,1.3261664999999998,1.3261664999999998,,TCMB_USDTRY,usd_try,1.322976,1.329357,TCMB daily exchange-rate XML archive
2004-03-05,1.32641,1.329601,1.323219,1.32641,1.32641,,TCMB_USDTRY,usd_try,1.323219,1.329601,TCMB daily exchange-rate XML archive
2004-03-08,1.3176100000000002,1.32078,1.31444,1.3176100000000002,1.3176100000000002,,TCMB_USDTRY,usd_try,1.31444,1.32078,TCMB daily exchange-rate XML archive
2004-03-09,1.314378,1.31754,1.311216,1.314378,1.314378,,TCMB_USDTRY,usd_try,1.311216,1.31754,TCMB daily exchange-rate XML archive
2004-03-10,1.3158075,1.318973,1.312642,1.3158075,1.3158075,,TCMB_USDTRY,usd_try,1.312642,1.318973,TCMB daily exchange-rate XML archive
2004-03-11,1.3210449999999998,1.324223,1.317867,1.3210449999999998,1.3210449999999998,,TCMB_USDTRY,usd_try,1.317867,1.324223,TCMB daily exchange-rate XML archive
2004-03-12,1.319004,1.322177,1.315831,1.319004,1.319004,,TCMB_USDTRY,usd_try,1.315831,1.322177,TCMB daily exchange-rate XML archive
2004-03-15,1.3143470000000002,1.317509,1.311185,1.3143470000000002,1.3143470000000002,,TCMB_USDTRY,usd_try,1.311185,1.317509,TCMB daily exchange-rate XML archive
2004-03-16,1.314407,1.317569,1.311245,1.314407,1.314407,,TCMB_USDTRY,usd_try,1.311245,1.317569,TCMB daily exchange-rate XML archive
2004-03-17,1.3190395000000001,1.322213,1.315866,1.3190395000000001,1.3190395000000001,,TCMB_USDTRY,usd_try,1.315866,1.322213,TCMB daily exchange-rate XML archive
2004-03-18,1.3244865,1.327673,1.3213,1.3244865,1.3244865,,TCMB_USDTRY,usd_try,1.3213,1.327673,TCMB daily exchange-rate XML archive
2004-03-19,1.3153705,1.318535,1.312206,1.3153705,1.3153705,,TCMB_USDTRY,usd_try,1.312206,1.318535,TCMB daily exchange-rate XML archive
2004-03-22,1.3161565,1.319323,1.31299,1.3161565,1.3161565,,TCMB_USDTRY,usd_try,1.31299,1.319323,TCMB daily exchange-rate XML archive
2004-03-23,1.316404,1.319571,1.313237,1.316404,1.316404,,TCMB_USDTRY,usd_try,1.313237,1.319571,TCMB daily exchange-rate XML archive
2004-03-24,1.315628,1.318793,1.312463,1.315628,1.315628,,TCMB_USDTRY,usd_try,1.312463,1.318793,TCMB daily exchange-rate XML archive
2004-03-25,1.322308,1.325489,1.319127,1.322308,1.322308,,TCMB_USDTRY,usd_try,1.319127,1.325489,TCMB daily exchange-rate XML archive
2004-03-26,1.3187855,1.321958,1.315613,1.3187855,1.3187855,,TCMB_USDTRY,usd_try,1.315613,1.321958,TCMB daily exchange-rate XML archive
2004-03-29,1.316424,1.319591,1.313257,1.316424,1.316424,,TCMB_USDTRY,usd_try,1.313257,1.319591,TCMB daily exchange-rate XML archive
2004-03-30,1.3144485000000001,1.317611,1.311286,1.3144485000000001,1.3144485000000001,,TCMB_USDTRY,usd_try,1.311286,1.317611,TCMB daily exchange-rate XML archive
2004-03-31,1.3133785,1.316538,1.310219,1.3133785,1.3133785,,TCMB_USDTRY,usd_try,1.310219,1.316538,TCMB daily exchange-rate XML archive
2004-04-01,1.3099105,1.313062,1.306759,1.3099105,1.3099105,,TCMB_USDTRY,usd_try,1.306759,1.313062,TCMB daily exchange-rate XML archive
2004-04-02,1.3044785,1.307617,1.30134,1.3044785,1.3044785,,TCMB_USDTRY,usd_try,1.30134,1.307617,TCMB daily exchange-rate XML archive
2004-04-05,1.3124595000000001,1.315617,1.309302,1.3124595000000001,1.3124595000000001,,TCMB_USDTRY,usd_try,1.309302,1.315617,TCMB daily exchange-rate XML archive
2004-04-06,1.3082384999999999,1.311386,1.305091,1.3082384999999999,1.3082384999999999,,TCMB_USDTRY,usd_try,1.305091,1.311386,TCMB daily exchange-rate XML archive
2004-04-07,1.321078,1.324256,1.3179,1.321078,1.321078,,TCMB_USDTRY,usd_try,1.3179,1.324256,TCMB daily exchange-rate XML archive
2004-04-08,1.3387295,1.34195,1.335509,1.3387295,1.3387295,,TCMB_USDTRY,usd_try,1.335509,1.34195,TCMB daily exchange-rate XML archive
2004-04-12,1.347194,1.350435,1.343953,1.347194,1.347194,,TCMB_USDTRY,usd_try,1.343953,1.350435,TCMB daily exchange-rate XML archive
2004-04-13,1.3573585000000001,1.360624,1.354093,1.3573585000000001,1.3573585000000001,,TCMB_USDTRY,usd_try,1.354093,1.360624,TCMB daily exchange-rate XML archive
2004-04-14,1.3492359999999999,1.352482,1.34599,1.3492359999999999,1.3492359999999999,,TCMB_USDTRY,usd_try,1.34599,1.352482,TCMB daily exchange-rate XML archive
2004-04-15,1.3661305000000001,1.369417,1.362844,1.3661305000000001,1.3661305000000001,,TCMB_USDTRY,usd_try,1.362844,1.369417,TCMB daily exchange-rate XML archive
2004-04-16,1.3581615,1.361429,1.354894,1.3581615,1.3581615,,TCMB_USDTRY,usd_try,1.354894,1.361429,TCMB daily exchange-rate XML archive
2004-04-19,1.3498614999999998,1.353109,1.346614,1.3498614999999998,1.3498614999999998,,TCMB_USDTRY,usd_try,1.346614,1.353109,TCMB daily exchange-rate XML archive
2004-04-20,1.365396,1.368681,1.362111,1.365396,1.365396,,TCMB_USDTRY,usd_try,1.362111,1.368681,TCMB daily exchange-rate XML archive
2004-04-21,1.3853105000000001,1.388643,1.381978,1.3853105000000001,1.3853105000000001,,TCMB_USDTRY,usd_try,1.381978,1.388643,TCMB daily exchange-rate XML archive
2004-04-22,1.3852875,1.38862,1.381955,1.3852875,1.3852875,,TCMB_USDTRY,usd_try,1.381955,1.38862,TCMB daily exchange-rate XML archive
2004-04-26,1.3729770000000001,1.37628,1.369674,1.3729770000000001,1.3729770000000001,,TCMB_USDTRY,usd_try,1.369674,1.37628,TCMB daily exchange-rate XML archive
2004-04-27,1.40875,1.412139,1.405361,1.40875,1.40875,,TCMB_USDTRY,usd_try,1.405361,1.412139,TCMB daily exchange-rate XML archive
2004-04-28,1.4217165,1.425137,1.418296,1.4217165,1.4217165,,TCMB_USDTRY,usd_try,1.418296,1.425137,TCMB daily exchange-rate XML archive
2004-04-29,1.4436010000000001,1.447074,1.440128,1.4436010000000001,1.4436010000000001,,TCMB_USDTRY,usd_try,1.440128,1.447074,TCMB daily exchange-rate XML archive
2004-04-30,1.420717,1.424135,1.417299,1.420717,1.420717,,TCMB_USDTRY,usd_try,1.417299,1.424135,TCMB daily exchange-rate XML archive
2004-05-03,1.4351634999999998,1.438616,1.431711,1.4351634999999998,1.4351634999999998,,TCMB_USDTRY,usd_try,1.431711,1.438616,TCMB daily exchange-rate XML archive
2004-05-04,1.4583335000000002,1.461842,1.454825,1.4583335000000002,1.4583335000000002,,TCMB_USDTRY,usd_try,1.454825,1.461842,TCMB daily exchange-rate XML archive
2004-05-05,1.446162,1.449641,1.442683,1.446162,1.446162,,TCMB_USDTRY,usd_try,1.442683,1.449641,TCMB daily exchange-rate XML archive
2004-05-06,1.4496305,1.453118,1.446143,1.4496305,1.4496305,,TCMB_USDTRY,usd_try,1.446143,1.453118,TCMB daily exchange-rate XML archive
2004-05-07,1.480105,1.483666,1.476544,1.480105,1.480105,,TCMB_USDTRY,usd_try,1.476544,1.483666,TCMB daily exchange-rate XML archive
2004-05-10,1.53056,1.534242,1.526878,1.53056,1.53056,,TCMB_USDTRY,usd_try,1.526878,1.534242,TCMB daily exchange-rate XML archive
2004-05-11,1.539708,1.543412,1.536004,1.539708,1.539708,,TCMB_USDTRY,usd_try,1.536004,1.543412,TCMB daily exchange-rate XML archive
2004-05-12,1.519182,1.522837,1.515527,1.519182,1.519182,,TCMB_USDTRY,usd_try,1.515527,1.522837,TCMB daily exchange-rate XML archive
2004-05-13,1.544628,1.548344,1.540912,1.544628,1.544628,,TCMB_USDTRY,usd_try,1.540912,1.548344,TCMB daily exchange-rate XML archive
2004-05-14,1.531238,1.534922,1.527554,1.531238,1.531238,,TCMB_USDTRY,usd_try,1.527554,1.534922,TCMB daily exchange-rate XML archive
2004-05-17,1.5282765,1.531953,1.5246,1.5282765,1.5282765,,TCMB_USDTRY,usd_try,1.5246,1.531953,TCMB daily exchange-rate XML archive
2004-05-18,1.548449,1.552174,1.544724,1.548449,1.548449,,TCMB_USDTRY,usd_try,1.544724,1.552174,TCMB daily exchange-rate XML archive
2004-05-20,1.5534430000000001,1.55718,1.549706,1.5534430000000001,1.5534430000000001,,TCMB_USDTRY,usd_try,1.549706,1.55718,TCMB daily exchange-rate XML archive
2004-05-21,1.5544495,1.558189,1.55071,1.5544495,1.5544495,,TCMB_USDTRY,usd_try,1.55071,1.558189,TCMB daily exchange-rate XML archive
2004-05-24,1.535076,1.538769,1.531383,1.535076,1.535076,,TCMB_USDTRY,usd_try,1.531383,1.538769,TCMB daily exchange-rate XML archive
2004-05-25,1.5170655000000002,1.520715,1.513416,1.5170655000000002,1.5170655000000002,,TCMB_USDTRY,usd_try,1.513416,1.520715,TCMB daily exchange-rate XML archive
2004-05-26,1.504726,1.508346,1.501106,1.504726,1.504726,,TCMB_USDTRY,usd_try,1.501106,1.508346,TCMB daily exchange-rate XML archive
2004-05-27,1.513422,1.517063,1.509781,1.513422,1.513422,,TCMB_USDTRY,usd_try,1.509781,1.517063,TCMB daily exchange-rate XML archive
2004-05-28,1.48892,1.492502,1.485338,1.48892,1.48892,,TCMB_USDTRY,usd_try,1.485338,1.492502,TCMB daily exchange-rate XML archive
2004-05-31,1.495615,1.499213,1.492017,1.495615,1.495615,,TCMB_USDTRY,usd_try,1.492017,1.499213,TCMB daily exchange-rate XML archive
2004-06-01,1.4933584999999998,1.496951,1.489766,1.4933584999999998,1.4933584999999998,,TCMB_USDTRY,usd_try,1.489766,1.496951,TCMB daily exchange-rate XML archive
2004-06-02,1.5138349999999998,1.517477,1.510193,1.5138349999999998,1.5138349999999998,,TCMB_USDTRY,usd_try,1.510193,1.517477,TCMB daily exchange-rate XML archive
2004-06-03,1.5207345,1.524393,1.517076,1.5207345,1.5207345,,TCMB_USDTRY,usd_try,1.517076,1.524393,TCMB daily exchange-rate XML archive
2004-06-04,1.499795,1.503403,1.496187,1.499795,1.499795,,TCMB_USDTRY,usd_try,1.496187,1.503403,TCMB daily exchange-rate XML archive
2004-06-07,1.4744774999999999,1.478025,1.47093,1.4744774999999999,1.4744774999999999,,TCMB_USDTRY,usd_try,1.47093,1.478025,TCMB daily exchange-rate XML archive
2004-06-08,1.4700085,1.473545,1.466472,1.4700085,1.4700085,,TCMB_USDTRY,usd_try,1.466472,1.473545,TCMB daily exchange-rate XML archive
2004-06-09,1.4844515,1.488023,1.48088,1.4844515,1.4844515,,TCMB_USDTRY,usd_try,1.48088,1.488023,TCMB daily exchange-rate XML archive
2004-06-10,1.4928915,1.496483,1.4893,1.4928915,1.4928915,,TCMB_USDTRY,usd_try,1.4893,1.496483,TCMB daily exchange-rate XML archive
2004-06-11,1.4887365,1.492318,1.485155,1.4887365,1.4887365,,TCMB_USDTRY,usd_try,1.485155,1.492318,TCMB daily exchange-rate XML archive
2004-06-14,1.5061945,1.509818,1.502571,1.5061945,1.5061945,,TCMB_USDTRY,usd_try,1.502571,1.509818,TCMB daily exchange-rate XML archive
2004-06-15,1.5102415,1.513875,1.506608,1.5102415,1.5102415,,TCMB_USDTRY,usd_try,1.506608,1.513875,TCMB daily exchange-rate XML archive
2004-06-16,1.4903235,1.493909,1.486738,1.4903235,1.4903235,,TCMB_USDTRY,usd_try,1.486738,1.493909,TCMB daily exchange-rate XML archive
2004-06-17,1.490608,1.494194,1.487022,1.490608,1.490608,,TCMB_USDTRY,usd_try,1.487022,1.494194,TCMB daily exchange-rate XML archive
2004-06-18,1.4891285,1.492711,1.485546,1.4891285,1.4891285,,TCMB_USDTRY,usd_try,1.485546,1.492711,TCMB daily exchange-rate XML archive
2004-06-21,1.488404,1.491985,1.484823,1.488404,1.488404,,TCMB_USDTRY,usd_try,1.484823,1.491985,TCMB daily exchange-rate XML archive
2004-06-22,1.4808295,1.484392,1.477267,1.4808295,1.4808295,,TCMB_USDTRY,usd_try,1.477267,1.484392,TCMB daily exchange-rate XML archive
2004-06-23,1.4879615,1.491541,1.484382,1.4879615,1.4879615,,TCMB_USDTRY,usd_try,1.484382,1.491541,TCMB daily exchange-rate XML archive
2004-06-24,1.486473,1.490049,1.482897,1.486473,1.486473,,TCMB_USDTRY,usd_try,1.482897,1.490049,TCMB daily exchange-rate XML archive
2004-06-25,1.487747,1.491326,1.484168,1.487747,1.487747,,TCMB_USDTRY,usd_try,1.484168,1.491326,TCMB daily exchange-rate XML archive
2004-06-28,1.49007,1.493655,1.486485,1.49007,1.49007,,TCMB_USDTRY,usd_try,1.486485,1.493655,TCMB daily exchange-rate XML archive
2004-06-29,1.4894945,1.493078,1.485911,1.4894945,1.4894945,,TCMB_USDTRY,usd_try,1.485911,1.493078,TCMB daily exchange-rate XML archive
2004-06-30,1.4844825,1.488054,1.480911,1.4844825,1.4844825,,TCMB_USDTRY,usd_try,1.480911,1.488054,TCMB daily exchange-rate XML archive
2004-07-01,1.4700635,1.4736,1.466527,1.4700635,1.4700635,,TCMB_USDTRY,usd_try,1.466527,1.4736,TCMB daily exchange-rate XML archive
2004-07-02,1.4580325,1.46154,1.454525,1.4580325,1.4580325,,TCMB_USDTRY,usd_try,1.454525,1.46154,TCMB daily exchange-rate XML archive
2004-07-05,1.439462,1.442925,1.435999,1.439462,1.439462,,TCMB_USDTRY,usd_try,1.435999,1.442925,TCMB daily exchange-rate XML archive
2004-07-06,1.434481,1.437932,1.43103,1.434481,1.434481,,TCMB_USDTRY,usd_try,1.43103,1.437932,TCMB daily exchange-rate XML archive
2004-07-07,1.441544,1.445012,1.438076,1.441544,1.441544,,TCMB_USDTRY,usd_try,1.438076,1.445012,TCMB daily exchange-rate XML archive
2004-07-08,1.441924,1.445393,1.438455,1.441924,1.441924,,TCMB_USDTRY,usd_try,1.438455,1.445393,TCMB daily exchange-rate XML archive
2004-07-09,1.4434205,1.446893,1.439948,1.4434205,1.4434205,,TCMB_USDTRY,usd_try,1.439948,1.446893,TCMB daily exchange-rate XML archive
2004-07-12,1.442856,1.446327,1.439385,1.442856,1.442856,,TCMB_USDTRY,usd_try,1.439385,1.446327,TCMB daily exchange-rate XML archive
2004-07-13,1.432325,1.435771,1.428879,1.432325,1.432325,,TCMB_USDTRY,usd_try,1.428879,1.435771,TCMB daily exchange-rate XML archive
2004-07-14,1.4301955,1.433636,1.426755,1.4301955,1.4301955,,TCMB_USDTRY,usd_try,1.426755,1.433636,TCMB daily exchange-rate XML archive
2004-07-15,1.432751,1.436198,1.429304,1.432751,1.432751,,TCMB_USDTRY,usd_try,1.429304,1.436198,TCMB daily exchange-rate XML archive
2004-07-16,1.4346465,1.438098,1.431195,1.4346465,1.4346465,,TCMB_USDTRY,usd_try,1.431195,1.438098,TCMB daily exchange-rate XML archive
2004-07-19,1.4258565,1.429287,1.422426,1.4258565,1.4258565,,TCMB_USDTRY,usd_try,1.422426,1.429287,TCMB daily exchange-rate XML archive
2004-07-20,1.4365739999999998,1.44003,1.433118,1.4365739999999998,1.4365739999999998,,TCMB_USDTRY,usd_try,1.433118,1.44003,TCMB daily exchange-rate XML archive
2004-07-21,1.4474995000000002,1.450982,1.444017,1.4474995000000002,1.4474995000000002,,TCMB_USDTRY,usd_try,1.444017,1.450982,TCMB daily exchange-rate XML archive
2004-07-22,1.4621425000000001,1.46566,1.458625,1.4621425000000001,1.4621425000000001,,TCMB_USDTRY,usd_try,1.458625,1.46566,TCMB daily exchange-rate XML archive
2004-07-23,1.457228,1.460734,1.453722,1.457228,1.457228,,TCMB_USDTRY,usd_try,1.453722,1.460734,TCMB daily exchange-rate XML archive
2004-07-26,1.4732875,1.476832,1.469743,1.4732875,1.4732875,,TCMB_USDTRY,usd_try,1.469743,1.476832,TCMB daily exchange-rate XML archive
2004-07-27,1.488872,1.492454,1.48529,1.488872,1.488872,,TCMB_USDTRY,usd_try,1.48529,1.492454,TCMB daily exchange-rate XML archive
2004-07-28,1.4885890000000002,1.49217,1.485008,1.4885890000000002,1.4885890000000002,,TCMB_USDTRY,usd_try,1.485008,1.49217,TCMB daily exchange-rate XML archive
2004-07-29,1.471862,1.475403,1.468321,1.471862,1.471862,,TCMB_USDTRY,usd_try,1.468321,1.475403,TCMB daily exchange-rate XML archive
2004-07-30,1.4661814999999998,1.469709,1.462654,1.4661814999999998,1.4661814999999998,,TCMB_USDTRY,usd_try,1.462654,1.469709,TCMB daily exchange-rate XML archive
2004-08-02,1.4562965,1.4598,1.452793,1.4562965,1.4562965,,TCMB_USDTRY,usd_try,1.452793,1.4598,TCMB daily exchange-rate XML archive
2004-08-03,1.471014,1.474553,1.467475,1.471014,1.471014,,TCMB_USDTRY,usd_try,1.467475,1.474553,TCMB daily exchange-rate XML archive
2004-08-04,1.4770865,1.48064,1.473533,1.4770865,1.4770865,,TCMB_USDTRY,usd_try,1.473533,1.48064,TCMB daily exchange-rate XML archive
2004-08-05,1.467736,1.471267,1.464205,1.467736,1.467736,,TCMB_USDTRY,usd_try,1.464205,1.471267,TCMB daily exchange-rate XML archive
2004-08-06,1.4659245,1.469451,1.462398,1.4659245,1.4659245,,TCMB_USDTRY,usd_try,1.462398,1.469451,TCMB daily exchange-rate XML archive
2004-08-09,1.4439055,1.447379,1.440432,1.4439055,1.4439055,,TCMB_USDTRY,usd_try,1.440432,1.447379,TCMB daily exchange-rate XML archive
2004-08-10,1.447373,1.450855,1.443891,1.447373,1.447373,,TCMB_USDTRY,usd_try,1.443891,1.450855,TCMB daily exchange-rate XML archive
2004-08-11,1.45642,1.459924,1.452916,1.45642,1.45642,,TCMB_USDTRY,usd_try,1.452916,1.459924,TCMB daily exchange-rate XML archive
2004-08-12,1.4562045000000001,1.459708,1.452701,1.4562045000000001,1.4562045000000001,,TCMB_USDTRY,usd_try,1.452701,1.459708,TCMB daily exchange-rate XML archive
2004-08-13,1.4700995,1.473636,1.466563,1.4700995,1.4700995,,TCMB_USDTRY,usd_try,1.466563,1.473636,TCMB daily exchange-rate XML archive
2004-08-16,1.4558955,1.459398,1.452393,1.4558955,1.4558955,,TCMB_USDTRY,usd_try,1.452393,1.459398,TCMB daily exchange-rate XML archive
2004-08-17,1.4566095,1.460114,1.453105,1.4566095,1.4566095,,TCMB_USDTRY,usd_try,1.453105,1.460114,TCMB daily exchange-rate XML archive
2004-08-18,1.4550835000000002,1.458584,1.451583,1.4550835000000002,1.4550835000000002,,TCMB_USDTRY,usd_try,1.451583,1.458584,TCMB daily exchange-rate XML archive
2004-08-19,1.4650025,1.468527,1.461478,1.4650025,1.4650025,,TCMB_USDTRY,usd_try,1.461478,1.468527,TCMB daily exchange-rate XML archive
2004-08-20,1.4705620000000001,1.4741,1.467024,1.4705620000000001,1.4705620000000001,,TCMB_USDTRY,usd_try,1.467024,1.4741,TCMB daily exchange-rate XML archive
2004-08-23,1.491096,1.494683,1.487509,1.491096,1.491096,,TCMB_USDTRY,usd_try,1.487509,1.494683,TCMB daily exchange-rate XML archive
2004-08-24,1.512521,1.51616,1.508882,1.512521,1.512521,,TCMB_USDTRY,usd_try,1.508882,1.51616,TCMB daily exchange-rate XML archive
2004-08-25,1.496366,1.499966,1.492766,1.496366,1.496366,,TCMB_USDTRY,usd_try,1.492766,1.499966,TCMB daily exchange-rate XML archive
2004-08-26,1.506837,1.510462,1.503212,1.506837,1.506837,,TCMB_USDTRY,usd_try,1.503212,1.510462,TCMB daily exchange-rate XML archive
2004-08-27,1.5008025,1.504413,1.497192,1.5008025,1.5008025,,TCMB_USDTRY,usd_try,1.497192,1.504413,TCMB daily exchange-rate XML archive
2004-08-31,1.5057445,1.509367,1.502122,1.5057445,1.5057445,,TCMB_USDTRY,usd_try,1.502122,1.509367,TCMB daily exchange-rate XML archive
2004-09-01,1.50135,1.504962,1.497738,1.50135,1.50135,,TCMB_USDTRY,usd_try,1.497738,1.504962,TCMB daily exchange-rate XML archive
2004-09-02,1.504342,1.507961,1.500723,1.504342,1.504342,,TCMB_USDTRY,usd_try,1.500723,1.507961,TCMB daily exchange-rate XML archive
2004-09-03,1.5032364999999999,1.506853,1.49962,1.5032364999999999,1.5032364999999999,,TCMB_USDTRY,usd_try,1.49962,1.506853,TCMB daily exchange-rate XML archive
2004-09-06,1.5090564999999998,1.512687,1.505426,1.5090564999999998,1.5090564999999998,,TCMB_USDTRY,usd_try,1.505426,1.512687,TCMB daily exchange-rate XML archive
2004-09-07,1.5014889999999999,1.505101,1.497877,1.5014889999999999,1.5014889999999999,,TCMB_USDTRY,usd_try,1.497877,1.505101,TCMB daily exchange-rate XML archive
2004-09-08,1.498992,1.502598,1.495386,1.498992,1.498992,,TCMB_USDTRY,usd_try,1.495386,1.502598,TCMB daily exchange-rate XML archive
2004-09-09,1.491882,1.495471,1.488293,1.491882,1.491882,,TCMB_USDTRY,usd_try,1.488293,1.495471,TCMB daily exchange-rate XML archive
2004-09-10,1.487291,1.490869,1.483713,1.487291,1.487291,,TCMB_USDTRY,usd_try,1.483713,1.490869,TCMB daily exchange-rate XML archive
2004-09-13,1.49685,1.500451,1.493249,1.49685,1.49685,,TCMB_USDTRY,usd_try,1.493249,1.500451,TCMB daily exchange-rate XML archive
2004-09-14,1.4978175,1.501421,1.494214,1.4978175,1.4978175,,TCMB_USDTRY,usd_try,1.494214,1.501421,TCMB daily exchange-rate XML archive
2004-09-15,1.4893360000000002,1.492919,1.485753,1.4893360000000002,1.4893360000000002,,TCMB_USDTRY,usd_try,1.485753,1.492919,TCMB daily exchange-rate XML archive
2004-09-16,1.498864,1.50247,1.495258,1.498864,1.498864,,TCMB_USDTRY,usd_try,1.495258,1.50247,TCMB daily exchange-rate XML archive
2004-09-17,1.5097429999999998,1.513375,1.506111,1.5097429999999998,1.5097429999999998,,TCMB_USDTRY,usd_try,1.506111,1.513375,TCMB daily exchange-rate XML archive
2004-09-20,1.5350730000000001,1.538766,1.53138,1.5350730000000001,1.5350730000000001,,TCMB_USDTRY,usd_try,1.53138,1.538766,TCMB daily exchange-rate XML archive
2004-09-21,1.5229819999999998,1.526646,1.519318,1.5229819999999998,1.5229819999999998,,TCMB_USDTRY,usd_try,1.519318,1.526646,TCMB daily exchange-rate XML archive
2004-09-22,1.506022,1.509645,1.502399,1.506022,1.506022,,TCMB_USDTRY,usd_try,1.502399,1.509645,TCMB daily exchange-rate XML archive
2004-09-23,1.4974665,1.501069,1.493864,1.4974665,1.4974665,,TCMB_USDTRY,usd_try,1.493864,1.501069,TCMB daily exchange-rate XML archive
2004-09-24,1.4911,1.494687,1.487513,1.4911,1.4911,,TCMB_USDTRY,usd_try,1.487513,1.494687,TCMB daily exchange-rate XML archive
2004-09-27,1.4932694999999998,1.496862,1.489677,1.4932694999999998,1.4932694999999998,,TCMB_USDTRY,usd_try,1.489677,1.496862,TCMB daily exchange-rate XML archive
2004-09-28,1.4998325000000001,1.503441,1.496224,1.4998325000000001,1.4998325000000001,,TCMB_USDTRY,usd_try,1.496224,1.503441,TCMB daily exchange-rate XML archive
2004-09-29,1.5013079999999999,1.50492,1.497696,1.5013079999999999,1.5013079999999999,,TCMB_USDTRY,usd_try,1.497696,1.50492,TCMB daily exchange-rate XML archive
2004-09-30,1.50096,1.504571,1.497349,1.50096,1.50096,,TCMB_USDTRY,usd_try,1.497349,1.504571,TCMB daily exchange-rate XML archive
2004-10-01,1.5024595,1.506074,1.498845,1.5024595,1.5024595,,TCMB_USDTRY,usd_try,1.498845,1.506074,TCMB daily exchange-rate XML archive
2004-10-04,1.508037,1.511665,1.504409,1.508037,1.508037,,TCMB_USDTRY,usd_try,1.504409,1.511665,TCMB daily exchange-rate XML archive
2004-10-05,1.503454,1.507071,1.499837,1.503454,1.503454,,TCMB_USDTRY,usd_try,1.499837,1.507071,TCMB daily exchange-rate XML archive
2004-10-06,1.5004255,1.504035,1.496816,1.5004255,1.5004255,,TCMB_USDTRY,usd_try,1.496816,1.504035,TCMB daily exchange-rate XML archive
2004-10-07,1.4999855000000002,1.503594,1.496377,1.4999855000000002,1.4999855000000002,,TCMB_USDTRY,usd_try,1.496377,1.503594,TCMB daily exchange-rate XML archive
2004-10-08,1.493893,1.497487,1.490299,1.493893,1.493893,,TCMB_USDTRY,usd_try,1.490299,1.497487,TCMB daily exchange-rate XML archive
2004-10-11,1.4919335,1.495523,1.488344,1.4919335,1.4919335,,TCMB_USDTRY,usd_try,1.488344,1.495523,TCMB daily exchange-rate XML archive
2004-10-12,1.492753,1.496344,1.489162,1.492753,1.492753,,TCMB_USDTRY,usd_try,1.489162,1.496344,TCMB daily exchange-rate XML archive
2004-10-13,1.48682,1.490397,1.483243,1.48682,1.48682,,TCMB_USDTRY,usd_try,1.483243,1.490397,TCMB daily exchange-rate XML archive
2004-10-14,1.4857285,1.489303,1.482154,1.4857285,1.4857285,,TCMB_USDTRY,usd_try,1.482154,1.489303,TCMB daily exchange-rate XML archive
2004-10-15,1.4861305,1.489706,1.482555,1.4861305,1.4861305,,TCMB_USDTRY,usd_try,1.482555,1.489706,TCMB daily exchange-rate XML archive
2004-10-18,1.4801950000000001,1.483756,1.476634,1.4801950000000001,1.4801950000000001,,TCMB_USDTRY,usd_try,1.476634,1.483756,TCMB daily exchange-rate XML archive
2004-10-19,1.472799,1.476342,1.469256,1.472799,1.472799,,TCMB_USDTRY,usd_try,1.469256,1.476342,TCMB daily exchange-rate XML archive
2004-10-20,1.4778595,1.481415,1.474304,1.4778595,1.4778595,,TCMB_USDTRY,usd_try,1.474304,1.481415,TCMB daily exchange-rate XML archive
2004-10-21,1.480673,1.484235,1.477111,1.480673,1.480673,,TCMB_USDTRY,usd_try,1.477111,1.484235,TCMB daily exchange-rate XML archive
2004-10-22,1.4761635,1.479715,1.472612,1.4761635,1.4761635,,TCMB_USDTRY,usd_try,1.472612,1.479715,TCMB daily exchange-rate XML archive
2004-10-25,1.473868,1.477414,1.470322,1.473868,1.473868,,TCMB_USDTRY,usd_try,1.470322,1.477414,TCMB daily exchange-rate XML archive
2004-10-26,1.47939,1.482949,1.475831,1.47939,1.47939,,TCMB_USDTRY,usd_try,1.475831,1.482949,TCMB daily exchange-rate XML archive
2004-10-27,1.4736985,1.477244,1.470153,1.4736985,1.4736985,,TCMB_USDTRY,usd_try,1.470153,1.477244,TCMB daily exchange-rate XML archive
2004-11-01,1.4754435,1.478993,1.471894,1.4754435,1.4754435,,TCMB_USDTRY,usd_try,1.471894,1.478993,TCMB daily exchange-rate XML archive
2004-11-02,1.471025,1.474564,1.467486,1.471025,1.471025,,TCMB_USDTRY,usd_try,1.467486,1.474564,TCMB daily exchange-rate XML archive
2004-11-03,1.4647709999999998,1.468295,1.461247,1.4647709999999998,1.4647709999999998,,TCMB_USDTRY,usd_try,1.461247,1.468295,TCMB daily exchange-rate XML archive
2004-11-04,1.4616965,1.465213,1.45818,1.4616965,1.4616965,,TCMB_USDTRY,usd_try,1.45818,1.465213,TCMB daily exchange-rate XML archive
2004-11-05,1.4579655,1.461473,1.454458,1.4579655,1.4579655,,TCMB_USDTRY,usd_try,1.454458,1.461473,TCMB daily exchange-rate XML archive
2004-11-08,1.4534375,1.456934,1.449941,1.4534375,1.4534375,,TCMB_USDTRY,usd_try,1.449941,1.456934,TCMB daily exchange-rate XML archive
2004-11-09,1.4558295,1.459332,1.452327,1.4558295,1.4558295,,TCMB_USDTRY,usd_try,1.452327,1.459332,TCMB daily exchange-rate XML archive
2004-11-10,1.4543460000000001,1.457845,1.450847,1.4543460000000001,1.4543460000000001,,TCMB_USDTRY,usd_try,1.450847,1.457845,TCMB daily exchange-rate XML archive
2004-11-11,1.4547919999999999,1.458292,1.451292,1.4547919999999999,1.4547919999999999,,TCMB_USDTRY,usd_try,1.451292,1.458292,TCMB daily exchange-rate XML archive
2004-11-12,1.4522215,1.455715,1.448728,1.4522215,1.4522215,,TCMB_USDTRY,usd_try,1.448728,1.455715,TCMB daily exchange-rate XML archive
2004-11-17,1.4499905,1.453479,1.446502,1.4499905,1.4499905,,TCMB_USDTRY,usd_try,1.446502,1.453479,TCMB daily exchange-rate XML archive
2004-11-18,1.4417155,1.445184,1.438247,1.4417155,1.4417155,,TCMB_USDTRY,usd_try,1.438247,1.445184,TCMB daily exchange-rate XML archive
2004-11-19,1.441862,1.445331,1.438393,1.441862,1.441862,,TCMB_USDTRY,usd_try,1.438393,1.445331,TCMB daily exchange-rate XML archive
2004-11-22,1.4380875,1.441547,1.434628,1.4380875,1.4380875,,TCMB_USDTRY,usd_try,1.434628,1.441547,TCMB daily exchange-rate XML archive
2004-11-23,1.4341615,1.437612,1.430711,1.4341615,1.4341615,,TCMB_USDTRY,usd_try,1.430711,1.437612,TCMB daily exchange-rate XML archive
2004-11-24,1.4258804999999999,1.429311,1.42245,1.4258804999999999,1.4258804999999999,,TCMB_USDTRY,usd_try,1.42245,1.429311,TCMB daily exchange-rate XML archive
2004-11-25,1.4250165,1.428445,1.421588,1.4250165,1.4250165,,TCMB_USDTRY,usd_try,1.421588,1.428445,TCMB daily exchange-rate XML archive
2004-11-26,1.4234205,1.426845,1.419996,1.4234205,1.4234205,,TCMB_USDTRY,usd_try,1.419996,1.426845,TCMB daily exchange-rate XML archive
2004-11-29,1.422822,1.426245,1.419399,1.422822,1.422822,,TCMB_USDTRY,usd_try,1.419399,1.426245,TCMB daily exchange-rate XML archive
2004-11-30,1.429452,1.432891,1.426013,1.429452,1.429452,,TCMB_USDTRY,usd_try,1.426013,1.432891,TCMB daily exchange-rate XML archive
2004-12-01,1.4230995,1.426523,1.419676,1.4230995,1.4230995,,TCMB_USDTRY,usd_try,1.419676,1.426523,TCMB daily exchange-rate XML archive
2004-12-02,1.4138985,1.4173,1.410497,1.4138985,1.4138985,,TCMB_USDTRY,usd_try,1.410497,1.4173,TCMB daily exchange-rate XML archive
2004-12-03,1.4143375,1.41774,1.410935,1.4143375,1.4143375,,TCMB_USDTRY,usd_try,1.410935,1.41774,TCMB daily exchange-rate XML archive
2004-12-06,1.39345,1.3968,1.3901,1.39345,1.39345,,TCMB_USDTRY,usd_try,1.3901,1.3968,TCMB daily exchange-rate XML archive
2004-12-07,1.39425,1.3976,1.3909,1.39425,1.39425,,TCMB_USDTRY,usd_try,1.3909,1.3976,TCMB daily exchange-rate XML archive
2004-12-08,1.4061,1.4095,1.4027,1.4061,1.4061,,TCMB_USDTRY,usd_try,1.4027,1.4095,TCMB daily exchange-rate XML archive
2004-12-09,1.42395,1.4274,1.4205,1.42395,1.42395,,TCMB_USDTRY,usd_try,1.4205,1.4274,TCMB daily exchange-rate XML archive
2004-12-10,1.43735,1.4408,1.4339,1.43735,1.43735,,TCMB_USDTRY,usd_try,1.4339,1.4408,TCMB daily exchange-rate XML archive
2004-12-13,1.42655,1.43,1.4231,1.42655,1.42655,,TCMB_USDTRY,usd_try,1.4231,1.43,TCMB daily exchange-rate XML archive
2004-12-14,1.4152,1.4186,1.4118,1.4152,1.4152,,TCMB_USDTRY,usd_try,1.4118,1.4186,TCMB daily exchange-rate XML archive
2004-12-15,1.4156,1.419,1.4122,1.4156,1.4156,,TCMB_USDTRY,usd_try,1.4122,1.419,TCMB daily exchange-rate XML archive
2004-12-16,1.40225,1.4056,1.3989,1.40225,1.40225,,TCMB_USDTRY,usd_try,1.3989,1.4056,TCMB daily exchange-rate XML archive
2004-12-17,1.4119000000000002,1.4153,1.4085,1.4119000000000002,1.4119000000000002,,TCMB_USDTRY,usd_try,1.4085,1.4153,TCMB daily exchange-rate XML archive
2004-12-20,1.39255,1.3959,1.3892,1.39255,1.39255,,TCMB_USDTRY,usd_try,1.3892,1.3959,TCMB daily exchange-rate XML archive
2004-12-21,1.38815,1.3915,1.3848,1.38815,1.38815,,TCMB_USDTRY,usd_try,1.3848,1.3915,TCMB daily exchange-rate XML archive
2004-12-22,1.38765,1.391,1.3843,1.38765,1.38765,,TCMB_USDTRY,usd_try,1.3843,1.391,TCMB daily exchange-rate XML archive
2004-12-23,1.3782999999999999,1.3816,1.375,1.3782999999999999,1.3782999999999999,,TCMB_USDTRY,usd_try,1.375,1.3816,TCMB daily exchange-rate XML archive
2004-12-24,1.3673000000000002,1.3706,1.364,1.3673000000000002,1.3673000000000002,,TCMB_USDTRY,usd_try,1.364,1.3706,TCMB daily exchange-rate XML archive
2004-12-27,1.35595,1.3592,1.3527,1.35595,1.35595,,TCMB_USDTRY,usd_try,1.3527,1.3592,TCMB daily exchange-rate XML archive
2004-12-28,1.34575,1.349,1.3425,1.34575,1.34575,,TCMB_USDTRY,usd_try,1.3425,1.349,TCMB daily exchange-rate XML archive
2004-12-29,1.35575,1.359,1.3525,1.35575,1.35575,,TCMB_USDTRY,usd_try,1.3525,1.359,TCMB daily exchange-rate XML archive
2004-12-30,1.34535,1.3486,1.3421,1.34535,1.34535,,TCMB_USDTRY,usd_try,1.3421,1.3486,TCMB daily exchange-rate XML archive
2004-12-31,1.3395000000000001,1.3427,1.3363,1.3395000000000001,1.3395000000000001,,TCMB_USDTRY,usd_try,1.3363,1.3427,TCMB daily exchange-rate XML archive
