date,party,concept_slug,concept,concept_category,speech_count,mention_count,beme_positive_hits,beme_negative_hits,salience_weight,layer_weight,beme_score,layer,year,concept_total_weight,party_share_in_concept
2002-11-01,Adalet ve Kalkınma Partisi,constitution,Anayasa,constitutional_conflict,1,16,1,2,17.05,4.2625,-0.25,negative,2002,13.251370000000001,0.3216648542754447
2002-11-01,Cumhuriyet Halk Partisi,constitution,Anayasa,constitutional_conflict,2,28,2,5,30.450000000000003,8.988870000000002,-0.375,negative,2002,13.251370000000001,0.6783351457245553
2002-11-01,Cumhuriyet Halk Partisi,democracy,Demokrasi,democratic_reform,1,2,0,1,2.35,1.175,-0.5,negative,2002,1.175,1.0
2002-11-01,Adalet ve Kalkınma Partisi,economy,Ekonomi,macro_economy,2,25,3,15,31.3,18.629820000000002,-0.631578947368421,negative,2002,37.08482,0.5023570291024738
2002-11-01,Cumhuriyet Halk Partisi,economy,Ekonomi,macro_economy,2,20,5,22,29.450000000000003,18.455,-0.6071428571428571,negative,2002,37.08482,0.49764297089752624
2002-11-01,Adalet ve Kalkınma Partisi,european_union,Avrupa Birligi,democratic_reform,1,3,1,2,4.05,1.0125,-0.25,negative,2002,1.0125,1.0
2002-11-01,Adalet ve Kalkınma Partisi,inflation,Enflasyon,macro_economy,1,3,0,6,5.1,4.37121,-0.8571428571428571,negative,2002,4.37121,1.0
2002-11-01,Adalet ve Kalkınma Partisi,interest,Faiz,macro_economy,1,18,5,12,23.95,9.314155,-0.3888888888888889,negative,2002,10.826654999999999,0.860298494779782
2002-11-01,Cumhuriyet Halk Partisi,interest,Faiz,macro_economy,1,5,1,2,6.05,1.5125,-0.25,negative,2002,10.826654999999999,0.13970150522021807
2002-11-01,Adalet ve Kalkınma Partisi,law_state,Hukuk Devleti,democratic_reform,1,4,0,3,5.05,3.7874999999999996,-0.75,negative,2002,5.9624999999999995,0.6352201257861635
2002-11-01,Cumhuriyet Halk Partisi,law_state,Hukuk Devleti,democratic_reform,1,4,0,1,4.35,2.175,-0.5,negative,2002,5.9624999999999995,0.3647798742138365
2002-11-01,Adalet ve Kalkınma Partisi,security,Guvenlik,security_conflict,4,8,0,10,11.5,8.36589,-0.9090909090909091,negative,2002,8.36589,1.0
2002-11-01,Adalet ve Kalkınma Partisi,constitution,Anayasa,constitutional_conflict,2,26,21,2,34.05,21.665395,0.7916666666666666,positive,2002,21.665395,1.0
2002-11-01,Adalet ve Kalkınma Partisi,democracy,Demokrasi,democratic_reform,4,47,47,1,63.800000000000004,58.214960000000005,0.9387755102040817,positive,2002,61.34845000000001,0.9489230779261741
2002-11-01,Cumhuriyet Halk Partisi,democracy,Demokrasi,democratic_reform,1,4,2,0,4.7,3.13349,0.6666666666666666,positive,2002,61.34845000000001,0.051076922073825824
2002-11-01,Adalet ve Kalkınma Partisi,economy,Ekonomi,macro_economy,2,176,173,68,260.35,113.29499,0.43388429752066116,positive,2002,113.29499,1.0
2002-11-01,Adalet ve Kalkınma Partisi,european_union,Avrupa Birligi,democratic_reform,2,9,4,0,10.4,6.9624999999999995,0.8,positive,2002,6.9624999999999995,1.0
2002-11-01,Adalet ve Kalkınma Partisi,imf,IMF,macro_economy,1,13,7,2,16.15,8.075,0.5,positive,2002,9.87509,0.8177140664034453
2002-11-01,Cumhuriyet Halk Partisi,imf,IMF,macro_economy,1,2,2,0,2.7,1.80009,0.6666666666666666,positive,2002,9.87509,0.18228593359655457
2002-11-01,Adalet ve Kalkınma Partisi,inflation,Enflasyon,macro_economy,2,14,19,6,22.75,10.708425,0.5,positive,2002,10.708425,1.0
2002-11-01,Adalet ve Kalkınma Partisi,interest,Faiz,macro_economy,1,7,11,0,10.85,9.946195,0.9166666666666666,positive,2002,9.946195,1.0
2002-11-01,Adalet ve Kalkınma Partisi,law_state,Hukuk Devleti,democratic_reform,4,72,41,5,88.1,63.06805,0.7659574468085106,positive,2002,63.06805,1.0
2002-11-01,Adalet ve Kalkınma Partisi,reform,Reform,democratic_reform,2,31,22,6,40.8,21.572660000000003,0.5517241379310345,positive,2002,24.532660000000003,0.8793445146184719
2002-11-01,Cumhuriyet Halk Partisi,reform,Reform,democratic_reform,1,6,3,1,7.4,2.9600000000000004,0.4,positive,2002,24.532660000000003,0.12065548538152814
2002-11-01,Adalet ve Kalkınma Partisi,security,Guvenlik,security_conflict,1,7,8,4,11.2,3.4462399999999995,0.3076923076923077,positive,2002,5.179399999999999,0.6653743676873769
2002-11-01,Cumhuriyet Halk Partisi,security,Guvenlik,security_conflict,1,5,5,3,7.8,1.73316,0.2222222222222222,positive,2002,5.179399999999999,0.33462563231262316
2002-11-01,Adalet ve Kalkınma Partisi,constitution,Anayasa,constitutional_conflict,6,47,24,6,57.5,57.5,0.5806451612903226,total,2002,87.95,0.6537805571347356
2002-11-01,Cumhuriyet Halk Partisi,constitution,Anayasa,constitutional_conflict,2,28,2,5,30.450000000000003,30.450000000000003,-0.375,total,2002,87.95,0.34621944286526435
2002-11-01,Adalet ve Kalkınma Partisi,democracy,Demokrasi,democratic_reform,8,56,47,1,72.8,72.8,0.9387755102040817,total,2002,79.85,0.9117094552285536
2002-11-01,Cumhuriyet Halk Partisi,democracy,Demokrasi,democratic_reform,2,6,2,1,7.050000000000001,7.050000000000001,0.25,total,2002,79.85,0.08829054477144647
2002-11-01,Adalet ve Kalkınma Partisi,economy,Ekonomi,macro_economy,9,278,204,112,388.6,388.6,0.2902208201892745,total,2002,418.05,0.9295538811146993
2002-11-01,Cumhuriyet Halk Partisi,economy,Ekonomi,macro_economy,2,20,5,22,29.450000000000003,29.450000000000003,-0.6071428571428571,total,2002,418.05,0.0704461188853008
2002-11-01,Adalet ve Kalkınma Partisi,european_union,Avrupa Birligi,democratic_reform,4,13,5,2,15.45,15.45,0.375,total,2002,56.099999999999994,0.27540106951871657
2002-11-01,Cumhuriyet Halk Partisi,european_union,Avrupa Birligi,democratic_reform,2,27,18,21,40.65,40.65,-0.075,total,2002,56.099999999999994,0.7245989304812834
2002-11-01,Adalet ve Kalkınma Partisi,imf,IMF,macro_economy,3,19,7,2,22.15,22.15,0.5,total,2002,24.849999999999998,0.8913480885311872
2002-11-01,Cumhuriyet Halk Partisi,imf,IMF,macro_economy,1,2,2,0,2.7,2.7,0.6666666666666666,total,2002,24.849999999999998,0.1086519114688129
2002-11-01,Adalet ve Kalkınma Partisi,inflation,Enflasyon,macro_economy,4,18,19,12,28.85,28.85,0.21875,total,2002,29.85,0.966499162479062
2002-11-01,Cumhuriyet Halk Partisi,inflation,Enflasyon,macro_economy,1,1,0,0,1.0,1.0,0.0,total,2002,29.85,0.03350083752093802
2002-11-01,Adalet ve Kalkınma Partisi,interest,Faiz,macro_economy,3,28,17,13,38.5,38.5,0.12903225806451613,total,2002,44.55,0.8641975308641976
2002-11-01,Cumhuriyet Halk Partisi,interest,Faiz,macro_economy,1,5,1,2,6.05,6.05,-0.25,total,2002,44.55,0.13580246913580246
2002-11-01,Adalet ve Kalkınma Partisi,law_state,Hukuk Devleti,democratic_reform,6,77,41,8,94.15,94.15,0.66,total,2002,101.2,0.9303359683794467
2002-11-01,Cumhuriyet Halk Partisi,law_state,Hukuk Devleti,democratic_reform,2,6,1,2,7.05,7.05,-0.25,total,2002,101.2,0.06966403162055336
2002-11-01,Adalet ve Kalkınma Partisi,reform,Reform,democratic_reform,5,42,27,10,54.95,54.95,0.4473684210526316,total,2002,62.35,0.8813151563753008
2002-11-01,Cumhuriyet Halk Partisi,reform,Reform,democratic_reform,1,6,3,1,7.4,7.4,0.4,total,2002,62.35,0.11868484362469928
2002-11-01,Adalet ve Kalkınma Partisi,security,Guvenlik,security_conflict,7,17,8,14,24.7,24.7,-0.2608695652173913,total,2002,37.25,0.6630872483221476
2002-11-01,Cumhuriyet Halk Partisi,security,Guvenlik,security_conflict,2,8,8,5,12.55,12.55,0.21428571428571427,total,2002,37.25,0.3369127516778524
2002-12-01,Cumhuriyet Halk Partisi,constitution,Anayasa,constitutional_conflict,3,10,0,6,12.1,8.34589,-0.8571428571428571,negative,2002,8.34589,1.0
2002-12-01,Adalet ve Kalkınma Partisi,democracy,Demokrasi,democratic_reform,2,8,0,2,8.7,4.35,-0.6666666666666666,negative,2002,20.361980000000003,0.21363344822065433
2002-12-01,Cumhuriyet Halk Partisi,democracy,Demokrasi,democratic_reform,6,20,0,11,23.85,16.01198,-0.9166666666666666,negative,2002,20.361980000000003,0.7863665517793456
2002-12-01,Adalet ve Kalkınma Partisi,economy,Ekonomi,macro_economy,13,77,15,71,107.1,58.65489,-0.6436781609195402,negative,2002,92.56530000000001,0.6336595895006012
2002-12-01,Bağımsız,economy,Ekonomi,macro_economy,1,6,0,4,7.4,5.920000000000001,-0.8,negative,2002,92.56530000000001,0.06395485133197862
2002-12-01,Cumhuriyet Halk Partisi,economy,Ekonomi,macro_economy,9,46,10,35,61.75,27.99041,-0.5434782608695652,negative,2002,92.56530000000001,0.30238555916742016
2002-12-01,Adalet ve Kalkınma Partisi,european_union,Avrupa Birligi,democratic_reform,2,4,0,3,5.050000000000001,3.1417900000000003,-0.75,negative,2002,7.14608,0.4396522289143139
2002-12-01,Cumhuriyet Halk Partisi,european_union,Avrupa Birligi,democratic_reform,2,4,0,5,5.75,4.00429,-0.8333333333333334,negative,2002,7.14608,0.5603477710856861
2002-12-01,Adalet ve Kalkınma Partisi,imf,IMF,macro_economy,1,1,1,3,2.4,0.96,-0.4,negative,2002,14.255,0.06734479130129778
2002-12-01,Anavatan Partisi,imf,IMF,macro_economy,1,3,0,1,3.35,1.675,-0.5,negative,2002,14.255,0.1175026306559102
2002-12-01,Cumhuriyet Halk Partisi,imf,IMF,macro_economy,3,13,1,9,16.5,11.620000000000001,-0.7272727272727273,negative,2002,14.255,0.8151525780427921
2002-12-01,Adalet ve Kalkınma Partisi,inflation,Enflasyon,macro_economy,2,6,0,7,8.45,6.591565,-0.875,negative,2002,8.391655,0.7854904664217011
2002-12-01,Cumhuriyet Halk Partisi,inflation,Enflasyon,macro_economy,1,2,0,2,2.7,1.80009,-0.6666666666666666,negative,2002,8.391655,0.2145095335782989
2002-12-01,Adalet ve Kalkınma Partisi,interest,Faiz,macro_economy,2,3,1,4,4.75,2.035,-0.5,negative,2002,9.059999999999999,0.22461368653421637
2002-12-01,Cumhuriyet Halk Partisi,interest,Faiz,macro_economy,3,13,0,3,14.049999999999999,7.0249999999999995,-0.75,negative,2002,9.059999999999999,0.7753863134657837
2002-12-01,Adalet ve Kalkınma Partisi,law_state,Hukuk Devleti,democratic_reform,3,7,0,7,9.45,6.92839,-0.875,negative,2002,10.07018,0.6880105420161308
2002-12-01,Cumhuriyet Halk Partisi,law_state,Hukuk Devleti,democratic_reform,1,3,0,2,3.7,2.46679,-0.6666666666666666,negative,2002,10.07018,0.24495987162096405
2002-12-01,Doğru Yol Partisi,law_state,Hukuk Devleti,democratic_reform,1,1,0,1,1.35,0.675,-0.5,negative,2002,10.07018,0.06702958636290514
2002-12-01,Adalet ve Kalkınma Partisi,reform,Reform,democratic_reform,1,2,0,1,2.35,1.175,-0.5,negative,2002,1.175,1.0
2002-12-01,Adalet ve Kalkınma Partisi,security,Guvenlik,security_conflict,5,5,0,7,7.45,4.29178,-0.875,negative,2002,11.04517,0.3885662239693911
2002-12-01,Anavatan Partisi,security,Guvenlik,security_conflict,1,3,0,1,3.35,1.675,-0.5,negative,2002,11.04517,0.151649997238612
2002-12-01,Cumhuriyet Halk Partisi,security,Guvenlik,security_conflict,5,5,0,9,8.15,5.07839,-0.9,negative,2002,11.04517,0.45978377879199683
2002-12-01,Cumhuriyet Halk Partisi,tutelage,Vesayet,constitutional_conflict,1,3,0,4,4.4,3.5200000000000005,-0.8,negative,2002,3.5200000000000005,1.0
2002-12-01,Adalet ve Kalkınma Partisi,constitution,Anayasa,constitutional_conflict,10,61,43,4,77.45,52.930005,0.8125,positive,2002,103.66778,0.5105733430386954
2002-12-01,Cumhuriyet Halk Partisi,constitution,Anayasa,constitutional_conflict,8,71,38,6,86.4,50.737775,0.7111111111111111,positive,2002,103.66778,0.48942665696130466
2002-12-01,Adalet ve Kalkınma Partisi,democracy,Demokrasi,democratic_reform,10,53,29,3,64.2,37.746249999999996,0.7878787878787878,positive,2002,81.92536999999999,0.46073945103940334
2002-12-01,Cumhuriyet Halk Partisi,democracy,Demokrasi,democratic_reform,6,36,46,1,52.45,44.17912,0.9375,positive,2002,81.92536999999999,0.5392605489605967
2002-12-01,Adalet ve Kalkınma Partisi,economy,Ekonomi,macro_economy,24,138,113,16,183.15,119.065765,0.7461538461538462,positive,2002,161.53563,0.7370867034102632
2002-12-01,Cumhuriyet Halk Partisi,economy,Ekonomi,macro_economy,16,53,41,3,68.4,42.469865,0.8444444444444444,positive,2002,161.53563,0.2629132965897369
2002-12-01,Adalet ve Kalkınma Partisi,european_union,Avrupa Birligi,democratic_reform,3,10,6,0,12.100000000000001,8.57,0.8571428571428571,positive,2002,14.65357,0.5848404177275572
2002-12-01,Cumhuriyet Halk Partisi,european_union,Avrupa Birligi,democratic_reform,5,7,8,0,9.8,6.08357,0.8888888888888888,positive,2002,14.65357,0.4151595822724428
2002-12-01,Adalet ve Kalkınma Partisi,imf,IMF,macro_economy,1,1,1,0,1.35,0.675,0.5,positive,2002,1.35,0.5
2002-12-01,Cumhuriyet Halk Partisi,imf,IMF,macro_economy,1,1,1,0,1.35,0.675,0.5,positive,2002,1.35,0.5
2002-12-01,Adalet ve Kalkınma Partisi,inflation,Enflasyon,macro_economy,3,4,4,0,5.4,2.98339,0.8,positive,2002,2.98339,1.0
2002-12-01,Adalet ve Kalkınma Partisi,interest,Faiz,macro_economy,5,11,8,1,14.15,6.96268,0.7,positive,2002,6.96268,1.0
2002-12-01,Adalet ve Kalkınma Partisi,law_state,Hukuk Devleti,democratic_reform,6,44,24,6,54.5,35.00043,0.5806451612903226,positive,2002,64.78403,0.540263240801784
2002-12-01,Cumhuriyet Halk Partisi,law_state,Hukuk Devleti,democratic_reform,11,34,24,0,42.4,29.783600000000003,0.96,positive,2002,64.78403,0.45973675919821605
2002-12-01,Adalet ve Kalkınma Partisi,reform,Reform,democratic_reform,3,5,3,0,6.050000000000001,3.0250000000000004,0.75,positive,2002,3.0250000000000004,1.0
2002-12-01,Adalet ve Kalkınma Partisi,security,Guvenlik,security_conflict,3,11,9,2,14.85,6.3064599999999995,0.5833333333333334,positive,2002,6.981459999999999,0.9033153523761506
2002-12-01,Cumhuriyet Halk Partisi,security,Guvenlik,security_conflict,1,1,1,0,1.35,0.675,0.5,positive,2002,6.981459999999999,0.09668464762384947
2002-12-01,Adalet ve Kalkınma Partisi,sovereignty,Egemenlik,security_conflict,1,1,1,0,1.35,0.675,0.5,positive,2002,0.675,1.0
2002-12-01,Adalet ve Kalkınma Partisi,constitution,Anayasa,constitutional_conflict,16,69,43,4,85.45,85.45,0.8125,total,2002,257.4,0.331973581973582
2002-12-01,Cumhuriyet Halk Partisi,constitution,Anayasa,constitutional_conflict,29,152,41,16,171.95,171.95,0.43103448275862066,total,2002,257.4,0.668026418026418
2002-12-01,Adalet ve Kalkınma Partisi,democracy,Demokrasi,democratic_reform,17,75,34,10,90.4,90.4,0.5333333333333333,total,2002,202.55,0.44630955319674154
2002-12-01,Cumhuriyet Halk Partisi,democracy,Demokrasi,democratic_reform,23,88,51,18,112.15,112.15,0.4714285714285714,total,2002,202.55,0.5536904468032584
2002-12-01,Adalet ve Kalkınma Partisi,economy,Ekonomi,macro_economy,57,287,146,104,374.5,374.5,0.16733067729083664,total,2002,559.8,0.6689889246159343
2002-12-01,Anavatan Partisi,economy,Ekonomi,macro_economy,2,6,0,0,6.0,6.0,0.0,total,2002,559.8,0.010718113612004289
2002-12-01,Bağımsız,economy,Ekonomi,macro_economy,1,6,0,4,7.4,7.4,-0.8,total,2002,559.8,0.013219006788138622
2002-12-01,Cumhuriyet Halk Partisi,economy,Ekonomi,macro_economy,38,133,54,40,165.9,165.9,0.14736842105263157,total,2002,559.8,0.29635584137191856
2002-12-01,Doğru Yol Partisi,economy,Ekonomi,macro_economy,1,6,0,0,6.0,6.0,0.0,total,2002,559.8,0.010718113612004289
2002-12-01,Adalet ve Kalkınma Partisi,european_union,Avrupa Birligi,democratic_reform,16,53,14,10,61.400000000000006,61.400000000000006,0.16,total,2002,85.95,0.714368819080861
2002-12-01,Cumhuriyet Halk Partisi,european_union,Avrupa Birligi,democratic_reform,13,20,8,5,24.55,24.55,0.21428571428571427,total,2002,85.95,0.285631180919139
2002-12-01,Adalet ve Kalkınma Partisi,imf,IMF,macro_economy,2,2,2,3,3.75,3.75,-0.16666666666666666,total,2002,26.950000000000003,0.13914656771799627
2002-12-01,Anavatan Partisi,imf,IMF,macro_economy,1,3,0,1,3.35,3.35,-0.5,total,2002,26.950000000000003,0.12430426716141
2002-12-01,Cumhuriyet Halk Partisi,imf,IMF,macro_economy,6,16,2,9,19.85,19.85,-0.5833333333333334,total,2002,26.950000000000003,0.7365491651205937
2002-12-01,Adalet ve Kalkınma Partisi,inflation,Enflasyon,macro_economy,6,11,4,7,14.850000000000001,14.850000000000001,-0.25,total,2002,27.55,0.5390199637023594
2002-12-01,Anavatan Partisi,inflation,Enflasyon,macro_economy,1,5,0,0,5.0,5.0,0.0,total,2002,27.55,0.18148820326678766
2002-12-01,Cumhuriyet Halk Partisi,inflation,Enflasyon,macro_economy,4,7,0,2,7.7,7.7,-0.6666666666666666,total,2002,27.55,0.279491833030853
2002-12-01,Adalet ve Kalkınma Partisi,interest,Faiz,macro_economy,13,28,9,5,32.9,32.9,0.26666666666666666,total,2002,72.35,0.45473393227366965
2002-12-01,Anavatan Partisi,interest,Faiz,macro_economy,1,1,0,0,1.0,1.0,0.0,total,2002,72.35,0.013821700069108501
2002-12-01,Cumhuriyet Halk Partisi,interest,Faiz,macro_economy,12,36,2,5,38.45,38.45,-0.375,total,2002,72.35,0.5314443676572219
2002-12-01,Adalet ve Kalkınma Partisi,law_state,Hukuk Devleti,democratic_reform,22,83,27,16,98.05,98.05,0.25,total,2002,168.65,0.5813815594426326
2002-12-01,Cumhuriyet Halk Partisi,law_state,Hukuk Devleti,democratic_reform,22,57,28,7,69.25,69.25,0.5833333333333334,total,2002,168.65,0.41061369700563294
2002-12-01,Doğru Yol Partisi,law_state,Hukuk Devleti,democratic_reform,1,1,0,1,1.35,1.35,-0.5,total,2002,168.65,0.008004743551734361
2002-12-01,Adalet ve Kalkınma Partisi,reform,Reform,democratic_reform,9,12,4,2,14.1,14.1,0.2857142857142857,total,2002,21.1,0.6682464454976302
2002-12-01,Cumhuriyet Halk Partisi,reform,Reform,democratic_reform,6,7,0,0,7.0,7.0,0.0,total,2002,21.1,0.33175355450236965
2002-12-01,Adalet ve Kalkınma Partisi,security,Guvenlik,security_conflict,20,44,15,16,54.85,54.85,-0.03125,total,2002,99.0,0.554040404040404
2002-12-01,Anavatan Partisi,security,Guvenlik,security_conflict,1,3,0,1,3.35,3.35,-0.5,total,2002,99.0,0.03383838383838384
2002-12-01,Cumhuriyet Halk Partisi,security,Guvenlik,security_conflict,13,31,11,17,40.8,40.8,-0.20689655172413793,total,2002,99.0,0.4121212121212121
2002-12-01,Adalet ve Kalkınma Partisi,sovereignty,Egemenlik,security_conflict,2,2,1,0,2.35,2.35,0.5,total,2002,3.35,0.7014925373134329
2002-12-01,Cumhuriyet Halk Partisi,sovereignty,Egemenlik,security_conflict,1,1,0,0,1.0,1.0,0.0,total,2002,3.35,0.29850746268656714
2002-12-01,Adalet ve Kalkınma Partisi,tutelage,Vesayet,constitutional_conflict,1,1,1,1,1.7,1.7,0.0,total,2002,6.1000000000000005,0.2786885245901639
2002-12-01,Cumhuriyet Halk Partisi,tutelage,Vesayet,constitutional_conflict,1,3,0,4,4.4,4.4,-0.8,total,2002,6.1000000000000005,0.7213114754098361
2003-01-01,Adalet ve Kalkınma Partisi,constitution,Anayasa,constitutional_conflict,4,35,1,9,38.5,26.77259,-0.7272727272727273,negative,2003,40.403710000000004,0.6626270211324653
2003-01-01,Cumhuriyet Halk Partisi,constitution,Anayasa,constitutional_conflict,7,21,4,16,28.0,13.63112,-0.5714285714285714,negative,2003,40.403710000000004,0.33737297886753465
2003-01-01,Adalet ve Kalkınma Partisi,democracy,Demokrasi,democratic_reform,2,7,1,3,8.399999999999999,3.1875,-0.4,negative,2003,8.80438,0.3620357140423289
2003-01-01,Cumhuriyet Halk Partisi,democracy,Demokrasi,democratic_reform,4,7,0,6,9.100000000000001,5.61688,-0.8571428571428571,negative,2003,8.80438,0.6379642859576711
2003-01-01,Adalet ve Kalkınma Partisi,economy,Ekonomi,macro_economy,22,150,7,100,187.45,130.36762000000002,-0.8611111111111112,negative,2003,234.915195,0.5549560980931864
2003-01-01,Anavatan Partisi,economy,Ekonomi,macro_economy,5,16,0,9,19.150000000000002,12.20886,-0.9,negative,2003,234.915195,0.05197135076766745
2003-01-01,Bağımsız,economy,Ekonomi,macro_economy,1,1,0,5,2.75,2.291575,-0.8333333333333334,negative,2003,234.915195,0.009754903253491116
2003-01-01,Cumhuriyet Halk Partisi,economy,Ekonomi,macro_economy,30,113,14,101,153.25,90.04714,-0.75,negative,2003,234.915195,0.38331764788565503
2003-01-01,Adalet ve Kalkınma Partisi,european_union,Avrupa Birligi,democratic_reform,1,5,0,1,5.35,2.675,-0.5,negative,2003,7.507009999999999,0.3563336135159005
2003-01-01,Bağımsız,european_union,Avrupa Birligi,democratic_reform,1,1,0,6,3.1,2.65701,-0.8571428571428571,negative,2003,7.507009999999999,0.3539371867094889
2003-01-01,Cumhuriyet Halk Partisi,european_union,Avrupa Birligi,democratic_reform,1,4,0,1,4.35,2.175,-0.5,negative,2003,7.507009999999999,0.28972919977461065
2003-01-01,Cumhuriyet Halk Partisi,imf,IMF,macro_economy,5,11,2,17,17.65,11.734304999999999,-0.75,negative,2003,11.734304999999999,1.0
2003-01-01,Adalet ve Kalkınma Partisi,inflation,Enflasyon,macro_economy,2,10,2,12,14.899999999999999,9.461869999999998,-0.6666666666666666,negative,2003,25.515359999999998,0.37083035473534365
2003-01-01,Anavatan Partisi,inflation,Enflasyon,macro_economy,1,3,0,1,3.35,1.675,-0.5,negative,2003,25.515359999999998,0.06564673200770046
2003-01-01,Cumhuriyet Halk Partisi,inflation,Enflasyon,macro_economy,5,19,0,9,22.15,14.37849,-0.9,negative,2003,25.515359999999998,0.5635229132569558
2003-01-01,Adalet ve Kalkınma Partisi,interest,Faiz,macro_economy,8,18,0,12,22.2,13.73386,-0.9230769230769231,negative,2003,33.36371,0.4116406718557379
2003-01-01,Cumhuriyet Halk Partisi,interest,Faiz,macro_economy,7,28,2,15,33.95,19.629849999999998,-0.7222222222222222,negative,2003,33.36371,0.5883593281442621
2003-01-01,Adalet ve Kalkınma Partisi,law_state,Hukuk Devleti,democratic_reform,7,36,0,12,40.199999999999996,26.299465,-0.9230769230769231,negative,2003,58.265265,0.4513746740875546
2003-01-01,Cumhuriyet Halk Partisi,law_state,Hukuk Devleti,democratic_reform,11,55,2,18,62.0,31.9658,-0.7619047619047619,negative,2003,58.265265,0.5486253259124455
2003-01-01,Adalet ve Kalkınma Partisi,reform,Reform,democratic_reform,1,2,0,1,2.35,1.175,-0.5,negative,2003,1.175,1.0
2003-01-01,Adalet ve Kalkınma Partisi,security,Guvenlik,security_conflict,11,44,5,28,55.550000000000004,27.31626,-0.6764705882352942,negative,2003,49.10064,0.5563320559569082
2003-01-01,Cumhuriyet Halk Partisi,security,Guvenlik,security_conflict,11,28,3,28,38.85,21.78438,-0.78125,negative,2003,49.10064,0.4436679440430919
2003-01-01,Cumhuriyet Halk Partisi,sovereignty,Egemenlik,security_conflict,2,10,1,9,13.5,8.98,-0.7272727272727273,negative,2003,8.98,1.0
2003-01-01,Adalet ve Kalkınma Partisi,tutelage,Vesayet,constitutional_conflict,1,1,0,1,1.35,0.675,-0.5,negative,2003,0.675,1.0
2003-01-01,Adalet ve Kalkınma Partisi,constitution,Anayasa,constitutional_conflict,14,71,29,1,81.5,47.30606,0.9032258064516129,positive,2003,93.44683,0.5062350429650744
2003-01-01,Cumhuriyet Halk Partisi,constitution,Anayasa,constitutional_conflict,15,72,34,3,84.95,46.140769999999996,0.8157894736842105,positive,2003,93.44683,0.49376495703492557
2003-01-01,Adalet ve Kalkınma Partisi,democracy,Demokrasi,democratic_reform,13,46,43,2,61.75,43.643885000000004,0.8913043478260869,positive,2003,65.367625,0.667668207312106
2003-01-01,Cumhuriyet Halk Partisi,democracy,Demokrasi,democratic_reform,6,32,15,3,38.300000000000004,21.723740000000003,0.631578947368421,positive,2003,65.367625,0.3323317926878941
2003-01-01,Adalet ve Kalkınma Partisi,economy,Ekonomi,macro_economy,27,132,142,21,189.05,119.032825,0.7378048780487805,positive,2003,202.895265,0.5866712808699602
2003-01-01,Anavatan Partisi,economy,Ekonomi,macro_economy,1,2,2,0,2.7,1.80009,0.6666666666666666,positive,2003,202.895265,0.008872015815647546
2003-01-01,Bağımsız,economy,Ekonomi,macro_economy,1,4,2,0,4.7,3.13349,0.6666666666666666,positive,2003,202.895265,0.015443879382793877
2003-01-01,Cumhuriyet Halk Partisi,economy,Ekonomi,macro_economy,17,99,50,5,118.25,78.92886,0.8035714285714286,positive,2003,202.895265,0.3890128239315984
2003-01-01,Adalet ve Kalkınma Partisi,european_union,Avrupa Birligi,democratic_reform,7,35,31,1,46.2,36.50371,0.9090909090909091,positive,2003,49.51992,0.7371520390178337
2003-01-01,Cumhuriyet Halk Partisi,european_union,Avrupa Birligi,democratic_reform,9,15,17,0,20.95,13.01621,0.9444444444444444,positive,2003,49.51992,0.26284796098216634
2003-01-01,Adalet ve Kalkınma Partisi,imf,IMF,macro_economy,1,1,1,0,1.35,0.675,0.5,positive,2003,4.47519,0.15083158480422063
2003-01-01,Cumhuriyet Halk Partisi,imf,IMF,macro_economy,1,5,2,0,5.7,3.8001899999999997,0.6666666666666666,positive,2003,4.47519,0.8491684151957795
2003-01-01,Adalet ve Kalkınma Partisi,inflation,Enflasyon,macro_economy,1,7,11,1,11.2,8.615039999999999,0.7692307692307693,positive,2003,10.927629999999999,0.7883722270977329
2003-01-01,Cumhuriyet Halk Partisi,inflation,Enflasyon,macro_economy,2,3,4,1,4.75,2.31259,0.5,positive,2003,10.927629999999999,0.21162777290226703
2003-01-01,Adalet ve Kalkınma Partisi,interest,Faiz,macro_economy,3,7,3,0,8.05,4.025,0.75,positive,2003,17.90625,0.22478184991273997
2003-01-01,Cumhuriyet Halk Partisi,interest,Faiz,macro_economy,4,19,11,1,23.2,13.88125,0.7692307692307693,positive,2003,17.90625,0.77521815008726
2003-01-01,Adalet ve Kalkınma Partisi,law_state,Hukuk Devleti,democratic_reform,15,124,69,13,152.7,91.11233999999999,0.6746987951807228,positive,2003,166.13625,0.5484193846917815
2003-01-01,Cumhuriyet Halk Partisi,law_state,Hukuk Devleti,democratic_reform,9,91,80,18,125.3,75.02391,0.6262626262626263,positive,2003,166.13625,0.4515806153082184
2003-01-01,Adalet ve Kalkınma Partisi,reform,Reform,democratic_reform,4,4,5,0,5.75,3.15839,0.8333333333333334,positive,2003,11.057680000000001,0.2856286309605631
2003-01-01,Cumhuriyet Halk Partisi,reform,Reform,democratic_reform,4,15,10,3,19.55,7.899290000000001,0.5,positive,2003,11.057680000000001,0.7143713690394368
2003-01-01,Adalet ve Kalkınma Partisi,security,Guvenlik,security_conflict,7,33,13,0,37.55,27.057590000000005,0.9285714285714286,positive,2003,29.407590000000006,0.920088657384029
2003-01-01,Cumhuriyet Halk Partisi,security,Guvenlik,security_conflict,2,4,2,0,4.7,2.35,0.6666666666666666,positive,2003,29.407590000000006,0.0799113426159709
2003-01-01,Adalet ve Kalkınma Partisi,constitution,Anayasa,constitutional_conflict,34,140,30,10,154.0,154.0,0.4878048780487805,total,2003,309.65,0.4973357015985791
2003-01-01,Cumhuriyet Halk Partisi,constitution,Anayasa,constitutional_conflict,39,135,39,20,155.65,155.65,0.31666666666666665,total,2003,309.65,0.502664298401421
2003-01-01,Adalet ve Kalkınma Partisi,democracy,Demokrasi,democratic_reform,22,64,45,6,81.85,81.85,0.75,total,2003,144.95,0.5646774749913763
2003-01-01,Anavatan Partisi,democracy,Demokrasi,democratic_reform,1,1,0,0,1.0,1.0,0.0,total,2003,144.95,0.006898930665746809
2003-01-01,Cumhuriyet Halk Partisi,democracy,Demokrasi,democratic_reform,18,53,16,10,62.1,62.1,0.2222222222222222,total,2003,144.95,0.4284235943428769
2003-01-01,Adalet ve Kalkınma Partisi,economy,Ekonomi,macro_economy,75,364,165,137,469.7,469.7,0.0924092409240924,total,2003,899.0,0.5224694104560623
2003-01-01,Anavatan Partisi,economy,Ekonomi,macro_economy,7,20,4,11,25.25,25.25,-0.4375,total,2003,899.0,0.028086763070077864
2003-01-01,Bağımsız,economy,Ekonomi,macro_economy,2,5,2,5,7.45,7.45,-0.375,total,2003,899.0,0.00828698553948832
2003-01-01,Cumhuriyet Halk Partisi,economy,Ekonomi,macro_economy,76,321,85,131,396.6,396.6,-0.2119815668202765,total,2003,899.0,0.4411568409343716
2003-01-01,Adalet ve Kalkınma Partisi,european_union,Avrupa Birligi,democratic_reform,14,47,31,2,58.55,58.55,0.8529411764705882,total,2003,105.95,0.5526191599811231
2003-01-01,Bağımsız,european_union,Avrupa Birligi,democratic_reform,1,1,0,6,3.1,3.1,-0.8571428571428571,total,2003,105.95,0.0292590844738084
2003-01-01,Cumhuriyet Halk Partisi,european_union,Avrupa Birligi,democratic_reform,17,38,17,1,44.300000000000004,44.300000000000004,0.8421052631578947,total,2003,105.95,0.4181217555450685
2003-01-01,Adalet ve Kalkınma Partisi,imf,IMF,macro_economy,5,7,2,1,8.05,8.05,0.25,total,2003,34.400000000000006,0.23401162790697672
2003-01-01,Cumhuriyet Halk Partisi,imf,IMF,macro_economy,9,19,4,17,26.35,26.35,-0.5909090909090909,total,2003,34.400000000000006,0.7659883720930232
2003-01-01,Adalet ve Kalkınma Partisi,inflation,Enflasyon,macro_economy,7,21,14,14,30.799999999999997,30.799999999999997,0.0,total,2003,74.75,0.4120401337792642
2003-01-01,Anavatan Partisi,inflation,Enflasyon,macro_economy,1,3,0,1,3.35,3.35,-0.5,total,2003,74.75,0.044816053511705686
2003-01-01,Cumhuriyet Halk Partisi,inflation,Enflasyon,macro_economy,16,35,5,11,40.6,40.6,-0.35294117647058826,total,2003,74.75,0.5431438127090301
2003-01-01,Adalet ve Kalkınma Partisi,interest,Faiz,macro_economy,19,46,3,12,51.25,51.25,-0.5625,total,2003,150.4,0.34075797872340424
2003-01-01,Anavatan Partisi,interest,Faiz,macro_economy,1,2,0,0,2.0,2.0,0.0,total,2003,150.4,0.013297872340425532
2003-01-01,Cumhuriyet Halk Partisi,interest,Faiz,macro_economy,28,87,13,16,97.15,97.15,-0.1,total,2003,150.4,0.6459441489361702
2003-01-01,Adalet ve Kalkınma Partisi,law_state,Hukuk Devleti,democratic_reform,40,275,94,47,324.35,324.35,0.33098591549295775,total,2003,741.55,0.43739464634886394
2003-01-01,Cumhuriyet Halk Partisi,law_state,Hukuk Devleti,democratic_reform,57,350,117,75,417.2,417.2,0.21761658031088082,total,2003,741.55,0.5626053536511362
2003-01-01,Adalet ve Kalkınma Partisi,reform,Reform,democratic_reform,13,26,11,8,32.65,32.65,0.15,total,2003,71.9,0.45410292072322667
2003-01-01,Bağımsız,reform,Reform,democratic_reform,1,1,0,0,1.0,1.0,0.0,total,2003,71.9,0.013908205841446452
2003-01-01,Cumhuriyet Halk Partisi,reform,Reform,democratic_reform,12,33,11,4,38.25,38.25,0.4375,total,2003,71.9,0.5319888734353267
2003-01-01,Adalet ve Kalkınma Partisi,security,Guvenlik,security_conflict,33,101,19,29,117.80000000000001,117.80000000000001,-0.20408163265306123,total,2003,202.15,0.5827355923818947
2003-01-01,Bağımsız,security,Guvenlik,security_conflict,1,1,0,0,1.0,1.0,0.0,total,2003,202.15,0.004946821667078901
2003-01-01,Cumhuriyet Halk Partisi,security,Guvenlik,security_conflict,21,62,18,43,83.35,83.35,-0.4032258064516129,total,2003,202.15,0.4123175859510264
2003-01-01,Cumhuriyet Halk Partisi,sovereignty,Egemenlik,security_conflict,2,10,1,9,13.5,13.5,-0.7272727272727273,total,2003,13.5,1.0
2003-01-01,Adalet ve Kalkınma Partisi,tutelage,Vesayet,constitutional_conflict,1,1,0,1,1.35,1.35,-0.5,total,2003,1.35,1.0
2003-02-01,Adalet ve Kalkınma Partisi,constitution,Anayasa,constitutional_conflict,1,3,0,3,4.05,3.0374999999999996,-0.75,negative,2003,11.32118,0.26830242077239297
2003-02-01,Cumhuriyet Halk Partisi,constitution,Anayasa,constitutional_conflict,4,11,0,6,13.100000000000001,8.28368,-0.8571428571428571,negative,2003,11.32118,0.731697579227607
2003-02-01,Adalet ve Kalkınma Partisi,democracy,Demokrasi,democratic_reform,1,2,0,1,2.35,1.175,-0.5,negative,2003,1.85,0.6351351351351351
2003-02-01,Cumhuriyet Halk Partisi,democracy,Demokrasi,democratic_reform,1,1,0,1,1.35,0.675,-0.5,negative,2003,1.85,0.36486486486486486
2003-02-01,Adalet ve Kalkınma Partisi,economy,Ekonomi,macro_economy,7,42,9,35,57.4,29.45581,-0.5777777777777777,negative,2003,95.639025,0.30798944259417116
2003-02-01,Cumhuriyet Halk Partisi,economy,Ekonomi,macro_economy,18,88,17,81,122.3,66.183215,-0.6464646464646465,negative,2003,95.639025,0.6920105574058288
2003-02-01,Adalet ve Kalkınma Partisi,european_union,Avrupa Birligi,democratic_reform,3,5,0,3,6.050000000000001,3.0250000000000004,-0.75,negative,2003,3.0250000000000004,1.0
2003-02-01,Cumhuriyet Halk Partisi,imf,IMF,macro_economy,1,2,0,2,2.7,1.80009,-0.6666666666666666,negative,2003,1.80009,1.0
2003-02-01,Adalet ve Kalkınma Partisi,inflation,Enflasyon,macro_economy,1,1,0,1,1.35,0.675,-0.5,negative,2003,2.0250000000000004,0.3333333333333333
2003-02-01,Cumhuriyet Halk Partisi,inflation,Enflasyon,macro_economy,2,2,0,2,2.7,1.35,-0.6666666666666666,negative,2003,2.0250000000000004,0.6666666666666666
2003-02-01,Adalet ve Kalkınma Partisi,interest,Faiz,macro_economy,2,2,0,2,2.7,1.35,-0.6666666666666666,negative,2003,7.525,0.17940199335548174
2003-02-01,Cumhuriyet Halk Partisi,interest,Faiz,macro_economy,1,12,0,1,12.35,6.175,-0.5,negative,2003,7.525,0.8205980066445182
2003-02-01,Adalet ve Kalkınma Partisi,law_state,Hukuk Devleti,democratic_reform,4,20,0,6,22.1,14.312500000000002,-0.8571428571428571,negative,2003,55.812065,0.25644096845368475
2003-02-01,Cumhuriyet Halk Partisi,law_state,Hukuk Devleti,democratic_reform,7,63,10,37,79.45,41.499565,-0.5625,negative,2003,55.812065,0.7435590315463153
2003-02-01,Adalet ve Kalkınma Partisi,reform,Reform,democratic_reform,2,8,0,3,9.049999999999999,4.808389999999999,-0.75,negative,2003,4.808389999999999,1.0
2003-02-01,Adalet ve Kalkınma Partisi,security,Guvenlik,security_conflict,6,13,0,10,16.5,10.21706,-0.9090909090909091,negative,2003,19.93416,0.5125402826103533
2003-02-01,Cumhuriyet Halk Partisi,security,Guvenlik,security_conflict,7,11,1,14,16.25,9.717099999999999,-0.8125,negative,2003,19.93416,0.48745971738964666
2003-02-01,Cumhuriyet Halk Partisi,sovereignty,Egemenlik,security_conflict,1,1,0,1,1.35,0.675,-0.5,negative,2003,0.675,1.0
2003-02-01,Adalet ve Kalkınma Partisi,tutelage,Vesayet,constitutional_conflict,1,1,0,2,1.7,1.13339,-0.6666666666666666,negative,2003,1.13339,1.0
2003-02-01,Adalet ve Kalkınma Partisi,constitution,Anayasa,constitutional_conflict,6,12,7,0,14.450000000000001,7.84179,0.875,positive,2003,38.03966,0.2061477415939049
2003-02-01,Cumhuriyet Halk Partisi,constitution,Anayasa,constitutional_conflict,16,52,28,4,63.2,30.19787,0.7272727272727273,positive,2003,38.03966,0.7938522584060952
2003-02-01,Adalet ve Kalkınma Partisi,democracy,Demokrasi,democratic_reform,2,5,3,0,6.050000000000001,3.47509,0.75,positive,2003,23.289920000000002,0.14921004451711295
2003-02-01,Cumhuriyet Halk Partisi,democracy,Demokrasi,democratic_reform,8,23,26,4,33.5,19.81483,0.7096774193548387,positive,2003,23.289920000000002,0.8507899554828869
2003-02-01,Adalet ve Kalkınma Partisi,economy,Ekonomi,macro_economy,14,88,53,8,109.35,67.687595,0.7258064516129032,positive,2003,186.729925,0.3624892742820948
2003-02-01,Anavatan Partisi,economy,Ekonomi,macro_economy,1,6,5,1,8.1,4.62834,0.5714285714285714,positive,2003,186.729925,0.024786278899860317
2003-02-01,Cumhuriyet Halk Partisi,economy,Ekonomi,macro_economy,10,146,67,10,172.95000000000002,114.41399,0.7307692307692307,positive,2003,186.729925,0.6127244468180448
2003-02-01,Adalet ve Kalkınma Partisi,european_union,Avrupa Birligi,democratic_reform,5,14,12,3,19.25,8.32471,0.5625,positive,2003,8.99971,0.9249975832554603
2003-02-01,Cumhuriyet Halk Partisi,european_union,Avrupa Birligi,democratic_reform,1,1,1,0,1.35,0.675,0.5,positive,2003,8.99971,0.07500241674453954
2003-02-01,Adalet ve Kalkınma Partisi,inflation,Enflasyon,macro_economy,1,1,2,0,1.7,1.13339,0.6666666666666666,positive,2003,1.13339,1.0
2003-02-01,Adalet ve Kalkınma Partisi,interest,Faiz,macro_economy,2,6,2,0,6.699999999999999,3.3499999999999996,0.6666666666666666,positive,2003,4.0249999999999995,0.8322981366459627
2003-02-01,Cumhuriyet Halk Partisi,interest,Faiz,macro_economy,1,1,1,0,1.35,0.675,0.5,positive,2003,4.0249999999999995,0.1677018633540373
2003-02-01,Adalet ve Kalkınma Partisi,law_state,Hukuk Devleti,democratic_reform,11,102,56,6,123.7,77.832765,0.7936507936507936,positive,2003,127.58361,0.6100530075924329
2003-02-01,Cumhuriyet Halk Partisi,law_state,Hukuk Devleti,democratic_reform,14,68,45,6,85.85,49.750845,0.75,positive,2003,127.58361,0.3899469924075671
2003-02-01,Adalet ve Kalkınma Partisi,reform,Reform,democratic_reform,2,6,2,0,6.699999999999999,3.3499999999999996,0.6666666666666666,positive,2003,6.245889999999999,0.5363527055391626
2003-02-01,Cumhuriyet Halk Partisi,reform,Reform,democratic_reform,2,7,4,1,8.75,2.8958899999999996,0.5,positive,2003,6.245889999999999,0.46364729446083747
2003-02-01,Adalet ve Kalkınma Partisi,security,Guvenlik,security_conflict,4,11,5,1,13.1,5.2875,0.5714285714285714,positive,2003,12.262275,0.43120057248756855
2003-02-01,Cumhuriyet Halk Partisi,security,Guvenlik,security_conflict,3,7,7,0,9.45,6.974775000000001,0.875,positive,2003,12.262275,0.5687994275124315
2003-02-01,Adalet ve Kalkınma Partisi,constitution,Anayasa,constitutional_conflict,15,51,8,4,55.2,55.2,0.3076923076923077,total,2003,185.95,0.2968539930088734
2003-02-01,Cumhuriyet Halk Partisi,constitution,Anayasa,constitutional_conflict,36,115,32,13,130.75,130.75,0.41304347826086957,total,2003,185.95,0.7031460069911267
2003-02-01,Adalet ve Kalkınma Partisi,democracy,Demokrasi,democratic_reform,5,10,3,1,11.4,11.4,0.4,total,2003,74.75,0.15250836120401337
2003-02-01,Cumhuriyet Halk Partisi,democracy,Demokrasi,democratic_reform,17,49,31,10,63.35,63.35,0.5,total,2003,74.75,0.8474916387959867
2003-02-01,Adalet ve Kalkınma Partisi,economy,Ekonomi,macro_economy,38,216,94,74,274.8,274.8,0.11834319526627218,total,2003,620.15,0.44311860033862777
2003-02-01,Anavatan Partisi,economy,Ekonomi,macro_economy,2,8,5,1,10.1,10.1,0.5714285714285714,total,2003,620.15,0.016286382326856405
2003-02-01,Cumhuriyet Halk Partisi,economy,Ekonomi,macro_economy,36,274,84,91,335.25,335.25,-0.03977272727272727,total,2003,620.15,0.5405950173345159
2003-02-01,Adalet ve Kalkınma Partisi,european_union,Avrupa Birligi,democratic_reform,11,25,13,7,32.0,32.0,0.2857142857142857,total,2003,41.35,0.7738814993954051
2003-02-01,Cumhuriyet Halk Partisi,european_union,Avrupa Birligi,democratic_reform,6,9,1,0,9.35,9.35,0.5,total,2003,41.35,0.2261185006045949
2003-02-01,Cumhuriyet Halk Partisi,imf,IMF,macro_economy,2,3,0,2,3.7,3.7,-0.6666666666666666,total,2003,3.7,1.0
2003-02-01,Adalet ve Kalkınma Partisi,inflation,Enflasyon,macro_economy,2,2,2,1,3.05,3.05,0.25,total,2003,7.75,0.39354838709677414
2003-02-01,Cumhuriyet Halk Partisi,inflation,Enflasyon,macro_economy,4,4,0,2,4.7,4.7,-0.6666666666666666,total,2003,7.75,0.6064516129032258
2003-02-01,Adalet ve Kalkınma Partisi,interest,Faiz,macro_economy,8,16,2,2,17.4,17.4,0.0,total,2003,42.199999999999996,0.41232227488151657
2003-02-01,Cumhuriyet Halk Partisi,interest,Faiz,macro_economy,8,22,4,4,24.799999999999997,24.799999999999997,0.0,total,2003,42.199999999999996,0.5876777251184834
2003-02-01,Adalet ve Kalkınma Partisi,law_state,Hukuk Devleti,democratic_reform,24,150,58,14,175.20000000000002,175.20000000000002,0.6027397260273972,total,2003,417.8,0.4193393968405936
2003-02-01,Cumhuriyet Halk Partisi,law_state,Hukuk Devleti,democratic_reform,45,202,64,52,242.6,242.6,0.10256410256410256,total,2003,417.8,0.5806606031594064
2003-02-01,Adalet ve Kalkınma Partisi,reform,Reform,democratic_reform,5,15,3,4,17.45,17.45,-0.125,total,2003,40.9,0.42665036674816625
2003-02-01,Cumhuriyet Halk Partisi,reform,Reform,democratic_reform,9,21,5,2,23.45,23.45,0.375,total,2003,40.9,0.5733496332518337
2003-02-01,Adalet ve Kalkınma Partisi,security,Guvenlik,security_conflict,16,35,6,12,41.3,41.3,-0.3157894736842105,total,2003,88.69999999999999,0.4656144306651635
2003-02-01,Bağımsız,security,Guvenlik,security_conflict,1,2,0,0,2.0,2.0,0.0,total,2003,88.69999999999999,0.022547914317925594
2003-02-01,Cumhuriyet Halk Partisi,security,Guvenlik,security_conflict,19,37,9,15,45.4,45.4,-0.24,total,2003,88.69999999999999,0.511837655016911
2003-02-01,Cumhuriyet Halk Partisi,sovereignty,Egemenlik,security_conflict,1,1,0,1,1.35,1.35,-0.5,total,2003,1.35,1.0
2003-02-01,Adalet ve Kalkınma Partisi,tutelage,Vesayet,constitutional_conflict,1,1,0,2,1.7,1.7,-0.6666666666666666,total,2003,1.7,1.0
2003-03-01,Adalet ve Kalkınma Partisi,constitution,Anayasa,constitutional_conflict,14,43,2,19,50.35,24.25047,-0.7727272727272727,negative,2003,108.186555,0.22415419365188216
2003-03-01,Bağımsız,constitution,Anayasa,constitutional_conflict,1,3,1,4,4.75,2.375,-0.5,negative,2003,108.186555,0.02195282029268794
2003-03-01,Cumhuriyet Halk Partisi,constitution,Anayasa,constitutional_conflict,25,171,5,49,189.9,81.561085,-0.8,negative,2003,108.186555,0.75389298605543
2003-03-01,Adalet ve Kalkınma Partisi,democracy,Demokrasi,democratic_reform,6,19,4,20,27.4,15.068135,-0.64,negative,2003,20.393135,0.7388827171496682
2003-03-01,Cumhuriyet Halk Partisi,democracy,Demokrasi,democratic_reform,8,9,2,10,13.2,5.325,-0.6153846153846154,negative,2003,20.393135,0.26111728285033176
2003-03-01,Adalet ve Kalkınma Partisi,economy,Ekonomi,macro_economy,35,220,49,179,299.8,153.66367,-0.5676855895196506,negative,2003,375.56442499999997,0.40915395540991406
2003-03-01,Anavatan Partisi,economy,Ekonomi,macro_economy,4,18,2,11,22.55,11.60623,-0.6428571428571429,negative,2003,375.56442499999997,0.030903432879724965
2003-03-01,Bağımsız,economy,Ekonomi,macro_economy,2,9,1,3,10.399999999999999,4.1875,-0.4,negative,2003,375.56442499999997,0.011149884603686839
2003-03-01,Cumhuriyet Halk Partisi,economy,Ekonomi,macro_economy,58,260,33,224,349.95,206.107025,-0.7403100775193798,negative,2003,375.56442499999997,0.5487927271066741
2003-03-01,Adalet ve Kalkınma Partisi,european_union,Avrupa Birligi,democratic_reform,8,13,0,8,15.8,7.9,-0.8888888888888888,negative,2003,11.71679,0.6742461032415875
2003-03-01,Cumhuriyet Halk Partisi,european_union,Avrupa Birligi,democratic_reform,3,5,0,4,6.4,3.81679,-0.8,negative,2003,11.71679,0.32575389675841254
2003-03-01,Adalet ve Kalkınma Partisi,imf,IMF,macro_economy,5,12,0,9,15.15,9.73778,-0.9,negative,2003,29.00028,0.3357822752056187
2003-03-01,Anavatan Partisi,imf,IMF,macro_economy,2,7,1,3,8.4,2.4375,-0.4,negative,2003,29.00028,0.08405091261187823
2003-03-01,Cumhuriyet Halk Partisi,imf,IMF,macro_economy,5,28,1,8,31.15,16.825,-0.7,negative,2003,29.00028,0.580166812182503
2003-03-01,Adalet ve Kalkınma Partisi,inflation,Enflasyon,macro_economy,1,4,0,1,4.35,2.175,-0.5,negative,2003,6.81679,0.31906513182891066
2003-03-01,Cumhuriyet Halk Partisi,inflation,Enflasyon,macro_economy,2,7,0,3,8.05,4.64179,-0.75,negative,2003,6.81679,0.6809348681710894
2003-03-01,Adalet ve Kalkınma Partisi,interest,Faiz,macro_economy,8,22,0,16,27.6,18.13277,-0.9411764705882353,negative,2003,83.61472,0.21686097854540445
2003-03-01,Anavatan Partisi,interest,Faiz,macro_economy,1,5,0,1,5.35,2.675,-0.5,negative,2003,83.61472,0.031991974618823096
2003-03-01,Cumhuriyet Halk Partisi,interest,Faiz,macro_economy,17,91,7,50,110.95,62.80695,-0.7413793103448276,negative,2003,83.61472,0.7511470468357724
2003-03-01,Adalet ve Kalkınma Partisi,law_state,Hukuk Devleti,democratic_reform,24,68,3,50,86.55,51.635934999999996,-0.8703703703703703,negative,2003,130.132365,0.39679548588854124
2003-03-01,Anavatan Partisi,law_state,Hukuk Devleti,democratic_reform,1,4,0,3,5.05,3.7874999999999996,-0.75,negative,2003,130.132365,0.029104980916930232
2003-03-01,Bağımsız,law_state,Hukuk Devleti,democratic_reform,1,1,0,1,1.35,0.675,-0.5,negative,2003,130.132365,0.0051870263020271715
2003-03-01,Cumhuriyet Halk Partisi,law_state,Hukuk Devleti,democratic_reform,24,100,9,71,128.0,74.03393,-0.7654320987654321,negative,2003,130.132365,0.5689125068925014
2003-03-01,Adalet ve Kalkınma Partisi,reform,Reform,democratic_reform,3,6,1,5,8.1,3.90429,-0.5714285714285714,negative,2003,31.175179999999997,0.12523712774072196
2003-03-01,Cumhuriyet Halk Partisi,reform,Reform,democratic_reform,7,38,2,18,45.0,27.270889999999998,-0.7619047619047619,negative,2003,31.175179999999997,0.8747628722592781
2003-03-01,Adalet ve Kalkınma Partisi,security,Guvenlik,security_conflict,15,41,7,41,57.8,28.45412,-0.6938775510204082,negative,2003,96.98577999999999,0.2933844528548412
2003-03-01,Anavatan Partisi,security,Guvenlik,security_conflict,2,2,1,5,4.1,2.09339,-0.5714285714285714,negative,2003,96.98577999999999,0.02158450445003381
2003-03-01,Bağımsız,security,Guvenlik,security_conflict,3,7,0,3,8.05,4.025,-0.75,negative,2003,96.98577999999999,0.041500929311492886
2003-03-01,Cumhuriyet Halk Partisi,security,Guvenlik,security_conflict,26,85,12,73,114.75,62.41327,-0.7093023255813954,negative,2003,96.98577999999999,0.6435301133836322
2003-03-01,Cumhuriyet Halk Partisi,sovereignty,Egemenlik,security_conflict,2,2,0,5,3.75,2.5949999999999998,-0.8333333333333334,negative,2003,2.5949999999999998,1.0
2003-03-01,Adalet ve Kalkınma Partisi,tutelage,Vesayet,constitutional_conflict,2,2,0,2,2.7,1.35,-0.6666666666666666,negative,2003,10.86825,0.12421503001863227
2003-03-01,Bağımsız,tutelage,Vesayet,constitutional_conflict,1,1,0,1,1.35,0.675,-0.5,negative,2003,10.86825,0.06210751500931613
2003-03-01,Cumhuriyet Halk Partisi,tutelage,Vesayet,constitutional_conflict,4,7,0,13,11.55,8.84325,-0.9285714285714286,negative,2003,10.86825,0.8136774549720516
2003-03-01,Adalet ve Kalkınma Partisi,constitution,Anayasa,constitutional_conflict,19,168,80,11,199.85000000000002,126.181565,0.75,positive,2003,227.677545,0.5542117251835266
2003-03-01,Anavatan Partisi,constitution,Anayasa,constitutional_conflict,2,6,4,0,7.4,4.93358,0.8,positive,2003,227.677545,0.021669154944551076
2003-03-01,Cumhuriyet Halk Partisi,constitution,Anayasa,constitutional_conflict,22,121,89,13,156.7,96.5624,0.7378640776699029,positive,2003,227.677545,0.42411911987192236
2003-03-01,Adalet ve Kalkınma Partisi,democracy,Demokrasi,democratic_reform,32,117,91,12,153.04999999999998,87.83686999999999,0.7596153846153846,positive,2003,173.654025,0.5058153417405672
2003-03-01,Anavatan Partisi,democracy,Demokrasi,democratic_reform,2,4,5,0,5.75,4.195,0.8333333333333334,positive,2003,173.654025,0.024157228719576183
2003-03-01,Cumhuriyet Halk Partisi,democracy,Demokrasi,democratic_reform,30,86,83,4,116.45,79.447155,0.8977272727272727,positive,2003,173.654025,0.45750252549573783
2003-03-01,Doğru Yol Partisi,democracy,Demokrasi,democratic_reform,1,4,1,0,4.35,2.175,0.5,positive,2003,173.654025,0.012524904044118759
2003-03-01,Adalet ve Kalkınma Partisi,economy,Ekonomi,macro_economy,64,849,676,178,1147.9,620.380825,0.5824561403508772,positive,2003,831.2550249999999,0.7463182854142747
2003-03-01,Anavatan Partisi,economy,Ekonomi,macro_economy,3,4,5,0,5.75,3.60848,0.8333333333333334,positive,2003,831.2550249999999,0.0043410023295799025
2003-03-01,Bağımsız,economy,Ekonomi,macro_economy,3,13,11,2,17.55,11.216920000000002,0.6428571428571429,positive,2003,831.2550249999999,0.01349395752524925
2003-03-01,Cumhuriyet Halk Partisi,economy,Ekonomi,macro_economy,59,241,185,21,313.1,194.8738,0.7922705314009661,positive,2003,831.2550249999999,0.23443322944122955
2003-03-01,Doğru Yol Partisi,economy,Ekonomi,macro_economy,1,2,1,0,2.35,1.175,0.5,positive,2003,831.2550249999999,0.00141352528966667
2003-03-01,Adalet ve Kalkınma Partisi,european_union,Avrupa Birligi,democratic_reform,20,38,37,3,52.0,29.99268,0.8292682926829268,positive,2003,45.03884,0.6659292290831647
2003-03-01,Cumhuriyet Halk Partisi,european_union,Avrupa Birligi,democratic_reform,12,19,18,0,25.3,15.04616,0.9473684210526315,positive,2003,45.03884,0.33407077091683535
2003-03-01,Adalet ve Kalkınma Partisi,imf,IMF,macro_economy,4,10,7,1,12.8,6.74349,0.6666666666666666,positive,2003,22.885460000000002,0.2946626373251838
2003-03-01,Cumhuriyet Halk Partisi,imf,IMF,macro_economy,8,24,14,1,29.25,16.14197,0.8125,positive,2003,22.885460000000002,0.7053373626748162
2003-03-01,Adalet ve Kalkınma Partisi,inflation,Enflasyon,macro_economy,12,36,32,8,50.0,23.06053,0.5853658536585366,positive,2003,55.913920000000005,0.4124291410797168
2003-03-01,Cumhuriyet Halk Partisi,inflation,Enflasyon,macro_economy,10,44,20,2,51.7,32.853390000000005,0.782608695652174,positive,2003,55.913920000000005,0.5875708589202832
2003-03-01,Adalet ve Kalkınma Partisi,interest,Faiz,macro_economy,12,85,41,12,103.55,44.427189999999996,0.5370370370370371,positive,2003,87.49007999999999,0.5077968839438711
2003-03-01,Anavatan Partisi,interest,Faiz,macro_economy,2,2,2,0,2.7,1.35,0.6666666666666666,positive,2003,87.49007999999999,0.015430320786082264
2003-03-01,Bağımsız,interest,Faiz,macro_economy,1,5,1,0,5.35,2.675,0.5,positive,2003,87.49007999999999,0.030574894890940778
2003-03-01,Cumhuriyet Halk Partisi,interest,Faiz,macro_economy,11,73,19,3,80.7,39.03789,0.6956521739130435,positive,2003,87.49007999999999,0.44619790037910584
2003-03-01,Adalet ve Kalkınma Partisi,law_state,Hukuk Devleti,democratic_reform,26,189,114,18,235.20000000000002,142.00649,0.7218045112781954,positive,2003,226.59733,0.626690923498525
2003-03-01,Cumhuriyet Halk Partisi,law_state,Hukuk Devleti,democratic_reform,21,128,93,24,168.95,84.59084,0.5847457627118644,positive,2003,226.59733,0.3733090765014751
2003-03-01,Adalet ve Kalkınma Partisi,reform,Reform,democratic_reform,20,113,66,13,140.65,71.83807,0.6625,positive,2003,119.01555,0.6036023864108514
2003-03-01,Bağımsız,reform,Reform,democratic_reform,1,1,1,0,1.35,0.675,0.5,positive,2003,119.01555,0.005671527796157729
2003-03-01,Cumhuriyet Halk Partisi,reform,Reform,democratic_reform,11,62,32,3,74.25,46.50248,0.8055555555555556,positive,2003,119.01555,0.3907260857929909
2003-03-01,Adalet ve Kalkınma Partisi,security,Guvenlik,security_conflict,17,58,33,3,70.6,38.87724,0.8108108108108109,positive,2003,52.1442,0.745571703084907
2003-03-01,Cumhuriyet Halk Partisi,security,Guvenlik,security_conflict,12,18,16,0,23.6,13.266960000000001,0.9411764705882353,positive,2003,52.1442,0.25442829691509317
2003-03-01,Adalet ve Kalkınma Partisi,sovereignty,Egemenlik,security_conflict,3,4,4,0,5.4,3.15009,0.8,positive,2003,4.50009,0.7000059998800023
2003-03-01,Cumhuriyet Halk Partisi,sovereignty,Egemenlik,security_conflict,1,1,1,0,1.35,0.675,0.5,positive,2003,4.50009,0.1499970000599988
2003-03-01,Doğru Yol Partisi,sovereignty,Egemenlik,security_conflict,1,1,1,0,1.35,0.675,0.5,positive,2003,4.50009,0.1499970000599988
2003-03-01,Adalet ve Kalkınma Partisi,constitution,Anayasa,constitutional_conflict,75,313,87,35,355.7,355.7,0.42276422764227645,total,2003,854.6,0.416218113737421
2003-03-01,Anavatan Partisi,constitution,Anayasa,constitutional_conflict,5,11,4,0,12.4,12.4,0.8,total,2003,854.6,0.014509712146033232
2003-03-01,Bağımsız,constitution,Anayasa,constitutional_conflict,2,4,1,4,5.75,5.75,-0.5,total,2003,854.6,0.006728293938684764
2003-03-01,Cumhuriyet Halk Partisi,constitution,Anayasa,constitutional_conflict,104,423,99,66,480.75,480.75,0.19879518072289157,total,2003,854.6,0.5625438801778609
2003-03-01,Adalet ve Kalkınma Partisi,democracy,Demokrasi,democratic_reform,77,211,100,37,258.95,258.95,0.45652173913043476,total,2003,482.5,0.5366839378238342
2003-03-01,Anavatan Partisi,democracy,Demokrasi,democratic_reform,5,7,6,1,9.45,9.45,0.625,total,2003,482.5,0.019585492227979274
2003-03-01,Cumhuriyet Halk Partisi,democracy,Demokrasi,democratic_reform,81,172,88,17,208.75,208.75,0.6698113207547169,total,2003,482.5,0.4326424870466321
2003-03-01,Doğru Yol Partisi,democracy,Demokrasi,democratic_reform,2,5,1,0,5.35,5.35,0.5,total,2003,482.5,0.011088082901554403
2003-03-01,Adalet ve Kalkınma Partisi,economy,Ekonomi,macro_economy,177,1365,794,426,1792.0,1792.0,0.3013923013923014,total,2003,2971.85,0.6029914026616418
2003-03-01,Anavatan Partisi,economy,Ekonomi,macro_economy,9,30,7,11,36.300000000000004,36.300000000000004,-0.21052631578947367,total,2003,2971.85,0.012214613792755357
2003-03-01,Bağımsız,economy,Ekonomi,macro_economy,9,65,23,13,77.60000000000001,77.60000000000001,0.2702702702702703,total,2003,2971.85,0.02611168127597288
2003-03-01,Cumhuriyet Halk Partisi,economy,Ekonomi,macro_economy,229,845,297,319,1060.6,1060.6,-0.03565640194489465,total,2003,2971.85,0.3568820768208355
2003-03-01,Doğru Yol Partisi,economy,Ekonomi,macro_economy,2,5,1,0,5.35,5.35,0.5,total,2003,2971.85,0.0018002254487945219
2003-03-01,Adalet ve Kalkınma Partisi,european_union,Avrupa Birligi,democratic_reform,49,82,40,13,100.55,100.55,0.5,total,2003,162.45,0.6189596799015081
2003-03-01,Cumhuriyet Halk Partisi,european_union,Avrupa Birligi,democratic_reform,30,50,25,9,61.9,61.9,0.45714285714285713,total,2003,162.45,0.38104032009849187
2003-03-01,Adalet ve Kalkınma Partisi,imf,IMF,macro_economy,22,49,11,14,57.75,57.75,-0.11538461538461539,total,2003,165.0,0.35
2003-03-01,Anavatan Partisi,imf,IMF,macro_economy,3,9,1,3,10.4,10.4,-0.4,total,2003,165.0,0.06303030303030303
2003-03-01,Cumhuriyet Halk Partisi,imf,IMF,macro_economy,32,86,18,13,96.85,96.85,0.15625,total,2003,165.0,0.5869696969696969
2003-03-01,Adalet ve Kalkınma Partisi,inflation,Enflasyon,macro_economy,23,53,38,16,71.9,71.9,0.4,total,2003,159.65,0.4503601628562481
2003-03-01,Anavatan Partisi,inflation,Enflasyon,macro_economy,4,10,0,0,10.0,10.0,0.0,total,2003,159.65,0.06263701847792044
2003-03-01,Cumhuriyet Halk Partisi,inflation,Enflasyon,macro_economy,24,68,20,5,76.75,76.75,0.5769230769230769,total,2003,159.65,0.48073911681803944
2003-03-01,Doğru Yol Partisi,inflation,Enflasyon,macro_economy,1,1,0,0,1.0,1.0,0.0,total,2003,159.65,0.006263701847792045
2003-03-01,Adalet ve Kalkınma Partisi,interest,Faiz,macro_economy,48,157,45,32,183.95,183.95,0.16666666666666666,total,2003,487.5,0.3773333333333333
2003-03-01,Anavatan Partisi,interest,Faiz,macro_economy,5,11,3,2,12.75,12.75,0.16666666666666666,total,2003,487.5,0.026153846153846153
2003-03-01,Bağımsız,interest,Faiz,macro_economy,1,5,1,0,5.35,5.35,0.5,total,2003,487.5,0.010974358974358974
2003-03-01,Cumhuriyet Halk Partisi,interest,Faiz,macro_economy,71,255,30,57,285.45,285.45,-0.3068181818181818,total,2003,487.5,0.5855384615384616
2003-03-01,Adalet ve Kalkınma Partisi,law_state,Hukuk Devleti,democratic_reform,96,386,131,80,459.85,459.85,0.24056603773584906,total,2003,1062.3500000000001,0.432861109803737
2003-03-01,Anavatan Partisi,law_state,Hukuk Devleti,democratic_reform,5,14,0,3,15.05,15.05,-0.75,total,2003,1062.3500000000001,0.014166705887890053
2003-03-01,Bağımsız,law_state,Hukuk Devleti,democratic_reform,2,2,0,1,2.35,2.35,-0.5,total,2003,1062.3500000000001,0.002212076999105756
2003-03-01,Cumhuriyet Halk Partisi,law_state,Hukuk Devleti,democratic_reform,121,491,137,129,584.1,584.1,0.0299625468164794,total,2003,1062.3500000000001,0.5498187979479455
2003-03-01,Doğru Yol Partisi,law_state,Hukuk Devleti,democratic_reform,1,1,0,0,1.0,1.0,0.0,total,2003,1062.3500000000001,0.0009413093613215983
2003-03-01,Adalet ve Kalkınma Partisi,reform,Reform,democratic_reform,51,172,72,22,204.9,204.9,0.5263157894736842,total,2003,370.35,0.5532604293236127
2003-03-01,Anavatan Partisi,reform,Reform,democratic_reform,2,3,0,0,3.0,3.0,0.0,total,2003,370.35,0.008100445524503848
2003-03-01,Bağımsız,reform,Reform,democratic_reform,1,1,1,0,1.35,1.35,0.5,total,2003,370.35,0.0036452004860267314
2003-03-01,Cumhuriyet Halk Partisi,reform,Reform,democratic_reform,38,138,40,26,161.1,161.1,0.208955223880597,total,2003,370.35,0.43499392466585657
2003-03-01,Adalet ve Kalkınma Partisi,security,Guvenlik,security_conflict,60,177,65,70,224.25,224.25,-0.03676470588235294,total,2003,422.55,0.5307064252751154
2003-03-01,Anavatan Partisi,security,Guvenlik,security_conflict,4,4,2,6,6.8,6.8,-0.4444444444444444,total,2003,422.55,0.01609277008638031
2003-03-01,Bağımsız,security,Guvenlik,security_conflict,3,7,0,3,8.05,8.05,-0.75,total,2003,422.55,0.01905099988167081
2003-03-01,Cumhuriyet Halk Partisi,security,Guvenlik,security_conflict,70,143,29,74,179.05,179.05,-0.4326923076923077,total,2003,422.55,0.42373683587741096
2003-03-01,Doğru Yol Partisi,security,Guvenlik,security_conflict,1,3,2,2,4.4,4.4,0.0,total,2003,422.55,0.010412968879422554
2003-03-01,Adalet ve Kalkınma Partisi,sovereignty,Egemenlik,security_conflict,5,6,4,0,7.4,7.4,0.8,total,2003,22.95,0.3224400871459695
2003-03-01,Cumhuriyet Halk Partisi,sovereignty,Egemenlik,security_conflict,6,10,4,8,14.2,14.2,-0.3076923076923077,total,2003,22.95,0.6187363834422658
2003-03-01,Doğru Yol Partisi,sovereignty,Egemenlik,security_conflict,1,1,1,0,1.35,1.35,0.5,total,2003,22.95,0.05882352941176471
2003-03-01,Adalet ve Kalkınma Partisi,tutelage,Vesayet,constitutional_conflict,3,3,1,3,4.4,4.4,-0.4,total,2003,17.3,0.2543352601156069
2003-03-01,Bağımsız,tutelage,Vesayet,constitutional_conflict,1,1,0,1,1.35,1.35,-0.5,total,2003,17.3,0.07803468208092486
2003-03-01,Cumhuriyet Halk Partisi,tutelage,Vesayet,constitutional_conflict,4,7,0,13,11.55,11.55,-0.9285714285714286,total,2003,17.3,0.6676300578034682
2003-04-01,Adalet ve Kalkınma Partisi,constitution,Anayasa,constitutional_conflict,8,31,2,13,36.25,16.336949999999998,-0.6875,negative,2003,79.57908499999999,0.20529200605912973
2003-04-01,Cumhuriyet Halk Partisi,constitution,Anayasa,constitutional_conflict,24,94,1,39,108.0,63.242135,-0.926829268292683,negative,2003,79.57908499999999,0.7947079939408703
2003-04-01,Adalet ve Kalkınma Partisi,democracy,Demokrasi,democratic_reform,5,17,0,8,19.799999999999997,11.77929,-0.8888888888888888,negative,2003,48.80788,0.24133992297965
2003-04-01,Bağımsız,democracy,Demokrasi,democratic_reform,1,3,0,4,4.4,3.5200000000000005,-0.8,negative,2003,48.80788,0.0721195020148386
2003-04-01,Cumhuriyet Halk Partisi,democracy,Demokrasi,democratic_reform,12,45,4,34,58.300000000000004,33.50859,-0.7692307692307693,negative,2003,48.80788,0.6865405750055114
2003-04-01,Adalet ve Kalkınma Partisi,economy,Ekonomi,macro_economy,17,76,9,71,104.0,66.64064,-0.7654320987654321,negative,2003,186.552525,0.35722186017048013
2003-04-01,Anavatan Partisi,economy,Ekonomi,macro_economy,3,15,0,22,22.7,19.79417,-0.9565217391304348,negative,2003,186.552525,0.1061050768409594
2003-04-01,Cumhuriyet Halk Partisi,economy,Ekonomi,macro_economy,30,108,5,85,139.5,93.948965,-0.8791208791208791,negative,2003,186.552525,0.5036059683459122
2003-04-01,Doğru Yol Partisi,economy,Ekonomi,macro_economy,1,14,2,5,16.45,6.168749999999999,-0.375,negative,2003,186.552525,0.033067094642648225
2003-04-01,Adalet ve Kalkınma Partisi,european_union,Avrupa Birligi,democratic_reform,3,3,0,3,4.050000000000001,2.0250000000000004,-0.75,negative,2003,3.2,0.6328125000000001
2003-04-01,Cumhuriyet Halk Partisi,european_union,Avrupa Birligi,democratic_reform,1,2,0,1,2.35,1.175,-0.5,negative,2003,3.2,0.3671875
2003-04-01,Adalet ve Kalkınma Partisi,imf,IMF,macro_economy,1,1,0,1,1.35,0.675,-0.5,negative,2003,1.35,0.5
2003-04-01,Cumhuriyet Halk Partisi,imf,IMF,macro_economy,1,1,0,1,1.35,0.675,-0.5,negative,2003,1.35,0.5
2003-04-01,Adalet ve Kalkınma Partisi,inflation,Enflasyon,macro_economy,2,3,0,6,5.1,3.799875,-0.8571428571428571,negative,2003,3.799875,1.0
2003-04-01,Adalet ve Kalkınma Partisi,interest,Faiz,macro_economy,4,9,0,9,12.15,8.35447,-0.9,negative,2003,20.29376,0.4116767912895392
2003-04-01,Cumhuriyet Halk Partisi,interest,Faiz,macro_economy,7,22,2,11,26.55,11.93929,-0.6428571428571429,negative,2003,20.29376,0.5883232087104607
2003-04-01,Adalet ve Kalkınma Partisi,law_state,Hukuk Devleti,democratic_reform,9,25,1,17,31.3,18.12028,-0.8421052631578947,negative,2003,103.236685,0.1755217149795153
2003-04-01,Anavatan Partisi,law_state,Hukuk Devleti,democratic_reform,1,3,0,1,3.35,1.675,-0.5,negative,2003,103.236685,0.016224852628694927
2003-04-01,Bağımsız,law_state,Hukuk Devleti,democratic_reform,1,1,1,2,2.05,0.5125,-0.25,negative,2003,103.236685,0.004964320580421582
2003-04-01,Cumhuriyet Halk Partisi,law_state,Hukuk Devleti,democratic_reform,25,112,9,71,140.0,82.928905,-0.7654320987654321,negative,2003,103.236685,0.8032891118113683
2003-04-01,Adalet ve Kalkınma Partisi,reform,Reform,democratic_reform,4,17,2,8,20.5,7.987500000000001,-0.5454545454545454,negative,2003,9.120890000000001,0.8757369072535685
2003-04-01,Cumhuriyet Halk Partisi,reform,Reform,democratic_reform,1,1,0,2,1.7,1.13339,-0.6666666666666666,negative,2003,9.120890000000001,0.12426309274643152
2003-04-01,Adalet ve Kalkınma Partisi,security,Guvenlik,security_conflict,13,15,2,20,22.7,11.807500000000001,-0.782608695652174,negative,2003,44.851565,0.2632572575784145
2003-04-01,Anavatan Partisi,security,Guvenlik,security_conflict,3,7,1,9,10.5,5.45161,-0.7272727272727273,negative,2003,44.851565,0.1215478211295414
2003-04-01,Cumhuriyet Halk Partisi,security,Guvenlik,security_conflict,12,34,2,32,45.9,27.592455,-0.8571428571428571,negative,2003,44.851565,0.6151949212920441
2003-04-01,Cumhuriyet Halk Partisi,sovereignty,Egemenlik,security_conflict,1,2,0,1,2.35,1.175,-0.5,negative,2003,1.175,1.0
2003-04-01,Adalet ve Kalkınma Partisi,tutelage,Vesayet,constitutional_conflict,1,1,0,1,1.35,0.675,-0.5,negative,2003,0.675,1.0
2003-04-01,Adalet ve Kalkınma Partisi,constitution,Anayasa,constitutional_conflict,12,63,45,4,80.15,51.678760000000004,0.82,positive,2003,140.57369,0.3676275411138457
2003-04-01,Cumhuriyet Halk Partisi,constitution,Anayasa,constitutional_conflict,30,146,53,6,166.65,88.89493,0.7833333333333333,positive,2003,140.57369,0.6323724588861543
2003-04-01,Adalet ve Kalkınma Partisi,democracy,Demokrasi,democratic_reform,9,31,31,6,43.95,24.084335000000003,0.6578947368421053,positive,2003,80.771215,0.29817967948111224
2003-04-01,Cumhuriyet Halk Partisi,democracy,Demokrasi,democratic_reform,20,73,48,3,90.85,56.686879999999995,0.8653846153846154,positive,2003,80.771215,0.7018203205188878
2003-04-01,Adalet ve Kalkınma Partisi,economy,Ekonomi,macro_economy,31,177,132,22,230.9,134.67802,0.7096774193548387,positive,2003,341.684905,0.39415853035708437
2003-04-01,Anavatan Partisi,economy,Ekonomi,macro_economy,1,2,2,0,2.7,1.80009,0.6666666666666666,positive,2003,341.684905,0.005268274874478286
2003-04-01,Bağımsız,economy,Ekonomi,macro_economy,2,11,16,0,16.6,14.534375,0.9411764705882353,positive,2003,341.684905,0.04253736348112891
2003-04-01,Cumhuriyet Halk Partisi,economy,Ekonomi,macro_economy,50,190,215,22,272.95,190.67242000000002,0.8109243697478992,positive,2003,341.684905,0.5580358312873084
2003-04-01,Adalet ve Kalkınma Partisi,european_union,Avrupa Birligi,democratic_reform,4,30,19,0,36.65,32.44745,0.95,positive,2003,62.492975,0.5192175600537501
2003-04-01,Cumhuriyet Halk Partisi,european_union,Avrupa Birligi,democratic_reform,13,39,37,7,54.4,30.045525,0.6666666666666666,positive,2003,62.492975,0.48078243994625
2003-04-01,Adalet ve Kalkınma Partisi,imf,IMF,macro_economy,2,2,4,1,3.75,1.635,0.5,positive,2003,1.635,1.0
2003-04-01,Adalet ve Kalkınma Partisi,inflation,Enflasyon,macro_economy,3,7,3,0,8.05,4.025,0.75,positive,2003,9.725000000000001,0.4138817480719794
2003-04-01,Cumhuriyet Halk Partisi,inflation,Enflasyon,macro_economy,4,10,4,0,11.4,5.7,0.8,positive,2003,9.725000000000001,0.5861182519280205
2003-04-01,Adalet ve Kalkınma Partisi,interest,Faiz,macro_economy,3,9,6,1,11.450000000000001,5.435090000000001,0.625,positive,2003,15.08938,0.3601930629356541
2003-04-01,Anavatan Partisi,interest,Faiz,macro_economy,1,1,1,0,1.35,0.675,0.5,positive,2003,15.08938,0.0447334482927728
2003-04-01,Cumhuriyet Halk Partisi,interest,Faiz,macro_economy,8,13,13,2,18.25,8.979289999999999,0.6875,positive,2003,15.08938,0.5950734887715731
2003-04-01,Adalet ve Kalkınma Partisi,law_state,Hukuk Devleti,democratic_reform,10,41,29,1,51.5,35.70982,0.9032258064516129,positive,2003,130.66714,0.2732884488020477
2003-04-01,Cumhuriyet Halk Partisi,law_state,Hukuk Devleti,democratic_reform,24,122,82,7,153.15,94.95732,0.8333333333333334,positive,2003,130.66714,0.7267115511979523
2003-04-01,Adalet ve Kalkınma Partisi,reform,Reform,democratic_reform,4,10,5,1,12.1,4.5375,0.5714285714285714,positive,2003,13.53759,0.3351778270726178
2003-04-01,Cumhuriyet Halk Partisi,reform,Reform,democratic_reform,5,15,6,0,17.1,9.00009,0.8571428571428571,positive,2003,13.53759,0.6648221729273822
2003-04-01,Adalet ve Kalkınma Partisi,security,Guvenlik,security_conflict,2,2,2,0,2.7,1.35,0.6666666666666666,positive,2003,9.6625,0.13971539456662355
2003-04-01,Cumhuriyet Halk Partisi,security,Guvenlik,security_conflict,7,18,8,1,21.150000000000002,8.3125,0.7,positive,2003,9.6625,0.8602846054333765
2003-04-01,Adalet ve Kalkınma Partisi,sovereignty,Egemenlik,security_conflict,3,10,6,0,12.100000000000001,8.067070000000001,0.8571428571428571,positive,2003,13.717260000000001,0.5880963107792664
2003-04-01,Cumhuriyet Halk Partisi,sovereignty,Egemenlik,security_conflict,2,3,2,0,3.7,1.85,0.6666666666666666,positive,2003,13.717260000000001,0.13486658414289734
2003-04-01,Doğru Yol Partisi,sovereignty,Egemenlik,security_conflict,1,5,2,0,5.7,3.8001899999999997,0.6666666666666666,positive,2003,13.717260000000001,0.2770371050778362
2003-04-01,Cumhuriyet Halk Partisi,tutelage,Vesayet,constitutional_conflict,1,1,2,1,2.05,0.5125,0.25,positive,2003,0.5125,1.0
2003-04-01,Adalet ve Kalkınma Partisi,constitution,Anayasa,constitutional_conflict,70,201,52,22,226.9,226.9,0.4,total,2003,717.0,0.3164574616457462
2003-04-01,Anavatan Partisi,constitution,Anayasa,constitutional_conflict,2,2,0,0,2.0,2.0,0.0,total,2003,717.0,0.002789400278940028
2003-04-01,Cumhuriyet Halk Partisi,constitution,Anayasa,constitutional_conflict,131,444,67,59,488.1,488.1,0.06299212598425197,total,2003,717.0,0.6807531380753138
2003-04-01,Adalet ve Kalkınma Partisi,democracy,Demokrasi,democratic_reform,39,92,35,18,110.55,110.55,0.3148148148148148,total,2003,339.4,0.3257218621096052
2003-04-01,Anavatan Partisi,democracy,Demokrasi,democratic_reform,2,2,0,0,2.0,2.0,0.0,total,2003,339.4,0.0058927519151443725
2003-04-01,Bağımsız,democracy,Demokrasi,democratic_reform,1,3,0,4,4.4,4.4,-0.8,total,2003,339.4,0.012964054213317621
2003-04-01,Cumhuriyet Halk Partisi,democracy,Demokrasi,democratic_reform,70,183,61,46,220.45,220.45,0.1388888888888889,total,2003,339.4,0.6495285798467885
2003-04-01,Doğru Yol Partisi,democracy,Demokrasi,democratic_reform,1,2,0,0,2.0,2.0,0.0,total,2003,339.4,0.0058927519151443725
2003-04-01,Adalet ve Kalkınma Partisi,economy,Ekonomi,macro_economy,81,376,176,130,483.1,483.1,0.1498371335504886,total,2003,1196.45,0.40377784278490536
2003-04-01,Anavatan Partisi,economy,Ekonomi,macro_economy,6,32,7,26,43.55,43.55,-0.5588235294117647,total,2003,1196.45,0.036399348071377825
2003-04-01,Bağımsız,economy,Ekonomi,macro_economy,3,14,16,0,19.6,19.6,0.9411764705882353,total,2003,1196.45,0.016381796146934684
2003-04-01,Cumhuriyet Halk Partisi,economy,Ekonomi,macro_economy,156,492,259,146,633.75,633.75,0.27832512315270935,total,2003,1196.45,0.5296920055163191
2003-04-01,Doğru Yol Partisi,economy,Ekonomi,macro_economy,1,14,2,5,16.45,16.45,-0.375,total,2003,1196.45,0.013749007480463035
2003-04-01,Adalet ve Kalkınma Partisi,european_union,Avrupa Birligi,democratic_reform,16,44,21,5,53.1,53.1,0.5925925925925926,total,2003,123.55000000000001,0.4297855119384864
2003-04-01,Cumhuriyet Halk Partisi,european_union,Avrupa Birligi,democratic_reform,21,54,38,9,70.45,70.45,0.6041666666666666,total,2003,123.55000000000001,0.5702144880615135
2003-04-01,Adalet ve Kalkınma Partisi,imf,IMF,macro_economy,4,5,4,2,7.1,7.1,0.2857142857142857,total,2003,14.45,0.4913494809688581
2003-04-01,Cumhuriyet Halk Partisi,imf,IMF,macro_economy,5,7,0,1,7.35,7.35,-0.5,total,2003,14.45,0.5086505190311419
2003-04-01,Adalet ve Kalkınma Partisi,inflation,Enflasyon,macro_economy,10,15,4,7,18.85,18.85,-0.25,total,2003,57.95,0.3252804141501294
2003-04-01,Cumhuriyet Halk Partisi,inflation,Enflasyon,macro_economy,20,37,5,1,39.1,39.1,0.5714285714285714,total,2003,57.95,0.6747195858498706
2003-04-01,Adalet ve Kalkınma Partisi,interest,Faiz,macro_economy,19,43,8,12,50.0,50.0,-0.19047619047619047,total,2003,203.54999999999998,0.24563989191844757
2003-04-01,Anavatan Partisi,interest,Faiz,macro_economy,2,4,1,0,4.35,4.35,0.5,total,2003,203.54999999999998,0.021370670596904937
2003-04-01,Bağımsız,interest,Faiz,macro_economy,1,1,0,0,1.0,1.0,0.0,total,2003,203.54999999999998,0.0049127978383689515
2003-04-01,Cumhuriyet Halk Partisi,interest,Faiz,macro_economy,59,137,17,15,148.2,148.2,0.06060606060606061,total,2003,203.54999999999998,0.7280766396462786
2003-04-01,Adalet ve Kalkınma Partisi,law_state,Hukuk Devleti,democratic_reform,58,134,33,21,152.9,152.9,0.21818181818181817,total,2003,542.25,0.28197325956662056
2003-04-01,Anavatan Partisi,law_state,Hukuk Devleti,democratic_reform,2,4,0,1,4.35,4.35,-0.5,total,2003,542.25,0.008022130013831258
2003-04-01,Bağımsız,law_state,Hukuk Devleti,democratic_reform,1,1,1,2,2.05,2.05,-0.25,total,2003,542.25,0.0037805440295066847
2003-04-01,Cumhuriyet Halk Partisi,law_state,Hukuk Devleti,democratic_reform,96,321,95,82,382.95,382.95,0.07303370786516854,total,2003,542.25,0.7062240663900414
2003-04-01,Adalet ve Kalkınma Partisi,reform,Reform,democratic_reform,20,44,7,9,49.6,49.6,-0.11764705882352941,total,2003,93.1,0.5327604726100967
2003-04-01,Anavatan Partisi,reform,Reform,democratic_reform,1,1,0,0,1.0,1.0,0.0,total,2003,93.1,0.010741138560687433
2003-04-01,Cumhuriyet Halk Partisi,reform,Reform,democratic_reform,17,39,7,3,42.5,42.5,0.36363636363636365,total,2003,93.1,0.45649838882921595
2003-04-01,Adalet ve Kalkınma Partisi,security,Guvenlik,security_conflict,25,31,7,23,41.5,41.5,-0.5161290322580645,total,2003,138.6,0.2994227994227994
2003-04-01,Anavatan Partisi,security,Guvenlik,security_conflict,4,8,2,10,12.2,12.2,-0.6153846153846154,total,2003,138.6,0.08802308802308802
2003-04-01,Cumhuriyet Halk Partisi,security,Guvenlik,security_conflict,28,66,16,38,84.9,84.9,-0.4,total,2003,138.6,0.6125541125541126
2003-04-01,Adalet ve Kalkınma Partisi,sovereignty,Egemenlik,security_conflict,8,19,6,0,21.1,21.1,0.8571428571428571,total,2003,44.85,0.47045707915273133
2003-04-01,Anavatan Partisi,sovereignty,Egemenlik,security_conflict,1,1,0,0,1.0,1.0,0.0,total,2003,44.85,0.02229654403567447
2003-04-01,Cumhuriyet Halk Partisi,sovereignty,Egemenlik,security_conflict,9,16,2,1,17.05,17.05,0.25,total,2003,44.85,0.3801560758082497
2003-04-01,Doğru Yol Partisi,sovereignty,Egemenlik,security_conflict,1,5,2,0,5.7,5.7,0.6666666666666666,total,2003,44.85,0.12709030100334448
2003-04-01,Adalet ve Kalkınma Partisi,tutelage,Vesayet,constitutional_conflict,1,1,0,1,1.35,1.35,-0.5,total,2003,3.4,0.3970588235294118
2003-04-01,Cumhuriyet Halk Partisi,tutelage,Vesayet,constitutional_conflict,1,1,2,1,2.05,2.05,0.25,total,2003,3.4,0.6029411764705882
2003-05-01,Adalet ve Kalkınma Partisi,constitution,Anayasa,constitutional_conflict,4,6,1,6,8.45,3.91259,-0.625,negative,2003,25.21965,0.15514053525722996
2003-05-01,Cumhuriyet Halk Partisi,constitution,Anayasa,constitutional_conflict,14,25,0,24,33.4,21.30706,-0.96,negative,2003,25.21965,0.84485946474277
2003-05-01,Adalet ve Kalkınma Partisi,democracy,Demokrasi,democratic_reform,5,9,0,7,11.45,6.2375,-0.875,negative,2003,46.469480000000004,0.134227884624489
2003-05-01,Anavatan Partisi,democracy,Demokrasi,democratic_reform,1,1,0,1,1.35,0.675,-0.5,negative,2003,46.469480000000004,0.014525662865175164
2003-05-01,Cumhuriyet Halk Partisi,democracy,Demokrasi,democratic_reform,18,48,2,37,61.650000000000006,39.55698,-0.875,negative,2003,46.469480000000004,0.8512464525103358
2003-05-01,Adalet ve Kalkınma Partisi,economy,Ekonomi,macro_economy,22,81,3,76,108.65,77.725745,-0.9125,negative,2003,264.75061,0.2935809855168984
2003-05-01,Anavatan Partisi,economy,Ekonomi,macro_economy,3,12,0,10,15.5,11.506890000000002,-0.9090909090909091,negative,2003,264.75061,0.043463129320079764
2003-05-01,Bağımsız,economy,Ekonomi,macro_economy,2,11,0,7,13.45,9.758465,-0.875,negative,2003,264.75061,0.036859084101827
2003-05-01,Cumhuriyet Halk Partisi,economy,Ekonomi,macro_economy,53,185,15,188,256.05,165.75951,-0.8480392156862745,negative,2003,264.75061,0.6260968010611949
2003-05-01,Adalet ve Kalkınma Partisi,european_union,Avrupa Birligi,democratic_reform,1,1,0,1,1.35,0.675,-0.5,negative,2003,7.2308900000000005,0.09334950469444286
2003-05-01,Cumhuriyet Halk Partisi,european_union,Avrupa Birligi,democratic_reform,5,11,2,9,14.850000000000001,6.555890000000001,-0.5833333333333334,negative,2003,7.2308900000000005,0.9066504953055572
2003-05-01,Adalet ve Kalkınma Partisi,imf,IMF,macro_economy,1,1,1,2,2.05,0.5125,-0.25,negative,2003,20.922349999999998,0.02449533632694224
2003-05-01,Bağımsız,imf,IMF,macro_economy,1,3,0,2,3.7,2.46679,-0.6666666666666666,negative,2003,20.922349999999998,0.11790214770329338
2003-05-01,Cumhuriyet Halk Partisi,imf,IMF,macro_economy,4,21,2,13,26.250000000000004,17.94306,-0.6875,negative,2003,20.922349999999998,0.8576025159697644
2003-05-01,Anavatan Partisi,inflation,Enflasyon,macro_economy,2,2,1,3,3.4,1.1875,-0.4,negative,2003,9.05625,0.13112491373360938
2003-05-01,Bağımsız,inflation,Enflasyon,macro_economy,1,5,0,7,7.45,6.51875,-0.875,negative,2003,9.05625,0.7198067632850241
2003-05-01,Cumhuriyet Halk Partisi,inflation,Enflasyon,macro_economy,1,1,0,1,1.35,0.675,-0.5,negative,2003,9.05625,0.07453416149068323
2003-05-01,Doğru Yol Partisi,inflation,Enflasyon,macro_economy,1,1,0,1,1.35,0.675,-0.5,negative,2003,9.05625,0.07453416149068323
2003-05-01,Adalet ve Kalkınma Partisi,interest,Faiz,macro_economy,4,6,0,6,8.100000000000001,4.95018,-0.8571428571428571,negative,2003,15.420575,0.3210113760349403
2003-05-01,Anavatan Partisi,interest,Faiz,macro_economy,1,11,2,9,14.85,8.662005,-0.5833333333333334,negative,2003,15.420575,0.5617173808369662
2003-05-01,Cumhuriyet Halk Partisi,interest,Faiz,macro_economy,2,2,0,3,3.05,1.80839,-0.75,negative,2003,15.420575,0.11727124312809348
2003-05-01,Adalet ve Kalkınma Partisi,law_state,Hukuk Devleti,democratic_reform,9,20,3,16,26.65,11.40589,-0.65,negative,2003,50.96146,0.2238140351551937
2003-05-01,Anavatan Partisi,law_state,Hukuk Devleti,democratic_reform,4,8,0,6,10.1,5.5625,-0.8571428571428571,negative,2003,50.96146,0.10915111144774894
2003-05-01,Cumhuriyet Halk Partisi,law_state,Hukuk Devleti,democratic_reform,17,41,1,35,53.6,33.99307,-0.918918918918919,negative,2003,50.96146,0.6670348533970574
2003-05-01,Adalet ve Kalkınma Partisi,reform,Reform,democratic_reform,1,1,0,1,1.35,0.675,-0.5,negative,2003,2.0250000000000004,0.3333333333333333
2003-05-01,Cumhuriyet Halk Partisi,reform,Reform,democratic_reform,2,2,0,2,2.7,1.35,-0.6666666666666666,negative,2003,2.0250000000000004,0.6666666666666666
2003-05-01,Adalet ve Kalkınma Partisi,security,Guvenlik,security_conflict,9,15,3,13,20.6,7.79589,-0.5882352941176471,negative,2003,44.341854999999995,0.17581334835901657
2003-05-01,Anavatan Partisi,security,Guvenlik,security_conflict,3,6,1,4,7.75,2.6125,-0.5,negative,2003,44.341854999999995,0.058917246470631415
2003-05-01,Bağımsız,security,Guvenlik,security_conflict,2,6,0,5,7.75,4.895,-0.8333333333333334,negative,2003,44.341854999999995,0.11039231443970939
2003-05-01,Cumhuriyet Halk Partisi,security,Guvenlik,security_conflict,21,35,3,41,50.4,29.038465,-0.8444444444444444,negative,2003,44.341854999999995,0.6548770907306427
2003-05-01,Adalet ve Kalkınma Partisi,sovereignty,Egemenlik,security_conflict,1,1,0,1,1.35,0.675,-0.5,negative,2003,0.675,1.0
2003-05-01,Adalet ve Kalkınma Partisi,tutelage,Vesayet,constitutional_conflict,1,1,0,1,1.35,0.675,-0.5,negative,2003,7.0086499999999985,0.09630956032902202
2003-05-01,Cumhuriyet Halk Partisi,tutelage,Vesayet,constitutional_conflict,2,6,1,9,9.5,6.333649999999999,-0.7272727272727273,negative,2003,7.0086499999999985,0.9036904396709781
2003-05-01,Adalet ve Kalkınma Partisi,constitution,Anayasa,constitutional_conflict,6,20,18,2,27.0,17.04,0.7619047619047619,positive,2003,44.70545,0.3811615809705528
2003-05-01,Bağımsız,constitution,Anayasa,constitutional_conflict,1,1,1,0,1.35,0.675,0.5,positive,2003,44.70545,0.015098830232108167
2003-05-01,Cumhuriyet Halk Partisi,constitution,Anayasa,constitutional_conflict,17,33,31,1,44.2,26.99045,0.9090909090909091,positive,2003,44.70545,0.603739588797339
2003-05-01,Adalet ve Kalkınma Partisi,democracy,Demokrasi,democratic_reform,18,33,32,1,44.550000000000004,27.25804,0.9117647058823529,positive,2003,110.476305,0.24673200284893673
2003-05-01,Anavatan Partisi,democracy,Demokrasi,democratic_reform,3,9,6,0,11.1,7.40037,0.8571428571428571,positive,2003,110.476305,0.06698603831835252
2003-05-01,Bağımsız,democracy,Demokrasi,democratic_reform,2,3,2,0,3.7,1.85,0.6666666666666666,positive,2003,110.476305,0.016745672295973332
2003-05-01,Cumhuriyet Halk Partisi,democracy,Demokrasi,democratic_reform,31,88,68,2,112.5,73.967895,0.9295774647887324,positive,2003,110.476305,0.6695362865367375
2003-05-01,Adalet ve Kalkınma Partisi,economy,Ekonomi,macro_economy,46,257,223,40,349.05,214.11801499999999,0.6931818181818182,positive,2003,410.34636,0.5217982559903784
2003-05-01,Anavatan Partisi,economy,Ekonomi,macro_economy,5,15,13,2,20.25,12.63816,0.6875,positive,2003,410.34636,0.030798762294370053
2003-05-01,Bağımsız,economy,Ekonomi,macro_economy,1,3,2,0,3.7,2.46679,0.6666666666666666,positive,2003,410.34636,0.006011482592412907
2003-05-01,Cumhuriyet Halk Partisi,economy,Ekonomi,macro_economy,62,236,165,31,304.6,167.381875,0.6802030456852792,positive,2003,410.34636,0.4079038863656546
2003-05-01,Doğru Yol Partisi,economy,Ekonomi,macro_economy,1,9,16,0,14.6,13.74152,0.9411764705882353,positive,2003,410.34636,0.033487612757183954
2003-05-01,Adalet ve Kalkınma Partisi,european_union,Avrupa Birligi,democratic_reform,26,257,191,24,332.25,232.39242000000002,0.7731481481481481,positive,2003,280.273615,0.8291626737679179
2003-05-01,Anavatan Partisi,european_union,Avrupa Birligi,democratic_reform,1,1,1,0,1.35,0.675,0.5,positive,2003,280.273615,0.0024083608440987215
2003-05-01,Cumhuriyet Halk Partisi,european_union,Avrupa Birligi,democratic_reform,21,62,40,5,77.75,38.06557,0.7608695652173914,positive,2003,280.273615,0.1358157456241466
2003-05-01,Doğru Yol Partisi,european_union,Avrupa Birligi,democratic_reform,1,11,12,3,16.25,9.140625,0.5625,positive,2003,280.273615,0.03261321976383685
2003-05-01,Adalet ve Kalkınma Partisi,inflation,Enflasyon,macro_economy,2,2,6,0,4.1,3.0749999999999997,0.8571428571428571,positive,2003,3.75,0.82
2003-05-01,Cumhuriyet Halk Partisi,inflation,Enflasyon,macro_economy,1,1,1,0,1.35,0.675,0.5,positive,2003,3.75,0.18000000000000002
2003-05-01,Adalet ve Kalkınma Partisi,interest,Faiz,macro_economy,4,7,9,0,10.15,6.6075,0.9,positive,2003,9.853390000000001,0.6705813938147175
2003-05-01,Cumhuriyet Halk Partisi,interest,Faiz,macro_economy,4,5,6,1,7.45,3.24589,0.625,positive,2003,9.853390000000001,0.3294186061852824
2003-05-01,Adalet ve Kalkınma Partisi,law_state,Hukuk Devleti,democratic_reform,31,114,132,15,165.45000000000002,108.825485,0.7905405405405406,positive,2003,229.176605,0.4748542505025764
2003-05-01,Anavatan Partisi,law_state,Hukuk Devleti,democratic_reform,2,12,9,2,15.850000000000001,9.93875,0.5833333333333334,positive,2003,229.176605,0.043367210191459116
2003-05-01,Cumhuriyet Halk Partisi,law_state,Hukuk Devleti,democratic_reform,50,142,114,9,185.05,110.41237,0.8467741935483871,positive,2003,229.176605,0.4817785393059645
2003-05-01,Adalet ve Kalkınma Partisi,reform,Reform,democratic_reform,7,13,18,1,19.650000000000002,12.73928,0.85,positive,2003,15.77678,0.8074702188913074
2003-05-01,Cumhuriyet Halk Partisi,reform,Reform,democratic_reform,4,5,5,1,7.1,3.0375,0.5714285714285714,positive,2003,15.77678,0.19252978110869265
2003-05-01,Adalet ve Kalkınma Partisi,security,Guvenlik,security_conflict,11,16,13,0,20.55,11.34188,0.9285714285714286,positive,2003,20.41616,0.5555344393852713
2003-05-01,Anavatan Partisi,security,Guvenlik,security_conflict,2,3,2,0,3.7,1.85,0.6666666666666666,positive,2003,20.41616,0.09061449361682118
2003-05-01,Cumhuriyet Halk Partisi,security,Guvenlik,security_conflict,6,11,13,3,16.6,7.22428,0.5882352941176471,positive,2003,20.41616,0.3538510669979075
2003-05-01,Cumhuriyet Halk Partisi,sovereignty,Egemenlik,security_conflict,1,3,1,0,3.35,1.675,0.5,positive,2003,1.675,1.0
2003-05-01,Adalet ve Kalkınma Partisi,constitution,Anayasa,constitutional_conflict,31,64,21,10,74.85000000000001,74.85000000000001,0.34375,total,2003,271.7,0.27548767022451237
2003-05-01,Anavatan Partisi,constitution,Anayasa,constitutional_conflict,1,2,0,0,2.0,2.0,0.0,total,2003,271.7,0.00736105999263894
2003-05-01,Bağımsız,constitution,Anayasa,constitutional_conflict,2,2,1,0,2.35,2.35,0.5,total,2003,271.7,0.008649245491350755
2003-05-01,Cumhuriyet Halk Partisi,constitution,Anayasa,constitutional_conflict,93,168,38,32,192.5,192.5,0.08450704225352113,total,2003,271.7,0.708502024291498
2003-05-01,Adalet ve Kalkınma Partisi,democracy,Demokrasi,democratic_reform,49,88,37,13,105.5,105.5,0.47058823529411764,total,2003,393.59999999999997,0.2680386178861789
2003-05-01,Anavatan Partisi,democracy,Demokrasi,democratic_reform,7,13,6,1,15.45,15.45,0.625,total,2003,393.59999999999997,0.039253048780487805
2003-05-01,Bağımsız,democracy,Demokrasi,democratic_reform,2,3,2,0,3.7,3.7,0.6666666666666666,total,2003,393.59999999999997,0.009400406504065041
2003-05-01,Cumhuriyet Halk Partisi,democracy,Demokrasi,democratic_reform,105,228,74,43,268.95,268.95,0.2627118644067797,total,2003,393.59999999999997,0.6833079268292683
2003-05-01,Adalet ve Kalkınma Partisi,economy,Ekonomi,macro_economy,114,451,246,136,584.7,584.7,0.28720626631853785,total,2003,1536.5,0.3805401887406443
2003-05-01,Anavatan Partisi,economy,Ekonomi,macro_economy,13,36,16,15,46.85,46.85,0.03125,total,2003,1536.5,0.03049137650504393
2003-05-01,Bağımsız,economy,Ekonomi,macro_economy,5,17,2,7,20.15,20.15,-0.5,total,2003,1536.5,0.013114220631304912
2003-05-01,Cumhuriyet Halk Partisi,economy,Ekonomi,macro_economy,225,684,249,283,870.2,870.2,-0.06378986866791744,total,2003,1536.5,0.5663520989261308
2003-05-01,Doğru Yol Partisi,economy,Ekonomi,macro_economy,1,9,16,0,14.6,14.6,0.9411764705882353,total,2003,1536.5,0.009502115196876017
2003-05-01,Adalet ve Kalkınma Partisi,european_union,Avrupa Birligi,democratic_reform,37,269,194,28,346.7,346.7,0.7443946188340808,total,2003,502.75,0.6896071606166086
2003-05-01,Anavatan Partisi,european_union,Avrupa Birligi,democratic_reform,1,1,1,0,1.35,1.35,0.5,total,2003,502.75,0.0026852312282446547
2003-05-01,Bağımsız,european_union,Avrupa Birligi,democratic_reform,1,1,0,0,1.0,1.0,0.0,total,2003,502.75,0.001989060169070114
2003-05-01,Cumhuriyet Halk Partisi,european_union,Avrupa Birligi,democratic_reform,46,114,47,20,137.45000000000002,137.45000000000002,0.39705882352941174,total,2003,502.75,0.27339632023868726
2003-05-01,Doğru Yol Partisi,european_union,Avrupa Birligi,democratic_reform,1,11,12,3,16.25,16.25,0.5625,total,2003,502.75,0.03232222774738936
2003-05-01,Adalet ve Kalkınma Partisi,imf,IMF,macro_economy,6,9,3,4,11.45,11.45,-0.125,total,2003,60.1,0.19051580698835274
2003-05-01,Bağımsız,imf,IMF,macro_economy,1,3,0,2,3.7,3.7,-0.6666666666666666,total,2003,60.1,0.06156405990016639
2003-05-01,Cumhuriyet Halk Partisi,imf,IMF,macro_economy,15,39,3,14,44.95,44.95,-0.6111111111111112,total,2003,60.1,0.7479201331114809
2003-05-01,Adalet ve Kalkınma Partisi,inflation,Enflasyon,macro_economy,5,5,7,1,7.8,7.8,0.6666666666666666,total,2003,29.7,0.26262626262626265
2003-05-01,Anavatan Partisi,inflation,Enflasyon,macro_economy,2,2,1,3,3.4,3.4,-0.4,total,2003,29.7,0.11447811447811448
2003-05-01,Bağımsız,inflation,Enflasyon,macro_economy,1,5,0,7,7.45,7.45,-0.875,total,2003,29.7,0.25084175084175087
2003-05-01,Cumhuriyet Halk Partisi,inflation,Enflasyon,macro_economy,8,9,1,1,9.7,9.7,0.0,total,2003,29.7,0.32659932659932656
2003-05-01,Doğru Yol Partisi,inflation,Enflasyon,macro_economy,1,1,0,1,1.35,1.35,-0.5,total,2003,29.7,0.045454545454545456
2003-05-01,Adalet ve Kalkınma Partisi,interest,Faiz,macro_economy,20,30,9,6,35.25,35.25,0.1875,total,2003,85.7,0.411318553092182
2003-05-01,Anavatan Partisi,interest,Faiz,macro_economy,2,12,3,10,16.55,16.55,-0.5,total,2003,85.7,0.19311551925320888
2003-05-01,Cumhuriyet Halk Partisi,interest,Faiz,macro_economy,18,29,8,6,33.9,33.9,0.13333333333333333,total,2003,85.7,0.3955659276546091
2003-05-01,Adalet ve Kalkınma Partisi,law_state,Hukuk Devleti,democratic_reform,79,207,137,33,266.5,266.5,0.6081871345029239,total,2003,709.75,0.3754843254667136
2003-05-01,Anavatan Partisi,law_state,Hukuk Devleti,democratic_reform,9,23,10,9,29.65,29.65,0.05,total,2003,709.75,0.041775272983444876
2003-05-01,Bağımsız,law_state,Hukuk Devleti,democratic_reform,2,3,0,0,3.0,3.0,0.0,total,2003,709.75,0.004226840436773511
2003-05-01,Cumhuriyet Halk Partisi,law_state,Hukuk Devleti,democratic_reform,154,340,132,62,407.9,407.9,0.358974358974359,total,2003,709.75,0.5747094047199718
2003-05-01,Doğru Yol Partisi,law_state,Hukuk Devleti,democratic_reform,1,2,1,1,2.7,2.7,0.0,total,2003,709.75,0.003804156393096161
2003-05-01,Adalet ve Kalkınma Partisi,reform,Reform,democratic_reform,24,54,21,5,63.1,63.1,0.5925925925925926,total,2003,91.9,0.6866158868335147
2003-05-01,Anavatan Partisi,reform,Reform,democratic_reform,2,2,0,0,2.0,2.0,0.0,total,2003,91.9,0.021762785636561477
2003-05-01,Bağımsız,reform,Reform,democratic_reform,1,1,0,0,1.0,1.0,0.0,total,2003,91.9,0.010881392818280738
2003-05-01,Cumhuriyet Halk Partisi,reform,Reform,democratic_reform,17,23,5,3,25.8,25.8,0.2222222222222222,total,2003,91.9,0.2807399347116431
2003-05-01,Adalet ve Kalkınma Partisi,security,Guvenlik,security_conflict,44,71,20,16,83.6,83.6,0.10810810810810811,total,2003,272.45,0.3068452927142595
2003-05-01,Anavatan Partisi,security,Guvenlik,security_conflict,9,23,6,8,27.9,27.9,-0.13333333333333333,total,2003,272.45,0.1024041108460268
2003-05-01,Bağımsız,security,Guvenlik,security_conflict,4,8,0,5,9.75,9.75,-0.8333333333333334,total,2003,272.45,0.035786382822536246
2003-05-01,Cumhuriyet Halk Partisi,security,Guvenlik,security_conflict,70,118,32,60,150.2,150.2,-0.3010752688172043,total,2003,272.45,0.5512938153789686
2003-05-01,Doğru Yol Partisi,security,Guvenlik,security_conflict,1,1,0,0,1.0,1.0,0.0,total,2003,272.45,0.003670398238208846
2003-05-01,Adalet ve Kalkınma Partisi,sovereignty,Egemenlik,security_conflict,4,4,0,1,4.35,4.35,-0.5,total,2003,15.7,0.2770700636942675
2003-05-01,Cumhuriyet Halk Partisi,sovereignty,Egemenlik,security_conflict,6,11,1,0,11.35,11.35,0.5,total,2003,15.7,0.7229299363057325
2003-05-01,Adalet ve Kalkınma Partisi,tutelage,Vesayet,constitutional_conflict,1,1,0,1,1.35,1.35,-0.5,total,2003,10.85,0.12442396313364057
2003-05-01,Cumhuriyet Halk Partisi,tutelage,Vesayet,constitutional_conflict,2,6,1,9,9.5,9.5,-0.7272727272727273,total,2003,10.85,0.8755760368663594
2003-06-01,Adalet ve Kalkınma Partisi,constitution,Anayasa,constitutional_conflict,3,10,0,8,12.8,9.25358,-0.8888888888888888,negative,2003,23.70492,0.3903653756266631
2003-06-01,Cumhuriyet Halk Partisi,constitution,Anayasa,constitutional_conflict,7,23,3,17,30.0,14.45134,-0.6666666666666666,negative,2003,23.70492,0.6096346243733368
2003-06-01,Adalet ve Kalkınma Partisi,democracy,Demokrasi,democratic_reform,1,6,2,4,8.1,2.31417,-0.2857142857142857,negative,2003,13.56614,0.17058426346772182
2003-06-01,Cumhuriyet Halk Partisi,democracy,Demokrasi,democratic_reform,7,16,1,12,20.55,11.25197,-0.7857142857142857,negative,2003,13.56614,0.8294157365322781
2003-06-01,Adalet ve Kalkınma Partisi,economy,Ekonomi,macro_economy,19,93,25,96,135.35,70.3229,-0.5819672131147541,negative,2003,162.55773,0.43260262061976384
2003-06-01,Cumhuriyet Halk Partisi,economy,Ekonomi,macro_economy,23,129,25,103,173.8,92.23483,-0.6046511627906976,negative,2003,162.55773,0.5673973793802363
2003-06-01,Adalet ve Kalkınma Partisi,european_union,Avrupa Birligi,democratic_reform,1,3,0,1,3.35,1.675,-0.5,negative,2003,8.35429,0.20049579317931265
2003-06-01,Cumhuriyet Halk Partisi,european_union,Avrupa Birligi,democratic_reform,3,8,0,6,10.1,6.67929,-0.8571428571428571,negative,2003,8.35429,0.7995042068206872
2003-06-01,Anavatan Partisi,imf,IMF,macro_economy,1,3,0,2,3.7,2.46679,-0.6666666666666666,negative,2003,8.73768,0.2823163585757318
2003-06-01,Cumhuriyet Halk Partisi,imf,IMF,macro_economy,4,7,0,7,9.45,6.27089,-0.875,negative,2003,8.73768,0.7176836414242682
2003-06-01,Cumhuriyet Halk Partisi,inflation,Enflasyon,macro_economy,4,6,0,5,7.75,4.49179,-0.8333333333333334,negative,2003,4.49179,1.0
2003-06-01,Adalet ve Kalkınma Partisi,interest,Faiz,macro_economy,4,25,2,8,28.5,11.70236,-0.5454545454545454,negative,2003,40.25613,0.29069759065265344
2003-06-01,Cumhuriyet Halk Partisi,interest,Faiz,macro_economy,10,45,2,22,53.4,28.55377,-0.8,negative,2003,40.25613,0.7093024093473467
2003-06-01,Adalet ve Kalkınma Partisi,law_state,Hukuk Devleti,democratic_reform,6,69,1,10,72.85,37.20849,-0.75,negative,2003,101.179785,0.36774628449744184
2003-06-01,Cumhuriyet Halk Partisi,law_state,Hukuk Devleti,democratic_reform,12,134,29,72,169.35,63.971295,-0.4215686274509804,negative,2003,101.179785,0.6322537155025582
2003-06-01,Adalet ve Kalkınma Partisi,reform,Reform,democratic_reform,4,15,1,11,19.2,11.28414,-0.7692307692307693,negative,2003,24.05932,0.4690132555699829
2003-06-01,Bağımsız,reform,Reform,democratic_reform,1,1,0,1,1.35,0.675,-0.5,negative,2003,24.05932,0.028055655770819792
2003-06-01,Cumhuriyet Halk Partisi,reform,Reform,democratic_reform,11,20,2,15,25.950000000000003,12.10018,-0.7222222222222222,negative,2003,24.05932,0.5029310886591973
2003-06-01,Adalet ve Kalkınma Partisi,security,Guvenlik,security_conflict,17,42,2,36,55.300000000000004,31.42696,-0.8717948717948718,negative,2003,54.23989,0.5794067797703867
2003-06-01,Cumhuriyet Halk Partisi,security,Guvenlik,security_conflict,15,31,3,28,41.85,22.81293,-0.78125,negative,2003,54.23989,0.4205932202296133
2003-06-01,Bağımsız,sovereignty,Egemenlik,security_conflict,1,1,0,1,1.35,0.675,-0.5,negative,2003,2.47509,0.2727173557325189
2003-06-01,Cumhuriyet Halk Partisi,sovereignty,Egemenlik,security_conflict,1,2,0,2,2.7,1.80009,-0.6666666666666666,negative,2003,2.47509,0.7272826442674812
2003-06-01,Adalet ve Kalkınma Partisi,tutelage,Vesayet,constitutional_conflict,1,1,1,2,2.05,0.5125,-0.25,negative,2003,0.5125,1.0
2003-06-01,Adalet ve Kalkınma Partisi,constitution,Anayasa,constitutional_conflict,6,9,8,0,11.8,6.6334800000000005,0.8888888888888888,positive,2003,26.606025000000002,0.2493224748905558
2003-06-01,Cumhuriyet Halk Partisi,constitution,Anayasa,constitutional_conflict,9,29,22,4,38.1,19.972545,0.6666666666666666,positive,2003,26.606025000000002,0.7506775251094442
2003-06-01,Adalet ve Kalkınma Partisi,democracy,Demokrasi,democratic_reform,10,30,20,1,37.35,21.96697,0.8636363636363636,positive,2003,38.55923,0.5696942081052967
2003-06-01,Cumhuriyet Halk Partisi,democracy,Demokrasi,democratic_reform,10,24,16,2,30.3,16.59226,0.7368421052631579,positive,2003,38.55923,0.4303057918947033
2003-06-01,Adalet ve Kalkınma Partisi,economy,Ekonomi,macro_economy,28,137,133,15,188.8,129.515675,0.7919463087248322,positive,2003,288.6132,0.44875173761976234
2003-06-01,Cumhuriyet Halk Partisi,economy,Ekonomi,macro_economy,36,203,182,34,278.6,159.09752500000002,0.6820276497695853,positive,2003,288.6132,0.5512482623802377
2003-06-01,Adalet ve Kalkınma Partisi,european_union,Avrupa Birligi,democratic_reform,14,39,37,3,53.0,34.0227,0.8292682926829268,positive,2003,93.01384,0.36578104935781597
2003-06-01,Bağımsız,european_union,Avrupa Birligi,democratic_reform,2,4,7,1,6.800000000000001,4.08125,0.6666666666666666,positive,2003,93.01384,0.043877878818894045
2003-06-01,Cumhuriyet Halk Partisi,european_union,Avrupa Birligi,democratic_reform,24,71,44,2,87.1,54.909890000000004,0.8936170212765957,positive,2003,93.01384,0.59034107182329
2003-06-01,Adalet ve Kalkınma Partisi,imf,IMF,macro_economy,1,1,1,0,1.35,0.675,0.5,positive,2003,2.48339,0.2718058782551271
2003-06-01,Cumhuriyet Halk Partisi,imf,IMF,macro_economy,2,2,3,0,3.05,1.80839,0.75,positive,2003,2.48339,0.728194121744873
2003-06-01,Adalet ve Kalkınma Partisi,inflation,Enflasyon,macro_economy,2,5,5,1,7.1,3.8,0.5714285714285714,positive,2003,6.77509,0.5608781580761288
2003-06-01,Cumhuriyet Halk Partisi,inflation,Enflasyon,macro_economy,2,4,3,0,5.050000000000001,2.97509,0.75,positive,2003,6.77509,0.4391218419238711
2003-06-01,Adalet ve Kalkınma Partisi,interest,Faiz,macro_economy,2,2,2,0,2.7,1.35,0.6666666666666666,positive,2003,22.097459999999998,0.061092994398451235
2003-06-01,Bağımsız,interest,Faiz,macro_economy,1,1,1,0,1.35,0.675,0.5,positive,2003,22.097459999999998,0.030546497199225617
2003-06-01,Cumhuriyet Halk Partisi,interest,Faiz,macro_economy,10,42,17,4,49.35,20.07246,0.5909090909090909,positive,2003,22.097459999999998,0.9083605084023232
2003-06-01,Adalet ve Kalkınma Partisi,law_state,Hukuk Devleti,democratic_reform,13,118,57,21,145.3,56.375885000000004,0.45569620253164556,positive,2003,130.963655,0.43046969787152023
2003-06-01,Cumhuriyet Halk Partisi,law_state,Hukuk Devleti,democratic_reform,19,105,54,8,126.69999999999999,74.58776999999999,0.7301587301587301,positive,2003,130.963655,0.5695303021284799
2003-06-01,Adalet ve Kalkınma Partisi,reform,Reform,democratic_reform,11,20,23,3,29.1,15.58381,0.7407407407407407,positive,2003,17.93381,0.8689625907712861
2003-06-01,Cumhuriyet Halk Partisi,reform,Reform,democratic_reform,2,4,2,0,4.7,2.35,0.6666666666666666,positive,2003,17.93381,0.13103740922871382
2003-06-01,Adalet ve Kalkınma Partisi,security,Guvenlik,security_conflict,1,1,1,0,1.35,0.675,0.5,positive,2003,31.08368,0.02171557550457346
2003-06-01,Anavatan Partisi,security,Guvenlik,security_conflict,1,1,1,0,1.35,0.675,0.5,positive,2003,31.08368,0.02171557550457346
2003-06-01,Bağımsız,security,Guvenlik,security_conflict,2,17,5,1,19.1,9.55,0.5714285714285714,positive,2003,31.08368,0.3072351793610023
2003-06-01,Cumhuriyet Halk Partisi,security,Guvenlik,security_conflict,8,32,13,1,36.9,20.18368,0.8,positive,2003,31.08368,0.6493336696298507
2003-06-01,Cumhuriyet Halk Partisi,sovereignty,Egemenlik,security_conflict,2,4,3,0,5.050000000000001,2.97509,0.75,positive,2003,2.97509,1.0
2003-06-01,Adalet ve Kalkınma Partisi,constitution,Anayasa,constitutional_conflict,29,70,12,11,78.05,78.05,0.041666666666666664,total,2003,202.0,0.3863861386138614
2003-06-01,Cumhuriyet Halk Partisi,constitution,Anayasa,constitutional_conflict,36,104,30,27,123.95,123.95,0.05172413793103448,total,2003,202.0,0.6136138613861386
2003-06-01,Adalet ve Kalkınma Partisi,democracy,Demokrasi,democratic_reform,17,50,26,9,62.25,62.25,0.4722222222222222,total,2003,173.45,0.35889305275295474
2003-06-01,Cumhuriyet Halk Partisi,democracy,Demokrasi,democratic_reform,33,93,28,24,111.2,111.2,0.07547169811320754,total,2003,173.45,0.6411069472470453
2003-06-01,Adalet ve Kalkınma Partisi,economy,Ekonomi,macro_economy,76,345,193,144,462.95,462.95,0.14497041420118342,total,2003,1090.0,0.4247247706422018
2003-06-01,Anavatan Partisi,economy,Ekonomi,macro_economy,3,10,0,0,10.0,10.0,0.0,total,2003,1090.0,0.009174311926605505
2003-06-01,Bağımsız,economy,Ekonomi,macro_economy,5,10,0,0,10.0,10.0,0.0,total,2003,1090.0,0.009174311926605505
2003-06-01,Cumhuriyet Halk Partisi,economy,Ekonomi,macro_economy,101,452,256,187,607.05,607.05,0.1554054054054054,total,2003,1090.0,0.5569266055045872
2003-06-01,Adalet ve Kalkınma Partisi,european_union,Avrupa Birligi,democratic_reform,25,57,37,4,71.35,71.35,0.7857142857142857,total,2003,201.05,0.3548868440686396
2003-06-01,Bağımsız,european_union,Avrupa Birligi,democratic_reform,2,4,7,1,6.800000000000001,6.800000000000001,0.6666666666666666,total,2003,201.05,0.03382243223078836
2003-06-01,Cumhuriyet Halk Partisi,european_union,Avrupa Birligi,democratic_reform,44,104,45,9,122.9,122.9,0.6545454545454545,total,2003,201.05,0.611290723700572
2003-06-01,Adalet ve Kalkınma Partisi,imf,IMF,macro_economy,4,5,1,0,5.35,5.35,0.5,total,2003,50.35,0.10625620655412114
2003-06-01,Anavatan Partisi,imf,IMF,macro_economy,1,3,0,2,3.7,3.7,-0.6666666666666666,total,2003,50.35,0.07348560079443893
2003-06-01,Bağımsız,imf,IMF,macro_economy,1,1,0,0,1.0,1.0,0.0,total,2003,50.35,0.019860973187686197
2003-06-01,Cumhuriyet Halk Partisi,imf,IMF,macro_economy,20,34,7,11,40.300000000000004,40.300000000000004,-0.21052631578947367,total,2003,50.35,0.8003972194637538
2003-06-01,Adalet ve Kalkınma Partisi,inflation,Enflasyon,macro_economy,5,10,5,1,12.1,12.1,0.5714285714285714,total,2003,29.6,0.40878378378378377
2003-06-01,Cumhuriyet Halk Partisi,inflation,Enflasyon,macro_economy,10,14,4,6,17.5,17.5,-0.18181818181818182,total,2003,29.6,0.5912162162162162
2003-06-01,Adalet ve Kalkınma Partisi,interest,Faiz,macro_economy,15,45,4,8,49.2,49.2,-0.3076923076923077,total,2003,220.00000000000003,0.22363636363636363
2003-06-01,Bağımsız,interest,Faiz,macro_economy,5,18,1,0,18.35,18.35,0.5,total,2003,220.00000000000003,0.0834090909090909
2003-06-01,Cumhuriyet Halk Partisi,interest,Faiz,macro_economy,46,136,20,27,152.45000000000002,152.45000000000002,-0.14583333333333334,total,2003,220.00000000000003,0.6929545454545455
2003-06-01,Adalet ve Kalkınma Partisi,law_state,Hukuk Devleti,democratic_reform,50,292,67,41,329.8,329.8,0.23853211009174313,total,2003,849.85,0.388068482673413
2003-06-01,Anavatan Partisi,law_state,Hukuk Devleti,democratic_reform,1,2,0,0,2.0,2.0,0.0,total,2003,849.85,0.002353356474672001
2003-06-01,Bağımsız,law_state,Hukuk Devleti,democratic_reform,2,10,3,3,12.1,12.1,0.0,total,2003,849.85,0.014237806671765605
2003-06-01,Cumhuriyet Halk Partisi,law_state,Hukuk Devleti,democratic_reform,58,423,116,121,505.95,505.95,-0.02100840336134454,total,2003,849.85,0.5953403541801494
2003-06-01,Adalet ve Kalkınma Partisi,reform,Reform,democratic_reform,28,52,27,17,67.4,67.4,0.2222222222222222,total,2003,148.20000000000002,0.4547908232118758
2003-06-01,Bağımsız,reform,Reform,democratic_reform,2,2,0,1,2.35,2.35,-0.5,total,2003,148.20000000000002,0.015856950067476384
2003-06-01,Cumhuriyet Halk Partisi,reform,Reform,democratic_reform,37,69,8,19,78.45,78.45,-0.39285714285714285,total,2003,148.20000000000002,0.5293522267206477
2003-06-01,Adalet ve Kalkınma Partisi,security,Guvenlik,security_conflict,34,91,12,47,111.65,111.65,-0.5833333333333334,total,2003,273.8,0.40777940102264426
2003-06-01,Anavatan Partisi,security,Guvenlik,security_conflict,1,1,1,0,1.35,1.35,0.5,total,2003,273.8,0.004930606281957633
2003-06-01,Bağımsız,security,Guvenlik,security_conflict,3,20,7,3,23.5,23.5,0.36363636363636365,total,2003,273.8,0.0858290723155588
2003-06-01,Cumhuriyet Halk Partisi,security,Guvenlik,security_conflict,37,117,23,35,137.3,137.3,-0.2033898305084746,total,2003,273.8,0.5014609203798394
2003-06-01,Adalet ve Kalkınma Partisi,sovereignty,Egemenlik,security_conflict,1,1,0,0,1.0,1.0,0.0,total,2003,12.799999999999999,0.078125
2003-06-01,Bağımsız,sovereignty,Egemenlik,security_conflict,1,1,0,1,1.35,1.35,-0.5,total,2003,12.799999999999999,0.10546875000000001
2003-06-01,Cumhuriyet Halk Partisi,sovereignty,Egemenlik,security_conflict,5,8,4,3,10.45,10.45,0.125,total,2003,12.799999999999999,0.81640625
2003-06-01,Adalet ve Kalkınma Partisi,tutelage,Vesayet,constitutional_conflict,2,2,2,3,3.75,3.75,-0.16666666666666666,total,2003,3.75,1.0
2003-07-01,Adalet ve Kalkınma Partisi,constitution,Anayasa,constitutional_conflict,9,26,2,15,31.95,16.23563,-0.7222222222222222,negative,2003,73.93558,0.21959156876837918
2003-07-01,Cumhuriyet Halk Partisi,constitution,Anayasa,constitutional_conflict,16,73,5,47,91.2,57.69995,-0.7924528301886793,negative,2003,73.93558,0.7804084312316208
2003-07-01,Adalet ve Kalkınma Partisi,democracy,Demokrasi,democratic_reform,3,12,0,4,13.399999999999999,7.650189999999999,-0.8,negative,2003,28.51363,0.2682994062839421
2003-07-01,Cumhuriyet Halk Partisi,democracy,Demokrasi,democratic_reform,14,31,4,23,40.45,20.86344,-0.6785714285714286,negative,2003,28.51363,0.7317005937160579
2003-07-01,Adalet ve Kalkınma Partisi,economy,Ekonomi,macro_economy,16,105,7,69,131.6,83.15024,-0.8051948051948052,negative,2003,205.90458999999998,0.40382897729477524
2003-07-01,Anavatan Partisi,economy,Ekonomi,macro_economy,1,7,0,2,7.7,5.13359,-0.6666666666666666,negative,2003,205.90458999999998,0.024931887142486724
2003-07-01,Bağımsız,economy,Ekonomi,macro_economy,1,2,0,4,3.4,2.72,-0.8,negative,2003,205.90458999999998,0.013210001778007963
2003-07-01,Cumhuriyet Halk Partisi,economy,Ekonomi,macro_economy,33,152,22,124,203.1,114.90075999999999,-0.6938775510204082,negative,2003,205.90458999999998,0.5580291337847301
2003-07-01,Adalet ve Kalkınma Partisi,european_union,Avrupa Birligi,democratic_reform,2,5,0,4,6.4,4.2668800000000005,-0.8,negative,2003,8.75867,0.48716072189042403
2003-07-01,Cumhuriyet Halk Partisi,european_union,Avrupa Birligi,democratic_reform,4,6,0,5,7.75,4.49179,-0.8333333333333334,negative,2003,8.75867,0.512839278109576
2003-07-01,Cumhuriyet Halk Partisi,imf,IMF,macro_economy,14,24,1,20,31.35,16.868660000000002,-0.8636363636363636,negative,2003,16.868660000000002,1.0
2003-07-01,Adalet ve Kalkınma Partisi,inflation,Enflasyon,macro_economy,2,2,0,2,2.7,1.35,-0.6666666666666666,negative,2003,8.195,0.16473459426479561
2003-07-01,Cumhuriyet Halk Partisi,inflation,Enflasyon,macro_economy,4,8,0,7,10.45,6.845000000000001,-0.875,negative,2003,8.195,0.8352654057352045
2003-07-01,Adalet ve Kalkınma Partisi,interest,Faiz,macro_economy,4,15,0,7,17.45,11.24217,-0.875,negative,2003,36.6086,0.30709095676972076
2003-07-01,Cumhuriyet Halk Partisi,interest,Faiz,macro_economy,9,31,1,21,38.7,25.36643,-0.8695652173913043,negative,2003,36.6086,0.6929090432302792
2003-07-01,Adalet ve Kalkınma Partisi,law_state,Hukuk Devleti,democratic_reform,7,36,3,20,44.05,25.855,-0.7083333333333334,negative,2003,102.39238,0.2525090245973382
2003-07-01,Anavatan Partisi,law_state,Hukuk Devleti,democratic_reform,2,12,0,3,13.05,6.97509,-0.75,negative,2003,102.39238,0.06812118245517879
2003-07-01,Cumhuriyet Halk Partisi,law_state,Hukuk Devleti,democratic_reform,18,97,2,37,110.65,69.56229,-0.875,negative,2003,102.39238,0.679369792947483
2003-07-01,Adalet ve Kalkınma Partisi,reform,Reform,democratic_reform,2,4,1,3,5.4,1.9375,-0.4,negative,2003,8.533570000000001,0.22704448431313035
2003-07-01,Cumhuriyet Halk Partisi,reform,Reform,democratic_reform,6,8,1,10,11.850000000000001,6.59607,-0.75,negative,2003,8.533570000000001,0.7729555156868696
2003-07-01,Adalet ve Kalkınma Partisi,security,Guvenlik,security_conflict,10,76,9,35,91.4,45.88716,-0.5777777777777777,negative,2003,173.65037,0.2642502863656438
2003-07-01,Anavatan Partisi,security,Guvenlik,security_conflict,1,1,0,2,1.7,1.13339,-0.6666666666666666,negative,2003,173.65037,0.006526850475469761
2003-07-01,Cumhuriyet Halk Partisi,security,Guvenlik,security_conflict,25,170,15,103,211.29999999999998,126.62982,-0.7394957983193278,negative,2003,173.65037,0.7292228631588864
2003-07-01,Cumhuriyet Halk Partisi,tutelage,Vesayet,constitutional_conflict,1,2,1,2,3.05,0.7625,-0.25,negative,2003,0.7625,1.0
2003-07-01,Adalet ve Kalkınma Partisi,constitution,Anayasa,constitutional_conflict,11,51,22,1,59.05,37.14689,0.875,positive,2003,131.352405,0.2828032726161352
2003-07-01,Anavatan Partisi,constitution,Anayasa,constitutional_conflict,3,8,5,0,9.75,5.94188,0.8333333333333334,positive,2003,131.352405,0.04523617211272226
2003-07-01,Cumhuriyet Halk Partisi,constitution,Anayasa,constitutional_conflict,28,143,52,5,162.95,88.263635,0.8103448275862069,positive,2003,131.352405,0.6719605552711425
2003-07-01,Adalet ve Kalkınma Partisi,democracy,Demokrasi,democratic_reform,14,39,46,3,56.15,39.980405,0.86,positive,2003,102.375885,0.3905256105966752
2003-07-01,Anavatan Partisi,democracy,Demokrasi,democratic_reform,2,5,3,0,6.050000000000001,3.6417900000000003,0.75,positive,2003,102.375885,0.03557273277784119
2003-07-01,Cumhuriyet Halk Partisi,democracy,Demokrasi,democratic_reform,16,67,51,3,85.9,58.75369,0.8727272727272727,positive,2003,102.375885,0.5739016566254836
2003-07-01,Adalet ve Kalkınma Partisi,economy,Ekonomi,macro_economy,33,154,136,4,203.0,154.99891,0.9361702127659575,positive,2003,348.452715,0.44482049738082824
2003-07-01,Anavatan Partisi,economy,Ekonomi,macro_economy,1,2,2,0,2.7,1.80009,0.6666666666666666,positive,2003,348.452715,0.005165952000115711
2003-07-01,Cumhuriyet Halk Partisi,economy,Ekonomi,macro_economy,55,287,186,37,365.05,191.653715,0.6651785714285714,positive,2003,348.452715,0.550013550619056
2003-07-01,Adalet ve Kalkınma Partisi,european_union,Avrupa Birligi,democratic_reform,10,82,44,3,98.45,71.77202,0.8541666666666666,positive,2003,160.87999,0.4461214847166512
2003-07-01,Cumhuriyet Halk Partisi,european_union,Avrupa Birligi,democratic_reform,30,108,78,5,137.05,89.10797,0.8690476190476191,positive,2003,160.87999,0.5538785152833487
2003-07-01,Cumhuriyet Halk Partisi,imf,IMF,macro_economy,5,11,11,0,14.850000000000001,10.25759,0.9166666666666666,positive,2003,10.25759,1.0
2003-07-01,Adalet ve Kalkınma Partisi,inflation,Enflasyon,macro_economy,2,5,3,0,6.050000000000001,3.80849,0.75,positive,2003,16.27985,0.23393888764331366
2003-07-01,Cumhuriyet Halk Partisi,inflation,Enflasyon,macro_economy,3,17,10,2,21.2,12.47136,0.6153846153846154,positive,2003,16.27985,0.7660611123566864
2003-07-01,Adalet ve Kalkınma Partisi,interest,Faiz,macro_economy,1,7,3,1,8.4,3.3600000000000003,0.4,positive,2003,8.572500000000002,0.39195100612423445
2003-07-01,Cumhuriyet Halk Partisi,interest,Faiz,macro_economy,5,11,6,1,13.45,5.2125,0.625,positive,2003,8.572500000000002,0.6080489938757655
2003-07-01,Adalet ve Kalkınma Partisi,law_state,Hukuk Devleti,democratic_reform,17,94,46,6,112.2,61.06608,0.7547169811320755,positive,2003,171.37972000000002,0.35632033941938984
2003-07-01,Cumhuriyet Halk Partisi,law_state,Hukuk Devleti,democratic_reform,30,146,83,7,177.5,110.31364,0.8351648351648352,positive,2003,171.37972000000002,0.6436796605806101
2003-07-01,Adalet ve Kalkınma Partisi,reform,Reform,democratic_reform,13,42,21,4,50.75,23.001739999999998,0.6538461538461539,positive,2003,33.535129999999995,0.6858998310130302
2003-07-01,Anavatan Partisi,reform,Reform,democratic_reform,1,4,1,0,4.35,2.175,0.5,positive,2003,33.535129999999995,0.06485736002812573
2003-07-01,Bağımsız,reform,Reform,democratic_reform,1,1,1,0,1.35,0.675,0.5,positive,2003,33.535129999999995,0.02012814621562523
2003-07-01,Cumhuriyet Halk Partisi,reform,Reform,democratic_reform,7,12,8,0,14.8,7.68339,0.8888888888888888,positive,2003,33.535129999999995,0.22911466274321887
2003-07-01,Adalet ve Kalkınma Partisi,security,Guvenlik,security_conflict,17,96,39,6,111.75,56.12477,0.717391304347826,positive,2003,201.64637,0.2783326573148825
2003-07-01,Cumhuriyet Halk Partisi,security,Guvenlik,security_conflict,26,222,72,11,251.05,145.5216,0.7261904761904762,positive,2003,201.64637,0.7216673426851176
2003-07-01,Adalet ve Kalkınma Partisi,sovereignty,Egemenlik,security_conflict,3,4,4,0,5.4,3.15009,0.8,positive,2003,5.43759,0.5793173078514563
2003-07-01,Cumhuriyet Halk Partisi,sovereignty,Egemenlik,security_conflict,1,2,3,0,3.05,2.2874999999999996,0.75,positive,2003,5.43759,0.42068269214854365
2003-07-01,Adalet ve Kalkınma Partisi,constitution,Anayasa,constitutional_conflict,51,172,30,21,189.85,189.85,0.17307692307692307,total,2003,598.9499999999999,0.31697136655814345
2003-07-01,Anavatan Partisi,constitution,Anayasa,constitutional_conflict,4,12,5,0,13.75,13.75,0.8333333333333334,total,2003,598.9499999999999,0.022956841138659322
2003-07-01,Cumhuriyet Halk Partisi,constitution,Anayasa,constitutional_conflict,108,353,63,58,395.34999999999997,395.34999999999997,0.040983606557377046,total,2003,598.9499999999999,0.6600717923031972
2003-07-01,Adalet ve Kalkınma Partisi,democracy,Demokrasi,democratic_reform,29,70,51,12,92.05,92.05,0.609375,total,2003,339.15000000000003,0.2714138286893705
2003-07-01,Anavatan Partisi,democracy,Demokrasi,democratic_reform,2,5,3,0,6.050000000000001,6.050000000000001,0.75,total,2003,339.15000000000003,0.017838714433141677
2003-07-01,Cumhuriyet Halk Partisi,democracy,Demokrasi,democratic_reform,71,198,78,45,241.05,241.05,0.2661290322580645,total,2003,339.15000000000003,0.7107474568774877
2003-07-01,Adalet ve Kalkınma Partisi,economy,Ekonomi,macro_economy,94,421,176,101,517.95,517.95,0.2697841726618705,total,2003,1338.65,0.38691965786426624
2003-07-01,Anavatan Partisi,economy,Ekonomi,macro_economy,5,21,4,4,23.8,23.8,0.0,total,2003,1338.65,0.017779105815560452
2003-07-01,Bağımsız,economy,Ekonomi,macro_economy,3,17,13,13,26.099999999999998,26.099999999999998,0.0,total,2003,1338.65,0.019497254696896123
2003-07-01,Cumhuriyet Halk Partisi,economy,Ekonomi,macro_economy,171,628,227,181,770.8,770.8,0.11246943765281174,total,2003,1338.65,0.5758039816232771
2003-07-01,Adalet ve Kalkınma Partisi,european_union,Avrupa Birligi,democratic_reform,24,112,46,9,131.25,131.25,0.6607142857142857,total,2003,329.85,0.39790814006366526
2003-07-01,Anavatan Partisi,european_union,Avrupa Birligi,democratic_reform,2,11,1,1,11.7,11.7,0.0,total,2003,329.85,0.0354706684856753
2003-07-01,Bağımsız,european_union,Avrupa Birligi,democratic_reform,1,1,0,0,1.0,1.0,0.0,total,2003,329.85,0.0030316810671517356
2003-07-01,Cumhuriyet Halk Partisi,european_union,Avrupa Birligi,democratic_reform,60,153,81,13,185.9,185.9,0.7157894736842105,total,2003,329.85,0.5635895103835077
2003-07-01,Adalet ve Kalkınma Partisi,imf,IMF,macro_economy,1,1,0,0,1.0,1.0,0.0,total,2003,63.900000000000006,0.015649452269170576
2003-07-01,Cumhuriyet Halk Partisi,imf,IMF,macro_economy,31,51,13,21,62.900000000000006,62.900000000000006,-0.22857142857142856,total,2003,63.900000000000006,0.9843505477308294
2003-07-01,Adalet ve Kalkınma Partisi,inflation,Enflasyon,macro_economy,6,9,3,2,10.75,10.75,0.16666666666666666,total,2003,57.4,0.1872822299651568
2003-07-01,Cumhuriyet Halk Partisi,inflation,Enflasyon,macro_economy,13,40,10,9,46.65,46.65,0.05,total,2003,57.4,0.8127177700348432
2003-07-01,Adalet ve Kalkınma Partisi,interest,Faiz,macro_economy,12,35,5,10,40.25,40.25,-0.3125,total,2003,167.3,0.2405857740585774
2003-07-01,Cumhuriyet Halk Partisi,interest,Faiz,macro_economy,34,112,14,29,127.05,127.05,-0.3409090909090909,total,2003,167.3,0.7594142259414225
2003-07-01,Adalet ve Kalkınma Partisi,law_state,Hukuk Devleti,democratic_reform,62,228,56,36,260.2,260.2,0.21505376344086022,total,2003,804.3000000000001,0.32351112768867335
2003-07-01,Anavatan Partisi,law_state,Hukuk Devleti,democratic_reform,4,25,2,6,27.8,27.8,-0.4444444444444444,total,2003,804.3000000000001,0.03456421733184135
2003-07-01,Bağımsız,law_state,Hukuk Devleti,democratic_reform,2,2,1,1,2.7,2.7,0.0,total,2003,804.3000000000001,0.0033569563595673255
2003-07-01,Cumhuriyet Halk Partisi,law_state,Hukuk Devleti,democratic_reform,126,452,109,67,513.6,513.6,0.23728813559322035,total,2003,804.3000000000001,0.6385676986199179
2003-07-01,Adalet ve Kalkınma Partisi,reform,Reform,democratic_reform,26,66,22,7,76.15,76.15,0.5,total,2003,138.5,0.5498194945848376
2003-07-01,Anavatan Partisi,reform,Reform,democratic_reform,2,5,1,0,5.35,5.35,0.5,total,2003,138.5,0.038628158844765344
2003-07-01,Bağımsız,reform,Reform,democratic_reform,1,1,1,0,1.35,1.35,0.5,total,2003,138.5,0.009747292418772565
2003-07-01,Cumhuriyet Halk Partisi,reform,Reform,democratic_reform,32,49,9,10,55.65,55.65,-0.05,total,2003,138.5,0.40180505415162454
2003-07-01,Adalet ve Kalkınma Partisi,security,Guvenlik,security_conflict,60,323,85,78,380.05,380.05,0.042682926829268296,total,2003,1222.1000000000001,0.31098109810981095
2003-07-01,Anavatan Partisi,security,Guvenlik,security_conflict,1,1,0,2,1.7,1.7,-0.6666666666666666,total,2003,1222.1000000000001,0.0013910481957286635
2003-07-01,Cumhuriyet Halk Partisi,security,Guvenlik,security_conflict,103,728,144,177,840.35,840.35,-0.10248447204968944,total,2003,1222.1000000000001,0.6876278536944603
2003-07-01,Adalet ve Kalkınma Partisi,sovereignty,Egemenlik,security_conflict,4,5,4,0,6.4,6.4,0.8,total,2003,12.45,0.5140562248995985
2003-07-01,Cumhuriyet Halk Partisi,sovereignty,Egemenlik,security_conflict,3,5,3,0,6.05,6.05,0.75,total,2003,12.45,0.4859437751004016
2003-07-01,Cumhuriyet Halk Partisi,tutelage,Vesayet,constitutional_conflict,1,2,1,2,3.05,3.05,-0.25,total,2003,3.05,1.0
2003-10-01,Adalet ve Kalkınma Partisi,constitution,Anayasa,constitutional_conflict,3,17,0,6,19.1,11.67929,-0.8571428571428571,negative,2003,13.02929,0.8963872935516825
2003-10-01,Cumhuriyet Halk Partisi,constitution,Anayasa,constitutional_conflict,2,2,0,2,2.7,1.35,-0.6666666666666666,negative,2003,13.02929,0.1036127064483176
2003-10-01,Adalet ve Kalkınma Partisi,democracy,Demokrasi,democratic_reform,2,3,0,3,4.050000000000001,2.47509,-0.75,negative,2003,4.825089999999999,0.5129624525138391
2003-10-01,Cumhuriyet Halk Partisi,democracy,Demokrasi,democratic_reform,2,4,0,2,4.7,2.35,-0.6666666666666666,negative,2003,4.825089999999999,0.48703754748616096
2003-10-01,Adalet ve Kalkınma Partisi,economy,Ekonomi,macro_economy,7,29,5,42,45.45,29.803125,-0.7708333333333334,negative,2003,73.08036,0.40781305675013096
2003-10-01,Cumhuriyet Halk Partisi,economy,Ekonomi,macro_economy,12,43,2,46,59.800000000000004,43.277235,-0.8979591836734694,negative,2003,73.08036,0.592186943249869
2003-10-01,Adalet ve Kalkınma Partisi,european_union,Avrupa Birligi,democratic_reform,1,1,0,1,1.35,0.675,-0.5,negative,2003,2.35,0.2872340425531915
2003-10-01,Cumhuriyet Halk Partisi,european_union,Avrupa Birligi,democratic_reform,1,3,0,1,3.35,1.675,-0.5,negative,2003,2.35,0.7127659574468085
2003-10-01,Cumhuriyet Halk Partisi,imf,IMF,macro_economy,2,4,0,2,4.7,2.35,-0.6666666666666666,negative,2003,2.35,1.0
2003-10-01,Adalet ve Kalkınma Partisi,inflation,Enflasyon,macro_economy,1,12,0,3,13.05,9.787500000000001,-0.75,negative,2003,9.787500000000001,1.0
2003-10-01,Adalet ve Kalkınma Partisi,interest,Faiz,macro_economy,3,9,0,5,10.75,7.137499999999999,-0.8333333333333334,negative,2003,11.6625,0.6120042872454448
2003-10-01,Cumhuriyet Halk Partisi,interest,Faiz,macro_economy,3,8,0,3,9.05,4.525,-0.75,negative,2003,11.6625,0.38799571275455524
2003-10-01,Adalet ve Kalkınma Partisi,law_state,Hukuk Devleti,democratic_reform,8,20,1,17,26.3,17.012975,-0.8421052631578947,negative,2003,17.012975,1.0
2003-10-01,Adalet ve Kalkınma Partisi,reform,Reform,democratic_reform,2,2,0,4,3.4,2.26678,-0.8,negative,2003,2.26678,1.0
2003-10-01,Adalet ve Kalkınma Partisi,security,Guvenlik,security_conflict,5,6,1,7,8.8,3.92089,-0.6666666666666666,negative,2003,13.100280000000001,0.29929818293960125
2003-10-01,Cumhuriyet Halk Partisi,security,Guvenlik,security_conflict,6,14,1,8,17.15,9.179390000000001,-0.7,negative,2003,13.100280000000001,0.7007018170603987
2003-10-01,Adalet ve Kalkınma Partisi,tutelage,Vesayet,constitutional_conflict,5,16,3,23,25.1,16.637500000000003,-0.7407407407407407,negative,2003,18.437590000000004,0.902368476574216
2003-10-01,Cumhuriyet Halk Partisi,tutelage,Vesayet,constitutional_conflict,1,2,0,2,2.7,1.80009,-0.6666666666666666,negative,2003,18.437590000000004,0.09763152342578393
2003-10-01,Adalet ve Kalkınma Partisi,constitution,Anayasa,constitutional_conflict,6,11,11,0,14.85,9.12107,0.9166666666666666,positive,2003,25.10357,0.363337565135158
2003-10-01,Cumhuriyet Halk Partisi,constitution,Anayasa,constitutional_conflict,8,24,14,2,29.6,15.982500000000002,0.7058823529411765,positive,2003,25.10357,0.636662434864842
2003-10-01,Adalet ve Kalkınma Partisi,democracy,Demokrasi,democratic_reform,10,44,42,3,59.75,45.42794,0.8478260869565217,positive,2003,66.179735,0.6864327879221639
2003-10-01,Cumhuriyet Halk Partisi,democracy,Demokrasi,democratic_reform,9,32,22,5,41.45,20.751795,0.6071428571428571,positive,2003,66.179735,0.3135672120778363
2003-10-01,Adalet ve Kalkınma Partisi,economy,Ekonomi,macro_economy,17,95,87,10,128.95,84.672665,0.7857142857142857,positive,2003,171.73104999999998,0.49305390609327787
2003-10-01,Cumhuriyet Halk Partisi,economy,Ekonomi,macro_economy,19,111,94,15,149.15,87.058385,0.7181818181818181,positive,2003,171.73104999999998,0.5069460939067222
2003-10-01,Adalet ve Kalkınma Partisi,european_union,Avrupa Birligi,democratic_reform,5,11,7,1,13.8,6.83759,0.6666666666666666,positive,2003,25.92553,0.26373964196681804
2003-10-01,Cumhuriyet Halk Partisi,european_union,Avrupa Birligi,democratic_reform,10,28,23,2,36.75,19.08794,0.8076923076923077,positive,2003,25.92553,0.736260358033182
2003-10-01,Adalet ve Kalkınma Partisi,inflation,Enflasyon,macro_economy,2,2,2,0,2.7,1.35,0.6666666666666666,positive,2003,1.35,1.0
2003-10-01,Adalet ve Kalkınma Partisi,interest,Faiz,macro_economy,2,8,3,0,9.05,5.47519,0.75,positive,2003,8.43769,0.6488967952129078
2003-10-01,Cumhuriyet Halk Partisi,interest,Faiz,macro_economy,2,3,4,0,4.4,2.9624999999999995,0.8,positive,2003,8.43769,0.3511032047870921
2003-10-01,Adalet ve Kalkınma Partisi,law_state,Hukuk Devleti,democratic_reform,8,16,20,1,23.35,14.54206,0.8636363636363636,positive,2003,48.569075,0.29940986111018175
2003-10-01,Cumhuriyet Halk Partisi,law_state,Hukuk Devleti,democratic_reform,12,34,40,2,48.7,34.027015,0.8837209302325582,positive,2003,48.569075,0.7005901388898182
2003-10-01,Adalet ve Kalkınma Partisi,reform,Reform,democratic_reform,3,5,3,0,6.050000000000001,3.0250000000000004,0.75,positive,2003,4.875,0.6205128205128206
2003-10-01,Cumhuriyet Halk Partisi,reform,Reform,democratic_reform,2,3,2,0,3.7,1.85,0.6666666666666666,positive,2003,4.875,0.3794871794871795
2003-10-01,Adalet ve Kalkınma Partisi,security,Guvenlik,security_conflict,2,2,2,0,2.7,1.35,0.6666666666666666,positive,2003,8.52679,0.15832452775311695
2003-10-01,Cumhuriyet Halk Partisi,security,Guvenlik,security_conflict,4,12,7,1,14.8,7.1767900000000004,0.6666666666666666,positive,2003,8.52679,0.8416754722468831
2003-10-01,Cumhuriyet Halk Partisi,sovereignty,Egemenlik,security_conflict,1,2,2,0,2.7,1.80009,0.6666666666666666,positive,2003,1.80009,1.0
2003-10-01,Adalet ve Kalkınma Partisi,constitution,Anayasa,constitutional_conflict,19,42,11,6,47.95,47.95,0.2777777777777778,total,2003,102.25,0.46894865525672375
2003-10-01,Cumhuriyet Halk Partisi,constitution,Anayasa,constitutional_conflict,22,48,14,4,54.300000000000004,54.300000000000004,0.5263157894736842,total,2003,102.25,0.5310513447432763
2003-10-01,Adalet ve Kalkınma Partisi,democracy,Demokrasi,democratic_reform,17,56,42,6,72.8,72.8,0.7346938775510204,total,2003,159.75,0.4557120500782472
2003-10-01,Cumhuriyet Halk Partisi,democracy,Demokrasi,democratic_reform,23,74,26,11,86.95,86.95,0.39473684210526316,total,2003,159.75,0.5442879499217528
2003-10-01,Adalet ve Kalkınma Partisi,economy,Ekonomi,macro_economy,44,192,103,64,250.45000000000002,250.45000000000002,0.23214285714285715,total,2003,499.20000000000005,0.5017027243589743
2003-10-01,Cumhuriyet Halk Partisi,economy,Ekonomi,macro_economy,48,191,100,65,248.75,248.75,0.21084337349397592,total,2003,499.20000000000005,0.4982972756410256
2003-10-01,Adalet ve Kalkınma Partisi,european_union,Avrupa Birligi,democratic_reform,12,20,7,2,23.15,23.15,0.5,total,2003,71.25,0.3249122807017544
2003-10-01,Cumhuriyet Halk Partisi,european_union,Avrupa Birligi,democratic_reform,17,39,23,3,48.1,48.1,0.7407407407407407,total,2003,71.25,0.6750877192982456
2003-10-01,Adalet ve Kalkınma Partisi,imf,IMF,macro_economy,1,2,0,0,2.0,2.0,0.0,total,2003,8.7,0.2298850574712644
2003-10-01,Cumhuriyet Halk Partisi,imf,IMF,macro_economy,4,6,0,2,6.7,6.7,-0.6666666666666666,total,2003,8.7,0.7701149425287357
2003-10-01,Adalet ve Kalkınma Partisi,inflation,Enflasyon,macro_economy,4,16,2,3,17.75,17.75,-0.16666666666666666,total,2003,18.75,0.9466666666666667
2003-10-01,Cumhuriyet Halk Partisi,inflation,Enflasyon,macro_economy,1,1,0,0,1.0,1.0,0.0,total,2003,18.75,0.05333333333333334
2003-10-01,Adalet ve Kalkınma Partisi,interest,Faiz,macro_economy,9,29,3,5,31.8,31.8,-0.2222222222222222,total,2003,52.25,0.6086124401913876
2003-10-01,Cumhuriyet Halk Partisi,interest,Faiz,macro_economy,10,18,4,3,20.45,20.45,0.125,total,2003,52.25,0.39138755980861245
2003-10-01,Adalet ve Kalkınma Partisi,law_state,Hukuk Devleti,democratic_reform,36,72,23,20,87.05,87.05,0.06818181818181818,total,2003,206.15,0.422265340771283
2003-10-01,Cumhuriyet Halk Partisi,law_state,Hukuk Devleti,democratic_reform,34,96,52,14,119.10000000000001,119.10000000000001,0.5671641791044776,total,2003,206.15,0.577734659228717
2003-10-01,Adalet ve Kalkınma Partisi,reform,Reform,democratic_reform,10,12,3,4,14.45,14.45,-0.125,total,2003,22.15,0.652370203160271
2003-10-01,Cumhuriyet Halk Partisi,reform,Reform,democratic_reform,5,7,2,0,7.7,7.7,0.6666666666666666,total,2003,22.15,0.34762979683972917
2003-10-01,Adalet ve Kalkınma Partisi,security,Guvenlik,security_conflict,12,14,6,11,19.95,19.95,-0.2777777777777778,total,2003,97.0,0.2056701030927835
2003-10-01,Cumhuriyet Halk Partisi,security,Guvenlik,security_conflict,19,62,21,22,77.05,77.05,-0.022727272727272728,total,2003,97.0,0.7943298969072164
2003-10-01,Adalet ve Kalkınma Partisi,sovereignty,Egemenlik,security_conflict,1,1,0,0,1.0,1.0,0.0,total,2003,3.7,0.27027027027027023
2003-10-01,Cumhuriyet Halk Partisi,sovereignty,Egemenlik,security_conflict,1,2,2,0,2.7,2.7,0.6666666666666666,total,2003,3.7,0.7297297297297297
2003-10-01,Adalet ve Kalkınma Partisi,tutelage,Vesayet,constitutional_conflict,5,16,3,23,25.1,25.1,-0.7407407407407407,total,2003,27.8,0.9028776978417267
2003-10-01,Cumhuriyet Halk Partisi,tutelage,Vesayet,constitutional_conflict,1,2,0,2,2.7,2.7,-0.6666666666666666,total,2003,27.8,0.09712230215827339
2003-11-01,Adalet ve Kalkınma Partisi,constitution,Anayasa,constitutional_conflict,2,6,0,4,7.4,5.2124999999999995,-0.8,negative,2003,12.45,0.4186746987951807
2003-11-01,Cumhuriyet Halk Partisi,constitution,Anayasa,constitutional_conflict,8,13,1,9,16.5,7.237500000000001,-0.7272727272727273,negative,2003,12.45,0.5813253012048194
2003-11-01,Adalet ve Kalkınma Partisi,democracy,Demokrasi,democratic_reform,3,8,1,5,10.1,4.3100000000000005,-0.5714285714285714,negative,2003,23.15973,0.18609888802676028
2003-11-01,Anavatan Partisi,democracy,Demokrasi,democratic_reform,1,1,0,1,1.35,0.675,-0.5,negative,2003,23.15973,0.029145417498390527
2003-11-01,Cumhuriyet Halk Partisi,democracy,Demokrasi,democratic_reform,9,25,2,18,32.0,18.17473,-0.7619047619047619,negative,2003,23.15973,0.7847556944748493
2003-11-01,Adalet ve Kalkınma Partisi,economy,Ekonomi,macro_economy,11,63,11,44,82.25,44.5715,-0.5892857142857143,negative,2003,78.144825,0.570370462791362
2003-11-01,Cumhuriyet Halk Partisi,economy,Ekonomi,macro_economy,13,41,9,45,59.9,33.573325,-0.6545454545454545,negative,2003,78.144825,0.4296295372086379
2003-11-01,Adalet ve Kalkınma Partisi,european_union,Avrupa Birligi,democratic_reform,1,3,0,2,3.7,2.46679,-0.6666666666666666,negative,2003,3.60018,0.6851851851851852
2003-11-01,Cumhuriyet Halk Partisi,european_union,Avrupa Birligi,democratic_reform,1,1,0,2,1.7,1.13339,-0.6666666666666666,negative,2003,3.60018,0.31481481481481477
2003-11-01,Cumhuriyet Halk Partisi,imf,IMF,macro_economy,2,2,0,3,3.05,1.80839,-0.75,negative,2003,1.80839,1.0
2003-11-01,Bağımsız,inflation,Enflasyon,macro_economy,1,1,0,1,1.35,0.675,-0.5,negative,2003,4.1891099999999994,0.16113207817412295
2003-11-01,Cumhuriyet Halk Partisi,inflation,Enflasyon,macro_economy,1,2,0,6,4.1,3.5141099999999996,-0.8571428571428571,negative,2003,4.1891099999999994,0.8388679218258771
2003-11-01,Adalet ve Kalkınma Partisi,interest,Faiz,macro_economy,3,3,0,4,4.4,2.48339,-0.8,negative,2003,4.92089,0.504662774416823
2003-11-01,Anavatan Partisi,interest,Faiz,macro_economy,1,3,0,1,3.35,1.675,-0.5,negative,2003,4.92089,0.34038558065715757
2003-11-01,Cumhuriyet Halk Partisi,interest,Faiz,macro_economy,1,2,1,2,3.05,0.7625,-0.25,negative,2003,4.92089,0.15495164492601948
2003-11-01,Adalet ve Kalkınma Partisi,law_state,Hukuk Devleti,democratic_reform,8,44,4,32,56.6,37.167465,-0.7567567567567568,negative,2003,54.60644,0.6806425212850352
2003-11-01,Cumhuriyet Halk Partisi,law_state,Hukuk Devleti,democratic_reform,10,27,3,20,35.05,17.438975,-0.7083333333333334,negative,2003,54.60644,0.3193574787149647
2003-11-01,Adalet ve Kalkınma Partisi,reform,Reform,democratic_reform,3,15,4,11,20.25,7.6171050000000005,-0.4375,negative,2003,8.292105000000001,0.9185972681243182
2003-11-01,Cumhuriyet Halk Partisi,reform,Reform,democratic_reform,1,1,0,1,1.35,0.675,-0.5,negative,2003,8.292105000000001,0.08140273187568174
2003-11-01,Adalet ve Kalkınma Partisi,security,Guvenlik,security_conflict,12,132,27,91,173.3,76.573535,-0.5378151260504201,negative,2003,151.551445,0.5052643015050104
2003-11-01,Anavatan Partisi,security,Guvenlik,security_conflict,3,22,1,7,24.8,13.01679,-0.6666666666666666,negative,2003,151.551445,0.08589024010955489
2003-11-01,Cumhuriyet Halk Partisi,security,Guvenlik,security_conflict,13,100,22,70,132.2,61.96112,-0.5161290322580645,negative,2003,151.551445,0.40884545838543473
2003-11-01,Cumhuriyet Halk Partisi,sovereignty,Egemenlik,security_conflict,1,1,0,2,1.7,1.13339,-0.6666666666666666,negative,2003,1.13339,1.0
2003-11-01,Cumhuriyet Halk Partisi,tutelage,Vesayet,constitutional_conflict,1,2,0,4,3.4,2.72,-0.8,negative,2003,2.72,1.0
2003-11-01,Adalet ve Kalkınma Partisi,constitution,Anayasa,constitutional_conflict,3,8,5,0,9.75,5.887499999999999,0.8333333333333334,positive,2003,11.38759,0.5170101838931679
2003-11-01,Anavatan Partisi,constitution,Anayasa,constitutional_conflict,2,3,2,0,3.7,1.85,0.6666666666666666,positive,2003,11.38759,0.16245755247598484
2003-11-01,Bağımsız,constitution,Anayasa,constitutional_conflict,1,2,1,0,2.35,1.175,0.5,positive,2003,11.38759,0.10318249954555794
2003-11-01,Cumhuriyet Halk Partisi,constitution,Anayasa,constitutional_conflict,2,3,3,0,4.050000000000001,2.47509,0.75,positive,2003,11.38759,0.21734976408528933
2003-11-01,Adalet ve Kalkınma Partisi,democracy,Demokrasi,democratic_reform,6,9,8,1,12.15,5.835,0.7,positive,2003,24.316789999999997,0.2399576588850749
2003-11-01,Anavatan Partisi,democracy,Demokrasi,democratic_reform,1,2,2,0,2.7,1.80009,0.6666666666666666,positive,2003,24.316789999999997,0.07402662933717814
2003-11-01,Bağımsız,democracy,Demokrasi,democratic_reform,1,4,3,0,5.05,3.7874999999999996,0.75,positive,2003,24.316789999999997,0.1557565780680756
2003-11-01,Cumhuriyet Halk Partisi,democracy,Demokrasi,democratic_reform,5,11,16,0,16.6,12.8942,0.9411764705882353,positive,2003,24.316789999999997,0.5302591337096714
2003-11-01,Adalet ve Kalkınma Partisi,economy,Ekonomi,macro_economy,23,122,96,15,160.85,97.6081,0.7232142857142857,positive,2003,179.93707,0.5424568711716824
2003-11-01,Anavatan Partisi,economy,Ekonomi,macro_economy,3,4,5,0,5.75,3.60848,0.8333333333333334,positive,2003,179.93707,0.020054122255075066
2003-11-01,Bağımsız,economy,Ekonomi,macro_economy,1,8,4,1,9.75,4.875,0.5,positive,2003,179.93707,0.02709280527909007
2003-11-01,Cumhuriyet Halk Partisi,economy,Ekonomi,macro_economy,21,89,67,8,115.25,73.84549,0.7763157894736842,positive,2003,179.93707,0.41039620129415244
2003-11-01,Adalet ve Kalkınma Partisi,european_union,Avrupa Birligi,democratic_reform,2,2,4,0,3.4,2.26678,0.8,positive,2003,13.341959999999998,0.16989857562157284
2003-11-01,Bağımsız,european_union,Avrupa Birligi,democratic_reform,1,1,2,0,1.7,1.13339,0.6666666666666666,positive,2003,13.341959999999998,0.08494928781078642
2003-11-01,Cumhuriyet Halk Partisi,european_union,Avrupa Birligi,democratic_reform,7,18,10,2,22.2,9.94179,0.6153846153846154,positive,2003,13.341959999999998,0.7451521365676408
2003-11-01,Cumhuriyet Halk Partisi,imf,IMF,macro_economy,1,1,1,0,1.35,0.675,0.5,positive,2003,0.675,1.0
2003-11-01,Adalet ve Kalkınma Partisi,interest,Faiz,macro_economy,1,2,1,0,2.35,1.175,0.5,positive,2003,3.21,0.36604361370716515
2003-11-01,Anavatan Partisi,interest,Faiz,macro_economy,1,1,1,0,1.35,0.675,0.5,positive,2003,3.21,0.21028037383177572
2003-11-01,Cumhuriyet Halk Partisi,interest,Faiz,macro_economy,1,2,3,1,3.4,1.36,0.4,positive,2003,3.21,0.42367601246105924
2003-11-01,Adalet ve Kalkınma Partisi,law_state,Hukuk Devleti,democratic_reform,2,3,3,0,4.05,2.30839,0.75,positive,2003,28.35877,0.0813995106275766
2003-11-01,Cumhuriyet Halk Partisi,law_state,Hukuk Devleti,democratic_reform,9,36,15,0,41.25,26.05038,0.9375,positive,2003,28.35877,0.9186004893724234
2003-11-01,Adalet ve Kalkınma Partisi,reform,Reform,democratic_reform,1,2,1,0,2.35,1.175,0.5,positive,2003,8.98339,0.1307969485906768
2003-11-01,Anavatan Partisi,reform,Reform,democratic_reform,1,1,1,0,1.35,0.675,0.5,positive,2003,8.98339,0.07513867259464412
2003-11-01,Bağımsız,reform,Reform,democratic_reform,1,1,2,0,1.7,1.13339,0.6666666666666666,positive,2003,8.98339,0.12616506686228696
2003-11-01,Cumhuriyet Halk Partisi,reform,Reform,democratic_reform,3,7,7,0,9.45,5.999999999999999,0.875,positive,2003,8.98339,0.667899311952392
2003-11-01,Adalet ve Kalkınma Partisi,security,Guvenlik,security_conflict,1,6,4,0,7.4,5.920000000000001,0.8,positive,2003,18.99206,0.31170920900629007
2003-11-01,Anavatan Partisi,security,Guvenlik,security_conflict,2,16,6,2,18.799999999999997,7.843749999999999,0.4444444444444444,positive,2003,18.99206,0.4130015385376836
2003-11-01,Bağımsız,security,Guvenlik,security_conflict,1,4,6,0,6.1,5.22831,0.8571428571428571,positive,2003,18.99206,0.27528925245602637
2003-11-01,Cumhuriyet Halk Partisi,sovereignty,Egemenlik,security_conflict,1,1,1,0,1.35,0.675,0.5,positive,2003,0.675,1.0
2003-11-01,Adalet ve Kalkınma Partisi,constitution,Anayasa,constitutional_conflict,13,23,5,4,26.15,26.15,0.1,total,2003,118.2,0.22123519458544838
2003-11-01,Anavatan Partisi,constitution,Anayasa,constitutional_conflict,3,4,2,0,4.7,4.7,0.6666666666666666,total,2003,118.2,0.03976311336717428
2003-11-01,Bağımsız,constitution,Anayasa,constitutional_conflict,1,2,1,0,2.35,2.35,0.5,total,2003,118.2,0.01988155668358714
2003-11-01,Cumhuriyet Halk Partisi,constitution,Anayasa,constitutional_conflict,41,78,8,12,85.0,85.0,-0.19047619047619047,total,2003,118.2,0.7191201353637902
2003-11-01,Adalet ve Kalkınma Partisi,democracy,Demokrasi,democratic_reform,15,32,11,8,38.65,38.65,0.15,total,2003,135.75,0.2847145488029466
2003-11-01,Anavatan Partisi,democracy,Demokrasi,democratic_reform,5,8,2,1,9.05,9.05,0.25,total,2003,135.75,0.06666666666666667
2003-11-01,Bağımsız,democracy,Demokrasi,democratic_reform,1,4,3,0,5.05,5.05,0.75,total,2003,135.75,0.03720073664825046
2003-11-01,Cumhuriyet Halk Partisi,democracy,Demokrasi,democratic_reform,34,69,20,20,83.0,83.0,0.0,total,2003,135.75,0.6114180478821363
2003-11-01,Adalet ve Kalkınma Partisi,economy,Ekonomi,macro_economy,49,213,114,68,276.7,276.7,0.25136612021857924,total,2003,563.15,0.49134333658883067
2003-11-01,Anavatan Partisi,economy,Ekonomi,macro_economy,6,7,5,0,8.75,8.75,0.8333333333333334,total,2003,563.15,0.015537600994406464
2003-11-01,Bağımsız,economy,Ekonomi,macro_economy,1,8,4,1,9.75,9.75,0.5,total,2003,563.15,0.01731332682233863
2003-11-01,Cumhuriyet Halk Partisi,economy,Ekonomi,macro_economy,66,202,101,76,263.95,263.95,0.1404494382022472,total,2003,563.15,0.46870283228269555
2003-11-01,Doğru Yol Partisi,economy,Ekonomi,macro_economy,1,4,0,0,4.0,4.0,0.0,total,2003,563.15,0.00710290331172867
2003-11-01,Adalet ve Kalkınma Partisi,european_union,Avrupa Birligi,democratic_reform,8,11,5,3,13.8,13.8,0.2222222222222222,total,2003,40.4,0.3415841584158416
2003-11-01,Bağımsız,european_union,Avrupa Birligi,democratic_reform,1,1,2,0,1.7,1.7,0.6666666666666666,total,2003,40.4,0.04207920792079208
2003-11-01,Cumhuriyet Halk Partisi,european_union,Avrupa Birligi,democratic_reform,9,20,10,4,24.9,24.9,0.4,total,2003,40.4,0.6163366336633663
2003-11-01,Cumhuriyet Halk Partisi,imf,IMF,macro_economy,4,4,1,3,5.4,5.4,-0.4,total,2003,5.4,1.0
2003-11-01,Bağımsız,inflation,Enflasyon,macro_economy,1,1,0,1,1.35,1.35,-0.5,total,2003,8.15,0.16564417177914112
2003-11-01,Cumhuriyet Halk Partisi,inflation,Enflasyon,macro_economy,3,4,1,7,6.8,6.8,-0.6666666666666666,total,2003,8.15,0.8343558282208589
2003-11-01,Adalet ve Kalkınma Partisi,interest,Faiz,macro_economy,9,22,4,7,25.85,25.85,-0.25,total,2003,68.64999999999999,0.3765477057538238
2003-11-01,Anavatan Partisi,interest,Faiz,macro_economy,3,7,1,1,7.7,7.7,0.0,total,2003,68.64999999999999,0.11216314639475602
2003-11-01,Cumhuriyet Halk Partisi,interest,Faiz,macro_economy,7,26,13,13,35.099999999999994,35.099999999999994,0.0,total,2003,68.64999999999999,0.5112891478514202
2003-11-01,Adalet ve Kalkınma Partisi,law_state,Hukuk Devleti,democratic_reform,18,69,12,37,86.15,86.15,-0.5,total,2003,239.15,0.36023416265941877
2003-11-01,Anavatan Partisi,law_state,Hukuk Devleti,democratic_reform,1,2,0,0,2.0,2.0,0.0,total,2003,239.15,0.008362952122099102
2003-11-01,Cumhuriyet Halk Partisi,law_state,Hukuk Devleti,democratic_reform,51,137,19,21,151.0,151.0,-0.04878048780487805,total,2003,239.15,0.6314028852184821
2003-11-01,Adalet ve Kalkınma Partisi,reform,Reform,democratic_reform,7,20,5,11,25.6,25.6,-0.35294117647058826,total,2003,47.45,0.5395152792413066
2003-11-01,Anavatan Partisi,reform,Reform,democratic_reform,1,1,1,0,1.35,1.35,0.5,total,2003,47.45,0.02845100105374078
2003-11-01,Bağımsız,reform,Reform,democratic_reform,1,1,2,0,1.7,1.7,0.6666666666666666,total,2003,47.45,0.03582718651211802
2003-11-01,Cumhuriyet Halk Partisi,reform,Reform,democratic_reform,9,16,7,1,18.8,18.8,0.6666666666666666,total,2003,47.45,0.39620653319283455
2003-11-01,Adalet ve Kalkınma Partisi,security,Guvenlik,security_conflict,22,155,34,94,199.8,199.8,-0.46511627906976744,total,2003,464.5,0.43013993541442413
2003-11-01,Anavatan Partisi,security,Guvenlik,security_conflict,5,38,7,9,43.6,43.6,-0.11764705882352941,total,2003,464.5,0.09386437029063509
2003-11-01,Bağımsız,security,Guvenlik,security_conflict,1,4,6,0,6.1,6.1,0.8571428571428571,total,2003,464.5,0.013132400430570505
2003-11-01,Cumhuriyet Halk Partisi,security,Guvenlik,security_conflict,26,166,44,96,215.0,215.0,-0.36879432624113473,total,2003,464.5,0.4628632938643703
2003-11-01,Adalet ve Kalkınma Partisi,sovereignty,Egemenlik,security_conflict,1,1,0,0,1.0,1.0,0.0,total,2003,5.05,0.19801980198019803
2003-11-01,Cumhuriyet Halk Partisi,sovereignty,Egemenlik,security_conflict,3,3,1,2,4.05,4.05,-0.25,total,2003,5.05,0.801980198019802
2003-11-01,Cumhuriyet Halk Partisi,tutelage,Vesayet,constitutional_conflict,1,2,0,4,3.4,3.4,-0.8,total,2003,3.4,1.0
2003-12-01,Adalet ve Kalkınma Partisi,constitution,Anayasa,constitutional_conflict,3,21,1,7,23.8,11.8725,-0.6666666666666666,negative,2003,82.856725,0.14328951572729914
2003-12-01,Cumhuriyet Halk Partisi,constitution,Anayasa,constitutional_conflict,25,108,1,41,122.7,70.309225,-0.9302325581395349,negative,2003,82.856725,0.8485638914644527
2003-12-01,Doğru Yol Partisi,constitution,Anayasa,constitutional_conflict,1,1,0,1,1.35,0.675,-0.5,negative,2003,82.856725,0.008146592808248214
2003-12-01,Adalet ve Kalkınma Partisi,democracy,Demokrasi,democratic_reform,6,17,2,13,22.25,11.489139999999999,-0.6875,negative,2003,37.014775,0.31039334968266047
2003-12-01,Cumhuriyet Halk Partisi,democracy,Demokrasi,democratic_reform,14,39,3,23,48.1,25.525635,-0.7407407407407407,negative,2003,37.014775,0.6896066503173395
2003-12-01,Adalet ve Kalkınma Partisi,economy,Ekonomi,macro_economy,37,199,42,182,277.4,153.67457,-0.6222222222222222,negative,2003,290.90093,0.5282711540317179
2003-12-01,Anavatan Partisi,economy,Ekonomi,macro_economy,5,31,7,32,44.65,25.51902,-0.625,negative,2003,290.90093,0.08772409218492358
2003-12-01,Bağımsız,economy,Ekonomi,macro_economy,1,2,0,6,4.1,3.5141099999999996,-0.8571428571428571,negative,2003,290.90093,0.012080092009331148
2003-12-01,Cumhuriyet Halk Partisi,economy,Ekonomi,macro_economy,30,174,47,146,241.55,104.84067,-0.5103092783505154,negative,2003,290.90093,0.3603999134688225
2003-12-01,Doğru Yol Partisi,economy,Ekonomi,macro_economy,2,9,3,6,12.15,3.3525600000000004,-0.3,negative,2003,290.90093,0.0115247483052048
2003-12-01,Adalet ve Kalkınma Partisi,european_union,Avrupa Birligi,democratic_reform,4,6,0,4,7.4,3.7,-0.8,negative,2003,17.13938,0.21587712040925636
2003-12-01,Anavatan Partisi,european_union,Avrupa Birligi,democratic_reform,1,2,0,1,2.35,1.175,-0.5,negative,2003,17.13938,0.06855557202185844
2003-12-01,Bağımsız,european_union,Avrupa Birligi,democratic_reform,1,1,0,1,1.35,0.675,-0.5,negative,2003,17.13938,0.039382988182769745
2003-12-01,Cumhuriyet Halk Partisi,european_union,Avrupa Birligi,democratic_reform,8,19,2,13,24.25,11.58938,-0.6875,negative,2003,17.13938,0.6761843193861156
2003-12-01,Adalet ve Kalkınma Partisi,imf,IMF,macro_economy,1,1,0,1,1.35,0.675,-0.5,negative,2003,25.24643,0.026736453431237605
2003-12-01,Anavatan Partisi,imf,IMF,macro_economy,1,9,0,4,10.4,8.32,-0.8,negative,2003,25.24643,0.3295515445154028
2003-12-01,Bağımsız,imf,IMF,macro_economy,1,1,0,1,1.35,0.675,-0.5,negative,2003,25.24643,0.026736453431237605
2003-12-01,Cumhuriyet Halk Partisi,imf,IMF,macro_economy,10,27,4,18,34.7,15.57643,-0.6086956521739131,negative,2003,25.24643,0.616975548622122
2003-12-01,Adalet ve Kalkınma Partisi,inflation,Enflasyon,macro_economy,5,16,2,10,20.2,8.414380000000001,-0.6153846153846154,negative,2003,43.643299999999996,0.19279889467570055
2003-12-01,Cumhuriyet Halk Partisi,inflation,Enflasyon,macro_economy,4,54,3,16,60.65,35.228919999999995,-0.65,negative,2003,43.643299999999996,0.8072011053242995
2003-12-01,Adalet ve Kalkınma Partisi,interest,Faiz,macro_economy,14,89,8,31,102.65,46.89516,-0.575,negative,2003,57.70766,0.8126331928898174
2003-12-01,Anavatan Partisi,interest,Faiz,macro_economy,1,1,1,2,2.05,0.5125,-0.25,negative,2003,57.70766,0.008880970047997094
2003-12-01,Cumhuriyet Halk Partisi,interest,Faiz,macro_economy,5,20,2,7,23.15,10.3,-0.5,negative,2003,57.70766,0.17848583706218552
2003-12-01,Adalet ve Kalkınma Partisi,law_state,Hukuk Devleti,democratic_reform,20,79,9,41,96.5,41.12209,-0.6274509803921569,negative,2003,160.51601,0.25618684391669094
2003-12-01,Anavatan Partisi,law_state,Hukuk Devleti,democratic_reform,2,5,0,8,7.800000000000001,5.94375,-0.8888888888888888,negative,2003,160.51601,0.03702901660712847
2003-12-01,Cumhuriyet Halk Partisi,law_state,Hukuk Devleti,democratic_reform,38,162,7,88,195.25,113.45016999999999,-0.84375,negative,2003,160.51601,0.7067841394761806
2003-12-01,Adalet ve Kalkınma Partisi,reform,Reform,democratic_reform,10,19,2,18,26.0,13.71564,-0.7619047619047619,negative,2003,27.65662,0.49592611099982575
2003-12-01,Cumhuriyet Halk Partisi,reform,Reform,democratic_reform,6,15,0,13,19.55,13.94098,-0.9285714285714286,negative,2003,27.65662,0.5040738890001742
2003-12-01,Adalet ve Kalkınma Partisi,security,Guvenlik,security_conflict,30,158,22,108,203.5,114.80284,-0.6564885496183206,negative,2003,234.04680000000002,0.4905123248854502
2003-12-01,Anavatan Partisi,security,Guvenlik,security_conflict,4,20,1,7,22.8,9.65,-0.6666666666666666,negative,2003,234.04680000000002,0.04123107002531118
2003-12-01,Bağımsız,security,Guvenlik,security_conflict,4,9,1,10,12.85,7.445,-0.75,negative,2003,234.04680000000002,0.03180987734077116
2003-12-01,Cumhuriyet Halk Partisi,security,Guvenlik,security_conflict,25,130,19,98,170.95,97.37646000000001,-0.6694915254237288,negative,2003,234.04680000000002,0.4160555068473485
2003-12-01,Doğru Yol Partisi,security,Guvenlik,security_conflict,2,11,2,5,13.45,4.7725,-0.375,negative,2003,234.04680000000002,0.02039122090111892
2003-12-01,Adalet ve Kalkınma Partisi,tutelage,Vesayet,constitutional_conflict,3,6,0,9,9.15,7.0367,-0.9,negative,2003,20.50058,0.3432439472444194
2003-12-01,Cumhuriyet Halk Partisi,tutelage,Vesayet,constitutional_conflict,4,12,1,17,18.3,13.46388,-0.8421052631578947,negative,2003,20.50058,0.6567560527555806
2003-12-01,Adalet ve Kalkınma Partisi,constitution,Anayasa,constitutional_conflict,22,119,54,2,138.6,81.93427,0.9122807017543859,positive,2003,123.32959,0.6643520829024081
2003-12-01,Cumhuriyet Halk Partisi,constitution,Anayasa,constitutional_conflict,14,80,36,8,95.4,41.39532,0.6222222222222222,positive,2003,123.32959,0.3356479170975919
2003-12-01,Adalet ve Kalkınma Partisi,democracy,Demokrasi,democratic_reform,36,124,103,7,162.5,102.095395,0.8648648648648649,positive,2003,163.12318,0.6258791362453822
2003-12-01,Anavatan Partisi,democracy,Demokrasi,democratic_reform,1,3,4,0,4.4,3.5200000000000005,0.8,positive,2003,163.12318,0.021578784817706476
2003-12-01,Bağımsız,democracy,Demokrasi,democratic_reform,2,13,10,1,16.85,11.94815,0.75,positive,2003,163.12318,0.07324618119877262
2003-12-01,Cumhuriyet Halk Partisi,democracy,Demokrasi,democratic_reform,21,56,36,1,68.95,42.045525,0.9210526315789473,positive,2003,163.12318,0.25775322060298234
2003-12-01,Doğru Yol Partisi,democracy,Demokrasi,democratic_reform,1,2,6,0,4.1,3.5141099999999996,0.8571428571428571,positive,2003,163.12318,0.02154267713515639
2003-12-01,Adalet ve Kalkınma Partisi,economy,Ekonomi,macro_economy,99,889,851,131,1232.7,819.942455,0.7324516785350966,positive,2003,1101.757775,0.744212996363924
2003-12-01,Anavatan Partisi,economy,Ekonomi,macro_economy,1,12,9,1,15.5,11.27315,0.7272727272727273,positive,2003,1101.757775,0.010231967729930474
2003-12-01,Bağımsız,economy,Ekonomi,macro_economy,4,8,13,1,12.9,8.7975,0.8,positive,2003,1101.757775,0.007984967476176875
2003-12-01,Cumhuriyet Halk Partisi,economy,Ekonomi,macro_economy,63,377,258,58,487.6,257.27778,0.6309148264984227,positive,2003,1101.757775,0.23351573806683598
2003-12-01,Doğru Yol Partisi,economy,Ekonomi,macro_economy,1,6,2,0,6.7,4.46689,0.6666666666666666,positive,2003,1101.757775,0.004054330363132677
2003-12-01,Adalet ve Kalkınma Partisi,european_union,Avrupa Birligi,democratic_reform,30,74,57,1,94.3,60.26539,0.9491525423728814,positive,2003,96.46235,0.6247555652542157
2003-12-01,Anavatan Partisi,european_union,Avrupa Birligi,democratic_reform,3,3,3,0,4.050000000000001,2.0250000000000004,0.75,positive,2003,96.46235,0.02099264635373283
2003-12-01,Cumhuriyet Halk Partisi,european_union,Avrupa Birligi,democratic_reform,19,40,45,5,57.5,33.49696,0.7843137254901961,positive,2003,96.46235,0.3472542396074738
2003-12-01,Doğru Yol Partisi,european_union,Avrupa Birligi,democratic_reform,1,1,1,0,1.35,0.675,0.5,positive,2003,96.46235,0.0069975487845776105
2003-12-01,Adalet ve Kalkınma Partisi,imf,IMF,macro_economy,6,14,9,0,17.15,9.59187,0.9,positive,2003,28.26402,0.3393667992026612
2003-12-01,Cumhuriyet Halk Partisi,imf,IMF,macro_economy,10,25,20,1,32.35,18.67215,0.8636363636363636,positive,2003,28.26402,0.6606332007973388
2003-12-01,Adalet ve Kalkınma Partisi,inflation,Enflasyon,macro_economy,21,108,70,9,135.65,77.86584,0.7625,positive,2003,142.540455,0.5462718636614426
2003-12-01,Anavatan Partisi,inflation,Enflasyon,macro_economy,1,2,1,0,2.35,1.175,0.5,positive,2003,142.540455,0.00824327381303785
2003-12-01,Bağımsız,inflation,Enflasyon,macro_economy,1,1,1,0,1.35,0.675,0.5,positive,2003,142.540455,0.004735497722383446
2003-12-01,Cumhuriyet Halk Partisi,inflation,Enflasyon,macro_economy,15,98,69,17,128.1,62.824615,0.5977011494252874,positive,2003,142.540455,0.44074936480313603
2003-12-01,Adalet ve Kalkınma Partisi,interest,Faiz,macro_economy,17,103,48,3,120.85,85.668665,0.8653846153846154,positive,2003,190.87407000000002,0.4488229595565285
2003-12-01,Cumhuriyet Halk Partisi,interest,Faiz,macro_economy,17,124,66,5,148.85,105.205405,0.8472222222222222,positive,2003,190.87407000000002,0.5511770404434714
2003-12-01,Adalet ve Kalkınma Partisi,law_state,Hukuk Devleti,democratic_reform,27,182,109,16,225.75,135.73177,0.7380952380952381,positive,2003,286.96888,0.472984283173841
2003-12-01,Anavatan Partisi,law_state,Hukuk Devleti,democratic_reform,2,3,2,0,3.7,1.85,0.6666666666666666,positive,2003,286.96888,0.006446692059431671
2003-12-01,Cumhuriyet Halk Partisi,law_state,Hukuk Devleti,democratic_reform,34,193,132,23,247.25,149.38711,0.6987179487179487,positive,2003,286.96888,0.5205690247667273
2003-12-01,Adalet ve Kalkınma Partisi,reform,Reform,democratic_reform,25,81,50,4,99.9,59.472615,0.8363636363636363,positive,2003,79.18895499999999,0.751021591331771
2003-12-01,Bağımsız,reform,Reform,democratic_reform,1,2,2,0,2.7,1.80009,0.6666666666666666,positive,2003,79.18895499999999,0.022731579170352737
2003-12-01,Cumhuriyet Halk Partisi,reform,Reform,democratic_reform,7,24,14,2,29.6,14.74125,0.7058823529411765,positive,2003,79.18895499999999,0.18615285427115438
2003-12-01,Doğru Yol Partisi,reform,Reform,democratic_reform,1,6,1,0,6.35,3.175,0.5,positive,2003,79.18895499999999,0.04009397522672196
2003-12-01,Adalet ve Kalkınma Partisi,security,Guvenlik,security_conflict,19,96,55,5,117.0,78.66544,0.819672131147541,positive,2003,90.13643,0.8727374714086191
2003-12-01,Anavatan Partisi,security,Guvenlik,security_conflict,2,4,4,0,5.4,3.4624999999999995,0.8,positive,2003,90.13643,0.038413990880268936
2003-12-01,Cumhuriyet Halk Partisi,security,Guvenlik,security_conflict,5,8,5,0,9.75,4.875,0.8333333333333334,positive,2003,90.13643,0.054084680300739665
2003-12-01,Doğru Yol Partisi,security,Guvenlik,security_conflict,1,4,2,0,4.7,3.13349,0.6666666666666666,positive,2003,90.13643,0.03476385741037225
2003-12-01,Adalet ve Kalkınma Partisi,sovereignty,Egemenlik,security_conflict,2,2,2,0,2.7,1.35,0.6666666666666666,positive,2003,2.0250000000000004,0.6666666666666666
2003-12-01,Cumhuriyet Halk Partisi,sovereignty,Egemenlik,security_conflict,1,1,1,0,1.35,0.675,0.5,positive,2003,2.0250000000000004,0.3333333333333333
2003-12-01,Adalet ve Kalkınma Partisi,constitution,Anayasa,constitutional_conflict,65,215,60,13,240.55,240.55,0.6351351351351351,total,2003,655.2,0.3671398046398046
2003-12-01,Bağımsız,constitution,Anayasa,constitutional_conflict,1,2,0,0,2.0,2.0,0.0,total,2003,655.2,0.0030525030525030525
2003-12-01,Cumhuriyet Halk Partisi,constitution,Anayasa,constitutional_conflict,119,376,43,55,410.3,410.3,-0.12121212121212122,total,2003,655.2,0.6262210012210012
2003-12-01,Doğru Yol Partisi,constitution,Anayasa,constitutional_conflict,2,2,0,1,2.35,2.35,-0.5,total,2003,655.2,0.0035866910866910865
2003-12-01,Adalet ve Kalkınma Partisi,democracy,Demokrasi,democratic_reform,76,230,127,43,289.5,289.5,0.49122807017543857,total,2003,500.75,0.5781328007988018
2003-12-01,Anavatan Partisi,democracy,Demokrasi,democratic_reform,3,6,4,0,7.4,7.4,0.8,total,2003,500.75,0.014777833250124814
2003-12-01,Bağımsız,democracy,Demokrasi,democratic_reform,2,13,10,1,16.85,16.85,0.75,total,2003,500.75,0.03364952571143286
2003-12-01,Cumhuriyet Halk Partisi,democracy,Demokrasi,democratic_reform,80,156,45,29,181.9,181.9,0.21333333333333335,total,2003,500.75,0.363255117324014
2003-12-01,Doğru Yol Partisi,democracy,Demokrasi,democratic_reform,2,3,6,0,5.1,5.1,0.8571428571428571,total,2003,500.75,0.01018472291562656
2003-12-01,Adalet ve Kalkınma Partisi,economy,Ekonomi,macro_economy,215,1366,966,378,1836.4,1836.4,0.43717472118959105,total,2003,3056.3500000000004,0.6008474160354671
2003-12-01,Anavatan Partisi,economy,Ekonomi,macro_economy,9,70,17,34,87.85,87.85,-0.3269230769230769,total,2003,3056.3500000000004,0.028743435797601708
2003-12-01,Bağımsız,economy,Ekonomi,macro_economy,8,23,16,10,32.1,32.1,0.2222222222222222,total,2003,3056.3500000000004,0.010502723837256858
2003-12-01,Cumhuriyet Halk Partisi,economy,Ekonomi,macro_economy,183,841,389,280,1075.15,1075.15,0.1626865671641791,total,2003,3056.3500000000004,0.3517758110164084
2003-12-01,Doğru Yol Partisi,economy,Ekonomi,macro_economy,8,21,5,6,24.85,24.85,-0.08333333333333333,total,2003,3056.3500000000004,0.008130613313265823
2003-12-01,Adalet ve Kalkınma Partisi,european_union,Avrupa Birligi,democratic_reform,58,132,62,10,157.2,157.2,0.7123287671232876,total,2003,314.4,0.5
2003-12-01,Anavatan Partisi,european_union,Avrupa Birligi,democratic_reform,8,11,3,1,12.4,12.4,0.4,total,2003,314.4,0.03944020356234097
2003-12-01,Bağımsız,european_union,Avrupa Birligi,democratic_reform,2,11,6,6,15.2,15.2,0.0,total,2003,314.4,0.04834605597964377
2003-12-01,Cumhuriyet Halk Partisi,european_union,Avrupa Birligi,democratic_reform,55,96,49,20,120.15,120.15,0.4142857142857143,total,2003,314.4,0.38215648854961837
2003-12-01,Doğru Yol Partisi,european_union,Avrupa Birligi,democratic_reform,3,7,4,3,9.45,9.45,0.125,total,2003,314.4,0.030057251908396948
2003-12-01,Adalet ve Kalkınma Partisi,imf,IMF,macro_economy,14,38,12,3,43.25,43.25,0.5625,total,2003,146.85,0.2945182158665305
2003-12-01,Anavatan Partisi,imf,IMF,macro_economy,5,13,0,4,14.4,14.4,-0.8,total,2003,146.85,0.09805924412665987
2003-12-01,Bağımsız,imf,IMF,macro_economy,1,1,0,1,1.35,1.35,-0.5,total,2003,146.85,0.009193054136874363
2003-12-01,Cumhuriyet Halk Partisi,imf,IMF,macro_economy,33,70,28,23,87.85,87.85,0.09615384615384616,total,2003,146.85,0.5982294858699353
2003-12-01,Adalet ve Kalkınma Partisi,inflation,Enflasyon,macro_economy,57,177,80,28,214.8,214.8,0.47706422018348627,total,2003,471.5,0.4555673382820785
2003-12-01,Anavatan Partisi,inflation,Enflasyon,macro_economy,3,7,1,0,7.35,7.35,0.5,total,2003,471.5,0.015588547189819724
2003-12-01,Bağımsız,inflation,Enflasyon,macro_economy,1,1,1,0,1.35,1.35,0.5,total,2003,471.5,0.0028632025450689292
2003-12-01,Cumhuriyet Halk Partisi,inflation,Enflasyon,macro_economy,38,206,79,41,248.0,248.0,0.3140495867768595,total,2003,471.5,0.5259809119830329
2003-12-01,Adalet ve Kalkınma Partisi,interest,Faiz,macro_economy,69,310,79,57,357.6,357.6,0.16058394160583941,total,2003,638.7,0.5598872710192578
2003-12-01,Anavatan Partisi,interest,Faiz,macro_economy,5,9,2,3,10.75,10.75,-0.16666666666666666,total,2003,638.7,0.016831063096915608
2003-12-01,Cumhuriyet Halk Partisi,interest,Faiz,macro_economy,57,235,79,22,270.35,270.35,0.5588235294117647,total,2003,638.7,0.42328166588382654
2003-12-01,Adalet ve Kalkınma Partisi,law_state,Hukuk Devleti,democratic_reform,101,428,138,78,503.59999999999997,503.59999999999997,0.2764976958525346,total,2003,1211.75,0.41559727666597895
2003-12-01,Anavatan Partisi,law_state,Hukuk Devleti,democratic_reform,5,10,2,8,13.5,13.5,-0.5454545454545454,total,2003,1211.75,0.011140911904270683
2003-12-01,Bağımsız,law_state,Hukuk Devleti,democratic_reform,1,1,0,0,1.0,1.0,0.0,total,2003,1211.75,0.0008252527336496802
2003-12-01,Cumhuriyet Halk Partisi,law_state,Hukuk Devleti,democratic_reform,152,583,162,135,686.95,686.95,0.09060402684563758,total,2003,1211.75,0.5669073653806479
2003-12-01,Doğru Yol Partisi,law_state,Hukuk Devleti,democratic_reform,3,6,1,1,6.7,6.7,0.0,total,2003,1211.75,0.005529193315452857
2003-12-01,Adalet ve Kalkınma Partisi,reform,Reform,democratic_reform,83,186,54,24,213.3,213.3,0.379746835443038,total,2003,366.6,0.5818330605564648
2003-12-01,Anavatan Partisi,reform,Reform,democratic_reform,2,6,1,1,6.7,6.7,0.0,total,2003,366.6,0.018276050190943808
2003-12-01,Bağımsız,reform,Reform,democratic_reform,1,2,2,0,2.7,2.7,0.6666666666666666,total,2003,366.6,0.007364975450081833
2003-12-01,Cumhuriyet Halk Partisi,reform,Reform,democratic_reform,55,123,16,17,134.55,134.55,-0.029411764705882353,total,2003,366.6,0.3670212765957447
2003-12-01,Doğru Yol Partisi,reform,Reform,democratic_reform,3,9,1,0,9.35,9.35,0.5,total,2003,366.6,0.025504637206764862
2003-12-01,Adalet ve Kalkınma Partisi,security,Guvenlik,security_conflict,85,332,87,122,405.15,405.15,-0.16666666666666666,total,2003,744.0,0.5445564516129032
2003-12-01,Anavatan Partisi,security,Guvenlik,security_conflict,8,27,5,7,31.2,31.2,-0.15384615384615385,total,2003,744.0,0.04193548387096774
2003-12-01,Bağımsız,security,Guvenlik,security_conflict,9,20,6,14,27.0,27.0,-0.38095238095238093,total,2003,744.0,0.036290322580645164
2003-12-01,Cumhuriyet Halk Partisi,security,Guvenlik,security_conflict,70,206,36,110,257.1,257.1,-0.5034013605442177,total,2003,744.0,0.3455645161290323
2003-12-01,Doğru Yol Partisi,security,Guvenlik,security_conflict,5,19,6,7,23.549999999999997,23.549999999999997,-0.07142857142857142,total,2003,744.0,0.03165322580645161
2003-12-01,Adalet ve Kalkınma Partisi,sovereignty,Egemenlik,security_conflict,7,11,2,0,11.7,11.7,0.6666666666666666,total,2003,14.049999999999999,0.8327402135231317
2003-12-01,Cumhuriyet Halk Partisi,sovereignty,Egemenlik,security_conflict,2,2,1,0,2.35,2.35,0.5,total,2003,14.049999999999999,0.16725978647686834
2003-12-01,Adalet ve Kalkınma Partisi,tutelage,Vesayet,constitutional_conflict,3,6,0,9,9.15,9.15,-0.9,total,2003,29.15,0.31389365351629506
2003-12-01,Cumhuriyet Halk Partisi,tutelage,Vesayet,constitutional_conflict,5,13,2,18,20.0,20.0,-0.7619047619047619,total,2003,29.15,0.686106346483705
2004-01-01,Cumhuriyet Halk Partisi,constitution,Anayasa,constitutional_conflict,2,2,1,3,3.4,1.1875,-0.4,negative,2004,1.1875,1.0
2004-01-01,Adalet ve Kalkınma Partisi,democracy,Demokrasi,democratic_reform,2,4,0,3,5.050000000000001,2.97509,-0.75,negative,2004,7.02509,0.42349493031406005
2004-01-01,Cumhuriyet Halk Partisi,democracy,Demokrasi,democratic_reform,2,6,1,5,8.1,4.05,-0.5714285714285714,negative,2004,7.02509,0.57650506968594
2004-01-01,Adalet ve Kalkınma Partisi,economy,Ekonomi,macro_economy,9,65,12,53,87.75,41.42561,-0.6212121212121212,negative,2004,60.55887,0.6840552011621088
2004-01-01,Cumhuriyet Halk Partisi,economy,Ekonomi,macro_economy,8,32,3,22,40.75,19.13326,-0.7307692307692307,negative,2004,60.55887,0.3159447988378911
2004-01-01,Adalet ve Kalkınma Partisi,european_union,Avrupa Birligi,democratic_reform,3,4,0,3,5.050000000000001,2.5250000000000004,-0.75,negative,2004,4.2,0.6011904761904763
2004-01-01,Cumhuriyet Halk Partisi,european_union,Avrupa Birligi,democratic_reform,1,3,0,1,3.35,1.675,-0.5,negative,2004,4.2,0.3988095238095238
2004-01-01,Adalet ve Kalkınma Partisi,imf,IMF,macro_economy,1,21,5,13,27.3,11.49603,-0.42105263157894735,negative,2004,20.39764,0.5635960826840752
2004-01-01,Cumhuriyet Halk Partisi,imf,IMF,macro_economy,4,9,0,11,12.85,8.90161,-0.9166666666666666,negative,2004,20.39764,0.4364039173159248
2004-01-01,Adalet ve Kalkınma Partisi,inflation,Enflasyon,macro_economy,2,38,6,16,45.7,18.909485000000004,-0.43478260869565216,negative,2004,31.747175000000006,0.5956273274708694
2004-01-01,Cumhuriyet Halk Partisi,inflation,Enflasyon,macro_economy,2,16,0,5,17.75,12.837690000000002,-0.8333333333333334,negative,2004,31.747175000000006,0.40437267252913056
2004-01-01,Cumhuriyet Halk Partisi,interest,Faiz,macro_economy,1,1,0,1,1.35,0.675,-0.5,negative,2004,0.675,1.0
2004-01-01,Adalet ve Kalkınma Partisi,law_state,Hukuk Devleti,democratic_reform,6,17,1,9,20.5,10.47098,-0.7272727272727273,negative,2004,39.42361,0.26560175488749005
2004-01-01,Cumhuriyet Halk Partisi,law_state,Hukuk Devleti,democratic_reform,6,41,5,26,51.85,28.95263,-0.65625,negative,2004,39.42361,0.7343982451125101
2004-01-01,Adalet ve Kalkınma Partisi,reform,Reform,democratic_reform,1,6,0,2,6.7,4.46689,-0.6666666666666666,negative,2004,4.46689,1.0
2004-01-01,Adalet ve Kalkınma Partisi,security,Guvenlik,security_conflict,10,42,10,32,56.7,23.499879999999997,-0.5116279069767442,negative,2004,31.670769999999997,0.7420053254152015
2004-01-01,Cumhuriyet Halk Partisi,security,Guvenlik,security_conflict,8,10,1,14,15.25,8.17089,-0.8125,negative,2004,31.670769999999997,0.2579946745847986
2004-01-01,Adalet ve Kalkınma Partisi,constitution,Anayasa,constitutional_conflict,1,1,2,1,2.05,0.5125,0.25,positive,2004,11.310409999999997,0.04531223890203804
2004-01-01,Cumhuriyet Halk Partisi,constitution,Anayasa,constitutional_conflict,3,11,10,0,14.5,10.797909999999998,0.9090909090909091,positive,2004,11.310409999999997,0.954687761097962
2004-01-01,Adalet ve Kalkınma Partisi,democracy,Demokrasi,democratic_reform,4,9,11,0,12.850000000000001,9.50214,0.9166666666666666,positive,2004,36.655225,0.2592301643217304
2004-01-01,Cumhuriyet Halk Partisi,democracy,Demokrasi,democratic_reform,11,24,34,0,35.9,27.153085,0.9714285714285714,positive,2004,36.655225,0.7407698356782696
2004-01-01,Adalet ve Kalkınma Partisi,economy,Ekonomi,macro_economy,35,194,156,25,257.35,157.00940500000002,0.7197802197802198,positive,2004,272.55140500000005,0.576072631142738
2004-01-01,Anavatan Partisi,economy,Ekonomi,macro_economy,2,9,9,4,13.55,4.512589999999999,0.35714285714285715,positive,2004,272.55140500000005,0.01655683998400228
2004-01-01,Bağımsız,economy,Ekonomi,macro_economy,2,5,4,0,6.4,3.9624999999999995,0.8,positive,2004,272.55140500000005,0.014538541821129115
2004-01-01,Cumhuriyet Halk Partisi,economy,Ekonomi,macro_economy,27,148,104,19,191.05,107.06691000000001,0.6854838709677419,positive,2004,272.55140500000005,0.39283198705213057
2004-01-01,Adalet ve Kalkınma Partisi,european_union,Avrupa Birligi,democratic_reform,15,34,26,1,43.45,25.74598,0.8928571428571429,positive,2004,42.033345,0.6125132320542179
2004-01-01,Anavatan Partisi,european_union,Avrupa Birligi,democratic_reform,1,1,2,1,2.05,0.5125,0.25,positive,2004,42.033345,0.012192700818837996
2004-01-01,Bağımsız,european_union,Avrupa Birligi,democratic_reform,1,2,3,0,3.05,2.2874999999999996,0.75,positive,2004,42.033345,0.054421079264569586
2004-01-01,Cumhuriyet Halk Partisi,european_union,Avrupa Birligi,democratic_reform,6,15,13,0,19.55,13.487365,0.9285714285714286,positive,2004,42.033345,0.32087298786237456
2004-01-01,Adalet ve Kalkınma Partisi,imf,IMF,macro_economy,1,1,1,0,1.35,0.675,0.5,positive,2004,0.675,1.0
2004-01-01,Adalet ve Kalkınma Partisi,inflation,Enflasyon,macro_economy,2,6,3,0,7.050000000000001,4.30849,0.75,positive,2004,12.425155,0.3467554328296106
2004-01-01,Bağımsız,inflation,Enflasyon,macro_economy,1,1,1,0,1.35,0.675,0.5,positive,2004,12.425155,0.054325278034760935
2004-01-01,Cumhuriyet Halk Partisi,inflation,Enflasyon,macro_economy,4,8,9,0,11.15,7.441665,0.9,positive,2004,12.425155,0.5989192891356285
2004-01-01,Adalet ve Kalkınma Partisi,interest,Faiz,macro_economy,4,9,8,0,11.8,7.8164750000000005,0.8888888888888888,positive,2004,14.491475000000001,0.5393843621853538
2004-01-01,Bağımsız,interest,Faiz,macro_economy,1,1,1,0,1.35,0.675,0.5,positive,2004,14.491475000000001,0.046579109441930514
2004-01-01,Cumhuriyet Halk Partisi,interest,Faiz,macro_economy,3,6,7,0,8.45,6.0,0.875,positive,2004,14.491475000000001,0.41403652837271565
2004-01-01,Adalet ve Kalkınma Partisi,law_state,Hukuk Devleti,democratic_reform,9,33,26,0,42.1,29.663749999999997,0.9629629629629629,positive,2004,58.611689999999996,0.5061063757076446
2004-01-01,Cumhuriyet Halk Partisi,law_state,Hukuk Devleti,democratic_reform,6,47,34,10,62.4,28.94794,0.5333333333333333,positive,2004,58.611689999999996,0.49389362429235534
2004-01-01,Adalet ve Kalkınma Partisi,reform,Reform,democratic_reform,4,4,7,1,6.8,3.45428,0.6666666666666666,positive,2004,3.45428,1.0
2004-01-01,Adalet ve Kalkınma Partisi,security,Guvenlik,security_conflict,10,64,27,9,76.6,29.948145,0.4864864864864865,positive,2004,42.075025,0.7117796127275029
2004-01-01,Anavatan Partisi,security,Guvenlik,security_conflict,1,2,1,0,2.35,1.175,0.5,positive,2004,42.075025,0.027926305450798904
2004-01-01,Cumhuriyet Halk Partisi,security,Guvenlik,security_conflict,8,16,15,2,21.95,10.95188,0.7222222222222222,positive,2004,42.075025,0.2602940818216983
2004-01-01,Adalet ve Kalkınma Partisi,sovereignty,Egemenlik,security_conflict,1,1,1,0,1.35,0.675,0.5,positive,2004,0.675,1.0
2004-01-01,Adalet ve Kalkınma Partisi,constitution,Anayasa,constitutional_conflict,12,23,4,3,25.45,25.45,0.125,total,2004,59.05,0.43099068585944117
2004-01-01,Cumhuriyet Halk Partisi,constitution,Anayasa,constitutional_conflict,12,28,12,4,33.6,33.6,0.47058823529411764,total,2004,59.05,0.5690093141405589
2004-01-01,Adalet ve Kalkınma Partisi,democracy,Demokrasi,democratic_reform,13,21,11,3,25.9,25.9,0.5333333333333333,total,2004,96.44999999999999,0.2685329186106791
2004-01-01,Cumhuriyet Halk Partisi,democracy,Demokrasi,democratic_reform,23,52,42,11,70.55,70.55,0.5740740740740741,total,2004,96.44999999999999,0.7314670813893209
2004-01-01,Adalet ve Kalkınma Partisi,economy,Ekonomi,macro_economy,86,387,224,122,508.1,508.1,0.29394812680115273,total,2004,873.5,0.581682884945621
2004-01-01,Anavatan Partisi,economy,Ekonomi,macro_economy,3,10,10,5,15.25,15.25,0.3125,total,2004,873.5,0.017458500286204923
2004-01-01,Bağımsız,economy,Ekonomi,macro_economy,3,6,4,0,7.4,7.4,0.8,total,2004,873.5,0.008471665712650258
2004-01-01,Cumhuriyet Halk Partisi,economy,Ekonomi,macro_economy,67,278,127,58,342.75,342.75,0.3709677419354839,total,2004,873.5,0.39238694905552374
2004-01-01,Adalet ve Kalkınma Partisi,european_union,Avrupa Birligi,democratic_reform,26,47,26,4,57.5,57.5,0.7096774193548387,total,2004,102.25,0.5623471882640587
2004-01-01,Anavatan Partisi,european_union,Avrupa Birligi,democratic_reform,1,1,2,1,2.05,2.05,0.25,total,2004,102.25,0.02004889975550122
2004-01-01,Bağımsız,european_union,Avrupa Birligi,democratic_reform,1,2,3,0,3.05,3.05,0.75,total,2004,102.25,0.029828850855745718
2004-01-01,Cumhuriyet Halk Partisi,european_union,Avrupa Birligi,democratic_reform,13,33,16,3,39.65,39.65,0.65,total,2004,102.25,0.38777506112469434
2004-01-01,Adalet ve Kalkınma Partisi,imf,IMF,macro_economy,4,29,6,13,35.650000000000006,35.650000000000006,-0.35,total,2004,60.50000000000001,0.5892561983471075
2004-01-01,Cumhuriyet Halk Partisi,imf,IMF,macro_economy,9,21,0,11,24.85,24.85,-0.9166666666666666,total,2004,60.50000000000001,0.41074380165289254
2004-01-01,Adalet ve Kalkınma Partisi,inflation,Enflasyon,macro_economy,10,71,18,25,86.05,86.05,-0.1590909090909091,total,2004,129.04999999999998,0.6667958155753585
2004-01-01,Bağımsız,inflation,Enflasyon,macro_economy,1,1,1,0,1.35,1.35,0.5,total,2004,129.04999999999998,0.010461061604029449
2004-01-01,Cumhuriyet Halk Partisi,inflation,Enflasyon,macro_economy,11,35,11,8,41.65,41.65,0.15,total,2004,129.04999999999998,0.3227431228206122
2004-01-01,Adalet ve Kalkınma Partisi,interest,Faiz,macro_economy,10,19,14,5,25.65,25.65,0.45,total,2004,44.8,0.5725446428571429
2004-01-01,Bağımsız,interest,Faiz,macro_economy,1,1,1,0,1.35,1.35,0.5,total,2004,44.8,0.030133928571428575
2004-01-01,Cumhuriyet Halk Partisi,interest,Faiz,macro_economy,10,15,7,1,17.8,17.8,0.6666666666666666,total,2004,44.8,0.3973214285714286
2004-01-01,Adalet ve Kalkınma Partisi,law_state,Hukuk Devleti,democratic_reform,30,94,35,15,111.5,111.5,0.39215686274509803,total,2004,269.0,0.4144981412639405
2004-01-01,Cumhuriyet Halk Partisi,law_state,Hukuk Devleti,democratic_reform,24,126,47,43,157.5,157.5,0.04395604395604396,total,2004,269.0,0.5855018587360595
2004-01-01,Adalet ve Kalkınma Partisi,reform,Reform,democratic_reform,12,19,9,5,23.9,23.9,0.26666666666666666,total,2004,24.9,0.9598393574297188
2004-01-01,Cumhuriyet Halk Partisi,reform,Reform,democratic_reform,1,1,0,0,1.0,1.0,0.0,total,2004,24.9,0.040160642570281124
2004-01-01,Adalet ve Kalkınma Partisi,security,Guvenlik,security_conflict,34,129,38,42,157.0,157.0,-0.04938271604938271,total,2004,255.85,0.613640805159273
2004-01-01,Anavatan Partisi,security,Guvenlik,security_conflict,1,2,1,0,2.35,2.35,0.5,total,2004,255.85,0.009185069376587845
2004-01-01,Cumhuriyet Halk Partisi,security,Guvenlik,security_conflict,34,79,25,25,96.5,96.5,0.0,total,2004,255.85,0.37717412546413914
2004-01-01,Adalet ve Kalkınma Partisi,sovereignty,Egemenlik,security_conflict,2,2,1,0,2.35,2.35,0.5,total,2004,2.35,1.0
2004-02-01,Adalet ve Kalkınma Partisi,constitution,Anayasa,constitutional_conflict,5,20,0,18,26.3,18.61332,-0.9473684210526315,negative,2004,147.67935500000002,0.1260387411632452
2004-02-01,Anavatan Partisi,constitution,Anayasa,constitutional_conflict,1,6,0,9,9.15,8.235000000000001,-0.9,negative,2004,147.67935500000002,0.05576270291808899
2004-02-01,Bağımsız,constitution,Anayasa,constitutional_conflict,1,1,0,3,2.05,1.5374999999999999,-0.75,negative,2004,147.67935500000002,0.010411069306200584
2004-02-01,Cumhuriyet Halk Partisi,constitution,Anayasa,constitutional_conflict,32,153,3,75,180.3,119.293535,-0.9113924050632911,negative,2004,147.67935500000002,0.8077874866124651
2004-02-01,Adalet ve Kalkınma Partisi,democracy,Demokrasi,democratic_reform,3,5,1,5,7.1,3.07089,-0.5714285714285714,negative,2004,15.69206,0.1956970595320181
2004-02-01,Bağımsız,democracy,Demokrasi,democratic_reform,1,9,1,2,10.05,2.5125,-0.25,negative,2004,15.69206,0.16011282138865135
2004-02-01,Cumhuriyet Halk Partisi,democracy,Demokrasi,democratic_reform,8,13,0,11,16.85,10.10867,-0.9166666666666666,negative,2004,15.69206,0.6441901190793305
2004-02-01,Adalet ve Kalkınma Partisi,economy,Ekonomi,macro_economy,9,34,3,20,42.05,20.68278,-0.7083333333333334,negative,2004,99.755945,0.20733380852639913
2004-02-01,Anavatan Partisi,economy,Ekonomi,macro_economy,1,1,0,2,1.7,1.13339,-0.6666666666666666,negative,2004,99.755945,0.011361628622735216
2004-02-01,Cumhuriyet Halk Partisi,economy,Ekonomi,macro_economy,29,109,17,96,148.55,77.939775,-0.6929824561403509,negative,2004,99.755945,0.7813045628508657
2004-02-01,Cumhuriyet Halk Partisi,european_union,Avrupa Birligi,democratic_reform,1,3,1,3,4.4,1.7600000000000002,-0.4,negative,2004,1.7600000000000002,1.0
2004-02-01,Anavatan Partisi,imf,IMF,macro_economy,1,1,0,1,1.35,0.675,-0.5,negative,2004,9.487589999999999,0.07114557016059928
2004-02-01,Bağımsız,imf,IMF,macro_economy,1,1,0,1,1.35,0.675,-0.5,negative,2004,9.487589999999999,0.07114557016059928
2004-02-01,Cumhuriyet Halk Partisi,imf,IMF,macro_economy,8,10,0,11,13.850000000000001,8.13759,-0.9166666666666666,negative,2004,9.487589999999999,0.8577088596788015
2004-02-01,Cumhuriyet Halk Partisi,inflation,Enflasyon,macro_economy,1,1,1,2,2.05,0.5125,-0.25,negative,2004,0.5125,1.0
2004-02-01,Adalet ve Kalkınma Partisi,law_state,Hukuk Devleti,democratic_reform,9,40,0,23,48.05,34.45288,-0.9583333333333334,negative,2004,111.82225000000001,0.3081039775178911
2004-02-01,Anavatan Partisi,law_state,Hukuk Devleti,democratic_reform,2,12,0,7,14.45,9.76041,-0.875,negative,2004,111.82225000000001,0.08728504389779314
2004-02-01,Bağımsız,law_state,Hukuk Devleti,democratic_reform,2,7,0,4,8.4,5.4624999999999995,-0.8,negative,2004,111.82225000000001,0.048849848755502585
2004-02-01,Cumhuriyet Halk Partisi,law_state,Hukuk Devleti,democratic_reform,17,84,4,36,98.0,62.146460000000005,-0.7804878048780488,negative,2004,111.82225000000001,0.5557611298288131
2004-02-01,Adalet ve Kalkınma Partisi,reform,Reform,democratic_reform,5,10,0,6,12.100000000000001,6.33339,-0.8571428571428571,negative,2004,29.924,0.2116491779173907
2004-02-01,Anavatan Partisi,reform,Reform,democratic_reform,1,2,0,1,2.35,1.175,-0.5,negative,2004,29.924,0.03926614089025532
2004-02-01,Cumhuriyet Halk Partisi,reform,Reform,democratic_reform,12,28,1,23,36.4,22.41561,-0.88,negative,2004,29.924,0.749084681192354
2004-02-01,Adalet ve Kalkınma Partisi,security,Guvenlik,security_conflict,9,14,3,20,22.05,11.67253,-0.7083333333333334,negative,2004,50.543735,0.2309392054227888
2004-02-01,Anavatan Partisi,security,Guvenlik,security_conflict,1,1,0,2,1.7,1.13339,-0.6666666666666666,negative,2004,50.543735,0.02242394631105121
2004-02-01,Bağımsız,security,Guvenlik,security_conflict,3,4,0,5,5.75,3.60848,-0.8333333333333334,negative,2004,50.543735,0.07139322014884733
2004-02-01,Cumhuriyet Halk Partisi,security,Guvenlik,security_conflict,20,43,3,43,59.1,34.129335,-0.851063829787234,negative,2004,50.543735,0.6752436281173126
2004-02-01,Cumhuriyet Halk Partisi,sovereignty,Egemenlik,security_conflict,1,1,0,1,1.35,0.675,-0.5,negative,2004,0.675,1.0
2004-02-01,Adalet ve Kalkınma Partisi,tutelage,Vesayet,constitutional_conflict,8,24,0,39,37.65,31.51516,-0.975,negative,2004,54.949035,0.5735343668910655
2004-02-01,Bağımsız,tutelage,Vesayet,constitutional_conflict,1,1,0,1,1.35,0.675,-0.5,negative,2004,54.949035,0.012284110175911188
2004-02-01,Cumhuriyet Halk Partisi,tutelage,Vesayet,constitutional_conflict,10,23,3,31,34.9,22.758875,-0.8,negative,2004,54.949035,0.4141815229330233
2004-02-01,Adalet ve Kalkınma Partisi,constitution,Anayasa,constitutional_conflict,11,33,27,0,42.45,30.24449,0.9642857142857143,positive,2004,91.16524,0.33175462489870045
2004-02-01,Bağımsız,constitution,Anayasa,constitutional_conflict,2,3,2,0,3.7,1.85,0.6666666666666666,positive,2004,91.16524,0.020292822132646174
2004-02-01,Cumhuriyet Halk Partisi,constitution,Anayasa,constitutional_conflict,25,86,43,3,102.1,59.070750000000004,0.851063829787234,positive,2004,91.16524,0.6479525529686535
2004-02-01,Adalet ve Kalkınma Partisi,democracy,Demokrasi,democratic_reform,15,29,21,0,36.35,20.57116,0.9545454545454546,positive,2004,94.75455,0.21709944271805418
2004-02-01,Anavatan Partisi,democracy,Demokrasi,democratic_reform,2,5,6,0,7.1000000000000005,5.453390000000001,0.8571428571428571,positive,2004,94.75455,0.057552803532917425
2004-02-01,Cumhuriyet Halk Partisi,democracy,Demokrasi,democratic_reform,35,84,73,5,111.3,68.72999999999999,0.8607594936708861,positive,2004,94.75455,0.7253477537490284
2004-02-01,Adalet ve Kalkınma Partisi,economy,Ekonomi,macro_economy,23,72,56,5,93.35,57.030409999999996,0.8225806451612904,positive,2004,160.15149,0.3561028998231612
2004-02-01,Anavatan Partisi,economy,Ekonomi,macro_economy,1,6,2,1,7.05,1.7625,0.25,positive,2004,160.15149,0.011005205134213863
2004-02-01,Bağımsız,economy,Ekonomi,macro_economy,1,16,5,2,18.45,6.918749999999999,0.375,positive,2004,160.15149,0.04320128398430761
2004-02-01,Cumhuriyet Halk Partisi,economy,Ekonomi,macro_economy,33,122,95,11,159.1,94.43983,0.7850467289719626,positive,2004,160.15149,0.5896906110583173
2004-02-01,Adalet ve Kalkınma Partisi,european_union,Avrupa Birligi,democratic_reform,6,25,13,2,30.25,15.7825,0.6875,positive,2004,40.54575,0.38925164782992056
2004-02-01,Cumhuriyet Halk Partisi,european_union,Avrupa Birligi,democratic_reform,8,27,28,3,37.85,24.08825,0.78125,positive,2004,40.54575,0.5941004914201858
2004-02-01,Doğru Yol Partisi,european_union,Avrupa Birligi,democratic_reform,1,1,1,0,1.35,0.675,0.5,positive,2004,40.54575,0.01664786074989364
2004-02-01,Cumhuriyet Halk Partisi,imf,IMF,macro_economy,3,4,3,0,5.050000000000001,2.5250000000000004,0.75,positive,2004,2.5250000000000004,1.0
2004-02-01,Adalet ve Kalkınma Partisi,inflation,Enflasyon,macro_economy,1,1,1,0,1.35,0.675,0.5,positive,2004,0.675,1.0
2004-02-01,Adalet ve Kalkınma Partisi,interest,Faiz,macro_economy,2,4,3,0,5.050000000000001,3.1417900000000003,0.75,positive,2004,7.47929,0.420065273575433
2004-02-01,Bağımsız,interest,Faiz,macro_economy,1,2,3,0,3.05,2.2874999999999996,0.75,positive,2004,7.47929,0.3058445387195843
2004-02-01,Cumhuriyet Halk Partisi,interest,Faiz,macro_economy,2,2,5,1,4.1,2.05,0.5714285714285714,positive,2004,7.47929,0.27409018770498267
2004-02-01,Adalet ve Kalkınma Partisi,law_state,Hukuk Devleti,democratic_reform,14,59,34,6,73.0,41.18388,0.6829268292682927,positive,2004,101.37611000000001,0.40624837548017967
2004-02-01,Cumhuriyet Halk Partisi,law_state,Hukuk Devleti,democratic_reform,24,78,50,2,96.2,60.19223,0.9056603773584906,positive,2004,101.37611000000001,0.5937516245198202
2004-02-01,Adalet ve Kalkınma Partisi,reform,Reform,democratic_reform,17,63,30,5,75.25,34.94528,0.6944444444444444,positive,2004,74.043215,0.47195789647977865
2004-02-01,Bağımsız,reform,Reform,democratic_reform,1,2,1,0,2.35,1.175,0.5,positive,2004,74.043215,0.015869111031983147
2004-02-01,Cumhuriyet Halk Partisi,reform,Reform,democratic_reform,17,52,35,3,65.3,37.922935,0.8205128205128205,positive,2004,74.043215,0.5121729924882381
2004-02-01,Adalet ve Kalkınma Partisi,security,Guvenlik,security_conflict,11,18,16,2,24.3,10.83759,0.7368421052631579,positive,2004,36.699715,0.29530447307288354
2004-02-01,Cumhuriyet Halk Partisi,security,Guvenlik,security_conflict,10,27,26,0,36.1,25.862125,0.9629629629629629,positive,2004,36.699715,0.7046955269271165
2004-02-01,Cumhuriyet Halk Partisi,sovereignty,Egemenlik,security_conflict,2,2,2,0,2.7,1.35,0.6666666666666666,positive,2004,1.35,1.0
2004-02-01,Adalet ve Kalkınma Partisi,constitution,Anayasa,constitutional_conflict,69,163,31,22,181.55,181.55,0.16666666666666666,total,2004,697.5,0.2602867383512545
2004-02-01,Anavatan Partisi,constitution,Anayasa,constitutional_conflict,4,9,0,9,12.15,12.15,-0.9,total,2004,697.5,0.01741935483870968
2004-02-01,Bağımsız,constitution,Anayasa,constitutional_conflict,5,7,2,3,8.75,8.75,-0.16666666666666666,total,2004,697.5,0.012544802867383513
2004-02-01,Cumhuriyet Halk Partisi,constitution,Anayasa,constitutional_conflict,143,445,54,89,495.05,495.05,-0.24305555555555555,total,2004,697.5,0.7097491039426523
2004-02-01,Adalet ve Kalkınma Partisi,democracy,Demokrasi,democratic_reform,39,61,23,6,71.15,71.15,0.5666666666666667,total,2004,302.5,0.23520661157024794
2004-02-01,Anavatan Partisi,democracy,Demokrasi,democratic_reform,3,6,7,1,8.8,8.8,0.6666666666666666,total,2004,302.5,0.029090909090909094
2004-02-01,Bağımsız,democracy,Demokrasi,democratic_reform,3,11,1,2,12.05,12.05,-0.25,total,2004,302.5,0.039834710743801655
2004-02-01,Cumhuriyet Halk Partisi,democracy,Demokrasi,democratic_reform,94,172,83,27,210.5,210.5,0.5045045045045045,total,2004,302.5,0.6958677685950413
2004-02-01,Adalet ve Kalkınma Partisi,economy,Ekonomi,macro_economy,83,225,86,53,273.65,273.65,0.2357142857142857,total,2004,767.95,0.35633830327495275
2004-02-01,Anavatan Partisi,economy,Ekonomi,macro_economy,3,9,2,3,10.75,10.75,-0.16666666666666666,total,2004,767.95,0.013998307181457125
2004-02-01,Bağımsız,economy,Ekonomi,macro_economy,2,21,5,2,23.45,23.45,0.375,total,2004,767.95,0.030535842177225075
2004-02-01,Cumhuriyet Halk Partisi,economy,Ekonomi,macro_economy,138,374,126,120,460.1,460.1,0.024291497975708502,total,2004,767.95,0.599127547366365
2004-02-01,Adalet ve Kalkınma Partisi,european_union,Avrupa Birligi,democratic_reform,18,56,28,17,71.75,71.75,0.2391304347826087,total,2004,134.05,0.5352480417754569
2004-02-01,Anavatan Partisi,european_union,Avrupa Birligi,democratic_reform,2,2,0,0,2.0,2.0,0.0,total,2004,134.05,0.014919806042521445
2004-02-01,Cumhuriyet Halk Partisi,european_union,Avrupa Birligi,democratic_reform,22,46,30,7,58.95,58.95,0.6052631578947368,total,2004,134.05,0.43976128310331963
2004-02-01,Doğru Yol Partisi,european_union,Avrupa Birligi,democratic_reform,1,1,1,0,1.35,1.35,0.5,total,2004,134.05,0.010070869078701977
2004-02-01,Adalet ve Kalkınma Partisi,imf,IMF,macro_economy,4,5,0,0,5.0,5.0,0.0,total,2004,60.300000000000004,0.08291873963515754
2004-02-01,Anavatan Partisi,imf,IMF,macro_economy,1,1,0,1,1.35,1.35,-0.5,total,2004,60.300000000000004,0.022388059701492536
2004-02-01,Bağımsız,imf,IMF,macro_economy,1,1,0,1,1.35,1.35,-0.5,total,2004,60.300000000000004,0.022388059701492536
2004-02-01,Cumhuriyet Halk Partisi,imf,IMF,macro_economy,36,47,4,12,52.6,52.6,-0.47058823529411764,total,2004,60.300000000000004,0.8723051409618573
2004-02-01,Adalet ve Kalkınma Partisi,inflation,Enflasyon,macro_economy,3,3,1,0,3.35,3.35,0.5,total,2004,9.4,0.35638297872340424
2004-02-01,Cumhuriyet Halk Partisi,inflation,Enflasyon,macro_economy,3,5,1,2,6.05,6.05,-0.25,total,2004,9.4,0.6436170212765957
2004-02-01,Adalet ve Kalkınma Partisi,interest,Faiz,macro_economy,5,14,4,1,15.75,15.75,0.5,total,2004,30.9,0.5097087378640777
2004-02-01,Bağımsız,interest,Faiz,macro_economy,1,2,3,0,3.05,3.05,0.75,total,2004,30.9,0.09870550161812297
2004-02-01,Cumhuriyet Halk Partisi,interest,Faiz,macro_economy,6,10,5,1,12.1,12.1,0.5714285714285714,total,2004,30.9,0.39158576051779936
2004-02-01,Adalet ve Kalkınma Partisi,law_state,Hukuk Devleti,democratic_reform,69,176,37,32,200.15,200.15,0.07142857142857142,total,2004,573.4,0.34905824904080923
2004-02-01,Anavatan Partisi,law_state,Hukuk Devleti,democratic_reform,2,12,0,7,14.45,14.45,-0.875,total,2004,573.4,0.025200558074642485
2004-02-01,Bağımsız,law_state,Hukuk Devleti,democratic_reform,2,7,0,4,8.4,8.4,-0.8,total,2004,573.4,0.014649459365190095
2004-02-01,Cumhuriyet Halk Partisi,law_state,Hukuk Devleti,democratic_reform,114,313,60,44,349.4,349.4,0.1523809523809524,total,2004,573.4,0.6093477502615975
2004-02-01,Doğru Yol Partisi,law_state,Hukuk Devleti,democratic_reform,1,1,0,0,1.0,1.0,0.0,total,2004,573.4,0.0017439832577607255
2004-02-01,Adalet ve Kalkınma Partisi,reform,Reform,democratic_reform,70,136,32,13,151.75,151.75,0.41304347826086957,total,2004,342.9,0.44254884806065914
2004-02-01,Anavatan Partisi,reform,Reform,democratic_reform,5,8,0,1,8.35,8.35,-0.5,total,2004,342.9,0.024351122776319626
2004-02-01,Bağımsız,reform,Reform,democratic_reform,3,6,1,0,6.35,6.35,0.5,total,2004,342.9,0.018518518518518517
2004-02-01,Cumhuriyet Halk Partisi,reform,Reform,democratic_reform,70,153,39,28,176.45,176.45,0.16176470588235295,total,2004,342.9,0.5145815106445027
2004-02-01,Adalet ve Kalkınma Partisi,security,Guvenlik,security_conflict,39,65,22,26,81.8,81.8,-0.08163265306122448,total,2004,215.54999999999998,0.3794943168638367
2004-02-01,Anavatan Partisi,security,Guvenlik,security_conflict,2,5,0,2,5.7,5.7,-0.6666666666666666,total,2004,215.54999999999998,0.02644398051496173
2004-02-01,Bağımsız,security,Guvenlik,security_conflict,4,5,0,5,6.75,6.75,-0.8333333333333334,total,2004,215.54999999999998,0.031315240083507306
2004-02-01,Cumhuriyet Halk Partisi,security,Guvenlik,security_conflict,47,94,32,46,121.3,121.3,-0.17721518987341772,total,2004,215.54999999999998,0.5627464625376943
2004-02-01,Adalet ve Kalkınma Partisi,sovereignty,Egemenlik,security_conflict,1,1,0,0,1.0,1.0,0.0,total,2004,11.05,0.09049773755656108
2004-02-01,Bağımsız,sovereignty,Egemenlik,security_conflict,1,2,0,0,2.0,2.0,0.0,total,2004,11.05,0.18099547511312217
2004-02-01,Cumhuriyet Halk Partisi,sovereignty,Egemenlik,security_conflict,7,7,2,1,8.05,8.05,0.25,total,2004,11.05,0.7285067873303167
2004-02-01,Adalet ve Kalkınma Partisi,tutelage,Vesayet,constitutional_conflict,10,26,2,41,41.05,41.05,-0.8863636363636364,total,2004,79.0,0.519620253164557
2004-02-01,Bağımsız,tutelage,Vesayet,constitutional_conflict,1,1,0,1,1.35,1.35,-0.5,total,2004,79.0,0.01708860759493671
2004-02-01,Cumhuriyet Halk Partisi,tutelage,Vesayet,constitutional_conflict,11,24,4,32,36.6,36.6,-0.7567567567567568,total,2004,79.0,0.46329113924050636
2004-03-01,Adalet ve Kalkınma Partisi,constitution,Anayasa,constitutional_conflict,1,2,0,1,2.35,1.175,-0.5,negative,2004,2.5250000000000004,0.4653465346534653
2004-03-01,Cumhuriyet Halk Partisi,constitution,Anayasa,constitutional_conflict,2,2,0,2,2.7,1.35,-0.6666666666666666,negative,2004,2.5250000000000004,0.5346534653465346
2004-03-01,Cumhuriyet Halk Partisi,democracy,Demokrasi,democratic_reform,2,4,0,2,4.7,2.35,-0.6666666666666666,negative,2004,2.35,1.0
2004-03-01,Adalet ve Kalkınma Partisi,economy,Ekonomi,macro_economy,3,10,0,17,15.95,13.06442,-0.9444444444444444,negative,2004,26.69042,0.48947974591632504
2004-03-01,Anavatan Partisi,economy,Ekonomi,macro_economy,1,4,1,4,5.75,2.875,-0.5,negative,2004,26.69042,0.10771655148176762
2004-03-01,Cumhuriyet Halk Partisi,economy,Ekonomi,macro_economy,3,11,0,9,14.149999999999999,10.751,-0.9,negative,2004,26.69042,0.40280370260190734
2004-03-01,Adalet ve Kalkınma Partisi,european_union,Avrupa Birligi,democratic_reform,1,1,0,1,1.35,0.675,-0.5,negative,2004,0.675,1.0
2004-03-01,Cumhuriyet Halk Partisi,interest,Faiz,macro_economy,1,3,0,1,3.35,1.675,-0.5,negative,2004,1.675,1.0
2004-03-01,Cumhuriyet Halk Partisi,law_state,Hukuk Devleti,democratic_reform,3,6,1,5,8.100000000000001,3.6100000000000003,-0.5714285714285714,negative,2004,3.6100000000000003,1.0
2004-03-01,Adalet ve Kalkınma Partisi,security,Guvenlik,security_conflict,3,13,1,6,15.450000000000001,7.768490000000001,-0.625,negative,2004,21.38108,0.36333478009529924
2004-03-01,Anavatan Partisi,security,Guvenlik,security_conflict,1,1,1,2,2.05,0.5125,-0.25,negative,2004,21.38108,0.023969790113502216
2004-03-01,Cumhuriyet Halk Partisi,security,Guvenlik,security_conflict,3,19,1,7,21.8,13.100090000000002,-0.6666666666666666,negative,2004,21.38108,0.6126954297911986
2004-03-01,Adalet ve Kalkınma Partisi,constitution,Anayasa,constitutional_conflict,6,12,10,0,15.5,10.120090000000001,0.9090909090909091,positive,2004,19.86924,0.5093345291515932
2004-03-01,Anavatan Partisi,constitution,Anayasa,constitutional_conflict,1,1,1,0,1.35,0.675,0.5,positive,2004,19.86924,0.03397210965291073
2004-03-01,Cumhuriyet Halk Partisi,constitution,Anayasa,constitutional_conflict,3,10,12,2,14.9,9.07415,0.6666666666666666,positive,2004,19.86924,0.4566933611954961
2004-03-01,Adalet ve Kalkınma Partisi,democracy,Demokrasi,democratic_reform,6,16,11,0,19.849999999999998,12.400189999999998,0.9166666666666666,positive,2004,32.92363,0.3766349579314309
2004-03-01,Cumhuriyet Halk Partisi,democracy,Demokrasi,democratic_reform,3,18,23,2,26.75,20.52344,0.8076923076923077,positive,2004,32.92363,0.6233650420685689
2004-03-01,Adalet ve Kalkınma Partisi,economy,Ekonomi,macro_economy,10,30,30,4,41.9,23.95098,0.7428571428571429,positive,2004,37.313585,0.6418836463984899
2004-03-01,Anavatan Partisi,economy,Ekonomi,macro_economy,1,18,9,4,22.55,8.052605,0.35714285714285715,positive,2004,37.313585,0.2158089339311674
2004-03-01,Cumhuriyet Halk Partisi,economy,Ekonomi,macro_economy,3,10,5,1,12.1,5.3100000000000005,0.5714285714285714,positive,2004,37.313585,0.14230741967034258
2004-03-01,Adalet ve Kalkınma Partisi,european_union,Avrupa Birligi,democratic_reform,1,2,2,0,2.7,1.80009,0.6666666666666666,positive,2004,1.80009,1.0
2004-03-01,Adalet ve Kalkınma Partisi,law_state,Hukuk Devleti,democratic_reform,6,26,19,3,33.7,18.46409,0.6956521739130435,positive,2004,29.92409,0.6170309606741592
2004-03-01,Cumhuriyet Halk Partisi,law_state,Hukuk Devleti,democratic_reform,5,20,10,2,24.2,11.46,0.6153846153846154,positive,2004,29.92409,0.38296903932584087
2004-03-01,Adalet ve Kalkınma Partisi,reform,Reform,democratic_reform,1,1,1,0,1.35,0.675,0.5,positive,2004,1.80839,0.3732601927681529
2004-03-01,Cumhuriyet Halk Partisi,reform,Reform,democratic_reform,1,1,2,0,1.7,1.13339,0.6666666666666666,positive,2004,1.80839,0.6267398072318471
2004-03-01,Adalet ve Kalkınma Partisi,security,Guvenlik,security_conflict,3,3,3,0,4.050000000000001,2.0250000000000004,0.75,positive,2004,7.17509,0.2822264250343899
2004-03-01,Cumhuriyet Halk Partisi,security,Guvenlik,security_conflict,3,8,4,0,9.4,5.15009,0.8,positive,2004,7.17509,0.7177735749656101
2004-03-01,Cumhuriyet Halk Partisi,sovereignty,Egemenlik,security_conflict,1,1,2,0,1.7,1.13339,0.6666666666666666,positive,2004,1.13339,1.0
2004-03-01,Adalet ve Kalkınma Partisi,constitution,Anayasa,constitutional_conflict,11,18,10,1,21.85,21.85,0.75,total,2004,45.800000000000004,0.47707423580786024
2004-03-01,Anavatan Partisi,constitution,Anayasa,constitutional_conflict,1,1,1,0,1.35,1.35,0.5,total,2004,45.800000000000004,0.02947598253275109
2004-03-01,Cumhuriyet Halk Partisi,constitution,Anayasa,constitutional_conflict,8,17,12,4,22.6,22.6,0.47058823529411764,total,2004,45.800000000000004,0.49344978165938863
2004-03-01,Adalet ve Kalkınma Partisi,democracy,Demokrasi,democratic_reform,9,19,11,0,22.849999999999998,22.849999999999998,0.9166666666666666,total,2004,57.0,0.4008771929824561
2004-03-01,Cumhuriyet Halk Partisi,democracy,Demokrasi,democratic_reform,7,24,24,5,34.150000000000006,34.150000000000006,0.6333333333333333,total,2004,57.0,0.599122807017544
2004-03-01,Adalet ve Kalkınma Partisi,economy,Ekonomi,macro_economy,21,66,36,25,87.35,87.35,0.1774193548387097,total,2004,158.9,0.5497168030207678
2004-03-01,Anavatan Partisi,economy,Ekonomi,macro_economy,2,22,10,8,28.3,28.3,0.10526315789473684,total,2004,158.9,0.17809943360604152
2004-03-01,Cumhuriyet Halk Partisi,economy,Ekonomi,macro_economy,16,38,5,10,43.25,43.25,-0.3125,total,2004,158.9,0.27218376337319067
2004-03-01,Adalet ve Kalkınma Partisi,european_union,Avrupa Birligi,democratic_reform,4,5,2,1,6.050000000000001,6.050000000000001,0.25,total,2004,7.050000000000001,0.8581560283687943
2004-03-01,Cumhuriyet Halk Partisi,european_union,Avrupa Birligi,democratic_reform,1,1,0,0,1.0,1.0,0.0,total,2004,7.050000000000001,0.14184397163120566
2004-03-01,Cumhuriyet Halk Partisi,imf,IMF,macro_economy,2,5,0,0,5.0,5.0,0.0,total,2004,5.0,1.0
2004-03-01,Adalet ve Kalkınma Partisi,inflation,Enflasyon,macro_economy,5,14,2,3,15.75,15.75,-0.16666666666666666,total,2004,16.75,0.9402985074626866
2004-03-01,Cumhuriyet Halk Partisi,inflation,Enflasyon,macro_economy,1,1,0,0,1.0,1.0,0.0,total,2004,16.75,0.05970149253731343
2004-03-01,Adalet ve Kalkınma Partisi,interest,Faiz,macro_economy,1,1,0,0,1.0,1.0,0.0,total,2004,6.35,0.15748031496062992
2004-03-01,Cumhuriyet Halk Partisi,interest,Faiz,macro_economy,2,5,0,1,5.35,5.35,-0.5,total,2004,6.35,0.84251968503937
2004-03-01,Adalet ve Kalkınma Partisi,law_state,Hukuk Devleti,democratic_reform,10,31,19,3,38.7,38.7,0.6956521739130435,total,2004,98.0,0.3948979591836735
2004-03-01,Cumhuriyet Halk Partisi,law_state,Hukuk Devleti,democratic_reform,18,53,11,7,59.3,59.3,0.21052631578947367,total,2004,98.0,0.6051020408163265
2004-03-01,Adalet ve Kalkınma Partisi,reform,Reform,democratic_reform,4,4,1,0,4.35,4.35,0.5,total,2004,6.05,0.7190082644628099
2004-03-01,Cumhuriyet Halk Partisi,reform,Reform,democratic_reform,1,1,2,0,1.7,1.7,0.6666666666666666,total,2004,6.05,0.2809917355371901
2004-03-01,Adalet ve Kalkınma Partisi,security,Guvenlik,security_conflict,10,21,5,7,25.200000000000003,25.200000000000003,-0.15384615384615385,total,2004,64.45,0.3910007757951901
2004-03-01,Anavatan Partisi,security,Guvenlik,security_conflict,1,1,1,2,2.05,2.05,-0.25,total,2004,64.45,0.03180760279286268
2004-03-01,Cumhuriyet Halk Partisi,security,Guvenlik,security_conflict,9,33,5,7,37.2,37.2,-0.15384615384615385,total,2004,64.45,0.5771916214119472
2004-03-01,Cumhuriyet Halk Partisi,sovereignty,Egemenlik,security_conflict,1,1,2,0,1.7,1.7,0.6666666666666666,total,2004,1.7,1.0
2004-04-01,Adalet ve Kalkınma Partisi,constitution,Anayasa,constitutional_conflict,1,11,0,2,11.7,7.800389999999999,-0.6666666666666666,negative,2004,12.05789,0.6469116901879184
2004-04-01,Cumhuriyet Halk Partisi,constitution,Anayasa,constitutional_conflict,2,3,0,7,5.449999999999999,4.2575,-0.875,negative,2004,12.05789,0.35308830981208156
2004-04-01,Adalet ve Kalkınma Partisi,democracy,Demokrasi,democratic_reform,3,5,0,6,7.1000000000000005,4.870000000000001,-0.8571428571428571,negative,2004,8.22,0.5924574209245743
2004-04-01,Anavatan Partisi,democracy,Demokrasi,democratic_reform,1,4,0,1,4.35,2.175,-0.5,negative,2004,8.22,0.2645985401459854
2004-04-01,Cumhuriyet Halk Partisi,democracy,Demokrasi,democratic_reform,1,2,0,1,2.35,1.175,-0.5,negative,2004,8.22,0.14294403892944038
2004-04-01,Adalet ve Kalkınma Partisi,economy,Ekonomi,macro_economy,10,62,7,38,77.75,40.73415,-0.6739130434782609,negative,2004,96.84223,0.42062383321821484
2004-04-01,Anavatan Partisi,economy,Ekonomi,macro_economy,1,6,0,2,6.7,4.46689,-0.6666666666666666,negative,2004,96.84223,0.04612543515365146
2004-04-01,Cumhuriyet Halk Partisi,economy,Ekonomi,macro_economy,10,55,8,66,80.9,51.641189999999995,-0.7733333333333333,negative,2004,96.84223,0.5332507316281336
2004-04-01,Adalet ve Kalkınma Partisi,european_union,Avrupa Birligi,democratic_reform,2,6,0,5,7.75,5.504289999999999,-0.8333333333333334,negative,2004,11.269849999999998,0.48840845264133953
2004-04-01,Cumhuriyet Halk Partisi,european_union,Avrupa Birligi,democratic_reform,2,6,0,3,7.050000000000001,4.30849,-0.75,negative,2004,11.269849999999998,0.3823023376531188
2004-04-01,Doğru Yol Partisi,european_union,Avrupa Birligi,democratic_reform,1,3,2,4,5.1,1.4570699999999999,-0.2857142857142857,negative,2004,11.269849999999998,0.12928920970554178
2004-04-01,Cumhuriyet Halk Partisi,imf,IMF,macro_economy,1,1,0,1,1.35,0.675,-0.5,negative,2004,0.675,1.0
2004-04-01,Adalet ve Kalkınma Partisi,inflation,Enflasyon,macro_economy,2,2,0,3,3.05,1.80839,-0.75,negative,2004,2.48339,0.728194121744873
2004-04-01,Anavatan Partisi,inflation,Enflasyon,macro_economy,1,1,0,1,1.35,0.675,-0.5,negative,2004,2.48339,0.2718058782551271
2004-04-01,Adalet ve Kalkınma Partisi,interest,Faiz,macro_economy,1,1,0,1,1.35,0.675,-0.5,negative,2004,0.675,1.0
2004-04-01,Adalet ve Kalkınma Partisi,law_state,Hukuk Devleti,democratic_reform,4,9,0,7,11.45,7.77089,-0.875,negative,2004,47.74724500000001,0.16275054194226282
2004-04-01,Cumhuriyet Halk Partisi,law_state,Hukuk Devleti,democratic_reform,9,46,0,21,53.35,39.976355000000005,-0.9545454545454546,negative,2004,47.74724500000001,0.8372494580577371
2004-04-01,Adalet ve Kalkınma Partisi,reform,Reform,democratic_reform,1,1,0,1,1.35,0.675,-0.5,negative,2004,2.0250000000000004,0.3333333333333333
2004-04-01,Anavatan Partisi,reform,Reform,democratic_reform,1,1,0,1,1.35,0.675,-0.5,negative,2004,2.0250000000000004,0.3333333333333333
2004-04-01,Cumhuriyet Halk Partisi,reform,Reform,democratic_reform,1,1,0,1,1.35,0.675,-0.5,negative,2004,2.0250000000000004,0.3333333333333333
2004-04-01,Adalet ve Kalkınma Partisi,security,Guvenlik,security_conflict,10,21,3,24,30.45,16.783569999999997,-0.75,negative,2004,31.832129999999996,0.5272524961414772
2004-04-01,Anavatan Partisi,security,Guvenlik,security_conflict,1,1,0,2,1.7,1.13339,-0.6666666666666666,negative,2004,31.832129999999996,0.03560522026015853
2004-04-01,Cumhuriyet Halk Partisi,security,Guvenlik,security_conflict,11,16,3,24,25.45,13.91517,-0.75,negative,2004,31.832129999999996,0.4371422835983643
2004-04-01,Adalet ve Kalkınma Partisi,sovereignty,Egemenlik,security_conflict,1,1,1,2,2.05,0.5125,-0.25,negative,2004,0.5125,1.0
2004-04-01,Adalet ve Kalkınma Partisi,tutelage,Vesayet,constitutional_conflict,2,3,1,3,4.4,1.4375,-0.4,negative,2004,2.7975000000000003,0.5138516532618409
2004-04-01,Cumhuriyet Halk Partisi,tutelage,Vesayet,constitutional_conflict,1,2,1,3,3.4,1.36,-0.4,negative,2004,2.7975000000000003,0.48614834673815904
2004-04-01,Adalet ve Kalkınma Partisi,constitution,Anayasa,constitutional_conflict,7,46,16,2,52.3,30.41804,0.7368421052631579,positive,2004,39.013130000000004,0.7796872488826198
2004-04-01,Anavatan Partisi,constitution,Anayasa,constitutional_conflict,1,3,1,0,3.35,1.675,0.5,positive,2004,39.013130000000004,0.04293426341336878
2004-04-01,Cumhuriyet Halk Partisi,constitution,Anayasa,constitutional_conflict,2,7,6,0,9.100000000000001,6.920090000000001,0.8571428571428571,positive,2004,39.013130000000004,0.17737848770401146
2004-04-01,Adalet ve Kalkınma Partisi,democracy,Demokrasi,democratic_reform,3,4,4,0,5.4,3.15009,0.8,positive,2004,11.34188,0.2777396692611807
2004-04-01,Cumhuriyet Halk Partisi,democracy,Demokrasi,democratic_reform,4,10,8,1,13.15,8.19179,0.7,positive,2004,11.34188,0.7222603307388192
2004-04-01,Adalet ve Kalkınma Partisi,economy,Ekonomi,macro_economy,17,127,113,24,174.95,102.02664,0.644927536231884,positive,2004,133.854525,0.7622203283751521
2004-04-01,Anavatan Partisi,economy,Ekonomi,macro_economy,2,4,3,0,5.050000000000001,3.1417900000000003,0.75,positive,2004,133.854525,0.023471675686720345
2004-04-01,Cumhuriyet Halk Partisi,economy,Ekonomi,macro_economy,10,32,29,4,43.55,26.886004999999997,0.7352941176470589,positive,2004,133.854525,0.20085988874862465
2004-04-01,Doğru Yol Partisi,economy,Ekonomi,macro_economy,1,2,2,0,2.7,1.80009,0.6666666666666666,positive,2004,133.854525,0.013448107189502933
2004-04-01,Adalet ve Kalkınma Partisi,european_union,Avrupa Birligi,democratic_reform,4,31,12,1,35.55,22.25214,0.7857142857142857,positive,2004,33.21803,0.6698813867047504
2004-04-01,Anavatan Partisi,european_union,Avrupa Birligi,democratic_reform,1,3,2,1,4.05,1.0125,0.25,positive,2004,33.21803,0.03048043487226666
2004-04-01,Cumhuriyet Halk Partisi,european_union,Avrupa Birligi,democratic_reform,5,7,6,0,9.1,4.83339,0.8571428571428571,positive,2004,33.21803,0.14550501640223698
2004-04-01,Doğru Yol Partisi,european_union,Avrupa Birligi,democratic_reform,1,5,4,0,6.4,5.120000000000001,0.8,positive,2004,33.21803,0.154133162020746
2004-04-01,Cumhuriyet Halk Partisi,imf,IMF,macro_economy,1,1,1,0,1.35,0.675,0.5,positive,2004,0.675,1.0
2004-04-01,Adalet ve Kalkınma Partisi,inflation,Enflasyon,macro_economy,4,4,7,0,6.45,4.07517,0.875,positive,2004,5.25017,0.7761977231213466
2004-04-01,Cumhuriyet Halk Partisi,inflation,Enflasyon,macro_economy,1,2,1,0,2.35,1.175,0.5,positive,2004,5.25017,0.22380227687865348
2004-04-01,Adalet ve Kalkınma Partisi,interest,Faiz,macro_economy,6,9,7,0,11.45,6.00839,0.875,positive,2004,6.68339,0.8990033500962835
2004-04-01,Cumhuriyet Halk Partisi,interest,Faiz,macro_economy,1,1,1,0,1.35,0.675,0.5,positive,2004,6.68339,0.10099664990371653
2004-04-01,Adalet ve Kalkınma Partisi,law_state,Hukuk Devleti,democratic_reform,3,39,6,0,41.1,27.401369999999996,0.8571428571428571,positive,2004,65.79437999999999,0.41646976535077923
2004-04-01,Cumhuriyet Halk Partisi,law_state,Hukuk Devleti,democratic_reform,9,52,28,3,62.85,38.39301,0.78125,positive,2004,65.79437999999999,0.5835302346492208
2004-04-01,Adalet ve Kalkınma Partisi,reform,Reform,democratic_reform,4,14,11,2,18.55,9.455645,0.6428571428571429,positive,2004,10.630645000000001,0.8894704883852296
2004-04-01,Anavatan Partisi,reform,Reform,democratic_reform,1,2,1,0,2.35,1.175,0.5,positive,2004,10.630645000000001,0.11052951161477031
2004-04-01,Adalet ve Kalkınma Partisi,security,Guvenlik,security_conflict,6,10,6,0,12.100000000000001,6.050000000000001,0.8571428571428571,positive,2004,22.05366,0.2743308820395345
2004-04-01,Cumhuriyet Halk Partisi,security,Guvenlik,security_conflict,5,18,19,6,26.75,12.328660000000001,0.5,positive,2004,22.05366,0.5590301111017401
2004-04-01,Doğru Yol Partisi,security,Guvenlik,security_conflict,1,7,1,0,7.35,3.675,0.5,positive,2004,22.05366,0.16663900685872549
2004-04-01,Adalet ve Kalkınma Partisi,sovereignty,Egemenlik,security_conflict,1,3,1,0,3.35,1.675,0.5,positive,2004,3.47509,0.4820019049866335
2004-04-01,Cumhuriyet Halk Partisi,sovereignty,Egemenlik,security_conflict,1,2,2,0,2.7,1.80009,0.6666666666666666,positive,2004,3.47509,0.5179980950133666
2004-04-01,Adalet ve Kalkınma Partisi,constitution,Anayasa,constitutional_conflict,20,83,17,5,90.7,90.7,0.5217391304347826,total,2004,171.45000000000002,0.5290172061825604
2004-04-01,Anavatan Partisi,constitution,Anayasa,constitutional_conflict,1,3,1,0,3.35,3.35,0.5,total,2004,171.45000000000002,0.01953922426363371
2004-04-01,Cumhuriyet Halk Partisi,constitution,Anayasa,constitutional_conflict,13,67,11,13,75.4,75.4,-0.08,total,2004,171.45000000000002,0.43977836103820356
2004-04-01,Doğru Yol Partisi,constitution,Anayasa,constitutional_conflict,2,2,0,0,2.0,2.0,0.0,total,2004,171.45000000000002,0.011665208515602215
2004-04-01,Adalet ve Kalkınma Partisi,democracy,Demokrasi,democratic_reform,10,15,4,6,18.5,18.5,-0.18181818181818182,total,2004,50.35,0.3674280039721946
2004-04-01,Anavatan Partisi,democracy,Demokrasi,democratic_reform,1,4,0,1,4.35,4.35,-0.5,total,2004,50.35,0.08639523336643494
2004-04-01,Cumhuriyet Halk Partisi,democracy,Demokrasi,democratic_reform,8,20,8,2,23.5,23.5,0.5454545454545454,total,2004,50.35,0.4667328699106256
2004-04-01,Doğru Yol Partisi,democracy,Demokrasi,democratic_reform,3,4,0,0,4.0,4.0,0.0,total,2004,50.35,0.07944389275074479
2004-04-01,Adalet ve Kalkınma Partisi,economy,Ekonomi,macro_economy,49,267,140,81,344.35,344.35,0.26576576576576577,total,2004,542.2,0.6350977499077831
2004-04-01,Anavatan Partisi,economy,Ekonomi,macro_economy,4,11,3,2,12.75,12.75,0.16666666666666666,total,2004,542.2,0.02351530800442641
2004-04-01,Cumhuriyet Halk Partisi,economy,Ekonomi,macro_economy,36,130,54,90,180.4,180.4,-0.2482758620689655,total,2004,542.2,0.33271855403909995
2004-04-01,Doğru Yol Partisi,economy,Ekonomi,macro_economy,2,4,2,0,4.7,4.7,0.6666666666666666,total,2004,542.2,0.00866838804869052
2004-04-01,Adalet ve Kalkınma Partisi,european_union,Avrupa Birligi,democratic_reform,15,53,14,8,60.7,60.7,0.2608695652173913,total,2004,98.4,0.616869918699187
2004-04-01,Anavatan Partisi,european_union,Avrupa Birligi,democratic_reform,2,4,2,1,5.05,5.05,0.25,total,2004,98.4,0.05132113821138211
2004-04-01,Cumhuriyet Halk Partisi,european_union,Avrupa Birligi,democratic_reform,9,16,6,3,19.15,19.15,0.3,total,2004,98.4,0.19461382113821135
2004-04-01,Doğru Yol Partisi,european_union,Avrupa Birligi,democratic_reform,4,10,6,4,13.5,13.5,0.18181818181818182,total,2004,98.4,0.1371951219512195
2004-04-01,Cumhuriyet Halk Partisi,imf,IMF,macro_economy,4,4,4,3,6.45,6.45,0.125,total,2004,6.45,1.0
2004-04-01,Adalet ve Kalkınma Partisi,inflation,Enflasyon,macro_economy,8,9,7,3,12.5,12.5,0.36363636363636365,total,2004,17.2,0.7267441860465117
2004-04-01,Anavatan Partisi,inflation,Enflasyon,macro_economy,1,1,0,1,1.35,1.35,-0.5,total,2004,17.2,0.07848837209302327
2004-04-01,Cumhuriyet Halk Partisi,inflation,Enflasyon,macro_economy,2,3,1,0,3.35,3.35,0.5,total,2004,17.2,0.19476744186046513
2004-04-01,Adalet ve Kalkınma Partisi,interest,Faiz,macro_economy,9,12,7,1,14.8,14.8,0.6666666666666666,total,2004,18.150000000000002,0.815426997245179
2004-04-01,Cumhuriyet Halk Partisi,interest,Faiz,macro_economy,3,3,1,0,3.35,3.35,0.5,total,2004,18.150000000000002,0.18457300275482091
2004-04-01,Adalet ve Kalkınma Partisi,law_state,Hukuk Devleti,democratic_reform,22,88,16,14,98.5,98.5,0.06451612903225806,total,2004,234.1,0.42076035882101664
2004-04-01,Anavatan Partisi,law_state,Hukuk Devleti,democratic_reform,1,1,0,0,1.0,1.0,0.0,total,2004,234.1,0.004271678769756515
2004-04-01,Cumhuriyet Halk Partisi,law_state,Hukuk Devleti,democratic_reform,27,110,30,26,129.6,129.6,0.07017543859649122,total,2004,234.1,0.5536095685604443
2004-04-01,Doğru Yol Partisi,law_state,Hukuk Devleti,democratic_reform,3,5,0,0,5.0,5.0,0.0,total,2004,234.1,0.021358393848782572
2004-04-01,Adalet ve Kalkınma Partisi,reform,Reform,democratic_reform,14,33,13,5,39.3,39.3,0.42105263157894735,total,2004,49.349999999999994,0.7963525835866262
2004-04-01,Anavatan Partisi,reform,Reform,democratic_reform,2,3,1,1,3.7,3.7,0.0,total,2004,49.349999999999994,0.07497467071935159
2004-04-01,Cumhuriyet Halk Partisi,reform,Reform,democratic_reform,5,6,0,1,6.35,6.35,-0.5,total,2004,49.349999999999994,0.1286727456940223
2004-04-01,Adalet ve Kalkınma Partisi,security,Guvenlik,security_conflict,23,47,12,26,60.3,60.3,-0.358974358974359,total,2004,155.75,0.3871589085072231
2004-04-01,Anavatan Partisi,security,Guvenlik,security_conflict,2,2,0,2,2.7,2.7,-0.6666666666666666,total,2004,155.75,0.017335473515248796
2004-04-01,Cumhuriyet Halk Partisi,security,Guvenlik,security_conflict,24,61,27,37,83.4,83.4,-0.15384615384615385,total,2004,155.75,0.5354735152487962
2004-04-01,Doğru Yol Partisi,security,Guvenlik,security_conflict,2,9,1,0,9.35,9.35,0.5,total,2004,155.75,0.06003210272873194
2004-04-01,Adalet ve Kalkınma Partisi,sovereignty,Egemenlik,security_conflict,4,9,2,2,10.4,10.4,0.0,total,2004,21.1,0.4928909952606635
2004-04-01,Anavatan Partisi,sovereignty,Egemenlik,security_conflict,1,2,0,0,2.0,2.0,0.0,total,2004,21.1,0.0947867298578199
2004-04-01,Cumhuriyet Halk Partisi,sovereignty,Egemenlik,security_conflict,4,8,2,0,8.7,8.7,0.6666666666666666,total,2004,21.1,0.4123222748815165
2004-04-01,Adalet ve Kalkınma Partisi,tutelage,Vesayet,constitutional_conflict,2,3,1,3,4.4,4.4,-0.4,total,2004,7.800000000000001,0.5641025641025641
2004-04-01,Cumhuriyet Halk Partisi,tutelage,Vesayet,constitutional_conflict,1,2,1,3,3.4,3.4,-0.4,total,2004,7.800000000000001,0.43589743589743585
2004-05-01,Adalet ve Kalkınma Partisi,constitution,Anayasa,constitutional_conflict,4,27,0,4,28.400000000000002,14.200000000000001,-0.8,negative,2004,62.36986,0.2276740720598058
2004-05-01,Cumhuriyet Halk Partisi,constitution,Anayasa,constitutional_conflict,17,76,3,31,87.9,48.16986,-0.8,negative,2004,62.36986,0.7723259279401942
2004-05-01,Adalet ve Kalkınma Partisi,democracy,Demokrasi,democratic_reform,3,4,0,5,5.75,3.60848,-0.8333333333333334,negative,2004,30.60724,0.11789628859054263
2004-05-01,Anavatan Partisi,democracy,Demokrasi,democratic_reform,1,2,0,1,2.35,1.175,-0.5,negative,2004,30.60724,0.038389609778601404
2004-05-01,Cumhuriyet Halk Partisi,democracy,Demokrasi,democratic_reform,13,35,1,26,44.45,25.14876,-0.8928571428571429,negative,2004,30.60724,0.8216604960133616
2004-05-01,Doğru Yol Partisi,democracy,Demokrasi,democratic_reform,1,1,0,1,1.35,0.675,-0.5,negative,2004,30.60724,0.022053605617494424
2004-05-01,Adalet ve Kalkınma Partisi,economy,Ekonomi,macro_economy,6,21,1,14,26.25,16.06188,-0.8125,negative,2004,47.97342,0.3348078998745555
2004-05-01,Cumhuriyet Halk Partisi,economy,Ekonomi,macro_economy,15,45,3,34,57.949999999999996,31.91154,-0.8157894736842105,negative,2004,47.97342,0.6651921001254445
2004-05-01,Adalet ve Kalkınma Partisi,european_union,Avrupa Birligi,democratic_reform,2,7,0,2,7.699999999999999,3.8499999999999996,-0.6666666666666666,negative,2004,8.237499999999999,0.4673748103186647
2004-05-01,Cumhuriyet Halk Partisi,european_union,Avrupa Birligi,democratic_reform,3,6,0,5,7.75,4.387499999999999,-0.8333333333333334,negative,2004,8.237499999999999,0.5326251896813353
2004-05-01,Cumhuriyet Halk Partisi,imf,IMF,macro_economy,1,1,0,2,1.7,1.13339,-0.6666666666666666,negative,2004,1.13339,1.0
2004-05-01,Adalet ve Kalkınma Partisi,interest,Faiz,macro_economy,2,7,0,2,7.699999999999999,3.8499999999999996,-0.6666666666666666,negative,2004,6.375,0.6039215686274509
2004-05-01,Cumhuriyet Halk Partisi,interest,Faiz,macro_economy,3,4,0,3,5.050000000000001,2.5250000000000004,-0.75,negative,2004,6.375,0.39607843137254906
2004-05-01,Adalet ve Kalkınma Partisi,law_state,Hukuk Devleti,democratic_reform,13,30,3,22,38.75,16.8275,-0.7307692307692307,negative,2004,70.30842,0.2393383324500821
2004-05-01,Cumhuriyet Halk Partisi,law_state,Hukuk Devleti,democratic_reform,18,83,8,47,102.25,53.48092,-0.6964285714285714,negative,2004,70.30842,0.7606616675499179
2004-05-01,Adalet ve Kalkınma Partisi,reform,Reform,democratic_reform,2,7,0,2,7.699999999999999,3.8499999999999996,-0.6666666666666666,negative,2004,8.184999999999999,0.470372632864997
2004-05-01,Cumhuriyet Halk Partisi,reform,Reform,democratic_reform,2,6,2,7,9.15,4.335,-0.5,negative,2004,8.184999999999999,0.5296273671350031
2004-05-01,Adalet ve Kalkınma Partisi,security,Guvenlik,security_conflict,6,11,0,6,13.100000000000001,6.550000000000001,-0.8571428571428571,negative,2004,26.977210000000003,0.24279753169434495
2004-05-01,Cumhuriyet Halk Partisi,security,Guvenlik,security_conflict,12,31,6,27,42.550000000000004,20.427210000000002,-0.6176470588235294,negative,2004,26.977210000000003,0.7572024683056551
2004-05-01,Cumhuriyet Halk Partisi,sovereignty,Egemenlik,security_conflict,1,1,0,1,1.35,0.675,-0.5,negative,2004,0.675,1.0
2004-05-01,Cumhuriyet Halk Partisi,tutelage,Vesayet,constitutional_conflict,1,1,0,1,1.35,0.675,-0.5,negative,2004,0.675,1.0
2004-05-01,Adalet ve Kalkınma Partisi,constitution,Anayasa,constitutional_conflict,18,93,45,3,109.8,71.92727500000001,0.8571428571428571,positive,2004,172.492055,0.41698891580832526
2004-05-01,Anavatan Partisi,constitution,Anayasa,constitutional_conflict,1,2,2,1,3.05,0.7625,0.25,positive,2004,172.492055,0.004420493454031839
2004-05-01,Cumhuriyet Halk Partisi,constitution,Anayasa,constitutional_conflict,18,146,43,4,162.45,99.80228,0.8125,positive,2004,172.492055,0.578590590737643
2004-05-01,Adalet ve Kalkınma Partisi,democracy,Demokrasi,democratic_reform,12,43,35,4,56.65,35.075255,0.775,positive,2004,98.718475,0.3553058837264251
2004-05-01,Anavatan Partisi,democracy,Demokrasi,democratic_reform,1,3,3,1,4.4,1.7600000000000002,0.4,positive,2004,98.718475,0.017828476381953836
2004-05-01,Cumhuriyet Halk Partisi,democracy,Demokrasi,democratic_reform,26,94,61,11,119.2,61.883219999999994,0.684931506849315,positive,2004,98.718475,0.626865639891621
2004-05-01,Adalet ve Kalkınma Partisi,economy,Ekonomi,macro_economy,30,125,75,7,153.70000000000002,92.19362000000001,0.8192771084337349,positive,2004,151.967905,0.6066650718123673
2004-05-01,Bağımsız,economy,Ekonomi,macro_economy,1,4,4,2,6.1,1.74277,0.2857142857142857,positive,2004,151.967905,0.011468013591422478
2004-05-01,Cumhuriyet Halk Partisi,economy,Ekonomi,macro_economy,26,84,67,12,111.65,58.031515,0.6875,positive,2004,151.967905,0.3818669145962103
2004-05-01,Adalet ve Kalkınma Partisi,european_union,Avrupa Birligi,democratic_reform,9,24,22,0,31.700000000000003,23.397914999999998,0.9565217391304348,positive,2004,99.42672499999999,0.23532822789848504
2004-05-01,Bağımsız,european_union,Avrupa Birligi,democratic_reform,1,1,1,0,1.35,0.675,0.5,positive,2004,99.42672499999999,0.006788919176408557
2004-05-01,Cumhuriyet Halk Partisi,european_union,Avrupa Birligi,democratic_reform,22,83,67,5,108.19999999999999,75.35381,0.8493150684931506,positive,2004,99.42672499999999,0.7578828529251065
2004-05-01,Adalet ve Kalkınma Partisi,interest,Faiz,macro_economy,2,6,6,0,8.1,6.299775,0.8571428571428571,positive,2004,6.8122750000000005,0.9247681574804305
2004-05-01,Cumhuriyet Halk Partisi,interest,Faiz,macro_economy,1,1,2,1,2.05,0.5125,0.25,positive,2004,6.8122750000000005,0.07523184251956944
2004-05-01,Adalet ve Kalkınma Partisi,law_state,Hukuk Devleti,democratic_reform,14,70,46,7,88.55,50.249835000000004,0.7222222222222222,positive,2004,199.91264999999999,0.25135895602404357
2004-05-01,Cumhuriyet Halk Partisi,law_state,Hukuk Devleti,democratic_reform,20,188,107,14,230.35,149.662815,0.7622950819672131,positive,2004,199.91264999999999,0.7486410439759565
2004-05-01,Adalet ve Kalkınma Partisi,reform,Reform,democratic_reform,7,16,7,0,18.45,9.225,0.875,positive,2004,20.158389999999997,0.45762583222172015
2004-05-01,Bağımsız,reform,Reform,democratic_reform,1,2,3,0,3.05,2.2874999999999996,0.75,positive,2004,20.158389999999997,0.11347632425010132
2004-05-01,Cumhuriyet Halk Partisi,reform,Reform,democratic_reform,5,11,11,1,15.2,8.64589,0.7692307692307693,positive,2004,20.158389999999997,0.4288978435281786
2004-05-01,Adalet ve Kalkınma Partisi,security,Guvenlik,security_conflict,9,39,23,5,48.8,23.071649999999998,0.6206896551724138,positive,2004,36.87479,0.6256754275753164
2004-05-01,Cumhuriyet Halk Partisi,security,Guvenlik,security_conflict,5,18,13,1,22.9,13.80314,0.8,positive,2004,36.87479,0.3743245724246837
2004-05-01,Adalet ve Kalkınma Partisi,constitution,Anayasa,constitutional_conflict,58,196,47,9,215.6,215.6,0.6666666666666666,total,2004,662.6,0.32538484757017805
2004-05-01,Anavatan Partisi,constitution,Anayasa,constitutional_conflict,2,3,2,1,4.05,4.05,0.25,total,2004,662.6,0.0061122849381225475
2004-05-01,Cumhuriyet Halk Partisi,constitution,Anayasa,constitutional_conflict,93,402,65,52,442.95,442.95,0.11016949152542373,total,2004,662.6,0.6685028674916993
2004-05-01,Adalet ve Kalkınma Partisi,democracy,Demokrasi,democratic_reform,45,109,40,15,128.25,128.25,0.44642857142857145,total,2004,342.1,0.3748903829289681
2004-05-01,Anavatan Partisi,democracy,Demokrasi,democratic_reform,2,5,3,2,6.75,6.75,0.16666666666666666,total,2004,342.1,0.019731072785735163
2004-05-01,Cumhuriyet Halk Partisi,democracy,Demokrasi,democratic_reform,66,169,65,40,205.75,205.75,0.2358490566037736,total,2004,342.1,0.6014323297281496
2004-05-01,Doğru Yol Partisi,democracy,Demokrasi,democratic_reform,1,1,0,1,1.35,1.35,-0.5,total,2004,342.1,0.003946214557147033
2004-05-01,Adalet ve Kalkınma Partisi,economy,Ekonomi,macro_economy,68,210,86,30,250.6,250.6,0.47863247863247865,total,2004,544.75,0.4600275355667737
2004-05-01,Anavatan Partisi,economy,Ekonomi,macro_economy,2,5,0,0,5.0,5.0,0.0,total,2004,544.75,0.009178522257916476
2004-05-01,Bağımsız,economy,Ekonomi,macro_economy,1,4,4,2,6.1,6.1,0.2857142857142857,total,2004,544.75,0.0111977971546581
2004-05-01,Cumhuriyet Halk Partisi,economy,Ekonomi,macro_economy,94,233,85,58,283.05,283.05,0.1875,total,2004,544.75,0.5195961450206517
2004-05-01,Adalet ve Kalkınma Partisi,european_union,Avrupa Birligi,democratic_reform,23,47,24,4,56.8,56.8,0.6896551724137931,total,2004,194.8,0.2915811088295688
2004-05-01,Anavatan Partisi,european_union,Avrupa Birligi,democratic_reform,2,2,0,0,2.0,2.0,0.0,total,2004,194.8,0.01026694045174538
2004-05-01,Bağımsız,european_union,Avrupa Birligi,democratic_reform,1,1,1,0,1.35,1.35,0.5,total,2004,194.8,0.006930184804928132
2004-05-01,Cumhuriyet Halk Partisi,european_union,Avrupa Birligi,democratic_reform,43,107,68,11,134.65,134.65,0.7125,total,2004,194.8,0.6912217659137577
2004-05-01,Cumhuriyet Halk Partisi,imf,IMF,macro_economy,5,9,0,2,9.7,9.7,-0.6666666666666666,total,2004,9.7,1.0
2004-05-01,Adalet ve Kalkınma Partisi,inflation,Enflasyon,macro_economy,1,1,0,0,1.0,1.0,0.0,total,2004,3.0,0.3333333333333333
2004-05-01,Anavatan Partisi,inflation,Enflasyon,macro_economy,1,2,0,0,2.0,2.0,0.0,total,2004,3.0,0.6666666666666666
2004-05-01,Adalet ve Kalkınma Partisi,interest,Faiz,macro_economy,9,18,6,2,20.8,20.8,0.4444444444444444,total,2004,41.900000000000006,0.4964200477326968
2004-05-01,Cumhuriyet Halk Partisi,interest,Faiz,macro_economy,12,19,2,4,21.1,21.1,-0.2857142857142857,total,2004,41.900000000000006,0.5035799522673031
2004-05-01,Adalet ve Kalkınma Partisi,law_state,Hukuk Devleti,democratic_reform,55,149,50,30,177.0,177.0,0.24691358024691357,total,2004,693.95,0.2550616038619497
2004-05-01,Anavatan Partisi,law_state,Hukuk Devleti,democratic_reform,2,2,0,0,2.0,2.0,0.0,total,2004,693.95,0.0028820520210389796
2004-05-01,Bağımsız,law_state,Hukuk Devleti,democratic_reform,1,1,0,0,1.0,1.0,0.0,total,2004,693.95,0.0014410260105194898
2004-05-01,Cumhuriyet Halk Partisi,law_state,Hukuk Devleti,democratic_reform,92,424,154,103,513.95,513.95,0.19767441860465115,total,2004,693.95,0.7406153181064918
2004-05-01,Adalet ve Kalkınma Partisi,reform,Reform,democratic_reform,17,46,12,7,52.65,52.65,0.25,total,2004,108.45,0.4854771784232365
2004-05-01,Anavatan Partisi,reform,Reform,democratic_reform,1,1,0,0,1.0,1.0,0.0,total,2004,108.45,0.009220839096357769
2004-05-01,Bağımsız,reform,Reform,democratic_reform,1,2,3,0,3.05,3.05,0.75,total,2004,108.45,0.02812355924389119
2004-05-01,Cumhuriyet Halk Partisi,reform,Reform,democratic_reform,21,43,15,10,51.75,51.75,0.19230769230769232,total,2004,108.45,0.4771784232365145
2004-05-01,Adalet ve Kalkınma Partisi,security,Guvenlik,security_conflict,24,79,29,15,94.4,94.4,0.3111111111111111,total,2004,180.4,0.5232815964523282
2004-05-01,Cumhuriyet Halk Partisi,security,Guvenlik,security_conflict,24,65,26,34,86.0,86.0,-0.13114754098360656,total,2004,180.4,0.4767184035476718
2004-05-01,Adalet ve Kalkınma Partisi,sovereignty,Egemenlik,security_conflict,6,8,0,0,8.0,8.0,0.0,total,2004,20.05,0.399002493765586
2004-05-01,Cumhuriyet Halk Partisi,sovereignty,Egemenlik,security_conflict,10,11,1,2,12.05,12.05,-0.25,total,2004,20.05,0.600997506234414
2004-05-01,Cumhuriyet Halk Partisi,tutelage,Vesayet,constitutional_conflict,1,1,0,1,1.35,1.35,-0.5,total,2004,1.35,1.0
2004-06-01,Adalet ve Kalkınma Partisi,constitution,Anayasa,constitutional_conflict,4,17,2,7,20.15,7.26767,-0.5,negative,2004,80.24834499999999,0.09056473376491442
2004-06-01,Cumhuriyet Halk Partisi,constitution,Anayasa,constitutional_conflict,22,112,8,55,134.05,72.98067499999999,-0.734375,negative,2004,80.24834499999999,0.9094352662350856
2004-06-01,Adalet ve Kalkınma Partisi,democracy,Demokrasi,democratic_reform,1,2,0,1,2.35,1.175,-0.5,negative,2004,21.54542,0.054535952420514434
2004-06-01,Anavatan Partisi,democracy,Demokrasi,democratic_reform,1,1,0,1,1.35,0.675,-0.5,negative,2004,21.54542,0.031329164156465736
2004-06-01,Cumhuriyet Halk Partisi,democracy,Demokrasi,democratic_reform,9,30,6,25,40.85,19.69542,-0.59375,negative,2004,21.54542,0.9141348834230197
2004-06-01,Adalet ve Kalkınma Partisi,economy,Ekonomi,macro_economy,9,44,8,41,61.15,36.22073,-0.66,negative,2004,101.703225,0.35614141046166436
2004-06-01,Cumhuriyet Halk Partisi,economy,Ekonomi,macro_economy,25,79,9,72,107.35000000000001,65.482495,-0.7682926829268293,negative,2004,101.703225,0.6438585895383356
2004-06-01,Adalet ve Kalkınma Partisi,european_union,Avrupa Birligi,democratic_reform,2,5,0,3,6.050000000000001,3.47509,-0.75,negative,2004,7.35009,0.47279557121069266
2004-06-01,Cumhuriyet Halk Partisi,european_union,Avrupa Birligi,democratic_reform,5,6,0,5,7.75,3.875,-0.8333333333333334,negative,2004,7.35009,0.5272044287893074
2004-06-01,Adalet ve Kalkınma Partisi,imf,IMF,macro_economy,1,1,0,1,1.35,0.675,-0.5,negative,2004,25.644940000000002,0.02632098183891247
2004-06-01,Anavatan Partisi,imf,IMF,macro_economy,1,2,0,1,2.35,1.175,-0.5,negative,2004,25.644940000000002,0.04581800542329208
2004-06-01,Cumhuriyet Halk Partisi,imf,IMF,macro_economy,9,28,4,28,39.2,23.79494,-0.7272727272727273,negative,2004,25.644940000000002,0.9278610127377954
2004-06-01,Adalet ve Kalkınma Partisi,inflation,Enflasyon,macro_economy,1,5,0,1,5.35,2.675,-0.5,negative,2004,5.15009,0.5194083986881782
2004-06-01,Cumhuriyet Halk Partisi,inflation,Enflasyon,macro_economy,2,3,0,3,4.050000000000001,2.47509,-0.75,negative,2004,5.15009,0.4805916013118217
2004-06-01,Adalet ve Kalkınma Partisi,interest,Faiz,macro_economy,1,4,0,1,4.35,2.175,-0.5,negative,2004,21.65339,0.10044616570430771
2004-06-01,Cumhuriyet Halk Partisi,interest,Faiz,macro_economy,7,25,1,14,30.25,19.47839,-0.8125,negative,2004,21.65339,0.8995538342956922
2004-06-01,Adalet ve Kalkınma Partisi,law_state,Hukuk Devleti,democratic_reform,13,57,1,24,65.75,41.716745,-0.8846153846153846,negative,2004,160.42168,0.26004430947238555
2004-06-01,Anavatan Partisi,law_state,Hukuk Devleti,democratic_reform,1,5,1,2,6.05,1.5125,-0.25,negative,2004,160.42168,0.009428276776555387
2004-06-01,Cumhuriyet Halk Partisi,law_state,Hukuk Devleti,democratic_reform,31,159,14,95,197.15,112.725545,-0.7363636363636363,negative,2004,160.42168,0.7026827358995367
2004-06-01,Doğru Yol Partisi,law_state,Hukuk Devleti,democratic_reform,1,6,0,2,6.7,4.46689,-0.6666666666666666,negative,2004,160.42168,0.027844677851522313
2004-06-01,Adalet ve Kalkınma Partisi,reform,Reform,democratic_reform,1,1,0,1,1.35,0.675,-0.5,negative,2004,1.35,0.5
2004-06-01,Cumhuriyet Halk Partisi,reform,Reform,democratic_reform,1,1,0,1,1.35,0.675,-0.5,negative,2004,1.35,0.5
2004-06-01,Adalet ve Kalkınma Partisi,security,Guvenlik,security_conflict,11,60,5,33,73.3,35.14788,-0.717948717948718,negative,2004,61.88835,0.5679240115465997
2004-06-01,Cumhuriyet Halk Partisi,security,Guvenlik,security_conflict,13,45,7,34,59.35,26.740470000000002,-0.6428571428571429,negative,2004,61.88835,0.4320759884534004
2004-06-01,Cumhuriyet Halk Partisi,sovereignty,Egemenlik,security_conflict,2,5,0,3,6.050000000000001,3.80849,-0.75,negative,2004,3.80849,1.0
2004-06-01,Cumhuriyet Halk Partisi,tutelage,Vesayet,constitutional_conflict,4,7,0,10,10.5,7.400055,-0.9090909090909091,negative,2004,8.075055,0.9164092380794929
2004-06-01,Doğru Yol Partisi,tutelage,Vesayet,constitutional_conflict,1,1,0,1,1.35,0.675,-0.5,negative,2004,8.075055,0.08359076192050705
2004-06-01,Adalet ve Kalkınma Partisi,constitution,Anayasa,constitutional_conflict,15,81,27,0,90.45,58.599470000000004,0.9642857142857143,positive,2004,95.75076,0.6120000509656529
2004-06-01,Cumhuriyet Halk Partisi,constitution,Anayasa,constitutional_conflict,16,51,29,1,61.5,37.151289999999996,0.9032258064516129,positive,2004,95.75076,0.38799994903434704
2004-06-01,Adalet ve Kalkınma Partisi,democracy,Demokrasi,democratic_reform,14,43,39,0,56.65,40.167975,0.975,positive,2004,95.226845,0.4218135652819328
2004-06-01,Anavatan Partisi,democracy,Demokrasi,democratic_reform,2,2,2,0,2.7,1.35,0.6666666666666666,positive,2004,95.226845,0.014176674655135326
2004-06-01,Bağımsız,democracy,Demokrasi,democratic_reform,1,3,2,0,3.7,2.46679,0.6666666666666666,positive,2004,95.226845,0.025904355016697234
2004-06-01,Cumhuriyet Halk Partisi,democracy,Demokrasi,democratic_reform,16,79,55,11,102.10000000000001,51.24208,0.6567164179104478,positive,2004,95.226845,0.5381054050462346
2004-06-01,Adalet ve Kalkınma Partisi,economy,Ekonomi,macro_economy,31,132,129,8,179.95,126.773775,0.8768115942028986,positive,2004,321.94169500000004,0.39377867784413567
2004-06-01,Anavatan Partisi,economy,Ekonomi,macro_economy,4,11,9,0,14.15,9.66198,0.9,positive,2004,321.94169500000004,0.030011583308586352
2004-06-01,Bağımsız,economy,Ekonomi,macro_economy,1,3,1,0,3.35,1.675,0.5,positive,2004,321.94169500000004,0.00520280543344968
2004-06-01,Cumhuriyet Halk Partisi,economy,Ekonomi,macro_economy,45,210,163,14,271.95,181.15594000000002,0.8370786516853933,positive,2004,321.94169500000004,0.5626979754827967
2004-06-01,Doğru Yol Partisi,economy,Ekonomi,macro_economy,1,5,1,0,5.35,2.675,0.5,positive,2004,321.94169500000004,0.008308957931031579
2004-06-01,Adalet ve Kalkınma Partisi,european_union,Avrupa Birligi,democratic_reform,8,13,13,0,17.55,10.82848,0.9285714285714286,positive,2004,45.74687,0.2367042816262621
2004-06-01,Anavatan Partisi,european_union,Avrupa Birligi,democratic_reform,1,1,3,0,2.05,1.5374999999999999,0.75,positive,2004,45.74687,0.033608856737083866
2004-06-01,Cumhuriyet Halk Partisi,european_union,Avrupa Birligi,democratic_reform,22,44,44,5,61.15,33.38089,0.78,positive,2004,45.74687,0.7296868616366541
2004-06-01,Cumhuriyet Halk Partisi,imf,IMF,macro_economy,3,6,3,0,7.05,3.525,0.75,positive,2004,3.525,1.0
2004-06-01,Adalet ve Kalkınma Partisi,inflation,Enflasyon,macro_economy,1,2,3,1,3.4,1.36,0.4,positive,2004,4.66839,0.2913209907484165
2004-06-01,Cumhuriyet Halk Partisi,inflation,Enflasyon,macro_economy,2,5,3,0,6.05,3.3083899999999997,0.75,positive,2004,4.66839,0.7086790092515836
2004-06-01,Cumhuriyet Halk Partisi,interest,Faiz,macro_economy,6,26,24,4,35.8,21.184045,0.6896551724137931,positive,2004,21.184045,1.0
2004-06-01,Adalet ve Kalkınma Partisi,law_state,Hukuk Devleti,democratic_reform,18,158,67,6,183.54999999999998,122.40129,0.8243243243243243,positive,2004,252.29962500000002,0.4851425760145303
2004-06-01,Cumhuriyet Halk Partisi,law_state,Hukuk Devleti,democratic_reform,27,153,100,12,192.20000000000002,122.723335,0.7787610619469026,positive,2004,252.29962500000002,0.48641901469334325
2004-06-01,Doğru Yol Partisi,law_state,Hukuk Devleti,democratic_reform,1,14,1,0,14.35,7.175,0.5,positive,2004,252.29962500000002,0.028438409292126373
2004-06-01,Adalet ve Kalkınma Partisi,reform,Reform,democratic_reform,3,5,5,0,6.75,4.387499999999999,0.8333333333333334,positive,2004,12.626339999999999,0.34748787059432895
2004-06-01,Bağımsız,reform,Reform,democratic_reform,1,1,1,0,1.35,0.675,0.5,positive,2004,12.626339999999999,0.05345967239912754
2004-06-01,Cumhuriyet Halk Partisi,reform,Reform,democratic_reform,4,15,10,3,19.55,7.56384,0.5,positive,2004,12.626339999999999,0.5990524570065435
2004-06-01,Adalet ve Kalkınma Partisi,security,Guvenlik,security_conflict,7,88,31,6,100.95,52.589349999999996,0.6578947368421053,positive,2004,101.64918499999999,0.5173612557739642
2004-06-01,Cumhuriyet Halk Partisi,security,Guvenlik,security_conflict,8,87,26,5,97.85,49.059835,0.65625,positive,2004,101.64918499999999,0.4826387442260359
2004-06-01,Cumhuriyet Halk Partisi,sovereignty,Egemenlik,security_conflict,1,8,17,0,13.95,13.17438,0.9444444444444444,positive,2004,13.17438,1.0
2004-06-01,Adalet ve Kalkınma Partisi,constitution,Anayasa,constitutional_conflict,43,150,31,9,164.0,164.0,0.5365853658536586,total,2004,492.05,0.33329946143684586
2004-06-01,Cumhuriyet Halk Partisi,constitution,Anayasa,constitutional_conflict,90,290,42,61,326.05,326.05,-0.18269230769230768,total,2004,492.05,0.662635910984656
2004-06-01,Doğru Yol Partisi,constitution,Anayasa,constitutional_conflict,1,2,0,0,2.0,2.0,0.0,total,2004,492.05,0.00406462757849812
2004-06-01,Adalet ve Kalkınma Partisi,democracy,Demokrasi,democratic_reform,30,71,42,3,86.75,86.75,0.8478260869565217,total,2004,291.05,0.29805875279161653
2004-06-01,Anavatan Partisi,democracy,Demokrasi,democratic_reform,3,3,2,1,4.050000000000001,4.050000000000001,0.25,total,2004,291.05,0.013915134856553858
2004-06-01,Bağımsız,democracy,Demokrasi,democratic_reform,1,3,2,0,3.7,3.7,0.6666666666666666,total,2004,291.05,0.01271259233808624
2004-06-01,Cumhuriyet Halk Partisi,democracy,Demokrasi,democratic_reform,52,157,69,44,196.55,196.55,0.21929824561403508,total,2004,291.05,0.6753135200137433
2004-06-01,Adalet ve Kalkınma Partisi,economy,Ekonomi,macro_economy,62,219,149,61,292.5,292.5,0.41706161137440756,total,2004,937.4,0.31203328355024534
2004-06-01,Anavatan Partisi,economy,Ekonomi,macro_economy,6,18,9,0,21.15,21.15,0.9,total,2004,937.4,0.022562406656710048
2004-06-01,Bağımsız,economy,Ekonomi,macro_economy,1,3,1,0,3.35,3.35,0.5,total,2004,937.4,0.003573714529549819
2004-06-01,Cumhuriyet Halk Partisi,economy,Ekonomi,macro_economy,121,485,220,139,610.65,610.65,0.225,total,2004,937.4,0.6514294858118199
2004-06-01,Doğru Yol Partisi,economy,Ekonomi,macro_economy,3,8,3,2,9.75,9.75,0.16666666666666666,total,2004,937.4,0.010401109451674845
2004-06-01,Adalet ve Kalkınma Partisi,european_union,Avrupa Birligi,democratic_reform,18,32,14,4,38.300000000000004,38.300000000000004,0.5263157894736842,total,2004,131.65,0.2909229016331181
2004-06-01,Anavatan Partisi,european_union,Avrupa Birligi,democratic_reform,1,1,3,0,2.05,2.05,0.75,total,2004,131.65,0.015571591340676033
2004-06-01,Cumhuriyet Halk Partisi,european_union,Avrupa Birligi,democratic_reform,43,71,46,12,91.3,91.3,0.576271186440678,total,2004,131.65,0.6935055070262058
2004-06-01,Adalet ve Kalkınma Partisi,imf,IMF,macro_economy,3,3,0,1,3.35,3.35,-0.5,total,2004,63.65,0.052631578947368425
2004-06-01,Anavatan Partisi,imf,IMF,macro_economy,2,3,0,1,3.35,3.35,-0.5,total,2004,63.65,0.052631578947368425
2004-06-01,Bağımsız,imf,IMF,macro_economy,1,2,1,1,2.7,2.7,0.0,total,2004,63.65,0.042419481539670074
2004-06-01,Cumhuriyet Halk Partisi,imf,IMF,macro_economy,20,42,7,28,54.25,54.25,-0.5833333333333334,total,2004,63.65,0.8523173605655932
2004-06-01,Adalet ve Kalkınma Partisi,inflation,Enflasyon,macro_economy,3,11,3,2,12.75,12.75,0.16666666666666666,total,2004,28.85,0.44194107452339687
2004-06-01,Cumhuriyet Halk Partisi,inflation,Enflasyon,macro_economy,9,14,3,3,16.1,16.1,0.0,total,2004,28.85,0.5580589254766032
2004-06-01,Adalet ve Kalkınma Partisi,interest,Faiz,macro_economy,8,16,0,1,16.35,16.35,-0.5,total,2004,108.4,0.15083025830258304
2004-06-01,Anavatan Partisi,interest,Faiz,macro_economy,1,5,0,0,5.0,5.0,0.0,total,2004,108.4,0.046125461254612546
2004-06-01,Cumhuriyet Halk Partisi,interest,Faiz,macro_economy,26,72,25,18,87.05,87.05,0.1590909090909091,total,2004,108.4,0.8030442804428044
2004-06-01,Adalet ve Kalkınma Partisi,law_state,Hukuk Devleti,democratic_reform,63,293,70,32,328.7,328.7,0.36893203883495146,total,2004,1052.6,0.31227436823104693
2004-06-01,Anavatan Partisi,law_state,Hukuk Devleti,democratic_reform,2,6,1,2,7.05,7.05,-0.25,total,2004,1052.6,0.006697700931027931
2004-06-01,Cumhuriyet Halk Partisi,law_state,Hukuk Devleti,democratic_reform,125,571,165,163,685.8,685.8,0.0060790273556231,total,2004,1052.6,0.6515295458863766
2004-06-01,Doğru Yol Partisi,law_state,Hukuk Devleti,democratic_reform,4,30,1,2,31.05,31.05,-0.25,total,2004,1052.6,0.02949838495154855
2004-06-01,Adalet ve Kalkınma Partisi,reform,Reform,democratic_reform,9,16,6,2,18.8,18.8,0.4444444444444444,total,2004,56.75,0.3312775330396476
2004-06-01,Anavatan Partisi,reform,Reform,democratic_reform,1,1,0,0,1.0,1.0,0.0,total,2004,56.75,0.01762114537444934
2004-06-01,Bağımsız,reform,Reform,democratic_reform,1,1,1,0,1.35,1.35,0.5,total,2004,56.75,0.02378854625550661
2004-06-01,Cumhuriyet Halk Partisi,reform,Reform,democratic_reform,15,30,11,5,35.6,35.6,0.35294117647058826,total,2004,56.75,0.6273127753303965
2004-06-01,Adalet ve Kalkınma Partisi,security,Guvenlik,security_conflict,27,163,38,41,190.65,190.65,-0.0375,total,2004,396.35,0.48101425507758294
2004-06-01,Anavatan Partisi,security,Guvenlik,security_conflict,2,6,1,1,6.7,6.7,0.0,total,2004,396.35,0.016904251293049073
2004-06-01,Cumhuriyet Halk Partisi,security,Guvenlik,security_conflict,36,171,37,43,199.0,199.0,-0.07407407407407407,total,2004,396.35,0.5020814936293679
2004-06-01,Cumhuriyet Halk Partisi,sovereignty,Egemenlik,security_conflict,4,15,17,3,22.0,22.0,0.6666666666666666,total,2004,22.0,1.0
2004-06-01,Adalet ve Kalkınma Partisi,tutelage,Vesayet,constitutional_conflict,1,1,1,1,1.7,1.7,0.0,total,2004,15.250000000000002,0.11147540983606556
2004-06-01,Cumhuriyet Halk Partisi,tutelage,Vesayet,constitutional_conflict,5,8,1,11,12.200000000000001,12.200000000000001,-0.7692307692307693,total,2004,15.250000000000002,0.7999999999999999
2004-06-01,Doğru Yol Partisi,tutelage,Vesayet,constitutional_conflict,1,1,0,1,1.35,1.35,-0.5,total,2004,15.250000000000002,0.08852459016393442
2004-07-01,Adalet ve Kalkınma Partisi,constitution,Anayasa,constitutional_conflict,2,7,0,8,9.8,7.840000000000002,-0.8888888888888888,negative,2004,91.62411,0.08556699759484705
2004-07-01,Anavatan Partisi,constitution,Anayasa,constitutional_conflict,1,2,0,4,3.4,2.72,-0.8,negative,2004,91.62411,0.029686509369640807
2004-07-01,Cumhuriyet Halk Partisi,constitution,Anayasa,constitutional_conflict,19,85,2,47,102.15,62.91911,-0.9,negative,2004,91.62411,0.6867090987295812
2004-07-01,Doğru Yol Partisi,constitution,Anayasa,constitutional_conflict,3,20,0,10,23.5,18.145,-0.9090909090909091,negative,2004,91.62411,0.19803739430593104
2004-07-01,Cumhuriyet Halk Partisi,democracy,Demokrasi,democratic_reform,13,56,2,22,64.39999999999999,33.34937,-0.8,negative,2004,36.83696,0.9053236206245033
2004-07-01,Doğru Yol Partisi,democracy,Demokrasi,democratic_reform,3,6,1,5,8.1,3.48759,-0.5714285714285714,negative,2004,36.83696,0.09467637937549679
2004-07-01,Adalet ve Kalkınma Partisi,economy,Ekonomi,macro_economy,6,25,5,26,35.85,20.66825,-0.65625,negative,2004,128.79104,0.16047894325567988
2004-07-01,Anavatan Partisi,economy,Ekonomi,macro_economy,2,8,2,15,13.95,9.555265,-0.7222222222222222,negative,2004,128.79104,0.07419200124480708
2004-07-01,Cumhuriyet Halk Partisi,economy,Ekonomi,macro_economy,32,129,30,127,183.95,97.892525,-0.6139240506329114,negative,2004,128.79104,0.7600880076750681
2004-07-01,Doğru Yol Partisi,economy,Ekonomi,macro_economy,1,1,0,1,1.35,0.675,-0.5,negative,2004,128.79104,0.00524104782444493
2004-07-01,Adalet ve Kalkınma Partisi,european_union,Avrupa Birligi,democratic_reform,4,8,1,7,10.8,5.8999999999999995,-0.6666666666666666,negative,2004,9.424999999999999,0.6259946949602122
2004-07-01,Cumhuriyet Halk Partisi,european_union,Avrupa Birligi,democratic_reform,2,4,0,2,4.7,2.35,-0.6666666666666666,negative,2004,9.424999999999999,0.24933687002652524
2004-07-01,Doğru Yol Partisi,european_union,Avrupa Birligi,democratic_reform,1,2,0,1,2.35,1.175,-0.5,negative,2004,9.424999999999999,0.12466843501326262
2004-07-01,Adalet ve Kalkınma Partisi,imf,IMF,macro_economy,1,3,0,1,3.35,1.675,-0.5,negative,2004,6.6334800000000005,0.25250697974517144
2004-07-01,Anavatan Partisi,imf,IMF,macro_economy,1,1,0,1,1.35,0.675,-0.5,negative,2004,6.6334800000000005,0.10175654407641238
2004-07-01,Cumhuriyet Halk Partisi,imf,IMF,macro_economy,4,5,0,6,7.1,4.28348,-0.8571428571428571,negative,2004,6.6334800000000005,0.6457364761784161
2004-07-01,Cumhuriyet Halk Partisi,inflation,Enflasyon,macro_economy,2,2,0,3,3.05,1.80839,-0.75,negative,2004,1.80839,1.0
2004-07-01,Adalet ve Kalkınma Partisi,interest,Faiz,macro_economy,1,4,0,2,4.7,3.13349,-0.6666666666666666,negative,2004,9.29198,0.3372252200284546
2004-07-01,Cumhuriyet Halk Partisi,interest,Faiz,macro_economy,4,9,0,5,10.75,6.1584900000000005,-0.8333333333333334,negative,2004,9.29198,0.6627747799715453
2004-07-01,Adalet ve Kalkınma Partisi,law_state,Hukuk Devleti,democratic_reform,6,15,1,12,19.55,10.69928,-0.7857142857142857,negative,2004,129.285215,0.08275718147662903
2004-07-01,Anavatan Partisi,law_state,Hukuk Devleti,democratic_reform,1,3,0,6,5.1,4.37121,-0.8571428571428571,negative,2004,129.285215,0.03381059466080479
2004-07-01,Cumhuriyet Halk Partisi,law_state,Hukuk Devleti,democratic_reform,30,171,8,78,201.1,111.177225,-0.8045977011494253,negative,2004,129.285215,0.8599376579912871
2004-07-01,Doğru Yol Partisi,law_state,Hukuk Devleti,democratic_reform,1,3,0,3,4.05,3.0374999999999996,-0.75,negative,2004,129.285215,0.02349456587127925
2004-07-01,Adalet ve Kalkınma Partisi,reform,Reform,democratic_reform,1,2,0,1,2.35,1.175,-0.5,negative,2004,24.388060000000003,0.04817931397577339
2004-07-01,Cumhuriyet Halk Partisi,reform,Reform,democratic_reform,11,30,0,17,35.95,22.53806,-0.9444444444444444,negative,2004,24.388060000000003,0.9241432077828248
2004-07-01,Doğru Yol Partisi,reform,Reform,democratic_reform,1,1,0,1,1.35,0.675,-0.5,negative,2004,24.388060000000003,0.027677478241401734
2004-07-01,Adalet ve Kalkınma Partisi,security,Guvenlik,security_conflict,8,30,2,42,45.4,34.68178,-0.8888888888888888,negative,2004,96.873875,0.35800962849891166
2004-07-01,Anavatan Partisi,security,Guvenlik,security_conflict,2,19,5,20,27.75,15.244674999999999,-0.5769230769230769,negative,2004,96.873875,0.15736621457539507
2004-07-01,Cumhuriyet Halk Partisi,security,Guvenlik,security_conflict,19,56,7,47,74.9,42.77242,-0.7272727272727273,negative,2004,96.873875,0.4415268822476648
2004-07-01,Doğru Yol Partisi,security,Guvenlik,security_conflict,1,8,0,1,8.35,4.175,-0.5,negative,2004,96.873875,0.04309727467802852
2004-07-01,Adalet ve Kalkınma Partisi,tutelage,Vesayet,constitutional_conflict,4,6,0,11,9.85,7.194875000000001,-0.9166666666666666,negative,2004,75.12567,0.09577119245658641
2004-07-01,Anavatan Partisi,tutelage,Vesayet,constitutional_conflict,1,2,0,5,3.75,3.1248750000000003,-0.8333333333333334,negative,2004,75.12567,0.04159530291044326
2004-07-01,Cumhuriyet Halk Partisi,tutelage,Vesayet,constitutional_conflict,16,32,1,41,46.7,32.855045000000004,-0.9302325581395349,negative,2004,75.12567,0.43733446903035944
2004-07-01,Doğru Yol Partisi,tutelage,Vesayet,constitutional_conflict,9,28,1,37,41.3,31.950875,-0.9230769230769231,negative,2004,75.12567,0.42529903560261095
2004-07-01,Adalet ve Kalkınma Partisi,constitution,Anayasa,constitutional_conflict,10,32,25,0,40.75,28.976010000000002,0.9615384615384616,positive,2004,76.68905000000001,0.37783764435731043
2004-07-01,Cumhuriyet Halk Partisi,constitution,Anayasa,constitutional_conflict,18,73,39,6,88.75,47.03804,0.717391304347826,positive,2004,76.68905000000001,0.6133605775531187
2004-07-01,Doğru Yol Partisi,constitution,Anayasa,constitutional_conflict,1,1,1,0,1.35,0.675,0.5,positive,2004,76.68905000000001,0.008801778089570805
2004-07-01,Adalet ve Kalkınma Partisi,democracy,Demokrasi,democratic_reform,12,49,40,1,63.35,47.513305,0.9285714285714286,positive,2004,353.80465499999997,0.13429248125635884
2004-07-01,Anavatan Partisi,democracy,Demokrasi,democratic_reform,1,9,8,0,11.8,10.489020000000002,0.8888888888888888,positive,2004,353.80465499999997,0.029646359514404926
2004-07-01,Cumhuriyet Halk Partisi,democracy,Demokrasi,democratic_reform,60,308,264,14,405.3,295.12733,0.8960573476702509,positive,2004,353.80465499999997,0.8341533267842391
2004-07-01,Doğru Yol Partisi,democracy,Demokrasi,democratic_reform,1,1,1,0,1.35,0.675,0.5,positive,2004,353.80465499999997,0.001907832444997085
2004-07-01,Adalet ve Kalkınma Partisi,economy,Ekonomi,macro_economy,13,39,49,1,56.5,43.143885,0.9411764705882353,positive,2004,137.56506,0.3136253129973556
2004-07-01,Anavatan Partisi,economy,Ekonomi,macro_economy,3,18,18,0,24.3,19.83473,0.9473684210526315,positive,2004,137.56506,0.14418435902255997
2004-07-01,Cumhuriyet Halk Partisi,economy,Ekonomi,macro_economy,30,103,72,9,131.35,73.048945,0.7682926829268293,positive,2004,137.56506,0.5310137981257742
2004-07-01,Doğru Yol Partisi,economy,Ekonomi,macro_economy,1,1,3,0,2.05,1.5374999999999999,0.75,positive,2004,137.56506,0.011176529854310389
2004-07-01,Adalet ve Kalkınma Partisi,european_union,Avrupa Birligi,democratic_reform,8,17,20,1,24.35,17.71839,0.8636363636363636,positive,2004,47.62402,0.3720473408166719
2004-07-01,Anavatan Partisi,european_union,Avrupa Birligi,democratic_reform,1,1,2,0,1.7,1.13339,0.6666666666666666,positive,2004,47.62402,0.023798704939230243
2004-07-01,Cumhuriyet Halk Partisi,european_union,Avrupa Birligi,democratic_reform,22,38,33,1,49.900000000000006,28.09724,0.9142857142857143,positive,2004,47.62402,0.5899804342430564
2004-07-01,Doğru Yol Partisi,european_union,Avrupa Birligi,democratic_reform,1,1,1,0,1.35,0.675,0.5,positive,2004,47.62402,0.014173520001041492
2004-07-01,Cumhuriyet Halk Partisi,imf,IMF,macro_economy,7,13,8,0,15.8,8.51679,0.8888888888888888,positive,2004,8.51679,1.0
2004-07-01,Adalet ve Kalkınma Partisi,interest,Faiz,macro_economy,2,2,2,0,2.7,1.35,0.6666666666666666,positive,2004,4.49179,0.30054833373777495
2004-07-01,Cumhuriyet Halk Partisi,interest,Faiz,macro_economy,2,4,3,0,5.050000000000001,3.1417900000000003,0.75,positive,2004,4.49179,0.6994516662622251
2004-07-01,Adalet ve Kalkınma Partisi,law_state,Hukuk Devleti,democratic_reform,14,84,46,6,102.2,65.77195,0.7547169811320755,positive,2004,116.51897500000001,0.5644741553897122
2004-07-01,Anavatan Partisi,law_state,Hukuk Devleti,democratic_reform,1,2,4,0,3.4,2.72,0.8,positive,2004,116.51897500000001,0.023343837344947462
2004-07-01,Cumhuriyet Halk Partisi,law_state,Hukuk Devleti,democratic_reform,15,53,42,2,68.4,48.027025,0.8888888888888888,positive,2004,116.51897500000001,0.4121820072653402
2004-07-01,Adalet ve Kalkınma Partisi,reform,Reform,democratic_reform,10,24,17,3,31.0,14.85013,0.6666666666666666,positive,2004,63.682204999999996,0.23319120309982985
2004-07-01,Anavatan Partisi,reform,Reform,democratic_reform,1,2,1,0,2.35,1.175,0.5,positive,2004,63.682204999999996,0.018450994276972665
2004-07-01,Cumhuriyet Halk Partisi,reform,Reform,democratic_reform,23,59,48,4,77.2,44.807075,0.8301886792452831,positive,2004,63.682204999999996,0.7036043271428808
2004-07-01,Doğru Yol Partisi,reform,Reform,democratic_reform,2,5,2,0,5.7,2.85,0.6666666666666666,positive,2004,63.682204999999996,0.044753475480316676
2004-07-01,Cumhuriyet Halk Partisi,security,Guvenlik,security_conflict,4,9,8,1,12.15,6.801880000000001,0.7,positive,2004,13.13947,0.5176677598107078
2004-07-01,Doğru Yol Partisi,security,Guvenlik,security_conflict,2,7,5,0,8.75,6.33759,0.8333333333333334,positive,2004,13.13947,0.48233224018929227
2004-07-01,Adalet ve Kalkınma Partisi,constitution,Anayasa,constitutional_conflict,30,85,25,8,96.55,96.55,0.5,total,2004,514.15,0.18778566566177185
2004-07-01,Anavatan Partisi,constitution,Anayasa,constitutional_conflict,6,9,0,4,10.4,10.4,-0.8,total,2004,514.15,0.020227560050568902
2004-07-01,Cumhuriyet Halk Partisi,constitution,Anayasa,constitutional_conflict,95,321,54,65,362.65,362.65,-0.09166666666666666,total,2004,514.15,0.7053389088787319
2004-07-01,Doğru Yol Partisi,constitution,Anayasa,constitutional_conflict,11,40,2,11,44.550000000000004,44.550000000000004,-0.6428571428571429,total,2004,514.15,0.08664786540892737
2004-07-01,Adalet ve Kalkınma Partisi,democracy,Demokrasi,democratic_reform,25,70,44,4,86.8,86.8,0.8163265306122449,total,2004,644.55,0.13466759754867738
2004-07-01,Anavatan Partisi,democracy,Demokrasi,democratic_reform,3,11,8,0,13.8,13.8,0.8888888888888888,total,2004,644.55,0.021410286246218293
2004-07-01,Cumhuriyet Halk Partisi,democracy,Demokrasi,democratic_reform,109,426,270,40,534.5,534.5,0.7395498392282959,total,2004,644.55,0.8292607245364984
2004-07-01,Doğru Yol Partisi,democracy,Demokrasi,democratic_reform,4,7,2,5,9.45,9.45,-0.375,total,2004,644.55,0.014661391668606005
2004-07-01,Adalet ve Kalkınma Partisi,economy,Ekonomi,macro_economy,41,115,64,37,150.35,150.35,0.2647058823529412,total,2004,676.0,0.22241124260355027
2004-07-01,Anavatan Partisi,economy,Ekonomi,macro_economy,6,29,20,15,41.25,41.25,0.1388888888888889,total,2004,676.0,0.0610207100591716
2004-07-01,Cumhuriyet Halk Partisi,economy,Ekonomi,macro_economy,143,397,103,137,481.0,481.0,-0.14107883817427386,total,2004,676.0,0.7115384615384616
2004-07-01,Doğru Yol Partisi,economy,Ekonomi,macro_economy,2,2,3,1,3.4,3.4,0.4,total,2004,676.0,0.005029585798816568
2004-07-01,Adalet ve Kalkınma Partisi,european_union,Avrupa Birligi,democratic_reform,16,29,21,8,39.15,39.15,0.43333333333333335,total,2004,129.55,0.30219992280972596
2004-07-01,Anavatan Partisi,european_union,Avrupa Birligi,democratic_reform,1,1,2,0,1.7,1.7,0.6666666666666666,total,2004,129.55,0.013122346584330372
2004-07-01,Cumhuriyet Halk Partisi,european_union,Avrupa Birligi,democratic_reform,44,71,35,5,85.0,85.0,0.7317073170731707,total,2004,129.55,0.6561173292165187
2004-07-01,Doğru Yol Partisi,european_union,Avrupa Birligi,democratic_reform,2,3,1,1,3.7,3.7,0.0,total,2004,129.55,0.028560401389424932
2004-07-01,Adalet ve Kalkınma Partisi,imf,IMF,macro_economy,2,4,0,1,4.35,4.35,-0.5,total,2004,44.300000000000004,0.09819413092550788
2004-07-01,Anavatan Partisi,imf,IMF,macro_economy,1,1,0,1,1.35,1.35,-0.5,total,2004,44.300000000000004,0.030474040632054174
2004-07-01,Cumhuriyet Halk Partisi,imf,IMF,macro_economy,23,33,9,7,38.6,38.6,0.11764705882352941,total,2004,44.300000000000004,0.8713318284424378
2004-07-01,Adalet ve Kalkınma Partisi,inflation,Enflasyon,macro_economy,2,3,0,0,3.0,3.0,0.0,total,2004,22.05,0.13605442176870747
2004-07-01,Cumhuriyet Halk Partisi,inflation,Enflasyon,macro_economy,9,18,0,3,19.05,19.05,-0.75,total,2004,22.05,0.8639455782312925
2004-07-01,Adalet ve Kalkınma Partisi,interest,Faiz,macro_economy,9,22,2,2,23.4,23.4,0.0,total,2004,57.9,0.40414507772020725
2004-07-01,Anavatan Partisi,interest,Faiz,macro_economy,2,2,0,0,2.0,2.0,0.0,total,2004,57.9,0.03454231433506045
2004-07-01,Cumhuriyet Halk Partisi,interest,Faiz,macro_economy,13,29,4,6,32.5,32.5,-0.18181818181818182,total,2004,57.9,0.5613126079447323
2004-07-01,Adalet ve Kalkınma Partisi,law_state,Hukuk Devleti,democratic_reform,46,158,53,24,184.95,184.95,0.3717948717948718,total,2004,667.0999999999999,0.2772447908859242
2004-07-01,Anavatan Partisi,law_state,Hukuk Devleti,democratic_reform,5,11,5,7,15.2,15.2,-0.15384615384615385,total,2004,667.0999999999999,0.02278518962674262
2004-07-01,Cumhuriyet Halk Partisi,law_state,Hukuk Devleti,democratic_reform,112,392,75,99,452.9,452.9,-0.13714285714285715,total,2004,667.0999999999999,0.6789087093389298
2004-07-01,Doğru Yol Partisi,law_state,Hukuk Devleti,democratic_reform,7,13,0,3,14.05,14.05,-0.75,total,2004,667.0999999999999,0.021061310148403543
2004-07-01,Adalet ve Kalkınma Partisi,reform,Reform,democratic_reform,23,54,20,7,63.45,63.45,0.4642857142857143,total,2004,261.8,0.2423605805958747
2004-07-01,Anavatan Partisi,reform,Reform,democratic_reform,1,2,1,0,2.35,2.35,0.5,total,2004,261.8,0.008976317799847212
2004-07-01,Cumhuriyet Halk Partisi,reform,Reform,democratic_reform,73,158,52,25,184.95,184.95,0.34615384615384615,total,2004,261.8,0.7064553093964858
2004-07-01,Doğru Yol Partisi,reform,Reform,democratic_reform,7,10,2,1,11.05,11.05,0.25,total,2004,261.8,0.04220779220779221
2004-07-01,Adalet ve Kalkınma Partisi,security,Guvenlik,security_conflict,16,45,8,47,64.25,64.25,-0.6964285714285714,total,2004,282.0,0.22783687943262412
2004-07-01,Anavatan Partisi,security,Guvenlik,security_conflict,2,19,5,20,27.75,27.75,-0.5769230769230769,total,2004,282.0,0.09840425531914894
2004-07-01,Cumhuriyet Halk Partisi,security,Guvenlik,security_conflict,50,127,29,63,159.2,159.2,-0.3655913978494624,total,2004,282.0,0.5645390070921985
2004-07-01,Doğru Yol Partisi,security,Guvenlik,security_conflict,5,28,6,2,30.8,30.8,0.4444444444444444,total,2004,282.0,0.10921985815602837
2004-07-01,Anavatan Partisi,sovereignty,Egemenlik,security_conflict,1,2,0,0,2.0,2.0,0.0,total,2004,5.0,0.4
2004-07-01,Cumhuriyet Halk Partisi,sovereignty,Egemenlik,security_conflict,2,3,0,0,3.0,3.0,0.0,total,2004,5.0,0.6
2004-07-01,Adalet ve Kalkınma Partisi,tutelage,Vesayet,constitutional_conflict,5,7,1,12,11.55,11.55,-0.7857142857142857,total,2004,111.14999999999999,0.10391363022941971
2004-07-01,Anavatan Partisi,tutelage,Vesayet,constitutional_conflict,1,2,0,5,3.75,3.75,-0.8333333333333334,total,2004,111.14999999999999,0.033738191632928474
2004-07-01,Cumhuriyet Halk Partisi,tutelage,Vesayet,constitutional_conflict,19,36,6,47,54.55,54.55,-0.7592592592592593,total,2004,111.14999999999999,0.4907782276203329
2004-07-01,Doğru Yol Partisi,tutelage,Vesayet,constitutional_conflict,9,28,1,37,41.3,41.3,-0.9230769230769231,total,2004,111.14999999999999,0.37156995051731895
2004-08-01,Cumhuriyet Halk Partisi,democracy,Demokrasi,democratic_reform,1,1,0,1,1.35,0.675,-0.5,negative,2004,0.675,1.0
2004-08-01,Adalet ve Kalkınma Partisi,law_state,Hukuk Devleti,democratic_reform,1,2,0,1,2.35,1.175,-0.5,negative,2004,3.6417900000000003,0.32264353518462074
2004-08-01,Cumhuriyet Halk Partisi,law_state,Hukuk Devleti,democratic_reform,1,3,0,2,3.7,2.46679,-0.6666666666666666,negative,2004,3.6417900000000003,0.6773564648153793
2004-08-01,Adalet ve Kalkınma Partisi,democracy,Demokrasi,democratic_reform,1,1,1,0,1.35,0.675,0.5,positive,2004,0.675,1.0
2004-08-01,Adalet ve Kalkınma Partisi,economy,Ekonomi,macro_economy,1,3,4,0,4.4,3.5200000000000005,0.8,positive,2004,3.5200000000000005,1.0
2004-08-01,Adalet ve Kalkınma Partisi,european_union,Avrupa Birligi,democratic_reform,1,1,1,0,1.35,0.675,0.5,positive,2004,0.675,1.0
2004-08-01,Adalet ve Kalkınma Partisi,inflation,Enflasyon,macro_economy,1,1,1,0,1.35,0.675,0.5,positive,2004,2.9624999999999995,0.22784810126582283
2004-08-01,Doğru Yol Partisi,inflation,Enflasyon,macro_economy,1,2,3,0,3.05,2.2874999999999996,0.75,positive,2004,2.9624999999999995,0.7721518987341772
2004-08-01,Adalet ve Kalkınma Partisi,democracy,Demokrasi,democratic_reform,2,2,1,0,2.35,2.35,0.5,total,2004,4.7,0.5
2004-08-01,Cumhuriyet Halk Partisi,democracy,Demokrasi,democratic_reform,2,2,0,1,2.35,2.35,-0.5,total,2004,4.7,0.5
2004-08-01,Adalet ve Kalkınma Partisi,economy,Ekonomi,macro_economy,2,5,4,0,6.4,6.4,0.8,total,2004,9.4,0.6808510638297872
2004-08-01,Cumhuriyet Halk Partisi,economy,Ekonomi,macro_economy,1,3,0,0,3.0,3.0,0.0,total,2004,9.4,0.3191489361702127
2004-08-01,Adalet ve Kalkınma Partisi,european_union,Avrupa Birligi,democratic_reform,2,2,1,0,2.35,2.35,0.5,total,2004,3.35,0.7014925373134329
2004-08-01,Anavatan Partisi,european_union,Avrupa Birligi,democratic_reform,1,1,0,0,1.0,1.0,0.0,total,2004,3.35,0.29850746268656714
2004-08-01,Adalet ve Kalkınma Partisi,inflation,Enflasyon,macro_economy,1,1,1,0,1.35,1.35,0.5,total,2004,4.4,0.3068181818181818
2004-08-01,Doğru Yol Partisi,inflation,Enflasyon,macro_economy,1,2,3,0,3.05,3.05,0.75,total,2004,4.4,0.6931818181818181
2004-08-01,Adalet ve Kalkınma Partisi,law_state,Hukuk Devleti,democratic_reform,4,8,0,1,8.35,8.35,-0.5,total,2004,17.049999999999997,0.48973607038123174
2004-08-01,Cumhuriyet Halk Partisi,law_state,Hukuk Devleti,democratic_reform,3,8,0,2,8.7,8.7,-0.6666666666666666,total,2004,17.049999999999997,0.5102639296187683
2004-08-01,Cumhuriyet Halk Partisi,security,Guvenlik,security_conflict,1,1,0,0,1.0,1.0,0.0,total,2004,1.0,1.0
2004-09-01,Adalet ve Kalkınma Partisi,constitution,Anayasa,constitutional_conflict,3,6,0,5,7.75,4.94188,-0.8333333333333334,negative,2004,12.63815,0.39102875025221256
2004-09-01,Cumhuriyet Halk Partisi,constitution,Anayasa,constitutional_conflict,4,17,2,7,20.15,7.69627,-0.5,negative,2004,12.63815,0.6089712497477875
2004-09-01,Cumhuriyet Halk Partisi,democracy,Demokrasi,democratic_reform,3,6,0,4,7.4,4.1500900000000005,-0.8,negative,2004,6.0875900000000005,0.6817295514316831
2004-09-01,Doğru Yol Partisi,democracy,Demokrasi,democratic_reform,2,5,1,3,6.4,1.9375,-0.4,negative,2004,6.0875900000000005,0.3182704485683168
2004-09-01,Adalet ve Kalkınma Partisi,economy,Ekonomi,macro_economy,1,2,0,8,4.8,4.26672,-0.8888888888888888,negative,2004,32.863565,0.1298313192740958
2004-09-01,Cumhuriyet Halk Partisi,economy,Ekonomi,macro_economy,5,13,1,16,18.95,13.628265,-0.8333333333333334,negative,2004,32.863565,0.4146922283081583
2004-09-01,Doğru Yol Partisi,economy,Ekonomi,macro_economy,3,14,0,13,18.55,14.968580000000001,-0.9285714285714286,negative,2004,32.863565,0.4554764524177459
2004-09-01,Cumhuriyet Halk Partisi,european_union,Avrupa Birligi,democratic_reform,2,3,0,3,4.050000000000001,2.47509,-0.75,negative,2004,6.94198,0.3565394887337618
2004-09-01,Doğru Yol Partisi,european_union,Avrupa Birligi,democratic_reform,1,6,0,2,6.7,4.46689,-0.6666666666666666,negative,2004,6.94198,0.6434605112662382
2004-09-01,Doğru Yol Partisi,imf,IMF,macro_economy,1,4,0,7,6.45,5.64375,-0.875,negative,2004,5.64375,1.0
2004-09-01,Adalet ve Kalkınma Partisi,law_state,Hukuk Devleti,democratic_reform,6,45,1,16,50.949999999999996,32.60125,-0.8333333333333334,negative,2004,104.26610000000001,0.31267353435104983
2004-09-01,Anavatan Partisi,law_state,Hukuk Devleti,democratic_reform,1,1,0,1,1.35,0.675,-0.5,negative,2004,104.26610000000001,0.006473820350046659
2004-09-01,Cumhuriyet Halk Partisi,law_state,Hukuk Devleti,democratic_reform,15,115,10,48,135.3,70.98985,-0.6440677966101694,negative,2004,104.26610000000001,0.6808526452989034
2004-09-01,Adalet ve Kalkınma Partisi,reform,Reform,democratic_reform,1,1,0,1,1.35,0.675,-0.5,negative,2004,2.35,0.2872340425531915
2004-09-01,Doğru Yol Partisi,reform,Reform,democratic_reform,1,3,0,1,3.35,1.675,-0.5,negative,2004,2.35,0.7127659574468085
2004-09-01,Adalet ve Kalkınma Partisi,security,Guvenlik,security_conflict,2,4,0,5,5.75,3.8950000000000005,-0.8333333333333334,negative,2004,13.37348,0.29124805211508153
2004-09-01,Cumhuriyet Halk Partisi,security,Guvenlik,security_conflict,7,16,3,14,21.95,9.47848,-0.6111111111111112,negative,2004,13.37348,0.7087519478849185
2004-09-01,Cumhuriyet Halk Partisi,sovereignty,Egemenlik,security_conflict,1,1,0,1,1.35,0.675,-0.5,negative,2004,0.675,1.0
2004-09-01,Cumhuriyet Halk Partisi,tutelage,Vesayet,constitutional_conflict,1,1,0,1,1.35,0.675,-0.5,negative,2004,0.675,1.0
2004-09-01,Adalet ve Kalkınma Partisi,constitution,Anayasa,constitutional_conflict,5,24,5,0,25.75,12.875,0.8333333333333334,positive,2004,31.69269,0.4062450994219803
2004-09-01,Cumhuriyet Halk Partisi,constitution,Anayasa,constitutional_conflict,8,19,18,0,25.3,17.6843,0.9473684210526315,positive,2004,31.69269,0.5579930261520875
2004-09-01,Doğru Yol Partisi,constitution,Anayasa,constitutional_conflict,1,1,2,0,1.7,1.13339,0.6666666666666666,positive,2004,31.69269,0.03576187442593229
2004-09-01,Adalet ve Kalkınma Partisi,democracy,Demokrasi,democratic_reform,9,29,20,2,36.7,20.57769,0.782608695652174,positive,2004,36.45011,0.5645439753131061
2004-09-01,Cumhuriyet Halk Partisi,democracy,Demokrasi,democratic_reform,11,23,20,3,31.05,15.87242,0.7083333333333334,positive,2004,36.45011,0.4354560246868939
2004-09-01,Adalet ve Kalkınma Partisi,economy,Ekonomi,macro_economy,1,3,2,0,3.7,2.46679,0.6666666666666666,positive,2004,20.11449,0.12263746184964172
2004-09-01,Cumhuriyet Halk Partisi,economy,Ekonomi,macro_economy,10,19,23,1,27.4,16.9727,0.88,positive,2004,20.11449,0.8438046403363942
2004-09-01,Doğru Yol Partisi,economy,Ekonomi,macro_economy,1,1,1,0,1.35,0.675,0.5,positive,2004,20.11449,0.03355789781396397
2004-09-01,Adalet ve Kalkınma Partisi,european_union,Avrupa Birligi,democratic_reform,3,12,4,1,13.75,4.612500000000001,0.5,positive,2004,15.02865,0.3069137946522143
2004-09-01,Cumhuriyet Halk Partisi,european_union,Avrupa Birligi,democratic_reform,5,15,10,3,19.55,7.94106,0.5,positive,2004,15.02865,0.5283947659969458
2004-09-01,Doğru Yol Partisi,european_union,Avrupa Birligi,democratic_reform,2,3,3,0,4.050000000000001,2.47509,0.75,positive,2004,15.02865,0.16469143935083988
2004-09-01,Adalet ve Kalkınma Partisi,law_state,Hukuk Devleti,democratic_reform,11,57,32,4,69.6,43.146499999999996,0.7567567567567568,positive,2004,97.252865,0.44365273969049646
2004-09-01,Cumhuriyet Halk Partisi,law_state,Hukuk Devleti,democratic_reform,13,70,50,7,89.95,54.106365000000004,0.7413793103448276,positive,2004,97.252865,0.5563472603095035
2004-09-01,Adalet ve Kalkınma Partisi,reform,Reform,democratic_reform,2,2,5,0,3.75,2.67089,0.8333333333333334,positive,2004,2.67089,1.0
2004-09-01,Cumhuriyet Halk Partisi,security,Guvenlik,security_conflict,4,8,5,0,9.75,5.32509,0.8333333333333334,positive,2004,5.32509,1.0
2004-09-01,Adalet ve Kalkınma Partisi,constitution,Anayasa,constitutional_conflict,22,57,6,6,61.2,61.2,0.0,total,2004,159.35,0.38406024474427364
2004-09-01,Cumhuriyet Halk Partisi,constitution,Anayasa,constitutional_conflict,30,78,20,7,87.45,87.45,0.4642857142857143,total,2004,159.35,0.5487919673674302
2004-09-01,Doğru Yol Partisi,constitution,Anayasa,constitutional_conflict,6,10,2,0,10.7,10.7,0.6666666666666666,total,2004,159.35,0.0671477878882962
2004-09-01,Adalet ve Kalkınma Partisi,democracy,Demokrasi,democratic_reform,17,50,20,2,57.7,57.7,0.782608695652174,total,2004,117.55000000000001,0.49085495533815393
2004-09-01,Cumhuriyet Halk Partisi,democracy,Demokrasi,democratic_reform,22,41,20,7,50.45,50.45,0.4642857142857143,total,2004,117.55000000000001,0.4291790727350064
2004-09-01,Doğru Yol Partisi,democracy,Demokrasi,democratic_reform,4,8,1,3,9.4,9.4,-0.4,total,2004,117.55000000000001,0.07996597192683964
2004-09-01,Adalet ve Kalkınma Partisi,economy,Ekonomi,macro_economy,4,10,2,8,13.5,13.5,-0.5454545454545454,total,2004,103.85,0.12999518536350507
2004-09-01,Cumhuriyet Halk Partisi,economy,Ekonomi,macro_economy,29,50,24,17,64.35,64.35,0.16666666666666666,total,2004,103.85,0.619643716899374
2004-09-01,Doğru Yol Partisi,economy,Ekonomi,macro_economy,7,19,4,16,26.0,26.0,-0.5714285714285714,total,2004,103.85,0.25036109773712084
2004-09-01,Adalet ve Kalkınma Partisi,european_union,Avrupa Birligi,democratic_reform,6,17,4,1,18.75,18.75,0.5,total,2004,71.1,0.26371308016877637
2004-09-01,Cumhuriyet Halk Partisi,european_union,Avrupa Birligi,democratic_reform,18,34,10,6,39.6,39.6,0.23529411764705882,total,2004,71.1,0.5569620253164558
2004-09-01,Doğru Yol Partisi,european_union,Avrupa Birligi,democratic_reform,4,11,3,2,12.75,12.75,0.16666666666666666,total,2004,71.1,0.17932489451476794
2004-09-01,Doğru Yol Partisi,imf,IMF,macro_economy,1,4,0,7,6.45,6.45,-0.875,total,2004,6.45,1.0
2004-09-01,Adalet ve Kalkınma Partisi,law_state,Hukuk Devleti,democratic_reform,34,155,40,25,177.75,177.75,0.22727272727272727,total,2004,568.4,0.3127199155524279
2004-09-01,Anavatan Partisi,law_state,Hukuk Devleti,democratic_reform,1,1,0,1,1.35,1.35,-0.5,total,2004,568.4,0.0023750879662209714
2004-09-01,Cumhuriyet Halk Partisi,law_state,Hukuk Devleti,democratic_reform,58,322,93,85,384.3,384.3,0.0446927374301676,total,2004,568.4,0.6761083743842365
2004-09-01,Doğru Yol Partisi,law_state,Hukuk Devleti,democratic_reform,4,5,0,0,5.0,5.0,0.0,total,2004,568.4,0.008796622097114709
2004-09-01,Adalet ve Kalkınma Partisi,reform,Reform,democratic_reform,3,3,5,1,5.1,5.1,0.5714285714285714,total,2004,12.45,0.40963855421686746
2004-09-01,Cumhuriyet Halk Partisi,reform,Reform,democratic_reform,1,2,0,0,2.0,2.0,0.0,total,2004,12.45,0.1606425702811245
2004-09-01,Doğru Yol Partisi,reform,Reform,democratic_reform,3,5,0,1,5.35,5.35,-0.5,total,2004,12.45,0.42971887550200805
2004-09-01,Adalet ve Kalkınma Partisi,security,Guvenlik,security_conflict,3,5,0,5,6.75,6.75,-0.8333333333333334,total,2004,45.45,0.1485148514851485
2004-09-01,Cumhuriyet Halk Partisi,security,Guvenlik,security_conflict,16,30,8,14,37.7,37.7,-0.2608695652173913,total,2004,45.45,0.8294829482948295
2004-09-01,Doğru Yol Partisi,security,Guvenlik,security_conflict,1,1,0,0,1.0,1.0,0.0,total,2004,45.45,0.022002200220022
2004-09-01,Adalet ve Kalkınma Partisi,sovereignty,Egemenlik,security_conflict,1,1,0,0,1.0,1.0,0.0,total,2004,3.35,0.29850746268656714
2004-09-01,Cumhuriyet Halk Partisi,sovereignty,Egemenlik,security_conflict,1,1,0,1,1.35,1.35,-0.5,total,2004,3.35,0.40298507462686567
2004-09-01,Doğru Yol Partisi,sovereignty,Egemenlik,security_conflict,1,1,0,0,1.0,1.0,0.0,total,2004,3.35,0.29850746268656714
2004-09-01,Cumhuriyet Halk Partisi,tutelage,Vesayet,constitutional_conflict,1,1,0,1,1.35,1.35,-0.5,total,2004,1.35,1.0
2004-10-01,Adalet ve Kalkınma Partisi,constitution,Anayasa,constitutional_conflict,1,4,0,1,4.35,2.175,-0.5,negative,2004,2.175,1.0
2004-10-01,Adalet ve Kalkınma Partisi,democracy,Demokrasi,democratic_reform,3,9,0,3,10.05,5.025,-0.75,negative,2004,5.025,1.0
2004-10-01,Adalet ve Kalkınma Partisi,economy,Ekonomi,macro_economy,1,3,0,2,3.7,2.46679,-0.6666666666666666,negative,2004,8.00596,0.30811920119510966
2004-10-01,Anavatan Partisi,economy,Ekonomi,macro_economy,1,6,2,4,8.1,2.31417,-0.2857142857142857,negative,2004,8.00596,0.28905590335200276
2004-10-01,Cumhuriyet Halk Partisi,economy,Ekonomi,macro_economy,3,5,1,6,7.449999999999999,3.2249999999999996,-0.625,negative,2004,8.00596,0.4028248954528876
2004-10-01,Adalet ve Kalkınma Partisi,law_state,Hukuk Devleti,democratic_reform,3,5,0,3,6.050000000000001,3.0250000000000004,-0.75,negative,2004,5.49179,0.5508222273612066
2004-10-01,Cumhuriyet Halk Partisi,law_state,Hukuk Devleti,democratic_reform,1,3,0,2,3.7,2.46679,-0.6666666666666666,negative,2004,5.49179,0.44917777263879355
2004-10-01,Adalet ve Kalkınma Partisi,reform,Reform,democratic_reform,1,3,1,2,4.05,1.0125,-0.25,negative,2004,1.0125,1.0
2004-10-01,Adalet ve Kalkınma Partisi,security,Guvenlik,security_conflict,5,9,0,6,11.100000000000001,6.50019,-0.8571428571428571,negative,2004,8.85019,0.734468977502178
2004-10-01,Cumhuriyet Halk Partisi,security,Guvenlik,security_conflict,1,3,0,1,3.35,1.675,-0.5,negative,2004,8.85019,0.18926147348249023
2004-10-01,Doğru Yol Partisi,security,Guvenlik,security_conflict,1,1,0,1,1.35,0.675,-0.5,negative,2004,8.85019,0.07626954901533188
2004-10-01,Adalet ve Kalkınma Partisi,constitution,Anayasa,constitutional_conflict,5,9,8,0,11.8,7.52929,0.8888888888888888,positive,2004,10.00438,0.7525993614796719
2004-10-01,Cumhuriyet Halk Partisi,constitution,Anayasa,constitutional_conflict,2,3,3,0,4.050000000000001,2.47509,0.75,positive,2004,10.00438,0.2474006385203281
2004-10-01,Adalet ve Kalkınma Partisi,democracy,Demokrasi,democratic_reform,2,7,7,0,9.45,7.4575000000000005,0.875,positive,2004,10.103390000000001,0.7381185918785674
2004-10-01,Cumhuriyet Halk Partisi,democracy,Demokrasi,democratic_reform,2,6,4,1,7.75,2.6458899999999996,0.5,positive,2004,10.103390000000001,0.26188140812143246
2004-10-01,Adalet ve Kalkınma Partisi,economy,Ekonomi,macro_economy,9,31,25,2,40.45,26.05519,0.8214285714285714,positive,2004,38.481835,0.677077639358934
2004-10-01,Anavatan Partisi,economy,Ekonomi,macro_economy,1,2,2,0,2.7,1.80009,0.6666666666666666,positive,2004,38.481835,0.04677765496369911
2004-10-01,Cumhuriyet Halk Partisi,economy,Ekonomi,macro_economy,5,15,18,5,23.049999999999997,10.626555,0.5416666666666666,positive,2004,38.481835,0.27614470567736704
2004-10-01,Adalet ve Kalkınma Partisi,european_union,Avrupa Birligi,democratic_reform,6,21,11,0,24.85,16.98339,0.9166666666666666,positive,2004,32.80214,0.5177525002941881
2004-10-01,Cumhuriyet Halk Partisi,european_union,Avrupa Birligi,democratic_reform,5,23,14,3,28.95,14.643749999999999,0.6111111111111112,positive,2004,32.80214,0.44642666606507986
2004-10-01,Doğru Yol Partisi,european_union,Avrupa Birligi,democratic_reform,1,2,1,0,2.35,1.175,0.5,positive,2004,32.80214,0.03582083364073198
2004-10-01,Adalet ve Kalkınma Partisi,inflation,Enflasyon,macro_economy,1,2,3,0,3.05,2.2874999999999996,0.75,positive,2004,2.9624999999999995,0.7721518987341772
2004-10-01,Cumhuriyet Halk Partisi,inflation,Enflasyon,macro_economy,1,1,1,0,1.35,0.675,0.5,positive,2004,2.9624999999999995,0.22784810126582283
2004-10-01,Adalet ve Kalkınma Partisi,interest,Faiz,macro_economy,1,1,1,0,1.35,0.675,0.5,positive,2004,9.304165000000001,0.07254815450929772
2004-10-01,Anavatan Partisi,interest,Faiz,macro_economy,1,1,3,0,2.05,1.5374999999999999,0.75,positive,2004,9.304165000000001,0.165248574160067
2004-10-01,Cumhuriyet Halk Partisi,interest,Faiz,macro_economy,2,7,7,0,9.45,7.091665000000001,0.875,positive,2004,9.304165000000001,0.7622032713306353
2004-10-01,Cumhuriyet Halk Partisi,law_state,Hukuk Devleti,democratic_reform,1,4,4,1,5.75,2.875,0.5,positive,2004,2.875,1.0
2004-10-01,Adalet ve Kalkınma Partisi,reform,Reform,democratic_reform,1,5,3,0,6.05,4.5375,0.75,positive,2004,5.2124999999999995,0.8705035971223022
2004-10-01,Cumhuriyet Halk Partisi,reform,Reform,democratic_reform,1,1,1,0,1.35,0.675,0.5,positive,2004,5.2124999999999995,0.12949640287769787
2004-10-01,Cumhuriyet Halk Partisi,security,Guvenlik,security_conflict,2,4,4,0,5.4,3.4624999999999995,0.8,positive,2004,3.4624999999999995,1.0
2004-10-01,Anavatan Partisi,sovereignty,Egemenlik,security_conflict,1,2,2,0,2.7,1.80009,0.6666666666666666,positive,2004,1.80009,1.0
2004-10-01,Adalet ve Kalkınma Partisi,constitution,Anayasa,constitutional_conflict,10,18,8,1,21.15,21.15,0.7,total,2004,31.2,0.6778846153846153
2004-10-01,Anavatan Partisi,constitution,Anayasa,constitutional_conflict,1,2,0,0,2.0,2.0,0.0,total,2004,31.2,0.06410256410256411
2004-10-01,Cumhuriyet Halk Partisi,constitution,Anayasa,constitutional_conflict,5,7,3,0,8.05,8.05,0.75,total,2004,31.2,0.25801282051282054
2004-10-01,Adalet ve Kalkınma Partisi,democracy,Demokrasi,democratic_reform,8,23,7,3,26.5,26.5,0.36363636363636365,total,2004,37.25,0.7114093959731543
2004-10-01,Cumhuriyet Halk Partisi,democracy,Demokrasi,democratic_reform,2,6,4,1,7.75,7.75,0.5,total,2004,37.25,0.2080536912751678
2004-10-01,Doğru Yol Partisi,democracy,Demokrasi,democratic_reform,2,3,0,0,3.0,3.0,0.0,total,2004,37.25,0.08053691275167785
2004-10-01,Adalet ve Kalkınma Partisi,economy,Ekonomi,macro_economy,16,51,26,5,61.85,61.85,0.65625,total,2004,142.15,0.43510376362996833
2004-10-01,Anavatan Partisi,economy,Ekonomi,macro_economy,3,10,4,4,12.799999999999999,12.799999999999999,0.0,total,2004,142.15,0.09004572634540976
2004-10-01,Cumhuriyet Halk Partisi,economy,Ekonomi,macro_economy,13,48,31,19,65.5,65.5,0.23529411764705882,total,2004,142.15,0.4607808652831516
2004-10-01,Doğru Yol Partisi,economy,Ekonomi,macro_economy,1,2,0,0,2.0,2.0,0.0,total,2004,142.15,0.014069644741470277
2004-10-01,Adalet ve Kalkınma Partisi,european_union,Avrupa Birligi,democratic_reform,13,29,11,0,32.85,32.85,0.9166666666666666,total,2004,66.15,0.4965986394557823
2004-10-01,Cumhuriyet Halk Partisi,european_union,Avrupa Birligi,democratic_reform,6,25,14,3,30.95,30.95,0.6111111111111112,total,2004,66.15,0.4678760393046107
2004-10-01,Doğru Yol Partisi,european_union,Avrupa Birligi,democratic_reform,1,2,1,0,2.35,2.35,0.5,total,2004,66.15,0.03552532123960695
2004-10-01,Adalet ve Kalkınma Partisi,imf,IMF,macro_economy,1,1,0,0,1.0,1.0,0.0,total,2004,1.0,1.0
2004-10-01,Adalet ve Kalkınma Partisi,inflation,Enflasyon,macro_economy,1,2,3,0,3.05,3.05,0.75,total,2004,4.4,0.6931818181818181
2004-10-01,Cumhuriyet Halk Partisi,inflation,Enflasyon,macro_economy,1,1,1,0,1.35,1.35,0.5,total,2004,4.4,0.3068181818181818
2004-10-01,Adalet ve Kalkınma Partisi,interest,Faiz,macro_economy,2,2,1,0,2.35,2.35,0.5,total,2004,20.849999999999998,0.11270983213429259
2004-10-01,Anavatan Partisi,interest,Faiz,macro_economy,3,5,3,0,6.05,6.05,0.75,total,2004,20.849999999999998,0.2901678657074341
2004-10-01,Cumhuriyet Halk Partisi,interest,Faiz,macro_economy,5,10,7,0,12.45,12.45,0.875,total,2004,20.849999999999998,0.5971223021582734
2004-10-01,Adalet ve Kalkınma Partisi,law_state,Hukuk Devleti,democratic_reform,11,17,1,4,18.75,18.75,-0.5,total,2004,36.6,0.5122950819672131
2004-10-01,Anavatan Partisi,law_state,Hukuk Devleti,democratic_reform,1,2,0,0,2.0,2.0,0.0,total,2004,36.6,0.0546448087431694
2004-10-01,Cumhuriyet Halk Partisi,law_state,Hukuk Devleti,democratic_reform,4,10,6,5,13.850000000000001,13.850000000000001,0.08333333333333333,total,2004,36.6,0.3784153005464481
2004-10-01,Doğru Yol Partisi,law_state,Hukuk Devleti,democratic_reform,1,2,0,0,2.0,2.0,0.0,total,2004,36.6,0.0546448087431694
2004-10-01,Adalet ve Kalkınma Partisi,reform,Reform,democratic_reform,4,10,4,2,12.1,12.1,0.2857142857142857,total,2004,13.45,0.8996282527881041
2004-10-01,Cumhuriyet Halk Partisi,reform,Reform,democratic_reform,1,1,1,0,1.35,1.35,0.5,total,2004,13.45,0.10037174721189593
2004-10-01,Adalet ve Kalkınma Partisi,security,Guvenlik,security_conflict,9,15,1,7,17.8,17.8,-0.6666666666666666,total,2004,28.900000000000002,0.615916955017301
2004-10-01,Cumhuriyet Halk Partisi,security,Guvenlik,security_conflict,4,8,4,1,9.75,9.75,0.5,total,2004,28.900000000000002,0.3373702422145328
2004-10-01,Doğru Yol Partisi,security,Guvenlik,security_conflict,1,1,0,1,1.35,1.35,-0.5,total,2004,28.900000000000002,0.04671280276816609
2004-10-01,Anavatan Partisi,sovereignty,Egemenlik,security_conflict,2,3,2,0,3.7,3.7,0.6666666666666666,total,2004,3.7,1.0
2004-11-01,Adalet ve Kalkınma Partisi,constitution,Anayasa,constitutional_conflict,2,7,1,4,8.75,3.31259,-0.5,negative,2004,10.84759,0.3053756640875992
2004-11-01,Cumhuriyet Halk Partisi,constitution,Anayasa,constitutional_conflict,2,15,1,4,16.75,7.535,-0.5,negative,2004,10.84759,0.6946243359124008
2004-11-01,Adalet ve Kalkınma Partisi,democracy,Demokrasi,democratic_reform,3,6,0,3,7.050000000000001,3.5250000000000004,-0.75,negative,2004,7.487500000000001,0.4707846410684474
2004-11-01,Cumhuriyet Halk Partisi,democracy,Demokrasi,democratic_reform,4,7,1,5,9.1,3.2875,-0.5714285714285714,negative,2004,7.487500000000001,0.4390651085141903
2004-11-01,Doğru Yol Partisi,democracy,Demokrasi,democratic_reform,1,1,0,1,1.35,0.675,-0.5,negative,2004,7.487500000000001,0.09015025041736227
2004-11-01,Adalet ve Kalkınma Partisi,economy,Ekonomi,macro_economy,7,39,15,34,56.15,18.604979999999998,-0.38,negative,2004,60.11057,0.30951261982709527
2004-11-01,Cumhuriyet Halk Partisi,economy,Ekonomi,macro_economy,14,56,9,48,75.95,40.99309,-0.6724137931034483,negative,2004,60.11057,0.6819614254198555
2004-11-01,Doğru Yol Partisi,economy,Ekonomi,macro_economy,1,1,1,2,2.05,0.5125,-0.25,negative,2004,60.11057,0.008525954753049255
2004-11-01,Adalet ve Kalkınma Partisi,european_union,Avrupa Birligi,democratic_reform,3,4,1,6,6.449999999999999,3.4749999999999996,-0.625,negative,2004,8.35,0.41616766467065863
2004-11-01,Cumhuriyet Halk Partisi,european_union,Avrupa Birligi,democratic_reform,5,8,0,5,9.75,4.875,-0.8333333333333334,negative,2004,8.35,0.5838323353293413
2004-11-01,Cumhuriyet Halk Partisi,imf,IMF,macro_economy,1,1,0,1,1.35,0.675,-0.5,negative,2004,0.675,1.0
2004-11-01,Cumhuriyet Halk Partisi,inflation,Enflasyon,macro_economy,2,4,0,2,4.7,2.35,-0.6666666666666666,negative,2004,2.35,1.0
2004-11-01,Cumhuriyet Halk Partisi,interest,Faiz,macro_economy,2,5,0,3,6.050000000000001,3.80849,-0.75,negative,2004,3.80849,1.0
2004-11-01,Adalet ve Kalkınma Partisi,law_state,Hukuk Devleti,democratic_reform,7,22,1,12,26.55,12.5375,-0.7857142857142857,negative,2004,45.564,0.27516240891932225
2004-11-01,Bağımsız,law_state,Hukuk Devleti,democratic_reform,1,2,0,1,2.35,1.175,-0.5,negative,2004,45.564,0.025787902730225618
2004-11-01,Cumhuriyet Halk Partisi,law_state,Hukuk Devleti,democratic_reform,10,45,7,34,59.35,31.851499999999998,-0.6428571428571429,negative,2004,45.564,0.6990496883504521
2004-11-01,Adalet ve Kalkınma Partisi,reform,Reform,democratic_reform,1,2,1,2,3.05,0.7625,-0.25,negative,2004,0.7625,1.0
2004-11-01,Adalet ve Kalkınma Partisi,security,Guvenlik,security_conflict,16,34,5,31,46.6,23.51089,-0.7027027027027027,negative,2004,58.64464000000001,0.40090432817048577
2004-11-01,Cumhuriyet Halk Partisi,security,Guvenlik,security_conflict,13,44,6,39,59.75,35.133750000000006,-0.717391304347826,negative,2004,58.64464000000001,0.5990956718295142
2004-11-01,Adalet ve Kalkınma Partisi,sovereignty,Egemenlik,security_conflict,1,3,0,2,3.7,2.46679,-0.6666666666666666,negative,2004,2.46679,1.0
2004-11-01,Adalet ve Kalkınma Partisi,constitution,Anayasa,constitutional_conflict,6,19,20,1,26.35,18.26079,0.8636363636363636,positive,2004,37.02395,0.4932156077349932
2004-11-01,Cumhuriyet Halk Partisi,constitution,Anayasa,constitutional_conflict,8,24,14,0,28.9,18.76316,0.9333333333333333,positive,2004,37.02395,0.5067843922650068
2004-11-01,Adalet ve Kalkınma Partisi,democracy,Demokrasi,democratic_reform,9,30,27,2,40.15,27.501715,0.8333333333333334,positive,2004,57.827110000000005,0.47558515374536264
2004-11-01,Cumhuriyet Halk Partisi,democracy,Demokrasi,democratic_reform,16,41,36,4,55.0,30.325395,0.7804878048780488,positive,2004,57.827110000000005,0.5244148462546373
2004-11-01,Adalet ve Kalkınma Partisi,economy,Ekonomi,macro_economy,29,176,111,3,215.9,165.136085,0.9391304347826087,positive,2004,255.90742,0.6452961973513703
2004-11-01,Anavatan Partisi,economy,Ekonomi,macro_economy,4,30,15,6,37.35,13.75966,0.4090909090909091,positive,2004,255.90742,0.05376811661029602
2004-11-01,Cumhuriyet Halk Partisi,economy,Ekonomi,macro_economy,24,107,54,5,127.65,76.336675,0.8166666666666667,positive,2004,255.90742,0.2982980133987518
2004-11-01,Doğru Yol Partisi,economy,Ekonomi,macro_economy,1,1,1,0,1.35,0.675,0.5,positive,2004,255.90742,0.002637672639581924
2004-11-01,Adalet ve Kalkınma Partisi,european_union,Avrupa Birligi,democratic_reform,13,47,32,0,58.199999999999996,40.83866,0.9696969696969697,positive,2004,92.418775,0.44188705162993125
2004-11-01,Anavatan Partisi,european_union,Avrupa Birligi,democratic_reform,1,2,4,0,3.4,2.72,0.8,positive,2004,92.418775,0.029431249223980736
2004-11-01,Cumhuriyet Halk Partisi,european_union,Avrupa Birligi,democratic_reform,14,42,43,7,59.5,34.687205,0.7058823529411765,positive,2004,92.418775,0.37532638795526124
2004-11-01,Doğru Yol Partisi,european_union,Avrupa Birligi,democratic_reform,4,12,18,1,18.65,14.172910000000002,0.85,positive,2004,92.418775,0.1533553111908268
2004-11-01,Cumhuriyet Halk Partisi,imf,IMF,macro_economy,2,3,3,0,4.050000000000001,2.47509,0.75,positive,2004,2.47509,1.0
2004-11-01,Cumhuriyet Halk Partisi,inflation,Enflasyon,macro_economy,2,10,4,0,11.4,8.2125,0.8,positive,2004,8.2125,1.0
2004-11-01,Adalet ve Kalkınma Partisi,interest,Faiz,macro_economy,3,3,3,0,4.050000000000001,2.0250000000000004,0.75,positive,2004,7.35,0.27551020408163274
2004-11-01,Cumhuriyet Halk Partisi,interest,Faiz,macro_economy,2,5,6,0,7.1,5.324999999999999,0.8571428571428571,positive,2004,7.35,0.7244897959183673
2004-11-01,Adalet ve Kalkınma Partisi,law_state,Hukuk Devleti,democratic_reform,9,19,18,0,25.3,16.78599,0.9473684210526315,positive,2004,79.63325,0.21079122100378925
2004-11-01,Cumhuriyet Halk Partisi,law_state,Hukuk Devleti,democratic_reform,9,74,65,15,102.0,62.847260000000006,0.6172839506172839,positive,2004,79.63325,0.7892087789962108
2004-11-01,Adalet ve Kalkınma Partisi,reform,Reform,democratic_reform,3,4,5,0,5.75,3.60848,0.8333333333333334,positive,2004,10.243480000000002,0.35227090793363186
2004-11-01,Cumhuriyet Halk Partisi,reform,Reform,democratic_reform,6,11,8,1,14.15,6.635000000000001,0.7,positive,2004,10.243480000000002,0.6477290920663681
2004-11-01,Adalet ve Kalkınma Partisi,security,Guvenlik,security_conflict,7,28,15,2,33.95,17.40486,0.7222222222222222,positive,2004,19.21325,0.9058779748350748
2004-11-01,Cumhuriyet Halk Partisi,security,Guvenlik,security_conflict,1,1,2,0,1.7,1.13339,0.6666666666666666,positive,2004,19.21325,0.058990019908136314
2004-11-01,Doğru Yol Partisi,security,Guvenlik,security_conflict,1,1,1,0,1.35,0.675,0.5,positive,2004,19.21325,0.03513200525678894
2004-11-01,Adalet ve Kalkınma Partisi,sovereignty,Egemenlik,security_conflict,1,2,2,0,2.7,1.80009,0.6666666666666666,positive,2004,1.80009,1.0
2004-11-01,Adalet ve Kalkınma Partisi,constitution,Anayasa,constitutional_conflict,24,53,21,5,62.1,62.1,0.5925925925925926,total,2004,199.75,0.3108886107634543
2004-11-01,Cumhuriyet Halk Partisi,constitution,Anayasa,constitutional_conflict,34,116,25,14,129.65,129.65,0.275,total,2004,199.75,0.649061326658323
2004-11-01,Doğru Yol Partisi,constitution,Anayasa,constitutional_conflict,4,8,0,0,8.0,8.0,0.0,total,2004,199.75,0.04005006257822278
2004-11-01,Adalet ve Kalkınma Partisi,democracy,Demokrasi,democratic_reform,22,49,28,6,60.9,60.9,0.6285714285714286,total,2004,146.75,0.4149914821124361
2004-11-01,Anavatan Partisi,democracy,Demokrasi,democratic_reform,1,2,0,0,2.0,2.0,0.0,total,2004,146.75,0.013628620102214651
2004-11-01,Cumhuriyet Halk Partisi,democracy,Demokrasi,democratic_reform,30,62,39,11,79.5,79.5,0.5490196078431373,total,2004,146.75,0.5417376490630323
2004-11-01,Doğru Yol Partisi,democracy,Demokrasi,democratic_reform,3,4,0,1,4.35,4.35,-0.5,total,2004,146.75,0.029642248722316862
2004-11-01,Adalet ve Kalkınma Partisi,economy,Ekonomi,macro_economy,72,346,179,85,438.4,438.4,0.35471698113207545,total,2004,776.85,0.5643303082963248
2004-11-01,Anavatan Partisi,economy,Ekonomi,macro_economy,9,40,15,6,47.35,47.35,0.4090909090909091,total,2004,776.85,0.060951277595417394
2004-11-01,Bağımsız,economy,Ekonomi,macro_economy,1,1,0,0,1.0,1.0,0.0,total,2004,776.85,0.001287249790821909
2004-11-01,Cumhuriyet Halk Partisi,economy,Ekonomi,macro_economy,81,243,66,56,285.7,285.7,0.08130081300813008,total,2004,776.85,0.3677672652378194
2004-11-01,Doğru Yol Partisi,economy,Ekonomi,macro_economy,3,3,2,2,4.4,4.4,0.0,total,2004,776.85,0.005663899079616399
2004-11-01,Adalet ve Kalkınma Partisi,european_union,Avrupa Birligi,democratic_reform,31,72,34,7,86.35,86.35,0.6428571428571429,total,2004,230.0,0.3754347826086956
2004-11-01,Anavatan Partisi,european_union,Avrupa Birligi,democratic_reform,1,2,4,0,3.4,3.4,0.8,total,2004,230.0,0.014782608695652174
2004-11-01,Bağımsız,european_union,Avrupa Birligi,democratic_reform,1,1,0,0,1.0,1.0,0.0,total,2004,230.0,0.004347826086956522
2004-11-01,Cumhuriyet Halk Partisi,european_union,Avrupa Birligi,democratic_reform,39,93,54,22,119.60000000000001,119.60000000000001,0.4155844155844156,total,2004,230.0,0.52
2004-11-01,Doğru Yol Partisi,european_union,Avrupa Birligi,democratic_reform,5,13,18,1,19.65,19.65,0.85,total,2004,230.0,0.08543478260869565
2004-11-01,Anavatan Partisi,imf,IMF,macro_economy,1,1,0,0,1.0,1.0,0.0,total,2004,33.25,0.03007518796992481
2004-11-01,Bağımsız,imf,IMF,macro_economy,1,1,0,0,1.0,1.0,0.0,total,2004,33.25,0.03007518796992481
2004-11-01,Cumhuriyet Halk Partisi,imf,IMF,macro_economy,12,25,9,6,30.25,30.25,0.1875,total,2004,33.25,0.9097744360902256
2004-11-01,Doğru Yol Partisi,imf,IMF,macro_economy,1,1,0,0,1.0,1.0,0.0,total,2004,33.25,0.03007518796992481
2004-11-01,Adalet ve Kalkınma Partisi,inflation,Enflasyon,macro_economy,4,5,5,5,8.5,8.5,0.0,total,2004,35.6,0.23876404494382023
2004-11-01,Cumhuriyet Halk Partisi,inflation,Enflasyon,macro_economy,10,25,4,2,27.1,27.1,0.2857142857142857,total,2004,35.6,0.7612359550561798
2004-11-01,Adalet ve Kalkınma Partisi,interest,Faiz,macro_economy,11,15,3,0,16.05,16.05,0.75,total,2004,39.2,0.4094387755102041
2004-11-01,Anavatan Partisi,interest,Faiz,macro_economy,1,1,0,0,1.0,1.0,0.0,total,2004,39.2,0.02551020408163265
2004-11-01,Cumhuriyet Halk Partisi,interest,Faiz,macro_economy,8,19,6,3,22.15,22.15,0.3,total,2004,39.2,0.5650510204081632
2004-11-01,Adalet ve Kalkınma Partisi,law_state,Hukuk Devleti,democratic_reform,38,85,22,15,97.95,97.95,0.18421052631578946,total,2004,321.15,0.30499766464269035
2004-11-01,Bağımsız,law_state,Hukuk Devleti,democratic_reform,7,11,0,1,11.35,11.35,-0.5,total,2004,321.15,0.03534174061964814
2004-11-01,Cumhuriyet Halk Partisi,law_state,Hukuk Devleti,democratic_reform,36,165,77,54,210.85,210.85,0.17424242424242425,total,2004,321.15,0.656546784991437
2004-11-01,Doğru Yol Partisi,law_state,Hukuk Devleti,democratic_reform,1,1,0,0,1.0,1.0,0.0,total,2004,321.15,0.0031138097462245057
2004-11-01,Adalet ve Kalkınma Partisi,reform,Reform,democratic_reform,15,24,12,7,30.650000000000002,30.650000000000002,0.25,total,2004,55.5,0.5522522522522523
2004-11-01,Anavatan Partisi,reform,Reform,democratic_reform,1,3,0,0,3.0,3.0,0.0,total,2004,55.5,0.05405405405405406
2004-11-01,Cumhuriyet Halk Partisi,reform,Reform,democratic_reform,13,18,9,2,21.85,21.85,0.5833333333333334,total,2004,55.5,0.3936936936936937
2004-11-01,Adalet ve Kalkınma Partisi,security,Guvenlik,security_conflict,42,89,21,34,108.25,108.25,-0.23214285714285715,total,2004,203.9,0.5308974987739088
2004-11-01,Anavatan Partisi,security,Guvenlik,security_conflict,1,1,1,1,1.7,1.7,0.0,total,2004,203.9,0.008337420304070623
2004-11-01,Cumhuriyet Halk Partisi,security,Guvenlik,security_conflict,26,70,12,44,89.6,89.6,-0.5614035087719298,total,2004,203.9,0.43943109367336924
2004-11-01,Doğru Yol Partisi,security,Guvenlik,security_conflict,4,4,1,0,4.35,4.35,0.5,total,2004,203.9,0.021333987248651296
2004-11-01,Adalet ve Kalkınma Partisi,sovereignty,Egemenlik,security_conflict,2,5,2,2,6.4,6.4,0.0,total,2004,7.4,0.8648648648648649
2004-11-01,Cumhuriyet Halk Partisi,sovereignty,Egemenlik,security_conflict,1,1,0,0,1.0,1.0,0.0,total,2004,7.4,0.13513513513513511
2004-12-01,Adalet ve Kalkınma Partisi,constitution,Anayasa,constitutional_conflict,10,20,4,22,29.1,14.7916,-0.6666666666666666,negative,2004,90.55649000000001,0.16334113656569507
2004-12-01,Cumhuriyet Halk Partisi,constitution,Anayasa,constitutional_conflict,18,104,3,49,122.2,75.76489000000001,-0.8679245283018868,negative,2004,90.55649000000001,0.836658863434305
2004-12-01,Adalet ve Kalkınma Partisi,democracy,Demokrasi,democratic_reform,1,1,0,2,1.7,1.13339,-0.6666666666666666,negative,2004,29.14163,0.0388924710114019
2004-12-01,Cumhuriyet Halk Partisi,democracy,Demokrasi,democratic_reform,12,41,4,24,50.8,26.20815,-0.6896551724137931,negative,2004,29.14163,0.8993371338528422
2004-12-01,Doğru Yol Partisi,democracy,Demokrasi,democratic_reform,1,2,0,2,2.7,1.80009,-0.6666666666666666,negative,2004,29.14163,0.06177039513575596
2004-12-01,Adalet ve Kalkınma Partisi,economy,Ekonomi,macro_economy,24,92,12,69,120.35000000000001,63.024359999999994,-0.6951219512195121,negative,2004,192.064495,0.3281416484603258
2004-12-01,Anavatan Partisi,economy,Ekonomi,macro_economy,4,35,8,33,49.349999999999994,27.4575,-0.5952380952380952,negative,2004,192.064495,0.1429597906682336
2004-12-01,Cumhuriyet Halk Partisi,economy,Ekonomi,macro_economy,40,135,15,116,180.85,100.907635,-0.7651515151515151,negative,2004,192.064495,0.5253841164136037
2004-12-01,Doğru Yol Partisi,economy,Ekonomi,macro_economy,1,1,0,1,1.35,0.675,-0.5,negative,2004,192.064495,0.003514444457836937
2004-12-01,Adalet ve Kalkınma Partisi,european_union,Avrupa Birligi,democratic_reform,9,39,1,14,44.25,22.33547,-0.8125,negative,2004,53.76476,0.4154295490205852
2004-12-01,Anavatan Partisi,european_union,Avrupa Birligi,democratic_reform,1,3,1,2,4.05,1.0125,-0.25,negative,2004,53.76476,0.01883203793711717
2004-12-01,Cumhuriyet Halk Partisi,european_union,Avrupa Birligi,democratic_reform,20,43,7,40,59.45,29.74179,-0.6875,negative,2004,53.76476,0.5531837210842195
2004-12-01,Doğru Yol Partisi,european_union,Avrupa Birligi,democratic_reform,1,1,0,1,1.35,0.675,-0.5,negative,2004,53.76476,0.012554691958078117
2004-12-01,Adalet ve Kalkınma Partisi,imf,IMF,macro_economy,3,8,1,4,9.75,4.1125,-0.5,negative,2004,42.57631,0.09659127341002544
2004-12-01,Anavatan Partisi,imf,IMF,macro_economy,1,6,0,3,7.05,5.2875,-0.75,negative,2004,42.57631,0.12418878009860412
2004-12-01,Cumhuriyet Halk Partisi,imf,IMF,macro_economy,9,41,2,25,50.45,30.88881,-0.8214285714285714,negative,2004,42.57631,0.7254928855976481
2004-12-01,Doğru Yol Partisi,imf,IMF,macro_economy,1,2,0,3,3.05,2.2874999999999996,-0.75,negative,2004,42.57631,0.053727060893722346
2004-12-01,Adalet ve Kalkınma Partisi,inflation,Enflasyon,macro_economy,5,21,1,10,24.85,14.58119,-0.75,negative,2004,34.65752,0.42072225594906965
2004-12-01,Anavatan Partisi,inflation,Enflasyon,macro_economy,2,7,1,5,9.1,4.55,-0.5714285714285714,negative,2004,34.65752,0.13128463894704526
2004-12-01,Cumhuriyet Halk Partisi,inflation,Enflasyon,macro_economy,5,18,1,15,23.6,15.52633,-0.8235294117647058,negative,2004,34.65752,0.4479931051038851
2004-12-01,Adalet ve Kalkınma Partisi,interest,Faiz,macro_economy,8,31,3,23,40.1,23.86463,-0.7407407407407407,negative,2004,51.0559,0.4674215908445449
2004-12-01,Anavatan Partisi,interest,Faiz,macro_economy,1,1,1,2,2.05,0.5125,-0.25,negative,2004,51.0559,0.010038017153747166
2004-12-01,Cumhuriyet Halk Partisi,interest,Faiz,macro_economy,10,43,2,18,50.0,26.67877,-0.7619047619047619,negative,2004,51.0559,0.5225403920017079
2004-12-01,Adalet ve Kalkınma Partisi,law_state,Hukuk Devleti,democratic_reform,17,93,6,41,109.45,69.73404500000001,-0.7291666666666666,negative,2004,179.572585,0.3883334697220069
2004-12-01,Cumhuriyet Halk Partisi,law_state,Hukuk Devleti,democratic_reform,29,188,23,94,228.95,109.83854,-0.6016949152542372,negative,2004,179.572585,0.6116665302779931
2004-12-01,Adalet ve Kalkınma Partisi,reform,Reform,democratic_reform,3,11,2,7,14.149999999999999,5.50589,-0.5,negative,2004,16.92306,0.3253483708029163
2004-12-01,Cumhuriyet Halk Partisi,reform,Reform,democratic_reform,5,15,0,8,17.799999999999997,11.417169999999999,-0.8888888888888888,negative,2004,16.92306,0.6746516291970837
2004-12-01,Adalet ve Kalkınma Partisi,security,Guvenlik,security_conflict,16,48,6,46,66.2,37.57096,-0.7547169811320755,negative,2004,115.736245,0.32462570390114176
2004-12-01,Anavatan Partisi,security,Guvenlik,security_conflict,1,2,1,3,3.4,1.36,-0.4,negative,2004,115.736245,0.011750856440866904
2004-12-01,Bağımsız,security,Guvenlik,security_conflict,1,2,0,2,2.7,1.80009,-0.6666666666666666,negative,2004,115.736245,0.015553381743117725
2004-12-01,Cumhuriyet Halk Partisi,security,Guvenlik,security_conflict,24,103,25,98,146.05,75.005195,-0.5887096774193549,negative,2004,115.736245,0.6480700579148736
2004-12-01,Adalet ve Kalkınma Partisi,sovereignty,Egemenlik,security_conflict,1,1,0,1,1.35,0.675,-0.5,negative,2004,1.35,0.5
2004-12-01,Cumhuriyet Halk Partisi,sovereignty,Egemenlik,security_conflict,1,1,0,1,1.35,0.675,-0.5,negative,2004,1.35,0.5
2004-12-01,Cumhuriyet Halk Partisi,tutelage,Vesayet,constitutional_conflict,3,4,0,6,6.1,4.07,-0.8571428571428571,negative,2004,4.07,1.0
2004-12-01,Adalet ve Kalkınma Partisi,constitution,Anayasa,constitutional_conflict,28,144,63,3,167.1,97.015375,0.8955223880597015,positive,2004,167.90319,0.5778054306174886
2004-12-01,Cumhuriyet Halk Partisi,constitution,Anayasa,constitutional_conflict,31,108,66,7,133.55,70.887815,0.7972972972972973,positive,2004,167.90319,0.4221945693825115
2004-12-01,Adalet ve Kalkınma Partisi,democracy,Demokrasi,democratic_reform,32,120,89,5,152.9,102.98881,0.8842105263157894,positive,2004,167.397625,0.6152345948755247
2004-12-01,Anavatan Partisi,democracy,Demokrasi,democratic_reform,1,3,4,0,4.4,3.5200000000000005,0.8,positive,2004,167.397625,0.02102777742515762
2004-12-01,Cumhuriyet Halk Partisi,democracy,Demokrasi,democratic_reform,26,73,70,7,99.95,60.888815,0.8076923076923077,positive,2004,167.397625,0.3637376276993177
2004-12-01,Adalet ve Kalkınma Partisi,economy,Ekonomi,macro_economy,110,1162,1122,196,1623.3,1057.346895,0.7020470053070508,positive,2004,1285.8243249999998,0.8223105399720915
2004-12-01,Anavatan Partisi,economy,Ekonomi,macro_economy,2,4,3,0,5.050000000000001,3.1417900000000003,0.75,positive,2004,1285.8243249999998,0.002443405322884991
2004-12-01,Bağımsız,economy,Ekonomi,macro_economy,3,22,16,3,28.65,16.990769999999998,0.65,positive,2004,1285.8243249999998,0.013213912405957944
2004-12-01,Cumhuriyet Halk Partisi,economy,Ekonomi,macro_economy,60,262,200,30,342.5,203.6113,0.7359307359307359,positive,2004,1285.8243249999998,0.15835079181598158
2004-12-01,Doğru Yol Partisi,economy,Ekonomi,macro_economy,3,5,6,0,7.1000000000000005,4.73357,0.8571428571428571,positive,2004,1285.8243249999998,0.003681350483084072
2004-12-01,Adalet ve Kalkınma Partisi,european_union,Avrupa Birligi,democratic_reform,73,261,190,13,332.05,217.9401,0.8676470588235294,positive,2004,303.771505,0.7174474775045144
2004-12-01,Anavatan Partisi,european_union,Avrupa Birligi,democratic_reform,1,2,1,0,2.35,1.175,0.5,positive,2004,303.771505,0.0038680389064142144
2004-12-01,Bağımsız,european_union,Avrupa Birligi,democratic_reform,3,5,3,0,6.050000000000001,3.0250000000000004,0.75,positive,2004,303.771505,0.00995814271651319
2004-12-01,Cumhuriyet Halk Partisi,european_union,Avrupa Birligi,democratic_reform,29,86,81,8,117.15,72.886405,0.8111111111111111,positive,2004,303.771505,0.23993825556482
2004-12-01,Doğru Yol Partisi,european_union,Avrupa Birligi,democratic_reform,4,11,10,1,14.850000000000001,8.745000000000001,0.75,positive,2004,303.771505,0.028788085307738135
2004-12-01,Adalet ve Kalkınma Partisi,imf,IMF,macro_economy,8,28,16,0,33.599999999999994,21.405099999999997,0.9411764705882353,positive,2004,52.18147,0.4102050018905178
2004-12-01,Cumhuriyet Halk Partisi,imf,IMF,macro_economy,8,44,11,0,47.85,30.77637,0.9166666666666666,positive,2004,52.18147,0.5897949981094822
2004-12-01,Adalet ve Kalkınma Partisi,inflation,Enflasyon,macro_economy,30,105,91,12,141.05,84.28819,0.7596153846153846,positive,2004,127.416315,0.6615180324434905
2004-12-01,Anavatan Partisi,inflation,Enflasyon,macro_economy,1,3,1,0,3.35,1.675,0.5,positive,2004,127.416315,0.013145883241090436
2004-12-01,Cumhuriyet Halk Partisi,inflation,Enflasyon,macro_economy,16,60,38,3,74.35,41.453125,0.8333333333333334,positive,2004,127.416315,0.3253360843154191
2004-12-01,Adalet ve Kalkınma Partisi,interest,Faiz,macro_economy,28,161,88,16,197.4,105.11718499999999,0.6857142857142857,positive,2004,146.46143999999998,0.7177123548696503
2004-12-01,Cumhuriyet Halk Partisi,interest,Faiz,macro_economy,20,69,41,8,86.15,41.344255,0.66,positive,2004,146.46143999999998,0.2822876451303497
2004-12-01,Adalet ve Kalkınma Partisi,law_state,Hukuk Devleti,democratic_reform,54,431,210,17,510.45,351.09458,0.8464912280701754,positive,2004,656.690675,0.5346422499451511
2004-12-01,Cumhuriyet Halk Partisi,law_state,Hukuk Devleti,democratic_reform,33,397,257,52,505.15,305.596095,0.6612903225806451,positive,2004,656.690675,0.4653577500548488
2004-12-01,Adalet ve Kalkınma Partisi,reform,Reform,democratic_reform,39,112,90,6,145.6,95.02173,0.865979381443299,positive,2004,109.27639,0.8695540729337783
2004-12-01,Anavatan Partisi,reform,Reform,democratic_reform,1,1,2,1,2.05,0.5125,0.25,positive,2004,109.27639,0.004689942630791518
2004-12-01,Cumhuriyet Halk Partisi,reform,Reform,democratic_reform,9,18,13,0,22.55,13.74216,0.9285714285714286,positive,2004,109.27639,0.12575598443543018
2004-12-01,Adalet ve Kalkınma Partisi,security,Guvenlik,security_conflict,27,113,60,6,136.1,80.97583,0.8059701492537313,positive,2004,131.988075,0.6135086825078705
2004-12-01,Anavatan Partisi,security,Guvenlik,security_conflict,1,6,5,0,7.75,6.458075,0.8333333333333334,positive,2004,131.988075,0.04892923091726279
2004-12-01,Cumhuriyet Halk Partisi,security,Guvenlik,security_conflict,17,65,31,5,77.6,41.86667,0.7027027027027027,positive,2004,131.988075,0.31720039859661564
2004-12-01,Doğru Yol Partisi,security,Guvenlik,security_conflict,2,8,3,1,9.4,2.6875,0.4,positive,2004,131.988075,0.020361687978251063
2004-12-01,Adalet ve Kalkınma Partisi,sovereignty,Egemenlik,security_conflict,2,3,4,0,4.4,2.93348,0.8,positive,2004,2.93348,1.0
2004-12-01,Adalet ve Kalkınma Partisi,constitution,Anayasa,constitutional_conflict,72,236,68,26,268.9,268.9,0.4421052631578947,total,2004,690.5999999999999,0.3893715609614828
2004-12-01,Anavatan Partisi,constitution,Anayasa,constitutional_conflict,3,3,0,0,3.0,3.0,0.0,total,2004,690.5999999999999,0.004344048653344918
2004-12-01,Cumhuriyet Halk Partisi,constitution,Anayasa,constitutional_conflict,107,351,89,73,407.7,407.7,0.09815950920245399,total,2004,690.5999999999999,0.5903562119895743
2004-12-01,Doğru Yol Partisi,constitution,Anayasa,constitutional_conflict,5,11,0,0,11.0,11.0,0.0,total,2004,690.5999999999999,0.01592817839559803
2004-12-01,Adalet ve Kalkınma Partisi,democracy,Demokrasi,democratic_reform,61,157,93,11,193.4,193.4,0.780952380952381,total,2004,453.15,0.42679024605539007
2004-12-01,Anavatan Partisi,democracy,Demokrasi,democratic_reform,3,8,4,0,9.4,9.4,0.8,total,2004,453.15,0.020743683107138918
2004-12-01,Bağımsız,democracy,Demokrasi,democratic_reform,1,1,0,0,1.0,1.0,0.0,total,2004,453.15,0.0022067747986318
2004-12-01,Cumhuriyet Halk Partisi,democracy,Demokrasi,democratic_reform,84,203,79,38,243.95,243.95,0.3474576271186441,total,2004,453.15,0.5383427121262275
2004-12-01,Doğru Yol Partisi,democracy,Demokrasi,democratic_reform,3,4,1,3,5.4,5.4,-0.4,total,2004,453.15,0.011916583912611719
2004-12-01,Adalet ve Kalkınma Partisi,economy,Ekonomi,macro_economy,216,1505,1198,318,2035.6,2035.6,0.5800922874093606,total,2004,3079.65,0.6609842027503124
2004-12-01,Anavatan Partisi,economy,Ekonomi,macro_economy,9,48,12,34,64.1,64.1,-0.46808510638297873,total,2004,3079.65,0.020814053545045702
2004-12-01,Bağımsız,economy,Ekonomi,macro_economy,3,22,16,3,28.65,28.65,0.65,total,2004,3079.65,0.009303005211631191
2004-12-01,Cumhuriyet Halk Partisi,economy,Ekonomi,macro_economy,201,758,291,216,935.45,935.45,0.14763779527559054,total,2004,3079.65,0.3037520497459127
2004-12-01,Doğru Yol Partisi,economy,Ekonomi,macro_economy,7,12,8,3,15.85,15.85,0.4166666666666667,total,2004,3079.65,0.005146688747097884
2004-12-01,Adalet ve Kalkınma Partisi,european_union,Avrupa Birligi,democratic_reform,133,383,201,39,467.0,467.0,0.6721991701244814,total,2004,791.75,0.5898326491948216
2004-12-01,Anavatan Partisi,european_union,Avrupa Birligi,democratic_reform,3,6,2,2,7.4,7.4,0.0,total,2004,791.75,0.009346384591095675
2004-12-01,Bağımsız,european_union,Avrupa Birligi,democratic_reform,4,6,3,0,7.050000000000001,7.050000000000001,0.75,total,2004,791.75,0.008904325860435745
2004-12-01,Cumhuriyet Halk Partisi,european_union,Avrupa Birligi,democratic_reform,108,234,104,62,292.1,292.1,0.25149700598802394,total,2004,791.75,0.36892958635933065
2004-12-01,Doğru Yol Partisi,european_union,Avrupa Birligi,democratic_reform,7,14,10,2,18.2,18.2,0.6153846153846154,total,2004,791.75,0.022987053994316387
2004-12-01,Adalet ve Kalkınma Partisi,imf,IMF,macro_economy,23,56,17,4,63.35,63.35,0.5909090909090909,total,2004,237.5,0.26673684210526316
2004-12-01,Anavatan Partisi,imf,IMF,macro_economy,3,24,2,6,26.8,26.8,-0.4444444444444444,total,2004,237.5,0.1128421052631579
2004-12-01,Bağımsız,imf,IMF,macro_economy,1,1,0,0,1.0,1.0,0.0,total,2004,237.5,0.004210526315789474
2004-12-01,Cumhuriyet Halk Partisi,imf,IMF,macro_economy,44,130,13,25,143.3,143.3,-0.3076923076923077,total,2004,237.5,0.6033684210526317
2004-12-01,Doğru Yol Partisi,imf,IMF,macro_economy,1,2,0,3,3.05,3.05,-0.75,total,2004,237.5,0.012842105263157894
2004-12-01,Adalet ve Kalkınma Partisi,inflation,Enflasyon,macro_economy,68,184,102,32,230.9,230.9,0.5185185185185185,total,2004,396.45,0.5824189683440535
2004-12-01,Anavatan Partisi,inflation,Enflasyon,macro_economy,4,11,2,5,13.45,13.45,-0.375,total,2004,396.45,0.03392609408500441
2004-12-01,Bağımsız,inflation,Enflasyon,macro_economy,1,1,0,0,1.0,1.0,0.0,total,2004,396.45,0.0025223861773237483
2004-12-01,Cumhuriyet Halk Partisi,inflation,Enflasyon,macro_economy,44,127,43,23,150.1,150.1,0.29850746268656714,total,2004,396.45,0.3786101652162946
2004-12-01,Doğru Yol Partisi,inflation,Enflasyon,macro_economy,1,1,0,0,1.0,1.0,0.0,total,2004,396.45,0.0025223861773237483
2004-12-01,Adalet ve Kalkınma Partisi,interest,Faiz,macro_economy,61,272,103,52,326.25,326.25,0.3269230769230769,total,2004,609.5,0.5352748154224775
2004-12-01,Anavatan Partisi,interest,Faiz,macro_economy,3,21,8,7,26.25,26.25,0.0625,total,2004,609.5,0.04306808859721083
2004-12-01,Bağımsız,interest,Faiz,macro_economy,2,2,1,1,2.7,2.7,0.0,total,2004,609.5,0.0044298605414274
2004-12-01,Cumhuriyet Halk Partisi,interest,Faiz,macro_economy,57,212,58,40,246.29999999999998,246.29999999999998,0.18181818181818182,total,2004,609.5,0.4041017227235439
2004-12-01,Doğru Yol Partisi,interest,Faiz,macro_economy,3,8,0,0,8.0,8.0,0.0,total,2004,609.5,0.013125512715340444
2004-12-01,Adalet ve Kalkınma Partisi,law_state,Hukuk Devleti,democratic_reform,147,674,226,68,776.9,776.9,0.535593220338983,total,2004,1822.5,0.42628257887517146
2004-12-01,Anavatan Partisi,law_state,Hukuk Devleti,democratic_reform,3,3,0,0,3.0,3.0,0.0,total,2004,1822.5,0.0016460905349794238
2004-12-01,Cumhuriyet Halk Partisi,law_state,Hukuk Devleti,democratic_reform,129,844,346,210,1038.6,1038.6,0.24416517055655296,total,2004,1822.5,0.5698765432098765
2004-12-01,Doğru Yol Partisi,law_state,Hukuk Devleti,democratic_reform,4,4,0,0,4.0,4.0,0.0,total,2004,1822.5,0.0021947873799725653
2004-12-01,Adalet ve Kalkınma Partisi,reform,Reform,democratic_reform,96,193,93,14,230.45,230.45,0.7314814814814815,total,2004,327.95,0.7026985821009301
2004-12-01,Anavatan Partisi,reform,Reform,democratic_reform,2,2,2,1,3.05,3.05,0.25,total,2004,327.95,0.009300198200945266
2004-12-01,Bağımsız,reform,Reform,democratic_reform,3,4,0,0,4.0,4.0,0.0,total,2004,327.95,0.012196981247141333
2004-12-01,Cumhuriyet Halk Partisi,reform,Reform,democratic_reform,48,76,16,11,85.45,85.45,0.17857142857142858,total,2004,327.95,0.26055801189205674
2004-12-01,Doğru Yol Partisi,reform,Reform,democratic_reform,2,5,0,0,5.0,5.0,0.0,total,2004,327.95,0.015246226558926667
2004-12-01,Adalet ve Kalkınma Partisi,security,Guvenlik,security_conflict,111,304,96,82,366.3,366.3,0.0782122905027933,total,2004,702.75,0.5212379935965848
2004-12-01,Anavatan Partisi,security,Guvenlik,security_conflict,3,9,6,3,12.15,12.15,0.3,total,2004,702.75,0.01728922091782284
2004-12-01,Bağımsız,security,Guvenlik,security_conflict,2,3,1,3,4.4,4.4,-0.4,total,2004,702.75,0.006261117040199218
2004-12-01,Cumhuriyet Halk Partisi,security,Guvenlik,security_conflict,82,244,71,119,310.5,310.5,-0.2513089005235602,total,2004,702.75,0.4418356456776948
2004-12-01,Doğru Yol Partisi,security,Guvenlik,security_conflict,2,8,3,1,9.4,9.4,0.4,total,2004,702.75,0.013376022767698328
2004-12-01,Adalet ve Kalkınma Partisi,sovereignty,Egemenlik,security_conflict,4,5,4,1,6.75,6.75,0.5,total,2004,10.1,0.6683168316831684
2004-12-01,Cumhuriyet Halk Partisi,sovereignty,Egemenlik,security_conflict,2,3,0,1,3.35,3.35,-0.5,total,2004,10.1,0.3316831683168317
2004-12-01,Cumhuriyet Halk Partisi,tutelage,Vesayet,constitutional_conflict,4,5,1,7,7.8,7.8,-0.6666666666666666,total,2004,7.8,1.0
2005-01-01,Adalet ve Kalkınma Partisi,constitution,Anayasa,constitutional_conflict,4,25,0,9,28.15,17.46679,-0.9,negative,2005,68.62290999999999,0.2545329249371675
2005-01-01,Anavatan Partisi,constitution,Anayasa,constitutional_conflict,1,1,0,1,1.35,0.675,-0.5,negative,2005,68.62290999999999,0.009836365143943912
2005-01-01,Cumhuriyet Halk Partisi,constitution,Anayasa,constitutional_conflict,13,69,0,23,77.05,48.80611999999999,-0.9583333333333334,negative,2005,68.62290999999999,0.7112219519691019
2005-01-01,Doğru Yol Partisi,constitution,Anayasa,constitutional_conflict,1,3,0,1,3.35,1.675,-0.5,negative,2005,68.62290999999999,0.024408757949786745
2005-01-01,Adalet ve Kalkınma Partisi,democracy,Demokrasi,democratic_reform,1,1,0,1,1.35,0.675,-0.5,negative,2005,9.6934,0.06963500938783089
2005-01-01,Cumhuriyet Halk Partisi,democracy,Demokrasi,democratic_reform,6,11,1,13,15.9,9.0184,-0.8,negative,2005,9.6934,0.930364990612169
2005-01-01,Adalet ve Kalkınma Partisi,economy,Ekonomi,macro_economy,9,32,3,36,45.65,30.238970000000002,-0.825,negative,2005,53.165310000000005,0.5687725699332892
2005-01-01,Cumhuriyet Halk Partisi,economy,Ekonomi,macro_economy,8,27,1,23,35.4,22.92634,-0.88,negative,2005,53.165310000000005,0.43122743006671077
2005-01-01,Cumhuriyet Halk Partisi,european_union,Avrupa Birligi,democratic_reform,1,1,0,1,1.35,0.675,-0.5,negative,2005,0.675,1.0
2005-01-01,Adalet ve Kalkınma Partisi,imf,IMF,macro_economy,1,3,0,1,3.35,1.675,-0.5,negative,2005,11.775000000000002,0.1422505307855626
2005-01-01,Cumhuriyet Halk Partisi,imf,IMF,macro_economy,5,12,0,9,15.15,10.100000000000001,-0.9,negative,2005,11.775000000000002,0.8577494692144373
2005-01-01,Adalet ve Kalkınma Partisi,inflation,Enflasyon,macro_economy,1,3,0,5,4.75,3.958175,-0.8333333333333334,negative,2005,4.6331750000000005,0.8543115682010716
2005-01-01,Cumhuriyet Halk Partisi,inflation,Enflasyon,macro_economy,1,1,0,1,1.35,0.675,-0.5,negative,2005,4.6331750000000005,0.14568843179892838
2005-01-01,Adalet ve Kalkınma Partisi,interest,Faiz,macro_economy,2,2,0,2,2.7,1.35,-0.6666666666666666,negative,2005,7.95839,0.169632300000377
2005-01-01,Cumhuriyet Halk Partisi,interest,Faiz,macro_economy,4,10,1,8,13.149999999999999,6.60839,-0.7,negative,2005,7.95839,0.8303676999996231
2005-01-01,Adalet ve Kalkınma Partisi,law_state,Hukuk Devleti,democratic_reform,5,10,0,7,12.45,6.791779999999999,-0.875,negative,2005,55.455935,0.12247165249310105
2005-01-01,Anavatan Partisi,law_state,Hukuk Devleti,democratic_reform,1,1,0,1,1.35,0.675,-0.5,negative,2005,55.455935,0.01217182615350368
2005-01-01,Cumhuriyet Halk Partisi,law_state,Hukuk Devleti,democratic_reform,14,47,1,46,63.45,47.989155,-0.9375,negative,2005,55.455935,0.8653565213533952
2005-01-01,Adalet ve Kalkınma Partisi,reform,Reform,democratic_reform,2,4,0,2,4.7,2.35,-0.6666666666666666,negative,2005,10.14188,0.23171246356691264
2005-01-01,Cumhuriyet Halk Partisi,reform,Reform,democratic_reform,4,10,0,5,11.75,6.6584900000000005,-0.8333333333333334,negative,2005,10.14188,0.6565340942704903
2005-01-01,Doğru Yol Partisi,reform,Reform,democratic_reform,1,1,0,2,1.7,1.13339,-0.6666666666666666,negative,2005,10.14188,0.11175344216259706
2005-01-01,Adalet ve Kalkınma Partisi,security,Guvenlik,security_conflict,6,13,1,8,16.15,8.01259,-0.7,negative,2005,35.13726,0.22803684749465383
2005-01-01,Bağımsız,security,Guvenlik,security_conflict,1,2,1,2,3.05,0.7625,-0.25,negative,2005,35.13726,0.02170061069075961
2005-01-01,Cumhuriyet Halk Partisi,security,Guvenlik,security_conflict,15,32,0,18,38.3,21.66717,-0.9473684210526315,negative,2005,35.13726,0.6166436995941061
2005-01-01,Doğru Yol Partisi,security,Guvenlik,security_conflict,2,5,0,5,6.75,4.695,-0.8333333333333334,negative,2005,35.13726,0.1336188422204805
2005-01-01,Adalet ve Kalkınma Partisi,tutelage,Vesayet,constitutional_conflict,1,1,0,1,1.35,0.675,-0.5,negative,2005,1.35,0.5
2005-01-01,Cumhuriyet Halk Partisi,tutelage,Vesayet,constitutional_conflict,1,1,0,1,1.35,0.675,-0.5,negative,2005,1.35,0.5
2005-01-01,Adalet ve Kalkınma Partisi,constitution,Anayasa,constitutional_conflict,4,11,4,0,12.399999999999999,6.199999999999999,0.8,positive,2005,19.135089999999998,0.32401206370077174
2005-01-01,Cumhuriyet Halk Partisi,constitution,Anayasa,constitutional_conflict,7,22,13,2,27.25,12.93509,0.6875,positive,2005,19.135089999999998,0.6759879362992284
2005-01-01,Adalet ve Kalkınma Partisi,democracy,Demokrasi,democratic_reform,6,11,11,1,15.2,8.75018,0.7692307692307693,positive,2005,30.832160000000002,0.2838004213781973
2005-01-01,Anavatan Partisi,democracy,Demokrasi,democratic_reform,2,5,3,0,6.050000000000001,3.80849,0.75,positive,2005,30.832160000000002,0.12352329515674541
2005-01-01,Cumhuriyet Halk Partisi,democracy,Demokrasi,democratic_reform,5,22,19,2,29.349999999999998,18.273490000000002,0.7727272727272727,positive,2005,30.832160000000002,0.5926762834650573
2005-01-01,Adalet ve Kalkınma Partisi,economy,Ekonomi,macro_economy,13,57,29,1,67.5,41.779995,0.9032258064516129,positive,2005,61.967335,0.6742261063833066
2005-01-01,Anavatan Partisi,economy,Ekonomi,macro_economy,2,6,4,0,7.4,4.93358,0.8,positive,2005,61.967335,0.07961581694613784
2005-01-01,Bağımsız,economy,Ekonomi,macro_economy,1,1,1,0,1.35,0.675,0.5,positive,2005,61.967335,0.010892835717398531
2005-01-01,Cumhuriyet Halk Partisi,economy,Ekonomi,macro_economy,8,17,15,0,22.25,14.57876,0.9375,positive,2005,61.967335,0.23526524095315704
2005-01-01,Adalet ve Kalkınma Partisi,european_union,Avrupa Birligi,democratic_reform,7,13,11,1,17.2,8.88339,0.7692307692307693,positive,2005,14.31268,0.6206657313654745
2005-01-01,Bağımsız,european_union,Avrupa Birligi,democratic_reform,1,1,1,0,1.35,0.675,0.5,positive,2005,14.31268,0.04716097893616011
2005-01-01,Cumhuriyet Halk Partisi,european_union,Avrupa Birligi,democratic_reform,2,5,5,0,6.75,4.754289999999999,0.8333333333333334,positive,2005,14.31268,0.3321732896983653
2005-01-01,Adalet ve Kalkınma Partisi,imf,IMF,macro_economy,1,5,4,0,6.4,5.120000000000001,0.8,positive,2005,9.645,0.5308449974079835
2005-01-01,Cumhuriyet Halk Partisi,imf,IMF,macro_economy,3,8,3,0,9.049999999999999,4.5249999999999995,0.75,positive,2005,9.645,0.46915500259201653
2005-01-01,Doğru Yol Partisi,inflation,Enflasyon,macro_economy,1,1,1,0,1.35,0.675,0.5,positive,2005,0.675,1.0
2005-01-01,Cumhuriyet Halk Partisi,interest,Faiz,macro_economy,2,2,3,0,3.05,1.80839,0.75,positive,2005,1.80839,1.0
2005-01-01,Adalet ve Kalkınma Partisi,law_state,Hukuk Devleti,democratic_reform,3,6,6,0,8.1,5.67,0.8571428571428571,positive,2005,22.1098,0.25644736723082073
2005-01-01,Cumhuriyet Halk Partisi,law_state,Hukuk Devleti,democratic_reform,4,25,12,1,29.55,16.439799999999998,0.7857142857142857,positive,2005,22.1098,0.7435526327691792
2005-01-01,Adalet ve Kalkınma Partisi,reform,Reform,democratic_reform,6,19,9,1,22.5,12.25,0.7272727272727273,positive,2005,16.775,0.730253353204173
2005-01-01,Cumhuriyet Halk Partisi,reform,Reform,democratic_reform,2,7,2,0,7.699999999999999,3.8499999999999996,0.6666666666666666,positive,2005,16.775,0.22950819672131148
2005-01-01,Doğru Yol Partisi,reform,Reform,democratic_reform,1,1,1,0,1.35,0.675,0.5,positive,2005,16.775,0.04023845007451565
2005-01-01,Adalet ve Kalkınma Partisi,security,Guvenlik,security_conflict,2,2,2,0,2.7,1.35,0.6666666666666666,positive,2005,5.754289999999999,0.2346075710469928
2005-01-01,Cumhuriyet Halk Partisi,security,Guvenlik,security_conflict,3,8,5,1,10.1,4.40429,0.5714285714285714,positive,2005,5.754289999999999,0.7653924289530073
2005-01-01,Adalet ve Kalkınma Partisi,sovereignty,Egemenlik,security_conflict,1,1,2,0,1.7,1.13339,0.6666666666666666,positive,2005,1.13339,1.0
2005-01-01,Adalet ve Kalkınma Partisi,constitution,Anayasa,constitutional_conflict,35,75,5,10,80.25,80.25,-0.3125,total,2005,288.65,0.27801836133725966
2005-01-01,Anavatan Partisi,constitution,Anayasa,constitutional_conflict,1,1,0,1,1.35,1.35,-0.5,total,2005,288.65,0.004676944396327733
2005-01-01,Bağımsız,constitution,Anayasa,constitutional_conflict,1,1,0,0,1.0,1.0,0.0,total,2005,288.65,0.0034644032565390613
2005-01-01,Cumhuriyet Halk Partisi,constitution,Anayasa,constitutional_conflict,56,177,15,27,191.7,191.7,-0.27906976744186046,total,2005,288.65,0.664126104278538
2005-01-01,Doğru Yol Partisi,constitution,Anayasa,constitutional_conflict,6,14,0,1,14.35,14.35,-0.5,total,2005,288.65,0.04971418673133553
2005-01-01,Adalet ve Kalkınma Partisi,democracy,Demokrasi,democratic_reform,10,17,11,2,21.55,21.55,0.6428571428571429,total,2005,103.25,0.20871670702179176
2005-01-01,Anavatan Partisi,democracy,Demokrasi,democratic_reform,3,6,3,0,7.050000000000001,7.050000000000001,0.75,total,2005,103.25,0.06828087167070218
2005-01-01,Cumhuriyet Halk Partisi,democracy,Demokrasi,democratic_reform,27,61,22,17,74.65,74.65,0.125,total,2005,103.25,0.7230024213075061
2005-01-01,Adalet ve Kalkınma Partisi,economy,Ekonomi,macro_economy,37,120,37,42,147.65,147.65,-0.0625,total,2005,275.95,0.5350606994020657
2005-01-01,Anavatan Partisi,economy,Ekonomi,macro_economy,2,6,4,0,7.4,7.4,0.8,total,2005,275.95,0.02681645225584345
2005-01-01,Bağımsız,economy,Ekonomi,macro_economy,2,3,1,0,3.35,3.35,0.5,total,2005,275.95,0.01213988041311832
2005-01-01,Cumhuriyet Halk Partisi,economy,Ekonomi,macro_economy,43,96,23,30,114.55,114.55,-0.12962962962962962,total,2005,275.95,0.41511143323065774
2005-01-01,Doğru Yol Partisi,economy,Ekonomi,macro_economy,2,3,0,0,3.0,3.0,0.0,total,2005,275.95,0.010871534698314913
2005-01-01,Adalet ve Kalkınma Partisi,european_union,Avrupa Birligi,democratic_reform,14,21,11,1,25.2,25.2,0.7692307692307693,total,2005,45.65,0.552026286966046
2005-01-01,Bağımsız,european_union,Avrupa Birligi,democratic_reform,1,1,1,0,1.35,1.35,0.5,total,2005,45.65,0.029572836801752468
2005-01-01,Cumhuriyet Halk Partisi,european_union,Avrupa Birligi,democratic_reform,12,17,5,1,19.1,19.1,0.5714285714285714,total,2005,45.65,0.41840087623220157
2005-01-01,Adalet ve Kalkınma Partisi,imf,IMF,macro_economy,11,25,4,1,26.75,26.75,0.5,total,2005,112.95,0.23683045595396193
2005-01-01,Anavatan Partisi,imf,IMF,macro_economy,1,1,0,0,1.0,1.0,0.0,total,2005,112.95,0.008853474988933156
2005-01-01,Cumhuriyet Halk Partisi,imf,IMF,macro_economy,42,81,3,9,85.2,85.2,-0.46153846153846156,total,2005,112.95,0.7543160690571049
2005-01-01,Adalet ve Kalkınma Partisi,inflation,Enflasyon,macro_economy,3,5,0,5,6.75,6.75,-0.8333333333333334,total,2005,9.45,0.7142857142857143
2005-01-01,Cumhuriyet Halk Partisi,inflation,Enflasyon,macro_economy,1,1,0,1,1.35,1.35,-0.5,total,2005,9.45,0.14285714285714288
2005-01-01,Doğru Yol Partisi,inflation,Enflasyon,macro_economy,1,1,1,0,1.35,1.35,0.5,total,2005,9.45,0.14285714285714288
2005-01-01,Adalet ve Kalkınma Partisi,interest,Faiz,macro_economy,4,4,0,2,4.7,4.7,-0.6666666666666666,total,2005,26.9,0.17472118959107807
2005-01-01,Cumhuriyet Halk Partisi,interest,Faiz,macro_economy,11,18,4,8,22.2,22.2,-0.3076923076923077,total,2005,26.9,0.8252788104089219
2005-01-01,Adalet ve Kalkınma Partisi,law_state,Hukuk Devleti,democratic_reform,22,36,6,7,40.55,40.55,-0.07142857142857142,total,2005,237.6,0.17066498316498316
2005-01-01,Anavatan Partisi,law_state,Hukuk Devleti,democratic_reform,1,1,0,1,1.35,1.35,-0.5,total,2005,237.6,0.005681818181818182
2005-01-01,Bağımsız,law_state,Hukuk Devleti,democratic_reform,3,3,0,0,3.0,3.0,0.0,total,2005,237.6,0.012626262626262626
2005-01-01,Cumhuriyet Halk Partisi,law_state,Hukuk Devleti,democratic_reform,50,152,23,59,180.7,180.7,-0.43373493975903615,total,2005,237.6,0.7605218855218855
2005-01-01,Doğru Yol Partisi,law_state,Hukuk Devleti,democratic_reform,8,12,0,0,12.0,12.0,0.0,total,2005,237.6,0.050505050505050504
2005-01-01,Adalet ve Kalkınma Partisi,reform,Reform,democratic_reform,22,42,9,3,46.2,46.2,0.46153846153846156,total,2005,100.7,0.45878848063555117
2005-01-01,Anavatan Partisi,reform,Reform,democratic_reform,1,1,0,0,1.0,1.0,0.0,total,2005,100.7,0.009930486593843098
2005-01-01,Cumhuriyet Halk Partisi,reform,Reform,democratic_reform,25,48,2,5,50.45,50.45,-0.375,total,2005,100.7,0.5009930486593843
2005-01-01,Doğru Yol Partisi,reform,Reform,democratic_reform,2,2,1,2,3.05,3.05,-0.25,total,2005,100.7,0.030287984111221446
2005-01-01,Adalet ve Kalkınma Partisi,security,Guvenlik,security_conflict,27,44,3,8,47.85,47.85,-0.4166666666666667,total,2005,210.15,0.22769450392576732
2005-01-01,Bağımsız,security,Guvenlik,security_conflict,1,2,1,2,3.05,3.05,-0.25,total,2005,210.15,0.014513442778967402
2005-01-01,Cumhuriyet Halk Partisi,security,Guvenlik,security_conflict,50,124,16,34,141.5,141.5,-0.35294117647058826,total,2005,210.15,0.6733285748275042
2005-01-01,Doğru Yol Partisi,security,Guvenlik,security_conflict,9,16,0,5,17.75,17.75,-0.8333333333333334,total,2005,210.15,0.08446347846776112
2005-01-01,Adalet ve Kalkınma Partisi,sovereignty,Egemenlik,security_conflict,2,2,2,0,2.7,2.7,0.6666666666666666,total,2005,2.7,1.0
2005-01-01,Adalet ve Kalkınma Partisi,tutelage,Vesayet,constitutional_conflict,1,1,0,1,1.35,1.35,-0.5,total,2005,2.7,0.5
2005-01-01,Cumhuriyet Halk Partisi,tutelage,Vesayet,constitutional_conflict,1,1,0,1,1.35,1.35,-0.5,total,2005,2.7,0.5
2005-02-01,Adalet ve Kalkınma Partisi,constitution,Anayasa,constitutional_conflict,8,34,0,17,39.95,27.12097,-0.9444444444444444,negative,2005,95.64019,0.2835729414590247
2005-02-01,Cumhuriyet Halk Partisi,constitution,Anayasa,constitutional_conflict,15,95,3,42,110.75,68.51922,-0.8478260869565217,negative,2005,95.64019,0.7164270585409753
2005-02-01,Adalet ve Kalkınma Partisi,democracy,Demokrasi,democratic_reform,2,2,0,3,3.05,1.80839,-0.75,negative,2005,9.89274,0.18279970968609302
2005-02-01,Cumhuriyet Halk Partisi,democracy,Demokrasi,democratic_reform,2,8,1,10,11.85,8.08435,-0.75,negative,2005,9.89274,0.8172002903139071
2005-02-01,Adalet ve Kalkınma Partisi,economy,Ekonomi,macro_economy,12,59,5,57,80.7,54.17959,-0.8253968253968254,negative,2005,97.8955,0.5534431102553232
2005-02-01,Cumhuriyet Halk Partisi,economy,Ekonomi,macro_economy,15,46,6,52,66.3,41.91582,-0.7796610169491526,negative,2005,97.8955,0.4281690169619645
2005-02-01,Doğru Yol Partisi,economy,Ekonomi,macro_economy,1,2,0,2,2.7,1.80009,-0.6666666666666666,negative,2005,97.8955,0.01838787278271218
2005-02-01,Adalet ve Kalkınma Partisi,european_union,Avrupa Birligi,democratic_reform,1,1,0,1,1.35,0.675,-0.5,negative,2005,10.43759,0.06467010104823048
2005-02-01,Anavatan Partisi,european_union,Avrupa Birligi,democratic_reform,1,7,0,1,7.35,3.675,-0.5,negative,2005,10.43759,0.3520927723736993
2005-02-01,Cumhuriyet Halk Partisi,european_union,Avrupa Birligi,democratic_reform,5,13,1,7,15.8,6.0875900000000005,-0.6666666666666666,negative,2005,10.43759,0.5832371265780703
2005-02-01,Cumhuriyet Halk Partisi,imf,IMF,macro_economy,5,8,0,9,11.15,7.07098,-0.9,negative,2005,7.07098,1.0
2005-02-01,Cumhuriyet Halk Partisi,inflation,Enflasyon,macro_economy,1,2,0,1,2.35,1.175,-0.5,negative,2005,1.175,1.0
2005-02-01,Adalet ve Kalkınma Partisi,interest,Faiz,macro_economy,1,3,0,3,4.05,3.0374999999999996,-0.75,negative,2005,15.641475,0.1941952405383763
2005-02-01,Cumhuriyet Halk Partisi,interest,Faiz,macro_economy,5,14,0,11,17.85,12.603975,-0.9166666666666666,negative,2005,15.641475,0.8058047594616237
2005-02-01,Adalet ve Kalkınma Partisi,law_state,Hukuk Devleti,democratic_reform,11,28,1,20,35.35,20.68348,-0.8636363636363636,negative,2005,54.51733,0.37939275456079746
2005-02-01,Anavatan Partisi,law_state,Hukuk Devleti,democratic_reform,1,4,0,2,4.7,3.13349,-0.6666666666666666,negative,2005,54.51733,0.05747695274144937
2005-02-01,Cumhuriyet Halk Partisi,law_state,Hukuk Devleti,democratic_reform,13,48,5,31,60.6,29.56697,-0.7027027027027027,negative,2005,54.51733,0.5423407565997821
2005-02-01,Doğru Yol Partisi,law_state,Hukuk Devleti,democratic_reform,1,1,0,2,1.7,1.13339,-0.6666666666666666,negative,2005,54.51733,0.020789536097971045
2005-02-01,Adalet ve Kalkınma Partisi,reform,Reform,democratic_reform,5,6,0,6,8.1,4.33339,-0.8571428571428571,negative,2005,6.183389999999999,0.7008113672273624
2005-02-01,Anavatan Partisi,reform,Reform,democratic_reform,1,1,0,1,1.35,0.675,-0.5,negative,2005,6.183389999999999,0.10916342006569214
2005-02-01,Cumhuriyet Halk Partisi,reform,Reform,democratic_reform,1,2,0,1,2.35,1.175,-0.5,negative,2005,6.183389999999999,0.19002521270694558
2005-02-01,Adalet ve Kalkınma Partisi,security,Guvenlik,security_conflict,4,13,0,11,16.85,12.303965,-0.9166666666666666,negative,2005,32.318995,0.3807038244846413
2005-02-01,Anavatan Partisi,security,Guvenlik,security_conflict,1,4,1,2,5.05,1.2625,-0.25,negative,2005,32.318995,0.039063714697811606
2005-02-01,Bağımsız,security,Guvenlik,security_conflict,1,2,0,1,2.35,1.175,-0.5,negative,2005,32.318995,0.03635632853063655
2005-02-01,Cumhuriyet Halk Partisi,security,Guvenlik,security_conflict,11,23,7,30,35.95,17.57753,-0.6052631578947368,negative,2005,32.318995,0.5438761322869105
2005-02-01,Adalet ve Kalkınma Partisi,tutelage,Vesayet,constitutional_conflict,9,44,16,61,70.95,37.74355,-0.5769230769230769,negative,2005,71.498095,0.5278958831001022
2005-02-01,Cumhuriyet Halk Partisi,tutelage,Vesayet,constitutional_conflict,9,32,3,38,46.35,33.754545,-0.8333333333333334,negative,2005,71.498095,0.4721041168998978
2005-02-01,Adalet ve Kalkınma Partisi,constitution,Anayasa,constitutional_conflict,10,32,18,2,39.0,20.86768,0.7619047619047619,positive,2005,52.01268,0.4012037064808043
2005-02-01,Cumhuriyet Halk Partisi,constitution,Anayasa,constitutional_conflict,5,40,12,0,44.2,31.145000000000003,0.9230769230769231,positive,2005,52.01268,0.5987962935191957
2005-02-01,Adalet ve Kalkınma Partisi,democracy,Demokrasi,democratic_reform,8,24,17,3,31.0,15.80233,0.6666666666666666,positive,2005,53.213465,0.29696111689024574
2005-02-01,Anavatan Partisi,democracy,Demokrasi,democratic_reform,2,3,3,0,4.050000000000001,2.47509,0.75,positive,2005,53.213465,0.04651247574274669
2005-02-01,Cumhuriyet Halk Partisi,democracy,Demokrasi,democratic_reform,14,47,40,7,63.449999999999996,34.936045,0.6875,positive,2005,53.213465,0.6565264073670076
2005-02-01,Adalet ve Kalkınma Partisi,economy,Ekonomi,macro_economy,18,73,68,10,100.3,60.751599999999996,0.7341772151898734,positive,2005,140.793745,0.4314936007988139
2005-02-01,Anavatan Partisi,economy,Ekonomi,macro_economy,3,13,18,2,20.0,13.504375,0.7619047619047619,positive,2005,140.793745,0.0959160153030946
2005-02-01,Cumhuriyet Halk Partisi,economy,Ekonomi,macro_economy,25,94,71,12,123.05,63.56268,0.7023809523809523,positive,2005,140.793745,0.45145954459837684
2005-02-01,Doğru Yol Partisi,economy,Ekonomi,macro_economy,2,4,3,0,5.050000000000001,2.97509,0.75,positive,2005,140.793745,0.021130839299714627
2005-02-01,Adalet ve Kalkınma Partisi,european_union,Avrupa Birligi,democratic_reform,14,27,21,1,34.7,20.37154,0.8695652173913043,positive,2005,40.35226,0.5048426036112971
2005-02-01,Cumhuriyet Halk Partisi,european_union,Avrupa Birligi,democratic_reform,10,26,23,5,35.8,17.01822,0.6206896551724138,positive,2005,40.35226,0.4217414340609423
2005-02-01,Doğru Yol Partisi,european_union,Avrupa Birligi,democratic_reform,2,3,4,0,4.4,2.9624999999999995,0.8,positive,2005,40.35226,0.07341596232776056
2005-02-01,Cumhuriyet Halk Partisi,imf,IMF,macro_economy,2,4,5,0,5.75,4.00429,0.8333333333333334,positive,2005,4.00429,1.0
2005-02-01,Adalet ve Kalkınma Partisi,inflation,Enflasyon,macro_economy,3,4,5,0,5.75,3.60848,0.8333333333333334,positive,2005,4.12098,0.8756363777548059
2005-02-01,Cumhuriyet Halk Partisi,inflation,Enflasyon,macro_economy,1,1,2,1,2.05,0.5125,0.25,positive,2005,4.12098,0.12436362224519408
2005-02-01,Adalet ve Kalkınma Partisi,interest,Faiz,macro_economy,1,1,1,0,1.35,0.675,0.5,positive,2005,6.470000000000001,0.10432766615146831
2005-02-01,Cumhuriyet Halk Partisi,interest,Faiz,macro_economy,2,6,5,0,7.75,5.795000000000001,0.8333333333333334,positive,2005,6.470000000000001,0.8956723338485317
2005-02-01,Adalet ve Kalkınma Partisi,law_state,Hukuk Devleti,democratic_reform,9,27,16,0,32.6,22.71169,0.9411764705882353,positive,2005,34.95374,0.6497642312382023
2005-02-01,Anavatan Partisi,law_state,Hukuk Devleti,democratic_reform,1,1,2,0,1.7,1.13339,0.6666666666666666,positive,2005,34.95374,0.032425428580747005
2005-02-01,Cumhuriyet Halk Partisi,law_state,Hukuk Devleti,democratic_reform,9,14,16,1,19.95,11.10866,0.8333333333333334,positive,2005,34.95374,0.3178103401810507
2005-02-01,Adalet ve Kalkınma Partisi,reform,Reform,democratic_reform,10,29,19,0,35.65,22.11089,0.95,positive,2005,35.072720000000004,0.6304298611570474
2005-02-01,Cumhuriyet Halk Partisi,reform,Reform,democratic_reform,6,19,11,1,23.2,12.961829999999999,0.7692307692307693,positive,2005,35.072720000000004,0.36957013884295253
2005-02-01,Adalet ve Kalkınma Partisi,security,Guvenlik,security_conflict,2,6,3,1,7.4,2.1875,0.4,positive,2005,14.18679,0.15419273845598616
2005-02-01,Cumhuriyet Halk Partisi,security,Guvenlik,security_conflict,3,17,11,3,21.900000000000002,11.99929,0.5333333333333333,positive,2005,14.18679,0.8458072615440139
2005-02-01,Adalet ve Kalkınma Partisi,sovereignty,Egemenlik,security_conflict,1,1,1,0,1.35,0.675,0.5,positive,2005,0.675,1.0
2005-02-01,Cumhuriyet Halk Partisi,tutelage,Vesayet,constitutional_conflict,1,1,3,1,2.4,0.96,0.4,positive,2005,0.96,1.0
2005-02-01,Adalet ve Kalkınma Partisi,constitution,Anayasa,constitutional_conflict,56,158,25,26,175.85,175.85,-0.019230769230769232,total,2005,435.65,0.4036497188109721
2005-02-01,Anavatan Partisi,constitution,Anayasa,constitutional_conflict,1,1,0,0,1.0,1.0,0.0,total,2005,435.65,0.002295420635831516
2005-02-01,Cumhuriyet Halk Partisi,constitution,Anayasa,constitutional_conflict,58,225,21,47,248.8,248.8,-0.37681159420289856,total,2005,435.65,0.5711006541948813
2005-02-01,Doğru Yol Partisi,constitution,Anayasa,constitutional_conflict,4,10,0,0,10.0,10.0,0.0,total,2005,435.65,0.022954206358315164
2005-02-01,Adalet ve Kalkınma Partisi,democracy,Demokrasi,democratic_reform,22,43,20,10,53.5,53.5,0.3225806451612903,total,2005,173.3,0.3087132140796307
2005-02-01,Anavatan Partisi,democracy,Demokrasi,democratic_reform,3,6,7,3,9.5,9.5,0.36363636363636365,total,2005,173.3,0.05481823427582227
2005-02-01,Cumhuriyet Halk Partisi,democracy,Demokrasi,democratic_reform,29,84,41,17,104.3,104.3,0.4067796610169492,total,2005,173.3,0.6018465089440277
2005-02-01,Doğru Yol Partisi,democracy,Demokrasi,democratic_reform,4,6,0,0,6.0,6.0,0.0,total,2005,173.3,0.03462204270051933
2005-02-01,Adalet ve Kalkınma Partisi,economy,Ekonomi,macro_economy,52,179,87,83,238.5,238.5,0.023391812865497075,total,2005,568.7,0.41937752769474235
2005-02-01,Anavatan Partisi,economy,Ekonomi,macro_economy,6,22,21,5,31.1,31.1,0.5925925925925926,total,2005,568.7,0.05468612625285739
2005-02-01,Cumhuriyet Halk Partisi,economy,Ekonomi,macro_economy,78,230,87,74,286.35,286.35,0.08024691358024691,total,2005,568.7,0.5035167926850712
2005-02-01,Doğru Yol Partisi,economy,Ekonomi,macro_economy,7,11,3,2,12.75,12.75,0.16666666666666666,total,2005,568.7,0.022419553367328995
2005-02-01,Adalet ve Kalkınma Partisi,european_union,Avrupa Birligi,democratic_reform,20,36,22,3,44.75,44.75,0.7307692307692307,total,2005,131.5,0.3403041825095057
2005-02-01,Anavatan Partisi,european_union,Avrupa Birligi,democratic_reform,1,7,0,1,7.35,7.35,-0.5,total,2005,131.5,0.055893536121673
2005-02-01,Cumhuriyet Halk Partisi,european_union,Avrupa Birligi,democratic_reform,29,60,26,14,74.0,74.0,0.2926829268292683,total,2005,131.5,0.5627376425855514
2005-02-01,Doğru Yol Partisi,european_union,Avrupa Birligi,democratic_reform,3,4,4,0,5.4,5.4,0.8,total,2005,131.5,0.04106463878326996
2005-02-01,Adalet ve Kalkınma Partisi,imf,IMF,macro_economy,1,2,0,0,2.0,2.0,0.0,total,2005,34.6,0.057803468208092484
2005-02-01,Anavatan Partisi,imf,IMF,macro_economy,1,4,0,0,4.0,4.0,0.0,total,2005,34.6,0.11560693641618497
2005-02-01,Cumhuriyet Halk Partisi,imf,IMF,macro_economy,15,23,6,10,28.6,28.6,-0.23529411764705882,total,2005,34.6,0.8265895953757225
2005-02-01,Adalet ve Kalkınma Partisi,inflation,Enflasyon,macro_economy,6,7,5,0,8.75,8.75,0.8333333333333334,total,2005,21.15,0.4137115839243499
2005-02-01,Cumhuriyet Halk Partisi,inflation,Enflasyon,macro_economy,5,9,2,2,10.4,10.4,0.0,total,2005,21.15,0.49172576832151305
2005-02-01,Doğru Yol Partisi,inflation,Enflasyon,macro_economy,2,2,0,0,2.0,2.0,0.0,total,2005,21.15,0.09456264775413713
2005-02-01,Adalet ve Kalkınma Partisi,interest,Faiz,macro_economy,9,13,1,3,14.4,14.4,-0.4,total,2005,60.0,0.24000000000000002
2005-02-01,Anavatan Partisi,interest,Faiz,macro_economy,1,3,0,0,3.0,3.0,0.0,total,2005,60.0,0.05
2005-02-01,Cumhuriyet Halk Partisi,interest,Faiz,macro_economy,14,37,5,11,42.6,42.6,-0.35294117647058826,total,2005,60.0,0.7100000000000001
2005-02-01,Adalet ve Kalkınma Partisi,law_state,Hukuk Devleti,democratic_reform,46,110,19,22,124.35,124.35,-0.07142857142857142,total,2005,294.2,0.4226716519374575
2005-02-01,Anavatan Partisi,law_state,Hukuk Devleti,democratic_reform,3,6,2,2,7.4,7.4,0.0,total,2005,294.2,0.025152957171991844
2005-02-01,Cumhuriyet Halk Partisi,law_state,Hukuk Devleti,democratic_reform,52,120,26,37,142.05,142.05,-0.171875,total,2005,294.2,0.48283480625424885
2005-02-01,Doğru Yol Partisi,law_state,Hukuk Devleti,democratic_reform,6,19,1,3,20.4,20.4,-0.4,total,2005,294.2,0.06934058463630183
2005-02-01,Adalet ve Kalkınma Partisi,reform,Reform,democratic_reform,29,65,24,11,77.25,77.25,0.3611111111111111,total,2005,147.6,0.5233739837398375
2005-02-01,Anavatan Partisi,reform,Reform,democratic_reform,2,3,0,1,3.35,3.35,-0.5,total,2005,147.6,0.02269647696476965
2005-02-01,Cumhuriyet Halk Partisi,reform,Reform,democratic_reform,26,55,15,5,62.0,62.0,0.47619047619047616,total,2005,147.6,0.42005420054200543
2005-02-01,Doğru Yol Partisi,reform,Reform,democratic_reform,3,5,0,0,5.0,5.0,0.0,total,2005,147.6,0.03387533875338754
2005-02-01,Adalet ve Kalkınma Partisi,security,Guvenlik,security_conflict,13,34,6,15,41.35,41.35,-0.4090909090909091,total,2005,114.60000000000001,0.36082024432809773
2005-02-01,Anavatan Partisi,security,Guvenlik,security_conflict,2,5,1,2,6.05,6.05,-0.25,total,2005,114.60000000000001,0.05279232111692844
2005-02-01,Bağımsız,security,Guvenlik,security_conflict,1,2,0,1,2.35,2.35,-0.5,total,2005,114.60000000000001,0.02050610820244328
2005-02-01,Cumhuriyet Halk Partisi,security,Guvenlik,security_conflict,20,46,18,33,63.85,63.85,-0.28846153846153844,total,2005,114.60000000000001,0.5571553228621291
2005-02-01,Doğru Yol Partisi,security,Guvenlik,security_conflict,1,1,0,0,1.0,1.0,0.0,total,2005,114.60000000000001,0.008726003490401396
2005-02-01,Adalet ve Kalkınma Partisi,sovereignty,Egemenlik,security_conflict,2,2,1,0,2.35,2.35,0.5,total,2005,2.35,1.0
2005-02-01,Adalet ve Kalkınma Partisi,tutelage,Vesayet,constitutional_conflict,12,47,19,64,76.05,76.05,-0.5357142857142857,total,2005,126.5,0.6011857707509881
2005-02-01,Cumhuriyet Halk Partisi,tutelage,Vesayet,constitutional_conflict,10,33,6,39,48.75,48.75,-0.717391304347826,total,2005,126.5,0.38537549407114624
2005-02-01,Doğru Yol Partisi,tutelage,Vesayet,constitutional_conflict,1,1,1,1,1.7,1.7,0.0,total,2005,126.5,0.013438735177865613
2005-03-01,Adalet ve Kalkınma Partisi,constitution,Anayasa,constitutional_conflict,9,56,3,14,61.95,22.20016,-0.6111111111111112,negative,2005,57.13793,0.38853630154260055
2005-03-01,Cumhuriyet Halk Partisi,constitution,Anayasa,constitutional_conflict,14,52,0,19,58.65,34.93777,-0.95,negative,2005,57.13793,0.6114636984573996
2005-03-01,Adalet ve Kalkınma Partisi,democracy,Demokrasi,democratic_reform,8,27,0,14,31.900000000000002,21.9827,-0.9333333333333333,negative,2005,35.66538,0.6163596182067878
2005-03-01,Cumhuriyet Halk Partisi,democracy,Demokrasi,democratic_reform,9,17,1,14,22.25,11.88259,-0.8125,negative,2005,35.66538,0.33316874795670204
2005-03-01,Doğru Yol Partisi,democracy,Demokrasi,democratic_reform,1,2,0,2,2.7,1.80009,-0.6666666666666666,negative,2005,35.66538,0.05047163383651036
2005-03-01,Adalet ve Kalkınma Partisi,economy,Ekonomi,macro_economy,20,124,17,115,170.2,102.37442,-0.7368421052631579,negative,2005,234.86104500000002,0.43589357272935575
2005-03-01,Anavatan Partisi,economy,Ekonomi,macro_economy,5,69,2,27,79.15,56.24962000000001,-0.8333333333333334,negative,2005,234.86104500000002,0.2395017019531698
2005-03-01,Cumhuriyet Halk Partisi,economy,Ekonomi,macro_economy,22,96,17,72,127.15,67.169555,-0.6111111111111112,negative,2005,234.86104500000002,0.28599700303641246
2005-03-01,Doğru Yol Partisi,economy,Ekonomi,macro_economy,5,11,2,12,15.9,9.06745,-0.6666666666666666,negative,2005,234.86104500000002,0.03860772228106197
2005-03-01,Adalet ve Kalkınma Partisi,european_union,Avrupa Birligi,democratic_reform,4,4,0,7,6.45,3.9450000000000003,-0.875,negative,2005,11.20687,0.35201621862304106
2005-03-01,Bağımsız,european_union,Avrupa Birligi,democratic_reform,1,2,0,2,2.7,1.80009,-0.6666666666666666,negative,2005,11.20687,0.160623795939455
2005-03-01,Cumhuriyet Halk Partisi,european_union,Avrupa Birligi,democratic_reform,5,7,3,12,12.25,5.46178,-0.5625,negative,2005,11.20687,0.487359985437504
2005-03-01,Adalet ve Kalkınma Partisi,imf,IMF,macro_economy,1,1,0,1,1.35,0.675,-0.5,negative,2005,15.707680000000002,0.042972609576971264
2005-03-01,Anavatan Partisi,imf,IMF,macro_economy,1,3,0,2,3.7,2.46679,-0.6666666666666666,negative,2005,15.707680000000002,0.15704356085685472
2005-03-01,Cumhuriyet Halk Partisi,imf,IMF,macro_economy,6,15,0,12,19.2,12.565890000000001,-0.9230769230769231,negative,2005,15.707680000000002,0.799983829566174
2005-03-01,Adalet ve Kalkınma Partisi,inflation,Enflasyon,macro_economy,1,1,1,2,2.05,0.5125,-0.25,negative,2005,5.50429,0.09310919301126938
2005-03-01,Anavatan Partisi,inflation,Enflasyon,macro_economy,1,2,0,1,2.35,1.175,-0.5,negative,2005,5.50429,0.21346985714778838
2005-03-01,Cumhuriyet Halk Partisi,inflation,Enflasyon,macro_economy,3,5,0,4,6.4,3.81679,-0.8,negative,2005,5.50429,0.6934209498409423
2005-03-01,Adalet ve Kalkınma Partisi,interest,Faiz,macro_economy,5,39,0,8,41.8,26.25107,-0.8888888888888888,negative,2005,40.26786,0.6519112264719307
2005-03-01,Cumhuriyet Halk Partisi,interest,Faiz,macro_economy,7,24,0,8,26.8,14.01679,-0.8888888888888888,negative,2005,40.26786,0.34808877352806933
2005-03-01,Adalet ve Kalkınma Partisi,law_state,Hukuk Devleti,democratic_reform,23,139,6,52,159.3,96.739345,-0.7796610169491526,negative,2005,171.969765,0.5625369378157841
2005-03-01,Cumhuriyet Halk Partisi,law_state,Hukuk Devleti,democratic_reform,28,108,5,55,129.0,73.05542,-0.819672131147541,negative,2005,171.969765,0.42481549009501757
2005-03-01,Doğru Yol Partisi,law_state,Hukuk Devleti,democratic_reform,1,4,0,1,4.35,2.175,-0.5,negative,2005,171.969765,0.012647572089198353
2005-03-01,Adalet ve Kalkınma Partisi,reform,Reform,democratic_reform,3,6,0,4,7.4,4.31679,-0.8,negative,2005,10.71679,0.4028062507523242
2005-03-01,Cumhuriyet Halk Partisi,reform,Reform,democratic_reform,4,10,1,7,12.8,6.4,-0.6666666666666666,negative,2005,10.71679,0.5971937492476759
2005-03-01,Adalet ve Kalkınma Partisi,security,Guvenlik,security_conflict,14,29,3,38,43.35,28.33503,-0.8333333333333334,negative,2005,70.26329,0.403269331680882
2005-03-01,Cumhuriyet Halk Partisi,security,Guvenlik,security_conflict,21,39,1,59,60.0,41.92826,-0.9508196721311475,negative,2005,70.26329,0.596730668319118
2005-03-01,Adalet ve Kalkınma Partisi,constitution,Anayasa,constitutional_conflict,15,47,23,2,55.75,27.137169999999998,0.8076923076923077,positive,2005,80.90289,0.3354289321432151
2005-03-01,Cumhuriyet Halk Partisi,constitution,Anayasa,constitutional_conflict,18,74,33,2,86.25,53.76572,0.8611111111111112,positive,2005,80.90289,0.6645710678567849
2005-03-01,Adalet ve Kalkınma Partisi,democracy,Demokrasi,democratic_reform,9,24,21,0,31.35,22.098255,0.9545454545454546,positive,2005,58.432860000000005,0.3781819852733547
2005-03-01,Anavatan Partisi,democracy,Demokrasi,democratic_reform,1,2,3,0,3.05,2.2874999999999996,0.75,positive,2005,58.432860000000005,0.039147493379581275
2005-03-01,Cumhuriyet Halk Partisi,democracy,Demokrasi,democratic_reform,16,38,40,2,52.7,34.047105,0.8837209302325582,positive,2005,58.432860000000005,0.582670521347064
2005-03-01,Adalet ve Kalkınma Partisi,economy,Ekonomi,macro_economy,32,156,133,7,205.0,145.65554,0.8936170212765957,positive,2005,275.180025,0.5293100035149717
2005-03-01,Cumhuriyet Halk Partisi,economy,Ekonomi,macro_economy,30,155,133,19,208.2,129.524485,0.7450980392156863,positive,2005,275.180025,0.4706899964850283
2005-03-01,Adalet ve Kalkınma Partisi,european_union,Avrupa Birligi,democratic_reform,8,18,16,3,24.650000000000002,12.04304,0.65,positive,2005,30.585,0.3937564165440575
2005-03-01,Cumhuriyet Halk Partisi,european_union,Avrupa Birligi,democratic_reform,14,30,20,2,37.7,18.54196,0.782608695652174,positive,2005,30.585,0.6062435834559424
2005-03-01,Cumhuriyet Halk Partisi,imf,IMF,macro_economy,3,15,6,0,17.1,11.429589999999997,0.8571428571428571,positive,2005,11.429589999999997,1.0
2005-03-01,Adalet ve Kalkınma Partisi,inflation,Enflasyon,macro_economy,3,14,13,0,18.55,15.03952,0.9285714285714286,positive,2005,21.531299999999998,0.6984956783844914
2005-03-01,Cumhuriyet Halk Partisi,inflation,Enflasyon,macro_economy,5,7,10,1,10.85,6.491779999999999,0.75,positive,2005,21.531299999999998,0.3015043216155086
2005-03-01,Adalet ve Kalkınma Partisi,interest,Faiz,macro_economy,8,54,19,2,61.349999999999994,31.706415,0.7727272727272727,positive,2005,42.660705,0.7432229495504118
2005-03-01,Cumhuriyet Halk Partisi,interest,Faiz,macro_economy,6,16,9,0,19.15,10.95429,0.9,positive,2005,42.660705,0.2567770504495882
2005-03-01,Adalet ve Kalkınma Partisi,law_state,Hukuk Devleti,democratic_reform,17,90,56,3,110.65,77.38813,0.8833333333333333,positive,2005,144.95703500000002,0.5338694324149221
2005-03-01,Cumhuriyet Halk Partisi,law_state,Hukuk Devleti,democratic_reform,21,109,47,9,128.6,65.393905,0.6666666666666666,positive,2005,144.95703500000002,0.45112612161251775
2005-03-01,Doğru Yol Partisi,law_state,Hukuk Devleti,democratic_reform,1,4,1,0,4.35,2.175,0.5,positive,2005,144.95703500000002,0.015004445972560072
2005-03-01,Adalet ve Kalkınma Partisi,reform,Reform,democratic_reform,5,13,8,0,15.8,10.120000000000001,0.8888888888888888,positive,2005,20.99089,0.48211390750940053
2005-03-01,Cumhuriyet Halk Partisi,reform,Reform,democratic_reform,9,23,11,1,27.200000000000003,10.87089,0.7692307692307693,positive,2005,20.99089,0.5178860924905995
2005-03-01,Adalet ve Kalkınma Partisi,security,Guvenlik,security_conflict,10,40,20,2,47.7,27.012680000000003,0.782608695652174,positive,2005,47.302060000000004,0.5710677293969861
2005-03-01,Cumhuriyet Halk Partisi,security,Guvenlik,security_conflict,11,29,17,1,35.300000000000004,20.28938,0.8421052631578947,positive,2005,47.302060000000004,0.4289322706030139
2005-03-01,Adalet ve Kalkınma Partisi,sovereignty,Egemenlik,security_conflict,1,1,1,0,1.35,0.675,0.5,positive,2005,1.85,0.36486486486486486
2005-03-01,Cumhuriyet Halk Partisi,sovereignty,Egemenlik,security_conflict,1,2,1,0,2.35,1.175,0.5,positive,2005,1.85,0.6351351351351351
2005-03-01,Adalet ve Kalkınma Partisi,constitution,Anayasa,constitutional_conflict,53,153,26,16,167.7,167.7,0.23255813953488372,total,2005,430.0,0.38999999999999996
2005-03-01,Anavatan Partisi,constitution,Anayasa,constitutional_conflict,2,2,1,1,2.7,2.7,0.0,total,2005,430.0,0.006279069767441861
2005-03-01,Cumhuriyet Halk Partisi,constitution,Anayasa,constitutional_conflict,75,228,34,22,247.6,247.6,0.21052631578947367,total,2005,430.0,0.575813953488372
2005-03-01,Doğru Yol Partisi,constitution,Anayasa,constitutional_conflict,6,12,0,0,12.0,12.0,0.0,total,2005,430.0,0.027906976744186046
2005-03-01,Adalet ve Kalkınma Partisi,democracy,Demokrasi,democratic_reform,43,97,21,14,109.25,109.25,0.19444444444444445,total,2005,264.85,0.4124976401736832
2005-03-01,Anavatan Partisi,democracy,Demokrasi,democratic_reform,3,4,3,0,5.05,5.05,0.75,total,2005,264.85,0.019067396639607322
2005-03-01,Bağımsız,democracy,Demokrasi,democratic_reform,1,1,0,0,1.0,1.0,0.0,total,2005,264.85,0.0037757221068529354
2005-03-01,Cumhuriyet Halk Partisi,democracy,Demokrasi,democratic_reform,65,121,48,23,145.85,145.85,0.3472222222222222,total,2005,264.85,0.5506890692845006
2005-03-01,Doğru Yol Partisi,democracy,Demokrasi,democratic_reform,2,3,0,2,3.7,3.7,-0.6666666666666666,total,2005,264.85,0.013970171795355861
2005-03-01,Adalet ve Kalkınma Partisi,economy,Ekonomi,macro_economy,107,396,157,128,495.75,495.75,0.10139860139860139,total,2005,1113.35,0.4452777653029147
2005-03-01,Anavatan Partisi,economy,Ekonomi,macro_economy,7,71,2,27,81.15,81.15,-0.8333333333333334,total,2005,1113.35,0.07288813041720933
2005-03-01,Cumhuriyet Halk Partisi,economy,Ekonomi,macro_economy,123,410,165,108,505.55,505.55,0.20802919708029197,total,2005,1113.35,0.45408002874208475
2005-03-01,Doğru Yol Partisi,economy,Ekonomi,macro_economy,13,26,2,12,30.9,30.9,-0.6666666666666666,total,2005,1113.35,0.027754075537791353
2005-03-01,Adalet ve Kalkınma Partisi,european_union,Avrupa Birligi,democratic_reform,30,65,18,12,75.5,75.5,0.1935483870967742,total,2005,168.65,0.4476726949303291
2005-03-01,Anavatan Partisi,european_union,Avrupa Birligi,democratic_reform,2,3,1,1,3.7,3.7,0.0,total,2005,168.65,0.021938926771420102
2005-03-01,Bağımsız,european_union,Avrupa Birligi,democratic_reform,1,2,0,2,2.7,2.7,-0.6666666666666666,total,2005,168.65,0.016009487103468723
2005-03-01,Cumhuriyet Halk Partisi,european_union,Avrupa Birligi,democratic_reform,42,68,27,18,83.75,83.75,0.1956521739130435,total,2005,168.65,0.49659057219092795
2005-03-01,Doğru Yol Partisi,european_union,Avrupa Birligi,democratic_reform,2,3,0,0,3.0,3.0,0.0,total,2005,168.65,0.017788319003854136
2005-03-01,Adalet ve Kalkınma Partisi,imf,IMF,macro_economy,4,6,0,1,6.35,6.35,-0.5,total,2005,81.95,0.0774862721171446
2005-03-01,Anavatan Partisi,imf,IMF,macro_economy,1,3,0,2,3.7,3.7,-0.6666666666666666,total,2005,81.95,0.04514948139109213
2005-03-01,Cumhuriyet Halk Partisi,imf,IMF,macro_economy,27,60,14,20,71.9,71.9,-0.17142857142857143,total,2005,81.95,0.8773642464917633
2005-03-01,Adalet ve Kalkınma Partisi,inflation,Enflasyon,macro_economy,11,23,14,2,28.6,28.6,0.7058823529411765,total,2005,66.9,0.42750373692077726
2005-03-01,Anavatan Partisi,inflation,Enflasyon,macro_economy,3,8,0,1,8.35,8.35,-0.5,total,2005,66.9,0.12481315396113601
2005-03-01,Cumhuriyet Halk Partisi,inflation,Enflasyon,macro_economy,15,24,11,6,29.95,29.95,0.2777777777777778,total,2005,66.9,0.4476831091180867
2005-03-01,Adalet ve Kalkınma Partisi,interest,Faiz,macro_economy,33,157,22,13,169.25,169.25,0.25,total,2005,330.35,0.5123354018465264
2005-03-01,Anavatan Partisi,interest,Faiz,macro_economy,2,21,0,0,21.0,21.0,0.0,total,2005,330.35,0.06356894203117905
2005-03-01,Cumhuriyet Halk Partisi,interest,Faiz,macro_economy,46,131,14,12,140.1,140.1,0.07407407407407407,total,2005,330.35,0.4240956561222945
2005-03-01,Adalet ve Kalkınma Partisi,law_state,Hukuk Devleti,democratic_reform,97,342,70,62,388.2,388.2,0.06015037593984962,total,2005,853.8000000000001,0.45467322557976103
2005-03-01,Anavatan Partisi,law_state,Hukuk Devleti,democratic_reform,3,7,0,0,7.0,7.0,0.0,total,2005,853.8000000000001,0.008198641368001873
2005-03-01,Bağımsız,law_state,Hukuk Devleti,democratic_reform,1,1,0,0,1.0,1.0,0.0,total,2005,853.8000000000001,0.0011712344811431249
2005-03-01,Cumhuriyet Halk Partisi,law_state,Hukuk Devleti,democratic_reform,130,397,61,73,443.90000000000003,443.90000000000003,-0.08888888888888889,total,2005,853.8000000000001,0.5199109861794331
2005-03-01,Doğru Yol Partisi,law_state,Hukuk Devleti,democratic_reform,4,13,1,1,13.7,13.7,0.0,total,2005,853.8000000000001,0.016045912391660807
2005-03-01,Adalet ve Kalkınma Partisi,reform,Reform,democratic_reform,27,56,9,5,60.9,60.9,0.26666666666666666,total,2005,113.9,0.5346795434591747
2005-03-01,Anavatan Partisi,reform,Reform,democratic_reform,1,1,0,0,1.0,1.0,0.0,total,2005,113.9,0.00877963125548727
2005-03-01,Cumhuriyet Halk Partisi,reform,Reform,democratic_reform,21,45,12,8,52.0,52.0,0.19047619047619047,total,2005,113.9,0.456540825285338
2005-03-01,Adalet ve Kalkınma Partisi,security,Guvenlik,security_conflict,44,112,26,43,136.15,136.15,-0.24285714285714285,total,2005,342.90000000000003,0.3970545348498104
2005-03-01,Anavatan Partisi,security,Guvenlik,security_conflict,4,5,1,1,5.7,5.7,0.0,total,2005,342.90000000000003,0.016622922134733157
2005-03-01,Bağımsız,security,Guvenlik,security_conflict,2,2,0,0,2.0,2.0,0.0,total,2005,342.90000000000003,0.005832604257801108
2005-03-01,Cumhuriyet Halk Partisi,security,Guvenlik,security_conflict,63,144,28,71,178.65,178.65,-0.43,total,2005,342.90000000000003,0.520997375328084
2005-03-01,Doğru Yol Partisi,security,Guvenlik,security_conflict,11,19,2,2,20.4,20.4,0.0,total,2005,342.90000000000003,0.059492563429571294
2005-03-01,Adalet ve Kalkınma Partisi,sovereignty,Egemenlik,security_conflict,3,5,1,0,5.35,5.35,0.5,total,2005,7.699999999999999,0.6948051948051949
2005-03-01,Cumhuriyet Halk Partisi,sovereignty,Egemenlik,security_conflict,1,2,1,0,2.35,2.35,0.5,total,2005,7.699999999999999,0.30519480519480524
2005-04-01,Adalet ve Kalkınma Partisi,constitution,Anayasa,constitutional_conflict,6,30,0,9,33.15,19.925669999999997,-0.9,negative,2005,68.22192,0.29207137529990357
2005-04-01,Cumhuriyet Halk Partisi,constitution,Anayasa,constitutional_conflict,14,72,4,27,82.85,44.90125,-0.71875,negative,2005,68.22192,0.6581645605987049
2005-04-01,Doğru Yol Partisi,constitution,Anayasa,constitutional_conflict,2,3,0,5,4.75,3.3950000000000005,-0.8333333333333334,negative,2005,68.22192,0.04976406410139147
2005-04-01,Adalet ve Kalkınma Partisi,democracy,Demokrasi,democratic_reform,6,10,1,9,13.5,6.59339,-0.7272727272727273,negative,2005,20.34536,0.3240734005198237
2005-04-01,Anavatan Partisi,democracy,Demokrasi,democratic_reform,1,1,0,1,1.35,0.675,-0.5,negative,2005,20.34536,0.03317709787391327
2005-04-01,Cumhuriyet Halk Partisi,democracy,Demokrasi,democratic_reform,10,18,1,15,23.6,13.07697,-0.8235294117647058,negative,2005,20.34536,0.642749501606263
2005-04-01,Adalet ve Kalkınma Partisi,economy,Ekonomi,macro_economy,6,21,3,16,27.650000000000002,15.445649999999999,-0.65,negative,2005,112.22651499999999,0.13762924029138746
2005-04-01,Bağımsız,economy,Ekonomi,macro_economy,1,8,0,1,8.35,4.175,-0.5,negative,2005,112.22651499999999,0.037201547245764514
2005-04-01,Cumhuriyet Halk Partisi,economy,Ekonomi,macro_economy,22,99,11,79,130.5,80.537115,-0.7472527472527473,negative,2005,112.22651499999999,0.7176300092718731
2005-04-01,Doğru Yol Partisi,economy,Ekonomi,macro_economy,5,11,0,15,16.25,12.06875,-0.9375,negative,2005,112.22651499999999,0.10753920319097497
2005-04-01,Adalet ve Kalkınma Partisi,european_union,Avrupa Birligi,democratic_reform,3,4,0,4,5.4,2.98339,-0.8,negative,2005,17.04809,0.17499848956686645
2005-04-01,Cumhuriyet Halk Partisi,european_union,Avrupa Birligi,democratic_reform,6,14,1,17,20.3,14.064699999999998,-0.8421052631578947,negative,2005,17.04809,0.8250015104331335
2005-04-01,Cumhuriyet Halk Partisi,imf,IMF,macro_economy,6,10,0,10,13.5,8.74598,-0.9090909090909091,negative,2005,8.74598,1.0
2005-04-01,Adalet ve Kalkınma Partisi,inflation,Enflasyon,macro_economy,3,6,0,6,8.1,5.07,-0.8571428571428571,negative,2005,9.5825,0.5290894860422646
2005-04-01,Cumhuriyet Halk Partisi,inflation,Enflasyon,macro_economy,1,17,1,2,18.05,4.5125,-0.25,negative,2005,9.5825,0.4709105139577355
2005-04-01,Adalet ve Kalkınma Partisi,interest,Faiz,macro_economy,4,10,0,7,12.45,7.93759,-0.875,negative,2005,32.51634,0.24411080705885105
2005-04-01,Cumhuriyet Halk Partisi,interest,Faiz,macro_economy,6,32,2,17,38.65,24.57875,-0.75,negative,2005,32.51634,0.755889192941149
2005-04-01,Adalet ve Kalkınma Partisi,law_state,Hukuk Devleti,democratic_reform,17,45,1,35,57.6,36.37139,-0.918918918918919,negative,2005,169.622645,0.21442532039280485
2005-04-01,Anavatan Partisi,law_state,Hukuk Devleti,democratic_reform,1,3,0,1,3.35,1.675,-0.5,negative,2005,169.622645,0.009874860753409428
2005-04-01,Cumhuriyet Halk Partisi,law_state,Hukuk Devleti,democratic_reform,32,148,4,84,178.79999999999998,121.482335,-0.898876404494382,negative,2005,169.622645,0.7161917266412159
2005-04-01,Doğru Yol Partisi,law_state,Hukuk Devleti,democratic_reform,3,18,2,8,21.5,10.09392,-0.5454545454545454,negative,2005,169.622645,0.05950809221256985
2005-04-01,Cumhuriyet Halk Partisi,reform,Reform,democratic_reform,4,7,0,5,8.75,4.65839,-0.8333333333333334,negative,2005,4.65839,1.0
2005-04-01,Adalet ve Kalkınma Partisi,security,Guvenlik,security_conflict,9,49,5,38,64.05,43.631589999999996,-0.75,negative,2005,61.33248,0.7113945172280658
2005-04-01,Anavatan Partisi,security,Guvenlik,security_conflict,2,4,0,4,5.4,3.7124999999999995,-0.8,negative,2005,61.33248,0.06053073347107438
2005-04-01,Cumhuriyet Halk Partisi,security,Guvenlik,security_conflict,8,22,2,19,29.35,13.988389999999999,-0.7727272727272727,negative,2005,61.33248,0.22807474930085983
2005-04-01,Adalet ve Kalkınma Partisi,tutelage,Vesayet,constitutional_conflict,1,1,0,1,1.35,0.675,-0.5,negative,2005,0.675,1.0
2005-04-01,Adalet ve Kalkınma Partisi,constitution,Anayasa,constitutional_conflict,12,41,23,1,49.4,30.29336,0.88,positive,2005,92.68642,0.32683709220832996
2005-04-01,Cumhuriyet Halk Partisi,constitution,Anayasa,constitutional_conflict,24,99,49,7,118.60000000000001,58.69306,0.7368421052631579,positive,2005,92.68642,0.6332433597068482
2005-04-01,Doğru Yol Partisi,constitution,Anayasa,constitutional_conflict,4,6,4,0,7.4,3.7,0.8,positive,2005,92.68642,0.03991954808482192
2005-04-01,Adalet ve Kalkınma Partisi,democracy,Demokrasi,democratic_reform,18,55,42,4,71.1,43.48304,0.8085106382978723,positive,2005,64.73063,0.6717536968201916
2005-04-01,Cumhuriyet Halk Partisi,democracy,Demokrasi,democratic_reform,12,39,25,5,49.5,21.24759,0.6451612903225806,positive,2005,64.73063,0.32824630317980835
2005-04-01,Adalet ve Kalkınma Partisi,economy,Ekonomi,macro_economy,43,290,254,21,386.25,287.370465,0.8442028985507246,positive,2005,402.19157,0.7145114080834664
2005-04-01,Anavatan Partisi,economy,Ekonomi,macro_economy,4,20,8,1,23.150000000000002,10.982500000000002,0.7,positive,2005,402.19157,0.027306638973064505
2005-04-01,Bağımsız,economy,Ekonomi,macro_economy,2,4,6,0,6.1,4.52009,0.8571428571428571,positive,2005,402.19157,0.011238649283474539
2005-04-01,Cumhuriyet Halk Partisi,economy,Ekonomi,macro_economy,25,124,79,10,155.15,94.724765,0.7666666666666667,positive,2005,402.19157,0.23552150782275222
2005-04-01,Doğru Yol Partisi,economy,Ekonomi,macro_economy,2,9,6,2,11.799999999999999,4.59375,0.4444444444444444,positive,2005,402.19157,0.011421795837242435
2005-04-01,Adalet ve Kalkınma Partisi,european_union,Avrupa Birligi,democratic_reform,18,35,33,2,47.25,28.067249999999998,0.8611111111111112,positive,2005,44.13605,0.6359257341787495
2005-04-01,Cumhuriyet Halk Partisi,european_union,Avrupa Birligi,democratic_reform,9,19,18,1,25.65,15.393799999999999,0.85,positive,2005,44.13605,0.3487806453001571
2005-04-01,Doğru Yol Partisi,european_union,Avrupa Birligi,democratic_reform,1,1,1,0,1.35,0.675,0.5,positive,2005,44.13605,0.015293620521093303
2005-04-01,Adalet ve Kalkınma Partisi,imf,IMF,macro_economy,1,1,1,0,1.35,0.675,0.5,positive,2005,27.981180000000002,0.024123357199374723
2005-04-01,Anavatan Partisi,imf,IMF,macro_economy,1,2,1,0,2.35,1.175,0.5,positive,2005,27.981180000000002,0.04199251068039304
2005-04-01,Cumhuriyet Halk Partisi,imf,IMF,macro_economy,7,39,15,2,44.95,26.13118,0.7222222222222222,positive,2005,27.981180000000002,0.9338841321202322
2005-04-01,Adalet ve Kalkınma Partisi,inflation,Enflasyon,macro_economy,5,12,8,0,14.8,9.445889999999999,0.8888888888888888,positive,2005,9.445889999999999,1.0
2005-04-01,Adalet ve Kalkınma Partisi,interest,Faiz,macro_economy,5,17,6,0,19.1,10.33349,0.8571428571428571,positive,2005,20.81028,0.49655699010296833
2005-04-01,Cumhuriyet Halk Partisi,interest,Faiz,macro_economy,4,20,7,1,22.8,10.476790000000001,0.6666666666666666,positive,2005,20.81028,0.5034430098970317
2005-04-01,Adalet ve Kalkınma Partisi,law_state,Hukuk Devleti,democratic_reform,16,59,37,3,73.0,44.48663500000001,0.8292682926829268,positive,2005,117.449935,0.37877104827686797
2005-04-01,Anavatan Partisi,law_state,Hukuk Devleti,democratic_reform,1,4,1,0,4.35,2.175,0.5,positive,2005,117.449935,0.018518528767172155
2005-04-01,Bağımsız,law_state,Hukuk Devleti,democratic_reform,1,2,3,0,3.05,2.2874999999999996,0.75,positive,2005,117.449935,0.0194763837034052
2005-04-01,Cumhuriyet Halk Partisi,law_state,Hukuk Devleti,democratic_reform,17,84,42,1,99.05,65.97943,0.9318181818181818,positive,2005,117.449935,0.5617664241363778
2005-04-01,Doğru Yol Partisi,law_state,Hukuk Devleti,democratic_reform,3,4,6,2,6.8,2.52137,0.4444444444444444,positive,2005,117.449935,0.02146761511617695
2005-04-01,Adalet ve Kalkınma Partisi,reform,Reform,democratic_reform,9,25,15,0,30.25,19.29557,0.9375,positive,2005,31.333160000000003,0.6158194704906879
2005-04-01,Anavatan Partisi,reform,Reform,democratic_reform,1,3,1,0,3.35,1.675,0.5,positive,2005,31.333160000000003,0.05345774253219273
2005-04-01,Cumhuriyet Halk Partisi,reform,Reform,democratic_reform,8,21,10,1,24.85,10.36259,0.75,positive,2005,31.333160000000003,0.33072278697711943
2005-04-01,Adalet ve Kalkınma Partisi,security,Guvenlik,security_conflict,7,16,7,0,18.45,9.225,0.875,positive,2005,13.935,0.6620021528525295
2005-04-01,Cumhuriyet Halk Partisi,security,Guvenlik,security_conflict,2,2,2,0,2.7,1.35,0.6666666666666666,positive,2005,13.935,0.0968783638320775
2005-04-01,Doğru Yol Partisi,security,Guvenlik,security_conflict,1,7,3,1,8.4,3.3600000000000003,0.4,positive,2005,13.935,0.2411194833153929
2005-04-01,Adalet ve Kalkınma Partisi,constitution,Anayasa,constitutional_conflict,86,232,28,14,246.7,246.7,0.32558139534883723,total,2005,681.55,0.3619690411561881
2005-04-01,Bağımsız,constitution,Anayasa,constitutional_conflict,1,1,0,0,1.0,1.0,0.0,total,2005,681.55,0.0014672437825544715
2005-04-01,Cumhuriyet Halk Partisi,constitution,Anayasa,constitutional_conflict,102,370,60,42,405.7,405.7,0.17475728155339806,total,2005,681.55,0.595260802582349
2005-04-01,Doğru Yol Partisi,constitution,Anayasa,constitutional_conflict,11,25,4,5,28.150000000000002,28.150000000000002,-0.1,total,2005,681.55,0.041302912478908375
2005-04-01,Adalet ve Kalkınma Partisi,democracy,Demokrasi,democratic_reform,50,115,43,13,134.6,134.6,0.5263157894736842,total,2005,266.5,0.5050656660412758
2005-04-01,Anavatan Partisi,democracy,Demokrasi,democratic_reform,1,1,0,1,1.35,1.35,-0.5,total,2005,266.5,0.005065666041275798
2005-04-01,Cumhuriyet Halk Partisi,democracy,Demokrasi,democratic_reform,47,106,30,23,124.55,124.55,0.12962962962962962,total,2005,266.5,0.4673545966228893
2005-04-01,Doğru Yol Partisi,democracy,Demokrasi,democratic_reform,3,6,0,0,6.0,6.0,0.0,total,2005,266.5,0.0225140712945591
2005-04-01,Adalet ve Kalkınma Partisi,economy,Ekonomi,macro_economy,79,407,280,53,523.55,523.55,0.6796407185628742,total,2005,1104.0,0.4742300724637681
2005-04-01,Anavatan Partisi,economy,Ekonomi,macro_economy,7,25,8,1,28.150000000000002,28.150000000000002,0.7,total,2005,1104.0,0.025498188405797102
2005-04-01,Bağımsız,economy,Ekonomi,macro_economy,6,19,6,1,21.45,21.45,0.625,total,2005,1104.0,0.019429347826086955
2005-04-01,Cumhuriyet Halk Partisi,economy,Ekonomi,macro_economy,109,390,136,130,483.1,483.1,0.02247191011235955,total,2005,1104.0,0.4375905797101449
2005-04-01,Doğru Yol Partisi,economy,Ekonomi,macro_economy,19,39,7,18,47.75,47.75,-0.4230769230769231,total,2005,1104.0,0.043251811594202896
2005-04-01,Adalet ve Kalkınma Partisi,european_union,Avrupa Birligi,democratic_reform,41,61,33,6,74.65,74.65,0.675,total,2005,158.8,0.470088161209068
2005-04-01,Anavatan Partisi,european_union,Avrupa Birligi,democratic_reform,3,3,0,0,3.0,3.0,0.0,total,2005,158.8,0.01889168765743073
2005-04-01,Cumhuriyet Halk Partisi,european_union,Avrupa Birligi,democratic_reform,32,61,24,22,77.1,77.1,0.0425531914893617,total,2005,158.8,0.4855163727959697
2005-04-01,Doğru Yol Partisi,european_union,Avrupa Birligi,democratic_reform,3,3,2,1,4.05,4.05,0.25,total,2005,158.8,0.025503778337531483
2005-04-01,Adalet ve Kalkınma Partisi,imf,IMF,macro_economy,3,3,1,0,3.35,3.35,0.5,total,2005,95.85000000000001,0.03495044340114763
2005-04-01,Anavatan Partisi,imf,IMF,macro_economy,2,3,1,0,3.35,3.35,0.5,total,2005,95.85000000000001,0.03495044340114763
2005-04-01,Cumhuriyet Halk Partisi,imf,IMF,macro_economy,31,79,16,13,89.15,89.15,0.1,total,2005,95.85000000000001,0.9300991131977048
2005-04-01,Adalet ve Kalkınma Partisi,inflation,Enflasyon,macro_economy,16,26,8,6,30.9,30.9,0.13333333333333333,total,2005,52.95,0.5835694050991501
2005-04-01,Cumhuriyet Halk Partisi,inflation,Enflasyon,macro_economy,3,19,1,2,20.05,20.05,-0.25,total,2005,52.95,0.37865911237016053
2005-04-01,Doğru Yol Partisi,inflation,Enflasyon,macro_economy,2,2,0,0,2.0,2.0,0.0,total,2005,52.95,0.03777148253068933
2005-04-01,Adalet ve Kalkınma Partisi,interest,Faiz,macro_economy,27,64,6,7,68.55,68.55,-0.07142857142857142,total,2005,171.0,0.4008771929824561
2005-04-01,Cumhuriyet Halk Partisi,interest,Faiz,macro_economy,31,82,9,18,91.45,91.45,-0.32142857142857145,total,2005,171.0,0.5347953216374269
2005-04-01,Doğru Yol Partisi,interest,Faiz,macro_economy,3,11,0,0,11.0,11.0,0.0,total,2005,171.0,0.06432748538011696
2005-04-01,Adalet ve Kalkınma Partisi,law_state,Hukuk Devleti,democratic_reform,118,281,43,42,310.75,310.75,0.011627906976744186,total,2005,822.3,0.3779034415663383
2005-04-01,Anavatan Partisi,law_state,Hukuk Devleti,democratic_reform,3,8,1,1,8.7,8.7,0.0,total,2005,822.3,0.010580080262677854
2005-04-01,Bağımsız,law_state,Hukuk Devleti,democratic_reform,1,2,3,0,3.05,3.05,0.75,total,2005,822.3,0.00370910859783534
2005-04-01,Cumhuriyet Halk Partisi,law_state,Hukuk Devleti,democratic_reform,137,403,56,94,455.5,455.5,-0.25165562913907286,total,2005,822.3,0.5539340873160647
2005-04-01,Doğru Yol Partisi,law_state,Hukuk Devleti,democratic_reform,13,38,8,10,44.3,44.3,-0.10526315789473684,total,2005,822.3,0.053873282257083786
2005-04-01,Adalet ve Kalkınma Partisi,reform,Reform,democratic_reform,22,47,15,0,52.25,52.25,0.9375,total,2005,112.2,0.46568627450980393
2005-04-01,Anavatan Partisi,reform,Reform,democratic_reform,1,3,1,0,3.35,3.35,0.5,total,2005,112.2,0.029857397504456328
2005-04-01,Cumhuriyet Halk Partisi,reform,Reform,democratic_reform,25,51,10,6,56.6,56.6,0.23529411764705882,total,2005,112.2,0.5044563279857398
2005-04-01,Adalet ve Kalkınma Partisi,security,Guvenlik,security_conflict,25,80,12,38,97.5,97.5,-0.5098039215686274,total,2005,197.1,0.4946727549467276
2005-04-01,Anavatan Partisi,security,Guvenlik,security_conflict,4,9,0,4,10.4,10.4,-0.8,total,2005,197.1,0.052765093860984276
2005-04-01,Cumhuriyet Halk Partisi,security,Guvenlik,security_conflict,30,62,16,32,78.8,78.8,-0.32653061224489793,total,2005,197.1,0.3997970573313039
2005-04-01,Doğru Yol Partisi,security,Guvenlik,security_conflict,2,9,3,1,10.4,10.4,0.4,total,2005,197.1,0.052765093860984276
2005-04-01,Adalet ve Kalkınma Partisi,sovereignty,Egemenlik,security_conflict,5,6,0,0,6.0,6.0,0.0,total,2005,10.0,0.6
2005-04-01,Cumhuriyet Halk Partisi,sovereignty,Egemenlik,security_conflict,3,4,0,0,4.0,4.0,0.0,total,2005,10.0,0.4
2005-04-01,Adalet ve Kalkınma Partisi,tutelage,Vesayet,constitutional_conflict,1,1,0,1,1.35,1.35,-0.5,total,2005,1.35,1.0
2005-05-01,Adalet ve Kalkınma Partisi,constitution,Anayasa,constitutional_conflict,10,62,0,33,73.55,59.28604,-0.9705882352941176,negative,2005,88.69109,0.6684554220722735
2005-05-01,Cumhuriyet Halk Partisi,constitution,Anayasa,constitutional_conflict,13,45,1,19,52.0,29.40505,-0.8571428571428571,negative,2005,88.69109,0.33154457792772646
2005-05-01,Adalet ve Kalkınma Partisi,democracy,Demokrasi,democratic_reform,5,20,1,7,22.8,10.360000000000001,-0.6666666666666666,negative,2005,44.97653,0.23034235855900848
2005-05-01,Cumhuriyet Halk Partisi,democracy,Demokrasi,democratic_reform,12,58,7,29,70.6,34.61653,-0.5945945945945946,negative,2005,44.97653,0.7696576414409916
2005-05-01,Adalet ve Kalkınma Partisi,economy,Ekonomi,macro_economy,6,23,9,24,34.55,14.64368,-0.4411764705882353,negative,2005,128.965475,0.11354728852818942
2005-05-01,Anavatan Partisi,economy,Ekonomi,macro_economy,3,19,4,24,28.799999999999997,18.07702,-0.6896551724137931,negative,2005,128.965475,0.14016945232822972
2005-05-01,Bağımsız,economy,Ekonomi,macro_economy,2,5,0,5,6.75,4.83759,-0.8333333333333334,negative,2005,128.965475,0.03751073688520125
2005-05-01,Cumhuriyet Halk Partisi,economy,Ekonomi,macro_economy,28,123,10,72,151.7,86.38218499999999,-0.7469879518072289,negative,2005,128.965475,0.6698086057528186
2005-05-01,Doğru Yol Partisi,economy,Ekonomi,macro_economy,3,9,0,3,10.05,5.025,-0.75,negative,2005,128.965475,0.03896391650556089
2005-05-01,Adalet ve Kalkınma Partisi,european_union,Avrupa Birligi,democratic_reform,4,7,0,7,9.45,5.52089,-0.875,negative,2005,12.003419999999998,0.4599430828880436
2005-05-01,Cumhuriyet Halk Partisi,european_union,Avrupa Birligi,democratic_reform,4,8,2,11,12.549999999999999,6.48253,-0.6428571428571429,negative,2005,12.003419999999998,0.5400569171119565
2005-05-01,Adalet ve Kalkınma Partisi,imf,IMF,macro_economy,3,5,0,4,6.4,3.65009,-0.8,negative,2005,14.63377,0.24942923115506122
2005-05-01,Cumhuriyet Halk Partisi,imf,IMF,macro_economy,4,15,1,9,18.5,10.98368,-0.7272727272727273,negative,2005,14.63377,0.7505707688449388
2005-05-01,Adalet ve Kalkınma Partisi,inflation,Enflasyon,macro_economy,1,1,0,2,1.7,1.13339,-0.6666666666666666,negative,2005,2.67089,0.4243491869751281
2005-05-01,Anavatan Partisi,inflation,Enflasyon,macro_economy,1,1,0,3,2.05,1.5374999999999999,-0.75,negative,2005,2.67089,0.5756508130248719
2005-05-01,Adalet ve Kalkınma Partisi,interest,Faiz,macro_economy,2,2,0,2,2.7,1.35,-0.6666666666666666,negative,2005,2.48339,0.5436117565102542
2005-05-01,Cumhuriyet Halk Partisi,interest,Faiz,macro_economy,1,1,0,2,1.7,1.13339,-0.6666666666666666,negative,2005,2.48339,0.4563882434897458
2005-05-01,Adalet ve Kalkınma Partisi,law_state,Hukuk Devleti,democratic_reform,16,68,2,32,79.9,46.89147,-0.8571428571428571,negative,2005,220.86612,0.21230721126445287
2005-05-01,Cumhuriyet Halk Partisi,law_state,Hukuk Devleti,democratic_reform,42,276,16,110,320.1,172.17455999999999,-0.7401574803149606,negative,2005,220.86612,0.7795426478266562
2005-05-01,Doğru Yol Partisi,law_state,Hukuk Devleti,democratic_reform,1,2,0,2,2.7,1.80009,-0.6666666666666666,negative,2005,220.86612,0.00815014090889087
2005-05-01,Adalet ve Kalkınma Partisi,reform,Reform,democratic_reform,2,2,0,2,2.7,1.35,-0.6666666666666666,negative,2005,3.3750000000000004,0.39999999999999997
2005-05-01,Cumhuriyet Halk Partisi,reform,Reform,democratic_reform,3,3,0,3,4.050000000000001,2.0250000000000004,-0.75,negative,2005,3.3750000000000004,0.6
2005-05-01,Adalet ve Kalkınma Partisi,security,Guvenlik,security_conflict,4,7,0,7,9.450000000000001,6.07527,-0.875,negative,2005,39.53458500000001,0.15366975522823872
2005-05-01,Anavatan Partisi,security,Guvenlik,security_conflict,2,2,0,7,4.45,3.3320100000000004,-0.875,negative,2005,39.53458500000001,0.08428088975766407
2005-05-01,Cumhuriyet Halk Partisi,security,Guvenlik,security_conflict,13,36,6,37,51.050000000000004,30.127305000000003,-0.7045454545454546,negative,2005,39.53458500000001,0.7620493550140971
2005-05-01,Cumhuriyet Halk Partisi,sovereignty,Egemenlik,security_conflict,1,1,0,1,1.35,0.675,-0.5,negative,2005,0.675,1.0
2005-05-01,Cumhuriyet Halk Partisi,tutelage,Vesayet,constitutional_conflict,1,2,0,4,3.4,2.72,-0.8,negative,2005,2.72,1.0
2005-05-01,Adalet ve Kalkınma Partisi,constitution,Anayasa,constitutional_conflict,13,76,32,4,88.6,47.498425,0.7567567567567568,positive,2005,137.40292,0.3456871586135142
2005-05-01,Cumhuriyet Halk Partisi,constitution,Anayasa,constitutional_conflict,21,122,50,6,141.6,75.616995,0.7719298245614035,positive,2005,137.40292,0.550330335046737
2005-05-01,Doğru Yol Partisi,constitution,Anayasa,constitutional_conflict,1,18,3,0,19.05,14.287500000000001,0.75,positive,2005,137.40292,0.10398250633974883
2005-05-01,Adalet ve Kalkınma Partisi,democracy,Demokrasi,democratic_reform,7,22,17,2,28.65,15.84849,0.75,positive,2005,79.535295,0.1992636099482626
2005-05-01,Bağımsız,democracy,Demokrasi,democratic_reform,2,7,8,1,10.15,6.208559999999999,0.7,positive,2005,79.535295,0.07806043845062748
2005-05-01,Cumhuriyet Halk Partisi,democracy,Demokrasi,democratic_reform,23,84,48,4,102.2,57.478245,0.8301886792452831,positive,2005,79.535295,0.7226759516011099
2005-05-01,Adalet ve Kalkınma Partisi,economy,Ekonomi,macro_economy,36,140,131,10,189.35,125.885345,0.852112676056338,positive,2005,239.74364,0.5250831471483456
2005-05-01,Anavatan Partisi,economy,Ekonomi,macro_economy,1,11,9,2,14.85,8.662005,0.5833333333333334,positive,2005,239.74364,0.03613028066145989
2005-05-01,Bağımsız,economy,Ekonomi,macro_economy,1,1,2,1,2.05,0.5125,0.25,positive,2005,239.74364,0.0021377000866425484
2005-05-01,Cumhuriyet Halk Partisi,economy,Ekonomi,macro_economy,35,180,101,24,223.75,102.83379,0.6111111111111112,positive,2005,239.74364,0.42893229618103734
2005-05-01,Doğru Yol Partisi,economy,Ekonomi,macro_economy,2,3,2,0,3.7,1.85,0.6666666666666666,positive,2005,239.74364,0.007716575922514566
2005-05-01,Adalet ve Kalkınma Partisi,european_union,Avrupa Birligi,democratic_reform,6,12,8,0,14.8,8.46688,0.8888888888888888,positive,2005,34.02055,0.24887545909751604
2005-05-01,Bağımsız,european_union,Avrupa Birligi,democratic_reform,2,2,3,0,3.05,1.80839,0.75,positive,2005,34.02055,0.05315581317762352
2005-05-01,Cumhuriyet Halk Partisi,european_union,Avrupa Birligi,democratic_reform,14,34,22,1,42.05,23.74528,0.875,positive,2005,34.02055,0.6979687277248604
2005-05-01,Adalet ve Kalkınma Partisi,imf,IMF,macro_economy,1,2,2,0,2.7,1.80009,0.6666666666666666,positive,2005,8.23259,0.21865415379607145
2005-05-01,Cumhuriyet Halk Partisi,imf,IMF,macro_economy,1,1,2,1,2.05,0.5125,0.25,positive,2005,8.23259,0.06225258393774012
2005-05-01,Doğru Yol Partisi,imf,IMF,macro_economy,1,6,4,0,7.4,5.920000000000001,0.8,positive,2005,8.23259,0.7190932622661885
2005-05-01,Adalet ve Kalkınma Partisi,inflation,Enflasyon,macro_economy,5,7,8,2,10.5,4.4975000000000005,0.5454545454545454,positive,2005,5.1725,0.8695021749637506
2005-05-01,Cumhuriyet Halk Partisi,inflation,Enflasyon,macro_economy,1,1,1,0,1.35,0.675,0.5,positive,2005,5.1725,0.1304978250362494
2005-05-01,Adalet ve Kalkınma Partisi,interest,Faiz,macro_economy,3,5,7,1,7.800000000000001,4.18339,0.6666666666666666,positive,2005,4.85839,0.8610650853472035
2005-05-01,Cumhuriyet Halk Partisi,interest,Faiz,macro_economy,1,1,1,0,1.35,0.675,0.5,positive,2005,4.85839,0.1389349146527965
2005-05-01,Adalet ve Kalkınma Partisi,law_state,Hukuk Devleti,democratic_reform,20,65,36,5,79.35,36.37562,0.7380952380952381,positive,2005,176.35608,0.2062623528488499
2005-05-01,Bağımsız,law_state,Hukuk Devleti,democratic_reform,3,8,10,4,12.899999999999999,4.56096,0.4,positive,2005,176.35608,0.025862221478272822
2005-05-01,Cumhuriyet Halk Partisi,law_state,Hukuk Devleti,democratic_reform,38,173,106,9,213.25,135.4195,0.8362068965517241,positive,2005,176.35608,0.7678754256728774
2005-05-01,Adalet ve Kalkınma Partisi,reform,Reform,democratic_reform,2,5,4,0,6.4,3.9624999999999995,0.8,positive,2005,17.09509,0.23179170159384943
2005-05-01,Cumhuriyet Halk Partisi,reform,Reform,democratic_reform,8,15,14,0,19.900000000000002,13.13259,0.9333333333333333,positive,2005,17.09509,0.7682082984061506
2005-05-01,Adalet ve Kalkınma Partisi,security,Guvenlik,security_conflict,5,9,6,0,11.1,5.83339,0.8571428571428571,positive,2005,35.842365,0.1627512581828794
2005-05-01,Cumhuriyet Halk Partisi,security,Guvenlik,security_conflict,10,37,24,2,46.1,30.008975000000003,0.8148148148148148,positive,2005,35.842365,0.8372487418171207
2005-05-01,Adalet ve Kalkınma Partisi,constitution,Anayasa,constitutional_conflict,42,186,33,38,210.85,210.85,-0.06944444444444445,total,2005,576.35,0.36583673115294524
2005-05-01,Anavatan Partisi,constitution,Anayasa,constitutional_conflict,1,1,0,0,1.0,1.0,0.0,total,2005,576.35,0.0017350568231109568
2005-05-01,Bağımsız,constitution,Anayasa,constitutional_conflict,1,1,1,1,1.7,1.7,0.0,total,2005,576.35,0.0029495965992886266
2005-05-01,Cumhuriyet Halk Partisi,constitution,Anayasa,constitutional_conflict,98,297,55,30,326.75,326.75,0.29069767441860467,total,2005,576.35,0.5669298169515051
2005-05-01,Doğru Yol Partisi,constitution,Anayasa,constitutional_conflict,8,35,3,0,36.05,36.05,0.75,total,2005,576.35,0.06254879847315
2005-05-01,Adalet ve Kalkınma Partisi,democracy,Demokrasi,democratic_reform,35,77,18,9,86.45,86.45,0.32142857142857145,total,2005,331.85,0.26050926623474463
2005-05-01,Anavatan Partisi,democracy,Demokrasi,democratic_reform,1,1,0,0,1.0,1.0,0.0,total,2005,331.85,0.00301340967304505
2005-05-01,Bağımsız,democracy,Demokrasi,democratic_reform,3,9,11,3,13.9,13.9,0.5333333333333333,total,2005,331.85,0.0418863944553262
2005-05-01,Cumhuriyet Halk Partisi,democracy,Demokrasi,democratic_reform,69,198,56,34,229.5,229.5,0.24175824175824176,total,2005,331.85,0.691577519963839
2005-05-01,Doğru Yol Partisi,democracy,Demokrasi,democratic_reform,1,1,0,0,1.0,1.0,0.0,total,2005,331.85,0.00301340967304505
2005-05-01,Adalet ve Kalkınma Partisi,economy,Ekonomi,macro_economy,85,275,179,65,360.40000000000003,360.40000000000003,0.46530612244897956,total,2005,1034.35,0.34843138202736024
2005-05-01,Anavatan Partisi,economy,Ekonomi,macro_economy,8,37,13,26,50.65,50.65,-0.325,total,2005,1034.35,0.04896795088703051
2005-05-01,Bağımsız,economy,Ekonomi,macro_economy,4,7,2,6,9.8,9.8,-0.4444444444444444,total,2005,1034.35,0.009474549233818342
2005-05-01,Cumhuriyet Halk Partisi,economy,Ekonomi,macro_economy,143,493,137,122,583.65,583.65,0.057692307692307696,total,2005,1034.35,0.5642674143181708
2005-05-01,Doğru Yol Partisi,economy,Ekonomi,macro_economy,12,26,5,6,29.85,29.85,-0.08333333333333333,total,2005,1034.35,0.02885870353362015
2005-05-01,Adalet ve Kalkınma Partisi,european_union,Avrupa Birligi,democratic_reform,27,37,9,8,42.95,42.95,0.05555555555555555,total,2005,149.3,0.28767582049564633
2005-05-01,Anavatan Partisi,european_union,Avrupa Birligi,democratic_reform,1,1,0,0,1.0,1.0,0.0,total,2005,149.3,0.006697923643670461
2005-05-01,Bağımsız,european_union,Avrupa Birligi,democratic_reform,3,3,3,0,4.05,4.05,0.75,total,2005,149.3,0.027126590756865368
2005-05-01,Cumhuriyet Halk Partisi,european_union,Avrupa Birligi,democratic_reform,45,88,25,13,101.3,101.3,0.3076923076923077,total,2005,149.3,0.6784996651038178
2005-05-01,Adalet ve Kalkınma Partisi,imf,IMF,macro_economy,9,16,4,7,19.85,19.85,-0.25,total,2005,56.800000000000004,0.3494718309859155
2005-05-01,Bağımsız,imf,IMF,macro_economy,1,2,0,0,2.0,2.0,0.0,total,2005,56.800000000000004,0.0352112676056338
2005-05-01,Cumhuriyet Halk Partisi,imf,IMF,macro_economy,10,23,3,10,27.55,27.55,-0.5,total,2005,56.800000000000004,0.4850352112676056
2005-05-01,Doğru Yol Partisi,imf,IMF,macro_economy,1,6,4,0,7.4,7.4,0.8,total,2005,56.800000000000004,0.13028169014084506
2005-05-01,Adalet ve Kalkınma Partisi,inflation,Enflasyon,macro_economy,13,19,8,4,23.2,23.2,0.3076923076923077,total,2005,29.599999999999998,0.7837837837837838
2005-05-01,Anavatan Partisi,inflation,Enflasyon,macro_economy,1,1,0,3,2.05,2.05,-0.75,total,2005,29.599999999999998,0.06925675675675676
2005-05-01,Cumhuriyet Halk Partisi,inflation,Enflasyon,macro_economy,3,3,1,0,3.35,3.35,0.5,total,2005,29.599999999999998,0.11317567567567569
2005-05-01,Doğru Yol Partisi,inflation,Enflasyon,macro_economy,1,1,0,0,1.0,1.0,0.0,total,2005,29.599999999999998,0.033783783783783786
2005-05-01,Adalet ve Kalkınma Partisi,interest,Faiz,macro_economy,10,15,7,3,18.5,18.5,0.36363636363636365,total,2005,38.25,0.48366013071895425
2005-05-01,Cumhuriyet Halk Partisi,interest,Faiz,macro_economy,10,18,2,3,19.75,19.75,-0.16666666666666666,total,2005,38.25,0.5163398692810458
2005-05-01,Adalet ve Kalkınma Partisi,law_state,Hukuk Devleti,democratic_reform,82,233,42,41,262.05,262.05,0.011904761904761904,total,2005,1016.0,0.2579232283464567
2005-05-01,Anavatan Partisi,law_state,Hukuk Devleti,democratic_reform,2,4,0,0,4.0,4.0,0.0,total,2005,1016.0,0.003937007874015748
2005-05-01,Bağımsız,law_state,Hukuk Devleti,democratic_reform,3,8,10,4,12.899999999999999,12.899999999999999,0.4,total,2005,1016.0,0.012696850393700786
2005-05-01,Cumhuriyet Halk Partisi,law_state,Hukuk Devleti,democratic_reform,143,635,140,141,733.35,733.35,-0.0035460992907801418,total,2005,1016.0,0.7218011811023622
2005-05-01,Doğru Yol Partisi,law_state,Hukuk Devleti,democratic_reform,2,3,0,2,3.7,3.7,-0.6666666666666666,total,2005,1016.0,0.0036417322834645673
2005-05-01,Adalet ve Kalkınma Partisi,reform,Reform,democratic_reform,8,11,4,2,13.1,13.1,0.2857142857142857,total,2005,39.05,0.3354673495518566
2005-05-01,Cumhuriyet Halk Partisi,reform,Reform,democratic_reform,13,20,14,3,25.95,25.95,0.6111111111111112,total,2005,39.05,0.6645326504481435
2005-05-01,Adalet ve Kalkınma Partisi,security,Guvenlik,security_conflict,35,60,13,14,69.45,69.45,-0.03571428571428571,total,2005,229.95000000000002,0.3020221787345075
2005-05-01,Anavatan Partisi,security,Guvenlik,security_conflict,2,2,0,7,4.45,4.45,-0.875,total,2005,229.95000000000002,0.019352033050663187
2005-05-01,Cumhuriyet Halk Partisi,security,Guvenlik,security_conflict,47,127,36,47,156.05,156.05,-0.13095238095238096,total,2005,229.95000000000002,0.6786257882148293
2005-05-01,Cumhuriyet Halk Partisi,sovereignty,Egemenlik,security_conflict,2,2,0,1,2.35,2.35,-0.5,total,2005,2.35,1.0
2005-05-01,Cumhuriyet Halk Partisi,tutelage,Vesayet,constitutional_conflict,2,3,1,5,5.1,5.1,-0.5714285714285714,total,2005,5.1,1.0
2005-06-01,Adalet ve Kalkınma Partisi,constitution,Anayasa,constitutional_conflict,9,34,0,13,38.55,22.40896,-0.9285714285714286,negative,2005,104.164435,0.21513062495850913
2005-06-01,Cumhuriyet Halk Partisi,constitution,Anayasa,constitutional_conflict,28,119,7,70,145.95,81.755475,-0.8076923076923077,negative,2005,104.164435,0.7848693750414909
2005-06-01,Adalet ve Kalkınma Partisi,democracy,Demokrasi,democratic_reform,7,11,1,14,16.25,9.454279999999999,-0.8125,negative,2005,40.40503,0.23398769905628086
2005-06-01,Bağımsız,democracy,Demokrasi,democratic_reform,1,1,0,1,1.35,0.675,-0.5,negative,2005,40.40503,0.01670584083219342
2005-06-01,Cumhuriyet Halk Partisi,democracy,Demokrasi,democratic_reform,14,44,1,22,52.05,30.27575,-0.875,negative,2005,40.40503,0.7493064601115258
2005-06-01,Adalet ve Kalkınma Partisi,economy,Ekonomi,macro_economy,13,29,2,23,37.75,22.08545,-0.8076923076923077,negative,2005,174.95519000000002,0.1262348947750564
2005-06-01,Bağımsız,economy,Ekonomi,macro_economy,4,19,11,35,35.1,16.43567,-0.5106382978723404,negative,2005,174.95519000000002,0.09394216884906356
2005-06-01,Cumhuriyet Halk Partisi,economy,Ekonomi,macro_economy,38,177,31,165,245.6,135.75907,-0.6802030456852792,negative,2005,174.95519000000002,0.7759648056167981
2005-06-01,Doğru Yol Partisi,economy,Ekonomi,macro_economy,1,1,0,1,1.35,0.675,-0.5,negative,2005,174.95519000000002,0.003858130759081797
2005-06-01,Adalet ve Kalkınma Partisi,european_union,Avrupa Birligi,democratic_reform,1,6,2,5,8.45,3.1687499999999997,-0.375,negative,2005,21.32438,0.14859752077199898
2005-06-01,Cumhuriyet Halk Partisi,european_union,Avrupa Birligi,democratic_reform,10,34,6,20,43.1,16.48063,-0.5185185185185185,negative,2005,21.32438,0.7728538883662738
2005-06-01,Doğru Yol Partisi,european_union,Avrupa Birligi,democratic_reform,1,3,0,1,3.35,1.675,-0.5,negative,2005,21.32438,0.07854859086172727
2005-06-01,Cumhuriyet Halk Partisi,imf,IMF,macro_economy,11,27,1,19,34.0,20.420180000000002,-0.8571428571428571,negative,2005,20.420180000000002,1.0
2005-06-01,Cumhuriyet Halk Partisi,inflation,Enflasyon,macro_economy,1,1,0,1,1.35,0.675,-0.5,negative,2005,0.675,1.0
2005-06-01,Adalet ve Kalkınma Partisi,interest,Faiz,macro_economy,1,1,0,1,1.35,0.675,-0.5,negative,2005,10.79198,0.0625464465278846
2005-06-01,Cumhuriyet Halk Partisi,interest,Faiz,macro_economy,3,9,0,4,10.4,5.65009,-0.8,negative,2005,10.79198,0.5235452623151636
2005-06-01,Doğru Yol Partisi,interest,Faiz,macro_economy,1,6,0,2,6.7,4.46689,-0.6666666666666666,negative,2005,10.79198,0.4139082911569517
2005-06-01,Adalet ve Kalkınma Partisi,law_state,Hukuk Devleti,democratic_reform,18,85,8,65,110.55,67.963465,-0.7702702702702703,negative,2005,322.53441,0.21071694334877325
2005-06-01,Cumhuriyet Halk Partisi,law_state,Hukuk Devleti,democratic_reform,44,405,54,212,498.1,252.39594499999998,-0.5917602996254682,negative,2005,322.53441,0.7825395901169119
2005-06-01,Doğru Yol Partisi,law_state,Hukuk Devleti,democratic_reform,1,4,0,1,4.35,2.175,-0.5,negative,2005,322.53441,0.006743466534314897
2005-06-01,Adalet ve Kalkınma Partisi,reform,Reform,democratic_reform,2,3,1,3,4.4,1.4375,-0.4,negative,2005,11.09768,0.12953157777120983
2005-06-01,Bağımsız,reform,Reform,democratic_reform,1,2,0,1,2.35,1.175,-0.5,negative,2005,11.09768,0.10587798530864108
2005-06-01,Cumhuriyet Halk Partisi,reform,Reform,democratic_reform,6,12,1,10,15.850000000000001,8.48518,-0.75,negative,2005,11.09768,0.764590436920149
2005-06-01,Adalet ve Kalkınma Partisi,security,Guvenlik,security_conflict,21,49,1,38,62.65,39.01234,-0.925,negative,2005,76.000785,0.5133149611546776
2005-06-01,Bağımsız,security,Guvenlik,security_conflict,2,5,0,6,7.1,4.466575,-0.8571428571428571,negative,2005,76.000785,0.058770116650768804
2005-06-01,Cumhuriyet Halk Partisi,security,Guvenlik,security_conflict,22,35,4,48,53.2,30.98437,-0.8301886792452831,negative,2005,76.000785,0.4076848679918241
2005-06-01,Doğru Yol Partisi,security,Guvenlik,security_conflict,1,1,0,3,2.05,1.5374999999999999,-0.75,negative,2005,76.000785,0.020230054202729615
2005-06-01,Cumhuriyet Halk Partisi,sovereignty,Egemenlik,security_conflict,2,2,0,2,2.7,1.35,-0.6666666666666666,negative,2005,1.35,1.0
2005-06-01,Adalet ve Kalkınma Partisi,tutelage,Vesayet,constitutional_conflict,2,4,0,4,5.4,3.7124999999999995,-0.8,negative,2005,13.209784999999998,0.2810416672186565
2005-06-01,Cumhuriyet Halk Partisi,tutelage,Vesayet,constitutional_conflict,4,7,0,13,11.549999999999999,8.822284999999999,-0.9285714285714286,negative,2005,13.209784999999998,0.6678598478324969
2005-06-01,Doğru Yol Partisi,tutelage,Vesayet,constitutional_conflict,1,1,0,1,1.35,0.675,-0.5,negative,2005,13.209784999999998,0.05109848494884664
2005-06-01,Adalet ve Kalkınma Partisi,constitution,Anayasa,constitutional_conflict,22,114,50,5,133.25,73.641285,0.8035714285714286,positive,2005,202.87327,0.3629915611849703
2005-06-01,Bağımsız,constitution,Anayasa,constitutional_conflict,1,1,1,0,1.35,0.675,0.5,positive,2005,202.87327,0.003327200276310428
2005-06-01,Cumhuriyet Halk Partisi,constitution,Anayasa,constitutional_conflict,32,178,115,15,223.5,123.43698499999999,0.7633587786259542,positive,2005,202.87327,0.6084438082947053
2005-06-01,Doğru Yol Partisi,constitution,Anayasa,constitutional_conflict,1,5,4,0,6.4,5.120000000000001,0.8,positive,2005,202.87327,0.02523743024401392
2005-06-01,Adalet ve Kalkınma Partisi,democracy,Demokrasi,democratic_reform,10,28,31,5,40.599999999999994,23.179355,0.7027027027027027,positive,2005,73.86316,0.3138148300181038
2005-06-01,Cumhuriyet Halk Partisi,democracy,Demokrasi,democratic_reform,26,71,60,8,94.8,50.683805,0.7536231884057971,positive,2005,73.86316,0.6861851699818963
2005-06-01,Adalet ve Kalkınma Partisi,economy,Ekonomi,macro_economy,30,120,115,6,162.35,115.273675,0.8934426229508197,positive,2005,238.509785,0.4833079489799548
2005-06-01,Bağımsız,economy,Ekonomi,macro_economy,2,4,4,0,5.4,3.60018,0.8,positive,2005,238.509785,0.015094475054765574
2005-06-01,Cumhuriyet Halk Partisi,economy,Ekonomi,macro_economy,51,170,125,16,219.35,117.78593,0.7676056338028169,positive,2005,238.509785,0.49384108077578454
2005-06-01,Doğru Yol Partisi,economy,Ekonomi,macro_economy,2,3,2,0,3.7,1.85,0.6666666666666666,positive,2005,238.509785,0.007756495189495056
2005-06-01,Adalet ve Kalkınma Partisi,european_union,Avrupa Birligi,democratic_reform,9,15,11,0,18.85,10.32518,0.9166666666666666,positive,2005,72.340585,0.1427301147758205
2005-06-01,Bağımsız,european_union,Avrupa Birligi,democratic_reform,4,5,6,0,7.1000000000000005,4.28348,0.8571428571428571,positive,2005,72.340585,0.05921268123557474
2005-06-01,Cumhuriyet Halk Partisi,european_union,Avrupa Birligi,democratic_reform,25,52,79,5,81.4,55.706925000000005,0.8705882352941177,positive,2005,72.340585,0.7700646186369657
2005-06-01,Doğru Yol Partisi,european_union,Avrupa Birligi,democratic_reform,3,3,3,0,4.050000000000001,2.0250000000000004,0.75,positive,2005,72.340585,0.02799258535163906
2005-06-01,Bağımsız,imf,IMF,macro_economy,5,11,12,0,15.2,10.96598,0.9230769230769231,positive,2005,20.841169999999998,0.5261691162252408
2005-06-01,Cumhuriyet Halk Partisi,imf,IMF,macro_economy,6,16,10,1,19.85,9.87519,0.75,positive,2005,20.841169999999998,0.47383088377475935
2005-06-01,Adalet ve Kalkınma Partisi,inflation,Enflasyon,macro_economy,3,6,4,0,7.3999999999999995,3.98339,0.8,positive,2005,6.00839,0.6629712784955704
2005-06-01,Bağımsız,inflation,Enflasyon,macro_economy,2,2,2,0,2.7,1.35,0.6666666666666666,positive,2005,6.00839,0.22468581433628643
2005-06-01,Cumhuriyet Halk Partisi,inflation,Enflasyon,macro_economy,1,1,1,0,1.35,0.675,0.5,positive,2005,6.00839,0.11234290716814321
2005-06-01,Adalet ve Kalkınma Partisi,interest,Faiz,macro_economy,6,12,10,0,15.5,10.253390000000001,0.9090909090909091,positive,2005,17.41178,0.5888766111218957
2005-06-01,Cumhuriyet Halk Partisi,interest,Faiz,macro_economy,4,12,5,0,13.75,7.15839,0.8333333333333334,positive,2005,17.41178,0.41112338887810435
2005-06-01,Adalet ve Kalkınma Partisi,law_state,Hukuk Devleti,democratic_reform,14,160,71,16,190.45,94.070275,0.625,positive,2005,851.84791,0.11043083383276717
2005-06-01,Cumhuriyet Halk Partisi,law_state,Hukuk Devleti,democratic_reform,61,1014,624,134,1279.3,742.8151349999999,0.6455862977602108,positive,2005,851.84791,0.8720044109751939
2005-06-01,Doğru Yol Partisi,law_state,Hukuk Devleti,democratic_reform,2,21,4,0,22.4,14.962500000000002,0.8,positive,2005,851.84791,0.01756475519203892
2005-06-01,Adalet ve Kalkınma Partisi,reform,Reform,democratic_reform,5,16,11,2,20.549999999999997,9.78746,0.6428571428571429,positive,2005,30.35882,0.3223926358139084
2005-06-01,Anavatan Partisi,reform,Reform,democratic_reform,1,1,1,0,1.35,0.675,0.5,positive,2005,30.35882,0.02223406575090863
2005-06-01,Cumhuriyet Halk Partisi,reform,Reform,democratic_reform,15,31,22,3,39.75,19.22136,0.7307692307692307,positive,2005,30.35882,0.6331392326842743
2005-06-01,Doğru Yol Partisi,reform,Reform,democratic_reform,1,1,1,0,1.35,0.675,0.5,positive,2005,30.35882,0.02223406575090863
2005-06-01,Adalet ve Kalkınma Partisi,security,Guvenlik,security_conflict,7,16,13,4,21.95,8.9375,0.5,positive,2005,30.09513,0.2969749590714511
2005-06-01,Bağımsız,security,Guvenlik,security_conflict,1,1,1,0,1.35,0.675,0.5,positive,2005,30.09513,0.02242887802777393
2005-06-01,Cumhuriyet Halk Partisi,security,Guvenlik,security_conflict,12,24,20,4,32.4,14.68234,0.64,positive,2005,30.09513,0.4878643155886019
2005-06-01,Doğru Yol Partisi,security,Guvenlik,security_conflict,1,8,2,0,8.7,5.8002899999999995,0.6666666666666666,positive,2005,30.09513,0.19273184731217308
2005-06-01,Adalet ve Kalkınma Partisi,sovereignty,Egemenlik,security_conflict,2,2,2,0,2.7,1.35,0.6666666666666666,positive,2005,1.35,1.0
2005-06-01,Adalet ve Kalkınma Partisi,constitution,Anayasa,constitutional_conflict,85,252,53,21,277.9,277.9,0.4266666666666667,total,2005,892.55,0.31135510615651785
2005-06-01,Bağımsız,constitution,Anayasa,constitutional_conflict,2,2,1,0,2.35,2.35,0.5,total,2005,892.55,0.0026329057195675315
2005-06-01,Cumhuriyet Halk Partisi,constitution,Anayasa,constitutional_conflict,133,467,135,99,548.9,548.9,0.15319148936170213,total,2005,892.55,0.6149795529662204
2005-06-01,Doğru Yol Partisi,constitution,Anayasa,constitutional_conflict,20,62,4,0,63.4,63.4,0.8,total,2005,892.55,0.07103243515769425
2005-06-01,Adalet ve Kalkınma Partisi,democracy,Demokrasi,democratic_reform,42,82,33,20,100.55,100.55,0.24074074074074073,total,2005,344.85,0.29157604755690875
2005-06-01,Bağımsız,democracy,Demokrasi,democratic_reform,2,2,0,1,2.35,2.35,-0.5,total,2005,344.85,0.006814557053791503
2005-06-01,Cumhuriyet Halk Partisi,democracy,Demokrasi,democratic_reform,90,191,70,39,229.15,229.15,0.2818181818181818,total,2005,344.85,0.6644918080324779
2005-06-01,Doğru Yol Partisi,democracy,Demokrasi,democratic_reform,7,10,4,4,12.8,12.8,0.0,total,2005,344.85,0.03711758735682181
2005-06-01,Adalet ve Kalkınma Partisi,economy,Ekonomi,macro_economy,72,213,134,47,276.35,276.35,0.47802197802197804,total,2005,1094.8500000000001,0.25240900579988124
2005-06-01,Anavatan Partisi,economy,Ekonomi,macro_economy,2,3,0,0,3.0,3.0,0.0,total,2005,1094.8500000000001,0.0027401013837511983
2005-06-01,Bağımsız,economy,Ekonomi,macro_economy,15,44,16,36,62.2,62.2,-0.37735849056603776,total,2005,1094.8500000000001,0.056811435356441516
2005-06-01,Cumhuriyet Halk Partisi,economy,Ekonomi,macro_economy,193,582,196,219,727.25,727.25,-0.055288461538461536,total,2005,1094.8500000000001,0.6642462437776864
2005-06-01,Doğru Yol Partisi,economy,Ekonomi,macro_economy,19,25,2,1,26.05,26.05,0.25,total,2005,1094.8500000000001,0.023793213682239574
2005-06-01,Adalet ve Kalkınma Partisi,european_union,Avrupa Birligi,democratic_reform,20,34,14,6,41.0,41.0,0.38095238095238093,total,2005,246.1,0.16659894351889476
2005-06-01,Bağımsız,european_union,Avrupa Birligi,democratic_reform,5,6,7,1,8.8,8.8,0.6666666666666666,total,2005,246.1,0.035757822023567656
2005-06-01,Cumhuriyet Halk Partisi,european_union,Avrupa Birligi,democratic_reform,68,141,97,37,187.9,187.9,0.4444444444444444,total,2005,246.1,0.7635107679804958
2005-06-01,Doğru Yol Partisi,european_union,Avrupa Birligi,democratic_reform,5,7,3,1,8.4,8.4,0.4,total,2005,246.1,0.03413246647704186
2005-06-01,Adalet ve Kalkınma Partisi,imf,IMF,macro_economy,3,3,0,0,3.0,3.0,0.0,total,2005,126.15,0.023781212841854932
2005-06-01,Bağımsız,imf,IMF,macro_economy,5,11,12,0,15.2,15.2,0.9230769230769231,total,2005,126.15,0.12049147839873166
2005-06-01,Cumhuriyet Halk Partisi,imf,IMF,macro_economy,45,92,14,23,104.95,104.95,-0.23684210526315788,total,2005,126.15,0.8319460959175584
2005-06-01,Doğru Yol Partisi,imf,IMF,macro_economy,3,3,0,0,3.0,3.0,0.0,total,2005,126.15,0.023781212841854932
2005-06-01,Adalet ve Kalkınma Partisi,inflation,Enflasyon,macro_economy,7,11,4,0,12.399999999999999,12.399999999999999,0.8,total,2005,38.5,0.322077922077922
2005-06-01,Bağımsız,inflation,Enflasyon,macro_economy,4,4,2,0,4.7,4.7,0.6666666666666666,total,2005,38.5,0.12207792207792208
2005-06-01,Cumhuriyet Halk Partisi,inflation,Enflasyon,macro_economy,8,14,2,2,15.4,15.4,0.0,total,2005,38.5,0.4
2005-06-01,Doğru Yol Partisi,inflation,Enflasyon,macro_economy,3,6,0,0,6.0,6.0,0.0,total,2005,38.5,0.15584415584415584
2005-06-01,Adalet ve Kalkınma Partisi,interest,Faiz,macro_economy,13,20,10,1,23.85,23.85,0.75,total,2005,83.7,0.2849462365591398
2005-06-01,Bağımsız,interest,Faiz,macro_economy,1,5,0,0,5.0,5.0,0.0,total,2005,83.7,0.05973715651135006
2005-06-01,Cumhuriyet Halk Partisi,interest,Faiz,macro_economy,19,45,5,4,48.15,48.15,0.1,total,2005,83.7,0.575268817204301
2005-06-01,Doğru Yol Partisi,interest,Faiz,macro_economy,1,6,0,2,6.7,6.7,-0.6666666666666666,total,2005,83.7,0.08004778972520908
2005-06-01,Adalet ve Kalkınma Partisi,law_state,Hukuk Devleti,democratic_reform,104,383,92,94,448.09999999999997,448.09999999999997,-0.0106951871657754,total,2005,2878.95,0.15564702408864342
2005-06-01,Cumhuriyet Halk Partisi,law_state,Hukuk Devleti,democratic_reform,214,1963,769,437,2385.1,2385.1,0.2750621375310688,total,2005,2878.95,0.8284617655742545
2005-06-01,Doğru Yol Partisi,law_state,Hukuk Devleti,democratic_reform,12,44,4,1,45.75,45.75,0.5,total,2005,2878.95,0.015891210337102068
2005-06-01,Adalet ve Kalkınma Partisi,reform,Reform,democratic_reform,21,35,12,5,40.95,40.95,0.3888888888888889,total,2005,132.3,0.30952380952380953
2005-06-01,Anavatan Partisi,reform,Reform,democratic_reform,1,1,1,0,1.35,1.35,0.5,total,2005,132.3,0.01020408163265306
2005-06-01,Bağımsız,reform,Reform,democratic_reform,3,4,0,1,4.35,4.35,-0.5,total,2005,132.3,0.032879818594104306
2005-06-01,Cumhuriyet Halk Partisi,reform,Reform,democratic_reform,38,67,24,14,80.3,80.3,0.2564102564102564,total,2005,132.3,0.6069538926681783
2005-06-01,Doğru Yol Partisi,reform,Reform,democratic_reform,3,5,1,0,5.35,5.35,0.5,total,2005,132.3,0.04043839758125472
2005-06-01,Adalet ve Kalkınma Partisi,security,Guvenlik,security_conflict,44,97,20,47,120.45,120.45,-0.39705882352941174,total,2005,288.5,0.4175043327556326
2005-06-01,Bağımsız,security,Guvenlik,security_conflict,5,11,2,7,14.149999999999999,14.149999999999999,-0.5,total,2005,288.5,0.04904679376083188
2005-06-01,Cumhuriyet Halk Partisi,security,Guvenlik,security_conflict,63,112,30,59,143.15,143.15,-0.32222222222222224,total,2005,288.5,0.4961871750433276
2005-06-01,Doğru Yol Partisi,security,Guvenlik,security_conflict,2,9,2,3,10.75,10.75,-0.16666666666666666,total,2005,288.5,0.03726169844020797
2005-06-01,Adalet ve Kalkınma Partisi,sovereignty,Egemenlik,security_conflict,2,2,2,0,2.7,2.7,0.6666666666666666,total,2005,7.4,0.36486486486486486
2005-06-01,Cumhuriyet Halk Partisi,sovereignty,Egemenlik,security_conflict,3,4,0,2,4.7,4.7,-0.6666666666666666,total,2005,7.4,0.6351351351351351
2005-06-01,Adalet ve Kalkınma Partisi,tutelage,Vesayet,constitutional_conflict,2,4,0,4,5.4,5.4,-0.8,total,2005,18.3,0.29508196721311475
2005-06-01,Cumhuriyet Halk Partisi,tutelage,Vesayet,constitutional_conflict,4,7,0,13,11.549999999999999,11.549999999999999,-0.9285714285714286,total,2005,18.3,0.6311475409836065
2005-06-01,Doğru Yol Partisi,tutelage,Vesayet,constitutional_conflict,1,1,0,1,1.35,1.35,-0.5,total,2005,18.3,0.07377049180327869
2005-07-01,Cumhuriyet Halk Partisi,constitution,Anayasa,constitutional_conflict,1,1,0,1,1.35,0.675,-0.5,negative,2005,0.675,1.0
2005-07-01,Adalet ve Kalkınma Partisi,democracy,Demokrasi,democratic_reform,2,8,3,7,11.5,3.7884700000000002,-0.36363636363636365,negative,2005,3.7884700000000002,1.0
2005-07-01,Adalet ve Kalkınma Partisi,economy,Ekonomi,macro_economy,7,28,3,30,39.55,24.8913,-0.7941176470588235,negative,2005,30.45505,0.8173127281025643
2005-07-01,Cumhuriyet Halk Partisi,economy,Ekonomi,macro_economy,1,3,2,5,5.45,2.04375,-0.375,negative,2005,30.45505,0.0671070971809273
2005-07-01,Doğru Yol Partisi,economy,Ekonomi,macro_economy,1,3,0,4,4.4,3.5200000000000005,-0.8,negative,2005,30.45505,0.11558017471650844
2005-07-01,Adalet ve Kalkınma Partisi,european_union,Avrupa Birligi,democratic_reform,3,8,1,4,9.75,4.1125,-0.5,negative,2005,4.1125,1.0
2005-07-01,Cumhuriyet Halk Partisi,imf,IMF,macro_economy,1,1,0,1,1.35,0.675,-0.5,negative,2005,0.675,1.0
2005-07-01,Cumhuriyet Halk Partisi,interest,Faiz,macro_economy,1,16,0,1,16.35,8.175,-0.5,negative,2005,8.175,1.0
2005-07-01,Adalet ve Kalkınma Partisi,law_state,Hukuk Devleti,democratic_reform,5,15,1,9,18.5,9.77688,-0.7272727272727273,negative,2005,9.77688,1.0
2005-07-01,Adalet ve Kalkınma Partisi,security,Guvenlik,security_conflict,3,12,2,15,17.95,11.74222,-0.7222222222222222,negative,2005,12.87561,0.9119738792958159
2005-07-01,Cumhuriyet Halk Partisi,security,Guvenlik,security_conflict,1,1,0,2,1.7,1.13339,-0.6666666666666666,negative,2005,12.87561,0.0880261207041841
2005-07-01,Adalet ve Kalkınma Partisi,tutelage,Vesayet,constitutional_conflict,3,8,2,8,11.5,5.34295,-0.5454545454545454,negative,2005,5.34295,1.0
2005-07-01,Adalet ve Kalkınma Partisi,constitution,Anayasa,constitutional_conflict,5,12,12,0,16.2,10.445,0.9230769230769231,positive,2005,13.165000000000001,0.7933915685529813
2005-07-01,Cumhuriyet Halk Partisi,constitution,Anayasa,constitutional_conflict,1,2,4,0,3.4,2.72,0.8,positive,2005,13.165000000000001,0.2066084314470186
2005-07-01,Adalet ve Kalkınma Partisi,democracy,Demokrasi,democratic_reform,8,21,12,0,25.2,15.01278,0.9230769230769231,positive,2005,30.479155,0.49255893084962493
2005-07-01,Cumhuriyet Halk Partisi,democracy,Demokrasi,democratic_reform,2,23,6,0,25.1,15.466375000000001,0.8571428571428571,positive,2005,30.479155,0.5074410691503751
2005-07-01,Adalet ve Kalkınma Partisi,economy,Ekonomi,macro_economy,6,38,17,1,44.3,29.781619999999997,0.8421052631578947,positive,2005,29.781619999999997,1.0
2005-07-01,Adalet ve Kalkınma Partisi,european_union,Avrupa Birligi,democratic_reform,3,5,3,0,6.050000000000001,3.0250000000000004,0.75,positive,2005,3.0250000000000004,1.0
2005-07-01,Cumhuriyet Halk Partisi,interest,Faiz,macro_economy,1,7,2,1,8.05,2.0125,0.25,positive,2005,2.0125,1.0
2005-07-01,Adalet ve Kalkınma Partisi,law_state,Hukuk Devleti,democratic_reform,3,3,5,0,4.75,2.8875,0.8333333333333334,positive,2005,5.576965,0.517754728602385
2005-07-01,Cumhuriyet Halk Partisi,law_state,Hukuk Devleti,democratic_reform,1,8,8,5,12.55,2.689465,0.21428571428571427,positive,2005,5.576965,0.482245271397615
2005-07-01,Adalet ve Kalkınma Partisi,reform,Reform,democratic_reform,4,11,10,1,14.85,9.26,0.75,positive,2005,9.26,1.0
2005-07-01,Adalet ve Kalkınma Partisi,security,Guvenlik,security_conflict,7,50,20,4,58.4,32.2472,0.64,positive,2005,32.2472,1.0
2005-07-01,Adalet ve Kalkınma Partisi,constitution,Anayasa,constitutional_conflict,16,33,12,0,37.2,37.2,0.9230769230769231,total,2005,42.95,0.8661233993015134
2005-07-01,Cumhuriyet Halk Partisi,constitution,Anayasa,constitutional_conflict,3,4,4,1,5.75,5.75,0.5,total,2005,42.95,0.13387660069848661
2005-07-01,Adalet ve Kalkınma Partisi,democracy,Demokrasi,democratic_reform,24,47,15,7,54.7,54.7,0.34782608695652173,total,2005,84.80000000000001,0.6450471698113207
2005-07-01,Cumhuriyet Halk Partisi,democracy,Demokrasi,democratic_reform,6,27,6,0,29.1,29.1,0.8571428571428571,total,2005,84.80000000000001,0.34316037735849053
2005-07-01,Doğru Yol Partisi,democracy,Demokrasi,democratic_reform,1,1,0,0,1.0,1.0,0.0,total,2005,84.80000000000001,0.011792452830188678
2005-07-01,Adalet ve Kalkınma Partisi,economy,Ekonomi,macro_economy,21,95,28,38,118.1,118.1,-0.14925373134328357,total,2005,134.95,0.8751389403482772
2005-07-01,Cumhuriyet Halk Partisi,economy,Ekonomi,macro_economy,3,7,2,5,9.45,9.45,-0.375,total,2005,134.95,0.0700259355316784
2005-07-01,Doğru Yol Partisi,economy,Ekonomi,macro_economy,3,6,0,4,7.4,7.4,-0.8,total,2005,134.95,0.054835124120044466
2005-07-01,Adalet ve Kalkınma Partisi,european_union,Avrupa Birligi,democratic_reform,13,27,10,8,33.3,33.3,0.10526315789473684,total,2005,33.3,1.0
2005-07-01,Cumhuriyet Halk Partisi,imf,IMF,macro_economy,1,1,0,1,1.35,1.35,-0.5,total,2005,3.35,0.40298507462686567
2005-07-01,Doğru Yol Partisi,imf,IMF,macro_economy,1,2,0,0,2.0,2.0,0.0,total,2005,3.35,0.5970149253731343
2005-07-01,Adalet ve Kalkınma Partisi,interest,Faiz,macro_economy,4,14,0,0,14.0,14.0,0.0,total,2005,39.400000000000006,0.35532994923857864
2005-07-01,Cumhuriyet Halk Partisi,interest,Faiz,macro_economy,3,24,2,2,25.400000000000002,25.400000000000002,0.0,total,2005,39.400000000000006,0.6446700507614213
2005-07-01,Adalet ve Kalkınma Partisi,law_state,Hukuk Devleti,democratic_reform,17,35,9,11,42.0,42.0,-0.09523809523809523,total,2005,56.55,0.7427055702917772
2005-07-01,Cumhuriyet Halk Partisi,law_state,Hukuk Devleti,democratic_reform,3,10,8,5,14.55,14.55,0.21428571428571427,total,2005,56.55,0.25729442970822286
2005-07-01,Adalet ve Kalkınma Partisi,reform,Reform,democratic_reform,5,12,10,1,15.85,15.85,0.75,total,2005,15.85,1.0
2005-07-01,Adalet ve Kalkınma Partisi,security,Guvenlik,security_conflict,13,66,22,19,80.35,80.35,0.07142857142857142,total,2005,87.05,0.9230327398047099
2005-07-01,Cumhuriyet Halk Partisi,security,Guvenlik,security_conflict,2,3,0,2,3.7,3.7,-0.6666666666666666,total,2005,87.05,0.04250430786904078
2005-07-01,Doğru Yol Partisi,security,Guvenlik,security_conflict,3,3,0,0,3.0,3.0,0.0,total,2005,87.05,0.03446295232624928
2005-07-01,Adalet ve Kalkınma Partisi,tutelage,Vesayet,constitutional_conflict,3,8,2,8,11.5,11.5,-0.5454545454545454,total,2005,11.5,1.0
2005-09-01,Cumhuriyet Halk Partisi,constitution,Anayasa,constitutional_conflict,1,5,0,2,5.7,3.8001899999999997,-0.6666666666666666,negative,2005,3.8001899999999997,1.0
2005-09-01,Adalet ve Kalkınma Partisi,democracy,Demokrasi,democratic_reform,2,3,0,7,5.449999999999999,4.1891099999999994,-0.875,negative,2005,17.24288,0.24294723387276368
2005-09-01,Cumhuriyet Halk Partisi,democracy,Demokrasi,democratic_reform,4,15,0,10,18.5,13.05377,-0.9090909090909091,negative,2005,17.24288,0.7570527661272363
2005-09-01,Adalet ve Kalkınma Partisi,economy,Ekonomi,macro_economy,1,1,0,1,1.35,0.675,-0.5,negative,2005,2.5250000000000004,0.2673267326732673
2005-09-01,Cumhuriyet Halk Partisi,economy,Ekonomi,macro_economy,1,1,0,1,1.35,0.675,-0.5,negative,2005,2.5250000000000004,0.2673267326732673
2005-09-01,Doğru Yol Partisi,economy,Ekonomi,macro_economy,1,2,0,1,2.35,1.175,-0.5,negative,2005,2.5250000000000004,0.4653465346534653
2005-09-01,Cumhuriyet Halk Partisi,european_union,Avrupa Birligi,democratic_reform,1,4,0,5,5.75,4.791475,-0.8333333333333334,negative,2005,4.791475,1.0
2005-09-01,Adalet ve Kalkınma Partisi,law_state,Hukuk Devleti,democratic_reform,2,7,0,2,7.699999999999999,3.8499999999999996,-0.6666666666666666,negative,2005,6.699999999999999,0.5746268656716418
2005-09-01,Cumhuriyet Halk Partisi,law_state,Hukuk Devleti,democratic_reform,2,5,0,2,5.7,2.85,-0.6666666666666666,negative,2005,6.699999999999999,0.42537313432835827
2005-09-01,Adalet ve Kalkınma Partisi,reform,Reform,democratic_reform,1,2,0,1,2.35,1.175,-0.5,negative,2005,1.175,1.0
2005-09-01,Adalet ve Kalkınma Partisi,security,Guvenlik,security_conflict,9,36,3,78,64.35,53.3225,-0.9146341463414634,negative,2005,94.31097,0.5653902191865909
2005-09-01,Cumhuriyet Halk Partisi,security,Guvenlik,security_conflict,4,66,15,44,86.65,40.98847,-0.48333333333333334,negative,2005,94.31097,0.4346097808134091
2005-09-01,Adalet ve Kalkınma Partisi,constitution,Anayasa,constitutional_conflict,2,3,3,0,4.050000000000001,2.47509,0.75,positive,2005,5.85291,0.4228819510294879
2005-09-01,Cumhuriyet Halk Partisi,constitution,Anayasa,constitutional_conflict,1,1,8,0,3.8,3.37782,0.8888888888888888,positive,2005,5.85291,0.5771180489705121
2005-09-01,Adalet ve Kalkınma Partisi,democracy,Demokrasi,democratic_reform,3,7,7,0,9.45,6.63768,0.875,positive,2005,10.43787,0.6359228463278427
2005-09-01,Doğru Yol Partisi,democracy,Demokrasi,democratic_reform,1,5,2,0,5.7,3.8001899999999997,0.6666666666666666,positive,2005,10.43787,0.3640771536721572
2005-09-01,Adalet ve Kalkınma Partisi,economy,Ekonomi,macro_economy,3,9,12,2,13.899999999999999,7.46847,0.6666666666666666,positive,2005,7.46847,1.0
2005-09-01,Adalet ve Kalkınma Partisi,european_union,Avrupa Birligi,democratic_reform,1,1,3,1,2.4,0.96,0.4,positive,2005,0.96,1.0
2005-09-01,Adalet ve Kalkınma Partisi,security,Guvenlik,security_conflict,8,73,31,12,88.05,27.710205000000002,0.4318181818181818,positive,2005,40.606495,0.6824081960287388
2005-09-01,Doğru Yol Partisi,security,Guvenlik,security_conflict,2,27,4,1,28.75,12.89629,0.5,positive,2005,40.606495,0.31759180397126124
2005-09-01,Adalet ve Kalkınma Partisi,constitution,Anayasa,constitutional_conflict,10,14,5,2,16.45,16.45,0.375,total,2005,27.95,0.5885509838998211
2005-09-01,Cumhuriyet Halk Partisi,constitution,Anayasa,constitutional_conflict,3,8,8,2,11.5,11.5,0.5454545454545454,total,2005,27.95,0.4114490161001789
2005-09-01,Adalet ve Kalkınma Partisi,democracy,Demokrasi,democratic_reform,16,26,11,10,33.35,33.35,0.045454545454545456,total,2005,68.55,0.48650619985412114
2005-09-01,Cumhuriyet Halk Partisi,democracy,Demokrasi,democratic_reform,6,26,0,10,29.5,29.5,-0.9090909090909091,total,2005,68.55,0.4303428154631656
2005-09-01,Doğru Yol Partisi,democracy,Demokrasi,democratic_reform,1,5,2,0,5.7,5.7,0.6666666666666666,total,2005,68.55,0.08315098468271336
2005-09-01,Adalet ve Kalkınma Partisi,economy,Ekonomi,macro_economy,5,12,12,3,17.25,17.25,0.5625,total,2005,24.95,0.6913827655310621
2005-09-01,Cumhuriyet Halk Partisi,economy,Ekonomi,macro_economy,2,5,0,1,5.35,5.35,-0.5,total,2005,24.95,0.21442885771543085
2005-09-01,Doğru Yol Partisi,economy,Ekonomi,macro_economy,1,2,0,1,2.35,2.35,-0.5,total,2005,24.95,0.09418837675350702
2005-09-01,Adalet ve Kalkınma Partisi,european_union,Avrupa Birligi,democratic_reform,4,4,3,1,5.4,5.4,0.4,total,2005,12.15,0.4444444444444445
2005-09-01,Cumhuriyet Halk Partisi,european_union,Avrupa Birligi,democratic_reform,2,5,0,5,6.75,6.75,-0.8333333333333334,total,2005,12.15,0.5555555555555556
2005-09-01,Adalet ve Kalkınma Partisi,law_state,Hukuk Devleti,democratic_reform,10,16,2,4,18.099999999999998,18.099999999999998,-0.2857142857142857,total,2005,29.799999999999997,0.6073825503355704
2005-09-01,Cumhuriyet Halk Partisi,law_state,Hukuk Devleti,democratic_reform,4,11,0,2,11.7,11.7,-0.6666666666666666,total,2005,29.799999999999997,0.3926174496644295
2005-09-01,Adalet ve Kalkınma Partisi,reform,Reform,democratic_reform,1,2,0,1,2.35,2.35,-0.5,total,2005,2.35,1.0
2005-09-01,Adalet ve Kalkınma Partisi,security,Guvenlik,security_conflict,41,151,38,93,196.85,196.85,-0.4166666666666667,total,2005,318.25,0.6185388845247447
2005-09-01,Cumhuriyet Halk Partisi,security,Guvenlik,security_conflict,8,71,15,44,91.65,91.65,-0.48333333333333334,total,2005,318.25,0.2879811468970935
2005-09-01,Doğru Yol Partisi,security,Guvenlik,security_conflict,3,28,4,1,29.75,29.75,0.5,total,2005,318.25,0.09347996857816182
2005-09-01,Cumhuriyet Halk Partisi,sovereignty,Egemenlik,security_conflict,1,3,0,0,3.0,3.0,0.0,total,2005,3.0,1.0
2005-10-01,Adalet ve Kalkınma Partisi,constitution,Anayasa,constitutional_conflict,5,12,1,10,15.850000000000001,10.15848,-0.75,negative,2005,59.71103,0.17012736172864545
2005-10-01,Anavatan Partisi,constitution,Anayasa,constitutional_conflict,1,2,0,2,2.7,1.80009,-0.6666666666666666,negative,2005,59.71103,0.030146691490667635
2005-10-01,Cumhuriyet Halk Partisi,constitution,Anayasa,constitutional_conflict,10,40,1,19,47.0,30.50825,-0.8571428571428571,negative,2005,59.71103,0.5109315649051774
2005-10-01,Doğru Yol Partisi,constitution,Anayasa,constitutional_conflict,6,29,2,12,33.9,17.24421,-0.6666666666666666,negative,2005,59.71103,0.28879438187550943
2005-10-01,Adalet ve Kalkınma Partisi,democracy,Demokrasi,democratic_reform,1,1,0,1,1.35,0.675,-0.5,negative,2005,3.375,0.2
2005-10-01,Anavatan Partisi,democracy,Demokrasi,democratic_reform,1,1,0,1,1.35,0.675,-0.5,negative,2005,3.375,0.2
2005-10-01,Cumhuriyet Halk Partisi,democracy,Demokrasi,democratic_reform,2,2,0,2,2.7,1.35,-0.6666666666666666,negative,2005,3.375,0.4
2005-10-01,Doğru Yol Partisi,democracy,Demokrasi,democratic_reform,1,1,0,1,1.35,0.675,-0.5,negative,2005,3.375,0.2
2005-10-01,Adalet ve Kalkınma Partisi,economy,Ekonomi,macro_economy,9,27,7,39,43.1,27.422325,-0.6808510638297872,negative,2005,106.547105,0.25737278361528454
2005-10-01,Anavatan Partisi,economy,Ekonomi,macro_economy,4,12,3,12,17.25,8.9415,-0.5625,negative,2005,106.547105,0.08392062834555664
2005-10-01,Bağımsız,economy,Ekonomi,macro_economy,1,4,2,8,7.5,4.09125,-0.5454545454545454,negative,2005,106.547105,0.03839850927906487
2005-10-01,Cumhuriyet Halk Partisi,economy,Ekonomi,macro_economy,15,59,5,58,81.05,55.99684,-0.828125,negative,2005,106.547105,0.525559469682447
2005-10-01,Doğru Yol Partisi,economy,Ekonomi,macro_economy,3,12,0,7,14.45,10.09519,-0.875,negative,2005,106.547105,0.09474860907764693
2005-10-01,Adalet ve Kalkınma Partisi,european_union,Avrupa Birligi,democratic_reform,4,7,0,5,8.75,4.65839,-0.8333333333333334,negative,2005,14.90839,0.3124676775963065
2005-10-01,Cumhuriyet Halk Partisi,european_union,Avrupa Birligi,democratic_reform,6,16,1,9,19.5,10.25,-0.7272727272727273,negative,2005,14.90839,0.6875323224036934
2005-10-01,Adalet ve Kalkınma Partisi,imf,IMF,macro_economy,1,3,0,5,4.75,3.958175,-0.8333333333333334,negative,2005,5.758265,0.6873902121559186
2005-10-01,Anavatan Partisi,imf,IMF,macro_economy,1,2,0,2,2.7,1.80009,-0.6666666666666666,negative,2005,5.758265,0.3126097878440815
2005-10-01,Doğru Yol Partisi,inflation,Enflasyon,macro_economy,2,14,0,5,15.75,11.420990000000002,-0.8333333333333334,negative,2005,11.420990000000002,1.0
2005-10-01,Adalet ve Kalkınma Partisi,interest,Faiz,macro_economy,4,12,0,7,14.450000000000001,9.85429,-0.875,negative,2005,19.37518,0.5086037910357478
2005-10-01,Anavatan Partisi,interest,Faiz,macro_economy,2,3,0,3,4.05,2.30839,-0.75,negative,2005,19.37518,0.11914160281349645
2005-10-01,Cumhuriyet Halk Partisi,interest,Faiz,macro_economy,1,2,0,1,2.35,1.175,-0.5,negative,2005,19.37518,0.06064459788244548
2005-10-01,Doğru Yol Partisi,interest,Faiz,macro_economy,1,7,0,3,8.05,6.0375000000000005,-0.75,negative,2005,19.37518,0.3116100082683103
2005-10-01,Adalet ve Kalkınma Partisi,law_state,Hukuk Devleti,democratic_reform,9,26,0,21,33.35,22.53828,-0.9545454545454546,negative,2005,57.021820000000005,0.39525711385571344
2005-10-01,Bağımsız,law_state,Hukuk Devleti,democratic_reform,1,2,0,1,2.35,1.175,-0.5,negative,2005,57.021820000000005,0.020606146910077578
2005-10-01,Cumhuriyet Halk Partisi,law_state,Hukuk Devleti,democratic_reform,14,49,2,28,59.5,32.63354,-0.8387096774193549,negative,2005,57.021820000000005,0.5722991654773558
2005-10-01,Doğru Yol Partisi,law_state,Hukuk Devleti,democratic_reform,1,1,0,1,1.35,0.675,-0.5,negative,2005,57.021820000000005,0.011837573756853077
2005-10-01,Cumhuriyet Halk Partisi,reform,Reform,democratic_reform,2,2,0,4,3.4,2.26678,-0.8,negative,2005,2.26678,1.0
2005-10-01,Adalet ve Kalkınma Partisi,security,Guvenlik,security_conflict,5,11,5,12,16.950000000000003,5.460865,-0.3888888888888889,negative,2005,18.706709999999998,0.2919201185029329
2005-10-01,Cumhuriyet Halk Partisi,security,Guvenlik,security_conflict,6,13,0,15,18.25,12.570844999999998,-0.9375,negative,2005,18.706709999999998,0.6719965723529151
2005-10-01,Doğru Yol Partisi,security,Guvenlik,security_conflict,1,1,0,1,1.35,0.675,-0.5,negative,2005,18.706709999999998,0.036083309144152025
2005-10-01,Cumhuriyet Halk Partisi,sovereignty,Egemenlik,security_conflict,1,1,0,2,1.7,1.13339,-0.6666666666666666,negative,2005,1.13339,1.0
2005-10-01,Cumhuriyet Halk Partisi,tutelage,Vesayet,constitutional_conflict,2,2,0,4,3.4,2.2125,-0.8,negative,2005,2.2125,1.0
2005-10-01,Adalet ve Kalkınma Partisi,constitution,Anayasa,constitutional_conflict,14,78,29,1,88.5,58.292535,0.9032258064516129,positive,2005,165.773975,0.3516386392978753
2005-10-01,Cumhuriyet Halk Partisi,constitution,Anayasa,constitutional_conflict,14,137,62,15,163.95,86.619475,0.6025641025641025,positive,2005,165.773975,0.5225155215105386
2005-10-01,Doğru Yol Partisi,constitution,Anayasa,constitutional_conflict,4,25,10,1,28.85,20.861965,0.75,positive,2005,165.773975,0.125845839191586
2005-10-01,Adalet ve Kalkınma Partisi,democracy,Demokrasi,democratic_reform,4,14,15,0,19.25,14.34759,0.9375,positive,2005,19.09348,0.7514392347544817
2005-10-01,Cumhuriyet Halk Partisi,democracy,Demokrasi,democratic_reform,4,8,6,1,10.45,4.745889999999999,0.625,positive,2005,19.09348,0.24856076524551834
2005-10-01,Adalet ve Kalkınma Partisi,economy,Ekonomi,macro_economy,32,138,144,12,192.6,135.11204,0.8407643312101911,positive,2005,165.51178000000002,0.816328843783808
2005-10-01,Anavatan Partisi,economy,Ekonomi,macro_economy,1,14,7,0,16.45,14.393749999999999,0.875,positive,2005,165.51178000000002,0.086965109069578
2005-10-01,Bağımsız,economy,Ekonomi,macro_economy,1,4,1,0,4.35,2.175,0.5,positive,2005,165.51178000000002,0.013141058600179393
2005-10-01,Cumhuriyet Halk Partisi,economy,Ekonomi,macro_economy,7,11,14,0,15.9,10.48099,0.9333333333333333,positive,2005,165.51178000000002,0.06332473736914677
2005-10-01,Doğru Yol Partisi,economy,Ekonomi,macro_economy,2,6,2,0,6.699999999999999,3.3499999999999996,0.6666666666666666,positive,2005,165.51178000000002,0.0202402511772878
2005-10-01,Adalet ve Kalkınma Partisi,european_union,Avrupa Birligi,democratic_reform,14,48,42,4,64.1,42.814135,0.8085106382978723,positive,2005,66.046825,0.6482391091471846
2005-10-01,Anavatan Partisi,european_union,Avrupa Birligi,democratic_reform,2,6,5,0,7.75,5.795000000000001,0.8333333333333334,positive,2005,66.046825,0.08774078087780905
2005-10-01,Bağımsız,european_union,Avrupa Birligi,democratic_reform,1,1,1,0,1.35,0.675,0.5,positive,2005,66.046825,0.010220021931410027
2005-10-01,Cumhuriyet Halk Partisi,european_union,Avrupa Birligi,democratic_reform,12,34,19,4,42.050000000000004,16.76269,0.625,positive,2005,66.046825,0.25380008804359633
2005-10-01,Adalet ve Kalkınma Partisi,imf,IMF,macro_economy,1,1,2,0,1.7,1.13339,0.6666666666666666,positive,2005,6.96401,0.1627496227030116
2005-10-01,Cumhuriyet Halk Partisi,imf,IMF,macro_economy,2,4,9,0,7.15,5.83062,0.9,positive,2005,6.96401,0.8372503772969884
2005-10-01,Adalet ve Kalkınma Partisi,inflation,Enflasyon,macro_economy,6,7,9,0,10.15,5.92517,0.9,positive,2005,5.92517,1.0
2005-10-01,Adalet ve Kalkınma Partisi,interest,Faiz,macro_economy,3,6,4,0,7.4,4.1500900000000005,0.8,positive,2005,9.43759,0.43974044221035247
2005-10-01,Cumhuriyet Halk Partisi,interest,Faiz,macro_economy,1,6,3,0,7.05,5.2875,0.75,positive,2005,9.43759,0.5602595577896475
2005-10-01,Adalet ve Kalkınma Partisi,law_state,Hukuk Devleti,democratic_reform,11,25,23,0,33.05,22.103930000000002,0.9583333333333334,positive,2005,61.451530000000005,0.3596969839481621
2005-10-01,Cumhuriyet Halk Partisi,law_state,Hukuk Devleti,democratic_reform,11,44,38,3,58.35,39.3476,0.8333333333333334,positive,2005,61.451530000000005,0.6403030160518379
2005-10-01,Adalet ve Kalkınma Partisi,reform,Reform,democratic_reform,8,15,14,1,20.25,11.83759,0.8125,positive,2005,19.92116,0.5942219228197555
2005-10-01,Cumhuriyet Halk Partisi,reform,Reform,democratic_reform,5,11,8,0,13.8,8.08357,0.8888888888888888,positive,2005,19.92116,0.4057780771802445
2005-10-01,Adalet ve Kalkınma Partisi,security,Guvenlik,security_conflict,5,22,6,1,24.45,8.7125,0.625,positive,2005,25.078390000000002,0.34741065913720937
2005-10-01,Anavatan Partisi,security,Guvenlik,security_conflict,1,11,4,0,12.4,9.920000000000002,0.8,positive,2005,25.078390000000002,0.395559683057804
2005-10-01,Cumhuriyet Halk Partisi,security,Guvenlik,security_conflict,4,7,7,0,9.45,5.77089,0.875,positive,2005,25.078390000000002,0.2301140543711139
2005-10-01,Doğru Yol Partisi,security,Guvenlik,security_conflict,1,1,1,0,1.35,0.675,0.5,positive,2005,25.078390000000002,0.026915603433872747
2005-10-01,Bağımsız,sovereignty,Egemenlik,security_conflict,1,1,1,0,1.35,0.675,0.5,positive,2005,0.675,1.0
2005-10-01,Adalet ve Kalkınma Partisi,constitution,Anayasa,constitutional_conflict,68,207,32,13,222.75,222.75,0.41304347826086957,total,2005,648.15,0.3436704466558667
2005-10-01,Anavatan Partisi,constitution,Anayasa,constitutional_conflict,3,4,0,2,4.7,4.7,-0.6666666666666666,total,2005,648.15,0.00725140785312042
2005-10-01,Bağımsız,constitution,Anayasa,constitutional_conflict,3,6,0,0,6.0,6.0,0.0,total,2005,648.15,0.009257116408238834
2005-10-01,Cumhuriyet Halk Partisi,constitution,Anayasa,constitutional_conflict,60,278,63,34,311.95,311.95,0.29591836734693877,total,2005,648.15,0.481292910591684
2005-10-01,Doğru Yol Partisi,constitution,Anayasa,constitutional_conflict,28,94,12,13,102.75,102.75,-0.038461538461538464,total,2005,648.15,0.15852811849109003
2005-10-01,Adalet ve Kalkınma Partisi,democracy,Demokrasi,democratic_reform,19,35,15,1,40.6,40.6,0.8235294117647058,total,2005,92.45,0.43915630070308276
2005-10-01,Anavatan Partisi,democracy,Demokrasi,democratic_reform,1,1,0,1,1.35,1.35,-0.5,total,2005,92.45,0.014602487831260141
2005-10-01,Bağımsız,democracy,Demokrasi,democratic_reform,3,5,0,0,5.0,5.0,0.0,total,2005,92.45,0.05408328826392644
2005-10-01,Cumhuriyet Halk Partisi,democracy,Demokrasi,democratic_reform,25,39,6,3,42.15,42.15,0.3,total,2005,92.45,0.4559221200648999
2005-10-01,Doğru Yol Partisi,democracy,Demokrasi,democratic_reform,3,3,0,1,3.35,3.35,-0.5,total,2005,92.45,0.03623580313683072
2005-10-01,Adalet ve Kalkınma Partisi,economy,Ekonomi,macro_economy,65,216,153,53,288.1,288.1,0.4830917874396135,total,2005,543.35,0.5302291340756419
2005-10-01,Anavatan Partisi,economy,Ekonomi,macro_economy,12,37,10,12,44.699999999999996,44.699999999999996,-0.08695652173913043,total,2005,543.35,0.08226741510996594
2005-10-01,Bağımsız,economy,Ekonomi,macro_economy,3,10,3,8,13.85,13.85,-0.4166666666666667,total,2005,543.35,0.02549001564369191
2005-10-01,Cumhuriyet Halk Partisi,economy,Ekonomi,macro_economy,50,132,27,66,164.55,164.55,-0.4148936170212766,total,2005,543.35,0.30284347105917
2005-10-01,Doğru Yol Partisi,economy,Ekonomi,macro_economy,13,29,2,7,32.15,32.15,-0.5,total,2005,543.35,0.05916996411153032
2005-10-01,Adalet ve Kalkınma Partisi,european_union,Avrupa Birligi,democratic_reform,47,102,43,10,120.55,120.55,0.6111111111111112,total,2005,228.65,0.5272250164006123
2005-10-01,Anavatan Partisi,european_union,Avrupa Birligi,democratic_reform,5,9,5,0,10.75,10.75,0.8333333333333334,total,2005,228.65,0.04701508856330636
2005-10-01,Bağımsız,european_union,Avrupa Birligi,democratic_reform,1,1,1,0,1.35,1.35,0.5,total,2005,228.65,0.005904220424229172
2005-10-01,Cumhuriyet Halk Partisi,european_union,Avrupa Birligi,democratic_reform,31,80,24,16,94.0,94.0,0.1951219512195122,total,2005,228.65,0.4111086813907719
2005-10-01,Doğru Yol Partisi,european_union,Avrupa Birligi,democratic_reform,2,2,0,0,2.0,2.0,0.0,total,2005,228.65,0.008746993221080253
2005-10-01,Adalet ve Kalkınma Partisi,imf,IMF,macro_economy,5,8,2,5,10.45,10.45,-0.375,total,2005,47.1,0.22186836518046707
2005-10-01,Anavatan Partisi,imf,IMF,macro_economy,2,4,1,3,5.4,5.4,-0.4,total,2005,47.1,0.11464968152866242
2005-10-01,Cumhuriyet Halk Partisi,imf,IMF,macro_economy,9,19,12,3,24.25,24.25,0.5625,total,2005,47.1,0.5148619957537155
2005-10-01,Doğru Yol Partisi,imf,IMF,macro_economy,4,7,0,0,7.0,7.0,0.0,total,2005,47.1,0.14861995753715498
2005-10-01,Adalet ve Kalkınma Partisi,inflation,Enflasyon,macro_economy,15,20,13,3,25.6,25.6,0.5882352941176471,total,2005,52.35,0.4890162368672398
2005-10-01,Anavatan Partisi,inflation,Enflasyon,macro_economy,2,2,0,0,2.0,2.0,0.0,total,2005,52.35,0.038204393505253106
2005-10-01,Cumhuriyet Halk Partisi,inflation,Enflasyon,macro_economy,5,8,0,0,8.0,8.0,0.0,total,2005,52.35,0.15281757402101243
2005-10-01,Doğru Yol Partisi,inflation,Enflasyon,macro_economy,3,15,0,5,16.75,16.75,-0.8333333333333334,total,2005,52.35,0.31996179560649474
2005-10-01,Adalet ve Kalkınma Partisi,interest,Faiz,macro_economy,27,90,13,17,100.5,100.5,-0.12903225806451613,total,2005,161.7,0.6215213358070502
2005-10-01,Anavatan Partisi,interest,Faiz,macro_economy,3,4,0,3,5.05,5.05,-0.75,total,2005,161.7,0.031230674087816945
2005-10-01,Cumhuriyet Halk Partisi,interest,Faiz,macro_economy,15,46,4,2,48.1,48.1,0.2857142857142857,total,2005,161.7,0.2974644403215832
2005-10-01,Doğru Yol Partisi,interest,Faiz,macro_economy,1,7,0,3,8.05,8.05,-0.75,total,2005,161.7,0.04978354978354979
2005-10-01,Adalet ve Kalkınma Partisi,law_state,Hukuk Devleti,democratic_reform,53,145,33,28,166.35,166.35,0.08064516129032258,total,2005,394.75,0.4214059531348955
2005-10-01,Anavatan Partisi,law_state,Hukuk Devleti,democratic_reform,2,8,0,0,8.0,8.0,0.0,total,2005,394.75,0.02026599113362888
2005-10-01,Bağımsız,law_state,Hukuk Devleti,democratic_reform,2,3,0,1,3.35,3.35,-0.5,total,2005,394.75,0.008486383787207093
2005-10-01,Cumhuriyet Halk Partisi,law_state,Hukuk Devleti,democratic_reform,72,185,46,36,213.7,213.7,0.12048192771084337,total,2005,394.75,0.5413552881570614
2005-10-01,Doğru Yol Partisi,law_state,Hukuk Devleti,democratic_reform,2,3,0,1,3.35,3.35,-0.5,total,2005,394.75,0.008486383787207093
2005-10-01,Adalet ve Kalkınma Partisi,reform,Reform,democratic_reform,18,29,14,1,34.25,34.25,0.8125,total,2005,57.45,0.5961705831157528
2005-10-01,Cumhuriyet Halk Partisi,reform,Reform,democratic_reform,12,19,8,4,23.2,23.2,0.3076923076923077,total,2005,57.45,0.4038294168842471
2005-10-01,Adalet ve Kalkınma Partisi,security,Guvenlik,security_conflict,24,52,11,13,60.400000000000006,60.400000000000006,-0.08,total,2005,134.3,0.44973938942665675
2005-10-01,Anavatan Partisi,security,Guvenlik,security_conflict,2,13,5,1,15.100000000000001,15.100000000000001,0.5714285714285714,total,2005,134.3,0.11243484735666419
2005-10-01,Bağımsız,security,Guvenlik,security_conflict,1,1,1,1,1.7,1.7,0.0,total,2005,134.3,0.012658227848101264
2005-10-01,Cumhuriyet Halk Partisi,security,Guvenlik,security_conflict,24,41,8,16,49.4,49.4,-0.32,total,2005,134.3,0.3678332092330603
2005-10-01,Doğru Yol Partisi,security,Guvenlik,security_conflict,4,7,1,1,7.7,7.7,0.0,total,2005,134.3,0.0573343261355175
2005-10-01,Bağımsız,sovereignty,Egemenlik,security_conflict,1,1,1,0,1.35,1.35,0.5,total,2005,5.050000000000001,0.2673267326732673
2005-10-01,Cumhuriyet Halk Partisi,sovereignty,Egemenlik,security_conflict,2,2,0,2,2.7,2.7,-0.6666666666666666,total,2005,5.050000000000001,0.5346534653465346
2005-10-01,Doğru Yol Partisi,sovereignty,Egemenlik,security_conflict,1,1,0,0,1.0,1.0,0.0,total,2005,5.050000000000001,0.198019801980198
2005-10-01,Cumhuriyet Halk Partisi,tutelage,Vesayet,constitutional_conflict,2,2,0,4,3.4,3.4,-0.8,total,2005,3.4,1.0
2005-11-01,Adalet ve Kalkınma Partisi,constitution,Anayasa,constitutional_conflict,3,11,1,11,15.2,11.349609999999998,-0.7692307692307693,negative,2005,34.366645,0.33025074167117563
2005-11-01,Cumhuriyet Halk Partisi,constitution,Anayasa,constitutional_conflict,7,28,0,14,32.9,21.216945,-0.9333333333333333,negative,2005,34.366645,0.6173702728328587
2005-11-01,Doğru Yol Partisi,constitution,Anayasa,constitutional_conflict,1,2,0,2,2.7,1.80009,-0.6666666666666666,negative,2005,34.366645,0.05237898549596564
2005-11-01,Adalet ve Kalkınma Partisi,democracy,Demokrasi,democratic_reform,5,15,4,20,23.4,12.306180000000001,-0.64,negative,2005,18.142030000000002,0.67832431100599
2005-11-01,Cumhuriyet Halk Partisi,democracy,Demokrasi,democratic_reform,5,7,2,10,11.200000000000001,5.83585,-0.6153846153846154,negative,2005,18.142030000000002,0.32167568899401
2005-11-01,Adalet ve Kalkınma Partisi,economy,Ekonomi,macro_economy,8,31,0,23,39.05,28.17987,-0.9583333333333334,negative,2005,80.36431,0.3506515516651608
2005-11-01,Anavatan Partisi,economy,Ekonomi,macro_economy,2,4,0,4,5.4,3.60018,-0.8,negative,2005,80.36431,0.0447982443948066
2005-11-01,Bağımsız,economy,Ekonomi,macro_economy,1,1,0,1,1.35,0.675,-0.5,negative,2005,80.36431,0.008399250861483163
2005-11-01,Cumhuriyet Halk Partisi,economy,Ekonomi,macro_economy,17,55,3,49,73.2,46.55926,-0.8679245283018868,negative,2005,80.36431,0.5793524513555831
2005-11-01,Doğru Yol Partisi,economy,Ekonomi,macro_economy,2,2,0,2,2.7,1.35,-0.6666666666666666,negative,2005,80.36431,0.016798501722966326
2005-11-01,Adalet ve Kalkınma Partisi,european_union,Avrupa Birligi,democratic_reform,1,7,1,2,8.05,2.0125,-0.25,negative,2005,4.5375000000000005,0.44352617079889806
2005-11-01,Anavatan Partisi,european_union,Avrupa Birligi,democratic_reform,1,2,0,1,2.35,1.175,-0.5,negative,2005,4.5375000000000005,0.2589531680440771
2005-11-01,Cumhuriyet Halk Partisi,european_union,Avrupa Birligi,democratic_reform,1,1,0,1,1.35,0.675,-0.5,negative,2005,4.5375000000000005,0.1487603305785124
2005-11-01,Doğru Yol Partisi,european_union,Avrupa Birligi,democratic_reform,1,1,0,1,1.35,0.675,-0.5,negative,2005,4.5375000000000005,0.1487603305785124
2005-11-01,Anavatan Partisi,imf,IMF,macro_economy,2,2,0,2,2.7,1.35,-0.6666666666666666,negative,2005,4.1375,0.32628398791540786
2005-11-01,Cumhuriyet Halk Partisi,imf,IMF,macro_economy,3,4,1,4,5.75,2.1125,-0.5,negative,2005,4.1375,0.5105740181268882
2005-11-01,Doğru Yol Partisi,imf,IMF,macro_economy,1,1,0,1,1.35,0.675,-0.5,negative,2005,4.1375,0.16314199395770393
2005-11-01,Adalet ve Kalkınma Partisi,inflation,Enflasyon,macro_economy,1,1,0,1,1.35,0.675,-0.5,negative,2005,11.14219,0.06058055014319448
2005-11-01,Anavatan Partisi,inflation,Enflasyon,macro_economy,1,15,0,2,15.7,10.467189999999999,-0.6666666666666666,negative,2005,11.14219,0.9394194498568055
2005-11-01,Adalet ve Kalkınma Partisi,interest,Faiz,macro_economy,1,10,0,1,10.35,5.175,-0.5,negative,2005,5.175,1.0
2005-11-01,Adalet ve Kalkınma Partisi,law_state,Hukuk Devleti,democratic_reform,9,19,0,19,25.650000000000002,17.40805,-0.95,negative,2005,103.05580499999999,0.16891867469280358
2005-11-01,Anavatan Partisi,law_state,Hukuk Devleti,democratic_reform,2,9,0,3,10.05,5.80849,-0.75,negative,2005,103.05580499999999,0.05636256977469634
2005-11-01,Bağımsız,law_state,Hukuk Devleti,democratic_reform,1,17,0,1,17.35,8.675,-0.5,negative,2005,103.05580499999999,0.08417769382326402
2005-11-01,Cumhuriyet Halk Partisi,law_state,Hukuk Devleti,democratic_reform,18,80,4,54,100.3,65.201765,-0.847457627118644,negative,2005,103.05580499999999,0.6326840588941108
2005-11-01,Doğru Yol Partisi,law_state,Hukuk Devleti,democratic_reform,2,7,0,4,8.4,5.9624999999999995,-0.8,negative,2005,103.05580499999999,0.057857002815125264
2005-11-01,Adalet ve Kalkınma Partisi,security,Guvenlik,security_conflict,7,41,5,29,52.9,30.66269,-0.6857142857142857,negative,2005,76.90116,0.3987285757458015
2005-11-01,Anavatan Partisi,security,Guvenlik,security_conflict,2,3,0,2,3.7,1.85,-0.6666666666666666,negative,2005,76.90116,0.02405685427892115
2005-11-01,Bağımsız,security,Guvenlik,security_conflict,1,2,0,2,2.7,1.80009,-0.6666666666666666,negative,2005,76.90116,0.023407839361590903
2005-11-01,Cumhuriyet Halk Partisi,security,Guvenlik,security_conflict,11,52,4,37,66.35,41.23838,-0.7857142857142857,negative,2005,76.90116,0.5362517288425818
2005-11-01,Doğru Yol Partisi,security,Guvenlik,security_conflict,2,2,0,2,2.7,1.35,-0.6666666666666666,negative,2005,76.90116,0.017555001771104622
2005-11-01,Adalet ve Kalkınma Partisi,sovereignty,Egemenlik,security_conflict,1,3,0,2,3.7,2.46679,-0.6666666666666666,negative,2005,2.46679,1.0
2005-11-01,Cumhuriyet Halk Partisi,tutelage,Vesayet,constitutional_conflict,1,1,0,1,1.35,0.675,-0.5,negative,2005,0.675,1.0
2005-11-01,Adalet ve Kalkınma Partisi,constitution,Anayasa,constitutional_conflict,3,14,5,0,15.75,9.10858,0.8333333333333334,positive,2005,50.517835,0.18030424304604503
2005-11-01,Anavatan Partisi,constitution,Anayasa,constitutional_conflict,1,9,3,0,10.05,7.5375000000000005,0.75,positive,2005,50.517835,0.149204731358737
2005-11-01,Cumhuriyet Halk Partisi,constitution,Anayasa,constitutional_conflict,7,46,15,0,51.25,33.871755,0.9375,positive,2005,50.517835,0.670491025595218
2005-11-01,Adalet ve Kalkınma Partisi,democracy,Demokrasi,democratic_reform,8,16,13,1,20.9,10.84089,0.8,positive,2005,28.59116,0.3791692956844004
2005-11-01,Anavatan Partisi,democracy,Demokrasi,democratic_reform,1,1,1,0,1.35,0.675,0.5,positive,2005,28.59116,0.02360869583465659
2005-11-01,Bağımsız,democracy,Demokrasi,democratic_reform,2,9,4,0,10.4,7.2125,0.8,positive,2005,28.59116,0.2522632869740158
2005-11-01,Cumhuriyet Halk Partisi,democracy,Demokrasi,democratic_reform,5,11,10,0,14.5,9.86277,0.9090909090909091,positive,2005,28.59116,0.3449587215069273
2005-11-01,Adalet ve Kalkınma Partisi,economy,Ekonomi,macro_economy,25,119,123,3,163.1,132.96263000000002,0.9448818897637795,positive,2005,147.099285,0.9038971875356159
2005-11-01,Anavatan Partisi,economy,Ekonomi,macro_economy,2,6,6,0,8.1,5.6331750000000005,0.8571428571428571,positive,2005,147.099285,0.03829505357554933
2005-11-01,Bağımsız,economy,Ekonomi,macro_economy,1,2,2,0,2.7,1.80009,0.6666666666666666,positive,2005,147.099285,0.012237245068866242
2005-11-01,Cumhuriyet Halk Partisi,economy,Ekonomi,macro_economy,3,7,7,0,9.45,6.02839,0.875,positive,2005,147.099285,0.040981776356016957
2005-11-01,Doğru Yol Partisi,economy,Ekonomi,macro_economy,1,1,1,0,1.35,0.675,0.5,positive,2005,147.099285,0.0045887374639516434
2005-11-01,Adalet ve Kalkınma Partisi,european_union,Avrupa Birligi,democratic_reform,8,26,26,1,35.45,25.999640000000003,0.8928571428571429,positive,2005,60.92203500000001,0.42676906639773277
2005-11-01,Anavatan Partisi,european_union,Avrupa Birligi,democratic_reform,2,5,3,0,6.050000000000001,3.6417900000000003,0.75,positive,2005,60.92203500000001,0.059777878398185484
2005-11-01,Bağımsız,european_union,Avrupa Birligi,democratic_reform,1,7,3,0,8.05,6.0375000000000005,0.75,positive,2005,60.92203500000001,0.09910207365857034
2005-11-01,Cumhuriyet Halk Partisi,european_union,Avrupa Birligi,democratic_reform,10,30,29,6,42.25,21.723105000000004,0.6388888888888888,positive,2005,60.92203500000001,0.35657221561952096
2005-11-01,Doğru Yol Partisi,european_union,Avrupa Birligi,democratic_reform,1,3,4,0,4.4,3.5200000000000005,0.8,positive,2005,60.92203500000001,0.05777876592599049
2005-11-01,Cumhuriyet Halk Partisi,imf,IMF,macro_economy,1,1,1,0,1.35,0.675,0.5,positive,2005,0.675,1.0
2005-11-01,Adalet ve Kalkınma Partisi,inflation,Enflasyon,macro_economy,2,7,2,0,7.699999999999999,3.8499999999999996,0.6666666666666666,positive,2005,3.8499999999999996,1.0
2005-11-01,Adalet ve Kalkınma Partisi,interest,Faiz,macro_economy,4,25,10,1,28.85,22.111765,0.75,positive,2005,24.461765,0.9039317072991258
2005-11-01,Cumhuriyet Halk Partisi,interest,Faiz,macro_economy,2,4,2,0,4.7,2.35,0.6666666666666666,positive,2005,24.461765,0.0960682927008742
2005-11-01,Adalet ve Kalkınma Partisi,law_state,Hukuk Devleti,democratic_reform,11,59,34,11,74.75,30.304195,0.5,positive,2005,82.964555,0.36526676964638694
2005-11-01,Anavatan Partisi,law_state,Hukuk Devleti,democratic_reform,2,3,2,0,3.7,1.85,0.6666666666666666,positive,2005,82.964555,0.02229867923717544
2005-11-01,Bağımsız,law_state,Hukuk Devleti,democratic_reform,2,11,2,0,11.7,5.85,0.6666666666666666,positive,2005,82.964555,0.0705120397499872
2005-11-01,Cumhuriyet Halk Partisi,law_state,Hukuk Devleti,democratic_reform,11,49,40,2,63.7,44.96036,0.8837209302325582,positive,2005,82.964555,0.5419225113664504
2005-11-01,Adalet ve Kalkınma Partisi,reform,Reform,democratic_reform,5,17,9,0,20.15,13.40438,0.9,positive,2005,22.066879999999998,0.6074433721486681
2005-11-01,Anavatan Partisi,reform,Reform,democratic_reform,4,5,4,0,6.4,3.2,0.8,positive,2005,22.066879999999998,0.14501370379500866
2005-11-01,Cumhuriyet Halk Partisi,reform,Reform,democratic_reform,2,7,4,0,8.4,5.4624999999999995,0.8,positive,2005,22.066879999999998,0.24754292405632333
2005-11-01,Adalet ve Kalkınma Partisi,security,Guvenlik,security_conflict,4,15,6,1,17.45,8.41269,0.625,positive,2005,34.441755,0.24425845895483547
2005-11-01,Anavatan Partisi,security,Guvenlik,security_conflict,1,1,1,0,1.35,0.675,0.5,positive,2005,34.441755,0.01959830444180327
2005-11-01,Bağımsız,security,Guvenlik,security_conflict,1,2,2,1,3.05,0.7625,0.25,positive,2005,34.441755,0.02213882538796295
2005-11-01,Cumhuriyet Halk Partisi,security,Guvenlik,security_conflict,4,12,11,0,15.85,11.804065,0.9166666666666666,positive,2005,34.441755,0.3427254215123474
2005-11-01,Doğru Yol Partisi,security,Guvenlik,security_conflict,1,16,3,0,17.05,12.787500000000001,0.75,positive,2005,34.441755,0.3712789897030509
2005-11-01,Adalet ve Kalkınma Partisi,sovereignty,Egemenlik,security_conflict,1,1,1,0,1.35,0.675,0.5,positive,2005,1.35,0.5
2005-11-01,Cumhuriyet Halk Partisi,sovereignty,Egemenlik,security_conflict,1,1,1,0,1.35,0.675,0.5,positive,2005,1.35,0.5
2005-11-01,Adalet ve Kalkınma Partisi,constitution,Anayasa,constitutional_conflict,20,52,6,11,57.95,57.95,-0.2777777777777778,total,2005,245.25,0.236289500509684
2005-11-01,Anavatan Partisi,constitution,Anayasa,constitutional_conflict,9,42,5,2,44.45,44.45,0.375,total,2005,245.25,0.18124362895005097
2005-11-01,Bağımsız,constitution,Anayasa,constitutional_conflict,1,1,0,0,1.0,1.0,0.0,total,2005,245.25,0.004077471967380225
2005-11-01,Cumhuriyet Halk Partisi,constitution,Anayasa,constitutional_conflict,38,129,15,14,139.15,139.15,0.03333333333333333,total,2005,245.25,0.5673802242609582
2005-11-01,Doğru Yol Partisi,constitution,Anayasa,constitutional_conflict,1,2,0,2,2.7,2.7,-0.6666666666666666,total,2005,245.25,0.011009174311926606
2005-11-01,Adalet ve Kalkınma Partisi,democracy,Demokrasi,democratic_reform,30,67,21,25,83.1,83.1,-0.0851063829787234,total,2005,156.35,0.5314998401023345
2005-11-01,Anavatan Partisi,democracy,Demokrasi,democratic_reform,4,7,1,0,7.35,7.35,0.5,total,2005,156.35,0.04700991365526063
2005-11-01,Bağımsız,democracy,Demokrasi,democratic_reform,5,13,5,1,15.100000000000001,15.100000000000001,0.5714285714285714,total,2005,156.35,0.09657818995842662
2005-11-01,Cumhuriyet Halk Partisi,democracy,Demokrasi,democratic_reform,25,41,15,13,50.800000000000004,50.800000000000004,0.06896551724137931,total,2005,156.35,0.3249120562839783
2005-11-01,Adalet ve Kalkınma Partisi,economy,Ekonomi,macro_economy,49,186,124,27,238.85,238.85,0.6381578947368421,total,2005,442.4,0.5398960216998192
2005-11-01,Anavatan Partisi,economy,Ekonomi,macro_economy,7,19,9,8,24.95,24.95,0.05555555555555555,total,2005,442.4,0.056396925858951175
2005-11-01,Bağımsız,economy,Ekonomi,macro_economy,4,8,2,1,9.05,9.05,0.25,total,2005,442.4,0.020456600361663656
2005-11-01,Cumhuriyet Halk Partisi,economy,Ekonomi,macro_economy,42,131,27,63,162.5,162.5,-0.3956043956043956,total,2005,442.4,0.36731464737793856
2005-11-01,Doğru Yol Partisi,economy,Ekonomi,macro_economy,5,6,1,2,7.050000000000001,7.050000000000001,-0.25,total,2005,442.4,0.01593580470162749
2005-11-01,Adalet ve Kalkınma Partisi,european_union,Avrupa Birligi,democratic_reform,18,52,30,5,64.25,64.25,0.6944444444444444,total,2005,147.05,0.4369262155729343
2005-11-01,Anavatan Partisi,european_union,Avrupa Birligi,democratic_reform,6,10,3,1,11.4,11.4,0.4,total,2005,147.05,0.07752465147908874
2005-11-01,Bağımsız,european_union,Avrupa Birligi,democratic_reform,1,7,3,0,8.05,8.05,0.75,total,2005,147.05,0.05474328459707582
2005-11-01,Cumhuriyet Halk Partisi,european_union,Avrupa Birligi,democratic_reform,21,44,29,7,56.6,56.6,0.5945945945945946,total,2005,147.05,0.3849030941856511
2005-11-01,Doğru Yol Partisi,european_union,Avrupa Birligi,democratic_reform,3,5,4,1,6.75,6.75,0.5,total,2005,147.05,0.04590275416524991
2005-11-01,Adalet ve Kalkınma Partisi,imf,IMF,macro_economy,1,3,0,0,3.0,3.0,0.0,total,2005,17.15,0.17492711370262393
2005-11-01,Anavatan Partisi,imf,IMF,macro_economy,3,3,0,2,3.7,3.7,-0.6666666666666666,total,2005,17.15,0.2157434402332362
2005-11-01,Cumhuriyet Halk Partisi,imf,IMF,macro_economy,6,7,2,4,9.1,9.1,-0.2857142857142857,total,2005,17.15,0.5306122448979592
2005-11-01,Doğru Yol Partisi,imf,IMF,macro_economy,1,1,0,1,1.35,1.35,-0.5,total,2005,17.15,0.07871720116618076
2005-11-01,Adalet ve Kalkınma Partisi,inflation,Enflasyon,macro_economy,5,12,2,1,13.05,13.05,0.25,total,2005,33.75,0.3866666666666667
2005-11-01,Anavatan Partisi,inflation,Enflasyon,macro_economy,2,16,0,2,16.7,16.7,-0.6666666666666666,total,2005,33.75,0.4948148148148148
2005-11-01,Cumhuriyet Halk Partisi,inflation,Enflasyon,macro_economy,4,4,0,0,4.0,4.0,0.0,total,2005,33.75,0.11851851851851852
2005-11-01,Adalet ve Kalkınma Partisi,interest,Faiz,macro_economy,9,46,10,2,50.2,50.2,0.6153846153846154,total,2005,60.900000000000006,0.8243021346469622
2005-11-01,Cumhuriyet Halk Partisi,interest,Faiz,macro_economy,6,10,2,0,10.7,10.7,0.6666666666666666,total,2005,60.900000000000006,0.17569786535303775
2005-11-01,Adalet ve Kalkınma Partisi,law_state,Hukuk Devleti,democratic_reform,47,127,38,34,152.20000000000002,152.20000000000002,0.0547945205479452,total,2005,462.0,0.3294372294372295
2005-11-01,Anavatan Partisi,law_state,Hukuk Devleti,democratic_reform,11,20,2,3,21.75,21.75,-0.16666666666666666,total,2005,462.0,0.04707792207792208
2005-11-01,Bağımsız,law_state,Hukuk Devleti,democratic_reform,5,33,3,2,34.75,34.75,0.16666666666666666,total,2005,462.0,0.07521645021645022
2005-11-01,Cumhuriyet Halk Partisi,law_state,Hukuk Devleti,democratic_reform,60,202,52,62,241.9,241.9,-0.08695652173913043,total,2005,462.0,0.5235930735930736
2005-11-01,Doğru Yol Partisi,law_state,Hukuk Devleti,democratic_reform,4,10,0,4,11.399999999999999,11.399999999999999,-0.8,total,2005,462.0,0.024675324675324673
2005-11-01,Adalet ve Kalkınma Partisi,reform,Reform,democratic_reform,13,27,11,2,31.55,31.55,0.6428571428571429,total,2005,60.35,0.5227837613918807
2005-11-01,Anavatan Partisi,reform,Reform,democratic_reform,4,5,4,0,6.4,6.4,0.8,total,2005,60.35,0.10604805302402652
2005-11-01,Cumhuriyet Halk Partisi,reform,Reform,democratic_reform,11,19,4,0,20.4,20.4,0.8,total,2005,60.35,0.3380281690140845
2005-11-01,Doğru Yol Partisi,reform,Reform,democratic_reform,1,2,0,0,2.0,2.0,0.0,total,2005,60.35,0.033140016570008285
2005-11-01,Adalet ve Kalkınma Partisi,security,Guvenlik,security_conflict,35,182,38,64,217.7,217.7,-0.2524271844660194,total,2005,382.34999999999997,0.5693736105662351
2005-11-01,Anavatan Partisi,security,Guvenlik,security_conflict,3,4,1,2,5.050000000000001,5.050000000000001,-0.25,total,2005,382.34999999999997,0.013207793906106973
2005-11-01,Bağımsız,security,Guvenlik,security_conflict,3,9,4,5,12.15,12.15,-0.1,total,2005,382.34999999999997,0.031777167516673206
2005-11-01,Cumhuriyet Halk Partisi,security,Guvenlik,security_conflict,32,97,20,42,118.7,118.7,-0.3492063492063492,total,2005,382.34999999999997,0.3104485419118609
2005-11-01,Doğru Yol Partisi,security,Guvenlik,security_conflict,10,27,3,2,28.75,28.75,0.16666666666666666,total,2005,382.34999999999997,0.07519288609912385
2005-11-01,Adalet ve Kalkınma Partisi,sovereignty,Egemenlik,security_conflict,3,5,1,2,6.050000000000001,6.050000000000001,-0.25,total,2005,7.4,0.8175675675675677
2005-11-01,Cumhuriyet Halk Partisi,sovereignty,Egemenlik,security_conflict,1,1,1,0,1.35,1.35,0.5,total,2005,7.4,0.18243243243243243
2005-11-01,Cumhuriyet Halk Partisi,tutelage,Vesayet,constitutional_conflict,1,1,0,1,1.35,1.35,-0.5,total,2005,1.35,1.0
2005-12-01,Adalet ve Kalkınma Partisi,constitution,Anayasa,constitutional_conflict,10,40,1,40,54.35,39.20111,-0.9285714285714286,negative,2005,138.87608,0.2822740244396299
2005-12-01,Anavatan Partisi,constitution,Anayasa,constitutional_conflict,4,9,1,7,11.8,5.9,-0.6666666666666666,negative,2005,138.87608,0.042483918036857034
2005-12-01,Bağımsız,constitution,Anayasa,constitutional_conflict,1,4,0,6,6.1,5.22831,-0.8571428571428571,negative,2005,138.87608,0.03764730398496271
2005-12-01,Cumhuriyet Halk Partisi,constitution,Anayasa,constitutional_conflict,30,120,1,53,138.9,88.54666,-0.9454545454545454,negative,2005,138.87608,0.6375947535385503
2005-12-01,Adalet ve Kalkınma Partisi,democracy,Demokrasi,democratic_reform,9,34,4,21,42.75,21.122780000000002,-0.6538461538461539,negative,2005,41.01567,0.5149929283125206
2005-12-01,Anavatan Partisi,democracy,Demokrasi,democratic_reform,4,12,2,10,16.200000000000003,8.17191,-0.6153846153846154,negative,2005,41.01567,0.19923872997807912
2005-12-01,Cumhuriyet Halk Partisi,democracy,Demokrasi,democratic_reform,11,15,2,17,21.650000000000002,11.04598,-0.75,negative,2005,41.01567,0.2693112169080744
2005-12-01,Doğru Yol Partisi,democracy,Demokrasi,democratic_reform,1,1,0,1,1.35,0.675,-0.5,negative,2005,41.01567,0.016457124801325933
2005-12-01,Adalet ve Kalkınma Partisi,economy,Ekonomi,macro_economy,35,240,24,171,308.25,200.620375,-0.75,negative,2005,457.88763,0.43814325143485533
2005-12-01,Anavatan Partisi,economy,Ekonomi,macro_economy,14,61,8,56,83.4,52.144575,-0.7384615384615385,negative,2005,457.88763,0.1138807244039329
2005-12-01,Bağımsız,economy,Ekonomi,macro_economy,5,23,2,12,27.9,14.90089,-0.6666666666666666,negative,2005,457.88763,0.032542678648034236
2005-12-01,Cumhuriyet Halk Partisi,economy,Ekonomi,macro_economy,60,310,77,266,430.05,187.7467,-0.5494186046511628,negative,2005,457.88763,0.410027892651304
2005-12-01,Doğru Yol Partisi,economy,Ekonomi,macro_economy,2,3,0,3,4.050000000000001,2.47509,-0.75,negative,2005,457.88763,0.005405452861873556
2005-12-01,Adalet ve Kalkınma Partisi,european_union,Avrupa Birligi,democratic_reform,9,22,3,15,28.3,12.00415,-0.631578947368421,negative,2005,40.454695,0.29673070084943165
2005-12-01,Anavatan Partisi,european_union,Avrupa Birligi,democratic_reform,4,8,0,8,10.8,7.062679999999999,-0.8888888888888888,negative,2005,40.454695,0.17458245575698939
2005-12-01,Bağımsız,european_union,Avrupa Birligi,democratic_reform,2,21,4,11,26.25,9.900195,-0.4375,negative,2005,40.454695,0.24472301669806187
2005-12-01,Cumhuriyet Halk Partisi,european_union,Avrupa Birligi,democratic_reform,13,16,1,17,22.3,11.48767,-0.8421052631578947,negative,2005,40.454695,0.283963826695517
2005-12-01,Adalet ve Kalkınma Partisi,imf,IMF,macro_economy,3,6,0,3,7.050000000000001,3.5250000000000004,-0.75,negative,2005,39.24538,0.08981948958068442
2005-12-01,Anavatan Partisi,imf,IMF,macro_economy,2,8,0,4,9.399999999999999,5.9624999999999995,-0.8,negative,2005,39.24538,0.15192871109924277
2005-12-01,Cumhuriyet Halk Partisi,imf,IMF,macro_economy,12,48,5,25,58.5,29.75788,-0.6451612903225806,negative,2005,39.24538,0.7582517993200729
2005-12-01,Adalet ve Kalkınma Partisi,inflation,Enflasyon,macro_economy,12,27,3,25,36.8,20.128575,-0.7586206896551724,negative,2005,33.229735,0.6057398591953864
2005-12-01,Anavatan Partisi,inflation,Enflasyon,macro_economy,2,9,0,2,9.7,4.85,-0.6666666666666666,negative,2005,33.229735,0.14595361654253336
2005-12-01,Bağımsız,inflation,Enflasyon,macro_economy,2,2,0,2,2.7,1.35,-0.6666666666666666,negative,2005,33.229735,0.040626264398437126
2005-12-01,Cumhuriyet Halk Partisi,inflation,Enflasyon,macro_economy,4,8,2,8,11.5,4.72616,-0.5454545454545454,negative,2005,33.229735,0.14222683388838342
2005-12-01,Doğru Yol Partisi,inflation,Enflasyon,macro_economy,1,4,0,1,4.35,2.175,-0.5,negative,2005,33.229735,0.06545342597525981
2005-12-01,Adalet ve Kalkınma Partisi,interest,Faiz,macro_economy,22,104,5,53,124.3,73.018185,-0.8135593220338984,negative,2005,100.727985,0.7249046528628563
2005-12-01,Anavatan Partisi,interest,Faiz,macro_economy,3,18,2,7,21.15,7.9558599999999995,-0.5,negative,2005,100.727985,0.07898361115830918
2005-12-01,Bağımsız,interest,Faiz,macro_economy,2,6,0,3,7.050000000000001,4.47519,-0.75,negative,2005,100.727985,0.04442846742144201
2005-12-01,Cumhuriyet Halk Partisi,interest,Faiz,macro_economy,4,27,3,14,32.95,15.278749999999999,-0.6111111111111112,negative,2005,100.727985,0.15168326855739245
2005-12-01,Adalet ve Kalkınma Partisi,law_state,Hukuk Devleti,democratic_reform,35,179,14,148,235.7,149.02112,-0.8220858895705522,negative,2005,316.80120999999997,0.47039315285443517
2005-12-01,Anavatan Partisi,law_state,Hukuk Devleti,democratic_reform,10,36,4,33,48.95,30.527079999999998,-0.7631578947368421,negative,2005,316.80120999999997,0.09636036428017432
2005-12-01,Bağımsız,law_state,Hukuk Devleti,democratic_reform,2,8,0,9,11.149999999999999,9.12291,-0.9,negative,2005,316.80120999999997,0.028796954405571874
2005-12-01,Cumhuriyet Halk Partisi,law_state,Hukuk Devleti,democratic_reform,40,175,30,128,230.3,123.23411,-0.6163522012578616,negative,2005,316.80120999999997,0.3889950735983616
2005-12-01,Doğru Yol Partisi,law_state,Hukuk Devleti,democratic_reform,2,10,1,4,11.75,4.89599,-0.5,negative,2005,316.80120999999997,0.015454454861457129
2005-12-01,Adalet ve Kalkınma Partisi,reform,Reform,democratic_reform,12,31,0,19,37.65,21.761475,-0.95,negative,2005,37.663715,0.5777835510915479
2005-12-01,Anavatan Partisi,reform,Reform,democratic_reform,1,7,0,1,7.35,3.675,-0.5,negative,2005,37.663715,0.09757401785777105
2005-12-01,Bağımsız,reform,Reform,democratic_reform,1,2,0,7,4.45,3.8937500000000003,-0.875,negative,2005,37.663715,0.10338199511120982
2005-12-01,Cumhuriyet Halk Partisi,reform,Reform,democratic_reform,4,11,0,5,12.75,7.1584900000000005,-0.8333333333333334,negative,2005,37.663715,0.19006330097814303
2005-12-01,Doğru Yol Partisi,reform,Reform,democratic_reform,1,2,0,1,2.35,1.175,-0.5,negative,2005,37.663715,0.031197134961328164
2005-12-01,Adalet ve Kalkınma Partisi,security,Guvenlik,security_conflict,32,116,16,115,161.85,94.90597,-0.75,negative,2005,261.302865,0.3632029445984069
2005-12-01,Anavatan Partisi,security,Guvenlik,security_conflict,10,61,11,38,78.14999999999999,36.83888999999999,-0.54,negative,2005,261.302865,0.14098157706766817
2005-12-01,Bağımsız,security,Guvenlik,security_conflict,5,53,4,37,67.35000000000001,48.659435,-0.7857142857142857,negative,2005,261.302865,0.1862185284497359
2005-12-01,Cumhuriyet Halk Partisi,security,Guvenlik,security_conflict,33,123,29,91,165.0,66.18961,-0.512396694214876,negative,2005,261.302865,0.25330610133187786
2005-12-01,Doğru Yol Partisi,security,Guvenlik,security_conflict,2,20,1,8,23.15,14.708960000000001,-0.7,negative,2005,261.302865,0.05629084855231113
2005-12-01,Adalet ve Kalkınma Partisi,sovereignty,Egemenlik,security_conflict,2,7,0,3,8.05,4.47509,-0.75,negative,2005,4.47509,1.0
2005-12-01,Anavatan Partisi,tutelage,Vesayet,constitutional_conflict,1,1,0,1,1.35,0.675,-0.5,negative,2005,1.8625,0.36241610738255037
2005-12-01,Cumhuriyet Halk Partisi,tutelage,Vesayet,constitutional_conflict,2,2,1,3,3.4,1.1875,-0.4,negative,2005,1.8625,0.6375838926174496
2005-12-01,Adalet ve Kalkınma Partisi,constitution,Anayasa,constitutional_conflict,26,174,77,9,204.1,120.51368,0.7816091954022989,positive,2005,236.10224,0.5104300577580289
2005-12-01,Anavatan Partisi,constitution,Anayasa,constitutional_conflict,6,25,22,2,33.4,22.51915,0.8,positive,2005,236.10224,0.09537880707950928
2005-12-01,Bağımsız,constitution,Anayasa,constitutional_conflict,3,14,5,1,16.1,7.01,0.5714285714285714,positive,2005,236.10224,0.029690527290211224
2005-12-01,Cumhuriyet Halk Partisi,constitution,Anayasa,constitutional_conflict,25,112,67,8,138.25,80.25912,0.7763157894736842,positive,2005,236.10224,0.3399337507344276
2005-12-01,Doğru Yol Partisi,constitution,Anayasa,constitutional_conflict,1,8,2,0,8.7,5.8002899999999995,0.6666666666666666,positive,2005,236.10224,0.024566857137823004
2005-12-01,Adalet ve Kalkınma Partisi,democracy,Demokrasi,democratic_reform,37,91,82,2,120.4,78.64608,0.9411764705882353,positive,2005,142.47436,0.5520016373472392
2005-12-01,Anavatan Partisi,democracy,Demokrasi,democratic_reform,10,41,24,4,50.8,24.881429999999998,0.6896551724137931,positive,2005,142.47436,0.17463794889129525
2005-12-01,Bağımsız,democracy,Demokrasi,democratic_reform,2,2,2,0,2.7,1.35,0.6666666666666666,positive,2005,142.47436,0.009475389115627543
2005-12-01,Cumhuriyet Halk Partisi,democracy,Demokrasi,democratic_reform,21,46,44,5,63.15,35.42185,0.78,positive,2005,142.47436,0.24861911995954922
2005-12-01,Doğru Yol Partisi,democracy,Demokrasi,democratic_reform,1,4,1,0,4.35,2.175,0.5,positive,2005,142.47436,0.015265904686288818
2005-12-01,Adalet ve Kalkınma Partisi,economy,Ekonomi,macro_economy,181,1064,1107,114,1491.35,1075.9732099999999,0.8126022913256956,positive,2005,1383.476215,0.7777316287291574
2005-12-01,Anavatan Partisi,economy,Ekonomi,macro_economy,24,192,106,26,238.2,115.80983,0.6015037593984962,positive,2005,1383.476215,0.08370930323511201
2005-12-01,Bağımsız,economy,Ekonomi,macro_economy,4,34,19,5,42.4,20.671355,0.56,positive,2005,1383.476215,0.014941604905003734
2005-12-01,Cumhuriyet Halk Partisi,economy,Ekonomi,macro_economy,54,209,176,26,279.7,156.77731,0.7389162561576355,positive,2005,1383.476215,0.11332129045673547
2005-12-01,Doğru Yol Partisi,economy,Ekonomi,macro_economy,7,14,19,0,20.65,14.24451,0.95,positive,2005,1383.476215,0.010296172673991364
2005-12-01,Adalet ve Kalkınma Partisi,european_union,Avrupa Birligi,democratic_reform,56,143,120,11,188.85,112.62579,0.8257575757575758,positive,2005,191.26322499999998,0.5888523002788435
2005-12-01,Anavatan Partisi,european_union,Avrupa Birligi,democratic_reform,11,24,24,3,33.449999999999996,18.89152,0.75,positive,2005,191.26322499999998,0.0987723594015525
2005-12-01,Bağımsız,european_union,Avrupa Birligi,democratic_reform,2,8,3,0,9.049999999999999,4.808389999999999,0.75,positive,2005,191.26322499999998,0.02514017004575762
2005-12-01,Cumhuriyet Halk Partisi,european_union,Avrupa Birligi,democratic_reform,19,61,59,12,85.85,46.566005,0.6527777777777778,positive,2005,191.26322499999998,0.24346554336307988
2005-12-01,Doğru Yol Partisi,european_union,Avrupa Birligi,democratic_reform,3,15,8,2,18.5,8.37152,0.5454545454545454,positive,2005,191.26322499999998,0.04376962691076657
2005-12-01,Adalet ve Kalkınma Partisi,imf,IMF,macro_economy,4,22,9,3,26.199999999999996,9.669999999999998,0.46153846153846156,positive,2005,40.75375,0.23727877802656194
2005-12-01,Anavatan Partisi,imf,IMF,macro_economy,7,18,12,1,22.55,11.31286,0.7857142857142857,positive,2005,40.75375,0.27759065116707055
2005-12-01,Cumhuriyet Halk Partisi,imf,IMF,macro_economy,9,32,14,1,37.25,18.6375,0.8125,positive,2005,40.75375,0.4573198785387848
2005-12-01,Doğru Yol Partisi,imf,IMF,macro_economy,1,1,2,0,1.7,1.13339,0.6666666666666666,positive,2005,40.75375,0.02781069226758274
2005-12-01,Adalet ve Kalkınma Partisi,inflation,Enflasyon,macro_economy,32,117,106,12,158.3,95.007065,0.7899159663865546,positive,2005,111.563845,0.851593677145136
2005-12-01,Anavatan Partisi,inflation,Enflasyon,macro_economy,1,1,2,0,1.7,1.13339,0.6666666666666666,positive,2005,111.563845,0.010159115616712565
2005-12-01,Cumhuriyet Halk Partisi,inflation,Enflasyon,macro_economy,10,17,21,0,24.349999999999998,15.42339,0.9545454545454546,positive,2005,111.563845,0.1382472072381514
2005-12-01,Adalet ve Kalkınma Partisi,interest,Faiz,macro_economy,34,158,63,2,180.75,111.14902000000001,0.9242424242424242,positive,2005,139.77001,0.7952279605617829
2005-12-01,Anavatan Partisi,interest,Faiz,macro_economy,7,21,13,2,26.25,12.9925,0.6875,positive,2005,139.77001,0.09295627867523225
2005-12-01,Bağımsız,interest,Faiz,macro_economy,1,1,1,0,1.35,0.675,0.5,positive,2005,139.77001,0.004829362178624728
2005-12-01,Cumhuriyet Halk Partisi,interest,Faiz,macro_economy,9,23,15,2,28.95,14.953490000000002,0.7222222222222222,positive,2005,139.77001,0.10698639858436013
2005-12-01,Adalet ve Kalkınma Partisi,law_state,Hukuk Devleti,democratic_reform,39,400,235,51,500.1,292.986475,0.6411149825783972,positive,2005,512.0464499999999,0.5721872986327705
2005-12-01,Anavatan Partisi,law_state,Hukuk Devleti,democratic_reform,9,34,39,3,48.7,34.631855,0.8372093023255814,positive,2005,512.0464499999999,0.06763420584206765
2005-12-01,Bağımsız,law_state,Hukuk Devleti,democratic_reform,2,7,2,0,7.699999999999999,3.8499999999999996,0.6666666666666666,positive,2005,512.0464499999999,0.007518849120035888
2005-12-01,Cumhuriyet Halk Partisi,law_state,Hukuk Devleti,democratic_reform,31,253,240,71,361.84999999999997,179.90312,0.5416666666666666,positive,2005,512.0464499999999,0.3513414066243405
2005-12-01,Doğru Yol Partisi,law_state,Hukuk Devleti,democratic_reform,1,1,1,0,1.35,0.675,0.5,positive,2005,512.0464499999999,0.001318239780785513
2005-12-01,Adalet ve Kalkınma Partisi,reform,Reform,democratic_reform,42,119,95,7,154.7,92.77267499999999,0.8543689320388349,positive,2005,116.08351499999999,0.7991890579812302
2005-12-01,Anavatan Partisi,reform,Reform,democratic_reform,4,29,11,2,33.55,19.43584,0.6428571428571429,positive,2005,116.08351499999999,0.16742980258652573
2005-12-01,Cumhuriyet Halk Partisi,reform,Reform,democratic_reform,5,6,5,0,7.75,3.875,0.8333333333333334,positive,2005,116.08351499999999,0.033381139432244106
2005-12-01,Adalet ve Kalkınma Partisi,security,Guvenlik,security_conflict,34,203,98,28,247.1,111.29735,0.5511811023622047,positive,2005,175.55022,0.6339915153623846
2005-12-01,Anavatan Partisi,security,Guvenlik,security_conflict,5,43,14,4,49.300000000000004,21.184585000000002,0.5263157894736842,positive,2005,175.55022,0.12067535432311052
2005-12-01,Bağımsız,security,Guvenlik,security_conflict,2,15,7,1,17.8,10.42823,0.6666666666666666,positive,2005,175.55022,0.05940311553013149
2005-12-01,Cumhuriyet Halk Partisi,security,Guvenlik,security_conflict,19,40,41,6,56.45,32.640055000000004,0.7291666666666666,positive,2005,175.55022,0.1859300147843734
2005-12-01,Adalet ve Kalkınma Partisi,sovereignty,Egemenlik,security_conflict,1,4,5,0,5.75,4.791475,0.8333333333333334,positive,2005,8.616565,0.5560771606782982
2005-12-01,Anavatan Partisi,sovereignty,Egemenlik,security_conflict,2,3,3,0,4.050000000000001,2.47509,0.75,positive,2005,8.616565,0.28724787661904716
2005-12-01,Cumhuriyet Halk Partisi,sovereignty,Egemenlik,security_conflict,2,2,2,0,2.7,1.35,0.6666666666666666,positive,2005,8.616565,0.15667496270265474
2005-12-01,Adalet ve Kalkınma Partisi,constitution,Anayasa,constitutional_conflict,82,304,87,58,354.75,354.75,0.19863013698630136,total,2005,945.75,0.37509912767644726
2005-12-01,Anavatan Partisi,constitution,Anayasa,constitutional_conflict,26,70,25,12,82.95,82.95,0.34210526315789475,total,2005,945.75,0.08770816812053926
2005-12-01,Bağımsız,constitution,Anayasa,constitutional_conflict,12,40,5,7,44.2,44.2,-0.15384615384615385,total,2005,945.75,0.04673539518900344
2005-12-01,Cumhuriyet Halk Partisi,constitution,Anayasa,constitutional_conflict,137,394,68,61,439.15,439.15,0.05384615384615385,total,2005,945.75,0.4643404705260375
2005-12-01,Doğru Yol Partisi,constitution,Anayasa,constitutional_conflict,10,24,2,0,24.7,24.7,0.6666666666666666,total,2005,945.75,0.02611683848797251
2005-12-01,Adalet ve Kalkınma Partisi,democracy,Demokrasi,democratic_reform,93,204,87,24,242.85,242.85,0.5625,total,2005,532.65,0.4559279076316531
2005-12-01,Anavatan Partisi,democracy,Demokrasi,democratic_reform,29,76,27,15,90.7,90.7,0.27906976744186046,total,2005,532.65,0.17028067211114242
2005-12-01,Bağımsız,democracy,Demokrasi,democratic_reform,14,23,8,6,27.9,27.9,0.13333333333333333,total,2005,532.65,0.052379611377076876
2005-12-01,Cumhuriyet Halk Partisi,democracy,Demokrasi,democratic_reform,91,138,47,23,162.5,162.5,0.3380281690140845,total,2005,532.65,0.30507838167652307
2005-12-01,Doğru Yol Partisi,democracy,Demokrasi,democratic_reform,4,8,1,1,8.7,8.7,0.0,total,2005,532.65,0.016333427203604617
2005-12-01,Adalet ve Kalkınma Partisi,economy,Ekonomi,macro_economy,361,1760,1225,381,2322.1,2322.1,0.5252022401991289,total,2005,3944.35,0.5887155044557405
2005-12-01,Anavatan Partisi,economy,Ekonomi,macro_economy,71,365,148,114,456.7,456.7,0.12927756653992395,total,2005,3944.35,0.11578587092930394
2005-12-01,Bağımsız,economy,Ekonomi,macro_economy,17,72,23,19,86.7,86.7,0.09302325581395349,total,2005,3944.35,0.021980807991177256
2005-12-01,Cumhuriyet Halk Partisi,economy,Ekonomi,macro_economy,220,785,306,349,1014.25,1014.25,-0.06554878048780488,total,2005,3944.35,0.25713995968917563
2005-12-01,Doğru Yol Partisi,economy,Ekonomi,macro_economy,26,52,25,11,64.6,64.6,0.3783783783783784,total,2005,3944.35,0.01637785693460266
2005-12-01,Adalet ve Kalkınma Partisi,european_union,Avrupa Birligi,democratic_reform,134,264,127,30,318.95,318.95,0.6139240506329114,total,2005,651.05,0.4899009292681054
2005-12-01,Anavatan Partisi,european_union,Avrupa Birligi,democratic_reform,27,48,26,13,61.65,61.65,0.325,total,2005,651.05,0.09469318792719454
2005-12-01,Bağımsız,european_union,Avrupa Birligi,democratic_reform,7,33,8,12,40.0,40.0,-0.19047619047619047,total,2005,651.05,0.061439213578066205
2005-12-01,Cumhuriyet Halk Partisi,european_union,Avrupa Birligi,democratic_reform,73,161,83,54,208.95,208.95,0.21014492753623187,total,2005,651.05,0.3209430919284233
2005-12-01,Doğru Yol Partisi,european_union,Avrupa Birligi,democratic_reform,6,18,8,2,21.5,21.5,0.5454545454545454,total,2005,651.05,0.03302357729821059
2005-12-01,Adalet ve Kalkınma Partisi,imf,IMF,macro_economy,18,44,9,6,49.25,49.25,0.1875,total,2005,280.2,0.1757673090649536
2005-12-01,Anavatan Partisi,imf,IMF,macro_economy,16,43,14,7,50.35,50.35,0.3181818181818182,total,2005,280.2,0.17969307637401857
2005-12-01,Cumhuriyet Halk Partisi,imf,IMF,macro_economy,66,158,24,30,176.9,176.9,-0.10909090909090909,total,2005,280.2,0.6313347608850821
2005-12-01,Doğru Yol Partisi,imf,IMF,macro_economy,3,3,2,0,3.7,3.7,0.6666666666666666,total,2005,280.2,0.013204853675945755
2005-12-01,Adalet ve Kalkınma Partisi,inflation,Enflasyon,macro_economy,87,214,110,38,265.8,265.8,0.48322147651006714,total,2005,414.8,0.6407907425265188
2005-12-01,Anavatan Partisi,inflation,Enflasyon,macro_economy,7,24,3,3,26.1,26.1,0.0,total,2005,414.8,0.06292189006750241
2005-12-01,Bağımsız,inflation,Enflasyon,macro_economy,4,5,1,3,6.4,6.4,-0.4,total,2005,414.8,0.015429122468659595
2005-12-01,Cumhuriyet Halk Partisi,inflation,Enflasyon,macro_economy,38,84,32,17,101.15,101.15,0.3,total,2005,414.8,0.24385245901639344
2005-12-01,Doğru Yol Partisi,inflation,Enflasyon,macro_economy,6,15,0,1,15.35,15.35,-0.5,total,2005,414.8,0.037005785920925745
2005-12-01,Adalet ve Kalkınma Partisi,interest,Faiz,macro_economy,133,465,83,67,517.5,517.5,0.10596026490066225,total,2005,778.45,0.6647825807694777
2005-12-01,Anavatan Partisi,interest,Faiz,macro_economy,22,64,15,9,72.4,72.4,0.24,total,2005,778.45,0.09300533110668636
2005-12-01,Bağımsız,interest,Faiz,macro_economy,5,10,1,3,11.4,11.4,-0.4,total,2005,778.45,0.01464448583724067
2005-12-01,Cumhuriyet Halk Partisi,interest,Faiz,macro_economy,64,160,25,24,177.15,177.15,0.02,total,2005,778.45,0.22756760228659514
2005-12-01,Adalet ve Kalkınma Partisi,law_state,Hukuk Devleti,democratic_reform,177,846,277,227,1022.4,1022.4,0.09900990099009901,total,2005,2114.15,0.48359860937019605
2005-12-01,Anavatan Partisi,law_state,Hukuk Devleti,democratic_reform,39,120,47,41,150.8,150.8,0.06741573033707865,total,2005,2114.15,0.07132890286876523
2005-12-01,Bağımsız,law_state,Hukuk Devleti,democratic_reform,8,20,2,9,23.849999999999998,23.849999999999998,-0.5833333333333334,total,2005,2114.15,0.011281129531963198
2005-12-01,Cumhuriyet Halk Partisi,law_state,Hukuk Devleti,democratic_reform,160,698,325,255,901.0,901.0,0.12048192771084337,total,2005,2114.15,0.426176004540832
2005-12-01,Doğru Yol Partisi,law_state,Hukuk Devleti,democratic_reform,6,14,2,4,16.1,16.1,-0.2857142857142857,total,2005,2114.15,0.007615353688243502
2005-12-01,Adalet ve Kalkınma Partisi,reform,Reform,democratic_reform,106,265,114,45,320.65,320.65,0.43125,total,2005,431.25,0.7435362318840579
2005-12-01,Anavatan Partisi,reform,Reform,democratic_reform,13,49,12,4,54.599999999999994,54.599999999999994,0.47058823529411764,total,2005,431.25,0.1266086956521739
2005-12-01,Bağımsız,reform,Reform,democratic_reform,1,2,0,7,4.45,4.45,-0.875,total,2005,431.25,0.010318840579710145
2005-12-01,Cumhuriyet Halk Partisi,reform,Reform,democratic_reform,29,45,6,6,49.2,49.2,0.0,total,2005,431.25,0.11408695652173914
2005-12-01,Doğru Yol Partisi,reform,Reform,democratic_reform,1,2,0,1,2.35,2.35,-0.5,total,2005,431.25,0.005449275362318841
2005-12-01,Adalet ve Kalkınma Partisi,security,Guvenlik,security_conflict,114,389,127,156,488.05,488.05,-0.10211267605633803,total,2005,1175.7,0.4151143999319554
2005-12-01,Anavatan Partisi,security,Guvenlik,security_conflict,31,125,27,44,149.85,149.85,-0.2361111111111111,total,2005,1175.7,0.12745598366930339
2005-12-01,Bağımsız,security,Guvenlik,security_conflict,13,98,18,48,121.10000000000001,121.10000000000001,-0.44776119402985076,total,2005,1175.7,0.10300246661563324
2005-12-01,Cumhuriyet Halk Partisi,security,Guvenlik,security_conflict,93,315,91,122,389.55,389.55,-0.14485981308411214,total,2005,1175.7,0.3313345241132942
2005-12-01,Doğru Yol Partisi,security,Guvenlik,security_conflict,4,24,1,8,27.15,27.15,-0.7,total,2005,1175.7,0.023092625669813727
2005-12-01,Adalet ve Kalkınma Partisi,sovereignty,Egemenlik,security_conflict,9,19,5,3,21.8,21.8,0.2222222222222222,total,2005,35.25,0.6184397163120567
2005-12-01,Anavatan Partisi,sovereignty,Egemenlik,security_conflict,3,4,3,0,5.050000000000001,5.050000000000001,0.75,total,2005,35.25,0.14326241134751774
2005-12-01,Cumhuriyet Halk Partisi,sovereignty,Egemenlik,security_conflict,7,7,3,1,8.4,8.4,0.4,total,2005,35.25,0.23829787234042554
2005-12-01,Anavatan Partisi,tutelage,Vesayet,constitutional_conflict,2,2,1,2,3.05,3.05,-0.25,total,2005,8.149999999999999,0.3742331288343559
2005-12-01,Cumhuriyet Halk Partisi,tutelage,Vesayet,constitutional_conflict,3,3,2,4,5.1,5.1,-0.2857142857142857,total,2005,8.149999999999999,0.6257668711656442
2006-01-01,Adalet ve Kalkınma Partisi,constitution,Anayasa,constitutional_conflict,2,6,0,4,7.4,5.2124999999999995,-0.8,negative,2006,17.20009,0.30305073985077985
2006-01-01,Anavatan Partisi,constitution,Anayasa,constitutional_conflict,2,6,1,6,8.45,4.67509,-0.625,negative,2006,17.20009,0.27180613589812613
2006-01-01,Cumhuriyet Halk Partisi,constitution,Anayasa,constitutional_conflict,4,10,0,6,12.1,7.3125,-0.8571428571428571,negative,2006,17.20009,0.4251431242510941
2006-01-01,Adalet ve Kalkınma Partisi,democracy,Demokrasi,democratic_reform,2,4,0,2,4.7,2.35,-0.6666666666666666,negative,2006,5.32146,0.44160813009963434
2006-01-01,Cumhuriyet Halk Partisi,democracy,Demokrasi,democratic_reform,2,4,2,6,6.8,2.97146,-0.4444444444444444,negative,2006,5.32146,0.5583918699003657
2006-01-01,Adalet ve Kalkınma Partisi,economy,Ekonomi,macro_economy,8,31,3,31,42.9,28.444200000000002,-0.8,negative,2006,74.47392,0.38193504518091703
2006-01-01,Anavatan Partisi,economy,Ekonomi,macro_economy,4,26,6,14,33.0,11.12322,-0.38095238095238093,negative,2006,74.47392,0.14935725150495635
2006-01-01,Bağımsız,economy,Ekonomi,macro_economy,3,7,0,13,11.549999999999999,9.41742,-0.9285714285714286,negative,2006,74.47392,0.12645258904056614
2006-01-01,Cumhuriyet Halk Partisi,economy,Ekonomi,macro_economy,8,41,5,27,52.199999999999996,25.48908,-0.6666666666666666,negative,2006,74.47392,0.3422551142735604
2006-01-01,Anavatan Partisi,european_union,Avrupa Birligi,democratic_reform,2,4,1,5,6.1,3.05,-0.5714285714285714,negative,2006,11.01688,0.2768478915990734
2006-01-01,Cumhuriyet Halk Partisi,european_union,Avrupa Birligi,democratic_reform,5,10,0,6,12.100000000000001,6.83349,-0.8571428571428571,negative,2006,11.01688,0.6202745241847056
2006-01-01,Doğru Yol Partisi,european_union,Avrupa Birligi,democratic_reform,1,1,0,2,1.7,1.13339,-0.6666666666666666,negative,2006,11.01688,0.10287758421622091
2006-01-01,Adalet ve Kalkınma Partisi,imf,IMF,macro_economy,1,1,0,1,1.35,0.675,-0.5,negative,2006,6.774965,0.099631511011496
2006-01-01,Cumhuriyet Halk Partisi,imf,IMF,macro_economy,2,4,0,6,6.1,4.299875,-0.8571428571428571,negative,2006,6.774965,0.6346711754230465
2006-01-01,Doğru Yol Partisi,imf,IMF,macro_economy,1,2,0,2,2.7,1.80009,-0.6666666666666666,negative,2006,6.774965,0.26569731356545756
2006-01-01,Adalet ve Kalkınma Partisi,interest,Faiz,macro_economy,4,11,1,10,14.850000000000001,8.973040000000001,-0.75,negative,2006,10.32304,0.8692245695066569
2006-01-01,Cumhuriyet Halk Partisi,interest,Faiz,macro_economy,2,2,0,2,2.7,1.35,-0.6666666666666666,negative,2006,10.32304,0.13077543049334306
2006-01-01,Adalet ve Kalkınma Partisi,law_state,Hukuk Devleti,democratic_reform,1,1,0,1,1.35,0.675,-0.5,negative,2006,15.20223,0.04440138058692705
2006-01-01,Cumhuriyet Halk Partisi,law_state,Hukuk Devleti,democratic_reform,8,27,4,16,34.0,14.52723,-0.5714285714285714,negative,2006,15.20223,0.9555986194130729
2006-01-01,Adalet ve Kalkınma Partisi,reform,Reform,democratic_reform,3,5,0,3,6.050000000000001,3.0250000000000004,-0.75,negative,2006,7.03759,0.4298346450986773
2006-01-01,Anavatan Partisi,reform,Reform,democratic_reform,1,1,0,3,2.05,1.5374999999999999,-0.75,negative,2006,7.03759,0.21846967498817066
2006-01-01,Cumhuriyet Halk Partisi,reform,Reform,democratic_reform,2,3,0,3,4.050000000000001,2.47509,-0.75,negative,2006,7.03759,0.3516956799131521
2006-01-01,Adalet ve Kalkınma Partisi,security,Guvenlik,security_conflict,4,5,0,5,6.75,3.65839,-0.8333333333333334,negative,2006,12.61904,0.289910325983593
2006-01-01,Anavatan Partisi,security,Guvenlik,security_conflict,1,1,0,1,1.35,0.675,-0.5,negative,2006,12.61904,0.05349059833394617
2006-01-01,Bağımsız,security,Guvenlik,security_conflict,3,5,0,6,7.1,4.34589,-0.8571428571428571,negative,2006,12.61904,0.34439149095335303
2006-01-01,Cumhuriyet Halk Partisi,security,Guvenlik,security_conflict,4,5,3,10,9.549999999999999,3.9397599999999997,-0.5,negative,2006,12.61904,0.31220758472910776
2006-01-01,Cumhuriyet Halk Partisi,tutelage,Vesayet,constitutional_conflict,2,2,0,2,2.7,1.35,-0.6666666666666666,negative,2006,1.35,1.0
2006-01-01,Adalet ve Kalkınma Partisi,constitution,Anayasa,constitutional_conflict,1,1,1,0,1.35,0.675,0.5,positive,2006,21.221045,0.03180804715319156
2006-01-01,Anavatan Partisi,constitution,Anayasa,constitutional_conflict,2,5,6,0,7.1,5.1331750000000005,0.8571428571428571,positive,2006,21.221045,0.24189077399345793
2006-01-01,Cumhuriyet Halk Partisi,constitution,Anayasa,constitutional_conflict,4,40,8,1,43.15,15.41287,0.7,positive,2006,21.221045,0.7263011788533505
2006-01-01,Adalet ve Kalkınma Partisi,democracy,Demokrasi,democratic_reform,3,5,6,0,7.1,4.87,0.8571428571428571,positive,2006,10.77018,0.452174429768119
2006-01-01,Anavatan Partisi,democracy,Demokrasi,democratic_reform,1,1,3,0,2.05,1.5374999999999999,0.75,positive,2006,10.77018,0.14275527428510942
2006-01-01,Cumhuriyet Halk Partisi,democracy,Demokrasi,democratic_reform,3,6,6,1,8.45,4.36268,0.625,positive,2006,10.77018,0.4050702959467716
2006-01-01,Adalet ve Kalkınma Partisi,economy,Ekonomi,macro_economy,19,105,94,3,138.95,111.02374499999999,0.9285714285714286,positive,2006,388.64238,0.28567071095025715
2006-01-01,Anavatan Partisi,economy,Ekonomi,macro_economy,13,160,86,14,195.0,127.567605,0.7128712871287128,positive,2006,388.64238,0.32823904845374813
2006-01-01,Bağımsız,economy,Ekonomi,macro_economy,2,5,5,0,6.75,4.83759,0.8333333333333334,positive,2006,388.64238,0.012447407305399888
2006-01-01,Cumhuriyet Halk Partisi,economy,Ekonomi,macro_economy,15,193,76,11,223.45,142.36344,0.7386363636363636,positive,2006,388.64238,0.3663096134806502
2006-01-01,Doğru Yol Partisi,economy,Ekonomi,macro_economy,2,5,2,0,5.699999999999999,2.8499999999999996,0.6666666666666666,positive,2006,388.64238,0.007333219809944555
2006-01-01,Adalet ve Kalkınma Partisi,european_union,Avrupa Birligi,democratic_reform,15,68,46,3,85.14999999999999,57.838905,0.86,positive,2006,129.01333,0.4483172785323811
2006-01-01,Anavatan Partisi,european_union,Avrupa Birligi,democratic_reform,11,35,25,1,44.1,28.7757,0.8888888888888888,positive,2006,129.01333,0.22304439393975803
2006-01-01,Bağımsız,european_union,Avrupa Birligi,democratic_reform,5,8,8,0,10.8,6.75027,0.8888888888888888,positive,2006,129.01333,0.05232226778426695
2006-01-01,Cumhuriyet Halk Partisi,european_union,Avrupa Birligi,democratic_reform,9,40,35,4,53.65,33.360955,0.775,positive,2006,129.01333,0.2585853337790754
2006-01-01,Doğru Yol Partisi,european_union,Avrupa Birligi,democratic_reform,1,2,3,0,3.05,2.2874999999999996,0.75,positive,2006,129.01333,0.017730725964518548
2006-01-01,Anavatan Partisi,imf,IMF,macro_economy,1,1,2,0,1.7,1.13339,0.6666666666666666,positive,2006,5.60858,0.20208145377261266
2006-01-01,Cumhuriyet Halk Partisi,imf,IMF,macro_economy,1,5,2,0,5.7,3.8001899999999997,0.6666666666666666,positive,2006,5.60858,0.6775672273552307
2006-01-01,Doğru Yol Partisi,imf,IMF,macro_economy,1,1,1,0,1.35,0.675,0.5,positive,2006,5.60858,0.1203513188721566
2006-01-01,Adalet ve Kalkınma Partisi,inflation,Enflasyon,macro_economy,3,3,4,0,4.4,2.48339,0.8,positive,2006,3.61678,0.6866300963840765
2006-01-01,Anavatan Partisi,inflation,Enflasyon,macro_economy,1,1,2,0,1.7,1.13339,0.6666666666666666,positive,2006,3.61678,0.31336990361592354
2006-01-01,Adalet ve Kalkınma Partisi,interest,Faiz,macro_economy,1,4,1,0,4.35,2.175,0.5,positive,2006,2.8499999999999996,0.7631578947368421
2006-01-01,Anavatan Partisi,interest,Faiz,macro_economy,1,1,1,0,1.35,0.675,0.5,positive,2006,2.8499999999999996,0.23684210526315794
2006-01-01,Adalet ve Kalkınma Partisi,law_state,Hukuk Devleti,democratic_reform,4,10,12,0,14.2,10.3242,0.9230769230769231,positive,2006,22.86123,0.4516029977389668
2006-01-01,Anavatan Partisi,law_state,Hukuk Devleti,democratic_reform,1,1,2,0,1.7,1.13339,0.6666666666666666,positive,2006,22.86123,0.04957694752207121
2006-01-01,Bağımsız,law_state,Hukuk Devleti,democratic_reform,1,1,1,0,1.35,0.675,0.5,positive,2006,22.86123,0.0295259703874201
2006-01-01,Cumhuriyet Halk Partisi,law_state,Hukuk Devleti,democratic_reform,3,12,12,1,16.55,10.728639999999999,0.7857142857142857,positive,2006,22.86123,0.46929408435154185
2006-01-01,Adalet ve Kalkınma Partisi,reform,Reform,democratic_reform,5,27,25,5,37.5,21.34719,0.6451612903225806,positive,2006,47.933240000000005,0.44535253615236525
2006-01-01,Anavatan Partisi,reform,Reform,democratic_reform,4,22,17,0,27.95,22.87355,0.9444444444444444,positive,2006,47.933240000000005,0.4771959917585375
2006-01-01,Cumhuriyet Halk Partisi,reform,Reform,democratic_reform,1,3,3,0,4.05,3.0374999999999996,0.75,positive,2006,47.933240000000005,0.06336938625471591
2006-01-01,Doğru Yol Partisi,reform,Reform,democratic_reform,1,1,1,0,1.35,0.675,0.5,positive,2006,47.933240000000005,0.014082085834381319
2006-01-01,Adalet ve Kalkınma Partisi,security,Guvenlik,security_conflict,4,37,23,10,48.550000000000004,18.54531,0.38235294117647056,positive,2006,22.395310000000002,0.8280890061356596
2006-01-01,Cumhuriyet Halk Partisi,security,Guvenlik,security_conflict,2,7,2,0,7.699999999999999,3.8499999999999996,0.6666666666666666,positive,2006,22.395310000000002,0.1719109938643403
2006-01-01,Bağımsız,sovereignty,Egemenlik,security_conflict,1,2,2,0,2.7,1.80009,0.6666666666666666,positive,2006,1.80009,1.0
2006-01-01,Adalet ve Kalkınma Partisi,constitution,Anayasa,constitutional_conflict,12,21,1,4,22.75,22.75,-0.5,total,2006,124.25,0.18309859154929578
2006-01-01,Anavatan Partisi,constitution,Anayasa,constitutional_conflict,8,17,7,6,21.55,21.55,0.07142857142857142,total,2006,124.25,0.1734406438631791
2006-01-01,Bağımsız,constitution,Anayasa,constitutional_conflict,1,1,0,0,1.0,1.0,0.0,total,2006,124.25,0.008048289738430584
2006-01-01,Cumhuriyet Halk Partisi,constitution,Anayasa,constitutional_conflict,23,73,9,8,78.95,78.95,0.05555555555555555,total,2006,124.25,0.6354124748490946
2006-01-01,Adalet ve Kalkınma Partisi,democracy,Demokrasi,democratic_reform,12,18,6,2,20.8,20.8,0.4444444444444444,total,2006,62.800000000000004,0.33121019108280253
2006-01-01,Anavatan Partisi,democracy,Demokrasi,democratic_reform,1,1,3,0,2.05,2.05,0.75,total,2006,62.800000000000004,0.03264331210191082
2006-01-01,Bağımsız,democracy,Demokrasi,democratic_reform,3,3,0,0,3.0,3.0,0.0,total,2006,62.800000000000004,0.04777070063694267
2006-01-01,Cumhuriyet Halk Partisi,democracy,Demokrasi,democratic_reform,19,31,9,8,36.95,36.95,0.05555555555555555,total,2006,62.800000000000004,0.5883757961783439
2006-01-01,Adalet ve Kalkınma Partisi,economy,Ekonomi,macro_economy,57,218,103,39,267.7,267.7,0.44755244755244755,total,2006,927.1999999999999,0.28871872303710094
2006-01-01,Anavatan Partisi,economy,Ekonomi,macro_economy,27,208,99,36,255.25,255.25,0.4632352941176471,total,2006,927.1999999999999,0.2752911993097498
2006-01-01,Bağımsız,economy,Ekonomi,macro_economy,12,28,9,19,37.8,37.8,-0.3448275862068966,total,2006,927.1999999999999,0.0407679033649698
2006-01-01,Cumhuriyet Halk Partisi,economy,Ekonomi,macro_economy,44,305,84,41,348.75,348.75,0.3412698412698413,total,2006,927.1999999999999,0.3761324417601381
2006-01-01,Doğru Yol Partisi,economy,Ekonomi,macro_economy,6,17,2,0,17.7,17.7,0.6666666666666666,total,2006,927.1999999999999,0.019089732528041414
2006-01-01,Adalet ve Kalkınma Partisi,european_union,Avrupa Birligi,democratic_reform,29,114,47,4,131.85,131.85,0.8269230769230769,total,2006,307.5,0.42878048780487804
2006-01-01,Anavatan Partisi,european_union,Avrupa Birligi,democratic_reform,19,51,28,8,63.6,63.6,0.5405405405405406,total,2006,307.5,0.20682926829268294
2006-01-01,Bağımsız,european_union,Avrupa Birligi,democratic_reform,8,11,8,0,13.8,13.8,0.8888888888888888,total,2006,307.5,0.04487804878048781
2006-01-01,Cumhuriyet Halk Partisi,european_union,Avrupa Birligi,democratic_reform,28,74,37,13,91.5,91.5,0.47058823529411764,total,2006,307.5,0.2975609756097561
2006-01-01,Doğru Yol Partisi,european_union,Avrupa Birligi,democratic_reform,3,5,3,2,6.75,6.75,0.16666666666666666,total,2006,307.5,0.02195121951219512
2006-01-01,Adalet ve Kalkınma Partisi,imf,IMF,macro_economy,2,2,0,1,2.35,2.35,-0.5,total,2006,27.900000000000002,0.08422939068100357
2006-01-01,Anavatan Partisi,imf,IMF,macro_economy,4,4,2,0,4.7,4.7,0.6666666666666666,total,2006,27.900000000000002,0.16845878136200715
2006-01-01,Bağımsız,imf,IMF,macro_economy,1,1,0,0,1.0,1.0,0.0,total,2006,27.900000000000002,0.035842293906810034
2006-01-01,Cumhuriyet Halk Partisi,imf,IMF,macro_economy,7,13,2,6,15.8,15.8,-0.4444444444444444,total,2006,27.900000000000002,0.5663082437275986
2006-01-01,Doğru Yol Partisi,imf,IMF,macro_economy,2,3,1,2,4.050000000000001,4.050000000000001,-0.25,total,2006,27.900000000000002,0.14516129032258066
2006-01-01,Adalet ve Kalkınma Partisi,inflation,Enflasyon,macro_economy,7,13,4,0,14.4,14.4,0.8,total,2006,24.1,0.5975103734439834
2006-01-01,Anavatan Partisi,inflation,Enflasyon,macro_economy,2,3,2,0,3.7,3.7,0.6666666666666666,total,2006,24.1,0.15352697095435686
2006-01-01,Cumhuriyet Halk Partisi,inflation,Enflasyon,macro_economy,3,6,0,0,6.0,6.0,0.0,total,2006,24.1,0.24896265560165973
2006-01-01,Adalet ve Kalkınma Partisi,interest,Faiz,macro_economy,11,31,3,11,35.9,35.9,-0.5333333333333333,total,2006,49.949999999999996,0.7187187187187187
2006-01-01,Anavatan Partisi,interest,Faiz,macro_economy,3,5,1,0,5.35,5.35,0.5,total,2006,49.949999999999996,0.10710710710710711
2006-01-01,Cumhuriyet Halk Partisi,interest,Faiz,macro_economy,7,7,0,2,7.7,7.7,-0.6666666666666666,total,2006,49.949999999999996,0.15415415415415418
2006-01-01,Doğru Yol Partisi,interest,Faiz,macro_economy,1,1,0,0,1.0,1.0,0.0,total,2006,49.949999999999996,0.020020020020020023
2006-01-01,Adalet ve Kalkınma Partisi,law_state,Hukuk Devleti,democratic_reform,25,49,16,5,56.35,56.35,0.5,total,2006,150.65,0.37404580152671757
2006-01-01,Anavatan Partisi,law_state,Hukuk Devleti,democratic_reform,2,2,2,0,2.7,2.7,0.6666666666666666,total,2006,150.65,0.017922336541652838
2006-01-01,Bağımsız,law_state,Hukuk Devleti,democratic_reform,1,1,1,0,1.35,1.35,0.5,total,2006,150.65,0.008961168270826419
2006-01-01,Cumhuriyet Halk Partisi,law_state,Hukuk Devleti,democratic_reform,25,78,17,18,90.25,90.25,-0.027777777777777776,total,2006,150.65,0.5990706936608031
2006-01-01,Adalet ve Kalkınma Partisi,reform,Reform,democratic_reform,20,51,26,9,63.25,63.25,0.4722222222222222,total,2006,118.7,0.5328559393428812
2006-01-01,Anavatan Partisi,reform,Reform,democratic_reform,10,29,17,3,36.0,36.0,0.6666666666666666,total,2006,118.7,0.3032855939342881
2006-01-01,Cumhuriyet Halk Partisi,reform,Reform,democratic_reform,9,14,3,3,16.1,16.1,0.0,total,2006,118.7,0.13563605728727887
2006-01-01,Doğru Yol Partisi,reform,Reform,democratic_reform,2,3,1,0,3.35,3.35,0.5,total,2006,118.7,0.02822240943555181
2006-01-01,Adalet ve Kalkınma Partisi,security,Guvenlik,security_conflict,14,59,23,15,72.3,72.3,0.20512820512820512,total,2006,115.1,0.6281494352736751
2006-01-01,Anavatan Partisi,security,Guvenlik,security_conflict,3,3,0,1,3.35,3.35,-0.5,total,2006,115.1,0.02910512597741095
2006-01-01,Bağımsız,security,Guvenlik,security_conflict,4,11,1,7,13.8,13.8,-0.6666666666666666,total,2006,115.1,0.11989574283231974
2006-01-01,Cumhuriyet Halk Partisi,security,Guvenlik,security_conflict,12,19,7,12,25.65,25.65,-0.25,total,2006,115.1,0.22284969591659426
2006-01-01,Bağımsız,sovereignty,Egemenlik,security_conflict,1,2,2,0,2.7,2.7,0.6666666666666666,total,2006,4.7,0.574468085106383
2006-01-01,Cumhuriyet Halk Partisi,sovereignty,Egemenlik,security_conflict,1,2,0,0,2.0,2.0,0.0,total,2006,4.7,0.425531914893617
2006-01-01,Cumhuriyet Halk Partisi,tutelage,Vesayet,constitutional_conflict,2,2,0,2,2.7,2.7,-0.6666666666666666,total,2006,2.7,1.0
2006-02-01,Adalet ve Kalkınma Partisi,constitution,Anayasa,constitutional_conflict,4,11,0,6,13.1,7.78358,-0.8571428571428571,negative,2006,27.354589999999998,0.2845438370671979
2006-02-01,Anavatan Partisi,constitution,Anayasa,constitutional_conflict,2,2,0,2,2.7,1.35,-0.6666666666666666,negative,2006,27.354589999999998,0.04935186380055414
2006-02-01,Bağımsız,constitution,Anayasa,constitutional_conflict,1,3,0,2,3.7,2.46679,-0.6666666666666666,negative,2006,27.354589999999998,0.09017828452190291
2006-02-01,Cumhuriyet Halk Partisi,constitution,Anayasa,constitutional_conflict,4,13,0,13,17.549999999999997,11.904219999999999,-0.9285714285714286,negative,2006,27.354589999999998,0.43518181043839443
2006-02-01,Doğru Yol Partisi,constitution,Anayasa,constitutional_conflict,2,7,0,2,7.699999999999999,3.8499999999999996,-0.6666666666666666,negative,2006,27.354589999999998,0.14074420417195066
2006-02-01,Adalet ve Kalkınma Partisi,democracy,Demokrasi,democratic_reform,4,11,1,7,13.799999999999999,6.34339,-0.6666666666666666,negative,2006,23.60509,0.2687297527778966
2006-02-01,Anavatan Partisi,democracy,Demokrasi,democratic_reform,1,1,0,2,1.7,1.13339,-0.6666666666666666,negative,2006,23.60509,0.04801464429917445
2006-02-01,Cumhuriyet Halk Partisi,democracy,Demokrasi,democratic_reform,4,14,1,7,16.8,10.900000000000002,-0.6666666666666666,negative,2006,23.60509,0.4617648142836991
2006-02-01,Doğru Yol Partisi,democracy,Demokrasi,democratic_reform,1,4,0,6,6.1,5.22831,-0.8571428571428571,negative,2006,23.60509,0.2214907886392299
2006-02-01,Adalet ve Kalkınma Partisi,economy,Ekonomi,macro_economy,17,70,6,65,94.85000000000001,64.673635,-0.8194444444444444,negative,2006,230.232,0.2809063683588728
2006-02-01,Anavatan Partisi,economy,Ekonomi,macro_economy,17,109,23,94,149.95,79.815475,-0.6016949152542372,negative,2006,230.232,0.34667411567462386
2006-02-01,Cumhuriyet Halk Partisi,economy,Ekonomi,macro_economy,20,85,5,85,116.5,83.2761,-0.8791208791208791,negative,2006,230.232,0.3617051495882414
2006-02-01,Doğru Yol Partisi,economy,Ekonomi,macro_economy,1,3,0,2,3.7,2.46679,-0.6666666666666666,negative,2006,230.232,0.010714366378261926
2006-02-01,Adalet ve Kalkınma Partisi,european_union,Avrupa Birligi,democratic_reform,1,1,0,1,1.35,0.675,-0.5,negative,2006,3.2,0.2109375
2006-02-01,Anavatan Partisi,european_union,Avrupa Birligi,democratic_reform,1,1,0,1,1.35,0.675,-0.5,negative,2006,3.2,0.2109375
2006-02-01,Cumhuriyet Halk Partisi,european_union,Avrupa Birligi,democratic_reform,2,3,0,2,3.7,1.85,-0.6666666666666666,negative,2006,3.2,0.578125
2006-02-01,Anavatan Partisi,imf,IMF,macro_economy,5,17,0,12,21.2,15.01618,-0.9230769230769231,negative,2006,26.532069999999997,0.5659633794121606
2006-02-01,Cumhuriyet Halk Partisi,imf,IMF,macro_economy,6,13,0,12,17.2,11.515889999999999,-0.9230769230769231,negative,2006,26.532069999999997,0.43403662058783954
2006-02-01,Adalet ve Kalkınma Partisi,inflation,Enflasyon,macro_economy,4,7,0,6,9.1,5.0625,-0.8571428571428571,negative,2006,11.6,0.4364224137931035
2006-02-01,Anavatan Partisi,inflation,Enflasyon,macro_economy,2,14,1,3,15.4,5.1875,-0.4,negative,2006,11.6,0.447198275862069
2006-02-01,Cumhuriyet Halk Partisi,inflation,Enflasyon,macro_economy,2,2,0,2,2.7,1.35,-0.6666666666666666,negative,2006,11.6,0.1163793103448276
2006-02-01,Adalet ve Kalkınma Partisi,interest,Faiz,macro_economy,9,26,2,17,32.65,17.49296,-0.75,negative,2006,74.63686,0.23437427565950658
2006-02-01,Anavatan Partisi,interest,Faiz,macro_economy,6,41,3,22,49.75,30.87183,-0.7307692307692307,negative,2006,74.63686,0.41362712740059
2006-02-01,Bağımsız,interest,Faiz,macro_economy,1,10,1,2,11.05,2.7625,-0.25,negative,2006,74.63686,0.03701254313217357
2006-02-01,Cumhuriyet Halk Partisi,interest,Faiz,macro_economy,8,28,2,18,35.0,18.56769,-0.7619047619047619,negative,2006,74.63686,0.248773729227087
2006-02-01,Doğru Yol Partisi,interest,Faiz,macro_economy,3,6,0,5,7.75,4.94188,-0.8333333333333334,negative,2006,74.63686,0.06621232458064287
2006-02-01,Adalet ve Kalkınma Partisi,law_state,Hukuk Devleti,democratic_reform,13,38,2,24,47.1,24.07937,-0.8148148148148148,negative,2006,98.361495,0.24480483953604
2006-02-01,Anavatan Partisi,law_state,Hukuk Devleti,democratic_reform,4,11,3,8,14.850000000000001,4.42476,-0.4166666666666667,negative,2006,98.361495,0.044984676168250595
2006-02-01,Cumhuriyet Halk Partisi,law_state,Hukuk Devleti,democratic_reform,17,77,2,41,92.05,62.828965000000004,-0.8863636363636364,negative,2006,98.361495,0.6387556939837078
2006-02-01,Doğru Yol Partisi,law_state,Hukuk Devleti,democratic_reform,2,6,0,8,8.8,7.0283999999999995,-0.8888888888888888,negative,2006,98.361495,0.07145479031200165
2006-02-01,Adalet ve Kalkınma Partisi,reform,Reform,democratic_reform,9,42,2,12,46.9,20.95859,-0.6666666666666666,negative,2006,49.937945,0.41969268058587517
2006-02-01,Anavatan Partisi,reform,Reform,democratic_reform,1,1,0,1,1.35,0.675,-0.5,negative,2006,49.937945,0.01351677567028439
2006-02-01,Cumhuriyet Halk Partisi,reform,Reform,democratic_reform,9,40,0,17,45.95,28.304355,-0.9444444444444444,negative,2006,49.937945,0.5667905437438405
2006-02-01,Adalet ve Kalkınma Partisi,security,Guvenlik,security_conflict,8,46,5,32,58.95,33.86588,-0.7105263157894737,negative,2006,106.98707999999999,0.31654177308138515
2006-02-01,Anavatan Partisi,security,Guvenlik,security_conflict,10,53,8,34,67.7,35.217745,-0.6046511627906976,negative,2006,106.98707999999999,0.32917755115851377
2006-02-01,Bağımsız,security,Guvenlik,security_conflict,1,21,7,12,27.65,6.9125,-0.25,negative,2006,106.98707999999999,0.06461060531795054
2006-02-01,Cumhuriyet Halk Partisi,security,Guvenlik,security_conflict,17,40,2,34,52.6,30.990955,-0.8648648648648649,negative,2006,106.98707999999999,0.2896700704421506
2006-02-01,Anavatan Partisi,tutelage,Vesayet,constitutional_conflict,1,1,0,2,1.7,1.13339,-0.6666666666666666,negative,2006,1.13339,1.0
2006-02-01,Adalet ve Kalkınma Partisi,constitution,Anayasa,constitutional_conflict,6,16,10,0,19.5,12.32928,0.9090909090909091,positive,2006,30.95552,0.3982901918623884
2006-02-01,Anavatan Partisi,constitution,Anayasa,constitutional_conflict,3,7,3,0,8.05,4.025,0.75,positive,2006,30.95552,0.13002527497519023
2006-02-01,Bağımsız,constitution,Anayasa,constitutional_conflict,2,6,3,0,7.05,3.97509,0.75,positive,2006,30.95552,0.12841296156549784
2006-02-01,Cumhuriyet Halk Partisi,constitution,Anayasa,constitutional_conflict,5,11,10,2,15.2,6.97865,0.6153846153846154,positive,2006,30.95552,0.2254412137156798
2006-02-01,Doğru Yol Partisi,constitution,Anayasa,constitutional_conflict,2,4,6,1,6.449999999999999,3.6475,0.625,positive,2006,30.95552,0.1178303578812438
2006-02-01,Adalet ve Kalkınma Partisi,democracy,Demokrasi,democratic_reform,6,15,16,2,21.3,12.85653,0.7368421052631579,positive,2006,20.39412,0.6304037634376967
2006-02-01,Anavatan Partisi,democracy,Demokrasi,democratic_reform,1,1,1,0,1.35,0.675,0.5,positive,2006,20.39412,0.03309777524109891
2006-02-01,Cumhuriyet Halk Partisi,democracy,Demokrasi,democratic_reform,5,8,8,0,10.8,6.86259,0.8888888888888888,positive,2006,20.39412,0.3364984613212043
2006-02-01,Adalet ve Kalkınma Partisi,economy,Ekonomi,macro_economy,34,86,90,8,120.3,76.24988,0.8282828282828283,positive,2006,196.23121,0.38857162425895453
2006-02-01,Anavatan Partisi,economy,Ekonomi,macro_economy,11,61,47,2,78.15,57.854365,0.9,positive,2006,196.23121,0.29482754043049525
2006-02-01,Cumhuriyet Halk Partisi,economy,Ekonomi,macro_economy,19,71,60,7,94.45,54.557545000000005,0.7794117647058824,positive,2006,196.23121,0.2780268490420051
2006-02-01,Doğru Yol Partisi,economy,Ekonomi,macro_economy,1,4,12,0,8.2,7.56942,0.9230769230769231,positive,2006,196.23121,0.03857398626854515
2006-02-01,Adalet ve Kalkınma Partisi,european_union,Avrupa Birligi,democratic_reform,4,6,6,0,8.100000000000001,4.78348,0.8571428571428571,positive,2006,16.579335,0.2885206191925068
2006-02-01,Anavatan Partisi,european_union,Avrupa Birligi,democratic_reform,3,4,7,0,6.45,4.47098,0.875,positive,2006,16.579335,0.26967185354539247
2006-02-01,Bağımsız,european_union,Avrupa Birligi,democratic_reform,1,2,1,0,2.35,1.175,0.5,positive,2006,16.579335,0.07087135883314982
2006-02-01,Cumhuriyet Halk Partisi,european_union,Avrupa Birligi,democratic_reform,4,7,8,0,9.8,6.149875,0.8888888888888888,positive,2006,16.579335,0.37093616842895083
2006-02-01,Anavatan Partisi,imf,IMF,macro_economy,3,6,3,0,7.05,3.525,0.75,positive,2006,8.4,0.4196428571428571
2006-02-01,Cumhuriyet Halk Partisi,imf,IMF,macro_economy,5,8,5,0,9.75,4.875,0.8333333333333334,positive,2006,8.4,0.5803571428571428
2006-02-01,Adalet ve Kalkınma Partisi,inflation,Enflasyon,macro_economy,5,7,5,0,8.75,4.375,0.8333333333333334,positive,2006,15.78387,0.27718170512048057
2006-02-01,Anavatan Partisi,inflation,Enflasyon,macro_economy,2,6,3,0,7.050000000000001,4.47519,0.75,positive,2006,15.78387,0.28352932455728536
2006-02-01,Cumhuriyet Halk Partisi,inflation,Enflasyon,macro_economy,1,2,2,0,2.7,1.80009,0.6666666666666666,positive,2006,15.78387,0.11404617498750307
2006-02-01,Doğru Yol Partisi,inflation,Enflasyon,macro_economy,1,7,2,0,7.7,5.13359,0.6666666666666666,positive,2006,15.78387,0.32524279533473094
2006-02-01,Adalet ve Kalkınma Partisi,interest,Faiz,macro_economy,4,20,8,0,22.799999999999997,16.77009,0.8888888888888888,positive,2006,60.480775,0.2772796810226059
2006-02-01,Anavatan Partisi,interest,Faiz,macro_economy,6,11,11,0,14.85,9.291565,0.9166666666666666,positive,2006,60.480775,0.15362840505929365
2006-02-01,Bağımsız,interest,Faiz,macro_economy,1,1,1,0,1.35,0.675,0.5,positive,2006,60.480775,0.011160571272441532
2006-02-01,Cumhuriyet Halk Partisi,interest,Faiz,macro_economy,7,51,15,2,56.95,30.39412,0.7222222222222222,positive,2006,60.480775,0.5025418407750232
2006-02-01,Doğru Yol Partisi,interest,Faiz,macro_economy,2,6,2,0,6.699999999999999,3.3499999999999996,0.6666666666666666,positive,2006,60.480775,0.055389501870635745
2006-02-01,Adalet ve Kalkınma Partisi,law_state,Hukuk Devleti,democratic_reform,12,29,21,1,36.7,21.6475,0.8695652173913043,positive,2006,49.136250000000004,0.4405606858480246
2006-02-01,Anavatan Partisi,law_state,Hukuk Devleti,democratic_reform,2,2,2,0,2.7,1.35,0.6666666666666666,positive,2006,49.136250000000004,0.027474624131878195
2006-02-01,Cumhuriyet Halk Partisi,law_state,Hukuk Devleti,democratic_reform,8,37,19,2,44.35,25.46375,0.7727272727272727,positive,2006,49.136250000000004,0.5182273779541581
2006-02-01,Doğru Yol Partisi,law_state,Hukuk Devleti,democratic_reform,1,1,1,0,1.35,0.675,0.5,positive,2006,49.136250000000004,0.013737312065939098
2006-02-01,Adalet ve Kalkınma Partisi,reform,Reform,democratic_reform,6,13,10,1,16.85,9.70849,0.75,positive,2006,22.86055,0.42468313317046175
2006-02-01,Anavatan Partisi,reform,Reform,democratic_reform,5,12,11,1,16.2,9.62706,0.7692307692307693,positive,2006,22.86055,0.4211211016357874
2006-02-01,Cumhuriyet Halk Partisi,reform,Reform,democratic_reform,3,6,3,0,7.050000000000001,3.5250000000000004,0.75,positive,2006,22.86055,0.15419576519375083
2006-02-01,Adalet ve Kalkınma Partisi,security,Guvenlik,security_conflict,23,73,50,4,91.9,53.377205,0.8363636363636363,positive,2006,101.335365,0.5267381727988052
2006-02-01,Anavatan Partisi,security,Guvenlik,security_conflict,8,26,19,6,34.75,13.40368,0.5,positive,2006,101.335365,0.13227050595811246
2006-02-01,Bağımsız,security,Guvenlik,security_conflict,1,6,1,0,6.35,3.175,0.5,positive,2006,101.335365,0.03133160866396445
2006-02-01,Cumhuriyet Halk Partisi,security,Guvenlik,security_conflict,14,46,21,2,54.05,28.55859,0.7916666666666666,positive,2006,101.335365,0.2818225404329476
2006-02-01,Doğru Yol Partisi,security,Guvenlik,security_conflict,3,5,5,1,7.1,2.82089,0.5714285714285714,positive,2006,101.335365,0.02783717214617029
2006-02-01,Adalet ve Kalkınma Partisi,constitution,Anayasa,constitutional_conflict,31,66,16,10,75.1,75.1,0.2222222222222222,total,2006,243.2,0.30879934210526316
2006-02-01,Anavatan Partisi,constitution,Anayasa,constitutional_conflict,11,20,4,3,22.45,22.45,0.125,total,2006,243.2,0.0923108552631579
2006-02-01,Bağımsız,constitution,Anayasa,constitutional_conflict,5,11,3,2,12.75,12.75,0.16666666666666666,total,2006,243.2,0.05242598684210527
2006-02-01,Cumhuriyet Halk Partisi,constitution,Anayasa,constitutional_conflict,51,99,10,15,107.75,107.75,-0.19230769230769232,total,2006,243.2,0.4430509868421053
2006-02-01,Doğru Yol Partisi,constitution,Anayasa,constitutional_conflict,12,22,6,3,25.15,25.15,0.3,total,2006,243.2,0.10341282894736842
2006-02-01,Adalet ve Kalkınma Partisi,democracy,Demokrasi,democratic_reform,22,47,18,10,56.800000000000004,56.800000000000004,0.27586206896551724,total,2006,144.75,0.3924006908462867
2006-02-01,Anavatan Partisi,democracy,Demokrasi,democratic_reform,3,3,1,2,4.05,4.05,-0.25,total,2006,144.75,0.02797927461139896
2006-02-01,Bağımsız,democracy,Demokrasi,democratic_reform,3,14,5,5,17.5,17.5,0.0,total,2006,144.75,0.12089810017271158
2006-02-01,Cumhuriyet Halk Partisi,democracy,Demokrasi,democratic_reform,30,54,10,8,60.3,60.3,0.10526315789473684,total,2006,144.75,0.416580310880829
2006-02-01,Doğru Yol Partisi,democracy,Demokrasi,democratic_reform,1,4,0,6,6.1,6.1,-0.8571428571428571,total,2006,144.75,0.04214162348877375
2006-02-01,Adalet ve Kalkınma Partisi,economy,Ekonomi,macro_economy,88,240,115,88,311.05,311.05,0.1323529411764706,total,2006,1059.65,0.2935403199169537
2006-02-01,Anavatan Partisi,economy,Ekonomi,macro_economy,45,253,90,115,324.75,324.75,-0.12135922330097088,total,2006,1059.65,0.30646911716132685
2006-02-01,Bağımsız,economy,Ekonomi,macro_economy,4,19,5,5,22.5,22.5,0.0,total,2006,1059.65,0.02123342613126976
2006-02-01,Cumhuriyet Halk Partisi,economy,Ekonomi,macro_economy,87,296,88,117,367.75,367.75,-0.1407766990291262,total,2006,1059.65,0.34704855376775345
2006-02-01,Doğru Yol Partisi,economy,Ekonomi,macro_economy,14,28,13,3,33.6,33.6,0.5882352941176471,total,2006,1059.65,0.03170858302269617
2006-02-01,Adalet ve Kalkınma Partisi,european_union,Avrupa Birligi,democratic_reform,11,16,7,2,19.15,19.15,0.5,total,2006,69.8,0.27435530085959886
2006-02-01,Anavatan Partisi,european_union,Avrupa Birligi,democratic_reform,5,6,7,1,8.8,8.8,0.6666666666666666,total,2006,69.8,0.12607449856733527
2006-02-01,Bağımsız,european_union,Avrupa Birligi,democratic_reform,2,3,1,0,3.35,3.35,0.5,total,2006,69.8,0.04799426934097421
2006-02-01,Cumhuriyet Halk Partisi,european_union,Avrupa Birligi,democratic_reform,20,35,8,2,38.5,38.5,0.5454545454545454,total,2006,69.8,0.5515759312320917
2006-02-01,Adalet ve Kalkınma Partisi,imf,IMF,macro_economy,2,8,0,0,8.0,8.0,0.0,total,2006,91.9,0.08705114254624591
2006-02-01,Anavatan Partisi,imf,IMF,macro_economy,12,31,4,13,36.95,36.95,-0.5,total,2006,91.9,0.4020674646354733
2006-02-01,Cumhuriyet Halk Partisi,imf,IMF,macro_economy,27,41,5,12,46.95,46.95,-0.3888888888888889,total,2006,91.9,0.5108813928182807
2006-02-01,Adalet ve Kalkınma Partisi,inflation,Enflasyon,macro_economy,28,48,5,6,51.85,51.85,-0.08333333333333333,total,2006,144.4,0.3590720221606648
2006-02-01,Anavatan Partisi,inflation,Enflasyon,macro_economy,12,31,4,3,33.45,33.45,0.125,total,2006,144.4,0.2316481994459834
2006-02-01,Bağımsız,inflation,Enflasyon,macro_economy,5,7,0,0,7.0,7.0,0.0,total,2006,144.4,0.048476454293628804
2006-02-01,Cumhuriyet Halk Partisi,inflation,Enflasyon,macro_economy,21,37,2,2,38.4,38.4,0.0,total,2006,144.4,0.26592797783933514
2006-02-01,Doğru Yol Partisi,inflation,Enflasyon,macro_economy,6,13,2,0,13.7,13.7,0.6666666666666666,total,2006,144.4,0.09487534626038781
2006-02-01,Adalet ve Kalkınma Partisi,interest,Faiz,macro_economy,42,106,13,20,117.55,117.55,-0.20588235294117646,total,2006,481.34999999999997,0.24420899553339567
2006-02-01,Anavatan Partisi,interest,Faiz,macro_economy,32,99,14,22,111.6,111.6,-0.21621621621621623,total,2006,481.34999999999997,0.23184792770333437
2006-02-01,Bağımsız,interest,Faiz,macro_economy,7,23,2,2,24.4,24.4,0.0,total,2006,481.34999999999997,0.05069076555520931
2006-02-01,Cumhuriyet Halk Partisi,interest,Faiz,macro_economy,58,182,19,22,196.35,196.35,-0.07142857142857142,total,2006,481.34999999999997,0.40791523839202243
2006-02-01,Doğru Yol Partisi,interest,Faiz,macro_economy,14,29,2,5,31.45,31.45,-0.375,total,2006,481.34999999999997,0.06533707281603823
2006-02-01,Adalet ve Kalkınma Partisi,law_state,Hukuk Devleti,democratic_reform,81,207,26,28,225.9,225.9,-0.03636363636363636,total,2006,490.40000000000003,0.4606443719412724
2006-02-01,Anavatan Partisi,law_state,Hukuk Devleti,democratic_reform,14,23,5,8,27.55,27.55,-0.21428571428571427,total,2006,490.40000000000003,0.056178629690048935
2006-02-01,Bağımsız,law_state,Hukuk Devleti,democratic_reform,1,1,0,0,1.0,1.0,0.0,total,2006,490.40000000000003,0.0020391517128874386
2006-02-01,Cumhuriyet Halk Partisi,law_state,Hukuk Devleti,democratic_reform,67,199,23,45,222.8,222.8,-0.3188405797101449,total,2006,490.40000000000003,0.4543230016313214
2006-02-01,Doğru Yol Partisi,law_state,Hukuk Devleti,democratic_reform,5,10,1,8,13.15,13.15,-0.7,total,2006,490.40000000000003,0.02681484502446982
2006-02-01,Adalet ve Kalkınma Partisi,reform,Reform,democratic_reform,41,107,14,15,117.15,117.15,-0.03333333333333333,total,2006,240.7,0.4867054424594932
2006-02-01,Anavatan Partisi,reform,Reform,democratic_reform,17,29,11,2,33.55,33.55,0.6428571428571429,total,2006,240.7,0.13938512671375156
2006-02-01,Cumhuriyet Halk Partisi,reform,Reform,democratic_reform,34,82,3,17,89.0,89.0,-0.6666666666666666,total,2006,240.7,0.3697548815953469
2006-02-01,Doğru Yol Partisi,reform,Reform,democratic_reform,1,1,0,0,1.0,1.0,0.0,total,2006,240.7,0.004154549231408392
2006-02-01,Adalet ve Kalkınma Partisi,security,Guvenlik,security_conflict,83,258,80,61,307.35,307.35,0.13380281690140844,total,2006,743.25,0.41352169525731586
2006-02-01,Anavatan Partisi,security,Guvenlik,security_conflict,35,106,29,42,130.85,130.85,-0.18055555555555555,total,2006,743.25,0.1760511268079381
2006-02-01,Bağımsız,security,Guvenlik,security_conflict,4,30,8,12,37.0,37.0,-0.19047619047619047,total,2006,743.25,0.04978136562394887
2006-02-01,Cumhuriyet Halk Partisi,security,Guvenlik,security_conflict,77,224,41,56,257.95,257.95,-0.15306122448979592,total,2006,743.25,0.3470568449377733
2006-02-01,Doğru Yol Partisi,security,Guvenlik,security_conflict,6,8,5,1,10.1,10.1,0.5714285714285714,total,2006,743.25,0.013588967373023881
2006-02-01,Cumhuriyet Halk Partisi,sovereignty,Egemenlik,security_conflict,1,1,0,0,1.0,1.0,0.0,total,2006,1.0,1.0
2006-02-01,Anavatan Partisi,tutelage,Vesayet,constitutional_conflict,1,1,0,2,1.7,1.7,-0.6666666666666666,total,2006,1.7,1.0
2006-03-01,Adalet ve Kalkınma Partisi,constitution,Anayasa,constitutional_conflict,4,12,0,6,14.100000000000001,8.61698,-0.8571428571428571,negative,2006,25.462960000000002,0.33841234483343646
2006-03-01,Cumhuriyet Halk Partisi,constitution,Anayasa,constitutional_conflict,6,12,0,7,14.45,7.50839,-0.875,negative,2006,25.462960000000002,0.2948749870399985
2006-03-01,Doğru Yol Partisi,constitution,Anayasa,constitutional_conflict,2,11,0,5,12.75,9.33759,-0.8333333333333334,negative,2006,25.462960000000002,0.366712668126565
2006-03-01,Adalet ve Kalkınma Partisi,democracy,Demokrasi,democratic_reform,3,6,1,8,9.15,4.955,-0.7,negative,2006,16.11778,0.3074244716083729
2006-03-01,Anavatan Partisi,democracy,Demokrasi,democratic_reform,1,2,0,1,2.35,1.175,-0.5,negative,2006,16.11778,0.07290085855496228
2006-03-01,Cumhuriyet Halk Partisi,democracy,Demokrasi,democratic_reform,5,13,0,9,16.15,9.98778,-0.9,negative,2006,16.11778,0.6196746698366649
2006-03-01,Adalet ve Kalkınma Partisi,economy,Ekonomi,macro_economy,13,52,3,49,70.2,50.38109,-0.8679245283018868,negative,2006,160.63103,0.31364481694477087
2006-03-01,Anavatan Partisi,economy,Ekonomi,macro_economy,3,28,8,20,37.8,14.314879999999999,-0.41379310344827586,negative,2006,160.63103,0.08911652997555951
2006-03-01,Bağımsız,economy,Ekonomi,macro_economy,1,4,0,2,4.7,3.13349,-0.6666666666666666,negative,2006,160.63103,0.01950737662579889
2006-03-01,Cumhuriyet Halk Partisi,economy,Ekonomi,macro_economy,22,112,9,82,143.85,92.80157,-0.7934782608695652,negative,2006,160.63103,0.5777312764538707
2006-03-01,Adalet ve Kalkınma Partisi,european_union,Avrupa Birligi,democratic_reform,2,2,1,3,3.4,1.1875,-0.4,negative,2006,6.887499999999999,0.1724137931034483
2006-03-01,Cumhuriyet Halk Partisi,european_union,Avrupa Birligi,democratic_reform,4,10,0,4,11.399999999999999,5.699999999999999,-0.8,negative,2006,6.887499999999999,0.8275862068965517
2006-03-01,Anavatan Partisi,imf,IMF,macro_economy,3,16,0,9,19.150000000000002,14.253975000000002,-0.9,negative,2006,42.441075000000005,0.33585329777815476
2006-03-01,Cumhuriyet Halk Partisi,imf,IMF,macro_economy,11,32,2,29,42.85,28.1871,-0.84375,negative,2006,42.441075000000005,0.6641467022218451
2006-03-01,Adalet ve Kalkınma Partisi,inflation,Enflasyon,macro_economy,7,22,0,13,26.549999999999997,16.808,-0.9285714285714286,negative,2006,19.11639,0.8792455060814307
2006-03-01,Cumhuriyet Halk Partisi,inflation,Enflasyon,macro_economy,2,3,0,3,4.05,2.30839,-0.75,negative,2006,19.11639,0.12075449391856936
2006-03-01,Adalet ve Kalkınma Partisi,interest,Faiz,macro_economy,5,13,2,14,18.6,10.600259999999999,-0.7058823529411765,negative,2006,26.406889999999997,0.4014202354006852
2006-03-01,Anavatan Partisi,interest,Faiz,macro_economy,2,6,1,4,7.75,3.06259,-0.5,negative,2006,26.406889999999997,0.11597692874851982
2006-03-01,Cumhuriyet Halk Partisi,interest,Faiz,macro_economy,3,15,1,11,19.2,12.744039999999998,-0.7692307692307693,negative,2006,26.406889999999997,0.482602835850795
2006-03-01,Adalet ve Kalkınma Partisi,law_state,Hukuk Devleti,democratic_reform,8,26,1,11,30.2,15.14349,-0.7692307692307693,negative,2006,39.10441,0.387257856594691
2006-03-01,Anavatan Partisi,law_state,Hukuk Devleti,democratic_reform,1,1,0,1,1.35,0.675,-0.5,negative,2006,39.10441,0.01726148022691047
2006-03-01,Cumhuriyet Halk Partisi,law_state,Hukuk Devleti,democratic_reform,9,19,1,27,28.799999999999997,19.21503,-0.896551724137931,negative,2006,39.10441,0.49137757096961693
2006-03-01,Doğru Yol Partisi,law_state,Hukuk Devleti,democratic_reform,3,9,1,5,11.1,4.07089,-0.5714285714285714,negative,2006,39.10441,0.10410309220878157
2006-03-01,Adalet ve Kalkınma Partisi,reform,Reform,democratic_reform,4,17,0,11,20.85,15.472909999999999,-0.9166666666666666,negative,2006,21.156299999999998,0.7313618165747319
2006-03-01,Anavatan Partisi,reform,Reform,democratic_reform,2,3,0,2,3.7,1.85,-0.6666666666666666,negative,2006,21.156299999999998,0.0874444019039246
2006-03-01,Cumhuriyet Halk Partisi,reform,Reform,democratic_reform,3,7,1,5,9.1,3.32089,-0.5714285714285714,negative,2006,21.156299999999998,0.1569693188317428
2006-03-01,Doğru Yol Partisi,reform,Reform,democratic_reform,1,1,1,2,2.05,0.5125,-0.25,negative,2006,21.156299999999998,0.024224462689600733
2006-03-01,Adalet ve Kalkınma Partisi,security,Guvenlik,security_conflict,12,29,2,25,38.45,22.52847,-0.8214285714285714,negative,2006,61.9207,0.3638277668049618
2006-03-01,Anavatan Partisi,security,Guvenlik,security_conflict,1,3,0,2,3.7,2.46679,-0.6666666666666666,negative,2006,61.9207,0.03983788942954457
2006-03-01,Bağımsız,security,Guvenlik,security_conflict,1,3,1,5,5.1,2.9141399999999997,-0.5714285714285714,negative,2006,61.9207,0.047062452459355274
2006-03-01,Cumhuriyet Halk Partisi,security,Guvenlik,security_conflict,9,30,2,24,39.1,23.3038,-0.8148148148148148,negative,2006,61.9207,0.37634910458053605
2006-03-01,Doğru Yol Partisi,security,Guvenlik,security_conflict,3,20,1,7,22.8,10.7075,-0.6666666666666666,negative,2006,61.9207,0.17292278672560227
2006-03-01,Cumhuriyet Halk Partisi,sovereignty,Egemenlik,security_conflict,1,2,0,2,2.7,1.80009,-0.6666666666666666,negative,2006,1.80009,1.0
2006-03-01,Cumhuriyet Halk Partisi,tutelage,Vesayet,constitutional_conflict,1,1,0,1,1.35,0.675,-0.5,negative,2006,0.675,1.0
2006-03-01,Adalet ve Kalkınma Partisi,constitution,Anayasa,constitutional_conflict,5,8,12,0,12.2,8.46429,0.9230769230769231,positive,2006,30.21537,0.28013193285404087
2006-03-01,Anavatan Partisi,constitution,Anayasa,constitutional_conflict,1,3,1,0,3.35,1.675,0.5,positive,2006,30.21537,0.05543536286333744
2006-03-01,Cumhuriyet Halk Partisi,constitution,Anayasa,constitutional_conflict,7,23,15,1,28.6,18.27599,0.8235294117647058,positive,2006,30.21537,0.6048573954249112
2006-03-01,Doğru Yol Partisi,constitution,Anayasa,constitutional_conflict,1,2,2,0,2.7,1.80009,0.6666666666666666,positive,2006,30.21537,0.05957530885771049
2006-03-01,Adalet ve Kalkınma Partisi,democracy,Demokrasi,democratic_reform,7,14,14,0,18.900000000000002,12.62965,0.9333333333333333,positive,2006,20.65215,0.6115416554692853
2006-03-01,Anavatan Partisi,democracy,Demokrasi,democratic_reform,2,2,2,0,2.7,1.35,0.6666666666666666,positive,2006,20.65215,0.06536849674246992
2006-03-01,Cumhuriyet Halk Partisi,democracy,Demokrasi,democratic_reform,5,6,11,0,9.85,6.672499999999999,0.9166666666666666,positive,2006,20.65215,0.3230898477882448
2006-03-01,Adalet ve Kalkınma Partisi,economy,Ekonomi,macro_economy,40,169,186,12,238.3,171.51679,0.8743718592964824,positive,2006,315.66630499999997,0.543348426117257
2006-03-01,Anavatan Partisi,economy,Ekonomi,macro_economy,3,17,16,8,25.4,8.94613,0.32,positive,2006,315.66630499999997,0.028340465416478333
2006-03-01,Bağımsız,economy,Ekonomi,macro_economy,8,43,46,5,60.85,41.7284,0.7884615384615384,positive,2006,315.66630499999997,0.13219149253196347
2006-03-01,Cumhuriyet Halk Partisi,economy,Ekonomi,macro_economy,25,121,77,8,150.75,92.462485,0.8023255813953488,positive,2006,315.66630499999997,0.292912114899308
2006-03-01,Doğru Yol Partisi,economy,Ekonomi,macro_economy,1,3,2,1,4.05,1.0125,0.25,positive,2006,315.66630499999997,0.0032075010349932663
2006-03-01,Adalet ve Kalkınma Partisi,european_union,Avrupa Birligi,democratic_reform,9,16,16,0,21.6,13.95429,0.9411764705882353,positive,2006,22.70027,0.6147191200809506
2006-03-01,Anavatan Partisi,european_union,Avrupa Birligi,democratic_reform,1,1,2,0,1.7,1.13339,0.6666666666666666,positive,2006,22.70027,0.04992848102687765
2006-03-01,Cumhuriyet Halk Partisi,european_union,Avrupa Birligi,democratic_reform,5,10,8,0,12.8,7.61259,0.8888888888888888,positive,2006,22.70027,0.3353523988921718
2006-03-01,Adalet ve Kalkınma Partisi,imf,IMF,macro_economy,1,3,2,0,3.7,2.46679,0.6666666666666666,positive,2006,5.816789999999999,0.4240809793717842
2006-03-01,Cumhuriyet Halk Partisi,imf,IMF,macro_economy,2,6,2,0,6.699999999999999,3.3499999999999996,0.6666666666666666,positive,2006,5.816789999999999,0.5759190206282159
2006-03-01,Adalet ve Kalkınma Partisi,inflation,Enflasyon,macro_economy,9,20,11,0,23.85,12.658479999999999,0.9166666666666666,positive,2006,15.008479999999999,0.8434218521795678
2006-03-01,Cumhuriyet Halk Partisi,inflation,Enflasyon,macro_economy,2,4,2,0,4.7,2.35,0.6666666666666666,positive,2006,15.008479999999999,0.1565781478204322
2006-03-01,Adalet ve Kalkınma Partisi,interest,Faiz,macro_economy,5,8,7,0,10.450000000000001,5.95848,0.875,positive,2006,20.93921,0.28456087884882
2006-03-01,Anavatan Partisi,interest,Faiz,macro_economy,1,2,1,0,2.35,1.175,0.5,positive,2006,20.93921,0.05611481999559678
2006-03-01,Bağımsız,interest,Faiz,macro_economy,1,1,1,0,1.35,0.675,0.5,positive,2006,20.93921,0.032236173188959855
2006-03-01,Cumhuriyet Halk Partisi,interest,Faiz,macro_economy,6,20,18,5,28.05,13.13073,0.5416666666666666,positive,2006,20.93921,0.6270881279666234
2006-03-01,Adalet ve Kalkınma Partisi,law_state,Hukuk Devleti,democratic_reform,12,58,34,3,70.95,41.866895,0.8157894736842105,positive,2006,80.32845999999999,0.5211962858493739
2006-03-01,Anavatan Partisi,law_state,Hukuk Devleti,democratic_reform,3,4,6,0,6.1,4.09589,0.8571428571428571,positive,2006,80.32845999999999,0.050989275780962316
2006-03-01,Cumhuriyet Halk Partisi,law_state,Hukuk Devleti,democratic_reform,9,38,26,0,47.099999999999994,34.365674999999996,0.9629629629629629,positive,2006,80.32845999999999,0.42781443836966376
2006-03-01,Adalet ve Kalkınma Partisi,reform,Reform,democratic_reform,5,10,8,1,13.15,6.4850900000000005,0.7,positive,2006,19.91375,0.3256589040236018
2006-03-01,Anavatan Partisi,reform,Reform,democratic_reform,3,4,4,0,5.4,3.15009,0.8,positive,2006,19.91375,0.15818668005774905
2006-03-01,Bağımsız,reform,Reform,democratic_reform,3,6,7,0,8.450000000000001,5.99509,0.875,positive,2006,19.91375,0.3010527901575545
2006-03-01,Cumhuriyet Halk Partisi,reform,Reform,democratic_reform,3,4,5,0,5.75,3.60848,0.8333333333333334,positive,2006,19.91375,0.18120544849664177
2006-03-01,Doğru Yol Partisi,reform,Reform,democratic_reform,1,1,1,0,1.35,0.675,0.5,positive,2006,19.91375,0.03389617726445295
2006-03-01,Adalet ve Kalkınma Partisi,security,Guvenlik,security_conflict,10,49,23,4,58.45,25.253729999999997,0.6785714285714286,positive,2006,43.845789999999994,0.5759670426738804
2006-03-01,Anavatan Partisi,security,Guvenlik,security_conflict,3,6,3,0,7.050000000000001,3.5250000000000004,0.75,positive,2006,43.845789999999994,0.08039540398291377
2006-03-01,Cumhuriyet Halk Partisi,security,Guvenlik,security_conflict,4,8,6,0,10.100000000000001,5.95018,0.8571428571428571,positive,2006,43.845789999999994,0.13570698577902235
2006-03-01,Doğru Yol Partisi,security,Guvenlik,security_conflict,4,14,6,0,16.1,9.11688,0.8571428571428571,positive,2006,43.845789999999994,0.20793056756418352
2006-03-01,Cumhuriyet Halk Partisi,sovereignty,Egemenlik,security_conflict,1,2,6,0,4.1,3.5141099999999996,0.8571428571428571,positive,2006,3.5141099999999996,1.0
2006-03-01,Adalet ve Kalkınma Partisi,constitution,Anayasa,constitutional_conflict,34,66,13,7,73.0,73.0,0.2857142857142857,total,2006,234.7,0.3110353642948445
2006-03-01,Anavatan Partisi,constitution,Anayasa,constitutional_conflict,5,10,1,0,10.35,10.35,0.5,total,2006,234.7,0.04409884959522795
2006-03-01,Bağımsız,constitution,Anayasa,constitutional_conflict,1,1,0,0,1.0,1.0,0.0,total,2006,234.7,0.00426075841499787
2006-03-01,Cumhuriyet Halk Partisi,constitution,Anayasa,constitutional_conflict,50,106,19,13,117.2,117.2,0.18181818181818182,total,2006,234.7,0.4993608862377504
2006-03-01,Doğru Yol Partisi,constitution,Anayasa,constitutional_conflict,10,30,3,6,33.15,33.15,-0.3,total,2006,234.7,0.14124414145717937
2006-03-01,Adalet ve Kalkınma Partisi,democracy,Demokrasi,democratic_reform,21,40,18,11,50.15,50.15,0.23333333333333334,total,2006,119.6,0.41931438127090304
2006-03-01,Anavatan Partisi,democracy,Demokrasi,democratic_reform,7,10,4,3,12.45,12.45,0.125,total,2006,119.6,0.10409698996655518
2006-03-01,Bağımsız,democracy,Demokrasi,democratic_reform,2,3,0,0,3.0,3.0,0.0,total,2006,119.6,0.02508361204013378
2006-03-01,Cumhuriyet Halk Partisi,democracy,Demokrasi,democratic_reform,30,46,11,9,53.0,53.0,0.09523809523809523,total,2006,119.6,0.44314381270903014
2006-03-01,Doğru Yol Partisi,democracy,Demokrasi,democratic_reform,1,1,0,0,1.0,1.0,0.0,total,2006,119.6,0.008361204013377926
2006-03-01,Adalet ve Kalkınma Partisi,economy,Ekonomi,macro_economy,86,293,209,81,394.5,394.5,0.43986254295532645,total,2006,992.4,0.3975211608222491
2006-03-01,Anavatan Partisi,economy,Ekonomi,macro_economy,11,55,25,29,73.89999999999999,73.89999999999999,-0.07272727272727272,total,2006,992.4,0.07446594115276098
2006-03-01,Bağımsız,economy,Ekonomi,macro_economy,15,57,46,7,75.55,75.55,0.7222222222222222,total,2006,992.4,0.0761285771866183
2006-03-01,Cumhuriyet Halk Partisi,economy,Ekonomi,macro_economy,98,342,109,113,419.7,419.7,-0.017937219730941704,total,2006,992.4,0.4229141475211608
2006-03-01,Doğru Yol Partisi,economy,Ekonomi,macro_economy,10,27,3,2,28.75,28.75,0.16666666666666666,total,2006,992.4,0.0289701733172108
2006-03-01,Adalet ve Kalkınma Partisi,european_union,Avrupa Birligi,democratic_reform,24,32,17,3,39.0,39.0,0.6666666666666666,total,2006,90.6,0.43046357615894043
2006-03-01,Anavatan Partisi,european_union,Avrupa Birligi,democratic_reform,3,3,2,0,3.7,3.7,0.6666666666666666,total,2006,90.6,0.04083885209713025
2006-03-01,Bağımsız,european_union,Avrupa Birligi,democratic_reform,1,1,0,0,1.0,1.0,0.0,total,2006,90.6,0.011037527593818985
2006-03-01,Cumhuriyet Halk Partisi,european_union,Avrupa Birligi,democratic_reform,20,42,9,5,46.9,46.9,0.26666666666666666,total,2006,90.6,0.5176600441501104
2006-03-01,Adalet ve Kalkınma Partisi,imf,IMF,macro_economy,6,10,2,0,10.7,10.7,0.6666666666666666,total,2006,119.5,0.08953974895397489
2006-03-01,Anavatan Partisi,imf,IMF,macro_economy,4,17,0,9,20.150000000000002,20.150000000000002,-0.9,total,2006,119.5,0.1686192468619247
2006-03-01,Bağımsız,imf,IMF,macro_economy,2,5,0,0,5.0,5.0,0.0,total,2006,119.5,0.04184100418410042
2006-03-01,Cumhuriyet Halk Partisi,imf,IMF,macro_economy,31,70,7,32,83.65,83.65,-0.625,total,2006,119.5,0.7000000000000001
2006-03-01,Adalet ve Kalkınma Partisi,inflation,Enflasyon,macro_economy,36,82,14,16,92.5,92.5,-0.06451612903225806,total,2006,142.25,0.6502636203866432
2006-03-01,Anavatan Partisi,inflation,Enflasyon,macro_economy,2,16,0,0,16.0,16.0,0.0,total,2006,142.25,0.11247803163444639
2006-03-01,Bağımsız,inflation,Enflasyon,macro_economy,1,1,0,0,1.0,1.0,0.0,total,2006,142.25,0.007029876977152899
2006-03-01,Cumhuriyet Halk Partisi,inflation,Enflasyon,macro_economy,14,27,2,3,28.75,28.75,-0.16666666666666666,total,2006,142.25,0.20210896309314588
2006-03-01,Doğru Yol Partisi,inflation,Enflasyon,macro_economy,2,4,0,0,4.0,4.0,0.0,total,2006,142.25,0.028119507908611598
2006-03-01,Adalet ve Kalkınma Partisi,interest,Faiz,macro_economy,31,71,15,20,83.25,83.25,-0.1388888888888889,total,2006,172.95,0.48135299219427585
2006-03-01,Anavatan Partisi,interest,Faiz,macro_economy,5,14,2,4,16.1,16.1,-0.2857142857142857,total,2006,172.95,0.09309048858051461
2006-03-01,Bağımsız,interest,Faiz,macro_economy,1,1,1,0,1.35,1.35,0.5,total,2006,172.95,0.007805724197745014
2006-03-01,Cumhuriyet Halk Partisi,interest,Faiz,macro_economy,23,59,19,16,71.25,71.25,0.08333333333333333,total,2006,172.95,0.41196877710320906
2006-03-01,Doğru Yol Partisi,interest,Faiz,macro_economy,1,1,0,0,1.0,1.0,0.0,total,2006,172.95,0.005782017924255566
2006-03-01,Adalet ve Kalkınma Partisi,law_state,Hukuk Devleti,democratic_reform,47,146,46,23,170.15,170.15,0.32857142857142857,total,2006,342.0,0.49751461988304096
2006-03-01,Anavatan Partisi,law_state,Hukuk Devleti,democratic_reform,10,13,7,2,16.15,16.15,0.5,total,2006,342.0,0.04722222222222222
2006-03-01,Bağımsız,law_state,Hukuk Devleti,democratic_reform,4,5,0,0,5.0,5.0,0.0,total,2006,342.0,0.014619883040935672
2006-03-01,Cumhuriyet Halk Partisi,law_state,Hukuk Devleti,democratic_reform,62,117,28,28,136.6,136.6,0.0,total,2006,342.0,0.39941520467836256
2006-03-01,Doğru Yol Partisi,law_state,Hukuk Devleti,democratic_reform,4,12,1,5,14.1,14.1,-0.5714285714285714,total,2006,342.0,0.04122807017543859
2006-03-01,Adalet ve Kalkınma Partisi,reform,Reform,democratic_reform,31,64,10,14,72.4,72.4,-0.16,total,2006,143.95000000000002,0.5029524140326502
2006-03-01,Anavatan Partisi,reform,Reform,democratic_reform,6,8,4,2,10.100000000000001,10.100000000000001,0.2857142857142857,total,2006,143.95000000000002,0.07016325112886419
2006-03-01,Bağımsız,reform,Reform,democratic_reform,3,6,7,0,8.450000000000001,8.450000000000001,0.875,total,2006,143.95000000000002,0.0587009378256339
2006-03-01,Cumhuriyet Halk Partisi,reform,Reform,democratic_reform,17,42,9,7,47.6,47.6,0.11764705882352941,total,2006,143.95000000000002,0.3306703716568253
2006-03-01,Doğru Yol Partisi,reform,Reform,democratic_reform,3,4,2,2,5.4,5.4,0.0,total,2006,143.95000000000002,0.037513025356026394
2006-03-01,Adalet ve Kalkınma Partisi,security,Guvenlik,security_conflict,37,106,26,30,125.60000000000001,125.60000000000001,-0.07017543859649122,total,2006,298.65000000000003,0.4205591829901222
2006-03-01,Anavatan Partisi,security,Guvenlik,security_conflict,6,11,3,2,12.75,12.75,0.16666666666666666,total,2006,298.65000000000003,0.04269211451531893
2006-03-01,Bağımsız,security,Guvenlik,security_conflict,2,4,1,5,6.1,6.1,-0.5714285714285714,total,2006,298.65000000000003,0.020425246944583957
2006-03-01,Cumhuriyet Halk Partisi,security,Guvenlik,security_conflict,36,76,11,27,89.3,89.3,-0.41025641025641024,total,2006,298.65000000000003,0.2990122216641553
2006-03-01,Doğru Yol Partisi,security,Guvenlik,security_conflict,21,60,7,7,64.9,64.9,0.0,total,2006,298.65000000000003,0.21731123388581952
2006-03-01,Cumhuriyet Halk Partisi,sovereignty,Egemenlik,security_conflict,2,4,6,2,6.8,6.8,0.4444444444444444,total,2006,6.8,1.0
2006-03-01,Cumhuriyet Halk Partisi,tutelage,Vesayet,constitutional_conflict,1,1,0,1,1.35,1.35,-0.5,total,2006,1.35,1.0
2006-04-01,Adalet ve Kalkınma Partisi,constitution,Anayasa,constitutional_conflict,4,36,0,10,39.5,29.899755000000003,-0.9090909090909091,negative,2006,38.274845000000006,0.7811855279884216
2006-04-01,Cumhuriyet Halk Partisi,constitution,Anayasa,constitutional_conflict,5,10,1,9,13.5,7.20009,-0.7272727272727273,negative,2006,38.274845000000006,0.18811545807696933
2006-04-01,Doğru Yol Partisi,constitution,Anayasa,constitutional_conflict,1,2,0,1,2.35,1.175,-0.5,negative,2006,38.274845000000006,0.030699013934609005
2006-04-01,Adalet ve Kalkınma Partisi,democracy,Demokrasi,democratic_reform,7,8,1,8,11.15,4.8125,-0.7,negative,2006,35.86548,0.13418194877079576
2006-04-01,Cumhuriyet Halk Partisi,democracy,Demokrasi,democratic_reform,13,35,0,24,43.4,28.615479999999998,-0.96,negative,2006,35.86548,0.7978557654881518
2006-04-01,Doğru Yol Partisi,democracy,Demokrasi,democratic_reform,2,6,1,3,7.4,2.4375,-0.4,negative,2006,35.86548,0.0679622857410524
2006-04-01,Adalet ve Kalkınma Partisi,economy,Ekonomi,macro_economy,12,39,7,39,55.099999999999994,29.63486,-0.6808510638297872,negative,2006,84.31693,0.35146986494883053
2006-04-01,Anavatan Partisi,economy,Ekonomi,macro_economy,6,17,1,9,20.5,9.72108,-0.7272727272727273,negative,2006,84.31693,0.11529214832655792
2006-04-01,Bağımsız,economy,Ekonomi,macro_economy,1,1,0,1,1.35,0.675,-0.5,negative,2006,84.31693,0.008005509688267826
2006-04-01,Cumhuriyet Halk Partisi,economy,Ekonomi,macro_economy,11,57,9,32,71.35,37.20668,-0.5476190476190477,negative,2006,84.31693,0.4412717588270825
2006-04-01,Doğru Yol Partisi,economy,Ekonomi,macro_economy,3,7,1,12,11.55,7.07931,-0.7857142857142857,negative,2006,84.31693,0.08396071820926118
2006-04-01,Adalet ve Kalkınma Partisi,european_union,Avrupa Birligi,democratic_reform,1,1,0,1,1.35,0.675,-0.5,negative,2006,2.7,0.25
2006-04-01,Anavatan Partisi,european_union,Avrupa Birligi,democratic_reform,1,1,0,1,1.35,0.675,-0.5,negative,2006,2.7,0.25
2006-04-01,Cumhuriyet Halk Partisi,european_union,Avrupa Birligi,democratic_reform,2,2,0,2,2.7,1.35,-0.6666666666666666,negative,2006,2.7,0.5
2006-04-01,Anavatan Partisi,imf,IMF,macro_economy,2,3,0,4,4.4,2.93348,-0.8,negative,2006,4.78348,0.6132522765852475
2006-04-01,Cumhuriyet Halk Partisi,imf,IMF,macro_economy,1,1,0,1,1.35,0.675,-0.5,negative,2006,4.78348,0.1411106558405178
2006-04-01,Doğru Yol Partisi,imf,IMF,macro_economy,1,2,0,1,2.35,1.175,-0.5,negative,2006,4.78348,0.24563706757423467
2006-04-01,Adalet ve Kalkınma Partisi,inflation,Enflasyon,macro_economy,1,2,0,2,2.7,1.80009,-0.6666666666666666,negative,2006,1.80009,1.0
2006-04-01,Adalet ve Kalkınma Partisi,interest,Faiz,macro_economy,4,9,1,7,11.8,6.120979999999999,-0.6666666666666666,negative,2006,17.29607,0.3538942661541032
2006-04-01,Anavatan Partisi,interest,Faiz,macro_economy,1,1,0,1,1.35,0.675,-0.5,negative,2006,17.29607,0.039026206531310295
2006-04-01,Cumhuriyet Halk Partisi,interest,Faiz,macro_economy,4,16,0,4,17.4,8.7,-0.8,negative,2006,17.29607,0.5030044397368881
2006-04-01,Doğru Yol Partisi,interest,Faiz,macro_economy,1,2,0,2,2.7,1.80009,-0.6666666666666666,negative,2006,17.29607,0.10407508757769829
2006-04-01,Adalet ve Kalkınma Partisi,law_state,Hukuk Devleti,democratic_reform,8,23,0,17,28.95,21.143769999999996,-0.9444444444444444,negative,2006,68.887335,0.30693261685910767
2006-04-01,Anavatan Partisi,law_state,Hukuk Devleti,democratic_reform,1,4,2,4,6.1,1.74277,-0.2857142857142857,negative,2006,68.887335,0.025298844845718014
2006-04-01,Cumhuriyet Halk Partisi,law_state,Hukuk Devleti,democratic_reform,14,58,3,34,70.95,43.825795,-0.8157894736842105,negative,2006,68.887335,0.6361952454685611
2006-04-01,Doğru Yol Partisi,law_state,Hukuk Devleti,democratic_reform,1,4,0,1,4.35,2.175,-0.5,negative,2006,68.887335,0.0315732928266132
2006-04-01,Adalet ve Kalkınma Partisi,reform,Reform,democratic_reform,7,40,2,16,46.3,25.58019,-0.7368421052631579,negative,2006,34.842690000000005,0.7341623163997957
2006-04-01,Anavatan Partisi,reform,Reform,democratic_reform,3,6,2,7,9.15,4.0625,-0.5,negative,2006,34.842690000000005,0.11659547526324746
2006-04-01,Cumhuriyet Halk Partisi,reform,Reform,democratic_reform,2,4,0,2,4.7,2.35,-0.6666666666666666,negative,2006,34.842690000000005,0.06744599799843237
2006-04-01,Doğru Yol Partisi,reform,Reform,democratic_reform,2,5,0,2,5.699999999999999,2.8499999999999996,-0.6666666666666666,negative,2006,34.842690000000005,0.08179621033852436
2006-04-01,Adalet ve Kalkınma Partisi,security,Guvenlik,security_conflict,35,220,23,109,266.2,129.135125,-0.6466165413533834,negative,2006,203.44171,0.6347524556296739
2006-04-01,Anavatan Partisi,security,Guvenlik,security_conflict,6,20,3,11,24.9,9.63125,-0.5333333333333333,negative,2006,203.44171,0.047341570221760325
2006-04-01,Cumhuriyet Halk Partisi,security,Guvenlik,security_conflict,16,80,9,47,99.60000000000001,55.39134000000001,-0.6666666666666666,negative,2006,203.44171,0.27227130562361085
2006-04-01,Doğru Yol Partisi,security,Guvenlik,security_conflict,2,19,4,10,23.900000000000002,9.283995,-0.4,negative,2006,203.44171,0.04563466852495489
2006-04-01,Cumhuriyet Halk Partisi,sovereignty,Egemenlik,security_conflict,2,3,0,2,3.7,1.85,-0.6666666666666666,negative,2006,1.85,1.0
2006-04-01,Adalet ve Kalkınma Partisi,tutelage,Vesayet,constitutional_conflict,1,1,0,1,1.35,0.675,-0.5,negative,2006,0.675,1.0
2006-04-01,Adalet ve Kalkınma Partisi,constitution,Anayasa,constitutional_conflict,8,16,14,1,21.25,12.682680000000001,0.8125,positive,2006,55.496505,0.22853114804256594
2006-04-01,Anavatan Partisi,constitution,Anayasa,constitutional_conflict,5,8,7,0,10.450000000000001,6.291880000000001,0.875,positive,2006,55.496505,0.11337434672687949
2006-04-01,Cumhuriyet Halk Partisi,constitution,Anayasa,constitutional_conflict,11,39,30,4,50.9,30.267654999999998,0.7428571428571429,positive,2006,55.496505,0.5453974984550829
2006-04-01,Doğru Yol Partisi,constitution,Anayasa,constitutional_conflict,2,7,5,0,8.75,6.254289999999999,0.8333333333333334,positive,2006,55.496505,0.1126970067754717
2006-04-01,Adalet ve Kalkınma Partisi,democracy,Demokrasi,democratic_reform,13,31,29,2,41.85,25.09443,0.84375,positive,2006,43.34355,0.5789657284647889
2006-04-01,Anavatan Partisi,democracy,Demokrasi,democratic_reform,1,1,1,0,1.35,0.675,0.5,positive,2006,43.34355,0.015573251383423832
2006-04-01,Cumhuriyet Halk Partisi,democracy,Demokrasi,democratic_reform,10,32,21,6,41.449999999999996,17.57412,0.5357142857142857,positive,2006,43.34355,0.4054610201517873
2006-04-01,Adalet ve Kalkınma Partisi,economy,Ekonomi,macro_economy,26,104,76,6,132.7,86.893935,0.8433734939759037,positive,2006,205.659935,0.42251270282663467
2006-04-01,Anavatan Partisi,economy,Ekonomi,macro_economy,9,41,33,9,55.7,26.611645,0.5581395348837209,positive,2006,205.659935,0.1293963503392141
2006-04-01,Bağımsız,economy,Ekonomi,macro_economy,1,1,1,0,1.35,0.675,0.5,positive,2006,205.659935,0.0032821171513061115
2006-04-01,Cumhuriyet Halk Partisi,economy,Ekonomi,macro_economy,23,112,88,7,145.25,91.479355,0.84375,positive,2006,205.659935,0.44480882968284513
2006-04-01,Adalet ve Kalkınma Partisi,european_union,Avrupa Birligi,democratic_reform,9,13,12,1,17.55,8.775,0.7857142857142857,positive,2006,27.90259,0.3144869347254144
2006-04-01,Anavatan Partisi,european_union,Avrupa Birligi,democratic_reform,4,17,12,1,21.55,10.80259,0.7857142857142857,positive,2006,27.90259,0.38715366566329507
2006-04-01,Bağımsız,european_union,Avrupa Birligi,democratic_reform,1,1,1,0,1.35,0.675,0.5,positive,2006,27.90259,0.024191302671185723
2006-04-01,Cumhuriyet Halk Partisi,european_union,Avrupa Birligi,democratic_reform,4,11,7,1,13.799999999999999,7.6499999999999995,0.6666666666666666,positive,2006,27.90259,0.2741680969401048
2006-04-01,Adalet ve Kalkınma Partisi,imf,IMF,macro_economy,2,4,3,0,5.050000000000001,3.1417900000000003,0.75,positive,2006,10.45858,0.30040311399826747
2006-04-01,Anavatan Partisi,imf,IMF,macro_economy,3,12,4,0,13.399999999999999,7.316789999999999,0.8,positive,2006,10.45858,0.6995968860017325
2006-04-01,Adalet ve Kalkınma Partisi,inflation,Enflasyon,macro_economy,1,1,1,0,1.35,0.675,0.5,positive,2006,1.35,0.5
2006-04-01,Cumhuriyet Halk Partisi,inflation,Enflasyon,macro_economy,1,1,1,0,1.35,0.675,0.5,positive,2006,1.35,0.5
2006-04-01,Adalet ve Kalkınma Partisi,interest,Faiz,macro_economy,4,5,9,0,8.15,5.6333899999999995,0.9,positive,2006,7.65839,0.7355841110207236
2006-04-01,Anavatan Partisi,interest,Faiz,macro_economy,2,2,2,0,2.7,1.35,0.6666666666666666,positive,2006,7.65839,0.17627725931951757
2006-04-01,Cumhuriyet Halk Partisi,interest,Faiz,macro_economy,1,1,1,0,1.35,0.675,0.5,positive,2006,7.65839,0.08813862965975879
2006-04-01,Adalet ve Kalkınma Partisi,law_state,Hukuk Devleti,democratic_reform,21,154,115,19,200.9,127.31708,0.7111111111111111,positive,2006,250.81116,0.5076212717169364
2006-04-01,Anavatan Partisi,law_state,Hukuk Devleti,democratic_reform,5,11,14,0,15.899999999999999,11.60059,0.9333333333333333,positive,2006,250.81116,0.04625228797634045
2006-04-01,Cumhuriyet Halk Partisi,law_state,Hukuk Devleti,democratic_reform,13,177,109,36,227.75,111.21849,0.5,positive,2006,250.81116,0.44343517250189346
2006-04-01,Doğru Yol Partisi,law_state,Hukuk Devleti,democratic_reform,1,1,1,0,1.35,0.675,0.5,positive,2006,250.81116,0.0026912678048297374
2006-04-01,Adalet ve Kalkınma Partisi,reform,Reform,democratic_reform,13,43,25,2,52.45,29.15018,0.8214285714285714,positive,2006,42.87045,0.6799597391676551
2006-04-01,Anavatan Partisi,reform,Reform,democratic_reform,3,19,8,2,22.5,9.45339,0.5454545454545454,positive,2006,42.87045,0.22051063144893512
2006-04-01,Cumhuriyet Halk Partisi,reform,Reform,democratic_reform,2,5,4,0,6.4,4.2668800000000005,0.8,positive,2006,42.87045,0.0995296293834098
2006-04-01,Adalet ve Kalkınma Partisi,security,Guvenlik,security_conflict,27,191,64,12,217.6,117.11273,0.6753246753246753,positive,2006,162.065645,0.7226252670638493
2006-04-01,Anavatan Partisi,security,Guvenlik,security_conflict,6,30,12,4,35.6,13.20965,0.47058823529411764,positive,2006,162.065645,0.08150802102444353
2006-04-01,Cumhuriyet Halk Partisi,security,Guvenlik,security_conflict,8,26,24,5,36.15,17.605674999999998,0.6333333333333333,positive,2006,162.065645,0.10863298634328084
2006-04-01,Doğru Yol Partisi,security,Guvenlik,security_conflict,8,21,11,0,24.85,14.13759,0.9166666666666666,positive,2006,162.065645,0.0872337255684263
2006-04-01,Cumhuriyet Halk Partisi,tutelage,Vesayet,constitutional_conflict,1,1,2,1,2.05,0.5125,0.25,positive,2006,0.5125,1.0
2006-04-01,Adalet ve Kalkınma Partisi,constitution,Anayasa,constitutional_conflict,44,123,21,20,137.35,137.35,0.023809523809523808,total,2006,279.4,0.49158911954187545
2006-04-01,Anavatan Partisi,constitution,Anayasa,constitutional_conflict,10,14,9,2,17.85,17.85,0.5833333333333334,total,2006,279.4,0.06388690050107373
2006-04-01,Cumhuriyet Halk Partisi,constitution,Anayasa,constitutional_conflict,43,93,32,14,109.1,109.1,0.3829787234042553,total,2006,279.4,0.3904795991410165
2006-04-01,Doğru Yol Partisi,constitution,Anayasa,constitutional_conflict,5,13,5,1,15.1,15.1,0.5714285714285714,total,2006,279.4,0.05404438081603436
2006-04-01,Adalet ve Kalkınma Partisi,democracy,Demokrasi,democratic_reform,35,63,33,13,79.1,79.1,0.425531914893617,total,2006,216.39999999999998,0.3655268022181146
2006-04-01,Anavatan Partisi,democracy,Demokrasi,democratic_reform,4,5,1,0,5.35,5.35,0.5,total,2006,216.39999999999998,0.024722735674676526
2006-04-01,Cumhuriyet Halk Partisi,democracy,Demokrasi,democratic_reform,46,106,22,31,124.55,124.55,-0.16666666666666666,total,2006,216.39999999999998,0.575554528650647
2006-04-01,Doğru Yol Partisi,democracy,Demokrasi,democratic_reform,2,6,1,3,7.4,7.4,-0.4,total,2006,216.39999999999998,0.034195933456561925
2006-04-01,Adalet ve Kalkınma Partisi,economy,Ekonomi,macro_economy,79,225,90,52,274.7,274.7,0.26573426573426573,total,2006,663.85,0.4137982978082398
2006-04-01,Anavatan Partisi,economy,Ekonomi,macro_economy,23,78,34,18,96.2,96.2,0.3018867924528302,total,2006,663.85,0.14491225427430895
2006-04-01,Bağımsız,economy,Ekonomi,macro_economy,4,5,2,2,6.4,6.4,0.0,total,2006,663.85,0.00964073209309332
2006-04-01,Cumhuriyet Halk Partisi,economy,Ekonomi,macro_economy,65,223,99,41,272.0,272.0,0.41134751773049644,total,2006,663.85,0.40973111395646605
2006-04-01,Doğru Yol Partisi,economy,Ekonomi,macro_economy,6,10,1,12,14.55,14.55,-0.7857142857142857,total,2006,663.85,0.021917601867891844
2006-04-01,Adalet ve Kalkınma Partisi,european_union,Avrupa Birligi,democratic_reform,22,33,15,5,40.0,40.0,0.47619047619047616,total,2006,110.3,0.3626473254759746
2006-04-01,Anavatan Partisi,european_union,Avrupa Birligi,democratic_reform,10,24,13,3,29.6,29.6,0.5882352941176471,total,2006,110.3,0.26835902085222124
2006-04-01,Bağımsız,european_union,Avrupa Birligi,democratic_reform,2,2,1,0,2.35,2.35,0.5,total,2006,110.3,0.02130553037171351
2006-04-01,Cumhuriyet Halk Partisi,european_union,Avrupa Birligi,democratic_reform,15,31,12,9,38.35,38.35,0.13636363636363635,total,2006,110.3,0.3476881233000907
2006-04-01,Adalet ve Kalkınma Partisi,imf,IMF,macro_economy,14,24,4,1,25.75,25.75,0.5,total,2006,76.0,0.33881578947368424
2006-04-01,Anavatan Partisi,imf,IMF,macro_economy,13,32,6,7,36.55,36.55,-0.07142857142857142,total,2006,76.0,0.4809210526315789
2006-04-01,Cumhuriyet Halk Partisi,imf,IMF,macro_economy,8,11,0,1,11.35,11.35,-0.5,total,2006,76.0,0.1493421052631579
2006-04-01,Doğru Yol Partisi,imf,IMF,macro_economy,1,2,0,1,2.35,2.35,-0.5,total,2006,76.0,0.03092105263157895
2006-04-01,Adalet ve Kalkınma Partisi,inflation,Enflasyon,macro_economy,9,13,1,2,14.05,14.05,-0.25,total,2006,28.4,0.494718309859155
2006-04-01,Cumhuriyet Halk Partisi,inflation,Enflasyon,macro_economy,8,13,1,0,13.35,13.35,0.5,total,2006,28.4,0.47007042253521125
2006-04-01,Doğru Yol Partisi,inflation,Enflasyon,macro_economy,1,1,0,0,1.0,1.0,0.0,total,2006,28.4,0.035211267605633804
2006-04-01,Adalet ve Kalkınma Partisi,interest,Faiz,macro_economy,22,48,10,7,53.949999999999996,53.949999999999996,0.16666666666666666,total,2006,107.15,0.5034997666822211
2006-04-01,Anavatan Partisi,interest,Faiz,macro_economy,4,5,2,1,6.050000000000001,6.050000000000001,0.25,total,2006,107.15,0.05646290247316846
2006-04-01,Cumhuriyet Halk Partisi,interest,Faiz,macro_economy,13,30,2,5,32.45,32.45,-0.375,total,2006,107.15,0.30284647690153993
2006-04-01,Doğru Yol Partisi,interest,Faiz,macro_economy,5,14,0,2,14.7,14.7,-0.6666666666666666,total,2006,107.15,0.13719085394307046
2006-04-01,Adalet ve Kalkınma Partisi,law_state,Hukuk Devleti,democratic_reform,70,263,124,46,322.5,322.5,0.45614035087719296,total,2006,778.45,0.41428479671141366
2006-04-01,Anavatan Partisi,law_state,Hukuk Devleti,democratic_reform,13,25,16,4,32.0,32.0,0.5714285714285714,total,2006,778.45,0.04110732866593872
2006-04-01,Cumhuriyet Halk Partisi,law_state,Hukuk Devleti,democratic_reform,74,343,130,85,418.25,418.25,0.20833333333333334,total,2006,778.45,0.5372856317040272
2006-04-01,Doğru Yol Partisi,law_state,Hukuk Devleti,democratic_reform,2,5,1,1,5.699999999999999,5.699999999999999,0.0,total,2006,778.45,0.007322242918620334
2006-04-01,Adalet ve Kalkınma Partisi,reform,Reform,democratic_reform,45,133,33,23,152.6,152.6,0.17543859649122806,total,2006,225.45,0.6768684852517188
2006-04-01,Anavatan Partisi,reform,Reform,democratic_reform,10,34,10,9,40.65,40.65,0.05,total,2006,225.45,0.18030605455755155
2006-04-01,Cumhuriyet Halk Partisi,reform,Reform,democratic_reform,10,20,6,4,23.5,23.5,0.18181818181818182,total,2006,225.45,0.10423597249944556
2006-04-01,Doğru Yol Partisi,reform,Reform,democratic_reform,4,8,0,2,8.7,8.7,-0.6666666666666666,total,2006,225.45,0.0385894876912841
2006-04-01,Adalet ve Kalkınma Partisi,security,Guvenlik,security_conflict,118,537,99,130,617.15,617.15,-0.13478260869565217,total,2006,1009.65,0.6112514237607092
2006-04-01,Anavatan Partisi,security,Guvenlik,security_conflict,22,95,21,21,109.7,109.7,0.0,total,2006,1009.65,0.10865151290051009
2006-04-01,Bağımsız,security,Guvenlik,security_conflict,2,5,0,0,5.0,5.0,0.0,total,2006,1009.65,0.0049522111622839595
2006-04-01,Cumhuriyet Halk Partisi,security,Guvenlik,security_conflict,48,166,43,60,202.05,202.05,-0.16346153846153846,total,2006,1009.65,0.20011885306789484
2006-04-01,Doğru Yol Partisi,security,Guvenlik,security_conflict,28,67,15,10,75.75,75.75,0.19230769230769232,total,2006,1009.65,0.075025999108602
2006-04-01,Anavatan Partisi,sovereignty,Egemenlik,security_conflict,2,2,0,0,2.0,2.0,0.0,total,2006,15.7,0.12738853503184713
2006-04-01,Cumhuriyet Halk Partisi,sovereignty,Egemenlik,security_conflict,7,11,0,2,11.7,11.7,-0.6666666666666666,total,2006,15.7,0.7452229299363057
2006-04-01,Doğru Yol Partisi,sovereignty,Egemenlik,security_conflict,1,2,0,0,2.0,2.0,0.0,total,2006,15.7,0.12738853503184713
2006-04-01,Adalet ve Kalkınma Partisi,tutelage,Vesayet,constitutional_conflict,1,1,0,1,1.35,1.35,-0.5,total,2006,5.1,0.26470588235294124
2006-04-01,Cumhuriyet Halk Partisi,tutelage,Vesayet,constitutional_conflict,2,2,3,2,3.75,3.75,0.16666666666666666,total,2006,5.1,0.7352941176470589
2006-05-01,Adalet ve Kalkınma Partisi,constitution,Anayasa,constitutional_conflict,7,22,2,17,28.650000000000002,16.407020000000003,-0.75,negative,2006,46.369800000000005,0.3538298634024732
2006-05-01,Anavatan Partisi,constitution,Anayasa,constitutional_conflict,1,9,0,1,9.35,4.675,-0.5,negative,2006,46.369800000000005,0.1008199302131991
2006-05-01,Cumhuriyet Halk Partisi,constitution,Anayasa,constitutional_conflict,8,30,0,12,34.2,21.762780000000003,-0.9230769230769231,negative,2006,46.369800000000005,0.46933090071555195
2006-05-01,Doğru Yol Partisi,constitution,Anayasa,constitutional_conflict,3,6,0,3,7.05,3.525,-0.75,negative,2006,46.369800000000005,0.0760193056687758
2006-05-01,Adalet ve Kalkınma Partisi,democracy,Demokrasi,democratic_reform,2,3,0,2,3.7,1.85,-0.6666666666666666,negative,2006,26.276130000000002,0.07040610622644963
2006-05-01,Anavatan Partisi,democracy,Demokrasi,democratic_reform,2,15,2,17,21.650000000000002,15.395240000000001,-0.75,negative,2006,26.276130000000002,0.585902109633344
2006-05-01,Cumhuriyet Halk Partisi,democracy,Demokrasi,democratic_reform,8,16,2,12,20.9,9.03089,-0.6666666666666666,negative,2006,26.276130000000002,0.3436917841402063
2006-05-01,Adalet ve Kalkınma Partisi,economy,Ekonomi,macro_economy,4,13,2,15,18.95,11.63435,-0.7222222222222222,negative,2006,84.33448,0.13795484361793658
2006-05-01,Bağımsız,economy,Ekonomi,macro_economy,2,14,8,26,25.900000000000002,12.950000000000001,-0.5142857142857142,negative,2006,84.33448,0.15355522438746289
2006-05-01,Cumhuriyet Halk Partisi,economy,Ekonomi,macro_economy,16,50,7,54,71.35000000000001,41.24317,-0.7580645161290323,negative,2006,84.33448,0.4890427972046546
2006-05-01,Doğru Yol Partisi,economy,Ekonomi,macro_economy,10,20,0,20,27.0,18.50696,-0.9523809523809523,negative,2006,84.33448,0.21944713478994593
2006-05-01,Adalet ve Kalkınma Partisi,european_union,Avrupa Birligi,democratic_reform,1,1,0,1,1.35,0.675,-0.5,negative,2006,10.74589,0.0628147133462189
2006-05-01,Bağımsız,european_union,Avrupa Birligi,democratic_reform,2,2,0,2,2.7,1.35,-0.6666666666666666,negative,2006,10.74589,0.1256294266924378
2006-05-01,Cumhuriyet Halk Partisi,european_union,Avrupa Birligi,democratic_reform,7,15,2,12,19.9,8.720889999999999,-0.6666666666666666,negative,2006,10.74589,0.8115558599613433
2006-05-01,Adalet ve Kalkınma Partisi,imf,IMF,macro_economy,1,5,0,4,6.4,5.120000000000001,-0.8,negative,2006,14.47348,0.3537504456426513
2006-05-01,Anavatan Partisi,imf,IMF,macro_economy,2,4,0,6,6.1,4.52009,-0.8571428571428571,negative,2006,14.47348,0.31230153356345536
2006-05-01,Bağımsız,imf,IMF,macro_economy,1,1,0,1,1.35,0.675,-0.5,negative,2006,14.47348,0.04663702164234172
2006-05-01,Cumhuriyet Halk Partisi,imf,IMF,macro_economy,3,5,0,4,6.4,3.48339,-0.8,negative,2006,14.47348,0.24067397750920994
2006-05-01,Doğru Yol Partisi,imf,IMF,macro_economy,1,1,0,1,1.35,0.675,-0.5,negative,2006,14.47348,0.04663702164234172
2006-05-01,Adalet ve Kalkınma Partisi,inflation,Enflasyon,macro_economy,2,9,2,5,11.45,3.5605700000000002,-0.375,negative,2006,7.085570000000001,0.502510030950227
2006-05-01,Anavatan Partisi,inflation,Enflasyon,macro_economy,1,2,0,1,2.35,1.175,-0.5,negative,2006,7.085570000000001,0.16582998968325766
2006-05-01,Cumhuriyet Halk Partisi,inflation,Enflasyon,macro_economy,1,3,0,1,3.35,1.675,-0.5,negative,2006,7.085570000000001,0.23639594273996303
2006-05-01,Doğru Yol Partisi,inflation,Enflasyon,macro_economy,1,1,0,1,1.35,0.675,-0.5,negative,2006,7.085570000000001,0.09526403662655228
2006-05-01,Adalet ve Kalkınma Partisi,interest,Faiz,macro_economy,1,1,0,1,1.35,0.675,-0.5,negative,2006,5.27089,0.12806186431513467
2006-05-01,Cumhuriyet Halk Partisi,interest,Faiz,macro_economy,3,5,0,6,7.1,4.59589,-0.8571428571428571,negative,2006,5.27089,0.8719381356848653
2006-05-01,Adalet ve Kalkınma Partisi,law_state,Hukuk Devleti,democratic_reform,14,52,2,23,60.75,29.39197,-0.8076923076923077,negative,2006,79.91844,0.3677745711753132
2006-05-01,Bağımsız,law_state,Hukuk Devleti,democratic_reform,1,8,0,2,8.7,5.8002899999999995,-0.6666666666666666,negative,2006,79.91844,0.0725776178814301
2006-05-01,Cumhuriyet Halk Partisi,law_state,Hukuk Devleti,democratic_reform,20,55,5,52,74.95,44.72618,-0.8103448275862069,negative,2006,79.91844,0.5596478109432567
2006-05-01,Adalet ve Kalkınma Partisi,reform,Reform,democratic_reform,2,22,4,8,26.2,10.1375,-0.3076923076923077,negative,2006,17.67616,0.5735125728665049
2006-05-01,Cumhuriyet Halk Partisi,reform,Reform,democratic_reform,3,8,3,10,12.549999999999999,5.25116,-0.5,negative,2006,17.67616,0.2970758354755784
2006-05-01,Doğru Yol Partisi,reform,Reform,democratic_reform,1,2,0,3,3.05,2.2874999999999996,-0.75,negative,2006,17.67616,0.12941159165791663
2006-05-01,Adalet ve Kalkınma Partisi,security,Guvenlik,security_conflict,13,42,3,21,50.4,22.70509,-0.72,negative,2006,97.86747,0.23199833407362017
2006-05-01,Anavatan Partisi,security,Guvenlik,security_conflict,2,4,0,3,5.050000000000001,2.97509,-0.75,negative,2006,97.86747,0.03039917145094279
2006-05-01,Bağımsız,security,Guvenlik,security_conflict,3,4,0,7,6.45,4.47098,-0.875,negative,2006,97.86747,0.045684025550062755
2006-05-01,Cumhuriyet Halk Partisi,security,Guvenlik,security_conflict,23,106,23,81,142.4,60.57432000000001,-0.5523809523809524,negative,2006,97.86747,0.6189423308889053
2006-05-01,Doğru Yol Partisi,security,Guvenlik,security_conflict,2,10,0,3,11.049999999999999,7.141989999999999,-0.75,negative,2006,97.86747,0.0729761380364691
2006-05-01,Adalet ve Kalkınma Partisi,constitution,Anayasa,constitutional_conflict,14,64,28,1,74.15,36.9975,0.9,positive,2006,75.530945,0.4898323461992962
2006-05-01,Anavatan Partisi,constitution,Anayasa,constitutional_conflict,2,5,3,0,6.050000000000001,3.6417900000000003,0.75,positive,2006,75.530945,0.04821586701980228
2006-05-01,Cumhuriyet Halk Partisi,constitution,Anayasa,constitutional_conflict,10,36,26,0,45.099999999999994,31.408265,0.9629629629629629,positive,2006,75.530945,0.4158330734508882
2006-05-01,Doğru Yol Partisi,constitution,Anayasa,constitutional_conflict,3,5,4,0,6.4,3.48339,0.8,positive,2006,75.530945,0.04611871333001328
2006-05-01,Adalet ve Kalkınma Partisi,democracy,Demokrasi,democratic_reform,13,39,30,5,51.25,27.487199999999998,0.6944444444444444,positive,2006,42.99248,0.6393490210380978
2006-05-01,Cumhuriyet Halk Partisi,democracy,Demokrasi,democratic_reform,11,20,18,1,26.650000000000002,15.50528,0.85,positive,2006,42.99248,0.3606509789619022
2006-05-01,Adalet ve Kalkınma Partisi,economy,Ekonomi,macro_economy,34,108,107,7,147.9,104.23402,0.8695652173913043,positive,2006,258.58558,0.4030929334884026
2006-05-01,Anavatan Partisi,economy,Ekonomi,macro_economy,4,14,15,2,19.95,12.591394999999999,0.7222222222222222,positive,2006,258.58558,0.04869333781102565
2006-05-01,Cumhuriyet Halk Partisi,economy,Ekonomi,macro_economy,36,157,178,35,231.55,138.626675,0.6682242990654206,positive,2006,258.58558,0.5360959222861538
2006-05-01,Doğru Yol Partisi,economy,Ekonomi,macro_economy,1,4,2,0,4.7,3.13349,0.6666666666666666,positive,2006,258.58558,0.012117806414418005
2006-05-01,Adalet ve Kalkınma Partisi,european_union,Avrupa Birligi,democratic_reform,9,26,25,1,35.1,25.63243,0.8888888888888888,positive,2006,45.142295,0.5678140643934918
2006-05-01,Anavatan Partisi,european_union,Avrupa Birligi,democratic_reform,2,2,3,1,3.4,1.1875,0.4,positive,2006,45.142295,0.026305707319488298
2006-05-01,Cumhuriyet Halk Partisi,european_union,Avrupa Birligi,democratic_reform,13,21,22,1,29.05,17.647365,0.875,positive,2006,45.142295,0.3909275104422582
2006-05-01,Doğru Yol Partisi,european_union,Avrupa Birligi,democratic_reform,1,1,1,0,1.35,0.675,0.5,positive,2006,45.142295,0.014952717844761772
2006-05-01,Adalet ve Kalkınma Partisi,imf,IMF,macro_economy,1,2,5,0,3.75,3.1248750000000003,0.8333333333333334,positive,2006,9.512375,0.32850628786186414
2006-05-01,Anavatan Partisi,imf,IMF,macro_economy,2,11,3,1,12.4,3.6875,0.4,positive,2006,9.512375,0.38765292579403143
2006-05-01,Cumhuriyet Halk Partisi,imf,IMF,macro_economy,3,3,3,0,4.050000000000001,2.0250000000000004,0.75,positive,2006,9.512375,0.21288058975807833
2006-05-01,Doğru Yol Partisi,imf,IMF,macro_economy,1,1,1,0,1.35,0.675,0.5,positive,2006,9.512375,0.07096019658602609
2006-05-01,Adalet ve Kalkınma Partisi,inflation,Enflasyon,macro_economy,5,9,7,0,11.450000000000001,6.45848,0.875,positive,2006,10.32098,0.6257622822638935
2006-05-01,Cumhuriyet Halk Partisi,inflation,Enflasyon,macro_economy,3,11,4,1,12.75,3.8625000000000003,0.5,positive,2006,10.32098,0.3742377177361065
2006-05-01,Adalet ve Kalkınma Partisi,interest,Faiz,macro_economy,4,6,6,1,8.45,3.91259,0.625,positive,2006,10.47509,0.3735137359201687
2006-05-01,Anavatan Partisi,interest,Faiz,macro_economy,2,6,4,0,7.4,5.2124999999999995,0.8,positive,2006,10.47509,0.49760908975483736
2006-05-01,Cumhuriyet Halk Partisi,interest,Faiz,macro_economy,2,2,2,0,2.7,1.35,0.6666666666666666,positive,2006,10.47509,0.12887717432499388
2006-05-01,Adalet ve Kalkınma Partisi,law_state,Hukuk Devleti,democratic_reform,9,22,14,0,26.900000000000002,16.06277,0.9333333333333333,positive,2006,72.249915,0.22232233768025886
2006-05-01,Anavatan Partisi,law_state,Hukuk Devleti,democratic_reform,3,12,10,0,15.5,11.953075,0.9090909090909091,positive,2006,72.249915,0.16544067906515875
2006-05-01,Cumhuriyet Halk Partisi,law_state,Hukuk Devleti,democratic_reform,17,61,28,2,71.5,41.51407,0.8387096774193549,positive,2006,72.249915,0.5745898801403434
2006-05-01,Doğru Yol Partisi,law_state,Hukuk Devleti,democratic_reform,1,2,4,0,3.4,2.72,0.8,positive,2006,72.249915,0.03764710311423896
2006-05-01,Adalet ve Kalkınma Partisi,reform,Reform,democratic_reform,7,15,9,0,18.150000000000002,10.475280000000001,0.9,positive,2006,13.617070000000002,0.7692756224356635
2006-05-01,Cumhuriyet Halk Partisi,reform,Reform,democratic_reform,2,4,3,0,5.050000000000001,3.1417900000000003,0.75,positive,2006,13.617070000000002,0.23072437756433653
2006-05-01,Adalet ve Kalkınma Partisi,security,Guvenlik,security_conflict,27,339,158,46,410.4,200.371825,0.5463414634146342,positive,2006,292.350155,0.685382995606758
2006-05-01,Anavatan Partisi,security,Guvenlik,security_conflict,6,36,16,5,43.349999999999994,18.04644,0.5,positive,2006,292.350155,0.061728853880717124
2006-05-01,Cumhuriyet Halk Partisi,security,Guvenlik,security_conflict,14,117,39,9,133.8,57.069615,0.6122448979591837,positive,2006,292.350155,0.19520979901652524
2006-05-01,Doğru Yol Partisi,security,Guvenlik,security_conflict,6,23,12,0,27.2,16.862275,0.9230769230769231,positive,2006,292.350155,0.05767835149599972
2006-05-01,Adalet ve Kalkınma Partisi,sovereignty,Egemenlik,security_conflict,1,1,1,0,1.35,0.675,0.5,positive,2006,3.15009,0.21427959201165683
2006-05-01,Anavatan Partisi,sovereignty,Egemenlik,security_conflict,1,1,1,0,1.35,0.675,0.5,positive,2006,3.15009,0.21427959201165683
2006-05-01,Cumhuriyet Halk Partisi,sovereignty,Egemenlik,security_conflict,1,2,2,0,2.7,1.80009,0.6666666666666666,positive,2006,3.15009,0.5714408159766864
2006-05-01,Adalet ve Kalkınma Partisi,constitution,Anayasa,constitutional_conflict,51,143,32,20,161.20000000000002,161.20000000000002,0.22641509433962265,total,2006,386.15000000000003,0.4174543571151107
2006-05-01,Anavatan Partisi,constitution,Anayasa,constitutional_conflict,15,40,4,2,42.1,42.1,0.2857142857142857,total,2006,386.15000000000003,0.10902499028874789
2006-05-01,Bağımsız,constitution,Anayasa,constitutional_conflict,2,2,0,0,2.0,2.0,0.0,total,2006,386.15000000000003,0.005179334455522465
2006-05-01,Cumhuriyet Halk Partisi,constitution,Anayasa,constitutional_conflict,53,126,29,15,141.4,141.4,0.3111111111111111,total,2006,386.15000000000003,0.36617894600543827
2006-05-01,Doğru Yol Partisi,constitution,Anayasa,constitutional_conflict,12,37,4,3,39.45,39.45,0.125,total,2006,386.15000000000003,0.10216237213518063
2006-05-01,Adalet ve Kalkınma Partisi,democracy,Demokrasi,democratic_reform,34,67,33,10,82.05,82.05,0.5227272727272727,total,2006,201.65,0.40689313166377383
2006-05-01,Anavatan Partisi,democracy,Demokrasi,democratic_reform,5,18,2,17,24.650000000000002,24.650000000000002,-0.75,total,2006,201.65,0.12224150756260849
2006-05-01,Bağımsız,democracy,Demokrasi,democratic_reform,3,4,1,1,4.7,4.7,0.0,total,2006,201.65,0.023307711381105878
2006-05-01,Cumhuriyet Halk Partisi,democracy,Demokrasi,democratic_reform,46,77,21,14,89.25,89.25,0.19444444444444445,total,2006,201.65,0.4425985618646169
2006-05-01,Doğru Yol Partisi,democracy,Demokrasi,democratic_reform,1,1,0,0,1.0,1.0,0.0,total,2006,201.65,0.004959087527894868
2006-05-01,Adalet ve Kalkınma Partisi,economy,Ekonomi,macro_economy,64,190,123,32,244.25,244.25,0.5833333333333334,total,2006,816.15,0.29927096734668873
2006-05-01,Anavatan Partisi,economy,Ekonomi,macro_economy,10,61,30,17,77.45,77.45,0.2708333333333333,total,2006,816.15,0.09489677142682106
2006-05-01,Bağımsız,economy,Ekonomi,macro_economy,5,18,8,26,29.900000000000002,29.900000000000002,-0.5142857142857142,total,2006,816.15,0.03663542241009619
2006-05-01,Cumhuriyet Halk Partisi,economy,Ekonomi,macro_economy,105,309,192,97,410.15,410.15,0.3275862068965517,total,2006,816.15,0.5025424247993628
2006-05-01,Doğru Yol Partisi,economy,Ekonomi,macro_economy,22,46,3,21,54.400000000000006,54.400000000000006,-0.72,total,2006,816.15,0.06665441401703119
2006-05-01,Adalet ve Kalkınma Partisi,european_union,Avrupa Birligi,democratic_reform,23,44,26,3,54.15,54.15,0.7666666666666667,total,2006,139.65,0.3877551020408163
2006-05-01,Anavatan Partisi,european_union,Avrupa Birligi,democratic_reform,6,7,3,1,8.4,8.4,0.4,total,2006,139.65,0.06015037593984962
2006-05-01,Bağımsız,european_union,Avrupa Birligi,democratic_reform,4,6,0,2,6.7,6.7,-0.6666666666666666,total,2006,139.65,0.047977085571070534
2006-05-01,Cumhuriyet Halk Partisi,european_union,Avrupa Birligi,democratic_reform,34,53,27,16,68.05,68.05,0.25,total,2006,139.65,0.48728965270318647
2006-05-01,Doğru Yol Partisi,european_union,Avrupa Birligi,democratic_reform,2,2,1,0,2.35,2.35,0.5,total,2006,139.65,0.016827783745076978
2006-05-01,Adalet ve Kalkınma Partisi,imf,IMF,macro_economy,9,19,5,4,22.15,22.15,0.1,total,2006,89.85,0.24652198107957707
2006-05-01,Anavatan Partisi,imf,IMF,macro_economy,7,18,3,7,21.5,21.5,-0.36363636363636365,total,2006,89.85,0.2392877017250974
2006-05-01,Bağımsız,imf,IMF,macro_economy,1,1,0,1,1.35,1.35,-0.5,total,2006,89.85,0.015025041736227047
2006-05-01,Cumhuriyet Halk Partisi,imf,IMF,macro_economy,23,33,4,5,36.15,36.15,-0.1,total,2006,89.85,0.4023372287145242
2006-05-01,Doğru Yol Partisi,imf,IMF,macro_economy,6,8,1,1,8.7,8.7,0.0,total,2006,89.85,0.09682804674457429
2006-05-01,Adalet ve Kalkınma Partisi,inflation,Enflasyon,macro_economy,12,23,9,5,27.9,27.9,0.26666666666666666,total,2006,90.10000000000001,0.3096559378468368
2006-05-01,Anavatan Partisi,inflation,Enflasyon,macro_economy,3,27,0,1,27.35,27.35,-0.5,total,2006,90.10000000000001,0.3035516093229745
2006-05-01,Cumhuriyet Halk Partisi,inflation,Enflasyon,macro_economy,10,26,6,4,29.500000000000004,29.500000000000004,0.18181818181818182,total,2006,90.10000000000001,0.3274139844617092
2006-05-01,Doğru Yol Partisi,inflation,Enflasyon,macro_economy,4,5,0,1,5.35,5.35,-0.5,total,2006,90.10000000000001,0.05937846836847946
2006-05-01,Adalet ve Kalkınma Partisi,interest,Faiz,macro_economy,14,21,6,2,23.8,23.8,0.4444444444444444,total,2006,66.4,0.358433734939759
2006-05-01,Anavatan Partisi,interest,Faiz,macro_economy,4,9,4,0,10.399999999999999,10.399999999999999,0.8,total,2006,66.4,0.15662650602409636
2006-05-01,Bağımsız,interest,Faiz,macro_economy,1,1,1,1,1.7,1.7,0.0,total,2006,66.4,0.025602409638554213
2006-05-01,Cumhuriyet Halk Partisi,interest,Faiz,macro_economy,15,27,3,7,30.5,30.5,-0.36363636363636365,total,2006,66.4,0.4593373493975903
2006-05-01,Adalet ve Kalkınma Partisi,law_state,Hukuk Devleti,democratic_reform,70,146,23,30,164.55,164.55,-0.12962962962962962,total,2006,437.95,0.3757278228108232
2006-05-01,Anavatan Partisi,law_state,Hukuk Devleti,democratic_reform,12,34,12,2,38.9,38.9,0.6666666666666666,total,2006,437.95,0.08882292499143737
2006-05-01,Bağımsız,law_state,Hukuk Devleti,democratic_reform,1,8,0,2,8.7,8.7,-0.6666666666666666,total,2006,437.95,0.019865281424820184
2006-05-01,Cumhuriyet Halk Partisi,law_state,Hukuk Devleti,democratic_reform,73,185,41,63,221.4,221.4,-0.20952380952380953,total,2006,437.95,0.5055371617764586
2006-05-01,Doğru Yol Partisi,law_state,Hukuk Devleti,democratic_reform,2,3,4,0,4.4,4.4,0.8,total,2006,437.95,0.010046808996460784
2006-05-01,Adalet ve Kalkınma Partisi,reform,Reform,democratic_reform,27,65,15,11,74.1,74.1,0.14814814814814814,total,2006,138.89999999999998,0.5334773218142549
2006-05-01,Anavatan Partisi,reform,Reform,democratic_reform,5,18,4,3,20.45,20.45,0.125,total,2006,138.89999999999998,0.14722822174226063
2006-05-01,Bağımsız,reform,Reform,democratic_reform,2,3,0,0,3.0,3.0,0.0,total,2006,138.89999999999998,0.021598272138228944
2006-05-01,Cumhuriyet Halk Partisi,reform,Reform,democratic_reform,16,32,7,11,38.3,38.3,-0.21052631578947367,total,2006,138.89999999999998,0.27573794096472287
2006-05-01,Doğru Yol Partisi,reform,Reform,democratic_reform,1,2,0,3,3.05,3.05,-0.75,total,2006,138.89999999999998,0.02195824334053276
2006-05-01,Adalet ve Kalkınma Partisi,security,Guvenlik,security_conflict,85,538,187,100,638.45,638.45,0.3020833333333333,total,2006,1243.9,0.5132647318916311
2006-05-01,Anavatan Partisi,security,Guvenlik,security_conflict,17,64,21,12,75.55,75.55,0.2647058823529412,total,2006,1243.9,0.06073639360077176
2006-05-01,Bağımsız,security,Guvenlik,security_conflict,4,5,0,7,7.45,7.45,-0.875,total,2006,1243.9,0.005989227429857706
2006-05-01,Cumhuriyet Halk Partisi,security,Guvenlik,security_conflict,62,381,104,126,461.5,461.5,-0.09523809523809523,total,2006,1243.9,0.3710105313931988
2006-05-01,Doğru Yol Partisi,security,Guvenlik,security_conflict,19,55,13,4,60.95,60.95,0.5,total,2006,1243.9,0.04899911568454056
2006-05-01,Adalet ve Kalkınma Partisi,sovereignty,Egemenlik,security_conflict,2,2,1,0,2.35,2.35,0.5,total,2006,8.4,0.27976190476190477
2006-05-01,Anavatan Partisi,sovereignty,Egemenlik,security_conflict,2,2,1,0,2.35,2.35,0.5,total,2006,8.4,0.27976190476190477
2006-05-01,Cumhuriyet Halk Partisi,sovereignty,Egemenlik,security_conflict,2,3,2,0,3.7,3.7,0.6666666666666666,total,2006,8.4,0.44047619047619047
2006-05-01,Anavatan Partisi,tutelage,Vesayet,constitutional_conflict,1,1,1,1,1.7,1.7,0.0,total,2006,1.7,1.0
2006-06-01,Adalet ve Kalkınma Partisi,constitution,Anayasa,constitutional_conflict,10,18,0,15,23.25,14.20885,-0.9375,negative,2006,64.95902,0.21873559668849685
2006-06-01,Anavatan Partisi,constitution,Anayasa,constitutional_conflict,7,19,0,13,23.55,14.760499999999999,-0.9285714285714286,negative,2006,64.95902,0.22722787381952497
2006-06-01,Bağımsız,constitution,Anayasa,constitutional_conflict,1,5,0,2,5.7,3.8001899999999997,-0.6666666666666666,negative,2006,64.95902,0.058501344386045234
2006-06-01,Cumhuriyet Halk Partisi,constitution,Anayasa,constitutional_conflict,8,40,1,18,46.65,28.589299999999998,-0.85,negative,2006,64.95902,0.440112858845469
2006-06-01,Doğru Yol Partisi,constitution,Anayasa,constitutional_conflict,2,4,0,4,5.4,3.60018,-0.8,negative,2006,64.95902,0.05542232626046391
2006-06-01,Adalet ve Kalkınma Partisi,democracy,Demokrasi,democratic_reform,2,4,0,2,4.7,2.35,-0.6666666666666666,negative,2006,18.38547,0.12781832610207952
2006-06-01,Anavatan Partisi,democracy,Demokrasi,democratic_reform,2,4,1,3,5.4,1.6875,-0.4,negative,2006,18.38547,0.09178443629670603
2006-06-01,Bağımsız,democracy,Demokrasi,democratic_reform,2,3,0,3,4.050000000000001,2.47509,-0.75,negative,2006,18.38547,0.13462206840510466
2006-06-01,Cumhuriyet Halk Partisi,democracy,Demokrasi,democratic_reform,6,18,2,11,22.55,11.87288,-0.6428571428571429,negative,2006,18.38547,0.6457751691961097
2006-06-01,Adalet ve Kalkınma Partisi,economy,Ekonomi,macro_economy,24,103,7,96,139.05,96.710635,-0.8557692307692307,negative,2006,303.43143499999996,0.31872319029832885
2006-06-01,Anavatan Partisi,economy,Ekonomi,macro_economy,10,55,7,35,69.7,37.47623,-0.6511627906976745,negative,2006,303.43143499999996,0.12350806698719269
2006-06-01,Bağımsız,economy,Ekonomi,macro_economy,5,12,0,17,17.95,13.08363,-0.9444444444444444,negative,2006,303.43143499999996,0.04311890098005172
2006-06-01,Cumhuriyet Halk Partisi,economy,Ekonomi,macro_economy,24,120,13,89,155.7,94.52280999999999,-0.7378640776699029,negative,2006,303.43143499999996,0.3115129122992811
2006-06-01,Doğru Yol Partisi,economy,Ekonomi,macro_economy,15,65,10,73,94.05,61.638130000000004,-0.75,negative,2006,303.43143499999996,0.20313692943514575
2006-06-01,Adalet ve Kalkınma Partisi,european_union,Avrupa Birligi,democratic_reform,1,3,2,4,5.1,1.4570699999999999,-0.2857142857142857,negative,2006,27.015105000000002,0.05393538170590119
2006-06-01,Anavatan Partisi,european_union,Avrupa Birligi,democratic_reform,2,3,0,2,3.7,1.85,-0.6666666666666666,negative,2006,27.015105000000002,0.06848020764679612
2006-06-01,Bağımsız,european_union,Avrupa Birligi,democratic_reform,2,14,3,8,17.85,6.10386,-0.4166666666666667,negative,2006,27.015105000000002,0.22594248661998537
2006-06-01,Cumhuriyet Halk Partisi,european_union,Avrupa Birligi,democratic_reform,9,23,2,20,30.7,17.604175,-0.782608695652174,negative,2006,27.015105000000002,0.6516419240273174
2006-06-01,Adalet ve Kalkınma Partisi,imf,IMF,macro_economy,1,1,0,1,1.35,0.675,-0.5,negative,2006,28.198339999999998,0.02393757930431366
2006-06-01,Anavatan Partisi,imf,IMF,macro_economy,4,18,0,16,23.6,19.364749999999997,-0.9411764705882353,negative,2006,28.198339999999998,0.6867336871603079
2006-06-01,Cumhuriyet Halk Partisi,imf,IMF,macro_economy,3,10,0,4,11.4,6.9835899999999995,-0.8,negative,2006,28.198339999999998,0.24765961400564715
2006-06-01,Doğru Yol Partisi,imf,IMF,macro_economy,1,2,0,1,2.35,1.175,-0.5,negative,2006,28.198339999999998,0.04166911952973119
2006-06-01,Adalet ve Kalkınma Partisi,inflation,Enflasyon,macro_economy,2,7,0,4,8.4,5.7124999999999995,-0.8,negative,2006,27.756405,0.2058083530630137
2006-06-01,Anavatan Partisi,inflation,Enflasyon,macro_economy,3,8,1,8,11.15,6.728975,-0.7,negative,2006,27.756405,0.24242963020607317
2006-06-01,Cumhuriyet Halk Partisi,inflation,Enflasyon,macro_economy,3,8,3,8,11.85,4.35625,-0.4166666666666667,negative,2006,27.756405,0.1569457572045083
2006-06-01,Doğru Yol Partisi,inflation,Enflasyon,macro_economy,5,16,0,7,18.45,10.95868,-0.875,negative,2006,27.756405,0.39481625952640476
2006-06-01,Adalet ve Kalkınma Partisi,interest,Faiz,macro_economy,8,44,1,18,50.65,26.10393,-0.85,negative,2006,104.48403,0.24983655396906107
2006-06-01,Anavatan Partisi,interest,Faiz,macro_economy,5,18,0,10,21.5,14.949965,-0.9090909090909091,negative,2006,104.48403,0.14308373250916911
2006-06-01,Bağımsız,interest,Faiz,macro_economy,1,5,0,3,6.05,4.5375,-0.75,negative,2006,104.48403,0.04342768937989853
2006-06-01,Cumhuriyet Halk Partisi,interest,Faiz,macro_economy,11,59,0,19,65.65,41.488055,-0.95,negative,2006,104.48403,0.39707556264818655
2006-06-01,Doğru Yol Partisi,interest,Faiz,macro_economy,5,24,0,9,27.15,17.40458,-0.9,negative,2006,104.48403,0.1665764614936847
2006-06-01,Adalet ve Kalkınma Partisi,law_state,Hukuk Devleti,democratic_reform,22,117,5,65,141.5,91.833145,-0.8450704225352113,negative,2006,248.34552,0.3697797528217944
2006-06-01,Anavatan Partisi,law_state,Hukuk Devleti,democratic_reform,15,35,4,27,45.85,23.977645000000003,-0.71875,negative,2006,248.34552,0.09654953711264855
2006-06-01,Bağımsız,law_state,Hukuk Devleti,democratic_reform,1,2,0,1,2.35,1.175,-0.5,negative,2006,248.34552,0.0047313114406090356
2006-06-01,Cumhuriyet Halk Partisi,law_state,Hukuk Devleti,democratic_reform,32,161,11,94,197.75,124.22604,-0.7830188679245284,negative,2006,248.34552,0.5002145398072814
2006-06-01,Doğru Yol Partisi,law_state,Hukuk Devleti,democratic_reform,1,10,0,2,10.7,7.133689999999999,-0.6666666666666666,negative,2006,248.34552,0.028724858817666607
2006-06-01,Adalet ve Kalkınma Partisi,reform,Reform,democratic_reform,2,4,0,2,4.7,2.35,-0.6666666666666666,negative,2006,14.900379999999998,0.15771409856661375
2006-06-01,Anavatan Partisi,reform,Reform,democratic_reform,4,21,2,7,24.15,11.416989999999998,-0.5,negative,2006,14.900379999999998,0.766221398380444
2006-06-01,Cumhuriyet Halk Partisi,reform,Reform,democratic_reform,1,1,0,2,1.7,1.13339,-0.6666666666666666,negative,2006,14.900379999999998,0.07606450305294228
2006-06-01,Adalet ve Kalkınma Partisi,security,Guvenlik,security_conflict,16,102,11,63,127.9,72.44024,-0.6933333333333334,negative,2006,222.499485,0.32557486593733015
2006-06-01,Anavatan Partisi,security,Guvenlik,security_conflict,13,60,9,35,75.4,29.949585000000003,-0.5777777777777777,negative,2006,222.499485,0.1346051879625699
2006-06-01,Bağımsız,security,Guvenlik,security_conflict,4,25,3,16,31.65,16.78633,-0.65,negative,2006,222.499485,0.0754443543992922
2006-06-01,Cumhuriyet Halk Partisi,security,Guvenlik,security_conflict,22,165,23,95,206.29999999999998,97.66494,-0.6050420168067226,negative,2006,222.499485,0.4389445665458507
2006-06-01,Doğru Yol Partisi,security,Guvenlik,security_conflict,4,9,0,5,10.75,5.65839,-0.8333333333333334,negative,2006,222.499485,0.0254310251549571
2006-06-01,Adalet ve Kalkınma Partisi,tutelage,Vesayet,constitutional_conflict,1,2,0,4,3.4,2.72,-0.8,negative,2006,8.44121,0.3222286852240378
2006-06-01,Cumhuriyet Halk Partisi,tutelage,Vesayet,constitutional_conflict,3,5,0,8,7.799999999999999,5.721209999999999,-0.8888888888888888,negative,2006,8.44121,0.6777713147759621
2006-06-01,Adalet ve Kalkınma Partisi,constitution,Anayasa,constitutional_conflict,10,54,19,0,60.65,36.12967,0.95,positive,2006,141.19501,0.2558848928159713
2006-06-01,Anavatan Partisi,constitution,Anayasa,constitutional_conflict,7,17,13,0,21.55,13.311969999999999,0.9285714285714286,positive,2006,141.19501,0.09428073980801445
2006-06-01,Bağımsız,constitution,Anayasa,constitutional_conflict,2,19,5,2,21.450000000000003,6.63187,0.375,positive,2006,141.19501,0.04696957774924199
2006-06-01,Cumhuriyet Halk Partisi,constitution,Anayasa,constitutional_conflict,30,111,62,3,133.75,81.63811,0.8939393939393939,positive,2006,141.19501,0.5781940169132039
2006-06-01,Doğru Yol Partisi,constitution,Anayasa,constitutional_conflict,3,5,4,0,6.4,3.48339,0.8,positive,2006,141.19501,0.024670772713568278
2006-06-01,Adalet ve Kalkınma Partisi,democracy,Demokrasi,democratic_reform,16,39,45,2,55.45,38.60983,0.8958333333333334,positive,2006,93.66917000000001,0.4121935744706609
2006-06-01,Anavatan Partisi,democracy,Demokrasi,democratic_reform,2,3,5,0,4.75,3.3950000000000005,0.8333333333333334,positive,2006,93.66917000000001,0.03624458292947402
2006-06-01,Bağımsız,democracy,Demokrasi,democratic_reform,2,9,9,2,12.85,6.81175,0.5833333333333334,positive,2006,93.66917000000001,0.0727213660588644
2006-06-01,Cumhuriyet Halk Partisi,democracy,Demokrasi,democratic_reform,14,58,37,4,72.35,44.85259,0.7857142857142857,positive,2006,93.66917000000001,0.4788404765410006
2006-06-01,Adalet ve Kalkınma Partisi,economy,Ekonomi,macro_economy,48,380,308,48,504.6,289.510105,0.7282913165266106,positive,2006,695.80894,0.4160770124626453
2006-06-01,Anavatan Partisi,economy,Ekonomi,macro_economy,25,205,110,19,250.15,151.46198,0.7,positive,2006,695.80894,0.21767754234373593
2006-06-01,Bağımsız,economy,Ekonomi,macro_economy,16,121,113,18,166.85,106.080405,0.7196969696969697,positive,2006,695.80894,0.15245622598640368
2006-06-01,Cumhuriyet Halk Partisi,economy,Ekonomi,macro_economy,34,132,148,16,189.4,127.65733,0.8,positive,2006,695.80894,0.18346606756734113
2006-06-01,Doğru Yol Partisi,economy,Ekonomi,macro_economy,10,27,26,4,37.5,21.09912,0.7096774193548387,positive,2006,695.80894,0.030323151639874014
2006-06-01,Adalet ve Kalkınma Partisi,european_union,Avrupa Birligi,democratic_reform,28,91,79,5,120.4,80.62467000000001,0.8705882352941177,positive,2006,149.762355,0.5383507090283136
2006-06-01,Anavatan Partisi,european_union,Avrupa Birligi,democratic_reform,6,15,9,1,18.5,9.193389999999999,0.7272727272727273,positive,2006,149.762355,0.061386521332413596
2006-06-01,Bağımsız,european_union,Avrupa Birligi,democratic_reform,8,29,21,4,37.75,18.41438,0.6538461538461539,positive,2006,149.762355,0.12295733463860127
2006-06-01,Cumhuriyet Halk Partisi,european_union,Avrupa Birligi,democratic_reform,22,53,41,6,69.45,33.961525,0.7291666666666666,positive,2006,149.762355,0.2267694374864765
2006-06-01,Doğru Yol Partisi,european_union,Avrupa Birligi,democratic_reform,2,5,11,0,8.85,7.568390000000001,0.9166666666666666,positive,2006,149.762355,0.050535997514195075
2006-06-01,Anavatan Partisi,imf,IMF,macro_economy,3,17,7,0,19.45,13.12839,0.875,positive,2006,17.66589,0.7431490856107447
2006-06-01,Bağımsız,imf,IMF,macro_economy,1,2,1,0,2.35,1.175,0.5,positive,2006,17.66589,0.06651235799611567
2006-06-01,Cumhuriyet Halk Partisi,imf,IMF,macro_economy,2,4,3,1,5.4,1.6875,0.4,positive,2006,17.66589,0.09552306733484697
2006-06-01,Doğru Yol Partisi,imf,IMF,macro_economy,1,3,1,0,3.35,1.675,0.5,positive,2006,17.66589,0.09481548905829255
2006-06-01,Adalet ve Kalkınma Partisi,inflation,Enflasyon,macro_economy,4,12,14,0,16.900000000000002,13.01384,0.9333333333333333,positive,2006,21.30723,0.6107710856831225
2006-06-01,Anavatan Partisi,inflation,Enflasyon,macro_economy,3,10,6,1,12.45,5.76839,0.625,positive,2006,21.30723,0.27072453810279423
2006-06-01,Cumhuriyet Halk Partisi,inflation,Enflasyon,macro_economy,1,1,1,0,1.35,0.675,0.5,positive,2006,21.30723,0.03167938770079452
2006-06-01,Doğru Yol Partisi,inflation,Enflasyon,macro_economy,2,3,2,0,3.7,1.85,0.6666666666666666,positive,2006,21.30723,0.08682498851328868
2006-06-01,Adalet ve Kalkınma Partisi,interest,Faiz,macro_economy,4,14,5,0,15.75,9.15859,0.8333333333333334,positive,2006,60.99863,0.15014419176299534
2006-06-01,Anavatan Partisi,interest,Faiz,macro_economy,7,32,17,2,38.65,20.408749999999998,0.75,positive,2006,60.99863,0.33457718640566186
2006-06-01,Bağımsız,interest,Faiz,macro_economy,2,5,3,0,6.050000000000001,3.6417900000000003,0.75,positive,2006,60.99863,0.059702816276365554
2006-06-01,Cumhuriyet Halk Partisi,interest,Faiz,macro_economy,7,32,16,0,37.6,27.7895,0.9411764705882353,positive,2006,60.99863,0.45557580555497723
2006-06-01,Adalet ve Kalkınma Partisi,law_state,Hukuk Devleti,democratic_reform,35,251,116,8,294.40000000000003,197.7047,0.864,positive,2006,492.94046,0.401072170054777
2006-06-01,Anavatan Partisi,law_state,Hukuk Devleti,democratic_reform,13,72,68,5,97.55,67.84345,0.8513513513513513,positive,2006,492.94046,0.13763011054113922
2006-06-01,Bağımsız,law_state,Hukuk Devleti,democratic_reform,5,22,19,1,29.0,17.53687,0.8571428571428571,positive,2006,492.94046,0.03557604096851778
2006-06-01,Cumhuriyet Halk Partisi,law_state,Hukuk Devleti,democratic_reform,37,303,149,31,366.0,205.00955,0.6519337016574586,positive,2006,492.94046,0.41589109970806615
2006-06-01,Doğru Yol Partisi,law_state,Hukuk Devleti,democratic_reform,3,5,6,0,7.1,4.84589,0.8571428571428571,positive,2006,492.94046,0.009830578727499869
2006-06-01,Adalet ve Kalkınma Partisi,reform,Reform,democratic_reform,20,40,36,0,52.6,33.508995,0.972972972972973,positive,2006,53.053995,0.6316017295210286
2006-06-01,Anavatan Partisi,reform,Reform,democratic_reform,4,9,4,0,10.4,5.2,0.8,positive,2006,53.053995,0.09801335413101313
2006-06-01,Bağımsız,reform,Reform,democratic_reform,1,2,2,1,3.05,0.7625,0.25,positive,2006,53.053995,0.014372150485557213
2006-06-01,Cumhuriyet Halk Partisi,reform,Reform,democratic_reform,6,16,11,0,19.85,12.9075,0.9166666666666666,positive,2006,53.053995,0.2432898785473177
2006-06-01,Doğru Yol Partisi,reform,Reform,democratic_reform,1,1,1,0,1.35,0.675,0.5,positive,2006,53.053995,0.012722887315083435
2006-06-01,Adalet ve Kalkınma Partisi,security,Guvenlik,security_conflict,15,193,72,13,222.75,112.50253000000001,0.686046511627907,positive,2006,214.61348,0.5242099890463544
2006-06-01,Anavatan Partisi,security,Guvenlik,security_conflict,5,12,14,2,17.6,9.82,0.7058823529411765,positive,2006,214.61348,0.04575667847145482
2006-06-01,Bağımsız,security,Guvenlik,security_conflict,6,42,38,2,56.0,43.59706,0.8780487804878049,positive,2006,214.61348,0.20314222573530794
2006-06-01,Cumhuriyet Halk Partisi,security,Guvenlik,security_conflict,9,38,15,1,43.6,28.487065,0.8235294117647058,positive,2006,214.61348,0.13273660629332323
2006-06-01,Doğru Yol Partisi,security,Guvenlik,security_conflict,7,35,16,2,41.300000000000004,20.206825000000002,0.7368421052631579,positive,2006,214.61348,0.09415450045355958
2006-06-01,Cumhuriyet Halk Partisi,sovereignty,Egemenlik,security_conflict,1,3,1,0,3.35,1.675,0.5,positive,2006,1.675,1.0
2006-06-01,Cumhuriyet Halk Partisi,tutelage,Vesayet,constitutional_conflict,1,1,2,1,2.05,0.5125,0.25,positive,2006,0.5125,1.0
2006-06-01,Adalet ve Kalkınma Partisi,constitution,Anayasa,constitutional_conflict,70,184,30,27,203.95,203.95,0.05172413793103448,total,2006,707.6999999999999,0.28818708492299
2006-06-01,Anavatan Partisi,constitution,Anayasa,constitutional_conflict,31,87,13,13,96.1,96.1,0.0,total,2006,707.6999999999999,0.135792002260845
2006-06-01,Bağımsız,constitution,Anayasa,constitutional_conflict,7,31,5,4,34.150000000000006,34.150000000000006,0.1,total,2006,707.6999999999999,0.04825491027271444
2006-06-01,Cumhuriyet Halk Partisi,constitution,Anayasa,constitutional_conflict,92,314,72,30,349.7,349.7,0.4077669902912621,total,2006,707.6999999999999,0.4941359333050728
2006-06-01,Doğru Yol Partisi,constitution,Anayasa,constitutional_conflict,12,21,4,4,23.8,23.8,0.0,total,2006,707.6999999999999,0.03363006923837785
2006-06-01,Adalet ve Kalkınma Partisi,democracy,Demokrasi,democratic_reform,35,72,48,7,91.25,91.25,0.7321428571428571,total,2006,284.0,0.32130281690140844
2006-06-01,Anavatan Partisi,democracy,Demokrasi,democratic_reform,12,21,7,4,24.85,24.85,0.25,total,2006,284.0,0.08750000000000001
2006-06-01,Bağımsız,democracy,Demokrasi,democratic_reform,9,20,9,5,24.900000000000002,24.900000000000002,0.26666666666666666,total,2006,284.0,0.08767605633802818
2006-06-01,Cumhuriyet Halk Partisi,democracy,Demokrasi,democratic_reform,52,122,42,18,143.0,143.0,0.39344262295081966,total,2006,284.0,0.5035211267605634
2006-06-01,Adalet ve Kalkınma Partisi,economy,Ekonomi,macro_economy,149,778,421,244,1010.75,1010.75,0.26576576576576577,total,2006,2427.05,0.416452071444758
2006-06-01,Anavatan Partisi,economy,Ekonomi,macro_economy,68,343,127,66,410.55,410.55,0.31443298969072164,total,2006,2427.05,0.16915597124080672
2006-06-01,Bağımsız,economy,Ekonomi,macro_economy,25,165,130,51,228.35,228.35,0.4340659340659341,total,2006,2427.05,0.09408541233184317
2006-06-01,Cumhuriyet Halk Partisi,economy,Ekonomi,macro_economy,118,468,202,147,590.15,590.15,0.15714285714285714,total,2006,2427.05,0.24315527080200242
2006-06-01,Doğru Yol Partisi,economy,Ekonomi,macro_economy,48,147,37,78,187.25,187.25,-0.35344827586206895,total,2006,2427.05,0.0771512741805896
2006-06-01,Adalet ve Kalkınma Partisi,european_union,Avrupa Birligi,democratic_reform,48,134,90,16,171.1,171.1,0.6915887850467289,total,2006,426.95,0.40074950228363976
2006-06-01,Anavatan Partisi,european_union,Avrupa Birligi,democratic_reform,17,28,11,5,33.6,33.6,0.35294117647058826,total,2006,426.95,0.07869773978217591
2006-06-01,Bağımsız,european_union,Avrupa Birligi,democratic_reform,16,54,24,12,66.6,66.6,0.32432432432432434,total,2006,426.95,0.15599016278252723
2006-06-01,Cumhuriyet Halk Partisi,european_union,Avrupa Birligi,democratic_reform,51,114,51,35,144.1,144.1,0.1839080459770115,total,2006,426.95,0.33751024710153416
2006-06-01,Doğru Yol Partisi,european_union,Avrupa Birligi,democratic_reform,3,7,12,1,11.55,11.55,0.7857142857142857,total,2006,426.95,0.02705234805012297
2006-06-01,Adalet ve Kalkınma Partisi,imf,IMF,macro_economy,6,10,0,1,10.35,10.35,-0.5,total,2006,114.4,0.09047202797202797
2006-06-01,Anavatan Partisi,imf,IMF,macro_economy,12,48,10,20,58.5,58.5,-0.3225806451612903,total,2006,114.4,0.5113636363636364
2006-06-01,Bağımsız,imf,IMF,macro_economy,1,2,1,0,2.35,2.35,0.5,total,2006,114.4,0.02054195804195804
2006-06-01,Cumhuriyet Halk Partisi,imf,IMF,macro_economy,16,30,4,6,33.5,33.5,-0.18181818181818182,total,2006,114.4,0.2928321678321678
2006-06-01,Doğru Yol Partisi,imf,IMF,macro_economy,4,9,1,1,9.7,9.7,0.0,total,2006,114.4,0.08479020979020978
2006-06-01,Adalet ve Kalkınma Partisi,inflation,Enflasyon,macro_economy,15,40,15,5,47.0,47.0,0.47619047619047616,total,2006,191.35,0.24562320355369743
2006-06-01,Anavatan Partisi,inflation,Enflasyon,macro_economy,22,55,7,9,60.6,60.6,-0.11764705882352941,total,2006,191.35,0.3166971518160439
2006-06-01,Bağımsız,inflation,Enflasyon,macro_economy,1,1,0,0,1.0,1.0,0.0,total,2006,191.35,0.0052260256075254774
2006-06-01,Cumhuriyet Halk Partisi,inflation,Enflasyon,macro_economy,12,27,6,10,32.6,32.6,-0.23529411764705882,total,2006,191.35,0.17036843480533057
2006-06-01,Doğru Yol Partisi,inflation,Enflasyon,macro_economy,15,47,2,7,50.15,50.15,-0.5,total,2006,191.35,0.2620851842174027
2006-06-01,Adalet ve Kalkınma Partisi,interest,Faiz,macro_economy,38,102,7,19,111.1,111.1,-0.4444444444444444,total,2006,421.2,0.2637701804368471
2006-06-01,Anavatan Partisi,interest,Faiz,macro_economy,35,100,18,13,110.85,110.85,0.15625,total,2006,421.2,0.26317663817663817
2006-06-01,Bağımsız,interest,Faiz,macro_economy,7,20,3,3,22.1,22.1,0.0,total,2006,421.2,0.05246913580246914
2006-06-01,Cumhuriyet Halk Partisi,interest,Faiz,macro_economy,32,115,19,21,129.0,129.0,-0.04878048780487805,total,2006,421.2,0.30626780626780625
2006-06-01,Doğru Yol Partisi,interest,Faiz,macro_economy,15,45,0,9,48.15,48.15,-0.9,total,2006,421.2,0.11431623931623931
2006-06-01,Adalet ve Kalkınma Partisi,law_state,Hukuk Devleti,democratic_reform,137,555,141,91,636.2,636.2,0.2145922746781116,total,2006,1624.8000000000002,0.3915558838010832
2006-06-01,Anavatan Partisi,law_state,Hukuk Devleti,democratic_reform,52,155,80,40,197.0,197.0,0.3305785123966942,total,2006,1624.8000000000002,0.12124569177744952
2006-06-01,Bağımsız,law_state,Hukuk Devleti,democratic_reform,11,37,19,2,44.35,44.35,0.7727272727272727,total,2006,1624.8000000000002,0.027295667159034954
2006-06-01,Cumhuriyet Halk Partisi,law_state,Hukuk Devleti,democratic_reform,135,609,171,136,716.45,716.45,0.11363636363636363,total,2006,1624.8000000000002,0.4409465780403742
2006-06-01,Doğru Yol Partisi,law_state,Hukuk Devleti,democratic_reform,11,28,6,2,30.8,30.8,0.4444444444444444,total,2006,1624.8000000000002,0.018956179222058098
2006-06-01,Adalet ve Kalkınma Partisi,reform,Reform,democratic_reform,41,67,37,3,81.0,81.0,0.8292682926829268,total,2006,169.2,0.4787234042553192
2006-06-01,Anavatan Partisi,reform,Reform,democratic_reform,16,40,6,7,44.55,44.55,-0.07142857142857142,total,2006,169.2,0.2632978723404255
2006-06-01,Bağımsız,reform,Reform,democratic_reform,3,6,2,1,7.05,7.05,0.25,total,2006,169.2,0.04166666666666667
2006-06-01,Cumhuriyet Halk Partisi,reform,Reform,democratic_reform,11,28,12,3,33.25,33.25,0.5625,total,2006,169.2,0.1965130023640662
2006-06-01,Doğru Yol Partisi,reform,Reform,democratic_reform,3,3,1,0,3.35,3.35,0.5,total,2006,169.2,0.01979905437352246
2006-06-01,Adalet ve Kalkınma Partisi,security,Guvenlik,security_conflict,61,468,103,97,538.0,538.0,0.029850746268656716,total,2006,1183.6,0.4545454545454546
2006-06-01,Anavatan Partisi,security,Guvenlik,security_conflict,29,109,33,46,136.65,136.65,-0.1625,total,2006,1183.6,0.1154528556944914
2006-06-01,Bağımsız,security,Guvenlik,security_conflict,14,84,45,21,107.1,107.1,0.3582089552238806,total,2006,1183.6,0.09048665089557283
2006-06-01,Cumhuriyet Halk Partisi,security,Guvenlik,security_conflict,60,270,42,100,319.7,319.7,-0.40559440559440557,total,2006,1183.6,0.2701081446434606
2006-06-01,Doğru Yol Partisi,security,Guvenlik,security_conflict,23,72,19,10,82.15,82.15,0.3,total,2006,1183.6,0.06940689422102063
2006-06-01,Anavatan Partisi,sovereignty,Egemenlik,security_conflict,3,3,0,0,3.0,3.0,0.0,total,2006,10.35,0.2898550724637681
2006-06-01,Cumhuriyet Halk Partisi,sovereignty,Egemenlik,security_conflict,4,7,1,0,7.35,7.35,0.5,total,2006,10.35,0.7101449275362319
2006-06-01,Adalet ve Kalkınma Partisi,tutelage,Vesayet,constitutional_conflict,2,3,1,5,5.1,5.1,-0.5714285714285714,total,2006,14.95,0.3411371237458194
2006-06-01,Cumhuriyet Halk Partisi,tutelage,Vesayet,constitutional_conflict,4,6,2,9,9.85,9.85,-0.5833333333333334,total,2006,14.95,0.6588628762541806
2006-09-01,Adalet ve Kalkınma Partisi,constitution,Anayasa,constitutional_conflict,2,49,3,9,53.199999999999996,23.40232,-0.46153846153846156,negative,2006,78.35493,0.29867067713544
2006-09-01,Anavatan Partisi,constitution,Anayasa,constitutional_conflict,1,1,0,1,1.35,0.675,-0.5,negative,2006,78.35493,0.008614646200309287
2006-09-01,Bağımsız,constitution,Anayasa,constitutional_conflict,3,73,5,10,78.25,22.92773,-0.3125,negative,2006,78.35493,0.2926137512980996
2006-09-01,Cumhuriyet Halk Partisi,constitution,Anayasa,constitutional_conflict,6,28,0,11,31.849999999999998,20.51238,-0.9166666666666666,negative,2006,78.35493,0.2617879947056299
2006-09-01,Doğru Yol Partisi,constitution,Anayasa,constitutional_conflict,3,17,1,8,20.15,10.837499999999999,-0.7,negative,2006,78.35493,0.13831293066052128
2006-09-01,Adalet ve Kalkınma Partisi,democracy,Demokrasi,democratic_reform,5,16,0,6,18.1,9.50009,-0.8571428571428571,negative,2006,14.88509,0.6382285898170585
2006-09-01,Anavatan Partisi,democracy,Demokrasi,democratic_reform,1,1,0,1,1.35,0.675,-0.5,negative,2006,14.88509,0.045347391248558126
2006-09-01,Cumhuriyet Halk Partisi,democracy,Demokrasi,democratic_reform,2,3,1,4,4.75,2.035,-0.5,negative,2006,14.88509,0.13671398694935671
2006-09-01,Doğru Yol Partisi,democracy,Demokrasi,democratic_reform,1,5,0,1,5.35,2.675,-0.5,negative,2006,14.88509,0.1797100319850266
2006-09-01,Adalet ve Kalkınma Partisi,economy,Ekonomi,macro_economy,11,32,3,36,45.65,32.185649999999995,-0.825,negative,2006,72.289335,0.4452337263857801
2006-09-01,Anavatan Partisi,economy,Ekonomi,macro_economy,3,13,1,16,18.95,13.928125000000001,-0.8333333333333334,negative,2006,72.289335,0.19267192041536974
2006-09-01,Cumhuriyet Halk Partisi,economy,Ekonomi,macro_economy,10,34,3,18,41.35,20.50047,-0.6818181818181818,negative,2006,72.289335,0.2835891352438088
2006-09-01,Doğru Yol Partisi,economy,Ekonomi,macro_economy,2,8,1,6,10.45,5.67509,-0.625,negative,2006,72.289335,0.07850521795504137
2006-09-01,Adalet ve Kalkınma Partisi,european_union,Avrupa Birligi,democratic_reform,2,5,0,2,5.699999999999999,2.8499999999999996,-0.6666666666666666,negative,2006,7.249999999999999,0.3931034482758621
2006-09-01,Anavatan Partisi,european_union,Avrupa Birligi,democratic_reform,1,2,1,2,3.05,0.7625,-0.25,negative,2006,7.249999999999999,0.10517241379310345
2006-09-01,Cumhuriyet Halk Partisi,european_union,Avrupa Birligi,democratic_reform,3,4,0,5,5.75,3.6374999999999993,-0.8333333333333334,negative,2006,7.249999999999999,0.5017241379310344
2006-09-01,Cumhuriyet Halk Partisi,imf,IMF,macro_economy,1,1,0,1,1.35,0.675,-0.5,negative,2006,3.7124999999999995,0.18181818181818185
2006-09-01,Doğru Yol Partisi,imf,IMF,macro_economy,1,3,0,3,4.05,3.0374999999999996,-0.75,negative,2006,3.7124999999999995,0.8181818181818182
2006-09-01,Doğru Yol Partisi,inflation,Enflasyon,macro_economy,1,4,0,1,4.35,2.175,-0.5,negative,2006,2.175,1.0
2006-09-01,Cumhuriyet Halk Partisi,interest,Faiz,macro_economy,1,2,0,1,2.35,1.175,-0.5,negative,2006,1.175,1.0
2006-09-01,Adalet ve Kalkınma Partisi,law_state,Hukuk Devleti,democratic_reform,3,12,0,4,13.4,7.9835899999999995,-0.8,negative,2006,16.47636,0.4845481647645475
2006-09-01,Cumhuriyet Halk Partisi,law_state,Hukuk Devleti,democratic_reform,4,11,2,11,15.549999999999999,8.49277,-0.6428571428571429,negative,2006,16.47636,0.5154518352354525
2006-09-01,Adalet ve Kalkınma Partisi,reform,Reform,democratic_reform,1,1,0,1,1.35,0.675,-0.5,negative,2006,1.35,0.5
2006-09-01,Cumhuriyet Halk Partisi,reform,Reform,democratic_reform,1,1,0,1,1.35,0.675,-0.5,negative,2006,1.35,0.5
2006-09-01,Adalet ve Kalkınma Partisi,security,Guvenlik,security_conflict,7,13,1,11,17.2,8.800089999999999,-0.7692307692307693,negative,2006,43.223659999999995,0.20359428146529007
2006-09-01,Anavatan Partisi,security,Guvenlik,security_conflict,2,2,0,2,2.7,1.35,-0.6666666666666666,negative,2006,43.223659999999995,0.03123289420655262
2006-09-01,Cumhuriyet Halk Partisi,security,Guvenlik,security_conflict,8,38,5,26,48.85,24.945179999999997,-0.65625,negative,2006,43.223659999999995,0.5771186428914165
2006-09-01,Doğru Yol Partisi,security,Guvenlik,security_conflict,3,10,0,7,12.45,8.12839,-0.875,negative,2006,43.223659999999995,0.1880541814367409
2006-09-01,Anavatan Partisi,constitution,Anayasa,constitutional_conflict,2,2,2,0,2.7,1.35,0.6666666666666666,positive,2006,36.40386,0.03708397955601411
2006-09-01,Bağımsız,constitution,Anayasa,constitutional_conflict,1,12,1,0,12.35,6.175,0.5,positive,2006,36.40386,0.16962486945065713
2006-09-01,Cumhuriyet Halk Partisi,constitution,Anayasa,constitutional_conflict,8,35,15,0,40.25,28.878860000000003,0.9375,positive,2006,36.40386,0.7932911509933288
2006-09-01,Adalet ve Kalkınma Partisi,democracy,Demokrasi,democratic_reform,6,13,15,2,18.95,11.383869999999998,0.7222222222222222,positive,2006,43.802369999999996,0.2598916451324437
2006-09-01,Anavatan Partisi,democracy,Demokrasi,democratic_reform,3,12,6,0,14.1,9.76269,0.8571428571428571,positive,2006,43.802369999999996,0.22288040578626225
2006-09-01,Cumhuriyet Halk Partisi,democracy,Demokrasi,democratic_reform,10,25,23,0,33.05,22.655810000000002,0.9583333333333334,positive,2006,43.802369999999996,0.5172279490812941
2006-09-01,Adalet ve Kalkınma Partisi,economy,Ekonomi,macro_economy,14,51,50,2,69.2,50.564724999999996,0.9056603773584906,positive,2006,140.85127,0.3589937456722967
2006-09-01,Anavatan Partisi,economy,Ekonomi,macro_economy,3,39,28,4,50.2,35.31252,0.7272727272727273,positive,2006,140.85127,0.25070785659227635
2006-09-01,Bağımsız,economy,Ekonomi,macro_economy,1,6,6,2,8.8,3.9107200000000004,0.4444444444444444,positive,2006,140.85127,0.02776488987284247
2006-09-01,Cumhuriyet Halk Partisi,economy,Ekonomi,macro_economy,9,48,53,6,68.65,49.263215,0.7833333333333333,positive,2006,140.85127,0.34975343140320997
2006-09-01,Doğru Yol Partisi,economy,Ekonomi,macro_economy,1,2,2,0,2.7,1.80009,0.6666666666666666,positive,2006,140.85127,0.012780076459374488
2006-09-01,Adalet ve Kalkınma Partisi,european_union,Avrupa Birligi,democratic_reform,12,32,23,0,40.05,26.631565000000002,0.9583333333333334,positive,2006,63.258545,0.42099553506961
2006-09-01,Anavatan Partisi,european_union,Avrupa Birligi,democratic_reform,3,21,10,1,24.849999999999998,16.455,0.75,positive,2006,63.258545,0.26012296046328603
2006-09-01,Cumhuriyet Halk Partisi,european_union,Avrupa Birligi,democratic_reform,11,29,18,1,35.65,20.17198,0.85,positive,2006,63.258545,0.31888150446710406
2006-09-01,Anavatan Partisi,inflation,Enflasyon,macro_economy,1,1,1,0,1.35,0.675,0.5,positive,2006,3.2350000000000003,0.20865533230293662
2006-09-01,Doğru Yol Partisi,inflation,Enflasyon,macro_economy,1,5,3,1,6.4,2.5600000000000005,0.4,positive,2006,3.2350000000000003,0.7913446676970635
2006-09-01,Anavatan Partisi,interest,Faiz,macro_economy,1,2,2,0,2.7,1.80009,0.6666666666666666,positive,2006,3.15009,0.5714408159766864
2006-09-01,Cumhuriyet Halk Partisi,interest,Faiz,macro_economy,2,2,2,0,2.7,1.35,0.6666666666666666,positive,2006,3.15009,0.42855918402331367
2006-09-01,Adalet ve Kalkınma Partisi,law_state,Hukuk Devleti,democratic_reform,4,16,7,1,18.8,8.34339,0.6666666666666666,positive,2006,24.197879999999998,0.3447983872967384
2006-09-01,Cumhuriyet Halk Partisi,law_state,Hukuk Devleti,democratic_reform,4,22,7,0,24.45,15.854489999999998,0.875,positive,2006,24.197879999999998,0.6552016127032616
2006-09-01,Adalet ve Kalkınma Partisi,reform,Reform,democratic_reform,2,3,5,0,4.75,3.4208899999999995,0.8333333333333334,positive,2006,6.267259999999999,0.5458350220032359
2006-09-01,Anavatan Partisi,reform,Reform,democratic_reform,1,3,1,0,3.35,1.675,0.5,positive,2006,6.267259999999999,0.2672619294556154
2006-09-01,Cumhuriyet Halk Partisi,reform,Reform,democratic_reform,1,2,4,2,4.1,1.17137,0.2857142857142857,positive,2006,6.267259999999999,0.18690304854114878
2006-09-01,Adalet ve Kalkınma Partisi,security,Guvenlik,security_conflict,8,27,17,1,33.3,22.576745,0.8421052631578947,positive,2006,32.37261,0.6974026808465551
2006-09-01,Anavatan Partisi,security,Guvenlik,security_conflict,1,1,5,0,2.75,2.291575,0.8333333333333334,positive,2006,32.37261,0.07078746508236437
2006-09-01,Cumhuriyet Halk Partisi,security,Guvenlik,security_conflict,4,8,6,1,10.45,5.32929,0.625,positive,2006,32.37261,0.1646234270267365
2006-09-01,Doğru Yol Partisi,security,Guvenlik,security_conflict,1,4,1,0,4.35,2.175,0.5,positive,2006,32.37261,0.06718642704434397
2006-09-01,Adalet ve Kalkınma Partisi,constitution,Anayasa,constitutional_conflict,15,144,7,12,150.65,150.65,-0.25,total,2006,439.45,0.3428148822391626
2006-09-01,Anavatan Partisi,constitution,Anayasa,constitutional_conflict,4,11,2,1,12.05,12.05,0.25,total,2006,439.45,0.02742063943565821
2006-09-01,Bağımsız,constitution,Anayasa,constitutional_conflict,7,102,6,10,107.6,107.6,-0.23529411764705882,total,2006,439.45,0.2448515189441347
2006-09-01,Cumhuriyet Halk Partisi,constitution,Anayasa,constitutional_conflict,37,131,22,18,145.0,145.0,0.0975609756097561,total,2006,439.45,0.3299579019228581
2006-09-01,Doğru Yol Partisi,constitution,Anayasa,constitutional_conflict,6,21,1,8,24.15,24.15,-0.7,total,2006,439.45,0.054955057458186365
2006-09-01,Adalet ve Kalkınma Partisi,democracy,Demokrasi,democratic_reform,36,78,19,12,88.85,88.85,0.21875,total,2006,185.14999999999998,0.47988117742371056
2006-09-01,Anavatan Partisi,democracy,Demokrasi,democratic_reform,10,21,7,2,24.15,24.15,0.5,total,2006,185.14999999999998,0.13043478260869565
2006-09-01,Bağımsız,democracy,Demokrasi,democratic_reform,4,7,0,0,7.0,7.0,0.0,total,2006,185.14999999999998,0.03780718336483933
2006-09-01,Cumhuriyet Halk Partisi,democracy,Demokrasi,democratic_reform,26,49,24,4,58.8,58.8,0.6896551724137931,total,2006,185.14999999999998,0.3175803402646503
2006-09-01,Doğru Yol Partisi,democracy,Demokrasi,democratic_reform,2,6,0,1,6.35,6.35,-0.5,total,2006,185.14999999999998,0.034296516338104245
2006-09-01,Adalet ve Kalkınma Partisi,economy,Ekonomi,macro_economy,41,121,60,47,158.45,158.45,0.12037037037037036,total,2006,427.25,0.37086015213575185
2006-09-01,Anavatan Partisi,economy,Ekonomi,macro_economy,13,70,29,20,87.15,87.15,0.18,total,2006,427.25,0.20397893504973671
2006-09-01,Bağımsız,economy,Ekonomi,macro_economy,2,8,6,2,10.8,10.8,0.4444444444444444,total,2006,427.25,0.025277940315974256
2006-09-01,Cumhuriyet Halk Partisi,economy,Ekonomi,macro_economy,37,112,57,25,140.7,140.7,0.3855421686746988,total,2006,427.25,0.3293153891164423
2006-09-01,Doğru Yol Partisi,economy,Ekonomi,macro_economy,9,27,3,6,30.15,30.15,-0.3,total,2006,427.25,0.07056758338209479
2006-09-01,Adalet ve Kalkınma Partisi,european_union,Avrupa Birligi,democratic_reform,34,63,25,4,73.15,73.15,0.7,total,2006,195.10000000000002,0.3749359302921578
2006-09-01,Anavatan Partisi,european_union,Avrupa Birligi,democratic_reform,11,40,15,8,48.05,48.05,0.2916666666666667,total,2006,195.10000000000002,0.24628395694515628
2006-09-01,Bağımsız,european_union,Avrupa Birligi,democratic_reform,3,4,0,0,4.0,4.0,0.0,total,2006,195.10000000000002,0.020502306509482315
2006-09-01,Cumhuriyet Halk Partisi,european_union,Avrupa Birligi,democratic_reform,30,55,23,11,66.9,66.9,0.34285714285714286,total,2006,195.10000000000002,0.34290107637109174
2006-09-01,Doğru Yol Partisi,european_union,Avrupa Birligi,democratic_reform,3,3,0,0,3.0,3.0,0.0,total,2006,195.10000000000002,0.015376729882111737
2006-09-01,Adalet ve Kalkınma Partisi,imf,IMF,macro_economy,1,1,0,0,1.0,1.0,0.0,total,2006,11.399999999999999,0.08771929824561404
2006-09-01,Anavatan Partisi,imf,IMF,macro_economy,2,2,0,0,2.0,2.0,0.0,total,2006,11.399999999999999,0.1754385964912281
2006-09-01,Cumhuriyet Halk Partisi,imf,IMF,macro_economy,4,4,0,1,4.35,4.35,-0.5,total,2006,11.399999999999999,0.3815789473684211
2006-09-01,Doğru Yol Partisi,imf,IMF,macro_economy,1,3,0,3,4.05,4.05,-0.75,total,2006,11.399999999999999,0.3552631578947369
2006-09-01,Adalet ve Kalkınma Partisi,inflation,Enflasyon,macro_economy,2,2,0,0,2.0,2.0,0.0,total,2006,17.1,0.11695906432748537
2006-09-01,Anavatan Partisi,inflation,Enflasyon,macro_economy,1,1,1,0,1.35,1.35,0.5,total,2006,17.1,0.07894736842105263
2006-09-01,Doğru Yol Partisi,inflation,Enflasyon,macro_economy,4,12,3,2,13.75,13.75,0.16666666666666666,total,2006,17.1,0.804093567251462
2006-09-01,Adalet ve Kalkınma Partisi,interest,Faiz,macro_economy,2,3,0,0,3.0,3.0,0.0,total,2006,14.75,0.2033898305084746
2006-09-01,Anavatan Partisi,interest,Faiz,macro_economy,1,2,2,0,2.7,2.7,0.6666666666666666,total,2006,14.75,0.18305084745762712
2006-09-01,Cumhuriyet Halk Partisi,interest,Faiz,macro_economy,5,6,2,1,7.050000000000001,7.050000000000001,0.25,total,2006,14.75,0.4779661016949153
2006-09-01,Doğru Yol Partisi,interest,Faiz,macro_economy,1,2,0,0,2.0,2.0,0.0,total,2006,14.75,0.13559322033898305
2006-09-01,Adalet ve Kalkınma Partisi,law_state,Hukuk Devleti,democratic_reform,22,74,15,12,83.45,83.45,0.10714285714285714,total,2006,186.25,0.4480536912751678
2006-09-01,Anavatan Partisi,law_state,Hukuk Devleti,democratic_reform,4,4,0,0,4.0,4.0,0.0,total,2006,186.25,0.021476510067114093
2006-09-01,Bağımsız,law_state,Hukuk Devleti,democratic_reform,3,19,4,4,21.8,21.8,0.0,total,2006,186.25,0.11704697986577181
2006-09-01,Cumhuriyet Halk Partisi,law_state,Hukuk Devleti,democratic_reform,25,68,9,11,75.0,75.0,-0.09523809523809523,total,2006,186.25,0.40268456375838924
2006-09-01,Doğru Yol Partisi,law_state,Hukuk Devleti,democratic_reform,2,2,0,0,2.0,2.0,0.0,total,2006,186.25,0.010738255033557046
2006-09-01,Adalet ve Kalkınma Partisi,reform,Reform,democratic_reform,10,12,7,3,15.5,15.5,0.36363636363636365,total,2006,35.3,0.4390934844192635
2006-09-01,Anavatan Partisi,reform,Reform,democratic_reform,3,8,1,0,8.35,8.35,0.5,total,2006,35.3,0.23654390934844194
2006-09-01,Cumhuriyet Halk Partisi,reform,Reform,democratic_reform,6,9,4,3,11.45,11.45,0.125,total,2006,35.3,0.3243626062322946
2006-09-01,Adalet ve Kalkınma Partisi,security,Guvenlik,security_conflict,43,81,21,15,93.6,93.6,0.16216216216216217,total,2006,236.95,0.395020046423296
2006-09-01,Anavatan Partisi,security,Guvenlik,security_conflict,6,16,14,13,25.45,25.45,0.03571428571428571,total,2006,236.95,0.1074066258704368
2006-09-01,Cumhuriyet Halk Partisi,security,Guvenlik,security_conflict,34,79,14,30,94.4,94.4,-0.35555555555555557,total,2006,236.95,0.3983962861363157
2006-09-01,Doğru Yol Partisi,security,Guvenlik,security_conflict,8,20,2,8,23.5,23.5,-0.5454545454545454,total,2006,236.95,0.09917704156995147
2006-09-01,Adalet ve Kalkınma Partisi,sovereignty,Egemenlik,security_conflict,1,1,0,0,1.0,1.0,0.0,total,2006,4.0,0.25
2006-09-01,Anavatan Partisi,sovereignty,Egemenlik,security_conflict,3,3,0,0,3.0,3.0,0.0,total,2006,4.0,0.75
2006-10-01,Adalet ve Kalkınma Partisi,constitution,Anayasa,constitutional_conflict,3,21,2,9,24.85,11.93509,-0.5833333333333334,negative,2006,34.40375,0.3469124732042292
2006-10-01,Anavatan Partisi,constitution,Anayasa,constitutional_conflict,4,17,2,9,20.85,8.51785,-0.5833333333333334,negative,2006,34.40375,0.24758492896849904
2006-10-01,Cumhuriyet Halk Partisi,constitution,Anayasa,constitutional_conflict,4,18,1,13,22.9,13.950809999999999,-0.8,negative,2006,34.40375,0.40550259782727166
2006-10-01,Adalet ve Kalkınma Partisi,democracy,Demokrasi,democratic_reform,1,1,0,1,1.35,0.675,-0.5,negative,2006,1.85,0.36486486486486486
2006-10-01,Cumhuriyet Halk Partisi,democracy,Demokrasi,democratic_reform,1,2,0,1,2.35,1.175,-0.5,negative,2006,1.85,0.6351351351351351
2006-10-01,Adalet ve Kalkınma Partisi,economy,Ekonomi,macro_economy,2,5,3,8,8.85,3.402,-0.4166666666666667,negative,2006,21.121309999999998,0.1610695548713598
2006-10-01,Anavatan Partisi,economy,Ekonomi,macro_economy,2,7,2,5,9.45,3.41777,-0.375,negative,2006,21.121309999999998,0.1618161941659869
2006-10-01,Bağımsız,economy,Ekonomi,macro_economy,1,6,4,7,9.85,2.4625,-0.25,negative,2006,21.121309999999998,0.1165884123664678
2006-10-01,Cumhuriyet Halk Partisi,economy,Ekonomi,macro_economy,3,13,1,12,17.55,11.839039999999999,-0.7857142857142857,negative,2006,21.121309999999998,0.5605258385961855
2006-10-01,Adalet ve Kalkınma Partisi,european_union,Avrupa Birligi,democratic_reform,5,26,0,12,30.200000000000003,22.69009,-0.9230769230769231,negative,2006,33.1505,0.6844569463507338
2006-10-01,Cumhuriyet Halk Partisi,european_union,Avrupa Birligi,democratic_reform,6,12,0,11,15.85,10.46041,-0.9166666666666666,negative,2006,33.1505,0.3155430536492662
2006-10-01,Cumhuriyet Halk Partisi,imf,IMF,macro_economy,4,5,0,5,6.75,3.8250900000000003,-0.8333333333333334,negative,2006,3.8250900000000003,1.0
2006-10-01,Anavatan Partisi,interest,Faiz,macro_economy,1,3,0,1,3.35,1.675,-0.5,negative,2006,6.52089,0.2568667773877492
2006-10-01,Cumhuriyet Halk Partisi,interest,Faiz,macro_economy,3,5,0,6,7.1,4.84589,-0.8571428571428571,negative,2006,6.52089,0.7431332226122508
2006-10-01,Adalet ve Kalkınma Partisi,law_state,Hukuk Devleti,democratic_reform,3,4,0,17,9.95,8.39411,-0.9444444444444444,negative,2006,52.082719999999995,0.16116880992390567
2006-10-01,Anavatan Partisi,law_state,Hukuk Devleti,democratic_reform,3,6,0,4,7.4,4.1500900000000005,-0.8,negative,2006,52.082719999999995,0.07968266634307887
2006-10-01,Cumhuriyet Halk Partisi,law_state,Hukuk Devleti,democratic_reform,12,46,1,27,55.800000000000004,39.53852,-0.896551724137931,negative,2006,52.082719999999995,0.7591485237330156
2006-10-01,Anavatan Partisi,reform,Reform,democratic_reform,2,5,0,3,6.050000000000001,3.47509,-0.75,negative,2006,3.47509,1.0
2006-10-01,Adalet ve Kalkınma Partisi,security,Guvenlik,security_conflict,1,1,0,1,1.35,0.675,-0.5,negative,2006,12.645180000000002,0.05338002306016996
2006-10-01,Anavatan Partisi,security,Guvenlik,security_conflict,1,2,0,4,3.4,2.72,-0.8,negative,2006,12.645180000000002,0.21510172255357377
2006-10-01,Bağımsız,security,Guvenlik,security_conflict,1,3,1,2,4.05,1.0125,-0.25,negative,2006,12.645180000000002,0.08007003459025493
2006-10-01,Cumhuriyet Halk Partisi,security,Guvenlik,security_conflict,8,13,1,11,17.2,8.237680000000001,-0.7692307692307693,negative,2006,12.645180000000002,0.6514482197960013
2006-10-01,Bağımsız,sovereignty,Egemenlik,security_conflict,1,1,0,1,1.35,0.675,-0.5,negative,2006,0.675,1.0
2006-10-01,Adalet ve Kalkınma Partisi,tutelage,Vesayet,constitutional_conflict,3,6,1,12,10.549999999999999,7.103249999999999,-0.7857142857142857,negative,2006,7.103249999999999,1.0
2006-10-01,Adalet ve Kalkınma Partisi,constitution,Anayasa,constitutional_conflict,6,12,9,0,15.15,8.92527,0.9,positive,2006,36.55923,0.24413178286304169
2006-10-01,Anavatan Partisi,constitution,Anayasa,constitutional_conflict,3,10,6,0,12.100000000000001,8.067070000000001,0.8571428571428571,positive,2006,36.55923,0.22065754667152457
2006-10-01,Bağımsız,constitution,Anayasa,constitutional_conflict,2,7,3,0,8.05,5.14189,0.75,positive,2006,36.55923,0.1406454676425078
2006-10-01,Cumhuriyet Halk Partisi,constitution,Anayasa,constitutional_conflict,3,25,9,2,28.85,14.425,0.5833333333333334,positive,2006,36.55923,0.394565202822926
2006-10-01,Adalet ve Kalkınma Partisi,democracy,Demokrasi,democratic_reform,10,25,30,5,37.25,20.218030000000002,0.6944444444444444,positive,2006,31.323780000000003,0.6454530711172152
2006-10-01,Anavatan Partisi,democracy,Demokrasi,democratic_reform,2,3,3,1,4.4,1.4375,0.4,positive,2006,31.323780000000003,0.04589165164612955
2006-10-01,Cumhuriyet Halk Partisi,democracy,Demokrasi,democratic_reform,3,11,13,2,16.25,9.66825,0.6875,positive,2006,31.323780000000003,0.3086552772366553
2006-10-01,Adalet ve Kalkınma Partisi,economy,Ekonomi,macro_economy,14,30,35,0,42.25,30.793525,0.9722222222222222,positive,2006,56.047185,0.549421438382677
2006-10-01,Anavatan Partisi,economy,Ekonomi,macro_economy,1,5,9,0,8.15,7.335000000000001,0.9,positive,2006,56.047185,0.13087187162031422
2006-10-01,Cumhuriyet Halk Partisi,economy,Ekonomi,macro_economy,7,17,19,0,23.650000000000002,17.91866,0.95,positive,2006,56.047185,0.31970668999700874
2006-10-01,Adalet ve Kalkınma Partisi,european_union,Avrupa Birligi,democratic_reform,2,4,4,0,5.4,3.4624999999999995,0.8,positive,2006,30.920035000000002,0.11198240881680759
2006-10-01,Anavatan Partisi,european_union,Avrupa Birligi,democratic_reform,6,24,16,1,29.95,21.332355000000003,0.8333333333333334,positive,2006,30.920035000000002,0.6899201440101863
2006-10-01,Bağımsız,european_union,Avrupa Birligi,democratic_reform,1,1,1,0,1.35,0.675,0.5,positive,2006,30.920035000000002,0.021830505689919174
2006-10-01,Cumhuriyet Halk Partisi,european_union,Avrupa Birligi,democratic_reform,4,7,6,0,9.100000000000001,5.45018,0.8571428571428571,positive,2006,30.920035000000002,0.17626694148308691
2006-10-01,Anavatan Partisi,imf,IMF,macro_economy,1,1,1,0,1.35,0.675,0.5,positive,2006,1.35,0.5
2006-10-01,Cumhuriyet Halk Partisi,imf,IMF,macro_economy,1,1,1,0,1.35,0.675,0.5,positive,2006,1.35,0.5
2006-10-01,Cumhuriyet Halk Partisi,inflation,Enflasyon,macro_economy,1,1,1,0,1.35,0.675,0.5,positive,2006,0.675,1.0
2006-10-01,Anavatan Partisi,interest,Faiz,macro_economy,1,1,1,0,1.35,0.675,0.5,positive,2006,3.15839,0.21371648213171904
2006-10-01,Bağımsız,interest,Faiz,macro_economy,1,1,1,0,1.35,0.675,0.5,positive,2006,3.15839,0.21371648213171904
2006-10-01,Cumhuriyet Halk Partisi,interest,Faiz,macro_economy,2,2,3,0,3.05,1.80839,0.75,positive,2006,3.15839,0.572567035736562
2006-10-01,Adalet ve Kalkınma Partisi,law_state,Hukuk Devleti,democratic_reform,6,10,9,0,13.15,8.09197,0.9,positive,2006,13.82947,0.5851250987926507
2006-10-01,Cumhuriyet Halk Partisi,law_state,Hukuk Devleti,democratic_reform,4,10,8,2,13.5,5.7375,0.5454545454545454,positive,2006,13.82947,0.4148749012073492
2006-10-01,Adalet ve Kalkınma Partisi,reform,Reform,democratic_reform,1,3,2,0,3.7,2.46679,0.6666666666666666,positive,2006,4.775180000000001,0.5165857622121051
2006-10-01,Anavatan Partisi,reform,Reform,democratic_reform,2,3,3,0,4.05,2.30839,0.75,positive,2006,4.775180000000001,0.4834142377878949
2006-10-01,Adalet ve Kalkınma Partisi,security,Guvenlik,security_conflict,2,2,3,0,3.05,1.80839,0.75,positive,2006,4.15839,0.43487744054790434
2006-10-01,Anavatan Partisi,security,Guvenlik,security_conflict,2,4,2,0,4.7,2.35,0.6666666666666666,positive,2006,4.15839,0.5651225594520957
2006-10-01,Adalet ve Kalkınma Partisi,constitution,Anayasa,constitutional_conflict,37,77,11,9,84.0,84.0,0.09523809523809523,total,2006,236.3,0.3554803216250529
2006-10-01,Anavatan Partisi,constitution,Anayasa,constitutional_conflict,10,31,8,9,36.95,36.95,-0.05555555555555555,total,2006,236.3,0.15636902242911555
2006-10-01,Bağımsız,constitution,Anayasa,constitutional_conflict,4,10,3,0,11.05,11.05,0.75,total,2006,236.3,0.046762589928057555
2006-10-01,Cumhuriyet Halk Partisi,constitution,Anayasa,constitutional_conflict,24,87,16,22,100.3,100.3,-0.15384615384615385,total,2006,236.3,0.42446043165467623
2006-10-01,Doğru Yol Partisi,constitution,Anayasa,constitutional_conflict,2,4,0,0,4.0,4.0,0.0,total,2006,236.3,0.016927634363097757
2006-10-01,Adalet ve Kalkınma Partisi,democracy,Demokrasi,democratic_reform,19,38,30,6,50.6,50.6,0.6486486486486487,total,2006,165.65,0.30546332629037126
2006-10-01,Anavatan Partisi,democracy,Demokrasi,democratic_reform,9,18,6,4,21.5,21.5,0.18181818181818182,total,2006,165.65,0.12979172955025656
2006-10-01,Bağımsız,democracy,Demokrasi,democratic_reform,3,42,29,24,60.55,60.55,0.09259259259259259,total,2006,165.65,0.3655297313613039
2006-10-01,Cumhuriyet Halk Partisi,democracy,Demokrasi,democratic_reform,12,26,15,5,33.0,33.0,0.47619047619047616,total,2006,165.65,0.1992152127980682
2006-10-01,Adalet ve Kalkınma Partisi,economy,Ekonomi,macro_economy,39,77,40,10,94.5,94.5,0.5882352941176471,total,2006,231.25,0.40864864864864864
2006-10-01,Anavatan Partisi,economy,Ekonomi,macro_economy,8,27,11,5,32.6,32.6,0.35294117647058826,total,2006,231.25,0.14097297297297298
2006-10-01,Bağımsız,economy,Ekonomi,macro_economy,1,6,4,7,9.85,9.85,-0.25,total,2006,231.25,0.042594594594594595
2006-10-01,Cumhuriyet Halk Partisi,economy,Ekonomi,macro_economy,33,80,23,15,93.3,93.3,0.20512820512820512,total,2006,231.25,0.40345945945945944
2006-10-01,Doğru Yol Partisi,economy,Ekonomi,macro_economy,1,1,0,0,1.0,1.0,0.0,total,2006,231.25,0.004324324324324324
2006-10-01,Adalet ve Kalkınma Partisi,european_union,Avrupa Birligi,democratic_reform,13,41,4,12,46.6,46.6,-0.47058823529411764,total,2006,126.35,0.368816778789078
2006-10-01,Anavatan Partisi,european_union,Avrupa Birligi,democratic_reform,11,33,18,3,40.35,40.35,0.6818181818181818,total,2006,126.35,0.31935100910170167
2006-10-01,Bağımsız,european_union,Avrupa Birligi,democratic_reform,3,4,1,0,4.35,4.35,0.5,total,2006,126.35,0.03442817570241393
2006-10-01,Cumhuriyet Halk Partisi,european_union,Avrupa Birligi,democratic_reform,15,27,9,14,35.05,35.05,-0.20833333333333334,total,2006,126.35,0.2774040364068065
2006-10-01,Anavatan Partisi,imf,IMF,macro_economy,3,4,1,0,4.35,4.35,0.5,total,2006,14.450000000000001,0.301038062283737
2006-10-01,Cumhuriyet Halk Partisi,imf,IMF,macro_economy,7,8,1,5,10.100000000000001,10.100000000000001,-0.5714285714285714,total,2006,14.450000000000001,0.698961937716263
2006-10-01,Adalet ve Kalkınma Partisi,inflation,Enflasyon,macro_economy,4,4,0,0,4.0,4.0,0.0,total,2006,9.35,0.42780748663101603
2006-10-01,Anavatan Partisi,inflation,Enflasyon,macro_economy,1,1,0,0,1.0,1.0,0.0,total,2006,9.35,0.10695187165775401
2006-10-01,Cumhuriyet Halk Partisi,inflation,Enflasyon,macro_economy,4,4,1,0,4.35,4.35,0.5,total,2006,9.35,0.4652406417112299
2006-10-01,Adalet ve Kalkınma Partisi,interest,Faiz,macro_economy,2,2,0,0,2.0,2.0,0.0,total,2006,23.2,0.08620689655172414
2006-10-01,Anavatan Partisi,interest,Faiz,macro_economy,2,4,1,1,4.7,4.7,0.0,total,2006,23.2,0.20258620689655174
2006-10-01,Bağımsız,interest,Faiz,macro_economy,1,1,1,0,1.35,1.35,0.5,total,2006,23.2,0.0581896551724138
2006-10-01,Cumhuriyet Halk Partisi,interest,Faiz,macro_economy,8,12,3,6,15.15,15.15,-0.3,total,2006,23.2,0.6530172413793104
2006-10-01,Adalet ve Kalkınma Partisi,law_state,Hukuk Devleti,democratic_reform,26,41,11,19,51.5,51.5,-0.25806451612903225,total,2006,147.3,0.34962661235573655
2006-10-01,Anavatan Partisi,law_state,Hukuk Devleti,democratic_reform,6,10,0,4,11.4,11.4,-0.8,total,2006,147.3,0.07739307535641547
2006-10-01,Bağımsız,law_state,Hukuk Devleti,democratic_reform,1,1,0,0,1.0,1.0,0.0,total,2006,147.3,0.00678886625933469
2006-10-01,Cumhuriyet Halk Partisi,law_state,Hukuk Devleti,democratic_reform,23,68,12,32,83.4,83.4,-0.4444444444444444,total,2006,147.3,0.5661914460285132
2006-10-01,Adalet ve Kalkınma Partisi,reform,Reform,democratic_reform,10,18,3,1,19.4,19.4,0.4,total,2006,33.5,0.5791044776119403
2006-10-01,Anavatan Partisi,reform,Reform,democratic_reform,6,11,3,3,13.1,13.1,0.0,total,2006,33.5,0.39104477611940297
2006-10-01,Cumhuriyet Halk Partisi,reform,Reform,democratic_reform,1,1,0,0,1.0,1.0,0.0,total,2006,33.5,0.029850746268656716
2006-10-01,Adalet ve Kalkınma Partisi,security,Guvenlik,security_conflict,10,15,4,2,17.1,17.1,0.2857142857142857,total,2006,72.55,0.23569951757408686
2006-10-01,Anavatan Partisi,security,Guvenlik,security_conflict,4,7,2,4,9.1,9.1,-0.2857142857142857,total,2006,72.55,0.12543073742246727
2006-10-01,Bağımsız,security,Guvenlik,security_conflict,1,3,1,2,4.05,4.05,-0.25,total,2006,72.55,0.055823569951757405
2006-10-01,Cumhuriyet Halk Partisi,security,Guvenlik,security_conflict,15,31,4,14,37.3,37.3,-0.5263157894736842,total,2006,72.55,0.5141281874569262
2006-10-01,Doğru Yol Partisi,security,Guvenlik,security_conflict,1,5,0,0,5.0,5.0,0.0,total,2006,72.55,0.06891798759476224
2006-10-01,Bağımsız,sovereignty,Egemenlik,security_conflict,1,1,0,1,1.35,1.35,-0.5,total,2006,1.35,1.0
2006-10-01,Adalet ve Kalkınma Partisi,tutelage,Vesayet,constitutional_conflict,3,6,1,12,10.549999999999999,10.549999999999999,-0.7857142857142857,total,2006,10.549999999999999,1.0
2006-11-01,Adalet ve Kalkınma Partisi,constitution,Anayasa,constitutional_conflict,5,16,0,8,18.799999999999997,11.750469999999998,-0.8888888888888888,negative,2006,26.61725,0.4414607068724229
2006-11-01,Anavatan Partisi,constitution,Anayasa,constitutional_conflict,1,8,0,3,9.05,6.7875000000000005,-0.75,negative,2006,26.61725,0.25500380392414695
2006-11-01,Cumhuriyet Halk Partisi,constitution,Anayasa,constitutional_conflict,6,10,0,10,13.5,8.079279999999999,-0.9090909090909091,negative,2006,26.61725,0.3035354892034301
2006-11-01,Adalet ve Kalkınma Partisi,democracy,Demokrasi,democratic_reform,6,12,0,12,16.200000000000003,11.03687,-0.9230769230769231,negative,2006,29.06653,0.3797106156118395
2006-11-01,Anavatan Partisi,democracy,Demokrasi,democratic_reform,1,5,0,2,5.7,3.8001899999999997,-0.6666666666666666,negative,2006,29.06653,0.13074109637442102
2006-11-01,Cumhuriyet Halk Partisi,democracy,Demokrasi,democratic_reform,9,18,0,14,22.9,14.22947,-0.9333333333333333,negative,2006,29.06653,0.4895482880137395
2006-11-01,Adalet ve Kalkınma Partisi,economy,Ekonomi,macro_economy,8,14,0,20,21.0,14.78447,-0.9523809523809523,negative,2006,44.955239999999996,0.32887089469436714
2006-11-01,Bağımsız,economy,Ekonomi,macro_economy,1,3,1,4,4.75,2.375,-0.5,negative,2006,44.955239999999996,0.05283032634237967
2006-11-01,Cumhuriyet Halk Partisi,economy,Ekonomi,macro_economy,11,28,0,34,39.9,27.795769999999997,-0.9714285714285714,negative,2006,44.955239999999996,0.6182987789632532
2006-11-01,Adalet ve Kalkınma Partisi,european_union,Avrupa Birligi,democratic_reform,4,5,0,10,8.5,6.06589,-0.9090909090909091,negative,2006,28.14964,0.21548730285715906
2006-11-01,Anavatan Partisi,european_union,Avrupa Birligi,democratic_reform,1,2,0,2,2.7,1.80009,-0.6666666666666666,negative,2006,28.14964,0.06394717658911446
2006-11-01,Cumhuriyet Halk Partisi,european_union,Avrupa Birligi,democratic_reform,19,30,3,28,40.85,20.28366,-0.78125,negative,2006,28.14964,0.7205655205537265
2006-11-01,Anavatan Partisi,imf,IMF,macro_economy,2,3,0,2,3.7,1.85,-0.6666666666666666,negative,2006,6.612589999999999,0.2797693490750221
2006-11-01,Cumhuriyet Halk Partisi,imf,IMF,macro_economy,3,5,0,6,7.1,4.762589999999999,-0.8571428571428571,negative,2006,6.612589999999999,0.720230650924978
2006-11-01,Anavatan Partisi,inflation,Enflasyon,macro_economy,1,4,0,1,4.35,2.175,-0.5,negative,2006,2.175,1.0
2006-11-01,Adalet ve Kalkınma Partisi,interest,Faiz,macro_economy,2,3,0,2,3.7,1.85,-0.6666666666666666,negative,2006,6.58357,0.28100255636379656
2006-11-01,Bağımsız,interest,Faiz,macro_economy,1,1,0,2,1.7,1.13339,-0.6666666666666666,negative,2006,6.58357,0.17215431749035856
2006-11-01,Doğru Yol Partisi,interest,Faiz,macro_economy,2,4,0,4,5.4,3.60018,-0.8,negative,2006,6.58357,0.5468431261458448
2006-11-01,Adalet ve Kalkınma Partisi,law_state,Hukuk Devleti,democratic_reform,18,49,0,26,58.1,34.64987,-0.9629629629629629,negative,2006,105.737805,0.32769613479303833
2006-11-01,Anavatan Partisi,law_state,Hukuk Devleti,democratic_reform,3,18,1,11,22.200000000000003,14.80074,-0.7692307692307693,negative,2006,105.737805,0.139975858208897
2006-11-01,Cumhuriyet Halk Partisi,law_state,Hukuk Devleti,democratic_reform,25,74,2,53,93.25,56.287195,-0.9107142857142857,negative,2006,105.737805,0.5323280069980647
2006-11-01,Adalet ve Kalkınma Partisi,reform,Reform,democratic_reform,1,1,0,2,1.7,1.13339,-0.6666666666666666,negative,2006,3.85339,0.2941280275290069
2006-11-01,Cumhuriyet Halk Partisi,reform,Reform,democratic_reform,1,2,0,4,3.4,2.72,-0.8,negative,2006,3.85339,0.7058719724709931
2006-11-01,Adalet ve Kalkınma Partisi,security,Guvenlik,security_conflict,7,7,0,9,10.15,5.64178,-0.9,negative,2006,52.5591,0.1073416401726818
2006-11-01,Anavatan Partisi,security,Guvenlik,security_conflict,4,7,1,6,9.450000000000001,4.285,-0.625,negative,2006,52.5591,0.08152727120517665
2006-11-01,Bağımsız,security,Guvenlik,security_conflict,2,2,0,3,3.05,1.80839,-0.75,negative,2006,52.5591,0.03440679159270231
2006-11-01,Cumhuriyet Halk Partisi,security,Guvenlik,security_conflict,10,31,3,53,50.6,38.64893,-0.8771929824561403,negative,2006,52.5591,0.7353423098949563
2006-11-01,Doğru Yol Partisi,security,Guvenlik,security_conflict,1,4,0,1,4.35,2.175,-0.5,negative,2006,52.5591,0.04138198713448289
2006-11-01,Adalet ve Kalkınma Partisi,sovereignty,Egemenlik,security_conflict,1,1,0,1,1.35,0.675,-0.5,negative,2006,0.675,1.0
2006-11-01,Cumhuriyet Halk Partisi,tutelage,Vesayet,constitutional_conflict,2,2,0,2,2.7,1.35,-0.6666666666666666,negative,2006,1.35,1.0
2006-11-01,Adalet ve Kalkınma Partisi,constitution,Anayasa,constitutional_conflict,3,19,3,0,20.05,10.025,0.75,positive,2006,34.7994,0.28807967953470465
2006-11-01,Anavatan Partisi,constitution,Anayasa,constitutional_conflict,1,4,1,0,4.35,2.175,0.5,positive,2006,34.7994,0.06250107760478629
2006-11-01,Cumhuriyet Halk Partisi,constitution,Anayasa,constitutional_conflict,7,30,15,0,35.25,22.5994,0.9375,positive,2006,34.7994,0.6494192428605091
2006-11-01,Adalet ve Kalkınma Partisi,democracy,Demokrasi,democratic_reform,7,13,15,2,18.95,10.45848,0.7222222222222222,positive,2006,23.079155,0.45315697216817513
2006-11-01,Anavatan Partisi,democracy,Demokrasi,democratic_reform,1,3,5,0,4.75,3.958175,0.8333333333333334,positive,2006,23.079155,0.17150432933961404
2006-11-01,Cumhuriyet Halk Partisi,democracy,Demokrasi,democratic_reform,9,15,10,1,18.85,8.6625,0.75,positive,2006,23.079155,0.3753386984922108
2006-11-01,Adalet ve Kalkınma Partisi,economy,Ekonomi,macro_economy,9,45,53,3,64.6,43.21948,0.8771929824561403,positive,2006,55.075019999999995,0.7847383441712776
2006-11-01,Anavatan Partisi,economy,Ekonomi,macro_economy,3,7,5,1,9.1,4.15429,0.5714285714285714,positive,2006,55.075019999999995,0.07542965939912505
2006-11-01,Bağımsız,economy,Ekonomi,macro_economy,1,4,4,2,6.1,1.74277,0.2857142857142857,positive,2006,55.075019999999995,0.031643565449454215
2006-11-01,Cumhuriyet Halk Partisi,economy,Ekonomi,macro_economy,5,8,7,0,10.450000000000001,5.95848,0.875,positive,2006,55.075019999999995,0.1081884309801431
2006-11-01,Adalet ve Kalkınma Partisi,european_union,Avrupa Birligi,democratic_reform,11,17,16,0,22.6,12.7825,0.9411764705882353,positive,2006,59.22202,0.21584032425776764
2006-11-01,Anavatan Partisi,european_union,Avrupa Birligi,democratic_reform,5,10,14,1,15.25,9.979599999999998,0.8125,positive,2006,59.22202,0.16851164482400294
2006-11-01,Bağımsız,european_union,Avrupa Birligi,democratic_reform,1,1,1,0,1.35,0.675,0.5,positive,2006,59.22202,0.011397787512144977
2006-11-01,Cumhuriyet Halk Partisi,european_union,Avrupa Birligi,democratic_reform,19,49,39,4,64.05,35.78492,0.7954545454545454,positive,2006,59.22202,0.6042502434060845
2006-11-01,Anavatan Partisi,inflation,Enflasyon,macro_economy,1,1,1,0,1.35,0.675,0.5,positive,2006,2.47509,0.2727173557325189
2006-11-01,Cumhuriyet Halk Partisi,inflation,Enflasyon,macro_economy,1,2,2,0,2.7,1.80009,0.6666666666666666,positive,2006,2.47509,0.7272826442674812
2006-11-01,Anavatan Partisi,interest,Faiz,macro_economy,1,3,2,1,4.05,1.0125,0.25,positive,2006,3.3208900000000003,0.3048881474544474
2006-11-01,Cumhuriyet Halk Partisi,interest,Faiz,macro_economy,2,3,3,0,4.05,2.30839,0.75,positive,2006,3.3208900000000003,0.6951118525455525
2006-11-01,Adalet ve Kalkınma Partisi,law_state,Hukuk Devleti,democratic_reform,18,135,65,9,160.9,98.28068499999999,0.7466666666666667,positive,2006,212.71401,0.46203202600524523
2006-11-01,Anavatan Partisi,law_state,Hukuk Devleti,democratic_reform,4,13,7,0,15.45,10.245000000000001,0.875,positive,2006,212.71401,0.04816325920422449
2006-11-01,Cumhuriyet Halk Partisi,law_state,Hukuk Devleti,democratic_reform,23,134,69,5,159.9,104.188325,0.8533333333333334,positive,2006,212.71401,0.4898047147905303
2006-11-01,Adalet ve Kalkınma Partisi,reform,Reform,democratic_reform,1,1,1,0,1.35,0.675,0.5,positive,2006,2.0250000000000004,0.3333333333333333
2006-11-01,Anavatan Partisi,reform,Reform,democratic_reform,1,1,1,0,1.35,0.675,0.5,positive,2006,2.0250000000000004,0.3333333333333333
2006-11-01,Cumhuriyet Halk Partisi,reform,Reform,democratic_reform,1,1,1,0,1.35,0.675,0.5,positive,2006,2.0250000000000004,0.3333333333333333
2006-11-01,Adalet ve Kalkınma Partisi,security,Guvenlik,security_conflict,3,5,3,0,6.050000000000001,3.0250000000000004,0.75,positive,2006,4.375,0.6914285714285715
2006-11-01,Bağımsız,security,Guvenlik,security_conflict,1,1,1,0,1.35,0.675,0.5,positive,2006,4.375,0.1542857142857143
2006-11-01,Cumhuriyet Halk Partisi,security,Guvenlik,security_conflict,1,1,1,0,1.35,0.675,0.5,positive,2006,4.375,0.1542857142857143
2006-11-01,Adalet ve Kalkınma Partisi,constitution,Anayasa,constitutional_conflict,46,127,6,11,132.95,132.95,-0.2777777777777778,total,2006,293.09999999999997,0.4535994541112249
2006-11-01,Anavatan Partisi,constitution,Anayasa,constitutional_conflict,4,15,1,3,16.4,16.4,-0.4,total,2006,293.09999999999997,0.05595359945411123
2006-11-01,Bağımsız,constitution,Anayasa,constitutional_conflict,1,1,0,0,1.0,1.0,0.0,total,2006,293.09999999999997,0.00341180484476288
2006-11-01,Cumhuriyet Halk Partisi,constitution,Anayasa,constitutional_conflict,63,130,15,10,138.75,138.75,0.19230769230769232,total,2006,293.09999999999997,0.4733879222108496
2006-11-01,Doğru Yol Partisi,constitution,Anayasa,constitutional_conflict,1,4,0,0,4.0,4.0,0.0,total,2006,293.09999999999997,0.01364721937905152
2006-11-01,Adalet ve Kalkınma Partisi,democracy,Demokrasi,democratic_reform,32,47,16,15,57.85,57.85,0.03125,total,2006,158.85,0.36418004406672966
2006-11-01,Anavatan Partisi,democracy,Demokrasi,democratic_reform,4,11,5,2,13.45,13.45,0.375,total,2006,158.85,0.08467107333962857
2006-11-01,Bağımsız,democracy,Demokrasi,democratic_reform,1,1,0,0,1.0,1.0,0.0,total,2006,158.85,0.006295247088448222
2006-11-01,Cumhuriyet Halk Partisi,democracy,Demokrasi,democratic_reform,49,74,13,18,84.85,84.85,-0.15625,total,2006,158.85,0.5341517154548315
2006-11-01,Doğru Yol Partisi,democracy,Demokrasi,democratic_reform,1,1,1,1,1.7,1.7,0.0,total,2006,158.85,0.010701920050361977
2006-11-01,Adalet ve Kalkınma Partisi,economy,Ekonomi,macro_economy,38,111,56,25,139.35,139.35,0.3780487804878049,total,2006,294.59999999999997,0.47301425661914465
2006-11-01,Anavatan Partisi,economy,Ekonomi,macro_economy,10,19,6,2,21.8,21.8,0.4444444444444444,total,2006,294.59999999999997,0.07399864222674814
2006-11-01,Bağımsız,economy,Ekonomi,macro_economy,4,14,5,6,17.85,17.85,-0.08333333333333333,total,2006,294.59999999999997,0.06059063136456213
2006-11-01,Cumhuriyet Halk Partisi,economy,Ekonomi,macro_economy,49,96,14,42,115.6,115.6,-0.49122807017543857,total,2006,294.59999999999997,0.3923964697895452
2006-11-01,Adalet ve Kalkınma Partisi,european_union,Avrupa Birligi,democratic_reform,36,55,18,13,65.85,65.85,0.15625,total,2006,267.84999999999997,0.24584655590815757
2006-11-01,Anavatan Partisi,european_union,Avrupa Birligi,democratic_reform,12,25,17,6,33.05,33.05,0.4583333333333333,total,2006,267.84999999999997,0.12338995706552175
2006-11-01,Bağımsız,european_union,Avrupa Birligi,democratic_reform,3,3,1,0,3.35,3.35,0.5,total,2006,267.84999999999997,0.012507000186671646
2006-11-01,Cumhuriyet Halk Partisi,european_union,Avrupa Birligi,democratic_reform,61,132,52,44,165.6,165.6,0.08247422680412371,total,2006,267.84999999999997,0.6182564868396491
2006-11-01,Adalet ve Kalkınma Partisi,imf,IMF,macro_economy,2,3,0,0,3.0,3.0,0.0,total,2006,24.950000000000003,0.12024048096192383
2006-11-01,Anavatan Partisi,imf,IMF,macro_economy,5,7,1,3,8.4,8.4,-0.4,total,2006,24.950000000000003,0.3366733466933868
2006-11-01,Cumhuriyet Halk Partisi,imf,IMF,macro_economy,7,9,3,10,13.55,13.55,-0.5,total,2006,24.950000000000003,0.5430861723446894
2006-11-01,Adalet ve Kalkınma Partisi,inflation,Enflasyon,macro_economy,4,4,0,0,4.0,4.0,0.0,total,2006,16.4,0.24390243902439027
2006-11-01,Anavatan Partisi,inflation,Enflasyon,macro_economy,2,5,1,1,5.699999999999999,5.699999999999999,0.0,total,2006,16.4,0.3475609756097561
2006-11-01,Cumhuriyet Halk Partisi,inflation,Enflasyon,macro_economy,2,4,2,0,4.7,4.7,0.6666666666666666,total,2006,16.4,0.28658536585365857
2006-11-01,Doğru Yol Partisi,inflation,Enflasyon,macro_economy,1,2,0,0,2.0,2.0,0.0,total,2006,16.4,0.12195121951219513
2006-11-01,Adalet ve Kalkınma Partisi,interest,Faiz,macro_economy,7,8,0,2,8.7,8.7,-0.6666666666666666,total,2006,48.9,0.17791411042944785
2006-11-01,Anavatan Partisi,interest,Faiz,macro_economy,6,9,2,1,10.05,10.05,0.25,total,2006,48.9,0.20552147239263804
2006-11-01,Bağımsız,interest,Faiz,macro_economy,1,1,0,2,1.7,1.7,-0.6666666666666666,total,2006,48.9,0.034764826175869123
2006-11-01,Cumhuriyet Halk Partisi,interest,Faiz,macro_economy,10,17,3,0,18.05,18.05,0.75,total,2006,48.9,0.36912065439672803
2006-11-01,Doğru Yol Partisi,interest,Faiz,macro_economy,5,9,0,4,10.4,10.4,-0.8,total,2006,48.9,0.21267893660531698
2006-11-01,Adalet ve Kalkınma Partisi,law_state,Hukuk Devleti,democratic_reform,126,353,77,47,396.4,396.4,0.24,total,2006,894.25,0.44327648867766284
2006-11-01,Anavatan Partisi,law_state,Hukuk Devleti,democratic_reform,17,72,18,20,85.30000000000001,85.30000000000001,-0.05128205128205128,total,2006,894.25,0.09538719597428014
2006-11-01,Cumhuriyet Halk Partisi,law_state,Hukuk Devleti,democratic_reform,123,364,73,60,410.55,410.55,0.09701492537313433,total,2006,894.25,0.45909980430528374
2006-11-01,Doğru Yol Partisi,law_state,Hukuk Devleti,democratic_reform,1,2,0,0,2.0,2.0,0.0,total,2006,894.25,0.0022365110427732737
2006-11-01,Adalet ve Kalkınma Partisi,reform,Reform,democratic_reform,12,14,1,2,15.05,15.05,-0.25,total,2006,36.55,0.411764705882353
2006-11-01,Anavatan Partisi,reform,Reform,democratic_reform,3,4,1,0,4.35,4.35,0.5,total,2006,36.55,0.11901504787961696
2006-11-01,Cumhuriyet Halk Partisi,reform,Reform,democratic_reform,10,14,3,6,17.15,17.15,-0.3,total,2006,36.55,0.4692202462380301
2006-11-01,Adalet ve Kalkınma Partisi,security,Guvenlik,security_conflict,18,20,3,9,24.2,24.2,-0.46153846153846156,total,2006,114.35000000000001,0.21163095758635767
2006-11-01,Anavatan Partisi,security,Guvenlik,security_conflict,7,10,1,6,12.450000000000001,12.450000000000001,-0.625,total,2006,114.35000000000001,0.10887625710537822
2006-11-01,Bağımsız,security,Guvenlik,security_conflict,3,3,1,3,4.4,4.4,-0.4,total,2006,114.35000000000001,0.038478355924792304
2006-11-01,Cumhuriyet Halk Partisi,security,Guvenlik,security_conflict,21,46,4,53,65.95,65.95,-0.8448275862068966,total,2006,114.35000000000001,0.5767380848272846
2006-11-01,Doğru Yol Partisi,security,Guvenlik,security_conflict,4,7,0,1,7.35,7.35,-0.5,total,2006,114.35000000000001,0.06427634455618714
2006-11-01,Adalet ve Kalkınma Partisi,sovereignty,Egemenlik,security_conflict,2,2,0,1,2.35,2.35,-0.5,total,2006,8.35,0.281437125748503
2006-11-01,Anavatan Partisi,sovereignty,Egemenlik,security_conflict,3,3,0,0,3.0,3.0,0.0,total,2006,8.35,0.3592814371257485
2006-11-01,Cumhuriyet Halk Partisi,sovereignty,Egemenlik,security_conflict,2,3,0,0,3.0,3.0,0.0,total,2006,8.35,0.3592814371257485
2006-11-01,Cumhuriyet Halk Partisi,tutelage,Vesayet,constitutional_conflict,2,2,0,2,2.7,2.7,-0.6666666666666666,total,2006,2.7,1.0
2006-12-01,Adalet ve Kalkınma Partisi,constitution,Anayasa,constitutional_conflict,10,51,1,19,58.0,36.396860000000004,-0.8571428571428571,negative,2006,80.70413,0.45099129375411146
2006-12-01,Anavatan Partisi,constitution,Anayasa,constitutional_conflict,4,12,0,5,13.75,8.325289999999999,-0.8333333333333334,negative,2006,80.70413,0.10315816551148
2006-12-01,Bağımsız,constitution,Anayasa,constitutional_conflict,1,6,0,2,6.7,4.46689,-0.6666666666666666,negative,2006,80.70413,0.055348964173208975
2006-12-01,Cumhuriyet Halk Partisi,constitution,Anayasa,constitutional_conflict,12,43,0,19,49.65,31.51509,-0.95,negative,2006,80.70413,0.3905015765611995
2006-12-01,Adalet ve Kalkınma Partisi,democracy,Demokrasi,democratic_reform,1,1,0,4,2.4,1.92,-0.8,negative,2006,17.10679,0.11223613547603027
2006-12-01,Anavatan Partisi,democracy,Demokrasi,democratic_reform,1,4,0,1,4.35,2.175,-0.5,negative,2006,17.10679,0.12714249721894053
2006-12-01,Cumhuriyet Halk Partisi,democracy,Demokrasi,democratic_reform,10,21,2,15,26.950000000000003,13.011790000000001,-0.7222222222222222,negative,2006,17.10679,0.7606213673050293
2006-12-01,Adalet ve Kalkınma Partisi,economy,Ekonomi,macro_economy,18,57,4,60,79.4,54.465905,-0.8615384615384616,negative,2006,197.41628,0.27589368516112245
2006-12-01,Anavatan Partisi,economy,Ekonomi,macro_economy,10,43,8,40,59.8,32.52413,-0.6530612244897959,negative,2006,197.41628,0.16474897612294184
2006-12-01,Bağımsız,economy,Ekonomi,macro_economy,3,61,14,38,79.2,31.185440000000007,-0.4528301886792453,negative,2006,197.41628,0.15796792442852234
2006-12-01,Cumhuriyet Halk Partisi,economy,Ekonomi,macro_economy,26,138,23,89,177.20000000000002,77.390805,-0.584070796460177,negative,2006,197.41628,0.39201835329892754
2006-12-01,Doğru Yol Partisi,economy,Ekonomi,macro_economy,2,3,0,2,3.7,1.85,-0.6666666666666666,negative,2006,197.41628,0.009371060988485854
2006-12-01,Adalet ve Kalkınma Partisi,european_union,Avrupa Birligi,democratic_reform,8,12,2,12,16.9,8.65858,-0.6666666666666666,negative,2006,38.322445,0.22594017683370674
2006-12-01,Anavatan Partisi,european_union,Avrupa Birligi,democratic_reform,7,10,1,10,13.850000000000001,7.201790000000001,-0.75,negative,2006,38.322445,0.1879261618093522
2006-12-01,Bağımsız,european_union,Avrupa Birligi,democratic_reform,1,3,0,1,3.35,1.675,-0.5,negative,2006,38.322445,0.043708067165338746
2006-12-01,Cumhuriyet Halk Partisi,european_union,Avrupa Birligi,democratic_reform,6,29,2,14,34.6,20.787075,-0.7058823529411765,negative,2006,38.322445,0.5424255941916023
2006-12-01,Adalet ve Kalkınma Partisi,imf,IMF,macro_economy,1,2,0,1,2.35,1.175,-0.5,negative,2006,31.39019,0.03743207670931587
2006-12-01,Anavatan Partisi,imf,IMF,macro_economy,5,9,1,8,12.15,6.79608,-0.7,negative,2006,31.39019,0.21650330883629568
2006-12-01,Bağımsız,imf,IMF,macro_economy,1,3,1,3,4.4,1.7600000000000002,-0.4,negative,2006,31.39019,0.056068472347571015
2006-12-01,Cumhuriyet Halk Partisi,imf,IMF,macro_economy,5,18,1,26,27.45,21.659110000000002,-0.8928571428571429,negative,2006,31.39019,0.6899961421068175
2006-12-01,Adalet ve Kalkınma Partisi,inflation,Enflasyon,macro_economy,4,5,0,5,6.75,3.65839,-0.8333333333333334,negative,2006,33.13411,0.11041159699174054
2006-12-01,Anavatan Partisi,inflation,Enflasyon,macro_economy,3,3,0,3,4.050000000000001,2.0250000000000004,-0.75,negative,2006,33.13411,0.06111526761998437
2006-12-01,Bağımsız,inflation,Enflasyon,macro_economy,2,16,0,5,17.75,11.095,-0.8333333333333334,negative,2006,33.13411,0.3348513057993711
2006-12-01,Cumhuriyet Halk Partisi,inflation,Enflasyon,macro_economy,4,15,0,11,18.85,15.18072,-0.9166666666666666,negative,2006,33.13411,0.4581598841797773
2006-12-01,Doğru Yol Partisi,inflation,Enflasyon,macro_economy,1,2,0,1,2.35,1.175,-0.5,negative,2006,33.13411,0.03546194540912673
2006-12-01,Adalet ve Kalkınma Partisi,interest,Faiz,macro_economy,4,16,0,5,17.75,9.49179,-0.8333333333333334,negative,2006,39.371225,0.24108444682633062
2006-12-01,Bağımsız,interest,Faiz,macro_economy,1,6,0,1,6.35,3.175,-0.5,negative,2006,39.371225,0.08064265208918442
2006-12-01,Cumhuriyet Halk Partisi,interest,Faiz,macro_economy,6,30,0,16,35.6,26.029435,-0.9411764705882353,negative,2006,39.371225,0.6611284002466268
2006-12-01,Doğru Yol Partisi,interest,Faiz,macro_economy,1,1,0,1,1.35,0.675,-0.5,negative,2006,39.371225,0.017144500837858106
2006-12-01,Adalet ve Kalkınma Partisi,law_state,Hukuk Devleti,democratic_reform,26,88,4,71,114.25,74.467215,-0.881578947368421,negative,2006,146.657565,0.5077625214901119
2006-12-01,Anavatan Partisi,law_state,Hukuk Devleti,democratic_reform,4,9,0,10,12.5,8.8547,-0.9090909090909091,negative,2006,146.657565,0.060376701331431484
2006-12-01,Cumhuriyet Halk Partisi,law_state,Hukuk Devleti,democratic_reform,32,88,6,63,112.14999999999999,63.33565,-0.8142857142857143,negative,2006,146.657565,0.4318607771784565
2006-12-01,Adalet ve Kalkınma Partisi,reform,Reform,democratic_reform,4,7,0,8,9.8,6.675,-0.8888888888888888,negative,2006,20.22098,0.3301026953194158
2006-12-01,Cumhuriyet Halk Partisi,reform,Reform,democratic_reform,8,18,1,15,23.599999999999998,13.54598,-0.8235294117647058,negative,2006,20.22098,0.6698973046805842
2006-12-01,Adalet ve Kalkınma Partisi,security,Guvenlik,security_conflict,23,111,16,114,156.5,104.74045,-0.7480916030534351,negative,2006,252.44198,0.4149090020605923
2006-12-01,Anavatan Partisi,security,Guvenlik,security_conflict,16,64,12,68,92.0,49.39068,-0.691358024691358,negative,2006,252.44198,0.1956516107186293
2006-12-01,Bağımsız,security,Guvenlik,security_conflict,3,17,2,5,19.450000000000003,5.2,-0.375,negative,2006,252.44198,0.02059879264138239
2006-12-01,Cumhuriyet Halk Partisi,security,Guvenlik,security_conflict,31,114,17,115,160.2,91.93585,-0.7368421052631579,negative,2006,252.44198,0.36418605970369905
2006-12-01,Doğru Yol Partisi,security,Guvenlik,security_conflict,1,2,0,1,2.35,1.175,-0.5,negative,2006,252.44198,0.004654534875696982
2006-12-01,Adalet ve Kalkınma Partisi,sovereignty,Egemenlik,security_conflict,1,4,0,2,4.7,3.13349,-0.6666666666666666,negative,2006,7.091665000000001,0.4418553329859772
2006-12-01,Cumhuriyet Halk Partisi,sovereignty,Egemenlik,security_conflict,1,3,0,5,4.75,3.958175,-0.8333333333333334,negative,2006,7.091665000000001,0.5581446670140228
2006-12-01,Cumhuriyet Halk Partisi,tutelage,Vesayet,constitutional_conflict,2,5,2,8,8.5,4.25,-0.5454545454545454,negative,2006,4.25,1.0
2006-12-01,Adalet ve Kalkınma Partisi,constitution,Anayasa,constitutional_conflict,14,54,37,1,67.3,47.667985,0.9230769230769231,positive,2006,142.03981,0.33559595017762983
2006-12-01,Anavatan Partisi,constitution,Anayasa,constitutional_conflict,2,9,7,0,11.45,8.591664999999999,0.875,positive,2006,142.03981,0.060487725237030374
2006-12-01,Cumhuriyet Halk Partisi,constitution,Anayasa,constitutional_conflict,25,97,69,3,122.2,85.78016,0.9041095890410958,positive,2006,142.03981,0.6039163245853398
2006-12-01,Adalet ve Kalkınma Partisi,democracy,Demokrasi,democratic_reform,18,45,46,2,61.800000000000004,38.968075,0.8979591836734694,positive,2006,77.900935,0.5002260242447667
2006-12-01,Anavatan Partisi,democracy,Demokrasi,democratic_reform,3,9,5,1,11.100000000000001,4.91,0.5714285714285714,positive,2006,77.900935,0.06302876852505043
2006-12-01,Bağımsız,democracy,Demokrasi,democratic_reform,3,8,5,1,10.1,4.3100000000000005,0.5714285714285714,positive,2006,77.900935,0.055326678684922075
2006-12-01,Cumhuriyet Halk Partisi,democracy,Demokrasi,democratic_reform,18,43,27,1,52.8,29.71286,0.896551724137931,positive,2006,77.900935,0.3814185285452607
2006-12-01,Adalet ve Kalkınma Partisi,economy,Ekonomi,macro_economy,77,550,541,81,767.7,500.85289,0.7383627608346709,positive,2006,700.14288,0.7153581137610083
2006-12-01,Anavatan Partisi,economy,Ekonomi,macro_economy,15,56,46,5,73.85,40.90213,0.7884615384615384,positive,2006,700.14288,0.05841968999241983
2006-12-01,Cumhuriyet Halk Partisi,economy,Ekonomi,macro_economy,35,166,140,17,220.95000000000002,133.15547,0.7784810126582279,positive,2006,700.14288,0.19018328087546932
2006-12-01,Doğru Yol Partisi,economy,Ekonomi,macro_economy,3,18,27,0,27.45,25.23239,0.9642857142857143,positive,2006,700.14288,0.036038915371102535
2006-12-01,Adalet ve Kalkınma Partisi,european_union,Avrupa Birligi,democratic_reform,20,46,36,1,58.95,36.529045,0.9210526315789473,positive,2006,89.468545,0.4082892484727454
2006-12-01,Anavatan Partisi,european_union,Avrupa Birligi,democratic_reform,7,15,20,3,23.05,12.776990000000001,0.7083333333333334,positive,2006,89.468545,0.14280985568726975
2006-12-01,Bağımsız,european_union,Avrupa Birligi,democratic_reform,4,30,14,4,36.3,17.07,0.5263157894736842,positive,2006,89.468545,0.19079331177231057
2006-12-01,Cumhuriyet Halk Partisi,european_union,Avrupa Birligi,democratic_reform,15,28,29,1,38.5,23.092509999999997,0.9032258064516129,positive,2006,89.468545,0.25810758406767426
2006-12-01,Adalet ve Kalkınma Partisi,imf,IMF,macro_economy,3,5,6,0,7.1000000000000005,4.870000000000001,0.8571428571428571,positive,2006,19.6886,0.24735125910425326
2006-12-01,Anavatan Partisi,imf,IMF,macro_economy,4,11,6,1,13.45,6.32929,0.625,positive,2006,19.6886,0.32146978454537145
2006-12-01,Cumhuriyet Halk Partisi,imf,IMF,macro_economy,5,10,12,1,14.549999999999999,8.48931,0.7857142857142857,positive,2006,19.6886,0.4311789563503753
2006-12-01,Adalet ve Kalkınma Partisi,inflation,Enflasyon,macro_economy,12,38,30,5,50.25,26.68184,0.6944444444444444,positive,2006,44.26934,0.6027160106746565
2006-12-01,Anavatan Partisi,inflation,Enflasyon,macro_economy,2,2,2,0,2.7,1.35,0.6666666666666666,positive,2006,44.26934,0.030495146302158563
2006-12-01,Cumhuriyet Halk Partisi,inflation,Enflasyon,macro_economy,5,28,7,0,30.450000000000003,16.2375,0.875,positive,2006,44.26934,0.36678884302318493
2006-12-01,Adalet ve Kalkınma Partisi,interest,Faiz,macro_economy,15,79,37,0,91.95,68.47915,0.9736842105263158,positive,2006,113.233565,0.6047601698312687
2006-12-01,Anavatan Partisi,interest,Faiz,macro_economy,2,4,3,0,5.050000000000001,3.1417900000000003,0.75,positive,2006,113.233565,0.02774610160865288
2006-12-01,Cumhuriyet Halk Partisi,interest,Faiz,macro_economy,14,56,40,4,71.4,41.612625,0.8,positive,2006,113.233565,0.36749372856007845
2006-12-01,Adalet ve Kalkınma Partisi,law_state,Hukuk Devleti,democratic_reform,27,134,83,10,166.55,97.671865,0.776595744680851,positive,2006,234.607215,0.4163208066725484
2006-12-01,Anavatan Partisi,law_state,Hukuk Devleti,democratic_reform,3,52,55,4,72.65,55.61714,0.85,positive,2006,234.607215,0.2370649172064039
2006-12-01,Cumhuriyet Halk Partisi,law_state,Hukuk Devleti,democratic_reform,17,91,104,16,133.0,81.31821,0.7272727272727273,positive,2006,234.607215,0.34661427612104767
2006-12-01,Adalet ve Kalkınma Partisi,reform,Reform,democratic_reform,16,40,30,4,51.9,25.690855,0.7428571428571429,positive,2006,34.736745,0.7395872871796134
2006-12-01,Anavatan Partisi,reform,Reform,democratic_reform,2,6,4,0,7.4,5.2124999999999995,0.8,positive,2006,34.736745,0.15005723766000525
2006-12-01,Cumhuriyet Halk Partisi,reform,Reform,democratic_reform,4,4,5,0,5.75,3.15839,0.8333333333333334,positive,2006,34.736745,0.09092360265764682
2006-12-01,Doğru Yol Partisi,reform,Reform,democratic_reform,1,1,1,0,1.35,0.675,0.5,positive,2006,34.736745,0.0194318725027345
2006-12-01,Adalet ve Kalkınma Partisi,security,Guvenlik,security_conflict,24,109,68,1,133.15,100.707265,0.9571428571428572,positive,2006,111.66976500000001,0.901831082030127
2006-12-01,Anavatan Partisi,security,Guvenlik,security_conflict,2,2,2,0,2.7,1.35,0.6666666666666666,positive,2006,111.66976500000001,0.012089216808148562
2006-12-01,Cumhuriyet Halk Partisi,security,Guvenlik,security_conflict,9,18,13,2,23.25,9.6125,0.6875,positive,2006,111.66976500000001,0.08607970116172448
2006-12-01,Anavatan Partisi,sovereignty,Egemenlik,security_conflict,1,1,1,0,1.35,0.675,0.5,positive,2006,0.675,1.0
2006-12-01,Adalet ve Kalkınma Partisi,constitution,Anayasa,constitutional_conflict,87,260,44,25,284.15,284.15,0.2714285714285714,total,2006,683.35,0.4158191263627716
2006-12-01,Anavatan Partisi,constitution,Anayasa,constitutional_conflict,17,35,7,5,39.2,39.2,0.15384615384615385,total,2006,683.35,0.05736445452549938
2006-12-01,Bağımsız,constitution,Anayasa,constitutional_conflict,4,13,0,2,13.7,13.7,-0.6666666666666666,total,2006,683.35,0.02004829150508524
2006-12-01,Cumhuriyet Halk Partisi,constitution,Anayasa,constitutional_conflict,123,307,73,25,341.3,341.3,0.48484848484848486,total,2006,683.35,0.49945123289675863
2006-12-01,Doğru Yol Partisi,constitution,Anayasa,constitutional_conflict,4,5,0,0,5.0,5.0,0.0,total,2006,683.35,0.007316894709885125
2006-12-01,Adalet ve Kalkınma Partisi,democracy,Demokrasi,democratic_reform,49,94,46,6,112.2,112.2,0.7547169811320755,total,2006,296.2,0.3787981093855503
2006-12-01,Anavatan Partisi,democracy,Demokrasi,democratic_reform,6,16,6,3,19.15,19.15,0.3,total,2006,296.2,0.06465226198514518
2006-12-01,Bağımsız,democracy,Demokrasi,democratic_reform,3,8,5,1,10.1,10.1,0.5714285714285714,total,2006,296.2,0.03409858203916273
2006-12-01,Cumhuriyet Halk Partisi,democracy,Demokrasi,democratic_reform,83,136,29,16,151.75,151.75,0.2826086956521739,total,2006,296.2,0.512322754895341
2006-12-01,Doğru Yol Partisi,democracy,Demokrasi,democratic_reform,2,3,0,0,3.0,3.0,0.0,total,2006,296.2,0.01012829169480081
2006-12-01,Adalet ve Kalkınma Partisi,economy,Ekonomi,macro_economy,178,805,584,176,1071.0,1071.0,0.5361366622864652,total,2006,2048.65,0.5227832963170869
2006-12-01,Anavatan Partisi,economy,Ekonomi,macro_economy,32,127,54,45,161.65,161.65,0.09,total,2006,2048.65,0.07890562077465647
2006-12-01,Bağımsız,economy,Ekonomi,macro_economy,6,128,44,60,164.4,164.4,-0.1523809523809524,total,2006,2048.65,0.08024796817416348
2006-12-01,Cumhuriyet Halk Partisi,economy,Ekonomi,macro_economy,133,496,202,145,617.45,617.45,0.16379310344827586,total,2006,2048.65,0.3013936006638518
2006-12-01,Doğru Yol Partisi,economy,Ekonomi,macro_economy,7,24,27,2,34.15,34.15,0.8333333333333334,total,2006,2048.65,0.01666951407024138
2006-12-01,Adalet ve Kalkınma Partisi,european_union,Avrupa Birligi,democratic_reform,58,118,45,20,140.75,140.75,0.3787878787878788,total,2006,370.4,0.3799946004319655
2006-12-01,Anavatan Partisi,european_union,Avrupa Birligi,democratic_reform,23,43,22,14,55.6,55.6,0.21621621621621623,total,2006,370.4,0.15010799136069117
2006-12-01,Bağımsız,european_union,Avrupa Birligi,democratic_reform,5,33,14,5,39.65,39.65,0.45,total,2006,370.4,0.10704643628509719
2006-12-01,Cumhuriyet Halk Partisi,european_union,Avrupa Birligi,democratic_reform,47,111,40,24,133.4,133.4,0.24615384615384617,total,2006,370.4,0.36015118790496764
2006-12-01,Doğru Yol Partisi,european_union,Avrupa Birligi,democratic_reform,1,1,0,0,1.0,1.0,0.0,total,2006,370.4,0.002699784017278618
2006-12-01,Adalet ve Kalkınma Partisi,imf,IMF,macro_economy,15,26,7,2,29.150000000000002,29.150000000000002,0.5,total,2006,155.0,0.18806451612903227
2006-12-01,Anavatan Partisi,imf,IMF,macro_economy,17,30,8,10,36.3,36.3,-0.10526315789473684,total,2006,155.0,0.23419354838709674
2006-12-01,Bağımsız,imf,IMF,macro_economy,2,10,3,6,13.15,13.15,-0.3,total,2006,155.0,0.08483870967741935
2006-12-01,Cumhuriyet Halk Partisi,imf,IMF,macro_economy,29,61,15,29,76.4,76.4,-0.3111111111111111,total,2006,155.0,0.49290322580645163
2006-12-01,Adalet ve Kalkınma Partisi,inflation,Enflasyon,macro_economy,38,76,33,13,92.1,92.1,0.425531914893617,total,2006,205.95,0.4471959213401311
2006-12-01,Anavatan Partisi,inflation,Enflasyon,macro_economy,11,15,2,3,16.75,16.75,-0.16666666666666666,total,2006,205.95,0.08133042000485555
2006-12-01,Bağımsız,inflation,Enflasyon,macro_economy,2,16,0,5,17.75,17.75,-0.8333333333333334,total,2006,205.95,0.086185967467832
2006-12-01,Cumhuriyet Halk Partisi,inflation,Enflasyon,macro_economy,25,70,8,12,77.0,77.0,-0.19047619047619047,total,2006,205.95,0.3738771546491867
2006-12-01,Doğru Yol Partisi,inflation,Enflasyon,macro_economy,1,2,0,1,2.35,2.35,-0.5,total,2006,205.95,0.01141053653799466
2006-12-01,Adalet ve Kalkınma Partisi,interest,Faiz,macro_economy,41,148,43,12,167.25,167.25,0.5535714285714286,total,2006,340.40000000000003,0.49133372502937717
2006-12-01,Anavatan Partisi,interest,Faiz,macro_economy,11,14,3,0,15.05,15.05,0.75,total,2006,340.40000000000003,0.044212690951821385
2006-12-01,Bağımsız,interest,Faiz,macro_economy,1,6,0,1,6.35,6.35,-0.5,total,2006,340.40000000000003,0.018654524089306696
2006-12-01,Cumhuriyet Halk Partisi,interest,Faiz,macro_economy,42,127,42,22,149.4,149.4,0.3076923076923077,total,2006,340.40000000000003,0.4388954171562867
2006-12-01,Doğru Yol Partisi,interest,Faiz,macro_economy,2,2,0,1,2.35,2.35,-0.5,total,2006,340.40000000000003,0.0069036427732079905
2006-12-01,Adalet ve Kalkınma Partisi,law_state,Hukuk Devleti,democratic_reform,119,401,122,106,480.8,480.8,0.06986899563318777,total,2006,1121.25,0.42880713489409145
2006-12-01,Anavatan Partisi,law_state,Hukuk Devleti,democratic_reform,26,90,56,15,114.85,114.85,0.5694444444444444,total,2006,1121.25,0.1024303232998885
2006-12-01,Bağımsız,law_state,Hukuk Devleti,democratic_reform,2,4,2,2,5.4,5.4,0.0,total,2006,1121.25,0.004816053511705686
2006-12-01,Cumhuriyet Halk Partisi,law_state,Hukuk Devleti,democratic_reform,145,434,131,101,515.2,515.2,0.12875536480686695,total,2006,1121.25,0.45948717948717954
2006-12-01,Doğru Yol Partisi,law_state,Hukuk Devleti,democratic_reform,2,5,0,0,5.0,5.0,0.0,total,2006,1121.25,0.004459308807134894
2006-12-01,Adalet ve Kalkınma Partisi,reform,Reform,democratic_reform,53,123,35,17,141.2,141.2,0.33962264150943394,total,2006,213.29999999999998,0.6619784341303329
2006-12-01,Anavatan Partisi,reform,Reform,democratic_reform,10,18,4,0,19.4,19.4,0.8,total,2006,213.29999999999998,0.09095171120487576
2006-12-01,Bağımsız,reform,Reform,democratic_reform,1,2,0,0,2.0,2.0,0.0,total,2006,213.29999999999998,0.009376465072667605
2006-12-01,Cumhuriyet Halk Partisi,reform,Reform,democratic_reform,29,42,6,15,49.35,49.35,-0.4090909090909091,total,2006,213.29999999999998,0.23136427566807316
2006-12-01,Doğru Yol Partisi,reform,Reform,democratic_reform,1,1,1,0,1.35,1.35,0.5,total,2006,213.29999999999998,0.006329113924050634
2006-12-01,Adalet ve Kalkınma Partisi,security,Guvenlik,security_conflict,109,330,96,127,408.05,408.05,-0.13839285714285715,total,2006,771.1,0.5291790947996369
2006-12-01,Anavatan Partisi,security,Guvenlik,security_conflict,26,79,14,68,107.7,107.7,-0.6506024096385542,total,2006,771.1,0.13967060044092855
2006-12-01,Bağımsız,security,Guvenlik,security_conflict,3,17,2,5,19.450000000000003,19.450000000000003,-0.375,total,2006,771.1,0.025223706393463885
2006-12-01,Cumhuriyet Halk Partisi,security,Guvenlik,security_conflict,68,174,33,120,227.55,227.55,-0.564935064935065,total,2006,771.1,0.295097912073661
2006-12-01,Doğru Yol Partisi,security,Guvenlik,security_conflict,5,8,0,1,8.35,8.35,-0.5,total,2006,771.1,0.010828686292309687
2006-12-01,Adalet ve Kalkınma Partisi,sovereignty,Egemenlik,security_conflict,3,6,0,2,6.7,6.7,-0.6666666666666666,total,2006,19.8,0.3383838383838384
2006-12-01,Anavatan Partisi,sovereignty,Egemenlik,security_conflict,1,1,1,0,1.35,1.35,0.5,total,2006,19.8,0.06818181818181819
2006-12-01,Cumhuriyet Halk Partisi,sovereignty,Egemenlik,security_conflict,4,10,0,5,11.75,11.75,-0.8333333333333334,total,2006,19.8,0.5934343434343434
2006-12-01,Anavatan Partisi,tutelage,Vesayet,constitutional_conflict,1,1,1,1,1.7,1.7,0.0,total,2006,10.2,0.16666666666666669
2006-12-01,Cumhuriyet Halk Partisi,tutelage,Vesayet,constitutional_conflict,2,5,2,8,8.5,8.5,-0.5454545454545454,total,2006,10.2,0.8333333333333334
2007-01-01,Adalet ve Kalkınma Partisi,constitution,Anayasa,constitutional_conflict,4,36,1,6,38.449999999999996,16.185,-0.625,negative,2007,45.983689999999996,0.3519726233366657
2007-01-01,Anavatan Partisi,constitution,Anayasa,constitutional_conflict,1,1,0,1,1.35,0.675,-0.5,negative,2007,45.983689999999996,0.014679117748053715
2007-01-01,Cumhuriyet Halk Partisi,constitution,Anayasa,constitutional_conflict,6,61,2,15,66.95,29.123689999999996,-0.7222222222222222,negative,2007,45.983689999999996,0.6333482589152806
2007-01-01,Adalet ve Kalkınma Partisi,democracy,Demokrasi,democratic_reform,4,6,1,5,8.1,3.2875,-0.5714285714285714,negative,2007,7.09589,0.4632963588781675
2007-01-01,Anavatan Partisi,democracy,Demokrasi,democratic_reform,1,1,0,2,1.7,1.13339,-0.6666666666666666,negative,2007,7.09589,0.15972485481031976
2007-01-01,Bağımsız,democracy,Demokrasi,democratic_reform,1,5,0,1,5.35,2.675,-0.5,negative,2007,7.09589,0.3769787863115127
2007-01-01,Adalet ve Kalkınma Partisi,economy,Ekonomi,macro_economy,7,29,11,42,47.55,25.828049999999998,-0.5740740740740741,negative,2007,53.64121,0.4814964091973316
2007-01-01,Anavatan Partisi,economy,Ekonomi,macro_economy,2,8,0,4,9.4,6.7125,-0.8,negative,2007,53.64121,0.12513699821461896
2007-01-01,Bağımsız,economy,Ekonomi,macro_economy,2,8,1,5,10.1,5.05,-0.5714285714285714,negative,2007,53.64121,0.09414403590075615
2007-01-01,Cumhuriyet Halk Partisi,economy,Ekonomi,macro_economy,6,22,0,10,25.5,16.05066,-0.9090909090909091,negative,2007,53.64121,0.29922255668729325
2007-01-01,Adalet ve Kalkınma Partisi,european_union,Avrupa Birligi,democratic_reform,5,44,4,29,55.55,32.916965000000005,-0.7352941176470589,negative,2007,36.337855000000005,0.905858780051822
2007-01-01,Bağımsız,european_union,Avrupa Birligi,democratic_reform,1,2,0,3,3.05,2.2874999999999996,-0.75,negative,2007,36.337855000000005,0.06295088138801808
2007-01-01,Cumhuriyet Halk Partisi,european_union,Avrupa Birligi,democratic_reform,1,1,0,2,1.7,1.13339,-0.6666666666666666,negative,2007,36.337855000000005,0.031190338560159913
2007-01-01,Adalet ve Kalkınma Partisi,imf,IMF,macro_economy,1,1,0,1,1.35,0.675,-0.5,negative,2007,0.675,1.0
2007-01-01,Cumhuriyet Halk Partisi,inflation,Enflasyon,macro_economy,1,1,0,1,1.35,0.675,-0.5,negative,2007,0.675,1.0
2007-01-01,Adalet ve Kalkınma Partisi,interest,Faiz,macro_economy,1,6,5,8,10.55,2.260865,-0.21428571428571427,negative,2007,2.9358649999999997,0.7700847961333372
2007-01-01,Cumhuriyet Halk Partisi,interest,Faiz,macro_economy,1,1,0,1,1.35,0.675,-0.5,negative,2007,2.9358649999999997,0.22991520386666284
2007-01-01,Adalet ve Kalkınma Partisi,law_state,Hukuk Devleti,democratic_reform,5,10,0,5,11.75,5.875,-0.8333333333333334,negative,2007,24.62565,0.23857238286096002
2007-01-01,Bağımsız,law_state,Hukuk Devleti,democratic_reform,3,12,0,5,13.749999999999998,8.77538,-0.8333333333333334,negative,2007,24.62565,0.35635120291241046
2007-01-01,Cumhuriyet Halk Partisi,law_state,Hukuk Devleti,democratic_reform,7,15,3,14,20.95,9.97527,-0.6111111111111112,negative,2007,24.62565,0.40507641422662954
2007-01-01,Adalet ve Kalkınma Partisi,reform,Reform,democratic_reform,1,2,0,2,2.7,1.80009,-0.6666666666666666,negative,2007,3.65009,0.49316318227769723
2007-01-01,Anavatan Partisi,reform,Reform,democratic_reform,1,2,0,1,2.35,1.175,-0.5,negative,2007,3.65009,0.32190987071551663
2007-01-01,Doğru Yol Partisi,reform,Reform,democratic_reform,1,1,0,1,1.35,0.675,-0.5,negative,2007,3.65009,0.18492694700678614
2007-01-01,Adalet ve Kalkınma Partisi,security,Guvenlik,security_conflict,6,24,1,17,30.3,19.54338,-0.8421052631578947,negative,2007,68.04804,0.2871997488832889
2007-01-01,Anavatan Partisi,security,Guvenlik,security_conflict,1,1,0,1,1.35,0.675,-0.5,negative,2007,68.04804,0.009919462779530461
2007-01-01,Bağımsız,security,Guvenlik,security_conflict,2,2,0,2,2.7,1.35,-0.6666666666666666,negative,2007,68.04804,0.019838925559060923
2007-01-01,Cumhuriyet Halk Partisi,security,Guvenlik,security_conflict,10,53,5,34,66.64999999999999,41.06091,-0.725,negative,2007,68.04804,0.6034106199091113
2007-01-01,Doğru Yol Partisi,security,Guvenlik,security_conflict,1,12,2,5,14.45,5.418749999999999,-0.375,negative,2007,68.04804,0.07963124286900841
2007-01-01,Adalet ve Kalkınma Partisi,constitution,Anayasa,constitutional_conflict,7,32,11,0,35.85,24.087680000000002,0.9166666666666666,positive,2007,29.950180000000003,0.8042582715696533
2007-01-01,Anavatan Partisi,constitution,Anayasa,constitutional_conflict,2,16,3,1,17.400000000000002,4.6875,0.4,positive,2007,29.950180000000003,0.156509910791855
2007-01-01,Cumhuriyet Halk Partisi,constitution,Anayasa,constitutional_conflict,1,2,1,0,2.35,1.175,0.5,positive,2007,29.950180000000003,0.03923181763849165
2007-01-01,Adalet ve Kalkınma Partisi,democracy,Demokrasi,democratic_reform,7,9,8,0,11.8,6.35009,0.8888888888888888,positive,2007,35.442074999999996,0.17916812150530126
2007-01-01,Bağımsız,democracy,Demokrasi,democratic_reform,1,1,1,0,1.35,0.675,0.5,positive,2007,35.442074999999996,0.019045160307346567
2007-01-01,Cumhuriyet Halk Partisi,democracy,Demokrasi,democratic_reform,3,41,26,8,52.9,24.629485,0.5142857142857142,positive,2007,35.442074999999996,0.6949222075739077
2007-01-01,Doğru Yol Partisi,democracy,Demokrasi,democratic_reform,1,4,3,0,5.05,3.7874999999999996,0.75,positive,2007,35.442074999999996,0.10686451061344461
2007-01-01,Adalet ve Kalkınma Partisi,economy,Ekonomi,macro_economy,21,63,90,3,95.55,71.04779,0.925531914893617,positive,2007,93.54442,0.759508584264032
2007-01-01,Anavatan Partisi,economy,Ekonomi,macro_economy,1,6,2,0,6.7,4.46689,0.6666666666666666,positive,2007,93.54442,0.047751538787669
2007-01-01,Bağımsız,economy,Ekonomi,macro_economy,1,1,2,0,1.7,1.13339,0.6666666666666666,positive,2007,93.54442,0.012116062080453328
2007-01-01,Cumhuriyet Halk Partisi,economy,Ekonomi,macro_economy,8,19,14,0,23.9,15.09626,0.9333333333333333,positive,2007,93.54442,0.1613806574459492
2007-01-01,Doğru Yol Partisi,economy,Ekonomi,macro_economy,1,2,2,0,2.7,1.80009,0.6666666666666666,positive,2007,93.54442,0.019243157421896463
2007-01-01,Adalet ve Kalkınma Partisi,european_union,Avrupa Birligi,democratic_reform,7,29,15,5,36.0,13.721755,0.47619047619047616,positive,2007,20.93045,0.655588150278661
2007-01-01,Anavatan Partisi,european_union,Avrupa Birligi,democratic_reform,1,7,8,3,10.85,4.521195,0.4166666666666667,positive,2007,20.93045,0.21601040589189432
2007-01-01,Cumhuriyet Halk Partisi,european_union,Avrupa Birligi,democratic_reform,2,8,3,1,9.4,2.6875,0.4,positive,2007,20.93045,0.12840144382944466
2007-01-01,Adalet ve Kalkınma Partisi,inflation,Enflasyon,macro_economy,1,1,4,0,2.4,1.92,0.8,positive,2007,2.5949999999999998,0.7398843930635839
2007-01-01,Anavatan Partisi,inflation,Enflasyon,macro_economy,1,1,1,0,1.35,0.675,0.5,positive,2007,2.5949999999999998,0.2601156069364162
2007-01-01,Adalet ve Kalkınma Partisi,interest,Faiz,macro_economy,1,1,5,0,2.75,2.291575,0.8333333333333334,positive,2007,2.9665749999999997,0.7724648795327946
2007-01-01,Cumhuriyet Halk Partisi,interest,Faiz,macro_economy,1,1,1,0,1.35,0.675,0.5,positive,2007,2.9665749999999997,0.22753512046720548
2007-01-01,Adalet ve Kalkınma Partisi,law_state,Hukuk Devleti,democratic_reform,5,20,17,0,25.950000000000003,21.258895,0.9444444444444444,positive,2007,35.667249999999996,0.5960340368265006
2007-01-01,Bağımsız,law_state,Hukuk Devleti,democratic_reform,2,9,3,0,10.05,5.64179,0.75,positive,2007,35.667249999999996,0.158178441006806
2007-01-01,Cumhuriyet Halk Partisi,law_state,Hukuk Devleti,democratic_reform,3,9,8,0,11.8,8.766565,0.8888888888888888,positive,2007,35.667249999999996,0.24578752216669356
2007-01-01,Adalet ve Kalkınma Partisi,reform,Reform,democratic_reform,5,15,10,0,18.5,11.52947,0.9090909090909091,positive,2007,12.20447,0.9446923954911601
2007-01-01,Cumhuriyet Halk Partisi,reform,Reform,democratic_reform,1,1,1,0,1.35,0.675,0.5,positive,2007,12.20447,0.05530760450883979
2007-01-01,Adalet ve Kalkınma Partisi,security,Guvenlik,security_conflict,4,7,4,0,8.4,4.2,0.8,positive,2007,16.549,0.253791769895462
2007-01-01,Bağımsız,security,Guvenlik,security_conflict,1,2,1,0,2.35,1.175,0.5,positive,2007,16.549,0.07100126895884948
2007-01-01,Cumhuriyet Halk Partisi,security,Guvenlik,security_conflict,2,26,8,3,29.85,11.174,0.4166666666666667,positive,2007,16.549,0.6752069611456886
2007-01-01,Adalet ve Kalkınma Partisi,constitution,Anayasa,constitutional_conflict,30,108,13,7,115.0,115.0,0.2857142857142857,total,2007,268.85,0.42774781476659846
2007-01-01,Anavatan Partisi,constitution,Anayasa,constitutional_conflict,5,22,3,2,23.75,23.75,0.16666666666666666,total,2007,268.85,0.08833922261484098
2007-01-01,Bağımsız,constitution,Anayasa,constitutional_conflict,3,7,0,0,7.0,7.0,0.0,total,2007,268.85,0.02603682350753208
2007-01-01,Cumhuriyet Halk Partisi,constitution,Anayasa,constitutional_conflict,27,109,5,17,116.7,116.7,-0.5217391304347826,total,2007,268.85,0.4340710433327134
2007-01-01,Doğru Yol Partisi,constitution,Anayasa,constitutional_conflict,2,5,2,2,6.4,6.4,0.0,total,2007,268.85,0.023805095778315046
2007-01-01,Adalet ve Kalkınma Partisi,democracy,Demokrasi,democratic_reform,22,28,9,5,32.9,32.9,0.26666666666666666,total,2007,146.15,0.22511118713650358
2007-01-01,Anavatan Partisi,democracy,Demokrasi,democratic_reform,2,3,0,2,3.7,3.7,-0.6666666666666666,total,2007,146.15,0.02531645569620253
2007-01-01,Bağımsız,democracy,Demokrasi,democratic_reform,5,9,1,1,9.7,9.7,0.0,total,2007,146.15,0.0663701676359904
2007-01-01,Cumhuriyet Halk Partisi,democracy,Demokrasi,democratic_reform,13,78,33,15,94.8,94.8,0.3673469387755102,total,2007,146.15,0.6486486486486486
2007-01-01,Doğru Yol Partisi,democracy,Demokrasi,democratic_reform,1,4,3,0,5.05,5.05,0.75,total,2007,146.15,0.034553540882654804
2007-01-01,Adalet ve Kalkınma Partisi,economy,Ekonomi,macro_economy,44,121,104,47,173.85,173.85,0.375,total,2007,312.75,0.5558752997601918
2007-01-01,Anavatan Partisi,economy,Ekonomi,macro_economy,5,17,2,4,19.1,19.1,-0.2857142857142857,total,2007,312.75,0.061071143085531576
2007-01-01,Bağımsız,economy,Ekonomi,macro_economy,5,25,14,17,35.85,35.85,-0.09375,total,2007,312.75,0.11462829736211032
2007-01-01,Cumhuriyet Halk Partisi,economy,Ekonomi,macro_economy,27,69,20,15,81.25,81.25,0.1388888888888889,total,2007,312.75,0.2597921662669864
2007-01-01,Doğru Yol Partisi,economy,Ekonomi,macro_economy,1,2,2,0,2.7,2.7,0.6666666666666666,total,2007,312.75,0.008633093525179856
2007-01-01,Adalet ve Kalkınma Partisi,european_union,Avrupa Birligi,democratic_reform,28,100,23,38,121.35,121.35,-0.24193548387096775,total,2007,162.35,0.7474591931013242
2007-01-01,Anavatan Partisi,european_union,Avrupa Birligi,democratic_reform,4,11,8,3,14.85,14.85,0.4166666666666667,total,2007,162.35,0.09146904835232522
2007-01-01,Bağımsız,european_union,Avrupa Birligi,democratic_reform,4,5,0,3,6.05,6.05,-0.75,total,2007,162.35,0.03726516784724361
2007-01-01,Cumhuriyet Halk Partisi,european_union,Avrupa Birligi,democratic_reform,8,18,3,3,20.1,20.1,0.0,total,2007,162.35,0.12380659069910688
2007-01-01,Adalet ve Kalkınma Partisi,imf,IMF,macro_economy,1,1,0,1,1.35,1.35,-0.5,total,2007,3.35,0.40298507462686567
2007-01-01,Cumhuriyet Halk Partisi,imf,IMF,macro_economy,2,2,0,0,2.0,2.0,0.0,total,2007,3.35,0.5970149253731343
2007-01-01,Adalet ve Kalkınma Partisi,inflation,Enflasyon,macro_economy,2,2,4,0,3.4,3.4,0.8,total,2007,9.1,0.37362637362637363
2007-01-01,Anavatan Partisi,inflation,Enflasyon,macro_economy,1,1,1,0,1.35,1.35,0.5,total,2007,9.1,0.14835164835164838
2007-01-01,Bağımsız,inflation,Enflasyon,macro_economy,1,1,0,0,1.0,1.0,0.0,total,2007,9.1,0.10989010989010989
2007-01-01,Cumhuriyet Halk Partisi,inflation,Enflasyon,macro_economy,3,3,0,1,3.35,3.35,-0.5,total,2007,9.1,0.36813186813186816
2007-01-01,Adalet ve Kalkınma Partisi,interest,Faiz,macro_economy,8,15,10,8,21.3,21.3,0.10526315789473684,total,2007,48.7,0.43737166324435317
2007-01-01,Anavatan Partisi,interest,Faiz,macro_economy,4,9,0,0,9.0,9.0,0.0,total,2007,48.7,0.18480492813141683
2007-01-01,Bağımsız,interest,Faiz,macro_economy,1,2,0,0,2.0,2.0,0.0,total,2007,48.7,0.04106776180698152
2007-01-01,Cumhuriyet Halk Partisi,interest,Faiz,macro_economy,4,15,2,2,16.4,16.4,0.0,total,2007,48.7,0.3367556468172484
2007-01-01,Adalet ve Kalkınma Partisi,law_state,Hukuk Devleti,democratic_reform,30,59,17,5,66.7,66.7,0.5217391304347826,total,2007,153.95000000000002,0.4332575511529717
2007-01-01,Bağımsız,law_state,Hukuk Devleti,democratic_reform,6,22,3,5,24.8,24.8,-0.2222222222222222,total,2007,153.95000000000002,0.16109126339720686
2007-01-01,Cumhuriyet Halk Partisi,law_state,Hukuk Devleti,democratic_reform,24,50,12,15,59.45,59.45,-0.10714285714285714,total,2007,153.95000000000002,0.38616433907112696
2007-01-01,Doğru Yol Partisi,law_state,Hukuk Devleti,democratic_reform,3,3,0,0,3.0,3.0,0.0,total,2007,153.95000000000002,0.01948684637869438
2007-01-01,Adalet ve Kalkınma Partisi,reform,Reform,democratic_reform,9,21,10,2,25.2,25.2,0.6153846153846154,total,2007,35.949999999999996,0.7009735744089013
2007-01-01,Anavatan Partisi,reform,Reform,democratic_reform,3,5,0,1,5.35,5.35,-0.5,total,2007,35.949999999999996,0.14881780250347706
2007-01-01,Cumhuriyet Halk Partisi,reform,Reform,democratic_reform,3,3,2,1,4.05,4.05,0.25,total,2007,35.949999999999996,0.11265646731571628
2007-01-01,Doğru Yol Partisi,reform,Reform,democratic_reform,1,1,0,1,1.35,1.35,-0.5,total,2007,35.949999999999996,0.03755215577190543
2007-01-01,Adalet ve Kalkınma Partisi,security,Guvenlik,security_conflict,20,51,7,19,60.1,60.1,-0.4444444444444444,total,2007,202.0,0.2975247524752475
2007-01-01,Anavatan Partisi,security,Guvenlik,security_conflict,3,3,0,1,3.35,3.35,-0.5,total,2007,202.0,0.016584158415841585
2007-01-01,Bağımsız,security,Guvenlik,security_conflict,5,14,5,5,17.5,17.5,0.0,total,2007,202.0,0.08663366336633663
2007-01-01,Cumhuriyet Halk Partisi,security,Guvenlik,security_conflict,15,87,16,40,106.6,106.6,-0.42105263157894735,total,2007,202.0,0.5277227722772277
2007-01-01,Doğru Yol Partisi,security,Guvenlik,security_conflict,1,12,2,5,14.45,14.45,-0.375,total,2007,202.0,0.07153465346534653
2007-01-01,Adalet ve Kalkınma Partisi,sovereignty,Egemenlik,security_conflict,3,3,1,1,3.7,3.7,0.0,total,2007,5.7,0.6491228070175439
2007-01-01,Cumhuriyet Halk Partisi,sovereignty,Egemenlik,security_conflict,1,1,0,0,1.0,1.0,0.0,total,2007,5.7,0.17543859649122806
2007-01-01,Doğru Yol Partisi,sovereignty,Egemenlik,security_conflict,1,1,0,0,1.0,1.0,0.0,total,2007,5.7,0.17543859649122806
2007-02-01,Adalet ve Kalkınma Partisi,constitution,Anayasa,constitutional_conflict,2,3,0,2,3.7,1.85,-0.6666666666666666,negative,2007,29.408759999999997,0.06290642652053334
2007-02-01,Anavatan Partisi,constitution,Anayasa,constitutional_conflict,1,10,0,1,10.35,5.175,-0.5,negative,2007,29.408759999999997,0.17596797688851895
2007-02-01,Cumhuriyet Halk Partisi,constitution,Anayasa,constitutional_conflict,9,29,0,17,34.95,22.38376,-0.9444444444444444,negative,2007,29.408759999999997,0.7611255965909478
2007-02-01,Adalet ve Kalkınma Partisi,democracy,Demokrasi,democratic_reform,2,2,0,2,2.7,1.35,-0.6666666666666666,negative,2007,4.48349,0.3011047197607222
2007-02-01,Cumhuriyet Halk Partisi,democracy,Demokrasi,democratic_reform,1,4,0,2,4.7,3.13349,-0.6666666666666666,negative,2007,4.48349,0.6988952802392779
2007-02-01,Adalet ve Kalkınma Partisi,economy,Ekonomi,macro_economy,8,32,5,41,48.1,31.638049999999996,-0.7659574468085106,negative,2007,88.687935,0.3567345434302873
2007-02-01,Anavatan Partisi,economy,Ekonomi,macro_economy,6,29,8,22,39.5,16.04753,-0.45161290322580644,negative,2007,88.687935,0.18094377775285894
2007-02-01,Bağımsız,economy,Ekonomi,macro_economy,3,26,7,28,38.25,20.63677,-0.5833333333333334,negative,2007,88.687935,0.23268971140212025
2007-02-01,Cumhuriyet Halk Partisi,economy,Ekonomi,macro_economy,5,20,3,13,25.6,11.3374,-0.5882352941176471,negative,2007,88.687935,0.12783475001419303
2007-02-01,Doğru Yol Partisi,economy,Ekonomi,macro_economy,3,7,0,12,11.2,9.028185,-0.9230769230769231,negative,2007,88.687935,0.10179721740054046
2007-02-01,Adalet ve Kalkınma Partisi,european_union,Avrupa Birligi,democratic_reform,2,3,0,2,3.7,1.85,-0.6666666666666666,negative,2007,28.238,0.06551455485515972
2007-02-01,Anavatan Partisi,european_union,Avrupa Birligi,democratic_reform,2,4,0,2,4.7,2.35,-0.6666666666666666,negative,2007,28.238,0.08322119130250018
2007-02-01,Bağımsız,european_union,Avrupa Birligi,democratic_reform,1,39,8,16,47.4,15.168,-0.32,negative,2007,28.238,0.5371485232665203
2007-02-01,Cumhuriyet Halk Partisi,european_union,Avrupa Birligi,democratic_reform,2,9,0,5,10.75,8.195,-0.8333333333333334,negative,2007,28.238,0.29021177137191023
2007-02-01,Doğru Yol Partisi,european_union,Avrupa Birligi,democratic_reform,1,1,0,1,1.35,0.675,-0.5,negative,2007,28.238,0.023903959203909628
2007-02-01,Anavatan Partisi,imf,IMF,macro_economy,1,1,0,1,1.35,0.675,-0.5,negative,2007,1.35,0.5
2007-02-01,Cumhuriyet Halk Partisi,imf,IMF,macro_economy,1,1,0,1,1.35,0.675,-0.5,negative,2007,1.35,0.5
2007-02-01,Adalet ve Kalkınma Partisi,interest,Faiz,macro_economy,4,38,3,11,42.9,19.879795,-0.5333333333333333,negative,2007,20.554795000000002,0.9671609471172055
2007-02-01,Anavatan Partisi,interest,Faiz,macro_economy,1,1,0,1,1.35,0.675,-0.5,negative,2007,20.554795000000002,0.0328390528827945
2007-02-01,Adalet ve Kalkınma Partisi,law_state,Hukuk Devleti,democratic_reform,7,13,1,14,18.25,11.291475,-0.8125,negative,2007,33.291745,0.33916741222185864
2007-02-01,Anavatan Partisi,law_state,Hukuk Devleti,democratic_reform,4,7,1,11,11.200000000000001,6.74678,-0.7692307692307693,negative,2007,33.291745,0.2026562440629051
2007-02-01,Cumhuriyet Halk Partisi,law_state,Hukuk Devleti,democratic_reform,8,21,1,15,26.6,15.253490000000001,-0.8235294117647058,negative,2007,33.291745,0.45817634371523636
2007-02-01,Adalet ve Kalkınma Partisi,reform,Reform,democratic_reform,1,3,0,3,4.05,3.0374999999999996,-0.75,negative,2007,4.7124999999999995,0.6445623342175066
2007-02-01,Anavatan Partisi,reform,Reform,democratic_reform,1,3,0,1,3.35,1.675,-0.5,negative,2007,4.7124999999999995,0.3554376657824934
2007-02-01,Adalet ve Kalkınma Partisi,security,Guvenlik,security_conflict,6,15,1,16,20.95,13.741745,-0.8333333333333334,negative,2007,24.271025,0.5661790138652982
2007-02-01,Anavatan Partisi,security,Guvenlik,security_conflict,2,2,1,5,4.1,2.09339,-0.5714285714285714,negative,2007,24.271025,0.08625058068210963
2007-02-01,Bağımsız,security,Guvenlik,security_conflict,2,2,0,3,3.05,1.80839,-0.75,negative,2007,24.271025,0.07450818414137844
2007-02-01,Cumhuriyet Halk Partisi,security,Guvenlik,security_conflict,3,4,1,7,6.8,3.9075000000000006,-0.6666666666666666,negative,2007,24.271025,0.16099443678213016
2007-02-01,Doğru Yol Partisi,security,Guvenlik,security_conflict,1,2,0,4,3.4,2.72,-0.8,negative,2007,24.271025,0.11206778452908354
2007-02-01,Adalet ve Kalkınma Partisi,constitution,Anayasa,constitutional_conflict,2,12,3,1,13.4,3.6875,0.4,positive,2007,31.46275,0.11720208818364575
2007-02-01,Anavatan Partisi,constitution,Anayasa,constitutional_conflict,2,21,4,0,22.4,14.934079999999998,0.8,positive,2007,31.46275,0.4746590809767105
2007-02-01,Cumhuriyet Halk Partisi,constitution,Anayasa,constitutional_conflict,4,11,9,0,14.15,9.495280000000001,0.9,positive,2007,31.46275,0.30179434410533096
2007-02-01,Doğru Yol Partisi,constitution,Anayasa,constitutional_conflict,3,3,6,0,5.1,3.34589,0.8571428571428571,positive,2007,31.46275,0.1063444867343128
2007-02-01,Adalet ve Kalkınma Partisi,democracy,Demokrasi,democratic_reform,5,12,13,0,16.55,11.727500000000001,0.9285714285714286,positive,2007,12.402500000000002,0.9455754888127393
2007-02-01,Cumhuriyet Halk Partisi,democracy,Demokrasi,democratic_reform,1,1,1,0,1.35,0.675,0.5,positive,2007,12.402500000000002,0.05442451118726063
2007-02-01,Adalet ve Kalkınma Partisi,economy,Ekonomi,macro_economy,24,116,104,11,156.25,101.203895,0.8017241379310345,positive,2007,178.56175,0.5667725310711841
2007-02-01,Anavatan Partisi,economy,Ekonomi,macro_economy,6,19,13,4,24.950000000000003,9.84929,0.5,positive,2007,178.56175,0.05515901361853813
2007-02-01,Bağımsız,economy,Ekonomi,macro_economy,2,21,14,1,26.25,21.273195,0.8125,positive,2007,178.56175,0.11913634919012611
2007-02-01,Cumhuriyet Halk Partisi,economy,Ekonomi,macro_economy,15,54,38,2,68.0,43.9212,0.8780487804878049,positive,2007,178.56175,0.24597205168520134
2007-02-01,Doğru Yol Partisi,economy,Ekonomi,macro_economy,1,6,4,2,8.1,2.31417,0.2857142857142857,positive,2007,178.56175,0.012960054434950375
2007-02-01,Adalet ve Kalkınma Partisi,european_union,Avrupa Birligi,democratic_reform,10,53,28,2,63.5,42.014570000000006,0.8387096774193549,positive,2007,65.49379,0.6415046373098885
2007-02-01,Anavatan Partisi,european_union,Avrupa Birligi,democratic_reform,1,5,2,0,5.7,3.8001899999999997,0.6666666666666666,positive,2007,65.49379,0.05802366911427785
2007-02-01,Bağımsız,european_union,Avrupa Birligi,democratic_reform,2,7,2,0,7.699999999999999,3.8499999999999996,0.6666666666666666,positive,2007,65.49379,0.05878419923476713
2007-02-01,Cumhuriyet Halk Partisi,european_union,Avrupa Birligi,democratic_reform,3,12,13,0,16.55,13.02064,0.9285714285714286,positive,2007,65.49379,0.1988072456945918
2007-02-01,Doğru Yol Partisi,european_union,Avrupa Birligi,democratic_reform,2,4,3,0,5.05,2.80839,0.75,positive,2007,65.49379,0.042880248646474724
2007-02-01,Anavatan Partisi,imf,IMF,macro_economy,1,2,1,0,2.35,1.175,0.5,positive,2007,2.30839,0.5090127751376501
2007-02-01,Bağımsız,imf,IMF,macro_economy,1,1,2,0,1.7,1.13339,0.6666666666666666,positive,2007,2.30839,0.49098722486234986
2007-02-01,Adalet ve Kalkınma Partisi,inflation,Enflasyon,macro_economy,5,7,6,0,9.100000000000001,4.83339,0.8571428571428571,positive,2007,9.52839,0.507261982349589
2007-02-01,Anavatan Partisi,inflation,Enflasyon,macro_economy,2,5,7,3,8.5,3.02,0.36363636363636365,positive,2007,9.52839,0.316947564069061
2007-02-01,Cumhuriyet Halk Partisi,inflation,Enflasyon,macro_economy,1,3,1,0,3.35,1.675,0.5,positive,2007,9.52839,0.17579045358135006
2007-02-01,Adalet ve Kalkınma Partisi,interest,Faiz,macro_economy,5,13,9,1,16.5,8.31018,0.7272727272727273,positive,2007,12.338550000000001,0.673513500370789
2007-02-01,Cumhuriyet Halk Partisi,interest,Faiz,macro_economy,1,12,4,2,14.1,4.02837,0.2857142857142857,positive,2007,12.338550000000001,0.32648649962921084
2007-02-01,Adalet ve Kalkınma Partisi,law_state,Hukuk Devleti,democratic_reform,7,24,14,0,28.900000000000002,19.94009,0.9333333333333333,positive,2007,38.965379999999996,0.5117386254156896
2007-02-01,Anavatan Partisi,law_state,Hukuk Devleti,democratic_reform,2,5,4,0,6.4,3.9624999999999995,0.8,positive,2007,38.965379999999996,0.10169283605087387
2007-02-01,Bağımsız,law_state,Hukuk Devleti,democratic_reform,1,1,1,0,1.35,0.675,0.5,positive,2007,38.965379999999996,0.017323069863555807
2007-02-01,Cumhuriyet Halk Partisi,law_state,Hukuk Devleti,democratic_reform,7,20,10,0,23.5,13.712789999999998,0.9090909090909091,positive,2007,38.965379999999996,0.351922398806325
2007-02-01,Doğru Yol Partisi,law_state,Hukuk Devleti,democratic_reform,1,1,1,0,1.35,0.675,0.5,positive,2007,38.965379999999996,0.017323069863555807
2007-02-01,Adalet ve Kalkınma Partisi,reform,Reform,democratic_reform,6,15,10,2,19.2,7.88566,0.6153846153846154,positive,2007,13.23155,0.5959740166495988
2007-02-01,Anavatan Partisi,reform,Reform,democratic_reform,2,2,3,1,3.4,1.1875,0.4,positive,2007,13.23155,0.08974761082412869
2007-02-01,Cumhuriyet Halk Partisi,reform,Reform,democratic_reform,3,5,4,0,6.4,3.48339,0.8,positive,2007,13.23155,0.2632639411104519
2007-02-01,Doğru Yol Partisi,reform,Reform,democratic_reform,1,1,1,0,1.35,0.675,0.5,positive,2007,13.23155,0.05101443141582052
2007-02-01,Adalet ve Kalkınma Partisi,security,Guvenlik,security_conflict,4,13,8,1,16.150000000000002,10.441790000000001,0.7,positive,2007,16.98518,0.6147588662587032
2007-02-01,Bağımsız,security,Guvenlik,security_conflict,1,5,4,1,6.75,3.375,0.5,positive,2007,16.98518,0.19870263370773816
2007-02-01,Cumhuriyet Halk Partisi,security,Guvenlik,security_conflict,2,2,3,0,3.05,1.80839,0.75,positive,2007,16.98518,0.10646869800614418
2007-02-01,Doğru Yol Partisi,security,Guvenlik,security_conflict,1,2,3,1,3.4,1.36,0.4,positive,2007,16.98518,0.0800698020274145
2007-02-01,Adalet ve Kalkınma Partisi,sovereignty,Egemenlik,security_conflict,1,1,1,0,1.35,0.675,0.5,positive,2007,1.35,0.5
2007-02-01,Cumhuriyet Halk Partisi,sovereignty,Egemenlik,security_conflict,1,1,1,0,1.35,0.675,0.5,positive,2007,1.35,0.5
2007-02-01,Adalet ve Kalkınma Partisi,constitution,Anayasa,constitutional_conflict,26,52,4,4,54.8,54.8,0.0,total,2007,217.0,0.25253456221198156
2007-02-01,Anavatan Partisi,constitution,Anayasa,constitutional_conflict,11,47,6,4,50.5,50.5,0.18181818181818182,total,2007,217.0,0.23271889400921658
2007-02-01,Bağımsız,constitution,Anayasa,constitutional_conflict,1,1,0,0,1.0,1.0,0.0,total,2007,217.0,0.004608294930875576
2007-02-01,Cumhuriyet Halk Partisi,constitution,Anayasa,constitutional_conflict,39,92,14,22,104.6,104.6,-0.21621621621621623,total,2007,217.0,0.48202764976958523
2007-02-01,Doğru Yol Partisi,constitution,Anayasa,constitutional_conflict,4,4,6,0,6.1,6.1,0.8571428571428571,total,2007,217.0,0.02811059907834101
2007-02-01,Adalet ve Kalkınma Partisi,democracy,Demokrasi,democratic_reform,19,32,17,6,40.05,40.05,0.4583333333333333,total,2007,63.8,0.627742946708464
2007-02-01,Anavatan Partisi,democracy,Demokrasi,democratic_reform,2,3,0,0,3.0,3.0,0.0,total,2007,63.8,0.047021943573667714
2007-02-01,Cumhuriyet Halk Partisi,democracy,Demokrasi,democratic_reform,12,18,2,3,19.75,19.75,-0.16666666666666666,total,2007,63.8,0.3095611285266458
2007-02-01,Doğru Yol Partisi,democracy,Demokrasi,democratic_reform,1,1,0,0,1.0,1.0,0.0,total,2007,63.8,0.015673981191222573
2007-02-01,Adalet ve Kalkınma Partisi,economy,Ekonomi,macro_economy,53,253,129,69,322.3,322.3,0.3015075376884422,total,2007,644.95,0.4997286611365222
2007-02-01,Anavatan Partisi,economy,Ekonomi,macro_economy,18,67,24,29,85.55,85.55,-0.09259259259259259,total,2007,644.95,0.13264594154585627
2007-02-01,Bağımsız,economy,Ekonomi,macro_economy,5,47,21,29,64.5,64.5,-0.1568627450980392,total,2007,644.95,0.1000077525389565
2007-02-01,Cumhuriyet Halk Partisi,economy,Ekonomi,macro_economy,47,127,42,16,147.3,147.3,0.4406779661016949,total,2007,644.95,0.22838979765873324
2007-02-01,Doğru Yol Partisi,economy,Ekonomi,macro_economy,9,19,4,14,25.299999999999997,25.299999999999997,-0.5263157894736842,total,2007,644.95,0.03922784711993177
2007-02-01,Adalet ve Kalkınma Partisi,european_union,Avrupa Birligi,democratic_reform,26,94,34,8,108.7,108.7,0.6046511627906976,total,2007,247.65,0.4389259034928326
2007-02-01,Anavatan Partisi,european_union,Avrupa Birligi,democratic_reform,8,22,2,2,23.4,23.4,0.0,total,2007,247.65,0.09448818897637795
2007-02-01,Bağımsız,european_union,Avrupa Birligi,democratic_reform,4,47,10,16,56.099999999999994,56.099999999999994,-0.2222222222222222,total,2007,247.65,0.2265293761356753
2007-02-01,Cumhuriyet Halk Partisi,european_union,Avrupa Birligi,democratic_reform,17,43,16,7,51.05,51.05,0.375,total,2007,247.65,0.2061376943266707
2007-02-01,Doğru Yol Partisi,european_union,Avrupa Birligi,democratic_reform,4,7,3,1,8.4,8.4,0.4,total,2007,247.65,0.03391883706844337
2007-02-01,Adalet ve Kalkınma Partisi,imf,IMF,macro_economy,1,1,0,0,1.0,1.0,0.0,total,2007,22.75,0.04395604395604396
2007-02-01,Anavatan Partisi,imf,IMF,macro_economy,4,8,1,1,8.7,8.7,0.0,total,2007,22.75,0.3824175824175824
2007-02-01,Bağımsız,imf,IMF,macro_economy,1,1,2,0,1.7,1.7,0.6666666666666666,total,2007,22.75,0.07472527472527472
2007-02-01,Cumhuriyet Halk Partisi,imf,IMF,macro_economy,8,11,0,1,11.35,11.35,-0.5,total,2007,22.75,0.4989010989010989
2007-02-01,Adalet ve Kalkınma Partisi,inflation,Enflasyon,macro_economy,7,10,6,0,12.100000000000001,12.100000000000001,0.8571428571428571,total,2007,27.650000000000002,0.4376130198915009
2007-02-01,Anavatan Partisi,inflation,Enflasyon,macro_economy,3,6,7,3,9.5,9.5,0.36363636363636365,total,2007,27.650000000000002,0.3435804701627486
2007-02-01,Bağımsız,inflation,Enflasyon,macro_economy,1,2,1,1,2.7,2.7,0.0,total,2007,27.650000000000002,0.09764918625678119
2007-02-01,Cumhuriyet Halk Partisi,inflation,Enflasyon,macro_economy,1,3,1,0,3.35,3.35,0.5,total,2007,27.650000000000002,0.12115732368896925
2007-02-01,Adalet ve Kalkınma Partisi,interest,Faiz,macro_economy,21,90,13,13,99.10000000000001,99.10000000000001,0.0,total,2007,194.65,0.5091189314153609
2007-02-01,Anavatan Partisi,interest,Faiz,macro_economy,4,18,9,14,26.05,26.05,-0.20833333333333334,total,2007,194.65,0.13382995119445157
2007-02-01,Bağımsız,interest,Faiz,macro_economy,1,12,2,2,13.4,13.4,0.0,total,2007,194.65,0.06884151040328795
2007-02-01,Cumhuriyet Halk Partisi,interest,Faiz,macro_economy,13,51,4,2,53.1,53.1,0.2857142857142857,total,2007,194.65,0.2727973285384023
2007-02-01,Doğru Yol Partisi,interest,Faiz,macro_economy,2,3,0,0,3.0,3.0,0.0,total,2007,194.65,0.015412278448497302
2007-02-01,Adalet ve Kalkınma Partisi,law_state,Hukuk Devleti,democratic_reform,50,113,17,16,124.55,124.55,0.029411764705882353,total,2007,253.65,0.4910309481569091
2007-02-01,Anavatan Partisi,law_state,Hukuk Devleti,democratic_reform,11,28,6,12,34.300000000000004,34.300000000000004,-0.3157894736842105,total,2007,253.65,0.13522570471121625
2007-02-01,Bağımsız,law_state,Hukuk Devleti,democratic_reform,2,2,1,0,2.35,2.35,0.5,total,2007,253.65,0.009264734870885078
2007-02-01,Cumhuriyet Halk Partisi,law_state,Hukuk Devleti,democratic_reform,36,79,11,15,88.1,88.1,-0.14814814814814814,total,2007,253.65,0.34732899664892564
2007-02-01,Doğru Yol Partisi,law_state,Hukuk Devleti,democratic_reform,4,4,1,0,4.35,4.35,0.5,total,2007,253.65,0.017149615612063865
2007-02-01,Adalet ve Kalkınma Partisi,reform,Reform,democratic_reform,16,29,10,5,34.25,34.25,0.3125,total,2007,53.75,0.6372093023255814
2007-02-01,Anavatan Partisi,reform,Reform,democratic_reform,5,7,3,2,8.75,8.75,0.16666666666666666,total,2007,53.75,0.16279069767441862
2007-02-01,Cumhuriyet Halk Partisi,reform,Reform,democratic_reform,6,8,4,0,9.4,9.4,0.8,total,2007,53.75,0.17488372093023258
2007-02-01,Doğru Yol Partisi,reform,Reform,democratic_reform,1,1,1,0,1.35,1.35,0.5,total,2007,53.75,0.025116279069767444
2007-02-01,Adalet ve Kalkınma Partisi,security,Guvenlik,security_conflict,40,123,27,32,143.65,143.65,-0.08333333333333333,total,2007,204.6,0.7021016617790812
2007-02-01,Anavatan Partisi,security,Guvenlik,security_conflict,2,2,1,5,4.1,4.1,-0.5714285714285714,total,2007,204.6,0.020039100684261974
2007-02-01,Bağımsız,security,Guvenlik,security_conflict,4,8,4,4,10.8,10.8,0.0,total,2007,204.6,0.05278592375366569
2007-02-01,Cumhuriyet Halk Partisi,security,Guvenlik,security_conflict,19,27,6,9,32.25,32.25,-0.1875,total,2007,204.6,0.15762463343108504
2007-02-01,Doğru Yol Partisi,security,Guvenlik,security_conflict,6,11,3,5,13.8,13.8,-0.2222222222222222,total,2007,204.6,0.06744868035190617
2007-02-01,Adalet ve Kalkınma Partisi,sovereignty,Egemenlik,security_conflict,2,2,1,0,2.35,2.35,0.5,total,2007,3.7,0.6351351351351351
2007-02-01,Cumhuriyet Halk Partisi,sovereignty,Egemenlik,security_conflict,1,1,1,0,1.35,1.35,0.5,total,2007,3.7,0.36486486486486486
2007-03-01,Anavatan Partisi,constitution,Anayasa,constitutional_conflict,3,6,0,4,7.4,3.98339,-0.8,negative,2007,22.0731,0.18046355065668165
2007-03-01,Cumhuriyet Halk Partisi,constitution,Anayasa,constitutional_conflict,6,18,2,17,24.65,15.62292,-0.75,negative,2007,22.0731,0.7077809641599957
2007-03-01,Doğru Yol Partisi,constitution,Anayasa,constitutional_conflict,1,3,0,2,3.7,2.46679,-0.6666666666666666,negative,2007,22.0731,0.11175548518332269
2007-03-01,Adalet ve Kalkınma Partisi,democracy,Demokrasi,democratic_reform,1,2,0,2,2.7,1.80009,-0.6666666666666666,negative,2007,4.82509,0.37306868887419714
2007-03-01,Cumhuriyet Halk Partisi,democracy,Demokrasi,democratic_reform,3,5,0,3,6.050000000000001,3.0250000000000004,-0.75,negative,2007,4.82509,0.6269313111258029
2007-03-01,Adalet ve Kalkınma Partisi,economy,Ekonomi,macro_economy,7,17,2,22,25.4,17.10837,-0.8,negative,2007,106.26572,0.16099613308976782
2007-03-01,Anavatan Partisi,economy,Ekonomi,macro_economy,9,46,11,58,70.15,44.38131,-0.6714285714285714,negative,2007,106.26572,0.4176446553037047
2007-03-01,Bağımsız,economy,Ekonomi,macro_economy,2,9,2,8,12.5,5.874140000000001,-0.5454545454545454,negative,2007,106.26572,0.055277845009660695
2007-03-01,Cumhuriyet Halk Partisi,economy,Ekonomi,macro_economy,11,41,7,52,61.65,38.9019,-0.75,negative,2007,106.26572,0.3660813665968668
2007-03-01,Adalet ve Kalkınma Partisi,european_union,Avrupa Birligi,democratic_reform,4,7,0,4,8.4,4.2,-0.8,negative,2007,13.57,0.30950626381724394
2007-03-01,Anavatan Partisi,european_union,Avrupa Birligi,democratic_reform,1,1,0,1,1.35,0.675,-0.5,negative,2007,13.57,0.04974207811348563
2007-03-01,Bağımsız,european_union,Avrupa Birligi,democratic_reform,2,5,0,5,6.75,4.995,-0.8333333333333334,negative,2007,13.57,0.36809137803979364
2007-03-01,Cumhuriyet Halk Partisi,european_union,Avrupa Birligi,democratic_reform,4,6,0,4,7.4,3.7,-0.8,negative,2007,13.57,0.2726602800294768
2007-03-01,Cumhuriyet Halk Partisi,imf,IMF,macro_economy,1,3,0,2,3.7,2.46679,-0.6666666666666666,negative,2007,2.46679,1.0
2007-03-01,Cumhuriyet Halk Partisi,inflation,Enflasyon,macro_economy,1,1,0,2,1.7,1.13339,-0.6666666666666666,negative,2007,2.26678,0.5
2007-03-01,Doğru Yol Partisi,inflation,Enflasyon,macro_economy,1,1,0,2,1.7,1.13339,-0.6666666666666666,negative,2007,2.26678,0.5
2007-03-01,Anavatan Partisi,interest,Faiz,macro_economy,1,2,0,1,2.35,1.175,-0.5,negative,2007,2.1875,0.5371428571428571
2007-03-01,Cumhuriyet Halk Partisi,interest,Faiz,macro_economy,1,3,1,2,4.05,1.0125,-0.25,negative,2007,2.1875,0.46285714285714286
2007-03-01,Adalet ve Kalkınma Partisi,law_state,Hukuk Devleti,democratic_reform,6,12,0,12,16.200000000000003,11.18259,-0.9230769230769231,negative,2007,32.76138,0.34133452253842783
2007-03-01,Anavatan Partisi,law_state,Hukuk Devleti,democratic_reform,1,6,0,3,7.05,5.2875,-0.75,negative,2007,32.76138,0.16139430024009976
2007-03-01,Cumhuriyet Halk Partisi,law_state,Hukuk Devleti,democratic_reform,10,30,5,21,39.1,16.29129,-0.5925925925925926,negative,2007,32.76138,0.4972711772214723
2007-03-01,Adalet ve Kalkınma Partisi,security,Guvenlik,security_conflict,7,15,4,15,21.65,8.52098,-0.55,negative,2007,36.82067,0.23141838537973372
2007-03-01,Anavatan Partisi,security,Guvenlik,security_conflict,7,12,1,15,17.6,10.6313,-0.8235294117647058,negative,2007,36.82067,0.2887318454552837
2007-03-01,Cumhuriyet Halk Partisi,security,Guvenlik,security_conflict,15,23,2,26,32.8,17.66839,-0.8275862068965517,negative,2007,36.82067,0.47984976916498256
2007-03-01,Anavatan Partisi,sovereignty,Egemenlik,security_conflict,1,1,0,1,1.35,0.675,-0.5,negative,2007,0.675,1.0
2007-03-01,Cumhuriyet Halk Partisi,tutelage,Vesayet,constitutional_conflict,1,2,0,2,2.7,1.80009,-0.6666666666666666,negative,2007,1.80009,1.0
2007-03-01,Adalet ve Kalkınma Partisi,constitution,Anayasa,constitutional_conflict,4,6,6,0,8.1,4.8125,0.8571428571428571,positive,2007,28.738265000000002,0.1674596570113053
2007-03-01,Anavatan Partisi,constitution,Anayasa,constitutional_conflict,2,4,2,0,4.7,2.35,0.6666666666666666,positive,2007,28.738265000000002,0.08177250783928675
2007-03-01,Cumhuriyet Halk Partisi,constitution,Anayasa,constitutional_conflict,10,22,20,2,29.700000000000003,18.100675000000003,0.782608695652174,positive,2007,28.738265000000002,0.629845782269737
2007-03-01,Doğru Yol Partisi,constitution,Anayasa,constitutional_conflict,2,5,3,0,6.050000000000001,3.47509,0.75,positive,2007,28.738265000000002,0.12092205287967105
2007-03-01,Anavatan Partisi,democracy,Demokrasi,democratic_reform,1,1,1,0,1.35,0.675,0.5,positive,2007,8.40337,0.08032491726533522
2007-03-01,Cumhuriyet Halk Partisi,democracy,Demokrasi,democratic_reform,5,18,8,2,21.5,7.72837,0.5454545454545454,positive,2007,8.40337,0.9196750827346647
2007-03-01,Adalet ve Kalkınma Partisi,economy,Ekonomi,macro_economy,38,147,170,14,211.4,146.131475,0.8432432432432433,positive,2007,271.344475,0.5385459755537679
2007-03-01,Anavatan Partisi,economy,Ekonomi,macro_economy,11,32,26,4,42.5,24.87528,0.7096774193548387,positive,2007,271.344475,0.0916741717331816
2007-03-01,Bağımsız,economy,Ekonomi,macro_economy,2,16,18,0,22.299999999999997,20.09277,0.9473684210526315,positive,2007,271.344475,0.07404893724112128
2007-03-01,Cumhuriyet Halk Partisi,economy,Ekonomi,macro_economy,24,115,79,15,147.9,79.56995,0.6736842105263158,positive,2007,271.344475,0.29324330263219844
2007-03-01,Doğru Yol Partisi,economy,Ekonomi,macro_economy,1,1,1,0,1.35,0.675,0.5,positive,2007,271.344475,0.002487612839730752
2007-03-01,Adalet ve Kalkınma Partisi,european_union,Avrupa Birligi,democratic_reform,7,14,15,2,19.95,9.95848,0.7222222222222222,positive,2007,25.076700000000002,0.39712083328348624
2007-03-01,Anavatan Partisi,european_union,Avrupa Birligi,democratic_reform,2,11,8,1,14.15,9.042060000000001,0.7,positive,2007,25.076700000000002,0.3605761523645456
2007-03-01,Bağımsız,european_union,Avrupa Birligi,democratic_reform,1,1,1,0,1.35,0.675,0.5,positive,2007,25.076700000000002,0.026917417363528692
2007-03-01,Cumhuriyet Halk Partisi,european_union,Avrupa Birligi,democratic_reform,5,9,9,2,12.85,5.40116,0.5833333333333334,positive,2007,25.076700000000002,0.21538559698843945
2007-03-01,Adalet ve Kalkınma Partisi,imf,IMF,macro_economy,1,2,1,0,2.35,1.175,0.5,positive,2007,11.65,0.10085836909871244
2007-03-01,Anavatan Partisi,imf,IMF,macro_economy,1,1,1,0,1.35,0.675,0.5,positive,2007,11.65,0.057939914163090134
2007-03-01,Cumhuriyet Halk Partisi,imf,IMF,macro_economy,2,13,5,1,15.100000000000001,9.8,0.5714285714285714,positive,2007,11.65,0.8412017167381974
2007-03-01,Adalet ve Kalkınma Partisi,inflation,Enflasyon,macro_economy,1,1,2,0,1.7,1.13339,0.6666666666666666,positive,2007,4.158390000000001,0.27255500325847254
2007-03-01,Cumhuriyet Halk Partisi,inflation,Enflasyon,macro_economy,3,5,3,0,6.050000000000001,3.0250000000000004,0.75,positive,2007,4.158390000000001,0.7274449967415273
2007-03-01,Anavatan Partisi,interest,Faiz,macro_economy,3,8,4,0,9.4,5.48349,0.8,positive,2007,5.48349,1.0
2007-03-01,Adalet ve Kalkınma Partisi,law_state,Hukuk Devleti,democratic_reform,3,10,4,0,11.4,6.816890000000001,0.8,positive,2007,36.61099,0.1861979148883983
2007-03-01,Anavatan Partisi,law_state,Hukuk Devleti,democratic_reform,5,12,8,1,15.15,7.575,0.7,positive,2007,36.61099,0.20690508505779276
2007-03-01,Cumhuriyet Halk Partisi,law_state,Hukuk Devleti,democratic_reform,6,43,14,2,48.6,21.08571,0.7058823529411765,positive,2007,36.61099,0.575939355914713
2007-03-01,Doğru Yol Partisi,law_state,Hukuk Devleti,democratic_reform,1,1,2,0,1.7,1.13339,0.6666666666666666,positive,2007,36.61099,0.030957644139095936
2007-03-01,Adalet ve Kalkınma Partisi,reform,Reform,democratic_reform,1,9,13,0,13.55,12.58253,0.9285714285714286,positive,2007,14.39092,0.8743381243172779
2007-03-01,Anavatan Partisi,reform,Reform,democratic_reform,2,2,3,0,3.05,1.80839,0.75,positive,2007,14.39092,0.12566187568272216
2007-03-01,Adalet ve Kalkınma Partisi,security,Guvenlik,security_conflict,5,10,11,1,14.200000000000001,8.83009,0.7692307692307693,positive,2007,33.96009,0.26001373965734487
2007-03-01,Anavatan Partisi,security,Guvenlik,security_conflict,1,1,1,0,1.35,0.675,0.5,positive,2007,33.96009,0.01987627241270562
2007-03-01,Cumhuriyet Halk Partisi,security,Guvenlik,security_conflict,4,5,4,0,6.4,3.2,0.8,positive,2007,33.96009,0.09422825440097479
2007-03-01,Doğru Yol Partisi,security,Guvenlik,security_conflict,6,26,17,0,31.950000000000003,21.255000000000003,0.9444444444444444,positive,2007,33.96009,0.6258817335289748
2007-03-01,Adalet ve Kalkınma Partisi,constitution,Anayasa,constitutional_conflict,10,15,6,0,17.1,17.1,0.8571428571428571,total,2007,151.0,0.11324503311258279
2007-03-01,Anavatan Partisi,constitution,Anayasa,constitutional_conflict,13,23,3,5,25.8,25.8,-0.2222222222222222,total,2007,151.0,0.17086092715231788
2007-03-01,Bağımsız,constitution,Anayasa,constitutional_conflict,4,5,0,0,5.0,5.0,0.0,total,2007,151.0,0.033112582781456956
2007-03-01,Cumhuriyet Halk Partisi,constitution,Anayasa,constitutional_conflict,36,76,22,19,90.35,90.35,0.07142857142857142,total,2007,151.0,0.5983443708609271
2007-03-01,Doğru Yol Partisi,constitution,Anayasa,constitutional_conflict,5,11,3,2,12.75,12.75,0.16666666666666666,total,2007,151.0,0.08443708609271523
2007-03-01,Adalet ve Kalkınma Partisi,democracy,Demokrasi,democratic_reform,11,17,3,5,19.8,19.8,-0.2222222222222222,total,2007,91.7,0.2159214830970556
2007-03-01,Anavatan Partisi,democracy,Demokrasi,democratic_reform,4,4,1,0,4.35,4.35,0.5,total,2007,91.7,0.047437295528898575
2007-03-01,Bağımsız,democracy,Demokrasi,democratic_reform,4,13,0,0,13.0,13.0,0.0,total,2007,91.7,0.14176663031624864
2007-03-01,Cumhuriyet Halk Partisi,democracy,Demokrasi,democratic_reform,23,50,8,5,54.55,54.55,0.21428571428571427,total,2007,91.7,0.5948745910577972
2007-03-01,Adalet ve Kalkınma Partisi,economy,Ekonomi,macro_economy,70,225,188,49,307.95,307.95,0.5840336134453782,total,2007,786.0,0.391793893129771
2007-03-01,Anavatan Partisi,economy,Ekonomi,macro_economy,27,108,37,62,142.65,142.65,-0.25,total,2007,786.0,0.18148854961832062
2007-03-01,Bağımsız,economy,Ekonomi,macro_economy,8,38,20,8,47.8,47.8,0.41379310344827586,total,2007,786.0,0.06081424936386768
2007-03-01,Cumhuriyet Halk Partisi,economy,Ekonomi,macro_economy,63,225,87,68,279.25,279.25,0.12179487179487179,total,2007,786.0,0.3552798982188295
2007-03-01,Doğru Yol Partisi,economy,Ekonomi,macro_economy,3,8,1,0,8.35,8.35,0.5,total,2007,786.0,0.010623409669211195
2007-03-01,Adalet ve Kalkınma Partisi,european_union,Avrupa Birligi,democratic_reform,23,40,17,8,48.75,48.75,0.34615384615384615,total,2007,111.6,0.4368279569892473
2007-03-01,Anavatan Partisi,european_union,Avrupa Birligi,democratic_reform,6,18,8,2,21.5,21.5,0.5454545454545454,total,2007,111.6,0.19265232974910396
2007-03-01,Bağımsız,european_union,Avrupa Birligi,democratic_reform,4,8,1,5,10.100000000000001,10.100000000000001,-0.5714285714285714,total,2007,111.6,0.09050179211469536
2007-03-01,Cumhuriyet Halk Partisi,european_union,Avrupa Birligi,democratic_reform,16,26,9,6,31.25,31.25,0.1875,total,2007,111.6,0.2800179211469534
2007-03-01,Adalet ve Kalkınma Partisi,imf,IMF,macro_economy,4,5,1,0,5.35,5.35,0.5,total,2007,43.5,0.12298850574712643
2007-03-01,Anavatan Partisi,imf,IMF,macro_economy,7,12,1,0,12.35,12.35,0.5,total,2007,43.5,0.28390804597701147
2007-03-01,Bağımsız,imf,IMF,macro_economy,1,2,0,0,2.0,2.0,0.0,total,2007,43.5,0.04597701149425287
2007-03-01,Cumhuriyet Halk Partisi,imf,IMF,macro_economy,6,21,5,3,23.8,23.8,0.2222222222222222,total,2007,43.5,0.5471264367816092
2007-03-01,Adalet ve Kalkınma Partisi,inflation,Enflasyon,macro_economy,8,17,2,0,17.7,17.7,0.6666666666666666,total,2007,44.15,0.40090600226500567
2007-03-01,Bağımsız,inflation,Enflasyon,macro_economy,1,3,0,0,3.0,3.0,0.0,total,2007,44.15,0.0679501698754247
2007-03-01,Cumhuriyet Halk Partisi,inflation,Enflasyon,macro_economy,8,13,3,2,14.75,14.75,0.16666666666666666,total,2007,44.15,0.3340883352208381
2007-03-01,Doğru Yol Partisi,inflation,Enflasyon,macro_economy,2,8,0,2,8.7,8.7,-0.6666666666666666,total,2007,44.15,0.1970554926387316
2007-03-01,Adalet ve Kalkınma Partisi,interest,Faiz,macro_economy,8,13,0,0,13.0,13.0,0.0,total,2007,54.8,0.2372262773722628
2007-03-01,Anavatan Partisi,interest,Faiz,macro_economy,9,16,4,1,17.75,17.75,0.5,total,2007,54.8,0.3239051094890511
2007-03-01,Cumhuriyet Halk Partisi,interest,Faiz,macro_economy,16,22,1,2,23.05,23.05,-0.25,total,2007,54.8,0.4206204379562044
2007-03-01,Doğru Yol Partisi,interest,Faiz,macro_economy,1,1,0,0,1.0,1.0,0.0,total,2007,54.8,0.018248175182481754
2007-03-01,Adalet ve Kalkınma Partisi,law_state,Hukuk Devleti,democratic_reform,26,50,10,18,59.800000000000004,59.800000000000004,-0.27586206896551724,total,2007,240.1,0.2490628904623074
2007-03-01,Anavatan Partisi,law_state,Hukuk Devleti,democratic_reform,17,38,9,5,42.9,42.9,0.26666666666666666,total,2007,240.1,0.17867555185339443
2007-03-01,Bağımsız,law_state,Hukuk Devleti,democratic_reform,1,1,0,0,1.0,1.0,0.0,total,2007,240.1,0.004164931278633903
2007-03-01,Cumhuriyet Halk Partisi,law_state,Hukuk Devleti,democratic_reform,47,117,19,23,131.7,131.7,-0.09302325581395349,total,2007,240.1,0.5485214493960849
2007-03-01,Doğru Yol Partisi,law_state,Hukuk Devleti,democratic_reform,3,4,2,0,4.7,4.7,0.6666666666666666,total,2007,240.1,0.019575177009579343
2007-03-01,Adalet ve Kalkınma Partisi,reform,Reform,democratic_reform,5,14,14,1,19.25,19.25,0.8125,total,2007,40.3,0.47766749379652607
2007-03-01,Anavatan Partisi,reform,Reform,democratic_reform,5,5,3,0,6.05,6.05,0.75,total,2007,40.3,0.1501240694789082
2007-03-01,Bağımsız,reform,Reform,democratic_reform,1,2,0,0,2.0,2.0,0.0,total,2007,40.3,0.04962779156327544
2007-03-01,Cumhuriyet Halk Partisi,reform,Reform,democratic_reform,8,13,0,0,13.0,13.0,0.0,total,2007,40.3,0.32258064516129037
2007-03-01,Adalet ve Kalkınma Partisi,security,Guvenlik,security_conflict,22,41,21,24,56.75,56.75,-0.06521739130434782,total,2007,223.45,0.25397180577310363
2007-03-01,Anavatan Partisi,security,Guvenlik,security_conflict,21,33,3,16,39.65,39.65,-0.65,total,2007,223.45,0.17744461848288207
2007-03-01,Bağımsız,security,Guvenlik,security_conflict,2,2,0,0,2.0,2.0,0.0,total,2007,223.45,0.008950548221078542
2007-03-01,Cumhuriyet Halk Partisi,security,Guvenlik,security_conflict,38,65,13,33,81.1,81.1,-0.425531914893617,total,2007,223.45,0.36294473036473485
2007-03-01,Doğru Yol Partisi,security,Guvenlik,security_conflict,12,38,17,0,43.95,43.95,0.9444444444444444,total,2007,223.45,0.19668829715820096
2007-03-01,Anavatan Partisi,sovereignty,Egemenlik,security_conflict,2,2,0,1,2.35,2.35,-0.5,total,2007,2.35,1.0
2007-03-01,Adalet ve Kalkınma Partisi,tutelage,Vesayet,constitutional_conflict,1,1,1,1,1.7,1.7,0.0,total,2007,4.4,0.3863636363636363
2007-03-01,Cumhuriyet Halk Partisi,tutelage,Vesayet,constitutional_conflict,1,2,0,2,2.7,2.7,-0.6666666666666666,total,2007,4.4,0.6136363636363636
2007-04-01,Adalet ve Kalkınma Partisi,constitution,Anayasa,constitutional_conflict,2,5,0,3,6.050000000000001,3.47509,-0.75,negative,2007,20.58768,0.16879463834681713
2007-04-01,Anavatan Partisi,constitution,Anayasa,constitutional_conflict,1,2,0,1,2.35,1.175,-0.5,negative,2007,20.58768,0.05707296791090594
2007-04-01,Bağımsız,constitution,Anayasa,constitutional_conflict,1,3,0,1,3.35,1.675,-0.5,negative,2007,20.58768,0.08135933723469571
2007-04-01,Cumhuriyet Halk Partisi,constitution,Anayasa,constitutional_conflict,6,27,1,8,30.15,14.26259,-0.7,negative,2007,20.58768,0.6927730565075813
2007-04-01,Adalet ve Kalkınma Partisi,democracy,Demokrasi,democratic_reform,2,13,3,8,16.85,8.978689999999999,-0.4166666666666667,negative,2007,32.27513,0.2781922179709268
2007-04-01,Bağımsız,democracy,Demokrasi,democratic_reform,1,3,0,2,3.7,2.46679,-0.6666666666666666,negative,2007,32.27513,0.07643005620736462
2007-04-01,Cumhuriyet Halk Partisi,democracy,Demokrasi,democratic_reform,8,27,1,17,33.3,20.82965,-0.8421052631578947,negative,2007,32.27513,0.6453777258217086
2007-04-01,Adalet ve Kalkınma Partisi,economy,Ekonomi,macro_economy,2,5,0,3,6.050000000000001,3.47509,-0.75,negative,2007,37.062999999999995,0.09376170304616464
2007-04-01,Bağımsız,economy,Ekonomi,macro_economy,1,4,2,8,7.5,4.09125,-0.5454545454545454,negative,2007,37.062999999999995,0.1103863691552222
2007-04-01,Cumhuriyet Halk Partisi,economy,Ekonomi,macro_economy,6,16,2,25,25.450000000000003,16.52451,-0.8214285714285714,negative,2007,37.062999999999995,0.44584922968998736
2007-04-01,Doğru Yol Partisi,economy,Ekonomi,macro_economy,4,11,0,16,16.6,12.97215,-0.9411764705882353,negative,2007,37.062999999999995,0.3500026981086259
2007-04-01,Bağımsız,european_union,Avrupa Birligi,democratic_reform,1,1,0,1,1.35,0.675,-0.5,negative,2007,1.85,0.36486486486486486
2007-04-01,Cumhuriyet Halk Partisi,european_union,Avrupa Birligi,democratic_reform,1,2,0,1,2.35,1.175,-0.5,negative,2007,1.85,0.6351351351351351
2007-04-01,Doğru Yol Partisi,interest,Faiz,macro_economy,1,7,0,2,7.7,5.13359,-0.6666666666666666,negative,2007,5.13359,1.0
2007-04-01,Adalet ve Kalkınma Partisi,law_state,Hukuk Devleti,democratic_reform,6,11,1,12,15.55,8.98759,-0.7857142857142857,negative,2007,33.57146,0.26771519618151846
2007-04-01,Anavatan Partisi,law_state,Hukuk Devleti,democratic_reform,1,1,0,1,1.35,0.675,-0.5,negative,2007,33.57146,0.020106364155744193
2007-04-01,Cumhuriyet Halk Partisi,law_state,Hukuk Devleti,democratic_reform,10,34,1,16,39.95,23.90887,-0.8333333333333334,negative,2007,33.57146,0.7121784396627373
2007-04-01,Adalet ve Kalkınma Partisi,reform,Reform,democratic_reform,1,1,0,3,2.05,1.5374999999999999,-0.75,negative,2007,1.5374999999999999,1.0
2007-04-01,Adalet ve Kalkınma Partisi,security,Guvenlik,security_conflict,12,25,5,33,38.3,22.22714,-0.717948717948718,negative,2007,45.27336,0.49095406216812715
2007-04-01,Bağımsız,security,Guvenlik,security_conflict,1,6,0,3,7.05,5.2875,-0.75,negative,2007,45.27336,0.11679053642141869
2007-04-01,Cumhuriyet Halk Partisi,security,Guvenlik,security_conflict,8,17,3,20,25.05,13.66283,-0.7083333333333334,negative,2007,45.27336,0.30178519994981595
2007-04-01,Doğru Yol Partisi,security,Guvenlik,security_conflict,3,4,0,6,6.1,4.09589,-0.8571428571428571,negative,2007,45.27336,0.09047020146063822
2007-04-01,Adalet ve Kalkınma Partisi,sovereignty,Egemenlik,security_conflict,1,3,0,1,3.35,1.675,-0.5,negative,2007,5.57,0.3007181328545781
2007-04-01,Cumhuriyet Halk Partisi,sovereignty,Egemenlik,security_conflict,2,4,0,5,5.75,3.8950000000000005,-0.8333333333333334,negative,2007,5.57,0.699281867145422
2007-04-01,Adalet ve Kalkınma Partisi,constitution,Anayasa,constitutional_conflict,1,8,2,0,8.7,5.8002899999999995,0.6666666666666666,positive,2007,30.20934,0.1920032016588247
2007-04-01,Cumhuriyet Halk Partisi,constitution,Anayasa,constitutional_conflict,9,33,17,1,39.3,23.23405,0.8421052631578947,positive,2007,30.20934,0.7691015427678989
2007-04-01,Doğru Yol Partisi,constitution,Anayasa,constitutional_conflict,1,2,1,0,2.35,1.175,0.5,positive,2007,30.20934,0.03889525557327635
2007-04-01,Adalet ve Kalkınma Partisi,democracy,Demokrasi,democratic_reform,2,4,2,0,4.7,2.35,0.6666666666666666,positive,2007,43.926545000000004,0.053498402845022296
2007-04-01,Anavatan Partisi,democracy,Demokrasi,democratic_reform,1,1,1,0,1.35,0.675,0.5,positive,2007,43.926545000000004,0.015366562519314914
2007-04-01,Bağımsız,democracy,Demokrasi,democratic_reform,3,16,7,0,18.450000000000003,13.304380000000002,0.875,positive,2007,43.926545000000004,0.3028779067418118
2007-04-01,Cumhuriyet Halk Partisi,democracy,Demokrasi,democratic_reform,10,32,32,2,43.9,27.597165,0.8571428571428571,positive,2007,43.926545000000004,0.6282571278938509
2007-04-01,Adalet ve Kalkınma Partisi,economy,Ekonomi,macro_economy,14,51,35,3,64.3,42.78145,0.8205128205128205,positive,2007,95.090795,0.4499010656078751
2007-04-01,Bağımsız,economy,Ekonomi,macro_economy,2,6,4,0,7.4,5.2124999999999995,0.8,positive,2007,95.090795,0.054816031351930534
2007-04-01,Cumhuriyet Halk Partisi,economy,Ekonomi,macro_economy,12,56,35,2,68.95,47.096845,0.868421052631579,positive,2007,95.090795,0.4952829030401944
2007-04-01,Adalet ve Kalkınma Partisi,european_union,Avrupa Birligi,democratic_reform,1,1,1,0,1.35,0.675,0.5,positive,2007,2.3625,0.28571428571428575
2007-04-01,Cumhuriyet Halk Partisi,european_union,Avrupa Birligi,democratic_reform,1,1,1,0,1.35,0.675,0.5,positive,2007,2.3625,0.28571428571428575
2007-04-01,Doğru Yol Partisi,european_union,Avrupa Birligi,democratic_reform,1,3,2,1,4.05,1.0125,0.25,positive,2007,2.3625,0.4285714285714286
2007-04-01,Cumhuriyet Halk Partisi,imf,IMF,macro_economy,2,5,6,3,8.15,2.18596,0.3,positive,2007,2.18596,1.0
2007-04-01,Adalet ve Kalkınma Partisi,inflation,Enflasyon,macro_economy,1,1,1,0,1.35,0.675,0.5,positive,2007,0.675,1.0
2007-04-01,Adalet ve Kalkınma Partisi,interest,Faiz,macro_economy,1,4,1,0,4.35,2.175,0.5,positive,2007,2.9375,0.7404255319148936
2007-04-01,Cumhuriyet Halk Partisi,interest,Faiz,macro_economy,1,2,2,1,3.05,0.7625,0.25,positive,2007,2.9375,0.25957446808510637
2007-04-01,Adalet ve Kalkınma Partisi,law_state,Hukuk Devleti,democratic_reform,7,34,57,0,53.949999999999996,47.468824999999995,0.9827586206896551,positive,2007,78.310985,0.6061579355693201
2007-04-01,Anavatan Partisi,law_state,Hukuk Devleti,democratic_reform,1,2,1,0,2.35,1.175,0.5,positive,2007,78.310985,0.015004280689356672
2007-04-01,Bağımsız,law_state,Hukuk Devleti,democratic_reform,1,10,3,0,11.05,8.287500000000001,0.75,positive,2007,78.310985,0.10582806486216463
2007-04-01,Cumhuriyet Halk Partisi,law_state,Hukuk Devleti,democratic_reform,12,29,18,0,35.300000000000004,21.37966,0.9473684210526315,positive,2007,78.310985,0.27300971887915854
2007-04-01,Adalet ve Kalkınma Partisi,reform,Reform,democratic_reform,3,8,9,0,11.15,8.503975,0.9,positive,2007,12.987465,0.6547832852677563
2007-04-01,Bağımsız,reform,Reform,democratic_reform,1,4,2,0,4.7,3.13349,0.6666666666666666,positive,2007,12.987465,0.24127033258607433
2007-04-01,Cumhuriyet Halk Partisi,reform,Reform,democratic_reform,2,2,2,0,2.7,1.35,0.6666666666666666,positive,2007,12.987465,0.10394638214616941
2007-04-01,Adalet ve Kalkınma Partisi,security,Guvenlik,security_conflict,6,19,17,3,26.0,14.07569,0.6666666666666666,positive,2007,24.3491,0.5780784505382129
2007-04-01,Cumhuriyet Halk Partisi,security,Guvenlik,security_conflict,3,7,6,0,9.1,6.34589,0.8571428571428571,positive,2007,24.3491,0.26062113178721186
2007-04-01,Doğru Yol Partisi,security,Guvenlik,security_conflict,3,5,8,2,8.5,3.92752,0.5454545454545454,positive,2007,24.3491,0.16130041767457523
2007-04-01,Adalet ve Kalkınma Partisi,sovereignty,Egemenlik,security_conflict,2,16,6,0,18.1,14.120090000000001,0.8571428571428571,positive,2007,20.840090000000004,0.6775445787422223
2007-04-01,Cumhuriyet Halk Partisi,sovereignty,Egemenlik,security_conflict,1,7,4,0,8.4,6.720000000000001,0.8,positive,2007,20.840090000000004,0.32245542125777765
2007-04-01,Adalet ve Kalkınma Partisi,constitution,Anayasa,constitutional_conflict,20,80,2,3,81.75,81.75,-0.16666666666666666,total,2007,217.0,0.37672811059907835
2007-04-01,Anavatan Partisi,constitution,Anayasa,constitutional_conflict,1,2,0,1,2.35,2.35,-0.5,total,2007,217.0,0.010829493087557604
2007-04-01,Bağımsız,constitution,Anayasa,constitutional_conflict,5,15,0,1,15.35,15.35,-0.5,total,2007,217.0,0.07073732718894009
2007-04-01,Cumhuriyet Halk Partisi,constitution,Anayasa,constitutional_conflict,38,100,21,11,111.2,111.2,0.30303030303030304,total,2007,217.0,0.5124423963133641
2007-04-01,Doğru Yol Partisi,constitution,Anayasa,constitutional_conflict,3,6,1,0,6.35,6.35,0.5,total,2007,217.0,0.029262672811059907
2007-04-01,Adalet ve Kalkınma Partisi,democracy,Demokrasi,democratic_reform,18,36,7,10,41.95,41.95,-0.16666666666666666,total,2007,191.35000000000002,0.21923177423569373
2007-04-01,Anavatan Partisi,democracy,Demokrasi,democratic_reform,2,2,1,0,2.35,2.35,0.5,total,2007,191.35000000000002,0.01228116017768487
2007-04-01,Bağımsız,democracy,Demokrasi,democratic_reform,6,21,7,2,24.150000000000002,24.150000000000002,0.5,total,2007,191.35000000000002,0.12620851842174027
2007-04-01,Cumhuriyet Halk Partisi,democracy,Demokrasi,democratic_reform,37,104,34,20,122.9,122.9,0.2545454545454545,total,2007,191.35000000000002,0.6422785471648811
2007-04-01,Adalet ve Kalkınma Partisi,economy,Ekonomi,macro_economy,39,108,39,11,125.5,125.5,0.5490196078431373,total,2007,321.75,0.3900543900543901
2007-04-01,Bağımsız,economy,Ekonomi,macro_economy,4,19,9,12,26.349999999999998,26.349999999999998,-0.13636363636363635,total,2007,321.75,0.08189588189588189
2007-04-01,Cumhuriyet Halk Partisi,economy,Ekonomi,macro_economy,43,125,44,34,152.3,152.3,0.12658227848101267,total,2007,321.75,0.4733488733488734
2007-04-01,Doğru Yol Partisi,economy,Ekonomi,macro_economy,5,12,0,16,17.6,17.6,-0.9411764705882353,total,2007,321.75,0.05470085470085471
2007-04-01,Adalet ve Kalkınma Partisi,european_union,Avrupa Birligi,democratic_reform,4,5,1,0,5.35,5.35,0.5,total,2007,21.45,0.2494172494172494
2007-04-01,Bağımsız,european_union,Avrupa Birligi,democratic_reform,2,2,0,1,2.35,2.35,-0.5,total,2007,21.45,0.10955710955710957
2007-04-01,Cumhuriyet Halk Partisi,european_union,Avrupa Birligi,democratic_reform,8,9,1,1,9.7,9.7,0.0,total,2007,21.45,0.4522144522144522
2007-04-01,Doğru Yol Partisi,european_union,Avrupa Birligi,democratic_reform,1,3,2,1,4.05,4.05,0.25,total,2007,21.45,0.1888111888111888
2007-04-01,Adalet ve Kalkınma Partisi,imf,IMF,macro_economy,2,8,0,0,8.0,8.0,0.0,total,2007,26.15,0.30592734225621415
2007-04-01,Anavatan Partisi,imf,IMF,macro_economy,1,7,0,0,7.0,7.0,0.0,total,2007,26.15,0.2676864244741874
2007-04-01,Cumhuriyet Halk Partisi,imf,IMF,macro_economy,4,8,6,3,11.15,11.15,0.3,total,2007,26.15,0.4263862332695985
2007-04-01,Adalet ve Kalkınma Partisi,inflation,Enflasyon,macro_economy,3,3,1,0,3.35,3.35,0.5,total,2007,15.35,0.2182410423452769
2007-04-01,Anavatan Partisi,inflation,Enflasyon,macro_economy,2,4,0,0,4.0,4.0,0.0,total,2007,15.35,0.26058631921824105
2007-04-01,Doğru Yol Partisi,inflation,Enflasyon,macro_economy,1,8,0,0,8.0,8.0,0.0,total,2007,15.35,0.5211726384364821
2007-04-01,Adalet ve Kalkınma Partisi,interest,Faiz,macro_economy,7,12,1,0,12.35,12.35,0.5,total,2007,31.1,0.3971061093247588
2007-04-01,Anavatan Partisi,interest,Faiz,macro_economy,1,1,0,0,1.0,1.0,0.0,total,2007,31.1,0.03215434083601286
2007-04-01,Cumhuriyet Halk Partisi,interest,Faiz,macro_economy,5,9,2,1,10.05,10.05,0.25,total,2007,31.1,0.32315112540192925
2007-04-01,Doğru Yol Partisi,interest,Faiz,macro_economy,1,7,0,2,7.7,7.7,-0.6666666666666666,total,2007,31.1,0.24758842443729903
2007-04-01,Adalet ve Kalkınma Partisi,law_state,Hukuk Devleti,democratic_reform,38,93,60,14,118.9,118.9,0.6133333333333333,total,2007,293.9,0.4045593739367132
2007-04-01,Anavatan Partisi,law_state,Hukuk Devleti,democratic_reform,5,9,1,1,9.7,9.7,0.0,total,2007,293.9,0.033004423273222186
2007-04-01,Bağımsız,law_state,Hukuk Devleti,democratic_reform,6,18,3,0,19.05,19.05,0.75,total,2007,293.9,0.0648179652943178
2007-04-01,Cumhuriyet Halk Partisi,law_state,Hukuk Devleti,democratic_reform,60,132,19,16,144.25,144.25,0.08333333333333333,total,2007,293.9,0.4908132017693093
2007-04-01,Doğru Yol Partisi,law_state,Hukuk Devleti,democratic_reform,1,2,0,0,2.0,2.0,0.0,total,2007,293.9,0.006805035726437565
2007-04-01,Adalet ve Kalkınma Partisi,reform,Reform,democratic_reform,9,20,9,3,24.2,24.2,0.46153846153846156,total,2007,38.6,0.6269430051813472
2007-04-01,Bağımsız,reform,Reform,democratic_reform,2,5,2,0,5.7,5.7,0.6666666666666666,total,2007,38.6,0.14766839378238342
2007-04-01,Cumhuriyet Halk Partisi,reform,Reform,democratic_reform,6,7,2,0,7.7,7.7,0.6666666666666666,total,2007,38.6,0.19948186528497408
2007-04-01,Doğru Yol Partisi,reform,Reform,democratic_reform,1,1,0,0,1.0,1.0,0.0,total,2007,38.6,0.025906735751295335
2007-04-01,Adalet ve Kalkınma Partisi,security,Guvenlik,security_conflict,33,62,23,37,83.0,83.0,-0.22950819672131148,total,2007,198.65,0.41782028693682355
2007-04-01,Bağımsız,security,Guvenlik,security_conflict,7,18,0,3,19.05,19.05,-0.75,total,2007,198.65,0.09589730682104203
2007-04-01,Cumhuriyet Halk Partisi,security,Guvenlik,security_conflict,39,63,15,25,77.0,77.0,-0.24390243902439024,total,2007,198.65,0.3876164107727158
2007-04-01,Doğru Yol Partisi,security,Guvenlik,security_conflict,10,14,8,8,19.6,19.6,0.0,total,2007,198.65,0.09866599546941858
2007-04-01,Adalet ve Kalkınma Partisi,sovereignty,Egemenlik,security_conflict,6,27,6,1,29.450000000000003,29.450000000000003,0.625,total,2007,50.6,0.5820158102766799
2007-04-01,Bağımsız,sovereignty,Egemenlik,security_conflict,1,3,0,0,3.0,3.0,0.0,total,2007,50.6,0.05928853754940711
2007-04-01,Cumhuriyet Halk Partisi,sovereignty,Egemenlik,security_conflict,5,15,4,5,18.15,18.15,-0.1,total,2007,50.6,0.358695652173913
2007-05-01,Adalet ve Kalkınma Partisi,constitution,Anayasa,constitutional_conflict,26,108,4,49,126.55000000000001,65.34469,-0.8333333333333334,negative,2007,160.36605,0.407472092752799
2007-05-01,Anavatan Partisi,constitution,Anayasa,constitutional_conflict,5,15,0,8,17.8,11.25047,-0.8888888888888888,negative,2007,160.36605,0.07015493616011619
2007-05-01,Bağımsız,constitution,Anayasa,constitutional_conflict,1,2,0,1,2.35,1.175,-0.5,negative,2007,160.36605,0.00732698722703465
2007-05-01,Cumhuriyet Halk Partisi,constitution,Anayasa,constitutional_conflict,25,116,3,52,135.25,81.24589,-0.875,negative,2007,160.36605,0.5066277432162232
2007-05-01,Doğru Yol Partisi,constitution,Anayasa,constitutional_conflict,2,2,0,2,2.7,1.35,-0.6666666666666666,negative,2007,160.36605,0.008418240643827044
2007-05-01,Adalet ve Kalkınma Partisi,democracy,Demokrasi,democratic_reform,17,60,1,34,72.25,47.689755,-0.9166666666666666,negative,2007,105.022515,0.45409077282142785
2007-05-01,Anavatan Partisi,democracy,Demokrasi,democratic_reform,4,9,0,5,10.75,5.99179,-0.8333333333333334,negative,2007,105.022515,0.057052432994963036
2007-05-01,Bağımsız,democracy,Demokrasi,democratic_reform,4,7,0,5,8.75,4.65839,-0.8333333333333334,negative,2007,105.022515,0.04435610783078276
2007-05-01,Cumhuriyet Halk Partisi,democracy,Demokrasi,democratic_reform,14,55,2,41,70.05,46.68258,-0.8863636363636364,negative,2007,105.022515,0.44450068635282636
2007-05-01,Adalet ve Kalkınma Partisi,economy,Ekonomi,macro_economy,6,17,0,11,20.85,14.34528,-0.9166666666666666,negative,2007,104.177515,0.13770034733502715
2007-05-01,Anavatan Partisi,economy,Ekonomi,macro_economy,8,48,7,44,65.85,42.498525,-0.7115384615384616,negative,2007,104.177515,0.4079433551472216
2007-05-01,Bağımsız,economy,Ekonomi,macro_economy,1,2,0,2,2.7,1.80009,-0.6666666666666666,negative,2007,104.177515,0.017279064489107845
2007-05-01,Cumhuriyet Halk Partisi,economy,Ekonomi,macro_economy,33,61,4,57,82.35,45.53362,-0.8548387096774194,negative,2007,104.177515,0.43707723302864343
2007-05-01,Adalet ve Kalkınma Partisi,european_union,Avrupa Birligi,democratic_reform,3,7,0,4,8.4,4.48339,-0.8,negative,2007,27.81857,0.16116536543754764
2007-05-01,Anavatan Partisi,european_union,Avrupa Birligi,democratic_reform,4,11,0,6,13.1,8.0625,-0.8571428571428571,negative,2007,27.81857,0.289824387091069
2007-05-01,Cumhuriyet Halk Partisi,european_union,Avrupa Birligi,democratic_reform,8,23,4,19,31.05,15.272680000000001,-0.625,negative,2007,27.81857,0.5490102474713834
2007-05-01,Cumhuriyet Halk Partisi,imf,IMF,macro_economy,4,4,0,5,5.75,3.15839,-0.8333333333333334,negative,2007,3.15839,1.0
2007-05-01,Cumhuriyet Halk Partisi,inflation,Enflasyon,macro_economy,5,5,1,7,7.8,3.67089,-0.6666666666666666,negative,2007,3.67089,1.0
2007-05-01,Adalet ve Kalkınma Partisi,interest,Faiz,macro_economy,3,10,0,6,12.100000000000001,8.57,-0.8571428571428571,negative,2007,18.04114,0.4750254141368007
2007-05-01,Anavatan Partisi,interest,Faiz,macro_economy,2,3,0,2,3.7,1.85,-0.6666666666666666,negative,2007,18.04114,0.10254340911937938
2007-05-01,Bağımsız,interest,Faiz,macro_economy,1,1,0,1,1.35,0.675,-0.5,negative,2007,18.04114,0.03741448711112491
2007-05-01,Cumhuriyet Halk Partisi,interest,Faiz,macro_economy,2,10,1,6,12.45,6.94614,-0.625,negative,2007,18.04114,0.3850166896326951
2007-05-01,Adalet ve Kalkınma Partisi,law_state,Hukuk Devleti,democratic_reform,16,37,0,27,46.45,29.62527,-0.9642857142857143,negative,2007,108.245025,0.2736871278841684
2007-05-01,Anavatan Partisi,law_state,Hukuk Devleti,democratic_reform,4,10,0,14,14.9,11.61984,-0.9333333333333333,negative,2007,108.245025,0.10734756632002256
2007-05-01,Cumhuriyet Halk Partisi,law_state,Hukuk Devleti,democratic_reform,25,75,2,53,94.25,60.884915,-0.9107142857142857,negative,2007,108.245025,0.5624731021125451
2007-05-01,Doğru Yol Partisi,law_state,Hukuk Devleti,democratic_reform,3,5,0,9,8.15,6.115,-0.9,negative,2007,108.245025,0.05649220368326397
2007-05-01,Anavatan Partisi,reform,Reform,democratic_reform,1,1,0,2,1.7,1.13339,-0.6666666666666666,negative,2007,2.26678,0.5
2007-05-01,Cumhuriyet Halk Partisi,reform,Reform,democratic_reform,1,1,0,2,1.7,1.13339,-0.6666666666666666,negative,2007,2.26678,0.5
2007-05-01,Adalet ve Kalkınma Partisi,security,Guvenlik,security_conflict,20,80,7,102,118.15,85.59145,-0.8636363636363636,negative,2007,193.421805,0.44251189776664523
2007-05-01,Anavatan Partisi,security,Guvenlik,security_conflict,16,43,4,39,58.05,35.95944,-0.7954545454545454,negative,2007,193.421805,0.18591202786056102
2007-05-01,Bağımsız,security,Guvenlik,security_conflict,3,8,0,9,11.15,8.587275,-0.9,negative,2007,193.421805,0.04439662322456354
2007-05-01,Cumhuriyet Halk Partisi,security,Guvenlik,security_conflict,27,80,13,80,112.55,63.28364,-0.7127659574468085,negative,2007,193.421805,0.32717945114823016
2007-05-01,Adalet ve Kalkınma Partisi,sovereignty,Egemenlik,security_conflict,1,6,1,7,8.8,5.86696,-0.6666666666666666,negative,2007,12.579460000000001,0.46639203908593846
2007-05-01,Anavatan Partisi,sovereignty,Egemenlik,security_conflict,2,8,0,4,9.4,6.7125,-0.8,negative,2007,12.579460000000001,0.5336079609140615
2007-05-01,Adalet ve Kalkınma Partisi,tutelage,Vesayet,constitutional_conflict,3,3,0,4,4.4,2.48339,-0.8,negative,2007,16.07405,0.15449684429250873
2007-05-01,Anavatan Partisi,tutelage,Vesayet,constitutional_conflict,2,4,1,7,6.8,4.04753,-0.6666666666666666,negative,2007,16.07405,0.251805238878814
2007-05-01,Cumhuriyet Halk Partisi,tutelage,Vesayet,constitutional_conflict,2,6,0,14,10.9,9.543130000000001,-0.9333333333333333,negative,2007,16.07405,0.5936979168286773
2007-05-01,Adalet ve Kalkınma Partisi,constitution,Anayasa,constitutional_conflict,23,81,41,1,95.7,57.161475,0.9302325581395349,positive,2007,134.9002,0.4237315808279009
2007-05-01,Anavatan Partisi,constitution,Anayasa,constitutional_conflict,4,9,6,0,11.100000000000001,6.783580000000001,0.8571428571428571,positive,2007,134.9002,0.05028591506906587
2007-05-01,Bağımsız,constitution,Anayasa,constitutional_conflict,1,1,1,0,1.35,0.675,0.5,positive,2007,134.9002,0.005003699030839095
2007-05-01,Cumhuriyet Halk Partisi,constitution,Anayasa,constitutional_conflict,20,131,44,10,149.9,67.30505500000001,0.6181818181818182,positive,2007,134.9002,0.4989247977393659
2007-05-01,Doğru Yol Partisi,constitution,Anayasa,constitutional_conflict,2,4,3,0,5.050000000000001,2.97509,0.75,positive,2007,134.9002,0.022054007332828265
2007-05-01,Adalet ve Kalkınma Partisi,democracy,Demokrasi,democratic_reform,17,48,33,2,60.25,35.080795,0.8611111111111112,positive,2007,101.53993,0.34548768154557524
2007-05-01,Anavatan Partisi,democracy,Demokrasi,democratic_reform,10,48,36,13,65.15,26.504095,0.46,positive,2007,101.53993,0.26102140310713234
2007-05-01,Bağımsız,democracy,Demokrasi,democratic_reform,2,16,6,1,18.45,9.67509,0.625,positive,2007,101.53993,0.09528359926976511
2007-05-01,Cumhuriyet Halk Partisi,democracy,Demokrasi,democratic_reform,15,41,22,0,48.7,30.27995,0.9565217391304348,positive,2007,101.53993,0.2982073160775273
2007-05-01,Adalet ve Kalkınma Partisi,economy,Ekonomi,macro_economy,49,190,190,10,260.0,189.077205,0.8955223880597015,positive,2007,346.049305,0.5463880501074839
2007-05-01,Anavatan Partisi,economy,Ekonomi,macro_economy,10,45,47,7,63.9,40.87682,0.7272727272727273,positive,2007,346.049305,0.11812426555805394
2007-05-01,Bağımsız,economy,Ekonomi,macro_economy,1,6,1,0,6.35,3.175,0.5,positive,2007,346.049305,0.009174993141512017
2007-05-01,Cumhuriyet Halk Partisi,economy,Ekonomi,macro_economy,34,134,113,12,177.75,111.12019,0.8015873015873016,positive,2007,346.049305,0.3211108601995314
2007-05-01,Doğru Yol Partisi,economy,Ekonomi,macro_economy,1,2,2,0,2.7,1.80009,0.6666666666666666,positive,2007,346.049305,0.005201830993418698
2007-05-01,Adalet ve Kalkınma Partisi,european_union,Avrupa Birligi,democratic_reform,9,38,36,3,51.65,35.72444,0.825,positive,2007,87.22878,0.4095487750717137
2007-05-01,Anavatan Partisi,european_union,Avrupa Birligi,democratic_reform,9,35,26,2,44.800000000000004,29.21961,0.8275862068965517,positive,2007,87.22878,0.33497671296102044
2007-05-01,Cumhuriyet Halk Partisi,european_union,Avrupa Birligi,democratic_reform,11,31,21,1,38.699999999999996,22.28473,0.8695652173913043,positive,2007,87.22878,0.25547451196726584
2007-05-01,Cumhuriyet Halk Partisi,imf,IMF,macro_economy,3,3,4,1,4.75,1.8625,0.5,positive,2007,1.8625,1.0
2007-05-01,Adalet ve Kalkınma Partisi,inflation,Enflasyon,macro_economy,4,7,7,0,9.45,5.90857,0.875,positive,2007,13.55886,0.43577188642703
2007-05-01,Anavatan Partisi,inflation,Enflasyon,macro_economy,1,1,1,0,1.35,0.675,0.5,positive,2007,13.55886,0.04978294635389702
2007-05-01,Cumhuriyet Halk Partisi,inflation,Enflasyon,macro_economy,2,10,3,0,11.049999999999999,6.975289999999999,0.75,positive,2007,13.55886,0.514445167219073
2007-05-01,Adalet ve Kalkınma Partisi,interest,Faiz,macro_economy,1,1,1,0,1.35,0.675,0.5,positive,2007,6.9575000000000005,0.09701760689902983
2007-05-01,Cumhuriyet Halk Partisi,interest,Faiz,macro_economy,5,6,10,0,9.5,6.282500000000001,0.9090909090909091,positive,2007,6.9575000000000005,0.9029823931009702
2007-05-01,Adalet ve Kalkınma Partisi,law_state,Hukuk Devleti,democratic_reform,16,34,24,2,43.1,22.58796,0.8148148148148148,positive,2007,70.737765,0.3193196731618535
2007-05-01,Anavatan Partisi,law_state,Hukuk Devleti,democratic_reform,3,4,3,0,5.050000000000001,2.5250000000000004,0.75,positive,2007,70.737765,0.03569521881275158
2007-05-01,Cumhuriyet Halk Partisi,law_state,Hukuk Devleti,democratic_reform,12,54,30,2,65.2,42.49993,0.8484848484848485,positive,2007,70.737765,0.6008096241095545
2007-05-01,Doğru Yol Partisi,law_state,Hukuk Devleti,democratic_reform,1,2,5,0,3.75,3.1248750000000003,0.8333333333333334,positive,2007,70.737765,0.04417548391584043
2007-05-01,Adalet ve Kalkınma Partisi,reform,Reform,democratic_reform,3,3,4,0,4.4,2.48339,0.8,positive,2007,13.74216,0.18071322121122152
2007-05-01,Anavatan Partisi,reform,Reform,democratic_reform,4,12,6,0,14.100000000000001,8.78368,0.8571428571428571,positive,2007,13.74216,0.6391775383200312
2007-05-01,Cumhuriyet Halk Partisi,reform,Reform,democratic_reform,2,3,3,0,4.050000000000001,2.47509,0.75,positive,2007,13.74216,0.18010924046874727
2007-05-01,Adalet ve Kalkınma Partisi,security,Guvenlik,security_conflict,12,93,47,10,112.95,58.579229999999995,0.6379310344827587,positive,2007,122.81139999999999,0.47698527986815553
2007-05-01,Anavatan Partisi,security,Guvenlik,security_conflict,8,42,27,4,52.85,29.74902,0.71875,positive,2007,122.81139999999999,0.2422333757289633
2007-05-01,Cumhuriyet Halk Partisi,security,Guvenlik,security_conflict,13,32,30,4,43.9,26.197850000000003,0.7428571428571429,positive,2007,122.81139999999999,0.2133177376041638
2007-05-01,Doğru Yol Partisi,security,Guvenlik,security_conflict,1,22,13,7,29.0,8.2853,0.2857142857142857,positive,2007,122.81139999999999,0.06746360679871738
2007-05-01,Adalet ve Kalkınma Partisi,sovereignty,Egemenlik,security_conflict,1,1,1,0,1.35,0.675,0.5,positive,2007,3.1417900000000003,0.21484567714583086
2007-05-01,Anavatan Partisi,sovereignty,Egemenlik,security_conflict,1,3,2,0,3.7,2.46679,0.6666666666666666,positive,2007,3.1417900000000003,0.7851543228541691
2007-05-01,Adalet ve Kalkınma Partisi,constitution,Anayasa,constitutional_conflict,203,520,51,55,557.1,557.1,-0.037383177570093455,total,2007,1263.6,0.44088319088319095
2007-05-01,Anavatan Partisi,constitution,Anayasa,constitutional_conflict,26,58,6,8,62.9,62.9,-0.13333333333333333,total,2007,1263.6,0.049778410889522
2007-05-01,Bağımsız,constitution,Anayasa,constitutional_conflict,9,16,3,3,18.1,18.1,0.0,total,2007,1263.6,0.014324153213042104
2007-05-01,Cumhuriyet Halk Partisi,constitution,Anayasa,constitutional_conflict,186,553,56,69,596.75,596.75,-0.10317460317460317,total,2007,1263.6,0.47226179170623617
2007-05-01,Doğru Yol Partisi,constitution,Anayasa,constitutional_conflict,20,27,3,2,28.75,28.75,0.16666666666666666,total,2007,1263.6,0.022752453308008864
2007-05-01,Adalet ve Kalkınma Partisi,democracy,Demokrasi,democratic_reform,133,261,41,42,290.05,290.05,-0.011904761904761904,total,2007,724.65,0.4002621955426758
2007-05-01,Anavatan Partisi,democracy,Demokrasi,democratic_reform,50,112,40,21,133.35,133.35,0.3064516129032258,total,2007,724.65,0.18401987166218173
2007-05-01,Bağımsız,democracy,Demokrasi,democratic_reform,11,31,7,7,35.9,35.9,0.0,total,2007,724.65,0.04954115780031739
2007-05-01,Cumhuriyet Halk Partisi,democracy,Demokrasi,democratic_reform,116,232,32,49,260.35,260.35,-0.2073170731707317,total,2007,724.65,0.35927689229283105
2007-05-01,Doğru Yol Partisi,democracy,Demokrasi,democratic_reform,4,5,0,0,5.0,5.0,0.0,total,2007,724.65,0.006899882701994067
2007-05-01,Adalet ve Kalkınma Partisi,economy,Ekonomi,macro_economy,127,351,210,42,439.2,439.2,0.6640316205533597,total,2007,1100.55,0.3990731906773886
2007-05-01,Anavatan Partisi,economy,Ekonomi,macro_economy,34,129,57,53,167.5,167.5,0.036036036036036036,total,2007,1100.55,0.15219662895824815
2007-05-01,Bağımsız,economy,Ekonomi,macro_economy,3,9,1,2,10.05,10.05,-0.25,total,2007,1100.55,0.00913179773749489
2007-05-01,Cumhuriyet Halk Partisi,economy,Ekonomi,macro_economy,179,402,139,87,481.1,481.1,0.2290748898678414,total,2007,1100.55,0.4371450638317205
2007-05-01,Doğru Yol Partisi,economy,Ekonomi,macro_economy,1,2,2,0,2.7,2.7,0.6666666666666666,total,2007,1100.55,0.002453318795147881
2007-05-01,Adalet ve Kalkınma Partisi,european_union,Avrupa Birligi,democratic_reform,30,68,36,7,83.05,83.05,0.6590909090909091,total,2007,254.15,0.3267755262640173
2007-05-01,Anavatan Partisi,european_union,Avrupa Birligi,democratic_reform,27,61,26,8,72.9,72.9,0.5142857142857142,total,2007,254.15,0.28683848121188277
2007-05-01,Cumhuriyet Halk Partisi,european_union,Avrupa Birligi,democratic_reform,35,80,29,23,98.2,98.2,0.11320754716981132,total,2007,254.15,0.38638599252409994
2007-05-01,Anavatan Partisi,imf,IMF,macro_economy,3,3,0,0,3.0,3.0,0.0,total,2007,27.5,0.10909090909090909
2007-05-01,Cumhuriyet Halk Partisi,imf,IMF,macro_economy,19,21,4,6,24.5,24.5,-0.18181818181818182,total,2007,27.5,0.8909090909090909
2007-05-01,Adalet ve Kalkınma Partisi,inflation,Enflasyon,macro_economy,7,13,7,0,15.45,15.45,0.875,total,2007,41.65,0.3709483793517407
2007-05-01,Anavatan Partisi,inflation,Enflasyon,macro_economy,2,2,1,0,2.35,2.35,0.5,total,2007,41.65,0.05642256902761105
2007-05-01,Cumhuriyet Halk Partisi,inflation,Enflasyon,macro_economy,12,20,4,7,23.849999999999998,23.849999999999998,-0.25,total,2007,41.65,0.5726290516206483
2007-05-01,Adalet ve Kalkınma Partisi,interest,Faiz,macro_economy,23,56,4,9,60.550000000000004,60.550000000000004,-0.35714285714285715,total,2007,138.55,0.4370263442800433
2007-05-01,Anavatan Partisi,interest,Faiz,macro_economy,6,16,0,2,16.7,16.7,-0.6666666666666666,total,2007,138.55,0.12053410321183687
2007-05-01,Bağımsız,interest,Faiz,macro_economy,1,1,0,1,1.35,1.35,-0.5,total,2007,138.55,0.009743774810537712
2007-05-01,Cumhuriyet Halk Partisi,interest,Faiz,macro_economy,30,54,11,6,59.95,59.95,0.2777777777777778,total,2007,138.55,0.4326957776975821
2007-05-01,Adalet ve Kalkınma Partisi,law_state,Hukuk Devleti,democratic_reform,118,213,39,44,242.05,242.05,-0.05952380952380952,total,2007,640.5500000000001,0.37787838576223554
2007-05-01,Anavatan Partisi,law_state,Hukuk Devleti,democratic_reform,26,42,7,18,50.75,50.75,-0.4230769230769231,total,2007,640.5500000000001,0.0792287877605183
2007-05-01,Cumhuriyet Halk Partisi,law_state,Hukuk Devleti,democratic_reform,144,302,34,57,333.85,333.85,-0.25,total,2007,640.5500000000001,0.5211927250019515
2007-05-01,Doğru Yol Partisi,law_state,Hukuk Devleti,democratic_reform,6,9,5,9,13.9,13.9,-0.26666666666666666,total,2007,640.5500000000001,0.021700101475294668
2007-05-01,Adalet ve Kalkınma Partisi,reform,Reform,democratic_reform,13,16,4,0,17.4,17.4,0.8,total,2007,56.95,0.30553116769095695
2007-05-01,Anavatan Partisi,reform,Reform,democratic_reform,12,22,6,2,24.8,24.8,0.4444444444444444,total,2007,56.95,0.4354697102721686
2007-05-01,Cumhuriyet Halk Partisi,reform,Reform,democratic_reform,10,13,3,2,14.75,14.75,0.16666666666666666,total,2007,56.95,0.2589991220368744
2007-05-01,Adalet ve Kalkınma Partisi,security,Guvenlik,security_conflict,64,246,65,122,311.45,311.45,-0.30319148936170215,total,2007,812.3,0.3834174566047027
2007-05-01,Anavatan Partisi,security,Guvenlik,security_conflict,40,144,42,59,179.35,179.35,-0.16666666666666666,total,2007,812.3,0.22079281053797858
2007-05-01,Bağımsız,security,Guvenlik,security_conflict,3,8,0,9,11.15,11.15,-0.9,total,2007,812.3,0.013726455742952113
2007-05-01,Cumhuriyet Halk Partisi,security,Guvenlik,security_conflict,84,210,65,108,270.55,270.55,-0.2471264367816092,total,2007,812.3,0.33306660100947927
2007-05-01,Doğru Yol Partisi,security,Guvenlik,security_conflict,3,30,17,11,39.8,39.8,0.20689655172413793,total,2007,812.3,0.04899667610488736
2007-05-01,Adalet ve Kalkınma Partisi,sovereignty,Egemenlik,security_conflict,17,26,2,7,29.150000000000002,29.150000000000002,-0.5,total,2007,63.95,0.455824863174355
2007-05-01,Anavatan Partisi,sovereignty,Egemenlik,security_conflict,7,15,3,5,17.8,17.8,-0.2222222222222222,total,2007,63.95,0.27834245504300237
2007-05-01,Cumhuriyet Halk Partisi,sovereignty,Egemenlik,security_conflict,8,17,0,0,17.0,17.0,0.0,total,2007,63.95,0.2658326817826427
2007-05-01,Adalet ve Kalkınma Partisi,tutelage,Vesayet,constitutional_conflict,3,3,0,4,4.4,4.4,-0.8,total,2007,22.1,0.1990950226244344
2007-05-01,Anavatan Partisi,tutelage,Vesayet,constitutional_conflict,2,4,1,7,6.8,6.8,-0.6666666666666666,total,2007,22.1,0.30769230769230765
2007-05-01,Cumhuriyet Halk Partisi,tutelage,Vesayet,constitutional_conflict,2,6,0,14,10.9,10.9,-0.9333333333333333,total,2007,22.1,0.4932126696832579
2007-06-01,Adalet ve Kalkınma Partisi,constitution,Anayasa,constitutional_conflict,4,5,0,6,7.1,4.3125,-0.8571428571428571,negative,2007,72.4044,0.05956129737971726
2007-06-01,Cumhuriyet Halk Partisi,constitution,Anayasa,constitutional_conflict,11,95,4,36,109.0,68.0919,-0.7804878048780488,negative,2007,72.4044,0.9404387026202827
2007-06-01,Adalet ve Kalkınma Partisi,democracy,Demokrasi,democratic_reform,1,1,0,2,1.7,1.13339,-0.6666666666666666,negative,2007,11.34998,0.09985832574154314
2007-06-01,Cumhuriyet Halk Partisi,democracy,Demokrasi,democratic_reform,6,13,2,14,18.6,10.21659,-0.7058823529411765,negative,2007,11.34998,0.9001416742584568
2007-06-01,Cumhuriyet Halk Partisi,economy,Ekonomi,macro_economy,14,33,6,45,50.85,29.05442,-0.75,negative,2007,29.05442,1.0
2007-06-01,Cumhuriyet Halk Partisi,european_union,Avrupa Birligi,democratic_reform,1,1,0,1,1.35,0.675,-0.5,negative,2007,0.675,1.0
2007-06-01,Adalet ve Kalkınma Partisi,inflation,Enflasyon,macro_economy,2,4,0,3,5.050000000000001,2.97509,-0.75,negative,2007,2.97509,1.0
2007-06-01,Adalet ve Kalkınma Partisi,law_state,Hukuk Devleti,democratic_reform,1,1,0,1,1.35,0.675,-0.5,negative,2007,19.70777,0.03425045045685027
2007-06-01,Cumhuriyet Halk Partisi,law_state,Hukuk Devleti,democratic_reform,10,24,0,18,30.3,19.03277,-0.9473684210526315,negative,2007,19.70777,0.9657495495431497
2007-06-01,Adalet ve Kalkınma Partisi,security,Guvenlik,security_conflict,4,6,0,12,10.2,7.58411,-0.9230769230769231,negative,2007,76.095455,0.09966574219182998
2007-06-01,Cumhuriyet Halk Partisi,security,Guvenlik,security_conflict,16,83,9,67,109.6,68.511345,-0.7532467532467533,negative,2007,76.095455,0.9003342578081701
2007-06-01,Anavatan Partisi,tutelage,Vesayet,constitutional_conflict,1,1,0,1,1.35,0.675,-0.5,negative,2007,0.675,1.0
2007-06-01,Adalet ve Kalkınma Partisi,constitution,Anayasa,constitutional_conflict,7,36,15,1,41.6,24.155475000000003,0.8235294117647058,positive,2007,38.167345000000005,0.6328832932969269
2007-06-01,Bağımsız,constitution,Anayasa,constitutional_conflict,1,2,1,0,2.35,1.175,0.5,positive,2007,38.167345000000005,0.03078547905283954
2007-06-01,Cumhuriyet Halk Partisi,constitution,Anayasa,constitutional_conflict,6,15,12,0,19.2,12.836870000000001,0.9230769230769231,positive,2007,38.167345000000005,0.33633122765023343
2007-06-01,Adalet ve Kalkınma Partisi,democracy,Demokrasi,democratic_reform,2,3,3,0,4.050000000000001,2.47509,0.75,positive,2007,22.927590000000002,0.10795247123661927
2007-06-01,Bağımsız,democracy,Demokrasi,democratic_reform,1,6,3,0,7.05,5.2875,0.75,positive,2007,22.927590000000002,0.2306173479201259
2007-06-01,Cumhuriyet Halk Partisi,democracy,Demokrasi,democratic_reform,5,17,11,0,20.85,15.165000000000001,0.9166666666666666,positive,2007,22.927590000000002,0.6614301808432548
2007-06-01,Cumhuriyet Halk Partisi,economy,Ekonomi,macro_economy,9,14,14,0,18.9,11.64607,0.9333333333333333,positive,2007,11.64607,1.0
2007-06-01,Adalet ve Kalkınma Partisi,european_union,Avrupa Birligi,democratic_reform,2,2,2,0,2.7,1.35,0.6666666666666666,positive,2007,11.99607,0.11253685582028115
2007-06-01,Anavatan Partisi,european_union,Avrupa Birligi,democratic_reform,1,1,1,0,1.35,0.675,0.5,positive,2007,11.99607,0.05626842791014058
2007-06-01,Cumhuriyet Halk Partisi,european_union,Avrupa Birligi,democratic_reform,8,12,13,0,16.55,9.97107,0.9285714285714286,positive,2007,11.99607,0.8311947162695783
2007-06-01,Cumhuriyet Halk Partisi,interest,Faiz,macro_economy,1,1,1,0,1.35,0.675,0.5,positive,2007,0.675,1.0
2007-06-01,Adalet ve Kalkınma Partisi,law_state,Hukuk Devleti,democratic_reform,1,4,1,0,4.35,2.175,0.5,positive,2007,11.16268,0.194845682219682
2007-06-01,Bağımsız,law_state,Hukuk Devleti,democratic_reform,1,1,1,0,1.35,0.675,0.5,positive,2007,11.16268,0.06046934965438408
2007-06-01,Cumhuriyet Halk Partisi,law_state,Hukuk Devleti,democratic_reform,4,10,8,0,12.8,8.31268,0.8888888888888888,positive,2007,11.16268,0.744684968125934
2007-06-01,Cumhuriyet Halk Partisi,reform,Reform,democratic_reform,1,1,1,0,1.35,0.675,0.5,positive,2007,0.675,1.0
2007-06-01,Adalet ve Kalkınma Partisi,security,Guvenlik,security_conflict,3,5,4,0,6.4,3.65009,0.8,positive,2007,29.22384,0.12490110813637086
2007-06-01,Cumhuriyet Halk Partisi,security,Guvenlik,security_conflict,9,34,24,3,43.45,25.57375,0.75,positive,2007,29.22384,0.8750988918636292
2007-06-01,Cumhuriyet Halk Partisi,sovereignty,Egemenlik,security_conflict,1,1,1,0,1.35,0.675,0.5,positive,2007,0.675,1.0
2007-06-01,Adalet ve Kalkınma Partisi,constitution,Anayasa,constitutional_conflict,45,94,16,8,102.4,102.4,0.32,total,2007,307.95,0.33252151323266765
2007-06-01,Bağımsız,constitution,Anayasa,constitutional_conflict,2,3,1,0,3.35,3.35,0.5,total,2007,307.95,0.01087838934892028
2007-06-01,Cumhuriyet Halk Partisi,constitution,Anayasa,constitutional_conflict,57,184,16,36,202.2,202.2,-0.37735849056603776,total,2007,307.95,0.6566000974184121
2007-06-01,Adalet ve Kalkınma Partisi,democracy,Demokrasi,democratic_reform,14,22,3,2,23.75,23.75,0.16666666666666666,total,2007,104.95,0.22629823725583612
2007-06-01,Anavatan Partisi,democracy,Demokrasi,democratic_reform,1,1,1,1,1.7,1.7,0.0,total,2007,104.95,0.01619818961410195
2007-06-01,Bağımsız,democracy,Demokrasi,democratic_reform,4,9,3,0,10.05,10.05,0.75,total,2007,104.95,0.09575988565983802
2007-06-01,Cumhuriyet Halk Partisi,democracy,Demokrasi,democratic_reform,33,60,13,14,69.45,69.45,-0.03571428571428571,total,2007,104.95,0.6617436874702239
2007-06-01,Adalet ve Kalkınma Partisi,economy,Ekonomi,macro_economy,4,5,0,0,5.0,5.0,0.0,total,2007,108.55,0.046061722708429294
2007-06-01,Cumhuriyet Halk Partisi,economy,Ekonomi,macro_economy,40,78,24,49,103.55,103.55,-0.33783783783783783,total,2007,108.55,0.9539382772915707
2007-06-01,Adalet ve Kalkınma Partisi,european_union,Avrupa Birligi,democratic_reform,4,5,2,0,5.7,5.7,0.6666666666666666,total,2007,28.95,0.19689119170984457
2007-06-01,Anavatan Partisi,european_union,Avrupa Birligi,democratic_reform,1,1,1,0,1.35,1.35,0.5,total,2007,28.95,0.04663212435233161
2007-06-01,Cumhuriyet Halk Partisi,european_union,Avrupa Birligi,democratic_reform,12,17,13,1,21.9,21.9,0.8,total,2007,28.95,0.7564766839378239
2007-06-01,Adalet ve Kalkınma Partisi,imf,IMF,macro_economy,1,1,0,0,1.0,1.0,0.0,total,2007,2.0,0.5
2007-06-01,Cumhuriyet Halk Partisi,imf,IMF,macro_economy,1,1,0,0,1.0,1.0,0.0,total,2007,2.0,0.5
2007-06-01,Adalet ve Kalkınma Partisi,inflation,Enflasyon,macro_economy,3,5,0,3,6.050000000000001,6.050000000000001,-0.75,total,2007,6.050000000000001,1.0
2007-06-01,Adalet ve Kalkınma Partisi,interest,Faiz,macro_economy,1,1,0,0,1.0,1.0,0.0,total,2007,3.35,0.29850746268656714
2007-06-01,Cumhuriyet Halk Partisi,interest,Faiz,macro_economy,2,2,1,0,2.35,2.35,0.5,total,2007,3.35,0.7014925373134329
2007-06-01,Adalet ve Kalkınma Partisi,law_state,Hukuk Devleti,democratic_reform,14,20,1,1,20.7,20.7,0.0,total,2007,151.0,0.13708609271523178
2007-06-01,Bağımsız,law_state,Hukuk Devleti,democratic_reform,3,4,3,2,5.75,5.75,0.16666666666666666,total,2007,151.0,0.0380794701986755
2007-06-01,Cumhuriyet Halk Partisi,law_state,Hukuk Devleti,democratic_reform,40,113,12,21,124.55,124.55,-0.2647058823529412,total,2007,151.0,0.8248344370860927
2007-06-01,Adalet ve Kalkınma Partisi,reform,Reform,democratic_reform,3,3,0,0,3.0,3.0,0.0,total,2007,4.35,0.6896551724137931
2007-06-01,Cumhuriyet Halk Partisi,reform,Reform,democratic_reform,1,1,1,0,1.35,1.35,0.5,total,2007,4.35,0.31034482758620696
2007-06-01,Adalet ve Kalkınma Partisi,security,Guvenlik,security_conflict,13,19,5,13,25.3,25.3,-0.42105263157894735,total,2007,210.55,0.12016148183329375
2007-06-01,Cumhuriyet Halk Partisi,security,Guvenlik,security_conflict,38,145,39,76,185.25,185.25,-0.31896551724137934,total,2007,210.55,0.8798385181667062
2007-06-01,Cumhuriyet Halk Partisi,sovereignty,Egemenlik,security_conflict,3,4,1,0,4.35,4.35,0.5,total,2007,4.35,1.0
2007-06-01,Anavatan Partisi,tutelage,Vesayet,constitutional_conflict,1,1,0,1,1.35,1.35,-0.5,total,2007,1.35,1.0
