date,party,concept_slug,concept,concept_category,speech_count,mention_count,beme_positive_hits,beme_negative_hits,salience_weight,layer_weight,beme_score,layer
2002-11-01,Adalet ve Kalkınma Partisi,economy,Ekonomi,macro_economy,9,278,204,112,388.6,388.6,0.2902208201892745,total
2002-11-01,Adalet ve Kalkınma Partisi,law_state,Hukuk Devleti,democratic_reform,6,77,41,8,94.15,94.15,0.66,total
2002-11-01,Adalet ve Kalkınma Partisi,democracy,Demokrasi,democratic_reform,8,56,47,1,72.8,72.8,0.9387755102040817,total
2002-11-01,Adalet ve Kalkınma Partisi,constitution,Anayasa,constitutional_conflict,6,47,24,6,57.5,57.5,0.5806451612903226,total
2002-11-01,Adalet ve Kalkınma Partisi,reform,Reform,democratic_reform,5,42,27,10,54.95,54.95,0.4473684210526316,total
2002-11-01,Cumhuriyet Halk Partisi,european_union,Avrupa Birligi,democratic_reform,2,27,18,21,40.65,40.65,-0.075,total
2002-11-01,Adalet ve Kalkınma Partisi,interest,Faiz,macro_economy,3,28,17,13,38.5,38.5,0.12903225806451613,total
2002-11-01,Cumhuriyet Halk Partisi,constitution,Anayasa,constitutional_conflict,2,28,2,5,30.450000000000003,30.450000000000003,-0.375,total
2002-11-01,Cumhuriyet Halk Partisi,economy,Ekonomi,macro_economy,2,20,5,22,29.450000000000003,29.450000000000003,-0.6071428571428571,total
2002-11-01,Adalet ve Kalkınma Partisi,inflation,Enflasyon,macro_economy,4,18,19,12,28.85,28.85,0.21875,total
2002-11-01,Adalet ve Kalkınma Partisi,security,Guvenlik,security_conflict,7,17,8,14,24.7,24.7,-0.2608695652173913,total
2002-11-01,Adalet ve Kalkınma Partisi,imf,IMF,macro_economy,3,19,7,2,22.15,22.15,0.5,total
2002-11-01,Adalet ve Kalkınma Partisi,european_union,Avrupa Birligi,democratic_reform,4,13,5,2,15.45,15.45,0.375,total
2002-11-01,Cumhuriyet Halk Partisi,security,Guvenlik,security_conflict,2,8,8,5,12.55,12.55,0.21428571428571427,total
2002-11-01,Cumhuriyet Halk Partisi,reform,Reform,democratic_reform,1,6,3,1,7.4,7.4,0.4,total
2002-11-01,Cumhuriyet Halk Partisi,democracy,Demokrasi,democratic_reform,2,6,2,1,7.050000000000001,7.050000000000001,0.25,total
2002-11-01,Cumhuriyet Halk Partisi,law_state,Hukuk Devleti,democratic_reform,2,6,1,2,7.05,7.05,-0.25,total
2002-11-01,Cumhuriyet Halk Partisi,interest,Faiz,macro_economy,1,5,1,2,6.05,6.05,-0.25,total
2002-11-01,Cumhuriyet Halk Partisi,imf,IMF,macro_economy,1,2,2,0,2.7,2.7,0.6666666666666666,total
2002-11-01,Cumhuriyet Halk Partisi,inflation,Enflasyon,macro_economy,1,1,0,0,1.0,1.0,0.0,total
2002-12-01,Adalet ve Kalkınma Partisi,economy,Ekonomi,macro_economy,57,287,146,104,374.5,374.5,0.16733067729083664,total
2002-12-01,Cumhuriyet Halk Partisi,constitution,Anayasa,constitutional_conflict,29,152,41,16,171.95,171.95,0.43103448275862066,total
2002-12-01,Cumhuriyet Halk Partisi,economy,Ekonomi,macro_economy,38,133,54,40,165.9,165.9,0.14736842105263157,total
2002-12-01,Cumhuriyet Halk Partisi,democracy,Demokrasi,democratic_reform,23,88,51,18,112.15,112.15,0.4714285714285714,total
2002-12-01,Adalet ve Kalkınma Partisi,law_state,Hukuk Devleti,democratic_reform,22,83,27,16,98.05,98.05,0.25,total
2002-12-01,Adalet ve Kalkınma Partisi,democracy,Demokrasi,democratic_reform,17,75,34,10,90.4,90.4,0.5333333333333333,total
2002-12-01,Adalet ve Kalkınma Partisi,constitution,Anayasa,constitutional_conflict,16,69,43,4,85.45,85.45,0.8125,total
2002-12-01,Cumhuriyet Halk Partisi,law_state,Hukuk Devleti,democratic_reform,22,57,28,7,69.25,69.25,0.5833333333333334,total
2002-12-01,Adalet ve Kalkınma Partisi,european_union,Avrupa Birligi,democratic_reform,16,53,14,10,61.400000000000006,61.400000000000006,0.16,total
2002-12-01,Adalet ve Kalkınma Partisi,security,Guvenlik,security_conflict,20,44,15,16,54.85,54.85,-0.03125,total
2002-12-01,Cumhuriyet Halk Partisi,security,Guvenlik,security_conflict,13,31,11,17,40.8,40.8,-0.20689655172413793,total
2002-12-01,Cumhuriyet Halk Partisi,interest,Faiz,macro_economy,12,36,2,5,38.45,38.45,-0.375,total
2002-12-01,Adalet ve Kalkınma Partisi,interest,Faiz,macro_economy,13,28,9,5,32.9,32.9,0.26666666666666666,total
2002-12-01,Cumhuriyet Halk Partisi,european_union,Avrupa Birligi,democratic_reform,13,20,8,5,24.55,24.55,0.21428571428571427,total
2002-12-01,Cumhuriyet Halk Partisi,imf,IMF,macro_economy,6,16,2,9,19.85,19.85,-0.5833333333333334,total
2002-12-01,Adalet ve Kalkınma Partisi,inflation,Enflasyon,macro_economy,6,11,4,7,14.850000000000001,14.850000000000001,-0.25,total
2002-12-01,Adalet ve Kalkınma Partisi,reform,Reform,democratic_reform,9,12,4,2,14.1,14.1,0.2857142857142857,total
2002-12-01,Cumhuriyet Halk Partisi,inflation,Enflasyon,macro_economy,4,7,0,2,7.7,7.7,-0.6666666666666666,total
2002-12-01,Bağımsız,economy,Ekonomi,macro_economy,1,6,0,4,7.4,7.4,-0.8,total
2002-12-01,Cumhuriyet Halk Partisi,reform,Reform,democratic_reform,6,7,0,0,7.0,7.0,0.0,total
2002-12-01,Anavatan Partisi,economy,Ekonomi,macro_economy,2,6,0,0,6.0,6.0,0.0,total
2002-12-01,Doğru Yol Partisi,economy,Ekonomi,macro_economy,1,6,0,0,6.0,6.0,0.0,total
2002-12-01,Anavatan Partisi,inflation,Enflasyon,macro_economy,1,5,0,0,5.0,5.0,0.0,total
2002-12-01,Cumhuriyet Halk Partisi,tutelage,Vesayet,constitutional_conflict,1,3,0,4,4.4,4.4,-0.8,total
2002-12-01,Adalet ve Kalkınma Partisi,imf,IMF,macro_economy,2,2,2,3,3.75,3.75,-0.16666666666666666,total
2002-12-01,Anavatan Partisi,imf,IMF,macro_economy,1,3,0,1,3.35,3.35,-0.5,total
2002-12-01,Anavatan Partisi,security,Guvenlik,security_conflict,1,3,0,1,3.35,3.35,-0.5,total
2002-12-01,Adalet ve Kalkınma Partisi,sovereignty,Egemenlik,security_conflict,2,2,1,0,2.35,2.35,0.5,total
2002-12-01,Adalet ve Kalkınma Partisi,tutelage,Vesayet,constitutional_conflict,1,1,1,1,1.7,1.7,0.0,total
2002-12-01,Doğru Yol Partisi,law_state,Hukuk Devleti,democratic_reform,1,1,0,1,1.35,1.35,-0.5,total
2002-12-01,Anavatan Partisi,interest,Faiz,macro_economy,1,1,0,0,1.0,1.0,0.0,total
2002-12-01,Cumhuriyet Halk Partisi,sovereignty,Egemenlik,security_conflict,1,1,0,0,1.0,1.0,0.0,total
2003-01-01,Adalet ve Kalkınma Partisi,economy,Ekonomi,macro_economy,75,364,165,137,469.7,469.7,0.0924092409240924,total
2003-01-01,Cumhuriyet Halk Partisi,law_state,Hukuk Devleti,democratic_reform,57,350,117,75,417.2,417.2,0.21761658031088082,total
2003-01-01,Cumhuriyet Halk Partisi,economy,Ekonomi,macro_economy,76,321,85,131,396.6,396.6,-0.2119815668202765,total
2003-01-01,Adalet ve Kalkınma Partisi,law_state,Hukuk Devleti,democratic_reform,40,275,94,47,324.35,324.35,0.33098591549295775,total
2003-01-01,Cumhuriyet Halk Partisi,constitution,Anayasa,constitutional_conflict,39,135,39,20,155.65,155.65,0.31666666666666665,total
2003-01-01,Adalet ve Kalkınma Partisi,constitution,Anayasa,constitutional_conflict,34,140,30,10,154.0,154.0,0.4878048780487805,total
2003-01-01,Adalet ve Kalkınma Partisi,security,Guvenlik,security_conflict,33,101,19,29,117.80000000000001,117.80000000000001,-0.20408163265306123,total
2003-01-01,Cumhuriyet Halk Partisi,interest,Faiz,macro_economy,28,87,13,16,97.15,97.15,-0.1,total
2003-01-01,Cumhuriyet Halk Partisi,security,Guvenlik,security_conflict,21,62,18,43,83.35,83.35,-0.4032258064516129,total
2003-01-01,Adalet ve Kalkınma Partisi,democracy,Demokrasi,democratic_reform,22,64,45,6,81.85,81.85,0.75,total
2003-01-01,Cumhuriyet Halk Partisi,democracy,Demokrasi,democratic_reform,18,53,16,10,62.1,62.1,0.2222222222222222,total
2003-01-01,Adalet ve Kalkınma Partisi,european_union,Avrupa Birligi,democratic_reform,14,47,31,2,58.55,58.55,0.8529411764705882,total
2003-01-01,Adalet ve Kalkınma Partisi,interest,Faiz,macro_economy,19,46,3,12,51.25,51.25,-0.5625,total
2003-01-01,Cumhuriyet Halk Partisi,european_union,Avrupa Birligi,democratic_reform,17,38,17,1,44.300000000000004,44.300000000000004,0.8421052631578947,total
2003-01-01,Cumhuriyet Halk Partisi,inflation,Enflasyon,macro_economy,16,35,5,11,40.6,40.6,-0.35294117647058826,total
2003-01-01,Cumhuriyet Halk Partisi,reform,Reform,democratic_reform,12,33,11,4,38.25,38.25,0.4375,total
2003-01-01,Adalet ve Kalkınma Partisi,reform,Reform,democratic_reform,13,26,11,8,32.65,32.65,0.15,total
2003-01-01,Adalet ve Kalkınma Partisi,inflation,Enflasyon,macro_economy,7,21,14,14,30.799999999999997,30.799999999999997,0.0,total
2003-01-01,Cumhuriyet Halk Partisi,imf,IMF,macro_economy,9,19,4,17,26.35,26.35,-0.5909090909090909,total
2003-01-01,Anavatan Partisi,economy,Ekonomi,macro_economy,7,20,4,11,25.25,25.25,-0.4375,total
2003-01-01,Cumhuriyet Halk Partisi,sovereignty,Egemenlik,security_conflict,2,10,1,9,13.5,13.5,-0.7272727272727273,total
2003-01-01,Adalet ve Kalkınma Partisi,imf,IMF,macro_economy,5,7,2,1,8.05,8.05,0.25,total
2003-01-01,Bağımsız,economy,Ekonomi,macro_economy,2,5,2,5,7.45,7.45,-0.375,total
2003-01-01,Anavatan Partisi,inflation,Enflasyon,macro_economy,1,3,0,1,3.35,3.35,-0.5,total
2003-01-01,Bağımsız,european_union,Avrupa Birligi,democratic_reform,1,1,0,6,3.1,3.1,-0.8571428571428571,total
2003-01-01,Anavatan Partisi,interest,Faiz,macro_economy,1,2,0,0,2.0,2.0,0.0,total
2003-01-01,Adalet ve Kalkınma Partisi,tutelage,Vesayet,constitutional_conflict,1,1,0,1,1.35,1.35,-0.5,total
2003-01-01,Anavatan Partisi,democracy,Demokrasi,democratic_reform,1,1,0,0,1.0,1.0,0.0,total
2003-01-01,Bağımsız,reform,Reform,democratic_reform,1,1,0,0,1.0,1.0,0.0,total
2003-01-01,Bağımsız,security,Guvenlik,security_conflict,1,1,0,0,1.0,1.0,0.0,total
2003-02-01,Cumhuriyet Halk Partisi,economy,Ekonomi,macro_economy,36,274,84,91,335.25,335.25,-0.03977272727272727,total
2003-02-01,Adalet ve Kalkınma Partisi,economy,Ekonomi,macro_economy,38,216,94,74,274.8,274.8,0.11834319526627218,total
2003-02-01,Cumhuriyet Halk Partisi,law_state,Hukuk Devleti,democratic_reform,45,202,64,52,242.6,242.6,0.10256410256410256,total
2003-02-01,Adalet ve Kalkınma Partisi,law_state,Hukuk Devleti,democratic_reform,24,150,58,14,175.20000000000002,175.20000000000002,0.6027397260273972,total
2003-02-01,Cumhuriyet Halk Partisi,constitution,Anayasa,constitutional_conflict,36,115,32,13,130.75,130.75,0.41304347826086957,total
2003-02-01,Cumhuriyet Halk Partisi,democracy,Demokrasi,democratic_reform,17,49,31,10,63.35,63.35,0.5,total
2003-02-01,Adalet ve Kalkınma Partisi,constitution,Anayasa,constitutional_conflict,15,51,8,4,55.2,55.2,0.3076923076923077,total
2003-02-01,Cumhuriyet Halk Partisi,security,Guvenlik,security_conflict,19,37,9,15,45.4,45.4,-0.24,total
2003-02-01,Adalet ve Kalkınma Partisi,security,Guvenlik,security_conflict,16,35,6,12,41.3,41.3,-0.3157894736842105,total
2003-02-01,Adalet ve Kalkınma Partisi,european_union,Avrupa Birligi,democratic_reform,11,25,13,7,32.0,32.0,0.2857142857142857,total
2003-02-01,Cumhuriyet Halk Partisi,interest,Faiz,macro_economy,8,22,4,4,24.799999999999997,24.799999999999997,0.0,total
2003-02-01,Cumhuriyet Halk Partisi,reform,Reform,democratic_reform,9,21,5,2,23.45,23.45,0.375,total
2003-02-01,Adalet ve Kalkınma Partisi,reform,Reform,democratic_reform,5,15,3,4,17.45,17.45,-0.125,total
2003-02-01,Adalet ve Kalkınma Partisi,interest,Faiz,macro_economy,8,16,2,2,17.4,17.4,0.0,total
2003-02-01,Adalet ve Kalkınma Partisi,democracy,Demokrasi,democratic_reform,5,10,3,1,11.4,11.4,0.4,total
2003-02-01,Anavatan Partisi,economy,Ekonomi,macro_economy,2,8,5,1,10.1,10.1,0.5714285714285714,total
2003-02-01,Cumhuriyet Halk Partisi,european_union,Avrupa Birligi,democratic_reform,6,9,1,0,9.35,9.35,0.5,total
2003-02-01,Cumhuriyet Halk Partisi,inflation,Enflasyon,macro_economy,4,4,0,2,4.7,4.7,-0.6666666666666666,total
2003-02-01,Cumhuriyet Halk Partisi,imf,IMF,macro_economy,2,3,0,2,3.7,3.7,-0.6666666666666666,total
2003-02-01,Adalet ve Kalkınma Partisi,inflation,Enflasyon,macro_economy,2,2,2,1,3.05,3.05,0.25,total
2003-02-01,Bağımsız,security,Guvenlik,security_conflict,1,2,0,0,2.0,2.0,0.0,total
2003-02-01,Adalet ve Kalkınma Partisi,tutelage,Vesayet,constitutional_conflict,1,1,0,2,1.7,1.7,-0.6666666666666666,total
2003-02-01,Cumhuriyet Halk Partisi,sovereignty,Egemenlik,security_conflict,1,1,0,1,1.35,1.35,-0.5,total
2003-03-01,Adalet ve Kalkınma Partisi,economy,Ekonomi,macro_economy,177,1365,794,426,1792.0,1792.0,0.3013923013923014,total
2003-03-01,Cumhuriyet Halk Partisi,economy,Ekonomi,macro_economy,229,845,297,319,1060.6,1060.6,-0.03565640194489465,total
2003-03-01,Cumhuriyet Halk Partisi,law_state,Hukuk Devleti,democratic_reform,121,491,137,129,584.1,584.1,0.0299625468164794,total
2003-03-01,Cumhuriyet Halk Partisi,constitution,Anayasa,constitutional_conflict,104,423,99,66,480.75,480.75,0.19879518072289157,total
2003-03-01,Adalet ve Kalkınma Partisi,law_state,Hukuk Devleti,democratic_reform,96,386,131,80,459.85,459.85,0.24056603773584906,total
2003-03-01,Adalet ve Kalkınma Partisi,constitution,Anayasa,constitutional_conflict,75,313,87,35,355.7,355.7,0.42276422764227645,total
2003-03-01,Cumhuriyet Halk Partisi,interest,Faiz,macro_economy,71,255,30,57,285.45,285.45,-0.3068181818181818,total
2003-03-01,Adalet ve Kalkınma Partisi,democracy,Demokrasi,democratic_reform,77,211,100,37,258.95,258.95,0.45652173913043476,total
2003-03-01,Adalet ve Kalkınma Partisi,security,Guvenlik,security_conflict,60,177,65,70,224.25,224.25,-0.03676470588235294,total
2003-03-01,Cumhuriyet Halk Partisi,democracy,Demokrasi,democratic_reform,81,172,88,17,208.75,208.75,0.6698113207547169,total
2003-03-01,Adalet ve Kalkınma Partisi,reform,Reform,democratic_reform,51,172,72,22,204.9,204.9,0.5263157894736842,total
2003-03-01,Adalet ve Kalkınma Partisi,interest,Faiz,macro_economy,48,157,45,32,183.95,183.95,0.16666666666666666,total
2003-03-01,Cumhuriyet Halk Partisi,security,Guvenlik,security_conflict,70,143,29,74,179.05,179.05,-0.4326923076923077,total
2003-03-01,Cumhuriyet Halk Partisi,reform,Reform,democratic_reform,38,138,40,26,161.1,161.1,0.208955223880597,total
2003-03-01,Adalet ve Kalkınma Partisi,european_union,Avrupa Birligi,democratic_reform,49,82,40,13,100.55,100.55,0.5,total
2003-03-01,Cumhuriyet Halk Partisi,imf,IMF,macro_economy,32,86,18,13,96.85,96.85,0.15625,total
2003-03-01,Bağımsız,economy,Ekonomi,macro_economy,9,65,23,13,77.60000000000001,77.60000000000001,0.2702702702702703,total
2003-03-01,Cumhuriyet Halk Partisi,inflation,Enflasyon,macro_economy,24,68,20,5,76.75,76.75,0.5769230769230769,total
2003-03-01,Adalet ve Kalkınma Partisi,inflation,Enflasyon,macro_economy,23,53,38,16,71.9,71.9,0.4,total
2003-03-01,Cumhuriyet Halk Partisi,european_union,Avrupa Birligi,democratic_reform,30,50,25,9,61.9,61.9,0.45714285714285713,total
2003-03-01,Adalet ve Kalkınma Partisi,imf,IMF,macro_economy,22,49,11,14,57.75,57.75,-0.11538461538461539,total
2003-03-01,Anavatan Partisi,economy,Ekonomi,macro_economy,9,30,7,11,36.300000000000004,36.300000000000004,-0.21052631578947367,total
2003-03-01,Anavatan Partisi,law_state,Hukuk Devleti,democratic_reform,5,14,0,3,15.05,15.05,-0.75,total
2003-03-01,Cumhuriyet Halk Partisi,sovereignty,Egemenlik,security_conflict,6,10,4,8,14.2,14.2,-0.3076923076923077,total
2003-03-01,Anavatan Partisi,interest,Faiz,macro_economy,5,11,3,2,12.75,12.75,0.16666666666666666,total
2003-03-01,Anavatan Partisi,constitution,Anayasa,constitutional_conflict,5,11,4,0,12.4,12.4,0.8,total
2003-03-01,Cumhuriyet Halk Partisi,tutelage,Vesayet,constitutional_conflict,4,7,0,13,11.55,11.55,-0.9285714285714286,total
2003-03-01,Anavatan Partisi,imf,IMF,macro_economy,3,9,1,3,10.4,10.4,-0.4,total
2003-03-01,Anavatan Partisi,inflation,Enflasyon,macro_economy,4,10,0,0,10.0,10.0,0.0,total
2003-03-01,Anavatan Partisi,democracy,Demokrasi,democratic_reform,5,7,6,1,9.45,9.45,0.625,total
2003-03-01,Bağımsız,security,Guvenlik,security_conflict,3,7,0,3,8.05,8.05,-0.75,total
2003-03-01,Adalet ve Kalkınma Partisi,sovereignty,Egemenlik,security_conflict,5,6,4,0,7.4,7.4,0.8,total
2003-03-01,Anavatan Partisi,security,Guvenlik,security_conflict,4,4,2,6,6.8,6.8,-0.4444444444444444,total
2003-03-01,Bağımsız,constitution,Anayasa,constitutional_conflict,2,4,1,4,5.75,5.75,-0.5,total
2003-03-01,Bağımsız,interest,Faiz,macro_economy,1,5,1,0,5.35,5.35,0.5,total
2003-03-01,Doğru Yol Partisi,democracy,Demokrasi,democratic_reform,2,5,1,0,5.35,5.35,0.5,total
2003-03-01,Doğru Yol Partisi,economy,Ekonomi,macro_economy,2,5,1,0,5.35,5.35,0.5,total
2003-03-01,Adalet ve Kalkınma Partisi,tutelage,Vesayet,constitutional_conflict,3,3,1,3,4.4,4.4,-0.4,total
2003-03-01,Doğru Yol Partisi,security,Guvenlik,security_conflict,1,3,2,2,4.4,4.4,0.0,total
2003-03-01,Anavatan Partisi,reform,Reform,democratic_reform,2,3,0,0,3.0,3.0,0.0,total
2003-03-01,Bağımsız,law_state,Hukuk Devleti,democratic_reform,2,2,0,1,2.35,2.35,-0.5,total
2003-03-01,Bağımsız,reform,Reform,democratic_reform,1,1,1,0,1.35,1.35,0.5,total
2003-03-01,Bağımsız,tutelage,Vesayet,constitutional_conflict,1,1,0,1,1.35,1.35,-0.5,total
2003-03-01,Doğru Yol Partisi,sovereignty,Egemenlik,security_conflict,1,1,1,0,1.35,1.35,0.5,total
2003-03-01,Doğru Yol Partisi,inflation,Enflasyon,macro_economy,1,1,0,0,1.0,1.0,0.0,total
2003-03-01,Doğru Yol Partisi,law_state,Hukuk Devleti,democratic_reform,1,1,0,0,1.0,1.0,0.0,total
2003-04-01,Cumhuriyet Halk Partisi,economy,Ekonomi,macro_economy,156,492,259,146,633.75,633.75,0.27832512315270935,total
2003-04-01,Cumhuriyet Halk Partisi,constitution,Anayasa,constitutional_conflict,131,444,67,59,488.1,488.1,0.06299212598425197,total
2003-04-01,Adalet ve Kalkınma Partisi,economy,Ekonomi,macro_economy,81,376,176,130,483.1,483.1,0.1498371335504886,total
2003-04-01,Cumhuriyet Halk Partisi,law_state,Hukuk Devleti,democratic_reform,96,321,95,82,382.95,382.95,0.07303370786516854,total
2003-04-01,Adalet ve Kalkınma Partisi,constitution,Anayasa,constitutional_conflict,70,201,52,22,226.9,226.9,0.4,total
2003-04-01,Cumhuriyet Halk Partisi,democracy,Demokrasi,democratic_reform,70,183,61,46,220.45,220.45,0.1388888888888889,total
2003-04-01,Adalet ve Kalkınma Partisi,law_state,Hukuk Devleti,democratic_reform,58,134,33,21,152.9,152.9,0.21818181818181817,total
2003-04-01,Cumhuriyet Halk Partisi,interest,Faiz,macro_economy,59,137,17,15,148.2,148.2,0.06060606060606061,total
2003-04-01,Adalet ve Kalkınma Partisi,democracy,Demokrasi,democratic_reform,39,92,35,18,110.55,110.55,0.3148148148148148,total
2003-04-01,Cumhuriyet Halk Partisi,security,Guvenlik,security_conflict,28,66,16,38,84.9,84.9,-0.4,total
2003-04-01,Cumhuriyet Halk Partisi,european_union,Avrupa Birligi,democratic_reform,21,54,38,9,70.45,70.45,0.6041666666666666,total
2003-04-01,Adalet ve Kalkınma Partisi,european_union,Avrupa Birligi,democratic_reform,16,44,21,5,53.1,53.1,0.5925925925925926,total
2003-04-01,Adalet ve Kalkınma Partisi,interest,Faiz,macro_economy,19,43,8,12,50.0,50.0,-0.19047619047619047,total
2003-04-01,Adalet ve Kalkınma Partisi,reform,Reform,democratic_reform,20,44,7,9,49.6,49.6,-0.11764705882352941,total
2003-04-01,Anavatan Partisi,economy,Ekonomi,macro_economy,6,32,7,26,43.55,43.55,-0.5588235294117647,total
2003-04-01,Cumhuriyet Halk Partisi,reform,Reform,democratic_reform,17,39,7,3,42.5,42.5,0.36363636363636365,total
2003-04-01,Adalet ve Kalkınma Partisi,security,Guvenlik,security_conflict,25,31,7,23,41.5,41.5,-0.5161290322580645,total
2003-04-01,Cumhuriyet Halk Partisi,inflation,Enflasyon,macro_economy,20,37,5,1,39.1,39.1,0.5714285714285714,total
2003-04-01,Adalet ve Kalkınma Partisi,sovereignty,Egemenlik,security_conflict,8,19,6,0,21.1,21.1,0.8571428571428571,total
2003-04-01,Bağımsız,economy,Ekonomi,macro_economy,3,14,16,0,19.6,19.6,0.9411764705882353,total
2003-04-01,Adalet ve Kalkınma Partisi,inflation,Enflasyon,macro_economy,10,15,4,7,18.85,18.85,-0.25,total
2003-04-01,Cumhuriyet Halk Partisi,sovereignty,Egemenlik,security_conflict,9,16,2,1,17.05,17.05,0.25,total
2003-04-01,Doğru Yol Partisi,economy,Ekonomi,macro_economy,1,14,2,5,16.45,16.45,-0.375,total
2003-04-01,Anavatan Partisi,security,Guvenlik,security_conflict,4,8,2,10,12.2,12.2,-0.6153846153846154,total
2003-04-01,Cumhuriyet Halk Partisi,imf,IMF,macro_economy,5,7,0,1,7.35,7.35,-0.5,total
2003-04-01,Adalet ve Kalkınma Partisi,imf,IMF,macro_economy,4,5,4,2,7.1,7.1,0.2857142857142857,total
2003-04-01,Doğru Yol Partisi,sovereignty,Egemenlik,security_conflict,1,5,2,0,5.7,5.7,0.6666666666666666,total
2003-04-01,Bağımsız,democracy,Demokrasi,democratic_reform,1,3,0,4,4.4,4.4,-0.8,total
2003-04-01,Anavatan Partisi,interest,Faiz,macro_economy,2,4,1,0,4.35,4.35,0.5,total
2003-04-01,Anavatan Partisi,law_state,Hukuk Devleti,democratic_reform,2,4,0,1,4.35,4.35,-0.5,total
2003-04-01,Bağımsız,law_state,Hukuk Devleti,democratic_reform,1,1,1,2,2.05,2.05,-0.25,total
2003-04-01,Cumhuriyet Halk Partisi,tutelage,Vesayet,constitutional_conflict,1,1,2,1,2.05,2.05,0.25,total
2003-04-01,Anavatan Partisi,constitution,Anayasa,constitutional_conflict,2,2,0,0,2.0,2.0,0.0,total
2003-04-01,Anavatan Partisi,democracy,Demokrasi,democratic_reform,2,2,0,0,2.0,2.0,0.0,total
2003-04-01,Doğru Yol Partisi,democracy,Demokrasi,democratic_reform,1,2,0,0,2.0,2.0,0.0,total
2003-04-01,Adalet ve Kalkınma Partisi,tutelage,Vesayet,constitutional_conflict,1,1,0,1,1.35,1.35,-0.5,total
2003-04-01,Anavatan Partisi,reform,Reform,democratic_reform,1,1,0,0,1.0,1.0,0.0,total
2003-04-01,Anavatan Partisi,sovereignty,Egemenlik,security_conflict,1,1,0,0,1.0,1.0,0.0,total
2003-04-01,Bağımsız,interest,Faiz,macro_economy,1,1,0,0,1.0,1.0,0.0,total
2003-05-01,Cumhuriyet Halk Partisi,economy,Ekonomi,macro_economy,225,684,249,283,870.2,870.2,-0.06378986866791744,total
2003-05-01,Adalet ve Kalkınma Partisi,economy,Ekonomi,macro_economy,114,451,246,136,584.7,584.7,0.28720626631853785,total
2003-05-01,Cumhuriyet Halk Partisi,law_state,Hukuk Devleti,democratic_reform,154,340,132,62,407.9,407.9,0.358974358974359,total
2003-05-01,Adalet ve Kalkınma Partisi,european_union,Avrupa Birligi,democratic_reform,37,269,194,28,346.7,346.7,0.7443946188340808,total
2003-05-01,Cumhuriyet Halk Partisi,democracy,Demokrasi,democratic_reform,105,228,74,43,268.95,268.95,0.2627118644067797,total
2003-05-01,Adalet ve Kalkınma Partisi,law_state,Hukuk Devleti,democratic_reform,79,207,137,33,266.5,266.5,0.6081871345029239,total
2003-05-01,Cumhuriyet Halk Partisi,constitution,Anayasa,constitutional_conflict,93,168,38,32,192.5,192.5,0.08450704225352113,total
2003-05-01,Cumhuriyet Halk Partisi,security,Guvenlik,security_conflict,70,118,32,60,150.2,150.2,-0.3010752688172043,total
2003-05-01,Cumhuriyet Halk Partisi,european_union,Avrupa Birligi,democratic_reform,46,114,47,20,137.45000000000002,137.45000000000002,0.39705882352941174,total
2003-05-01,Adalet ve Kalkınma Partisi,democracy,Demokrasi,democratic_reform,49,88,37,13,105.5,105.5,0.47058823529411764,total
2003-05-01,Adalet ve Kalkınma Partisi,security,Guvenlik,security_conflict,44,71,20,16,83.6,83.6,0.10810810810810811,total
2003-05-01,Adalet ve Kalkınma Partisi,constitution,Anayasa,constitutional_conflict,31,64,21,10,74.85000000000001,74.85000000000001,0.34375,total
2003-05-01,Adalet ve Kalkınma Partisi,reform,Reform,democratic_reform,24,54,21,5,63.1,63.1,0.5925925925925926,total
2003-05-01,Anavatan Partisi,economy,Ekonomi,macro_economy,13,36,16,15,46.85,46.85,0.03125,total
2003-05-01,Cumhuriyet Halk Partisi,imf,IMF,macro_economy,15,39,3,14,44.95,44.95,-0.6111111111111112,total
2003-05-01,Adalet ve Kalkınma Partisi,interest,Faiz,macro_economy,20,30,9,6,35.25,35.25,0.1875,total
2003-05-01,Cumhuriyet Halk Partisi,interest,Faiz,macro_economy,18,29,8,6,33.9,33.9,0.13333333333333333,total
2003-05-01,Anavatan Partisi,law_state,Hukuk Devleti,democratic_reform,9,23,10,9,29.65,29.65,0.05,total
2003-05-01,Anavatan Partisi,security,Guvenlik,security_conflict,9,23,6,8,27.9,27.9,-0.13333333333333333,total
2003-05-01,Cumhuriyet Halk Partisi,reform,Reform,democratic_reform,17,23,5,3,25.8,25.8,0.2222222222222222,total
2003-05-01,Bağımsız,economy,Ekonomi,macro_economy,5,17,2,7,20.15,20.15,-0.5,total
2003-05-01,Anavatan Partisi,interest,Faiz,macro_economy,2,12,3,10,16.55,16.55,-0.5,total
2003-05-01,Doğru Yol Partisi,european_union,Avrupa Birligi,democratic_reform,1,11,12,3,16.25,16.25,0.5625,total
2003-05-01,Anavatan Partisi,democracy,Demokrasi,democratic_reform,7,13,6,1,15.45,15.45,0.625,total
2003-05-01,Doğru Yol Partisi,economy,Ekonomi,macro_economy,1,9,16,0,14.6,14.6,0.9411764705882353,total
2003-05-01,Adalet ve Kalkınma Partisi,imf,IMF,macro_economy,6,9,3,4,11.45,11.45,-0.125,total
2003-05-01,Cumhuriyet Halk Partisi,sovereignty,Egemenlik,security_conflict,6,11,1,0,11.35,11.35,0.5,total
2003-05-01,Bağımsız,security,Guvenlik,security_conflict,4,8,0,5,9.75,9.75,-0.8333333333333334,total
2003-05-01,Cumhuriyet Halk Partisi,inflation,Enflasyon,macro_economy,8,9,1,1,9.7,9.7,0.0,total
2003-05-01,Cumhuriyet Halk Partisi,tutelage,Vesayet,constitutional_conflict,2,6,1,9,9.5,9.5,-0.7272727272727273,total
2003-05-01,Adalet ve Kalkınma Partisi,inflation,Enflasyon,macro_economy,5,5,7,1,7.8,7.8,0.6666666666666666,total
2003-05-01,Bağımsız,inflation,Enflasyon,macro_economy,1,5,0,7,7.45,7.45,-0.875,total
2003-05-01,Adalet ve Kalkınma Partisi,sovereignty,Egemenlik,security_conflict,4,4,0,1,4.35,4.35,-0.5,total
2003-05-01,Bağımsız,democracy,Demokrasi,democratic_reform,2,3,2,0,3.7,3.7,0.6666666666666666,total
2003-05-01,Bağımsız,imf,IMF,macro_economy,1,3,0,2,3.7,3.7,-0.6666666666666666,total
2003-05-01,Anavatan Partisi,inflation,Enflasyon,macro_economy,2,2,1,3,3.4,3.4,-0.4,total
2003-05-01,Bağımsız,law_state,Hukuk Devleti,democratic_reform,2,3,0,0,3.0,3.0,0.0,total
2003-05-01,Doğru Yol Partisi,law_state,Hukuk Devleti,democratic_reform,1,2,1,1,2.7,2.7,0.0,total
2003-05-01,Bağımsız,constitution,Anayasa,constitutional_conflict,2,2,1,0,2.35,2.35,0.5,total
2003-05-01,Anavatan Partisi,constitution,Anayasa,constitutional_conflict,1,2,0,0,2.0,2.0,0.0,total
2003-05-01,Anavatan Partisi,reform,Reform,democratic_reform,2,2,0,0,2.0,2.0,0.0,total
2003-05-01,Adalet ve Kalkınma Partisi,tutelage,Vesayet,constitutional_conflict,1,1,0,1,1.35,1.35,-0.5,total
2003-05-01,Anavatan Partisi,european_union,Avrupa Birligi,democratic_reform,1,1,1,0,1.35,1.35,0.5,total
2003-05-01,Doğru Yol Partisi,inflation,Enflasyon,macro_economy,1,1,0,1,1.35,1.35,-0.5,total
2003-05-01,Bağımsız,european_union,Avrupa Birligi,democratic_reform,1,1,0,0,1.0,1.0,0.0,total
2003-05-01,Bağımsız,reform,Reform,democratic_reform,1,1,0,0,1.0,1.0,0.0,total
2003-05-01,Doğru Yol Partisi,security,Guvenlik,security_conflict,1,1,0,0,1.0,1.0,0.0,total
2003-06-01,Cumhuriyet Halk Partisi,economy,Ekonomi,macro_economy,101,452,256,187,607.05,607.05,0.1554054054054054,total
2003-06-01,Cumhuriyet Halk Partisi,law_state,Hukuk Devleti,democratic_reform,58,423,116,121,505.95,505.95,-0.02100840336134454,total
2003-06-01,Adalet ve Kalkınma Partisi,economy,Ekonomi,macro_economy,76,345,193,144,462.95,462.95,0.14497041420118342,total
2003-06-01,Adalet ve Kalkınma Partisi,law_state,Hukuk Devleti,democratic_reform,50,292,67,41,329.8,329.8,0.23853211009174313,total
2003-06-01,Cumhuriyet Halk Partisi,interest,Faiz,macro_economy,46,136,20,27,152.45000000000002,152.45000000000002,-0.14583333333333334,total
2003-06-01,Cumhuriyet Halk Partisi,security,Guvenlik,security_conflict,37,117,23,35,137.3,137.3,-0.2033898305084746,total
2003-06-01,Cumhuriyet Halk Partisi,constitution,Anayasa,constitutional_conflict,36,104,30,27,123.95,123.95,0.05172413793103448,total
2003-06-01,Cumhuriyet Halk Partisi,european_union,Avrupa Birligi,democratic_reform,44,104,45,9,122.9,122.9,0.6545454545454545,total
2003-06-01,Adalet ve Kalkınma Partisi,security,Guvenlik,security_conflict,34,91,12,47,111.65,111.65,-0.5833333333333334,total
2003-06-01,Cumhuriyet Halk Partisi,democracy,Demokrasi,democratic_reform,33,93,28,24,111.2,111.2,0.07547169811320754,total
2003-06-01,Cumhuriyet Halk Partisi,reform,Reform,democratic_reform,37,69,8,19,78.45,78.45,-0.39285714285714285,total
2003-06-01,Adalet ve Kalkınma Partisi,constitution,Anayasa,constitutional_conflict,29,70,12,11,78.05,78.05,0.041666666666666664,total
2003-06-01,Adalet ve Kalkınma Partisi,european_union,Avrupa Birligi,democratic_reform,25,57,37,4,71.35,71.35,0.7857142857142857,total
2003-06-01,Adalet ve Kalkınma Partisi,reform,Reform,democratic_reform,28,52,27,17,67.4,67.4,0.2222222222222222,total
2003-06-01,Adalet ve Kalkınma Partisi,democracy,Demokrasi,democratic_reform,17,50,26,9,62.25,62.25,0.4722222222222222,total
2003-06-01,Adalet ve Kalkınma Partisi,interest,Faiz,macro_economy,15,45,4,8,49.2,49.2,-0.3076923076923077,total
2003-06-01,Cumhuriyet Halk Partisi,imf,IMF,macro_economy,20,34,7,11,40.300000000000004,40.300000000000004,-0.21052631578947367,total
2003-06-01,Bağımsız,security,Guvenlik,security_conflict,3,20,7,3,23.5,23.5,0.36363636363636365,total
2003-06-01,Bağımsız,interest,Faiz,macro_economy,5,18,1,0,18.35,18.35,0.5,total
2003-06-01,Cumhuriyet Halk Partisi,inflation,Enflasyon,macro_economy,10,14,4,6,17.5,17.5,-0.18181818181818182,total
2003-06-01,Adalet ve Kalkınma Partisi,inflation,Enflasyon,macro_economy,5,10,5,1,12.1,12.1,0.5714285714285714,total
2003-06-01,Bağımsız,law_state,Hukuk Devleti,democratic_reform,2,10,3,3,12.1,12.1,0.0,total
2003-06-01,Cumhuriyet Halk Partisi,sovereignty,Egemenlik,security_conflict,5,8,4,3,10.45,10.45,0.125,total
2003-06-01,Anavatan Partisi,economy,Ekonomi,macro_economy,3,10,0,0,10.0,10.0,0.0,total
2003-06-01,Bağımsız,economy,Ekonomi,macro_economy,5,10,0,0,10.0,10.0,0.0,total
2003-06-01,Bağımsız,european_union,Avrupa Birligi,democratic_reform,2,4,7,1,6.800000000000001,6.800000000000001,0.6666666666666666,total
2003-06-01,Adalet ve Kalkınma Partisi,imf,IMF,macro_economy,4,5,1,0,5.35,5.35,0.5,total
2003-06-01,Adalet ve Kalkınma Partisi,tutelage,Vesayet,constitutional_conflict,2,2,2,3,3.75,3.75,-0.16666666666666666,total
2003-06-01,Anavatan Partisi,imf,IMF,macro_economy,1,3,0,2,3.7,3.7,-0.6666666666666666,total
2003-06-01,Bağımsız,reform,Reform,democratic_reform,2,2,0,1,2.35,2.35,-0.5,total
2003-06-01,Anavatan Partisi,law_state,Hukuk Devleti,democratic_reform,1,2,0,0,2.0,2.0,0.0,total
2003-06-01,Anavatan Partisi,security,Guvenlik,security_conflict,1,1,1,0,1.35,1.35,0.5,total
2003-06-01,Bağımsız,sovereignty,Egemenlik,security_conflict,1,1,0,1,1.35,1.35,-0.5,total
2003-06-01,Adalet ve Kalkınma Partisi,sovereignty,Egemenlik,security_conflict,1,1,0,0,1.0,1.0,0.0,total
2003-06-01,Bağımsız,imf,IMF,macro_economy,1,1,0,0,1.0,1.0,0.0,total
2003-07-01,Cumhuriyet Halk Partisi,security,Guvenlik,security_conflict,103,728,144,177,840.35,840.35,-0.10248447204968944,total
2003-07-01,Cumhuriyet Halk Partisi,economy,Ekonomi,macro_economy,171,628,227,181,770.8,770.8,0.11246943765281174,total
2003-07-01,Adalet ve Kalkınma Partisi,economy,Ekonomi,macro_economy,94,421,176,101,517.95,517.95,0.2697841726618705,total
2003-07-01,Cumhuriyet Halk Partisi,law_state,Hukuk Devleti,democratic_reform,126,452,109,67,513.6,513.6,0.23728813559322035,total
2003-07-01,Cumhuriyet Halk Partisi,constitution,Anayasa,constitutional_conflict,108,353,63,58,395.34999999999997,395.34999999999997,0.040983606557377046,total
2003-07-01,Adalet ve Kalkınma Partisi,security,Guvenlik,security_conflict,60,323,85,78,380.05,380.05,0.042682926829268296,total
2003-07-01,Adalet ve Kalkınma Partisi,law_state,Hukuk Devleti,democratic_reform,62,228,56,36,260.2,260.2,0.21505376344086022,total
2003-07-01,Cumhuriyet Halk Partisi,democracy,Demokrasi,democratic_reform,71,198,78,45,241.05,241.05,0.2661290322580645,total
2003-07-01,Adalet ve Kalkınma Partisi,constitution,Anayasa,constitutional_conflict,51,172,30,21,189.85,189.85,0.17307692307692307,total
2003-07-01,Cumhuriyet Halk Partisi,european_union,Avrupa Birligi,democratic_reform,60,153,81,13,185.9,185.9,0.7157894736842105,total
2003-07-01,Adalet ve Kalkınma Partisi,european_union,Avrupa Birligi,democratic_reform,24,112,46,9,131.25,131.25,0.6607142857142857,total
2003-07-01,Cumhuriyet Halk Partisi,interest,Faiz,macro_economy,34,112,14,29,127.05,127.05,-0.3409090909090909,total
2003-07-01,Adalet ve Kalkınma Partisi,democracy,Demokrasi,democratic_reform,29,70,51,12,92.05,92.05,0.609375,total
2003-07-01,Adalet ve Kalkınma Partisi,reform,Reform,democratic_reform,26,66,22,7,76.15,76.15,0.5,total
2003-07-01,Cumhuriyet Halk Partisi,imf,IMF,macro_economy,31,51,13,21,62.900000000000006,62.900000000000006,-0.22857142857142856,total
2003-07-01,Cumhuriyet Halk Partisi,reform,Reform,democratic_reform,32,49,9,10,55.65,55.65,-0.05,total
2003-07-01,Cumhuriyet Halk Partisi,inflation,Enflasyon,macro_economy,13,40,10,9,46.65,46.65,0.05,total
2003-07-01,Adalet ve Kalkınma Partisi,interest,Faiz,macro_economy,12,35,5,10,40.25,40.25,-0.3125,total
2003-07-01,Anavatan Partisi,law_state,Hukuk Devleti,democratic_reform,4,25,2,6,27.8,27.8,-0.4444444444444444,total
2003-07-01,Bağımsız,economy,Ekonomi,macro_economy,3,17,13,13,26.099999999999998,26.099999999999998,0.0,total
2003-07-01,Anavatan Partisi,economy,Ekonomi,macro_economy,5,21,4,4,23.8,23.8,0.0,total
2003-07-01,Anavatan Partisi,constitution,Anayasa,constitutional_conflict,4,12,5,0,13.75,13.75,0.8333333333333334,total
2003-07-01,Anavatan Partisi,european_union,Avrupa Birligi,democratic_reform,2,11,1,1,11.7,11.7,0.0,total
2003-07-01,Adalet ve Kalkınma Partisi,inflation,Enflasyon,macro_economy,6,9,3,2,10.75,10.75,0.16666666666666666,total
2003-07-01,Adalet ve Kalkınma Partisi,sovereignty,Egemenlik,security_conflict,4,5,4,0,6.4,6.4,0.8,total
2003-07-01,Anavatan Partisi,democracy,Demokrasi,democratic_reform,2,5,3,0,6.050000000000001,6.050000000000001,0.75,total
2003-07-01,Cumhuriyet Halk Partisi,sovereignty,Egemenlik,security_conflict,3,5,3,0,6.05,6.05,0.75,total
2003-07-01,Anavatan Partisi,reform,Reform,democratic_reform,2,5,1,0,5.35,5.35,0.5,total
2003-07-01,Cumhuriyet Halk Partisi,tutelage,Vesayet,constitutional_conflict,1,2,1,2,3.05,3.05,-0.25,total
2003-07-01,Bağımsız,law_state,Hukuk Devleti,democratic_reform,2,2,1,1,2.7,2.7,0.0,total
2003-07-01,Anavatan Partisi,security,Guvenlik,security_conflict,1,1,0,2,1.7,1.7,-0.6666666666666666,total
2003-07-01,Bağımsız,reform,Reform,democratic_reform,1,1,1,0,1.35,1.35,0.5,total
2003-07-01,Adalet ve Kalkınma Partisi,imf,IMF,macro_economy,1,1,0,0,1.0,1.0,0.0,total
2003-07-01,Bağımsız,european_union,Avrupa Birligi,democratic_reform,1,1,0,0,1.0,1.0,0.0,total
2003-10-01,Adalet ve Kalkınma Partisi,economy,Ekonomi,macro_economy,44,192,103,64,250.45000000000002,250.45000000000002,0.23214285714285715,total
2003-10-01,Cumhuriyet Halk Partisi,economy,Ekonomi,macro_economy,48,191,100,65,248.75,248.75,0.21084337349397592,total
2003-10-01,Cumhuriyet Halk Partisi,law_state,Hukuk Devleti,democratic_reform,34,96,52,14,119.10000000000001,119.10000000000001,0.5671641791044776,total
2003-10-01,Adalet ve Kalkınma Partisi,law_state,Hukuk Devleti,democratic_reform,36,72,23,20,87.05,87.05,0.06818181818181818,total
2003-10-01,Cumhuriyet Halk Partisi,democracy,Demokrasi,democratic_reform,23,74,26,11,86.95,86.95,0.39473684210526316,total
2003-10-01,Cumhuriyet Halk Partisi,security,Guvenlik,security_conflict,19,62,21,22,77.05,77.05,-0.022727272727272728,total
2003-10-01,Adalet ve Kalkınma Partisi,democracy,Demokrasi,democratic_reform,17,56,42,6,72.8,72.8,0.7346938775510204,total
2003-10-01,Cumhuriyet Halk Partisi,constitution,Anayasa,constitutional_conflict,22,48,14,4,54.300000000000004,54.300000000000004,0.5263157894736842,total
2003-10-01,Cumhuriyet Halk Partisi,european_union,Avrupa Birligi,democratic_reform,17,39,23,3,48.1,48.1,0.7407407407407407,total
2003-10-01,Adalet ve Kalkınma Partisi,constitution,Anayasa,constitutional_conflict,19,42,11,6,47.95,47.95,0.2777777777777778,total
2003-10-01,Adalet ve Kalkınma Partisi,interest,Faiz,macro_economy,9,29,3,5,31.8,31.8,-0.2222222222222222,total
2003-10-01,Adalet ve Kalkınma Partisi,tutelage,Vesayet,constitutional_conflict,5,16,3,23,25.1,25.1,-0.7407407407407407,total
2003-10-01,Adalet ve Kalkınma Partisi,european_union,Avrupa Birligi,democratic_reform,12,20,7,2,23.15,23.15,0.5,total
2003-10-01,Cumhuriyet Halk Partisi,interest,Faiz,macro_economy,10,18,4,3,20.45,20.45,0.125,total
2003-10-01,Adalet ve Kalkınma Partisi,security,Guvenlik,security_conflict,12,14,6,11,19.95,19.95,-0.2777777777777778,total
2003-10-01,Adalet ve Kalkınma Partisi,inflation,Enflasyon,macro_economy,4,16,2,3,17.75,17.75,-0.16666666666666666,total
2003-10-01,Adalet ve Kalkınma Partisi,reform,Reform,democratic_reform,10,12,3,4,14.45,14.45,-0.125,total
2003-10-01,Cumhuriyet Halk Partisi,reform,Reform,democratic_reform,5,7,2,0,7.7,7.7,0.6666666666666666,total
2003-10-01,Cumhuriyet Halk Partisi,imf,IMF,macro_economy,4,6,0,2,6.7,6.7,-0.6666666666666666,total
2003-10-01,Cumhuriyet Halk Partisi,sovereignty,Egemenlik,security_conflict,1,2,2,0,2.7,2.7,0.6666666666666666,total
2003-10-01,Cumhuriyet Halk Partisi,tutelage,Vesayet,constitutional_conflict,1,2,0,2,2.7,2.7,-0.6666666666666666,total
2003-10-01,Adalet ve Kalkınma Partisi,imf,IMF,macro_economy,1,2,0,0,2.0,2.0,0.0,total
2003-10-01,Adalet ve Kalkınma Partisi,sovereignty,Egemenlik,security_conflict,1,1,0,0,1.0,1.0,0.0,total
2003-10-01,Cumhuriyet Halk Partisi,inflation,Enflasyon,macro_economy,1,1,0,0,1.0,1.0,0.0,total
2003-11-01,Adalet ve Kalkınma Partisi,economy,Ekonomi,macro_economy,49,213,114,68,276.7,276.7,0.25136612021857924,total
2003-11-01,Cumhuriyet Halk Partisi,economy,Ekonomi,macro_economy,66,202,101,76,263.95,263.95,0.1404494382022472,total
2003-11-01,Cumhuriyet Halk Partisi,security,Guvenlik,security_conflict,26,166,44,96,215.0,215.0,-0.36879432624113473,total
2003-11-01,Adalet ve Kalkınma Partisi,security,Guvenlik,security_conflict,22,155,34,94,199.8,199.8,-0.46511627906976744,total
2003-11-01,Cumhuriyet Halk Partisi,law_state,Hukuk Devleti,democratic_reform,51,137,19,21,151.0,151.0,-0.04878048780487805,total
2003-11-01,Adalet ve Kalkınma Partisi,law_state,Hukuk Devleti,democratic_reform,18,69,12,37,86.15,86.15,-0.5,total
2003-11-01,Cumhuriyet Halk Partisi,constitution,Anayasa,constitutional_conflict,41,78,8,12,85.0,85.0,-0.19047619047619047,total
2003-11-01,Cumhuriyet Halk Partisi,democracy,Demokrasi,democratic_reform,34,69,20,20,83.0,83.0,0.0,total
2003-11-01,Anavatan Partisi,security,Guvenlik,security_conflict,5,38,7,9,43.6,43.6,-0.11764705882352941,total
2003-11-01,Adalet ve Kalkınma Partisi,democracy,Demokrasi,democratic_reform,15,32,11,8,38.65,38.65,0.15,total
2003-11-01,Cumhuriyet Halk Partisi,interest,Faiz,macro_economy,7,26,13,13,35.099999999999994,35.099999999999994,0.0,total
2003-11-01,Adalet ve Kalkınma Partisi,constitution,Anayasa,constitutional_conflict,13,23,5,4,26.15,26.15,0.1,total
2003-11-01,Adalet ve Kalkınma Partisi,interest,Faiz,macro_economy,9,22,4,7,25.85,25.85,-0.25,total
2003-11-01,Adalet ve Kalkınma Partisi,reform,Reform,democratic_reform,7,20,5,11,25.6,25.6,-0.35294117647058826,total
2003-11-01,Cumhuriyet Halk Partisi,european_union,Avrupa Birligi,democratic_reform,9,20,10,4,24.9,24.9,0.4,total
2003-11-01,Cumhuriyet Halk Partisi,reform,Reform,democratic_reform,9,16,7,1,18.8,18.8,0.6666666666666666,total
2003-11-01,Adalet ve Kalkınma Partisi,european_union,Avrupa Birligi,democratic_reform,8,11,5,3,13.8,13.8,0.2222222222222222,total
2003-11-01,Bağımsız,economy,Ekonomi,macro_economy,1,8,4,1,9.75,9.75,0.5,total
2003-11-01,Anavatan Partisi,democracy,Demokrasi,democratic_reform,5,8,2,1,9.05,9.05,0.25,total
2003-11-01,Anavatan Partisi,economy,Ekonomi,macro_economy,6,7,5,0,8.75,8.75,0.8333333333333334,total
2003-11-01,Anavatan Partisi,interest,Faiz,macro_economy,3,7,1,1,7.7,7.7,0.0,total
2003-11-01,Cumhuriyet Halk Partisi,inflation,Enflasyon,macro_economy,3,4,1,7,6.8,6.8,-0.6666666666666666,total
2003-11-01,Bağımsız,security,Guvenlik,security_conflict,1,4,6,0,6.1,6.1,0.8571428571428571,total
2003-11-01,Cumhuriyet Halk Partisi,imf,IMF,macro_economy,4,4,1,3,5.4,5.4,-0.4,total
2003-11-01,Bağımsız,democracy,Demokrasi,democratic_reform,1,4,3,0,5.05,5.05,0.75,total
2003-11-01,Anavatan Partisi,constitution,Anayasa,constitutional_conflict,3,4,2,0,4.7,4.7,0.6666666666666666,total
2003-11-01,Cumhuriyet Halk Partisi,sovereignty,Egemenlik,security_conflict,3,3,1,2,4.05,4.05,-0.25,total
2003-11-01,Doğru Yol Partisi,economy,Ekonomi,macro_economy,1,4,0,0,4.0,4.0,0.0,total
2003-11-01,Cumhuriyet Halk Partisi,tutelage,Vesayet,constitutional_conflict,1,2,0,4,3.4,3.4,-0.8,total
2003-11-01,Bağımsız,constitution,Anayasa,constitutional_conflict,1,2,1,0,2.35,2.35,0.5,total
2003-11-01,Anavatan Partisi,law_state,Hukuk Devleti,democratic_reform,1,2,0,0,2.0,2.0,0.0,total
2003-11-01,Bağımsız,european_union,Avrupa Birligi,democratic_reform,1,1,2,0,1.7,1.7,0.6666666666666666,total
2003-11-01,Bağımsız,reform,Reform,democratic_reform,1,1,2,0,1.7,1.7,0.6666666666666666,total
2003-11-01,Anavatan Partisi,reform,Reform,democratic_reform,1,1,1,0,1.35,1.35,0.5,total
2003-11-01,Bağımsız,inflation,Enflasyon,macro_economy,1,1,0,1,1.35,1.35,-0.5,total
2003-11-01,Adalet ve Kalkınma Partisi,sovereignty,Egemenlik,security_conflict,1,1,0,0,1.0,1.0,0.0,total
2003-12-01,Adalet ve Kalkınma Partisi,economy,Ekonomi,macro_economy,215,1366,966,378,1836.4,1836.4,0.43717472118959105,total
2003-12-01,Cumhuriyet Halk Partisi,economy,Ekonomi,macro_economy,183,841,389,280,1075.15,1075.15,0.1626865671641791,total
2003-12-01,Cumhuriyet Halk Partisi,law_state,Hukuk Devleti,democratic_reform,152,583,162,135,686.95,686.95,0.09060402684563758,total
2003-12-01,Adalet ve Kalkınma Partisi,law_state,Hukuk Devleti,democratic_reform,101,428,138,78,503.59999999999997,503.59999999999997,0.2764976958525346,total
2003-12-01,Cumhuriyet Halk Partisi,constitution,Anayasa,constitutional_conflict,119,376,43,55,410.3,410.3,-0.12121212121212122,total
2003-12-01,Adalet ve Kalkınma Partisi,security,Guvenlik,security_conflict,85,332,87,122,405.15,405.15,-0.16666666666666666,total
2003-12-01,Adalet ve Kalkınma Partisi,interest,Faiz,macro_economy,69,310,79,57,357.6,357.6,0.16058394160583941,total
2003-12-01,Adalet ve Kalkınma Partisi,democracy,Demokrasi,democratic_reform,76,230,127,43,289.5,289.5,0.49122807017543857,total
2003-12-01,Cumhuriyet Halk Partisi,interest,Faiz,macro_economy,57,235,79,22,270.35,270.35,0.5588235294117647,total
2003-12-01,Cumhuriyet Halk Partisi,security,Guvenlik,security_conflict,70,206,36,110,257.1,257.1,-0.5034013605442177,total
2003-12-01,Cumhuriyet Halk Partisi,inflation,Enflasyon,macro_economy,38,206,79,41,248.0,248.0,0.3140495867768595,total
2003-12-01,Adalet ve Kalkınma Partisi,constitution,Anayasa,constitutional_conflict,65,215,60,13,240.55,240.55,0.6351351351351351,total
2003-12-01,Adalet ve Kalkınma Partisi,inflation,Enflasyon,macro_economy,57,177,80,28,214.8,214.8,0.47706422018348627,total
2003-12-01,Adalet ve Kalkınma Partisi,reform,Reform,democratic_reform,83,186,54,24,213.3,213.3,0.379746835443038,total
2003-12-01,Cumhuriyet Halk Partisi,democracy,Demokrasi,democratic_reform,80,156,45,29,181.9,181.9,0.21333333333333335,total
2003-12-01,Adalet ve Kalkınma Partisi,european_union,Avrupa Birligi,democratic_reform,58,132,62,10,157.2,157.2,0.7123287671232876,total
2003-12-01,Cumhuriyet Halk Partisi,reform,Reform,democratic_reform,55,123,16,17,134.55,134.55,-0.029411764705882353,total
2003-12-01,Cumhuriyet Halk Partisi,european_union,Avrupa Birligi,democratic_reform,55,96,49,20,120.15,120.15,0.4142857142857143,total
2003-12-01,Anavatan Partisi,economy,Ekonomi,macro_economy,9,70,17,34,87.85,87.85,-0.3269230769230769,total
2003-12-01,Cumhuriyet Halk Partisi,imf,IMF,macro_economy,33,70,28,23,87.85,87.85,0.09615384615384616,total
2003-12-01,Adalet ve Kalkınma Partisi,imf,IMF,macro_economy,14,38,12,3,43.25,43.25,0.5625,total
2003-12-01,Bağımsız,economy,Ekonomi,macro_economy,8,23,16,10,32.1,32.1,0.2222222222222222,total
2003-12-01,Anavatan Partisi,security,Guvenlik,security_conflict,8,27,5,7,31.2,31.2,-0.15384615384615385,total
2003-12-01,Bağımsız,security,Guvenlik,security_conflict,9,20,6,14,27.0,27.0,-0.38095238095238093,total
2003-12-01,Doğru Yol Partisi,economy,Ekonomi,macro_economy,8,21,5,6,24.85,24.85,-0.08333333333333333,total
2003-12-01,Doğru Yol Partisi,security,Guvenlik,security_conflict,5,19,6,7,23.549999999999997,23.549999999999997,-0.07142857142857142,total
2003-12-01,Cumhuriyet Halk Partisi,tutelage,Vesayet,constitutional_conflict,5,13,2,18,20.0,20.0,-0.7619047619047619,total
2003-12-01,Bağımsız,democracy,Demokrasi,democratic_reform,2,13,10,1,16.85,16.85,0.75,total
2003-12-01,Bağımsız,european_union,Avrupa Birligi,democratic_reform,2,11,6,6,15.2,15.2,0.0,total
2003-12-01,Anavatan Partisi,imf,IMF,macro_economy,5,13,0,4,14.4,14.4,-0.8,total
2003-12-01,Anavatan Partisi,law_state,Hukuk Devleti,democratic_reform,5,10,2,8,13.5,13.5,-0.5454545454545454,total
2003-12-01,Anavatan Partisi,european_union,Avrupa Birligi,democratic_reform,8,11,3,1,12.4,12.4,0.4,total
2003-12-01,Adalet ve Kalkınma Partisi,sovereignty,Egemenlik,security_conflict,7,11,2,0,11.7,11.7,0.6666666666666666,total
2003-12-01,Anavatan Partisi,interest,Faiz,macro_economy,5,9,2,3,10.75,10.75,-0.16666666666666666,total
2003-12-01,Doğru Yol Partisi,european_union,Avrupa Birligi,democratic_reform,3,7,4,3,9.45,9.45,0.125,total
2003-12-01,Doğru Yol Partisi,reform,Reform,democratic_reform,3,9,1,0,9.35,9.35,0.5,total
2003-12-01,Adalet ve Kalkınma Partisi,tutelage,Vesayet,constitutional_conflict,3,6,0,9,9.15,9.15,-0.9,total
2003-12-01,Anavatan Partisi,democracy,Demokrasi,democratic_reform,3,6,4,0,7.4,7.4,0.8,total
2003-12-01,Anavatan Partisi,inflation,Enflasyon,macro_economy,3,7,1,0,7.35,7.35,0.5,total
2003-12-01,Anavatan Partisi,reform,Reform,democratic_reform,2,6,1,1,6.7,6.7,0.0,total
2003-12-01,Doğru Yol Partisi,law_state,Hukuk Devleti,democratic_reform,3,6,1,1,6.7,6.7,0.0,total
2003-12-01,Doğru Yol Partisi,democracy,Demokrasi,democratic_reform,2,3,6,0,5.1,5.1,0.8571428571428571,total
2003-12-01,Bağımsız,reform,Reform,democratic_reform,1,2,2,0,2.7,2.7,0.6666666666666666,total
2003-12-01,Cumhuriyet Halk Partisi,sovereignty,Egemenlik,security_conflict,2,2,1,0,2.35,2.35,0.5,total
2003-12-01,Doğru Yol Partisi,constitution,Anayasa,constitutional_conflict,2,2,0,1,2.35,2.35,-0.5,total
2003-12-01,Bağımsız,constitution,Anayasa,constitutional_conflict,1,2,0,0,2.0,2.0,0.0,total
2003-12-01,Bağımsız,imf,IMF,macro_economy,1,1,0,1,1.35,1.35,-0.5,total
2003-12-01,Bağımsız,inflation,Enflasyon,macro_economy,1,1,1,0,1.35,1.35,0.5,total
2003-12-01,Bağımsız,law_state,Hukuk Devleti,democratic_reform,1,1,0,0,1.0,1.0,0.0,total
2004-01-01,Adalet ve Kalkınma Partisi,economy,Ekonomi,macro_economy,86,387,224,122,508.1,508.1,0.29394812680115273,total
2004-01-01,Cumhuriyet Halk Partisi,economy,Ekonomi,macro_economy,67,278,127,58,342.75,342.75,0.3709677419354839,total
2004-01-01,Cumhuriyet Halk Partisi,law_state,Hukuk Devleti,democratic_reform,24,126,47,43,157.5,157.5,0.04395604395604396,total
2004-01-01,Adalet ve Kalkınma Partisi,security,Guvenlik,security_conflict,34,129,38,42,157.0,157.0,-0.04938271604938271,total
2004-01-01,Adalet ve Kalkınma Partisi,law_state,Hukuk Devleti,democratic_reform,30,94,35,15,111.5,111.5,0.39215686274509803,total
2004-01-01,Cumhuriyet Halk Partisi,security,Guvenlik,security_conflict,34,79,25,25,96.5,96.5,0.0,total
2004-01-01,Adalet ve Kalkınma Partisi,inflation,Enflasyon,macro_economy,10,71,18,25,86.05,86.05,-0.1590909090909091,total
2004-01-01,Cumhuriyet Halk Partisi,democracy,Demokrasi,democratic_reform,23,52,42,11,70.55,70.55,0.5740740740740741,total
2004-01-01,Adalet ve Kalkınma Partisi,european_union,Avrupa Birligi,democratic_reform,26,47,26,4,57.5,57.5,0.7096774193548387,total
2004-01-01,Cumhuriyet Halk Partisi,inflation,Enflasyon,macro_economy,11,35,11,8,41.65,41.65,0.15,total
2004-01-01,Cumhuriyet Halk Partisi,european_union,Avrupa Birligi,democratic_reform,13,33,16,3,39.65,39.65,0.65,total
2004-01-01,Adalet ve Kalkınma Partisi,imf,IMF,macro_economy,4,29,6,13,35.650000000000006,35.650000000000006,-0.35,total
2004-01-01,Cumhuriyet Halk Partisi,constitution,Anayasa,constitutional_conflict,12,28,12,4,33.6,33.6,0.47058823529411764,total
2004-01-01,Adalet ve Kalkınma Partisi,democracy,Demokrasi,democratic_reform,13,21,11,3,25.9,25.9,0.5333333333333333,total
2004-01-01,Adalet ve Kalkınma Partisi,interest,Faiz,macro_economy,10,19,14,5,25.65,25.65,0.45,total
2004-01-01,Adalet ve Kalkınma Partisi,constitution,Anayasa,constitutional_conflict,12,23,4,3,25.45,25.45,0.125,total
2004-01-01,Cumhuriyet Halk Partisi,imf,IMF,macro_economy,9,21,0,11,24.85,24.85,-0.9166666666666666,total
2004-01-01,Adalet ve Kalkınma Partisi,reform,Reform,democratic_reform,12,19,9,5,23.9,23.9,0.26666666666666666,total
2004-01-01,Cumhuriyet Halk Partisi,interest,Faiz,macro_economy,10,15,7,1,17.8,17.8,0.6666666666666666,total
2004-01-01,Anavatan Partisi,economy,Ekonomi,macro_economy,3,10,10,5,15.25,15.25,0.3125,total
2004-01-01,Bağımsız,economy,Ekonomi,macro_economy,3,6,4,0,7.4,7.4,0.8,total
2004-01-01,Bağımsız,european_union,Avrupa Birligi,democratic_reform,1,2,3,0,3.05,3.05,0.75,total
2004-01-01,Adalet ve Kalkınma Partisi,sovereignty,Egemenlik,security_conflict,2,2,1,0,2.35,2.35,0.5,total
2004-01-01,Anavatan Partisi,security,Guvenlik,security_conflict,1,2,1,0,2.35,2.35,0.5,total
2004-01-01,Anavatan Partisi,european_union,Avrupa Birligi,democratic_reform,1,1,2,1,2.05,2.05,0.25,total
2004-01-01,Bağımsız,inflation,Enflasyon,macro_economy,1,1,1,0,1.35,1.35,0.5,total
2004-01-01,Bağımsız,interest,Faiz,macro_economy,1,1,1,0,1.35,1.35,0.5,total
2004-01-01,Cumhuriyet Halk Partisi,reform,Reform,democratic_reform,1,1,0,0,1.0,1.0,0.0,total
2004-02-01,Cumhuriyet Halk Partisi,constitution,Anayasa,constitutional_conflict,143,445,54,89,495.05,495.05,-0.24305555555555555,total
2004-02-01,Cumhuriyet Halk Partisi,economy,Ekonomi,macro_economy,138,374,126,120,460.1,460.1,0.024291497975708502,total
2004-02-01,Cumhuriyet Halk Partisi,law_state,Hukuk Devleti,democratic_reform,114,313,60,44,349.4,349.4,0.1523809523809524,total
2004-02-01,Adalet ve Kalkınma Partisi,economy,Ekonomi,macro_economy,83,225,86,53,273.65,273.65,0.2357142857142857,total
2004-02-01,Cumhuriyet Halk Partisi,democracy,Demokrasi,democratic_reform,94,172,83,27,210.5,210.5,0.5045045045045045,total
2004-02-01,Adalet ve Kalkınma Partisi,law_state,Hukuk Devleti,democratic_reform,69,176,37,32,200.15,200.15,0.07142857142857142,total
2004-02-01,Adalet ve Kalkınma Partisi,constitution,Anayasa,constitutional_conflict,69,163,31,22,181.55,181.55,0.16666666666666666,total
2004-02-01,Cumhuriyet Halk Partisi,reform,Reform,democratic_reform,70,153,39,28,176.45,176.45,0.16176470588235295,total
2004-02-01,Adalet ve Kalkınma Partisi,reform,Reform,democratic_reform,70,136,32,13,151.75,151.75,0.41304347826086957,total
2004-02-01,Cumhuriyet Halk Partisi,security,Guvenlik,security_conflict,47,94,32,46,121.3,121.3,-0.17721518987341772,total
2004-02-01,Adalet ve Kalkınma Partisi,security,Guvenlik,security_conflict,39,65,22,26,81.8,81.8,-0.08163265306122448,total
2004-02-01,Adalet ve Kalkınma Partisi,european_union,Avrupa Birligi,democratic_reform,18,56,28,17,71.75,71.75,0.2391304347826087,total
2004-02-01,Adalet ve Kalkınma Partisi,democracy,Demokrasi,democratic_reform,39,61,23,6,71.15,71.15,0.5666666666666667,total
2004-02-01,Cumhuriyet Halk Partisi,european_union,Avrupa Birligi,democratic_reform,22,46,30,7,58.95,58.95,0.6052631578947368,total
2004-02-01,Cumhuriyet Halk Partisi,imf,IMF,macro_economy,36,47,4,12,52.6,52.6,-0.47058823529411764,total
2004-02-01,Adalet ve Kalkınma Partisi,tutelage,Vesayet,constitutional_conflict,10,26,2,41,41.05,41.05,-0.8863636363636364,total
2004-02-01,Cumhuriyet Halk Partisi,tutelage,Vesayet,constitutional_conflict,11,24,4,32,36.6,36.6,-0.7567567567567568,total
2004-02-01,Bağımsız,economy,Ekonomi,macro_economy,2,21,5,2,23.45,23.45,0.375,total
2004-02-01,Adalet ve Kalkınma Partisi,interest,Faiz,macro_economy,5,14,4,1,15.75,15.75,0.5,total
2004-02-01,Anavatan Partisi,law_state,Hukuk Devleti,democratic_reform,2,12,0,7,14.45,14.45,-0.875,total
2004-02-01,Anavatan Partisi,constitution,Anayasa,constitutional_conflict,4,9,0,9,12.15,12.15,-0.9,total
2004-02-01,Cumhuriyet Halk Partisi,interest,Faiz,macro_economy,6,10,5,1,12.1,12.1,0.5714285714285714,total
2004-02-01,Bağımsız,democracy,Demokrasi,democratic_reform,3,11,1,2,12.05,12.05,-0.25,total
2004-02-01,Anavatan Partisi,economy,Ekonomi,macro_economy,3,9,2,3,10.75,10.75,-0.16666666666666666,total
2004-02-01,Anavatan Partisi,democracy,Demokrasi,democratic_reform,3,6,7,1,8.8,8.8,0.6666666666666666,total
2004-02-01,Bağımsız,constitution,Anayasa,constitutional_conflict,5,7,2,3,8.75,8.75,-0.16666666666666666,total
2004-02-01,Bağımsız,law_state,Hukuk Devleti,democratic_reform,2,7,0,4,8.4,8.4,-0.8,total
2004-02-01,Anavatan Partisi,reform,Reform,democratic_reform,5,8,0,1,8.35,8.35,-0.5,total
2004-02-01,Cumhuriyet Halk Partisi,sovereignty,Egemenlik,security_conflict,7,7,2,1,8.05,8.05,0.25,total
2004-02-01,Bağımsız,security,Guvenlik,security_conflict,4,5,0,5,6.75,6.75,-0.8333333333333334,total
2004-02-01,Bağımsız,reform,Reform,democratic_reform,3,6,1,0,6.35,6.35,0.5,total
2004-02-01,Cumhuriyet Halk Partisi,inflation,Enflasyon,macro_economy,3,5,1,2,6.05,6.05,-0.25,total
2004-02-01,Anavatan Partisi,security,Guvenlik,security_conflict,2,5,0,2,5.7,5.7,-0.6666666666666666,total
2004-02-01,Adalet ve Kalkınma Partisi,imf,IMF,macro_economy,4,5,0,0,5.0,5.0,0.0,total
2004-02-01,Adalet ve Kalkınma Partisi,inflation,Enflasyon,macro_economy,3,3,1,0,3.35,3.35,0.5,total
2004-02-01,Bağımsız,interest,Faiz,macro_economy,1,2,3,0,3.05,3.05,0.75,total
2004-02-01,Anavatan Partisi,european_union,Avrupa Birligi,democratic_reform,2,2,0,0,2.0,2.0,0.0,total
2004-02-01,Bağımsız,sovereignty,Egemenlik,security_conflict,1,2,0,0,2.0,2.0,0.0,total
2004-02-01,Anavatan Partisi,imf,IMF,macro_economy,1,1,0,1,1.35,1.35,-0.5,total
2004-02-01,Bağımsız,imf,IMF,macro_economy,1,1,0,1,1.35,1.35,-0.5,total
2004-02-01,Bağımsız,tutelage,Vesayet,constitutional_conflict,1,1,0,1,1.35,1.35,-0.5,total
2004-02-01,Doğru Yol Partisi,european_union,Avrupa Birligi,democratic_reform,1,1,1,0,1.35,1.35,0.5,total
2004-02-01,Adalet ve Kalkınma Partisi,sovereignty,Egemenlik,security_conflict,1,1,0,0,1.0,1.0,0.0,total
2004-02-01,Doğru Yol Partisi,law_state,Hukuk Devleti,democratic_reform,1,1,0,0,1.0,1.0,0.0,total
2004-03-01,Adalet ve Kalkınma Partisi,economy,Ekonomi,macro_economy,21,66,36,25,87.35,87.35,0.1774193548387097,total
2004-03-01,Cumhuriyet Halk Partisi,law_state,Hukuk Devleti,democratic_reform,18,53,11,7,59.3,59.3,0.21052631578947367,total
2004-03-01,Cumhuriyet Halk Partisi,economy,Ekonomi,macro_economy,16,38,5,10,43.25,43.25,-0.3125,total
2004-03-01,Adalet ve Kalkınma Partisi,law_state,Hukuk Devleti,democratic_reform,10,31,19,3,38.7,38.7,0.6956521739130435,total
2004-03-01,Cumhuriyet Halk Partisi,security,Guvenlik,security_conflict,9,33,5,7,37.2,37.2,-0.15384615384615385,total
2004-03-01,Cumhuriyet Halk Partisi,democracy,Demokrasi,democratic_reform,7,24,24,5,34.150000000000006,34.150000000000006,0.6333333333333333,total
2004-03-01,Anavatan Partisi,economy,Ekonomi,macro_economy,2,22,10,8,28.3,28.3,0.10526315789473684,total
2004-03-01,Adalet ve Kalkınma Partisi,security,Guvenlik,security_conflict,10,21,5,7,25.200000000000003,25.200000000000003,-0.15384615384615385,total
2004-03-01,Adalet ve Kalkınma Partisi,democracy,Demokrasi,democratic_reform,9,19,11,0,22.849999999999998,22.849999999999998,0.9166666666666666,total
2004-03-01,Cumhuriyet Halk Partisi,constitution,Anayasa,constitutional_conflict,8,17,12,4,22.6,22.6,0.47058823529411764,total
2004-03-01,Adalet ve Kalkınma Partisi,constitution,Anayasa,constitutional_conflict,11,18,10,1,21.85,21.85,0.75,total
2004-03-01,Adalet ve Kalkınma Partisi,inflation,Enflasyon,macro_economy,5,14,2,3,15.75,15.75,-0.16666666666666666,total
2004-03-01,Adalet ve Kalkınma Partisi,european_union,Avrupa Birligi,democratic_reform,4,5,2,1,6.050000000000001,6.050000000000001,0.25,total
2004-03-01,Cumhuriyet Halk Partisi,interest,Faiz,macro_economy,2,5,0,1,5.35,5.35,-0.5,total
2004-03-01,Cumhuriyet Halk Partisi,imf,IMF,macro_economy,2,5,0,0,5.0,5.0,0.0,total
2004-03-01,Adalet ve Kalkınma Partisi,reform,Reform,democratic_reform,4,4,1,0,4.35,4.35,0.5,total
2004-03-01,Anavatan Partisi,security,Guvenlik,security_conflict,1,1,1,2,2.05,2.05,-0.25,total
2004-03-01,Cumhuriyet Halk Partisi,reform,Reform,democratic_reform,1,1,2,0,1.7,1.7,0.6666666666666666,total
2004-03-01,Cumhuriyet Halk Partisi,sovereignty,Egemenlik,security_conflict,1,1,2,0,1.7,1.7,0.6666666666666666,total
2004-03-01,Anavatan Partisi,constitution,Anayasa,constitutional_conflict,1,1,1,0,1.35,1.35,0.5,total
2004-03-01,Adalet ve Kalkınma Partisi,interest,Faiz,macro_economy,1,1,0,0,1.0,1.0,0.0,total
2004-03-01,Cumhuriyet Halk Partisi,european_union,Avrupa Birligi,democratic_reform,1,1,0,0,1.0,1.0,0.0,total
2004-03-01,Cumhuriyet Halk Partisi,inflation,Enflasyon,macro_economy,1,1,0,0,1.0,1.0,0.0,total
2004-04-01,Adalet ve Kalkınma Partisi,economy,Ekonomi,macro_economy,49,267,140,81,344.35,344.35,0.26576576576576577,total
2004-04-01,Cumhuriyet Halk Partisi,economy,Ekonomi,macro_economy,36,130,54,90,180.4,180.4,-0.2482758620689655,total
2004-04-01,Cumhuriyet Halk Partisi,law_state,Hukuk Devleti,democratic_reform,27,110,30,26,129.6,129.6,0.07017543859649122,total
2004-04-01,Adalet ve Kalkınma Partisi,law_state,Hukuk Devleti,democratic_reform,22,88,16,14,98.5,98.5,0.06451612903225806,total
2004-04-01,Adalet ve Kalkınma Partisi,constitution,Anayasa,constitutional_conflict,20,83,17,5,90.7,90.7,0.5217391304347826,total
2004-04-01,Cumhuriyet Halk Partisi,security,Guvenlik,security_conflict,24,61,27,37,83.4,83.4,-0.15384615384615385,total
2004-04-01,Cumhuriyet Halk Partisi,constitution,Anayasa,constitutional_conflict,13,67,11,13,75.4,75.4,-0.08,total
2004-04-01,Adalet ve Kalkınma Partisi,european_union,Avrupa Birligi,democratic_reform,15,53,14,8,60.7,60.7,0.2608695652173913,total
2004-04-01,Adalet ve Kalkınma Partisi,security,Guvenlik,security_conflict,23,47,12,26,60.3,60.3,-0.358974358974359,total
2004-04-01,Adalet ve Kalkınma Partisi,reform,Reform,democratic_reform,14,33,13,5,39.3,39.3,0.42105263157894735,total
2004-04-01,Cumhuriyet Halk Partisi,democracy,Demokrasi,democratic_reform,8,20,8,2,23.5,23.5,0.5454545454545454,total
2004-04-01,Cumhuriyet Halk Partisi,european_union,Avrupa Birligi,democratic_reform,9,16,6,3,19.15,19.15,0.3,total
2004-04-01,Adalet ve Kalkınma Partisi,democracy,Demokrasi,democratic_reform,10,15,4,6,18.5,18.5,-0.18181818181818182,total
2004-04-01,Adalet ve Kalkınma Partisi,interest,Faiz,macro_economy,9,12,7,1,14.8,14.8,0.6666666666666666,total
2004-04-01,Doğru Yol Partisi,european_union,Avrupa Birligi,democratic_reform,4,10,6,4,13.5,13.5,0.18181818181818182,total
2004-04-01,Anavatan Partisi,economy,Ekonomi,macro_economy,4,11,3,2,12.75,12.75,0.16666666666666666,total
2004-04-01,Adalet ve Kalkınma Partisi,inflation,Enflasyon,macro_economy,8,9,7,3,12.5,12.5,0.36363636363636365,total
2004-04-01,Adalet ve Kalkınma Partisi,sovereignty,Egemenlik,security_conflict,4,9,2,2,10.4,10.4,0.0,total
2004-04-01,Doğru Yol Partisi,security,Guvenlik,security_conflict,2,9,1,0,9.35,9.35,0.5,total
2004-04-01,Cumhuriyet Halk Partisi,sovereignty,Egemenlik,security_conflict,4,8,2,0,8.7,8.7,0.6666666666666666,total
2004-04-01,Cumhuriyet Halk Partisi,imf,IMF,macro_economy,4,4,4,3,6.45,6.45,0.125,total
2004-04-01,Cumhuriyet Halk Partisi,reform,Reform,democratic_reform,5,6,0,1,6.35,6.35,-0.5,total
2004-04-01,Anavatan Partisi,european_union,Avrupa Birligi,democratic_reform,2,4,2,1,5.05,5.05,0.25,total
2004-04-01,Doğru Yol Partisi,law_state,Hukuk Devleti,democratic_reform,3,5,0,0,5.0,5.0,0.0,total
2004-04-01,Doğru Yol Partisi,economy,Ekonomi,macro_economy,2,4,2,0,4.7,4.7,0.6666666666666666,total
2004-04-01,Adalet ve Kalkınma Partisi,tutelage,Vesayet,constitutional_conflict,2,3,1,3,4.4,4.4,-0.4,total
2004-04-01,Anavatan Partisi,democracy,Demokrasi,democratic_reform,1,4,0,1,4.35,4.35,-0.5,total
2004-04-01,Doğru Yol Partisi,democracy,Demokrasi,democratic_reform,3,4,0,0,4.0,4.0,0.0,total
2004-04-01,Anavatan Partisi,reform,Reform,democratic_reform,2,3,1,1,3.7,3.7,0.0,total
2004-04-01,Cumhuriyet Halk Partisi,tutelage,Vesayet,constitutional_conflict,1,2,1,3,3.4,3.4,-0.4,total
2004-04-01,Anavatan Partisi,constitution,Anayasa,constitutional_conflict,1,3,1,0,3.35,3.35,0.5,total
2004-04-01,Cumhuriyet Halk Partisi,inflation,Enflasyon,macro_economy,2,3,1,0,3.35,3.35,0.5,total
2004-04-01,Cumhuriyet Halk Partisi,interest,Faiz,macro_economy,3,3,1,0,3.35,3.35,0.5,total
2004-04-01,Anavatan Partisi,security,Guvenlik,security_conflict,2,2,0,2,2.7,2.7,-0.6666666666666666,total
2004-04-01,Anavatan Partisi,sovereignty,Egemenlik,security_conflict,1,2,0,0,2.0,2.0,0.0,total
2004-04-01,Doğru Yol Partisi,constitution,Anayasa,constitutional_conflict,2,2,0,0,2.0,2.0,0.0,total
2004-04-01,Anavatan Partisi,inflation,Enflasyon,macro_economy,1,1,0,1,1.35,1.35,-0.5,total
2004-04-01,Anavatan Partisi,law_state,Hukuk Devleti,democratic_reform,1,1,0,0,1.0,1.0,0.0,total
2004-05-01,Cumhuriyet Halk Partisi,law_state,Hukuk Devleti,democratic_reform,92,424,154,103,513.95,513.95,0.19767441860465115,total
2004-05-01,Cumhuriyet Halk Partisi,constitution,Anayasa,constitutional_conflict,93,402,65,52,442.95,442.95,0.11016949152542373,total
2004-05-01,Cumhuriyet Halk Partisi,economy,Ekonomi,macro_economy,94,233,85,58,283.05,283.05,0.1875,total
2004-05-01,Adalet ve Kalkınma Partisi,economy,Ekonomi,macro_economy,68,210,86,30,250.6,250.6,0.47863247863247865,total
2004-05-01,Adalet ve Kalkınma Partisi,constitution,Anayasa,constitutional_conflict,58,196,47,9,215.6,215.6,0.6666666666666666,total
2004-05-01,Cumhuriyet Halk Partisi,democracy,Demokrasi,democratic_reform,66,169,65,40,205.75,205.75,0.2358490566037736,total
2004-05-01,Adalet ve Kalkınma Partisi,law_state,Hukuk Devleti,democratic_reform,55,149,50,30,177.0,177.0,0.24691358024691357,total
2004-05-01,Cumhuriyet Halk Partisi,european_union,Avrupa Birligi,democratic_reform,43,107,68,11,134.65,134.65,0.7125,total
2004-05-01,Adalet ve Kalkınma Partisi,democracy,Demokrasi,democratic_reform,45,109,40,15,128.25,128.25,0.44642857142857145,total
2004-05-01,Adalet ve Kalkınma Partisi,security,Guvenlik,security_conflict,24,79,29,15,94.4,94.4,0.3111111111111111,total
2004-05-01,Cumhuriyet Halk Partisi,security,Guvenlik,security_conflict,24,65,26,34,86.0,86.0,-0.13114754098360656,total
2004-05-01,Adalet ve Kalkınma Partisi,european_union,Avrupa Birligi,democratic_reform,23,47,24,4,56.8,56.8,0.6896551724137931,total
2004-05-01,Adalet ve Kalkınma Partisi,reform,Reform,democratic_reform,17,46,12,7,52.65,52.65,0.25,total
2004-05-01,Cumhuriyet Halk Partisi,reform,Reform,democratic_reform,21,43,15,10,51.75,51.75,0.19230769230769232,total
2004-05-01,Cumhuriyet Halk Partisi,interest,Faiz,macro_economy,12,19,2,4,21.1,21.1,-0.2857142857142857,total
2004-05-01,Adalet ve Kalkınma Partisi,interest,Faiz,macro_economy,9,18,6,2,20.8,20.8,0.4444444444444444,total
2004-05-01,Cumhuriyet Halk Partisi,sovereignty,Egemenlik,security_conflict,10,11,1,2,12.05,12.05,-0.25,total
2004-05-01,Cumhuriyet Halk Partisi,imf,IMF,macro_economy,5,9,0,2,9.7,9.7,-0.6666666666666666,total
2004-05-01,Adalet ve Kalkınma Partisi,sovereignty,Egemenlik,security_conflict,6,8,0,0,8.0,8.0,0.0,total
2004-05-01,Anavatan Partisi,democracy,Demokrasi,democratic_reform,2,5,3,2,6.75,6.75,0.16666666666666666,total
2004-05-01,Bağımsız,economy,Ekonomi,macro_economy,1,4,4,2,6.1,6.1,0.2857142857142857,total
2004-05-01,Anavatan Partisi,economy,Ekonomi,macro_economy,2,5,0,0,5.0,5.0,0.0,total
2004-05-01,Anavatan Partisi,constitution,Anayasa,constitutional_conflict,2,3,2,1,4.05,4.05,0.25,total
2004-05-01,Bağımsız,reform,Reform,democratic_reform,1,2,3,0,3.05,3.05,0.75,total
2004-05-01,Anavatan Partisi,european_union,Avrupa Birligi,democratic_reform,2,2,0,0,2.0,2.0,0.0,total
2004-05-01,Anavatan Partisi,inflation,Enflasyon,macro_economy,1,2,0,0,2.0,2.0,0.0,total
2004-05-01,Anavatan Partisi,law_state,Hukuk Devleti,democratic_reform,2,2,0,0,2.0,2.0,0.0,total
2004-05-01,Bağımsız,european_union,Avrupa Birligi,democratic_reform,1,1,1,0,1.35,1.35,0.5,total
2004-05-01,Cumhuriyet Halk Partisi,tutelage,Vesayet,constitutional_conflict,1,1,0,1,1.35,1.35,-0.5,total
2004-05-01,Doğru Yol Partisi,democracy,Demokrasi,democratic_reform,1,1,0,1,1.35,1.35,-0.5,total
2004-05-01,Adalet ve Kalkınma Partisi,inflation,Enflasyon,macro_economy,1,1,0,0,1.0,1.0,0.0,total
2004-05-01,Anavatan Partisi,reform,Reform,democratic_reform,1,1,0,0,1.0,1.0,0.0,total
2004-05-01,Bağımsız,law_state,Hukuk Devleti,democratic_reform,1,1,0,0,1.0,1.0,0.0,total
2004-06-01,Cumhuriyet Halk Partisi,law_state,Hukuk Devleti,democratic_reform,125,571,165,163,685.8,685.8,0.0060790273556231,total
2004-06-01,Cumhuriyet Halk Partisi,economy,Ekonomi,macro_economy,121,485,220,139,610.65,610.65,0.225,total
2004-06-01,Adalet ve Kalkınma Partisi,law_state,Hukuk Devleti,democratic_reform,63,293,70,32,328.7,328.7,0.36893203883495146,total
2004-06-01,Cumhuriyet Halk Partisi,constitution,Anayasa,constitutional_conflict,90,290,42,61,326.05,326.05,-0.18269230769230768,total
2004-06-01,Adalet ve Kalkınma Partisi,economy,Ekonomi,macro_economy,62,219,149,61,292.5,292.5,0.41706161137440756,total
2004-06-01,Cumhuriyet Halk Partisi,security,Guvenlik,security_conflict,36,171,37,43,199.0,199.0,-0.07407407407407407,total
2004-06-01,Cumhuriyet Halk Partisi,democracy,Demokrasi,democratic_reform,52,157,69,44,196.55,196.55,0.21929824561403508,total
2004-06-01,Adalet ve Kalkınma Partisi,security,Guvenlik,security_conflict,27,163,38,41,190.65,190.65,-0.0375,total
2004-06-01,Adalet ve Kalkınma Partisi,constitution,Anayasa,constitutional_conflict,43,150,31,9,164.0,164.0,0.5365853658536586,total
2004-06-01,Cumhuriyet Halk Partisi,european_union,Avrupa Birligi,democratic_reform,43,71,46,12,91.3,91.3,0.576271186440678,total
2004-06-01,Cumhuriyet Halk Partisi,interest,Faiz,macro_economy,26,72,25,18,87.05,87.05,0.1590909090909091,total
2004-06-01,Adalet ve Kalkınma Partisi,democracy,Demokrasi,democratic_reform,30,71,42,3,86.75,86.75,0.8478260869565217,total
2004-06-01,Cumhuriyet Halk Partisi,imf,IMF,macro_economy,20,42,7,28,54.25,54.25,-0.5833333333333334,total
2004-06-01,Adalet ve Kalkınma Partisi,european_union,Avrupa Birligi,democratic_reform,18,32,14,4,38.300000000000004,38.300000000000004,0.5263157894736842,total
2004-06-01,Cumhuriyet Halk Partisi,reform,Reform,democratic_reform,15,30,11,5,35.6,35.6,0.35294117647058826,total
2004-06-01,Doğru Yol Partisi,law_state,Hukuk Devleti,democratic_reform,4,30,1,2,31.05,31.05,-0.25,total
2004-06-01,Cumhuriyet Halk Partisi,sovereignty,Egemenlik,security_conflict,4,15,17,3,22.0,22.0,0.6666666666666666,total
2004-06-01,Anavatan Partisi,economy,Ekonomi,macro_economy,6,18,9,0,21.15,21.15,0.9,total
2004-06-01,Adalet ve Kalkınma Partisi,reform,Reform,democratic_reform,9,16,6,2,18.8,18.8,0.4444444444444444,total
2004-06-01,Adalet ve Kalkınma Partisi,interest,Faiz,macro_economy,8,16,0,1,16.35,16.35,-0.5,total
2004-06-01,Cumhuriyet Halk Partisi,inflation,Enflasyon,macro_economy,9,14,3,3,16.1,16.1,0.0,total
2004-06-01,Adalet ve Kalkınma Partisi,inflation,Enflasyon,macro_economy,3,11,3,2,12.75,12.75,0.16666666666666666,total
2004-06-01,Cumhuriyet Halk Partisi,tutelage,Vesayet,constitutional_conflict,5,8,1,11,12.200000000000001,12.200000000000001,-0.7692307692307693,total
2004-06-01,Doğru Yol Partisi,economy,Ekonomi,macro_economy,3,8,3,2,9.75,9.75,0.16666666666666666,total
2004-06-01,Anavatan Partisi,law_state,Hukuk Devleti,democratic_reform,2,6,1,2,7.05,7.05,-0.25,total
2004-06-01,Anavatan Partisi,security,Guvenlik,security_conflict,2,6,1,1,6.7,6.7,0.0,total
2004-06-01,Anavatan Partisi,interest,Faiz,macro_economy,1,5,0,0,5.0,5.0,0.0,total
2004-06-01,Anavatan Partisi,democracy,Demokrasi,democratic_reform,3,3,2,1,4.050000000000001,4.050000000000001,0.25,total
2004-06-01,Bağımsız,democracy,Demokrasi,democratic_reform,1,3,2,0,3.7,3.7,0.6666666666666666,total
2004-06-01,Adalet ve Kalkınma Partisi,imf,IMF,macro_economy,3,3,0,1,3.35,3.35,-0.5,total
2004-06-01,Anavatan Partisi,imf,IMF,macro_economy,2,3,0,1,3.35,3.35,-0.5,total
2004-06-01,Bağımsız,economy,Ekonomi,macro_economy,1,3,1,0,3.35,3.35,0.5,total
2004-06-01,Bağımsız,imf,IMF,macro_economy,1,2,1,1,2.7,2.7,0.0,total
2004-06-01,Anavatan Partisi,european_union,Avrupa Birligi,democratic_reform,1,1,3,0,2.05,2.05,0.75,total
2004-06-01,Doğru Yol Partisi,constitution,Anayasa,constitutional_conflict,1,2,0,0,2.0,2.0,0.0,total
2004-06-01,Adalet ve Kalkınma Partisi,tutelage,Vesayet,constitutional_conflict,1,1,1,1,1.7,1.7,0.0,total
2004-06-01,Bağımsız,reform,Reform,democratic_reform,1,1,1,0,1.35,1.35,0.5,total
2004-06-01,Doğru Yol Partisi,tutelage,Vesayet,constitutional_conflict,1,1,0,1,1.35,1.35,-0.5,total
2004-06-01,Anavatan Partisi,reform,Reform,democratic_reform,1,1,0,0,1.0,1.0,0.0,total
2004-07-01,Cumhuriyet Halk Partisi,democracy,Demokrasi,democratic_reform,109,426,270,40,534.5,534.5,0.7395498392282959,total
2004-07-01,Cumhuriyet Halk Partisi,economy,Ekonomi,macro_economy,143,397,103,137,481.0,481.0,-0.14107883817427386,total
2004-07-01,Cumhuriyet Halk Partisi,law_state,Hukuk Devleti,democratic_reform,112,392,75,99,452.9,452.9,-0.13714285714285715,total
2004-07-01,Cumhuriyet Halk Partisi,constitution,Anayasa,constitutional_conflict,95,321,54,65,362.65,362.65,-0.09166666666666666,total
2004-07-01,Adalet ve Kalkınma Partisi,law_state,Hukuk Devleti,democratic_reform,46,158,53,24,184.95,184.95,0.3717948717948718,total
2004-07-01,Cumhuriyet Halk Partisi,reform,Reform,democratic_reform,73,158,52,25,184.95,184.95,0.34615384615384615,total
2004-07-01,Cumhuriyet Halk Partisi,security,Guvenlik,security_conflict,50,127,29,63,159.2,159.2,-0.3655913978494624,total
2004-07-01,Adalet ve Kalkınma Partisi,economy,Ekonomi,macro_economy,41,115,64,37,150.35,150.35,0.2647058823529412,total
2004-07-01,Adalet ve Kalkınma Partisi,constitution,Anayasa,constitutional_conflict,30,85,25,8,96.55,96.55,0.5,total
2004-07-01,Adalet ve Kalkınma Partisi,democracy,Demokrasi,democratic_reform,25,70,44,4,86.8,86.8,0.8163265306122449,total
2004-07-01,Cumhuriyet Halk Partisi,european_union,Avrupa Birligi,democratic_reform,44,71,35,5,85.0,85.0,0.7317073170731707,total
2004-07-01,Adalet ve Kalkınma Partisi,security,Guvenlik,security_conflict,16,45,8,47,64.25,64.25,-0.6964285714285714,total
2004-07-01,Adalet ve Kalkınma Partisi,reform,Reform,democratic_reform,23,54,20,7,63.45,63.45,0.4642857142857143,total
2004-07-01,Cumhuriyet Halk Partisi,tutelage,Vesayet,constitutional_conflict,19,36,6,47,54.55,54.55,-0.7592592592592593,total
2004-07-01,Doğru Yol Partisi,constitution,Anayasa,constitutional_conflict,11,40,2,11,44.550000000000004,44.550000000000004,-0.6428571428571429,total
2004-07-01,Doğru Yol Partisi,tutelage,Vesayet,constitutional_conflict,9,28,1,37,41.3,41.3,-0.9230769230769231,total
2004-07-01,Anavatan Partisi,economy,Ekonomi,macro_economy,6,29,20,15,41.25,41.25,0.1388888888888889,total
2004-07-01,Adalet ve Kalkınma Partisi,european_union,Avrupa Birligi,democratic_reform,16,29,21,8,39.15,39.15,0.43333333333333335,total
2004-07-01,Cumhuriyet Halk Partisi,imf,IMF,macro_economy,23,33,9,7,38.6,38.6,0.11764705882352941,total
2004-07-01,Cumhuriyet Halk Partisi,interest,Faiz,macro_economy,13,29,4,6,32.5,32.5,-0.18181818181818182,total
2004-07-01,Doğru Yol Partisi,security,Guvenlik,security_conflict,5,28,6,2,30.8,30.8,0.4444444444444444,total
2004-07-01,Anavatan Partisi,security,Guvenlik,security_conflict,2,19,5,20,27.75,27.75,-0.5769230769230769,total
2004-07-01,Adalet ve Kalkınma Partisi,interest,Faiz,macro_economy,9,22,2,2,23.4,23.4,0.0,total
2004-07-01,Cumhuriyet Halk Partisi,inflation,Enflasyon,macro_economy,9,18,0,3,19.05,19.05,-0.75,total
2004-07-01,Anavatan Partisi,law_state,Hukuk Devleti,democratic_reform,5,11,5,7,15.2,15.2,-0.15384615384615385,total
2004-07-01,Doğru Yol Partisi,law_state,Hukuk Devleti,democratic_reform,7,13,0,3,14.05,14.05,-0.75,total
2004-07-01,Anavatan Partisi,democracy,Demokrasi,democratic_reform,3,11,8,0,13.8,13.8,0.8888888888888888,total
2004-07-01,Adalet ve Kalkınma Partisi,tutelage,Vesayet,constitutional_conflict,5,7,1,12,11.55,11.55,-0.7857142857142857,total
2004-07-01,Doğru Yol Partisi,reform,Reform,democratic_reform,7,10,2,1,11.05,11.05,0.25,total
2004-07-01,Anavatan Partisi,constitution,Anayasa,constitutional_conflict,6,9,0,4,10.4,10.4,-0.8,total
2004-07-01,Doğru Yol Partisi,democracy,Demokrasi,democratic_reform,4,7,2,5,9.45,9.45,-0.375,total
2004-07-01,Adalet ve Kalkınma Partisi,imf,IMF,macro_economy,2,4,0,1,4.35,4.35,-0.5,total
2004-07-01,Anavatan Partisi,tutelage,Vesayet,constitutional_conflict,1,2,0,5,3.75,3.75,-0.8333333333333334,total
2004-07-01,Doğru Yol Partisi,european_union,Avrupa Birligi,democratic_reform,2,3,1,1,3.7,3.7,0.0,total
2004-07-01,Doğru Yol Partisi,economy,Ekonomi,macro_economy,2,2,3,1,3.4,3.4,0.4,total
2004-07-01,Adalet ve Kalkınma Partisi,inflation,Enflasyon,macro_economy,2,3,0,0,3.0,3.0,0.0,total
2004-07-01,Cumhuriyet Halk Partisi,sovereignty,Egemenlik,security_conflict,2,3,0,0,3.0,3.0,0.0,total
2004-07-01,Anavatan Partisi,reform,Reform,democratic_reform,1,2,1,0,2.35,2.35,0.5,total
2004-07-01,Anavatan Partisi,interest,Faiz,macro_economy,2,2,0,0,2.0,2.0,0.0,total
2004-07-01,Anavatan Partisi,sovereignty,Egemenlik,security_conflict,1,2,0,0,2.0,2.0,0.0,total
2004-07-01,Anavatan Partisi,european_union,Avrupa Birligi,democratic_reform,1,1,2,0,1.7,1.7,0.6666666666666666,total
2004-07-01,Anavatan Partisi,imf,IMF,macro_economy,1,1,0,1,1.35,1.35,-0.5,total
2004-08-01,Cumhuriyet Halk Partisi,law_state,Hukuk Devleti,democratic_reform,3,8,0,2,8.7,8.7,-0.6666666666666666,total
2004-08-01,Adalet ve Kalkınma Partisi,law_state,Hukuk Devleti,democratic_reform,4,8,0,1,8.35,8.35,-0.5,total
2004-08-01,Adalet ve Kalkınma Partisi,economy,Ekonomi,macro_economy,2,5,4,0,6.4,6.4,0.8,total
2004-08-01,Doğru Yol Partisi,inflation,Enflasyon,macro_economy,1,2,3,0,3.05,3.05,0.75,total
2004-08-01,Cumhuriyet Halk Partisi,economy,Ekonomi,macro_economy,1,3,0,0,3.0,3.0,0.0,total
2004-08-01,Adalet ve Kalkınma Partisi,democracy,Demokrasi,democratic_reform,2,2,1,0,2.35,2.35,0.5,total
2004-08-01,Adalet ve Kalkınma Partisi,european_union,Avrupa Birligi,democratic_reform,2,2,1,0,2.35,2.35,0.5,total
2004-08-01,Cumhuriyet Halk Partisi,democracy,Demokrasi,democratic_reform,2,2,0,1,2.35,2.35,-0.5,total
2004-08-01,Adalet ve Kalkınma Partisi,inflation,Enflasyon,macro_economy,1,1,1,0,1.35,1.35,0.5,total
2004-08-01,Anavatan Partisi,european_union,Avrupa Birligi,democratic_reform,1,1,0,0,1.0,1.0,0.0,total
2004-08-01,Cumhuriyet Halk Partisi,security,Guvenlik,security_conflict,1,1,0,0,1.0,1.0,0.0,total
2004-09-01,Cumhuriyet Halk Partisi,law_state,Hukuk Devleti,democratic_reform,58,322,93,85,384.3,384.3,0.0446927374301676,total
2004-09-01,Adalet ve Kalkınma Partisi,law_state,Hukuk Devleti,democratic_reform,34,155,40,25,177.75,177.75,0.22727272727272727,total
2004-09-01,Cumhuriyet Halk Partisi,constitution,Anayasa,constitutional_conflict,30,78,20,7,87.45,87.45,0.4642857142857143,total
2004-09-01,Cumhuriyet Halk Partisi,economy,Ekonomi,macro_economy,29,50,24,17,64.35,64.35,0.16666666666666666,total
2004-09-01,Adalet ve Kalkınma Partisi,constitution,Anayasa,constitutional_conflict,22,57,6,6,61.2,61.2,0.0,total
2004-09-01,Adalet ve Kalkınma Partisi,democracy,Demokrasi,democratic_reform,17,50,20,2,57.7,57.7,0.782608695652174,total
2004-09-01,Cumhuriyet Halk Partisi,democracy,Demokrasi,democratic_reform,22,41,20,7,50.45,50.45,0.4642857142857143,total
2004-09-01,Cumhuriyet Halk Partisi,european_union,Avrupa Birligi,democratic_reform,18,34,10,6,39.6,39.6,0.23529411764705882,total
2004-09-01,Cumhuriyet Halk Partisi,security,Guvenlik,security_conflict,16,30,8,14,37.7,37.7,-0.2608695652173913,total
2004-09-01,Doğru Yol Partisi,economy,Ekonomi,macro_economy,7,19,4,16,26.0,26.0,-0.5714285714285714,total
2004-09-01,Adalet ve Kalkınma Partisi,european_union,Avrupa Birligi,democratic_reform,6,17,4,1,18.75,18.75,0.5,total
2004-09-01,Adalet ve Kalkınma Partisi,economy,Ekonomi,macro_economy,4,10,2,8,13.5,13.5,-0.5454545454545454,total
2004-09-01,Doğru Yol Partisi,european_union,Avrupa Birligi,democratic_reform,4,11,3,2,12.75,12.75,0.16666666666666666,total
2004-09-01,Doğru Yol Partisi,constitution,Anayasa,constitutional_conflict,6,10,2,0,10.7,10.7,0.6666666666666666,total
2004-09-01,Doğru Yol Partisi,democracy,Demokrasi,democratic_reform,4,8,1,3,9.4,9.4,-0.4,total
2004-09-01,Adalet ve Kalkınma Partisi,security,Guvenlik,security_conflict,3,5,0,5,6.75,6.75,-0.8333333333333334,total
2004-09-01,Doğru Yol Partisi,imf,IMF,macro_economy,1,4,0,7,6.45,6.45,-0.875,total
2004-09-01,Doğru Yol Partisi,reform,Reform,democratic_reform,3,5,0,1,5.35,5.35,-0.5,total
2004-09-01,Adalet ve Kalkınma Partisi,reform,Reform,democratic_reform,3,3,5,1,5.1,5.1,0.5714285714285714,total
2004-09-01,Doğru Yol Partisi,law_state,Hukuk Devleti,democratic_reform,4,5,0,0,5.0,5.0,0.0,total
2004-09-01,Cumhuriyet Halk Partisi,reform,Reform,democratic_reform,1,2,0,0,2.0,2.0,0.0,total
2004-09-01,Anavatan Partisi,law_state,Hukuk Devleti,democratic_reform,1,1,0,1,1.35,1.35,-0.5,total
2004-09-01,Cumhuriyet Halk Partisi,sovereignty,Egemenlik,security_conflict,1,1,0,1,1.35,1.35,-0.5,total
2004-09-01,Cumhuriyet Halk Partisi,tutelage,Vesayet,constitutional_conflict,1,1,0,1,1.35,1.35,-0.5,total
2004-09-01,Adalet ve Kalkınma Partisi,sovereignty,Egemenlik,security_conflict,1,1,0,0,1.0,1.0,0.0,total
2004-09-01,Doğru Yol Partisi,security,Guvenlik,security_conflict,1,1,0,0,1.0,1.0,0.0,total
2004-09-01,Doğru Yol Partisi,sovereignty,Egemenlik,security_conflict,1,1,0,0,1.0,1.0,0.0,total
2004-10-01,Cumhuriyet Halk Partisi,economy,Ekonomi,macro_economy,13,48,31,19,65.5,65.5,0.23529411764705882,total
2004-10-01,Adalet ve Kalkınma Partisi,economy,Ekonomi,macro_economy,16,51,26,5,61.85,61.85,0.65625,total
2004-10-01,Adalet ve Kalkınma Partisi,european_union,Avrupa Birligi,democratic_reform,13,29,11,0,32.85,32.85,0.9166666666666666,total
2004-10-01,Cumhuriyet Halk Partisi,european_union,Avrupa Birligi,democratic_reform,6,25,14,3,30.95,30.95,0.6111111111111112,total
2004-10-01,Adalet ve Kalkınma Partisi,democracy,Demokrasi,democratic_reform,8,23,7,3,26.5,26.5,0.36363636363636365,total
2004-10-01,Adalet ve Kalkınma Partisi,constitution,Anayasa,constitutional_conflict,10,18,8,1,21.15,21.15,0.7,total
2004-10-01,Adalet ve Kalkınma Partisi,law_state,Hukuk Devleti,democratic_reform,11,17,1,4,18.75,18.75,-0.5,total
2004-10-01,Adalet ve Kalkınma Partisi,security,Guvenlik,security_conflict,9,15,1,7,17.8,17.8,-0.6666666666666666,total
2004-10-01,Cumhuriyet Halk Partisi,law_state,Hukuk Devleti,democratic_reform,4,10,6,5,13.850000000000001,13.850000000000001,0.08333333333333333,total
2004-10-01,Anavatan Partisi,economy,Ekonomi,macro_economy,3,10,4,4,12.799999999999999,12.799999999999999,0.0,total
2004-10-01,Cumhuriyet Halk Partisi,interest,Faiz,macro_economy,5,10,7,0,12.45,12.45,0.875,total
2004-10-01,Adalet ve Kalkınma Partisi,reform,Reform,democratic_reform,4,10,4,2,12.1,12.1,0.2857142857142857,total
2004-10-01,Cumhuriyet Halk Partisi,security,Guvenlik,security_conflict,4,8,4,1,9.75,9.75,0.5,total
2004-10-01,Cumhuriyet Halk Partisi,constitution,Anayasa,constitutional_conflict,5,7,3,0,8.05,8.05,0.75,total
2004-10-01,Cumhuriyet Halk Partisi,democracy,Demokrasi,democratic_reform,2,6,4,1,7.75,7.75,0.5,total
2004-10-01,Anavatan Partisi,interest,Faiz,macro_economy,3,5,3,0,6.05,6.05,0.75,total
2004-10-01,Anavatan Partisi,sovereignty,Egemenlik,security_conflict,2,3,2,0,3.7,3.7,0.6666666666666666,total
2004-10-01,Adalet ve Kalkınma Partisi,inflation,Enflasyon,macro_economy,1,2,3,0,3.05,3.05,0.75,total
2004-10-01,Doğru Yol Partisi,democracy,Demokrasi,democratic_reform,2,3,0,0,3.0,3.0,0.0,total
2004-10-01,Adalet ve Kalkınma Partisi,interest,Faiz,macro_economy,2,2,1,0,2.35,2.35,0.5,total
2004-10-01,Doğru Yol Partisi,european_union,Avrupa Birligi,democratic_reform,1,2,1,0,2.35,2.35,0.5,total
2004-10-01,Anavatan Partisi,constitution,Anayasa,constitutional_conflict,1,2,0,0,2.0,2.0,0.0,total
2004-10-01,Anavatan Partisi,law_state,Hukuk Devleti,democratic_reform,1,2,0,0,2.0,2.0,0.0,total
2004-10-01,Doğru Yol Partisi,economy,Ekonomi,macro_economy,1,2,0,0,2.0,2.0,0.0,total
2004-10-01,Doğru Yol Partisi,law_state,Hukuk Devleti,democratic_reform,1,2,0,0,2.0,2.0,0.0,total
2004-10-01,Cumhuriyet Halk Partisi,inflation,Enflasyon,macro_economy,1,1,1,0,1.35,1.35,0.5,total
2004-10-01,Cumhuriyet Halk Partisi,reform,Reform,democratic_reform,1,1,1,0,1.35,1.35,0.5,total
2004-10-01,Doğru Yol Partisi,security,Guvenlik,security_conflict,1,1,0,1,1.35,1.35,-0.5,total
2004-10-01,Adalet ve Kalkınma Partisi,imf,IMF,macro_economy,1,1,0,0,1.0,1.0,0.0,total
2004-11-01,Adalet ve Kalkınma Partisi,economy,Ekonomi,macro_economy,72,346,179,85,438.4,438.4,0.35471698113207545,total
2004-11-01,Cumhuriyet Halk Partisi,economy,Ekonomi,macro_economy,81,243,66,56,285.7,285.7,0.08130081300813008,total
2004-11-01,Cumhuriyet Halk Partisi,law_state,Hukuk Devleti,democratic_reform,36,165,77,54,210.85,210.85,0.17424242424242425,total
2004-11-01,Cumhuriyet Halk Partisi,constitution,Anayasa,constitutional_conflict,34,116,25,14,129.65,129.65,0.275,total
2004-11-01,Cumhuriyet Halk Partisi,european_union,Avrupa Birligi,democratic_reform,39,93,54,22,119.60000000000001,119.60000000000001,0.4155844155844156,total
2004-11-01,Adalet ve Kalkınma Partisi,security,Guvenlik,security_conflict,42,89,21,34,108.25,108.25,-0.23214285714285715,total
2004-11-01,Adalet ve Kalkınma Partisi,law_state,Hukuk Devleti,democratic_reform,38,85,22,15,97.95,97.95,0.18421052631578946,total
2004-11-01,Cumhuriyet Halk Partisi,security,Guvenlik,security_conflict,26,70,12,44,89.6,89.6,-0.5614035087719298,total
2004-11-01,Adalet ve Kalkınma Partisi,european_union,Avrupa Birligi,democratic_reform,31,72,34,7,86.35,86.35,0.6428571428571429,total
2004-11-01,Cumhuriyet Halk Partisi,democracy,Demokrasi,democratic_reform,30,62,39,11,79.5,79.5,0.5490196078431373,total
2004-11-01,Adalet ve Kalkınma Partisi,constitution,Anayasa,constitutional_conflict,24,53,21,5,62.1,62.1,0.5925925925925926,total
2004-11-01,Adalet ve Kalkınma Partisi,democracy,Demokrasi,democratic_reform,22,49,28,6,60.9,60.9,0.6285714285714286,total
2004-11-01,Anavatan Partisi,economy,Ekonomi,macro_economy,9,40,15,6,47.35,47.35,0.4090909090909091,total
2004-11-01,Adalet ve Kalkınma Partisi,reform,Reform,democratic_reform,15,24,12,7,30.650000000000002,30.650000000000002,0.25,total
2004-11-01,Cumhuriyet Halk Partisi,imf,IMF,macro_economy,12,25,9,6,30.25,30.25,0.1875,total
2004-11-01,Cumhuriyet Halk Partisi,inflation,Enflasyon,macro_economy,10,25,4,2,27.1,27.1,0.2857142857142857,total
2004-11-01,Cumhuriyet Halk Partisi,interest,Faiz,macro_economy,8,19,6,3,22.15,22.15,0.3,total
2004-11-01,Cumhuriyet Halk Partisi,reform,Reform,democratic_reform,13,18,9,2,21.85,21.85,0.5833333333333334,total
2004-11-01,Doğru Yol Partisi,european_union,Avrupa Birligi,democratic_reform,5,13,18,1,19.65,19.65,0.85,total
2004-11-01,Adalet ve Kalkınma Partisi,interest,Faiz,macro_economy,11,15,3,0,16.05,16.05,0.75,total
2004-11-01,Bağımsız,law_state,Hukuk Devleti,democratic_reform,7,11,0,1,11.35,11.35,-0.5,total
2004-11-01,Adalet ve Kalkınma Partisi,inflation,Enflasyon,macro_economy,4,5,5,5,8.5,8.5,0.0,total
2004-11-01,Doğru Yol Partisi,constitution,Anayasa,constitutional_conflict,4,8,0,0,8.0,8.0,0.0,total
2004-11-01,Adalet ve Kalkınma Partisi,sovereignty,Egemenlik,security_conflict,2,5,2,2,6.4,6.4,0.0,total
2004-11-01,Doğru Yol Partisi,economy,Ekonomi,macro_economy,3,3,2,2,4.4,4.4,0.0,total
2004-11-01,Doğru Yol Partisi,democracy,Demokrasi,democratic_reform,3,4,0,1,4.35,4.35,-0.5,total
2004-11-01,Doğru Yol Partisi,security,Guvenlik,security_conflict,4,4,1,0,4.35,4.35,0.5,total
2004-11-01,Anavatan Partisi,european_union,Avrupa Birligi,democratic_reform,1,2,4,0,3.4,3.4,0.8,total
2004-11-01,Anavatan Partisi,reform,Reform,democratic_reform,1,3,0,0,3.0,3.0,0.0,total
2004-11-01,Anavatan Partisi,democracy,Demokrasi,democratic_reform,1,2,0,0,2.0,2.0,0.0,total
2004-11-01,Anavatan Partisi,security,Guvenlik,security_conflict,1,1,1,1,1.7,1.7,0.0,total
2004-11-01,Anavatan Partisi,imf,IMF,macro_economy,1,1,0,0,1.0,1.0,0.0,total
2004-11-01,Anavatan Partisi,interest,Faiz,macro_economy,1,1,0,0,1.0,1.0,0.0,total
2004-11-01,Bağımsız,economy,Ekonomi,macro_economy,1,1,0,0,1.0,1.0,0.0,total
2004-11-01,Bağımsız,european_union,Avrupa Birligi,democratic_reform,1,1,0,0,1.0,1.0,0.0,total
2004-11-01,Bağımsız,imf,IMF,macro_economy,1,1,0,0,1.0,1.0,0.0,total
2004-11-01,Cumhuriyet Halk Partisi,sovereignty,Egemenlik,security_conflict,1,1,0,0,1.0,1.0,0.0,total
2004-11-01,Doğru Yol Partisi,imf,IMF,macro_economy,1,1,0,0,1.0,1.0,0.0,total
2004-11-01,Doğru Yol Partisi,law_state,Hukuk Devleti,democratic_reform,1,1,0,0,1.0,1.0,0.0,total
2004-12-01,Adalet ve Kalkınma Partisi,economy,Ekonomi,macro_economy,216,1505,1198,318,2035.6,2035.6,0.5800922874093606,total
2004-12-01,Cumhuriyet Halk Partisi,law_state,Hukuk Devleti,democratic_reform,129,844,346,210,1038.6,1038.6,0.24416517055655296,total
2004-12-01,Cumhuriyet Halk Partisi,economy,Ekonomi,macro_economy,201,758,291,216,935.45,935.45,0.14763779527559054,total
2004-12-01,Adalet ve Kalkınma Partisi,law_state,Hukuk Devleti,democratic_reform,147,674,226,68,776.9,776.9,0.535593220338983,total
2004-12-01,Adalet ve Kalkınma Partisi,european_union,Avrupa Birligi,democratic_reform,133,383,201,39,467.0,467.0,0.6721991701244814,total
2004-12-01,Cumhuriyet Halk Partisi,constitution,Anayasa,constitutional_conflict,107,351,89,73,407.7,407.7,0.09815950920245399,total
2004-12-01,Adalet ve Kalkınma Partisi,security,Guvenlik,security_conflict,111,304,96,82,366.3,366.3,0.0782122905027933,total
2004-12-01,Adalet ve Kalkınma Partisi,interest,Faiz,macro_economy,61,272,103,52,326.25,326.25,0.3269230769230769,total
2004-12-01,Cumhuriyet Halk Partisi,security,Guvenlik,security_conflict,82,244,71,119,310.5,310.5,-0.2513089005235602,total
2004-12-01,Cumhuriyet Halk Partisi,european_union,Avrupa Birligi,democratic_reform,108,234,104,62,292.1,292.1,0.25149700598802394,total
2004-12-01,Adalet ve Kalkınma Partisi,constitution,Anayasa,constitutional_conflict,72,236,68,26,268.9,268.9,0.4421052631578947,total
2004-12-01,Cumhuriyet Halk Partisi,interest,Faiz,macro_economy,57,212,58,40,246.29999999999998,246.29999999999998,0.18181818181818182,total
2004-12-01,Cumhuriyet Halk Partisi,democracy,Demokrasi,democratic_reform,84,203,79,38,243.95,243.95,0.3474576271186441,total
2004-12-01,Adalet ve Kalkınma Partisi,inflation,Enflasyon,macro_economy,68,184,102,32,230.9,230.9,0.5185185185185185,total
2004-12-01,Adalet ve Kalkınma Partisi,reform,Reform,democratic_reform,96,193,93,14,230.45,230.45,0.7314814814814815,total
2004-12-01,Adalet ve Kalkınma Partisi,democracy,Demokrasi,democratic_reform,61,157,93,11,193.4,193.4,0.780952380952381,total
2004-12-01,Cumhuriyet Halk Partisi,inflation,Enflasyon,macro_economy,44,127,43,23,150.1,150.1,0.29850746268656714,total
2004-12-01,Cumhuriyet Halk Partisi,imf,IMF,macro_economy,44,130,13,25,143.3,143.3,-0.3076923076923077,total
2004-12-01,Cumhuriyet Halk Partisi,reform,Reform,democratic_reform,48,76,16,11,85.45,85.45,0.17857142857142858,total
2004-12-01,Anavatan Partisi,economy,Ekonomi,macro_economy,9,48,12,34,64.1,64.1,-0.46808510638297873,total
2004-12-01,Adalet ve Kalkınma Partisi,imf,IMF,macro_economy,23,56,17,4,63.35,63.35,0.5909090909090909,total
2004-12-01,Bağımsız,economy,Ekonomi,macro_economy,3,22,16,3,28.65,28.65,0.65,total
2004-12-01,Anavatan Partisi,imf,IMF,macro_economy,3,24,2,6,26.8,26.8,-0.4444444444444444,total
2004-12-01,Anavatan Partisi,interest,Faiz,macro_economy,3,21,8,7,26.25,26.25,0.0625,total
2004-12-01,Doğru Yol Partisi,european_union,Avrupa Birligi,democratic_reform,7,14,10,2,18.2,18.2,0.6153846153846154,total
2004-12-01,Doğru Yol Partisi,economy,Ekonomi,macro_economy,7,12,8,3,15.85,15.85,0.4166666666666667,total
2004-12-01,Anavatan Partisi,inflation,Enflasyon,macro_economy,4,11,2,5,13.45,13.45,-0.375,total
2004-12-01,Anavatan Partisi,security,Guvenlik,security_conflict,3,9,6,3,12.15,12.15,0.3,total
2004-12-01,Doğru Yol Partisi,constitution,Anayasa,constitutional_conflict,5,11,0,0,11.0,11.0,0.0,total
2004-12-01,Anavatan Partisi,democracy,Demokrasi,democratic_reform,3,8,4,0,9.4,9.4,0.8,total
2004-12-01,Doğru Yol Partisi,security,Guvenlik,security_conflict,2,8,3,1,9.4,9.4,0.4,total
2004-12-01,Doğru Yol Partisi,interest,Faiz,macro_economy,3,8,0,0,8.0,8.0,0.0,total
2004-12-01,Cumhuriyet Halk Partisi,tutelage,Vesayet,constitutional_conflict,4,5,1,7,7.8,7.8,-0.6666666666666666,total
2004-12-01,Anavatan Partisi,european_union,Avrupa Birligi,democratic_reform,3,6,2,2,7.4,7.4,0.0,total
2004-12-01,Bağımsız,european_union,Avrupa Birligi,democratic_reform,4,6,3,0,7.050000000000001,7.050000000000001,0.75,total
2004-12-01,Adalet ve Kalkınma Partisi,sovereignty,Egemenlik,security_conflict,4,5,4,1,6.75,6.75,0.5,total
2004-12-01,Doğru Yol Partisi,democracy,Demokrasi,democratic_reform,3,4,1,3,5.4,5.4,-0.4,total
2004-12-01,Doğru Yol Partisi,reform,Reform,democratic_reform,2,5,0,0,5.0,5.0,0.0,total
2004-12-01,Bağımsız,security,Guvenlik,security_conflict,2,3,1,3,4.4,4.4,-0.4,total
2004-12-01,Bağımsız,reform,Reform,democratic_reform,3,4,0,0,4.0,4.0,0.0,total
2004-12-01,Doğru Yol Partisi,law_state,Hukuk Devleti,democratic_reform,4,4,0,0,4.0,4.0,0.0,total
2004-12-01,Cumhuriyet Halk Partisi,sovereignty,Egemenlik,security_conflict,2,3,0,1,3.35,3.35,-0.5,total
2004-12-01,Anavatan Partisi,reform,Reform,democratic_reform,2,2,2,1,3.05,3.05,0.25,total
2004-12-01,Doğru Yol Partisi,imf,IMF,macro_economy,1,2,0,3,3.05,3.05,-0.75,total
2004-12-01,Anavatan Partisi,constitution,Anayasa,constitutional_conflict,3,3,0,0,3.0,3.0,0.0,total
2004-12-01,Anavatan Partisi,law_state,Hukuk Devleti,democratic_reform,3,3,0,0,3.0,3.0,0.0,total
2004-12-01,Bağımsız,interest,Faiz,macro_economy,2,2,1,1,2.7,2.7,0.0,total
2004-12-01,Bağımsız,democracy,Demokrasi,democratic_reform,1,1,0,0,1.0,1.0,0.0,total
2004-12-01,Bağımsız,imf,IMF,macro_economy,1,1,0,0,1.0,1.0,0.0,total
2004-12-01,Bağımsız,inflation,Enflasyon,macro_economy,1,1,0,0,1.0,1.0,0.0,total
2004-12-01,Doğru Yol Partisi,inflation,Enflasyon,macro_economy,1,1,0,0,1.0,1.0,0.0,total
2005-01-01,Cumhuriyet Halk Partisi,constitution,Anayasa,constitutional_conflict,56,177,15,27,191.7,191.7,-0.27906976744186046,total
2005-01-01,Cumhuriyet Halk Partisi,law_state,Hukuk Devleti,democratic_reform,50,152,23,59,180.7,180.7,-0.43373493975903615,total
2005-01-01,Adalet ve Kalkınma Partisi,economy,Ekonomi,macro_economy,37,120,37,42,147.65,147.65,-0.0625,total
2005-01-01,Cumhuriyet Halk Partisi,security,Guvenlik,security_conflict,50,124,16,34,141.5,141.5,-0.35294117647058826,total
2005-01-01,Cumhuriyet Halk Partisi,economy,Ekonomi,macro_economy,43,96,23,30,114.55,114.55,-0.12962962962962962,total
2005-01-01,Cumhuriyet Halk Partisi,imf,IMF,macro_economy,42,81,3,9,85.2,85.2,-0.46153846153846156,total
2005-01-01,Adalet ve Kalkınma Partisi,constitution,Anayasa,constitutional_conflict,35,75,5,10,80.25,80.25,-0.3125,total
2005-01-01,Cumhuriyet Halk Partisi,democracy,Demokrasi,democratic_reform,27,61,22,17,74.65,74.65,0.125,total
2005-01-01,Cumhuriyet Halk Partisi,reform,Reform,democratic_reform,25,48,2,5,50.45,50.45,-0.375,total
2005-01-01,Adalet ve Kalkınma Partisi,security,Guvenlik,security_conflict,27,44,3,8,47.85,47.85,-0.4166666666666667,total
2005-01-01,Adalet ve Kalkınma Partisi,reform,Reform,democratic_reform,22,42,9,3,46.2,46.2,0.46153846153846156,total
2005-01-01,Adalet ve Kalkınma Partisi,law_state,Hukuk Devleti,democratic_reform,22,36,6,7,40.55,40.55,-0.07142857142857142,total
2005-01-01,Adalet ve Kalkınma Partisi,imf,IMF,macro_economy,11,25,4,1,26.75,26.75,0.5,total
2005-01-01,Adalet ve Kalkınma Partisi,european_union,Avrupa Birligi,democratic_reform,14,21,11,1,25.2,25.2,0.7692307692307693,total
2005-01-01,Cumhuriyet Halk Partisi,interest,Faiz,macro_economy,11,18,4,8,22.2,22.2,-0.3076923076923077,total
2005-01-01,Adalet ve Kalkınma Partisi,democracy,Demokrasi,democratic_reform,10,17,11,2,21.55,21.55,0.6428571428571429,total
2005-01-01,Cumhuriyet Halk Partisi,european_union,Avrupa Birligi,democratic_reform,12,17,5,1,19.1,19.1,0.5714285714285714,total
2005-01-01,Doğru Yol Partisi,security,Guvenlik,security_conflict,9,16,0,5,17.75,17.75,-0.8333333333333334,total
2005-01-01,Doğru Yol Partisi,constitution,Anayasa,constitutional_conflict,6,14,0,1,14.35,14.35,-0.5,total
2005-01-01,Doğru Yol Partisi,law_state,Hukuk Devleti,democratic_reform,8,12,0,0,12.0,12.0,0.0,total
2005-01-01,Anavatan Partisi,economy,Ekonomi,macro_economy,2,6,4,0,7.4,7.4,0.8,total
2005-01-01,Anavatan Partisi,democracy,Demokrasi,democratic_reform,3,6,3,0,7.050000000000001,7.050000000000001,0.75,total
2005-01-01,Adalet ve Kalkınma Partisi,inflation,Enflasyon,macro_economy,3,5,0,5,6.75,6.75,-0.8333333333333334,total
2005-01-01,Adalet ve Kalkınma Partisi,interest,Faiz,macro_economy,4,4,0,2,4.7,4.7,-0.6666666666666666,total
2005-01-01,Bağımsız,economy,Ekonomi,macro_economy,2,3,1,0,3.35,3.35,0.5,total
2005-01-01,Bağımsız,security,Guvenlik,security_conflict,1,2,1,2,3.05,3.05,-0.25,total
2005-01-01,Doğru Yol Partisi,reform,Reform,democratic_reform,2,2,1,2,3.05,3.05,-0.25,total
2005-01-01,Bağımsız,law_state,Hukuk Devleti,democratic_reform,3,3,0,0,3.0,3.0,0.0,total
2005-01-01,Doğru Yol Partisi,economy,Ekonomi,macro_economy,2,3,0,0,3.0,3.0,0.0,total
2005-01-01,Adalet ve Kalkınma Partisi,sovereignty,Egemenlik,security_conflict,2,2,2,0,2.7,2.7,0.6666666666666666,total
2005-01-01,Adalet ve Kalkınma Partisi,tutelage,Vesayet,constitutional_conflict,1,1,0,1,1.35,1.35,-0.5,total
2005-01-01,Anavatan Partisi,constitution,Anayasa,constitutional_conflict,1,1,0,1,1.35,1.35,-0.5,total
2005-01-01,Anavatan Partisi,law_state,Hukuk Devleti,democratic_reform,1,1,0,1,1.35,1.35,-0.5,total
2005-01-01,Bağımsız,european_union,Avrupa Birligi,democratic_reform,1,1,1,0,1.35,1.35,0.5,total
2005-01-01,Cumhuriyet Halk Partisi,inflation,Enflasyon,macro_economy,1,1,0,1,1.35,1.35,-0.5,total
2005-01-01,Cumhuriyet Halk Partisi,tutelage,Vesayet,constitutional_conflict,1,1,0,1,1.35,1.35,-0.5,total
2005-01-01,Doğru Yol Partisi,inflation,Enflasyon,macro_economy,1,1,1,0,1.35,1.35,0.5,total
2005-01-01,Anavatan Partisi,imf,IMF,macro_economy,1,1,0,0,1.0,1.0,0.0,total
2005-01-01,Anavatan Partisi,reform,Reform,democratic_reform,1,1,0,0,1.0,1.0,0.0,total
2005-01-01,Bağımsız,constitution,Anayasa,constitutional_conflict,1,1,0,0,1.0,1.0,0.0,total
2005-02-01,Cumhuriyet Halk Partisi,economy,Ekonomi,macro_economy,78,230,87,74,286.35,286.35,0.08024691358024691,total
2005-02-01,Cumhuriyet Halk Partisi,constitution,Anayasa,constitutional_conflict,58,225,21,47,248.8,248.8,-0.37681159420289856,total
2005-02-01,Adalet ve Kalkınma Partisi,economy,Ekonomi,macro_economy,52,179,87,83,238.5,238.5,0.023391812865497075,total
2005-02-01,Adalet ve Kalkınma Partisi,constitution,Anayasa,constitutional_conflict,56,158,25,26,175.85,175.85,-0.019230769230769232,total
2005-02-01,Cumhuriyet Halk Partisi,law_state,Hukuk Devleti,democratic_reform,52,120,26,37,142.05,142.05,-0.171875,total
2005-02-01,Adalet ve Kalkınma Partisi,law_state,Hukuk Devleti,democratic_reform,46,110,19,22,124.35,124.35,-0.07142857142857142,total
2005-02-01,Cumhuriyet Halk Partisi,democracy,Demokrasi,democratic_reform,29,84,41,17,104.3,104.3,0.4067796610169492,total
2005-02-01,Adalet ve Kalkınma Partisi,reform,Reform,democratic_reform,29,65,24,11,77.25,77.25,0.3611111111111111,total
2005-02-01,Adalet ve Kalkınma Partisi,tutelage,Vesayet,constitutional_conflict,12,47,19,64,76.05,76.05,-0.5357142857142857,total
2005-02-01,Cumhuriyet Halk Partisi,european_union,Avrupa Birligi,democratic_reform,29,60,26,14,74.0,74.0,0.2926829268292683,total
2005-02-01,Cumhuriyet Halk Partisi,security,Guvenlik,security_conflict,20,46,18,33,63.85,63.85,-0.28846153846153844,total
2005-02-01,Cumhuriyet Halk Partisi,reform,Reform,democratic_reform,26,55,15,5,62.0,62.0,0.47619047619047616,total
2005-02-01,Adalet ve Kalkınma Partisi,democracy,Demokrasi,democratic_reform,22,43,20,10,53.5,53.5,0.3225806451612903,total
2005-02-01,Cumhuriyet Halk Partisi,tutelage,Vesayet,constitutional_conflict,10,33,6,39,48.75,48.75,-0.717391304347826,total
2005-02-01,Adalet ve Kalkınma Partisi,european_union,Avrupa Birligi,democratic_reform,20,36,22,3,44.75,44.75,0.7307692307692307,total
2005-02-01,Cumhuriyet Halk Partisi,interest,Faiz,macro_economy,14,37,5,11,42.6,42.6,-0.35294117647058826,total
2005-02-01,Adalet ve Kalkınma Partisi,security,Guvenlik,security_conflict,13,34,6,15,41.35,41.35,-0.4090909090909091,total
2005-02-01,Anavatan Partisi,economy,Ekonomi,macro_economy,6,22,21,5,31.1,31.1,0.5925925925925926,total
2005-02-01,Cumhuriyet Halk Partisi,imf,IMF,macro_economy,15,23,6,10,28.6,28.6,-0.23529411764705882,total
2005-02-01,Doğru Yol Partisi,law_state,Hukuk Devleti,democratic_reform,6,19,1,3,20.4,20.4,-0.4,total
2005-02-01,Adalet ve Kalkınma Partisi,interest,Faiz,macro_economy,9,13,1,3,14.4,14.4,-0.4,total
2005-02-01,Doğru Yol Partisi,economy,Ekonomi,macro_economy,7,11,3,2,12.75,12.75,0.16666666666666666,total
2005-02-01,Cumhuriyet Halk Partisi,inflation,Enflasyon,macro_economy,5,9,2,2,10.4,10.4,0.0,total
2005-02-01,Doğru Yol Partisi,constitution,Anayasa,constitutional_conflict,4,10,0,0,10.0,10.0,0.0,total
2005-02-01,Anavatan Partisi,democracy,Demokrasi,democratic_reform,3,6,7,3,9.5,9.5,0.36363636363636365,total
2005-02-01,Adalet ve Kalkınma Partisi,inflation,Enflasyon,macro_economy,6,7,5,0,8.75,8.75,0.8333333333333334,total
2005-02-01,Anavatan Partisi,law_state,Hukuk Devleti,democratic_reform,3,6,2,2,7.4,7.4,0.0,total
2005-02-01,Anavatan Partisi,european_union,Avrupa Birligi,democratic_reform,1,7,0,1,7.35,7.35,-0.5,total
2005-02-01,Anavatan Partisi,security,Guvenlik,security_conflict,2,5,1,2,6.05,6.05,-0.25,total
2005-02-01,Doğru Yol Partisi,democracy,Demokrasi,democratic_reform,4,6,0,0,6.0,6.0,0.0,total
2005-02-01,Doğru Yol Partisi,european_union,Avrupa Birligi,democratic_reform,3,4,4,0,5.4,5.4,0.8,total
2005-02-01,Doğru Yol Partisi,reform,Reform,democratic_reform,3,5,0,0,5.0,5.0,0.0,total
2005-02-01,Anavatan Partisi,imf,IMF,macro_economy,1,4,0,0,4.0,4.0,0.0,total
2005-02-01,Anavatan Partisi,reform,Reform,democratic_reform,2,3,0,1,3.35,3.35,-0.5,total
2005-02-01,Anavatan Partisi,interest,Faiz,macro_economy,1,3,0,0,3.0,3.0,0.0,total
2005-02-01,Adalet ve Kalkınma Partisi,sovereignty,Egemenlik,security_conflict,2,2,1,0,2.35,2.35,0.5,total
2005-02-01,Bağımsız,security,Guvenlik,security_conflict,1,2,0,1,2.35,2.35,-0.5,total
2005-02-01,Adalet ve Kalkınma Partisi,imf,IMF,macro_economy,1,2,0,0,2.0,2.0,0.0,total
2005-02-01,Doğru Yol Partisi,inflation,Enflasyon,macro_economy,2,2,0,0,2.0,2.0,0.0,total
2005-02-01,Doğru Yol Partisi,tutelage,Vesayet,constitutional_conflict,1,1,1,1,1.7,1.7,0.0,total
2005-02-01,Anavatan Partisi,constitution,Anayasa,constitutional_conflict,1,1,0,0,1.0,1.0,0.0,total
2005-02-01,Doğru Yol Partisi,security,Guvenlik,security_conflict,1,1,0,0,1.0,1.0,0.0,total
2005-03-01,Cumhuriyet Halk Partisi,economy,Ekonomi,macro_economy,123,410,165,108,505.55,505.55,0.20802919708029197,total
2005-03-01,Adalet ve Kalkınma Partisi,economy,Ekonomi,macro_economy,107,396,157,128,495.75,495.75,0.10139860139860139,total
2005-03-01,Cumhuriyet Halk Partisi,law_state,Hukuk Devleti,democratic_reform,130,397,61,73,443.90000000000003,443.90000000000003,-0.08888888888888889,total
2005-03-01,Adalet ve Kalkınma Partisi,law_state,Hukuk Devleti,democratic_reform,97,342,70,62,388.2,388.2,0.06015037593984962,total
2005-03-01,Cumhuriyet Halk Partisi,constitution,Anayasa,constitutional_conflict,75,228,34,22,247.6,247.6,0.21052631578947367,total
2005-03-01,Cumhuriyet Halk Partisi,security,Guvenlik,security_conflict,63,144,28,71,178.65,178.65,-0.43,total
2005-03-01,Adalet ve Kalkınma Partisi,interest,Faiz,macro_economy,33,157,22,13,169.25,169.25,0.25,total
2005-03-01,Adalet ve Kalkınma Partisi,constitution,Anayasa,constitutional_conflict,53,153,26,16,167.7,167.7,0.23255813953488372,total
2005-03-01,Cumhuriyet Halk Partisi,democracy,Demokrasi,democratic_reform,65,121,48,23,145.85,145.85,0.3472222222222222,total
2005-03-01,Cumhuriyet Halk Partisi,interest,Faiz,macro_economy,46,131,14,12,140.1,140.1,0.07407407407407407,total
2005-03-01,Adalet ve Kalkınma Partisi,security,Guvenlik,security_conflict,44,112,26,43,136.15,136.15,-0.24285714285714285,total
2005-03-01,Adalet ve Kalkınma Partisi,democracy,Demokrasi,democratic_reform,43,97,21,14,109.25,109.25,0.19444444444444445,total
2005-03-01,Cumhuriyet Halk Partisi,european_union,Avrupa Birligi,democratic_reform,42,68,27,18,83.75,83.75,0.1956521739130435,total
2005-03-01,Anavatan Partisi,economy,Ekonomi,macro_economy,7,71,2,27,81.15,81.15,-0.8333333333333334,total
2005-03-01,Adalet ve Kalkınma Partisi,european_union,Avrupa Birligi,democratic_reform,30,65,18,12,75.5,75.5,0.1935483870967742,total
2005-03-01,Cumhuriyet Halk Partisi,imf,IMF,macro_economy,27,60,14,20,71.9,71.9,-0.17142857142857143,total
2005-03-01,Adalet ve Kalkınma Partisi,reform,Reform,democratic_reform,27,56,9,5,60.9,60.9,0.26666666666666666,total
2005-03-01,Cumhuriyet Halk Partisi,reform,Reform,democratic_reform,21,45,12,8,52.0,52.0,0.19047619047619047,total
2005-03-01,Doğru Yol Partisi,economy,Ekonomi,macro_economy,13,26,2,12,30.9,30.9,-0.6666666666666666,total
2005-03-01,Cumhuriyet Halk Partisi,inflation,Enflasyon,macro_economy,15,24,11,6,29.95,29.95,0.2777777777777778,total
2005-03-01,Adalet ve Kalkınma Partisi,inflation,Enflasyon,macro_economy,11,23,14,2,28.6,28.6,0.7058823529411765,total
2005-03-01,Anavatan Partisi,interest,Faiz,macro_economy,2,21,0,0,21.0,21.0,0.0,total
2005-03-01,Doğru Yol Partisi,security,Guvenlik,security_conflict,11,19,2,2,20.4,20.4,0.0,total
2005-03-01,Doğru Yol Partisi,law_state,Hukuk Devleti,democratic_reform,4,13,1,1,13.7,13.7,0.0,total
2005-03-01,Doğru Yol Partisi,constitution,Anayasa,constitutional_conflict,6,12,0,0,12.0,12.0,0.0,total
2005-03-01,Anavatan Partisi,inflation,Enflasyon,macro_economy,3,8,0,1,8.35,8.35,-0.5,total
2005-03-01,Anavatan Partisi,law_state,Hukuk Devleti,democratic_reform,3,7,0,0,7.0,7.0,0.0,total
2005-03-01,Adalet ve Kalkınma Partisi,imf,IMF,macro_economy,4,6,0,1,6.35,6.35,-0.5,total
2005-03-01,Anavatan Partisi,security,Guvenlik,security_conflict,4,5,1,1,5.7,5.7,0.0,total
2005-03-01,Adalet ve Kalkınma Partisi,sovereignty,Egemenlik,security_conflict,3,5,1,0,5.35,5.35,0.5,total
2005-03-01,Anavatan Partisi,democracy,Demokrasi,democratic_reform,3,4,3,0,5.05,5.05,0.75,total
2005-03-01,Anavatan Partisi,european_union,Avrupa Birligi,democratic_reform,2,3,1,1,3.7,3.7,0.0,total
2005-03-01,Anavatan Partisi,imf,IMF,macro_economy,1,3,0,2,3.7,3.7,-0.6666666666666666,total
2005-03-01,Doğru Yol Partisi,democracy,Demokrasi,democratic_reform,2,3,0,2,3.7,3.7,-0.6666666666666666,total
2005-03-01,Doğru Yol Partisi,european_union,Avrupa Birligi,democratic_reform,2,3,0,0,3.0,3.0,0.0,total
2005-03-01,Anavatan Partisi,constitution,Anayasa,constitutional_conflict,2,2,1,1,2.7,2.7,0.0,total
2005-03-01,Bağımsız,european_union,Avrupa Birligi,democratic_reform,1,2,0,2,2.7,2.7,-0.6666666666666666,total
2005-03-01,Cumhuriyet Halk Partisi,sovereignty,Egemenlik,security_conflict,1,2,1,0,2.35,2.35,0.5,total
2005-03-01,Bağımsız,security,Guvenlik,security_conflict,2,2,0,0,2.0,2.0,0.0,total
2005-03-01,Anavatan Partisi,reform,Reform,democratic_reform,1,1,0,0,1.0,1.0,0.0,total
2005-03-01,Bağımsız,democracy,Demokrasi,democratic_reform,1,1,0,0,1.0,1.0,0.0,total
2005-03-01,Bağımsız,law_state,Hukuk Devleti,democratic_reform,1,1,0,0,1.0,1.0,0.0,total
2005-04-01,Adalet ve Kalkınma Partisi,economy,Ekonomi,macro_economy,79,407,280,53,523.55,523.55,0.6796407185628742,total
2005-04-01,Cumhuriyet Halk Partisi,economy,Ekonomi,macro_economy,109,390,136,130,483.1,483.1,0.02247191011235955,total
2005-04-01,Cumhuriyet Halk Partisi,law_state,Hukuk Devleti,democratic_reform,137,403,56,94,455.5,455.5,-0.25165562913907286,total
2005-04-01,Cumhuriyet Halk Partisi,constitution,Anayasa,constitutional_conflict,102,370,60,42,405.7,405.7,0.17475728155339806,total
2005-04-01,Adalet ve Kalkınma Partisi,law_state,Hukuk Devleti,democratic_reform,118,281,43,42,310.75,310.75,0.011627906976744186,total
2005-04-01,Adalet ve Kalkınma Partisi,constitution,Anayasa,constitutional_conflict,86,232,28,14,246.7,246.7,0.32558139534883723,total
2005-04-01,Adalet ve Kalkınma Partisi,democracy,Demokrasi,democratic_reform,50,115,43,13,134.6,134.6,0.5263157894736842,total
2005-04-01,Cumhuriyet Halk Partisi,democracy,Demokrasi,democratic_reform,47,106,30,23,124.55,124.55,0.12962962962962962,total
2005-04-01,Adalet ve Kalkınma Partisi,security,Guvenlik,security_conflict,25,80,12,38,97.5,97.5,-0.5098039215686274,total
2005-04-01,Cumhuriyet Halk Partisi,interest,Faiz,macro_economy,31,82,9,18,91.45,91.45,-0.32142857142857145,total
2005-04-01,Cumhuriyet Halk Partisi,imf,IMF,macro_economy,31,79,16,13,89.15,89.15,0.1,total
2005-04-01,Cumhuriyet Halk Partisi,security,Guvenlik,security_conflict,30,62,16,32,78.8,78.8,-0.32653061224489793,total
2005-04-01,Cumhuriyet Halk Partisi,european_union,Avrupa Birligi,democratic_reform,32,61,24,22,77.1,77.1,0.0425531914893617,total
2005-04-01,Adalet ve Kalkınma Partisi,european_union,Avrupa Birligi,democratic_reform,41,61,33,6,74.65,74.65,0.675,total
2005-04-01,Adalet ve Kalkınma Partisi,interest,Faiz,macro_economy,27,64,6,7,68.55,68.55,-0.07142857142857142,total
2005-04-01,Cumhuriyet Halk Partisi,reform,Reform,democratic_reform,25,51,10,6,56.6,56.6,0.23529411764705882,total
2005-04-01,Adalet ve Kalkınma Partisi,reform,Reform,democratic_reform,22,47,15,0,52.25,52.25,0.9375,total
2005-04-01,Doğru Yol Partisi,economy,Ekonomi,macro_economy,19,39,7,18,47.75,47.75,-0.4230769230769231,total
2005-04-01,Doğru Yol Partisi,law_state,Hukuk Devleti,democratic_reform,13,38,8,10,44.3,44.3,-0.10526315789473684,total
2005-04-01,Adalet ve Kalkınma Partisi,inflation,Enflasyon,macro_economy,16,26,8,6,30.9,30.9,0.13333333333333333,total
2005-04-01,Anavatan Partisi,economy,Ekonomi,macro_economy,7,25,8,1,28.150000000000002,28.150000000000002,0.7,total
2005-04-01,Doğru Yol Partisi,constitution,Anayasa,constitutional_conflict,11,25,4,5,28.150000000000002,28.150000000000002,-0.1,total
2005-04-01,Bağımsız,economy,Ekonomi,macro_economy,6,19,6,1,21.45,21.45,0.625,total
2005-04-01,Cumhuriyet Halk Partisi,inflation,Enflasyon,macro_economy,3,19,1,2,20.05,20.05,-0.25,total
2005-04-01,Doğru Yol Partisi,interest,Faiz,macro_economy,3,11,0,0,11.0,11.0,0.0,total
2005-04-01,Anavatan Partisi,security,Guvenlik,security_conflict,4,9,0,4,10.4,10.4,-0.8,total
2005-04-01,Doğru Yol Partisi,security,Guvenlik,security_conflict,2,9,3,1,10.4,10.4,0.4,total
2005-04-01,Anavatan Partisi,law_state,Hukuk Devleti,democratic_reform,3,8,1,1,8.7,8.7,0.0,total
2005-04-01,Adalet ve Kalkınma Partisi,sovereignty,Egemenlik,security_conflict,5,6,0,0,6.0,6.0,0.0,total
2005-04-01,Doğru Yol Partisi,democracy,Demokrasi,democratic_reform,3,6,0,0,6.0,6.0,0.0,total
2005-04-01,Doğru Yol Partisi,european_union,Avrupa Birligi,democratic_reform,3,3,2,1,4.05,4.05,0.25,total
2005-04-01,Cumhuriyet Halk Partisi,sovereignty,Egemenlik,security_conflict,3,4,0,0,4.0,4.0,0.0,total
2005-04-01,Adalet ve Kalkınma Partisi,imf,IMF,macro_economy,3,3,1,0,3.35,3.35,0.5,total
2005-04-01,Anavatan Partisi,imf,IMF,macro_economy,2,3,1,0,3.35,3.35,0.5,total
2005-04-01,Anavatan Partisi,reform,Reform,democratic_reform,1,3,1,0,3.35,3.35,0.5,total
2005-04-01,Bağımsız,law_state,Hukuk Devleti,democratic_reform,1,2,3,0,3.05,3.05,0.75,total
2005-04-01,Anavatan Partisi,european_union,Avrupa Birligi,democratic_reform,3,3,0,0,3.0,3.0,0.0,total
2005-04-01,Doğru Yol Partisi,inflation,Enflasyon,macro_economy,2,2,0,0,2.0,2.0,0.0,total
2005-04-01,Adalet ve Kalkınma Partisi,tutelage,Vesayet,constitutional_conflict,1,1,0,1,1.35,1.35,-0.5,total
2005-04-01,Anavatan Partisi,democracy,Demokrasi,democratic_reform,1,1,0,1,1.35,1.35,-0.5,total
2005-04-01,Bağımsız,constitution,Anayasa,constitutional_conflict,1,1,0,0,1.0,1.0,0.0,total
2005-05-01,Cumhuriyet Halk Partisi,law_state,Hukuk Devleti,democratic_reform,143,635,140,141,733.35,733.35,-0.0035460992907801418,total
2005-05-01,Cumhuriyet Halk Partisi,economy,Ekonomi,macro_economy,143,493,137,122,583.65,583.65,0.057692307692307696,total
2005-05-01,Adalet ve Kalkınma Partisi,economy,Ekonomi,macro_economy,85,275,179,65,360.40000000000003,360.40000000000003,0.46530612244897956,total
2005-05-01,Cumhuriyet Halk Partisi,constitution,Anayasa,constitutional_conflict,98,297,55,30,326.75,326.75,0.29069767441860467,total
2005-05-01,Adalet ve Kalkınma Partisi,law_state,Hukuk Devleti,democratic_reform,82,233,42,41,262.05,262.05,0.011904761904761904,total
2005-05-01,Cumhuriyet Halk Partisi,democracy,Demokrasi,democratic_reform,69,198,56,34,229.5,229.5,0.24175824175824176,total
2005-05-01,Adalet ve Kalkınma Partisi,constitution,Anayasa,constitutional_conflict,42,186,33,38,210.85,210.85,-0.06944444444444445,total
2005-05-01,Cumhuriyet Halk Partisi,security,Guvenlik,security_conflict,47,127,36,47,156.05,156.05,-0.13095238095238096,total
2005-05-01,Cumhuriyet Halk Partisi,european_union,Avrupa Birligi,democratic_reform,45,88,25,13,101.3,101.3,0.3076923076923077,total
2005-05-01,Adalet ve Kalkınma Partisi,democracy,Demokrasi,democratic_reform,35,77,18,9,86.45,86.45,0.32142857142857145,total
2005-05-01,Adalet ve Kalkınma Partisi,security,Guvenlik,security_conflict,35,60,13,14,69.45,69.45,-0.03571428571428571,total
2005-05-01,Anavatan Partisi,economy,Ekonomi,macro_economy,8,37,13,26,50.65,50.65,-0.325,total
2005-05-01,Adalet ve Kalkınma Partisi,european_union,Avrupa Birligi,democratic_reform,27,37,9,8,42.95,42.95,0.05555555555555555,total
2005-05-01,Doğru Yol Partisi,constitution,Anayasa,constitutional_conflict,8,35,3,0,36.05,36.05,0.75,total
2005-05-01,Doğru Yol Partisi,economy,Ekonomi,macro_economy,12,26,5,6,29.85,29.85,-0.08333333333333333,total
2005-05-01,Cumhuriyet Halk Partisi,imf,IMF,macro_economy,10,23,3,10,27.55,27.55,-0.5,total
2005-05-01,Cumhuriyet Halk Partisi,reform,Reform,democratic_reform,13,20,14,3,25.95,25.95,0.6111111111111112,total
2005-05-01,Adalet ve Kalkınma Partisi,inflation,Enflasyon,macro_economy,13,19,8,4,23.2,23.2,0.3076923076923077,total
2005-05-01,Adalet ve Kalkınma Partisi,imf,IMF,macro_economy,9,16,4,7,19.85,19.85,-0.25,total
2005-05-01,Cumhuriyet Halk Partisi,interest,Faiz,macro_economy,10,18,2,3,19.75,19.75,-0.16666666666666666,total
2005-05-01,Adalet ve Kalkınma Partisi,interest,Faiz,macro_economy,10,15,7,3,18.5,18.5,0.36363636363636365,total
2005-05-01,Bağımsız,democracy,Demokrasi,democratic_reform,3,9,11,3,13.9,13.9,0.5333333333333333,total
2005-05-01,Adalet ve Kalkınma Partisi,reform,Reform,democratic_reform,8,11,4,2,13.1,13.1,0.2857142857142857,total
2005-05-01,Bağımsız,law_state,Hukuk Devleti,democratic_reform,3,8,10,4,12.899999999999999,12.899999999999999,0.4,total
2005-05-01,Bağımsız,economy,Ekonomi,macro_economy,4,7,2,6,9.8,9.8,-0.4444444444444444,total
2005-05-01,Doğru Yol Partisi,imf,IMF,macro_economy,1,6,4,0,7.4,7.4,0.8,total
2005-05-01,Cumhuriyet Halk Partisi,tutelage,Vesayet,constitutional_conflict,2,3,1,5,5.1,5.1,-0.5714285714285714,total
2005-05-01,Anavatan Partisi,security,Guvenlik,security_conflict,2,2,0,7,4.45,4.45,-0.875,total
2005-05-01,Bağımsız,european_union,Avrupa Birligi,democratic_reform,3,3,3,0,4.05,4.05,0.75,total
2005-05-01,Anavatan Partisi,law_state,Hukuk Devleti,democratic_reform,2,4,0,0,4.0,4.0,0.0,total
2005-05-01,Doğru Yol Partisi,law_state,Hukuk Devleti,democratic_reform,2,3,0,2,3.7,3.7,-0.6666666666666666,total
2005-05-01,Cumhuriyet Halk Partisi,inflation,Enflasyon,macro_economy,3,3,1,0,3.35,3.35,0.5,total
2005-05-01,Cumhuriyet Halk Partisi,sovereignty,Egemenlik,security_conflict,2,2,0,1,2.35,2.35,-0.5,total
2005-05-01,Anavatan Partisi,inflation,Enflasyon,macro_economy,1,1,0,3,2.05,2.05,-0.75,total
2005-05-01,Bağımsız,imf,IMF,macro_economy,1,2,0,0,2.0,2.0,0.0,total
2005-05-01,Bağımsız,constitution,Anayasa,constitutional_conflict,1,1,1,1,1.7,1.7,0.0,total
2005-05-01,Anavatan Partisi,constitution,Anayasa,constitutional_conflict,1,1,0,0,1.0,1.0,0.0,total
2005-05-01,Anavatan Partisi,democracy,Demokrasi,democratic_reform,1,1,0,0,1.0,1.0,0.0,total
2005-05-01,Anavatan Partisi,european_union,Avrupa Birligi,democratic_reform,1,1,0,0,1.0,1.0,0.0,total
2005-05-01,Doğru Yol Partisi,democracy,Demokrasi,democratic_reform,1,1,0,0,1.0,1.0,0.0,total
2005-05-01,Doğru Yol Partisi,inflation,Enflasyon,macro_economy,1,1,0,0,1.0,1.0,0.0,total
2005-06-01,Cumhuriyet Halk Partisi,law_state,Hukuk Devleti,democratic_reform,214,1963,769,437,2385.1,2385.1,0.2750621375310688,total
2005-06-01,Cumhuriyet Halk Partisi,economy,Ekonomi,macro_economy,193,582,196,219,727.25,727.25,-0.055288461538461536,total
2005-06-01,Cumhuriyet Halk Partisi,constitution,Anayasa,constitutional_conflict,133,467,135,99,548.9,548.9,0.15319148936170213,total
2005-06-01,Adalet ve Kalkınma Partisi,law_state,Hukuk Devleti,democratic_reform,104,383,92,94,448.09999999999997,448.09999999999997,-0.0106951871657754,total
2005-06-01,Adalet ve Kalkınma Partisi,constitution,Anayasa,constitutional_conflict,85,252,53,21,277.9,277.9,0.4266666666666667,total
2005-06-01,Adalet ve Kalkınma Partisi,economy,Ekonomi,macro_economy,72,213,134,47,276.35,276.35,0.47802197802197804,total
2005-06-01,Cumhuriyet Halk Partisi,democracy,Demokrasi,democratic_reform,90,191,70,39,229.15,229.15,0.2818181818181818,total
2005-06-01,Cumhuriyet Halk Partisi,european_union,Avrupa Birligi,democratic_reform,68,141,97,37,187.9,187.9,0.4444444444444444,total
2005-06-01,Cumhuriyet Halk Partisi,security,Guvenlik,security_conflict,63,112,30,59,143.15,143.15,-0.32222222222222224,total
2005-06-01,Adalet ve Kalkınma Partisi,security,Guvenlik,security_conflict,44,97,20,47,120.45,120.45,-0.39705882352941174,total
2005-06-01,Cumhuriyet Halk Partisi,imf,IMF,macro_economy,45,92,14,23,104.95,104.95,-0.23684210526315788,total
2005-06-01,Adalet ve Kalkınma Partisi,democracy,Demokrasi,democratic_reform,42,82,33,20,100.55,100.55,0.24074074074074073,total
2005-06-01,Cumhuriyet Halk Partisi,reform,Reform,democratic_reform,38,67,24,14,80.3,80.3,0.2564102564102564,total
2005-06-01,Doğru Yol Partisi,constitution,Anayasa,constitutional_conflict,20,62,4,0,63.4,63.4,0.8,total
2005-06-01,Bağımsız,economy,Ekonomi,macro_economy,15,44,16,36,62.2,62.2,-0.37735849056603776,total
2005-06-01,Cumhuriyet Halk Partisi,interest,Faiz,macro_economy,19,45,5,4,48.15,48.15,0.1,total
2005-06-01,Doğru Yol Partisi,law_state,Hukuk Devleti,democratic_reform,12,44,4,1,45.75,45.75,0.5,total
2005-06-01,Adalet ve Kalkınma Partisi,european_union,Avrupa Birligi,democratic_reform,20,34,14,6,41.0,41.0,0.38095238095238093,total
2005-06-01,Adalet ve Kalkınma Partisi,reform,Reform,democratic_reform,21,35,12,5,40.95,40.95,0.3888888888888889,total
2005-06-01,Doğru Yol Partisi,economy,Ekonomi,macro_economy,19,25,2,1,26.05,26.05,0.25,total
2005-06-01,Adalet ve Kalkınma Partisi,interest,Faiz,macro_economy,13,20,10,1,23.85,23.85,0.75,total
2005-06-01,Cumhuriyet Halk Partisi,inflation,Enflasyon,macro_economy,8,14,2,2,15.4,15.4,0.0,total
2005-06-01,Bağımsız,imf,IMF,macro_economy,5,11,12,0,15.2,15.2,0.9230769230769231,total
2005-06-01,Bağımsız,security,Guvenlik,security_conflict,5,11,2,7,14.149999999999999,14.149999999999999,-0.5,total
2005-06-01,Doğru Yol Partisi,democracy,Demokrasi,democratic_reform,7,10,4,4,12.8,12.8,0.0,total
2005-06-01,Adalet ve Kalkınma Partisi,inflation,Enflasyon,macro_economy,7,11,4,0,12.399999999999999,12.399999999999999,0.8,total
2005-06-01,Cumhuriyet Halk Partisi,tutelage,Vesayet,constitutional_conflict,4,7,0,13,11.549999999999999,11.549999999999999,-0.9285714285714286,total
2005-06-01,Doğru Yol Partisi,security,Guvenlik,security_conflict,2,9,2,3,10.75,10.75,-0.16666666666666666,total
2005-06-01,Bağımsız,european_union,Avrupa Birligi,democratic_reform,5,6,7,1,8.8,8.8,0.6666666666666666,total
2005-06-01,Doğru Yol Partisi,european_union,Avrupa Birligi,democratic_reform,5,7,3,1,8.4,8.4,0.4,total
2005-06-01,Doğru Yol Partisi,interest,Faiz,macro_economy,1,6,0,2,6.7,6.7,-0.6666666666666666,total
2005-06-01,Doğru Yol Partisi,inflation,Enflasyon,macro_economy,3,6,0,0,6.0,6.0,0.0,total
2005-06-01,Adalet ve Kalkınma Partisi,tutelage,Vesayet,constitutional_conflict,2,4,0,4,5.4,5.4,-0.8,total
2005-06-01,Doğru Yol Partisi,reform,Reform,democratic_reform,3,5,1,0,5.35,5.35,0.5,total
2005-06-01,Bağımsız,interest,Faiz,macro_economy,1,5,0,0,5.0,5.0,0.0,total
2005-06-01,Bağımsız,inflation,Enflasyon,macro_economy,4,4,2,0,4.7,4.7,0.6666666666666666,total
2005-06-01,Cumhuriyet Halk Partisi,sovereignty,Egemenlik,security_conflict,3,4,0,2,4.7,4.7,-0.6666666666666666,total
2005-06-01,Bağımsız,reform,Reform,democratic_reform,3,4,0,1,4.35,4.35,-0.5,total
2005-06-01,Adalet ve Kalkınma Partisi,imf,IMF,macro_economy,3,3,0,0,3.0,3.0,0.0,total
2005-06-01,Anavatan Partisi,economy,Ekonomi,macro_economy,2,3,0,0,3.0,3.0,0.0,total
2005-06-01,Doğru Yol Partisi,imf,IMF,macro_economy,3,3,0,0,3.0,3.0,0.0,total
2005-06-01,Adalet ve Kalkınma Partisi,sovereignty,Egemenlik,security_conflict,2,2,2,0,2.7,2.7,0.6666666666666666,total
2005-06-01,Bağımsız,constitution,Anayasa,constitutional_conflict,2,2,1,0,2.35,2.35,0.5,total
2005-06-01,Bağımsız,democracy,Demokrasi,democratic_reform,2,2,0,1,2.35,2.35,-0.5,total
2005-06-01,Anavatan Partisi,reform,Reform,democratic_reform,1,1,1,0,1.35,1.35,0.5,total
2005-06-01,Doğru Yol Partisi,tutelage,Vesayet,constitutional_conflict,1,1,0,1,1.35,1.35,-0.5,total
2005-07-01,Adalet ve Kalkınma Partisi,economy,Ekonomi,macro_economy,21,95,28,38,118.1,118.1,-0.14925373134328357,total
2005-07-01,Adalet ve Kalkınma Partisi,security,Guvenlik,security_conflict,13,66,22,19,80.35,80.35,0.07142857142857142,total
2005-07-01,Adalet ve Kalkınma Partisi,democracy,Demokrasi,democratic_reform,24,47,15,7,54.7,54.7,0.34782608695652173,total
2005-07-01,Adalet ve Kalkınma Partisi,law_state,Hukuk Devleti,democratic_reform,17,35,9,11,42.0,42.0,-0.09523809523809523,total
2005-07-01,Adalet ve Kalkınma Partisi,constitution,Anayasa,constitutional_conflict,16,33,12,0,37.2,37.2,0.9230769230769231,total
2005-07-01,Adalet ve Kalkınma Partisi,european_union,Avrupa Birligi,democratic_reform,13,27,10,8,33.3,33.3,0.10526315789473684,total
2005-07-01,Cumhuriyet Halk Partisi,democracy,Demokrasi,democratic_reform,6,27,6,0,29.1,29.1,0.8571428571428571,total
2005-07-01,Cumhuriyet Halk Partisi,interest,Faiz,macro_economy,3,24,2,2,25.400000000000002,25.400000000000002,0.0,total
2005-07-01,Adalet ve Kalkınma Partisi,reform,Reform,democratic_reform,5,12,10,1,15.85,15.85,0.75,total
2005-07-01,Cumhuriyet Halk Partisi,law_state,Hukuk Devleti,democratic_reform,3,10,8,5,14.55,14.55,0.21428571428571427,total
2005-07-01,Adalet ve Kalkınma Partisi,interest,Faiz,macro_economy,4,14,0,0,14.0,14.0,0.0,total
2005-07-01,Adalet ve Kalkınma Partisi,tutelage,Vesayet,constitutional_conflict,3,8,2,8,11.5,11.5,-0.5454545454545454,total
2005-07-01,Cumhuriyet Halk Partisi,economy,Ekonomi,macro_economy,3,7,2,5,9.45,9.45,-0.375,total
2005-07-01,Doğru Yol Partisi,economy,Ekonomi,macro_economy,3,6,0,4,7.4,7.4,-0.8,total
2005-07-01,Cumhuriyet Halk Partisi,constitution,Anayasa,constitutional_conflict,3,4,4,1,5.75,5.75,0.5,total
2005-07-01,Cumhuriyet Halk Partisi,security,Guvenlik,security_conflict,2,3,0,2,3.7,3.7,-0.6666666666666666,total
2005-07-01,Doğru Yol Partisi,security,Guvenlik,security_conflict,3,3,0,0,3.0,3.0,0.0,total
2005-07-01,Doğru Yol Partisi,imf,IMF,macro_economy,1,2,0,0,2.0,2.0,0.0,total
2005-07-01,Cumhuriyet Halk Partisi,imf,IMF,macro_economy,1,1,0,1,1.35,1.35,-0.5,total
2005-07-01,Doğru Yol Partisi,democracy,Demokrasi,democratic_reform,1,1,0,0,1.0,1.0,0.0,total
2005-09-01,Adalet ve Kalkınma Partisi,security,Guvenlik,security_conflict,41,151,38,93,196.85,196.85,-0.4166666666666667,total
2005-09-01,Cumhuriyet Halk Partisi,security,Guvenlik,security_conflict,8,71,15,44,91.65,91.65,-0.48333333333333334,total
2005-09-01,Adalet ve Kalkınma Partisi,democracy,Demokrasi,democratic_reform,16,26,11,10,33.35,33.35,0.045454545454545456,total
2005-09-01,Doğru Yol Partisi,security,Guvenlik,security_conflict,3,28,4,1,29.75,29.75,0.5,total
2005-09-01,Cumhuriyet Halk Partisi,democracy,Demokrasi,democratic_reform,6,26,0,10,29.5,29.5,-0.9090909090909091,total
2005-09-01,Adalet ve Kalkınma Partisi,law_state,Hukuk Devleti,democratic_reform,10,16,2,4,18.099999999999998,18.099999999999998,-0.2857142857142857,total
2005-09-01,Adalet ve Kalkınma Partisi,economy,Ekonomi,macro_economy,5,12,12,3,17.25,17.25,0.5625,total
2005-09-01,Adalet ve Kalkınma Partisi,constitution,Anayasa,constitutional_conflict,10,14,5,2,16.45,16.45,0.375,total
2005-09-01,Cumhuriyet Halk Partisi,law_state,Hukuk Devleti,democratic_reform,4,11,0,2,11.7,11.7,-0.6666666666666666,total
2005-09-01,Cumhuriyet Halk Partisi,constitution,Anayasa,constitutional_conflict,3,8,8,2,11.5,11.5,0.5454545454545454,total
2005-09-01,Cumhuriyet Halk Partisi,european_union,Avrupa Birligi,democratic_reform,2,5,0,5,6.75,6.75,-0.8333333333333334,total
2005-09-01,Doğru Yol Partisi,democracy,Demokrasi,democratic_reform,1,5,2,0,5.7,5.7,0.6666666666666666,total
2005-09-01,Adalet ve Kalkınma Partisi,european_union,Avrupa Birligi,democratic_reform,4,4,3,1,5.4,5.4,0.4,total
2005-09-01,Cumhuriyet Halk Partisi,economy,Ekonomi,macro_economy,2,5,0,1,5.35,5.35,-0.5,total
2005-09-01,Cumhuriyet Halk Partisi,sovereignty,Egemenlik,security_conflict,1,3,0,0,3.0,3.0,0.0,total
2005-09-01,Adalet ve Kalkınma Partisi,reform,Reform,democratic_reform,1,2,0,1,2.35,2.35,-0.5,total
2005-09-01,Doğru Yol Partisi,economy,Ekonomi,macro_economy,1,2,0,1,2.35,2.35,-0.5,total
2005-10-01,Cumhuriyet Halk Partisi,constitution,Anayasa,constitutional_conflict,60,278,63,34,311.95,311.95,0.29591836734693877,total
2005-10-01,Adalet ve Kalkınma Partisi,economy,Ekonomi,macro_economy,65,216,153,53,288.1,288.1,0.4830917874396135,total
2005-10-01,Adalet ve Kalkınma Partisi,constitution,Anayasa,constitutional_conflict,68,207,32,13,222.75,222.75,0.41304347826086957,total
2005-10-01,Cumhuriyet Halk Partisi,law_state,Hukuk Devleti,democratic_reform,72,185,46,36,213.7,213.7,0.12048192771084337,total
2005-10-01,Adalet ve Kalkınma Partisi,law_state,Hukuk Devleti,democratic_reform,53,145,33,28,166.35,166.35,0.08064516129032258,total
2005-10-01,Cumhuriyet Halk Partisi,economy,Ekonomi,macro_economy,50,132,27,66,164.55,164.55,-0.4148936170212766,total
2005-10-01,Adalet ve Kalkınma Partisi,european_union,Avrupa Birligi,democratic_reform,47,102,43,10,120.55,120.55,0.6111111111111112,total
2005-10-01,Doğru Yol Partisi,constitution,Anayasa,constitutional_conflict,28,94,12,13,102.75,102.75,-0.038461538461538464,total
2005-10-01,Adalet ve Kalkınma Partisi,interest,Faiz,macro_economy,27,90,13,17,100.5,100.5,-0.12903225806451613,total
2005-10-01,Cumhuriyet Halk Partisi,european_union,Avrupa Birligi,democratic_reform,31,80,24,16,94.0,94.0,0.1951219512195122,total
2005-10-01,Adalet ve Kalkınma Partisi,security,Guvenlik,security_conflict,24,52,11,13,60.400000000000006,60.400000000000006,-0.08,total
2005-10-01,Cumhuriyet Halk Partisi,security,Guvenlik,security_conflict,24,41,8,16,49.4,49.4,-0.32,total
2005-10-01,Cumhuriyet Halk Partisi,interest,Faiz,macro_economy,15,46,4,2,48.1,48.1,0.2857142857142857,total
2005-10-01,Anavatan Partisi,economy,Ekonomi,macro_economy,12,37,10,12,44.699999999999996,44.699999999999996,-0.08695652173913043,total
2005-10-01,Cumhuriyet Halk Partisi,democracy,Demokrasi,democratic_reform,25,39,6,3,42.15,42.15,0.3,total
2005-10-01,Adalet ve Kalkınma Partisi,democracy,Demokrasi,democratic_reform,19,35,15,1,40.6,40.6,0.8235294117647058,total
2005-10-01,Adalet ve Kalkınma Partisi,reform,Reform,democratic_reform,18,29,14,1,34.25,34.25,0.8125,total
2005-10-01,Doğru Yol Partisi,economy,Ekonomi,macro_economy,13,29,2,7,32.15,32.15,-0.5,total
2005-10-01,Adalet ve Kalkınma Partisi,inflation,Enflasyon,macro_economy,15,20,13,3,25.6,25.6,0.5882352941176471,total
2005-10-01,Cumhuriyet Halk Partisi,imf,IMF,macro_economy,9,19,12,3,24.25,24.25,0.5625,total
2005-10-01,Cumhuriyet Halk Partisi,reform,Reform,democratic_reform,12,19,8,4,23.2,23.2,0.3076923076923077,total
2005-10-01,Doğru Yol Partisi,inflation,Enflasyon,macro_economy,3,15,0,5,16.75,16.75,-0.8333333333333334,total
2005-10-01,Anavatan Partisi,security,Guvenlik,security_conflict,2,13,5,1,15.100000000000001,15.100000000000001,0.5714285714285714,total
2005-10-01,Bağımsız,economy,Ekonomi,macro_economy,3,10,3,8,13.85,13.85,-0.4166666666666667,total
2005-10-01,Anavatan Partisi,european_union,Avrupa Birligi,democratic_reform,5,9,5,0,10.75,10.75,0.8333333333333334,total
2005-10-01,Adalet ve Kalkınma Partisi,imf,IMF,macro_economy,5,8,2,5,10.45,10.45,-0.375,total
2005-10-01,Doğru Yol Partisi,interest,Faiz,macro_economy,1,7,0,3,8.05,8.05,-0.75,total
2005-10-01,Anavatan Partisi,law_state,Hukuk Devleti,democratic_reform,2,8,0,0,8.0,8.0,0.0,total
2005-10-01,Cumhuriyet Halk Partisi,inflation,Enflasyon,macro_economy,5,8,0,0,8.0,8.0,0.0,total
2005-10-01,Doğru Yol Partisi,security,Guvenlik,security_conflict,4,7,1,1,7.7,7.7,0.0,total
2005-10-01,Doğru Yol Partisi,imf,IMF,macro_economy,4,7,0,0,7.0,7.0,0.0,total
2005-10-01,Bağımsız,constitution,Anayasa,constitutional_conflict,3,6,0,0,6.0,6.0,0.0,total
2005-10-01,Anavatan Partisi,imf,IMF,macro_economy,2,4,1,3,5.4,5.4,-0.4,total
2005-10-01,Anavatan Partisi,interest,Faiz,macro_economy,3,4,0,3,5.05,5.05,-0.75,total
2005-10-01,Bağımsız,democracy,Demokrasi,democratic_reform,3,5,0,0,5.0,5.0,0.0,total
2005-10-01,Anavatan Partisi,constitution,Anayasa,constitutional_conflict,3,4,0,2,4.7,4.7,-0.6666666666666666,total
2005-10-01,Cumhuriyet Halk Partisi,tutelage,Vesayet,constitutional_conflict,2,2,0,4,3.4,3.4,-0.8,total
2005-10-01,Bağımsız,law_state,Hukuk Devleti,democratic_reform,2,3,0,1,3.35,3.35,-0.5,total
2005-10-01,Doğru Yol Partisi,democracy,Demokrasi,democratic_reform,3,3,0,1,3.35,3.35,-0.5,total
2005-10-01,Doğru Yol Partisi,law_state,Hukuk Devleti,democratic_reform,2,3,0,1,3.35,3.35,-0.5,total
2005-10-01,Cumhuriyet Halk Partisi,sovereignty,Egemenlik,security_conflict,2,2,0,2,2.7,2.7,-0.6666666666666666,total
2005-10-01,Anavatan Partisi,inflation,Enflasyon,macro_economy,2,2,0,0,2.0,2.0,0.0,total
2005-10-01,Doğru Yol Partisi,european_union,Avrupa Birligi,democratic_reform,2,2,0,0,2.0,2.0,0.0,total
2005-10-01,Bağımsız,security,Guvenlik,security_conflict,1,1,1,1,1.7,1.7,0.0,total
2005-10-01,Anavatan Partisi,democracy,Demokrasi,democratic_reform,1,1,0,1,1.35,1.35,-0.5,total
2005-10-01,Bağımsız,european_union,Avrupa Birligi,democratic_reform,1,1,1,0,1.35,1.35,0.5,total
2005-10-01,Bağımsız,sovereignty,Egemenlik,security_conflict,1,1,1,0,1.35,1.35,0.5,total
2005-10-01,Doğru Yol Partisi,sovereignty,Egemenlik,security_conflict,1,1,0,0,1.0,1.0,0.0,total
2005-11-01,Cumhuriyet Halk Partisi,law_state,Hukuk Devleti,democratic_reform,60,202,52,62,241.9,241.9,-0.08695652173913043,total
2005-11-01,Adalet ve Kalkınma Partisi,economy,Ekonomi,macro_economy,49,186,124,27,238.85,238.85,0.6381578947368421,total
2005-11-01,Adalet ve Kalkınma Partisi,security,Guvenlik,security_conflict,35,182,38,64,217.7,217.7,-0.2524271844660194,total
2005-11-01,Cumhuriyet Halk Partisi,economy,Ekonomi,macro_economy,42,131,27,63,162.5,162.5,-0.3956043956043956,total
2005-11-01,Adalet ve Kalkınma Partisi,law_state,Hukuk Devleti,democratic_reform,47,127,38,34,152.20000000000002,152.20000000000002,0.0547945205479452,total
2005-11-01,Cumhuriyet Halk Partisi,constitution,Anayasa,constitutional_conflict,38,129,15,14,139.15,139.15,0.03333333333333333,total
2005-11-01,Cumhuriyet Halk Partisi,security,Guvenlik,security_conflict,32,97,20,42,118.7,118.7,-0.3492063492063492,total
2005-11-01,Adalet ve Kalkınma Partisi,democracy,Demokrasi,democratic_reform,30,67,21,25,83.1,83.1,-0.0851063829787234,total
2005-11-01,Adalet ve Kalkınma Partisi,european_union,Avrupa Birligi,democratic_reform,18,52,30,5,64.25,64.25,0.6944444444444444,total
2005-11-01,Adalet ve Kalkınma Partisi,constitution,Anayasa,constitutional_conflict,20,52,6,11,57.95,57.95,-0.2777777777777778,total
2005-11-01,Cumhuriyet Halk Partisi,european_union,Avrupa Birligi,democratic_reform,21,44,29,7,56.6,56.6,0.5945945945945946,total
2005-11-01,Cumhuriyet Halk Partisi,democracy,Demokrasi,democratic_reform,25,41,15,13,50.800000000000004,50.800000000000004,0.06896551724137931,total
2005-11-01,Adalet ve Kalkınma Partisi,interest,Faiz,macro_economy,9,46,10,2,50.2,50.2,0.6153846153846154,total
2005-11-01,Anavatan Partisi,constitution,Anayasa,constitutional_conflict,9,42,5,2,44.45,44.45,0.375,total
2005-11-01,Bağımsız,law_state,Hukuk Devleti,democratic_reform,5,33,3,2,34.75,34.75,0.16666666666666666,total
2005-11-01,Adalet ve Kalkınma Partisi,reform,Reform,democratic_reform,13,27,11,2,31.55,31.55,0.6428571428571429,total
2005-11-01,Doğru Yol Partisi,security,Guvenlik,security_conflict,10,27,3,2,28.75,28.75,0.16666666666666666,total
2005-11-01,Anavatan Partisi,economy,Ekonomi,macro_economy,7,19,9,8,24.95,24.95,0.05555555555555555,total
2005-11-01,Anavatan Partisi,law_state,Hukuk Devleti,democratic_reform,11,20,2,3,21.75,21.75,-0.16666666666666666,total
2005-11-01,Cumhuriyet Halk Partisi,reform,Reform,democratic_reform,11,19,4,0,20.4,20.4,0.8,total
2005-11-01,Anavatan Partisi,inflation,Enflasyon,macro_economy,2,16,0,2,16.7,16.7,-0.6666666666666666,total
2005-11-01,Bağımsız,democracy,Demokrasi,democratic_reform,5,13,5,1,15.100000000000001,15.100000000000001,0.5714285714285714,total
2005-11-01,Adalet ve Kalkınma Partisi,inflation,Enflasyon,macro_economy,5,12,2,1,13.05,13.05,0.25,total
2005-11-01,Bağımsız,security,Guvenlik,security_conflict,3,9,4,5,12.15,12.15,-0.1,total
2005-11-01,Anavatan Partisi,european_union,Avrupa Birligi,democratic_reform,6,10,3,1,11.4,11.4,0.4,total
2005-11-01,Doğru Yol Partisi,law_state,Hukuk Devleti,democratic_reform,4,10,0,4,11.399999999999999,11.399999999999999,-0.8,total
2005-11-01,Cumhuriyet Halk Partisi,interest,Faiz,macro_economy,6,10,2,0,10.7,10.7,0.6666666666666666,total
2005-11-01,Cumhuriyet Halk Partisi,imf,IMF,macro_economy,6,7,2,4,9.1,9.1,-0.2857142857142857,total
2005-11-01,Bağımsız,economy,Ekonomi,macro_economy,4,8,2,1,9.05,9.05,0.25,total
2005-11-01,Bağımsız,european_union,Avrupa Birligi,democratic_reform,1,7,3,0,8.05,8.05,0.75,total
2005-11-01,Anavatan Partisi,democracy,Demokrasi,democratic_reform,4,7,1,0,7.35,7.35,0.5,total
2005-11-01,Doğru Yol Partisi,economy,Ekonomi,macro_economy,5,6,1,2,7.050000000000001,7.050000000000001,-0.25,total
2005-11-01,Doğru Yol Partisi,european_union,Avrupa Birligi,democratic_reform,3,5,4,1,6.75,6.75,0.5,total
2005-11-01,Anavatan Partisi,reform,Reform,democratic_reform,4,5,4,0,6.4,6.4,0.8,total
2005-11-01,Adalet ve Kalkınma Partisi,sovereignty,Egemenlik,security_conflict,3,5,1,2,6.050000000000001,6.050000000000001,-0.25,total
2005-11-01,Anavatan Partisi,security,Guvenlik,security_conflict,3,4,1,2,5.050000000000001,5.050000000000001,-0.25,total
2005-11-01,Cumhuriyet Halk Partisi,inflation,Enflasyon,macro_economy,4,4,0,0,4.0,4.0,0.0,total
2005-11-01,Anavatan Partisi,imf,IMF,macro_economy,3,3,0,2,3.7,3.7,-0.6666666666666666,total
2005-11-01,Adalet ve Kalkınma Partisi,imf,IMF,macro_economy,1,3,0,0,3.0,3.0,0.0,total
2005-11-01,Doğru Yol Partisi,constitution,Anayasa,constitutional_conflict,1,2,0,2,2.7,2.7,-0.6666666666666666,total
2005-11-01,Doğru Yol Partisi,reform,Reform,democratic_reform,1,2,0,0,2.0,2.0,0.0,total
2005-11-01,Cumhuriyet Halk Partisi,sovereignty,Egemenlik,security_conflict,1,1,1,0,1.35,1.35,0.5,total
2005-11-01,Cumhuriyet Halk Partisi,tutelage,Vesayet,constitutional_conflict,1,1,0,1,1.35,1.35,-0.5,total
2005-11-01,Doğru Yol Partisi,imf,IMF,macro_economy,1,1,0,1,1.35,1.35,-0.5,total
2005-11-01,Bağımsız,constitution,Anayasa,constitutional_conflict,1,1,0,0,1.0,1.0,0.0,total
2005-12-01,Adalet ve Kalkınma Partisi,economy,Ekonomi,macro_economy,361,1760,1225,381,2322.1,2322.1,0.5252022401991289,total
2005-12-01,Adalet ve Kalkınma Partisi,law_state,Hukuk Devleti,democratic_reform,177,846,277,227,1022.4,1022.4,0.09900990099009901,total
2005-12-01,Cumhuriyet Halk Partisi,economy,Ekonomi,macro_economy,220,785,306,349,1014.25,1014.25,-0.06554878048780488,total
2005-12-01,Cumhuriyet Halk Partisi,law_state,Hukuk Devleti,democratic_reform,160,698,325,255,901.0,901.0,0.12048192771084337,total
2005-12-01,Adalet ve Kalkınma Partisi,interest,Faiz,macro_economy,133,465,83,67,517.5,517.5,0.10596026490066225,total
2005-12-01,Adalet ve Kalkınma Partisi,security,Guvenlik,security_conflict,114,389,127,156,488.05,488.05,-0.10211267605633803,total
2005-12-01,Anavatan Partisi,economy,Ekonomi,macro_economy,71,365,148,114,456.7,456.7,0.12927756653992395,total
2005-12-01,Cumhuriyet Halk Partisi,constitution,Anayasa,constitutional_conflict,137,394,68,61,439.15,439.15,0.05384615384615385,total
2005-12-01,Cumhuriyet Halk Partisi,security,Guvenlik,security_conflict,93,315,91,122,389.55,389.55,-0.14485981308411214,total
2005-12-01,Adalet ve Kalkınma Partisi,constitution,Anayasa,constitutional_conflict,82,304,87,58,354.75,354.75,0.19863013698630136,total
2005-12-01,Adalet ve Kalkınma Partisi,reform,Reform,democratic_reform,106,265,114,45,320.65,320.65,0.43125,total
2005-12-01,Adalet ve Kalkınma Partisi,european_union,Avrupa Birligi,democratic_reform,134,264,127,30,318.95,318.95,0.6139240506329114,total
2005-12-01,Adalet ve Kalkınma Partisi,inflation,Enflasyon,macro_economy,87,214,110,38,265.8,265.8,0.48322147651006714,total
2005-12-01,Adalet ve Kalkınma Partisi,democracy,Demokrasi,democratic_reform,93,204,87,24,242.85,242.85,0.5625,total
2005-12-01,Cumhuriyet Halk Partisi,european_union,Avrupa Birligi,democratic_reform,73,161,83,54,208.95,208.95,0.21014492753623187,total
2005-12-01,Cumhuriyet Halk Partisi,interest,Faiz,macro_economy,64,160,25,24,177.15,177.15,0.02,total
2005-12-01,Cumhuriyet Halk Partisi,imf,IMF,macro_economy,66,158,24,30,176.9,176.9,-0.10909090909090909,total
2005-12-01,Cumhuriyet Halk Partisi,democracy,Demokrasi,democratic_reform,91,138,47,23,162.5,162.5,0.3380281690140845,total
2005-12-01,Anavatan Partisi,law_state,Hukuk Devleti,democratic_reform,39,120,47,41,150.8,150.8,0.06741573033707865,total
2005-12-01,Anavatan Partisi,security,Guvenlik,security_conflict,31,125,27,44,149.85,149.85,-0.2361111111111111,total
2005-12-01,Bağımsız,security,Guvenlik,security_conflict,13,98,18,48,121.10000000000001,121.10000000000001,-0.44776119402985076,total
2005-12-01,Cumhuriyet Halk Partisi,inflation,Enflasyon,macro_economy,38,84,32,17,101.15,101.15,0.3,total
2005-12-01,Anavatan Partisi,democracy,Demokrasi,democratic_reform,29,76,27,15,90.7,90.7,0.27906976744186046,total
2005-12-01,Bağımsız,economy,Ekonomi,macro_economy,17,72,23,19,86.7,86.7,0.09302325581395349,total
2005-12-01,Anavatan Partisi,constitution,Anayasa,constitutional_conflict,26,70,25,12,82.95,82.95,0.34210526315789475,total
2005-12-01,Anavatan Partisi,interest,Faiz,macro_economy,22,64,15,9,72.4,72.4,0.24,total
2005-12-01,Doğru Yol Partisi,economy,Ekonomi,macro_economy,26,52,25,11,64.6,64.6,0.3783783783783784,total
2005-12-01,Anavatan Partisi,european_union,Avrupa Birligi,democratic_reform,27,48,26,13,61.65,61.65,0.325,total
2005-12-01,Anavatan Partisi,reform,Reform,democratic_reform,13,49,12,4,54.599999999999994,54.599999999999994,0.47058823529411764,total
2005-12-01,Anavatan Partisi,imf,IMF,macro_economy,16,43,14,7,50.35,50.35,0.3181818181818182,total
2005-12-01,Adalet ve Kalkınma Partisi,imf,IMF,macro_economy,18,44,9,6,49.25,49.25,0.1875,total
2005-12-01,Cumhuriyet Halk Partisi,reform,Reform,democratic_reform,29,45,6,6,49.2,49.2,0.0,total
2005-12-01,Bağımsız,constitution,Anayasa,constitutional_conflict,12,40,5,7,44.2,44.2,-0.15384615384615385,total
2005-12-01,Bağımsız,european_union,Avrupa Birligi,democratic_reform,7,33,8,12,40.0,40.0,-0.19047619047619047,total
2005-12-01,Bağımsız,democracy,Demokrasi,democratic_reform,14,23,8,6,27.9,27.9,0.13333333333333333,total
2005-12-01,Doğru Yol Partisi,security,Guvenlik,security_conflict,4,24,1,8,27.15,27.15,-0.7,total
2005-12-01,Anavatan Partisi,inflation,Enflasyon,macro_economy,7,24,3,3,26.1,26.1,0.0,total
2005-12-01,Doğru Yol Partisi,constitution,Anayasa,constitutional_conflict,10,24,2,0,24.7,24.7,0.6666666666666666,total
2005-12-01,Bağımsız,law_state,Hukuk Devleti,democratic_reform,8,20,2,9,23.849999999999998,23.849999999999998,-0.5833333333333334,total
2005-12-01,Adalet ve Kalkınma Partisi,sovereignty,Egemenlik,security_conflict,9,19,5,3,21.8,21.8,0.2222222222222222,total
2005-12-01,Doğru Yol Partisi,european_union,Avrupa Birligi,democratic_reform,6,18,8,2,21.5,21.5,0.5454545454545454,total
2005-12-01,Doğru Yol Partisi,law_state,Hukuk Devleti,democratic_reform,6,14,2,4,16.1,16.1,-0.2857142857142857,total
2005-12-01,Doğru Yol Partisi,inflation,Enflasyon,macro_economy,6,15,0,1,15.35,15.35,-0.5,total
2005-12-01,Bağımsız,interest,Faiz,macro_economy,5,10,1,3,11.4,11.4,-0.4,total
2005-12-01,Doğru Yol Partisi,democracy,Demokrasi,democratic_reform,4,8,1,1,8.7,8.7,0.0,total
2005-12-01,Cumhuriyet Halk Partisi,sovereignty,Egemenlik,security_conflict,7,7,3,1,8.4,8.4,0.4,total
2005-12-01,Bağımsız,inflation,Enflasyon,macro_economy,4,5,1,3,6.4,6.4,-0.4,total
2005-12-01,Cumhuriyet Halk Partisi,tutelage,Vesayet,constitutional_conflict,3,3,2,4,5.1,5.1,-0.2857142857142857,total
2005-12-01,Anavatan Partisi,sovereignty,Egemenlik,security_conflict,3,4,3,0,5.050000000000001,5.050000000000001,0.75,total
2005-12-01,Bağımsız,reform,Reform,democratic_reform,1,2,0,7,4.45,4.45,-0.875,total
2005-12-01,Doğru Yol Partisi,imf,IMF,macro_economy,3,3,2,0,3.7,3.7,0.6666666666666666,total
2005-12-01,Anavatan Partisi,tutelage,Vesayet,constitutional_conflict,2,2,1,2,3.05,3.05,-0.25,total
2005-12-01,Doğru Yol Partisi,reform,Reform,democratic_reform,1,2,0,1,2.35,2.35,-0.5,total
2006-01-01,Cumhuriyet Halk Partisi,economy,Ekonomi,macro_economy,44,305,84,41,348.75,348.75,0.3412698412698413,total
2006-01-01,Adalet ve Kalkınma Partisi,economy,Ekonomi,macro_economy,57,218,103,39,267.7,267.7,0.44755244755244755,total
2006-01-01,Anavatan Partisi,economy,Ekonomi,macro_economy,27,208,99,36,255.25,255.25,0.4632352941176471,total
2006-01-01,Adalet ve Kalkınma Partisi,european_union,Avrupa Birligi,democratic_reform,29,114,47,4,131.85,131.85,0.8269230769230769,total
2006-01-01,Cumhuriyet Halk Partisi,european_union,Avrupa Birligi,democratic_reform,28,74,37,13,91.5,91.5,0.47058823529411764,total
2006-01-01,Cumhuriyet Halk Partisi,law_state,Hukuk Devleti,democratic_reform,25,78,17,18,90.25,90.25,-0.027777777777777776,total
2006-01-01,Cumhuriyet Halk Partisi,constitution,Anayasa,constitutional_conflict,23,73,9,8,78.95,78.95,0.05555555555555555,total
2006-01-01,Adalet ve Kalkınma Partisi,security,Guvenlik,security_conflict,14,59,23,15,72.3,72.3,0.20512820512820512,total
2006-01-01,Anavatan Partisi,european_union,Avrupa Birligi,democratic_reform,19,51,28,8,63.6,63.6,0.5405405405405406,total
2006-01-01,Adalet ve Kalkınma Partisi,reform,Reform,democratic_reform,20,51,26,9,63.25,63.25,0.4722222222222222,total
2006-01-01,Adalet ve Kalkınma Partisi,law_state,Hukuk Devleti,democratic_reform,25,49,16,5,56.35,56.35,0.5,total
2006-01-01,Bağımsız,economy,Ekonomi,macro_economy,12,28,9,19,37.8,37.8,-0.3448275862068966,total
2006-01-01,Cumhuriyet Halk Partisi,democracy,Demokrasi,democratic_reform,19,31,9,8,36.95,36.95,0.05555555555555555,total
2006-01-01,Anavatan Partisi,reform,Reform,democratic_reform,10,29,17,3,36.0,36.0,0.6666666666666666,total
2006-01-01,Adalet ve Kalkınma Partisi,interest,Faiz,macro_economy,11,31,3,11,35.9,35.9,-0.5333333333333333,total
2006-01-01,Cumhuriyet Halk Partisi,security,Guvenlik,security_conflict,12,19,7,12,25.65,25.65,-0.25,total
2006-01-01,Adalet ve Kalkınma Partisi,constitution,Anayasa,constitutional_conflict,12,21,1,4,22.75,22.75,-0.5,total
2006-01-01,Anavatan Partisi,constitution,Anayasa,constitutional_conflict,8,17,7,6,21.55,21.55,0.07142857142857142,total
2006-01-01,Adalet ve Kalkınma Partisi,democracy,Demokrasi,democratic_reform,12,18,6,2,20.8,20.8,0.4444444444444444,total
2006-01-01,Doğru Yol Partisi,economy,Ekonomi,macro_economy,6,17,2,0,17.7,17.7,0.6666666666666666,total
2006-01-01,Cumhuriyet Halk Partisi,reform,Reform,democratic_reform,9,14,3,3,16.1,16.1,0.0,total
2006-01-01,Cumhuriyet Halk Partisi,imf,IMF,macro_economy,7,13,2,6,15.8,15.8,-0.4444444444444444,total
2006-01-01,Adalet ve Kalkınma Partisi,inflation,Enflasyon,macro_economy,7,13,4,0,14.4,14.4,0.8,total
2006-01-01,Bağımsız,european_union,Avrupa Birligi,democratic_reform,8,11,8,0,13.8,13.8,0.8888888888888888,total
2006-01-01,Bağımsız,security,Guvenlik,security_conflict,4,11,1,7,13.8,13.8,-0.6666666666666666,total
2006-01-01,Cumhuriyet Halk Partisi,interest,Faiz,macro_economy,7,7,0,2,7.7,7.7,-0.6666666666666666,total
2006-01-01,Doğru Yol Partisi,european_union,Avrupa Birligi,democratic_reform,3,5,3,2,6.75,6.75,0.16666666666666666,total
2006-01-01,Cumhuriyet Halk Partisi,inflation,Enflasyon,macro_economy,3,6,0,0,6.0,6.0,0.0,total
2006-01-01,Anavatan Partisi,interest,Faiz,macro_economy,3,5,1,0,5.35,5.35,0.5,total
2006-01-01,Anavatan Partisi,imf,IMF,macro_economy,4,4,2,0,4.7,4.7,0.6666666666666666,total
2006-01-01,Doğru Yol Partisi,imf,IMF,macro_economy,2,3,1,2,4.050000000000001,4.050000000000001,-0.25,total
2006-01-01,Anavatan Partisi,inflation,Enflasyon,macro_economy,2,3,2,0,3.7,3.7,0.6666666666666666,total
2006-01-01,Anavatan Partisi,security,Guvenlik,security_conflict,3,3,0,1,3.35,3.35,-0.5,total
2006-01-01,Doğru Yol Partisi,reform,Reform,democratic_reform,2,3,1,0,3.35,3.35,0.5,total
2006-01-01,Bağımsız,democracy,Demokrasi,democratic_reform,3,3,0,0,3.0,3.0,0.0,total
2006-01-01,Anavatan Partisi,law_state,Hukuk Devleti,democratic_reform,2,2,2,0,2.7,2.7,0.6666666666666666,total
2006-01-01,Bağımsız,sovereignty,Egemenlik,security_conflict,1,2,2,0,2.7,2.7,0.6666666666666666,total
2006-01-01,Cumhuriyet Halk Partisi,tutelage,Vesayet,constitutional_conflict,2,2,0,2,2.7,2.7,-0.6666666666666666,total
2006-01-01,Adalet ve Kalkınma Partisi,imf,IMF,macro_economy,2,2,0,1,2.35,2.35,-0.5,total
2006-01-01,Anavatan Partisi,democracy,Demokrasi,democratic_reform,1,1,3,0,2.05,2.05,0.75,total
2006-01-01,Cumhuriyet Halk Partisi,sovereignty,Egemenlik,security_conflict,1,2,0,0,2.0,2.0,0.0,total
2006-01-01,Bağımsız,law_state,Hukuk Devleti,democratic_reform,1,1,1,0,1.35,1.35,0.5,total
2006-01-01,Bağımsız,constitution,Anayasa,constitutional_conflict,1,1,0,0,1.0,1.0,0.0,total
2006-01-01,Bağımsız,imf,IMF,macro_economy,1,1,0,0,1.0,1.0,0.0,total
2006-01-01,Doğru Yol Partisi,interest,Faiz,macro_economy,1,1,0,0,1.0,1.0,0.0,total
2006-02-01,Cumhuriyet Halk Partisi,economy,Ekonomi,macro_economy,87,296,88,117,367.75,367.75,-0.1407766990291262,total
2006-02-01,Anavatan Partisi,economy,Ekonomi,macro_economy,45,253,90,115,324.75,324.75,-0.12135922330097088,total
2006-02-01,Adalet ve Kalkınma Partisi,economy,Ekonomi,macro_economy,88,240,115,88,311.05,311.05,0.1323529411764706,total
2006-02-01,Adalet ve Kalkınma Partisi,security,Guvenlik,security_conflict,83,258,80,61,307.35,307.35,0.13380281690140844,total
2006-02-01,Cumhuriyet Halk Partisi,security,Guvenlik,security_conflict,77,224,41,56,257.95,257.95,-0.15306122448979592,total
2006-02-01,Adalet ve Kalkınma Partisi,law_state,Hukuk Devleti,democratic_reform,81,207,26,28,225.9,225.9,-0.03636363636363636,total
2006-02-01,Cumhuriyet Halk Partisi,law_state,Hukuk Devleti,democratic_reform,67,199,23,45,222.8,222.8,-0.3188405797101449,total
2006-02-01,Cumhuriyet Halk Partisi,interest,Faiz,macro_economy,58,182,19,22,196.35,196.35,-0.07142857142857142,total
2006-02-01,Anavatan Partisi,security,Guvenlik,security_conflict,35,106,29,42,130.85,130.85,-0.18055555555555555,total
2006-02-01,Adalet ve Kalkınma Partisi,interest,Faiz,macro_economy,42,106,13,20,117.55,117.55,-0.20588235294117646,total
2006-02-01,Adalet ve Kalkınma Partisi,reform,Reform,democratic_reform,41,107,14,15,117.15,117.15,-0.03333333333333333,total
2006-02-01,Anavatan Partisi,interest,Faiz,macro_economy,32,99,14,22,111.6,111.6,-0.21621621621621623,total
2006-02-01,Cumhuriyet Halk Partisi,constitution,Anayasa,constitutional_conflict,51,99,10,15,107.75,107.75,-0.19230769230769232,total
2006-02-01,Cumhuriyet Halk Partisi,reform,Reform,democratic_reform,34,82,3,17,89.0,89.0,-0.6666666666666666,total
2006-02-01,Adalet ve Kalkınma Partisi,constitution,Anayasa,constitutional_conflict,31,66,16,10,75.1,75.1,0.2222222222222222,total
2006-02-01,Cumhuriyet Halk Partisi,democracy,Demokrasi,democratic_reform,30,54,10,8,60.3,60.3,0.10526315789473684,total
2006-02-01,Adalet ve Kalkınma Partisi,democracy,Demokrasi,democratic_reform,22,47,18,10,56.800000000000004,56.800000000000004,0.27586206896551724,total
2006-02-01,Adalet ve Kalkınma Partisi,inflation,Enflasyon,macro_economy,28,48,5,6,51.85,51.85,-0.08333333333333333,total
2006-02-01,Cumhuriyet Halk Partisi,imf,IMF,macro_economy,27,41,5,12,46.95,46.95,-0.3888888888888889,total
2006-02-01,Cumhuriyet Halk Partisi,european_union,Avrupa Birligi,democratic_reform,20,35,8,2,38.5,38.5,0.5454545454545454,total
2006-02-01,Cumhuriyet Halk Partisi,inflation,Enflasyon,macro_economy,21,37,2,2,38.4,38.4,0.0,total
2006-02-01,Bağımsız,security,Guvenlik,security_conflict,4,30,8,12,37.0,37.0,-0.19047619047619047,total
2006-02-01,Anavatan Partisi,imf,IMF,macro_economy,12,31,4,13,36.95,36.95,-0.5,total
2006-02-01,Doğru Yol Partisi,economy,Ekonomi,macro_economy,14,28,13,3,33.6,33.6,0.5882352941176471,total
2006-02-01,Anavatan Partisi,reform,Reform,democratic_reform,17,29,11,2,33.55,33.55,0.6428571428571429,total
2006-02-01,Anavatan Partisi,inflation,Enflasyon,macro_economy,12,31,4,3,33.45,33.45,0.125,total
2006-02-01,Doğru Yol Partisi,interest,Faiz,macro_economy,14,29,2,5,31.45,31.45,-0.375,total
2006-02-01,Anavatan Partisi,law_state,Hukuk Devleti,democratic_reform,14,23,5,8,27.55,27.55,-0.21428571428571427,total
2006-02-01,Doğru Yol Partisi,constitution,Anayasa,constitutional_conflict,12,22,6,3,25.15,25.15,0.3,total
2006-02-01,Bağımsız,interest,Faiz,macro_economy,7,23,2,2,24.4,24.4,0.0,total
2006-02-01,Bağımsız,economy,Ekonomi,macro_economy,4,19,5,5,22.5,22.5,0.0,total
2006-02-01,Anavatan Partisi,constitution,Anayasa,constitutional_conflict,11,20,4,3,22.45,22.45,0.125,total
2006-02-01,Adalet ve Kalkınma Partisi,european_union,Avrupa Birligi,democratic_reform,11,16,7,2,19.15,19.15,0.5,total
2006-02-01,Bağımsız,democracy,Demokrasi,democratic_reform,3,14,5,5,17.5,17.5,0.0,total
2006-02-01,Doğru Yol Partisi,inflation,Enflasyon,macro_economy,6,13,2,0,13.7,13.7,0.6666666666666666,total
2006-02-01,Doğru Yol Partisi,law_state,Hukuk Devleti,democratic_reform,5,10,1,8,13.15,13.15,-0.7,total
2006-02-01,Bağımsız,constitution,Anayasa,constitutional_conflict,5,11,3,2,12.75,12.75,0.16666666666666666,total
2006-02-01,Doğru Yol Partisi,security,Guvenlik,security_conflict,6,8,5,1,10.1,10.1,0.5714285714285714,total
2006-02-01,Anavatan Partisi,european_union,Avrupa Birligi,democratic_reform,5,6,7,1,8.8,8.8,0.6666666666666666,total
2006-02-01,Adalet ve Kalkınma Partisi,imf,IMF,macro_economy,2,8,0,0,8.0,8.0,0.0,total
2006-02-01,Bağımsız,inflation,Enflasyon,macro_economy,5,7,0,0,7.0,7.0,0.0,total
2006-02-01,Doğru Yol Partisi,democracy,Demokrasi,democratic_reform,1,4,0,6,6.1,6.1,-0.8571428571428571,total
2006-02-01,Anavatan Partisi,democracy,Demokrasi,democratic_reform,3,3,1,2,4.05,4.05,-0.25,total
2006-02-01,Bağımsız,european_union,Avrupa Birligi,democratic_reform,2,3,1,0,3.35,3.35,0.5,total
2006-02-01,Anavatan Partisi,tutelage,Vesayet,constitutional_conflict,1,1,0,2,1.7,1.7,-0.6666666666666666,total
2006-02-01,Bağımsız,law_state,Hukuk Devleti,democratic_reform,1,1,0,0,1.0,1.0,0.0,total
2006-02-01,Cumhuriyet Halk Partisi,sovereignty,Egemenlik,security_conflict,1,1,0,0,1.0,1.0,0.0,total
2006-02-01,Doğru Yol Partisi,reform,Reform,democratic_reform,1,1,0,0,1.0,1.0,0.0,total
2006-03-01,Cumhuriyet Halk Partisi,economy,Ekonomi,macro_economy,98,342,109,113,419.7,419.7,-0.017937219730941704,total
2006-03-01,Adalet ve Kalkınma Partisi,economy,Ekonomi,macro_economy,86,293,209,81,394.5,394.5,0.43986254295532645,total
2006-03-01,Adalet ve Kalkınma Partisi,law_state,Hukuk Devleti,democratic_reform,47,146,46,23,170.15,170.15,0.32857142857142857,total
2006-03-01,Cumhuriyet Halk Partisi,law_state,Hukuk Devleti,democratic_reform,62,117,28,28,136.6,136.6,0.0,total
2006-03-01,Adalet ve Kalkınma Partisi,security,Guvenlik,security_conflict,37,106,26,30,125.60000000000001,125.60000000000001,-0.07017543859649122,total
2006-03-01,Cumhuriyet Halk Partisi,constitution,Anayasa,constitutional_conflict,50,106,19,13,117.2,117.2,0.18181818181818182,total
2006-03-01,Adalet ve Kalkınma Partisi,inflation,Enflasyon,macro_economy,36,82,14,16,92.5,92.5,-0.06451612903225806,total
2006-03-01,Cumhuriyet Halk Partisi,security,Guvenlik,security_conflict,36,76,11,27,89.3,89.3,-0.41025641025641024,total
2006-03-01,Cumhuriyet Halk Partisi,imf,IMF,macro_economy,31,70,7,32,83.65,83.65,-0.625,total
2006-03-01,Adalet ve Kalkınma Partisi,interest,Faiz,macro_economy,31,71,15,20,83.25,83.25,-0.1388888888888889,total
2006-03-01,Bağımsız,economy,Ekonomi,macro_economy,15,57,46,7,75.55,75.55,0.7222222222222222,total
2006-03-01,Anavatan Partisi,economy,Ekonomi,macro_economy,11,55,25,29,73.89999999999999,73.89999999999999,-0.07272727272727272,total
2006-03-01,Adalet ve Kalkınma Partisi,constitution,Anayasa,constitutional_conflict,34,66,13,7,73.0,73.0,0.2857142857142857,total
2006-03-01,Adalet ve Kalkınma Partisi,reform,Reform,democratic_reform,31,64,10,14,72.4,72.4,-0.16,total
2006-03-01,Cumhuriyet Halk Partisi,interest,Faiz,macro_economy,23,59,19,16,71.25,71.25,0.08333333333333333,total
2006-03-01,Doğru Yol Partisi,security,Guvenlik,security_conflict,21,60,7,7,64.9,64.9,0.0,total
2006-03-01,Cumhuriyet Halk Partisi,democracy,Demokrasi,democratic_reform,30,46,11,9,53.0,53.0,0.09523809523809523,total
2006-03-01,Adalet ve Kalkınma Partisi,democracy,Demokrasi,democratic_reform,21,40,18,11,50.15,50.15,0.23333333333333334,total
2006-03-01,Cumhuriyet Halk Partisi,reform,Reform,democratic_reform,17,42,9,7,47.6,47.6,0.11764705882352941,total
2006-03-01,Cumhuriyet Halk Partisi,european_union,Avrupa Birligi,democratic_reform,20,42,9,5,46.9,46.9,0.26666666666666666,total
2006-03-01,Adalet ve Kalkınma Partisi,european_union,Avrupa Birligi,democratic_reform,24,32,17,3,39.0,39.0,0.6666666666666666,total
2006-03-01,Doğru Yol Partisi,constitution,Anayasa,constitutional_conflict,10,30,3,6,33.15,33.15,-0.3,total
2006-03-01,Cumhuriyet Halk Partisi,inflation,Enflasyon,macro_economy,14,27,2,3,28.75,28.75,-0.16666666666666666,total
2006-03-01,Doğru Yol Partisi,economy,Ekonomi,macro_economy,10,27,3,2,28.75,28.75,0.16666666666666666,total
2006-03-01,Anavatan Partisi,imf,IMF,macro_economy,4,17,0,9,20.150000000000002,20.150000000000002,-0.9,total
2006-03-01,Anavatan Partisi,law_state,Hukuk Devleti,democratic_reform,10,13,7,2,16.15,16.15,0.5,total
2006-03-01,Anavatan Partisi,interest,Faiz,macro_economy,5,14,2,4,16.1,16.1,-0.2857142857142857,total
2006-03-01,Anavatan Partisi,inflation,Enflasyon,macro_economy,2,16,0,0,16.0,16.0,0.0,total
2006-03-01,Doğru Yol Partisi,law_state,Hukuk Devleti,democratic_reform,4,12,1,5,14.1,14.1,-0.5714285714285714,total
2006-03-01,Anavatan Partisi,security,Guvenlik,security_conflict,6,11,3,2,12.75,12.75,0.16666666666666666,total
2006-03-01,Anavatan Partisi,democracy,Demokrasi,democratic_reform,7,10,4,3,12.45,12.45,0.125,total
2006-03-01,Adalet ve Kalkınma Partisi,imf,IMF,macro_economy,6,10,2,0,10.7,10.7,0.6666666666666666,total
2006-03-01,Anavatan Partisi,constitution,Anayasa,constitutional_conflict,5,10,1,0,10.35,10.35,0.5,total
2006-03-01,Anavatan Partisi,reform,Reform,democratic_reform,6,8,4,2,10.100000000000001,10.100000000000001,0.2857142857142857,total
2006-03-01,Bağımsız,reform,Reform,democratic_reform,3,6,7,0,8.450000000000001,8.450000000000001,0.875,total
2006-03-01,Cumhuriyet Halk Partisi,sovereignty,Egemenlik,security_conflict,2,4,6,2,6.8,6.8,0.4444444444444444,total
2006-03-01,Bağımsız,security,Guvenlik,security_conflict,2,4,1,5,6.1,6.1,-0.5714285714285714,total
2006-03-01,Doğru Yol Partisi,reform,Reform,democratic_reform,3,4,2,2,5.4,5.4,0.0,total
2006-03-01,Bağımsız,imf,IMF,macro_economy,2,5,0,0,5.0,5.0,0.0,total
2006-03-01,Bağımsız,law_state,Hukuk Devleti,democratic_reform,4,5,0,0,5.0,5.0,0.0,total
2006-03-01,Doğru Yol Partisi,inflation,Enflasyon,macro_economy,2,4,0,0,4.0,4.0,0.0,total
2006-03-01,Anavatan Partisi,european_union,Avrupa Birligi,democratic_reform,3,3,2,0,3.7,3.7,0.6666666666666666,total
2006-03-01,Bağımsız,democracy,Demokrasi,democratic_reform,2,3,0,0,3.0,3.0,0.0,total
2006-03-01,Bağımsız,interest,Faiz,macro_economy,1,1,1,0,1.35,1.35,0.5,total
2006-03-01,Cumhuriyet Halk Partisi,tutelage,Vesayet,constitutional_conflict,1,1,0,1,1.35,1.35,-0.5,total
2006-03-01,Bağımsız,constitution,Anayasa,constitutional_conflict,1,1,0,0,1.0,1.0,0.0,total
2006-03-01,Bağımsız,european_union,Avrupa Birligi,democratic_reform,1,1,0,0,1.0,1.0,0.0,total
2006-03-01,Bağımsız,inflation,Enflasyon,macro_economy,1,1,0,0,1.0,1.0,0.0,total
2006-03-01,Doğru Yol Partisi,democracy,Demokrasi,democratic_reform,1,1,0,0,1.0,1.0,0.0,total
2006-03-01,Doğru Yol Partisi,interest,Faiz,macro_economy,1,1,0,0,1.0,1.0,0.0,total
2006-04-01,Adalet ve Kalkınma Partisi,security,Guvenlik,security_conflict,118,537,99,130,617.15,617.15,-0.13478260869565217,total
2006-04-01,Cumhuriyet Halk Partisi,law_state,Hukuk Devleti,democratic_reform,74,343,130,85,418.25,418.25,0.20833333333333334,total
2006-04-01,Adalet ve Kalkınma Partisi,law_state,Hukuk Devleti,democratic_reform,70,263,124,46,322.5,322.5,0.45614035087719296,total
2006-04-01,Adalet ve Kalkınma Partisi,economy,Ekonomi,macro_economy,79,225,90,52,274.7,274.7,0.26573426573426573,total
2006-04-01,Cumhuriyet Halk Partisi,economy,Ekonomi,macro_economy,65,223,99,41,272.0,272.0,0.41134751773049644,total
2006-04-01,Cumhuriyet Halk Partisi,security,Guvenlik,security_conflict,48,166,43,60,202.05,202.05,-0.16346153846153846,total
2006-04-01,Adalet ve Kalkınma Partisi,reform,Reform,democratic_reform,45,133,33,23,152.6,152.6,0.17543859649122806,total
2006-04-01,Adalet ve Kalkınma Partisi,constitution,Anayasa,constitutional_conflict,44,123,21,20,137.35,137.35,0.023809523809523808,total
2006-04-01,Cumhuriyet Halk Partisi,democracy,Demokrasi,democratic_reform,46,106,22,31,124.55,124.55,-0.16666666666666666,total
2006-04-01,Anavatan Partisi,security,Guvenlik,security_conflict,22,95,21,21,109.7,109.7,0.0,total
2006-04-01,Cumhuriyet Halk Partisi,constitution,Anayasa,constitutional_conflict,43,93,32,14,109.1,109.1,0.3829787234042553,total
2006-04-01,Anavatan Partisi,economy,Ekonomi,macro_economy,23,78,34,18,96.2,96.2,0.3018867924528302,total
2006-04-01,Adalet ve Kalkınma Partisi,democracy,Demokrasi,democratic_reform,35,63,33,13,79.1,79.1,0.425531914893617,total
2006-04-01,Doğru Yol Partisi,security,Guvenlik,security_conflict,28,67,15,10,75.75,75.75,0.19230769230769232,total
2006-04-01,Adalet ve Kalkınma Partisi,interest,Faiz,macro_economy,22,48,10,7,53.949999999999996,53.949999999999996,0.16666666666666666,total
2006-04-01,Anavatan Partisi,reform,Reform,democratic_reform,10,34,10,9,40.65,40.65,0.05,total
2006-04-01,Adalet ve Kalkınma Partisi,european_union,Avrupa Birligi,democratic_reform,22,33,15,5,40.0,40.0,0.47619047619047616,total
2006-04-01,Cumhuriyet Halk Partisi,european_union,Avrupa Birligi,democratic_reform,15,31,12,9,38.35,38.35,0.13636363636363635,total
2006-04-01,Anavatan Partisi,imf,IMF,macro_economy,13,32,6,7,36.55,36.55,-0.07142857142857142,total
2006-04-01,Cumhuriyet Halk Partisi,interest,Faiz,macro_economy,13,30,2,5,32.45,32.45,-0.375,total
2006-04-01,Anavatan Partisi,law_state,Hukuk Devleti,democratic_reform,13,25,16,4,32.0,32.0,0.5714285714285714,total
2006-04-01,Anavatan Partisi,european_union,Avrupa Birligi,democratic_reform,10,24,13,3,29.6,29.6,0.5882352941176471,total
2006-04-01,Adalet ve Kalkınma Partisi,imf,IMF,macro_economy,14,24,4,1,25.75,25.75,0.5,total
2006-04-01,Cumhuriyet Halk Partisi,reform,Reform,democratic_reform,10,20,6,4,23.5,23.5,0.18181818181818182,total
2006-04-01,Anavatan Partisi,constitution,Anayasa,constitutional_conflict,10,14,9,2,17.85,17.85,0.5833333333333334,total
2006-04-01,Doğru Yol Partisi,constitution,Anayasa,constitutional_conflict,5,13,5,1,15.1,15.1,0.5714285714285714,total
2006-04-01,Doğru Yol Partisi,interest,Faiz,macro_economy,5,14,0,2,14.7,14.7,-0.6666666666666666,total
2006-04-01,Doğru Yol Partisi,economy,Ekonomi,macro_economy,6,10,1,12,14.55,14.55,-0.7857142857142857,total
2006-04-01,Adalet ve Kalkınma Partisi,inflation,Enflasyon,macro_economy,9,13,1,2,14.05,14.05,-0.25,total
2006-04-01,Cumhuriyet Halk Partisi,inflation,Enflasyon,macro_economy,8,13,1,0,13.35,13.35,0.5,total
2006-04-01,Cumhuriyet Halk Partisi,sovereignty,Egemenlik,security_conflict,7,11,0,2,11.7,11.7,-0.6666666666666666,total
2006-04-01,Cumhuriyet Halk Partisi,imf,IMF,macro_economy,8,11,0,1,11.35,11.35,-0.5,total
2006-04-01,Doğru Yol Partisi,reform,Reform,democratic_reform,4,8,0,2,8.7,8.7,-0.6666666666666666,total
2006-04-01,Doğru Yol Partisi,democracy,Demokrasi,democratic_reform,2,6,1,3,7.4,7.4,-0.4,total
2006-04-01,Bağımsız,economy,Ekonomi,macro_economy,4,5,2,2,6.4,6.4,0.0,total
2006-04-01,Anavatan Partisi,interest,Faiz,macro_economy,4,5,2,1,6.050000000000001,6.050000000000001,0.25,total
2006-04-01,Doğru Yol Partisi,law_state,Hukuk Devleti,democratic_reform,2,5,1,1,5.699999999999999,5.699999999999999,0.0,total
2006-04-01,Anavatan Partisi,democracy,Demokrasi,democratic_reform,4,5,1,0,5.35,5.35,0.5,total
2006-04-01,Bağımsız,security,Guvenlik,security_conflict,2,5,0,0,5.0,5.0,0.0,total
2006-04-01,Cumhuriyet Halk Partisi,tutelage,Vesayet,constitutional_conflict,2,2,3,2,3.75,3.75,0.16666666666666666,total
2006-04-01,Bağımsız,european_union,Avrupa Birligi,democratic_reform,2,2,1,0,2.35,2.35,0.5,total
2006-04-01,Doğru Yol Partisi,imf,IMF,macro_economy,1,2,0,1,2.35,2.35,-0.5,total
2006-04-01,Anavatan Partisi,sovereignty,Egemenlik,security_conflict,2,2,0,0,2.0,2.0,0.0,total
2006-04-01,Doğru Yol Partisi,sovereignty,Egemenlik,security_conflict,1,2,0,0,2.0,2.0,0.0,total
2006-04-01,Adalet ve Kalkınma Partisi,tutelage,Vesayet,constitutional_conflict,1,1,0,1,1.35,1.35,-0.5,total
2006-04-01,Doğru Yol Partisi,inflation,Enflasyon,macro_economy,1,1,0,0,1.0,1.0,0.0,total
2006-05-01,Adalet ve Kalkınma Partisi,security,Guvenlik,security_conflict,85,538,187,100,638.45,638.45,0.3020833333333333,total
2006-05-01,Cumhuriyet Halk Partisi,security,Guvenlik,security_conflict,62,381,104,126,461.5,461.5,-0.09523809523809523,total
2006-05-01,Cumhuriyet Halk Partisi,economy,Ekonomi,macro_economy,105,309,192,97,410.15,410.15,0.3275862068965517,total
2006-05-01,Adalet ve Kalkınma Partisi,economy,Ekonomi,macro_economy,64,190,123,32,244.25,244.25,0.5833333333333334,total
2006-05-01,Cumhuriyet Halk Partisi,law_state,Hukuk Devleti,democratic_reform,73,185,41,63,221.4,221.4,-0.20952380952380953,total
2006-05-01,Adalet ve Kalkınma Partisi,law_state,Hukuk Devleti,democratic_reform,70,146,23,30,164.55,164.55,-0.12962962962962962,total
2006-05-01,Adalet ve Kalkınma Partisi,constitution,Anayasa,constitutional_conflict,51,143,32,20,161.20000000000002,161.20000000000002,0.22641509433962265,total
2006-05-01,Cumhuriyet Halk Partisi,constitution,Anayasa,constitutional_conflict,53,126,29,15,141.4,141.4,0.3111111111111111,total
2006-05-01,Cumhuriyet Halk Partisi,democracy,Demokrasi,democratic_reform,46,77,21,14,89.25,89.25,0.19444444444444445,total
2006-05-01,Adalet ve Kalkınma Partisi,democracy,Demokrasi,democratic_reform,34,67,33,10,82.05,82.05,0.5227272727272727,total
2006-05-01,Anavatan Partisi,economy,Ekonomi,macro_economy,10,61,30,17,77.45,77.45,0.2708333333333333,total
2006-05-01,Anavatan Partisi,security,Guvenlik,security_conflict,17,64,21,12,75.55,75.55,0.2647058823529412,total
2006-05-01,Adalet ve Kalkınma Partisi,reform,Reform,democratic_reform,27,65,15,11,74.1,74.1,0.14814814814814814,total
2006-05-01,Cumhuriyet Halk Partisi,european_union,Avrupa Birligi,democratic_reform,34,53,27,16,68.05,68.05,0.25,total
2006-05-01,Doğru Yol Partisi,security,Guvenlik,security_conflict,19,55,13,4,60.95,60.95,0.5,total
2006-05-01,Doğru Yol Partisi,economy,Ekonomi,macro_economy,22,46,3,21,54.400000000000006,54.400000000000006,-0.72,total
2006-05-01,Adalet ve Kalkınma Partisi,european_union,Avrupa Birligi,democratic_reform,23,44,26,3,54.15,54.15,0.7666666666666667,total
2006-05-01,Anavatan Partisi,constitution,Anayasa,constitutional_conflict,15,40,4,2,42.1,42.1,0.2857142857142857,total
2006-05-01,Doğru Yol Partisi,constitution,Anayasa,constitutional_conflict,12,37,4,3,39.45,39.45,0.125,total
2006-05-01,Anavatan Partisi,law_state,Hukuk Devleti,democratic_reform,12,34,12,2,38.9,38.9,0.6666666666666666,total
2006-05-01,Cumhuriyet Halk Partisi,reform,Reform,democratic_reform,16,32,7,11,38.3,38.3,-0.21052631578947367,total
2006-05-01,Cumhuriyet Halk Partisi,imf,IMF,macro_economy,23,33,4,5,36.15,36.15,-0.1,total
2006-05-01,Cumhuriyet Halk Partisi,interest,Faiz,macro_economy,15,27,3,7,30.5,30.5,-0.36363636363636365,total
2006-05-01,Bağımsız,economy,Ekonomi,macro_economy,5,18,8,26,29.900000000000002,29.900000000000002,-0.5142857142857142,total
2006-05-01,Cumhuriyet Halk Partisi,inflation,Enflasyon,macro_economy,10,26,6,4,29.500000000000004,29.500000000000004,0.18181818181818182,total
2006-05-01,Adalet ve Kalkınma Partisi,inflation,Enflasyon,macro_economy,12,23,9,5,27.9,27.9,0.26666666666666666,total
2006-05-01,Anavatan Partisi,inflation,Enflasyon,macro_economy,3,27,0,1,27.35,27.35,-0.5,total
2006-05-01,Anavatan Partisi,democracy,Demokrasi,democratic_reform,5,18,2,17,24.650000000000002,24.650000000000002,-0.75,total
2006-05-01,Adalet ve Kalkınma Partisi,interest,Faiz,macro_economy,14,21,6,2,23.8,23.8,0.4444444444444444,total
2006-05-01,Adalet ve Kalkınma Partisi,imf,IMF,macro_economy,9,19,5,4,22.15,22.15,0.1,total
2006-05-01,Anavatan Partisi,imf,IMF,macro_economy,7,18,3,7,21.5,21.5,-0.36363636363636365,total
2006-05-01,Anavatan Partisi,reform,Reform,democratic_reform,5,18,4,3,20.45,20.45,0.125,total
2006-05-01,Anavatan Partisi,interest,Faiz,macro_economy,4,9,4,0,10.399999999999999,10.399999999999999,0.8,total
2006-05-01,Bağımsız,law_state,Hukuk Devleti,democratic_reform,1,8,0,2,8.7,8.7,-0.6666666666666666,total
2006-05-01,Doğru Yol Partisi,imf,IMF,macro_economy,6,8,1,1,8.7,8.7,0.0,total
2006-05-01,Anavatan Partisi,european_union,Avrupa Birligi,democratic_reform,6,7,3,1,8.4,8.4,0.4,total
2006-05-01,Bağımsız,security,Guvenlik,security_conflict,4,5,0,7,7.45,7.45,-0.875,total
2006-05-01,Bağımsız,european_union,Avrupa Birligi,democratic_reform,4,6,0,2,6.7,6.7,-0.6666666666666666,total
2006-05-01,Doğru Yol Partisi,inflation,Enflasyon,macro_economy,4,5,0,1,5.35,5.35,-0.5,total
2006-05-01,Bağımsız,democracy,Demokrasi,democratic_reform,3,4,1,1,4.7,4.7,0.0,total
2006-05-01,Doğru Yol Partisi,law_state,Hukuk Devleti,democratic_reform,2,3,4,0,4.4,4.4,0.8,total
2006-05-01,Cumhuriyet Halk Partisi,sovereignty,Egemenlik,security_conflict,2,3,2,0,3.7,3.7,0.6666666666666666,total
2006-05-01,Doğru Yol Partisi,reform,Reform,democratic_reform,1,2,0,3,3.05,3.05,-0.75,total
2006-05-01,Bağımsız,reform,Reform,democratic_reform,2,3,0,0,3.0,3.0,0.0,total
2006-05-01,Adalet ve Kalkınma Partisi,sovereignty,Egemenlik,security_conflict,2,2,1,0,2.35,2.35,0.5,total
2006-05-01,Anavatan Partisi,sovereignty,Egemenlik,security_conflict,2,2,1,0,2.35,2.35,0.5,total
2006-05-01,Doğru Yol Partisi,european_union,Avrupa Birligi,democratic_reform,2,2,1,0,2.35,2.35,0.5,total
2006-05-01,Bağımsız,constitution,Anayasa,constitutional_conflict,2,2,0,0,2.0,2.0,0.0,total
2006-05-01,Anavatan Partisi,tutelage,Vesayet,constitutional_conflict,1,1,1,1,1.7,1.7,0.0,total
2006-05-01,Bağımsız,interest,Faiz,macro_economy,1,1,1,1,1.7,1.7,0.0,total
2006-05-01,Bağımsız,imf,IMF,macro_economy,1,1,0,1,1.35,1.35,-0.5,total
2006-05-01,Doğru Yol Partisi,democracy,Demokrasi,democratic_reform,1,1,0,0,1.0,1.0,0.0,total
2006-06-01,Adalet ve Kalkınma Partisi,economy,Ekonomi,macro_economy,149,778,421,244,1010.75,1010.75,0.26576576576576577,total
2006-06-01,Cumhuriyet Halk Partisi,law_state,Hukuk Devleti,democratic_reform,135,609,171,136,716.45,716.45,0.11363636363636363,total
2006-06-01,Adalet ve Kalkınma Partisi,law_state,Hukuk Devleti,democratic_reform,137,555,141,91,636.2,636.2,0.2145922746781116,total
2006-06-01,Cumhuriyet Halk Partisi,economy,Ekonomi,macro_economy,118,468,202,147,590.15,590.15,0.15714285714285714,total
2006-06-01,Adalet ve Kalkınma Partisi,security,Guvenlik,security_conflict,61,468,103,97,538.0,538.0,0.029850746268656716,total
2006-06-01,Anavatan Partisi,economy,Ekonomi,macro_economy,68,343,127,66,410.55,410.55,0.31443298969072164,total
2006-06-01,Cumhuriyet Halk Partisi,constitution,Anayasa,constitutional_conflict,92,314,72,30,349.7,349.7,0.4077669902912621,total
2006-06-01,Cumhuriyet Halk Partisi,security,Guvenlik,security_conflict,60,270,42,100,319.7,319.7,-0.40559440559440557,total
2006-06-01,Bağımsız,economy,Ekonomi,macro_economy,25,165,130,51,228.35,228.35,0.4340659340659341,total
2006-06-01,Adalet ve Kalkınma Partisi,constitution,Anayasa,constitutional_conflict,70,184,30,27,203.95,203.95,0.05172413793103448,total
2006-06-01,Anavatan Partisi,law_state,Hukuk Devleti,democratic_reform,52,155,80,40,197.0,197.0,0.3305785123966942,total
2006-06-01,Doğru Yol Partisi,economy,Ekonomi,macro_economy,48,147,37,78,187.25,187.25,-0.35344827586206895,total
2006-06-01,Adalet ve Kalkınma Partisi,european_union,Avrupa Birligi,democratic_reform,48,134,90,16,171.1,171.1,0.6915887850467289,total
2006-06-01,Cumhuriyet Halk Partisi,european_union,Avrupa Birligi,democratic_reform,51,114,51,35,144.1,144.1,0.1839080459770115,total
2006-06-01,Cumhuriyet Halk Partisi,democracy,Demokrasi,democratic_reform,52,122,42,18,143.0,143.0,0.39344262295081966,total
2006-06-01,Anavatan Partisi,security,Guvenlik,security_conflict,29,109,33,46,136.65,136.65,-0.1625,total
2006-06-01,Cumhuriyet Halk Partisi,interest,Faiz,macro_economy,32,115,19,21,129.0,129.0,-0.04878048780487805,total
2006-06-01,Adalet ve Kalkınma Partisi,interest,Faiz,macro_economy,38,102,7,19,111.1,111.1,-0.4444444444444444,total
2006-06-01,Anavatan Partisi,interest,Faiz,macro_economy,35,100,18,13,110.85,110.85,0.15625,total
2006-06-01,Bağımsız,security,Guvenlik,security_conflict,14,84,45,21,107.1,107.1,0.3582089552238806,total
2006-06-01,Anavatan Partisi,constitution,Anayasa,constitutional_conflict,31,87,13,13,96.1,96.1,0.0,total
2006-06-01,Adalet ve Kalkınma Partisi,democracy,Demokrasi,democratic_reform,35,72,48,7,91.25,91.25,0.7321428571428571,total
2006-06-01,Doğru Yol Partisi,security,Guvenlik,security_conflict,23,72,19,10,82.15,82.15,0.3,total
2006-06-01,Adalet ve Kalkınma Partisi,reform,Reform,democratic_reform,41,67,37,3,81.0,81.0,0.8292682926829268,total
2006-06-01,Bağımsız,european_union,Avrupa Birligi,democratic_reform,16,54,24,12,66.6,66.6,0.32432432432432434,total
2006-06-01,Anavatan Partisi,inflation,Enflasyon,macro_economy,22,55,7,9,60.6,60.6,-0.11764705882352941,total
2006-06-01,Anavatan Partisi,imf,IMF,macro_economy,12,48,10,20,58.5,58.5,-0.3225806451612903,total
2006-06-01,Doğru Yol Partisi,inflation,Enflasyon,macro_economy,15,47,2,7,50.15,50.15,-0.5,total
2006-06-01,Doğru Yol Partisi,interest,Faiz,macro_economy,15,45,0,9,48.15,48.15,-0.9,total
2006-06-01,Adalet ve Kalkınma Partisi,inflation,Enflasyon,macro_economy,15,40,15,5,47.0,47.0,0.47619047619047616,total
2006-06-01,Anavatan Partisi,reform,Reform,democratic_reform,16,40,6,7,44.55,44.55,-0.07142857142857142,total
2006-06-01,Bağımsız,law_state,Hukuk Devleti,democratic_reform,11,37,19,2,44.35,44.35,0.7727272727272727,total
2006-06-01,Bağımsız,constitution,Anayasa,constitutional_conflict,7,31,5,4,34.150000000000006,34.150000000000006,0.1,total
2006-06-01,Anavatan Partisi,european_union,Avrupa Birligi,democratic_reform,17,28,11,5,33.6,33.6,0.35294117647058826,total
2006-06-01,Cumhuriyet Halk Partisi,imf,IMF,macro_economy,16,30,4,6,33.5,33.5,-0.18181818181818182,total
2006-06-01,Cumhuriyet Halk Partisi,reform,Reform,democratic_reform,11,28,12,3,33.25,33.25,0.5625,total
2006-06-01,Cumhuriyet Halk Partisi,inflation,Enflasyon,macro_economy,12,27,6,10,32.6,32.6,-0.23529411764705882,total
2006-06-01,Doğru Yol Partisi,law_state,Hukuk Devleti,democratic_reform,11,28,6,2,30.8,30.8,0.4444444444444444,total
2006-06-01,Bağımsız,democracy,Demokrasi,democratic_reform,9,20,9,5,24.900000000000002,24.900000000000002,0.26666666666666666,total
2006-06-01,Anavatan Partisi,democracy,Demokrasi,democratic_reform,12,21,7,4,24.85,24.85,0.25,total
2006-06-01,Doğru Yol Partisi,constitution,Anayasa,constitutional_conflict,12,21,4,4,23.8,23.8,0.0,total
2006-06-01,Bağımsız,interest,Faiz,macro_economy,7,20,3,3,22.1,22.1,0.0,total
2006-06-01,Doğru Yol Partisi,european_union,Avrupa Birligi,democratic_reform,3,7,12,1,11.55,11.55,0.7857142857142857,total
2006-06-01,Adalet ve Kalkınma Partisi,imf,IMF,macro_economy,6,10,0,1,10.35,10.35,-0.5,total
2006-06-01,Cumhuriyet Halk Partisi,tutelage,Vesayet,constitutional_conflict,4,6,2,9,9.85,9.85,-0.5833333333333334,total
2006-06-01,Doğru Yol Partisi,imf,IMF,macro_economy,4,9,1,1,9.7,9.7,0.0,total
2006-06-01,Cumhuriyet Halk Partisi,sovereignty,Egemenlik,security_conflict,4,7,1,0,7.35,7.35,0.5,total
2006-06-01,Bağımsız,reform,Reform,democratic_reform,3,6,2,1,7.05,7.05,0.25,total
2006-06-01,Adalet ve Kalkınma Partisi,tutelage,Vesayet,constitutional_conflict,2,3,1,5,5.1,5.1,-0.5714285714285714,total
2006-06-01,Doğru Yol Partisi,reform,Reform,democratic_reform,3,3,1,0,3.35,3.35,0.5,total
2006-06-01,Anavatan Partisi,sovereignty,Egemenlik,security_conflict,3,3,0,0,3.0,3.0,0.0,total
2006-06-01,Bağımsız,imf,IMF,macro_economy,1,2,1,0,2.35,2.35,0.5,total
2006-06-01,Bağımsız,inflation,Enflasyon,macro_economy,1,1,0,0,1.0,1.0,0.0,total
2006-09-01,Adalet ve Kalkınma Partisi,economy,Ekonomi,macro_economy,41,121,60,47,158.45,158.45,0.12037037037037036,total
2006-09-01,Adalet ve Kalkınma Partisi,constitution,Anayasa,constitutional_conflict,15,144,7,12,150.65,150.65,-0.25,total
2006-09-01,Cumhuriyet Halk Partisi,constitution,Anayasa,constitutional_conflict,37,131,22,18,145.0,145.0,0.0975609756097561,total
2006-09-01,Cumhuriyet Halk Partisi,economy,Ekonomi,macro_economy,37,112,57,25,140.7,140.7,0.3855421686746988,total
2006-09-01,Bağımsız,constitution,Anayasa,constitutional_conflict,7,102,6,10,107.6,107.6,-0.23529411764705882,total
2006-09-01,Cumhuriyet Halk Partisi,security,Guvenlik,security_conflict,34,79,14,30,94.4,94.4,-0.35555555555555557,total
2006-09-01,Adalet ve Kalkınma Partisi,security,Guvenlik,security_conflict,43,81,21,15,93.6,93.6,0.16216216216216217,total
2006-09-01,Adalet ve Kalkınma Partisi,democracy,Demokrasi,democratic_reform,36,78,19,12,88.85,88.85,0.21875,total
2006-09-01,Anavatan Partisi,economy,Ekonomi,macro_economy,13,70,29,20,87.15,87.15,0.18,total
2006-09-01,Adalet ve Kalkınma Partisi,law_state,Hukuk Devleti,democratic_reform,22,74,15,12,83.45,83.45,0.10714285714285714,total
2006-09-01,Cumhuriyet Halk Partisi,law_state,Hukuk Devleti,democratic_reform,25,68,9,11,75.0,75.0,-0.09523809523809523,total
2006-09-01,Adalet ve Kalkınma Partisi,european_union,Avrupa Birligi,democratic_reform,34,63,25,4,73.15,73.15,0.7,total
2006-09-01,Cumhuriyet Halk Partisi,european_union,Avrupa Birligi,democratic_reform,30,55,23,11,66.9,66.9,0.34285714285714286,total
2006-09-01,Cumhuriyet Halk Partisi,democracy,Demokrasi,democratic_reform,26,49,24,4,58.8,58.8,0.6896551724137931,total
2006-09-01,Anavatan Partisi,european_union,Avrupa Birligi,democratic_reform,11,40,15,8,48.05,48.05,0.2916666666666667,total
2006-09-01,Doğru Yol Partisi,economy,Ekonomi,macro_economy,9,27,3,6,30.15,30.15,-0.3,total
2006-09-01,Anavatan Partisi,security,Guvenlik,security_conflict,6,16,14,13,25.45,25.45,0.03571428571428571,total
2006-09-01,Anavatan Partisi,democracy,Demokrasi,democratic_reform,10,21,7,2,24.15,24.15,0.5,total
2006-09-01,Doğru Yol Partisi,constitution,Anayasa,constitutional_conflict,6,21,1,8,24.15,24.15,-0.7,total
2006-09-01,Doğru Yol Partisi,security,Guvenlik,security_conflict,8,20,2,8,23.5,23.5,-0.5454545454545454,total
2006-09-01,Bağımsız,law_state,Hukuk Devleti,democratic_reform,3,19,4,4,21.8,21.8,0.0,total
2006-09-01,Adalet ve Kalkınma Partisi,reform,Reform,democratic_reform,10,12,7,3,15.5,15.5,0.36363636363636365,total
2006-09-01,Doğru Yol Partisi,inflation,Enflasyon,macro_economy,4,12,3,2,13.75,13.75,0.16666666666666666,total
2006-09-01,Anavatan Partisi,constitution,Anayasa,constitutional_conflict,4,11,2,1,12.05,12.05,0.25,total
2006-09-01,Cumhuriyet Halk Partisi,reform,Reform,democratic_reform,6,9,4,3,11.45,11.45,0.125,total
2006-09-01,Bağımsız,economy,Ekonomi,macro_economy,2,8,6,2,10.8,10.8,0.4444444444444444,total
2006-09-01,Anavatan Partisi,reform,Reform,democratic_reform,3,8,1,0,8.35,8.35,0.5,total
2006-09-01,Cumhuriyet Halk Partisi,interest,Faiz,macro_economy,5,6,2,1,7.050000000000001,7.050000000000001,0.25,total
2006-09-01,Bağımsız,democracy,Demokrasi,democratic_reform,4,7,0,0,7.0,7.0,0.0,total
2006-09-01,Doğru Yol Partisi,democracy,Demokrasi,democratic_reform,2,6,0,1,6.35,6.35,-0.5,total
2006-09-01,Cumhuriyet Halk Partisi,imf,IMF,macro_economy,4,4,0,1,4.35,4.35,-0.5,total
2006-09-01,Doğru Yol Partisi,imf,IMF,macro_economy,1,3,0,3,4.05,4.05,-0.75,total
2006-09-01,Anavatan Partisi,law_state,Hukuk Devleti,democratic_reform,4,4,0,0,4.0,4.0,0.0,total
2006-09-01,Bağımsız,european_union,Avrupa Birligi,democratic_reform,3,4,0,0,4.0,4.0,0.0,total
2006-09-01,Adalet ve Kalkınma Partisi,interest,Faiz,macro_economy,2,3,0,0,3.0,3.0,0.0,total
2006-09-01,Anavatan Partisi,sovereignty,Egemenlik,security_conflict,3,3,0,0,3.0,3.0,0.0,total
2006-09-01,Doğru Yol Partisi,european_union,Avrupa Birligi,democratic_reform,3,3,0,0,3.0,3.0,0.0,total
2006-09-01,Anavatan Partisi,interest,Faiz,macro_economy,1,2,2,0,2.7,2.7,0.6666666666666666,total
2006-09-01,Adalet ve Kalkınma Partisi,inflation,Enflasyon,macro_economy,2,2,0,0,2.0,2.0,0.0,total
2006-09-01,Anavatan Partisi,imf,IMF,macro_economy,2,2,0,0,2.0,2.0,0.0,total
2006-09-01,Doğru Yol Partisi,interest,Faiz,macro_economy,1,2,0,0,2.0,2.0,0.0,total
2006-09-01,Doğru Yol Partisi,law_state,Hukuk Devleti,democratic_reform,2,2,0,0,2.0,2.0,0.0,total
2006-09-01,Anavatan Partisi,inflation,Enflasyon,macro_economy,1,1,1,0,1.35,1.35,0.5,total
2006-09-01,Adalet ve Kalkınma Partisi,imf,IMF,macro_economy,1,1,0,0,1.0,1.0,0.0,total
2006-09-01,Adalet ve Kalkınma Partisi,sovereignty,Egemenlik,security_conflict,1,1,0,0,1.0,1.0,0.0,total
2006-10-01,Cumhuriyet Halk Partisi,constitution,Anayasa,constitutional_conflict,24,87,16,22,100.3,100.3,-0.15384615384615385,total
2006-10-01,Adalet ve Kalkınma Partisi,economy,Ekonomi,macro_economy,39,77,40,10,94.5,94.5,0.5882352941176471,total
2006-10-01,Cumhuriyet Halk Partisi,economy,Ekonomi,macro_economy,33,80,23,15,93.3,93.3,0.20512820512820512,total
2006-10-01,Adalet ve Kalkınma Partisi,constitution,Anayasa,constitutional_conflict,37,77,11,9,84.0,84.0,0.09523809523809523,total
2006-10-01,Cumhuriyet Halk Partisi,law_state,Hukuk Devleti,democratic_reform,23,68,12,32,83.4,83.4,-0.4444444444444444,total
2006-10-01,Bağımsız,democracy,Demokrasi,democratic_reform,3,42,29,24,60.55,60.55,0.09259259259259259,total
2006-10-01,Adalet ve Kalkınma Partisi,law_state,Hukuk Devleti,democratic_reform,26,41,11,19,51.5,51.5,-0.25806451612903225,total
2006-10-01,Adalet ve Kalkınma Partisi,democracy,Demokrasi,democratic_reform,19,38,30,6,50.6,50.6,0.6486486486486487,total
2006-10-01,Adalet ve Kalkınma Partisi,european_union,Avrupa Birligi,democratic_reform,13,41,4,12,46.6,46.6,-0.47058823529411764,total
2006-10-01,Anavatan Partisi,european_union,Avrupa Birligi,democratic_reform,11,33,18,3,40.35,40.35,0.6818181818181818,total
2006-10-01,Cumhuriyet Halk Partisi,security,Guvenlik,security_conflict,15,31,4,14,37.3,37.3,-0.5263157894736842,total
2006-10-01,Anavatan Partisi,constitution,Anayasa,constitutional_conflict,10,31,8,9,36.95,36.95,-0.05555555555555555,total
2006-10-01,Cumhuriyet Halk Partisi,european_union,Avrupa Birligi,democratic_reform,15,27,9,14,35.05,35.05,-0.20833333333333334,total
2006-10-01,Cumhuriyet Halk Partisi,democracy,Demokrasi,democratic_reform,12,26,15,5,33.0,33.0,0.47619047619047616,total
2006-10-01,Anavatan Partisi,economy,Ekonomi,macro_economy,8,27,11,5,32.6,32.6,0.35294117647058826,total
2006-10-01,Anavatan Partisi,democracy,Demokrasi,democratic_reform,9,18,6,4,21.5,21.5,0.18181818181818182,total
2006-10-01,Adalet ve Kalkınma Partisi,reform,Reform,democratic_reform,10,18,3,1,19.4,19.4,0.4,total
2006-10-01,Adalet ve Kalkınma Partisi,security,Guvenlik,security_conflict,10,15,4,2,17.1,17.1,0.2857142857142857,total
2006-10-01,Cumhuriyet Halk Partisi,interest,Faiz,macro_economy,8,12,3,6,15.15,15.15,-0.3,total
2006-10-01,Anavatan Partisi,reform,Reform,democratic_reform,6,11,3,3,13.1,13.1,0.0,total
2006-10-01,Anavatan Partisi,law_state,Hukuk Devleti,democratic_reform,6,10,0,4,11.4,11.4,-0.8,total
2006-10-01,Bağımsız,constitution,Anayasa,constitutional_conflict,4,10,3,0,11.05,11.05,0.75,total
2006-10-01,Adalet ve Kalkınma Partisi,tutelage,Vesayet,constitutional_conflict,3,6,1,12,10.549999999999999,10.549999999999999,-0.7857142857142857,total
2006-10-01,Cumhuriyet Halk Partisi,imf,IMF,macro_economy,7,8,1,5,10.100000000000001,10.100000000000001,-0.5714285714285714,total
2006-10-01,Bağımsız,economy,Ekonomi,macro_economy,1,6,4,7,9.85,9.85,-0.25,total
2006-10-01,Anavatan Partisi,security,Guvenlik,security_conflict,4,7,2,4,9.1,9.1,-0.2857142857142857,total
2006-10-01,Doğru Yol Partisi,security,Guvenlik,security_conflict,1,5,0,0,5.0,5.0,0.0,total
2006-10-01,Anavatan Partisi,interest,Faiz,macro_economy,2,4,1,1,4.7,4.7,0.0,total
2006-10-01,Anavatan Partisi,imf,IMF,macro_economy,3,4,1,0,4.35,4.35,0.5,total
2006-10-01,Bağımsız,european_union,Avrupa Birligi,democratic_reform,3,4,1,0,4.35,4.35,0.5,total
2006-10-01,Cumhuriyet Halk Partisi,inflation,Enflasyon,macro_economy,4,4,1,0,4.35,4.35,0.5,total
2006-10-01,Bağımsız,security,Guvenlik,security_conflict,1,3,1,2,4.05,4.05,-0.25,total
2006-10-01,Adalet ve Kalkınma Partisi,inflation,Enflasyon,macro_economy,4,4,0,0,4.0,4.0,0.0,total
2006-10-01,Doğru Yol Partisi,constitution,Anayasa,constitutional_conflict,2,4,0,0,4.0,4.0,0.0,total
2006-10-01,Adalet ve Kalkınma Partisi,interest,Faiz,macro_economy,2,2,0,0,2.0,2.0,0.0,total
2006-10-01,Bağımsız,interest,Faiz,macro_economy,1,1,1,0,1.35,1.35,0.5,total
2006-10-01,Bağımsız,sovereignty,Egemenlik,security_conflict,1,1,0,1,1.35,1.35,-0.5,total
2006-10-01,Anavatan Partisi,inflation,Enflasyon,macro_economy,1,1,0,0,1.0,1.0,0.0,total
2006-10-01,Bağımsız,law_state,Hukuk Devleti,democratic_reform,1,1,0,0,1.0,1.0,0.0,total
2006-10-01,Cumhuriyet Halk Partisi,reform,Reform,democratic_reform,1,1,0,0,1.0,1.0,0.0,total
2006-10-01,Doğru Yol Partisi,economy,Ekonomi,macro_economy,1,1,0,0,1.0,1.0,0.0,total
2006-11-01,Cumhuriyet Halk Partisi,law_state,Hukuk Devleti,democratic_reform,123,364,73,60,410.55,410.55,0.09701492537313433,total
2006-11-01,Adalet ve Kalkınma Partisi,law_state,Hukuk Devleti,democratic_reform,126,353,77,47,396.4,396.4,0.24,total
2006-11-01,Cumhuriyet Halk Partisi,european_union,Avrupa Birligi,democratic_reform,61,132,52,44,165.6,165.6,0.08247422680412371,total
2006-11-01,Adalet ve Kalkınma Partisi,economy,Ekonomi,macro_economy,38,111,56,25,139.35,139.35,0.3780487804878049,total
2006-11-01,Cumhuriyet Halk Partisi,constitution,Anayasa,constitutional_conflict,63,130,15,10,138.75,138.75,0.19230769230769232,total
2006-11-01,Adalet ve Kalkınma Partisi,constitution,Anayasa,constitutional_conflict,46,127,6,11,132.95,132.95,-0.2777777777777778,total
2006-11-01,Cumhuriyet Halk Partisi,economy,Ekonomi,macro_economy,49,96,14,42,115.6,115.6,-0.49122807017543857,total
2006-11-01,Anavatan Partisi,law_state,Hukuk Devleti,democratic_reform,17,72,18,20,85.30000000000001,85.30000000000001,-0.05128205128205128,total
2006-11-01,Cumhuriyet Halk Partisi,democracy,Demokrasi,democratic_reform,49,74,13,18,84.85,84.85,-0.15625,total
2006-11-01,Cumhuriyet Halk Partisi,security,Guvenlik,security_conflict,21,46,4,53,65.95,65.95,-0.8448275862068966,total
2006-11-01,Adalet ve Kalkınma Partisi,european_union,Avrupa Birligi,democratic_reform,36,55,18,13,65.85,65.85,0.15625,total
2006-11-01,Adalet ve Kalkınma Partisi,democracy,Demokrasi,democratic_reform,32,47,16,15,57.85,57.85,0.03125,total
2006-11-01,Anavatan Partisi,european_union,Avrupa Birligi,democratic_reform,12,25,17,6,33.05,33.05,0.4583333333333333,total
2006-11-01,Adalet ve Kalkınma Partisi,security,Guvenlik,security_conflict,18,20,3,9,24.2,24.2,-0.46153846153846156,total
2006-11-01,Anavatan Partisi,economy,Ekonomi,macro_economy,10,19,6,2,21.8,21.8,0.4444444444444444,total
2006-11-01,Cumhuriyet Halk Partisi,interest,Faiz,macro_economy,10,17,3,0,18.05,18.05,0.75,total
2006-11-01,Bağımsız,economy,Ekonomi,macro_economy,4,14,5,6,17.85,17.85,-0.08333333333333333,total
2006-11-01,Cumhuriyet Halk Partisi,reform,Reform,democratic_reform,10,14,3,6,17.15,17.15,-0.3,total
2006-11-01,Anavatan Partisi,constitution,Anayasa,constitutional_conflict,4,15,1,3,16.4,16.4,-0.4,total
2006-11-01,Adalet ve Kalkınma Partisi,reform,Reform,democratic_reform,12,14,1,2,15.05,15.05,-0.25,total
2006-11-01,Cumhuriyet Halk Partisi,imf,IMF,macro_economy,7,9,3,10,13.55,13.55,-0.5,total
2006-11-01,Anavatan Partisi,democracy,Demokrasi,democratic_reform,4,11,5,2,13.45,13.45,0.375,total
2006-11-01,Anavatan Partisi,security,Guvenlik,security_conflict,7,10,1,6,12.450000000000001,12.450000000000001,-0.625,total
2006-11-01,Doğru Yol Partisi,interest,Faiz,macro_economy,5,9,0,4,10.4,10.4,-0.8,total
2006-11-01,Anavatan Partisi,interest,Faiz,macro_economy,6,9,2,1,10.05,10.05,0.25,total
2006-11-01,Adalet ve Kalkınma Partisi,interest,Faiz,macro_economy,7,8,0,2,8.7,8.7,-0.6666666666666666,total
2006-11-01,Anavatan Partisi,imf,IMF,macro_economy,5,7,1,3,8.4,8.4,-0.4,total
2006-11-01,Doğru Yol Partisi,security,Guvenlik,security_conflict,4,7,0,1,7.35,7.35,-0.5,total
2006-11-01,Anavatan Partisi,inflation,Enflasyon,macro_economy,2,5,1,1,5.699999999999999,5.699999999999999,0.0,total
2006-11-01,Cumhuriyet Halk Partisi,inflation,Enflasyon,macro_economy,2,4,2,0,4.7,4.7,0.6666666666666666,total
2006-11-01,Bağımsız,security,Guvenlik,security_conflict,3,3,1,3,4.4,4.4,-0.4,total
2006-11-01,Anavatan Partisi,reform,Reform,democratic_reform,3,4,1,0,4.35,4.35,0.5,total
2006-11-01,Adalet ve Kalkınma Partisi,inflation,Enflasyon,macro_economy,4,4,0,0,4.0,4.0,0.0,total
2006-11-01,Doğru Yol Partisi,constitution,Anayasa,constitutional_conflict,1,4,0,0,4.0,4.0,0.0,total
2006-11-01,Bağımsız,european_union,Avrupa Birligi,democratic_reform,3,3,1,0,3.35,3.35,0.5,total
2006-11-01,Adalet ve Kalkınma Partisi,imf,IMF,macro_economy,2,3,0,0,3.0,3.0,0.0,total
2006-11-01,Anavatan Partisi,sovereignty,Egemenlik,security_conflict,3,3,0,0,3.0,3.0,0.0,total
2006-11-01,Cumhuriyet Halk Partisi,sovereignty,Egemenlik,security_conflict,2,3,0,0,3.0,3.0,0.0,total
2006-11-01,Cumhuriyet Halk Partisi,tutelage,Vesayet,constitutional_conflict,2,2,0,2,2.7,2.7,-0.6666666666666666,total
2006-11-01,Adalet ve Kalkınma Partisi,sovereignty,Egemenlik,security_conflict,2,2,0,1,2.35,2.35,-0.5,total
2006-11-01,Doğru Yol Partisi,inflation,Enflasyon,macro_economy,1,2,0,0,2.0,2.0,0.0,total
2006-11-01,Doğru Yol Partisi,law_state,Hukuk Devleti,democratic_reform,1,2,0,0,2.0,2.0,0.0,total
2006-11-01,Bağımsız,interest,Faiz,macro_economy,1,1,0,2,1.7,1.7,-0.6666666666666666,total
2006-11-01,Doğru Yol Partisi,democracy,Demokrasi,democratic_reform,1,1,1,1,1.7,1.7,0.0,total
2006-11-01,Bağımsız,constitution,Anayasa,constitutional_conflict,1,1,0,0,1.0,1.0,0.0,total
2006-11-01,Bağımsız,democracy,Demokrasi,democratic_reform,1,1,0,0,1.0,1.0,0.0,total
2006-12-01,Adalet ve Kalkınma Partisi,economy,Ekonomi,macro_economy,178,805,584,176,1071.0,1071.0,0.5361366622864652,total
2006-12-01,Cumhuriyet Halk Partisi,economy,Ekonomi,macro_economy,133,496,202,145,617.45,617.45,0.16379310344827586,total
2006-12-01,Cumhuriyet Halk Partisi,law_state,Hukuk Devleti,democratic_reform,145,434,131,101,515.2,515.2,0.12875536480686695,total
2006-12-01,Adalet ve Kalkınma Partisi,law_state,Hukuk Devleti,democratic_reform,119,401,122,106,480.8,480.8,0.06986899563318777,total
2006-12-01,Adalet ve Kalkınma Partisi,security,Guvenlik,security_conflict,109,330,96,127,408.05,408.05,-0.13839285714285715,total
2006-12-01,Cumhuriyet Halk Partisi,constitution,Anayasa,constitutional_conflict,123,307,73,25,341.3,341.3,0.48484848484848486,total
2006-12-01,Adalet ve Kalkınma Partisi,constitution,Anayasa,constitutional_conflict,87,260,44,25,284.15,284.15,0.2714285714285714,total
2006-12-01,Cumhuriyet Halk Partisi,security,Guvenlik,security_conflict,68,174,33,120,227.55,227.55,-0.564935064935065,total
2006-12-01,Adalet ve Kalkınma Partisi,interest,Faiz,macro_economy,41,148,43,12,167.25,167.25,0.5535714285714286,total
2006-12-01,Bağımsız,economy,Ekonomi,macro_economy,6,128,44,60,164.4,164.4,-0.1523809523809524,total
2006-12-01,Anavatan Partisi,economy,Ekonomi,macro_economy,32,127,54,45,161.65,161.65,0.09,total
2006-12-01,Cumhuriyet Halk Partisi,democracy,Demokrasi,democratic_reform,83,136,29,16,151.75,151.75,0.2826086956521739,total
2006-12-01,Cumhuriyet Halk Partisi,interest,Faiz,macro_economy,42,127,42,22,149.4,149.4,0.3076923076923077,total
2006-12-01,Adalet ve Kalkınma Partisi,reform,Reform,democratic_reform,53,123,35,17,141.2,141.2,0.33962264150943394,total
2006-12-01,Adalet ve Kalkınma Partisi,european_union,Avrupa Birligi,democratic_reform,58,118,45,20,140.75,140.75,0.3787878787878788,total
2006-12-01,Cumhuriyet Halk Partisi,european_union,Avrupa Birligi,democratic_reform,47,111,40,24,133.4,133.4,0.24615384615384617,total
2006-12-01,Anavatan Partisi,law_state,Hukuk Devleti,democratic_reform,26,90,56,15,114.85,114.85,0.5694444444444444,total
2006-12-01,Adalet ve Kalkınma Partisi,democracy,Demokrasi,democratic_reform,49,94,46,6,112.2,112.2,0.7547169811320755,total
2006-12-01,Anavatan Partisi,security,Guvenlik,security_conflict,26,79,14,68,107.7,107.7,-0.6506024096385542,total
2006-12-01,Adalet ve Kalkınma Partisi,inflation,Enflasyon,macro_economy,38,76,33,13,92.1,92.1,0.425531914893617,total
2006-12-01,Cumhuriyet Halk Partisi,inflation,Enflasyon,macro_economy,25,70,8,12,77.0,77.0,-0.19047619047619047,total
2006-12-01,Cumhuriyet Halk Partisi,imf,IMF,macro_economy,29,61,15,29,76.4,76.4,-0.3111111111111111,total
2006-12-01,Anavatan Partisi,european_union,Avrupa Birligi,democratic_reform,23,43,22,14,55.6,55.6,0.21621621621621623,total
2006-12-01,Cumhuriyet Halk Partisi,reform,Reform,democratic_reform,29,42,6,15,49.35,49.35,-0.4090909090909091,total
2006-12-01,Bağımsız,european_union,Avrupa Birligi,democratic_reform,5,33,14,5,39.65,39.65,0.45,total
2006-12-01,Anavatan Partisi,constitution,Anayasa,constitutional_conflict,17,35,7,5,39.2,39.2,0.15384615384615385,total
2006-12-01,Anavatan Partisi,imf,IMF,macro_economy,17,30,8,10,36.3,36.3,-0.10526315789473684,total
2006-12-01,Doğru Yol Partisi,economy,Ekonomi,macro_economy,7,24,27,2,34.15,34.15,0.8333333333333334,total
2006-12-01,Adalet ve Kalkınma Partisi,imf,IMF,macro_economy,15,26,7,2,29.150000000000002,29.150000000000002,0.5,total
2006-12-01,Bağımsız,security,Guvenlik,security_conflict,3,17,2,5,19.450000000000003,19.450000000000003,-0.375,total
2006-12-01,Anavatan Partisi,reform,Reform,democratic_reform,10,18,4,0,19.4,19.4,0.8,total
2006-12-01,Anavatan Partisi,democracy,Demokrasi,democratic_reform,6,16,6,3,19.15,19.15,0.3,total
2006-12-01,Bağımsız,inflation,Enflasyon,macro_economy,2,16,0,5,17.75,17.75,-0.8333333333333334,total
2006-12-01,Anavatan Partisi,inflation,Enflasyon,macro_economy,11,15,2,3,16.75,16.75,-0.16666666666666666,total
2006-12-01,Anavatan Partisi,interest,Faiz,macro_economy,11,14,3,0,15.05,15.05,0.75,total
2006-12-01,Bağımsız,constitution,Anayasa,constitutional_conflict,4,13,0,2,13.7,13.7,-0.6666666666666666,total
2006-12-01,Bağımsız,imf,IMF,macro_economy,2,10,3,6,13.15,13.15,-0.3,total
2006-12-01,Cumhuriyet Halk Partisi,sovereignty,Egemenlik,security_conflict,4,10,0,5,11.75,11.75,-0.8333333333333334,total
2006-12-01,Bağımsız,democracy,Demokrasi,democratic_reform,3,8,5,1,10.1,10.1,0.5714285714285714,total
2006-12-01,Cumhuriyet Halk Partisi,tutelage,Vesayet,constitutional_conflict,2,5,2,8,8.5,8.5,-0.5454545454545454,total
2006-12-01,Doğru Yol Partisi,security,Guvenlik,security_conflict,5,8,0,1,8.35,8.35,-0.5,total
2006-12-01,Adalet ve Kalkınma Partisi,sovereignty,Egemenlik,security_conflict,3,6,0,2,6.7,6.7,-0.6666666666666666,total
2006-12-01,Bağımsız,interest,Faiz,macro_economy,1,6,0,1,6.35,6.35,-0.5,total
2006-12-01,Bağımsız,law_state,Hukuk Devleti,democratic_reform,2,4,2,2,5.4,5.4,0.0,total
2006-12-01,Doğru Yol Partisi,constitution,Anayasa,constitutional_conflict,4,5,0,0,5.0,5.0,0.0,total
2006-12-01,Doğru Yol Partisi,law_state,Hukuk Devleti,democratic_reform,2,5,0,0,5.0,5.0,0.0,total
2006-12-01,Doğru Yol Partisi,democracy,Demokrasi,democratic_reform,2,3,0,0,3.0,3.0,0.0,total
2006-12-01,Doğru Yol Partisi,inflation,Enflasyon,macro_economy,1,2,0,1,2.35,2.35,-0.5,total
2006-12-01,Doğru Yol Partisi,interest,Faiz,macro_economy,2,2,0,1,2.35,2.35,-0.5,total
2006-12-01,Bağımsız,reform,Reform,democratic_reform,1,2,0,0,2.0,2.0,0.0,total
2006-12-01,Anavatan Partisi,tutelage,Vesayet,constitutional_conflict,1,1,1,1,1.7,1.7,0.0,total
2006-12-01,Anavatan Partisi,sovereignty,Egemenlik,security_conflict,1,1,1,0,1.35,1.35,0.5,total
2006-12-01,Doğru Yol Partisi,reform,Reform,democratic_reform,1,1,1,0,1.35,1.35,0.5,total
2006-12-01,Doğru Yol Partisi,european_union,Avrupa Birligi,democratic_reform,1,1,0,0,1.0,1.0,0.0,total
2007-01-01,Adalet ve Kalkınma Partisi,economy,Ekonomi,macro_economy,44,121,104,47,173.85,173.85,0.375,total
2007-01-01,Adalet ve Kalkınma Partisi,european_union,Avrupa Birligi,democratic_reform,28,100,23,38,121.35,121.35,-0.24193548387096775,total
2007-01-01,Cumhuriyet Halk Partisi,constitution,Anayasa,constitutional_conflict,27,109,5,17,116.7,116.7,-0.5217391304347826,total
2007-01-01,Adalet ve Kalkınma Partisi,constitution,Anayasa,constitutional_conflict,30,108,13,7,115.0,115.0,0.2857142857142857,total
2007-01-01,Cumhuriyet Halk Partisi,security,Guvenlik,security_conflict,15,87,16,40,106.6,106.6,-0.42105263157894735,total
2007-01-01,Cumhuriyet Halk Partisi,democracy,Demokrasi,democratic_reform,13,78,33,15,94.8,94.8,0.3673469387755102,total
2007-01-01,Cumhuriyet Halk Partisi,economy,Ekonomi,macro_economy,27,69,20,15,81.25,81.25,0.1388888888888889,total
2007-01-01,Adalet ve Kalkınma Partisi,law_state,Hukuk Devleti,democratic_reform,30,59,17,5,66.7,66.7,0.5217391304347826,total
2007-01-01,Adalet ve Kalkınma Partisi,security,Guvenlik,security_conflict,20,51,7,19,60.1,60.1,-0.4444444444444444,total
2007-01-01,Cumhuriyet Halk Partisi,law_state,Hukuk Devleti,democratic_reform,24,50,12,15,59.45,59.45,-0.10714285714285714,total
2007-01-01,Bağımsız,economy,Ekonomi,macro_economy,5,25,14,17,35.85,35.85,-0.09375,total
2007-01-01,Adalet ve Kalkınma Partisi,democracy,Demokrasi,democratic_reform,22,28,9,5,32.9,32.9,0.26666666666666666,total
2007-01-01,Adalet ve Kalkınma Partisi,reform,Reform,democratic_reform,9,21,10,2,25.2,25.2,0.6153846153846154,total
2007-01-01,Bağımsız,law_state,Hukuk Devleti,democratic_reform,6,22,3,5,24.8,24.8,-0.2222222222222222,total
2007-01-01,Anavatan Partisi,constitution,Anayasa,constitutional_conflict,5,22,3,2,23.75,23.75,0.16666666666666666,total
2007-01-01,Adalet ve Kalkınma Partisi,interest,Faiz,macro_economy,8,15,10,8,21.3,21.3,0.10526315789473684,total
2007-01-01,Cumhuriyet Halk Partisi,european_union,Avrupa Birligi,democratic_reform,8,18,3,3,20.1,20.1,0.0,total
2007-01-01,Anavatan Partisi,economy,Ekonomi,macro_economy,5,17,2,4,19.1,19.1,-0.2857142857142857,total
2007-01-01,Bağımsız,security,Guvenlik,security_conflict,5,14,5,5,17.5,17.5,0.0,total
2007-01-01,Cumhuriyet Halk Partisi,interest,Faiz,macro_economy,4,15,2,2,16.4,16.4,0.0,total
2007-01-01,Anavatan Partisi,european_union,Avrupa Birligi,democratic_reform,4,11,8,3,14.85,14.85,0.4166666666666667,total
2007-01-01,Doğru Yol Partisi,security,Guvenlik,security_conflict,1,12,2,5,14.45,14.45,-0.375,total
2007-01-01,Bağımsız,democracy,Demokrasi,democratic_reform,5,9,1,1,9.7,9.7,0.0,total
2007-01-01,Anavatan Partisi,interest,Faiz,macro_economy,4,9,0,0,9.0,9.0,0.0,total
2007-01-01,Bağımsız,constitution,Anayasa,constitutional_conflict,3,7,0,0,7.0,7.0,0.0,total
2007-01-01,Doğru Yol Partisi,constitution,Anayasa,constitutional_conflict,2,5,2,2,6.4,6.4,0.0,total
2007-01-01,Bağımsız,european_union,Avrupa Birligi,democratic_reform,4,5,0,3,6.05,6.05,-0.75,total
2007-01-01,Anavatan Partisi,reform,Reform,democratic_reform,3,5,0,1,5.35,5.35,-0.5,total
2007-01-01,Doğru Yol Partisi,democracy,Demokrasi,democratic_reform,1,4,3,0,5.05,5.05,0.75,total
2007-01-01,Cumhuriyet Halk Partisi,reform,Reform,democratic_reform,3,3,2,1,4.05,4.05,0.25,total
2007-01-01,Adalet ve Kalkınma Partisi,sovereignty,Egemenlik,security_conflict,3,3,1,1,3.7,3.7,0.0,total
2007-01-01,Anavatan Partisi,democracy,Demokrasi,democratic_reform,2,3,0,2,3.7,3.7,-0.6666666666666666,total
2007-01-01,Adalet ve Kalkınma Partisi,inflation,Enflasyon,macro_economy,2,2,4,0,3.4,3.4,0.8,total
2007-01-01,Anavatan Partisi,security,Guvenlik,security_conflict,3,3,0,1,3.35,3.35,-0.5,total
2007-01-01,Cumhuriyet Halk Partisi,inflation,Enflasyon,macro_economy,3,3,0,1,3.35,3.35,-0.5,total
2007-01-01,Doğru Yol Partisi,law_state,Hukuk Devleti,democratic_reform,3,3,0,0,3.0,3.0,0.0,total
2007-01-01,Doğru Yol Partisi,economy,Ekonomi,macro_economy,1,2,2,0,2.7,2.7,0.6666666666666666,total
2007-01-01,Bağımsız,interest,Faiz,macro_economy,1,2,0,0,2.0,2.0,0.0,total
2007-01-01,Cumhuriyet Halk Partisi,imf,IMF,macro_economy,2,2,0,0,2.0,2.0,0.0,total
2007-01-01,Adalet ve Kalkınma Partisi,imf,IMF,macro_economy,1,1,0,1,1.35,1.35,-0.5,total
2007-01-01,Anavatan Partisi,inflation,Enflasyon,macro_economy,1,1,1,0,1.35,1.35,0.5,total
2007-01-01,Doğru Yol Partisi,reform,Reform,democratic_reform,1,1,0,1,1.35,1.35,-0.5,total
2007-01-01,Bağımsız,inflation,Enflasyon,macro_economy,1,1,0,0,1.0,1.0,0.0,total
2007-01-01,Cumhuriyet Halk Partisi,sovereignty,Egemenlik,security_conflict,1,1,0,0,1.0,1.0,0.0,total
2007-01-01,Doğru Yol Partisi,sovereignty,Egemenlik,security_conflict,1,1,0,0,1.0,1.0,0.0,total
2007-02-01,Adalet ve Kalkınma Partisi,economy,Ekonomi,macro_economy,53,253,129,69,322.3,322.3,0.3015075376884422,total
2007-02-01,Cumhuriyet Halk Partisi,economy,Ekonomi,macro_economy,47,127,42,16,147.3,147.3,0.4406779661016949,total
2007-02-01,Adalet ve Kalkınma Partisi,security,Guvenlik,security_conflict,40,123,27,32,143.65,143.65,-0.08333333333333333,total
2007-02-01,Adalet ve Kalkınma Partisi,law_state,Hukuk Devleti,democratic_reform,50,113,17,16,124.55,124.55,0.029411764705882353,total
2007-02-01,Adalet ve Kalkınma Partisi,european_union,Avrupa Birligi,democratic_reform,26,94,34,8,108.7,108.7,0.6046511627906976,total
2007-02-01,Cumhuriyet Halk Partisi,constitution,Anayasa,constitutional_conflict,39,92,14,22,104.6,104.6,-0.21621621621621623,total
2007-02-01,Adalet ve Kalkınma Partisi,interest,Faiz,macro_economy,21,90,13,13,99.10000000000001,99.10000000000001,0.0,total
2007-02-01,Cumhuriyet Halk Partisi,law_state,Hukuk Devleti,democratic_reform,36,79,11,15,88.1,88.1,-0.14814814814814814,total
2007-02-01,Anavatan Partisi,economy,Ekonomi,macro_economy,18,67,24,29,85.55,85.55,-0.09259259259259259,total
2007-02-01,Bağımsız,economy,Ekonomi,macro_economy,5,47,21,29,64.5,64.5,-0.1568627450980392,total
2007-02-01,Bağımsız,european_union,Avrupa Birligi,democratic_reform,4,47,10,16,56.099999999999994,56.099999999999994,-0.2222222222222222,total
2007-02-01,Adalet ve Kalkınma Partisi,constitution,Anayasa,constitutional_conflict,26,52,4,4,54.8,54.8,0.0,total
2007-02-01,Cumhuriyet Halk Partisi,interest,Faiz,macro_economy,13,51,4,2,53.1,53.1,0.2857142857142857,total
2007-02-01,Cumhuriyet Halk Partisi,european_union,Avrupa Birligi,democratic_reform,17,43,16,7,51.05,51.05,0.375,total
2007-02-01,Anavatan Partisi,constitution,Anayasa,constitutional_conflict,11,47,6,4,50.5,50.5,0.18181818181818182,total
2007-02-01,Adalet ve Kalkınma Partisi,democracy,Demokrasi,democratic_reform,19,32,17,6,40.05,40.05,0.4583333333333333,total
2007-02-01,Anavatan Partisi,law_state,Hukuk Devleti,democratic_reform,11,28,6,12,34.300000000000004,34.300000000000004,-0.3157894736842105,total
2007-02-01,Adalet ve Kalkınma Partisi,reform,Reform,democratic_reform,16,29,10,5,34.25,34.25,0.3125,total
2007-02-01,Cumhuriyet Halk Partisi,security,Guvenlik,security_conflict,19,27,6,9,32.25,32.25,-0.1875,total
2007-02-01,Anavatan Partisi,interest,Faiz,macro_economy,4,18,9,14,26.05,26.05,-0.20833333333333334,total
2007-02-01,Doğru Yol Partisi,economy,Ekonomi,macro_economy,9,19,4,14,25.299999999999997,25.299999999999997,-0.5263157894736842,total
2007-02-01,Anavatan Partisi,european_union,Avrupa Birligi,democratic_reform,8,22,2,2,23.4,23.4,0.0,total
2007-02-01,Cumhuriyet Halk Partisi,democracy,Demokrasi,democratic_reform,12,18,2,3,19.75,19.75,-0.16666666666666666,total
2007-02-01,Doğru Yol Partisi,security,Guvenlik,security_conflict,6,11,3,5,13.8,13.8,-0.2222222222222222,total
2007-02-01,Bağımsız,interest,Faiz,macro_economy,1,12,2,2,13.4,13.4,0.0,total
2007-02-01,Adalet ve Kalkınma Partisi,inflation,Enflasyon,macro_economy,7,10,6,0,12.100000000000001,12.100000000000001,0.8571428571428571,total
2007-02-01,Cumhuriyet Halk Partisi,imf,IMF,macro_economy,8,11,0,1,11.35,11.35,-0.5,total
2007-02-01,Bağımsız,security,Guvenlik,security_conflict,4,8,4,4,10.8,10.8,0.0,total
2007-02-01,Anavatan Partisi,inflation,Enflasyon,macro_economy,3,6,7,3,9.5,9.5,0.36363636363636365,total
2007-02-01,Cumhuriyet Halk Partisi,reform,Reform,democratic_reform,6,8,4,0,9.4,9.4,0.8,total
2007-02-01,Anavatan Partisi,reform,Reform,democratic_reform,5,7,3,2,8.75,8.75,0.16666666666666666,total
2007-02-01,Anavatan Partisi,imf,IMF,macro_economy,4,8,1,1,8.7,8.7,0.0,total
2007-02-01,Doğru Yol Partisi,european_union,Avrupa Birligi,democratic_reform,4,7,3,1,8.4,8.4,0.4,total
2007-02-01,Doğru Yol Partisi,constitution,Anayasa,constitutional_conflict,4,4,6,0,6.1,6.1,0.8571428571428571,total
2007-02-01,Doğru Yol Partisi,law_state,Hukuk Devleti,democratic_reform,4,4,1,0,4.35,4.35,0.5,total
2007-02-01,Anavatan Partisi,security,Guvenlik,security_conflict,2,2,1,5,4.1,4.1,-0.5714285714285714,total
2007-02-01,Cumhuriyet Halk Partisi,inflation,Enflasyon,macro_economy,1,3,1,0,3.35,3.35,0.5,total
2007-02-01,Anavatan Partisi,democracy,Demokrasi,democratic_reform,2,3,0,0,3.0,3.0,0.0,total
2007-02-01,Doğru Yol Partisi,interest,Faiz,macro_economy,2,3,0,0,3.0,3.0,0.0,total
2007-02-01,Bağımsız,inflation,Enflasyon,macro_economy,1,2,1,1,2.7,2.7,0.0,total
2007-02-01,Adalet ve Kalkınma Partisi,sovereignty,Egemenlik,security_conflict,2,2,1,0,2.35,2.35,0.5,total
2007-02-01,Bağımsız,law_state,Hukuk Devleti,democratic_reform,2,2,1,0,2.35,2.35,0.5,total
2007-02-01,Bağımsız,imf,IMF,macro_economy,1,1,2,0,1.7,1.7,0.6666666666666666,total
2007-02-01,Cumhuriyet Halk Partisi,sovereignty,Egemenlik,security_conflict,1,1,1,0,1.35,1.35,0.5,total
2007-02-01,Doğru Yol Partisi,reform,Reform,democratic_reform,1,1,1,0,1.35,1.35,0.5,total
2007-02-01,Adalet ve Kalkınma Partisi,imf,IMF,macro_economy,1,1,0,0,1.0,1.0,0.0,total
2007-02-01,Bağımsız,constitution,Anayasa,constitutional_conflict,1,1,0,0,1.0,1.0,0.0,total
2007-02-01,Doğru Yol Partisi,democracy,Demokrasi,democratic_reform,1,1,0,0,1.0,1.0,0.0,total
2007-03-01,Adalet ve Kalkınma Partisi,economy,Ekonomi,macro_economy,70,225,188,49,307.95,307.95,0.5840336134453782,total
2007-03-01,Cumhuriyet Halk Partisi,economy,Ekonomi,macro_economy,63,225,87,68,279.25,279.25,0.12179487179487179,total
2007-03-01,Anavatan Partisi,economy,Ekonomi,macro_economy,27,108,37,62,142.65,142.65,-0.25,total
2007-03-01,Cumhuriyet Halk Partisi,law_state,Hukuk Devleti,democratic_reform,47,117,19,23,131.7,131.7,-0.09302325581395349,total
2007-03-01,Cumhuriyet Halk Partisi,constitution,Anayasa,constitutional_conflict,36,76,22,19,90.35,90.35,0.07142857142857142,total
2007-03-01,Cumhuriyet Halk Partisi,security,Guvenlik,security_conflict,38,65,13,33,81.1,81.1,-0.425531914893617,total
2007-03-01,Adalet ve Kalkınma Partisi,law_state,Hukuk Devleti,democratic_reform,26,50,10,18,59.800000000000004,59.800000000000004,-0.27586206896551724,total
2007-03-01,Adalet ve Kalkınma Partisi,security,Guvenlik,security_conflict,22,41,21,24,56.75,56.75,-0.06521739130434782,total
2007-03-01,Cumhuriyet Halk Partisi,democracy,Demokrasi,democratic_reform,23,50,8,5,54.55,54.55,0.21428571428571427,total
2007-03-01,Adalet ve Kalkınma Partisi,european_union,Avrupa Birligi,democratic_reform,23,40,17,8,48.75,48.75,0.34615384615384615,total
2007-03-01,Bağımsız,economy,Ekonomi,macro_economy,8,38,20,8,47.8,47.8,0.41379310344827586,total
2007-03-01,Doğru Yol Partisi,security,Guvenlik,security_conflict,12,38,17,0,43.95,43.95,0.9444444444444444,total
2007-03-01,Anavatan Partisi,law_state,Hukuk Devleti,democratic_reform,17,38,9,5,42.9,42.9,0.26666666666666666,total
2007-03-01,Anavatan Partisi,security,Guvenlik,security_conflict,21,33,3,16,39.65,39.65,-0.65,total
2007-03-01,Cumhuriyet Halk Partisi,european_union,Avrupa Birligi,democratic_reform,16,26,9,6,31.25,31.25,0.1875,total
2007-03-01,Anavatan Partisi,constitution,Anayasa,constitutional_conflict,13,23,3,5,25.8,25.8,-0.2222222222222222,total
2007-03-01,Cumhuriyet Halk Partisi,imf,IMF,macro_economy,6,21,5,3,23.8,23.8,0.2222222222222222,total
2007-03-01,Cumhuriyet Halk Partisi,interest,Faiz,macro_economy,16,22,1,2,23.05,23.05,-0.25,total
2007-03-01,Anavatan Partisi,european_union,Avrupa Birligi,democratic_reform,6,18,8,2,21.5,21.5,0.5454545454545454,total
2007-03-01,Adalet ve Kalkınma Partisi,democracy,Demokrasi,democratic_reform,11,17,3,5,19.8,19.8,-0.2222222222222222,total
2007-03-01,Adalet ve Kalkınma Partisi,reform,Reform,democratic_reform,5,14,14,1,19.25,19.25,0.8125,total
2007-03-01,Anavatan Partisi,interest,Faiz,macro_economy,9,16,4,1,17.75,17.75,0.5,total
2007-03-01,Adalet ve Kalkınma Partisi,inflation,Enflasyon,macro_economy,8,17,2,0,17.7,17.7,0.6666666666666666,total
2007-03-01,Adalet ve Kalkınma Partisi,constitution,Anayasa,constitutional_conflict,10,15,6,0,17.1,17.1,0.8571428571428571,total
2007-03-01,Cumhuriyet Halk Partisi,inflation,Enflasyon,macro_economy,8,13,3,2,14.75,14.75,0.16666666666666666,total
2007-03-01,Adalet ve Kalkınma Partisi,interest,Faiz,macro_economy,8,13,0,0,13.0,13.0,0.0,total
2007-03-01,Bağımsız,democracy,Demokrasi,democratic_reform,4,13,0,0,13.0,13.0,0.0,total
2007-03-01,Cumhuriyet Halk Partisi,reform,Reform,democratic_reform,8,13,0,0,13.0,13.0,0.0,total
2007-03-01,Doğru Yol Partisi,constitution,Anayasa,constitutional_conflict,5,11,3,2,12.75,12.75,0.16666666666666666,total
2007-03-01,Anavatan Partisi,imf,IMF,macro_economy,7,12,1,0,12.35,12.35,0.5,total
2007-03-01,Bağımsız,european_union,Avrupa Birligi,democratic_reform,4,8,1,5,10.100000000000001,10.100000000000001,-0.5714285714285714,total
2007-03-01,Doğru Yol Partisi,inflation,Enflasyon,macro_economy,2,8,0,2,8.7,8.7,-0.6666666666666666,total
2007-03-01,Doğru Yol Partisi,economy,Ekonomi,macro_economy,3,8,1,0,8.35,8.35,0.5,total
2007-03-01,Anavatan Partisi,reform,Reform,democratic_reform,5,5,3,0,6.05,6.05,0.75,total
2007-03-01,Adalet ve Kalkınma Partisi,imf,IMF,macro_economy,4,5,1,0,5.35,5.35,0.5,total
2007-03-01,Bağımsız,constitution,Anayasa,constitutional_conflict,4,5,0,0,5.0,5.0,0.0,total
2007-03-01,Doğru Yol Partisi,law_state,Hukuk Devleti,democratic_reform,3,4,2,0,4.7,4.7,0.6666666666666666,total
2007-03-01,Anavatan Partisi,democracy,Demokrasi,democratic_reform,4,4,1,0,4.35,4.35,0.5,total
2007-03-01,Bağımsız,inflation,Enflasyon,macro_economy,1,3,0,0,3.0,3.0,0.0,total
2007-03-01,Cumhuriyet Halk Partisi,tutelage,Vesayet,constitutional_conflict,1,2,0,2,2.7,2.7,-0.6666666666666666,total
2007-03-01,Anavatan Partisi,sovereignty,Egemenlik,security_conflict,2,2,0,1,2.35,2.35,-0.5,total
2007-03-01,Bağımsız,imf,IMF,macro_economy,1,2,0,0,2.0,2.0,0.0,total
2007-03-01,Bağımsız,reform,Reform,democratic_reform,1,2,0,0,2.0,2.0,0.0,total
2007-03-01,Bağımsız,security,Guvenlik,security_conflict,2,2,0,0,2.0,2.0,0.0,total
2007-03-01,Adalet ve Kalkınma Partisi,tutelage,Vesayet,constitutional_conflict,1,1,1,1,1.7,1.7,0.0,total
2007-03-01,Bağımsız,law_state,Hukuk Devleti,democratic_reform,1,1,0,0,1.0,1.0,0.0,total
2007-03-01,Doğru Yol Partisi,interest,Faiz,macro_economy,1,1,0,0,1.0,1.0,0.0,total
2007-04-01,Cumhuriyet Halk Partisi,economy,Ekonomi,macro_economy,43,125,44,34,152.3,152.3,0.12658227848101267,total
2007-04-01,Cumhuriyet Halk Partisi,law_state,Hukuk Devleti,democratic_reform,60,132,19,16,144.25,144.25,0.08333333333333333,total
2007-04-01,Adalet ve Kalkınma Partisi,economy,Ekonomi,macro_economy,39,108,39,11,125.5,125.5,0.5490196078431373,total
2007-04-01,Cumhuriyet Halk Partisi,democracy,Demokrasi,democratic_reform,37,104,34,20,122.9,122.9,0.2545454545454545,total
2007-04-01,Adalet ve Kalkınma Partisi,law_state,Hukuk Devleti,democratic_reform,38,93,60,14,118.9,118.9,0.6133333333333333,total
2007-04-01,Cumhuriyet Halk Partisi,constitution,Anayasa,constitutional_conflict,38,100,21,11,111.2,111.2,0.30303030303030304,total
2007-04-01,Adalet ve Kalkınma Partisi,security,Guvenlik,security_conflict,33,62,23,37,83.0,83.0,-0.22950819672131148,total
2007-04-01,Adalet ve Kalkınma Partisi,constitution,Anayasa,constitutional_conflict,20,80,2,3,81.75,81.75,-0.16666666666666666,total
2007-04-01,Cumhuriyet Halk Partisi,security,Guvenlik,security_conflict,39,63,15,25,77.0,77.0,-0.24390243902439024,total
2007-04-01,Adalet ve Kalkınma Partisi,democracy,Demokrasi,democratic_reform,18,36,7,10,41.95,41.95,-0.16666666666666666,total
2007-04-01,Adalet ve Kalkınma Partisi,sovereignty,Egemenlik,security_conflict,6,27,6,1,29.450000000000003,29.450000000000003,0.625,total
2007-04-01,Bağımsız,economy,Ekonomi,macro_economy,4,19,9,12,26.349999999999998,26.349999999999998,-0.13636363636363635,total
2007-04-01,Adalet ve Kalkınma Partisi,reform,Reform,democratic_reform,9,20,9,3,24.2,24.2,0.46153846153846156,total
2007-04-01,Bağımsız,democracy,Demokrasi,democratic_reform,6,21,7,2,24.150000000000002,24.150000000000002,0.5,total
2007-04-01,Doğru Yol Partisi,security,Guvenlik,security_conflict,10,14,8,8,19.6,19.6,0.0,total
2007-04-01,Bağımsız,law_state,Hukuk Devleti,democratic_reform,6,18,3,0,19.05,19.05,0.75,total
2007-04-01,Bağımsız,security,Guvenlik,security_conflict,7,18,0,3,19.05,19.05,-0.75,total
2007-04-01,Cumhuriyet Halk Partisi,sovereignty,Egemenlik,security_conflict,5,15,4,5,18.15,18.15,-0.1,total
2007-04-01,Doğru Yol Partisi,economy,Ekonomi,macro_economy,5,12,0,16,17.6,17.6,-0.9411764705882353,total
2007-04-01,Bağımsız,constitution,Anayasa,constitutional_conflict,5,15,0,1,15.35,15.35,-0.5,total
2007-04-01,Adalet ve Kalkınma Partisi,interest,Faiz,macro_economy,7,12,1,0,12.35,12.35,0.5,total
2007-04-01,Cumhuriyet Halk Partisi,imf,IMF,macro_economy,4,8,6,3,11.15,11.15,0.3,total
2007-04-01,Cumhuriyet Halk Partisi,interest,Faiz,macro_economy,5,9,2,1,10.05,10.05,0.25,total
2007-04-01,Anavatan Partisi,law_state,Hukuk Devleti,democratic_reform,5,9,1,1,9.7,9.7,0.0,total
2007-04-01,Cumhuriyet Halk Partisi,european_union,Avrupa Birligi,democratic_reform,8,9,1,1,9.7,9.7,0.0,total
2007-04-01,Adalet ve Kalkınma Partisi,imf,IMF,macro_economy,2,8,0,0,8.0,8.0,0.0,total
2007-04-01,Doğru Yol Partisi,inflation,Enflasyon,macro_economy,1,8,0,0,8.0,8.0,0.0,total
2007-04-01,Cumhuriyet Halk Partisi,reform,Reform,democratic_reform,6,7,2,0,7.7,7.7,0.6666666666666666,total
2007-04-01,Doğru Yol Partisi,interest,Faiz,macro_economy,1,7,0,2,7.7,7.7,-0.6666666666666666,total
2007-04-01,Anavatan Partisi,imf,IMF,macro_economy,1,7,0,0,7.0,7.0,0.0,total
2007-04-01,Doğru Yol Partisi,constitution,Anayasa,constitutional_conflict,3,6,1,0,6.35,6.35,0.5,total
2007-04-01,Bağımsız,reform,Reform,democratic_reform,2,5,2,0,5.7,5.7,0.6666666666666666,total
2007-04-01,Adalet ve Kalkınma Partisi,european_union,Avrupa Birligi,democratic_reform,4,5,1,0,5.35,5.35,0.5,total
2007-04-01,Doğru Yol Partisi,european_union,Avrupa Birligi,democratic_reform,1,3,2,1,4.05,4.05,0.25,total
2007-04-01,Anavatan Partisi,inflation,Enflasyon,macro_economy,2,4,0,0,4.0,4.0,0.0,total
2007-04-01,Adalet ve Kalkınma Partisi,inflation,Enflasyon,macro_economy,3,3,1,0,3.35,3.35,0.5,total
2007-04-01,Bağımsız,sovereignty,Egemenlik,security_conflict,1,3,0,0,3.0,3.0,0.0,total
2007-04-01,Anavatan Partisi,constitution,Anayasa,constitutional_conflict,1,2,0,1,2.35,2.35,-0.5,total
2007-04-01,Anavatan Partisi,democracy,Demokrasi,democratic_reform,2,2,1,0,2.35,2.35,0.5,total
2007-04-01,Bağımsız,european_union,Avrupa Birligi,democratic_reform,2,2,0,1,2.35,2.35,-0.5,total
2007-04-01,Doğru Yol Partisi,law_state,Hukuk Devleti,democratic_reform,1,2,0,0,2.0,2.0,0.0,total
2007-04-01,Anavatan Partisi,interest,Faiz,macro_economy,1,1,0,0,1.0,1.0,0.0,total
2007-04-01,Doğru Yol Partisi,reform,Reform,democratic_reform,1,1,0,0,1.0,1.0,0.0,total
2007-05-01,Cumhuriyet Halk Partisi,constitution,Anayasa,constitutional_conflict,186,553,56,69,596.75,596.75,-0.10317460317460317,total
2007-05-01,Adalet ve Kalkınma Partisi,constitution,Anayasa,constitutional_conflict,203,520,51,55,557.1,557.1,-0.037383177570093455,total
2007-05-01,Cumhuriyet Halk Partisi,economy,Ekonomi,macro_economy,179,402,139,87,481.1,481.1,0.2290748898678414,total
2007-05-01,Adalet ve Kalkınma Partisi,economy,Ekonomi,macro_economy,127,351,210,42,439.2,439.2,0.6640316205533597,total
2007-05-01,Cumhuriyet Halk Partisi,law_state,Hukuk Devleti,democratic_reform,144,302,34,57,333.85,333.85,-0.25,total
2007-05-01,Adalet ve Kalkınma Partisi,security,Guvenlik,security_conflict,64,246,65,122,311.45,311.45,-0.30319148936170215,total
2007-05-01,Adalet ve Kalkınma Partisi,democracy,Demokrasi,democratic_reform,133,261,41,42,290.05,290.05,-0.011904761904761904,total
2007-05-01,Cumhuriyet Halk Partisi,security,Guvenlik,security_conflict,84,210,65,108,270.55,270.55,-0.2471264367816092,total
2007-05-01,Cumhuriyet Halk Partisi,democracy,Demokrasi,democratic_reform,116,232,32,49,260.35,260.35,-0.2073170731707317,total
2007-05-01,Adalet ve Kalkınma Partisi,law_state,Hukuk Devleti,democratic_reform,118,213,39,44,242.05,242.05,-0.05952380952380952,total
2007-05-01,Anavatan Partisi,security,Guvenlik,security_conflict,40,144,42,59,179.35,179.35,-0.16666666666666666,total
2007-05-01,Anavatan Partisi,economy,Ekonomi,macro_economy,34,129,57,53,167.5,167.5,0.036036036036036036,total
2007-05-01,Anavatan Partisi,democracy,Demokrasi,democratic_reform,50,112,40,21,133.35,133.35,0.3064516129032258,total
2007-05-01,Cumhuriyet Halk Partisi,european_union,Avrupa Birligi,democratic_reform,35,80,29,23,98.2,98.2,0.11320754716981132,total
2007-05-01,Adalet ve Kalkınma Partisi,european_union,Avrupa Birligi,democratic_reform,30,68,36,7,83.05,83.05,0.6590909090909091,total
2007-05-01,Anavatan Partisi,european_union,Avrupa Birligi,democratic_reform,27,61,26,8,72.9,72.9,0.5142857142857142,total
2007-05-01,Anavatan Partisi,constitution,Anayasa,constitutional_conflict,26,58,6,8,62.9,62.9,-0.13333333333333333,total
2007-05-01,Adalet ve Kalkınma Partisi,interest,Faiz,macro_economy,23,56,4,9,60.550000000000004,60.550000000000004,-0.35714285714285715,total
2007-05-01,Cumhuriyet Halk Partisi,interest,Faiz,macro_economy,30,54,11,6,59.95,59.95,0.2777777777777778,total
2007-05-01,Anavatan Partisi,law_state,Hukuk Devleti,democratic_reform,26,42,7,18,50.75,50.75,-0.4230769230769231,total
2007-05-01,Doğru Yol Partisi,security,Guvenlik,security_conflict,3,30,17,11,39.8,39.8,0.20689655172413793,total
2007-05-01,Bağımsız,democracy,Demokrasi,democratic_reform,11,31,7,7,35.9,35.9,0.0,total
2007-05-01,Adalet ve Kalkınma Partisi,sovereignty,Egemenlik,security_conflict,17,26,2,7,29.150000000000002,29.150000000000002,-0.5,total
2007-05-01,Doğru Yol Partisi,constitution,Anayasa,constitutional_conflict,20,27,3,2,28.75,28.75,0.16666666666666666,total
2007-05-01,Anavatan Partisi,reform,Reform,democratic_reform,12,22,6,2,24.8,24.8,0.4444444444444444,total
2007-05-01,Cumhuriyet Halk Partisi,imf,IMF,macro_economy,19,21,4,6,24.5,24.5,-0.18181818181818182,total
2007-05-01,Cumhuriyet Halk Partisi,inflation,Enflasyon,macro_economy,12,20,4,7,23.849999999999998,23.849999999999998,-0.25,total
2007-05-01,Bağımsız,constitution,Anayasa,constitutional_conflict,9,16,3,3,18.1,18.1,0.0,total
2007-05-01,Anavatan Partisi,sovereignty,Egemenlik,security_conflict,7,15,3,5,17.8,17.8,-0.2222222222222222,total
2007-05-01,Adalet ve Kalkınma Partisi,reform,Reform,democratic_reform,13,16,4,0,17.4,17.4,0.8,total
2007-05-01,Cumhuriyet Halk Partisi,sovereignty,Egemenlik,security_conflict,8,17,0,0,17.0,17.0,0.0,total
2007-05-01,Anavatan Partisi,interest,Faiz,macro_economy,6,16,0,2,16.7,16.7,-0.6666666666666666,total
2007-05-01,Adalet ve Kalkınma Partisi,inflation,Enflasyon,macro_economy,7,13,7,0,15.45,15.45,0.875,total
2007-05-01,Cumhuriyet Halk Partisi,reform,Reform,democratic_reform,10,13,3,2,14.75,14.75,0.16666666666666666,total
2007-05-01,Doğru Yol Partisi,law_state,Hukuk Devleti,democratic_reform,6,9,5,9,13.9,13.9,-0.26666666666666666,total
2007-05-01,Bağımsız,security,Guvenlik,security_conflict,3,8,0,9,11.15,11.15,-0.9,total
2007-05-01,Cumhuriyet Halk Partisi,tutelage,Vesayet,constitutional_conflict,2,6,0,14,10.9,10.9,-0.9333333333333333,total
2007-05-01,Bağımsız,economy,Ekonomi,macro_economy,3,9,1,2,10.05,10.05,-0.25,total
2007-05-01,Anavatan Partisi,tutelage,Vesayet,constitutional_conflict,2,4,1,7,6.8,6.8,-0.6666666666666666,total
2007-05-01,Doğru Yol Partisi,democracy,Demokrasi,democratic_reform,4,5,0,0,5.0,5.0,0.0,total
2007-05-01,Adalet ve Kalkınma Partisi,tutelage,Vesayet,constitutional_conflict,3,3,0,4,4.4,4.4,-0.8,total
2007-05-01,Anavatan Partisi,imf,IMF,macro_economy,3,3,0,0,3.0,3.0,0.0,total
2007-05-01,Doğru Yol Partisi,economy,Ekonomi,macro_economy,1,2,2,0,2.7,2.7,0.6666666666666666,total
2007-05-01,Anavatan Partisi,inflation,Enflasyon,macro_economy,2,2,1,0,2.35,2.35,0.5,total
2007-05-01,Bağımsız,interest,Faiz,macro_economy,1,1,0,1,1.35,1.35,-0.5,total
2007-06-01,Cumhuriyet Halk Partisi,constitution,Anayasa,constitutional_conflict,57,184,16,36,202.2,202.2,-0.37735849056603776,total
2007-06-01,Cumhuriyet Halk Partisi,security,Guvenlik,security_conflict,38,145,39,76,185.25,185.25,-0.31896551724137934,total
2007-06-01,Cumhuriyet Halk Partisi,law_state,Hukuk Devleti,democratic_reform,40,113,12,21,124.55,124.55,-0.2647058823529412,total
2007-06-01,Cumhuriyet Halk Partisi,economy,Ekonomi,macro_economy,40,78,24,49,103.55,103.55,-0.33783783783783783,total
2007-06-01,Adalet ve Kalkınma Partisi,constitution,Anayasa,constitutional_conflict,45,94,16,8,102.4,102.4,0.32,total
2007-06-01,Cumhuriyet Halk Partisi,democracy,Demokrasi,democratic_reform,33,60,13,14,69.45,69.45,-0.03571428571428571,total
2007-06-01,Adalet ve Kalkınma Partisi,security,Guvenlik,security_conflict,13,19,5,13,25.3,25.3,-0.42105263157894735,total
2007-06-01,Adalet ve Kalkınma Partisi,democracy,Demokrasi,democratic_reform,14,22,3,2,23.75,23.75,0.16666666666666666,total
2007-06-01,Cumhuriyet Halk Partisi,european_union,Avrupa Birligi,democratic_reform,12,17,13,1,21.9,21.9,0.8,total
2007-06-01,Adalet ve Kalkınma Partisi,law_state,Hukuk Devleti,democratic_reform,14,20,1,1,20.7,20.7,0.0,total
2007-06-01,Bağımsız,democracy,Demokrasi,democratic_reform,4,9,3,0,10.05,10.05,0.75,total
2007-06-01,Adalet ve Kalkınma Partisi,inflation,Enflasyon,macro_economy,3,5,0,3,6.050000000000001,6.050000000000001,-0.75,total
2007-06-01,Bağımsız,law_state,Hukuk Devleti,democratic_reform,3,4,3,2,5.75,5.75,0.16666666666666666,total
2007-06-01,Adalet ve Kalkınma Partisi,european_union,Avrupa Birligi,democratic_reform,4,5,2,0,5.7,5.7,0.6666666666666666,total
2007-06-01,Adalet ve Kalkınma Partisi,economy,Ekonomi,macro_economy,4,5,0,0,5.0,5.0,0.0,total
2007-06-01,Cumhuriyet Halk Partisi,sovereignty,Egemenlik,security_conflict,3,4,1,0,4.35,4.35,0.5,total
2007-06-01,Bağımsız,constitution,Anayasa,constitutional_conflict,2,3,1,0,3.35,3.35,0.5,total
2007-06-01,Adalet ve Kalkınma Partisi,reform,Reform,democratic_reform,3,3,0,0,3.0,3.0,0.0,total
2007-06-01,Cumhuriyet Halk Partisi,interest,Faiz,macro_economy,2,2,1,0,2.35,2.35,0.5,total
2007-06-01,Anavatan Partisi,democracy,Demokrasi,democratic_reform,1,1,1,1,1.7,1.7,0.0,total
2007-06-01,Anavatan Partisi,european_union,Avrupa Birligi,democratic_reform,1,1,1,0,1.35,1.35,0.5,total
2007-06-01,Anavatan Partisi,tutelage,Vesayet,constitutional_conflict,1,1,0,1,1.35,1.35,-0.5,total
2007-06-01,Cumhuriyet Halk Partisi,reform,Reform,democratic_reform,1,1,1,0,1.35,1.35,0.5,total
2007-06-01,Adalet ve Kalkınma Partisi,imf,IMF,macro_economy,1,1,0,0,1.0,1.0,0.0,total
2007-06-01,Adalet ve Kalkınma Partisi,interest,Faiz,macro_economy,1,1,0,0,1.0,1.0,0.0,total
2007-06-01,Cumhuriyet Halk Partisi,imf,IMF,macro_economy,1,1,0,0,1.0,1.0,0.0,total
2002-11-01,Adalet ve Kalkınma Partisi,economy,Ekonomi,macro_economy,2,176,173,68,260.35,113.29499,0.43388429752066116,positive
2002-11-01,Adalet ve Kalkınma Partisi,law_state,Hukuk Devleti,democratic_reform,4,72,41,5,88.1,63.06805,0.7659574468085106,positive
2002-11-01,Adalet ve Kalkınma Partisi,democracy,Demokrasi,democratic_reform,4,47,47,1,63.800000000000004,58.214960000000005,0.9387755102040817,positive
2002-11-01,Adalet ve Kalkınma Partisi,constitution,Anayasa,constitutional_conflict,2,26,21,2,34.05,21.665395,0.7916666666666666,positive
2002-11-01,Adalet ve Kalkınma Partisi,reform,Reform,democratic_reform,2,31,22,6,40.8,21.572660000000003,0.5517241379310345,positive
2002-11-01,Adalet ve Kalkınma Partisi,inflation,Enflasyon,macro_economy,2,14,19,6,22.75,10.708425,0.5,positive
2002-11-01,Adalet ve Kalkınma Partisi,interest,Faiz,macro_economy,1,7,11,0,10.85,9.946195,0.9166666666666666,positive
2002-11-01,Adalet ve Kalkınma Partisi,imf,IMF,macro_economy,1,13,7,2,16.15,8.075,0.5,positive
2002-11-01,Adalet ve Kalkınma Partisi,european_union,Avrupa Birligi,democratic_reform,2,9,4,0,10.4,6.9624999999999995,0.8,positive
2002-11-01,Adalet ve Kalkınma Partisi,security,Guvenlik,security_conflict,1,7,8,4,11.2,3.4462399999999995,0.3076923076923077,positive
2002-11-01,Cumhuriyet Halk Partisi,democracy,Demokrasi,democratic_reform,1,4,2,0,4.7,3.13349,0.6666666666666666,positive
2002-11-01,Cumhuriyet Halk Partisi,reform,Reform,democratic_reform,1,6,3,1,7.4,2.9600000000000004,0.4,positive
2002-11-01,Cumhuriyet Halk Partisi,imf,IMF,macro_economy,1,2,2,0,2.7,1.80009,0.6666666666666666,positive
2002-11-01,Cumhuriyet Halk Partisi,security,Guvenlik,security_conflict,1,5,5,3,7.8,1.73316,0.2222222222222222,positive
2002-12-01,Adalet ve Kalkınma Partisi,economy,Ekonomi,macro_economy,24,138,113,16,183.15,119.065765,0.7461538461538462,positive
2002-12-01,Adalet ve Kalkınma Partisi,constitution,Anayasa,constitutional_conflict,10,61,43,4,77.45,52.930005,0.8125,positive
2002-12-01,Cumhuriyet Halk Partisi,constitution,Anayasa,constitutional_conflict,8,71,38,6,86.4,50.737775,0.7111111111111111,positive
2002-12-01,Cumhuriyet Halk Partisi,democracy,Demokrasi,democratic_reform,6,36,46,1,52.45,44.17912,0.9375,positive
2002-12-01,Cumhuriyet Halk Partisi,economy,Ekonomi,macro_economy,16,53,41,3,68.4,42.469865,0.8444444444444444,positive
2002-12-01,Adalet ve Kalkınma Partisi,democracy,Demokrasi,democratic_reform,10,53,29,3,64.2,37.746249999999996,0.7878787878787878,positive
2002-12-01,Adalet ve Kalkınma Partisi,law_state,Hukuk Devleti,democratic_reform,6,44,24,6,54.5,35.00043,0.5806451612903226,positive
2002-12-01,Cumhuriyet Halk Partisi,law_state,Hukuk Devleti,democratic_reform,11,34,24,0,42.4,29.783600000000003,0.96,positive
2002-12-01,Adalet ve Kalkınma Partisi,european_union,Avrupa Birligi,democratic_reform,3,10,6,0,12.100000000000001,8.57,0.8571428571428571,positive
2002-12-01,Adalet ve Kalkınma Partisi,interest,Faiz,macro_economy,5,11,8,1,14.15,6.96268,0.7,positive
2002-12-01,Adalet ve Kalkınma Partisi,security,Guvenlik,security_conflict,3,11,9,2,14.85,6.3064599999999995,0.5833333333333334,positive
2002-12-01,Cumhuriyet Halk Partisi,european_union,Avrupa Birligi,democratic_reform,5,7,8,0,9.8,6.08357,0.8888888888888888,positive
2002-12-01,Adalet ve Kalkınma Partisi,reform,Reform,democratic_reform,3,5,3,0,6.050000000000001,3.0250000000000004,0.75,positive
2002-12-01,Adalet ve Kalkınma Partisi,inflation,Enflasyon,macro_economy,3,4,4,0,5.4,2.98339,0.8,positive
2002-12-01,Adalet ve Kalkınma Partisi,imf,IMF,macro_economy,1,1,1,0,1.35,0.675,0.5,positive
2002-12-01,Adalet ve Kalkınma Partisi,sovereignty,Egemenlik,security_conflict,1,1,1,0,1.35,0.675,0.5,positive
2002-12-01,Cumhuriyet Halk Partisi,imf,IMF,macro_economy,1,1,1,0,1.35,0.675,0.5,positive
2002-12-01,Cumhuriyet Halk Partisi,security,Guvenlik,security_conflict,1,1,1,0,1.35,0.675,0.5,positive
2003-01-01,Adalet ve Kalkınma Partisi,economy,Ekonomi,macro_economy,27,132,142,21,189.05,119.032825,0.7378048780487805,positive
2003-01-01,Adalet ve Kalkınma Partisi,law_state,Hukuk Devleti,democratic_reform,15,124,69,13,152.7,91.11233999999999,0.6746987951807228,positive
2003-01-01,Cumhuriyet Halk Partisi,economy,Ekonomi,macro_economy,17,99,50,5,118.25,78.92886,0.8035714285714286,positive
2003-01-01,Cumhuriyet Halk Partisi,law_state,Hukuk Devleti,democratic_reform,9,91,80,18,125.3,75.02391,0.6262626262626263,positive
2003-01-01,Adalet ve Kalkınma Partisi,constitution,Anayasa,constitutional_conflict,14,71,29,1,81.5,47.30606,0.9032258064516129,positive
2003-01-01,Cumhuriyet Halk Partisi,constitution,Anayasa,constitutional_conflict,15,72,34,3,84.95,46.140769999999996,0.8157894736842105,positive
2003-01-01,Adalet ve Kalkınma Partisi,democracy,Demokrasi,democratic_reform,13,46,43,2,61.75,43.643885000000004,0.8913043478260869,positive
2003-01-01,Adalet ve Kalkınma Partisi,european_union,Avrupa Birligi,democratic_reform,7,35,31,1,46.2,36.50371,0.9090909090909091,positive
2003-01-01,Adalet ve Kalkınma Partisi,security,Guvenlik,security_conflict,7,33,13,0,37.55,27.057590000000005,0.9285714285714286,positive
2003-01-01,Cumhuriyet Halk Partisi,democracy,Demokrasi,democratic_reform,6,32,15,3,38.300000000000004,21.723740000000003,0.631578947368421,positive
2003-01-01,Cumhuriyet Halk Partisi,interest,Faiz,macro_economy,4,19,11,1,23.2,13.88125,0.7692307692307693,positive
2003-01-01,Cumhuriyet Halk Partisi,european_union,Avrupa Birligi,democratic_reform,9,15,17,0,20.95,13.01621,0.9444444444444444,positive
2003-01-01,Adalet ve Kalkınma Partisi,inflation,Enflasyon,macro_economy,1,7,11,1,11.2,8.615039999999999,0.7692307692307693,positive
2003-01-01,Cumhuriyet Halk Partisi,reform,Reform,democratic_reform,4,15,10,3,19.55,7.899290000000001,0.5,positive
2003-01-01,Adalet ve Kalkınma Partisi,interest,Faiz,macro_economy,3,7,3,0,8.05,4.025,0.75,positive
2003-01-01,Cumhuriyet Halk Partisi,imf,IMF,macro_economy,1,5,2,0,5.7,3.8001899999999997,0.6666666666666666,positive
2003-01-01,Adalet ve Kalkınma Partisi,reform,Reform,democratic_reform,4,4,5,0,5.75,3.15839,0.8333333333333334,positive
2003-01-01,Bağımsız,economy,Ekonomi,macro_economy,1,4,2,0,4.7,3.13349,0.6666666666666666,positive
2003-01-01,Cumhuriyet Halk Partisi,security,Guvenlik,security_conflict,2,4,2,0,4.7,2.35,0.6666666666666666,positive
2003-01-01,Cumhuriyet Halk Partisi,inflation,Enflasyon,macro_economy,2,3,4,1,4.75,2.31259,0.5,positive
2003-01-01,Anavatan Partisi,economy,Ekonomi,macro_economy,1,2,2,0,2.7,1.80009,0.6666666666666666,positive
2003-01-01,Adalet ve Kalkınma Partisi,imf,IMF,macro_economy,1,1,1,0,1.35,0.675,0.5,positive
2003-02-01,Cumhuriyet Halk Partisi,economy,Ekonomi,macro_economy,10,146,67,10,172.95000000000002,114.41399,0.7307692307692307,positive
2003-02-01,Adalet ve Kalkınma Partisi,law_state,Hukuk Devleti,democratic_reform,11,102,56,6,123.7,77.832765,0.7936507936507936,positive
2003-02-01,Adalet ve Kalkınma Partisi,economy,Ekonomi,macro_economy,14,88,53,8,109.35,67.687595,0.7258064516129032,positive
2003-02-01,Cumhuriyet Halk Partisi,law_state,Hukuk Devleti,democratic_reform,14,68,45,6,85.85,49.750845,0.75,positive
2003-02-01,Cumhuriyet Halk Partisi,constitution,Anayasa,constitutional_conflict,16,52,28,4,63.2,30.19787,0.7272727272727273,positive
2003-02-01,Cumhuriyet Halk Partisi,democracy,Demokrasi,democratic_reform,8,23,26,4,33.5,19.81483,0.7096774193548387,positive
2003-02-01,Adalet ve Kalkınma Partisi,european_union,Avrupa Birligi,democratic_reform,5,14,12,3,19.25,8.32471,0.5625,positive
2003-02-01,Adalet ve Kalkınma Partisi,constitution,Anayasa,constitutional_conflict,6,12,7,0,14.450000000000001,7.84179,0.875,positive
2003-02-01,Cumhuriyet Halk Partisi,security,Guvenlik,security_conflict,3,7,7,0,9.45,6.974775000000001,0.875,positive
2003-02-01,Adalet ve Kalkınma Partisi,security,Guvenlik,security_conflict,4,11,5,1,13.1,5.2875,0.5714285714285714,positive
2003-02-01,Anavatan Partisi,economy,Ekonomi,macro_economy,1,6,5,1,8.1,4.62834,0.5714285714285714,positive
2003-02-01,Adalet ve Kalkınma Partisi,democracy,Demokrasi,democratic_reform,2,5,3,0,6.050000000000001,3.47509,0.75,positive
2003-02-01,Adalet ve Kalkınma Partisi,interest,Faiz,macro_economy,2,6,2,0,6.699999999999999,3.3499999999999996,0.6666666666666666,positive
2003-02-01,Adalet ve Kalkınma Partisi,reform,Reform,democratic_reform,2,6,2,0,6.699999999999999,3.3499999999999996,0.6666666666666666,positive
2003-02-01,Cumhuriyet Halk Partisi,reform,Reform,democratic_reform,2,7,4,1,8.75,2.8958899999999996,0.5,positive
2003-02-01,Adalet ve Kalkınma Partisi,inflation,Enflasyon,macro_economy,1,1,2,0,1.7,1.13339,0.6666666666666666,positive
2003-02-01,Cumhuriyet Halk Partisi,european_union,Avrupa Birligi,democratic_reform,1,1,1,0,1.35,0.675,0.5,positive
2003-02-01,Cumhuriyet Halk Partisi,interest,Faiz,macro_economy,1,1,1,0,1.35,0.675,0.5,positive
2003-03-01,Adalet ve Kalkınma Partisi,economy,Ekonomi,macro_economy,64,849,676,178,1147.9,620.380825,0.5824561403508772,positive
2003-03-01,Cumhuriyet Halk Partisi,economy,Ekonomi,macro_economy,59,241,185,21,313.1,194.8738,0.7922705314009661,positive
2003-03-01,Adalet ve Kalkınma Partisi,law_state,Hukuk Devleti,democratic_reform,26,189,114,18,235.20000000000002,142.00649,0.7218045112781954,positive
2003-03-01,Adalet ve Kalkınma Partisi,constitution,Anayasa,constitutional_conflict,19,168,80,11,199.85000000000002,126.181565,0.75,positive
2003-03-01,Cumhuriyet Halk Partisi,constitution,Anayasa,constitutional_conflict,22,121,89,13,156.7,96.5624,0.7378640776699029,positive
2003-03-01,Adalet ve Kalkınma Partisi,democracy,Demokrasi,democratic_reform,32,117,91,12,153.04999999999998,87.83686999999999,0.7596153846153846,positive
2003-03-01,Cumhuriyet Halk Partisi,law_state,Hukuk Devleti,democratic_reform,21,128,93,24,168.95,84.59084,0.5847457627118644,positive
2003-03-01,Cumhuriyet Halk Partisi,democracy,Demokrasi,democratic_reform,30,86,83,4,116.45,79.447155,0.8977272727272727,positive
2003-03-01,Adalet ve Kalkınma Partisi,reform,Reform,democratic_reform,20,113,66,13,140.65,71.83807,0.6625,positive
2003-03-01,Cumhuriyet Halk Partisi,reform,Reform,democratic_reform,11,62,32,3,74.25,46.50248,0.8055555555555556,positive
2003-03-01,Adalet ve Kalkınma Partisi,interest,Faiz,macro_economy,12,85,41,12,103.55,44.427189999999996,0.5370370370370371,positive
2003-03-01,Cumhuriyet Halk Partisi,interest,Faiz,macro_economy,11,73,19,3,80.7,39.03789,0.6956521739130435,positive
2003-03-01,Adalet ve Kalkınma Partisi,security,Guvenlik,security_conflict,17,58,33,3,70.6,38.87724,0.8108108108108109,positive
2003-03-01,Cumhuriyet Halk Partisi,inflation,Enflasyon,macro_economy,10,44,20,2,51.7,32.853390000000005,0.782608695652174,positive
2003-03-01,Adalet ve Kalkınma Partisi,european_union,Avrupa Birligi,democratic_reform,20,38,37,3,52.0,29.99268,0.8292682926829268,positive
2003-03-01,Adalet ve Kalkınma Partisi,inflation,Enflasyon,macro_economy,12,36,32,8,50.0,23.06053,0.5853658536585366,positive
2003-03-01,Cumhuriyet Halk Partisi,imf,IMF,macro_economy,8,24,14,1,29.25,16.14197,0.8125,positive
2003-03-01,Cumhuriyet Halk Partisi,european_union,Avrupa Birligi,democratic_reform,12,19,18,0,25.3,15.04616,0.9473684210526315,positive
2003-03-01,Cumhuriyet Halk Partisi,security,Guvenlik,security_conflict,12,18,16,0,23.6,13.266960000000001,0.9411764705882353,positive
2003-03-01,Bağımsız,economy,Ekonomi,macro_economy,3,13,11,2,17.55,11.216920000000002,0.6428571428571429,positive
2003-03-01,Adalet ve Kalkınma Partisi,imf,IMF,macro_economy,4,10,7,1,12.8,6.74349,0.6666666666666666,positive
2003-03-01,Anavatan Partisi,constitution,Anayasa,constitutional_conflict,2,6,4,0,7.4,4.93358,0.8,positive
2003-03-01,Anavatan Partisi,democracy,Demokrasi,democratic_reform,2,4,5,0,5.75,4.195,0.8333333333333334,positive
2003-03-01,Anavatan Partisi,economy,Ekonomi,macro_economy,3,4,5,0,5.75,3.60848,0.8333333333333334,positive
2003-03-01,Adalet ve Kalkınma Partisi,sovereignty,Egemenlik,security_conflict,3,4,4,0,5.4,3.15009,0.8,positive
2003-03-01,Bağımsız,interest,Faiz,macro_economy,1,5,1,0,5.35,2.675,0.5,positive
2003-03-01,Doğru Yol Partisi,democracy,Demokrasi,democratic_reform,1,4,1,0,4.35,2.175,0.5,positive
2003-03-01,Anavatan Partisi,interest,Faiz,macro_economy,2,2,2,0,2.7,1.35,0.6666666666666666,positive
2003-03-01,Doğru Yol Partisi,economy,Ekonomi,macro_economy,1,2,1,0,2.35,1.175,0.5,positive
2003-03-01,Bağımsız,reform,Reform,democratic_reform,1,1,1,0,1.35,0.675,0.5,positive
2003-03-01,Cumhuriyet Halk Partisi,sovereignty,Egemenlik,security_conflict,1,1,1,0,1.35,0.675,0.5,positive
2003-03-01,Doğru Yol Partisi,sovereignty,Egemenlik,security_conflict,1,1,1,0,1.35,0.675,0.5,positive
2003-04-01,Cumhuriyet Halk Partisi,economy,Ekonomi,macro_economy,50,190,215,22,272.95,190.67242000000002,0.8109243697478992,positive
2003-04-01,Adalet ve Kalkınma Partisi,economy,Ekonomi,macro_economy,31,177,132,22,230.9,134.67802,0.7096774193548387,positive
2003-04-01,Cumhuriyet Halk Partisi,law_state,Hukuk Devleti,democratic_reform,24,122,82,7,153.15,94.95732,0.8333333333333334,positive
2003-04-01,Cumhuriyet Halk Partisi,constitution,Anayasa,constitutional_conflict,30,146,53,6,166.65,88.89493,0.7833333333333333,positive
2003-04-01,Cumhuriyet Halk Partisi,democracy,Demokrasi,democratic_reform,20,73,48,3,90.85,56.686879999999995,0.8653846153846154,positive
2003-04-01,Adalet ve Kalkınma Partisi,constitution,Anayasa,constitutional_conflict,12,63,45,4,80.15,51.678760000000004,0.82,positive
2003-04-01,Adalet ve Kalkınma Partisi,law_state,Hukuk Devleti,democratic_reform,10,41,29,1,51.5,35.70982,0.9032258064516129,positive
2003-04-01,Adalet ve Kalkınma Partisi,european_union,Avrupa Birligi,democratic_reform,4,30,19,0,36.65,32.44745,0.95,positive
2003-04-01,Cumhuriyet Halk Partisi,european_union,Avrupa Birligi,democratic_reform,13,39,37,7,54.4,30.045525,0.6666666666666666,positive
2003-04-01,Adalet ve Kalkınma Partisi,democracy,Demokrasi,democratic_reform,9,31,31,6,43.95,24.084335000000003,0.6578947368421053,positive
2003-04-01,Bağımsız,economy,Ekonomi,macro_economy,2,11,16,0,16.6,14.534375,0.9411764705882353,positive
2003-04-01,Cumhuriyet Halk Partisi,reform,Reform,democratic_reform,5,15,6,0,17.1,9.00009,0.8571428571428571,positive
2003-04-01,Cumhuriyet Halk Partisi,interest,Faiz,macro_economy,8,13,13,2,18.25,8.979289999999999,0.6875,positive
2003-04-01,Cumhuriyet Halk Partisi,security,Guvenlik,security_conflict,7,18,8,1,21.150000000000002,8.3125,0.7,positive
2003-04-01,Adalet ve Kalkınma Partisi,sovereignty,Egemenlik,security_conflict,3,10,6,0,12.100000000000001,8.067070000000001,0.8571428571428571,positive
2003-04-01,Cumhuriyet Halk Partisi,inflation,Enflasyon,macro_economy,4,10,4,0,11.4,5.7,0.8,positive
2003-04-01,Adalet ve Kalkınma Partisi,interest,Faiz,macro_economy,3,9,6,1,11.450000000000001,5.435090000000001,0.625,positive
2003-04-01,Adalet ve Kalkınma Partisi,reform,Reform,democratic_reform,4,10,5,1,12.1,4.5375,0.5714285714285714,positive
2003-04-01,Adalet ve Kalkınma Partisi,inflation,Enflasyon,macro_economy,3,7,3,0,8.05,4.025,0.75,positive
2003-04-01,Doğru Yol Partisi,sovereignty,Egemenlik,security_conflict,1,5,2,0,5.7,3.8001899999999997,0.6666666666666666,positive
2003-04-01,Cumhuriyet Halk Partisi,sovereignty,Egemenlik,security_conflict,2,3,2,0,3.7,1.85,0.6666666666666666,positive
2003-04-01,Anavatan Partisi,economy,Ekonomi,macro_economy,1,2,2,0,2.7,1.80009,0.6666666666666666,positive
2003-04-01,Adalet ve Kalkınma Partisi,imf,IMF,macro_economy,2,2,4,1,3.75,1.635,0.5,positive
2003-04-01,Adalet ve Kalkınma Partisi,security,Guvenlik,security_conflict,2,2,2,0,2.7,1.35,0.6666666666666666,positive
2003-04-01,Anavatan Partisi,interest,Faiz,macro_economy,1,1,1,0,1.35,0.675,0.5,positive
2003-04-01,Cumhuriyet Halk Partisi,tutelage,Vesayet,constitutional_conflict,1,1,2,1,2.05,0.5125,0.25,positive
2003-05-01,Adalet ve Kalkınma Partisi,european_union,Avrupa Birligi,democratic_reform,26,257,191,24,332.25,232.39242000000002,0.7731481481481481,positive
2003-05-01,Adalet ve Kalkınma Partisi,economy,Ekonomi,macro_economy,46,257,223,40,349.05,214.11801499999999,0.6931818181818182,positive
2003-05-01,Cumhuriyet Halk Partisi,economy,Ekonomi,macro_economy,62,236,165,31,304.6,167.381875,0.6802030456852792,positive
2003-05-01,Cumhuriyet Halk Partisi,law_state,Hukuk Devleti,democratic_reform,50,142,114,9,185.05,110.41237,0.8467741935483871,positive
2003-05-01,Adalet ve Kalkınma Partisi,law_state,Hukuk Devleti,democratic_reform,31,114,132,15,165.45000000000002,108.825485,0.7905405405405406,positive
2003-05-01,Cumhuriyet Halk Partisi,democracy,Demokrasi,democratic_reform,31,88,68,2,112.5,73.967895,0.9295774647887324,positive
2003-05-01,Cumhuriyet Halk Partisi,european_union,Avrupa Birligi,democratic_reform,21,62,40,5,77.75,38.06557,0.7608695652173914,positive
2003-05-01,Adalet ve Kalkınma Partisi,democracy,Demokrasi,democratic_reform,18,33,32,1,44.550000000000004,27.25804,0.9117647058823529,positive
2003-05-01,Cumhuriyet Halk Partisi,constitution,Anayasa,constitutional_conflict,17,33,31,1,44.2,26.99045,0.9090909090909091,positive
2003-05-01,Adalet ve Kalkınma Partisi,constitution,Anayasa,constitutional_conflict,6,20,18,2,27.0,17.04,0.7619047619047619,positive
2003-05-01,Doğru Yol Partisi,economy,Ekonomi,macro_economy,1,9,16,0,14.6,13.74152,0.9411764705882353,positive
2003-05-01,Adalet ve Kalkınma Partisi,reform,Reform,democratic_reform,7,13,18,1,19.650000000000002,12.73928,0.85,positive
2003-05-01,Anavatan Partisi,economy,Ekonomi,macro_economy,5,15,13,2,20.25,12.63816,0.6875,positive
2003-05-01,Adalet ve Kalkınma Partisi,security,Guvenlik,security_conflict,11,16,13,0,20.55,11.34188,0.9285714285714286,positive
2003-05-01,Anavatan Partisi,law_state,Hukuk Devleti,democratic_reform,2,12,9,2,15.850000000000001,9.93875,0.5833333333333334,positive
2003-05-01,Doğru Yol Partisi,european_union,Avrupa Birligi,democratic_reform,1,11,12,3,16.25,9.140625,0.5625,positive
2003-05-01,Anavatan Partisi,democracy,Demokrasi,democratic_reform,3,9,6,0,11.1,7.40037,0.8571428571428571,positive
2003-05-01,Cumhuriyet Halk Partisi,security,Guvenlik,security_conflict,6,11,13,3,16.6,7.22428,0.5882352941176471,positive
2003-05-01,Adalet ve Kalkınma Partisi,interest,Faiz,macro_economy,4,7,9,0,10.15,6.6075,0.9,positive
2003-05-01,Cumhuriyet Halk Partisi,interest,Faiz,macro_economy,4,5,6,1,7.45,3.24589,0.625,positive
2003-05-01,Adalet ve Kalkınma Partisi,inflation,Enflasyon,macro_economy,2,2,6,0,4.1,3.0749999999999997,0.8571428571428571,positive
2003-05-01,Cumhuriyet Halk Partisi,reform,Reform,democratic_reform,4,5,5,1,7.1,3.0375,0.5714285714285714,positive
2003-05-01,Bağımsız,economy,Ekonomi,macro_economy,1,3,2,0,3.7,2.46679,0.6666666666666666,positive
2003-05-01,Anavatan Partisi,security,Guvenlik,security_conflict,2,3,2,0,3.7,1.85,0.6666666666666666,positive
2003-05-01,Bağımsız,democracy,Demokrasi,democratic_reform,2,3,2,0,3.7,1.85,0.6666666666666666,positive
2003-05-01,Cumhuriyet Halk Partisi,sovereignty,Egemenlik,security_conflict,1,3,1,0,3.35,1.675,0.5,positive
2003-05-01,Anavatan Partisi,european_union,Avrupa Birligi,democratic_reform,1,1,1,0,1.35,0.675,0.5,positive
2003-05-01,Bağımsız,constitution,Anayasa,constitutional_conflict,1,1,1,0,1.35,0.675,0.5,positive
2003-05-01,Cumhuriyet Halk Partisi,inflation,Enflasyon,macro_economy,1,1,1,0,1.35,0.675,0.5,positive
2003-06-01,Cumhuriyet Halk Partisi,economy,Ekonomi,macro_economy,36,203,182,34,278.6,159.09752500000002,0.6820276497695853,positive
2003-06-01,Adalet ve Kalkınma Partisi,economy,Ekonomi,macro_economy,28,137,133,15,188.8,129.515675,0.7919463087248322,positive
2003-06-01,Cumhuriyet Halk Partisi,law_state,Hukuk Devleti,democratic_reform,19,105,54,8,126.69999999999999,74.58776999999999,0.7301587301587301,positive
2003-06-01,Adalet ve Kalkınma Partisi,law_state,Hukuk Devleti,democratic_reform,13,118,57,21,145.3,56.375885000000004,0.45569620253164556,positive
2003-06-01,Cumhuriyet Halk Partisi,european_union,Avrupa Birligi,democratic_reform,24,71,44,2,87.1,54.909890000000004,0.8936170212765957,positive
2003-06-01,Adalet ve Kalkınma Partisi,european_union,Avrupa Birligi,democratic_reform,14,39,37,3,53.0,34.0227,0.8292682926829268,positive
2003-06-01,Adalet ve Kalkınma Partisi,democracy,Demokrasi,democratic_reform,10,30,20,1,37.35,21.96697,0.8636363636363636,positive
2003-06-01,Cumhuriyet Halk Partisi,security,Guvenlik,security_conflict,8,32,13,1,36.9,20.18368,0.8,positive
2003-06-01,Cumhuriyet Halk Partisi,interest,Faiz,macro_economy,10,42,17,4,49.35,20.07246,0.5909090909090909,positive
2003-06-01,Cumhuriyet Halk Partisi,constitution,Anayasa,constitutional_conflict,9,29,22,4,38.1,19.972545,0.6666666666666666,positive
2003-06-01,Cumhuriyet Halk Partisi,democracy,Demokrasi,democratic_reform,10,24,16,2,30.3,16.59226,0.7368421052631579,positive
2003-06-01,Adalet ve Kalkınma Partisi,reform,Reform,democratic_reform,11,20,23,3,29.1,15.58381,0.7407407407407407,positive
2003-06-01,Bağımsız,security,Guvenlik,security_conflict,2,17,5,1,19.1,9.55,0.5714285714285714,positive
2003-06-01,Adalet ve Kalkınma Partisi,constitution,Anayasa,constitutional_conflict,6,9,8,0,11.8,6.6334800000000005,0.8888888888888888,positive
2003-06-01,Bağımsız,european_union,Avrupa Birligi,democratic_reform,2,4,7,1,6.800000000000001,4.08125,0.6666666666666666,positive
2003-06-01,Adalet ve Kalkınma Partisi,inflation,Enflasyon,macro_economy,2,5,5,1,7.1,3.8,0.5714285714285714,positive
2003-06-01,Cumhuriyet Halk Partisi,inflation,Enflasyon,macro_economy,2,4,3,0,5.050000000000001,2.97509,0.75,positive
2003-06-01,Cumhuriyet Halk Partisi,sovereignty,Egemenlik,security_conflict,2,4,3,0,5.050000000000001,2.97509,0.75,positive
2003-06-01,Cumhuriyet Halk Partisi,reform,Reform,democratic_reform,2,4,2,0,4.7,2.35,0.6666666666666666,positive
2003-06-01,Cumhuriyet Halk Partisi,imf,IMF,macro_economy,2,2,3,0,3.05,1.80839,0.75,positive
2003-06-01,Adalet ve Kalkınma Partisi,interest,Faiz,macro_economy,2,2,2,0,2.7,1.35,0.6666666666666666,positive
2003-06-01,Adalet ve Kalkınma Partisi,imf,IMF,macro_economy,1,1,1,0,1.35,0.675,0.5,positive
2003-06-01,Adalet ve Kalkınma Partisi,security,Guvenlik,security_conflict,1,1,1,0,1.35,0.675,0.5,positive
2003-06-01,Anavatan Partisi,security,Guvenlik,security_conflict,1,1,1,0,1.35,0.675,0.5,positive
2003-06-01,Bağımsız,interest,Faiz,macro_economy,1,1,1,0,1.35,0.675,0.5,positive
2003-07-01,Cumhuriyet Halk Partisi,economy,Ekonomi,macro_economy,55,287,186,37,365.05,191.653715,0.6651785714285714,positive
2003-07-01,Adalet ve Kalkınma Partisi,economy,Ekonomi,macro_economy,33,154,136,4,203.0,154.99891,0.9361702127659575,positive
2003-07-01,Cumhuriyet Halk Partisi,security,Guvenlik,security_conflict,26,222,72,11,251.05,145.5216,0.7261904761904762,positive
2003-07-01,Cumhuriyet Halk Partisi,law_state,Hukuk Devleti,democratic_reform,30,146,83,7,177.5,110.31364,0.8351648351648352,positive
2003-07-01,Cumhuriyet Halk Partisi,european_union,Avrupa Birligi,democratic_reform,30,108,78,5,137.05,89.10797,0.8690476190476191,positive
2003-07-01,Cumhuriyet Halk Partisi,constitution,Anayasa,constitutional_conflict,28,143,52,5,162.95,88.263635,0.8103448275862069,positive
2003-07-01,Adalet ve Kalkınma Partisi,european_union,Avrupa Birligi,democratic_reform,10,82,44,3,98.45,71.77202,0.8541666666666666,positive
2003-07-01,Adalet ve Kalkınma Partisi,law_state,Hukuk Devleti,democratic_reform,17,94,46,6,112.2,61.06608,0.7547169811320755,positive
2003-07-01,Cumhuriyet Halk Partisi,democracy,Demokrasi,democratic_reform,16,67,51,3,85.9,58.75369,0.8727272727272727,positive
2003-07-01,Adalet ve Kalkınma Partisi,security,Guvenlik,security_conflict,17,96,39,6,111.75,56.12477,0.717391304347826,positive
2003-07-01,Adalet ve Kalkınma Partisi,democracy,Demokrasi,democratic_reform,14,39,46,3,56.15,39.980405,0.86,positive
2003-07-01,Adalet ve Kalkınma Partisi,constitution,Anayasa,constitutional_conflict,11,51,22,1,59.05,37.14689,0.875,positive
2003-07-01,Adalet ve Kalkınma Partisi,reform,Reform,democratic_reform,13,42,21,4,50.75,23.001739999999998,0.6538461538461539,positive
2003-07-01,Cumhuriyet Halk Partisi,inflation,Enflasyon,macro_economy,3,17,10,2,21.2,12.47136,0.6153846153846154,positive
2003-07-01,Cumhuriyet Halk Partisi,imf,IMF,macro_economy,5,11,11,0,14.850000000000001,10.25759,0.9166666666666666,positive
2003-07-01,Cumhuriyet Halk Partisi,reform,Reform,democratic_reform,7,12,8,0,14.8,7.68339,0.8888888888888888,positive
2003-07-01,Anavatan Partisi,constitution,Anayasa,constitutional_conflict,3,8,5,0,9.75,5.94188,0.8333333333333334,positive
2003-07-01,Cumhuriyet Halk Partisi,interest,Faiz,macro_economy,5,11,6,1,13.45,5.2125,0.625,positive
2003-07-01,Adalet ve Kalkınma Partisi,inflation,Enflasyon,macro_economy,2,5,3,0,6.050000000000001,3.80849,0.75,positive
2003-07-01,Anavatan Partisi,democracy,Demokrasi,democratic_reform,2,5,3,0,6.050000000000001,3.6417900000000003,0.75,positive
2003-07-01,Adalet ve Kalkınma Partisi,interest,Faiz,macro_economy,1,7,3,1,8.4,3.3600000000000003,0.4,positive
2003-07-01,Adalet ve Kalkınma Partisi,sovereignty,Egemenlik,security_conflict,3,4,4,0,5.4,3.15009,0.8,positive
2003-07-01,Cumhuriyet Halk Partisi,sovereignty,Egemenlik,security_conflict,1,2,3,0,3.05,2.2874999999999996,0.75,positive
2003-07-01,Anavatan Partisi,reform,Reform,democratic_reform,1,4,1,0,4.35,2.175,0.5,positive
2003-07-01,Anavatan Partisi,economy,Ekonomi,macro_economy,1,2,2,0,2.7,1.80009,0.6666666666666666,positive
2003-07-01,Bağımsız,reform,Reform,democratic_reform,1,1,1,0,1.35,0.675,0.5,positive
2003-10-01,Cumhuriyet Halk Partisi,economy,Ekonomi,macro_economy,19,111,94,15,149.15,87.058385,0.7181818181818181,positive
2003-10-01,Adalet ve Kalkınma Partisi,economy,Ekonomi,macro_economy,17,95,87,10,128.95,84.672665,0.7857142857142857,positive
2003-10-01,Adalet ve Kalkınma Partisi,democracy,Demokrasi,democratic_reform,10,44,42,3,59.75,45.42794,0.8478260869565217,positive
2003-10-01,Cumhuriyet Halk Partisi,law_state,Hukuk Devleti,democratic_reform,12,34,40,2,48.7,34.027015,0.8837209302325582,positive
2003-10-01,Cumhuriyet Halk Partisi,democracy,Demokrasi,democratic_reform,9,32,22,5,41.45,20.751795,0.6071428571428571,positive
2003-10-01,Cumhuriyet Halk Partisi,european_union,Avrupa Birligi,democratic_reform,10,28,23,2,36.75,19.08794,0.8076923076923077,positive
2003-10-01,Cumhuriyet Halk Partisi,constitution,Anayasa,constitutional_conflict,8,24,14,2,29.6,15.982500000000002,0.7058823529411765,positive
2003-10-01,Adalet ve Kalkınma Partisi,law_state,Hukuk Devleti,democratic_reform,8,16,20,1,23.35,14.54206,0.8636363636363636,positive
2003-10-01,Adalet ve Kalkınma Partisi,constitution,Anayasa,constitutional_conflict,6,11,11,0,14.85,9.12107,0.9166666666666666,positive
2003-10-01,Cumhuriyet Halk Partisi,security,Guvenlik,security_conflict,4,12,7,1,14.8,7.1767900000000004,0.6666666666666666,positive
2003-10-01,Adalet ve Kalkınma Partisi,european_union,Avrupa Birligi,democratic_reform,5,11,7,1,13.8,6.83759,0.6666666666666666,positive
2003-10-01,Adalet ve Kalkınma Partisi,interest,Faiz,macro_economy,2,8,3,0,9.05,5.47519,0.75,positive
2003-10-01,Adalet ve Kalkınma Partisi,reform,Reform,democratic_reform,3,5,3,0,6.050000000000001,3.0250000000000004,0.75,positive
2003-10-01,Cumhuriyet Halk Partisi,interest,Faiz,macro_economy,2,3,4,0,4.4,2.9624999999999995,0.8,positive
2003-10-01,Cumhuriyet Halk Partisi,reform,Reform,democratic_reform,2,3,2,0,3.7,1.85,0.6666666666666666,positive
2003-10-01,Cumhuriyet Halk Partisi,sovereignty,Egemenlik,security_conflict,1,2,2,0,2.7,1.80009,0.6666666666666666,positive
2003-10-01,Adalet ve Kalkınma Partisi,inflation,Enflasyon,macro_economy,2,2,2,0,2.7,1.35,0.6666666666666666,positive
2003-10-01,Adalet ve Kalkınma Partisi,security,Guvenlik,security_conflict,2,2,2,0,2.7,1.35,0.6666666666666666,positive
2003-11-01,Adalet ve Kalkınma Partisi,economy,Ekonomi,macro_economy,23,122,96,15,160.85,97.6081,0.7232142857142857,positive
2003-11-01,Cumhuriyet Halk Partisi,economy,Ekonomi,macro_economy,21,89,67,8,115.25,73.84549,0.7763157894736842,positive
2003-11-01,Cumhuriyet Halk Partisi,law_state,Hukuk Devleti,democratic_reform,9,36,15,0,41.25,26.05038,0.9375,positive
2003-11-01,Cumhuriyet Halk Partisi,democracy,Demokrasi,democratic_reform,5,11,16,0,16.6,12.8942,0.9411764705882353,positive
2003-11-01,Cumhuriyet Halk Partisi,european_union,Avrupa Birligi,democratic_reform,7,18,10,2,22.2,9.94179,0.6153846153846154,positive
2003-11-01,Anavatan Partisi,security,Guvenlik,security_conflict,2,16,6,2,18.799999999999997,7.843749999999999,0.4444444444444444,positive
2003-11-01,Cumhuriyet Halk Partisi,reform,Reform,democratic_reform,3,7,7,0,9.45,5.999999999999999,0.875,positive
2003-11-01,Adalet ve Kalkınma Partisi,security,Guvenlik,security_conflict,1,6,4,0,7.4,5.920000000000001,0.8,positive
2003-11-01,Adalet ve Kalkınma Partisi,constitution,Anayasa,constitutional_conflict,3,8,5,0,9.75,5.887499999999999,0.8333333333333334,positive
2003-11-01,Adalet ve Kalkınma Partisi,democracy,Demokrasi,democratic_reform,6,9,8,1,12.15,5.835,0.7,positive
2003-11-01,Bağımsız,security,Guvenlik,security_conflict,1,4,6,0,6.1,5.22831,0.8571428571428571,positive
2003-11-01,Bağımsız,economy,Ekonomi,macro_economy,1,8,4,1,9.75,4.875,0.5,positive
2003-11-01,Bağımsız,democracy,Demokrasi,democratic_reform,1,4,3,0,5.05,3.7874999999999996,0.75,positive
2003-11-01,Anavatan Partisi,economy,Ekonomi,macro_economy,3,4,5,0,5.75,3.60848,0.8333333333333334,positive
2003-11-01,Cumhuriyet Halk Partisi,constitution,Anayasa,constitutional_conflict,2,3,3,0,4.050000000000001,2.47509,0.75,positive
2003-11-01,Adalet ve Kalkınma Partisi,law_state,Hukuk Devleti,democratic_reform,2,3,3,0,4.05,2.30839,0.75,positive
2003-11-01,Adalet ve Kalkınma Partisi,european_union,Avrupa Birligi,democratic_reform,2,2,4,0,3.4,2.26678,0.8,positive
2003-11-01,Anavatan Partisi,constitution,Anayasa,constitutional_conflict,2,3,2,0,3.7,1.85,0.6666666666666666,positive
2003-11-01,Anavatan Partisi,democracy,Demokrasi,democratic_reform,1,2,2,0,2.7,1.80009,0.6666666666666666,positive
2003-11-01,Cumhuriyet Halk Partisi,interest,Faiz,macro_economy,1,2,3,1,3.4,1.36,0.4,positive
2003-11-01,Adalet ve Kalkınma Partisi,interest,Faiz,macro_economy,1,2,1,0,2.35,1.175,0.5,positive
2003-11-01,Adalet ve Kalkınma Partisi,reform,Reform,democratic_reform,1,2,1,0,2.35,1.175,0.5,positive
2003-11-01,Bağımsız,constitution,Anayasa,constitutional_conflict,1,2,1,0,2.35,1.175,0.5,positive
2003-11-01,Bağımsız,european_union,Avrupa Birligi,democratic_reform,1,1,2,0,1.7,1.13339,0.6666666666666666,positive
2003-11-01,Bağımsız,reform,Reform,democratic_reform,1,1,2,0,1.7,1.13339,0.6666666666666666,positive
2003-11-01,Anavatan Partisi,interest,Faiz,macro_economy,1,1,1,0,1.35,0.675,0.5,positive
2003-11-01,Anavatan Partisi,reform,Reform,democratic_reform,1,1,1,0,1.35,0.675,0.5,positive
2003-11-01,Cumhuriyet Halk Partisi,imf,IMF,macro_economy,1,1,1,0,1.35,0.675,0.5,positive
2003-11-01,Cumhuriyet Halk Partisi,sovereignty,Egemenlik,security_conflict,1,1,1,0,1.35,0.675,0.5,positive
2003-12-01,Adalet ve Kalkınma Partisi,economy,Ekonomi,macro_economy,99,889,851,131,1232.7,819.942455,0.7324516785350966,positive
2003-12-01,Cumhuriyet Halk Partisi,economy,Ekonomi,macro_economy,63,377,258,58,487.6,257.27778,0.6309148264984227,positive
2003-12-01,Cumhuriyet Halk Partisi,law_state,Hukuk Devleti,democratic_reform,34,193,132,23,247.25,149.38711,0.6987179487179487,positive
2003-12-01,Adalet ve Kalkınma Partisi,law_state,Hukuk Devleti,democratic_reform,27,182,109,16,225.75,135.73177,0.7380952380952381,positive
2003-12-01,Cumhuriyet Halk Partisi,interest,Faiz,macro_economy,17,124,66,5,148.85,105.205405,0.8472222222222222,positive
2003-12-01,Adalet ve Kalkınma Partisi,democracy,Demokrasi,democratic_reform,36,124,103,7,162.5,102.095395,0.8648648648648649,positive
2003-12-01,Adalet ve Kalkınma Partisi,interest,Faiz,macro_economy,17,103,48,3,120.85,85.668665,0.8653846153846154,positive
2003-12-01,Adalet ve Kalkınma Partisi,constitution,Anayasa,constitutional_conflict,22,119,54,2,138.6,81.93427,0.9122807017543859,positive
2003-12-01,Adalet ve Kalkınma Partisi,security,Guvenlik,security_conflict,19,96,55,5,117.0,78.66544,0.819672131147541,positive
2003-12-01,Adalet ve Kalkınma Partisi,inflation,Enflasyon,macro_economy,21,108,70,9,135.65,77.86584,0.7625,positive
2003-12-01,Cumhuriyet Halk Partisi,inflation,Enflasyon,macro_economy,15,98,69,17,128.1,62.824615,0.5977011494252874,positive
2003-12-01,Adalet ve Kalkınma Partisi,european_union,Avrupa Birligi,democratic_reform,30,74,57,1,94.3,60.26539,0.9491525423728814,positive
2003-12-01,Adalet ve Kalkınma Partisi,reform,Reform,democratic_reform,25,81,50,4,99.9,59.472615,0.8363636363636363,positive
2003-12-01,Cumhuriyet Halk Partisi,democracy,Demokrasi,democratic_reform,21,56,36,1,68.95,42.045525,0.9210526315789473,positive
2003-12-01,Cumhuriyet Halk Partisi,constitution,Anayasa,constitutional_conflict,14,80,36,8,95.4,41.39532,0.6222222222222222,positive
2003-12-01,Cumhuriyet Halk Partisi,european_union,Avrupa Birligi,democratic_reform,19,40,45,5,57.5,33.49696,0.7843137254901961,positive
2003-12-01,Cumhuriyet Halk Partisi,imf,IMF,macro_economy,10,25,20,1,32.35,18.67215,0.8636363636363636,positive
2003-12-01,Cumhuriyet Halk Partisi,reform,Reform,democratic_reform,7,24,14,2,29.6,14.74125,0.7058823529411765,positive
2003-12-01,Bağımsız,democracy,Demokrasi,democratic_reform,2,13,10,1,16.85,11.94815,0.75,positive
2003-12-01,Anavatan Partisi,economy,Ekonomi,macro_economy,1,12,9,1,15.5,11.27315,0.7272727272727273,positive
2003-12-01,Adalet ve Kalkınma Partisi,imf,IMF,macro_economy,6,14,9,0,17.15,9.59187,0.9,positive
2003-12-01,Bağımsız,economy,Ekonomi,macro_economy,4,8,13,1,12.9,8.7975,0.8,positive
2003-12-01,Cumhuriyet Halk Partisi,security,Guvenlik,security_conflict,5,8,5,0,9.75,4.875,0.8333333333333334,positive
2003-12-01,Doğru Yol Partisi,economy,Ekonomi,macro_economy,1,6,2,0,6.7,4.46689,0.6666666666666666,positive
2003-12-01,Anavatan Partisi,democracy,Demokrasi,democratic_reform,1,3,4,0,4.4,3.5200000000000005,0.8,positive
2003-12-01,Doğru Yol Partisi,democracy,Demokrasi,democratic_reform,1,2,6,0,4.1,3.5141099999999996,0.8571428571428571,positive
2003-12-01,Anavatan Partisi,security,Guvenlik,security_conflict,2,4,4,0,5.4,3.4624999999999995,0.8,positive
2003-12-01,Doğru Yol Partisi,reform,Reform,democratic_reform,1,6,1,0,6.35,3.175,0.5,positive
2003-12-01,Doğru Yol Partisi,security,Guvenlik,security_conflict,1,4,2,0,4.7,3.13349,0.6666666666666666,positive
2003-12-01,Anavatan Partisi,european_union,Avrupa Birligi,democratic_reform,3,3,3,0,4.050000000000001,2.0250000000000004,0.75,positive
2003-12-01,Anavatan Partisi,law_state,Hukuk Devleti,democratic_reform,2,3,2,0,3.7,1.85,0.6666666666666666,positive
2003-12-01,Bağımsız,reform,Reform,democratic_reform,1,2,2,0,2.7,1.80009,0.6666666666666666,positive
2003-12-01,Adalet ve Kalkınma Partisi,sovereignty,Egemenlik,security_conflict,2,2,2,0,2.7,1.35,0.6666666666666666,positive
2003-12-01,Anavatan Partisi,inflation,Enflasyon,macro_economy,1,2,1,0,2.35,1.175,0.5,positive
2003-12-01,Bağımsız,inflation,Enflasyon,macro_economy,1,1,1,0,1.35,0.675,0.5,positive
2003-12-01,Cumhuriyet Halk Partisi,sovereignty,Egemenlik,security_conflict,1,1,1,0,1.35,0.675,0.5,positive
2003-12-01,Doğru Yol Partisi,european_union,Avrupa Birligi,democratic_reform,1,1,1,0,1.35,0.675,0.5,positive
2004-01-01,Adalet ve Kalkınma Partisi,economy,Ekonomi,macro_economy,35,194,156,25,257.35,157.00940500000002,0.7197802197802198,positive
2004-01-01,Cumhuriyet Halk Partisi,economy,Ekonomi,macro_economy,27,148,104,19,191.05,107.06691000000001,0.6854838709677419,positive
2004-01-01,Adalet ve Kalkınma Partisi,security,Guvenlik,security_conflict,10,64,27,9,76.6,29.948145,0.4864864864864865,positive
2004-01-01,Adalet ve Kalkınma Partisi,law_state,Hukuk Devleti,democratic_reform,9,33,26,0,42.1,29.663749999999997,0.9629629629629629,positive
2004-01-01,Cumhuriyet Halk Partisi,law_state,Hukuk Devleti,democratic_reform,6,47,34,10,62.4,28.94794,0.5333333333333333,positive
2004-01-01,Cumhuriyet Halk Partisi,democracy,Demokrasi,democratic_reform,11,24,34,0,35.9,27.153085,0.9714285714285714,positive
2004-01-01,Adalet ve Kalkınma Partisi,european_union,Avrupa Birligi,democratic_reform,15,34,26,1,43.45,25.74598,0.8928571428571429,positive
2004-01-01,Cumhuriyet Halk Partisi,european_union,Avrupa Birligi,democratic_reform,6,15,13,0,19.55,13.487365,0.9285714285714286,positive
2004-01-01,Cumhuriyet Halk Partisi,security,Guvenlik,security_conflict,8,16,15,2,21.95,10.95188,0.7222222222222222,positive
2004-01-01,Cumhuriyet Halk Partisi,constitution,Anayasa,constitutional_conflict,3,11,10,0,14.5,10.797909999999998,0.9090909090909091,positive
2004-01-01,Adalet ve Kalkınma Partisi,democracy,Demokrasi,democratic_reform,4,9,11,0,12.850000000000001,9.50214,0.9166666666666666,positive
2004-01-01,Adalet ve Kalkınma Partisi,interest,Faiz,macro_economy,4,9,8,0,11.8,7.8164750000000005,0.8888888888888888,positive
2004-01-01,Cumhuriyet Halk Partisi,inflation,Enflasyon,macro_economy,4,8,9,0,11.15,7.441665,0.9,positive
2004-01-01,Cumhuriyet Halk Partisi,interest,Faiz,macro_economy,3,6,7,0,8.45,6.0,0.875,positive
2004-01-01,Anavatan Partisi,economy,Ekonomi,macro_economy,2,9,9,4,13.55,4.512589999999999,0.35714285714285715,positive
2004-01-01,Adalet ve Kalkınma Partisi,inflation,Enflasyon,macro_economy,2,6,3,0,7.050000000000001,4.30849,0.75,positive
2004-01-01,Bağımsız,economy,Ekonomi,macro_economy,2,5,4,0,6.4,3.9624999999999995,0.8,positive
2004-01-01,Adalet ve Kalkınma Partisi,reform,Reform,democratic_reform,4,4,7,1,6.8,3.45428,0.6666666666666666,positive
2004-01-01,Bağımsız,european_union,Avrupa Birligi,democratic_reform,1,2,3,0,3.05,2.2874999999999996,0.75,positive
2004-01-01,Anavatan Partisi,security,Guvenlik,security_conflict,1,2,1,0,2.35,1.175,0.5,positive
2004-01-01,Adalet ve Kalkınma Partisi,imf,IMF,macro_economy,1,1,1,0,1.35,0.675,0.5,positive
2004-01-01,Adalet ve Kalkınma Partisi,sovereignty,Egemenlik,security_conflict,1,1,1,0,1.35,0.675,0.5,positive
2004-01-01,Bağımsız,inflation,Enflasyon,macro_economy,1,1,1,0,1.35,0.675,0.5,positive
2004-01-01,Bağımsız,interest,Faiz,macro_economy,1,1,1,0,1.35,0.675,0.5,positive
2004-01-01,Adalet ve Kalkınma Partisi,constitution,Anayasa,constitutional_conflict,1,1,2,1,2.05,0.5125,0.25,positive
2004-01-01,Anavatan Partisi,european_union,Avrupa Birligi,democratic_reform,1,1,2,1,2.05,0.5125,0.25,positive
2004-02-01,Cumhuriyet Halk Partisi,economy,Ekonomi,macro_economy,33,122,95,11,159.1,94.43983,0.7850467289719626,positive
2004-02-01,Cumhuriyet Halk Partisi,democracy,Demokrasi,democratic_reform,35,84,73,5,111.3,68.72999999999999,0.8607594936708861,positive
2004-02-01,Cumhuriyet Halk Partisi,law_state,Hukuk Devleti,democratic_reform,24,78,50,2,96.2,60.19223,0.9056603773584906,positive
2004-02-01,Cumhuriyet Halk Partisi,constitution,Anayasa,constitutional_conflict,25,86,43,3,102.1,59.070750000000004,0.851063829787234,positive
2004-02-01,Adalet ve Kalkınma Partisi,economy,Ekonomi,macro_economy,23,72,56,5,93.35,57.030409999999996,0.8225806451612904,positive
2004-02-01,Adalet ve Kalkınma Partisi,law_state,Hukuk Devleti,democratic_reform,14,59,34,6,73.0,41.18388,0.6829268292682927,positive
2004-02-01,Cumhuriyet Halk Partisi,reform,Reform,democratic_reform,17,52,35,3,65.3,37.922935,0.8205128205128205,positive
2004-02-01,Adalet ve Kalkınma Partisi,reform,Reform,democratic_reform,17,63,30,5,75.25,34.94528,0.6944444444444444,positive
2004-02-01,Adalet ve Kalkınma Partisi,constitution,Anayasa,constitutional_conflict,11,33,27,0,42.45,30.24449,0.9642857142857143,positive
2004-02-01,Cumhuriyet Halk Partisi,security,Guvenlik,security_conflict,10,27,26,0,36.1,25.862125,0.9629629629629629,positive
2004-02-01,Cumhuriyet Halk Partisi,european_union,Avrupa Birligi,democratic_reform,8,27,28,3,37.85,24.08825,0.78125,positive
2004-02-01,Adalet ve Kalkınma Partisi,democracy,Demokrasi,democratic_reform,15,29,21,0,36.35,20.57116,0.9545454545454546,positive
2004-02-01,Adalet ve Kalkınma Partisi,european_union,Avrupa Birligi,democratic_reform,6,25,13,2,30.25,15.7825,0.6875,positive
2004-02-01,Adalet ve Kalkınma Partisi,security,Guvenlik,security_conflict,11,18,16,2,24.3,10.83759,0.7368421052631579,positive
2004-02-01,Bağımsız,economy,Ekonomi,macro_economy,1,16,5,2,18.45,6.918749999999999,0.375,positive
2004-02-01,Anavatan Partisi,democracy,Demokrasi,democratic_reform,2,5,6,0,7.1000000000000005,5.453390000000001,0.8571428571428571,positive
2004-02-01,Adalet ve Kalkınma Partisi,interest,Faiz,macro_economy,2,4,3,0,5.050000000000001,3.1417900000000003,0.75,positive
2004-02-01,Cumhuriyet Halk Partisi,imf,IMF,macro_economy,3,4,3,0,5.050000000000001,2.5250000000000004,0.75,positive
2004-02-01,Bağımsız,interest,Faiz,macro_economy,1,2,3,0,3.05,2.2874999999999996,0.75,positive
2004-02-01,Cumhuriyet Halk Partisi,interest,Faiz,macro_economy,2,2,5,1,4.1,2.05,0.5714285714285714,positive
2004-02-01,Bağımsız,constitution,Anayasa,constitutional_conflict,2,3,2,0,3.7,1.85,0.6666666666666666,positive
2004-02-01,Anavatan Partisi,economy,Ekonomi,macro_economy,1,6,2,1,7.05,1.7625,0.25,positive
2004-02-01,Cumhuriyet Halk Partisi,sovereignty,Egemenlik,security_conflict,2,2,2,0,2.7,1.35,0.6666666666666666,positive
2004-02-01,Bağımsız,reform,Reform,democratic_reform,1,2,1,0,2.35,1.175,0.5,positive
2004-02-01,Adalet ve Kalkınma Partisi,inflation,Enflasyon,macro_economy,1,1,1,0,1.35,0.675,0.5,positive
2004-02-01,Doğru Yol Partisi,european_union,Avrupa Birligi,democratic_reform,1,1,1,0,1.35,0.675,0.5,positive
2004-03-01,Adalet ve Kalkınma Partisi,economy,Ekonomi,macro_economy,10,30,30,4,41.9,23.95098,0.7428571428571429,positive
2004-03-01,Cumhuriyet Halk Partisi,democracy,Demokrasi,democratic_reform,3,18,23,2,26.75,20.52344,0.8076923076923077,positive
2004-03-01,Adalet ve Kalkınma Partisi,law_state,Hukuk Devleti,democratic_reform,6,26,19,3,33.7,18.46409,0.6956521739130435,positive
2004-03-01,Adalet ve Kalkınma Partisi,democracy,Demokrasi,democratic_reform,6,16,11,0,19.849999999999998,12.400189999999998,0.9166666666666666,positive
2004-03-01,Cumhuriyet Halk Partisi,law_state,Hukuk Devleti,democratic_reform,5,20,10,2,24.2,11.46,0.6153846153846154,positive
2004-03-01,Adalet ve Kalkınma Partisi,constitution,Anayasa,constitutional_conflict,6,12,10,0,15.5,10.120090000000001,0.9090909090909091,positive
2004-03-01,Cumhuriyet Halk Partisi,constitution,Anayasa,constitutional_conflict,3,10,12,2,14.9,9.07415,0.6666666666666666,positive
2004-03-01,Anavatan Partisi,economy,Ekonomi,macro_economy,1,18,9,4,22.55,8.052605,0.35714285714285715,positive
2004-03-01,Cumhuriyet Halk Partisi,economy,Ekonomi,macro_economy,3,10,5,1,12.1,5.3100000000000005,0.5714285714285714,positive
2004-03-01,Cumhuriyet Halk Partisi,security,Guvenlik,security_conflict,3,8,4,0,9.4,5.15009,0.8,positive
2004-03-01,Adalet ve Kalkınma Partisi,security,Guvenlik,security_conflict,3,3,3,0,4.050000000000001,2.0250000000000004,0.75,positive
2004-03-01,Adalet ve Kalkınma Partisi,european_union,Avrupa Birligi,democratic_reform,1,2,2,0,2.7,1.80009,0.6666666666666666,positive
2004-03-01,Cumhuriyet Halk Partisi,reform,Reform,democratic_reform,1,1,2,0,1.7,1.13339,0.6666666666666666,positive
2004-03-01,Cumhuriyet Halk Partisi,sovereignty,Egemenlik,security_conflict,1,1,2,0,1.7,1.13339,0.6666666666666666,positive
2004-03-01,Adalet ve Kalkınma Partisi,reform,Reform,democratic_reform,1,1,1,0,1.35,0.675,0.5,positive
2004-03-01,Anavatan Partisi,constitution,Anayasa,constitutional_conflict,1,1,1,0,1.35,0.675,0.5,positive
2004-04-01,Adalet ve Kalkınma Partisi,economy,Ekonomi,macro_economy,17,127,113,24,174.95,102.02664,0.644927536231884,positive
2004-04-01,Cumhuriyet Halk Partisi,law_state,Hukuk Devleti,democratic_reform,9,52,28,3,62.85,38.39301,0.78125,positive
2004-04-01,Adalet ve Kalkınma Partisi,constitution,Anayasa,constitutional_conflict,7,46,16,2,52.3,30.41804,0.7368421052631579,positive
2004-04-01,Adalet ve Kalkınma Partisi,law_state,Hukuk Devleti,democratic_reform,3,39,6,0,41.1,27.401369999999996,0.8571428571428571,positive
2004-04-01,Cumhuriyet Halk Partisi,economy,Ekonomi,macro_economy,10,32,29,4,43.55,26.886004999999997,0.7352941176470589,positive
2004-04-01,Adalet ve Kalkınma Partisi,european_union,Avrupa Birligi,democratic_reform,4,31,12,1,35.55,22.25214,0.7857142857142857,positive
2004-04-01,Cumhuriyet Halk Partisi,security,Guvenlik,security_conflict,5,18,19,6,26.75,12.328660000000001,0.5,positive
2004-04-01,Adalet ve Kalkınma Partisi,reform,Reform,democratic_reform,4,14,11,2,18.55,9.455645,0.6428571428571429,positive
2004-04-01,Cumhuriyet Halk Partisi,democracy,Demokrasi,democratic_reform,4,10,8,1,13.15,8.19179,0.7,positive
2004-04-01,Cumhuriyet Halk Partisi,constitution,Anayasa,constitutional_conflict,2,7,6,0,9.100000000000001,6.920090000000001,0.8571428571428571,positive
2004-04-01,Adalet ve Kalkınma Partisi,security,Guvenlik,security_conflict,6,10,6,0,12.100000000000001,6.050000000000001,0.8571428571428571,positive
2004-04-01,Adalet ve Kalkınma Partisi,interest,Faiz,macro_economy,6,9,7,0,11.45,6.00839,0.875,positive
2004-04-01,Doğru Yol Partisi,european_union,Avrupa Birligi,democratic_reform,1,5,4,0,6.4,5.120000000000001,0.8,positive
2004-04-01,Cumhuriyet Halk Partisi,european_union,Avrupa Birligi,democratic_reform,5,7,6,0,9.1,4.83339,0.8571428571428571,positive
2004-04-01,Adalet ve Kalkınma Partisi,inflation,Enflasyon,macro_economy,4,4,7,0,6.45,4.07517,0.875,positive
2004-04-01,Doğru Yol Partisi,security,Guvenlik,security_conflict,1,7,1,0,7.35,3.675,0.5,positive
2004-04-01,Adalet ve Kalkınma Partisi,democracy,Demokrasi,democratic_reform,3,4,4,0,5.4,3.15009,0.8,positive
2004-04-01,Anavatan Partisi,economy,Ekonomi,macro_economy,2,4,3,0,5.050000000000001,3.1417900000000003,0.75,positive
2004-04-01,Cumhuriyet Halk Partisi,sovereignty,Egemenlik,security_conflict,1,2,2,0,2.7,1.80009,0.6666666666666666,positive
2004-04-01,Doğru Yol Partisi,economy,Ekonomi,macro_economy,1,2,2,0,2.7,1.80009,0.6666666666666666,positive
2004-04-01,Adalet ve Kalkınma Partisi,sovereignty,Egemenlik,security_conflict,1,3,1,0,3.35,1.675,0.5,positive
2004-04-01,Anavatan Partisi,constitution,Anayasa,constitutional_conflict,1,3,1,0,3.35,1.675,0.5,positive
2004-04-01,Anavatan Partisi,reform,Reform,democratic_reform,1,2,1,0,2.35,1.175,0.5,positive
2004-04-01,Cumhuriyet Halk Partisi,inflation,Enflasyon,macro_economy,1,2,1,0,2.35,1.175,0.5,positive
2004-04-01,Anavatan Partisi,european_union,Avrupa Birligi,democratic_reform,1,3,2,1,4.05,1.0125,0.25,positive
2004-04-01,Cumhuriyet Halk Partisi,imf,IMF,macro_economy,1,1,1,0,1.35,0.675,0.5,positive
2004-04-01,Cumhuriyet Halk Partisi,interest,Faiz,macro_economy,1,1,1,0,1.35,0.675,0.5,positive
2004-05-01,Cumhuriyet Halk Partisi,law_state,Hukuk Devleti,democratic_reform,20,188,107,14,230.35,149.662815,0.7622950819672131,positive
2004-05-01,Cumhuriyet Halk Partisi,constitution,Anayasa,constitutional_conflict,18,146,43,4,162.45,99.80228,0.8125,positive
2004-05-01,Adalet ve Kalkınma Partisi,economy,Ekonomi,macro_economy,30,125,75,7,153.70000000000002,92.19362000000001,0.8192771084337349,positive
2004-05-01,Cumhuriyet Halk Partisi,european_union,Avrupa Birligi,democratic_reform,22,83,67,5,108.19999999999999,75.35381,0.8493150684931506,positive
2004-05-01,Adalet ve Kalkınma Partisi,constitution,Anayasa,constitutional_conflict,18,93,45,3,109.8,71.92727500000001,0.8571428571428571,positive
2004-05-01,Cumhuriyet Halk Partisi,democracy,Demokrasi,democratic_reform,26,94,61,11,119.2,61.883219999999994,0.684931506849315,positive
2004-05-01,Cumhuriyet Halk Partisi,economy,Ekonomi,macro_economy,26,84,67,12,111.65,58.031515,0.6875,positive
2004-05-01,Adalet ve Kalkınma Partisi,law_state,Hukuk Devleti,democratic_reform,14,70,46,7,88.55,50.249835000000004,0.7222222222222222,positive
2004-05-01,Adalet ve Kalkınma Partisi,democracy,Demokrasi,democratic_reform,12,43,35,4,56.65,35.075255,0.775,positive
2004-05-01,Adalet ve Kalkınma Partisi,european_union,Avrupa Birligi,democratic_reform,9,24,22,0,31.700000000000003,23.397914999999998,0.9565217391304348,positive
2004-05-01,Adalet ve Kalkınma Partisi,security,Guvenlik,security_conflict,9,39,23,5,48.8,23.071649999999998,0.6206896551724138,positive
2004-05-01,Cumhuriyet Halk Partisi,security,Guvenlik,security_conflict,5,18,13,1,22.9,13.80314,0.8,positive
2004-05-01,Adalet ve Kalkınma Partisi,reform,Reform,democratic_reform,7,16,7,0,18.45,9.225,0.875,positive
2004-05-01,Cumhuriyet Halk Partisi,reform,Reform,democratic_reform,5,11,11,1,15.2,8.64589,0.7692307692307693,positive
2004-05-01,Adalet ve Kalkınma Partisi,interest,Faiz,macro_economy,2,6,6,0,8.1,6.299775,0.8571428571428571,positive
2004-05-01,Bağımsız,reform,Reform,democratic_reform,1,2,3,0,3.05,2.2874999999999996,0.75,positive
2004-05-01,Anavatan Partisi,democracy,Demokrasi,democratic_reform,1,3,3,1,4.4,1.7600000000000002,0.4,positive
2004-05-01,Bağımsız,economy,Ekonomi,macro_economy,1,4,4,2,6.1,1.74277,0.2857142857142857,positive
2004-05-01,Anavatan Partisi,constitution,Anayasa,constitutional_conflict,1,2,2,1,3.05,0.7625,0.25,positive
2004-05-01,Bağımsız,european_union,Avrupa Birligi,democratic_reform,1,1,1,0,1.35,0.675,0.5,positive
2004-05-01,Cumhuriyet Halk Partisi,interest,Faiz,macro_economy,1,1,2,1,2.05,0.5125,0.25,positive
2004-06-01,Cumhuriyet Halk Partisi,economy,Ekonomi,macro_economy,45,210,163,14,271.95,181.15594000000002,0.8370786516853933,positive
2004-06-01,Adalet ve Kalkınma Partisi,economy,Ekonomi,macro_economy,31,132,129,8,179.95,126.773775,0.8768115942028986,positive
2004-06-01,Cumhuriyet Halk Partisi,law_state,Hukuk Devleti,democratic_reform,27,153,100,12,192.20000000000002,122.723335,0.7787610619469026,positive
2004-06-01,Adalet ve Kalkınma Partisi,law_state,Hukuk Devleti,democratic_reform,18,158,67,6,183.54999999999998,122.40129,0.8243243243243243,positive
2004-06-01,Adalet ve Kalkınma Partisi,constitution,Anayasa,constitutional_conflict,15,81,27,0,90.45,58.599470000000004,0.9642857142857143,positive
2004-06-01,Adalet ve Kalkınma Partisi,security,Guvenlik,security_conflict,7,88,31,6,100.95,52.589349999999996,0.6578947368421053,positive
2004-06-01,Cumhuriyet Halk Partisi,democracy,Demokrasi,democratic_reform,16,79,55,11,102.10000000000001,51.24208,0.6567164179104478,positive
2004-06-01,Cumhuriyet Halk Partisi,security,Guvenlik,security_conflict,8,87,26,5,97.85,49.059835,0.65625,positive
2004-06-01,Adalet ve Kalkınma Partisi,democracy,Demokrasi,democratic_reform,14,43,39,0,56.65,40.167975,0.975,positive
2004-06-01,Cumhuriyet Halk Partisi,constitution,Anayasa,constitutional_conflict,16,51,29,1,61.5,37.151289999999996,0.9032258064516129,positive
2004-06-01,Cumhuriyet Halk Partisi,european_union,Avrupa Birligi,democratic_reform,22,44,44,5,61.15,33.38089,0.78,positive
2004-06-01,Cumhuriyet Halk Partisi,interest,Faiz,macro_economy,6,26,24,4,35.8,21.184045,0.6896551724137931,positive
2004-06-01,Cumhuriyet Halk Partisi,sovereignty,Egemenlik,security_conflict,1,8,17,0,13.95,13.17438,0.9444444444444444,positive
2004-06-01,Adalet ve Kalkınma Partisi,european_union,Avrupa Birligi,democratic_reform,8,13,13,0,17.55,10.82848,0.9285714285714286,positive
2004-06-01,Anavatan Partisi,economy,Ekonomi,macro_economy,4,11,9,0,14.15,9.66198,0.9,positive
2004-06-01,Cumhuriyet Halk Partisi,reform,Reform,democratic_reform,4,15,10,3,19.55,7.56384,0.5,positive
2004-06-01,Doğru Yol Partisi,law_state,Hukuk Devleti,democratic_reform,1,14,1,0,14.35,7.175,0.5,positive
2004-06-01,Adalet ve Kalkınma Partisi,reform,Reform,democratic_reform,3,5,5,0,6.75,4.387499999999999,0.8333333333333334,positive
2004-06-01,Cumhuriyet Halk Partisi,imf,IMF,macro_economy,3,6,3,0,7.05,3.525,0.75,positive
2004-06-01,Cumhuriyet Halk Partisi,inflation,Enflasyon,macro_economy,2,5,3,0,6.05,3.3083899999999997,0.75,positive
2004-06-01,Doğru Yol Partisi,economy,Ekonomi,macro_economy,1,5,1,0,5.35,2.675,0.5,positive
2004-06-01,Bağımsız,democracy,Demokrasi,democratic_reform,1,3,2,0,3.7,2.46679,0.6666666666666666,positive
2004-06-01,Bağımsız,economy,Ekonomi,macro_economy,1,3,1,0,3.35,1.675,0.5,positive
2004-06-01,Anavatan Partisi,european_union,Avrupa Birligi,democratic_reform,1,1,3,0,2.05,1.5374999999999999,0.75,positive
2004-06-01,Adalet ve Kalkınma Partisi,inflation,Enflasyon,macro_economy,1,2,3,1,3.4,1.36,0.4,positive
2004-06-01,Anavatan Partisi,democracy,Demokrasi,democratic_reform,2,2,2,0,2.7,1.35,0.6666666666666666,positive
2004-06-01,Bağımsız,reform,Reform,democratic_reform,1,1,1,0,1.35,0.675,0.5,positive
2004-07-01,Cumhuriyet Halk Partisi,democracy,Demokrasi,democratic_reform,60,308,264,14,405.3,295.12733,0.8960573476702509,positive
2004-07-01,Cumhuriyet Halk Partisi,economy,Ekonomi,macro_economy,30,103,72,9,131.35,73.048945,0.7682926829268293,positive
2004-07-01,Adalet ve Kalkınma Partisi,law_state,Hukuk Devleti,democratic_reform,14,84,46,6,102.2,65.77195,0.7547169811320755,positive
2004-07-01,Cumhuriyet Halk Partisi,law_state,Hukuk Devleti,democratic_reform,15,53,42,2,68.4,48.027025,0.8888888888888888,positive
2004-07-01,Adalet ve Kalkınma Partisi,democracy,Demokrasi,democratic_reform,12,49,40,1,63.35,47.513305,0.9285714285714286,positive
2004-07-01,Cumhuriyet Halk Partisi,constitution,Anayasa,constitutional_conflict,18,73,39,6,88.75,47.03804,0.717391304347826,positive
2004-07-01,Cumhuriyet Halk Partisi,reform,Reform,democratic_reform,23,59,48,4,77.2,44.807075,0.8301886792452831,positive
2004-07-01,Adalet ve Kalkınma Partisi,economy,Ekonomi,macro_economy,13,39,49,1,56.5,43.143885,0.9411764705882353,positive
2004-07-01,Adalet ve Kalkınma Partisi,constitution,Anayasa,constitutional_conflict,10,32,25,0,40.75,28.976010000000002,0.9615384615384616,positive
2004-07-01,Cumhuriyet Halk Partisi,european_union,Avrupa Birligi,democratic_reform,22,38,33,1,49.900000000000006,28.09724,0.9142857142857143,positive
2004-07-01,Anavatan Partisi,economy,Ekonomi,macro_economy,3,18,18,0,24.3,19.83473,0.9473684210526315,positive
2004-07-01,Adalet ve Kalkınma Partisi,european_union,Avrupa Birligi,democratic_reform,8,17,20,1,24.35,17.71839,0.8636363636363636,positive
2004-07-01,Adalet ve Kalkınma Partisi,reform,Reform,democratic_reform,10,24,17,3,31.0,14.85013,0.6666666666666666,positive
2004-07-01,Anavatan Partisi,democracy,Demokrasi,democratic_reform,1,9,8,0,11.8,10.489020000000002,0.8888888888888888,positive
2004-07-01,Cumhuriyet Halk Partisi,imf,IMF,macro_economy,7,13,8,0,15.8,8.51679,0.8888888888888888,positive
2004-07-01,Cumhuriyet Halk Partisi,security,Guvenlik,security_conflict,4,9,8,1,12.15,6.801880000000001,0.7,positive
2004-07-01,Doğru Yol Partisi,security,Guvenlik,security_conflict,2,7,5,0,8.75,6.33759,0.8333333333333334,positive
2004-07-01,Cumhuriyet Halk Partisi,interest,Faiz,macro_economy,2,4,3,0,5.050000000000001,3.1417900000000003,0.75,positive
2004-07-01,Doğru Yol Partisi,reform,Reform,democratic_reform,2,5,2,0,5.7,2.85,0.6666666666666666,positive
2004-07-01,Anavatan Partisi,law_state,Hukuk Devleti,democratic_reform,1,2,4,0,3.4,2.72,0.8,positive
2004-07-01,Doğru Yol Partisi,economy,Ekonomi,macro_economy,1,1,3,0,2.05,1.5374999999999999,0.75,positive
2004-07-01,Adalet ve Kalkınma Partisi,interest,Faiz,macro_economy,2,2,2,0,2.7,1.35,0.6666666666666666,positive
2004-07-01,Anavatan Partisi,reform,Reform,democratic_reform,1,2,1,0,2.35,1.175,0.5,positive
2004-07-01,Anavatan Partisi,european_union,Avrupa Birligi,democratic_reform,1,1,2,0,1.7,1.13339,0.6666666666666666,positive
2004-07-01,Doğru Yol Partisi,constitution,Anayasa,constitutional_conflict,1,1,1,0,1.35,0.675,0.5,positive
2004-07-01,Doğru Yol Partisi,democracy,Demokrasi,democratic_reform,1,1,1,0,1.35,0.675,0.5,positive
2004-07-01,Doğru Yol Partisi,european_union,Avrupa Birligi,democratic_reform,1,1,1,0,1.35,0.675,0.5,positive
2004-08-01,Adalet ve Kalkınma Partisi,economy,Ekonomi,macro_economy,1,3,4,0,4.4,3.5200000000000005,0.8,positive
2004-08-01,Doğru Yol Partisi,inflation,Enflasyon,macro_economy,1,2,3,0,3.05,2.2874999999999996,0.75,positive
2004-08-01,Adalet ve Kalkınma Partisi,democracy,Demokrasi,democratic_reform,1,1,1,0,1.35,0.675,0.5,positive
2004-08-01,Adalet ve Kalkınma Partisi,european_union,Avrupa Birligi,democratic_reform,1,1,1,0,1.35,0.675,0.5,positive
2004-08-01,Adalet ve Kalkınma Partisi,inflation,Enflasyon,macro_economy,1,1,1,0,1.35,0.675,0.5,positive
2004-09-01,Cumhuriyet Halk Partisi,law_state,Hukuk Devleti,democratic_reform,13,70,50,7,89.95,54.106365000000004,0.7413793103448276,positive
2004-09-01,Adalet ve Kalkınma Partisi,law_state,Hukuk Devleti,democratic_reform,11,57,32,4,69.6,43.146499999999996,0.7567567567567568,positive
2004-09-01,Adalet ve Kalkınma Partisi,democracy,Demokrasi,democratic_reform,9,29,20,2,36.7,20.57769,0.782608695652174,positive
2004-09-01,Cumhuriyet Halk Partisi,constitution,Anayasa,constitutional_conflict,8,19,18,0,25.3,17.6843,0.9473684210526315,positive
2004-09-01,Cumhuriyet Halk Partisi,economy,Ekonomi,macro_economy,10,19,23,1,27.4,16.9727,0.88,positive
2004-09-01,Cumhuriyet Halk Partisi,democracy,Demokrasi,democratic_reform,11,23,20,3,31.05,15.87242,0.7083333333333334,positive
2004-09-01,Adalet ve Kalkınma Partisi,constitution,Anayasa,constitutional_conflict,5,24,5,0,25.75,12.875,0.8333333333333334,positive
2004-09-01,Cumhuriyet Halk Partisi,european_union,Avrupa Birligi,democratic_reform,5,15,10,3,19.55,7.94106,0.5,positive
2004-09-01,Cumhuriyet Halk Partisi,security,Guvenlik,security_conflict,4,8,5,0,9.75,5.32509,0.8333333333333334,positive
2004-09-01,Adalet ve Kalkınma Partisi,european_union,Avrupa Birligi,democratic_reform,3,12,4,1,13.75,4.612500000000001,0.5,positive
2004-09-01,Adalet ve Kalkınma Partisi,reform,Reform,democratic_reform,2,2,5,0,3.75,2.67089,0.8333333333333334,positive
2004-09-01,Doğru Yol Partisi,european_union,Avrupa Birligi,democratic_reform,2,3,3,0,4.050000000000001,2.47509,0.75,positive
2004-09-01,Adalet ve Kalkınma Partisi,economy,Ekonomi,macro_economy,1,3,2,0,3.7,2.46679,0.6666666666666666,positive
2004-09-01,Doğru Yol Partisi,constitution,Anayasa,constitutional_conflict,1,1,2,0,1.7,1.13339,0.6666666666666666,positive
2004-09-01,Doğru Yol Partisi,economy,Ekonomi,macro_economy,1,1,1,0,1.35,0.675,0.5,positive
2004-10-01,Adalet ve Kalkınma Partisi,economy,Ekonomi,macro_economy,9,31,25,2,40.45,26.05519,0.8214285714285714,positive
2004-10-01,Adalet ve Kalkınma Partisi,european_union,Avrupa Birligi,democratic_reform,6,21,11,0,24.85,16.98339,0.9166666666666666,positive
2004-10-01,Cumhuriyet Halk Partisi,european_union,Avrupa Birligi,democratic_reform,5,23,14,3,28.95,14.643749999999999,0.6111111111111112,positive
2004-10-01,Cumhuriyet Halk Partisi,economy,Ekonomi,macro_economy,5,15,18,5,23.049999999999997,10.626555,0.5416666666666666,positive
2004-10-01,Adalet ve Kalkınma Partisi,constitution,Anayasa,constitutional_conflict,5,9,8,0,11.8,7.52929,0.8888888888888888,positive
2004-10-01,Adalet ve Kalkınma Partisi,democracy,Demokrasi,democratic_reform,2,7,7,0,9.45,7.4575000000000005,0.875,positive
2004-10-01,Cumhuriyet Halk Partisi,interest,Faiz,macro_economy,2,7,7,0,9.45,7.091665000000001,0.875,positive
2004-10-01,Adalet ve Kalkınma Partisi,reform,Reform,democratic_reform,1,5,3,0,6.05,4.5375,0.75,positive
2004-10-01,Cumhuriyet Halk Partisi,security,Guvenlik,security_conflict,2,4,4,0,5.4,3.4624999999999995,0.8,positive
2004-10-01,Cumhuriyet Halk Partisi,law_state,Hukuk Devleti,democratic_reform,1,4,4,1,5.75,2.875,0.5,positive
2004-10-01,Cumhuriyet Halk Partisi,democracy,Demokrasi,democratic_reform,2,6,4,1,7.75,2.6458899999999996,0.5,positive
2004-10-01,Cumhuriyet Halk Partisi,constitution,Anayasa,constitutional_conflict,2,3,3,0,4.050000000000001,2.47509,0.75,positive
2004-10-01,Adalet ve Kalkınma Partisi,inflation,Enflasyon,macro_economy,1,2,3,0,3.05,2.2874999999999996,0.75,positive
2004-10-01,Anavatan Partisi,economy,Ekonomi,macro_economy,1,2,2,0,2.7,1.80009,0.6666666666666666,positive
2004-10-01,Anavatan Partisi,sovereignty,Egemenlik,security_conflict,1,2,2,0,2.7,1.80009,0.6666666666666666,positive
2004-10-01,Anavatan Partisi,interest,Faiz,macro_economy,1,1,3,0,2.05,1.5374999999999999,0.75,positive
2004-10-01,Doğru Yol Partisi,european_union,Avrupa Birligi,democratic_reform,1,2,1,0,2.35,1.175,0.5,positive
2004-10-01,Adalet ve Kalkınma Partisi,interest,Faiz,macro_economy,1,1,1,0,1.35,0.675,0.5,positive
2004-10-01,Cumhuriyet Halk Partisi,inflation,Enflasyon,macro_economy,1,1,1,0,1.35,0.675,0.5,positive
2004-10-01,Cumhuriyet Halk Partisi,reform,Reform,democratic_reform,1,1,1,0,1.35,0.675,0.5,positive
2004-11-01,Adalet ve Kalkınma Partisi,economy,Ekonomi,macro_economy,29,176,111,3,215.9,165.136085,0.9391304347826087,positive
2004-11-01,Cumhuriyet Halk Partisi,economy,Ekonomi,macro_economy,24,107,54,5,127.65,76.336675,0.8166666666666667,positive
2004-11-01,Cumhuriyet Halk Partisi,law_state,Hukuk Devleti,democratic_reform,9,74,65,15,102.0,62.847260000000006,0.6172839506172839,positive
2004-11-01,Adalet ve Kalkınma Partisi,european_union,Avrupa Birligi,democratic_reform,13,47,32,0,58.199999999999996,40.83866,0.9696969696969697,positive
2004-11-01,Cumhuriyet Halk Partisi,european_union,Avrupa Birligi,democratic_reform,14,42,43,7,59.5,34.687205,0.7058823529411765,positive
2004-11-01,Cumhuriyet Halk Partisi,democracy,Demokrasi,democratic_reform,16,41,36,4,55.0,30.325395,0.7804878048780488,positive
2004-11-01,Adalet ve Kalkınma Partisi,democracy,Demokrasi,democratic_reform,9,30,27,2,40.15,27.501715,0.8333333333333334,positive
2004-11-01,Cumhuriyet Halk Partisi,constitution,Anayasa,constitutional_conflict,8,24,14,0,28.9,18.76316,0.9333333333333333,positive
2004-11-01,Adalet ve Kalkınma Partisi,constitution,Anayasa,constitutional_conflict,6,19,20,1,26.35,18.26079,0.8636363636363636,positive
2004-11-01,Adalet ve Kalkınma Partisi,security,Guvenlik,security_conflict,7,28,15,2,33.95,17.40486,0.7222222222222222,positive
2004-11-01,Adalet ve Kalkınma Partisi,law_state,Hukuk Devleti,democratic_reform,9,19,18,0,25.3,16.78599,0.9473684210526315,positive
2004-11-01,Doğru Yol Partisi,european_union,Avrupa Birligi,democratic_reform,4,12,18,1,18.65,14.172910000000002,0.85,positive
2004-11-01,Anavatan Partisi,economy,Ekonomi,macro_economy,4,30,15,6,37.35,13.75966,0.4090909090909091,positive
2004-11-01,Cumhuriyet Halk Partisi,inflation,Enflasyon,macro_economy,2,10,4,0,11.4,8.2125,0.8,positive
2004-11-01,Cumhuriyet Halk Partisi,reform,Reform,democratic_reform,6,11,8,1,14.15,6.635000000000001,0.7,positive
2004-11-01,Cumhuriyet Halk Partisi,interest,Faiz,macro_economy,2,5,6,0,7.1,5.324999999999999,0.8571428571428571,positive
2004-11-01,Adalet ve Kalkınma Partisi,reform,Reform,democratic_reform,3,4,5,0,5.75,3.60848,0.8333333333333334,positive
2004-11-01,Anavatan Partisi,european_union,Avrupa Birligi,democratic_reform,1,2,4,0,3.4,2.72,0.8,positive
2004-11-01,Cumhuriyet Halk Partisi,imf,IMF,macro_economy,2,3,3,0,4.050000000000001,2.47509,0.75,positive
2004-11-01,Adalet ve Kalkınma Partisi,interest,Faiz,macro_economy,3,3,3,0,4.050000000000001,2.0250000000000004,0.75,positive
2004-11-01,Adalet ve Kalkınma Partisi,sovereignty,Egemenlik,security_conflict,1,2,2,0,2.7,1.80009,0.6666666666666666,positive
2004-11-01,Cumhuriyet Halk Partisi,security,Guvenlik,security_conflict,1,1,2,0,1.7,1.13339,0.6666666666666666,positive
2004-11-01,Doğru Yol Partisi,economy,Ekonomi,macro_economy,1,1,1,0,1.35,0.675,0.5,positive
2004-11-01,Doğru Yol Partisi,security,Guvenlik,security_conflict,1,1,1,0,1.35,0.675,0.5,positive
2004-12-01,Adalet ve Kalkınma Partisi,economy,Ekonomi,macro_economy,110,1162,1122,196,1623.3,1057.346895,0.7020470053070508,positive
2004-12-01,Adalet ve Kalkınma Partisi,law_state,Hukuk Devleti,democratic_reform,54,431,210,17,510.45,351.09458,0.8464912280701754,positive
2004-12-01,Cumhuriyet Halk Partisi,law_state,Hukuk Devleti,democratic_reform,33,397,257,52,505.15,305.596095,0.6612903225806451,positive
2004-12-01,Adalet ve Kalkınma Partisi,european_union,Avrupa Birligi,democratic_reform,73,261,190,13,332.05,217.9401,0.8676470588235294,positive
2004-12-01,Cumhuriyet Halk Partisi,economy,Ekonomi,macro_economy,60,262,200,30,342.5,203.6113,0.7359307359307359,positive
2004-12-01,Adalet ve Kalkınma Partisi,interest,Faiz,macro_economy,28,161,88,16,197.4,105.11718499999999,0.6857142857142857,positive
2004-12-01,Adalet ve Kalkınma Partisi,democracy,Demokrasi,democratic_reform,32,120,89,5,152.9,102.98881,0.8842105263157894,positive
2004-12-01,Adalet ve Kalkınma Partisi,constitution,Anayasa,constitutional_conflict,28,144,63,3,167.1,97.015375,0.8955223880597015,positive
2004-12-01,Adalet ve Kalkınma Partisi,reform,Reform,democratic_reform,39,112,90,6,145.6,95.02173,0.865979381443299,positive
2004-12-01,Adalet ve Kalkınma Partisi,inflation,Enflasyon,macro_economy,30,105,91,12,141.05,84.28819,0.7596153846153846,positive
2004-12-01,Adalet ve Kalkınma Partisi,security,Guvenlik,security_conflict,27,113,60,6,136.1,80.97583,0.8059701492537313,positive
2004-12-01,Cumhuriyet Halk Partisi,european_union,Avrupa Birligi,democratic_reform,29,86,81,8,117.15,72.886405,0.8111111111111111,positive
2004-12-01,Cumhuriyet Halk Partisi,constitution,Anayasa,constitutional_conflict,31,108,66,7,133.55,70.887815,0.7972972972972973,positive
2004-12-01,Cumhuriyet Halk Partisi,democracy,Demokrasi,democratic_reform,26,73,70,7,99.95,60.888815,0.8076923076923077,positive
2004-12-01,Cumhuriyet Halk Partisi,security,Guvenlik,security_conflict,17,65,31,5,77.6,41.86667,0.7027027027027027,positive
2004-12-01,Cumhuriyet Halk Partisi,inflation,Enflasyon,macro_economy,16,60,38,3,74.35,41.453125,0.8333333333333334,positive
2004-12-01,Cumhuriyet Halk Partisi,interest,Faiz,macro_economy,20,69,41,8,86.15,41.344255,0.66,positive
2004-12-01,Cumhuriyet Halk Partisi,imf,IMF,macro_economy,8,44,11,0,47.85,30.77637,0.9166666666666666,positive
2004-12-01,Adalet ve Kalkınma Partisi,imf,IMF,macro_economy,8,28,16,0,33.599999999999994,21.405099999999997,0.9411764705882353,positive
2004-12-01,Bağımsız,economy,Ekonomi,macro_economy,3,22,16,3,28.65,16.990769999999998,0.65,positive
2004-12-01,Cumhuriyet Halk Partisi,reform,Reform,democratic_reform,9,18,13,0,22.55,13.74216,0.9285714285714286,positive
2004-12-01,Doğru Yol Partisi,european_union,Avrupa Birligi,democratic_reform,4,11,10,1,14.850000000000001,8.745000000000001,0.75,positive
2004-12-01,Anavatan Partisi,security,Guvenlik,security_conflict,1,6,5,0,7.75,6.458075,0.8333333333333334,positive
2004-12-01,Doğru Yol Partisi,economy,Ekonomi,macro_economy,3,5,6,0,7.1000000000000005,4.73357,0.8571428571428571,positive
2004-12-01,Anavatan Partisi,democracy,Demokrasi,democratic_reform,1,3,4,0,4.4,3.5200000000000005,0.8,positive
2004-12-01,Anavatan Partisi,economy,Ekonomi,macro_economy,2,4,3,0,5.050000000000001,3.1417900000000003,0.75,positive
2004-12-01,Bağımsız,european_union,Avrupa Birligi,democratic_reform,3,5,3,0,6.050000000000001,3.0250000000000004,0.75,positive
2004-12-01,Adalet ve Kalkınma Partisi,sovereignty,Egemenlik,security_conflict,2,3,4,0,4.4,2.93348,0.8,positive
2004-12-01,Doğru Yol Partisi,security,Guvenlik,security_conflict,2,8,3,1,9.4,2.6875,0.4,positive
2004-12-01,Anavatan Partisi,inflation,Enflasyon,macro_economy,1,3,1,0,3.35,1.675,0.5,positive
2004-12-01,Anavatan Partisi,european_union,Avrupa Birligi,democratic_reform,1,2,1,0,2.35,1.175,0.5,positive
2004-12-01,Anavatan Partisi,reform,Reform,democratic_reform,1,1,2,1,2.05,0.5125,0.25,positive
2005-01-01,Adalet ve Kalkınma Partisi,economy,Ekonomi,macro_economy,13,57,29,1,67.5,41.779995,0.9032258064516129,positive
2005-01-01,Cumhuriyet Halk Partisi,democracy,Demokrasi,democratic_reform,5,22,19,2,29.349999999999998,18.273490000000002,0.7727272727272727,positive
2005-01-01,Cumhuriyet Halk Partisi,law_state,Hukuk Devleti,democratic_reform,4,25,12,1,29.55,16.439799999999998,0.7857142857142857,positive
2005-01-01,Cumhuriyet Halk Partisi,economy,Ekonomi,macro_economy,8,17,15,0,22.25,14.57876,0.9375,positive
2005-01-01,Cumhuriyet Halk Partisi,constitution,Anayasa,constitutional_conflict,7,22,13,2,27.25,12.93509,0.6875,positive
2005-01-01,Adalet ve Kalkınma Partisi,reform,Reform,democratic_reform,6,19,9,1,22.5,12.25,0.7272727272727273,positive
2005-01-01,Adalet ve Kalkınma Partisi,european_union,Avrupa Birligi,democratic_reform,7,13,11,1,17.2,8.88339,0.7692307692307693,positive
2005-01-01,Adalet ve Kalkınma Partisi,democracy,Demokrasi,democratic_reform,6,11,11,1,15.2,8.75018,0.7692307692307693,positive
2005-01-01,Adalet ve Kalkınma Partisi,constitution,Anayasa,constitutional_conflict,4,11,4,0,12.399999999999999,6.199999999999999,0.8,positive
2005-01-01,Adalet ve Kalkınma Partisi,law_state,Hukuk Devleti,democratic_reform,3,6,6,0,8.1,5.67,0.8571428571428571,positive
2005-01-01,Adalet ve Kalkınma Partisi,imf,IMF,macro_economy,1,5,4,0,6.4,5.120000000000001,0.8,positive
2005-01-01,Anavatan Partisi,economy,Ekonomi,macro_economy,2,6,4,0,7.4,4.93358,0.8,positive
2005-01-01,Cumhuriyet Halk Partisi,european_union,Avrupa Birligi,democratic_reform,2,5,5,0,6.75,4.754289999999999,0.8333333333333334,positive
2005-01-01,Cumhuriyet Halk Partisi,imf,IMF,macro_economy,3,8,3,0,9.049999999999999,4.5249999999999995,0.75,positive
2005-01-01,Cumhuriyet Halk Partisi,security,Guvenlik,security_conflict,3,8,5,1,10.1,4.40429,0.5714285714285714,positive
2005-01-01,Cumhuriyet Halk Partisi,reform,Reform,democratic_reform,2,7,2,0,7.699999999999999,3.8499999999999996,0.6666666666666666,positive
2005-01-01,Anavatan Partisi,democracy,Demokrasi,democratic_reform,2,5,3,0,6.050000000000001,3.80849,0.75,positive
2005-01-01,Cumhuriyet Halk Partisi,interest,Faiz,macro_economy,2,2,3,0,3.05,1.80839,0.75,positive
2005-01-01,Adalet ve Kalkınma Partisi,security,Guvenlik,security_conflict,2,2,2,0,2.7,1.35,0.6666666666666666,positive
2005-01-01,Adalet ve Kalkınma Partisi,sovereignty,Egemenlik,security_conflict,1,1,2,0,1.7,1.13339,0.6666666666666666,positive
2005-01-01,Bağımsız,economy,Ekonomi,macro_economy,1,1,1,0,1.35,0.675,0.5,positive
2005-01-01,Bağımsız,european_union,Avrupa Birligi,democratic_reform,1,1,1,0,1.35,0.675,0.5,positive
2005-01-01,Doğru Yol Partisi,inflation,Enflasyon,macro_economy,1,1,1,0,1.35,0.675,0.5,positive
2005-01-01,Doğru Yol Partisi,reform,Reform,democratic_reform,1,1,1,0,1.35,0.675,0.5,positive
2005-02-01,Cumhuriyet Halk Partisi,economy,Ekonomi,macro_economy,25,94,71,12,123.05,63.56268,0.7023809523809523,positive
2005-02-01,Adalet ve Kalkınma Partisi,economy,Ekonomi,macro_economy,18,73,68,10,100.3,60.751599999999996,0.7341772151898734,positive
2005-02-01,Cumhuriyet Halk Partisi,democracy,Demokrasi,democratic_reform,14,47,40,7,63.449999999999996,34.936045,0.6875,positive
2005-02-01,Cumhuriyet Halk Partisi,constitution,Anayasa,constitutional_conflict,5,40,12,0,44.2,31.145000000000003,0.9230769230769231,positive
2005-02-01,Adalet ve Kalkınma Partisi,law_state,Hukuk Devleti,democratic_reform,9,27,16,0,32.6,22.71169,0.9411764705882353,positive
2005-02-01,Adalet ve Kalkınma Partisi,reform,Reform,democratic_reform,10,29,19,0,35.65,22.11089,0.95,positive
2005-02-01,Adalet ve Kalkınma Partisi,constitution,Anayasa,constitutional_conflict,10,32,18,2,39.0,20.86768,0.7619047619047619,positive
2005-02-01,Adalet ve Kalkınma Partisi,european_union,Avrupa Birligi,democratic_reform,14,27,21,1,34.7,20.37154,0.8695652173913043,positive
2005-02-01,Cumhuriyet Halk Partisi,european_union,Avrupa Birligi,democratic_reform,10,26,23,5,35.8,17.01822,0.6206896551724138,positive
2005-02-01,Adalet ve Kalkınma Partisi,democracy,Demokrasi,democratic_reform,8,24,17,3,31.0,15.80233,0.6666666666666666,positive
2005-02-01,Anavatan Partisi,economy,Ekonomi,macro_economy,3,13,18,2,20.0,13.504375,0.7619047619047619,positive
2005-02-01,Cumhuriyet Halk Partisi,reform,Reform,democratic_reform,6,19,11,1,23.2,12.961829999999999,0.7692307692307693,positive
2005-02-01,Cumhuriyet Halk Partisi,security,Guvenlik,security_conflict,3,17,11,3,21.900000000000002,11.99929,0.5333333333333333,positive
2005-02-01,Cumhuriyet Halk Partisi,law_state,Hukuk Devleti,democratic_reform,9,14,16,1,19.95,11.10866,0.8333333333333334,positive
2005-02-01,Cumhuriyet Halk Partisi,interest,Faiz,macro_economy,2,6,5,0,7.75,5.795000000000001,0.8333333333333334,positive
2005-02-01,Cumhuriyet Halk Partisi,imf,IMF,macro_economy,2,4,5,0,5.75,4.00429,0.8333333333333334,positive
2005-02-01,Adalet ve Kalkınma Partisi,inflation,Enflasyon,macro_economy,3,4,5,0,5.75,3.60848,0.8333333333333334,positive
2005-02-01,Doğru Yol Partisi,economy,Ekonomi,macro_economy,2,4,3,0,5.050000000000001,2.97509,0.75,positive
2005-02-01,Doğru Yol Partisi,european_union,Avrupa Birligi,democratic_reform,2,3,4,0,4.4,2.9624999999999995,0.8,positive
2005-02-01,Anavatan Partisi,democracy,Demokrasi,democratic_reform,2,3,3,0,4.050000000000001,2.47509,0.75,positive
2005-02-01,Adalet ve Kalkınma Partisi,security,Guvenlik,security_conflict,2,6,3,1,7.4,2.1875,0.4,positive
2005-02-01,Anavatan Partisi,law_state,Hukuk Devleti,democratic_reform,1,1,2,0,1.7,1.13339,0.6666666666666666,positive
2005-02-01,Cumhuriyet Halk Partisi,tutelage,Vesayet,constitutional_conflict,1,1,3,1,2.4,0.96,0.4,positive
2005-02-01,Adalet ve Kalkınma Partisi,interest,Faiz,macro_economy,1,1,1,0,1.35,0.675,0.5,positive
2005-02-01,Adalet ve Kalkınma Partisi,sovereignty,Egemenlik,security_conflict,1,1,1,0,1.35,0.675,0.5,positive
2005-02-01,Cumhuriyet Halk Partisi,inflation,Enflasyon,macro_economy,1,1,2,1,2.05,0.5125,0.25,positive
2005-03-01,Adalet ve Kalkınma Partisi,economy,Ekonomi,macro_economy,32,156,133,7,205.0,145.65554,0.8936170212765957,positive
2005-03-01,Cumhuriyet Halk Partisi,economy,Ekonomi,macro_economy,30,155,133,19,208.2,129.524485,0.7450980392156863,positive
2005-03-01,Adalet ve Kalkınma Partisi,law_state,Hukuk Devleti,democratic_reform,17,90,56,3,110.65,77.38813,0.8833333333333333,positive
2005-03-01,Cumhuriyet Halk Partisi,law_state,Hukuk Devleti,democratic_reform,21,109,47,9,128.6,65.393905,0.6666666666666666,positive
2005-03-01,Cumhuriyet Halk Partisi,constitution,Anayasa,constitutional_conflict,18,74,33,2,86.25,53.76572,0.8611111111111112,positive
2005-03-01,Cumhuriyet Halk Partisi,democracy,Demokrasi,democratic_reform,16,38,40,2,52.7,34.047105,0.8837209302325582,positive
2005-03-01,Adalet ve Kalkınma Partisi,interest,Faiz,macro_economy,8,54,19,2,61.349999999999994,31.706415,0.7727272727272727,positive
2005-03-01,Adalet ve Kalkınma Partisi,constitution,Anayasa,constitutional_conflict,15,47,23,2,55.75,27.137169999999998,0.8076923076923077,positive
2005-03-01,Adalet ve Kalkınma Partisi,security,Guvenlik,security_conflict,10,40,20,2,47.7,27.012680000000003,0.782608695652174,positive
2005-03-01,Adalet ve Kalkınma Partisi,democracy,Demokrasi,democratic_reform,9,24,21,0,31.35,22.098255,0.9545454545454546,positive
2005-03-01,Cumhuriyet Halk Partisi,security,Guvenlik,security_conflict,11,29,17,1,35.300000000000004,20.28938,0.8421052631578947,positive
2005-03-01,Cumhuriyet Halk Partisi,european_union,Avrupa Birligi,democratic_reform,14,30,20,2,37.7,18.54196,0.782608695652174,positive
2005-03-01,Adalet ve Kalkınma Partisi,inflation,Enflasyon,macro_economy,3,14,13,0,18.55,15.03952,0.9285714285714286,positive
2005-03-01,Adalet ve Kalkınma Partisi,european_union,Avrupa Birligi,democratic_reform,8,18,16,3,24.650000000000002,12.04304,0.65,positive
2005-03-01,Cumhuriyet Halk Partisi,imf,IMF,macro_economy,3,15,6,0,17.1,11.429589999999997,0.8571428571428571,positive
2005-03-01,Cumhuriyet Halk Partisi,interest,Faiz,macro_economy,6,16,9,0,19.15,10.95429,0.9,positive
2005-03-01,Cumhuriyet Halk Partisi,reform,Reform,democratic_reform,9,23,11,1,27.200000000000003,10.87089,0.7692307692307693,positive
2005-03-01,Adalet ve Kalkınma Partisi,reform,Reform,democratic_reform,5,13,8,0,15.8,10.120000000000001,0.8888888888888888,positive
2005-03-01,Cumhuriyet Halk Partisi,inflation,Enflasyon,macro_economy,5,7,10,1,10.85,6.491779999999999,0.75,positive
2005-03-01,Anavatan Partisi,democracy,Demokrasi,democratic_reform,1,2,3,0,3.05,2.2874999999999996,0.75,positive
2005-03-01,Doğru Yol Partisi,law_state,Hukuk Devleti,democratic_reform,1,4,1,0,4.35,2.175,0.5,positive
2005-03-01,Cumhuriyet Halk Partisi,sovereignty,Egemenlik,security_conflict,1,2,1,0,2.35,1.175,0.5,positive
2005-03-01,Adalet ve Kalkınma Partisi,sovereignty,Egemenlik,security_conflict,1,1,1,0,1.35,0.675,0.5,positive
2005-04-01,Adalet ve Kalkınma Partisi,economy,Ekonomi,macro_economy,43,290,254,21,386.25,287.370465,0.8442028985507246,positive
2005-04-01,Cumhuriyet Halk Partisi,economy,Ekonomi,macro_economy,25,124,79,10,155.15,94.724765,0.7666666666666667,positive
2005-04-01,Cumhuriyet Halk Partisi,law_state,Hukuk Devleti,democratic_reform,17,84,42,1,99.05,65.97943,0.9318181818181818,positive
2005-04-01,Cumhuriyet Halk Partisi,constitution,Anayasa,constitutional_conflict,24,99,49,7,118.60000000000001,58.69306,0.7368421052631579,positive
2005-04-01,Adalet ve Kalkınma Partisi,law_state,Hukuk Devleti,democratic_reform,16,59,37,3,73.0,44.48663500000001,0.8292682926829268,positive
2005-04-01,Adalet ve Kalkınma Partisi,democracy,Demokrasi,democratic_reform,18,55,42,4,71.1,43.48304,0.8085106382978723,positive
2005-04-01,Adalet ve Kalkınma Partisi,constitution,Anayasa,constitutional_conflict,12,41,23,1,49.4,30.29336,0.88,positive
2005-04-01,Adalet ve Kalkınma Partisi,european_union,Avrupa Birligi,democratic_reform,18,35,33,2,47.25,28.067249999999998,0.8611111111111112,positive
2005-04-01,Cumhuriyet Halk Partisi,imf,IMF,macro_economy,7,39,15,2,44.95,26.13118,0.7222222222222222,positive
2005-04-01,Cumhuriyet Halk Partisi,democracy,Demokrasi,democratic_reform,12,39,25,5,49.5,21.24759,0.6451612903225806,positive
2005-04-01,Adalet ve Kalkınma Partisi,reform,Reform,democratic_reform,9,25,15,0,30.25,19.29557,0.9375,positive
2005-04-01,Cumhuriyet Halk Partisi,european_union,Avrupa Birligi,democratic_reform,9,19,18,1,25.65,15.393799999999999,0.85,positive
2005-04-01,Anavatan Partisi,economy,Ekonomi,macro_economy,4,20,8,1,23.150000000000002,10.982500000000002,0.7,positive
2005-04-01,Cumhuriyet Halk Partisi,interest,Faiz,macro_economy,4,20,7,1,22.8,10.476790000000001,0.6666666666666666,positive
2005-04-01,Cumhuriyet Halk Partisi,reform,Reform,democratic_reform,8,21,10,1,24.85,10.36259,0.75,positive
2005-04-01,Adalet ve Kalkınma Partisi,interest,Faiz,macro_economy,5,17,6,0,19.1,10.33349,0.8571428571428571,positive
2005-04-01,Adalet ve Kalkınma Partisi,inflation,Enflasyon,macro_economy,5,12,8,0,14.8,9.445889999999999,0.8888888888888888,positive
2005-04-01,Adalet ve Kalkınma Partisi,security,Guvenlik,security_conflict,7,16,7,0,18.45,9.225,0.875,positive
2005-04-01,Doğru Yol Partisi,economy,Ekonomi,macro_economy,2,9,6,2,11.799999999999999,4.59375,0.4444444444444444,positive
2005-04-01,Bağımsız,economy,Ekonomi,macro_economy,2,4,6,0,6.1,4.52009,0.8571428571428571,positive
2005-04-01,Doğru Yol Partisi,constitution,Anayasa,constitutional_conflict,4,6,4,0,7.4,3.7,0.8,positive
2005-04-01,Doğru Yol Partisi,security,Guvenlik,security_conflict,1,7,3,1,8.4,3.3600000000000003,0.4,positive
2005-04-01,Doğru Yol Partisi,law_state,Hukuk Devleti,democratic_reform,3,4,6,2,6.8,2.52137,0.4444444444444444,positive
2005-04-01,Bağımsız,law_state,Hukuk Devleti,democratic_reform,1,2,3,0,3.05,2.2874999999999996,0.75,positive
2005-04-01,Anavatan Partisi,law_state,Hukuk Devleti,democratic_reform,1,4,1,0,4.35,2.175,0.5,positive
2005-04-01,Anavatan Partisi,reform,Reform,democratic_reform,1,3,1,0,3.35,1.675,0.5,positive
2005-04-01,Cumhuriyet Halk Partisi,security,Guvenlik,security_conflict,2,2,2,0,2.7,1.35,0.6666666666666666,positive
2005-04-01,Anavatan Partisi,imf,IMF,macro_economy,1,2,1,0,2.35,1.175,0.5,positive
2005-04-01,Adalet ve Kalkınma Partisi,imf,IMF,macro_economy,1,1,1,0,1.35,0.675,0.5,positive
2005-04-01,Doğru Yol Partisi,european_union,Avrupa Birligi,democratic_reform,1,1,1,0,1.35,0.675,0.5,positive
2005-05-01,Cumhuriyet Halk Partisi,law_state,Hukuk Devleti,democratic_reform,38,173,106,9,213.25,135.4195,0.8362068965517241,positive
2005-05-01,Adalet ve Kalkınma Partisi,economy,Ekonomi,macro_economy,36,140,131,10,189.35,125.885345,0.852112676056338,positive
2005-05-01,Cumhuriyet Halk Partisi,economy,Ekonomi,macro_economy,35,180,101,24,223.75,102.83379,0.6111111111111112,positive
2005-05-01,Cumhuriyet Halk Partisi,constitution,Anayasa,constitutional_conflict,21,122,50,6,141.6,75.616995,0.7719298245614035,positive
2005-05-01,Cumhuriyet Halk Partisi,democracy,Demokrasi,democratic_reform,23,84,48,4,102.2,57.478245,0.8301886792452831,positive
2005-05-01,Adalet ve Kalkınma Partisi,constitution,Anayasa,constitutional_conflict,13,76,32,4,88.6,47.498425,0.7567567567567568,positive
2005-05-01,Adalet ve Kalkınma Partisi,law_state,Hukuk Devleti,democratic_reform,20,65,36,5,79.35,36.37562,0.7380952380952381,positive
2005-05-01,Cumhuriyet Halk Partisi,security,Guvenlik,security_conflict,10,37,24,2,46.1,30.008975000000003,0.8148148148148148,positive
2005-05-01,Cumhuriyet Halk Partisi,european_union,Avrupa Birligi,democratic_reform,14,34,22,1,42.05,23.74528,0.875,positive
2005-05-01,Adalet ve Kalkınma Partisi,democracy,Demokrasi,democratic_reform,7,22,17,2,28.65,15.84849,0.75,positive
2005-05-01,Doğru Yol Partisi,constitution,Anayasa,constitutional_conflict,1,18,3,0,19.05,14.287500000000001,0.75,positive
2005-05-01,Cumhuriyet Halk Partisi,reform,Reform,democratic_reform,8,15,14,0,19.900000000000002,13.13259,0.9333333333333333,positive
2005-05-01,Anavatan Partisi,economy,Ekonomi,macro_economy,1,11,9,2,14.85,8.662005,0.5833333333333334,positive
2005-05-01,Adalet ve Kalkınma Partisi,european_union,Avrupa Birligi,democratic_reform,6,12,8,0,14.8,8.46688,0.8888888888888888,positive
2005-05-01,Bağımsız,democracy,Demokrasi,democratic_reform,2,7,8,1,10.15,6.208559999999999,0.7,positive
2005-05-01,Doğru Yol Partisi,imf,IMF,macro_economy,1,6,4,0,7.4,5.920000000000001,0.8,positive
2005-05-01,Adalet ve Kalkınma Partisi,security,Guvenlik,security_conflict,5,9,6,0,11.1,5.83339,0.8571428571428571,positive
2005-05-01,Bağımsız,law_state,Hukuk Devleti,democratic_reform,3,8,10,4,12.899999999999999,4.56096,0.4,positive
2005-05-01,Adalet ve Kalkınma Partisi,inflation,Enflasyon,macro_economy,5,7,8,2,10.5,4.4975000000000005,0.5454545454545454,positive
2005-05-01,Adalet ve Kalkınma Partisi,interest,Faiz,macro_economy,3,5,7,1,7.800000000000001,4.18339,0.6666666666666666,positive
2005-05-01,Adalet ve Kalkınma Partisi,reform,Reform,democratic_reform,2,5,4,0,6.4,3.9624999999999995,0.8,positive
2005-05-01,Doğru Yol Partisi,economy,Ekonomi,macro_economy,2,3,2,0,3.7,1.85,0.6666666666666666,positive
2005-05-01,Bağımsız,european_union,Avrupa Birligi,democratic_reform,2,2,3,0,3.05,1.80839,0.75,positive
2005-05-01,Adalet ve Kalkınma Partisi,imf,IMF,macro_economy,1,2,2,0,2.7,1.80009,0.6666666666666666,positive
2005-05-01,Cumhuriyet Halk Partisi,inflation,Enflasyon,macro_economy,1,1,1,0,1.35,0.675,0.5,positive
2005-05-01,Cumhuriyet Halk Partisi,interest,Faiz,macro_economy,1,1,1,0,1.35,0.675,0.5,positive
2005-05-01,Bağımsız,economy,Ekonomi,macro_economy,1,1,2,1,2.05,0.5125,0.25,positive
2005-05-01,Cumhuriyet Halk Partisi,imf,IMF,macro_economy,1,1,2,1,2.05,0.5125,0.25,positive
2005-06-01,Cumhuriyet Halk Partisi,law_state,Hukuk Devleti,democratic_reform,61,1014,624,134,1279.3,742.8151349999999,0.6455862977602108,positive
2005-06-01,Cumhuriyet Halk Partisi,constitution,Anayasa,constitutional_conflict,32,178,115,15,223.5,123.43698499999999,0.7633587786259542,positive
2005-06-01,Cumhuriyet Halk Partisi,economy,Ekonomi,macro_economy,51,170,125,16,219.35,117.78593,0.7676056338028169,positive
2005-06-01,Adalet ve Kalkınma Partisi,economy,Ekonomi,macro_economy,30,120,115,6,162.35,115.273675,0.8934426229508197,positive
2005-06-01,Adalet ve Kalkınma Partisi,law_state,Hukuk Devleti,democratic_reform,14,160,71,16,190.45,94.070275,0.625,positive
2005-06-01,Adalet ve Kalkınma Partisi,constitution,Anayasa,constitutional_conflict,22,114,50,5,133.25,73.641285,0.8035714285714286,positive
2005-06-01,Cumhuriyet Halk Partisi,european_union,Avrupa Birligi,democratic_reform,25,52,79,5,81.4,55.706925000000005,0.8705882352941177,positive
2005-06-01,Cumhuriyet Halk Partisi,democracy,Demokrasi,democratic_reform,26,71,60,8,94.8,50.683805,0.7536231884057971,positive
2005-06-01,Adalet ve Kalkınma Partisi,democracy,Demokrasi,democratic_reform,10,28,31,5,40.599999999999994,23.179355,0.7027027027027027,positive
2005-06-01,Cumhuriyet Halk Partisi,reform,Reform,democratic_reform,15,31,22,3,39.75,19.22136,0.7307692307692307,positive
2005-06-01,Doğru Yol Partisi,law_state,Hukuk Devleti,democratic_reform,2,21,4,0,22.4,14.962500000000002,0.8,positive
2005-06-01,Cumhuriyet Halk Partisi,security,Guvenlik,security_conflict,12,24,20,4,32.4,14.68234,0.64,positive
2005-06-01,Bağımsız,imf,IMF,macro_economy,5,11,12,0,15.2,10.96598,0.9230769230769231,positive
2005-06-01,Adalet ve Kalkınma Partisi,european_union,Avrupa Birligi,democratic_reform,9,15,11,0,18.85,10.32518,0.9166666666666666,positive
2005-06-01,Adalet ve Kalkınma Partisi,interest,Faiz,macro_economy,6,12,10,0,15.5,10.253390000000001,0.9090909090909091,positive
2005-06-01,Cumhuriyet Halk Partisi,imf,IMF,macro_economy,6,16,10,1,19.85,9.87519,0.75,positive
2005-06-01,Adalet ve Kalkınma Partisi,reform,Reform,democratic_reform,5,16,11,2,20.549999999999997,9.78746,0.6428571428571429,positive
2005-06-01,Adalet ve Kalkınma Partisi,security,Guvenlik,security_conflict,7,16,13,4,21.95,8.9375,0.5,positive
2005-06-01,Cumhuriyet Halk Partisi,interest,Faiz,macro_economy,4,12,5,0,13.75,7.15839,0.8333333333333334,positive
2005-06-01,Doğru Yol Partisi,security,Guvenlik,security_conflict,1,8,2,0,8.7,5.8002899999999995,0.6666666666666666,positive
2005-06-01,Doğru Yol Partisi,constitution,Anayasa,constitutional_conflict,1,5,4,0,6.4,5.120000000000001,0.8,positive
2005-06-01,Bağımsız,european_union,Avrupa Birligi,democratic_reform,4,5,6,0,7.1000000000000005,4.28348,0.8571428571428571,positive
2005-06-01,Adalet ve Kalkınma Partisi,inflation,Enflasyon,macro_economy,3,6,4,0,7.3999999999999995,3.98339,0.8,positive
2005-06-01,Bağımsız,economy,Ekonomi,macro_economy,2,4,4,0,5.4,3.60018,0.8,positive
2005-06-01,Doğru Yol Partisi,european_union,Avrupa Birligi,democratic_reform,3,3,3,0,4.050000000000001,2.0250000000000004,0.75,positive
2005-06-01,Doğru Yol Partisi,economy,Ekonomi,macro_economy,2,3,2,0,3.7,1.85,0.6666666666666666,positive
2005-06-01,Adalet ve Kalkınma Partisi,sovereignty,Egemenlik,security_conflict,2,2,2,0,2.7,1.35,0.6666666666666666,positive
2005-06-01,Bağımsız,inflation,Enflasyon,macro_economy,2,2,2,0,2.7,1.35,0.6666666666666666,positive
2005-06-01,Anavatan Partisi,reform,Reform,democratic_reform,1,1,1,0,1.35,0.675,0.5,positive
2005-06-01,Bağımsız,constitution,Anayasa,constitutional_conflict,1,1,1,0,1.35,0.675,0.5,positive
2005-06-01,Bağımsız,security,Guvenlik,security_conflict,1,1,1,0,1.35,0.675,0.5,positive
2005-06-01,Cumhuriyet Halk Partisi,inflation,Enflasyon,macro_economy,1,1,1,0,1.35,0.675,0.5,positive
2005-06-01,Doğru Yol Partisi,reform,Reform,democratic_reform,1,1,1,0,1.35,0.675,0.5,positive
2005-07-01,Adalet ve Kalkınma Partisi,security,Guvenlik,security_conflict,7,50,20,4,58.4,32.2472,0.64,positive
2005-07-01,Adalet ve Kalkınma Partisi,economy,Ekonomi,macro_economy,6,38,17,1,44.3,29.781619999999997,0.8421052631578947,positive
2005-07-01,Cumhuriyet Halk Partisi,democracy,Demokrasi,democratic_reform,2,23,6,0,25.1,15.466375000000001,0.8571428571428571,positive
2005-07-01,Adalet ve Kalkınma Partisi,democracy,Demokrasi,democratic_reform,8,21,12,0,25.2,15.01278,0.9230769230769231,positive
2005-07-01,Adalet ve Kalkınma Partisi,constitution,Anayasa,constitutional_conflict,5,12,12,0,16.2,10.445,0.9230769230769231,positive
2005-07-01,Adalet ve Kalkınma Partisi,reform,Reform,democratic_reform,4,11,10,1,14.85,9.26,0.75,positive
2005-07-01,Adalet ve Kalkınma Partisi,european_union,Avrupa Birligi,democratic_reform,3,5,3,0,6.050000000000001,3.0250000000000004,0.75,positive
2005-07-01,Adalet ve Kalkınma Partisi,law_state,Hukuk Devleti,democratic_reform,3,3,5,0,4.75,2.8875,0.8333333333333334,positive
2005-07-01,Cumhuriyet Halk Partisi,constitution,Anayasa,constitutional_conflict,1,2,4,0,3.4,2.72,0.8,positive
2005-07-01,Cumhuriyet Halk Partisi,law_state,Hukuk Devleti,democratic_reform,1,8,8,5,12.55,2.689465,0.21428571428571427,positive
2005-07-01,Cumhuriyet Halk Partisi,interest,Faiz,macro_economy,1,7,2,1,8.05,2.0125,0.25,positive
2005-09-01,Adalet ve Kalkınma Partisi,security,Guvenlik,security_conflict,8,73,31,12,88.05,27.710205000000002,0.4318181818181818,positive
2005-09-01,Doğru Yol Partisi,security,Guvenlik,security_conflict,2,27,4,1,28.75,12.89629,0.5,positive
2005-09-01,Adalet ve Kalkınma Partisi,economy,Ekonomi,macro_economy,3,9,12,2,13.899999999999999,7.46847,0.6666666666666666,positive
2005-09-01,Adalet ve Kalkınma Partisi,democracy,Demokrasi,democratic_reform,3,7,7,0,9.45,6.63768,0.875,positive
2005-09-01,Doğru Yol Partisi,democracy,Demokrasi,democratic_reform,1,5,2,0,5.7,3.8001899999999997,0.6666666666666666,positive
2005-09-01,Cumhuriyet Halk Partisi,constitution,Anayasa,constitutional_conflict,1,1,8,0,3.8,3.37782,0.8888888888888888,positive
2005-09-01,Adalet ve Kalkınma Partisi,constitution,Anayasa,constitutional_conflict,2,3,3,0,4.050000000000001,2.47509,0.75,positive
2005-09-01,Adalet ve Kalkınma Partisi,european_union,Avrupa Birligi,democratic_reform,1,1,3,1,2.4,0.96,0.4,positive
2005-10-01,Adalet ve Kalkınma Partisi,economy,Ekonomi,macro_economy,32,138,144,12,192.6,135.11204,0.8407643312101911,positive
2005-10-01,Cumhuriyet Halk Partisi,constitution,Anayasa,constitutional_conflict,14,137,62,15,163.95,86.619475,0.6025641025641025,positive
2005-10-01,Adalet ve Kalkınma Partisi,constitution,Anayasa,constitutional_conflict,14,78,29,1,88.5,58.292535,0.9032258064516129,positive
2005-10-01,Adalet ve Kalkınma Partisi,european_union,Avrupa Birligi,democratic_reform,14,48,42,4,64.1,42.814135,0.8085106382978723,positive
2005-10-01,Cumhuriyet Halk Partisi,law_state,Hukuk Devleti,democratic_reform,11,44,38,3,58.35,39.3476,0.8333333333333334,positive
2005-10-01,Adalet ve Kalkınma Partisi,law_state,Hukuk Devleti,democratic_reform,11,25,23,0,33.05,22.103930000000002,0.9583333333333334,positive
2005-10-01,Doğru Yol Partisi,constitution,Anayasa,constitutional_conflict,4,25,10,1,28.85,20.861965,0.75,positive
2005-10-01,Cumhuriyet Halk Partisi,european_union,Avrupa Birligi,democratic_reform,12,34,19,4,42.050000000000004,16.76269,0.625,positive
2005-10-01,Anavatan Partisi,economy,Ekonomi,macro_economy,1,14,7,0,16.45,14.393749999999999,0.875,positive
2005-10-01,Adalet ve Kalkınma Partisi,democracy,Demokrasi,democratic_reform,4,14,15,0,19.25,14.34759,0.9375,positive
2005-10-01,Adalet ve Kalkınma Partisi,reform,Reform,democratic_reform,8,15,14,1,20.25,11.83759,0.8125,positive
2005-10-01,Cumhuriyet Halk Partisi,economy,Ekonomi,macro_economy,7,11,14,0,15.9,10.48099,0.9333333333333333,positive
2005-10-01,Anavatan Partisi,security,Guvenlik,security_conflict,1,11,4,0,12.4,9.920000000000002,0.8,positive
2005-10-01,Adalet ve Kalkınma Partisi,security,Guvenlik,security_conflict,5,22,6,1,24.45,8.7125,0.625,positive
2005-10-01,Cumhuriyet Halk Partisi,reform,Reform,democratic_reform,5,11,8,0,13.8,8.08357,0.8888888888888888,positive
2005-10-01,Adalet ve Kalkınma Partisi,inflation,Enflasyon,macro_economy,6,7,9,0,10.15,5.92517,0.9,positive
2005-10-01,Cumhuriyet Halk Partisi,imf,IMF,macro_economy,2,4,9,0,7.15,5.83062,0.9,positive
2005-10-01,Anavatan Partisi,european_union,Avrupa Birligi,democratic_reform,2,6,5,0,7.75,5.795000000000001,0.8333333333333334,positive
2005-10-01,Cumhuriyet Halk Partisi,security,Guvenlik,security_conflict,4,7,7,0,9.45,5.77089,0.875,positive
2005-10-01,Cumhuriyet Halk Partisi,interest,Faiz,macro_economy,1,6,3,0,7.05,5.2875,0.75,positive
2005-10-01,Cumhuriyet Halk Partisi,democracy,Demokrasi,democratic_reform,4,8,6,1,10.45,4.745889999999999,0.625,positive
2005-10-01,Adalet ve Kalkınma Partisi,interest,Faiz,macro_economy,3,6,4,0,7.4,4.1500900000000005,0.8,positive
2005-10-01,Doğru Yol Partisi,economy,Ekonomi,macro_economy,2,6,2,0,6.699999999999999,3.3499999999999996,0.6666666666666666,positive
2005-10-01,Bağımsız,economy,Ekonomi,macro_economy,1,4,1,0,4.35,2.175,0.5,positive
2005-10-01,Adalet ve Kalkınma Partisi,imf,IMF,macro_economy,1,1,2,0,1.7,1.13339,0.6666666666666666,positive
2005-10-01,Bağımsız,european_union,Avrupa Birligi,democratic_reform,1,1,1,0,1.35,0.675,0.5,positive
2005-10-01,Bağımsız,sovereignty,Egemenlik,security_conflict,1,1,1,0,1.35,0.675,0.5,positive
2005-10-01,Doğru Yol Partisi,security,Guvenlik,security_conflict,1,1,1,0,1.35,0.675,0.5,positive
2005-11-01,Adalet ve Kalkınma Partisi,economy,Ekonomi,macro_economy,25,119,123,3,163.1,132.96263000000002,0.9448818897637795,positive
2005-11-01,Cumhuriyet Halk Partisi,law_state,Hukuk Devleti,democratic_reform,11,49,40,2,63.7,44.96036,0.8837209302325582,positive
2005-11-01,Cumhuriyet Halk Partisi,constitution,Anayasa,constitutional_conflict,7,46,15,0,51.25,33.871755,0.9375,positive
2005-11-01,Adalet ve Kalkınma Partisi,law_state,Hukuk Devleti,democratic_reform,11,59,34,11,74.75,30.304195,0.5,positive
2005-11-01,Adalet ve Kalkınma Partisi,european_union,Avrupa Birligi,democratic_reform,8,26,26,1,35.45,25.999640000000003,0.8928571428571429,positive
2005-11-01,Adalet ve Kalkınma Partisi,interest,Faiz,macro_economy,4,25,10,1,28.85,22.111765,0.75,positive
2005-11-01,Cumhuriyet Halk Partisi,european_union,Avrupa Birligi,democratic_reform,10,30,29,6,42.25,21.723105000000004,0.6388888888888888,positive
2005-11-01,Adalet ve Kalkınma Partisi,reform,Reform,democratic_reform,5,17,9,0,20.15,13.40438,0.9,positive
2005-11-01,Doğru Yol Partisi,security,Guvenlik,security_conflict,1,16,3,0,17.05,12.787500000000001,0.75,positive
2005-11-01,Cumhuriyet Halk Partisi,security,Guvenlik,security_conflict,4,12,11,0,15.85,11.804065,0.9166666666666666,positive
2005-11-01,Adalet ve Kalkınma Partisi,democracy,Demokrasi,democratic_reform,8,16,13,1,20.9,10.84089,0.8,positive
2005-11-01,Cumhuriyet Halk Partisi,democracy,Demokrasi,democratic_reform,5,11,10,0,14.5,9.86277,0.9090909090909091,positive
2005-11-01,Adalet ve Kalkınma Partisi,constitution,Anayasa,constitutional_conflict,3,14,5,0,15.75,9.10858,0.8333333333333334,positive
2005-11-01,Adalet ve Kalkınma Partisi,security,Guvenlik,security_conflict,4,15,6,1,17.45,8.41269,0.625,positive
2005-11-01,Anavatan Partisi,constitution,Anayasa,constitutional_conflict,1,9,3,0,10.05,7.5375000000000005,0.75,positive
2005-11-01,Bağımsız,democracy,Demokrasi,democratic_reform,2,9,4,0,10.4,7.2125,0.8,positive
2005-11-01,Bağımsız,european_union,Avrupa Birligi,democratic_reform,1,7,3,0,8.05,6.0375000000000005,0.75,positive
2005-11-01,Cumhuriyet Halk Partisi,economy,Ekonomi,macro_economy,3,7,7,0,9.45,6.02839,0.875,positive
2005-11-01,Bağımsız,law_state,Hukuk Devleti,democratic_reform,2,11,2,0,11.7,5.85,0.6666666666666666,positive
2005-11-01,Anavatan Partisi,economy,Ekonomi,macro_economy,2,6,6,0,8.1,5.6331750000000005,0.8571428571428571,positive
2005-11-01,Cumhuriyet Halk Partisi,reform,Reform,democratic_reform,2,7,4,0,8.4,5.4624999999999995,0.8,positive
2005-11-01,Adalet ve Kalkınma Partisi,inflation,Enflasyon,macro_economy,2,7,2,0,7.699999999999999,3.8499999999999996,0.6666666666666666,positive
2005-11-01,Anavatan Partisi,european_union,Avrupa Birligi,democratic_reform,2,5,3,0,6.050000000000001,3.6417900000000003,0.75,positive
2005-11-01,Doğru Yol Partisi,european_union,Avrupa Birligi,democratic_reform,1,3,4,0,4.4,3.5200000000000005,0.8,positive
2005-11-01,Anavatan Partisi,reform,Reform,democratic_reform,4,5,4,0,6.4,3.2,0.8,positive
2005-11-01,Cumhuriyet Halk Partisi,interest,Faiz,macro_economy,2,4,2,0,4.7,2.35,0.6666666666666666,positive
2005-11-01,Anavatan Partisi,law_state,Hukuk Devleti,democratic_reform,2,3,2,0,3.7,1.85,0.6666666666666666,positive
2005-11-01,Bağımsız,economy,Ekonomi,macro_economy,1,2,2,0,2.7,1.80009,0.6666666666666666,positive
2005-11-01,Bağımsız,security,Guvenlik,security_conflict,1,2,2,1,3.05,0.7625,0.25,positive
2005-11-01,Adalet ve Kalkınma Partisi,sovereignty,Egemenlik,security_conflict,1,1,1,0,1.35,0.675,0.5,positive
2005-11-01,Anavatan Partisi,democracy,Demokrasi,democratic_reform,1,1,1,0,1.35,0.675,0.5,positive
2005-11-01,Anavatan Partisi,security,Guvenlik,security_conflict,1,1,1,0,1.35,0.675,0.5,positive
2005-11-01,Cumhuriyet Halk Partisi,imf,IMF,macro_economy,1,1,1,0,1.35,0.675,0.5,positive
2005-11-01,Cumhuriyet Halk Partisi,sovereignty,Egemenlik,security_conflict,1,1,1,0,1.35,0.675,0.5,positive
2005-11-01,Doğru Yol Partisi,economy,Ekonomi,macro_economy,1,1,1,0,1.35,0.675,0.5,positive
2005-12-01,Adalet ve Kalkınma Partisi,economy,Ekonomi,macro_economy,181,1064,1107,114,1491.35,1075.9732099999999,0.8126022913256956,positive
2005-12-01,Adalet ve Kalkınma Partisi,law_state,Hukuk Devleti,democratic_reform,39,400,235,51,500.1,292.986475,0.6411149825783972,positive
2005-12-01,Cumhuriyet Halk Partisi,law_state,Hukuk Devleti,democratic_reform,31,253,240,71,361.84999999999997,179.90312,0.5416666666666666,positive
2005-12-01,Cumhuriyet Halk Partisi,economy,Ekonomi,macro_economy,54,209,176,26,279.7,156.77731,0.7389162561576355,positive
2005-12-01,Adalet ve Kalkınma Partisi,constitution,Anayasa,constitutional_conflict,26,174,77,9,204.1,120.51368,0.7816091954022989,positive
2005-12-01,Anavatan Partisi,economy,Ekonomi,macro_economy,24,192,106,26,238.2,115.80983,0.6015037593984962,positive
2005-12-01,Adalet ve Kalkınma Partisi,european_union,Avrupa Birligi,democratic_reform,56,143,120,11,188.85,112.62579,0.8257575757575758,positive
2005-12-01,Adalet ve Kalkınma Partisi,security,Guvenlik,security_conflict,34,203,98,28,247.1,111.29735,0.5511811023622047,positive
2005-12-01,Adalet ve Kalkınma Partisi,interest,Faiz,macro_economy,34,158,63,2,180.75,111.14902000000001,0.9242424242424242,positive
2005-12-01,Adalet ve Kalkınma Partisi,inflation,Enflasyon,macro_economy,32,117,106,12,158.3,95.007065,0.7899159663865546,positive
2005-12-01,Adalet ve Kalkınma Partisi,reform,Reform,democratic_reform,42,119,95,7,154.7,92.77267499999999,0.8543689320388349,positive
2005-12-01,Cumhuriyet Halk Partisi,constitution,Anayasa,constitutional_conflict,25,112,67,8,138.25,80.25912,0.7763157894736842,positive
2005-12-01,Adalet ve Kalkınma Partisi,democracy,Demokrasi,democratic_reform,37,91,82,2,120.4,78.64608,0.9411764705882353,positive
2005-12-01,Cumhuriyet Halk Partisi,european_union,Avrupa Birligi,democratic_reform,19,61,59,12,85.85,46.566005,0.6527777777777778,positive
2005-12-01,Cumhuriyet Halk Partisi,democracy,Demokrasi,democratic_reform,21,46,44,5,63.15,35.42185,0.78,positive
2005-12-01,Anavatan Partisi,law_state,Hukuk Devleti,democratic_reform,9,34,39,3,48.7,34.631855,0.8372093023255814,positive
2005-12-01,Cumhuriyet Halk Partisi,security,Guvenlik,security_conflict,19,40,41,6,56.45,32.640055000000004,0.7291666666666666,positive
2005-12-01,Anavatan Partisi,democracy,Demokrasi,democratic_reform,10,41,24,4,50.8,24.881429999999998,0.6896551724137931,positive
2005-12-01,Anavatan Partisi,constitution,Anayasa,constitutional_conflict,6,25,22,2,33.4,22.51915,0.8,positive
2005-12-01,Anavatan Partisi,security,Guvenlik,security_conflict,5,43,14,4,49.300000000000004,21.184585000000002,0.5263157894736842,positive
2005-12-01,Bağımsız,economy,Ekonomi,macro_economy,4,34,19,5,42.4,20.671355,0.56,positive
2005-12-01,Anavatan Partisi,reform,Reform,democratic_reform,4,29,11,2,33.55,19.43584,0.6428571428571429,positive
2005-12-01,Anavatan Partisi,european_union,Avrupa Birligi,democratic_reform,11,24,24,3,33.449999999999996,18.89152,0.75,positive
2005-12-01,Cumhuriyet Halk Partisi,imf,IMF,macro_economy,9,32,14,1,37.25,18.6375,0.8125,positive
2005-12-01,Cumhuriyet Halk Partisi,inflation,Enflasyon,macro_economy,10,17,21,0,24.349999999999998,15.42339,0.9545454545454546,positive
2005-12-01,Cumhuriyet Halk Partisi,interest,Faiz,macro_economy,9,23,15,2,28.95,14.953490000000002,0.7222222222222222,positive
2005-12-01,Doğru Yol Partisi,economy,Ekonomi,macro_economy,7,14,19,0,20.65,14.24451,0.95,positive
2005-12-01,Anavatan Partisi,interest,Faiz,macro_economy,7,21,13,2,26.25,12.9925,0.6875,positive
2005-12-01,Anavatan Partisi,imf,IMF,macro_economy,7,18,12,1,22.55,11.31286,0.7857142857142857,positive
2005-12-01,Bağımsız,security,Guvenlik,security_conflict,2,15,7,1,17.8,10.42823,0.6666666666666666,positive
2005-12-01,Adalet ve Kalkınma Partisi,imf,IMF,macro_economy,4,22,9,3,26.199999999999996,9.669999999999998,0.46153846153846156,positive
2005-12-01,Doğru Yol Partisi,european_union,Avrupa Birligi,democratic_reform,3,15,8,2,18.5,8.37152,0.5454545454545454,positive
2005-12-01,Bağımsız,constitution,Anayasa,constitutional_conflict,3,14,5,1,16.1,7.01,0.5714285714285714,positive
2005-12-01,Doğru Yol Partisi,constitution,Anayasa,constitutional_conflict,1,8,2,0,8.7,5.8002899999999995,0.6666666666666666,positive
2005-12-01,Bağımsız,european_union,Avrupa Birligi,democratic_reform,2,8,3,0,9.049999999999999,4.808389999999999,0.75,positive
2005-12-01,Adalet ve Kalkınma Partisi,sovereignty,Egemenlik,security_conflict,1,4,5,0,5.75,4.791475,0.8333333333333334,positive
2005-12-01,Cumhuriyet Halk Partisi,reform,Reform,democratic_reform,5,6,5,0,7.75,3.875,0.8333333333333334,positive
2005-12-01,Bağımsız,law_state,Hukuk Devleti,democratic_reform,2,7,2,0,7.699999999999999,3.8499999999999996,0.6666666666666666,positive
2005-12-01,Anavatan Partisi,sovereignty,Egemenlik,security_conflict,2,3,3,0,4.050000000000001,2.47509,0.75,positive
2005-12-01,Doğru Yol Partisi,democracy,Demokrasi,democratic_reform,1,4,1,0,4.35,2.175,0.5,positive
2005-12-01,Bağımsız,democracy,Demokrasi,democratic_reform,2,2,2,0,2.7,1.35,0.6666666666666666,positive
2005-12-01,Cumhuriyet Halk Partisi,sovereignty,Egemenlik,security_conflict,2,2,2,0,2.7,1.35,0.6666666666666666,positive
2005-12-01,Anavatan Partisi,inflation,Enflasyon,macro_economy,1,1,2,0,1.7,1.13339,0.6666666666666666,positive
2005-12-01,Doğru Yol Partisi,imf,IMF,macro_economy,1,1,2,0,1.7,1.13339,0.6666666666666666,positive
2005-12-01,Bağımsız,interest,Faiz,macro_economy,1,1,1,0,1.35,0.675,0.5,positive
2005-12-01,Doğru Yol Partisi,law_state,Hukuk Devleti,democratic_reform,1,1,1,0,1.35,0.675,0.5,positive
2006-01-01,Cumhuriyet Halk Partisi,economy,Ekonomi,macro_economy,15,193,76,11,223.45,142.36344,0.7386363636363636,positive
2006-01-01,Anavatan Partisi,economy,Ekonomi,macro_economy,13,160,86,14,195.0,127.567605,0.7128712871287128,positive
2006-01-01,Adalet ve Kalkınma Partisi,economy,Ekonomi,macro_economy,19,105,94,3,138.95,111.02374499999999,0.9285714285714286,positive
2006-01-01,Adalet ve Kalkınma Partisi,european_union,Avrupa Birligi,democratic_reform,15,68,46,3,85.14999999999999,57.838905,0.86,positive
2006-01-01,Cumhuriyet Halk Partisi,european_union,Avrupa Birligi,democratic_reform,9,40,35,4,53.65,33.360955,0.775,positive
2006-01-01,Anavatan Partisi,european_union,Avrupa Birligi,democratic_reform,11,35,25,1,44.1,28.7757,0.8888888888888888,positive
2006-01-01,Anavatan Partisi,reform,Reform,democratic_reform,4,22,17,0,27.95,22.87355,0.9444444444444444,positive
2006-01-01,Adalet ve Kalkınma Partisi,reform,Reform,democratic_reform,5,27,25,5,37.5,21.34719,0.6451612903225806,positive
2006-01-01,Adalet ve Kalkınma Partisi,security,Guvenlik,security_conflict,4,37,23,10,48.550000000000004,18.54531,0.38235294117647056,positive
2006-01-01,Cumhuriyet Halk Partisi,constitution,Anayasa,constitutional_conflict,4,40,8,1,43.15,15.41287,0.7,positive
2006-01-01,Cumhuriyet Halk Partisi,law_state,Hukuk Devleti,democratic_reform,3,12,12,1,16.55,10.728639999999999,0.7857142857142857,positive
2006-01-01,Adalet ve Kalkınma Partisi,law_state,Hukuk Devleti,democratic_reform,4,10,12,0,14.2,10.3242,0.9230769230769231,positive
2006-01-01,Bağımsız,european_union,Avrupa Birligi,democratic_reform,5,8,8,0,10.8,6.75027,0.8888888888888888,positive
2006-01-01,Anavatan Partisi,constitution,Anayasa,constitutional_conflict,2,5,6,0,7.1,5.1331750000000005,0.8571428571428571,positive
2006-01-01,Adalet ve Kalkınma Partisi,democracy,Demokrasi,democratic_reform,3,5,6,0,7.1,4.87,0.8571428571428571,positive
2006-01-01,Bağımsız,economy,Ekonomi,macro_economy,2,5,5,0,6.75,4.83759,0.8333333333333334,positive
2006-01-01,Cumhuriyet Halk Partisi,democracy,Demokrasi,democratic_reform,3,6,6,1,8.45,4.36268,0.625,positive
2006-01-01,Cumhuriyet Halk Partisi,security,Guvenlik,security_conflict,2,7,2,0,7.699999999999999,3.8499999999999996,0.6666666666666666,positive
2006-01-01,Cumhuriyet Halk Partisi,imf,IMF,macro_economy,1,5,2,0,5.7,3.8001899999999997,0.6666666666666666,positive
2006-01-01,Cumhuriyet Halk Partisi,reform,Reform,democratic_reform,1,3,3,0,4.05,3.0374999999999996,0.75,positive
2006-01-01,Doğru Yol Partisi,economy,Ekonomi,macro_economy,2,5,2,0,5.699999999999999,2.8499999999999996,0.6666666666666666,positive
2006-01-01,Adalet ve Kalkınma Partisi,inflation,Enflasyon,macro_economy,3,3,4,0,4.4,2.48339,0.8,positive
2006-01-01,Doğru Yol Partisi,european_union,Avrupa Birligi,democratic_reform,1,2,3,0,3.05,2.2874999999999996,0.75,positive
2006-01-01,Adalet ve Kalkınma Partisi,interest,Faiz,macro_economy,1,4,1,0,4.35,2.175,0.5,positive
2006-01-01,Bağımsız,sovereignty,Egemenlik,security_conflict,1,2,2,0,2.7,1.80009,0.6666666666666666,positive
2006-01-01,Anavatan Partisi,democracy,Demokrasi,democratic_reform,1,1,3,0,2.05,1.5374999999999999,0.75,positive
2006-01-01,Anavatan Partisi,imf,IMF,macro_economy,1,1,2,0,1.7,1.13339,0.6666666666666666,positive
2006-01-01,Anavatan Partisi,inflation,Enflasyon,macro_economy,1,1,2,0,1.7,1.13339,0.6666666666666666,positive
2006-01-01,Anavatan Partisi,law_state,Hukuk Devleti,democratic_reform,1,1,2,0,1.7,1.13339,0.6666666666666666,positive
2006-01-01,Adalet ve Kalkınma Partisi,constitution,Anayasa,constitutional_conflict,1,1,1,0,1.35,0.675,0.5,positive
2006-01-01,Anavatan Partisi,interest,Faiz,macro_economy,1,1,1,0,1.35,0.675,0.5,positive
2006-01-01,Bağımsız,law_state,Hukuk Devleti,democratic_reform,1,1,1,0,1.35,0.675,0.5,positive
2006-01-01,Doğru Yol Partisi,imf,IMF,macro_economy,1,1,1,0,1.35,0.675,0.5,positive
2006-01-01,Doğru Yol Partisi,reform,Reform,democratic_reform,1,1,1,0,1.35,0.675,0.5,positive
2006-02-01,Adalet ve Kalkınma Partisi,economy,Ekonomi,macro_economy,34,86,90,8,120.3,76.24988,0.8282828282828283,positive
2006-02-01,Anavatan Partisi,economy,Ekonomi,macro_economy,11,61,47,2,78.15,57.854365,0.9,positive
2006-02-01,Cumhuriyet Halk Partisi,economy,Ekonomi,macro_economy,19,71,60,7,94.45,54.557545000000005,0.7794117647058824,positive
2006-02-01,Adalet ve Kalkınma Partisi,security,Guvenlik,security_conflict,23,73,50,4,91.9,53.377205,0.8363636363636363,positive
2006-02-01,Cumhuriyet Halk Partisi,interest,Faiz,macro_economy,7,51,15,2,56.95,30.39412,0.7222222222222222,positive
2006-02-01,Cumhuriyet Halk Partisi,security,Guvenlik,security_conflict,14,46,21,2,54.05,28.55859,0.7916666666666666,positive
2006-02-01,Cumhuriyet Halk Partisi,law_state,Hukuk Devleti,democratic_reform,8,37,19,2,44.35,25.46375,0.7727272727272727,positive
2006-02-01,Adalet ve Kalkınma Partisi,law_state,Hukuk Devleti,democratic_reform,12,29,21,1,36.7,21.6475,0.8695652173913043,positive
2006-02-01,Adalet ve Kalkınma Partisi,interest,Faiz,macro_economy,4,20,8,0,22.799999999999997,16.77009,0.8888888888888888,positive
2006-02-01,Anavatan Partisi,security,Guvenlik,security_conflict,8,26,19,6,34.75,13.40368,0.5,positive
2006-02-01,Adalet ve Kalkınma Partisi,democracy,Demokrasi,democratic_reform,6,15,16,2,21.3,12.85653,0.7368421052631579,positive
2006-02-01,Adalet ve Kalkınma Partisi,constitution,Anayasa,constitutional_conflict,6,16,10,0,19.5,12.32928,0.9090909090909091,positive
2006-02-01,Adalet ve Kalkınma Partisi,reform,Reform,democratic_reform,6,13,10,1,16.85,9.70849,0.75,positive
2006-02-01,Anavatan Partisi,reform,Reform,democratic_reform,5,12,11,1,16.2,9.62706,0.7692307692307693,positive
2006-02-01,Anavatan Partisi,interest,Faiz,macro_economy,6,11,11,0,14.85,9.291565,0.9166666666666666,positive
2006-02-01,Doğru Yol Partisi,economy,Ekonomi,macro_economy,1,4,12,0,8.2,7.56942,0.9230769230769231,positive
2006-02-01,Cumhuriyet Halk Partisi,constitution,Anayasa,constitutional_conflict,5,11,10,2,15.2,6.97865,0.6153846153846154,positive
2006-02-01,Cumhuriyet Halk Partisi,democracy,Demokrasi,democratic_reform,5,8,8,0,10.8,6.86259,0.8888888888888888,positive
2006-02-01,Cumhuriyet Halk Partisi,european_union,Avrupa Birligi,democratic_reform,4,7,8,0,9.8,6.149875,0.8888888888888888,positive
2006-02-01,Doğru Yol Partisi,inflation,Enflasyon,macro_economy,1,7,2,0,7.7,5.13359,0.6666666666666666,positive
2006-02-01,Cumhuriyet Halk Partisi,imf,IMF,macro_economy,5,8,5,0,9.75,4.875,0.8333333333333334,positive
2006-02-01,Adalet ve Kalkınma Partisi,european_union,Avrupa Birligi,democratic_reform,4,6,6,0,8.100000000000001,4.78348,0.8571428571428571,positive
2006-02-01,Anavatan Partisi,inflation,Enflasyon,macro_economy,2,6,3,0,7.050000000000001,4.47519,0.75,positive
2006-02-01,Anavatan Partisi,european_union,Avrupa Birligi,democratic_reform,3,4,7,0,6.45,4.47098,0.875,positive
2006-02-01,Adalet ve Kalkınma Partisi,inflation,Enflasyon,macro_economy,5,7,5,0,8.75,4.375,0.8333333333333334,positive
2006-02-01,Anavatan Partisi,constitution,Anayasa,constitutional_conflict,3,7,3,0,8.05,4.025,0.75,positive
2006-02-01,Bağımsız,constitution,Anayasa,constitutional_conflict,2,6,3,0,7.05,3.97509,0.75,positive
2006-02-01,Doğru Yol Partisi,constitution,Anayasa,constitutional_conflict,2,4,6,1,6.449999999999999,3.6475,0.625,positive
2006-02-01,Cumhuriyet Halk Partisi,reform,Reform,democratic_reform,3,6,3,0,7.050000000000001,3.5250000000000004,0.75,positive
2006-02-01,Anavatan Partisi,imf,IMF,macro_economy,3,6,3,0,7.05,3.525,0.75,positive
2006-02-01,Doğru Yol Partisi,interest,Faiz,macro_economy,2,6,2,0,6.699999999999999,3.3499999999999996,0.6666666666666666,positive
2006-02-01,Bağımsız,security,Guvenlik,security_conflict,1,6,1,0,6.35,3.175,0.5,positive
2006-02-01,Doğru Yol Partisi,security,Guvenlik,security_conflict,3,5,5,1,7.1,2.82089,0.5714285714285714,positive
2006-02-01,Cumhuriyet Halk Partisi,inflation,Enflasyon,macro_economy,1,2,2,0,2.7,1.80009,0.6666666666666666,positive
2006-02-01,Anavatan Partisi,law_state,Hukuk Devleti,democratic_reform,2,2,2,0,2.7,1.35,0.6666666666666666,positive
2006-02-01,Bağımsız,european_union,Avrupa Birligi,democratic_reform,1,2,1,0,2.35,1.175,0.5,positive
2006-02-01,Anavatan Partisi,democracy,Demokrasi,democratic_reform,1,1,1,0,1.35,0.675,0.5,positive
2006-02-01,Bağımsız,interest,Faiz,macro_economy,1,1,1,0,1.35,0.675,0.5,positive
2006-02-01,Doğru Yol Partisi,law_state,Hukuk Devleti,democratic_reform,1,1,1,0,1.35,0.675,0.5,positive
2006-03-01,Adalet ve Kalkınma Partisi,economy,Ekonomi,macro_economy,40,169,186,12,238.3,171.51679,0.8743718592964824,positive
2006-03-01,Cumhuriyet Halk Partisi,economy,Ekonomi,macro_economy,25,121,77,8,150.75,92.462485,0.8023255813953488,positive
2006-03-01,Adalet ve Kalkınma Partisi,law_state,Hukuk Devleti,democratic_reform,12,58,34,3,70.95,41.866895,0.8157894736842105,positive
2006-03-01,Bağımsız,economy,Ekonomi,macro_economy,8,43,46,5,60.85,41.7284,0.7884615384615384,positive
2006-03-01,Cumhuriyet Halk Partisi,law_state,Hukuk Devleti,democratic_reform,9,38,26,0,47.099999999999994,34.365674999999996,0.9629629629629629,positive
2006-03-01,Adalet ve Kalkınma Partisi,security,Guvenlik,security_conflict,10,49,23,4,58.45,25.253729999999997,0.6785714285714286,positive
2006-03-01,Cumhuriyet Halk Partisi,constitution,Anayasa,constitutional_conflict,7,23,15,1,28.6,18.27599,0.8235294117647058,positive
2006-03-01,Adalet ve Kalkınma Partisi,european_union,Avrupa Birligi,democratic_reform,9,16,16,0,21.6,13.95429,0.9411764705882353,positive
2006-03-01,Cumhuriyet Halk Partisi,interest,Faiz,macro_economy,6,20,18,5,28.05,13.13073,0.5416666666666666,positive
2006-03-01,Adalet ve Kalkınma Partisi,inflation,Enflasyon,macro_economy,9,20,11,0,23.85,12.658479999999999,0.9166666666666666,positive
2006-03-01,Adalet ve Kalkınma Partisi,democracy,Demokrasi,democratic_reform,7,14,14,0,18.900000000000002,12.62965,0.9333333333333333,positive
2006-03-01,Doğru Yol Partisi,security,Guvenlik,security_conflict,4,14,6,0,16.1,9.11688,0.8571428571428571,positive
2006-03-01,Anavatan Partisi,economy,Ekonomi,macro_economy,3,17,16,8,25.4,8.94613,0.32,positive
2006-03-01,Adalet ve Kalkınma Partisi,constitution,Anayasa,constitutional_conflict,5,8,12,0,12.2,8.46429,0.9230769230769231,positive
2006-03-01,Cumhuriyet Halk Partisi,european_union,Avrupa Birligi,democratic_reform,5,10,8,0,12.8,7.61259,0.8888888888888888,positive
2006-03-01,Cumhuriyet Halk Partisi,democracy,Demokrasi,democratic_reform,5,6,11,0,9.85,6.672499999999999,0.9166666666666666,positive
2006-03-01,Adalet ve Kalkınma Partisi,reform,Reform,democratic_reform,5,10,8,1,13.15,6.4850900000000005,0.7,positive
2006-03-01,Bağımsız,reform,Reform,democratic_reform,3,6,7,0,8.450000000000001,5.99509,0.875,positive
2006-03-01,Adalet ve Kalkınma Partisi,interest,Faiz,macro_economy,5,8,7,0,10.450000000000001,5.95848,0.875,positive
2006-03-01,Cumhuriyet Halk Partisi,security,Guvenlik,security_conflict,4,8,6,0,10.100000000000001,5.95018,0.8571428571428571,positive
2006-03-01,Anavatan Partisi,law_state,Hukuk Devleti,democratic_reform,3,4,6,0,6.1,4.09589,0.8571428571428571,positive
2006-03-01,Cumhuriyet Halk Partisi,reform,Reform,democratic_reform,3,4,5,0,5.75,3.60848,0.8333333333333334,positive
2006-03-01,Anavatan Partisi,security,Guvenlik,security_conflict,3,6,3,0,7.050000000000001,3.5250000000000004,0.75,positive
2006-03-01,Cumhuriyet Halk Partisi,sovereignty,Egemenlik,security_conflict,1,2,6,0,4.1,3.5141099999999996,0.8571428571428571,positive
2006-03-01,Cumhuriyet Halk Partisi,imf,IMF,macro_economy,2,6,2,0,6.699999999999999,3.3499999999999996,0.6666666666666666,positive
2006-03-01,Anavatan Partisi,reform,Reform,democratic_reform,3,4,4,0,5.4,3.15009,0.8,positive
2006-03-01,Adalet ve Kalkınma Partisi,imf,IMF,macro_economy,1,3,2,0,3.7,2.46679,0.6666666666666666,positive
2006-03-01,Cumhuriyet Halk Partisi,inflation,Enflasyon,macro_economy,2,4,2,0,4.7,2.35,0.6666666666666666,positive
2006-03-01,Doğru Yol Partisi,constitution,Anayasa,constitutional_conflict,1,2,2,0,2.7,1.80009,0.6666666666666666,positive
2006-03-01,Anavatan Partisi,constitution,Anayasa,constitutional_conflict,1,3,1,0,3.35,1.675,0.5,positive
2006-03-01,Anavatan Partisi,democracy,Demokrasi,democratic_reform,2,2,2,0,2.7,1.35,0.6666666666666666,positive
2006-03-01,Anavatan Partisi,interest,Faiz,macro_economy,1,2,1,0,2.35,1.175,0.5,positive
2006-03-01,Anavatan Partisi,european_union,Avrupa Birligi,democratic_reform,1,1,2,0,1.7,1.13339,0.6666666666666666,positive
2006-03-01,Doğru Yol Partisi,economy,Ekonomi,macro_economy,1,3,2,1,4.05,1.0125,0.25,positive
2006-03-01,Bağımsız,interest,Faiz,macro_economy,1,1,1,0,1.35,0.675,0.5,positive
2006-03-01,Doğru Yol Partisi,reform,Reform,democratic_reform,1,1,1,0,1.35,0.675,0.5,positive
2006-04-01,Adalet ve Kalkınma Partisi,law_state,Hukuk Devleti,democratic_reform,21,154,115,19,200.9,127.31708,0.7111111111111111,positive
2006-04-01,Adalet ve Kalkınma Partisi,security,Guvenlik,security_conflict,27,191,64,12,217.6,117.11273,0.6753246753246753,positive
2006-04-01,Cumhuriyet Halk Partisi,law_state,Hukuk Devleti,democratic_reform,13,177,109,36,227.75,111.21849,0.5,positive
2006-04-01,Cumhuriyet Halk Partisi,economy,Ekonomi,macro_economy,23,112,88,7,145.25,91.479355,0.84375,positive
2006-04-01,Adalet ve Kalkınma Partisi,economy,Ekonomi,macro_economy,26,104,76,6,132.7,86.893935,0.8433734939759037,positive
2006-04-01,Cumhuriyet Halk Partisi,constitution,Anayasa,constitutional_conflict,11,39,30,4,50.9,30.267654999999998,0.7428571428571429,positive
2006-04-01,Adalet ve Kalkınma Partisi,reform,Reform,democratic_reform,13,43,25,2,52.45,29.15018,0.8214285714285714,positive
2006-04-01,Anavatan Partisi,economy,Ekonomi,macro_economy,9,41,33,9,55.7,26.611645,0.5581395348837209,positive
2006-04-01,Adalet ve Kalkınma Partisi,democracy,Demokrasi,democratic_reform,13,31,29,2,41.85,25.09443,0.84375,positive
2006-04-01,Cumhuriyet Halk Partisi,security,Guvenlik,security_conflict,8,26,24,5,36.15,17.605674999999998,0.6333333333333333,positive
2006-04-01,Cumhuriyet Halk Partisi,democracy,Demokrasi,democratic_reform,10,32,21,6,41.449999999999996,17.57412,0.5357142857142857,positive
2006-04-01,Doğru Yol Partisi,security,Guvenlik,security_conflict,8,21,11,0,24.85,14.13759,0.9166666666666666,positive
2006-04-01,Anavatan Partisi,security,Guvenlik,security_conflict,6,30,12,4,35.6,13.20965,0.47058823529411764,positive
2006-04-01,Adalet ve Kalkınma Partisi,constitution,Anayasa,constitutional_conflict,8,16,14,1,21.25,12.682680000000001,0.8125,positive
2006-04-01,Anavatan Partisi,law_state,Hukuk Devleti,democratic_reform,5,11,14,0,15.899999999999999,11.60059,0.9333333333333333,positive
2006-04-01,Anavatan Partisi,european_union,Avrupa Birligi,democratic_reform,4,17,12,1,21.55,10.80259,0.7857142857142857,positive
2006-04-01,Anavatan Partisi,reform,Reform,democratic_reform,3,19,8,2,22.5,9.45339,0.5454545454545454,positive
2006-04-01,Adalet ve Kalkınma Partisi,european_union,Avrupa Birligi,democratic_reform,9,13,12,1,17.55,8.775,0.7857142857142857,positive
2006-04-01,Cumhuriyet Halk Partisi,european_union,Avrupa Birligi,democratic_reform,4,11,7,1,13.799999999999999,7.6499999999999995,0.6666666666666666,positive
2006-04-01,Anavatan Partisi,imf,IMF,macro_economy,3,12,4,0,13.399999999999999,7.316789999999999,0.8,positive
2006-04-01,Anavatan Partisi,constitution,Anayasa,constitutional_conflict,5,8,7,0,10.450000000000001,6.291880000000001,0.875,positive
2006-04-01,Doğru Yol Partisi,constitution,Anayasa,constitutional_conflict,2,7,5,0,8.75,6.254289999999999,0.8333333333333334,positive
2006-04-01,Adalet ve Kalkınma Partisi,interest,Faiz,macro_economy,4,5,9,0,8.15,5.6333899999999995,0.9,positive
2006-04-01,Cumhuriyet Halk Partisi,reform,Reform,democratic_reform,2,5,4,0,6.4,4.2668800000000005,0.8,positive
2006-04-01,Adalet ve Kalkınma Partisi,imf,IMF,macro_economy,2,4,3,0,5.050000000000001,3.1417900000000003,0.75,positive
2006-04-01,Anavatan Partisi,interest,Faiz,macro_economy,2,2,2,0,2.7,1.35,0.6666666666666666,positive
2006-04-01,Adalet ve Kalkınma Partisi,inflation,Enflasyon,macro_economy,1,1,1,0,1.35,0.675,0.5,positive
2006-04-01,Anavatan Partisi,democracy,Demokrasi,democratic_reform,1,1,1,0,1.35,0.675,0.5,positive
2006-04-01,Bağımsız,economy,Ekonomi,macro_economy,1,1,1,0,1.35,0.675,0.5,positive
2006-04-01,Bağımsız,european_union,Avrupa Birligi,democratic_reform,1,1,1,0,1.35,0.675,0.5,positive
2006-04-01,Cumhuriyet Halk Partisi,inflation,Enflasyon,macro_economy,1,1,1,0,1.35,0.675,0.5,positive
2006-04-01,Cumhuriyet Halk Partisi,interest,Faiz,macro_economy,1,1,1,0,1.35,0.675,0.5,positive
2006-04-01,Doğru Yol Partisi,law_state,Hukuk Devleti,democratic_reform,1,1,1,0,1.35,0.675,0.5,positive
2006-04-01,Cumhuriyet Halk Partisi,tutelage,Vesayet,constitutional_conflict,1,1,2,1,2.05,0.5125,0.25,positive
2006-05-01,Adalet ve Kalkınma Partisi,security,Guvenlik,security_conflict,27,339,158,46,410.4,200.371825,0.5463414634146342,positive
2006-05-01,Cumhuriyet Halk Partisi,economy,Ekonomi,macro_economy,36,157,178,35,231.55,138.626675,0.6682242990654206,positive
2006-05-01,Adalet ve Kalkınma Partisi,economy,Ekonomi,macro_economy,34,108,107,7,147.9,104.23402,0.8695652173913043,positive
2006-05-01,Cumhuriyet Halk Partisi,security,Guvenlik,security_conflict,14,117,39,9,133.8,57.069615,0.6122448979591837,positive
2006-05-01,Cumhuriyet Halk Partisi,law_state,Hukuk Devleti,democratic_reform,17,61,28,2,71.5,41.51407,0.8387096774193549,positive
2006-05-01,Adalet ve Kalkınma Partisi,constitution,Anayasa,constitutional_conflict,14,64,28,1,74.15,36.9975,0.9,positive
2006-05-01,Cumhuriyet Halk Partisi,constitution,Anayasa,constitutional_conflict,10,36,26,0,45.099999999999994,31.408265,0.9629629629629629,positive
2006-05-01,Adalet ve Kalkınma Partisi,democracy,Demokrasi,democratic_reform,13,39,30,5,51.25,27.487199999999998,0.6944444444444444,positive
2006-05-01,Adalet ve Kalkınma Partisi,european_union,Avrupa Birligi,democratic_reform,9,26,25,1,35.1,25.63243,0.8888888888888888,positive
2006-05-01,Anavatan Partisi,security,Guvenlik,security_conflict,6,36,16,5,43.349999999999994,18.04644,0.5,positive
2006-05-01,Cumhuriyet Halk Partisi,european_union,Avrupa Birligi,democratic_reform,13,21,22,1,29.05,17.647365,0.875,positive
2006-05-01,Doğru Yol Partisi,security,Guvenlik,security_conflict,6,23,12,0,27.2,16.862275,0.9230769230769231,positive
2006-05-01,Adalet ve Kalkınma Partisi,law_state,Hukuk Devleti,democratic_reform,9,22,14,0,26.900000000000002,16.06277,0.9333333333333333,positive
2006-05-01,Cumhuriyet Halk Partisi,democracy,Demokrasi,democratic_reform,11,20,18,1,26.650000000000002,15.50528,0.85,positive
2006-05-01,Anavatan Partisi,economy,Ekonomi,macro_economy,4,14,15,2,19.95,12.591394999999999,0.7222222222222222,positive
2006-05-01,Anavatan Partisi,law_state,Hukuk Devleti,democratic_reform,3,12,10,0,15.5,11.953075,0.9090909090909091,positive
2006-05-01,Adalet ve Kalkınma Partisi,reform,Reform,democratic_reform,7,15,9,0,18.150000000000002,10.475280000000001,0.9,positive
2006-05-01,Adalet ve Kalkınma Partisi,inflation,Enflasyon,macro_economy,5,9,7,0,11.450000000000001,6.45848,0.875,positive
2006-05-01,Anavatan Partisi,interest,Faiz,macro_economy,2,6,4,0,7.4,5.2124999999999995,0.8,positive
2006-05-01,Adalet ve Kalkınma Partisi,interest,Faiz,macro_economy,4,6,6,1,8.45,3.91259,0.625,positive
2006-05-01,Cumhuriyet Halk Partisi,inflation,Enflasyon,macro_economy,3,11,4,1,12.75,3.8625000000000003,0.5,positive
2006-05-01,Anavatan Partisi,imf,IMF,macro_economy,2,11,3,1,12.4,3.6875,0.4,positive
2006-05-01,Anavatan Partisi,constitution,Anayasa,constitutional_conflict,2,5,3,0,6.050000000000001,3.6417900000000003,0.75,positive
2006-05-01,Doğru Yol Partisi,constitution,Anayasa,constitutional_conflict,3,5,4,0,6.4,3.48339,0.8,positive
2006-05-01,Cumhuriyet Halk Partisi,reform,Reform,democratic_reform,2,4,3,0,5.050000000000001,3.1417900000000003,0.75,positive
2006-05-01,Doğru Yol Partisi,economy,Ekonomi,macro_economy,1,4,2,0,4.7,3.13349,0.6666666666666666,positive
2006-05-01,Adalet ve Kalkınma Partisi,imf,IMF,macro_economy,1,2,5,0,3.75,3.1248750000000003,0.8333333333333334,positive
2006-05-01,Doğru Yol Partisi,law_state,Hukuk Devleti,democratic_reform,1,2,4,0,3.4,2.72,0.8,positive
2006-05-01,Cumhuriyet Halk Partisi,imf,IMF,macro_economy,3,3,3,0,4.050000000000001,2.0250000000000004,0.75,positive
2006-05-01,Cumhuriyet Halk Partisi,sovereignty,Egemenlik,security_conflict,1,2,2,0,2.7,1.80009,0.6666666666666666,positive
2006-05-01,Cumhuriyet Halk Partisi,interest,Faiz,macro_economy,2,2,2,0,2.7,1.35,0.6666666666666666,positive
2006-05-01,Anavatan Partisi,european_union,Avrupa Birligi,democratic_reform,2,2,3,1,3.4,1.1875,0.4,positive
2006-05-01,Adalet ve Kalkınma Partisi,sovereignty,Egemenlik,security_conflict,1,1,1,0,1.35,0.675,0.5,positive
2006-05-01,Anavatan Partisi,sovereignty,Egemenlik,security_conflict,1,1,1,0,1.35,0.675,0.5,positive
2006-05-01,Doğru Yol Partisi,european_union,Avrupa Birligi,democratic_reform,1,1,1,0,1.35,0.675,0.5,positive
2006-05-01,Doğru Yol Partisi,imf,IMF,macro_economy,1,1,1,0,1.35,0.675,0.5,positive
2006-06-01,Adalet ve Kalkınma Partisi,economy,Ekonomi,macro_economy,48,380,308,48,504.6,289.510105,0.7282913165266106,positive
2006-06-01,Cumhuriyet Halk Partisi,law_state,Hukuk Devleti,democratic_reform,37,303,149,31,366.0,205.00955,0.6519337016574586,positive
2006-06-01,Adalet ve Kalkınma Partisi,law_state,Hukuk Devleti,democratic_reform,35,251,116,8,294.40000000000003,197.7047,0.864,positive
2006-06-01,Anavatan Partisi,economy,Ekonomi,macro_economy,25,205,110,19,250.15,151.46198,0.7,positive
2006-06-01,Cumhuriyet Halk Partisi,economy,Ekonomi,macro_economy,34,132,148,16,189.4,127.65733,0.8,positive
2006-06-01,Adalet ve Kalkınma Partisi,security,Guvenlik,security_conflict,15,193,72,13,222.75,112.50253000000001,0.686046511627907,positive
2006-06-01,Bağımsız,economy,Ekonomi,macro_economy,16,121,113,18,166.85,106.080405,0.7196969696969697,positive
2006-06-01,Cumhuriyet Halk Partisi,constitution,Anayasa,constitutional_conflict,30,111,62,3,133.75,81.63811,0.8939393939393939,positive
2006-06-01,Adalet ve Kalkınma Partisi,european_union,Avrupa Birligi,democratic_reform,28,91,79,5,120.4,80.62467000000001,0.8705882352941177,positive
2006-06-01,Anavatan Partisi,law_state,Hukuk Devleti,democratic_reform,13,72,68,5,97.55,67.84345,0.8513513513513513,positive
2006-06-01,Cumhuriyet Halk Partisi,democracy,Demokrasi,democratic_reform,14,58,37,4,72.35,44.85259,0.7857142857142857,positive
2006-06-01,Bağımsız,security,Guvenlik,security_conflict,6,42,38,2,56.0,43.59706,0.8780487804878049,positive
2006-06-01,Adalet ve Kalkınma Partisi,democracy,Demokrasi,democratic_reform,16,39,45,2,55.45,38.60983,0.8958333333333334,positive
2006-06-01,Adalet ve Kalkınma Partisi,constitution,Anayasa,constitutional_conflict,10,54,19,0,60.65,36.12967,0.95,positive
2006-06-01,Cumhuriyet Halk Partisi,european_union,Avrupa Birligi,democratic_reform,22,53,41,6,69.45,33.961525,0.7291666666666666,positive
2006-06-01,Adalet ve Kalkınma Partisi,reform,Reform,democratic_reform,20,40,36,0,52.6,33.508995,0.972972972972973,positive
2006-06-01,Cumhuriyet Halk Partisi,security,Guvenlik,security_conflict,9,38,15,1,43.6,28.487065,0.8235294117647058,positive
2006-06-01,Cumhuriyet Halk Partisi,interest,Faiz,macro_economy,7,32,16,0,37.6,27.7895,0.9411764705882353,positive
2006-06-01,Doğru Yol Partisi,economy,Ekonomi,macro_economy,10,27,26,4,37.5,21.09912,0.7096774193548387,positive
2006-06-01,Anavatan Partisi,interest,Faiz,macro_economy,7,32,17,2,38.65,20.408749999999998,0.75,positive
2006-06-01,Doğru Yol Partisi,security,Guvenlik,security_conflict,7,35,16,2,41.300000000000004,20.206825000000002,0.7368421052631579,positive
2006-06-01,Bağımsız,european_union,Avrupa Birligi,democratic_reform,8,29,21,4,37.75,18.41438,0.6538461538461539,positive
2006-06-01,Bağımsız,law_state,Hukuk Devleti,democratic_reform,5,22,19,1,29.0,17.53687,0.8571428571428571,positive
2006-06-01,Anavatan Partisi,constitution,Anayasa,constitutional_conflict,7,17,13,0,21.55,13.311969999999999,0.9285714285714286,positive
2006-06-01,Anavatan Partisi,imf,IMF,macro_economy,3,17,7,0,19.45,13.12839,0.875,positive
2006-06-01,Adalet ve Kalkınma Partisi,inflation,Enflasyon,macro_economy,4,12,14,0,16.900000000000002,13.01384,0.9333333333333333,positive
2006-06-01,Cumhuriyet Halk Partisi,reform,Reform,democratic_reform,6,16,11,0,19.85,12.9075,0.9166666666666666,positive
2006-06-01,Anavatan Partisi,security,Guvenlik,security_conflict,5,12,14,2,17.6,9.82,0.7058823529411765,positive
2006-06-01,Anavatan Partisi,european_union,Avrupa Birligi,democratic_reform,6,15,9,1,18.5,9.193389999999999,0.7272727272727273,positive
2006-06-01,Adalet ve Kalkınma Partisi,interest,Faiz,macro_economy,4,14,5,0,15.75,9.15859,0.8333333333333334,positive
2006-06-01,Doğru Yol Partisi,european_union,Avrupa Birligi,democratic_reform,2,5,11,0,8.85,7.568390000000001,0.9166666666666666,positive
2006-06-01,Bağımsız,democracy,Demokrasi,democratic_reform,2,9,9,2,12.85,6.81175,0.5833333333333334,positive
2006-06-01,Bağımsız,constitution,Anayasa,constitutional_conflict,2,19,5,2,21.450000000000003,6.63187,0.375,positive
2006-06-01,Anavatan Partisi,inflation,Enflasyon,macro_economy,3,10,6,1,12.45,5.76839,0.625,positive
2006-06-01,Anavatan Partisi,reform,Reform,democratic_reform,4,9,4,0,10.4,5.2,0.8,positive
2006-06-01,Doğru Yol Partisi,law_state,Hukuk Devleti,democratic_reform,3,5,6,0,7.1,4.84589,0.8571428571428571,positive
2006-06-01,Bağımsız,interest,Faiz,macro_economy,2,5,3,0,6.050000000000001,3.6417900000000003,0.75,positive
2006-06-01,Doğru Yol Partisi,constitution,Anayasa,constitutional_conflict,3,5,4,0,6.4,3.48339,0.8,positive
2006-06-01,Anavatan Partisi,democracy,Demokrasi,democratic_reform,2,3,5,0,4.75,3.3950000000000005,0.8333333333333334,positive
2006-06-01,Doğru Yol Partisi,inflation,Enflasyon,macro_economy,2,3,2,0,3.7,1.85,0.6666666666666666,positive
2006-06-01,Cumhuriyet Halk Partisi,imf,IMF,macro_economy,2,4,3,1,5.4,1.6875,0.4,positive
2006-06-01,Cumhuriyet Halk Partisi,sovereignty,Egemenlik,security_conflict,1,3,1,0,3.35,1.675,0.5,positive
2006-06-01,Doğru Yol Partisi,imf,IMF,macro_economy,1,3,1,0,3.35,1.675,0.5,positive
2006-06-01,Bağımsız,imf,IMF,macro_economy,1,2,1,0,2.35,1.175,0.5,positive
2006-06-01,Bağımsız,reform,Reform,democratic_reform,1,2,2,1,3.05,0.7625,0.25,positive
2006-06-01,Cumhuriyet Halk Partisi,inflation,Enflasyon,macro_economy,1,1,1,0,1.35,0.675,0.5,positive
2006-06-01,Doğru Yol Partisi,reform,Reform,democratic_reform,1,1,1,0,1.35,0.675,0.5,positive
2006-06-01,Cumhuriyet Halk Partisi,tutelage,Vesayet,constitutional_conflict,1,1,2,1,2.05,0.5125,0.25,positive
2006-09-01,Adalet ve Kalkınma Partisi,economy,Ekonomi,macro_economy,14,51,50,2,69.2,50.564724999999996,0.9056603773584906,positive
2006-09-01,Cumhuriyet Halk Partisi,economy,Ekonomi,macro_economy,9,48,53,6,68.65,49.263215,0.7833333333333333,positive
2006-09-01,Anavatan Partisi,economy,Ekonomi,macro_economy,3,39,28,4,50.2,35.31252,0.7272727272727273,positive
2006-09-01,Cumhuriyet Halk Partisi,constitution,Anayasa,constitutional_conflict,8,35,15,0,40.25,28.878860000000003,0.9375,positive
2006-09-01,Adalet ve Kalkınma Partisi,european_union,Avrupa Birligi,democratic_reform,12,32,23,0,40.05,26.631565000000002,0.9583333333333334,positive
2006-09-01,Cumhuriyet Halk Partisi,democracy,Demokrasi,democratic_reform,10,25,23,0,33.05,22.655810000000002,0.9583333333333334,positive
2006-09-01,Adalet ve Kalkınma Partisi,security,Guvenlik,security_conflict,8,27,17,1,33.3,22.576745,0.8421052631578947,positive
2006-09-01,Cumhuriyet Halk Partisi,european_union,Avrupa Birligi,democratic_reform,11,29,18,1,35.65,20.17198,0.85,positive
2006-09-01,Anavatan Partisi,european_union,Avrupa Birligi,democratic_reform,3,21,10,1,24.849999999999998,16.455,0.75,positive
2006-09-01,Cumhuriyet Halk Partisi,law_state,Hukuk Devleti,democratic_reform,4,22,7,0,24.45,15.854489999999998,0.875,positive
2006-09-01,Adalet ve Kalkınma Partisi,democracy,Demokrasi,democratic_reform,6,13,15,2,18.95,11.383869999999998,0.7222222222222222,positive
2006-09-01,Anavatan Partisi,democracy,Demokrasi,democratic_reform,3,12,6,0,14.1,9.76269,0.8571428571428571,positive
2006-09-01,Adalet ve Kalkınma Partisi,law_state,Hukuk Devleti,democratic_reform,4,16,7,1,18.8,8.34339,0.6666666666666666,positive
2006-09-01,Bağımsız,constitution,Anayasa,constitutional_conflict,1,12,1,0,12.35,6.175,0.5,positive
2006-09-01,Cumhuriyet Halk Partisi,security,Guvenlik,security_conflict,4,8,6,1,10.45,5.32929,0.625,positive
2006-09-01,Bağımsız,economy,Ekonomi,macro_economy,1,6,6,2,8.8,3.9107200000000004,0.4444444444444444,positive
2006-09-01,Adalet ve Kalkınma Partisi,reform,Reform,democratic_reform,2,3,5,0,4.75,3.4208899999999995,0.8333333333333334,positive
2006-09-01,Doğru Yol Partisi,inflation,Enflasyon,macro_economy,1,5,3,1,6.4,2.5600000000000005,0.4,positive
2006-09-01,Anavatan Partisi,security,Guvenlik,security_conflict,1,1,5,0,2.75,2.291575,0.8333333333333334,positive
2006-09-01,Doğru Yol Partisi,security,Guvenlik,security_conflict,1,4,1,0,4.35,2.175,0.5,positive
2006-09-01,Anavatan Partisi,interest,Faiz,macro_economy,1,2,2,0,2.7,1.80009,0.6666666666666666,positive
2006-09-01,Doğru Yol Partisi,economy,Ekonomi,macro_economy,1,2,2,0,2.7,1.80009,0.6666666666666666,positive
2006-09-01,Anavatan Partisi,reform,Reform,democratic_reform,1,3,1,0,3.35,1.675,0.5,positive
2006-09-01,Anavatan Partisi,constitution,Anayasa,constitutional_conflict,2,2,2,0,2.7,1.35,0.6666666666666666,positive
2006-09-01,Cumhuriyet Halk Partisi,interest,Faiz,macro_economy,2,2,2,0,2.7,1.35,0.6666666666666666,positive
2006-09-01,Cumhuriyet Halk Partisi,reform,Reform,democratic_reform,1,2,4,2,4.1,1.17137,0.2857142857142857,positive
2006-09-01,Anavatan Partisi,inflation,Enflasyon,macro_economy,1,1,1,0,1.35,0.675,0.5,positive
2006-10-01,Adalet ve Kalkınma Partisi,economy,Ekonomi,macro_economy,14,30,35,0,42.25,30.793525,0.9722222222222222,positive
2006-10-01,Anavatan Partisi,european_union,Avrupa Birligi,democratic_reform,6,24,16,1,29.95,21.332355000000003,0.8333333333333334,positive
2006-10-01,Adalet ve Kalkınma Partisi,democracy,Demokrasi,democratic_reform,10,25,30,5,37.25,20.218030000000002,0.6944444444444444,positive
2006-10-01,Cumhuriyet Halk Partisi,economy,Ekonomi,macro_economy,7,17,19,0,23.650000000000002,17.91866,0.95,positive
2006-10-01,Cumhuriyet Halk Partisi,constitution,Anayasa,constitutional_conflict,3,25,9,2,28.85,14.425,0.5833333333333334,positive
2006-10-01,Cumhuriyet Halk Partisi,democracy,Demokrasi,democratic_reform,3,11,13,2,16.25,9.66825,0.6875,positive
2006-10-01,Adalet ve Kalkınma Partisi,constitution,Anayasa,constitutional_conflict,6,12,9,0,15.15,8.92527,0.9,positive
2006-10-01,Adalet ve Kalkınma Partisi,law_state,Hukuk Devleti,democratic_reform,6,10,9,0,13.15,8.09197,0.9,positive
2006-10-01,Anavatan Partisi,constitution,Anayasa,constitutional_conflict,3,10,6,0,12.100000000000001,8.067070000000001,0.8571428571428571,positive
2006-10-01,Anavatan Partisi,economy,Ekonomi,macro_economy,1,5,9,0,8.15,7.335000000000001,0.9,positive
2006-10-01,Cumhuriyet Halk Partisi,law_state,Hukuk Devleti,democratic_reform,4,10,8,2,13.5,5.7375,0.5454545454545454,positive
2006-10-01,Cumhuriyet Halk Partisi,european_union,Avrupa Birligi,democratic_reform,4,7,6,0,9.100000000000001,5.45018,0.8571428571428571,positive
2006-10-01,Bağımsız,constitution,Anayasa,constitutional_conflict,2,7,3,0,8.05,5.14189,0.75,positive
2006-10-01,Adalet ve Kalkınma Partisi,european_union,Avrupa Birligi,democratic_reform,2,4,4,0,5.4,3.4624999999999995,0.8,positive
2006-10-01,Adalet ve Kalkınma Partisi,reform,Reform,democratic_reform,1,3,2,0,3.7,2.46679,0.6666666666666666,positive
2006-10-01,Anavatan Partisi,security,Guvenlik,security_conflict,2,4,2,0,4.7,2.35,0.6666666666666666,positive
2006-10-01,Anavatan Partisi,reform,Reform,democratic_reform,2,3,3,0,4.05,2.30839,0.75,positive
2006-10-01,Adalet ve Kalkınma Partisi,security,Guvenlik,security_conflict,2,2,3,0,3.05,1.80839,0.75,positive
2006-10-01,Cumhuriyet Halk Partisi,interest,Faiz,macro_economy,2,2,3,0,3.05,1.80839,0.75,positive
2006-10-01,Anavatan Partisi,democracy,Demokrasi,democratic_reform,2,3,3,1,4.4,1.4375,0.4,positive
2006-10-01,Anavatan Partisi,imf,IMF,macro_economy,1,1,1,0,1.35,0.675,0.5,positive
2006-10-01,Anavatan Partisi,interest,Faiz,macro_economy,1,1,1,0,1.35,0.675,0.5,positive
2006-10-01,Bağımsız,european_union,Avrupa Birligi,democratic_reform,1,1,1,0,1.35,0.675,0.5,positive
2006-10-01,Bağımsız,interest,Faiz,macro_economy,1,1,1,0,1.35,0.675,0.5,positive
2006-10-01,Cumhuriyet Halk Partisi,imf,IMF,macro_economy,1,1,1,0,1.35,0.675,0.5,positive
2006-10-01,Cumhuriyet Halk Partisi,inflation,Enflasyon,macro_economy,1,1,1,0,1.35,0.675,0.5,positive
2006-11-01,Cumhuriyet Halk Partisi,law_state,Hukuk Devleti,democratic_reform,23,134,69,5,159.9,104.188325,0.8533333333333334,positive
2006-11-01,Adalet ve Kalkınma Partisi,law_state,Hukuk Devleti,democratic_reform,18,135,65,9,160.9,98.28068499999999,0.7466666666666667,positive
2006-11-01,Adalet ve Kalkınma Partisi,economy,Ekonomi,macro_economy,9,45,53,3,64.6,43.21948,0.8771929824561403,positive
2006-11-01,Cumhuriyet Halk Partisi,european_union,Avrupa Birligi,democratic_reform,19,49,39,4,64.05,35.78492,0.7954545454545454,positive
2006-11-01,Cumhuriyet Halk Partisi,constitution,Anayasa,constitutional_conflict,7,30,15,0,35.25,22.5994,0.9375,positive
2006-11-01,Adalet ve Kalkınma Partisi,european_union,Avrupa Birligi,democratic_reform,11,17,16,0,22.6,12.7825,0.9411764705882353,positive
2006-11-01,Adalet ve Kalkınma Partisi,democracy,Demokrasi,democratic_reform,7,13,15,2,18.95,10.45848,0.7222222222222222,positive
2006-11-01,Anavatan Partisi,law_state,Hukuk Devleti,democratic_reform,4,13,7,0,15.45,10.245000000000001,0.875,positive
2006-11-01,Adalet ve Kalkınma Partisi,constitution,Anayasa,constitutional_conflict,3,19,3,0,20.05,10.025,0.75,positive
2006-11-01,Anavatan Partisi,european_union,Avrupa Birligi,democratic_reform,5,10,14,1,15.25,9.979599999999998,0.8125,positive
2006-11-01,Cumhuriyet Halk Partisi,democracy,Demokrasi,democratic_reform,9,15,10,1,18.85,8.6625,0.75,positive
2006-11-01,Cumhuriyet Halk Partisi,economy,Ekonomi,macro_economy,5,8,7,0,10.450000000000001,5.95848,0.875,positive
2006-11-01,Anavatan Partisi,economy,Ekonomi,macro_economy,3,7,5,1,9.1,4.15429,0.5714285714285714,positive
2006-11-01,Anavatan Partisi,democracy,Demokrasi,democratic_reform,1,3,5,0,4.75,3.958175,0.8333333333333334,positive
2006-11-01,Adalet ve Kalkınma Partisi,security,Guvenlik,security_conflict,3,5,3,0,6.050000000000001,3.0250000000000004,0.75,positive
2006-11-01,Cumhuriyet Halk Partisi,interest,Faiz,macro_economy,2,3,3,0,4.05,2.30839,0.75,positive
2006-11-01,Anavatan Partisi,constitution,Anayasa,constitutional_conflict,1,4,1,0,4.35,2.175,0.5,positive
2006-11-01,Cumhuriyet Halk Partisi,inflation,Enflasyon,macro_economy,1,2,2,0,2.7,1.80009,0.6666666666666666,positive
2006-11-01,Bağımsız,economy,Ekonomi,macro_economy,1,4,4,2,6.1,1.74277,0.2857142857142857,positive
2006-11-01,Anavatan Partisi,interest,Faiz,macro_economy,1,3,2,1,4.05,1.0125,0.25,positive
2006-11-01,Adalet ve Kalkınma Partisi,reform,Reform,democratic_reform,1,1,1,0,1.35,0.675,0.5,positive
2006-11-01,Anavatan Partisi,inflation,Enflasyon,macro_economy,1,1,1,0,1.35,0.675,0.5,positive
2006-11-01,Anavatan Partisi,reform,Reform,democratic_reform,1,1,1,0,1.35,0.675,0.5,positive
2006-11-01,Bağımsız,european_union,Avrupa Birligi,democratic_reform,1,1,1,0,1.35,0.675,0.5,positive
2006-11-01,Bağımsız,security,Guvenlik,security_conflict,1,1,1,0,1.35,0.675,0.5,positive
2006-11-01,Cumhuriyet Halk Partisi,reform,Reform,democratic_reform,1,1,1,0,1.35,0.675,0.5,positive
2006-11-01,Cumhuriyet Halk Partisi,security,Guvenlik,security_conflict,1,1,1,0,1.35,0.675,0.5,positive
2006-12-01,Adalet ve Kalkınma Partisi,economy,Ekonomi,macro_economy,77,550,541,81,767.7,500.85289,0.7383627608346709,positive
2006-12-01,Cumhuriyet Halk Partisi,economy,Ekonomi,macro_economy,35,166,140,17,220.95000000000002,133.15547,0.7784810126582279,positive
2006-12-01,Adalet ve Kalkınma Partisi,security,Guvenlik,security_conflict,24,109,68,1,133.15,100.707265,0.9571428571428572,positive
2006-12-01,Adalet ve Kalkınma Partisi,law_state,Hukuk Devleti,democratic_reform,27,134,83,10,166.55,97.671865,0.776595744680851,positive
2006-12-01,Cumhuriyet Halk Partisi,constitution,Anayasa,constitutional_conflict,25,97,69,3,122.2,85.78016,0.9041095890410958,positive
2006-12-01,Cumhuriyet Halk Partisi,law_state,Hukuk Devleti,democratic_reform,17,91,104,16,133.0,81.31821,0.7272727272727273,positive
2006-12-01,Adalet ve Kalkınma Partisi,interest,Faiz,macro_economy,15,79,37,0,91.95,68.47915,0.9736842105263158,positive
2006-12-01,Anavatan Partisi,law_state,Hukuk Devleti,democratic_reform,3,52,55,4,72.65,55.61714,0.85,positive
2006-12-01,Adalet ve Kalkınma Partisi,constitution,Anayasa,constitutional_conflict,14,54,37,1,67.3,47.667985,0.9230769230769231,positive
2006-12-01,Cumhuriyet Halk Partisi,interest,Faiz,macro_economy,14,56,40,4,71.4,41.612625,0.8,positive
2006-12-01,Anavatan Partisi,economy,Ekonomi,macro_economy,15,56,46,5,73.85,40.90213,0.7884615384615384,positive
2006-12-01,Adalet ve Kalkınma Partisi,democracy,Demokrasi,democratic_reform,18,45,46,2,61.800000000000004,38.968075,0.8979591836734694,positive
2006-12-01,Adalet ve Kalkınma Partisi,european_union,Avrupa Birligi,democratic_reform,20,46,36,1,58.95,36.529045,0.9210526315789473,positive
2006-12-01,Cumhuriyet Halk Partisi,democracy,Demokrasi,democratic_reform,18,43,27,1,52.8,29.71286,0.896551724137931,positive
2006-12-01,Adalet ve Kalkınma Partisi,inflation,Enflasyon,macro_economy,12,38,30,5,50.25,26.68184,0.6944444444444444,positive
2006-12-01,Adalet ve Kalkınma Partisi,reform,Reform,democratic_reform,16,40,30,4,51.9,25.690855,0.7428571428571429,positive
2006-12-01,Doğru Yol Partisi,economy,Ekonomi,macro_economy,3,18,27,0,27.45,25.23239,0.9642857142857143,positive
2006-12-01,Cumhuriyet Halk Partisi,european_union,Avrupa Birligi,democratic_reform,15,28,29,1,38.5,23.092509999999997,0.9032258064516129,positive
2006-12-01,Bağımsız,european_union,Avrupa Birligi,democratic_reform,4,30,14,4,36.3,17.07,0.5263157894736842,positive
2006-12-01,Cumhuriyet Halk Partisi,inflation,Enflasyon,macro_economy,5,28,7,0,30.450000000000003,16.2375,0.875,positive
2006-12-01,Anavatan Partisi,european_union,Avrupa Birligi,democratic_reform,7,15,20,3,23.05,12.776990000000001,0.7083333333333334,positive
2006-12-01,Cumhuriyet Halk Partisi,security,Guvenlik,security_conflict,9,18,13,2,23.25,9.6125,0.6875,positive
2006-12-01,Anavatan Partisi,constitution,Anayasa,constitutional_conflict,2,9,7,0,11.45,8.591664999999999,0.875,positive
2006-12-01,Cumhuriyet Halk Partisi,imf,IMF,macro_economy,5,10,12,1,14.549999999999999,8.48931,0.7857142857142857,positive
2006-12-01,Anavatan Partisi,imf,IMF,macro_economy,4,11,6,1,13.45,6.32929,0.625,positive
2006-12-01,Anavatan Partisi,reform,Reform,democratic_reform,2,6,4,0,7.4,5.2124999999999995,0.8,positive
2006-12-01,Anavatan Partisi,democracy,Demokrasi,democratic_reform,3,9,5,1,11.100000000000001,4.91,0.5714285714285714,positive
2006-12-01,Adalet ve Kalkınma Partisi,imf,IMF,macro_economy,3,5,6,0,7.1000000000000005,4.870000000000001,0.8571428571428571,positive
2006-12-01,Bağımsız,democracy,Demokrasi,democratic_reform,3,8,5,1,10.1,4.3100000000000005,0.5714285714285714,positive
2006-12-01,Cumhuriyet Halk Partisi,reform,Reform,democratic_reform,4,4,5,0,5.75,3.15839,0.8333333333333334,positive
2006-12-01,Anavatan Partisi,interest,Faiz,macro_economy,2,4,3,0,5.050000000000001,3.1417900000000003,0.75,positive
2006-12-01,Anavatan Partisi,inflation,Enflasyon,macro_economy,2,2,2,0,2.7,1.35,0.6666666666666666,positive
2006-12-01,Anavatan Partisi,security,Guvenlik,security_conflict,2,2,2,0,2.7,1.35,0.6666666666666666,positive
2006-12-01,Anavatan Partisi,sovereignty,Egemenlik,security_conflict,1,1,1,0,1.35,0.675,0.5,positive
2006-12-01,Doğru Yol Partisi,reform,Reform,democratic_reform,1,1,1,0,1.35,0.675,0.5,positive
2007-01-01,Adalet ve Kalkınma Partisi,economy,Ekonomi,macro_economy,21,63,90,3,95.55,71.04779,0.925531914893617,positive
2007-01-01,Cumhuriyet Halk Partisi,democracy,Demokrasi,democratic_reform,3,41,26,8,52.9,24.629485,0.5142857142857142,positive
2007-01-01,Adalet ve Kalkınma Partisi,constitution,Anayasa,constitutional_conflict,7,32,11,0,35.85,24.087680000000002,0.9166666666666666,positive
2007-01-01,Adalet ve Kalkınma Partisi,law_state,Hukuk Devleti,democratic_reform,5,20,17,0,25.950000000000003,21.258895,0.9444444444444444,positive
2007-01-01,Cumhuriyet Halk Partisi,economy,Ekonomi,macro_economy,8,19,14,0,23.9,15.09626,0.9333333333333333,positive
2007-01-01,Adalet ve Kalkınma Partisi,european_union,Avrupa Birligi,democratic_reform,7,29,15,5,36.0,13.721755,0.47619047619047616,positive
2007-01-01,Adalet ve Kalkınma Partisi,reform,Reform,democratic_reform,5,15,10,0,18.5,11.52947,0.9090909090909091,positive
2007-01-01,Cumhuriyet Halk Partisi,security,Guvenlik,security_conflict,2,26,8,3,29.85,11.174,0.4166666666666667,positive
2007-01-01,Cumhuriyet Halk Partisi,law_state,Hukuk Devleti,democratic_reform,3,9,8,0,11.8,8.766565,0.8888888888888888,positive
2007-01-01,Adalet ve Kalkınma Partisi,democracy,Demokrasi,democratic_reform,7,9,8,0,11.8,6.35009,0.8888888888888888,positive
2007-01-01,Bağımsız,law_state,Hukuk Devleti,democratic_reform,2,9,3,0,10.05,5.64179,0.75,positive
2007-01-01,Anavatan Partisi,constitution,Anayasa,constitutional_conflict,2,16,3,1,17.400000000000002,4.6875,0.4,positive
2007-01-01,Anavatan Partisi,european_union,Avrupa Birligi,democratic_reform,1,7,8,3,10.85,4.521195,0.4166666666666667,positive
2007-01-01,Anavatan Partisi,economy,Ekonomi,macro_economy,1,6,2,0,6.7,4.46689,0.6666666666666666,positive
2007-01-01,Adalet ve Kalkınma Partisi,security,Guvenlik,security_conflict,4,7,4,0,8.4,4.2,0.8,positive
2007-01-01,Doğru Yol Partisi,democracy,Demokrasi,democratic_reform,1,4,3,0,5.05,3.7874999999999996,0.75,positive
2007-01-01,Cumhuriyet Halk Partisi,european_union,Avrupa Birligi,democratic_reform,2,8,3,1,9.4,2.6875,0.4,positive
2007-01-01,Adalet ve Kalkınma Partisi,interest,Faiz,macro_economy,1,1,5,0,2.75,2.291575,0.8333333333333334,positive
2007-01-01,Adalet ve Kalkınma Partisi,inflation,Enflasyon,macro_economy,1,1,4,0,2.4,1.92,0.8,positive
2007-01-01,Doğru Yol Partisi,economy,Ekonomi,macro_economy,1,2,2,0,2.7,1.80009,0.6666666666666666,positive
2007-01-01,Bağımsız,security,Guvenlik,security_conflict,1,2,1,0,2.35,1.175,0.5,positive
2007-01-01,Cumhuriyet Halk Partisi,constitution,Anayasa,constitutional_conflict,1,2,1,0,2.35,1.175,0.5,positive
2007-01-01,Bağımsız,economy,Ekonomi,macro_economy,1,1,2,0,1.7,1.13339,0.6666666666666666,positive
2007-01-01,Anavatan Partisi,inflation,Enflasyon,macro_economy,1,1,1,0,1.35,0.675,0.5,positive
2007-01-01,Bağımsız,democracy,Demokrasi,democratic_reform,1,1,1,0,1.35,0.675,0.5,positive
2007-01-01,Cumhuriyet Halk Partisi,interest,Faiz,macro_economy,1,1,1,0,1.35,0.675,0.5,positive
2007-01-01,Cumhuriyet Halk Partisi,reform,Reform,democratic_reform,1,1,1,0,1.35,0.675,0.5,positive
2007-02-01,Adalet ve Kalkınma Partisi,economy,Ekonomi,macro_economy,24,116,104,11,156.25,101.203895,0.8017241379310345,positive
2007-02-01,Cumhuriyet Halk Partisi,economy,Ekonomi,macro_economy,15,54,38,2,68.0,43.9212,0.8780487804878049,positive
2007-02-01,Adalet ve Kalkınma Partisi,european_union,Avrupa Birligi,democratic_reform,10,53,28,2,63.5,42.014570000000006,0.8387096774193549,positive
2007-02-01,Bağımsız,economy,Ekonomi,macro_economy,2,21,14,1,26.25,21.273195,0.8125,positive
2007-02-01,Adalet ve Kalkınma Partisi,law_state,Hukuk Devleti,democratic_reform,7,24,14,0,28.900000000000002,19.94009,0.9333333333333333,positive
2007-02-01,Anavatan Partisi,constitution,Anayasa,constitutional_conflict,2,21,4,0,22.4,14.934079999999998,0.8,positive
2007-02-01,Cumhuriyet Halk Partisi,law_state,Hukuk Devleti,democratic_reform,7,20,10,0,23.5,13.712789999999998,0.9090909090909091,positive
2007-02-01,Cumhuriyet Halk Partisi,european_union,Avrupa Birligi,democratic_reform,3,12,13,0,16.55,13.02064,0.9285714285714286,positive
2007-02-01,Adalet ve Kalkınma Partisi,democracy,Demokrasi,democratic_reform,5,12,13,0,16.55,11.727500000000001,0.9285714285714286,positive
2007-02-01,Adalet ve Kalkınma Partisi,security,Guvenlik,security_conflict,4,13,8,1,16.150000000000002,10.441790000000001,0.7,positive
2007-02-01,Anavatan Partisi,economy,Ekonomi,macro_economy,6,19,13,4,24.950000000000003,9.84929,0.5,positive
2007-02-01,Cumhuriyet Halk Partisi,constitution,Anayasa,constitutional_conflict,4,11,9,0,14.15,9.495280000000001,0.9,positive
2007-02-01,Adalet ve Kalkınma Partisi,interest,Faiz,macro_economy,5,13,9,1,16.5,8.31018,0.7272727272727273,positive
2007-02-01,Adalet ve Kalkınma Partisi,reform,Reform,democratic_reform,6,15,10,2,19.2,7.88566,0.6153846153846154,positive
2007-02-01,Adalet ve Kalkınma Partisi,inflation,Enflasyon,macro_economy,5,7,6,0,9.100000000000001,4.83339,0.8571428571428571,positive
2007-02-01,Cumhuriyet Halk Partisi,interest,Faiz,macro_economy,1,12,4,2,14.1,4.02837,0.2857142857142857,positive
2007-02-01,Anavatan Partisi,law_state,Hukuk Devleti,democratic_reform,2,5,4,0,6.4,3.9624999999999995,0.8,positive
2007-02-01,Bağımsız,european_union,Avrupa Birligi,democratic_reform,2,7,2,0,7.699999999999999,3.8499999999999996,0.6666666666666666,positive
2007-02-01,Anavatan Partisi,european_union,Avrupa Birligi,democratic_reform,1,5,2,0,5.7,3.8001899999999997,0.6666666666666666,positive
2007-02-01,Adalet ve Kalkınma Partisi,constitution,Anayasa,constitutional_conflict,2,12,3,1,13.4,3.6875,0.4,positive
2007-02-01,Cumhuriyet Halk Partisi,reform,Reform,democratic_reform,3,5,4,0,6.4,3.48339,0.8,positive
2007-02-01,Bağımsız,security,Guvenlik,security_conflict,1,5,4,1,6.75,3.375,0.5,positive
2007-02-01,Doğru Yol Partisi,constitution,Anayasa,constitutional_conflict,3,3,6,0,5.1,3.34589,0.8571428571428571,positive
2007-02-01,Anavatan Partisi,inflation,Enflasyon,macro_economy,2,5,7,3,8.5,3.02,0.36363636363636365,positive
2007-02-01,Doğru Yol Partisi,european_union,Avrupa Birligi,democratic_reform,2,4,3,0,5.05,2.80839,0.75,positive
2007-02-01,Doğru Yol Partisi,economy,Ekonomi,macro_economy,1,6,4,2,8.1,2.31417,0.2857142857142857,positive
2007-02-01,Cumhuriyet Halk Partisi,security,Guvenlik,security_conflict,2,2,3,0,3.05,1.80839,0.75,positive
2007-02-01,Cumhuriyet Halk Partisi,inflation,Enflasyon,macro_economy,1,3,1,0,3.35,1.675,0.5,positive
2007-02-01,Doğru Yol Partisi,security,Guvenlik,security_conflict,1,2,3,1,3.4,1.36,0.4,positive
2007-02-01,Anavatan Partisi,reform,Reform,democratic_reform,2,2,3,1,3.4,1.1875,0.4,positive
2007-02-01,Anavatan Partisi,imf,IMF,macro_economy,1,2,1,0,2.35,1.175,0.5,positive
2007-02-01,Bağımsız,imf,IMF,macro_economy,1,1,2,0,1.7,1.13339,0.6666666666666666,positive
2007-02-01,Adalet ve Kalkınma Partisi,sovereignty,Egemenlik,security_conflict,1,1,1,0,1.35,0.675,0.5,positive
2007-02-01,Bağımsız,law_state,Hukuk Devleti,democratic_reform,1,1,1,0,1.35,0.675,0.5,positive
2007-02-01,Cumhuriyet Halk Partisi,democracy,Demokrasi,democratic_reform,1,1,1,0,1.35,0.675,0.5,positive
2007-02-01,Cumhuriyet Halk Partisi,sovereignty,Egemenlik,security_conflict,1,1,1,0,1.35,0.675,0.5,positive
2007-02-01,Doğru Yol Partisi,law_state,Hukuk Devleti,democratic_reform,1,1,1,0,1.35,0.675,0.5,positive
2007-02-01,Doğru Yol Partisi,reform,Reform,democratic_reform,1,1,1,0,1.35,0.675,0.5,positive
2007-03-01,Adalet ve Kalkınma Partisi,economy,Ekonomi,macro_economy,38,147,170,14,211.4,146.131475,0.8432432432432433,positive
2007-03-01,Cumhuriyet Halk Partisi,economy,Ekonomi,macro_economy,24,115,79,15,147.9,79.56995,0.6736842105263158,positive
2007-03-01,Anavatan Partisi,economy,Ekonomi,macro_economy,11,32,26,4,42.5,24.87528,0.7096774193548387,positive
2007-03-01,Doğru Yol Partisi,security,Guvenlik,security_conflict,6,26,17,0,31.950000000000003,21.255000000000003,0.9444444444444444,positive
2007-03-01,Cumhuriyet Halk Partisi,law_state,Hukuk Devleti,democratic_reform,6,43,14,2,48.6,21.08571,0.7058823529411765,positive
2007-03-01,Bağımsız,economy,Ekonomi,macro_economy,2,16,18,0,22.299999999999997,20.09277,0.9473684210526315,positive
2007-03-01,Cumhuriyet Halk Partisi,constitution,Anayasa,constitutional_conflict,10,22,20,2,29.700000000000003,18.100675000000003,0.782608695652174,positive
2007-03-01,Adalet ve Kalkınma Partisi,reform,Reform,democratic_reform,1,9,13,0,13.55,12.58253,0.9285714285714286,positive
2007-03-01,Adalet ve Kalkınma Partisi,european_union,Avrupa Birligi,democratic_reform,7,14,15,2,19.95,9.95848,0.7222222222222222,positive
2007-03-01,Cumhuriyet Halk Partisi,imf,IMF,macro_economy,2,13,5,1,15.100000000000001,9.8,0.5714285714285714,positive
2007-03-01,Anavatan Partisi,european_union,Avrupa Birligi,democratic_reform,2,11,8,1,14.15,9.042060000000001,0.7,positive
2007-03-01,Adalet ve Kalkınma Partisi,security,Guvenlik,security_conflict,5,10,11,1,14.200000000000001,8.83009,0.7692307692307693,positive
2007-03-01,Cumhuriyet Halk Partisi,democracy,Demokrasi,democratic_reform,5,18,8,2,21.5,7.72837,0.5454545454545454,positive
2007-03-01,Anavatan Partisi,law_state,Hukuk Devleti,democratic_reform,5,12,8,1,15.15,7.575,0.7,positive
2007-03-01,Adalet ve Kalkınma Partisi,law_state,Hukuk Devleti,democratic_reform,3,10,4,0,11.4,6.816890000000001,0.8,positive
2007-03-01,Anavatan Partisi,interest,Faiz,macro_economy,3,8,4,0,9.4,5.48349,0.8,positive
2007-03-01,Cumhuriyet Halk Partisi,european_union,Avrupa Birligi,democratic_reform,5,9,9,2,12.85,5.40116,0.5833333333333334,positive
2007-03-01,Adalet ve Kalkınma Partisi,constitution,Anayasa,constitutional_conflict,4,6,6,0,8.1,4.8125,0.8571428571428571,positive
2007-03-01,Doğru Yol Partisi,constitution,Anayasa,constitutional_conflict,2,5,3,0,6.050000000000001,3.47509,0.75,positive
2007-03-01,Cumhuriyet Halk Partisi,security,Guvenlik,security_conflict,4,5,4,0,6.4,3.2,0.8,positive
2007-03-01,Cumhuriyet Halk Partisi,inflation,Enflasyon,macro_economy,3,5,3,0,6.050000000000001,3.0250000000000004,0.75,positive
2007-03-01,Anavatan Partisi,constitution,Anayasa,constitutional_conflict,2,4,2,0,4.7,2.35,0.6666666666666666,positive
2007-03-01,Anavatan Partisi,reform,Reform,democratic_reform,2,2,3,0,3.05,1.80839,0.75,positive
2007-03-01,Adalet ve Kalkınma Partisi,imf,IMF,macro_economy,1,2,1,0,2.35,1.175,0.5,positive
2007-03-01,Adalet ve Kalkınma Partisi,inflation,Enflasyon,macro_economy,1,1,2,0,1.7,1.13339,0.6666666666666666,positive
2007-03-01,Doğru Yol Partisi,law_state,Hukuk Devleti,democratic_reform,1,1,2,0,1.7,1.13339,0.6666666666666666,positive
2007-03-01,Anavatan Partisi,democracy,Demokrasi,democratic_reform,1,1,1,0,1.35,0.675,0.5,positive
2007-03-01,Anavatan Partisi,imf,IMF,macro_economy,1,1,1,0,1.35,0.675,0.5,positive
2007-03-01,Anavatan Partisi,security,Guvenlik,security_conflict,1,1,1,0,1.35,0.675,0.5,positive
2007-03-01,Bağımsız,european_union,Avrupa Birligi,democratic_reform,1,1,1,0,1.35,0.675,0.5,positive
2007-03-01,Doğru Yol Partisi,economy,Ekonomi,macro_economy,1,1,1,0,1.35,0.675,0.5,positive
2007-04-01,Adalet ve Kalkınma Partisi,law_state,Hukuk Devleti,democratic_reform,7,34,57,0,53.949999999999996,47.468824999999995,0.9827586206896551,positive
2007-04-01,Cumhuriyet Halk Partisi,economy,Ekonomi,macro_economy,12,56,35,2,68.95,47.096845,0.868421052631579,positive
2007-04-01,Adalet ve Kalkınma Partisi,economy,Ekonomi,macro_economy,14,51,35,3,64.3,42.78145,0.8205128205128205,positive
2007-04-01,Cumhuriyet Halk Partisi,democracy,Demokrasi,democratic_reform,10,32,32,2,43.9,27.597165,0.8571428571428571,positive
2007-04-01,Cumhuriyet Halk Partisi,constitution,Anayasa,constitutional_conflict,9,33,17,1,39.3,23.23405,0.8421052631578947,positive
2007-04-01,Cumhuriyet Halk Partisi,law_state,Hukuk Devleti,democratic_reform,12,29,18,0,35.300000000000004,21.37966,0.9473684210526315,positive
2007-04-01,Adalet ve Kalkınma Partisi,sovereignty,Egemenlik,security_conflict,2,16,6,0,18.1,14.120090000000001,0.8571428571428571,positive
2007-04-01,Adalet ve Kalkınma Partisi,security,Guvenlik,security_conflict,6,19,17,3,26.0,14.07569,0.6666666666666666,positive
2007-04-01,Bağımsız,democracy,Demokrasi,democratic_reform,3,16,7,0,18.450000000000003,13.304380000000002,0.875,positive
2007-04-01,Adalet ve Kalkınma Partisi,reform,Reform,democratic_reform,3,8,9,0,11.15,8.503975,0.9,positive
2007-04-01,Bağımsız,law_state,Hukuk Devleti,democratic_reform,1,10,3,0,11.05,8.287500000000001,0.75,positive
2007-04-01,Cumhuriyet Halk Partisi,sovereignty,Egemenlik,security_conflict,1,7,4,0,8.4,6.720000000000001,0.8,positive
2007-04-01,Cumhuriyet Halk Partisi,security,Guvenlik,security_conflict,3,7,6,0,9.1,6.34589,0.8571428571428571,positive
2007-04-01,Adalet ve Kalkınma Partisi,constitution,Anayasa,constitutional_conflict,1,8,2,0,8.7,5.8002899999999995,0.6666666666666666,positive
2007-04-01,Bağımsız,economy,Ekonomi,macro_economy,2,6,4,0,7.4,5.2124999999999995,0.8,positive
2007-04-01,Doğru Yol Partisi,security,Guvenlik,security_conflict,3,5,8,2,8.5,3.92752,0.5454545454545454,positive
2007-04-01,Bağımsız,reform,Reform,democratic_reform,1,4,2,0,4.7,3.13349,0.6666666666666666,positive
2007-04-01,Adalet ve Kalkınma Partisi,democracy,Demokrasi,democratic_reform,2,4,2,0,4.7,2.35,0.6666666666666666,positive
2007-04-01,Cumhuriyet Halk Partisi,imf,IMF,macro_economy,2,5,6,3,8.15,2.18596,0.3,positive
2007-04-01,Adalet ve Kalkınma Partisi,interest,Faiz,macro_economy,1,4,1,0,4.35,2.175,0.5,positive
2007-04-01,Cumhuriyet Halk Partisi,reform,Reform,democratic_reform,2,2,2,0,2.7,1.35,0.6666666666666666,positive
2007-04-01,Anavatan Partisi,law_state,Hukuk Devleti,democratic_reform,1,2,1,0,2.35,1.175,0.5,positive
2007-04-01,Doğru Yol Partisi,constitution,Anayasa,constitutional_conflict,1,2,1,0,2.35,1.175,0.5,positive
2007-04-01,Doğru Yol Partisi,european_union,Avrupa Birligi,democratic_reform,1,3,2,1,4.05,1.0125,0.25,positive
2007-04-01,Cumhuriyet Halk Partisi,interest,Faiz,macro_economy,1,2,2,1,3.05,0.7625,0.25,positive
2007-04-01,Adalet ve Kalkınma Partisi,european_union,Avrupa Birligi,democratic_reform,1,1,1,0,1.35,0.675,0.5,positive
2007-04-01,Adalet ve Kalkınma Partisi,inflation,Enflasyon,macro_economy,1,1,1,0,1.35,0.675,0.5,positive
2007-04-01,Anavatan Partisi,democracy,Demokrasi,democratic_reform,1,1,1,0,1.35,0.675,0.5,positive
2007-04-01,Cumhuriyet Halk Partisi,european_union,Avrupa Birligi,democratic_reform,1,1,1,0,1.35,0.675,0.5,positive
2007-05-01,Adalet ve Kalkınma Partisi,economy,Ekonomi,macro_economy,49,190,190,10,260.0,189.077205,0.8955223880597015,positive
2007-05-01,Cumhuriyet Halk Partisi,economy,Ekonomi,macro_economy,34,134,113,12,177.75,111.12019,0.8015873015873016,positive
2007-05-01,Cumhuriyet Halk Partisi,constitution,Anayasa,constitutional_conflict,20,131,44,10,149.9,67.30505500000001,0.6181818181818182,positive
2007-05-01,Adalet ve Kalkınma Partisi,security,Guvenlik,security_conflict,12,93,47,10,112.95,58.579229999999995,0.6379310344827587,positive
2007-05-01,Adalet ve Kalkınma Partisi,constitution,Anayasa,constitutional_conflict,23,81,41,1,95.7,57.161475,0.9302325581395349,positive
2007-05-01,Cumhuriyet Halk Partisi,law_state,Hukuk Devleti,democratic_reform,12,54,30,2,65.2,42.49993,0.8484848484848485,positive
2007-05-01,Anavatan Partisi,economy,Ekonomi,macro_economy,10,45,47,7,63.9,40.87682,0.7272727272727273,positive
2007-05-01,Adalet ve Kalkınma Partisi,european_union,Avrupa Birligi,democratic_reform,9,38,36,3,51.65,35.72444,0.825,positive
2007-05-01,Adalet ve Kalkınma Partisi,democracy,Demokrasi,democratic_reform,17,48,33,2,60.25,35.080795,0.8611111111111112,positive
2007-05-01,Cumhuriyet Halk Partisi,democracy,Demokrasi,democratic_reform,15,41,22,0,48.7,30.27995,0.9565217391304348,positive
2007-05-01,Anavatan Partisi,security,Guvenlik,security_conflict,8,42,27,4,52.85,29.74902,0.71875,positive
2007-05-01,Anavatan Partisi,european_union,Avrupa Birligi,democratic_reform,9,35,26,2,44.800000000000004,29.21961,0.8275862068965517,positive
2007-05-01,Anavatan Partisi,democracy,Demokrasi,democratic_reform,10,48,36,13,65.15,26.504095,0.46,positive
2007-05-01,Cumhuriyet Halk Partisi,security,Guvenlik,security_conflict,13,32,30,4,43.9,26.197850000000003,0.7428571428571429,positive
2007-05-01,Adalet ve Kalkınma Partisi,law_state,Hukuk Devleti,democratic_reform,16,34,24,2,43.1,22.58796,0.8148148148148148,positive
2007-05-01,Cumhuriyet Halk Partisi,european_union,Avrupa Birligi,democratic_reform,11,31,21,1,38.699999999999996,22.28473,0.8695652173913043,positive
2007-05-01,Bağımsız,democracy,Demokrasi,democratic_reform,2,16,6,1,18.45,9.67509,0.625,positive
2007-05-01,Anavatan Partisi,reform,Reform,democratic_reform,4,12,6,0,14.100000000000001,8.78368,0.8571428571428571,positive
2007-05-01,Doğru Yol Partisi,security,Guvenlik,security_conflict,1,22,13,7,29.0,8.2853,0.2857142857142857,positive
2007-05-01,Cumhuriyet Halk Partisi,inflation,Enflasyon,macro_economy,2,10,3,0,11.049999999999999,6.975289999999999,0.75,positive
2007-05-01,Anavatan Partisi,constitution,Anayasa,constitutional_conflict,4,9,6,0,11.100000000000001,6.783580000000001,0.8571428571428571,positive
2007-05-01,Cumhuriyet Halk Partisi,interest,Faiz,macro_economy,5,6,10,0,9.5,6.282500000000001,0.9090909090909091,positive
2007-05-01,Adalet ve Kalkınma Partisi,inflation,Enflasyon,macro_economy,4,7,7,0,9.45,5.90857,0.875,positive
2007-05-01,Bağımsız,economy,Ekonomi,macro_economy,1,6,1,0,6.35,3.175,0.5,positive
2007-05-01,Doğru Yol Partisi,law_state,Hukuk Devleti,democratic_reform,1,2,5,0,3.75,3.1248750000000003,0.8333333333333334,positive
2007-05-01,Doğru Yol Partisi,constitution,Anayasa,constitutional_conflict,2,4,3,0,5.050000000000001,2.97509,0.75,positive
2007-05-01,Anavatan Partisi,law_state,Hukuk Devleti,democratic_reform,3,4,3,0,5.050000000000001,2.5250000000000004,0.75,positive
2007-05-01,Adalet ve Kalkınma Partisi,reform,Reform,democratic_reform,3,3,4,0,4.4,2.48339,0.8,positive
2007-05-01,Cumhuriyet Halk Partisi,reform,Reform,democratic_reform,2,3,3,0,4.050000000000001,2.47509,0.75,positive
2007-05-01,Anavatan Partisi,sovereignty,Egemenlik,security_conflict,1,3,2,0,3.7,2.46679,0.6666666666666666,positive
2007-05-01,Cumhuriyet Halk Partisi,imf,IMF,macro_economy,3,3,4,1,4.75,1.8625,0.5,positive
2007-05-01,Doğru Yol Partisi,economy,Ekonomi,macro_economy,1,2,2,0,2.7,1.80009,0.6666666666666666,positive
2007-05-01,Adalet ve Kalkınma Partisi,interest,Faiz,macro_economy,1,1,1,0,1.35,0.675,0.5,positive
2007-05-01,Adalet ve Kalkınma Partisi,sovereignty,Egemenlik,security_conflict,1,1,1,0,1.35,0.675,0.5,positive
2007-05-01,Anavatan Partisi,inflation,Enflasyon,macro_economy,1,1,1,0,1.35,0.675,0.5,positive
2007-05-01,Bağımsız,constitution,Anayasa,constitutional_conflict,1,1,1,0,1.35,0.675,0.5,positive
2007-06-01,Cumhuriyet Halk Partisi,security,Guvenlik,security_conflict,9,34,24,3,43.45,25.57375,0.75,positive
2007-06-01,Adalet ve Kalkınma Partisi,constitution,Anayasa,constitutional_conflict,7,36,15,1,41.6,24.155475000000003,0.8235294117647058,positive
2007-06-01,Cumhuriyet Halk Partisi,democracy,Demokrasi,democratic_reform,5,17,11,0,20.85,15.165000000000001,0.9166666666666666,positive
2007-06-01,Cumhuriyet Halk Partisi,constitution,Anayasa,constitutional_conflict,6,15,12,0,19.2,12.836870000000001,0.9230769230769231,positive
2007-06-01,Cumhuriyet Halk Partisi,economy,Ekonomi,macro_economy,9,14,14,0,18.9,11.64607,0.9333333333333333,positive
2007-06-01,Cumhuriyet Halk Partisi,european_union,Avrupa Birligi,democratic_reform,8,12,13,0,16.55,9.97107,0.9285714285714286,positive
2007-06-01,Cumhuriyet Halk Partisi,law_state,Hukuk Devleti,democratic_reform,4,10,8,0,12.8,8.31268,0.8888888888888888,positive
2007-06-01,Bağımsız,democracy,Demokrasi,democratic_reform,1,6,3,0,7.05,5.2875,0.75,positive
2007-06-01,Adalet ve Kalkınma Partisi,security,Guvenlik,security_conflict,3,5,4,0,6.4,3.65009,0.8,positive
2007-06-01,Adalet ve Kalkınma Partisi,democracy,Demokrasi,democratic_reform,2,3,3,0,4.050000000000001,2.47509,0.75,positive
2007-06-01,Adalet ve Kalkınma Partisi,law_state,Hukuk Devleti,democratic_reform,1,4,1,0,4.35,2.175,0.5,positive
2007-06-01,Adalet ve Kalkınma Partisi,european_union,Avrupa Birligi,democratic_reform,2,2,2,0,2.7,1.35,0.6666666666666666,positive
2007-06-01,Bağımsız,constitution,Anayasa,constitutional_conflict,1,2,1,0,2.35,1.175,0.5,positive
2007-06-01,Anavatan Partisi,european_union,Avrupa Birligi,democratic_reform,1,1,1,0,1.35,0.675,0.5,positive
2007-06-01,Bağımsız,law_state,Hukuk Devleti,democratic_reform,1,1,1,0,1.35,0.675,0.5,positive
2007-06-01,Cumhuriyet Halk Partisi,interest,Faiz,macro_economy,1,1,1,0,1.35,0.675,0.5,positive
2007-06-01,Cumhuriyet Halk Partisi,reform,Reform,democratic_reform,1,1,1,0,1.35,0.675,0.5,positive
2007-06-01,Cumhuriyet Halk Partisi,sovereignty,Egemenlik,security_conflict,1,1,1,0,1.35,0.675,0.5,positive
2002-11-01,Adalet ve Kalkınma Partisi,economy,Ekonomi,macro_economy,2,25,3,15,31.3,18.629820000000002,-0.631578947368421,negative
2002-11-01,Cumhuriyet Halk Partisi,economy,Ekonomi,macro_economy,2,20,5,22,29.450000000000003,18.455,-0.6071428571428571,negative
2002-11-01,Adalet ve Kalkınma Partisi,interest,Faiz,macro_economy,1,18,5,12,23.95,9.314155,-0.3888888888888889,negative
2002-11-01,Cumhuriyet Halk Partisi,constitution,Anayasa,constitutional_conflict,2,28,2,5,30.450000000000003,8.988870000000002,-0.375,negative
2002-11-01,Adalet ve Kalkınma Partisi,security,Guvenlik,security_conflict,4,8,0,10,11.5,8.36589,-0.9090909090909091,negative
2002-11-01,Adalet ve Kalkınma Partisi,inflation,Enflasyon,macro_economy,1,3,0,6,5.1,4.37121,-0.8571428571428571,negative
2002-11-01,Adalet ve Kalkınma Partisi,constitution,Anayasa,constitutional_conflict,1,16,1,2,17.05,4.2625,-0.25,negative
2002-11-01,Adalet ve Kalkınma Partisi,law_state,Hukuk Devleti,democratic_reform,1,4,0,3,5.05,3.7874999999999996,-0.75,negative
2002-11-01,Cumhuriyet Halk Partisi,law_state,Hukuk Devleti,democratic_reform,1,4,0,1,4.35,2.175,-0.5,negative
2002-11-01,Cumhuriyet Halk Partisi,interest,Faiz,macro_economy,1,5,1,2,6.05,1.5125,-0.25,negative
2002-11-01,Cumhuriyet Halk Partisi,democracy,Demokrasi,democratic_reform,1,2,0,1,2.35,1.175,-0.5,negative
2002-11-01,Adalet ve Kalkınma Partisi,european_union,Avrupa Birligi,democratic_reform,1,3,1,2,4.05,1.0125,-0.25,negative
2002-12-01,Adalet ve Kalkınma Partisi,economy,Ekonomi,macro_economy,13,77,15,71,107.1,58.65489,-0.6436781609195402,negative
2002-12-01,Cumhuriyet Halk Partisi,economy,Ekonomi,macro_economy,9,46,10,35,61.75,27.99041,-0.5434782608695652,negative
2002-12-01,Cumhuriyet Halk Partisi,democracy,Demokrasi,democratic_reform,6,20,0,11,23.85,16.01198,-0.9166666666666666,negative
2002-12-01,Cumhuriyet Halk Partisi,imf,IMF,macro_economy,3,13,1,9,16.5,11.620000000000001,-0.7272727272727273,negative
2002-12-01,Cumhuriyet Halk Partisi,constitution,Anayasa,constitutional_conflict,3,10,0,6,12.1,8.34589,-0.8571428571428571,negative
2002-12-01,Cumhuriyet Halk Partisi,interest,Faiz,macro_economy,3,13,0,3,14.049999999999999,7.0249999999999995,-0.75,negative
2002-12-01,Adalet ve Kalkınma Partisi,law_state,Hukuk Devleti,democratic_reform,3,7,0,7,9.45,6.92839,-0.875,negative
2002-12-01,Adalet ve Kalkınma Partisi,inflation,Enflasyon,macro_economy,2,6,0,7,8.45,6.591565,-0.875,negative
2002-12-01,Bağımsız,economy,Ekonomi,macro_economy,1,6,0,4,7.4,5.920000000000001,-0.8,negative
2002-12-01,Cumhuriyet Halk Partisi,security,Guvenlik,security_conflict,5,5,0,9,8.15,5.07839,-0.9,negative
2002-12-01,Adalet ve Kalkınma Partisi,democracy,Demokrasi,democratic_reform,2,8,0,2,8.7,4.35,-0.6666666666666666,negative
2002-12-01,Adalet ve Kalkınma Partisi,security,Guvenlik,security_conflict,5,5,0,7,7.45,4.29178,-0.875,negative
2002-12-01,Cumhuriyet Halk Partisi,european_union,Avrupa Birligi,democratic_reform,2,4,0,5,5.75,4.00429,-0.8333333333333334,negative
2002-12-01,Cumhuriyet Halk Partisi,tutelage,Vesayet,constitutional_conflict,1,3,0,4,4.4,3.5200000000000005,-0.8,negative
2002-12-01,Adalet ve Kalkınma Partisi,european_union,Avrupa Birligi,democratic_reform,2,4,0,3,5.050000000000001,3.1417900000000003,-0.75,negative
2002-12-01,Cumhuriyet Halk Partisi,law_state,Hukuk Devleti,democratic_reform,1,3,0,2,3.7,2.46679,-0.6666666666666666,negative
2002-12-01,Adalet ve Kalkınma Partisi,interest,Faiz,macro_economy,2,3,1,4,4.75,2.035,-0.5,negative
2002-12-01,Cumhuriyet Halk Partisi,inflation,Enflasyon,macro_economy,1,2,0,2,2.7,1.80009,-0.6666666666666666,negative
2002-12-01,Anavatan Partisi,imf,IMF,macro_economy,1,3,0,1,3.35,1.675,-0.5,negative
2002-12-01,Anavatan Partisi,security,Guvenlik,security_conflict,1,3,0,1,3.35,1.675,-0.5,negative
2002-12-01,Adalet ve Kalkınma Partisi,reform,Reform,democratic_reform,1,2,0,1,2.35,1.175,-0.5,negative
2002-12-01,Adalet ve Kalkınma Partisi,imf,IMF,macro_economy,1,1,1,3,2.4,0.96,-0.4,negative
2002-12-01,Doğru Yol Partisi,law_state,Hukuk Devleti,democratic_reform,1,1,0,1,1.35,0.675,-0.5,negative
2003-01-01,Adalet ve Kalkınma Partisi,economy,Ekonomi,macro_economy,22,150,7,100,187.45,130.36762000000002,-0.8611111111111112,negative
2003-01-01,Cumhuriyet Halk Partisi,economy,Ekonomi,macro_economy,30,113,14,101,153.25,90.04714,-0.75,negative
2003-01-01,Cumhuriyet Halk Partisi,law_state,Hukuk Devleti,democratic_reform,11,55,2,18,62.0,31.9658,-0.7619047619047619,negative
2003-01-01,Adalet ve Kalkınma Partisi,security,Guvenlik,security_conflict,11,44,5,28,55.550000000000004,27.31626,-0.6764705882352942,negative
2003-01-01,Adalet ve Kalkınma Partisi,constitution,Anayasa,constitutional_conflict,4,35,1,9,38.5,26.77259,-0.7272727272727273,negative
2003-01-01,Adalet ve Kalkınma Partisi,law_state,Hukuk Devleti,democratic_reform,7,36,0,12,40.199999999999996,26.299465,-0.9230769230769231,negative
2003-01-01,Cumhuriyet Halk Partisi,security,Guvenlik,security_conflict,11,28,3,28,38.85,21.78438,-0.78125,negative
2003-01-01,Cumhuriyet Halk Partisi,interest,Faiz,macro_economy,7,28,2,15,33.95,19.629849999999998,-0.7222222222222222,negative
2003-01-01,Cumhuriyet Halk Partisi,inflation,Enflasyon,macro_economy,5,19,0,9,22.15,14.37849,-0.9,negative
2003-01-01,Adalet ve Kalkınma Partisi,interest,Faiz,macro_economy,8,18,0,12,22.2,13.73386,-0.9230769230769231,negative
2003-01-01,Cumhuriyet Halk Partisi,constitution,Anayasa,constitutional_conflict,7,21,4,16,28.0,13.63112,-0.5714285714285714,negative
2003-01-01,Anavatan Partisi,economy,Ekonomi,macro_economy,5,16,0,9,19.150000000000002,12.20886,-0.9,negative
2003-01-01,Cumhuriyet Halk Partisi,imf,IMF,macro_economy,5,11,2,17,17.65,11.734304999999999,-0.75,negative
2003-01-01,Adalet ve Kalkınma Partisi,inflation,Enflasyon,macro_economy,2,10,2,12,14.899999999999999,9.461869999999998,-0.6666666666666666,negative
2003-01-01,Cumhuriyet Halk Partisi,sovereignty,Egemenlik,security_conflict,2,10,1,9,13.5,8.98,-0.7272727272727273,negative
2003-01-01,Cumhuriyet Halk Partisi,democracy,Demokrasi,democratic_reform,4,7,0,6,9.100000000000001,5.61688,-0.8571428571428571,negative
2003-01-01,Adalet ve Kalkınma Partisi,democracy,Demokrasi,democratic_reform,2,7,1,3,8.399999999999999,3.1875,-0.4,negative
2003-01-01,Adalet ve Kalkınma Partisi,european_union,Avrupa Birligi,democratic_reform,1,5,0,1,5.35,2.675,-0.5,negative
2003-01-01,Bağımsız,european_union,Avrupa Birligi,democratic_reform,1,1,0,6,3.1,2.65701,-0.8571428571428571,negative
2003-01-01,Bağımsız,economy,Ekonomi,macro_economy,1,1,0,5,2.75,2.291575,-0.8333333333333334,negative
2003-01-01,Cumhuriyet Halk Partisi,european_union,Avrupa Birligi,democratic_reform,1,4,0,1,4.35,2.175,-0.5,negative
2003-01-01,Anavatan Partisi,inflation,Enflasyon,macro_economy,1,3,0,1,3.35,1.675,-0.5,negative
2003-01-01,Adalet ve Kalkınma Partisi,reform,Reform,democratic_reform,1,2,0,1,2.35,1.175,-0.5,negative
2003-01-01,Adalet ve Kalkınma Partisi,tutelage,Vesayet,constitutional_conflict,1,1,0,1,1.35,0.675,-0.5,negative
2003-02-01,Cumhuriyet Halk Partisi,economy,Ekonomi,macro_economy,18,88,17,81,122.3,66.183215,-0.6464646464646465,negative
2003-02-01,Cumhuriyet Halk Partisi,law_state,Hukuk Devleti,democratic_reform,7,63,10,37,79.45,41.499565,-0.5625,negative
2003-02-01,Adalet ve Kalkınma Partisi,economy,Ekonomi,macro_economy,7,42,9,35,57.4,29.45581,-0.5777777777777777,negative
2003-02-01,Adalet ve Kalkınma Partisi,law_state,Hukuk Devleti,democratic_reform,4,20,0,6,22.1,14.312500000000002,-0.8571428571428571,negative
2003-02-01,Adalet ve Kalkınma Partisi,security,Guvenlik,security_conflict,6,13,0,10,16.5,10.21706,-0.9090909090909091,negative
2003-02-01,Cumhuriyet Halk Partisi,security,Guvenlik,security_conflict,7,11,1,14,16.25,9.717099999999999,-0.8125,negative
2003-02-01,Cumhuriyet Halk Partisi,constitution,Anayasa,constitutional_conflict,4,11,0,6,13.100000000000001,8.28368,-0.8571428571428571,negative
2003-02-01,Cumhuriyet Halk Partisi,interest,Faiz,macro_economy,1,12,0,1,12.35,6.175,-0.5,negative
2003-02-01,Adalet ve Kalkınma Partisi,reform,Reform,democratic_reform,2,8,0,3,9.049999999999999,4.808389999999999,-0.75,negative
2003-02-01,Adalet ve Kalkınma Partisi,constitution,Anayasa,constitutional_conflict,1,3,0,3,4.05,3.0374999999999996,-0.75,negative
2003-02-01,Adalet ve Kalkınma Partisi,european_union,Avrupa Birligi,democratic_reform,3,5,0,3,6.050000000000001,3.0250000000000004,-0.75,negative
2003-02-01,Cumhuriyet Halk Partisi,imf,IMF,macro_economy,1,2,0,2,2.7,1.80009,-0.6666666666666666,negative
2003-02-01,Adalet ve Kalkınma Partisi,interest,Faiz,macro_economy,2,2,0,2,2.7,1.35,-0.6666666666666666,negative
2003-02-01,Cumhuriyet Halk Partisi,inflation,Enflasyon,macro_economy,2,2,0,2,2.7,1.35,-0.6666666666666666,negative
2003-02-01,Adalet ve Kalkınma Partisi,democracy,Demokrasi,democratic_reform,1,2,0,1,2.35,1.175,-0.5,negative
2003-02-01,Adalet ve Kalkınma Partisi,tutelage,Vesayet,constitutional_conflict,1,1,0,2,1.7,1.13339,-0.6666666666666666,negative
2003-02-01,Adalet ve Kalkınma Partisi,inflation,Enflasyon,macro_economy,1,1,0,1,1.35,0.675,-0.5,negative
2003-02-01,Cumhuriyet Halk Partisi,democracy,Demokrasi,democratic_reform,1,1,0,1,1.35,0.675,-0.5,negative
2003-02-01,Cumhuriyet Halk Partisi,sovereignty,Egemenlik,security_conflict,1,1,0,1,1.35,0.675,-0.5,negative
2003-03-01,Cumhuriyet Halk Partisi,economy,Ekonomi,macro_economy,58,260,33,224,349.95,206.107025,-0.7403100775193798,negative
2003-03-01,Adalet ve Kalkınma Partisi,economy,Ekonomi,macro_economy,35,220,49,179,299.8,153.66367,-0.5676855895196506,negative
2003-03-01,Cumhuriyet Halk Partisi,constitution,Anayasa,constitutional_conflict,25,171,5,49,189.9,81.561085,-0.8,negative
2003-03-01,Cumhuriyet Halk Partisi,law_state,Hukuk Devleti,democratic_reform,24,100,9,71,128.0,74.03393,-0.7654320987654321,negative
2003-03-01,Cumhuriyet Halk Partisi,interest,Faiz,macro_economy,17,91,7,50,110.95,62.80695,-0.7413793103448276,negative
2003-03-01,Cumhuriyet Halk Partisi,security,Guvenlik,security_conflict,26,85,12,73,114.75,62.41327,-0.7093023255813954,negative
2003-03-01,Adalet ve Kalkınma Partisi,law_state,Hukuk Devleti,democratic_reform,24,68,3,50,86.55,51.635934999999996,-0.8703703703703703,negative
2003-03-01,Adalet ve Kalkınma Partisi,security,Guvenlik,security_conflict,15,41,7,41,57.8,28.45412,-0.6938775510204082,negative
2003-03-01,Cumhuriyet Halk Partisi,reform,Reform,democratic_reform,7,38,2,18,45.0,27.270889999999998,-0.7619047619047619,negative
2003-03-01,Adalet ve Kalkınma Partisi,constitution,Anayasa,constitutional_conflict,14,43,2,19,50.35,24.25047,-0.7727272727272727,negative
2003-03-01,Adalet ve Kalkınma Partisi,interest,Faiz,macro_economy,8,22,0,16,27.6,18.13277,-0.9411764705882353,negative
2003-03-01,Cumhuriyet Halk Partisi,imf,IMF,macro_economy,5,28,1,8,31.15,16.825,-0.7,negative
2003-03-01,Adalet ve Kalkınma Partisi,democracy,Demokrasi,democratic_reform,6,19,4,20,27.4,15.068135,-0.64,negative
2003-03-01,Anavatan Partisi,economy,Ekonomi,macro_economy,4,18,2,11,22.55,11.60623,-0.6428571428571429,negative
2003-03-01,Adalet ve Kalkınma Partisi,imf,IMF,macro_economy,5,12,0,9,15.15,9.73778,-0.9,negative
2003-03-01,Cumhuriyet Halk Partisi,tutelage,Vesayet,constitutional_conflict,4,7,0,13,11.55,8.84325,-0.9285714285714286,negative
2003-03-01,Adalet ve Kalkınma Partisi,european_union,Avrupa Birligi,democratic_reform,8,13,0,8,15.8,7.9,-0.8888888888888888,negative
2003-03-01,Cumhuriyet Halk Partisi,democracy,Demokrasi,democratic_reform,8,9,2,10,13.2,5.325,-0.6153846153846154,negative
2003-03-01,Cumhuriyet Halk Partisi,inflation,Enflasyon,macro_economy,2,7,0,3,8.05,4.64179,-0.75,negative
2003-03-01,Bağımsız,economy,Ekonomi,macro_economy,2,9,1,3,10.399999999999999,4.1875,-0.4,negative
2003-03-01,Bağımsız,security,Guvenlik,security_conflict,3,7,0,3,8.05,4.025,-0.75,negative
2003-03-01,Adalet ve Kalkınma Partisi,reform,Reform,democratic_reform,3,6,1,5,8.1,3.90429,-0.5714285714285714,negative
2003-03-01,Cumhuriyet Halk Partisi,european_union,Avrupa Birligi,democratic_reform,3,5,0,4,6.4,3.81679,-0.8,negative
2003-03-01,Anavatan Partisi,law_state,Hukuk Devleti,democratic_reform,1,4,0,3,5.05,3.7874999999999996,-0.75,negative
2003-03-01,Anavatan Partisi,interest,Faiz,macro_economy,1,5,0,1,5.35,2.675,-0.5,negative
2003-03-01,Cumhuriyet Halk Partisi,sovereignty,Egemenlik,security_conflict,2,2,0,5,3.75,2.5949999999999998,-0.8333333333333334,negative
2003-03-01,Anavatan Partisi,imf,IMF,macro_economy,2,7,1,3,8.4,2.4375,-0.4,negative
2003-03-01,Bağımsız,constitution,Anayasa,constitutional_conflict,1,3,1,4,4.75,2.375,-0.5,negative
2003-03-01,Adalet ve Kalkınma Partisi,inflation,Enflasyon,macro_economy,1,4,0,1,4.35,2.175,-0.5,negative
2003-03-01,Anavatan Partisi,security,Guvenlik,security_conflict,2,2,1,5,4.1,2.09339,-0.5714285714285714,negative
2003-03-01,Adalet ve Kalkınma Partisi,tutelage,Vesayet,constitutional_conflict,2,2,0,2,2.7,1.35,-0.6666666666666666,negative
2003-03-01,Bağımsız,law_state,Hukuk Devleti,democratic_reform,1,1,0,1,1.35,0.675,-0.5,negative
2003-03-01,Bağımsız,tutelage,Vesayet,constitutional_conflict,1,1,0,1,1.35,0.675,-0.5,negative
2003-04-01,Cumhuriyet Halk Partisi,economy,Ekonomi,macro_economy,30,108,5,85,139.5,93.948965,-0.8791208791208791,negative
2003-04-01,Cumhuriyet Halk Partisi,law_state,Hukuk Devleti,democratic_reform,25,112,9,71,140.0,82.928905,-0.7654320987654321,negative
2003-04-01,Adalet ve Kalkınma Partisi,economy,Ekonomi,macro_economy,17,76,9,71,104.0,66.64064,-0.7654320987654321,negative
2003-04-01,Cumhuriyet Halk Partisi,constitution,Anayasa,constitutional_conflict,24,94,1,39,108.0,63.242135,-0.926829268292683,negative
2003-04-01,Cumhuriyet Halk Partisi,democracy,Demokrasi,democratic_reform,12,45,4,34,58.300000000000004,33.50859,-0.7692307692307693,negative
2003-04-01,Cumhuriyet Halk Partisi,security,Guvenlik,security_conflict,12,34,2,32,45.9,27.592455,-0.8571428571428571,negative
2003-04-01,Anavatan Partisi,economy,Ekonomi,macro_economy,3,15,0,22,22.7,19.79417,-0.9565217391304348,negative
2003-04-01,Adalet ve Kalkınma Partisi,law_state,Hukuk Devleti,democratic_reform,9,25,1,17,31.3,18.12028,-0.8421052631578947,negative
2003-04-01,Adalet ve Kalkınma Partisi,constitution,Anayasa,constitutional_conflict,8,31,2,13,36.25,16.336949999999998,-0.6875,negative
2003-04-01,Cumhuriyet Halk Partisi,interest,Faiz,macro_economy,7,22,2,11,26.55,11.93929,-0.6428571428571429,negative
2003-04-01,Adalet ve Kalkınma Partisi,security,Guvenlik,security_conflict,13,15,2,20,22.7,11.807500000000001,-0.782608695652174,negative
2003-04-01,Adalet ve Kalkınma Partisi,democracy,Demokrasi,democratic_reform,5,17,0,8,19.799999999999997,11.77929,-0.8888888888888888,negative
2003-04-01,Adalet ve Kalkınma Partisi,interest,Faiz,macro_economy,4,9,0,9,12.15,8.35447,-0.9,negative
2003-04-01,Adalet ve Kalkınma Partisi,reform,Reform,democratic_reform,4,17,2,8,20.5,7.987500000000001,-0.5454545454545454,negative
2003-04-01,Doğru Yol Partisi,economy,Ekonomi,macro_economy,1,14,2,5,16.45,6.168749999999999,-0.375,negative
2003-04-01,Anavatan Partisi,security,Guvenlik,security_conflict,3,7,1,9,10.5,5.45161,-0.7272727272727273,negative
2003-04-01,Adalet ve Kalkınma Partisi,inflation,Enflasyon,macro_economy,2,3,0,6,5.1,3.799875,-0.8571428571428571,negative
2003-04-01,Bağımsız,democracy,Demokrasi,democratic_reform,1,3,0,4,4.4,3.5200000000000005,-0.8,negative
2003-04-01,Adalet ve Kalkınma Partisi,european_union,Avrupa Birligi,democratic_reform,3,3,0,3,4.050000000000001,2.0250000000000004,-0.75,negative
2003-04-01,Anavatan Partisi,law_state,Hukuk Devleti,democratic_reform,1,3,0,1,3.35,1.675,-0.5,negative
2003-04-01,Cumhuriyet Halk Partisi,european_union,Avrupa Birligi,democratic_reform,1,2,0,1,2.35,1.175,-0.5,negative
2003-04-01,Cumhuriyet Halk Partisi,sovereignty,Egemenlik,security_conflict,1,2,0,1,2.35,1.175,-0.5,negative
2003-04-01,Cumhuriyet Halk Partisi,reform,Reform,democratic_reform,1,1,0,2,1.7,1.13339,-0.6666666666666666,negative
2003-04-01,Adalet ve Kalkınma Partisi,imf,IMF,macro_economy,1,1,0,1,1.35,0.675,-0.5,negative
2003-04-01,Adalet ve Kalkınma Partisi,tutelage,Vesayet,constitutional_conflict,1,1,0,1,1.35,0.675,-0.5,negative
2003-04-01,Cumhuriyet Halk Partisi,imf,IMF,macro_economy,1,1,0,1,1.35,0.675,-0.5,negative
2003-04-01,Bağımsız,law_state,Hukuk Devleti,democratic_reform,1,1,1,2,2.05,0.5125,-0.25,negative
2003-05-01,Cumhuriyet Halk Partisi,economy,Ekonomi,macro_economy,53,185,15,188,256.05,165.75951,-0.8480392156862745,negative
2003-05-01,Adalet ve Kalkınma Partisi,economy,Ekonomi,macro_economy,22,81,3,76,108.65,77.725745,-0.9125,negative
2003-05-01,Cumhuriyet Halk Partisi,democracy,Demokrasi,democratic_reform,18,48,2,37,61.650000000000006,39.55698,-0.875,negative
2003-05-01,Cumhuriyet Halk Partisi,law_state,Hukuk Devleti,democratic_reform,17,41,1,35,53.6,33.99307,-0.918918918918919,negative
2003-05-01,Cumhuriyet Halk Partisi,security,Guvenlik,security_conflict,21,35,3,41,50.4,29.038465,-0.8444444444444444,negative
2003-05-01,Cumhuriyet Halk Partisi,constitution,Anayasa,constitutional_conflict,14,25,0,24,33.4,21.30706,-0.96,negative
2003-05-01,Cumhuriyet Halk Partisi,imf,IMF,macro_economy,4,21,2,13,26.250000000000004,17.94306,-0.6875,negative
2003-05-01,Anavatan Partisi,economy,Ekonomi,macro_economy,3,12,0,10,15.5,11.506890000000002,-0.9090909090909091,negative
2003-05-01,Adalet ve Kalkınma Partisi,law_state,Hukuk Devleti,democratic_reform,9,20,3,16,26.65,11.40589,-0.65,negative
2003-05-01,Bağımsız,economy,Ekonomi,macro_economy,2,11,0,7,13.45,9.758465,-0.875,negative
2003-05-01,Anavatan Partisi,interest,Faiz,macro_economy,1,11,2,9,14.85,8.662005,-0.5833333333333334,negative
2003-05-01,Adalet ve Kalkınma Partisi,security,Guvenlik,security_conflict,9,15,3,13,20.6,7.79589,-0.5882352941176471,negative
2003-05-01,Cumhuriyet Halk Partisi,european_union,Avrupa Birligi,democratic_reform,5,11,2,9,14.850000000000001,6.555890000000001,-0.5833333333333334,negative
2003-05-01,Bağımsız,inflation,Enflasyon,macro_economy,1,5,0,7,7.45,6.51875,-0.875,negative
2003-05-01,Cumhuriyet Halk Partisi,tutelage,Vesayet,constitutional_conflict,2,6,1,9,9.5,6.333649999999999,-0.7272727272727273,negative
2003-05-01,Adalet ve Kalkınma Partisi,democracy,Demokrasi,democratic_reform,5,9,0,7,11.45,6.2375,-0.875,negative
2003-05-01,Anavatan Partisi,law_state,Hukuk Devleti,democratic_reform,4,8,0,6,10.1,5.5625,-0.8571428571428571,negative
2003-05-01,Adalet ve Kalkınma Partisi,interest,Faiz,macro_economy,4,6,0,6,8.100000000000001,4.95018,-0.8571428571428571,negative
2003-05-01,Bağımsız,security,Guvenlik,security_conflict,2,6,0,5,7.75,4.895,-0.8333333333333334,negative
2003-05-01,Adalet ve Kalkınma Partisi,constitution,Anayasa,constitutional_conflict,4,6,1,6,8.45,3.91259,-0.625,negative
2003-05-01,Anavatan Partisi,security,Guvenlik,security_conflict,3,6,1,4,7.75,2.6125,-0.5,negative
2003-05-01,Bağımsız,imf,IMF,macro_economy,1,3,0,2,3.7,2.46679,-0.6666666666666666,negative
2003-05-01,Cumhuriyet Halk Partisi,interest,Faiz,macro_economy,2,2,0,3,3.05,1.80839,-0.75,negative
2003-05-01,Cumhuriyet Halk Partisi,reform,Reform,democratic_reform,2,2,0,2,2.7,1.35,-0.6666666666666666,negative
2003-05-01,Anavatan Partisi,inflation,Enflasyon,macro_economy,2,2,1,3,3.4,1.1875,-0.4,negative
2003-05-01,Adalet ve Kalkınma Partisi,european_union,Avrupa Birligi,democratic_reform,1,1,0,1,1.35,0.675,-0.5,negative
2003-05-01,Adalet ve Kalkınma Partisi,reform,Reform,democratic_reform,1,1,0,1,1.35,0.675,-0.5,negative
2003-05-01,Adalet ve Kalkınma Partisi,sovereignty,Egemenlik,security_conflict,1,1,0,1,1.35,0.675,-0.5,negative
2003-05-01,Adalet ve Kalkınma Partisi,tutelage,Vesayet,constitutional_conflict,1,1,0,1,1.35,0.675,-0.5,negative
2003-05-01,Anavatan Partisi,democracy,Demokrasi,democratic_reform,1,1,0,1,1.35,0.675,-0.5,negative
2003-05-01,Cumhuriyet Halk Partisi,inflation,Enflasyon,macro_economy,1,1,0,1,1.35,0.675,-0.5,negative
2003-05-01,Doğru Yol Partisi,inflation,Enflasyon,macro_economy,1,1,0,1,1.35,0.675,-0.5,negative
2003-05-01,Adalet ve Kalkınma Partisi,imf,IMF,macro_economy,1,1,1,2,2.05,0.5125,-0.25,negative
2003-06-01,Cumhuriyet Halk Partisi,economy,Ekonomi,macro_economy,23,129,25,103,173.8,92.23483,-0.6046511627906976,negative
2003-06-01,Adalet ve Kalkınma Partisi,economy,Ekonomi,macro_economy,19,93,25,96,135.35,70.3229,-0.5819672131147541,negative
2003-06-01,Cumhuriyet Halk Partisi,law_state,Hukuk Devleti,democratic_reform,12,134,29,72,169.35,63.971295,-0.4215686274509804,negative
2003-06-01,Adalet ve Kalkınma Partisi,law_state,Hukuk Devleti,democratic_reform,6,69,1,10,72.85,37.20849,-0.75,negative
2003-06-01,Adalet ve Kalkınma Partisi,security,Guvenlik,security_conflict,17,42,2,36,55.300000000000004,31.42696,-0.8717948717948718,negative
2003-06-01,Cumhuriyet Halk Partisi,interest,Faiz,macro_economy,10,45,2,22,53.4,28.55377,-0.8,negative
2003-06-01,Cumhuriyet Halk Partisi,security,Guvenlik,security_conflict,15,31,3,28,41.85,22.81293,-0.78125,negative
2003-06-01,Cumhuriyet Halk Partisi,constitution,Anayasa,constitutional_conflict,7,23,3,17,30.0,14.45134,-0.6666666666666666,negative
2003-06-01,Cumhuriyet Halk Partisi,reform,Reform,democratic_reform,11,20,2,15,25.950000000000003,12.10018,-0.7222222222222222,negative
2003-06-01,Adalet ve Kalkınma Partisi,interest,Faiz,macro_economy,4,25,2,8,28.5,11.70236,-0.5454545454545454,negative
2003-06-01,Adalet ve Kalkınma Partisi,reform,Reform,democratic_reform,4,15,1,11,19.2,11.28414,-0.7692307692307693,negative
2003-06-01,Cumhuriyet Halk Partisi,democracy,Demokrasi,democratic_reform,7,16,1,12,20.55,11.25197,-0.7857142857142857,negative
2003-06-01,Adalet ve Kalkınma Partisi,constitution,Anayasa,constitutional_conflict,3,10,0,8,12.8,9.25358,-0.8888888888888888,negative
2003-06-01,Cumhuriyet Halk Partisi,european_union,Avrupa Birligi,democratic_reform,3,8,0,6,10.1,6.67929,-0.8571428571428571,negative
2003-06-01,Cumhuriyet Halk Partisi,imf,IMF,macro_economy,4,7,0,7,9.45,6.27089,-0.875,negative
2003-06-01,Cumhuriyet Halk Partisi,inflation,Enflasyon,macro_economy,4,6,0,5,7.75,4.49179,-0.8333333333333334,negative
2003-06-01,Anavatan Partisi,imf,IMF,macro_economy,1,3,0,2,3.7,2.46679,-0.6666666666666666,negative
2003-06-01,Adalet ve Kalkınma Partisi,democracy,Demokrasi,democratic_reform,1,6,2,4,8.1,2.31417,-0.2857142857142857,negative
2003-06-01,Cumhuriyet Halk Partisi,sovereignty,Egemenlik,security_conflict,1,2,0,2,2.7,1.80009,-0.6666666666666666,negative
2003-06-01,Adalet ve Kalkınma Partisi,european_union,Avrupa Birligi,democratic_reform,1,3,0,1,3.35,1.675,-0.5,negative
2003-06-01,Bağımsız,reform,Reform,democratic_reform,1,1,0,1,1.35,0.675,-0.5,negative
2003-06-01,Bağımsız,sovereignty,Egemenlik,security_conflict,1,1,0,1,1.35,0.675,-0.5,negative
2003-06-01,Adalet ve Kalkınma Partisi,tutelage,Vesayet,constitutional_conflict,1,1,1,2,2.05,0.5125,-0.25,negative
2003-07-01,Cumhuriyet Halk Partisi,security,Guvenlik,security_conflict,25,170,15,103,211.29999999999998,126.62982,-0.7394957983193278,negative
2003-07-01,Cumhuriyet Halk Partisi,economy,Ekonomi,macro_economy,33,152,22,124,203.1,114.90075999999999,-0.6938775510204082,negative
2003-07-01,Adalet ve Kalkınma Partisi,economy,Ekonomi,macro_economy,16,105,7,69,131.6,83.15024,-0.8051948051948052,negative
2003-07-01,Cumhuriyet Halk Partisi,law_state,Hukuk Devleti,democratic_reform,18,97,2,37,110.65,69.56229,-0.875,negative
2003-07-01,Cumhuriyet Halk Partisi,constitution,Anayasa,constitutional_conflict,16,73,5,47,91.2,57.69995,-0.7924528301886793,negative
2003-07-01,Adalet ve Kalkınma Partisi,security,Guvenlik,security_conflict,10,76,9,35,91.4,45.88716,-0.5777777777777777,negative
2003-07-01,Adalet ve Kalkınma Partisi,law_state,Hukuk Devleti,democratic_reform,7,36,3,20,44.05,25.855,-0.7083333333333334,negative
2003-07-01,Cumhuriyet Halk Partisi,interest,Faiz,macro_economy,9,31,1,21,38.7,25.36643,-0.8695652173913043,negative
2003-07-01,Cumhuriyet Halk Partisi,democracy,Demokrasi,democratic_reform,14,31,4,23,40.45,20.86344,-0.6785714285714286,negative
2003-07-01,Cumhuriyet Halk Partisi,imf,IMF,macro_economy,14,24,1,20,31.35,16.868660000000002,-0.8636363636363636,negative
2003-07-01,Adalet ve Kalkınma Partisi,constitution,Anayasa,constitutional_conflict,9,26,2,15,31.95,16.23563,-0.7222222222222222,negative
2003-07-01,Adalet ve Kalkınma Partisi,interest,Faiz,macro_economy,4,15,0,7,17.45,11.24217,-0.875,negative
2003-07-01,Adalet ve Kalkınma Partisi,democracy,Demokrasi,democratic_reform,3,12,0,4,13.399999999999999,7.650189999999999,-0.8,negative
2003-07-01,Anavatan Partisi,law_state,Hukuk Devleti,democratic_reform,2,12,0,3,13.05,6.97509,-0.75,negative
2003-07-01,Cumhuriyet Halk Partisi,inflation,Enflasyon,macro_economy,4,8,0,7,10.45,6.845000000000001,-0.875,negative
2003-07-01,Cumhuriyet Halk Partisi,reform,Reform,democratic_reform,6,8,1,10,11.850000000000001,6.59607,-0.75,negative
2003-07-01,Anavatan Partisi,economy,Ekonomi,macro_economy,1,7,0,2,7.7,5.13359,-0.6666666666666666,negative
2003-07-01,Cumhuriyet Halk Partisi,european_union,Avrupa Birligi,democratic_reform,4,6,0,5,7.75,4.49179,-0.8333333333333334,negative
2003-07-01,Adalet ve Kalkınma Partisi,european_union,Avrupa Birligi,democratic_reform,2,5,0,4,6.4,4.2668800000000005,-0.8,negative
2003-07-01,Bağımsız,economy,Ekonomi,macro_economy,1,2,0,4,3.4,2.72,-0.8,negative
2003-07-01,Adalet ve Kalkınma Partisi,reform,Reform,democratic_reform,2,4,1,3,5.4,1.9375,-0.4,negative
2003-07-01,Adalet ve Kalkınma Partisi,inflation,Enflasyon,macro_economy,2,2,0,2,2.7,1.35,-0.6666666666666666,negative
2003-07-01,Anavatan Partisi,security,Guvenlik,security_conflict,1,1,0,2,1.7,1.13339,-0.6666666666666666,negative
2003-07-01,Cumhuriyet Halk Partisi,tutelage,Vesayet,constitutional_conflict,1,2,1,2,3.05,0.7625,-0.25,negative
2003-10-01,Cumhuriyet Halk Partisi,economy,Ekonomi,macro_economy,12,43,2,46,59.800000000000004,43.277235,-0.8979591836734694,negative
2003-10-01,Adalet ve Kalkınma Partisi,economy,Ekonomi,macro_economy,7,29,5,42,45.45,29.803125,-0.7708333333333334,negative
2003-10-01,Adalet ve Kalkınma Partisi,law_state,Hukuk Devleti,democratic_reform,8,20,1,17,26.3,17.012975,-0.8421052631578947,negative
2003-10-01,Adalet ve Kalkınma Partisi,tutelage,Vesayet,constitutional_conflict,5,16,3,23,25.1,16.637500000000003,-0.7407407407407407,negative
2003-10-01,Adalet ve Kalkınma Partisi,constitution,Anayasa,constitutional_conflict,3,17,0,6,19.1,11.67929,-0.8571428571428571,negative
2003-10-01,Adalet ve Kalkınma Partisi,inflation,Enflasyon,macro_economy,1,12,0,3,13.05,9.787500000000001,-0.75,negative
2003-10-01,Cumhuriyet Halk Partisi,security,Guvenlik,security_conflict,6,14,1,8,17.15,9.179390000000001,-0.7,negative
2003-10-01,Adalet ve Kalkınma Partisi,interest,Faiz,macro_economy,3,9,0,5,10.75,7.137499999999999,-0.8333333333333334,negative
2003-10-01,Cumhuriyet Halk Partisi,interest,Faiz,macro_economy,3,8,0,3,9.05,4.525,-0.75,negative
2003-10-01,Adalet ve Kalkınma Partisi,security,Guvenlik,security_conflict,5,6,1,7,8.8,3.92089,-0.6666666666666666,negative
2003-10-01,Adalet ve Kalkınma Partisi,democracy,Demokrasi,democratic_reform,2,3,0,3,4.050000000000001,2.47509,-0.75,negative
2003-10-01,Cumhuriyet Halk Partisi,democracy,Demokrasi,democratic_reform,2,4,0,2,4.7,2.35,-0.6666666666666666,negative
2003-10-01,Cumhuriyet Halk Partisi,imf,IMF,macro_economy,2,4,0,2,4.7,2.35,-0.6666666666666666,negative
2003-10-01,Adalet ve Kalkınma Partisi,reform,Reform,democratic_reform,2,2,0,4,3.4,2.26678,-0.8,negative
2003-10-01,Cumhuriyet Halk Partisi,tutelage,Vesayet,constitutional_conflict,1,2,0,2,2.7,1.80009,-0.6666666666666666,negative
2003-10-01,Cumhuriyet Halk Partisi,european_union,Avrupa Birligi,democratic_reform,1,3,0,1,3.35,1.675,-0.5,negative
2003-10-01,Cumhuriyet Halk Partisi,constitution,Anayasa,constitutional_conflict,2,2,0,2,2.7,1.35,-0.6666666666666666,negative
2003-10-01,Adalet ve Kalkınma Partisi,european_union,Avrupa Birligi,democratic_reform,1,1,0,1,1.35,0.675,-0.5,negative
2003-11-01,Adalet ve Kalkınma Partisi,security,Guvenlik,security_conflict,12,132,27,91,173.3,76.573535,-0.5378151260504201,negative
2003-11-01,Cumhuriyet Halk Partisi,security,Guvenlik,security_conflict,13,100,22,70,132.2,61.96112,-0.5161290322580645,negative
2003-11-01,Adalet ve Kalkınma Partisi,economy,Ekonomi,macro_economy,11,63,11,44,82.25,44.5715,-0.5892857142857143,negative
2003-11-01,Adalet ve Kalkınma Partisi,law_state,Hukuk Devleti,democratic_reform,8,44,4,32,56.6,37.167465,-0.7567567567567568,negative
2003-11-01,Cumhuriyet Halk Partisi,economy,Ekonomi,macro_economy,13,41,9,45,59.9,33.573325,-0.6545454545454545,negative
2003-11-01,Cumhuriyet Halk Partisi,democracy,Demokrasi,democratic_reform,9,25,2,18,32.0,18.17473,-0.7619047619047619,negative
2003-11-01,Cumhuriyet Halk Partisi,law_state,Hukuk Devleti,democratic_reform,10,27,3,20,35.05,17.438975,-0.7083333333333334,negative
2003-11-01,Anavatan Partisi,security,Guvenlik,security_conflict,3,22,1,7,24.8,13.01679,-0.6666666666666666,negative
2003-11-01,Adalet ve Kalkınma Partisi,reform,Reform,democratic_reform,3,15,4,11,20.25,7.6171050000000005,-0.4375,negative
2003-11-01,Cumhuriyet Halk Partisi,constitution,Anayasa,constitutional_conflict,8,13,1,9,16.5,7.237500000000001,-0.7272727272727273,negative
2003-11-01,Adalet ve Kalkınma Partisi,constitution,Anayasa,constitutional_conflict,2,6,0,4,7.4,5.2124999999999995,-0.8,negative
2003-11-01,Adalet ve Kalkınma Partisi,democracy,Demokrasi,democratic_reform,3,8,1,5,10.1,4.3100000000000005,-0.5714285714285714,negative
2003-11-01,Cumhuriyet Halk Partisi,inflation,Enflasyon,macro_economy,1,2,0,6,4.1,3.5141099999999996,-0.8571428571428571,negative
2003-11-01,Cumhuriyet Halk Partisi,tutelage,Vesayet,constitutional_conflict,1,2,0,4,3.4,2.72,-0.8,negative
2003-11-01,Adalet ve Kalkınma Partisi,interest,Faiz,macro_economy,3,3,0,4,4.4,2.48339,-0.8,negative
2003-11-01,Adalet ve Kalkınma Partisi,european_union,Avrupa Birligi,democratic_reform,1,3,0,2,3.7,2.46679,-0.6666666666666666,negative
2003-11-01,Cumhuriyet Halk Partisi,imf,IMF,macro_economy,2,2,0,3,3.05,1.80839,-0.75,negative
2003-11-01,Anavatan Partisi,interest,Faiz,macro_economy,1,3,0,1,3.35,1.675,-0.5,negative
2003-11-01,Cumhuriyet Halk Partisi,european_union,Avrupa Birligi,democratic_reform,1,1,0,2,1.7,1.13339,-0.6666666666666666,negative
2003-11-01,Cumhuriyet Halk Partisi,sovereignty,Egemenlik,security_conflict,1,1,0,2,1.7,1.13339,-0.6666666666666666,negative
2003-11-01,Cumhuriyet Halk Partisi,interest,Faiz,macro_economy,1,2,1,2,3.05,0.7625,-0.25,negative
2003-11-01,Anavatan Partisi,democracy,Demokrasi,democratic_reform,1,1,0,1,1.35,0.675,-0.5,negative
2003-11-01,Bağımsız,inflation,Enflasyon,macro_economy,1,1,0,1,1.35,0.675,-0.5,negative
2003-11-01,Cumhuriyet Halk Partisi,reform,Reform,democratic_reform,1,1,0,1,1.35,0.675,-0.5,negative
2003-12-01,Adalet ve Kalkınma Partisi,economy,Ekonomi,macro_economy,37,199,42,182,277.4,153.67457,-0.6222222222222222,negative
2003-12-01,Adalet ve Kalkınma Partisi,security,Guvenlik,security_conflict,30,158,22,108,203.5,114.80284,-0.6564885496183206,negative
2003-12-01,Cumhuriyet Halk Partisi,law_state,Hukuk Devleti,democratic_reform,38,162,7,88,195.25,113.45016999999999,-0.84375,negative
2003-12-01,Cumhuriyet Halk Partisi,economy,Ekonomi,macro_economy,30,174,47,146,241.55,104.84067,-0.5103092783505154,negative
2003-12-01,Cumhuriyet Halk Partisi,security,Guvenlik,security_conflict,25,130,19,98,170.95,97.37646000000001,-0.6694915254237288,negative
2003-12-01,Cumhuriyet Halk Partisi,constitution,Anayasa,constitutional_conflict,25,108,1,41,122.7,70.309225,-0.9302325581395349,negative
2003-12-01,Adalet ve Kalkınma Partisi,interest,Faiz,macro_economy,14,89,8,31,102.65,46.89516,-0.575,negative
2003-12-01,Adalet ve Kalkınma Partisi,law_state,Hukuk Devleti,democratic_reform,20,79,9,41,96.5,41.12209,-0.6274509803921569,negative
2003-12-01,Cumhuriyet Halk Partisi,inflation,Enflasyon,macro_economy,4,54,3,16,60.65,35.228919999999995,-0.65,negative
2003-12-01,Cumhuriyet Halk Partisi,democracy,Demokrasi,democratic_reform,14,39,3,23,48.1,25.525635,-0.7407407407407407,negative
2003-12-01,Anavatan Partisi,economy,Ekonomi,macro_economy,5,31,7,32,44.65,25.51902,-0.625,negative
2003-12-01,Cumhuriyet Halk Partisi,imf,IMF,macro_economy,10,27,4,18,34.7,15.57643,-0.6086956521739131,negative
2003-12-01,Cumhuriyet Halk Partisi,reform,Reform,democratic_reform,6,15,0,13,19.55,13.94098,-0.9285714285714286,negative
2003-12-01,Adalet ve Kalkınma Partisi,reform,Reform,democratic_reform,10,19,2,18,26.0,13.71564,-0.7619047619047619,negative
2003-12-01,Cumhuriyet Halk Partisi,tutelage,Vesayet,constitutional_conflict,4,12,1,17,18.3,13.46388,-0.8421052631578947,negative
2003-12-01,Adalet ve Kalkınma Partisi,constitution,Anayasa,constitutional_conflict,3,21,1,7,23.8,11.8725,-0.6666666666666666,negative
2003-12-01,Cumhuriyet Halk Partisi,european_union,Avrupa Birligi,democratic_reform,8,19,2,13,24.25,11.58938,-0.6875,negative
2003-12-01,Adalet ve Kalkınma Partisi,democracy,Demokrasi,democratic_reform,6,17,2,13,22.25,11.489139999999999,-0.6875,negative
2003-12-01,Cumhuriyet Halk Partisi,interest,Faiz,macro_economy,5,20,2,7,23.15,10.3,-0.5,negative
2003-12-01,Anavatan Partisi,security,Guvenlik,security_conflict,4,20,1,7,22.8,9.65,-0.6666666666666666,negative
2003-12-01,Adalet ve Kalkınma Partisi,inflation,Enflasyon,macro_economy,5,16,2,10,20.2,8.414380000000001,-0.6153846153846154,negative
2003-12-01,Anavatan Partisi,imf,IMF,macro_economy,1,9,0,4,10.4,8.32,-0.8,negative
2003-12-01,Bağımsız,security,Guvenlik,security_conflict,4,9,1,10,12.85,7.445,-0.75,negative
2003-12-01,Adalet ve Kalkınma Partisi,tutelage,Vesayet,constitutional_conflict,3,6,0,9,9.15,7.0367,-0.9,negative
2003-12-01,Anavatan Partisi,law_state,Hukuk Devleti,democratic_reform,2,5,0,8,7.800000000000001,5.94375,-0.8888888888888888,negative
2003-12-01,Doğru Yol Partisi,security,Guvenlik,security_conflict,2,11,2,5,13.45,4.7725,-0.375,negative
2003-12-01,Adalet ve Kalkınma Partisi,european_union,Avrupa Birligi,democratic_reform,4,6,0,4,7.4,3.7,-0.8,negative
2003-12-01,Bağımsız,economy,Ekonomi,macro_economy,1,2,0,6,4.1,3.5141099999999996,-0.8571428571428571,negative
2003-12-01,Doğru Yol Partisi,economy,Ekonomi,macro_economy,2,9,3,6,12.15,3.3525600000000004,-0.3,negative
2003-12-01,Anavatan Partisi,european_union,Avrupa Birligi,democratic_reform,1,2,0,1,2.35,1.175,-0.5,negative
2003-12-01,Adalet ve Kalkınma Partisi,imf,IMF,macro_economy,1,1,0,1,1.35,0.675,-0.5,negative
2003-12-01,Bağımsız,european_union,Avrupa Birligi,democratic_reform,1,1,0,1,1.35,0.675,-0.5,negative
2003-12-01,Bağımsız,imf,IMF,macro_economy,1,1,0,1,1.35,0.675,-0.5,negative
2003-12-01,Doğru Yol Partisi,constitution,Anayasa,constitutional_conflict,1,1,0,1,1.35,0.675,-0.5,negative
2003-12-01,Anavatan Partisi,interest,Faiz,macro_economy,1,1,1,2,2.05,0.5125,-0.25,negative
2004-01-01,Adalet ve Kalkınma Partisi,economy,Ekonomi,macro_economy,9,65,12,53,87.75,41.42561,-0.6212121212121212,negative
2004-01-01,Cumhuriyet Halk Partisi,law_state,Hukuk Devleti,democratic_reform,6,41,5,26,51.85,28.95263,-0.65625,negative
2004-01-01,Adalet ve Kalkınma Partisi,security,Guvenlik,security_conflict,10,42,10,32,56.7,23.499879999999997,-0.5116279069767442,negative
2004-01-01,Cumhuriyet Halk Partisi,economy,Ekonomi,macro_economy,8,32,3,22,40.75,19.13326,-0.7307692307692307,negative
2004-01-01,Adalet ve Kalkınma Partisi,inflation,Enflasyon,macro_economy,2,38,6,16,45.7,18.909485000000004,-0.43478260869565216,negative
2004-01-01,Cumhuriyet Halk Partisi,inflation,Enflasyon,macro_economy,2,16,0,5,17.75,12.837690000000002,-0.8333333333333334,negative
2004-01-01,Adalet ve Kalkınma Partisi,imf,IMF,macro_economy,1,21,5,13,27.3,11.49603,-0.42105263157894735,negative
2004-01-01,Adalet ve Kalkınma Partisi,law_state,Hukuk Devleti,democratic_reform,6,17,1,9,20.5,10.47098,-0.7272727272727273,negative
2004-01-01,Cumhuriyet Halk Partisi,imf,IMF,macro_economy,4,9,0,11,12.85,8.90161,-0.9166666666666666,negative
2004-01-01,Cumhuriyet Halk Partisi,security,Guvenlik,security_conflict,8,10,1,14,15.25,8.17089,-0.8125,negative
2004-01-01,Adalet ve Kalkınma Partisi,reform,Reform,democratic_reform,1,6,0,2,6.7,4.46689,-0.6666666666666666,negative
2004-01-01,Cumhuriyet Halk Partisi,democracy,Demokrasi,democratic_reform,2,6,1,5,8.1,4.05,-0.5714285714285714,negative
2004-01-01,Adalet ve Kalkınma Partisi,democracy,Demokrasi,democratic_reform,2,4,0,3,5.050000000000001,2.97509,-0.75,negative
2004-01-01,Adalet ve Kalkınma Partisi,european_union,Avrupa Birligi,democratic_reform,3,4,0,3,5.050000000000001,2.5250000000000004,-0.75,negative
2004-01-01,Cumhuriyet Halk Partisi,european_union,Avrupa Birligi,democratic_reform,1,3,0,1,3.35,1.675,-0.5,negative
2004-01-01,Cumhuriyet Halk Partisi,constitution,Anayasa,constitutional_conflict,2,2,1,3,3.4,1.1875,-0.4,negative
2004-01-01,Cumhuriyet Halk Partisi,interest,Faiz,macro_economy,1,1,0,1,1.35,0.675,-0.5,negative
2004-02-01,Cumhuriyet Halk Partisi,constitution,Anayasa,constitutional_conflict,32,153,3,75,180.3,119.293535,-0.9113924050632911,negative
2004-02-01,Cumhuriyet Halk Partisi,economy,Ekonomi,macro_economy,29,109,17,96,148.55,77.939775,-0.6929824561403509,negative
2004-02-01,Cumhuriyet Halk Partisi,law_state,Hukuk Devleti,democratic_reform,17,84,4,36,98.0,62.146460000000005,-0.7804878048780488,negative
2004-02-01,Adalet ve Kalkınma Partisi,law_state,Hukuk Devleti,democratic_reform,9,40,0,23,48.05,34.45288,-0.9583333333333334,negative
2004-02-01,Cumhuriyet Halk Partisi,security,Guvenlik,security_conflict,20,43,3,43,59.1,34.129335,-0.851063829787234,negative
2004-02-01,Adalet ve Kalkınma Partisi,tutelage,Vesayet,constitutional_conflict,8,24,0,39,37.65,31.51516,-0.975,negative
2004-02-01,Cumhuriyet Halk Partisi,tutelage,Vesayet,constitutional_conflict,10,23,3,31,34.9,22.758875,-0.8,negative
2004-02-01,Cumhuriyet Halk Partisi,reform,Reform,democratic_reform,12,28,1,23,36.4,22.41561,-0.88,negative
2004-02-01,Adalet ve Kalkınma Partisi,economy,Ekonomi,macro_economy,9,34,3,20,42.05,20.68278,-0.7083333333333334,negative
2004-02-01,Adalet ve Kalkınma Partisi,constitution,Anayasa,constitutional_conflict,5,20,0,18,26.3,18.61332,-0.9473684210526315,negative
2004-02-01,Adalet ve Kalkınma Partisi,security,Guvenlik,security_conflict,9,14,3,20,22.05,11.67253,-0.7083333333333334,negative
2004-02-01,Cumhuriyet Halk Partisi,democracy,Demokrasi,democratic_reform,8,13,0,11,16.85,10.10867,-0.9166666666666666,negative
2004-02-01,Anavatan Partisi,law_state,Hukuk Devleti,democratic_reform,2,12,0,7,14.45,9.76041,-0.875,negative
2004-02-01,Anavatan Partisi,constitution,Anayasa,constitutional_conflict,1,6,0,9,9.15,8.235000000000001,-0.9,negative
2004-02-01,Cumhuriyet Halk Partisi,imf,IMF,macro_economy,8,10,0,11,13.850000000000001,8.13759,-0.9166666666666666,negative
2004-02-01,Adalet ve Kalkınma Partisi,reform,Reform,democratic_reform,5,10,0,6,12.100000000000001,6.33339,-0.8571428571428571,negative
2004-02-01,Bağımsız,law_state,Hukuk Devleti,democratic_reform,2,7,0,4,8.4,5.4624999999999995,-0.8,negative
2004-02-01,Bağımsız,security,Guvenlik,security_conflict,3,4,0,5,5.75,3.60848,-0.8333333333333334,negative
2004-02-01,Adalet ve Kalkınma Partisi,democracy,Demokrasi,democratic_reform,3,5,1,5,7.1,3.07089,-0.5714285714285714,negative
2004-02-01,Bağımsız,democracy,Demokrasi,democratic_reform,1,9,1,2,10.05,2.5125,-0.25,negative
2004-02-01,Cumhuriyet Halk Partisi,european_union,Avrupa Birligi,democratic_reform,1,3,1,3,4.4,1.7600000000000002,-0.4,negative
2004-02-01,Bağımsız,constitution,Anayasa,constitutional_conflict,1,1,0,3,2.05,1.5374999999999999,-0.75,negative
2004-02-01,Anavatan Partisi,reform,Reform,democratic_reform,1,2,0,1,2.35,1.175,-0.5,negative
2004-02-01,Anavatan Partisi,economy,Ekonomi,macro_economy,1,1,0,2,1.7,1.13339,-0.6666666666666666,negative
2004-02-01,Anavatan Partisi,security,Guvenlik,security_conflict,1,1,0,2,1.7,1.13339,-0.6666666666666666,negative
2004-02-01,Anavatan Partisi,imf,IMF,macro_economy,1,1,0,1,1.35,0.675,-0.5,negative
2004-02-01,Bağımsız,imf,IMF,macro_economy,1,1,0,1,1.35,0.675,-0.5,negative
2004-02-01,Bağımsız,tutelage,Vesayet,constitutional_conflict,1,1,0,1,1.35,0.675,-0.5,negative
2004-02-01,Cumhuriyet Halk Partisi,sovereignty,Egemenlik,security_conflict,1,1,0,1,1.35,0.675,-0.5,negative
2004-02-01,Cumhuriyet Halk Partisi,inflation,Enflasyon,macro_economy,1,1,1,2,2.05,0.5125,-0.25,negative
2004-03-01,Cumhuriyet Halk Partisi,security,Guvenlik,security_conflict,3,19,1,7,21.8,13.100090000000002,-0.6666666666666666,negative
2004-03-01,Adalet ve Kalkınma Partisi,economy,Ekonomi,macro_economy,3,10,0,17,15.95,13.06442,-0.9444444444444444,negative
2004-03-01,Cumhuriyet Halk Partisi,economy,Ekonomi,macro_economy,3,11,0,9,14.149999999999999,10.751,-0.9,negative
2004-03-01,Adalet ve Kalkınma Partisi,security,Guvenlik,security_conflict,3,13,1,6,15.450000000000001,7.768490000000001,-0.625,negative
2004-03-01,Cumhuriyet Halk Partisi,law_state,Hukuk Devleti,democratic_reform,3,6,1,5,8.100000000000001,3.6100000000000003,-0.5714285714285714,negative
2004-03-01,Anavatan Partisi,economy,Ekonomi,macro_economy,1,4,1,4,5.75,2.875,-0.5,negative
2004-03-01,Cumhuriyet Halk Partisi,democracy,Demokrasi,democratic_reform,2,4,0,2,4.7,2.35,-0.6666666666666666,negative
2004-03-01,Cumhuriyet Halk Partisi,interest,Faiz,macro_economy,1,3,0,1,3.35,1.675,-0.5,negative
2004-03-01,Cumhuriyet Halk Partisi,constitution,Anayasa,constitutional_conflict,2,2,0,2,2.7,1.35,-0.6666666666666666,negative
2004-03-01,Adalet ve Kalkınma Partisi,constitution,Anayasa,constitutional_conflict,1,2,0,1,2.35,1.175,-0.5,negative
2004-03-01,Adalet ve Kalkınma Partisi,european_union,Avrupa Birligi,democratic_reform,1,1,0,1,1.35,0.675,-0.5,negative
2004-03-01,Anavatan Partisi,security,Guvenlik,security_conflict,1,1,1,2,2.05,0.5125,-0.25,negative
2004-04-01,Cumhuriyet Halk Partisi,economy,Ekonomi,macro_economy,10,55,8,66,80.9,51.641189999999995,-0.7733333333333333,negative
2004-04-01,Adalet ve Kalkınma Partisi,economy,Ekonomi,macro_economy,10,62,7,38,77.75,40.73415,-0.6739130434782609,negative
2004-04-01,Cumhuriyet Halk Partisi,law_state,Hukuk Devleti,democratic_reform,9,46,0,21,53.35,39.976355000000005,-0.9545454545454546,negative
2004-04-01,Adalet ve Kalkınma Partisi,security,Guvenlik,security_conflict,10,21,3,24,30.45,16.783569999999997,-0.75,negative
2004-04-01,Cumhuriyet Halk Partisi,security,Guvenlik,security_conflict,11,16,3,24,25.45,13.91517,-0.75,negative
2004-04-01,Adalet ve Kalkınma Partisi,constitution,Anayasa,constitutional_conflict,1,11,0,2,11.7,7.800389999999999,-0.6666666666666666,negative
2004-04-01,Adalet ve Kalkınma Partisi,law_state,Hukuk Devleti,democratic_reform,4,9,0,7,11.45,7.77089,-0.875,negative
2004-04-01,Adalet ve Kalkınma Partisi,european_union,Avrupa Birligi,democratic_reform,2,6,0,5,7.75,5.504289999999999,-0.8333333333333334,negative
2004-04-01,Adalet ve Kalkınma Partisi,democracy,Demokrasi,democratic_reform,3,5,0,6,7.1000000000000005,4.870000000000001,-0.8571428571428571,negative
2004-04-01,Anavatan Partisi,economy,Ekonomi,macro_economy,1,6,0,2,6.7,4.46689,-0.6666666666666666,negative
2004-04-01,Cumhuriyet Halk Partisi,european_union,Avrupa Birligi,democratic_reform,2,6,0,3,7.050000000000001,4.30849,-0.75,negative
2004-04-01,Cumhuriyet Halk Partisi,constitution,Anayasa,constitutional_conflict,2,3,0,7,5.449999999999999,4.2575,-0.875,negative
2004-04-01,Anavatan Partisi,democracy,Demokrasi,democratic_reform,1,4,0,1,4.35,2.175,-0.5,negative
2004-04-01,Adalet ve Kalkınma Partisi,inflation,Enflasyon,macro_economy,2,2,0,3,3.05,1.80839,-0.75,negative
2004-04-01,Doğru Yol Partisi,european_union,Avrupa Birligi,democratic_reform,1,3,2,4,5.1,1.4570699999999999,-0.2857142857142857,negative
2004-04-01,Adalet ve Kalkınma Partisi,tutelage,Vesayet,constitutional_conflict,2,3,1,3,4.4,1.4375,-0.4,negative
2004-04-01,Cumhuriyet Halk Partisi,tutelage,Vesayet,constitutional_conflict,1,2,1,3,3.4,1.36,-0.4,negative
2004-04-01,Cumhuriyet Halk Partisi,democracy,Demokrasi,democratic_reform,1,2,0,1,2.35,1.175,-0.5,negative
2004-04-01,Anavatan Partisi,security,Guvenlik,security_conflict,1,1,0,2,1.7,1.13339,-0.6666666666666666,negative
2004-04-01,Adalet ve Kalkınma Partisi,interest,Faiz,macro_economy,1,1,0,1,1.35,0.675,-0.5,negative
2004-04-01,Adalet ve Kalkınma Partisi,reform,Reform,democratic_reform,1,1,0,1,1.35,0.675,-0.5,negative
2004-04-01,Anavatan Partisi,inflation,Enflasyon,macro_economy,1,1,0,1,1.35,0.675,-0.5,negative
2004-04-01,Anavatan Partisi,reform,Reform,democratic_reform,1,1,0,1,1.35,0.675,-0.5,negative
2004-04-01,Cumhuriyet Halk Partisi,imf,IMF,macro_economy,1,1,0,1,1.35,0.675,-0.5,negative
2004-04-01,Cumhuriyet Halk Partisi,reform,Reform,democratic_reform,1,1,0,1,1.35,0.675,-0.5,negative
2004-04-01,Adalet ve Kalkınma Partisi,sovereignty,Egemenlik,security_conflict,1,1,1,2,2.05,0.5125,-0.25,negative
2004-05-01,Cumhuriyet Halk Partisi,law_state,Hukuk Devleti,democratic_reform,18,83,8,47,102.25,53.48092,-0.6964285714285714,negative
2004-05-01,Cumhuriyet Halk Partisi,constitution,Anayasa,constitutional_conflict,17,76,3,31,87.9,48.16986,-0.8,negative
2004-05-01,Cumhuriyet Halk Partisi,economy,Ekonomi,macro_economy,15,45,3,34,57.949999999999996,31.91154,-0.8157894736842105,negative
2004-05-01,Cumhuriyet Halk Partisi,democracy,Demokrasi,democratic_reform,13,35,1,26,44.45,25.14876,-0.8928571428571429,negative
2004-05-01,Cumhuriyet Halk Partisi,security,Guvenlik,security_conflict,12,31,6,27,42.550000000000004,20.427210000000002,-0.6176470588235294,negative
2004-05-01,Adalet ve Kalkınma Partisi,law_state,Hukuk Devleti,democratic_reform,13,30,3,22,38.75,16.8275,-0.7307692307692307,negative
2004-05-01,Adalet ve Kalkınma Partisi,economy,Ekonomi,macro_economy,6,21,1,14,26.25,16.06188,-0.8125,negative
2004-05-01,Adalet ve Kalkınma Partisi,constitution,Anayasa,constitutional_conflict,4,27,0,4,28.400000000000002,14.200000000000001,-0.8,negative
2004-05-01,Adalet ve Kalkınma Partisi,security,Guvenlik,security_conflict,6,11,0,6,13.100000000000001,6.550000000000001,-0.8571428571428571,negative
2004-05-01,Cumhuriyet Halk Partisi,european_union,Avrupa Birligi,democratic_reform,3,6,0,5,7.75,4.387499999999999,-0.8333333333333334,negative
2004-05-01,Cumhuriyet Halk Partisi,reform,Reform,democratic_reform,2,6,2,7,9.15,4.335,-0.5,negative
2004-05-01,Adalet ve Kalkınma Partisi,european_union,Avrupa Birligi,democratic_reform,2,7,0,2,7.699999999999999,3.8499999999999996,-0.6666666666666666,negative
2004-05-01,Adalet ve Kalkınma Partisi,interest,Faiz,macro_economy,2,7,0,2,7.699999999999999,3.8499999999999996,-0.6666666666666666,negative
2004-05-01,Adalet ve Kalkınma Partisi,reform,Reform,democratic_reform,2,7,0,2,7.699999999999999,3.8499999999999996,-0.6666666666666666,negative
2004-05-01,Adalet ve Kalkınma Partisi,democracy,Demokrasi,democratic_reform,3,4,0,5,5.75,3.60848,-0.8333333333333334,negative
2004-05-01,Cumhuriyet Halk Partisi,interest,Faiz,macro_economy,3,4,0,3,5.050000000000001,2.5250000000000004,-0.75,negative
2004-05-01,Anavatan Partisi,democracy,Demokrasi,democratic_reform,1,2,0,1,2.35,1.175,-0.5,negative
2004-05-01,Cumhuriyet Halk Partisi,imf,IMF,macro_economy,1,1,0,2,1.7,1.13339,-0.6666666666666666,negative
2004-05-01,Cumhuriyet Halk Partisi,sovereignty,Egemenlik,security_conflict,1,1,0,1,1.35,0.675,-0.5,negative
2004-05-01,Cumhuriyet Halk Partisi,tutelage,Vesayet,constitutional_conflict,1,1,0,1,1.35,0.675,-0.5,negative
2004-05-01,Doğru Yol Partisi,democracy,Demokrasi,democratic_reform,1,1,0,1,1.35,0.675,-0.5,negative
2004-06-01,Cumhuriyet Halk Partisi,law_state,Hukuk Devleti,democratic_reform,31,159,14,95,197.15,112.725545,-0.7363636363636363,negative
2004-06-01,Cumhuriyet Halk Partisi,constitution,Anayasa,constitutional_conflict,22,112,8,55,134.05,72.98067499999999,-0.734375,negative
2004-06-01,Cumhuriyet Halk Partisi,economy,Ekonomi,macro_economy,25,79,9,72,107.35000000000001,65.482495,-0.7682926829268293,negative
2004-06-01,Adalet ve Kalkınma Partisi,law_state,Hukuk Devleti,democratic_reform,13,57,1,24,65.75,41.716745,-0.8846153846153846,negative
2004-06-01,Adalet ve Kalkınma Partisi,economy,Ekonomi,macro_economy,9,44,8,41,61.15,36.22073,-0.66,negative
2004-06-01,Adalet ve Kalkınma Partisi,security,Guvenlik,security_conflict,11,60,5,33,73.3,35.14788,-0.717948717948718,negative
2004-06-01,Cumhuriyet Halk Partisi,security,Guvenlik,security_conflict,13,45,7,34,59.35,26.740470000000002,-0.6428571428571429,negative
2004-06-01,Cumhuriyet Halk Partisi,imf,IMF,macro_economy,9,28,4,28,39.2,23.79494,-0.7272727272727273,negative
2004-06-01,Cumhuriyet Halk Partisi,democracy,Demokrasi,democratic_reform,9,30,6,25,40.85,19.69542,-0.59375,negative
2004-06-01,Cumhuriyet Halk Partisi,interest,Faiz,macro_economy,7,25,1,14,30.25,19.47839,-0.8125,negative
2004-06-01,Cumhuriyet Halk Partisi,tutelage,Vesayet,constitutional_conflict,4,7,0,10,10.5,7.400055,-0.9090909090909091,negative
2004-06-01,Adalet ve Kalkınma Partisi,constitution,Anayasa,constitutional_conflict,4,17,2,7,20.15,7.26767,-0.5,negative
2004-06-01,Doğru Yol Partisi,law_state,Hukuk Devleti,democratic_reform,1,6,0,2,6.7,4.46689,-0.6666666666666666,negative
2004-06-01,Cumhuriyet Halk Partisi,european_union,Avrupa Birligi,democratic_reform,5,6,0,5,7.75,3.875,-0.8333333333333334,negative
2004-06-01,Cumhuriyet Halk Partisi,sovereignty,Egemenlik,security_conflict,2,5,0,3,6.050000000000001,3.80849,-0.75,negative
2004-06-01,Adalet ve Kalkınma Partisi,european_union,Avrupa Birligi,democratic_reform,2,5,0,3,6.050000000000001,3.47509,-0.75,negative
2004-06-01,Adalet ve Kalkınma Partisi,inflation,Enflasyon,macro_economy,1,5,0,1,5.35,2.675,-0.5,negative
2004-06-01,Cumhuriyet Halk Partisi,inflation,Enflasyon,macro_economy,2,3,0,3,4.050000000000001,2.47509,-0.75,negative
2004-06-01,Adalet ve Kalkınma Partisi,interest,Faiz,macro_economy,1,4,0,1,4.35,2.175,-0.5,negative
2004-06-01,Anavatan Partisi,law_state,Hukuk Devleti,democratic_reform,1,5,1,2,6.05,1.5125,-0.25,negative
2004-06-01,Adalet ve Kalkınma Partisi,democracy,Demokrasi,democratic_reform,1,2,0,1,2.35,1.175,-0.5,negative
2004-06-01,Anavatan Partisi,imf,IMF,macro_economy,1,2,0,1,2.35,1.175,-0.5,negative
2004-06-01,Adalet ve Kalkınma Partisi,imf,IMF,macro_economy,1,1,0,1,1.35,0.675,-0.5,negative
2004-06-01,Adalet ve Kalkınma Partisi,reform,Reform,democratic_reform,1,1,0,1,1.35,0.675,-0.5,negative
2004-06-01,Anavatan Partisi,democracy,Demokrasi,democratic_reform,1,1,0,1,1.35,0.675,-0.5,negative
2004-06-01,Cumhuriyet Halk Partisi,reform,Reform,democratic_reform,1,1,0,1,1.35,0.675,-0.5,negative
2004-06-01,Doğru Yol Partisi,tutelage,Vesayet,constitutional_conflict,1,1,0,1,1.35,0.675,-0.5,negative
2004-07-01,Cumhuriyet Halk Partisi,law_state,Hukuk Devleti,democratic_reform,30,171,8,78,201.1,111.177225,-0.8045977011494253,negative
2004-07-01,Cumhuriyet Halk Partisi,economy,Ekonomi,macro_economy,32,129,30,127,183.95,97.892525,-0.6139240506329114,negative
2004-07-01,Cumhuriyet Halk Partisi,constitution,Anayasa,constitutional_conflict,19,85,2,47,102.15,62.91911,-0.9,negative
2004-07-01,Cumhuriyet Halk Partisi,security,Guvenlik,security_conflict,19,56,7,47,74.9,42.77242,-0.7272727272727273,negative
2004-07-01,Adalet ve Kalkınma Partisi,security,Guvenlik,security_conflict,8,30,2,42,45.4,34.68178,-0.8888888888888888,negative
2004-07-01,Cumhuriyet Halk Partisi,democracy,Demokrasi,democratic_reform,13,56,2,22,64.39999999999999,33.34937,-0.8,negative
2004-07-01,Cumhuriyet Halk Partisi,tutelage,Vesayet,constitutional_conflict,16,32,1,41,46.7,32.855045000000004,-0.9302325581395349,negative
2004-07-01,Doğru Yol Partisi,tutelage,Vesayet,constitutional_conflict,9,28,1,37,41.3,31.950875,-0.9230769230769231,negative
2004-07-01,Cumhuriyet Halk Partisi,reform,Reform,democratic_reform,11,30,0,17,35.95,22.53806,-0.9444444444444444,negative
2004-07-01,Adalet ve Kalkınma Partisi,economy,Ekonomi,macro_economy,6,25,5,26,35.85,20.66825,-0.65625,negative
2004-07-01,Doğru Yol Partisi,constitution,Anayasa,constitutional_conflict,3,20,0,10,23.5,18.145,-0.9090909090909091,negative
2004-07-01,Anavatan Partisi,security,Guvenlik,security_conflict,2,19,5,20,27.75,15.244674999999999,-0.5769230769230769,negative
2004-07-01,Adalet ve Kalkınma Partisi,law_state,Hukuk Devleti,democratic_reform,6,15,1,12,19.55,10.69928,-0.7857142857142857,negative
2004-07-01,Anavatan Partisi,economy,Ekonomi,macro_economy,2,8,2,15,13.95,9.555265,-0.7222222222222222,negative
2004-07-01,Adalet ve Kalkınma Partisi,constitution,Anayasa,constitutional_conflict,2,7,0,8,9.8,7.840000000000002,-0.8888888888888888,negative
2004-07-01,Adalet ve Kalkınma Partisi,tutelage,Vesayet,constitutional_conflict,4,6,0,11,9.85,7.194875000000001,-0.9166666666666666,negative
2004-07-01,Cumhuriyet Halk Partisi,interest,Faiz,macro_economy,4,9,0,5,10.75,6.1584900000000005,-0.8333333333333334,negative
2004-07-01,Adalet ve Kalkınma Partisi,european_union,Avrupa Birligi,democratic_reform,4,8,1,7,10.8,5.8999999999999995,-0.6666666666666666,negative
2004-07-01,Anavatan Partisi,law_state,Hukuk Devleti,democratic_reform,1,3,0,6,5.1,4.37121,-0.8571428571428571,negative
2004-07-01,Cumhuriyet Halk Partisi,imf,IMF,macro_economy,4,5,0,6,7.1,4.28348,-0.8571428571428571,negative
2004-07-01,Doğru Yol Partisi,security,Guvenlik,security_conflict,1,8,0,1,8.35,4.175,-0.5,negative
2004-07-01,Doğru Yol Partisi,democracy,Demokrasi,democratic_reform,3,6,1,5,8.1,3.48759,-0.5714285714285714,negative
2004-07-01,Adalet ve Kalkınma Partisi,interest,Faiz,macro_economy,1,4,0,2,4.7,3.13349,-0.6666666666666666,negative
2004-07-01,Anavatan Partisi,tutelage,Vesayet,constitutional_conflict,1,2,0,5,3.75,3.1248750000000003,-0.8333333333333334,negative
2004-07-01,Doğru Yol Partisi,law_state,Hukuk Devleti,democratic_reform,1,3,0,3,4.05,3.0374999999999996,-0.75,negative
2004-07-01,Anavatan Partisi,constitution,Anayasa,constitutional_conflict,1,2,0,4,3.4,2.72,-0.8,negative
2004-07-01,Cumhuriyet Halk Partisi,european_union,Avrupa Birligi,democratic_reform,2,4,0,2,4.7,2.35,-0.6666666666666666,negative
2004-07-01,Cumhuriyet Halk Partisi,inflation,Enflasyon,macro_economy,2,2,0,3,3.05,1.80839,-0.75,negative
2004-07-01,Adalet ve Kalkınma Partisi,imf,IMF,macro_economy,1,3,0,1,3.35,1.675,-0.5,negative
2004-07-01,Adalet ve Kalkınma Partisi,reform,Reform,democratic_reform,1,2,0,1,2.35,1.175,-0.5,negative
2004-07-01,Doğru Yol Partisi,european_union,Avrupa Birligi,democratic_reform,1,2,0,1,2.35,1.175,-0.5,negative
2004-07-01,Anavatan Partisi,imf,IMF,macro_economy,1,1,0,1,1.35,0.675,-0.5,negative
2004-07-01,Doğru Yol Partisi,economy,Ekonomi,macro_economy,1,1,0,1,1.35,0.675,-0.5,negative
2004-07-01,Doğru Yol Partisi,reform,Reform,democratic_reform,1,1,0,1,1.35,0.675,-0.5,negative
2004-08-01,Cumhuriyet Halk Partisi,law_state,Hukuk Devleti,democratic_reform,1,3,0,2,3.7,2.46679,-0.6666666666666666,negative
2004-08-01,Adalet ve Kalkınma Partisi,law_state,Hukuk Devleti,democratic_reform,1,2,0,1,2.35,1.175,-0.5,negative
2004-08-01,Cumhuriyet Halk Partisi,democracy,Demokrasi,democratic_reform,1,1,0,1,1.35,0.675,-0.5,negative
2004-09-01,Cumhuriyet Halk Partisi,law_state,Hukuk Devleti,democratic_reform,15,115,10,48,135.3,70.98985,-0.6440677966101694,negative
2004-09-01,Adalet ve Kalkınma Partisi,law_state,Hukuk Devleti,democratic_reform,6,45,1,16,50.949999999999996,32.60125,-0.8333333333333334,negative
2004-09-01,Doğru Yol Partisi,economy,Ekonomi,macro_economy,3,14,0,13,18.55,14.968580000000001,-0.9285714285714286,negative
2004-09-01,Cumhuriyet Halk Partisi,economy,Ekonomi,macro_economy,5,13,1,16,18.95,13.628265,-0.8333333333333334,negative
2004-09-01,Cumhuriyet Halk Partisi,security,Guvenlik,security_conflict,7,16,3,14,21.95,9.47848,-0.6111111111111112,negative
2004-09-01,Cumhuriyet Halk Partisi,constitution,Anayasa,constitutional_conflict,4,17,2,7,20.15,7.69627,-0.5,negative
2004-09-01,Doğru Yol Partisi,imf,IMF,macro_economy,1,4,0,7,6.45,5.64375,-0.875,negative
2004-09-01,Adalet ve Kalkınma Partisi,constitution,Anayasa,constitutional_conflict,3,6,0,5,7.75,4.94188,-0.8333333333333334,negative
2004-09-01,Doğru Yol Partisi,european_union,Avrupa Birligi,democratic_reform,1,6,0,2,6.7,4.46689,-0.6666666666666666,negative
2004-09-01,Adalet ve Kalkınma Partisi,economy,Ekonomi,macro_economy,1,2,0,8,4.8,4.26672,-0.8888888888888888,negative
2004-09-01,Cumhuriyet Halk Partisi,democracy,Demokrasi,democratic_reform,3,6,0,4,7.4,4.1500900000000005,-0.8,negative
2004-09-01,Adalet ve Kalkınma Partisi,security,Guvenlik,security_conflict,2,4,0,5,5.75,3.8950000000000005,-0.8333333333333334,negative
2004-09-01,Cumhuriyet Halk Partisi,european_union,Avrupa Birligi,democratic_reform,2,3,0,3,4.050000000000001,2.47509,-0.75,negative
2004-09-01,Doğru Yol Partisi,democracy,Demokrasi,democratic_reform,2,5,1,3,6.4,1.9375,-0.4,negative
2004-09-01,Doğru Yol Partisi,reform,Reform,democratic_reform,1,3,0,1,3.35,1.675,-0.5,negative
2004-09-01,Adalet ve Kalkınma Partisi,reform,Reform,democratic_reform,1,1,0,1,1.35,0.675,-0.5,negative
2004-09-01,Anavatan Partisi,law_state,Hukuk Devleti,democratic_reform,1,1,0,1,1.35,0.675,-0.5,negative
2004-09-01,Cumhuriyet Halk Partisi,sovereignty,Egemenlik,security_conflict,1,1,0,1,1.35,0.675,-0.5,negative
2004-09-01,Cumhuriyet Halk Partisi,tutelage,Vesayet,constitutional_conflict,1,1,0,1,1.35,0.675,-0.5,negative
2004-10-01,Adalet ve Kalkınma Partisi,security,Guvenlik,security_conflict,5,9,0,6,11.100000000000001,6.50019,-0.8571428571428571,negative
2004-10-01,Adalet ve Kalkınma Partisi,democracy,Demokrasi,democratic_reform,3,9,0,3,10.05,5.025,-0.75,negative
2004-10-01,Cumhuriyet Halk Partisi,economy,Ekonomi,macro_economy,3,5,1,6,7.449999999999999,3.2249999999999996,-0.625,negative
2004-10-01,Adalet ve Kalkınma Partisi,law_state,Hukuk Devleti,democratic_reform,3,5,0,3,6.050000000000001,3.0250000000000004,-0.75,negative
2004-10-01,Adalet ve Kalkınma Partisi,economy,Ekonomi,macro_economy,1,3,0,2,3.7,2.46679,-0.6666666666666666,negative
2004-10-01,Cumhuriyet Halk Partisi,law_state,Hukuk Devleti,democratic_reform,1,3,0,2,3.7,2.46679,-0.6666666666666666,negative
2004-10-01,Anavatan Partisi,economy,Ekonomi,macro_economy,1,6,2,4,8.1,2.31417,-0.2857142857142857,negative
2004-10-01,Adalet ve Kalkınma Partisi,constitution,Anayasa,constitutional_conflict,1,4,0,1,4.35,2.175,-0.5,negative
2004-10-01,Cumhuriyet Halk Partisi,security,Guvenlik,security_conflict,1,3,0,1,3.35,1.675,-0.5,negative
2004-10-01,Adalet ve Kalkınma Partisi,reform,Reform,democratic_reform,1,3,1,2,4.05,1.0125,-0.25,negative
2004-10-01,Doğru Yol Partisi,security,Guvenlik,security_conflict,1,1,0,1,1.35,0.675,-0.5,negative
2004-11-01,Cumhuriyet Halk Partisi,economy,Ekonomi,macro_economy,14,56,9,48,75.95,40.99309,-0.6724137931034483,negative
2004-11-01,Cumhuriyet Halk Partisi,security,Guvenlik,security_conflict,13,44,6,39,59.75,35.133750000000006,-0.717391304347826,negative
2004-11-01,Cumhuriyet Halk Partisi,law_state,Hukuk Devleti,democratic_reform,10,45,7,34,59.35,31.851499999999998,-0.6428571428571429,negative
2004-11-01,Adalet ve Kalkınma Partisi,security,Guvenlik,security_conflict,16,34,5,31,46.6,23.51089,-0.7027027027027027,negative
2004-11-01,Adalet ve Kalkınma Partisi,economy,Ekonomi,macro_economy,7,39,15,34,56.15,18.604979999999998,-0.38,negative
2004-11-01,Adalet ve Kalkınma Partisi,law_state,Hukuk Devleti,democratic_reform,7,22,1,12,26.55,12.5375,-0.7857142857142857,negative
2004-11-01,Cumhuriyet Halk Partisi,constitution,Anayasa,constitutional_conflict,2,15,1,4,16.75,7.535,-0.5,negative
2004-11-01,Cumhuriyet Halk Partisi,european_union,Avrupa Birligi,democratic_reform,5,8,0,5,9.75,4.875,-0.8333333333333334,negative
2004-11-01,Cumhuriyet Halk Partisi,interest,Faiz,macro_economy,2,5,0,3,6.050000000000001,3.80849,-0.75,negative
2004-11-01,Adalet ve Kalkınma Partisi,democracy,Demokrasi,democratic_reform,3,6,0,3,7.050000000000001,3.5250000000000004,-0.75,negative
2004-11-01,Adalet ve Kalkınma Partisi,european_union,Avrupa Birligi,democratic_reform,3,4,1,6,6.449999999999999,3.4749999999999996,-0.625,negative
2004-11-01,Adalet ve Kalkınma Partisi,constitution,Anayasa,constitutional_conflict,2,7,1,4,8.75,3.31259,-0.5,negative
2004-11-01,Cumhuriyet Halk Partisi,democracy,Demokrasi,democratic_reform,4,7,1,5,9.1,3.2875,-0.5714285714285714,negative
2004-11-01,Adalet ve Kalkınma Partisi,sovereignty,Egemenlik,security_conflict,1,3,0,2,3.7,2.46679,-0.6666666666666666,negative
2004-11-01,Cumhuriyet Halk Partisi,inflation,Enflasyon,macro_economy,2,4,0,2,4.7,2.35,-0.6666666666666666,negative
2004-11-01,Bağımsız,law_state,Hukuk Devleti,democratic_reform,1,2,0,1,2.35,1.175,-0.5,negative
2004-11-01,Adalet ve Kalkınma Partisi,reform,Reform,democratic_reform,1,2,1,2,3.05,0.7625,-0.25,negative
2004-11-01,Cumhuriyet Halk Partisi,imf,IMF,macro_economy,1,1,0,1,1.35,0.675,-0.5,negative
2004-11-01,Doğru Yol Partisi,democracy,Demokrasi,democratic_reform,1,1,0,1,1.35,0.675,-0.5,negative
2004-11-01,Doğru Yol Partisi,economy,Ekonomi,macro_economy,1,1,1,2,2.05,0.5125,-0.25,negative
2004-12-01,Cumhuriyet Halk Partisi,law_state,Hukuk Devleti,democratic_reform,29,188,23,94,228.95,109.83854,-0.6016949152542372,negative
2004-12-01,Cumhuriyet Halk Partisi,economy,Ekonomi,macro_economy,40,135,15,116,180.85,100.907635,-0.7651515151515151,negative
2004-12-01,Cumhuriyet Halk Partisi,constitution,Anayasa,constitutional_conflict,18,104,3,49,122.2,75.76489000000001,-0.8679245283018868,negative
2004-12-01,Cumhuriyet Halk Partisi,security,Guvenlik,security_conflict,24,103,25,98,146.05,75.005195,-0.5887096774193549,negative
2004-12-01,Adalet ve Kalkınma Partisi,law_state,Hukuk Devleti,democratic_reform,17,93,6,41,109.45,69.73404500000001,-0.7291666666666666,negative
2004-12-01,Adalet ve Kalkınma Partisi,economy,Ekonomi,macro_economy,24,92,12,69,120.35000000000001,63.024359999999994,-0.6951219512195121,negative
2004-12-01,Adalet ve Kalkınma Partisi,security,Guvenlik,security_conflict,16,48,6,46,66.2,37.57096,-0.7547169811320755,negative
2004-12-01,Cumhuriyet Halk Partisi,imf,IMF,macro_economy,9,41,2,25,50.45,30.88881,-0.8214285714285714,negative
2004-12-01,Cumhuriyet Halk Partisi,european_union,Avrupa Birligi,democratic_reform,20,43,7,40,59.45,29.74179,-0.6875,negative
2004-12-01,Anavatan Partisi,economy,Ekonomi,macro_economy,4,35,8,33,49.349999999999994,27.4575,-0.5952380952380952,negative
2004-12-01,Cumhuriyet Halk Partisi,interest,Faiz,macro_economy,10,43,2,18,50.0,26.67877,-0.7619047619047619,negative
2004-12-01,Cumhuriyet Halk Partisi,democracy,Demokrasi,democratic_reform,12,41,4,24,50.8,26.20815,-0.6896551724137931,negative
2004-12-01,Adalet ve Kalkınma Partisi,interest,Faiz,macro_economy,8,31,3,23,40.1,23.86463,-0.7407407407407407,negative
2004-12-01,Adalet ve Kalkınma Partisi,european_union,Avrupa Birligi,democratic_reform,9,39,1,14,44.25,22.33547,-0.8125,negative
2004-12-01,Cumhuriyet Halk Partisi,inflation,Enflasyon,macro_economy,5,18,1,15,23.6,15.52633,-0.8235294117647058,negative
2004-12-01,Adalet ve Kalkınma Partisi,constitution,Anayasa,constitutional_conflict,10,20,4,22,29.1,14.7916,-0.6666666666666666,negative
2004-12-01,Adalet ve Kalkınma Partisi,inflation,Enflasyon,macro_economy,5,21,1,10,24.85,14.58119,-0.75,negative
2004-12-01,Cumhuriyet Halk Partisi,reform,Reform,democratic_reform,5,15,0,8,17.799999999999997,11.417169999999999,-0.8888888888888888,negative
2004-12-01,Adalet ve Kalkınma Partisi,reform,Reform,democratic_reform,3,11,2,7,14.149999999999999,5.50589,-0.5,negative
2004-12-01,Anavatan Partisi,imf,IMF,macro_economy,1,6,0,3,7.05,5.2875,-0.75,negative
2004-12-01,Anavatan Partisi,inflation,Enflasyon,macro_economy,2,7,1,5,9.1,4.55,-0.5714285714285714,negative
2004-12-01,Adalet ve Kalkınma Partisi,imf,IMF,macro_economy,3,8,1,4,9.75,4.1125,-0.5,negative
2004-12-01,Cumhuriyet Halk Partisi,tutelage,Vesayet,constitutional_conflict,3,4,0,6,6.1,4.07,-0.8571428571428571,negative
2004-12-01,Doğru Yol Partisi,imf,IMF,macro_economy,1,2,0,3,3.05,2.2874999999999996,-0.75,negative
2004-12-01,Bağımsız,security,Guvenlik,security_conflict,1,2,0,2,2.7,1.80009,-0.6666666666666666,negative
2004-12-01,Doğru Yol Partisi,democracy,Demokrasi,democratic_reform,1,2,0,2,2.7,1.80009,-0.6666666666666666,negative
2004-12-01,Anavatan Partisi,security,Guvenlik,security_conflict,1,2,1,3,3.4,1.36,-0.4,negative
2004-12-01,Adalet ve Kalkınma Partisi,democracy,Demokrasi,democratic_reform,1,1,0,2,1.7,1.13339,-0.6666666666666666,negative
2004-12-01,Anavatan Partisi,european_union,Avrupa Birligi,democratic_reform,1,3,1,2,4.05,1.0125,-0.25,negative
2004-12-01,Adalet ve Kalkınma Partisi,sovereignty,Egemenlik,security_conflict,1,1,0,1,1.35,0.675,-0.5,negative
2004-12-01,Cumhuriyet Halk Partisi,sovereignty,Egemenlik,security_conflict,1,1,0,1,1.35,0.675,-0.5,negative
2004-12-01,Doğru Yol Partisi,economy,Ekonomi,macro_economy,1,1,0,1,1.35,0.675,-0.5,negative
2004-12-01,Doğru Yol Partisi,european_union,Avrupa Birligi,democratic_reform,1,1,0,1,1.35,0.675,-0.5,negative
2004-12-01,Anavatan Partisi,interest,Faiz,macro_economy,1,1,1,2,2.05,0.5125,-0.25,negative
2005-01-01,Cumhuriyet Halk Partisi,constitution,Anayasa,constitutional_conflict,13,69,0,23,77.05,48.80611999999999,-0.9583333333333334,negative
2005-01-01,Cumhuriyet Halk Partisi,law_state,Hukuk Devleti,democratic_reform,14,47,1,46,63.45,47.989155,-0.9375,negative
2005-01-01,Adalet ve Kalkınma Partisi,economy,Ekonomi,macro_economy,9,32,3,36,45.65,30.238970000000002,-0.825,negative
2005-01-01,Cumhuriyet Halk Partisi,economy,Ekonomi,macro_economy,8,27,1,23,35.4,22.92634,-0.88,negative
2005-01-01,Cumhuriyet Halk Partisi,security,Guvenlik,security_conflict,15,32,0,18,38.3,21.66717,-0.9473684210526315,negative
2005-01-01,Adalet ve Kalkınma Partisi,constitution,Anayasa,constitutional_conflict,4,25,0,9,28.15,17.46679,-0.9,negative
2005-01-01,Cumhuriyet Halk Partisi,imf,IMF,macro_economy,5,12,0,9,15.15,10.100000000000001,-0.9,negative
2005-01-01,Cumhuriyet Halk Partisi,democracy,Demokrasi,democratic_reform,6,11,1,13,15.9,9.0184,-0.8,negative
2005-01-01,Adalet ve Kalkınma Partisi,security,Guvenlik,security_conflict,6,13,1,8,16.15,8.01259,-0.7,negative
2005-01-01,Adalet ve Kalkınma Partisi,law_state,Hukuk Devleti,democratic_reform,5,10,0,7,12.45,6.791779999999999,-0.875,negative
2005-01-01,Cumhuriyet Halk Partisi,reform,Reform,democratic_reform,4,10,0,5,11.75,6.6584900000000005,-0.8333333333333334,negative
2005-01-01,Cumhuriyet Halk Partisi,interest,Faiz,macro_economy,4,10,1,8,13.149999999999999,6.60839,-0.7,negative
2005-01-01,Doğru Yol Partisi,security,Guvenlik,security_conflict,2,5,0,5,6.75,4.695,-0.8333333333333334,negative
2005-01-01,Adalet ve Kalkınma Partisi,inflation,Enflasyon,macro_economy,1,3,0,5,4.75,3.958175,-0.8333333333333334,negative
2005-01-01,Adalet ve Kalkınma Partisi,reform,Reform,democratic_reform,2,4,0,2,4.7,2.35,-0.6666666666666666,negative
2005-01-01,Adalet ve Kalkınma Partisi,imf,IMF,macro_economy,1,3,0,1,3.35,1.675,-0.5,negative
2005-01-01,Doğru Yol Partisi,constitution,Anayasa,constitutional_conflict,1,3,0,1,3.35,1.675,-0.5,negative
2005-01-01,Adalet ve Kalkınma Partisi,interest,Faiz,macro_economy,2,2,0,2,2.7,1.35,-0.6666666666666666,negative
2005-01-01,Doğru Yol Partisi,reform,Reform,democratic_reform,1,1,0,2,1.7,1.13339,-0.6666666666666666,negative
2005-01-01,Bağımsız,security,Guvenlik,security_conflict,1,2,1,2,3.05,0.7625,-0.25,negative
2005-01-01,Adalet ve Kalkınma Partisi,democracy,Demokrasi,democratic_reform,1,1,0,1,1.35,0.675,-0.5,negative
2005-01-01,Adalet ve Kalkınma Partisi,tutelage,Vesayet,constitutional_conflict,1,1,0,1,1.35,0.675,-0.5,negative
2005-01-01,Anavatan Partisi,constitution,Anayasa,constitutional_conflict,1,1,0,1,1.35,0.675,-0.5,negative
2005-01-01,Anavatan Partisi,law_state,Hukuk Devleti,democratic_reform,1,1,0,1,1.35,0.675,-0.5,negative
2005-01-01,Cumhuriyet Halk Partisi,european_union,Avrupa Birligi,democratic_reform,1,1,0,1,1.35,0.675,-0.5,negative
2005-01-01,Cumhuriyet Halk Partisi,inflation,Enflasyon,macro_economy,1,1,0,1,1.35,0.675,-0.5,negative
2005-01-01,Cumhuriyet Halk Partisi,tutelage,Vesayet,constitutional_conflict,1,1,0,1,1.35,0.675,-0.5,negative
2005-02-01,Cumhuriyet Halk Partisi,constitution,Anayasa,constitutional_conflict,15,95,3,42,110.75,68.51922,-0.8478260869565217,negative
2005-02-01,Adalet ve Kalkınma Partisi,economy,Ekonomi,macro_economy,12,59,5,57,80.7,54.17959,-0.8253968253968254,negative
2005-02-01,Cumhuriyet Halk Partisi,economy,Ekonomi,macro_economy,15,46,6,52,66.3,41.91582,-0.7796610169491526,negative
2005-02-01,Adalet ve Kalkınma Partisi,tutelage,Vesayet,constitutional_conflict,9,44,16,61,70.95,37.74355,-0.5769230769230769,negative
2005-02-01,Cumhuriyet Halk Partisi,tutelage,Vesayet,constitutional_conflict,9,32,3,38,46.35,33.754545,-0.8333333333333334,negative
2005-02-01,Cumhuriyet Halk Partisi,law_state,Hukuk Devleti,democratic_reform,13,48,5,31,60.6,29.56697,-0.7027027027027027,negative
2005-02-01,Adalet ve Kalkınma Partisi,constitution,Anayasa,constitutional_conflict,8,34,0,17,39.95,27.12097,-0.9444444444444444,negative
2005-02-01,Adalet ve Kalkınma Partisi,law_state,Hukuk Devleti,democratic_reform,11,28,1,20,35.35,20.68348,-0.8636363636363636,negative
2005-02-01,Cumhuriyet Halk Partisi,security,Guvenlik,security_conflict,11,23,7,30,35.95,17.57753,-0.6052631578947368,negative
2005-02-01,Cumhuriyet Halk Partisi,interest,Faiz,macro_economy,5,14,0,11,17.85,12.603975,-0.9166666666666666,negative
2005-02-01,Adalet ve Kalkınma Partisi,security,Guvenlik,security_conflict,4,13,0,11,16.85,12.303965,-0.9166666666666666,negative
2005-02-01,Cumhuriyet Halk Partisi,democracy,Demokrasi,democratic_reform,2,8,1,10,11.85,8.08435,-0.75,negative
2005-02-01,Cumhuriyet Halk Partisi,imf,IMF,macro_economy,5,8,0,9,11.15,7.07098,-0.9,negative
2005-02-01,Cumhuriyet Halk Partisi,european_union,Avrupa Birligi,democratic_reform,5,13,1,7,15.8,6.0875900000000005,-0.6666666666666666,negative
2005-02-01,Adalet ve Kalkınma Partisi,reform,Reform,democratic_reform,5,6,0,6,8.1,4.33339,-0.8571428571428571,negative
2005-02-01,Anavatan Partisi,european_union,Avrupa Birligi,democratic_reform,1,7,0,1,7.35,3.675,-0.5,negative
2005-02-01,Anavatan Partisi,law_state,Hukuk Devleti,democratic_reform,1,4,0,2,4.7,3.13349,-0.6666666666666666,negative
2005-02-01,Adalet ve Kalkınma Partisi,interest,Faiz,macro_economy,1,3,0,3,4.05,3.0374999999999996,-0.75,negative
2005-02-01,Adalet ve Kalkınma Partisi,democracy,Demokrasi,democratic_reform,2,2,0,3,3.05,1.80839,-0.75,negative
2005-02-01,Doğru Yol Partisi,economy,Ekonomi,macro_economy,1,2,0,2,2.7,1.80009,-0.6666666666666666,negative
2005-02-01,Anavatan Partisi,security,Guvenlik,security_conflict,1,4,1,2,5.05,1.2625,-0.25,negative
2005-02-01,Bağımsız,security,Guvenlik,security_conflict,1,2,0,1,2.35,1.175,-0.5,negative
2005-02-01,Cumhuriyet Halk Partisi,inflation,Enflasyon,macro_economy,1,2,0,1,2.35,1.175,-0.5,negative
2005-02-01,Cumhuriyet Halk Partisi,reform,Reform,democratic_reform,1,2,0,1,2.35,1.175,-0.5,negative
2005-02-01,Doğru Yol Partisi,law_state,Hukuk Devleti,democratic_reform,1,1,0,2,1.7,1.13339,-0.6666666666666666,negative
2005-02-01,Adalet ve Kalkınma Partisi,european_union,Avrupa Birligi,democratic_reform,1,1,0,1,1.35,0.675,-0.5,negative
2005-02-01,Anavatan Partisi,reform,Reform,democratic_reform,1,1,0,1,1.35,0.675,-0.5,negative
2005-03-01,Adalet ve Kalkınma Partisi,economy,Ekonomi,macro_economy,20,124,17,115,170.2,102.37442,-0.7368421052631579,negative
2005-03-01,Adalet ve Kalkınma Partisi,law_state,Hukuk Devleti,democratic_reform,23,139,6,52,159.3,96.739345,-0.7796610169491526,negative
2005-03-01,Cumhuriyet Halk Partisi,law_state,Hukuk Devleti,democratic_reform,28,108,5,55,129.0,73.05542,-0.819672131147541,negative
2005-03-01,Cumhuriyet Halk Partisi,economy,Ekonomi,macro_economy,22,96,17,72,127.15,67.169555,-0.6111111111111112,negative
2005-03-01,Anavatan Partisi,economy,Ekonomi,macro_economy,5,69,2,27,79.15,56.24962000000001,-0.8333333333333334,negative
2005-03-01,Cumhuriyet Halk Partisi,security,Guvenlik,security_conflict,21,39,1,59,60.0,41.92826,-0.9508196721311475,negative
2005-03-01,Cumhuriyet Halk Partisi,constitution,Anayasa,constitutional_conflict,14,52,0,19,58.65,34.93777,-0.95,negative
2005-03-01,Adalet ve Kalkınma Partisi,security,Guvenlik,security_conflict,14,29,3,38,43.35,28.33503,-0.8333333333333334,negative
2005-03-01,Adalet ve Kalkınma Partisi,interest,Faiz,macro_economy,5,39,0,8,41.8,26.25107,-0.8888888888888888,negative
2005-03-01,Adalet ve Kalkınma Partisi,constitution,Anayasa,constitutional_conflict,9,56,3,14,61.95,22.20016,-0.6111111111111112,negative
2005-03-01,Adalet ve Kalkınma Partisi,democracy,Demokrasi,democratic_reform,8,27,0,14,31.900000000000002,21.9827,-0.9333333333333333,negative
2005-03-01,Cumhuriyet Halk Partisi,interest,Faiz,macro_economy,7,24,0,8,26.8,14.01679,-0.8888888888888888,negative
2005-03-01,Cumhuriyet Halk Partisi,imf,IMF,macro_economy,6,15,0,12,19.2,12.565890000000001,-0.9230769230769231,negative
2005-03-01,Cumhuriyet Halk Partisi,democracy,Demokrasi,democratic_reform,9,17,1,14,22.25,11.88259,-0.8125,negative
2005-03-01,Doğru Yol Partisi,economy,Ekonomi,macro_economy,5,11,2,12,15.9,9.06745,-0.6666666666666666,negative
2005-03-01,Cumhuriyet Halk Partisi,reform,Reform,democratic_reform,4,10,1,7,12.8,6.4,-0.6666666666666666,negative
2005-03-01,Cumhuriyet Halk Partisi,european_union,Avrupa Birligi,democratic_reform,5,7,3,12,12.25,5.46178,-0.5625,negative
2005-03-01,Adalet ve Kalkınma Partisi,reform,Reform,democratic_reform,3,6,0,4,7.4,4.31679,-0.8,negative
2005-03-01,Adalet ve Kalkınma Partisi,european_union,Avrupa Birligi,democratic_reform,4,4,0,7,6.45,3.9450000000000003,-0.875,negative
2005-03-01,Cumhuriyet Halk Partisi,inflation,Enflasyon,macro_economy,3,5,0,4,6.4,3.81679,-0.8,negative
2005-03-01,Anavatan Partisi,imf,IMF,macro_economy,1,3,0,2,3.7,2.46679,-0.6666666666666666,negative
2005-03-01,Doğru Yol Partisi,law_state,Hukuk Devleti,democratic_reform,1,4,0,1,4.35,2.175,-0.5,negative
2005-03-01,Bağımsız,european_union,Avrupa Birligi,democratic_reform,1,2,0,2,2.7,1.80009,-0.6666666666666666,negative
2005-03-01,Doğru Yol Partisi,democracy,Demokrasi,democratic_reform,1,2,0,2,2.7,1.80009,-0.6666666666666666,negative
2005-03-01,Anavatan Partisi,inflation,Enflasyon,macro_economy,1,2,0,1,2.35,1.175,-0.5,negative
2005-03-01,Adalet ve Kalkınma Partisi,imf,IMF,macro_economy,1,1,0,1,1.35,0.675,-0.5,negative
2005-03-01,Adalet ve Kalkınma Partisi,inflation,Enflasyon,macro_economy,1,1,1,2,2.05,0.5125,-0.25,negative
2005-04-01,Cumhuriyet Halk Partisi,law_state,Hukuk Devleti,democratic_reform,32,148,4,84,178.79999999999998,121.482335,-0.898876404494382,negative
2005-04-01,Cumhuriyet Halk Partisi,economy,Ekonomi,macro_economy,22,99,11,79,130.5,80.537115,-0.7472527472527473,negative
2005-04-01,Cumhuriyet Halk Partisi,constitution,Anayasa,constitutional_conflict,14,72,4,27,82.85,44.90125,-0.71875,negative
2005-04-01,Adalet ve Kalkınma Partisi,security,Guvenlik,security_conflict,9,49,5,38,64.05,43.631589999999996,-0.75,negative
2005-04-01,Adalet ve Kalkınma Partisi,law_state,Hukuk Devleti,democratic_reform,17,45,1,35,57.6,36.37139,-0.918918918918919,negative
2005-04-01,Cumhuriyet Halk Partisi,interest,Faiz,macro_economy,6,32,2,17,38.65,24.57875,-0.75,negative
2005-04-01,Adalet ve Kalkınma Partisi,constitution,Anayasa,constitutional_conflict,6,30,0,9,33.15,19.925669999999997,-0.9,negative
2005-04-01,Adalet ve Kalkınma Partisi,economy,Ekonomi,macro_economy,6,21,3,16,27.650000000000002,15.445649999999999,-0.65,negative
2005-04-01,Cumhuriyet Halk Partisi,european_union,Avrupa Birligi,democratic_reform,6,14,1,17,20.3,14.064699999999998,-0.8421052631578947,negative
2005-04-01,Cumhuriyet Halk Partisi,security,Guvenlik,security_conflict,8,22,2,19,29.35,13.988389999999999,-0.7727272727272727,negative
2005-04-01,Cumhuriyet Halk Partisi,democracy,Demokrasi,democratic_reform,10,18,1,15,23.6,13.07697,-0.8235294117647058,negative
2005-04-01,Doğru Yol Partisi,economy,Ekonomi,macro_economy,5,11,0,15,16.25,12.06875,-0.9375,negative
2005-04-01,Doğru Yol Partisi,law_state,Hukuk Devleti,democratic_reform,3,18,2,8,21.5,10.09392,-0.5454545454545454,negative
2005-04-01,Cumhuriyet Halk Partisi,imf,IMF,macro_economy,6,10,0,10,13.5,8.74598,-0.9090909090909091,negative
2005-04-01,Adalet ve Kalkınma Partisi,interest,Faiz,macro_economy,4,10,0,7,12.45,7.93759,-0.875,negative
2005-04-01,Adalet ve Kalkınma Partisi,democracy,Demokrasi,democratic_reform,6,10,1,9,13.5,6.59339,-0.7272727272727273,negative
2005-04-01,Adalet ve Kalkınma Partisi,inflation,Enflasyon,macro_economy,3,6,0,6,8.1,5.07,-0.8571428571428571,negative
2005-04-01,Cumhuriyet Halk Partisi,reform,Reform,democratic_reform,4,7,0,5,8.75,4.65839,-0.8333333333333334,negative
2005-04-01,Cumhuriyet Halk Partisi,inflation,Enflasyon,macro_economy,1,17,1,2,18.05,4.5125,-0.25,negative
2005-04-01,Bağımsız,economy,Ekonomi,macro_economy,1,8,0,1,8.35,4.175,-0.5,negative
2005-04-01,Anavatan Partisi,security,Guvenlik,security_conflict,2,4,0,4,5.4,3.7124999999999995,-0.8,negative
2005-04-01,Doğru Yol Partisi,constitution,Anayasa,constitutional_conflict,2,3,0,5,4.75,3.3950000000000005,-0.8333333333333334,negative
2005-04-01,Adalet ve Kalkınma Partisi,european_union,Avrupa Birligi,democratic_reform,3,4,0,4,5.4,2.98339,-0.8,negative
2005-04-01,Anavatan Partisi,law_state,Hukuk Devleti,democratic_reform,1,3,0,1,3.35,1.675,-0.5,negative
2005-04-01,Adalet ve Kalkınma Partisi,tutelage,Vesayet,constitutional_conflict,1,1,0,1,1.35,0.675,-0.5,negative
2005-04-01,Anavatan Partisi,democracy,Demokrasi,democratic_reform,1,1,0,1,1.35,0.675,-0.5,negative
2005-05-01,Cumhuriyet Halk Partisi,law_state,Hukuk Devleti,democratic_reform,42,276,16,110,320.1,172.17455999999999,-0.7401574803149606,negative
2005-05-01,Cumhuriyet Halk Partisi,economy,Ekonomi,macro_economy,28,123,10,72,151.7,86.38218499999999,-0.7469879518072289,negative
2005-05-01,Adalet ve Kalkınma Partisi,constitution,Anayasa,constitutional_conflict,10,62,0,33,73.55,59.28604,-0.9705882352941176,negative
2005-05-01,Adalet ve Kalkınma Partisi,law_state,Hukuk Devleti,democratic_reform,16,68,2,32,79.9,46.89147,-0.8571428571428571,negative
2005-05-01,Cumhuriyet Halk Partisi,democracy,Demokrasi,democratic_reform,12,58,7,29,70.6,34.61653,-0.5945945945945946,negative
2005-05-01,Cumhuriyet Halk Partisi,security,Guvenlik,security_conflict,13,36,6,37,51.050000000000004,30.127305000000003,-0.7045454545454546,negative
2005-05-01,Cumhuriyet Halk Partisi,constitution,Anayasa,constitutional_conflict,13,45,1,19,52.0,29.40505,-0.8571428571428571,negative
2005-05-01,Anavatan Partisi,economy,Ekonomi,macro_economy,3,19,4,24,28.799999999999997,18.07702,-0.6896551724137931,negative
2005-05-01,Adalet ve Kalkınma Partisi,economy,Ekonomi,macro_economy,6,23,9,24,34.55,14.64368,-0.4411764705882353,negative
2005-05-01,Cumhuriyet Halk Partisi,imf,IMF,macro_economy,4,15,1,9,18.5,10.98368,-0.7272727272727273,negative
2005-05-01,Adalet ve Kalkınma Partisi,democracy,Demokrasi,democratic_reform,5,20,1,7,22.8,10.360000000000001,-0.6666666666666666,negative
2005-05-01,Cumhuriyet Halk Partisi,european_union,Avrupa Birligi,democratic_reform,4,8,2,11,12.549999999999999,6.48253,-0.6428571428571429,negative
2005-05-01,Adalet ve Kalkınma Partisi,security,Guvenlik,security_conflict,4,7,0,7,9.450000000000001,6.07527,-0.875,negative
2005-05-01,Adalet ve Kalkınma Partisi,european_union,Avrupa Birligi,democratic_reform,4,7,0,7,9.45,5.52089,-0.875,negative
2005-05-01,Doğru Yol Partisi,economy,Ekonomi,macro_economy,3,9,0,3,10.05,5.025,-0.75,negative
2005-05-01,Bağımsız,economy,Ekonomi,macro_economy,2,5,0,5,6.75,4.83759,-0.8333333333333334,negative
2005-05-01,Adalet ve Kalkınma Partisi,imf,IMF,macro_economy,3,5,0,4,6.4,3.65009,-0.8,negative
2005-05-01,Anavatan Partisi,security,Guvenlik,security_conflict,2,2,0,7,4.45,3.3320100000000004,-0.875,negative
2005-05-01,Cumhuriyet Halk Partisi,tutelage,Vesayet,constitutional_conflict,1,2,0,4,3.4,2.72,-0.8,negative
2005-05-01,Cumhuriyet Halk Partisi,reform,Reform,democratic_reform,3,3,0,3,4.050000000000001,2.0250000000000004,-0.75,negative
2005-05-01,Doğru Yol Partisi,law_state,Hukuk Devleti,democratic_reform,1,2,0,2,2.7,1.80009,-0.6666666666666666,negative
2005-05-01,Anavatan Partisi,inflation,Enflasyon,macro_economy,1,1,0,3,2.05,1.5374999999999999,-0.75,negative
2005-05-01,Adalet ve Kalkınma Partisi,interest,Faiz,macro_economy,2,2,0,2,2.7,1.35,-0.6666666666666666,negative
2005-05-01,Adalet ve Kalkınma Partisi,reform,Reform,democratic_reform,2,2,0,2,2.7,1.35,-0.6666666666666666,negative
2005-05-01,Adalet ve Kalkınma Partisi,inflation,Enflasyon,macro_economy,1,1,0,2,1.7,1.13339,-0.6666666666666666,negative
2005-05-01,Cumhuriyet Halk Partisi,interest,Faiz,macro_economy,1,1,0,2,1.7,1.13339,-0.6666666666666666,negative
2005-05-01,Cumhuriyet Halk Partisi,sovereignty,Egemenlik,security_conflict,1,1,0,1,1.35,0.675,-0.5,negative
2005-06-01,Cumhuriyet Halk Partisi,law_state,Hukuk Devleti,democratic_reform,44,405,54,212,498.1,252.39594499999998,-0.5917602996254682,negative
2005-06-01,Cumhuriyet Halk Partisi,economy,Ekonomi,macro_economy,38,177,31,165,245.6,135.75907,-0.6802030456852792,negative
2005-06-01,Cumhuriyet Halk Partisi,constitution,Anayasa,constitutional_conflict,28,119,7,70,145.95,81.755475,-0.8076923076923077,negative
2005-06-01,Adalet ve Kalkınma Partisi,law_state,Hukuk Devleti,democratic_reform,18,85,8,65,110.55,67.963465,-0.7702702702702703,negative
2005-06-01,Adalet ve Kalkınma Partisi,security,Guvenlik,security_conflict,21,49,1,38,62.65,39.01234,-0.925,negative
2005-06-01,Cumhuriyet Halk Partisi,security,Guvenlik,security_conflict,22,35,4,48,53.2,30.98437,-0.8301886792452831,negative
2005-06-01,Cumhuriyet Halk Partisi,democracy,Demokrasi,democratic_reform,14,44,1,22,52.05,30.27575,-0.875,negative
2005-06-01,Adalet ve Kalkınma Partisi,constitution,Anayasa,constitutional_conflict,9,34,0,13,38.55,22.40896,-0.9285714285714286,negative
2005-06-01,Adalet ve Kalkınma Partisi,economy,Ekonomi,macro_economy,13,29,2,23,37.75,22.08545,-0.8076923076923077,negative
2005-06-01,Cumhuriyet Halk Partisi,imf,IMF,macro_economy,11,27,1,19,34.0,20.420180000000002,-0.8571428571428571,negative
2005-06-01,Cumhuriyet Halk Partisi,european_union,Avrupa Birligi,democratic_reform,10,34,6,20,43.1,16.48063,-0.5185185185185185,negative
2005-06-01,Bağımsız,economy,Ekonomi,macro_economy,4,19,11,35,35.1,16.43567,-0.5106382978723404,negative
2005-06-01,Adalet ve Kalkınma Partisi,democracy,Demokrasi,democratic_reform,7,11,1,14,16.25,9.454279999999999,-0.8125,negative
2005-06-01,Cumhuriyet Halk Partisi,tutelage,Vesayet,constitutional_conflict,4,7,0,13,11.549999999999999,8.822284999999999,-0.9285714285714286,negative
2005-06-01,Cumhuriyet Halk Partisi,reform,Reform,democratic_reform,6,12,1,10,15.850000000000001,8.48518,-0.75,negative
2005-06-01,Cumhuriyet Halk Partisi,interest,Faiz,macro_economy,3,9,0,4,10.4,5.65009,-0.8,negative
2005-06-01,Doğru Yol Partisi,interest,Faiz,macro_economy,1,6,0,2,6.7,4.46689,-0.6666666666666666,negative
2005-06-01,Bağımsız,security,Guvenlik,security_conflict,2,5,0,6,7.1,4.466575,-0.8571428571428571,negative
2005-06-01,Adalet ve Kalkınma Partisi,tutelage,Vesayet,constitutional_conflict,2,4,0,4,5.4,3.7124999999999995,-0.8,negative
2005-06-01,Adalet ve Kalkınma Partisi,european_union,Avrupa Birligi,democratic_reform,1,6,2,5,8.45,3.1687499999999997,-0.375,negative
2005-06-01,Doğru Yol Partisi,law_state,Hukuk Devleti,democratic_reform,1,4,0,1,4.35,2.175,-0.5,negative
2005-06-01,Doğru Yol Partisi,european_union,Avrupa Birligi,democratic_reform,1,3,0,1,3.35,1.675,-0.5,negative
2005-06-01,Doğru Yol Partisi,security,Guvenlik,security_conflict,1,1,0,3,2.05,1.5374999999999999,-0.75,negative
2005-06-01,Adalet ve Kalkınma Partisi,reform,Reform,democratic_reform,2,3,1,3,4.4,1.4375,-0.4,negative
2005-06-01,Cumhuriyet Halk Partisi,sovereignty,Egemenlik,security_conflict,2,2,0,2,2.7,1.35,-0.6666666666666666,negative
2005-06-01,Bağımsız,reform,Reform,democratic_reform,1,2,0,1,2.35,1.175,-0.5,negative
2005-06-01,Adalet ve Kalkınma Partisi,interest,Faiz,macro_economy,1,1,0,1,1.35,0.675,-0.5,negative
2005-06-01,Bağımsız,democracy,Demokrasi,democratic_reform,1,1,0,1,1.35,0.675,-0.5,negative
2005-06-01,Cumhuriyet Halk Partisi,inflation,Enflasyon,macro_economy,1,1,0,1,1.35,0.675,-0.5,negative
2005-06-01,Doğru Yol Partisi,economy,Ekonomi,macro_economy,1,1,0,1,1.35,0.675,-0.5,negative
2005-06-01,Doğru Yol Partisi,tutelage,Vesayet,constitutional_conflict,1,1,0,1,1.35,0.675,-0.5,negative
2005-07-01,Adalet ve Kalkınma Partisi,economy,Ekonomi,macro_economy,7,28,3,30,39.55,24.8913,-0.7941176470588235,negative
2005-07-01,Adalet ve Kalkınma Partisi,security,Guvenlik,security_conflict,3,12,2,15,17.95,11.74222,-0.7222222222222222,negative
2005-07-01,Adalet ve Kalkınma Partisi,law_state,Hukuk Devleti,democratic_reform,5,15,1,9,18.5,9.77688,-0.7272727272727273,negative
2005-07-01,Cumhuriyet Halk Partisi,interest,Faiz,macro_economy,1,16,0,1,16.35,8.175,-0.5,negative
2005-07-01,Adalet ve Kalkınma Partisi,tutelage,Vesayet,constitutional_conflict,3,8,2,8,11.5,5.34295,-0.5454545454545454,negative
2005-07-01,Adalet ve Kalkınma Partisi,european_union,Avrupa Birligi,democratic_reform,3,8,1,4,9.75,4.1125,-0.5,negative
2005-07-01,Adalet ve Kalkınma Partisi,democracy,Demokrasi,democratic_reform,2,8,3,7,11.5,3.7884700000000002,-0.36363636363636365,negative
2005-07-01,Doğru Yol Partisi,economy,Ekonomi,macro_economy,1,3,0,4,4.4,3.5200000000000005,-0.8,negative
2005-07-01,Cumhuriyet Halk Partisi,economy,Ekonomi,macro_economy,1,3,2,5,5.45,2.04375,-0.375,negative
2005-07-01,Cumhuriyet Halk Partisi,security,Guvenlik,security_conflict,1,1,0,2,1.7,1.13339,-0.6666666666666666,negative
2005-07-01,Cumhuriyet Halk Partisi,constitution,Anayasa,constitutional_conflict,1,1,0,1,1.35,0.675,-0.5,negative
2005-07-01,Cumhuriyet Halk Partisi,imf,IMF,macro_economy,1,1,0,1,1.35,0.675,-0.5,negative
2005-09-01,Adalet ve Kalkınma Partisi,security,Guvenlik,security_conflict,9,36,3,78,64.35,53.3225,-0.9146341463414634,negative
2005-09-01,Cumhuriyet Halk Partisi,security,Guvenlik,security_conflict,4,66,15,44,86.65,40.98847,-0.48333333333333334,negative
2005-09-01,Cumhuriyet Halk Partisi,democracy,Demokrasi,democratic_reform,4,15,0,10,18.5,13.05377,-0.9090909090909091,negative
2005-09-01,Cumhuriyet Halk Partisi,european_union,Avrupa Birligi,democratic_reform,1,4,0,5,5.75,4.791475,-0.8333333333333334,negative
2005-09-01,Adalet ve Kalkınma Partisi,democracy,Demokrasi,democratic_reform,2,3,0,7,5.449999999999999,4.1891099999999994,-0.875,negative
2005-09-01,Adalet ve Kalkınma Partisi,law_state,Hukuk Devleti,democratic_reform,2,7,0,2,7.699999999999999,3.8499999999999996,-0.6666666666666666,negative
2005-09-01,Cumhuriyet Halk Partisi,constitution,Anayasa,constitutional_conflict,1,5,0,2,5.7,3.8001899999999997,-0.6666666666666666,negative
2005-09-01,Cumhuriyet Halk Partisi,law_state,Hukuk Devleti,democratic_reform,2,5,0,2,5.7,2.85,-0.6666666666666666,negative
2005-09-01,Adalet ve Kalkınma Partisi,reform,Reform,democratic_reform,1,2,0,1,2.35,1.175,-0.5,negative
2005-09-01,Doğru Yol Partisi,economy,Ekonomi,macro_economy,1,2,0,1,2.35,1.175,-0.5,negative
2005-09-01,Adalet ve Kalkınma Partisi,economy,Ekonomi,macro_economy,1,1,0,1,1.35,0.675,-0.5,negative
2005-09-01,Cumhuriyet Halk Partisi,economy,Ekonomi,macro_economy,1,1,0,1,1.35,0.675,-0.5,negative
2005-10-01,Cumhuriyet Halk Partisi,economy,Ekonomi,macro_economy,15,59,5,58,81.05,55.99684,-0.828125,negative
2005-10-01,Cumhuriyet Halk Partisi,law_state,Hukuk Devleti,democratic_reform,14,49,2,28,59.5,32.63354,-0.8387096774193549,negative
2005-10-01,Cumhuriyet Halk Partisi,constitution,Anayasa,constitutional_conflict,10,40,1,19,47.0,30.50825,-0.8571428571428571,negative
2005-10-01,Adalet ve Kalkınma Partisi,economy,Ekonomi,macro_economy,9,27,7,39,43.1,27.422325,-0.6808510638297872,negative
2005-10-01,Adalet ve Kalkınma Partisi,law_state,Hukuk Devleti,democratic_reform,9,26,0,21,33.35,22.53828,-0.9545454545454546,negative
2005-10-01,Doğru Yol Partisi,constitution,Anayasa,constitutional_conflict,6,29,2,12,33.9,17.24421,-0.6666666666666666,negative
2005-10-01,Cumhuriyet Halk Partisi,security,Guvenlik,security_conflict,6,13,0,15,18.25,12.570844999999998,-0.9375,negative
2005-10-01,Doğru Yol Partisi,inflation,Enflasyon,macro_economy,2,14,0,5,15.75,11.420990000000002,-0.8333333333333334,negative
2005-10-01,Cumhuriyet Halk Partisi,european_union,Avrupa Birligi,democratic_reform,6,16,1,9,19.5,10.25,-0.7272727272727273,negative
2005-10-01,Adalet ve Kalkınma Partisi,constitution,Anayasa,constitutional_conflict,5,12,1,10,15.850000000000001,10.15848,-0.75,negative
2005-10-01,Doğru Yol Partisi,economy,Ekonomi,macro_economy,3,12,0,7,14.45,10.09519,-0.875,negative
2005-10-01,Adalet ve Kalkınma Partisi,interest,Faiz,macro_economy,4,12,0,7,14.450000000000001,9.85429,-0.875,negative
2005-10-01,Anavatan Partisi,economy,Ekonomi,macro_economy,4,12,3,12,17.25,8.9415,-0.5625,negative
2005-10-01,Doğru Yol Partisi,interest,Faiz,macro_economy,1,7,0,3,8.05,6.0375000000000005,-0.75,negative
2005-10-01,Adalet ve Kalkınma Partisi,security,Guvenlik,security_conflict,5,11,5,12,16.950000000000003,5.460865,-0.3888888888888889,negative
2005-10-01,Adalet ve Kalkınma Partisi,european_union,Avrupa Birligi,democratic_reform,4,7,0,5,8.75,4.65839,-0.8333333333333334,negative
2005-10-01,Bağımsız,economy,Ekonomi,macro_economy,1,4,2,8,7.5,4.09125,-0.5454545454545454,negative
2005-10-01,Adalet ve Kalkınma Partisi,imf,IMF,macro_economy,1,3,0,5,4.75,3.958175,-0.8333333333333334,negative
2005-10-01,Anavatan Partisi,interest,Faiz,macro_economy,2,3,0,3,4.05,2.30839,-0.75,negative
2005-10-01,Cumhuriyet Halk Partisi,reform,Reform,democratic_reform,2,2,0,4,3.4,2.26678,-0.8,negative
2005-10-01,Cumhuriyet Halk Partisi,tutelage,Vesayet,constitutional_conflict,2,2,0,4,3.4,2.2125,-0.8,negative
2005-10-01,Anavatan Partisi,constitution,Anayasa,constitutional_conflict,1,2,0,2,2.7,1.80009,-0.6666666666666666,negative
2005-10-01,Anavatan Partisi,imf,IMF,macro_economy,1,2,0,2,2.7,1.80009,-0.6666666666666666,negative
2005-10-01,Cumhuriyet Halk Partisi,democracy,Demokrasi,democratic_reform,2,2,0,2,2.7,1.35,-0.6666666666666666,negative
2005-10-01,Bağımsız,law_state,Hukuk Devleti,democratic_reform,1,2,0,1,2.35,1.175,-0.5,negative
2005-10-01,Cumhuriyet Halk Partisi,interest,Faiz,macro_economy,1,2,0,1,2.35,1.175,-0.5,negative
2005-10-01,Cumhuriyet Halk Partisi,sovereignty,Egemenlik,security_conflict,1,1,0,2,1.7,1.13339,-0.6666666666666666,negative
2005-10-01,Adalet ve Kalkınma Partisi,democracy,Demokrasi,democratic_reform,1,1,0,1,1.35,0.675,-0.5,negative
2005-10-01,Anavatan Partisi,democracy,Demokrasi,democratic_reform,1,1,0,1,1.35,0.675,-0.5,negative
2005-10-01,Doğru Yol Partisi,democracy,Demokrasi,democratic_reform,1,1,0,1,1.35,0.675,-0.5,negative
2005-10-01,Doğru Yol Partisi,law_state,Hukuk Devleti,democratic_reform,1,1,0,1,1.35,0.675,-0.5,negative
2005-10-01,Doğru Yol Partisi,security,Guvenlik,security_conflict,1,1,0,1,1.35,0.675,-0.5,negative
2005-11-01,Cumhuriyet Halk Partisi,law_state,Hukuk Devleti,democratic_reform,18,80,4,54,100.3,65.201765,-0.847457627118644,negative
2005-11-01,Cumhuriyet Halk Partisi,economy,Ekonomi,macro_economy,17,55,3,49,73.2,46.55926,-0.8679245283018868,negative
2005-11-01,Cumhuriyet Halk Partisi,security,Guvenlik,security_conflict,11,52,4,37,66.35,41.23838,-0.7857142857142857,negative
2005-11-01,Adalet ve Kalkınma Partisi,security,Guvenlik,security_conflict,7,41,5,29,52.9,30.66269,-0.6857142857142857,negative
2005-11-01,Adalet ve Kalkınma Partisi,economy,Ekonomi,macro_economy,8,31,0,23,39.05,28.17987,-0.9583333333333334,negative
2005-11-01,Cumhuriyet Halk Partisi,constitution,Anayasa,constitutional_conflict,7,28,0,14,32.9,21.216945,-0.9333333333333333,negative
2005-11-01,Adalet ve Kalkınma Partisi,law_state,Hukuk Devleti,democratic_reform,9,19,0,19,25.650000000000002,17.40805,-0.95,negative
2005-11-01,Adalet ve Kalkınma Partisi,democracy,Demokrasi,democratic_reform,5,15,4,20,23.4,12.306180000000001,-0.64,negative
2005-11-01,Adalet ve Kalkınma Partisi,constitution,Anayasa,constitutional_conflict,3,11,1,11,15.2,11.349609999999998,-0.7692307692307693,negative
2005-11-01,Anavatan Partisi,inflation,Enflasyon,macro_economy,1,15,0,2,15.7,10.467189999999999,-0.6666666666666666,negative
2005-11-01,Bağımsız,law_state,Hukuk Devleti,democratic_reform,1,17,0,1,17.35,8.675,-0.5,negative
2005-11-01,Doğru Yol Partisi,law_state,Hukuk Devleti,democratic_reform,2,7,0,4,8.4,5.9624999999999995,-0.8,negative
2005-11-01,Cumhuriyet Halk Partisi,democracy,Demokrasi,democratic_reform,5,7,2,10,11.200000000000001,5.83585,-0.6153846153846154,negative
2005-11-01,Anavatan Partisi,law_state,Hukuk Devleti,democratic_reform,2,9,0,3,10.05,5.80849,-0.75,negative
2005-11-01,Adalet ve Kalkınma Partisi,interest,Faiz,macro_economy,1,10,0,1,10.35,5.175,-0.5,negative
2005-11-01,Anavatan Partisi,economy,Ekonomi,macro_economy,2,4,0,4,5.4,3.60018,-0.8,negative
2005-11-01,Adalet ve Kalkınma Partisi,sovereignty,Egemenlik,security_conflict,1,3,0,2,3.7,2.46679,-0.6666666666666666,negative
2005-11-01,Cumhuriyet Halk Partisi,imf,IMF,macro_economy,3,4,1,4,5.75,2.1125,-0.5,negative
2005-11-01,Adalet ve Kalkınma Partisi,european_union,Avrupa Birligi,democratic_reform,1,7,1,2,8.05,2.0125,-0.25,negative
2005-11-01,Anavatan Partisi,security,Guvenlik,security_conflict,2,3,0,2,3.7,1.85,-0.6666666666666666,negative
2005-11-01,Bağımsız,security,Guvenlik,security_conflict,1,2,0,2,2.7,1.80009,-0.6666666666666666,negative
2005-11-01,Doğru Yol Partisi,constitution,Anayasa,constitutional_conflict,1,2,0,2,2.7,1.80009,-0.6666666666666666,negative
2005-11-01,Anavatan Partisi,imf,IMF,macro_economy,2,2,0,2,2.7,1.35,-0.6666666666666666,negative
2005-11-01,Doğru Yol Partisi,economy,Ekonomi,macro_economy,2,2,0,2,2.7,1.35,-0.6666666666666666,negative
2005-11-01,Doğru Yol Partisi,security,Guvenlik,security_conflict,2,2,0,2,2.7,1.35,-0.6666666666666666,negative
2005-11-01,Anavatan Partisi,european_union,Avrupa Birligi,democratic_reform,1,2,0,1,2.35,1.175,-0.5,negative
2005-11-01,Adalet ve Kalkınma Partisi,inflation,Enflasyon,macro_economy,1,1,0,1,1.35,0.675,-0.5,negative
2005-11-01,Bağımsız,economy,Ekonomi,macro_economy,1,1,0,1,1.35,0.675,-0.5,negative
2005-11-01,Cumhuriyet Halk Partisi,european_union,Avrupa Birligi,democratic_reform,1,1,0,1,1.35,0.675,-0.5,negative
2005-11-01,Cumhuriyet Halk Partisi,tutelage,Vesayet,constitutional_conflict,1,1,0,1,1.35,0.675,-0.5,negative
2005-11-01,Doğru Yol Partisi,european_union,Avrupa Birligi,democratic_reform,1,1,0,1,1.35,0.675,-0.5,negative
2005-11-01,Doğru Yol Partisi,imf,IMF,macro_economy,1,1,0,1,1.35,0.675,-0.5,negative
2005-12-01,Adalet ve Kalkınma Partisi,economy,Ekonomi,macro_economy,35,240,24,171,308.25,200.620375,-0.75,negative
2005-12-01,Cumhuriyet Halk Partisi,economy,Ekonomi,macro_economy,60,310,77,266,430.05,187.7467,-0.5494186046511628,negative
2005-12-01,Adalet ve Kalkınma Partisi,law_state,Hukuk Devleti,democratic_reform,35,179,14,148,235.7,149.02112,-0.8220858895705522,negative
2005-12-01,Cumhuriyet Halk Partisi,law_state,Hukuk Devleti,democratic_reform,40,175,30,128,230.3,123.23411,-0.6163522012578616,negative
2005-12-01,Adalet ve Kalkınma Partisi,security,Guvenlik,security_conflict,32,116,16,115,161.85,94.90597,-0.75,negative
2005-12-01,Cumhuriyet Halk Partisi,constitution,Anayasa,constitutional_conflict,30,120,1,53,138.9,88.54666,-0.9454545454545454,negative
2005-12-01,Adalet ve Kalkınma Partisi,interest,Faiz,macro_economy,22,104,5,53,124.3,73.018185,-0.8135593220338984,negative
2005-12-01,Cumhuriyet Halk Partisi,security,Guvenlik,security_conflict,33,123,29,91,165.0,66.18961,-0.512396694214876,negative
2005-12-01,Anavatan Partisi,economy,Ekonomi,macro_economy,14,61,8,56,83.4,52.144575,-0.7384615384615385,negative
2005-12-01,Bağımsız,security,Guvenlik,security_conflict,5,53,4,37,67.35000000000001,48.659435,-0.7857142857142857,negative
2005-12-01,Adalet ve Kalkınma Partisi,constitution,Anayasa,constitutional_conflict,10,40,1,40,54.35,39.20111,-0.9285714285714286,negative
2005-12-01,Anavatan Partisi,security,Guvenlik,security_conflict,10,61,11,38,78.14999999999999,36.83888999999999,-0.54,negative
2005-12-01,Anavatan Partisi,law_state,Hukuk Devleti,democratic_reform,10,36,4,33,48.95,30.527079999999998,-0.7631578947368421,negative
2005-12-01,Cumhuriyet Halk Partisi,imf,IMF,macro_economy,12,48,5,25,58.5,29.75788,-0.6451612903225806,negative
2005-12-01,Adalet ve Kalkınma Partisi,reform,Reform,democratic_reform,12,31,0,19,37.65,21.761475,-0.95,negative
2005-12-01,Adalet ve Kalkınma Partisi,democracy,Demokrasi,democratic_reform,9,34,4,21,42.75,21.122780000000002,-0.6538461538461539,negative
2005-12-01,Adalet ve Kalkınma Partisi,inflation,Enflasyon,macro_economy,12,27,3,25,36.8,20.128575,-0.7586206896551724,negative
2005-12-01,Cumhuriyet Halk Partisi,interest,Faiz,macro_economy,4,27,3,14,32.95,15.278749999999999,-0.6111111111111112,negative
2005-12-01,Bağımsız,economy,Ekonomi,macro_economy,5,23,2,12,27.9,14.90089,-0.6666666666666666,negative
2005-12-01,Doğru Yol Partisi,security,Guvenlik,security_conflict,2,20,1,8,23.15,14.708960000000001,-0.7,negative
2005-12-01,Adalet ve Kalkınma Partisi,european_union,Avrupa Birligi,democratic_reform,9,22,3,15,28.3,12.00415,-0.631578947368421,negative
2005-12-01,Cumhuriyet Halk Partisi,european_union,Avrupa Birligi,democratic_reform,13,16,1,17,22.3,11.48767,-0.8421052631578947,negative
2005-12-01,Cumhuriyet Halk Partisi,democracy,Demokrasi,democratic_reform,11,15,2,17,21.650000000000002,11.04598,-0.75,negative
2005-12-01,Bağımsız,european_union,Avrupa Birligi,democratic_reform,2,21,4,11,26.25,9.900195,-0.4375,negative
2005-12-01,Bağımsız,law_state,Hukuk Devleti,democratic_reform,2,8,0,9,11.149999999999999,9.12291,-0.9,negative
2005-12-01,Anavatan Partisi,democracy,Demokrasi,democratic_reform,4,12,2,10,16.200000000000003,8.17191,-0.6153846153846154,negative
2005-12-01,Anavatan Partisi,interest,Faiz,macro_economy,3,18,2,7,21.15,7.9558599999999995,-0.5,negative
2005-12-01,Cumhuriyet Halk Partisi,reform,Reform,democratic_reform,4,11,0,5,12.75,7.1584900000000005,-0.8333333333333334,negative
2005-12-01,Anavatan Partisi,european_union,Avrupa Birligi,democratic_reform,4,8,0,8,10.8,7.062679999999999,-0.8888888888888888,negative
2005-12-01,Anavatan Partisi,imf,IMF,macro_economy,2,8,0,4,9.399999999999999,5.9624999999999995,-0.8,negative
2005-12-01,Anavatan Partisi,constitution,Anayasa,constitutional_conflict,4,9,1,7,11.8,5.9,-0.6666666666666666,negative
2005-12-01,Bağımsız,constitution,Anayasa,constitutional_conflict,1,4,0,6,6.1,5.22831,-0.8571428571428571,negative
2005-12-01,Doğru Yol Partisi,law_state,Hukuk Devleti,democratic_reform,2,10,1,4,11.75,4.89599,-0.5,negative
2005-12-01,Anavatan Partisi,inflation,Enflasyon,macro_economy,2,9,0,2,9.7,4.85,-0.6666666666666666,negative
2005-12-01,Cumhuriyet Halk Partisi,inflation,Enflasyon,macro_economy,4,8,2,8,11.5,4.72616,-0.5454545454545454,negative
2005-12-01,Bağımsız,interest,Faiz,macro_economy,2,6,0,3,7.050000000000001,4.47519,-0.75,negative
2005-12-01,Adalet ve Kalkınma Partisi,sovereignty,Egemenlik,security_conflict,2,7,0,3,8.05,4.47509,-0.75,negative
2005-12-01,Bağımsız,reform,Reform,democratic_reform,1,2,0,7,4.45,3.8937500000000003,-0.875,negative
2005-12-01,Anavatan Partisi,reform,Reform,democratic_reform,1,7,0,1,7.35,3.675,-0.5,negative
2005-12-01,Adalet ve Kalkınma Partisi,imf,IMF,macro_economy,3,6,0,3,7.050000000000001,3.5250000000000004,-0.75,negative
2005-12-01,Doğru Yol Partisi,economy,Ekonomi,macro_economy,2,3,0,3,4.050000000000001,2.47509,-0.75,negative
2005-12-01,Doğru Yol Partisi,inflation,Enflasyon,macro_economy,1,4,0,1,4.35,2.175,-0.5,negative
2005-12-01,Bağımsız,inflation,Enflasyon,macro_economy,2,2,0,2,2.7,1.35,-0.6666666666666666,negative
2005-12-01,Cumhuriyet Halk Partisi,tutelage,Vesayet,constitutional_conflict,2,2,1,3,3.4,1.1875,-0.4,negative
2005-12-01,Doğru Yol Partisi,reform,Reform,democratic_reform,1,2,0,1,2.35,1.175,-0.5,negative
2005-12-01,Anavatan Partisi,tutelage,Vesayet,constitutional_conflict,1,1,0,1,1.35,0.675,-0.5,negative
2005-12-01,Doğru Yol Partisi,democracy,Demokrasi,democratic_reform,1,1,0,1,1.35,0.675,-0.5,negative
2006-01-01,Adalet ve Kalkınma Partisi,economy,Ekonomi,macro_economy,8,31,3,31,42.9,28.444200000000002,-0.8,negative
2006-01-01,Cumhuriyet Halk Partisi,economy,Ekonomi,macro_economy,8,41,5,27,52.199999999999996,25.48908,-0.6666666666666666,negative
2006-01-01,Cumhuriyet Halk Partisi,law_state,Hukuk Devleti,democratic_reform,8,27,4,16,34.0,14.52723,-0.5714285714285714,negative
2006-01-01,Anavatan Partisi,economy,Ekonomi,macro_economy,4,26,6,14,33.0,11.12322,-0.38095238095238093,negative
2006-01-01,Bağımsız,economy,Ekonomi,macro_economy,3,7,0,13,11.549999999999999,9.41742,-0.9285714285714286,negative
2006-01-01,Adalet ve Kalkınma Partisi,interest,Faiz,macro_economy,4,11,1,10,14.850000000000001,8.973040000000001,-0.75,negative
2006-01-01,Cumhuriyet Halk Partisi,constitution,Anayasa,constitutional_conflict,4,10,0,6,12.1,7.3125,-0.8571428571428571,negative
2006-01-01,Cumhuriyet Halk Partisi,european_union,Avrupa Birligi,democratic_reform,5,10,0,6,12.100000000000001,6.83349,-0.8571428571428571,negative
2006-01-01,Adalet ve Kalkınma Partisi,constitution,Anayasa,constitutional_conflict,2,6,0,4,7.4,5.2124999999999995,-0.8,negative
2006-01-01,Anavatan Partisi,constitution,Anayasa,constitutional_conflict,2,6,1,6,8.45,4.67509,-0.625,negative
2006-01-01,Bağımsız,security,Guvenlik,security_conflict,3,5,0,6,7.1,4.34589,-0.8571428571428571,negative
2006-01-01,Cumhuriyet Halk Partisi,imf,IMF,macro_economy,2,4,0,6,6.1,4.299875,-0.8571428571428571,negative
2006-01-01,Cumhuriyet Halk Partisi,security,Guvenlik,security_conflict,4,5,3,10,9.549999999999999,3.9397599999999997,-0.5,negative
2006-01-01,Adalet ve Kalkınma Partisi,security,Guvenlik,security_conflict,4,5,0,5,6.75,3.65839,-0.8333333333333334,negative
2006-01-01,Anavatan Partisi,european_union,Avrupa Birligi,democratic_reform,2,4,1,5,6.1,3.05,-0.5714285714285714,negative
2006-01-01,Adalet ve Kalkınma Partisi,reform,Reform,democratic_reform,3,5,0,3,6.050000000000001,3.0250000000000004,-0.75,negative
2006-01-01,Cumhuriyet Halk Partisi,democracy,Demokrasi,democratic_reform,2,4,2,6,6.8,2.97146,-0.4444444444444444,negative
2006-01-01,Cumhuriyet Halk Partisi,reform,Reform,democratic_reform,2,3,0,3,4.050000000000001,2.47509,-0.75,negative
2006-01-01,Adalet ve Kalkınma Partisi,democracy,Demokrasi,democratic_reform,2,4,0,2,4.7,2.35,-0.6666666666666666,negative
2006-01-01,Doğru Yol Partisi,imf,IMF,macro_economy,1,2,0,2,2.7,1.80009,-0.6666666666666666,negative
2006-01-01,Anavatan Partisi,reform,Reform,democratic_reform,1,1,0,3,2.05,1.5374999999999999,-0.75,negative
2006-01-01,Cumhuriyet Halk Partisi,interest,Faiz,macro_economy,2,2,0,2,2.7,1.35,-0.6666666666666666,negative
2006-01-01,Cumhuriyet Halk Partisi,tutelage,Vesayet,constitutional_conflict,2,2,0,2,2.7,1.35,-0.6666666666666666,negative
2006-01-01,Doğru Yol Partisi,european_union,Avrupa Birligi,democratic_reform,1,1,0,2,1.7,1.13339,-0.6666666666666666,negative
2006-01-01,Adalet ve Kalkınma Partisi,imf,IMF,macro_economy,1,1,0,1,1.35,0.675,-0.5,negative
2006-01-01,Adalet ve Kalkınma Partisi,law_state,Hukuk Devleti,democratic_reform,1,1,0,1,1.35,0.675,-0.5,negative
2006-01-01,Anavatan Partisi,security,Guvenlik,security_conflict,1,1,0,1,1.35,0.675,-0.5,negative
2006-02-01,Cumhuriyet Halk Partisi,economy,Ekonomi,macro_economy,20,85,5,85,116.5,83.2761,-0.8791208791208791,negative
2006-02-01,Anavatan Partisi,economy,Ekonomi,macro_economy,17,109,23,94,149.95,79.815475,-0.6016949152542372,negative
2006-02-01,Adalet ve Kalkınma Partisi,economy,Ekonomi,macro_economy,17,70,6,65,94.85000000000001,64.673635,-0.8194444444444444,negative
2006-02-01,Cumhuriyet Halk Partisi,law_state,Hukuk Devleti,democratic_reform,17,77,2,41,92.05,62.828965000000004,-0.8863636363636364,negative
2006-02-01,Anavatan Partisi,security,Guvenlik,security_conflict,10,53,8,34,67.7,35.217745,-0.6046511627906976,negative
2006-02-01,Adalet ve Kalkınma Partisi,security,Guvenlik,security_conflict,8,46,5,32,58.95,33.86588,-0.7105263157894737,negative
2006-02-01,Cumhuriyet Halk Partisi,security,Guvenlik,security_conflict,17,40,2,34,52.6,30.990955,-0.8648648648648649,negative
2006-02-01,Anavatan Partisi,interest,Faiz,macro_economy,6,41,3,22,49.75,30.87183,-0.7307692307692307,negative
2006-02-01,Cumhuriyet Halk Partisi,reform,Reform,democratic_reform,9,40,0,17,45.95,28.304355,-0.9444444444444444,negative
2006-02-01,Adalet ve Kalkınma Partisi,law_state,Hukuk Devleti,democratic_reform,13,38,2,24,47.1,24.07937,-0.8148148148148148,negative
2006-02-01,Adalet ve Kalkınma Partisi,reform,Reform,democratic_reform,9,42,2,12,46.9,20.95859,-0.6666666666666666,negative
2006-02-01,Cumhuriyet Halk Partisi,interest,Faiz,macro_economy,8,28,2,18,35.0,18.56769,-0.7619047619047619,negative
2006-02-01,Adalet ve Kalkınma Partisi,interest,Faiz,macro_economy,9,26,2,17,32.65,17.49296,-0.75,negative
2006-02-01,Anavatan Partisi,imf,IMF,macro_economy,5,17,0,12,21.2,15.01618,-0.9230769230769231,negative
2006-02-01,Cumhuriyet Halk Partisi,constitution,Anayasa,constitutional_conflict,4,13,0,13,17.549999999999997,11.904219999999999,-0.9285714285714286,negative
2006-02-01,Cumhuriyet Halk Partisi,imf,IMF,macro_economy,6,13,0,12,17.2,11.515889999999999,-0.9230769230769231,negative
2006-02-01,Cumhuriyet Halk Partisi,democracy,Demokrasi,democratic_reform,4,14,1,7,16.8,10.900000000000002,-0.6666666666666666,negative
2006-02-01,Adalet ve Kalkınma Partisi,constitution,Anayasa,constitutional_conflict,4,11,0,6,13.1,7.78358,-0.8571428571428571,negative
2006-02-01,Doğru Yol Partisi,law_state,Hukuk Devleti,democratic_reform,2,6,0,8,8.8,7.0283999999999995,-0.8888888888888888,negative
2006-02-01,Bağımsız,security,Guvenlik,security_conflict,1,21,7,12,27.65,6.9125,-0.25,negative
2006-02-01,Adalet ve Kalkınma Partisi,democracy,Demokrasi,democratic_reform,4,11,1,7,13.799999999999999,6.34339,-0.6666666666666666,negative
2006-02-01,Doğru Yol Partisi,democracy,Demokrasi,democratic_reform,1,4,0,6,6.1,5.22831,-0.8571428571428571,negative
2006-02-01,Anavatan Partisi,inflation,Enflasyon,macro_economy,2,14,1,3,15.4,5.1875,-0.4,negative
2006-02-01,Adalet ve Kalkınma Partisi,inflation,Enflasyon,macro_economy,4,7,0,6,9.1,5.0625,-0.8571428571428571,negative
2006-02-01,Doğru Yol Partisi,interest,Faiz,macro_economy,3,6,0,5,7.75,4.94188,-0.8333333333333334,negative
2006-02-01,Anavatan Partisi,law_state,Hukuk Devleti,democratic_reform,4,11,3,8,14.850000000000001,4.42476,-0.4166666666666667,negative
2006-02-01,Doğru Yol Partisi,constitution,Anayasa,constitutional_conflict,2,7,0,2,7.699999999999999,3.8499999999999996,-0.6666666666666666,negative
2006-02-01,Bağımsız,interest,Faiz,macro_economy,1,10,1,2,11.05,2.7625,-0.25,negative
2006-02-01,Bağımsız,constitution,Anayasa,constitutional_conflict,1,3,0,2,3.7,2.46679,-0.6666666666666666,negative
2006-02-01,Doğru Yol Partisi,economy,Ekonomi,macro_economy,1,3,0,2,3.7,2.46679,-0.6666666666666666,negative
2006-02-01,Cumhuriyet Halk Partisi,european_union,Avrupa Birligi,democratic_reform,2,3,0,2,3.7,1.85,-0.6666666666666666,negative
2006-02-01,Anavatan Partisi,constitution,Anayasa,constitutional_conflict,2,2,0,2,2.7,1.35,-0.6666666666666666,negative
2006-02-01,Cumhuriyet Halk Partisi,inflation,Enflasyon,macro_economy,2,2,0,2,2.7,1.35,-0.6666666666666666,negative
2006-02-01,Anavatan Partisi,democracy,Demokrasi,democratic_reform,1,1,0,2,1.7,1.13339,-0.6666666666666666,negative
2006-02-01,Anavatan Partisi,tutelage,Vesayet,constitutional_conflict,1,1,0,2,1.7,1.13339,-0.6666666666666666,negative
2006-02-01,Adalet ve Kalkınma Partisi,european_union,Avrupa Birligi,democratic_reform,1,1,0,1,1.35,0.675,-0.5,negative
2006-02-01,Anavatan Partisi,european_union,Avrupa Birligi,democratic_reform,1,1,0,1,1.35,0.675,-0.5,negative
2006-02-01,Anavatan Partisi,reform,Reform,democratic_reform,1,1,0,1,1.35,0.675,-0.5,negative
2006-03-01,Cumhuriyet Halk Partisi,economy,Ekonomi,macro_economy,22,112,9,82,143.85,92.80157,-0.7934782608695652,negative
2006-03-01,Adalet ve Kalkınma Partisi,economy,Ekonomi,macro_economy,13,52,3,49,70.2,50.38109,-0.8679245283018868,negative
2006-03-01,Cumhuriyet Halk Partisi,imf,IMF,macro_economy,11,32,2,29,42.85,28.1871,-0.84375,negative
2006-03-01,Cumhuriyet Halk Partisi,security,Guvenlik,security_conflict,9,30,2,24,39.1,23.3038,-0.8148148148148148,negative
2006-03-01,Adalet ve Kalkınma Partisi,security,Guvenlik,security_conflict,12,29,2,25,38.45,22.52847,-0.8214285714285714,negative
2006-03-01,Cumhuriyet Halk Partisi,law_state,Hukuk Devleti,democratic_reform,9,19,1,27,28.799999999999997,19.21503,-0.896551724137931,negative
2006-03-01,Adalet ve Kalkınma Partisi,inflation,Enflasyon,macro_economy,7,22,0,13,26.549999999999997,16.808,-0.9285714285714286,negative
2006-03-01,Adalet ve Kalkınma Partisi,reform,Reform,democratic_reform,4,17,0,11,20.85,15.472909999999999,-0.9166666666666666,negative
2006-03-01,Adalet ve Kalkınma Partisi,law_state,Hukuk Devleti,democratic_reform,8,26,1,11,30.2,15.14349,-0.7692307692307693,negative
2006-03-01,Anavatan Partisi,economy,Ekonomi,macro_economy,3,28,8,20,37.8,14.314879999999999,-0.41379310344827586,negative
2006-03-01,Anavatan Partisi,imf,IMF,macro_economy,3,16,0,9,19.150000000000002,14.253975000000002,-0.9,negative
2006-03-01,Cumhuriyet Halk Partisi,interest,Faiz,macro_economy,3,15,1,11,19.2,12.744039999999998,-0.7692307692307693,negative
2006-03-01,Doğru Yol Partisi,security,Guvenlik,security_conflict,3,20,1,7,22.8,10.7075,-0.6666666666666666,negative
2006-03-01,Adalet ve Kalkınma Partisi,interest,Faiz,macro_economy,5,13,2,14,18.6,10.600259999999999,-0.7058823529411765,negative
2006-03-01,Cumhuriyet Halk Partisi,democracy,Demokrasi,democratic_reform,5,13,0,9,16.15,9.98778,-0.9,negative
2006-03-01,Doğru Yol Partisi,constitution,Anayasa,constitutional_conflict,2,11,0,5,12.75,9.33759,-0.8333333333333334,negative
2006-03-01,Adalet ve Kalkınma Partisi,constitution,Anayasa,constitutional_conflict,4,12,0,6,14.100000000000001,8.61698,-0.8571428571428571,negative
2006-03-01,Cumhuriyet Halk Partisi,constitution,Anayasa,constitutional_conflict,6,12,0,7,14.45,7.50839,-0.875,negative
2006-03-01,Cumhuriyet Halk Partisi,european_union,Avrupa Birligi,democratic_reform,4,10,0,4,11.399999999999999,5.699999999999999,-0.8,negative
2006-03-01,Adalet ve Kalkınma Partisi,democracy,Demokrasi,democratic_reform,3,6,1,8,9.15,4.955,-0.7,negative
2006-03-01,Doğru Yol Partisi,law_state,Hukuk Devleti,democratic_reform,3,9,1,5,11.1,4.07089,-0.5714285714285714,negative
2006-03-01,Cumhuriyet Halk Partisi,reform,Reform,democratic_reform,3,7,1,5,9.1,3.32089,-0.5714285714285714,negative
2006-03-01,Bağımsız,economy,Ekonomi,macro_economy,1,4,0,2,4.7,3.13349,-0.6666666666666666,negative
2006-03-01,Anavatan Partisi,interest,Faiz,macro_economy,2,6,1,4,7.75,3.06259,-0.5,negative
2006-03-01,Bağımsız,security,Guvenlik,security_conflict,1,3,1,5,5.1,2.9141399999999997,-0.5714285714285714,negative
2006-03-01,Anavatan Partisi,security,Guvenlik,security_conflict,1,3,0,2,3.7,2.46679,-0.6666666666666666,negative
2006-03-01,Cumhuriyet Halk Partisi,inflation,Enflasyon,macro_economy,2,3,0,3,4.05,2.30839,-0.75,negative
2006-03-01,Anavatan Partisi,reform,Reform,democratic_reform,2,3,0,2,3.7,1.85,-0.6666666666666666,negative
2006-03-01,Cumhuriyet Halk Partisi,sovereignty,Egemenlik,security_conflict,1,2,0,2,2.7,1.80009,-0.6666666666666666,negative
2006-03-01,Adalet ve Kalkınma Partisi,european_union,Avrupa Birligi,democratic_reform,2,2,1,3,3.4,1.1875,-0.4,negative
2006-03-01,Anavatan Partisi,democracy,Demokrasi,democratic_reform,1,2,0,1,2.35,1.175,-0.5,negative
2006-03-01,Anavatan Partisi,law_state,Hukuk Devleti,democratic_reform,1,1,0,1,1.35,0.675,-0.5,negative
2006-03-01,Cumhuriyet Halk Partisi,tutelage,Vesayet,constitutional_conflict,1,1,0,1,1.35,0.675,-0.5,negative
2006-03-01,Doğru Yol Partisi,reform,Reform,democratic_reform,1,1,1,2,2.05,0.5125,-0.25,negative
2006-04-01,Adalet ve Kalkınma Partisi,security,Guvenlik,security_conflict,35,220,23,109,266.2,129.135125,-0.6466165413533834,negative
2006-04-01,Cumhuriyet Halk Partisi,security,Guvenlik,security_conflict,16,80,9,47,99.60000000000001,55.39134000000001,-0.6666666666666666,negative
2006-04-01,Cumhuriyet Halk Partisi,law_state,Hukuk Devleti,democratic_reform,14,58,3,34,70.95,43.825795,-0.8157894736842105,negative
2006-04-01,Cumhuriyet Halk Partisi,economy,Ekonomi,macro_economy,11,57,9,32,71.35,37.20668,-0.5476190476190477,negative
2006-04-01,Adalet ve Kalkınma Partisi,constitution,Anayasa,constitutional_conflict,4,36,0,10,39.5,29.899755000000003,-0.9090909090909091,negative
2006-04-01,Adalet ve Kalkınma Partisi,economy,Ekonomi,macro_economy,12,39,7,39,55.099999999999994,29.63486,-0.6808510638297872,negative
2006-04-01,Cumhuriyet Halk Partisi,democracy,Demokrasi,democratic_reform,13,35,0,24,43.4,28.615479999999998,-0.96,negative
2006-04-01,Adalet ve Kalkınma Partisi,reform,Reform,democratic_reform,7,40,2,16,46.3,25.58019,-0.7368421052631579,negative
2006-04-01,Adalet ve Kalkınma Partisi,law_state,Hukuk Devleti,democratic_reform,8,23,0,17,28.95,21.143769999999996,-0.9444444444444444,negative
2006-04-01,Anavatan Partisi,economy,Ekonomi,macro_economy,6,17,1,9,20.5,9.72108,-0.7272727272727273,negative
2006-04-01,Anavatan Partisi,security,Guvenlik,security_conflict,6,20,3,11,24.9,9.63125,-0.5333333333333333,negative
2006-04-01,Doğru Yol Partisi,security,Guvenlik,security_conflict,2,19,4,10,23.900000000000002,9.283995,-0.4,negative
2006-04-01,Cumhuriyet Halk Partisi,interest,Faiz,macro_economy,4,16,0,4,17.4,8.7,-0.8,negative
2006-04-01,Cumhuriyet Halk Partisi,constitution,Anayasa,constitutional_conflict,5,10,1,9,13.5,7.20009,-0.7272727272727273,negative
2006-04-01,Doğru Yol Partisi,economy,Ekonomi,macro_economy,3,7,1,12,11.55,7.07931,-0.7857142857142857,negative
2006-04-01,Adalet ve Kalkınma Partisi,interest,Faiz,macro_economy,4,9,1,7,11.8,6.120979999999999,-0.6666666666666666,negative
2006-04-01,Adalet ve Kalkınma Partisi,democracy,Demokrasi,democratic_reform,7,8,1,8,11.15,4.8125,-0.7,negative
2006-04-01,Anavatan Partisi,reform,Reform,democratic_reform,3,6,2,7,9.15,4.0625,-0.5,negative
2006-04-01,Anavatan Partisi,imf,IMF,macro_economy,2,3,0,4,4.4,2.93348,-0.8,negative
2006-04-01,Doğru Yol Partisi,reform,Reform,democratic_reform,2,5,0,2,5.699999999999999,2.8499999999999996,-0.6666666666666666,negative
2006-04-01,Doğru Yol Partisi,democracy,Demokrasi,democratic_reform,2,6,1,3,7.4,2.4375,-0.4,negative
2006-04-01,Cumhuriyet Halk Partisi,reform,Reform,democratic_reform,2,4,0,2,4.7,2.35,-0.6666666666666666,negative
2006-04-01,Doğru Yol Partisi,law_state,Hukuk Devleti,democratic_reform,1,4,0,1,4.35,2.175,-0.5,negative
2006-04-01,Cumhuriyet Halk Partisi,sovereignty,Egemenlik,security_conflict,2,3,0,2,3.7,1.85,-0.6666666666666666,negative
2006-04-01,Adalet ve Kalkınma Partisi,inflation,Enflasyon,macro_economy,1,2,0,2,2.7,1.80009,-0.6666666666666666,negative
2006-04-01,Doğru Yol Partisi,interest,Faiz,macro_economy,1,2,0,2,2.7,1.80009,-0.6666666666666666,negative
2006-04-01,Anavatan Partisi,law_state,Hukuk Devleti,democratic_reform,1,4,2,4,6.1,1.74277,-0.2857142857142857,negative
2006-04-01,Cumhuriyet Halk Partisi,european_union,Avrupa Birligi,democratic_reform,2,2,0,2,2.7,1.35,-0.6666666666666666,negative
2006-04-01,Doğru Yol Partisi,constitution,Anayasa,constitutional_conflict,1,2,0,1,2.35,1.175,-0.5,negative
2006-04-01,Doğru Yol Partisi,imf,IMF,macro_economy,1,2,0,1,2.35,1.175,-0.5,negative
2006-04-01,Adalet ve Kalkınma Partisi,european_union,Avrupa Birligi,democratic_reform,1,1,0,1,1.35,0.675,-0.5,negative
2006-04-01,Adalet ve Kalkınma Partisi,tutelage,Vesayet,constitutional_conflict,1,1,0,1,1.35,0.675,-0.5,negative
2006-04-01,Anavatan Partisi,european_union,Avrupa Birligi,democratic_reform,1,1,0,1,1.35,0.675,-0.5,negative
2006-04-01,Anavatan Partisi,interest,Faiz,macro_economy,1,1,0,1,1.35,0.675,-0.5,negative
2006-04-01,Bağımsız,economy,Ekonomi,macro_economy,1,1,0,1,1.35,0.675,-0.5,negative
2006-04-01,Cumhuriyet Halk Partisi,imf,IMF,macro_economy,1,1,0,1,1.35,0.675,-0.5,negative
2006-05-01,Cumhuriyet Halk Partisi,security,Guvenlik,security_conflict,23,106,23,81,142.4,60.57432000000001,-0.5523809523809524,negative
2006-05-01,Cumhuriyet Halk Partisi,law_state,Hukuk Devleti,democratic_reform,20,55,5,52,74.95,44.72618,-0.8103448275862069,negative
2006-05-01,Cumhuriyet Halk Partisi,economy,Ekonomi,macro_economy,16,50,7,54,71.35000000000001,41.24317,-0.7580645161290323,negative
2006-05-01,Adalet ve Kalkınma Partisi,law_state,Hukuk Devleti,democratic_reform,14,52,2,23,60.75,29.39197,-0.8076923076923077,negative
2006-05-01,Adalet ve Kalkınma Partisi,security,Guvenlik,security_conflict,13,42,3,21,50.4,22.70509,-0.72,negative
2006-05-01,Cumhuriyet Halk Partisi,constitution,Anayasa,constitutional_conflict,8,30,0,12,34.2,21.762780000000003,-0.9230769230769231,negative
2006-05-01,Doğru Yol Partisi,economy,Ekonomi,macro_economy,10,20,0,20,27.0,18.50696,-0.9523809523809523,negative
2006-05-01,Adalet ve Kalkınma Partisi,constitution,Anayasa,constitutional_conflict,7,22,2,17,28.650000000000002,16.407020000000003,-0.75,negative
2006-05-01,Anavatan Partisi,democracy,Demokrasi,democratic_reform,2,15,2,17,21.650000000000002,15.395240000000001,-0.75,negative
2006-05-01,Bağımsız,economy,Ekonomi,macro_economy,2,14,8,26,25.900000000000002,12.950000000000001,-0.5142857142857142,negative
2006-05-01,Adalet ve Kalkınma Partisi,economy,Ekonomi,macro_economy,4,13,2,15,18.95,11.63435,-0.7222222222222222,negative
2006-05-01,Adalet ve Kalkınma Partisi,reform,Reform,democratic_reform,2,22,4,8,26.2,10.1375,-0.3076923076923077,negative
2006-05-01,Cumhuriyet Halk Partisi,democracy,Demokrasi,democratic_reform,8,16,2,12,20.9,9.03089,-0.6666666666666666,negative
2006-05-01,Cumhuriyet Halk Partisi,european_union,Avrupa Birligi,democratic_reform,7,15,2,12,19.9,8.720889999999999,-0.6666666666666666,negative
2006-05-01,Doğru Yol Partisi,security,Guvenlik,security_conflict,2,10,0,3,11.049999999999999,7.141989999999999,-0.75,negative
2006-05-01,Bağımsız,law_state,Hukuk Devleti,democratic_reform,1,8,0,2,8.7,5.8002899999999995,-0.6666666666666666,negative
2006-05-01,Cumhuriyet Halk Partisi,reform,Reform,democratic_reform,3,8,3,10,12.549999999999999,5.25116,-0.5,negative
2006-05-01,Adalet ve Kalkınma Partisi,imf,IMF,macro_economy,1,5,0,4,6.4,5.120000000000001,-0.8,negative
2006-05-01,Anavatan Partisi,constitution,Anayasa,constitutional_conflict,1,9,0,1,9.35,4.675,-0.5,negative
2006-05-01,Cumhuriyet Halk Partisi,interest,Faiz,macro_economy,3,5,0,6,7.1,4.59589,-0.8571428571428571,negative
2006-05-01,Anavatan Partisi,imf,IMF,macro_economy,2,4,0,6,6.1,4.52009,-0.8571428571428571,negative
2006-05-01,Bağımsız,security,Guvenlik,security_conflict,3,4,0,7,6.45,4.47098,-0.875,negative
2006-05-01,Adalet ve Kalkınma Partisi,inflation,Enflasyon,macro_economy,2,9,2,5,11.45,3.5605700000000002,-0.375,negative
2006-05-01,Doğru Yol Partisi,constitution,Anayasa,constitutional_conflict,3,6,0,3,7.05,3.525,-0.75,negative
2006-05-01,Cumhuriyet Halk Partisi,imf,IMF,macro_economy,3,5,0,4,6.4,3.48339,-0.8,negative
2006-05-01,Anavatan Partisi,security,Guvenlik,security_conflict,2,4,0,3,5.050000000000001,2.97509,-0.75,negative
2006-05-01,Doğru Yol Partisi,reform,Reform,democratic_reform,1,2,0,3,3.05,2.2874999999999996,-0.75,negative
2006-05-01,Adalet ve Kalkınma Partisi,democracy,Demokrasi,democratic_reform,2,3,0,2,3.7,1.85,-0.6666666666666666,negative
2006-05-01,Cumhuriyet Halk Partisi,inflation,Enflasyon,macro_economy,1,3,0,1,3.35,1.675,-0.5,negative
2006-05-01,Bağımsız,european_union,Avrupa Birligi,democratic_reform,2,2,0,2,2.7,1.35,-0.6666666666666666,negative
2006-05-01,Anavatan Partisi,inflation,Enflasyon,macro_economy,1,2,0,1,2.35,1.175,-0.5,negative
2006-05-01,Adalet ve Kalkınma Partisi,european_union,Avrupa Birligi,democratic_reform,1,1,0,1,1.35,0.675,-0.5,negative
2006-05-01,Adalet ve Kalkınma Partisi,interest,Faiz,macro_economy,1,1,0,1,1.35,0.675,-0.5,negative
2006-05-01,Bağımsız,imf,IMF,macro_economy,1,1,0,1,1.35,0.675,-0.5,negative
2006-05-01,Doğru Yol Partisi,imf,IMF,macro_economy,1,1,0,1,1.35,0.675,-0.5,negative
2006-05-01,Doğru Yol Partisi,inflation,Enflasyon,macro_economy,1,1,0,1,1.35,0.675,-0.5,negative
2006-06-01,Cumhuriyet Halk Partisi,law_state,Hukuk Devleti,democratic_reform,32,161,11,94,197.75,124.22604,-0.7830188679245284,negative
2006-06-01,Cumhuriyet Halk Partisi,security,Guvenlik,security_conflict,22,165,23,95,206.29999999999998,97.66494,-0.6050420168067226,negative
2006-06-01,Adalet ve Kalkınma Partisi,economy,Ekonomi,macro_economy,24,103,7,96,139.05,96.710635,-0.8557692307692307,negative
2006-06-01,Cumhuriyet Halk Partisi,economy,Ekonomi,macro_economy,24,120,13,89,155.7,94.52280999999999,-0.7378640776699029,negative
2006-06-01,Adalet ve Kalkınma Partisi,law_state,Hukuk Devleti,democratic_reform,22,117,5,65,141.5,91.833145,-0.8450704225352113,negative
2006-06-01,Adalet ve Kalkınma Partisi,security,Guvenlik,security_conflict,16,102,11,63,127.9,72.44024,-0.6933333333333334,negative
2006-06-01,Doğru Yol Partisi,economy,Ekonomi,macro_economy,15,65,10,73,94.05,61.638130000000004,-0.75,negative
2006-06-01,Cumhuriyet Halk Partisi,interest,Faiz,macro_economy,11,59,0,19,65.65,41.488055,-0.95,negative
2006-06-01,Anavatan Partisi,economy,Ekonomi,macro_economy,10,55,7,35,69.7,37.47623,-0.6511627906976745,negative
2006-06-01,Anavatan Partisi,security,Guvenlik,security_conflict,13,60,9,35,75.4,29.949585000000003,-0.5777777777777777,negative
2006-06-01,Cumhuriyet Halk Partisi,constitution,Anayasa,constitutional_conflict,8,40,1,18,46.65,28.589299999999998,-0.85,negative
2006-06-01,Adalet ve Kalkınma Partisi,interest,Faiz,macro_economy,8,44,1,18,50.65,26.10393,-0.85,negative
2006-06-01,Anavatan Partisi,law_state,Hukuk Devleti,democratic_reform,15,35,4,27,45.85,23.977645000000003,-0.71875,negative
2006-06-01,Anavatan Partisi,imf,IMF,macro_economy,4,18,0,16,23.6,19.364749999999997,-0.9411764705882353,negative
2006-06-01,Cumhuriyet Halk Partisi,european_union,Avrupa Birligi,democratic_reform,9,23,2,20,30.7,17.604175,-0.782608695652174,negative
2006-06-01,Doğru Yol Partisi,interest,Faiz,macro_economy,5,24,0,9,27.15,17.40458,-0.9,negative
2006-06-01,Bağımsız,security,Guvenlik,security_conflict,4,25,3,16,31.65,16.78633,-0.65,negative
2006-06-01,Anavatan Partisi,interest,Faiz,macro_economy,5,18,0,10,21.5,14.949965,-0.9090909090909091,negative
2006-06-01,Anavatan Partisi,constitution,Anayasa,constitutional_conflict,7,19,0,13,23.55,14.760499999999999,-0.9285714285714286,negative
2006-06-01,Adalet ve Kalkınma Partisi,constitution,Anayasa,constitutional_conflict,10,18,0,15,23.25,14.20885,-0.9375,negative
2006-06-01,Bağımsız,economy,Ekonomi,macro_economy,5,12,0,17,17.95,13.08363,-0.9444444444444444,negative
2006-06-01,Cumhuriyet Halk Partisi,democracy,Demokrasi,democratic_reform,6,18,2,11,22.55,11.87288,-0.6428571428571429,negative
2006-06-01,Anavatan Partisi,reform,Reform,democratic_reform,4,21,2,7,24.15,11.416989999999998,-0.5,negative
2006-06-01,Doğru Yol Partisi,inflation,Enflasyon,macro_economy,5,16,0,7,18.45,10.95868,-0.875,negative
2006-06-01,Doğru Yol Partisi,law_state,Hukuk Devleti,democratic_reform,1,10,0,2,10.7,7.133689999999999,-0.6666666666666666,negative
2006-06-01,Cumhuriyet Halk Partisi,imf,IMF,macro_economy,3,10,0,4,11.4,6.9835899999999995,-0.8,negative
2006-06-01,Anavatan Partisi,inflation,Enflasyon,macro_economy,3,8,1,8,11.15,6.728975,-0.7,negative
2006-06-01,Bağımsız,european_union,Avrupa Birligi,democratic_reform,2,14,3,8,17.85,6.10386,-0.4166666666666667,negative
2006-06-01,Cumhuriyet Halk Partisi,tutelage,Vesayet,constitutional_conflict,3,5,0,8,7.799999999999999,5.721209999999999,-0.8888888888888888,negative
2006-06-01,Adalet ve Kalkınma Partisi,inflation,Enflasyon,macro_economy,2,7,0,4,8.4,5.7124999999999995,-0.8,negative
2006-06-01,Doğru Yol Partisi,security,Guvenlik,security_conflict,4,9,0,5,10.75,5.65839,-0.8333333333333334,negative
2006-06-01,Bağımsız,interest,Faiz,macro_economy,1,5,0,3,6.05,4.5375,-0.75,negative
2006-06-01,Cumhuriyet Halk Partisi,inflation,Enflasyon,macro_economy,3,8,3,8,11.85,4.35625,-0.4166666666666667,negative
2006-06-01,Bağımsız,constitution,Anayasa,constitutional_conflict,1,5,0,2,5.7,3.8001899999999997,-0.6666666666666666,negative
2006-06-01,Doğru Yol Partisi,constitution,Anayasa,constitutional_conflict,2,4,0,4,5.4,3.60018,-0.8,negative
2006-06-01,Adalet ve Kalkınma Partisi,tutelage,Vesayet,constitutional_conflict,1,2,0,4,3.4,2.72,-0.8,negative
2006-06-01,Bağımsız,democracy,Demokrasi,democratic_reform,2,3,0,3,4.050000000000001,2.47509,-0.75,negative
2006-06-01,Adalet ve Kalkınma Partisi,democracy,Demokrasi,democratic_reform,2,4,0,2,4.7,2.35,-0.6666666666666666,negative
2006-06-01,Adalet ve Kalkınma Partisi,reform,Reform,democratic_reform,2,4,0,2,4.7,2.35,-0.6666666666666666,negative
2006-06-01,Anavatan Partisi,european_union,Avrupa Birligi,democratic_reform,2,3,0,2,3.7,1.85,-0.6666666666666666,negative
2006-06-01,Anavatan Partisi,democracy,Demokrasi,democratic_reform,2,4,1,3,5.4,1.6875,-0.4,negative
2006-06-01,Adalet ve Kalkınma Partisi,european_union,Avrupa Birligi,democratic_reform,1,3,2,4,5.1,1.4570699999999999,-0.2857142857142857,negative
2006-06-01,Bağımsız,law_state,Hukuk Devleti,democratic_reform,1,2,0,1,2.35,1.175,-0.5,negative
2006-06-01,Doğru Yol Partisi,imf,IMF,macro_economy,1,2,0,1,2.35,1.175,-0.5,negative
2006-06-01,Cumhuriyet Halk Partisi,reform,Reform,democratic_reform,1,1,0,2,1.7,1.13339,-0.6666666666666666,negative
2006-06-01,Adalet ve Kalkınma Partisi,imf,IMF,macro_economy,1,1,0,1,1.35,0.675,-0.5,negative
2006-09-01,Adalet ve Kalkınma Partisi,economy,Ekonomi,macro_economy,11,32,3,36,45.65,32.185649999999995,-0.825,negative
2006-09-01,Cumhuriyet Halk Partisi,security,Guvenlik,security_conflict,8,38,5,26,48.85,24.945179999999997,-0.65625,negative
2006-09-01,Adalet ve Kalkınma Partisi,constitution,Anayasa,constitutional_conflict,2,49,3,9,53.199999999999996,23.40232,-0.46153846153846156,negative
2006-09-01,Bağımsız,constitution,Anayasa,constitutional_conflict,3,73,5,10,78.25,22.92773,-0.3125,negative
2006-09-01,Cumhuriyet Halk Partisi,constitution,Anayasa,constitutional_conflict,6,28,0,11,31.849999999999998,20.51238,-0.9166666666666666,negative
2006-09-01,Cumhuriyet Halk Partisi,economy,Ekonomi,macro_economy,10,34,3,18,41.35,20.50047,-0.6818181818181818,negative
2006-09-01,Anavatan Partisi,economy,Ekonomi,macro_economy,3,13,1,16,18.95,13.928125000000001,-0.8333333333333334,negative
2006-09-01,Doğru Yol Partisi,constitution,Anayasa,constitutional_conflict,3,17,1,8,20.15,10.837499999999999,-0.7,negative
2006-09-01,Adalet ve Kalkınma Partisi,democracy,Demokrasi,democratic_reform,5,16,0,6,18.1,9.50009,-0.8571428571428571,negative
2006-09-01,Adalet ve Kalkınma Partisi,security,Guvenlik,security_conflict,7,13,1,11,17.2,8.800089999999999,-0.7692307692307693,negative
2006-09-01,Cumhuriyet Halk Partisi,law_state,Hukuk Devleti,democratic_reform,4,11,2,11,15.549999999999999,8.49277,-0.6428571428571429,negative
2006-09-01,Doğru Yol Partisi,security,Guvenlik,security_conflict,3,10,0,7,12.45,8.12839,-0.875,negative
2006-09-01,Adalet ve Kalkınma Partisi,law_state,Hukuk Devleti,democratic_reform,3,12,0,4,13.4,7.9835899999999995,-0.8,negative
2006-09-01,Doğru Yol Partisi,economy,Ekonomi,macro_economy,2,8,1,6,10.45,5.67509,-0.625,negative
2006-09-01,Cumhuriyet Halk Partisi,european_union,Avrupa Birligi,democratic_reform,3,4,0,5,5.75,3.6374999999999993,-0.8333333333333334,negative
2006-09-01,Doğru Yol Partisi,imf,IMF,macro_economy,1,3,0,3,4.05,3.0374999999999996,-0.75,negative
2006-09-01,Adalet ve Kalkınma Partisi,european_union,Avrupa Birligi,democratic_reform,2,5,0,2,5.699999999999999,2.8499999999999996,-0.6666666666666666,negative
2006-09-01,Doğru Yol Partisi,democracy,Demokrasi,democratic_reform,1,5,0,1,5.35,2.675,-0.5,negative
2006-09-01,Doğru Yol Partisi,inflation,Enflasyon,macro_economy,1,4,0,1,4.35,2.175,-0.5,negative
2006-09-01,Cumhuriyet Halk Partisi,democracy,Demokrasi,democratic_reform,2,3,1,4,4.75,2.035,-0.5,negative
2006-09-01,Anavatan Partisi,security,Guvenlik,security_conflict,2,2,0,2,2.7,1.35,-0.6666666666666666,negative
2006-09-01,Cumhuriyet Halk Partisi,interest,Faiz,macro_economy,1,2,0,1,2.35,1.175,-0.5,negative
2006-09-01,Anavatan Partisi,european_union,Avrupa Birligi,democratic_reform,1,2,1,2,3.05,0.7625,-0.25,negative
2006-09-01,Adalet ve Kalkınma Partisi,reform,Reform,democratic_reform,1,1,0,1,1.35,0.675,-0.5,negative
2006-09-01,Anavatan Partisi,constitution,Anayasa,constitutional_conflict,1,1,0,1,1.35,0.675,-0.5,negative
2006-09-01,Anavatan Partisi,democracy,Demokrasi,democratic_reform,1,1,0,1,1.35,0.675,-0.5,negative
2006-09-01,Cumhuriyet Halk Partisi,imf,IMF,macro_economy,1,1,0,1,1.35,0.675,-0.5,negative
2006-09-01,Cumhuriyet Halk Partisi,reform,Reform,democratic_reform,1,1,0,1,1.35,0.675,-0.5,negative
2006-10-01,Cumhuriyet Halk Partisi,law_state,Hukuk Devleti,democratic_reform,12,46,1,27,55.800000000000004,39.53852,-0.896551724137931,negative
2006-10-01,Adalet ve Kalkınma Partisi,european_union,Avrupa Birligi,democratic_reform,5,26,0,12,30.200000000000003,22.69009,-0.9230769230769231,negative
2006-10-01,Cumhuriyet Halk Partisi,constitution,Anayasa,constitutional_conflict,4,18,1,13,22.9,13.950809999999999,-0.8,negative
2006-10-01,Adalet ve Kalkınma Partisi,constitution,Anayasa,constitutional_conflict,3,21,2,9,24.85,11.93509,-0.5833333333333334,negative
2006-10-01,Cumhuriyet Halk Partisi,economy,Ekonomi,macro_economy,3,13,1,12,17.55,11.839039999999999,-0.7857142857142857,negative
2006-10-01,Cumhuriyet Halk Partisi,european_union,Avrupa Birligi,democratic_reform,6,12,0,11,15.85,10.46041,-0.9166666666666666,negative
2006-10-01,Anavatan Partisi,constitution,Anayasa,constitutional_conflict,4,17,2,9,20.85,8.51785,-0.5833333333333334,negative
2006-10-01,Adalet ve Kalkınma Partisi,law_state,Hukuk Devleti,democratic_reform,3,4,0,17,9.95,8.39411,-0.9444444444444444,negative
2006-10-01,Cumhuriyet Halk Partisi,security,Guvenlik,security_conflict,8,13,1,11,17.2,8.237680000000001,-0.7692307692307693,negative
2006-10-01,Adalet ve Kalkınma Partisi,tutelage,Vesayet,constitutional_conflict,3,6,1,12,10.549999999999999,7.103249999999999,-0.7857142857142857,negative
2006-10-01,Cumhuriyet Halk Partisi,interest,Faiz,macro_economy,3,5,0,6,7.1,4.84589,-0.8571428571428571,negative
2006-10-01,Anavatan Partisi,law_state,Hukuk Devleti,democratic_reform,3,6,0,4,7.4,4.1500900000000005,-0.8,negative
2006-10-01,Cumhuriyet Halk Partisi,imf,IMF,macro_economy,4,5,0,5,6.75,3.8250900000000003,-0.8333333333333334,negative
2006-10-01,Anavatan Partisi,reform,Reform,democratic_reform,2,5,0,3,6.050000000000001,3.47509,-0.75,negative
2006-10-01,Anavatan Partisi,economy,Ekonomi,macro_economy,2,7,2,5,9.45,3.41777,-0.375,negative
2006-10-01,Adalet ve Kalkınma Partisi,economy,Ekonomi,macro_economy,2,5,3,8,8.85,3.402,-0.4166666666666667,negative
2006-10-01,Anavatan Partisi,security,Guvenlik,security_conflict,1,2,0,4,3.4,2.72,-0.8,negative
2006-10-01,Bağımsız,economy,Ekonomi,macro_economy,1,6,4,7,9.85,2.4625,-0.25,negative
2006-10-01,Anavatan Partisi,interest,Faiz,macro_economy,1,3,0,1,3.35,1.675,-0.5,negative
2006-10-01,Cumhuriyet Halk Partisi,democracy,Demokrasi,democratic_reform,1,2,0,1,2.35,1.175,-0.5,negative
2006-10-01,Bağımsız,security,Guvenlik,security_conflict,1,3,1,2,4.05,1.0125,-0.25,negative
2006-10-01,Adalet ve Kalkınma Partisi,democracy,Demokrasi,democratic_reform,1,1,0,1,1.35,0.675,-0.5,negative
2006-10-01,Adalet ve Kalkınma Partisi,security,Guvenlik,security_conflict,1,1,0,1,1.35,0.675,-0.5,negative
2006-10-01,Bağımsız,sovereignty,Egemenlik,security_conflict,1,1,0,1,1.35,0.675,-0.5,negative
2006-11-01,Cumhuriyet Halk Partisi,law_state,Hukuk Devleti,democratic_reform,25,74,2,53,93.25,56.287195,-0.9107142857142857,negative
2006-11-01,Cumhuriyet Halk Partisi,security,Guvenlik,security_conflict,10,31,3,53,50.6,38.64893,-0.8771929824561403,negative
2006-11-01,Adalet ve Kalkınma Partisi,law_state,Hukuk Devleti,democratic_reform,18,49,0,26,58.1,34.64987,-0.9629629629629629,negative
2006-11-01,Cumhuriyet Halk Partisi,economy,Ekonomi,macro_economy,11,28,0,34,39.9,27.795769999999997,-0.9714285714285714,negative
2006-11-01,Cumhuriyet Halk Partisi,european_union,Avrupa Birligi,democratic_reform,19,30,3,28,40.85,20.28366,-0.78125,negative
2006-11-01,Anavatan Partisi,law_state,Hukuk Devleti,democratic_reform,3,18,1,11,22.200000000000003,14.80074,-0.7692307692307693,negative
2006-11-01,Adalet ve Kalkınma Partisi,economy,Ekonomi,macro_economy,8,14,0,20,21.0,14.78447,-0.9523809523809523,negative
2006-11-01,Cumhuriyet Halk Partisi,democracy,Demokrasi,democratic_reform,9,18,0,14,22.9,14.22947,-0.9333333333333333,negative
2006-11-01,Adalet ve Kalkınma Partisi,constitution,Anayasa,constitutional_conflict,5,16,0,8,18.799999999999997,11.750469999999998,-0.8888888888888888,negative
2006-11-01,Adalet ve Kalkınma Partisi,democracy,Demokrasi,democratic_reform,6,12,0,12,16.200000000000003,11.03687,-0.9230769230769231,negative
2006-11-01,Cumhuriyet Halk Partisi,constitution,Anayasa,constitutional_conflict,6,10,0,10,13.5,8.079279999999999,-0.9090909090909091,negative
2006-11-01,Anavatan Partisi,constitution,Anayasa,constitutional_conflict,1,8,0,3,9.05,6.7875000000000005,-0.75,negative
2006-11-01,Adalet ve Kalkınma Partisi,european_union,Avrupa Birligi,democratic_reform,4,5,0,10,8.5,6.06589,-0.9090909090909091,negative
2006-11-01,Adalet ve Kalkınma Partisi,security,Guvenlik,security_conflict,7,7,0,9,10.15,5.64178,-0.9,negative
2006-11-01,Cumhuriyet Halk Partisi,imf,IMF,macro_economy,3,5,0,6,7.1,4.762589999999999,-0.8571428571428571,negative
2006-11-01,Anavatan Partisi,security,Guvenlik,security_conflict,4,7,1,6,9.450000000000001,4.285,-0.625,negative
2006-11-01,Anavatan Partisi,democracy,Demokrasi,democratic_reform,1,5,0,2,5.7,3.8001899999999997,-0.6666666666666666,negative
2006-11-01,Doğru Yol Partisi,interest,Faiz,macro_economy,2,4,0,4,5.4,3.60018,-0.8,negative
2006-11-01,Cumhuriyet Halk Partisi,reform,Reform,democratic_reform,1,2,0,4,3.4,2.72,-0.8,negative
2006-11-01,Bağımsız,economy,Ekonomi,macro_economy,1,3,1,4,4.75,2.375,-0.5,negative
2006-11-01,Anavatan Partisi,inflation,Enflasyon,macro_economy,1,4,0,1,4.35,2.175,-0.5,negative
2006-11-01,Doğru Yol Partisi,security,Guvenlik,security_conflict,1,4,0,1,4.35,2.175,-0.5,negative
2006-11-01,Adalet ve Kalkınma Partisi,interest,Faiz,macro_economy,2,3,0,2,3.7,1.85,-0.6666666666666666,negative
2006-11-01,Anavatan Partisi,imf,IMF,macro_economy,2,3,0,2,3.7,1.85,-0.6666666666666666,negative
2006-11-01,Bağımsız,security,Guvenlik,security_conflict,2,2,0,3,3.05,1.80839,-0.75,negative
2006-11-01,Anavatan Partisi,european_union,Avrupa Birligi,democratic_reform,1,2,0,2,2.7,1.80009,-0.6666666666666666,negative
2006-11-01,Cumhuriyet Halk Partisi,tutelage,Vesayet,constitutional_conflict,2,2,0,2,2.7,1.35,-0.6666666666666666,negative
2006-11-01,Adalet ve Kalkınma Partisi,reform,Reform,democratic_reform,1,1,0,2,1.7,1.13339,-0.6666666666666666,negative
2006-11-01,Bağımsız,interest,Faiz,macro_economy,1,1,0,2,1.7,1.13339,-0.6666666666666666,negative
2006-11-01,Adalet ve Kalkınma Partisi,sovereignty,Egemenlik,security_conflict,1,1,0,1,1.35,0.675,-0.5,negative
2006-12-01,Adalet ve Kalkınma Partisi,security,Guvenlik,security_conflict,23,111,16,114,156.5,104.74045,-0.7480916030534351,negative
2006-12-01,Cumhuriyet Halk Partisi,security,Guvenlik,security_conflict,31,114,17,115,160.2,91.93585,-0.7368421052631579,negative
2006-12-01,Cumhuriyet Halk Partisi,economy,Ekonomi,macro_economy,26,138,23,89,177.20000000000002,77.390805,-0.584070796460177,negative
2006-12-01,Adalet ve Kalkınma Partisi,law_state,Hukuk Devleti,democratic_reform,26,88,4,71,114.25,74.467215,-0.881578947368421,negative
2006-12-01,Cumhuriyet Halk Partisi,law_state,Hukuk Devleti,democratic_reform,32,88,6,63,112.14999999999999,63.33565,-0.8142857142857143,negative
2006-12-01,Adalet ve Kalkınma Partisi,economy,Ekonomi,macro_economy,18,57,4,60,79.4,54.465905,-0.8615384615384616,negative
2006-12-01,Anavatan Partisi,security,Guvenlik,security_conflict,16,64,12,68,92.0,49.39068,-0.691358024691358,negative
2006-12-01,Adalet ve Kalkınma Partisi,constitution,Anayasa,constitutional_conflict,10,51,1,19,58.0,36.396860000000004,-0.8571428571428571,negative
2006-12-01,Anavatan Partisi,economy,Ekonomi,macro_economy,10,43,8,40,59.8,32.52413,-0.6530612244897959,negative
2006-12-01,Cumhuriyet Halk Partisi,constitution,Anayasa,constitutional_conflict,12,43,0,19,49.65,31.51509,-0.95,negative
2006-12-01,Bağımsız,economy,Ekonomi,macro_economy,3,61,14,38,79.2,31.185440000000007,-0.4528301886792453,negative
2006-12-01,Cumhuriyet Halk Partisi,interest,Faiz,macro_economy,6,30,0,16,35.6,26.029435,-0.9411764705882353,negative
2006-12-01,Cumhuriyet Halk Partisi,imf,IMF,macro_economy,5,18,1,26,27.45,21.659110000000002,-0.8928571428571429,negative
2006-12-01,Cumhuriyet Halk Partisi,european_union,Avrupa Birligi,democratic_reform,6,29,2,14,34.6,20.787075,-0.7058823529411765,negative
2006-12-01,Cumhuriyet Halk Partisi,inflation,Enflasyon,macro_economy,4,15,0,11,18.85,15.18072,-0.9166666666666666,negative
2006-12-01,Cumhuriyet Halk Partisi,reform,Reform,democratic_reform,8,18,1,15,23.599999999999998,13.54598,-0.8235294117647058,negative
2006-12-01,Cumhuriyet Halk Partisi,democracy,Demokrasi,democratic_reform,10,21,2,15,26.950000000000003,13.011790000000001,-0.7222222222222222,negative
2006-12-01,Bağımsız,inflation,Enflasyon,macro_economy,2,16,0,5,17.75,11.095,-0.8333333333333334,negative
2006-12-01,Adalet ve Kalkınma Partisi,interest,Faiz,macro_economy,4,16,0,5,17.75,9.49179,-0.8333333333333334,negative
2006-12-01,Anavatan Partisi,law_state,Hukuk Devleti,democratic_reform,4,9,0,10,12.5,8.8547,-0.9090909090909091,negative
2006-12-01,Adalet ve Kalkınma Partisi,european_union,Avrupa Birligi,democratic_reform,8,12,2,12,16.9,8.65858,-0.6666666666666666,negative
2006-12-01,Anavatan Partisi,constitution,Anayasa,constitutional_conflict,4,12,0,5,13.75,8.325289999999999,-0.8333333333333334,negative
2006-12-01,Anavatan Partisi,european_union,Avrupa Birligi,democratic_reform,7,10,1,10,13.850000000000001,7.201790000000001,-0.75,negative
2006-12-01,Anavatan Partisi,imf,IMF,macro_economy,5,9,1,8,12.15,6.79608,-0.7,negative
2006-12-01,Adalet ve Kalkınma Partisi,reform,Reform,democratic_reform,4,7,0,8,9.8,6.675,-0.8888888888888888,negative
2006-12-01,Bağımsız,security,Guvenlik,security_conflict,3,17,2,5,19.450000000000003,5.2,-0.375,negative
2006-12-01,Bağımsız,constitution,Anayasa,constitutional_conflict,1,6,0,2,6.7,4.46689,-0.6666666666666666,negative
2006-12-01,Cumhuriyet Halk Partisi,tutelage,Vesayet,constitutional_conflict,2,5,2,8,8.5,4.25,-0.5454545454545454,negative
2006-12-01,Cumhuriyet Halk Partisi,sovereignty,Egemenlik,security_conflict,1,3,0,5,4.75,3.958175,-0.8333333333333334,negative
2006-12-01,Adalet ve Kalkınma Partisi,inflation,Enflasyon,macro_economy,4,5,0,5,6.75,3.65839,-0.8333333333333334,negative
2006-12-01,Bağımsız,interest,Faiz,macro_economy,1,6,0,1,6.35,3.175,-0.5,negative
2006-12-01,Adalet ve Kalkınma Partisi,sovereignty,Egemenlik,security_conflict,1,4,0,2,4.7,3.13349,-0.6666666666666666,negative
2006-12-01,Anavatan Partisi,democracy,Demokrasi,democratic_reform,1,4,0,1,4.35,2.175,-0.5,negative
2006-12-01,Anavatan Partisi,inflation,Enflasyon,macro_economy,3,3,0,3,4.050000000000001,2.0250000000000004,-0.75,negative
2006-12-01,Adalet ve Kalkınma Partisi,democracy,Demokrasi,democratic_reform,1,1,0,4,2.4,1.92,-0.8,negative
2006-12-01,Doğru Yol Partisi,economy,Ekonomi,macro_economy,2,3,0,2,3.7,1.85,-0.6666666666666666,negative
2006-12-01,Bağımsız,imf,IMF,macro_economy,1,3,1,3,4.4,1.7600000000000002,-0.4,negative
2006-12-01,Bağımsız,european_union,Avrupa Birligi,democratic_reform,1,3,0,1,3.35,1.675,-0.5,negative
2006-12-01,Adalet ve Kalkınma Partisi,imf,IMF,macro_economy,1,2,0,1,2.35,1.175,-0.5,negative
2006-12-01,Doğru Yol Partisi,inflation,Enflasyon,macro_economy,1,2,0,1,2.35,1.175,-0.5,negative
2006-12-01,Doğru Yol Partisi,security,Guvenlik,security_conflict,1,2,0,1,2.35,1.175,-0.5,negative
2006-12-01,Doğru Yol Partisi,interest,Faiz,macro_economy,1,1,0,1,1.35,0.675,-0.5,negative
2007-01-01,Cumhuriyet Halk Partisi,security,Guvenlik,security_conflict,10,53,5,34,66.64999999999999,41.06091,-0.725,negative
2007-01-01,Adalet ve Kalkınma Partisi,european_union,Avrupa Birligi,democratic_reform,5,44,4,29,55.55,32.916965000000005,-0.7352941176470589,negative
2007-01-01,Cumhuriyet Halk Partisi,constitution,Anayasa,constitutional_conflict,6,61,2,15,66.95,29.123689999999996,-0.7222222222222222,negative
2007-01-01,Adalet ve Kalkınma Partisi,economy,Ekonomi,macro_economy,7,29,11,42,47.55,25.828049999999998,-0.5740740740740741,negative
2007-01-01,Adalet ve Kalkınma Partisi,security,Guvenlik,security_conflict,6,24,1,17,30.3,19.54338,-0.8421052631578947,negative
2007-01-01,Adalet ve Kalkınma Partisi,constitution,Anayasa,constitutional_conflict,4,36,1,6,38.449999999999996,16.185,-0.625,negative
2007-01-01,Cumhuriyet Halk Partisi,economy,Ekonomi,macro_economy,6,22,0,10,25.5,16.05066,-0.9090909090909091,negative
2007-01-01,Cumhuriyet Halk Partisi,law_state,Hukuk Devleti,democratic_reform,7,15,3,14,20.95,9.97527,-0.6111111111111112,negative
2007-01-01,Bağımsız,law_state,Hukuk Devleti,democratic_reform,3,12,0,5,13.749999999999998,8.77538,-0.8333333333333334,negative
2007-01-01,Anavatan Partisi,economy,Ekonomi,macro_economy,2,8,0,4,9.4,6.7125,-0.8,negative
2007-01-01,Adalet ve Kalkınma Partisi,law_state,Hukuk Devleti,democratic_reform,5,10,0,5,11.75,5.875,-0.8333333333333334,negative
2007-01-01,Doğru Yol Partisi,security,Guvenlik,security_conflict,1,12,2,5,14.45,5.418749999999999,-0.375,negative
2007-01-01,Bağımsız,economy,Ekonomi,macro_economy,2,8,1,5,10.1,5.05,-0.5714285714285714,negative
2007-01-01,Adalet ve Kalkınma Partisi,democracy,Demokrasi,democratic_reform,4,6,1,5,8.1,3.2875,-0.5714285714285714,negative
2007-01-01,Bağımsız,democracy,Demokrasi,democratic_reform,1,5,0,1,5.35,2.675,-0.5,negative
2007-01-01,Bağımsız,european_union,Avrupa Birligi,democratic_reform,1,2,0,3,3.05,2.2874999999999996,-0.75,negative
2007-01-01,Adalet ve Kalkınma Partisi,interest,Faiz,macro_economy,1,6,5,8,10.55,2.260865,-0.21428571428571427,negative
2007-01-01,Adalet ve Kalkınma Partisi,reform,Reform,democratic_reform,1,2,0,2,2.7,1.80009,-0.6666666666666666,negative
2007-01-01,Bağımsız,security,Guvenlik,security_conflict,2,2,0,2,2.7,1.35,-0.6666666666666666,negative
2007-01-01,Anavatan Partisi,reform,Reform,democratic_reform,1,2,0,1,2.35,1.175,-0.5,negative
2007-01-01,Anavatan Partisi,democracy,Demokrasi,democratic_reform,1,1,0,2,1.7,1.13339,-0.6666666666666666,negative
2007-01-01,Cumhuriyet Halk Partisi,european_union,Avrupa Birligi,democratic_reform,1,1,0,2,1.7,1.13339,-0.6666666666666666,negative
2007-01-01,Adalet ve Kalkınma Partisi,imf,IMF,macro_economy,1,1,0,1,1.35,0.675,-0.5,negative
2007-01-01,Anavatan Partisi,constitution,Anayasa,constitutional_conflict,1,1,0,1,1.35,0.675,-0.5,negative
2007-01-01,Anavatan Partisi,security,Guvenlik,security_conflict,1,1,0,1,1.35,0.675,-0.5,negative
2007-01-01,Cumhuriyet Halk Partisi,inflation,Enflasyon,macro_economy,1,1,0,1,1.35,0.675,-0.5,negative
2007-01-01,Cumhuriyet Halk Partisi,interest,Faiz,macro_economy,1,1,0,1,1.35,0.675,-0.5,negative
2007-01-01,Doğru Yol Partisi,reform,Reform,democratic_reform,1,1,0,1,1.35,0.675,-0.5,negative
2007-02-01,Adalet ve Kalkınma Partisi,economy,Ekonomi,macro_economy,8,32,5,41,48.1,31.638049999999996,-0.7659574468085106,negative
2007-02-01,Cumhuriyet Halk Partisi,constitution,Anayasa,constitutional_conflict,9,29,0,17,34.95,22.38376,-0.9444444444444444,negative
2007-02-01,Bağımsız,economy,Ekonomi,macro_economy,3,26,7,28,38.25,20.63677,-0.5833333333333334,negative
2007-02-01,Adalet ve Kalkınma Partisi,interest,Faiz,macro_economy,4,38,3,11,42.9,19.879795,-0.5333333333333333,negative
2007-02-01,Anavatan Partisi,economy,Ekonomi,macro_economy,6,29,8,22,39.5,16.04753,-0.45161290322580644,negative
2007-02-01,Cumhuriyet Halk Partisi,law_state,Hukuk Devleti,democratic_reform,8,21,1,15,26.6,15.253490000000001,-0.8235294117647058,negative
2007-02-01,Bağımsız,european_union,Avrupa Birligi,democratic_reform,1,39,8,16,47.4,15.168,-0.32,negative
2007-02-01,Adalet ve Kalkınma Partisi,security,Guvenlik,security_conflict,6,15,1,16,20.95,13.741745,-0.8333333333333334,negative
2007-02-01,Cumhuriyet Halk Partisi,economy,Ekonomi,macro_economy,5,20,3,13,25.6,11.3374,-0.5882352941176471,negative
2007-02-01,Adalet ve Kalkınma Partisi,law_state,Hukuk Devleti,democratic_reform,7,13,1,14,18.25,11.291475,-0.8125,negative
2007-02-01,Doğru Yol Partisi,economy,Ekonomi,macro_economy,3,7,0,12,11.2,9.028185,-0.9230769230769231,negative
2007-02-01,Cumhuriyet Halk Partisi,european_union,Avrupa Birligi,democratic_reform,2,9,0,5,10.75,8.195,-0.8333333333333334,negative
2007-02-01,Anavatan Partisi,law_state,Hukuk Devleti,democratic_reform,4,7,1,11,11.200000000000001,6.74678,-0.7692307692307693,negative
2007-02-01,Anavatan Partisi,constitution,Anayasa,constitutional_conflict,1,10,0,1,10.35,5.175,-0.5,negative
2007-02-01,Cumhuriyet Halk Partisi,security,Guvenlik,security_conflict,3,4,1,7,6.8,3.9075000000000006,-0.6666666666666666,negative
2007-02-01,Cumhuriyet Halk Partisi,democracy,Demokrasi,democratic_reform,1,4,0,2,4.7,3.13349,-0.6666666666666666,negative
2007-02-01,Adalet ve Kalkınma Partisi,reform,Reform,democratic_reform,1,3,0,3,4.05,3.0374999999999996,-0.75,negative
2007-02-01,Doğru Yol Partisi,security,Guvenlik,security_conflict,1,2,0,4,3.4,2.72,-0.8,negative
2007-02-01,Anavatan Partisi,european_union,Avrupa Birligi,democratic_reform,2,4,0,2,4.7,2.35,-0.6666666666666666,negative
2007-02-01,Anavatan Partisi,security,Guvenlik,security_conflict,2,2,1,5,4.1,2.09339,-0.5714285714285714,negative
2007-02-01,Adalet ve Kalkınma Partisi,constitution,Anayasa,constitutional_conflict,2,3,0,2,3.7,1.85,-0.6666666666666666,negative
2007-02-01,Adalet ve Kalkınma Partisi,european_union,Avrupa Birligi,democratic_reform,2,3,0,2,3.7,1.85,-0.6666666666666666,negative
2007-02-01,Bağımsız,security,Guvenlik,security_conflict,2,2,0,3,3.05,1.80839,-0.75,negative
2007-02-01,Anavatan Partisi,reform,Reform,democratic_reform,1,3,0,1,3.35,1.675,-0.5,negative
2007-02-01,Adalet ve Kalkınma Partisi,democracy,Demokrasi,democratic_reform,2,2,0,2,2.7,1.35,-0.6666666666666666,negative
2007-02-01,Anavatan Partisi,imf,IMF,macro_economy,1,1,0,1,1.35,0.675,-0.5,negative
2007-02-01,Anavatan Partisi,interest,Faiz,macro_economy,1,1,0,1,1.35,0.675,-0.5,negative
2007-02-01,Cumhuriyet Halk Partisi,imf,IMF,macro_economy,1,1,0,1,1.35,0.675,-0.5,negative
2007-02-01,Doğru Yol Partisi,european_union,Avrupa Birligi,democratic_reform,1,1,0,1,1.35,0.675,-0.5,negative
2007-03-01,Anavatan Partisi,economy,Ekonomi,macro_economy,9,46,11,58,70.15,44.38131,-0.6714285714285714,negative
2007-03-01,Cumhuriyet Halk Partisi,economy,Ekonomi,macro_economy,11,41,7,52,61.65,38.9019,-0.75,negative
2007-03-01,Cumhuriyet Halk Partisi,security,Guvenlik,security_conflict,15,23,2,26,32.8,17.66839,-0.8275862068965517,negative
2007-03-01,Adalet ve Kalkınma Partisi,economy,Ekonomi,macro_economy,7,17,2,22,25.4,17.10837,-0.8,negative
2007-03-01,Cumhuriyet Halk Partisi,law_state,Hukuk Devleti,democratic_reform,10,30,5,21,39.1,16.29129,-0.5925925925925926,negative
2007-03-01,Cumhuriyet Halk Partisi,constitution,Anayasa,constitutional_conflict,6,18,2,17,24.65,15.62292,-0.75,negative
2007-03-01,Adalet ve Kalkınma Partisi,law_state,Hukuk Devleti,democratic_reform,6,12,0,12,16.200000000000003,11.18259,-0.9230769230769231,negative
2007-03-01,Anavatan Partisi,security,Guvenlik,security_conflict,7,12,1,15,17.6,10.6313,-0.8235294117647058,negative
2007-03-01,Adalet ve Kalkınma Partisi,security,Guvenlik,security_conflict,7,15,4,15,21.65,8.52098,-0.55,negative
2007-03-01,Bağımsız,economy,Ekonomi,macro_economy,2,9,2,8,12.5,5.874140000000001,-0.5454545454545454,negative
2007-03-01,Anavatan Partisi,law_state,Hukuk Devleti,democratic_reform,1,6,0,3,7.05,5.2875,-0.75,negative
2007-03-01,Bağımsız,european_union,Avrupa Birligi,democratic_reform,2,5,0,5,6.75,4.995,-0.8333333333333334,negative
2007-03-01,Adalet ve Kalkınma Partisi,european_union,Avrupa Birligi,democratic_reform,4,7,0,4,8.4,4.2,-0.8,negative
2007-03-01,Anavatan Partisi,constitution,Anayasa,constitutional_conflict,3,6,0,4,7.4,3.98339,-0.8,negative
2007-03-01,Cumhuriyet Halk Partisi,european_union,Avrupa Birligi,democratic_reform,4,6,0,4,7.4,3.7,-0.8,negative
2007-03-01,Cumhuriyet Halk Partisi,democracy,Demokrasi,democratic_reform,3,5,0,3,6.050000000000001,3.0250000000000004,-0.75,negative
2007-03-01,Cumhuriyet Halk Partisi,imf,IMF,macro_economy,1,3,0,2,3.7,2.46679,-0.6666666666666666,negative
2007-03-01,Doğru Yol Partisi,constitution,Anayasa,constitutional_conflict,1,3,0,2,3.7,2.46679,-0.6666666666666666,negative
2007-03-01,Adalet ve Kalkınma Partisi,democracy,Demokrasi,democratic_reform,1,2,0,2,2.7,1.80009,-0.6666666666666666,negative
2007-03-01,Cumhuriyet Halk Partisi,tutelage,Vesayet,constitutional_conflict,1,2,0,2,2.7,1.80009,-0.6666666666666666,negative
2007-03-01,Anavatan Partisi,interest,Faiz,macro_economy,1,2,0,1,2.35,1.175,-0.5,negative
2007-03-01,Cumhuriyet Halk Partisi,inflation,Enflasyon,macro_economy,1,1,0,2,1.7,1.13339,-0.6666666666666666,negative
2007-03-01,Doğru Yol Partisi,inflation,Enflasyon,macro_economy,1,1,0,2,1.7,1.13339,-0.6666666666666666,negative
2007-03-01,Cumhuriyet Halk Partisi,interest,Faiz,macro_economy,1,3,1,2,4.05,1.0125,-0.25,negative
2007-03-01,Anavatan Partisi,european_union,Avrupa Birligi,democratic_reform,1,1,0,1,1.35,0.675,-0.5,negative
2007-03-01,Anavatan Partisi,sovereignty,Egemenlik,security_conflict,1,1,0,1,1.35,0.675,-0.5,negative
2007-04-01,Cumhuriyet Halk Partisi,law_state,Hukuk Devleti,democratic_reform,10,34,1,16,39.95,23.90887,-0.8333333333333334,negative
2007-04-01,Adalet ve Kalkınma Partisi,security,Guvenlik,security_conflict,12,25,5,33,38.3,22.22714,-0.717948717948718,negative
2007-04-01,Cumhuriyet Halk Partisi,democracy,Demokrasi,democratic_reform,8,27,1,17,33.3,20.82965,-0.8421052631578947,negative
2007-04-01,Cumhuriyet Halk Partisi,economy,Ekonomi,macro_economy,6,16,2,25,25.450000000000003,16.52451,-0.8214285714285714,negative
2007-04-01,Cumhuriyet Halk Partisi,constitution,Anayasa,constitutional_conflict,6,27,1,8,30.15,14.26259,-0.7,negative
2007-04-01,Cumhuriyet Halk Partisi,security,Guvenlik,security_conflict,8,17,3,20,25.05,13.66283,-0.7083333333333334,negative
2007-04-01,Doğru Yol Partisi,economy,Ekonomi,macro_economy,4,11,0,16,16.6,12.97215,-0.9411764705882353,negative
2007-04-01,Adalet ve Kalkınma Partisi,law_state,Hukuk Devleti,democratic_reform,6,11,1,12,15.55,8.98759,-0.7857142857142857,negative
2007-04-01,Adalet ve Kalkınma Partisi,democracy,Demokrasi,democratic_reform,2,13,3,8,16.85,8.978689999999999,-0.4166666666666667,negative
2007-04-01,Bağımsız,security,Guvenlik,security_conflict,1,6,0,3,7.05,5.2875,-0.75,negative
2007-04-01,Doğru Yol Partisi,interest,Faiz,macro_economy,1,7,0,2,7.7,5.13359,-0.6666666666666666,negative
2007-04-01,Doğru Yol Partisi,security,Guvenlik,security_conflict,3,4,0,6,6.1,4.09589,-0.8571428571428571,negative
2007-04-01,Bağımsız,economy,Ekonomi,macro_economy,1,4,2,8,7.5,4.09125,-0.5454545454545454,negative
2007-04-01,Cumhuriyet Halk Partisi,sovereignty,Egemenlik,security_conflict,2,4,0,5,5.75,3.8950000000000005,-0.8333333333333334,negative
2007-04-01,Adalet ve Kalkınma Partisi,constitution,Anayasa,constitutional_conflict,2,5,0,3,6.050000000000001,3.47509,-0.75,negative
2007-04-01,Adalet ve Kalkınma Partisi,economy,Ekonomi,macro_economy,2,5,0,3,6.050000000000001,3.47509,-0.75,negative
2007-04-01,Bağımsız,democracy,Demokrasi,democratic_reform,1,3,0,2,3.7,2.46679,-0.6666666666666666,negative
2007-04-01,Adalet ve Kalkınma Partisi,sovereignty,Egemenlik,security_conflict,1,3,0,1,3.35,1.675,-0.5,negative
2007-04-01,Bağımsız,constitution,Anayasa,constitutional_conflict,1,3,0,1,3.35,1.675,-0.5,negative
2007-04-01,Adalet ve Kalkınma Partisi,reform,Reform,democratic_reform,1,1,0,3,2.05,1.5374999999999999,-0.75,negative
2007-04-01,Anavatan Partisi,constitution,Anayasa,constitutional_conflict,1,2,0,1,2.35,1.175,-0.5,negative
2007-04-01,Cumhuriyet Halk Partisi,european_union,Avrupa Birligi,democratic_reform,1,2,0,1,2.35,1.175,-0.5,negative
2007-04-01,Anavatan Partisi,law_state,Hukuk Devleti,democratic_reform,1,1,0,1,1.35,0.675,-0.5,negative
2007-04-01,Bağımsız,european_union,Avrupa Birligi,democratic_reform,1,1,0,1,1.35,0.675,-0.5,negative
2007-05-01,Adalet ve Kalkınma Partisi,security,Guvenlik,security_conflict,20,80,7,102,118.15,85.59145,-0.8636363636363636,negative
2007-05-01,Cumhuriyet Halk Partisi,constitution,Anayasa,constitutional_conflict,25,116,3,52,135.25,81.24589,-0.875,negative
2007-05-01,Adalet ve Kalkınma Partisi,constitution,Anayasa,constitutional_conflict,26,108,4,49,126.55000000000001,65.34469,-0.8333333333333334,negative
2007-05-01,Cumhuriyet Halk Partisi,security,Guvenlik,security_conflict,27,80,13,80,112.55,63.28364,-0.7127659574468085,negative
2007-05-01,Cumhuriyet Halk Partisi,law_state,Hukuk Devleti,democratic_reform,25,75,2,53,94.25,60.884915,-0.9107142857142857,negative
2007-05-01,Adalet ve Kalkınma Partisi,democracy,Demokrasi,democratic_reform,17,60,1,34,72.25,47.689755,-0.9166666666666666,negative
2007-05-01,Cumhuriyet Halk Partisi,democracy,Demokrasi,democratic_reform,14,55,2,41,70.05,46.68258,-0.8863636363636364,negative
2007-05-01,Cumhuriyet Halk Partisi,economy,Ekonomi,macro_economy,33,61,4,57,82.35,45.53362,-0.8548387096774194,negative
2007-05-01,Anavatan Partisi,economy,Ekonomi,macro_economy,8,48,7,44,65.85,42.498525,-0.7115384615384616,negative
2007-05-01,Anavatan Partisi,security,Guvenlik,security_conflict,16,43,4,39,58.05,35.95944,-0.7954545454545454,negative
2007-05-01,Adalet ve Kalkınma Partisi,law_state,Hukuk Devleti,democratic_reform,16,37,0,27,46.45,29.62527,-0.9642857142857143,negative
2007-05-01,Cumhuriyet Halk Partisi,european_union,Avrupa Birligi,democratic_reform,8,23,4,19,31.05,15.272680000000001,-0.625,negative
2007-05-01,Adalet ve Kalkınma Partisi,economy,Ekonomi,macro_economy,6,17,0,11,20.85,14.34528,-0.9166666666666666,negative
2007-05-01,Anavatan Partisi,law_state,Hukuk Devleti,democratic_reform,4,10,0,14,14.9,11.61984,-0.9333333333333333,negative
2007-05-01,Anavatan Partisi,constitution,Anayasa,constitutional_conflict,5,15,0,8,17.8,11.25047,-0.8888888888888888,negative
2007-05-01,Cumhuriyet Halk Partisi,tutelage,Vesayet,constitutional_conflict,2,6,0,14,10.9,9.543130000000001,-0.9333333333333333,negative
2007-05-01,Bağımsız,security,Guvenlik,security_conflict,3,8,0,9,11.15,8.587275,-0.9,negative
2007-05-01,Adalet ve Kalkınma Partisi,interest,Faiz,macro_economy,3,10,0,6,12.100000000000001,8.57,-0.8571428571428571,negative
2007-05-01,Anavatan Partisi,european_union,Avrupa Birligi,democratic_reform,4,11,0,6,13.1,8.0625,-0.8571428571428571,negative
2007-05-01,Cumhuriyet Halk Partisi,interest,Faiz,macro_economy,2,10,1,6,12.45,6.94614,-0.625,negative
2007-05-01,Anavatan Partisi,sovereignty,Egemenlik,security_conflict,2,8,0,4,9.4,6.7125,-0.8,negative
2007-05-01,Doğru Yol Partisi,law_state,Hukuk Devleti,democratic_reform,3,5,0,9,8.15,6.115,-0.9,negative
2007-05-01,Anavatan Partisi,democracy,Demokrasi,democratic_reform,4,9,0,5,10.75,5.99179,-0.8333333333333334,negative
2007-05-01,Adalet ve Kalkınma Partisi,sovereignty,Egemenlik,security_conflict,1,6,1,7,8.8,5.86696,-0.6666666666666666,negative
2007-05-01,Bağımsız,democracy,Demokrasi,democratic_reform,4,7,0,5,8.75,4.65839,-0.8333333333333334,negative
2007-05-01,Adalet ve Kalkınma Partisi,european_union,Avrupa Birligi,democratic_reform,3,7,0,4,8.4,4.48339,-0.8,negative
2007-05-01,Anavatan Partisi,tutelage,Vesayet,constitutional_conflict,2,4,1,7,6.8,4.04753,-0.6666666666666666,negative
2007-05-01,Cumhuriyet Halk Partisi,inflation,Enflasyon,macro_economy,5,5,1,7,7.8,3.67089,-0.6666666666666666,negative
2007-05-01,Cumhuriyet Halk Partisi,imf,IMF,macro_economy,4,4,0,5,5.75,3.15839,-0.8333333333333334,negative
2007-05-01,Adalet ve Kalkınma Partisi,tutelage,Vesayet,constitutional_conflict,3,3,0,4,4.4,2.48339,-0.8,negative
2007-05-01,Anavatan Partisi,interest,Faiz,macro_economy,2,3,0,2,3.7,1.85,-0.6666666666666666,negative
2007-05-01,Bağımsız,economy,Ekonomi,macro_economy,1,2,0,2,2.7,1.80009,-0.6666666666666666,negative
2007-05-01,Doğru Yol Partisi,constitution,Anayasa,constitutional_conflict,2,2,0,2,2.7,1.35,-0.6666666666666666,negative
2007-05-01,Bağımsız,constitution,Anayasa,constitutional_conflict,1,2,0,1,2.35,1.175,-0.5,negative
2007-05-01,Anavatan Partisi,reform,Reform,democratic_reform,1,1,0,2,1.7,1.13339,-0.6666666666666666,negative
2007-05-01,Cumhuriyet Halk Partisi,reform,Reform,democratic_reform,1,1,0,2,1.7,1.13339,-0.6666666666666666,negative
2007-05-01,Bağımsız,interest,Faiz,macro_economy,1,1,0,1,1.35,0.675,-0.5,negative
2007-06-01,Cumhuriyet Halk Partisi,security,Guvenlik,security_conflict,16,83,9,67,109.6,68.511345,-0.7532467532467533,negative
2007-06-01,Cumhuriyet Halk Partisi,constitution,Anayasa,constitutional_conflict,11,95,4,36,109.0,68.0919,-0.7804878048780488,negative
2007-06-01,Cumhuriyet Halk Partisi,economy,Ekonomi,macro_economy,14,33,6,45,50.85,29.05442,-0.75,negative
2007-06-01,Cumhuriyet Halk Partisi,law_state,Hukuk Devleti,democratic_reform,10,24,0,18,30.3,19.03277,-0.9473684210526315,negative
2007-06-01,Cumhuriyet Halk Partisi,democracy,Demokrasi,democratic_reform,6,13,2,14,18.6,10.21659,-0.7058823529411765,negative
2007-06-01,Adalet ve Kalkınma Partisi,security,Guvenlik,security_conflict,4,6,0,12,10.2,7.58411,-0.9230769230769231,negative
2007-06-01,Adalet ve Kalkınma Partisi,constitution,Anayasa,constitutional_conflict,4,5,0,6,7.1,4.3125,-0.8571428571428571,negative
2007-06-01,Adalet ve Kalkınma Partisi,inflation,Enflasyon,macro_economy,2,4,0,3,5.050000000000001,2.97509,-0.75,negative
2007-06-01,Adalet ve Kalkınma Partisi,democracy,Demokrasi,democratic_reform,1,1,0,2,1.7,1.13339,-0.6666666666666666,negative
2007-06-01,Adalet ve Kalkınma Partisi,law_state,Hukuk Devleti,democratic_reform,1,1,0,1,1.35,0.675,-0.5,negative
2007-06-01,Anavatan Partisi,tutelage,Vesayet,constitutional_conflict,1,1,0,1,1.35,0.675,-0.5,negative
2007-06-01,Cumhuriyet Halk Partisi,european_union,Avrupa Birligi,democratic_reform,1,1,0,1,1.35,0.675,-0.5,negative
