concept,weighted_degree,closeness_centrality,betweenness_centrality,eigenvector_centrality,concept_category,layer,date
Ekonomi,418.05,0.4616353481188835,0.16666666666666666,0.4611923809215255,macro_economy,total,2002-11-01
Hukuk Devleti,101.2,0.4391243177014567,0.027777777777777776,0.38436797297477315,democratic_reform,total,2002-11-01
Anayasa,87.95,0.3249108574686072,0.2222222222222222,0.01441940772048505,constitutional_conflict,total,2002-11-01
Demokrasi,79.85,0.4392030255765834,0.027777777777777776,0.4198926781348497,democratic_reform,total,2002-11-01
Reform,62.35,0.5145074671444959,0.0,0.38797208653323867,democratic_reform,total,2002-11-01
Avrupa Birligi,56.099999999999994,0.23470360573243823,0.0,0.0026810222723644872,democratic_reform,total,2002-11-01
Faiz,44.55,0.5144887767827672,0.5,0.2239888997936808,macro_economy,total,2002-11-01
Guvenlik,37.25,0.41476476046018734,0.38888888888888884,0.056271917816190405,security_conflict,total,2002-11-01
Enflasyon,29.85,0.3395895884640297,0.0,0.20903027917968087,macro_economy,total,2002-11-01
IMF,24.849999999999998,0.5457081550650841,0.4444444444444444,0.4642028945107104,macro_economy,total,2002-11-01
Ekonomi,559.8,0.4890511513454888,0.18181818181818182,0.3914978882882681,macro_economy,total,2002-12-01
Anayasa,257.4,0.42841316670547186,0.32727272727272727,0.0631524662143705,constitutional_conflict,total,2002-12-01
Demokrasi,202.55,0.5110085662865076,0.0,0.12928178981017815,democratic_reform,total,2002-12-01
Hukuk Devleti,168.65,0.5658391164139686,0.2909090909090909,0.4087154805581093,democratic_reform,total,2002-12-01
Guvenlik,99.0,0.5962130484731233,0.16363636363636364,0.42762048425116855,security_conflict,total,2002-12-01
Avrupa Birligi,85.95,0.46699812071626856,0.0,0.3789624545012205,democratic_reform,total,2002-12-01
Faiz,72.35,0.5366962231874839,0.39999999999999997,0.19389954020934724,macro_economy,total,2002-12-01
Enflasyon,27.55,0.3342689269734283,0.0,0.07264199836062135,macro_economy,total,2002-12-01
IMF,26.950000000000003,0.2499019616852871,0.0,0.0023618808287161623,macro_economy,total,2002-12-01
Reform,21.1,0.4693470591489453,0.0,0.38109125484632445,democratic_reform,total,2002-12-01
Vesayet,6.1000000000000005,0.3263078238039618,0.18181818181818182,0.012595514265894097,constitutional_conflict,total,2002-12-01
Egemenlik,3.35,0.46778768258656306,0.0,0.37978752241150365,security_conflict,total,2002-12-01
Ekonomi,899.0,0.5642266243376034,0.0,0.4274536550381895,macro_economy,total,2003-01-01
Hukuk Devleti,741.55,0.5649928997597746,0.3818181818181818,0.3257944996005842,democratic_reform,total,2003-01-01
Anayasa,309.65,0.5960704674648067,0.45454545454545453,0.4706133794464016,constitutional_conflict,total,2003-01-01
Guvenlik,202.15,0.4678506278041805,0.18181818181818182,0.3277592222240762,security_conflict,total,2003-01-01
Faiz,150.4,0.4478745071626429,0.32727272727272727,0.12413113737024427,macro_economy,total,2003-01-01
Demokrasi,144.95,0.4494911166460753,0.0,0.3205512683869535,democratic_reform,total,2003-01-01
Avrupa Birligi,105.95,0.4493235169061895,0.0,0.3203808754278269,democratic_reform,total,2003-01-01
Enflasyon,74.75,0.5371150436752512,0.0,0.2533761112508642,macro_economy,total,2003-01-01
Reform,71.9,0.49009217879280814,0.0,0.30562518328218125,democratic_reform,total,2003-01-01
IMF,34.400000000000006,0.3363221041570751,0.18181818181818182,0.026418757074521775,macro_economy,total,2003-01-01
Egemenlik,13.5,0.2548479446177861,0.0,0.005258787365432083,security_conflict,total,2003-01-01
Vesayet,1.35,0.3075881148952244,0.0,0.05568558080502188,constitutional_conflict,total,2003-01-01
Ekonomi,620.1500000000001,0.46606025841143683,0.0,0.39090349594330914,macro_economy,total,2003-02-01
Hukuk Devleti,417.8,0.4663766786498771,0.0,0.39123041532459263,democratic_reform,total,2003-02-01
Anayasa,185.95,0.48504428424157775,0.43636363636363634,0.16578332838956147,constitutional_conflict,total,2003-02-01
Guvenlik,88.69999999999999,0.5081008725441907,0.32727272727272727,0.39901259804173755,security_conflict,total,2003-02-01
Demokrasi,74.75,0.3815667875905075,0.32727272727272727,0.034608592889563285,democratic_reform,total,2003-02-01
Faiz,42.199999999999996,0.5607745950046226,0.0,0.417476189265048,macro_economy,total,2003-02-01
Avrupa Birligi,41.35,0.3545092792743512,0.18181818181818182,0.06858414641802678,democratic_reform,total,2003-02-01
Reform,40.9,0.4663957541505694,0.0,0.3913018206654207,democratic_reform,total,2003-02-01
Enflasyon,7.75,0.5609705585394815,0.43636363636363634,0.41693373594479316,macro_economy,total,2003-02-01
IMF,3.7,0.2898015818202275,0.0,0.008226181344342793,macro_economy,total,2003-02-01
Vesayet,1.7,0.26539961235951515,0.0,0.012804297223242063,constitutional_conflict,total,2003-02-01
Egemenlik,1.35,0.2898015818202275,0.0,0.008226181344342793,security_conflict,total,2003-02-01
Ekonomi,2971.85,0.35148646859572674,0.0,0.36133914320776445,macro_economy,total,2003-03-01
Hukuk Devleti,1062.3500000000001,0.5192818091295885,0.32727272727272727,0.1579672496316526,democratic_reform,total,2003-03-01
Anayasa,854.5999999999999,0.5190970743520248,0.10909090909090909,0.15788510000516975,constitutional_conflict,total,2003-03-01
Faiz,487.5,0.43659595076069546,0.2909090909090909,0.10344360926261138,macro_economy,total,2003-03-01
Demokrasi,482.5,0.45444017930369646,0.2545454545454545,0.4252579517382833,democratic_reform,total,2003-03-01
Guvenlik,422.55,0.4542860008634199,0.0,0.42527264003903376,security_conflict,total,2003-03-01
Reform,370.35,0.4540999483945849,0.0,0.4253141028201491,democratic_reform,total,2003-03-01
IMF,165.0,0.435754989373974,0.0,0.10310766143716515,macro_economy,total,2003-03-01
Avrupa Birligi,162.45,0.35177772677871405,0.0,0.3618693838695551,democratic_reform,total,2003-03-01
Enflasyon,159.65,0.5449509327467902,0.5454545454545454,0.3496879713737844,macro_economy,total,2003-03-01
Egemenlik,22.950000000000003,0.3409509079748106,0.18181818181818182,0.047822618514259924,security_conflict,total,2003-03-01
Vesayet,17.3,0.25927080730164687,0.0,0.010465925396639441,constitutional_conflict,total,2003-03-01
Ekonomi,1196.45,0.47494169623911764,0.0,0.0768048365675105,macro_economy,total,2003-04-01
Anayasa,717.0,0.4966368541246364,0.0,0.42776410383553043,constitutional_conflict,total,2003-04-01
Hukuk Devleti,542.25,0.3907452269387344,0.01818181818181818,0.3815154489678587,democratic_reform,total,2003-04-01
Demokrasi,339.4,0.49701740487318674,0.21818181818181817,0.4276112680397956,democratic_reform,total,2003-04-01
Faiz,203.54999999999998,0.37662666138214884,0.0,0.3269633073746343,macro_economy,total,2003-04-01
Guvenlik,138.60000000000002,0.3767131831973953,0.0,0.326413760179041,security_conflict,total,2003-04-01
Avrupa Birligi,123.55000000000001,0.47536658604169396,0.3818181818181818,0.07692151133162185,democratic_reform,total,2003-04-01
Reform,93.1,0.30369067872126787,0.18181818181818182,0.006424593531857571,democratic_reform,total,2003-04-01
Enflasyon,57.95,0.4968477155980462,0.10909090909090909,0.42770991235130806,macro_economy,total,2003-04-01
Egemenlik,44.85000000000001,0.2368354460859309,0.0,0.0012426715143975247,security_conflict,total,2003-04-01
IMF,14.45,0.3902858647624202,0.32727272727272727,0.03141574644678791,macro_economy,total,2003-04-01
Vesayet,3.4,0.5462758999957923,0.5454545454545454,0.2817446542560111,constitutional_conflict,total,2003-04-01
Ekonomi,1536.5,0.5047549237860967,0.0,0.2990121512739146,macro_economy,total,2003-05-01
Hukuk Devleti,709.75,0.5295790529022968,0.01818181818181818,0.36078525326506006,democratic_reform,total,2003-05-01
Avrupa Birligi,502.75,0.26129010903052835,0.0,0.0024040980762361124,democratic_reform,total,2003-05-01
Demokrasi,393.6,0.5574390804720375,0.10909090909090909,0.40583974903045505,democratic_reform,total,2003-05-01
Guvenlik,272.45,0.6573779174045272,0.5636363636363636,0.3804508454398596,security_conflict,total,2003-05-01
Anayasa,271.7,0.5859933296462287,0.14545454545454545,0.4378162772535208,constitutional_conflict,total,2003-05-01
Reform,91.89999999999999,0.34284240293811574,0.18181818181818182,0.012558751155210043,democratic_reform,total,2003-05-01
Faiz,85.69999999999999,0.47640386738019314,0.32727272727272727,0.07097124013746188,macro_economy,total,2003-05-01
IMF,60.1,0.4260438581870838,0.01818181818181818,0.27337991924290045,macro_economy,total,2003-05-01
Enflasyon,29.7,0.39022568582740247,0.0,0.06365391018613634,macro_economy,total,2003-05-01
Egemenlik,15.7,0.555926872965154,0.0,0.39065822813677736,security_conflict,total,2003-05-01
Vesayet,10.85,0.4073214104915274,0.0,0.20661854591705917,constitutional_conflict,total,2003-05-01
Ekonomi,1090.0,0.5871980311116494,0.18181818181818182,0.4232509638123538,macro_economy,total,2003-06-01
Hukuk Devleti,849.85,0.5580951211061946,0.0,0.40469745078231417,democratic_reform,total,2003-06-01
Guvenlik,273.8,0.4104001407030103,0.0,0.12474816287221854,security_conflict,total,2003-06-01
Faiz,220.00000000000003,0.4422049563707563,0.32727272727272727,0.07029109432782621,macro_economy,total,2003-06-01
Anayasa,202.0,0.5067580724232901,0.0,0.3652315436973047,constitutional_conflict,total,2003-06-01
Avrupa Birligi,201.05,0.5875186666421409,0.43636363636363634,0.37537555910709436,democratic_reform,total,2003-06-01
Demokrasi,173.45,0.5061946620026906,0.0,0.36450833921734893,democratic_reform,total,2003-06-01
Reform,148.2,0.46319493834415004,0.18181818181818182,0.2541017711430309,democratic_reform,total,2003-06-01
IMF,50.35000000000001,0.25482514810055995,0.0,0.002421094350771358,macro_economy,total,2003-06-01
Enflasyon,29.6,0.557991399383183,0.18181818181818182,0.40462102476412104,macro_economy,total,2003-06-01
Egemenlik,12.799999999999999,0.3326781278142519,0.18181818181818182,0.013181835247635321,security_conflict,total,2003-06-01
Vesayet,3.75,0.2813491613432773,0.0,0.030707106301300465,constitutional_conflict,total,2003-06-01
Ekonomi,1338.65,0.4938532504615158,0.0,0.2951732928003445,macro_economy,total,2003-07-01
Guvenlik,1222.1,0.6379324006986818,0.21818181818181817,0.44139731931228293,security_conflict,total,2003-07-01
Hukuk Devleti,804.3,0.5443423741683378,0.07272727272727272,0.40652326647755876,democratic_reform,total,2003-07-01
Anayasa,598.9499999999999,0.5443671581735778,0.07272727272727272,0.40666190431206245,constitutional_conflict,total,2003-07-01
Demokrasi,339.15,0.5187658138587883,0.10909090909090909,0.3470798781176825,democratic_reform,total,2003-07-01
Avrupa Birligi,329.85,0.5417812988628505,0.32727272727272727,0.30372328889668826,democratic_reform,total,2003-07-01
Faiz,167.3,0.5179549392680741,0.0,0.34595680733501577,macro_economy,total,2003-07-01
Reform,138.5,0.2851788185080645,0.0,0.011163074443608772,democratic_reform,total,2003-07-01
IMF,63.900000000000006,0.3729531707291486,0.18181818181818182,0.04316229769535097,macro_economy,total,2003-07-01
Enflasyon,57.4,0.5161026140954182,0.32727272727272727,0.22243137863064466,macro_economy,total,2003-07-01
Egemenlik,12.45,0.38630520588711603,0.18181818181818182,0.058959969477786214,security_conflict,total,2003-07-01
Vesayet,3.05,0.2785121548551467,0.0,0.00825095070069079,constitutional_conflict,total,2003-07-01
Ekonomi,499.20000000000005,0.6250706883221605,0.36363636363636365,0.4052019855530023,macro_economy,total,2003-10-01
Hukuk Devleti,206.15,0.5364797891131191,0.09090909090909091,0.37968237408403016,democratic_reform,total,2003-10-01
Demokrasi,159.75,0.5360590080075491,0.0,0.38350455349713997,democratic_reform,total,2003-10-01
Anayasa,102.25,0.535969700524745,0.05454545454545454,0.3833471298641217,constitutional_conflict,total,2003-10-01
Guvenlik,97.0,0.40923833399203613,0.0,0.17480635470097353,security_conflict,total,2003-10-01
Avrupa Birligi,71.25,0.5871176203667154,0.32727272727272727,0.43346984620356016,democratic_reform,total,2003-10-01
Faiz,52.25,0.48558347158939713,0.05454545454545454,0.2653304425022654,macro_economy,total,2003-10-01
Vesayet,27.8,0.35010011130115926,0.18181818181818182,0.028637065268139552,constitutional_conflict,total,2003-10-01
Reform,22.15,0.4825273802687924,0.32727272727272727,0.14159842720534652,democratic_reform,total,2003-10-01
Enflasyon,18.75,0.2654917974238834,0.0,0.005964047495080211,macro_economy,total,2003-10-01
IMF,8.7,0.4102011942929898,0.0,0.1754151961846451,macro_economy,total,2003-10-01
Egemenlik,3.7,0.4279595574357379,0.0,0.23893934637574757,security_conflict,total,2003-10-01
Ekonomi,563.15,0.3835459937923348,0.0,0.1297239429581626,macro_economy,total,2003-11-01
Guvenlik,464.5,0.4863064000655483,0.18181818181818182,0.20631897964208207,security_conflict,total,2003-11-01
Hukuk Devleti,239.15,0.6296858430918081,0.18181818181818182,0.4410736472558995,democratic_reform,total,2003-11-01
Demokrasi,135.75,0.5669633047149768,0.18181818181818182,0.40689588895119544,democratic_reform,total,2003-11-01
Anayasa,118.19999999999999,0.5132687632506563,0.0,0.3476756097416241,constitutional_conflict,total,2003-11-01
Faiz,68.65,0.5120985592344173,0.19999999999999998,0.3356218813976255,macro_economy,total,2003-11-01
Reform,47.45,0.3455250092671864,0.0,0.07117732408284785,democratic_reform,total,2003-11-01
Avrupa Birligi,40.4,0.5651934355909505,0.0,0.40578456973112975,democratic_reform,total,2003-11-01
Enflasyon,8.15,0.3152291244431418,0.0,0.04903980160523189,macro_economy,total,2003-11-01
IMF,5.4,0.42801410403348367,0.08181818181818182,0.11591219481238485,macro_economy,total,2003-11-01
Egemenlik,5.05,0.5939558665026926,0.43636363636363634,0.384668778538548,security_conflict,total,2003-11-01
Vesayet,3.4,0.42801410403348367,0.08181818181818182,0.11591219481238485,constitutional_conflict,total,2003-11-01
Ekonomi,3056.35,0.49319693859023056,0.18181818181818182,0.4125563547064088,macro_economy,total,2003-12-01
Hukuk Devleti,1211.75,0.41787633366200616,0.0,0.02533695700385803,democratic_reform,total,2003-12-01
Guvenlik,744.0,0.47212690669341534,0.0,0.4008431515590321,security_conflict,total,2003-12-01
Anayasa,655.2,0.4328324061066991,0.3090909090909091,0.026375316374716854,constitutional_conflict,total,2003-12-01
Faiz,638.7,0.6017356052376297,0.5454545454545454,0.4147315731622961,macro_economy,total,2003-12-01
Demokrasi,500.75,0.47238481495172513,0.0,0.4009806266463023,democratic_reform,total,2003-12-01
Enflasyon,471.5,0.5411992158175924,0.509090909090909,0.09055190524735958,macro_economy,total,2003-12-01
Reform,366.6,0.47246001818369454,0.0,0.4009666462113439,democratic_reform,total,2003-12-01
Avrupa Birligi,314.4,0.47187673234197625,0.0,0.399833443386204,democratic_reform,total,2003-12-01
IMF,146.85,0.31845706760278075,0.0,0.007428403966067311,macro_economy,total,2003-12-01
Vesayet,29.15,0.32866328862001976,0.0,0.011576249172491561,constitutional_conflict,total,2003-12-01
Egemenlik,14.049999999999999,0.33444817528912285,0.0,0.07724500316403152,security_conflict,total,2003-12-01
Ekonomi,873.5,0.5152495424718998,0.0,0.4019513044912396,macro_economy,total,2004-01-01
Hukuk Devleti,269.0,0.3487371161256305,0.2,0.01679797630224626,democratic_reform,total,2004-01-01
Guvenlik,255.85,0.5154473936171672,0.0,0.40198570486900076,security_conflict,total,2004-01-01
Enflasyon,129.04999999999998,0.5726107223151701,0.35555555555555557,0.41112829167691217,macro_economy,total,2004-01-01
Avrupa Birligi,102.25,0.514961433710695,0.0,0.40168521719608125,democratic_reform,total,2004-01-01
Demokrasi,96.44999999999999,0.26316908174275105,0.0,0.003218379859721781,democratic_reform,total,2004-01-01
IMF,60.50000000000001,0.6092153575724434,0.4666666666666667,0.41455388905624846,macro_economy,total,2004-01-01
Anayasa,59.05,0.46144061625794025,0.35555555555555557,0.08158015912951093,constitutional_conflict,total,2004-01-01
Faiz,44.8,0.5149977284136202,0.0,0.4016881894601941,macro_economy,total,2004-01-01
Reform,24.9,0.39850496408080743,0.2,0.07791242219225523,democratic_reform,total,2004-01-01
Egemenlik,2.35,0.29324081507964816,0.0,0.01544764098567969,security_conflict,total,2004-01-01
Ekonomi,767.95,0.6018243212539812,0.0,0.4262971197508481,macro_economy,total,2004-02-01
Anayasa,697.5,0.47164664095813763,0.0,0.3148095323096428,constitutional_conflict,total,2004-02-01
Hukuk Devleti,573.4,0.6018469729548351,0.36363636363636365,0.42644466139950427,democratic_reform,total,2004-02-01
Reform,342.9,0.5688927605304388,0.43636363636363634,0.35042143492256494,democratic_reform,total,2004-02-01
Demokrasi,302.5,0.5149141068236183,0.32727272727272727,0.32419261548452305,democratic_reform,total,2004-02-01
Guvenlik,215.55,0.49438420728170773,0.0,0.32245245569884157,security_conflict,total,2004-02-01
Avrupa Birligi,134.04999999999998,0.4159500181122809,0.0,0.09477374464563922,democratic_reform,total,2004-02-01
Vesayet,79.0,0.41685815793044184,0.16363636363636364,0.0951361351562223,constitutional_conflict,total,2004-02-01
IMF,60.3,0.3718093275778522,0.18181818181818182,0.06514125610084467,macro_economy,total,2004-02-01
Faiz,30.9,0.3098831688280988,0.0,0.03730643973943626,macro_economy,total,2004-02-01
Egemenlik,11.05,0.2761671873803597,0.0,0.01263580831014182,security_conflict,total,2004-02-01
Enflasyon,9.4,0.6013645699210344,0.0,0.42615876198686814,macro_economy,total,2004-02-01
Ekonomi,158.89999999999998,0.44843804215608507,0.0,0.23474885538065882,macro_economy,total,2004-03-01
Hukuk Devleti,98.0,0.5305665036899543,0.33333333333333337,0.4080881560443332,democratic_reform,total,2004-03-01
Guvenlik,64.45,0.5303598805831414,0.0,0.4077928578661029,security_conflict,total,2004-03-01
Demokrasi,57.0,0.5304335813867178,0.0,0.4079551165273341,democratic_reform,total,2004-03-01
Anayasa,45.800000000000004,0.5599264127080262,0.5333333333333333,0.42654265382963524,constitutional_conflict,total,2004-03-01
Enflasyon,16.75,0.3374783190043906,0.0,0.1542959999408755,macro_economy,total,2004-03-01
Avrupa Birligi,7.050000000000001,0.3404748337633793,0.0,0.15715446256629106,democratic_reform,total,2004-03-01
Faiz,6.35,0.4489447457495195,0.35555555555555557,0.3573304826509193,macro_economy,total,2004-03-01
Reform,6.05,0.4501105026060677,0.3111111111111111,0.2381946880407214,democratic_reform,total,2004-03-01
IMF,5.0,0.32899403730142507,0.0,0.12403515688250254,macro_economy,total,2004-03-01
Egemenlik,1.7,0.32899403730142507,0.0,0.12403515688250254,security_conflict,total,2004-03-01
Ekonomi,542.2,0.5889125067286557,0.509090909090909,0.32406542223016505,macro_economy,total,2004-04-01
Hukuk Devleti,234.1,0.4631262243762346,0.03636363636363636,0.3987896682689592,democratic_reform,total,2004-04-01
Anayasa,171.45,0.5901069178525333,0.41818181818181815,0.45846612441215884,constitutional_conflict,total,2004-04-01
Guvenlik,155.75,0.44362140450418946,0.18181818181818182,0.2716349587935512,security_conflict,total,2004-04-01
Avrupa Birligi,98.4,0.34349040703230227,0.0,0.074221450856794,democratic_reform,total,2004-04-01
Demokrasi,50.35,0.4432706239271986,0.0,0.3361230583577249,democratic_reform,total,2004-04-01
Reform,49.35,0.3455004304299838,0.0,0.07518631422753413,democratic_reform,total,2004-04-01
Egemenlik,21.1,0.5314453573863434,0.0,0.40901748706441227,security_conflict,total,2004-04-01
Faiz,18.150000000000002,0.4610864239412438,0.0,0.13252261959961278,macro_economy,total,2004-04-01
Enflasyon,17.2,0.4624460890154933,0.2909090909090909,0.13305118111230704,macro_economy,total,2004-04-01
Vesayet,7.800000000000001,0.5086559281911823,0.0,0.3505210702356886,constitutional_conflict,total,2004-04-01
IMF,6.45,0.29577059589844595,0.0,0.04905060290859394,macro_economy,total,2004-04-01
Hukuk Devleti,693.95,0.45065122298776433,0.32727272727272727,0.22149117349574124,democratic_reform,total,2004-05-01
Anayasa,662.6,0.4718504371877121,0.16363636363636364,0.2911331071981294,constitutional_conflict,total,2004-05-01
Ekonomi,544.75,0.4922912867898158,0.16363636363636364,0.37214102547121825,macro_economy,total,2004-05-01
Demokrasi,342.1,0.5410329040768438,0.19999999999999998,0.4193831802861258,democratic_reform,total,2004-05-01
Avrupa Birligi,194.8,0.4709560960735165,0.0,0.29014679314079883,democratic_reform,total,2004-05-01
Guvenlik,180.4,0.3743514007421929,0.0,0.22315001383903302,security_conflict,total,2004-05-01
Reform,108.44999999999999,0.43349431681604467,0.18181818181818182,0.29951440910226146,democratic_reform,total,2004-05-01
Faiz,41.900000000000006,0.4909108157874085,0.0,0.37097082013115734,macro_economy,total,2004-05-01
Egemenlik,20.05,0.5162854770096313,0.2545454545454545,0.43327383606952385,security_conflict,total,2004-05-01
IMF,9.7,0.3346483606503227,0.18181818181818182,0.04713473601506888,macro_economy,total,2004-05-01
Enflasyon,3.0,0.19780632273302345,0.0,0.021268421935651937,macro_economy,total,2004-05-01
Vesayet,1.35,0.25658775126504874,0.0,0.010119890454581575,constitutional_conflict,total,2004-05-01
Hukuk Devleti,1052.6,0.5190688715458455,0.0,0.3992706224965066,democratic_reform,total,2004-06-01
Ekonomi,937.4,0.5192535041798638,0.0,0.39944659474408994,macro_economy,total,2004-06-01
Anayasa,492.05,0.5190941304794825,0.0,0.3993053902368779,constitutional_conflict,total,2004-06-01
Guvenlik,396.35,0.29417294025128005,0.0,0.01634731352434364,security_conflict,total,2004-06-01
Demokrasi,291.05,0.5192443297044306,0.0,0.3993124418584926,democratic_reform,total,2004-06-01
Avrupa Birligi,131.65,0.6398581829268263,0.509090909090909,0.41490177675597767,democratic_reform,total,2004-06-01
Faiz,108.4,0.5167957457056611,0.43636363636363634,0.09848067236483399,macro_economy,total,2004-06-01
IMF,63.65,0.37483783895961403,0.0,0.03159602372927639,macro_economy,total,2004-06-01
Reform,56.75,0.5728822298240375,0.32727272727272727,0.4124545951493751,democratic_reform,total,2004-06-01
Enflasyon,28.85,0.40226005614898075,0.18181818181818182,0.08319682317854689,macro_economy,total,2004-06-01
Egemenlik,22.0,0.373629571929134,0.0,0.031417496567313304,security_conflict,total,2004-06-01
Vesayet,15.25,0.3747299999947917,0.0,0.031545728178790866,constitutional_conflict,total,2004-06-01
Ekonomi,676.0,0.5951164929185202,0.01818181818181818,0.40242270317026113,macro_economy,total,2004-07-01
Hukuk Devleti,667.0999999999999,0.5361263453967255,0.0,0.2946346102304476,democratic_reform,total,2004-07-01
Demokrasi,644.5500000000001,0.5642952194209176,0.07272727272727272,0.3426541889306122,democratic_reform,total,2004-07-01
Anayasa,514.15,0.7588805837959501,0.43636363636363634,0.45005521884813354,constitutional_conflict,total,2004-07-01
Guvenlik,282.0,0.48591029887706816,0.18181818181818182,0.08652429537405315,security_conflict,total,2004-07-01
Reform,261.8,0.5955342747171694,0.09090909090909091,0.40277960559986975,democratic_reform,total,2004-07-01
Avrupa Birligi,129.54999999999998,0.5623407951395426,0.18181818181818182,0.30250513604064466,democratic_reform,total,2004-07-01
Vesayet,111.14999999999999,0.3235404509664585,0.0,0.014485763665687814,constitutional_conflict,total,2004-07-01
Faiz,57.9,0.36959885591366215,0.0,0.05640341597347527,macro_economy,total,2004-07-01
IMF,44.3,0.5349013757568184,0.18181818181818182,0.2198268784370728,macro_economy,total,2004-07-01
Enflasyon,22.05,0.5637519199015402,0.0,0.3421879077708715,macro_economy,total,2004-07-01
Egemenlik,5.0,0.33960383494739294,0.0,0.03535528425531426,security_conflict,total,2004-07-01
Hukuk Devleti,17.049999999999997,0.3659605303035171,0.4,0.48450534536269907,democratic_reform,total,2004-08-01
Ekonomi,9.4,0.42873357942028173,0.6000000000000001,0.5106788219697914,macro_economy,total,2004-08-01
Demokrasi,4.7,0.42873357942028173,0.6000000000000001,0.6087431634025924,democratic_reform,total,2004-08-01
Enflasyon,4.4,0.20158833541771637,0.0,0.06679604109913798,macro_economy,total,2004-08-01
Avrupa Birligi,3.35,0.3555493083180654,0.4,0.2842035733663425,democratic_reform,total,2004-08-01
Guvenlik,1.0,0.2603229732900584,0.0,0.22059032140238272,security_conflict,total,2004-08-01
Hukuk Devleti,568.4,0.5198121671859729,0.1388888888888889,0.45126918713134856,democratic_reform,total,2004-09-01
Anayasa,159.35,0.445155349972245,0.1111111111111111,0.28709335560229676,constitutional_conflict,total,2004-09-01
Demokrasi,117.55000000000001,0.36408174356020195,0.0,0.1841016436748773,democratic_reform,total,2004-09-01
Ekonomi,103.85,0.5790533515944131,0.08333333333333333,0.44206667202321076,macro_economy,total,2004-09-01
Avrupa Birligi,71.1,0.5930018722230219,0.3611111111111111,0.4666130987125554,democratic_reform,total,2004-09-01
Guvenlik,45.45,0.48788794136291463,0.1111111111111111,0.4001667324801879,security_conflict,total,2004-09-01
Reform,12.45,0.3707169677709218,0.2222222222222222,0.058556354743913054,democratic_reform,total,2004-09-01
IMF,6.45,0.25190835263101946,0.0,0.010939631959700004,macro_economy,total,2004-09-01
Egemenlik,3.35,0.5158618915966511,0.38888888888888884,0.2406188967590064,security_conflict,total,2004-09-01
Vesayet,1.35,0.39543497493043117,0.0,0.2128614451175296,constitutional_conflict,total,2004-09-01
Ekonomi,142.15,0.4306954981496379,0.35555555555555557,0.16617180965657236,macro_economy,total,2004-10-01
Avrupa Birligi,66.14999999999999,0.4315197675390282,0.0,0.24800948026423397,democratic_reform,total,2004-10-01
Demokrasi,37.25,0.4140797222305746,0.13333333333333333,0.3634208753048967,democratic_reform,total,2004-10-01
Hukuk Devleti,36.6,0.5224714407187371,0.4,0.4111446429865979,democratic_reform,total,2004-10-01
Anayasa,31.2,0.4957755960079501,0.17777777777777778,0.44243559258768694,constitutional_conflict,total,2004-10-01
Guvenlik,28.900000000000002,0.4746135675042205,0.2,0.4522402487538366,security_conflict,total,2004-10-01
Faiz,20.85,0.3141336279416181,0.2,0.033585020078563045,macro_economy,total,2004-10-01
Reform,13.45,0.37907578020237565,0.2,0.20471561730278612,democratic_reform,total,2004-10-01
Enflasyon,4.4,0.4522467203387671,0.0,0.4048950851043526,macro_economy,total,2004-10-01
Egemenlik,3.7,0.18968187712662277,0.0,0.00355950250952946,security_conflict,total,2004-10-01
IMF,1.0,0.2822005497414616,0.0,0.05003942034142698,macro_economy,total,2004-10-01
Ekonomi,776.85,0.40734436763579296,0.2,0.08988430651093349,macro_economy,total,2004-11-01
Hukuk Devleti,321.15,0.5132365287914722,0.044444444444444446,0.39907783879425635,democratic_reform,total,2004-11-01
Avrupa Birligi,230.00000000000003,0.5729814832550305,0.0,0.4215918490042237,democratic_reform,total,2004-11-01
Guvenlik,203.9,0.5406989633544999,0.4666666666666667,0.3083941576887978,security_conflict,total,2004-11-01
Anayasa,199.75,0.5140152930095946,0.26666666666666666,0.4001146394313051,constitutional_conflict,total,2004-11-01
Demokrasi,146.75,0.5746334752159026,0.35555555555555557,0.4227091630716756,democratic_reform,total,2004-11-01
Reform,55.50000000000001,0.391935906820355,0.0,0.08719018329271594,democratic_reform,total,2004-11-01
Faiz,39.2,0.5740355825435909,0.0,0.4226189129611704,macro_economy,total,2004-11-01
Enflasyon,35.6,0.3916514964228539,0.2,0.1818105182270277,macro_economy,total,2004-11-01
IMF,33.25,0.2858721529272713,0.0,0.03808024537155254,macro_economy,total,2004-11-01
Egemenlik,7.4,0.2902090451736369,0.0,0.01795109663319791,security_conflict,total,2004-11-01
Ekonomi,3079.65,0.3866797375497381,0.0,0.38475403097688204,macro_economy,total,2004-12-01
Hukuk Devleti,1822.5,0.469173869360208,0.0,0.07460652410097397,democratic_reform,total,2004-12-01
Avrupa Birligi,791.75,0.4913167661209139,0.32727272727272727,0.43070254157452964,democratic_reform,total,2004-12-01
Guvenlik,702.7499999999999,0.5399603632782866,0.5454545454545454,0.2747084825501263,security_conflict,total,2004-12-01
Anayasa,690.5999999999999,0.38695004386464044,0.32727272727272727,0.03099037143136097,constitutional_conflict,total,2004-12-01
Faiz,609.5,0.47058378461519557,0.0,0.3766657742887212,macro_economy,total,2004-12-01
Demokrasi,453.15,0.46996995528895025,0.3818181818181818,0.0748841300650537,democratic_reform,total,2004-12-01
Enflasyon,396.45,0.49145209305010235,0.0,0.4304280807407099,macro_economy,total,2004-12-01
Reform,327.95,0.37217257875709553,0.0,0.32126689101493167,democratic_reform,total,2004-12-01
IMF,237.50000000000003,0.3001414547631831,0.18181818181818182,0.0062273455606262325,macro_economy,total,2004-12-01
Egemenlik,10.1,0.3870435007528858,0.01818181818181818,0.3853087658704636,security_conflict,total,2004-12-01
Vesayet,7.8,0.23039526865373594,0.0,0.0011216440617294481,constitutional_conflict,total,2004-12-01
Anayasa,288.65,0.5551325213110148,0.5454545454545454,0.41740645162918366,constitutional_conflict,total,2005-01-01
Ekonomi,275.95,0.4253256111252072,0.0,0.03249429685332821,macro_economy,total,2005-01-01
Hukuk Devleti,237.6,0.4249072463373957,0.0,0.40334278708796406,democratic_reform,total,2005-01-01
Guvenlik,210.15,0.42596257597719467,0.0,0.40292142720496843,security_conflict,total,2005-01-01
IMF,112.95,0.425959638648129,0.0,0.4040366852823958,macro_economy,total,2005-01-01
Demokrasi,103.25,0.42512523810368413,0.0,0.40304801101561516,democratic_reform,total,2005-01-01
Reform,100.7,0.5551325213110148,0.5454545454545454,0.09811988102886507,democratic_reform,total,2005-01-01
Avrupa Birligi,45.650000000000006,0.46056531821934216,0.32727272727272727,0.033337090240329076,democratic_reform,total,2005-01-01
Faiz,26.9,0.4242782677626124,0.0,0.4026751088947083,macro_economy,total,2005-01-01
Enflasyon,9.45,0.3338313577260596,0.18181818181818182,0.006116587663626381,macro_economy,total,2005-01-01
Vesayet,2.7,0.42641729161756325,0.0,0.0326593716115578,constitutional_conflict,total,2005-01-01
Egemenlik,2.7,0.25378910604716987,0.0,0.0011785648276463126,security_conflict,total,2005-01-01
Ekonomi,568.7,0.5389659373284982,0.2727272727272727,0.3893684565434841,macro_economy,total,2005-02-01
Anayasa,435.65,0.5387888001044627,0.0,0.40282136815046504,constitutional_conflict,total,2005-02-01
Hukuk Devleti,294.2,0.5386317022056479,0.10909090909090909,0.38890126450779733,democratic_reform,total,2005-02-01
Demokrasi,173.3,0.4499410884376601,0.32727272727272727,0.23131617210232747,democratic_reform,total,2005-02-01
Reform,147.6,0.4310985149476386,0.32727272727272727,0.14740146770146242,democratic_reform,total,2005-02-01
Avrupa Birligi,131.5,0.5385020264009891,0.10909090909090909,0.40199043039254456,democratic_reform,total,2005-02-01
Vesayet,126.5,0.327671832664026,0.18181818181818182,0.02796358937655128,constitutional_conflict,total,2005-02-01
Guvenlik,114.6,0.5386634703049399,0.21818181818181817,0.40221286997440464,security_conflict,total,2005-02-01
Faiz,60.0,0.3379737848369773,0.18181818181818182,0.04398612851993037,macro_economy,total,2005-02-01
IMF,34.6,0.2563634793279893,0.0,0.007908955581009632,macro_economy,total,2005-02-01
Enflasyon,21.15,0.469168993102393,0.0,0.36534719197458915,macro_economy,total,2005-02-01
Egemenlik,2.35,0.24202172401859276,0.0,0.004385170763774553,security_conflict,total,2005-02-01
Ekonomi,1113.3500000000001,0.6142998665998791,0.4666666666666667,0.3025533665144968,macro_economy,total,2005-03-01
Hukuk Devleti,853.8000000000001,0.6548304606212807,0.22222222222222224,0.4569097014269825,democratic_reform,total,2005-03-01
Anayasa,430.0,0.5178979017754993,0.2,0.36207185518093893,constitutional_conflict,total,2005-03-01
Guvenlik,342.9,0.49303191856011086,0.0,0.35195797307408283,security_conflict,total,2005-03-01
Faiz,330.35,0.44820960062825776,0.2,0.1338210188508784,macro_economy,total,2005-03-01
Demokrasi,264.84999999999997,0.49332910195666413,0.0,0.35228966094996234,democratic_reform,total,2005-03-01
Avrupa Birligi,168.65,0.6550068258875344,0.22222222222222224,0.4568191761337911,democratic_reform,total,2005-03-01
Reform,113.9,0.5777360935400285,0.0,0.29030028704089333,democratic_reform,total,2005-03-01
IMF,81.95,0.3375864094667922,0.0,0.06858452042380885,macro_economy,total,2005-03-01
Enflasyon,66.9,0.3949375996480035,0.0,0.06537012579483631,macro_economy,total,2005-03-01
Egemenlik,7.699999999999999,0.3153398402646084,0.0,0.027809451662392338,security_conflict,total,2005-03-01
Ekonomi,1104.0,0.4897030941441818,0.0,0.33569999864593125,macro_economy,total,2005-04-01
Hukuk Devleti,822.3,0.4881641396869949,0.0,0.23694581680465399,democratic_reform,total,2005-04-01
Anayasa,681.55,0.3724293822361559,0.18181818181818182,0.10019712484561247,constitutional_conflict,total,2005-04-01
Demokrasi,266.5,0.5651891430058532,0.32727272727272727,0.40650569417461396,democratic_reform,total,2005-04-01
Guvenlik,197.1,0.5640291745035855,0.05454545454545454,0.4053582106697463,security_conflict,total,2005-04-01
Faiz,171.0,0.48893734590330246,0.2909090909090909,0.23752356488872192,macro_economy,total,2005-04-01
Avrupa Birligi,158.8,0.5958122593512495,0.43636363636363634,0.41537272870539205,democratic_reform,total,2005-04-01
Reform,112.2,0.5951750505714432,0.0,0.4146858001524814,democratic_reform,total,2005-04-01
IMF,95.85000000000001,0.26819888096931904,0.0,0.01790824403867188,macro_economy,total,2005-04-01
Enflasyon,52.95,0.4306919322608629,0.18181818181818182,0.21352679473801375,macro_economy,total,2005-04-01
Egemenlik,10.0,0.41457491719167183,0.0,0.20828706871196506,security_conflict,total,2005-04-01
Vesayet,1.35,0.29350123787632765,0.0,0.03669343103106303,constitutional_conflict,total,2005-04-01
Ekonomi,1034.35,0.5343534029218177,0.01818181818181818,0.37911700282933947,macro_economy,total,2005-05-01
Hukuk Devleti,1016.0,0.510145971020547,0.32727272727272727,0.3055483190437356,democratic_reform,total,2005-05-01
Anayasa,576.3499999999999,0.5616873821460244,0.43636363636363634,0.3332449329757759,constitutional_conflict,total,2005-05-01
Demokrasi,331.85,0.5095822996948686,0.0,0.35584552873593306,democratic_reform,total,2005-05-01
Guvenlik,229.95000000000002,0.5927950902340053,0.05454545454545454,0.40861371116642614,security_conflict,total,2005-05-01
Avrupa Birligi,149.3,0.5924266150969931,0.0,0.40834762569393457,democratic_reform,total,2005-05-01
IMF,56.800000000000004,0.39697442522080506,0.0,0.131560179746537,macro_economy,total,2005-05-01
Reform,39.05,0.5931413895419412,0.2727272727272727,0.40861987669022015,democratic_reform,total,2005-05-01
Faiz,38.25,0.39640068443887755,0.18181818181818182,0.06258882600274747,macro_economy,total,2005-05-01
Enflasyon,29.6,0.27083183773272307,0.0,0.009128064716142623,macro_economy,total,2005-05-01
Vesayet,5.1,0.27459334886597664,0.0,0.01049774168909651,constitutional_conflict,total,2005-05-01
Egemenlik,2.35,0.365944087484133,0.18181818181818182,0.05594800308394062,security_conflict,total,2005-05-01
Hukuk Devleti,2878.95,0.31160931689042526,0.0,0.012642830970440819,democratic_reform,total,2005-06-01
Ekonomi,1094.85,0.5725374516434215,0.43636363636363634,0.3649219192671539,macro_economy,total,2005-06-01
Anayasa,892.55,0.572502782183357,0.0,0.4009837954924111,constitutional_conflict,total,2005-06-01
Demokrasi,344.85,0.5731469149250064,0.0,0.40107149438573503,democratic_reform,total,2005-06-01
Guvenlik,288.5,0.3620236152402066,0.18181818181818182,0.054680189010121276,security_conflict,total,2005-06-01
Avrupa Birligi,246.1,0.4350775949588772,0.34545454545454546,0.06986766119211212,democratic_reform,total,2005-06-01
Reform,132.3,0.5731767987978972,0.2727272727272727,0.40124013258450847,democratic_reform,total,2005-06-01
IMF,126.15,0.3097920264762464,0.0,0.01238678148699123,macro_economy,total,2005-06-01
Faiz,83.7,0.49509992011232484,0.0,0.35497143040821366,macro_economy,total,2005-06-01
Enflasyon,38.5,0.269711176358414,0.0,0.009530660123125102,macro_economy,total,2005-06-01
Vesayet,18.3,0.5725525515217046,0.0,0.400985192527387,constitutional_conflict,total,2005-06-01
Egemenlik,7.4,0.49505725951710683,0.32727272727272727,0.29853415179805315,security_conflict,total,2005-06-01
Ekonomi,134.95,0.437492693267409,0.5555555555555556,0.4620721949635554,macro_economy,total,2005-07-01
Guvenlik,87.05,0.3520297927927207,0.0,0.43901285525570843,security_conflict,total,2005-07-01
Demokrasi,84.80000000000001,0.33766043945812907,0.38888888888888884,0.008033277375815861,democratic_reform,total,2005-07-01
Hukuk Devleti,56.55,0.39814790915721404,0.5,0.031467424215050895,democratic_reform,total,2005-07-01
Anayasa,42.95,0.43749269326740914,0.5555555555555556,0.12133399460696014,constitutional_conflict,total,2005-07-01
Faiz,39.400000000000006,0.2661206606402586,0.2222222222222222,0.0016879352591904467,macro_economy,total,2005-07-01
Avrupa Birligi,33.3,0.3517260681983747,0.0,0.43892954560286906,democratic_reform,total,2005-07-01
Reform,15.85,0.3517260681983747,0.0,0.43892954560286906,democratic_reform,total,2005-07-01
Vesayet,11.5,0.3517260681983747,0.0,0.43892954560286906,constitutional_conflict,total,2005-07-01
IMF,3.35,0.1794736834483121,0.0,0.00020456666704917836,macro_economy,total,2005-07-01
Guvenlik,318.25,0.5568113320094561,0.47619047619047616,0.37856044458646476,security_conflict,total,2005-09-01
Demokrasi,68.55,0.4810482493771587,0.09523809523809523,0.44809332892116593,democratic_reform,total,2005-09-01
Hukuk Devleti,29.799999999999997,0.5178362898611304,0.14285714285714285,0.4578293722287844,democratic_reform,total,2005-09-01
Anayasa,27.95,0.6071517514174827,0.2857142857142857,0.5424069223156583,constitutional_conflict,total,2005-09-01
Ekonomi,24.950000000000003,0.42148984207746626,0.2857142857142857,0.14148517351173373,macro_economy,total,2005-09-01
Avrupa Birligi,12.15,0.4773400445376878,0.2857142857142857,0.3486141317193947,democratic_reform,total,2005-09-01
Egemenlik,3.0,0.31322226575154044,0.0,0.09211526182014756,security_conflict,total,2005-09-01
Reform,2.35,0.3051085359155504,0.0,0.045346072610438964,democratic_reform,total,2005-09-01
Anayasa,648.15,0.45437911555200305,0.43636363636363634,0.13525332638384313,constitutional_conflict,total,2005-10-01
Ekonomi,543.35,0.453903053544375,0.0,0.3594008131630657,macro_economy,total,2005-10-01
Hukuk Devleti,394.75,0.4962599758773949,0.0,0.3233996964991379,democratic_reform,total,2005-10-01
Avrupa Birligi,228.65,0.47692069640341167,0.23636363636363636,0.4120621072757386,democratic_reform,total,2005-10-01
Faiz,161.70000000000002,0.38973669582924164,0.18181818181818182,0.30610602985629076,macro_economy,total,2005-10-01
Guvenlik,134.29999999999998,0.47472898547576725,0.0,0.4089411401293946,security_conflict,total,2005-10-01
Demokrasi,92.44999999999999,0.5218018036204395,0.43636363636363634,0.3821066778363868,democratic_reform,total,2005-10-01
Reform,57.45,0.4752891189732248,0.0,0.4097676872706547,democratic_reform,total,2005-10-01
Enflasyon,52.35,0.27746924371875525,0.0,0.05127808612072356,macro_economy,total,2005-10-01
IMF,47.1,0.3613271333358629,0.32727272727272727,0.025632600407559877,macro_economy,total,2005-10-01
Egemenlik,5.050000000000001,0.21397605263232633,0.0,0.0007126625210551904,security_conflict,total,2005-10-01
Vesayet,3.4,0.2775689993189225,0.18181818181818182,0.004386417768300878,constitutional_conflict,total,2005-10-01
Hukuk Devleti,462.0,0.4533203446228263,0.43636363636363634,0.0571965322027204,democratic_reform,total,2005-11-01
Ekonomi,442.40000000000003,0.49823099109405755,0.0,0.4036551126106546,macro_economy,total,2005-11-01
Guvenlik,382.35,0.49664645879229596,0.18181818181818182,0.4046738357045745,security_conflict,total,2005-11-01
Anayasa,245.25,0.3603261045511316,0.34545454545454546,0.010948113890944172,constitutional_conflict,total,2005-11-01
Demokrasi,156.35,0.4968906208386438,0.0,0.40296800267765814,democratic_reform,total,2005-11-01
Avrupa Birligi,147.05,0.547593417398128,0.509090909090909,0.3077622002956016,democratic_reform,total,2005-11-01
Faiz,60.900000000000006,0.39807459273346485,0.0,0.3478665041005816,macro_economy,total,2005-11-01
Reform,60.35,0.5210120563648618,0.18181818181818182,0.4087772727394071,democratic_reform,total,2005-11-01
Enflasyon,33.75,0.31584643197505036,0.0,0.05586365619866178,macro_economy,total,2005-11-01
IMF,17.150000000000002,0.27058398939549533,0.0,0.0020271214030694253,macro_economy,total,2005-11-01
Egemenlik,7.4,0.3985513952205481,0.0,0.34867094354796346,security_conflict,total,2005-11-01
Vesayet,1.35,0.26301000676037456,0.0,0.0018170277130271145,constitutional_conflict,total,2005-11-01
Ekonomi,3944.3499999999995,0.46705455477270746,0.14545454545454545,0.3867806914713203,macro_economy,total,2005-12-01
Hukuk Devleti,2114.15,0.5087677652961519,0.32727272727272727,0.22435665674664482,democratic_reform,total,2005-12-01
Guvenlik,1175.7,0.5088833968817226,0.05454545454545454,0.22565829193178252,security_conflict,total,2005-12-01
Anayasa,945.75,0.41180597810567215,0.32727272727272727,0.09697796791342016,constitutional_conflict,total,2005-12-01
Faiz,778.4499999999999,0.3718753234384937,0.01818181818181818,0.29545547218350504,macro_economy,total,2005-12-01
Avrupa Birligi,651.05,0.562497450427353,0.45454545454545453,0.41047177705118726,democratic_reform,total,2005-12-01
Demokrasi,532.6500000000001,0.5335087396349716,0.0,0.34721533570144875,democratic_reform,total,2005-12-01
Reform,431.25,0.3563986492959173,0.0,0.2249518743248786,democratic_reform,total,2005-12-01
Enflasyon,414.80000000000007,0.46529839942479645,0.0,0.3645539388462771,macro_economy,total,2005-12-01
IMF,280.2,0.30995107495026164,0.18181818181818182,0.019530261212941224,macro_economy,total,2005-12-01
Egemenlik,35.25,0.485695244394698,0.12727272727272726,0.4236739043011727,security_conflict,total,2005-12-01
Vesayet,8.149999999999999,0.2380506312829301,0.0,0.0038681747357320966,constitutional_conflict,total,2005-12-01
Ekonomi,927.2,0.5199997343360961,0.36363636363636365,0.27807461413586765,macro_economy,total,2006-01-01
Avrupa Birligi,307.5,0.49559433219651455,0.509090909090909,0.4405100531639443,democratic_reform,total,2006-01-01
Hukuk Devleti,150.65,0.5135896435442532,0.09090909090909091,0.2778410185409059,democratic_reform,total,2006-01-01
Anayasa,124.25,0.4741100746408052,0.3818181818181818,0.25933775583920343,constitutional_conflict,total,2006-01-01
Reform,118.69999999999999,0.37073998887724297,0.0,0.33871277371109215,democratic_reform,total,2006-01-01
Guvenlik,115.1,0.3679764162383375,0.0,0.3393994132916727,security_conflict,total,2006-01-01
Demokrasi,62.800000000000004,0.46915655328458283,0.0,0.25705139834986945,democratic_reform,total,2006-01-01
Faiz,49.95,0.3679330361017243,0.0,0.3435348052462803,macro_economy,total,2006-01-01
IMF,27.900000000000002,0.3597466241789907,0.0,0.15319350487763414,macro_economy,total,2006-01-01
Enflasyon,24.1,0.37579085457360684,0.0,0.3502129740125424,macro_economy,total,2006-01-01
Egemenlik,4.7,0.2360273132241668,0.0,0.022641261786210096,security_conflict,total,2006-01-01
Vesayet,2.7,0.36907205542945504,0.18181818181818182,0.15340732179864713,constitutional_conflict,total,2006-01-01
Ekonomi,1059.6499999999999,0.4873888098076609,0.0,0.2336583506375049,macro_economy,total,2006-02-01
Guvenlik,743.2500000000001,0.5929077984056227,0.16363636363636364,0.4689376092701554,security_conflict,total,2006-02-01
Hukuk Devleti,490.4,0.5096215070717585,0.05454545454545454,0.3612625888885058,democratic_reform,total,2006-02-01
Faiz,481.34999999999997,0.6298823262703788,0.41818181818181815,0.3478735175473373,macro_economy,total,2006-02-01
Anayasa,243.20000000000002,0.5648290104697105,0.18181818181818182,0.36619696740121255,constitutional_conflict,total,2006-02-01
Reform,240.7,0.46618523003737655,0.0,0.3067322952054953,democratic_reform,total,2006-02-01
Demokrasi,144.74999999999997,0.46530727529797383,0.0,0.31835407435551344,democratic_reform,total,2006-02-01
Enflasyon,144.4,0.5066521146006294,0.0,0.2860832461886952,macro_economy,total,2006-02-01
IMF,91.9,0.4204161260936665,0.18181818181818182,0.07176248560775478,macro_economy,total,2006-02-01
Avrupa Birligi,69.8,0.5344311344175644,0.18181818181818182,0.23516051952508663,democratic_reform,total,2006-02-01
Vesayet,1.7,0.2589555909666654,0.0,0.009689719118741814,constitutional_conflict,total,2006-02-01
Egemenlik,1.0,0.34357789488939877,0.0,0.045305366604448935,security_conflict,total,2006-02-01
Ekonomi,992.3999999999999,0.5812944766348104,0.14545454545454545,0.4092741210710663,macro_economy,total,2006-03-01
Hukuk Devleti,342.0,0.5014800848326997,0.18181818181818182,0.38481129309566325,democratic_reform,total,2006-03-01
Guvenlik,298.65,0.33810046823233986,0.0,0.06912495370333137,security_conflict,total,2006-03-01
Anayasa,234.70000000000002,0.5218633556841268,0.43636363636363634,0.2303918205435956,constitutional_conflict,total,2006-03-01
Faiz,172.95,0.4800291383022803,0.0,0.37514214310707744,macro_economy,total,2006-03-01
Reform,143.95000000000002,0.4987599749056373,0.18181818181818182,0.3810521141776574,democratic_reform,total,2006-03-01
Enflasyon,142.25,0.3384182085704789,0.0,0.0694334070163244,macro_economy,total,2006-03-01
Demokrasi,119.6,0.5810011642730811,0.0,0.4097225604639826,democratic_reform,total,2006-03-01
IMF,119.5,0.3935729312552982,0.32727272727272727,0.04178133637906381,macro_economy,total,2006-03-01
Avrupa Birligi,90.6,0.5802893575484468,0.21818181818181817,0.4074377447599508,democratic_reform,total,2006-03-01
Egemenlik,6.8,0.29526186197594306,0.0,0.00946574317432298,security_conflict,total,2006-03-01
Vesayet,1.35,0.29526186197594306,0.0,0.009465743174322982,constitutional_conflict,total,2006-03-01
Guvenlik,1009.6500000000001,0.45143926550565777,0.07272727272727272,0.17152052780879837,security_conflict,total,2006-04-01
Hukuk Devleti,778.45,0.6130072472981131,0.14545454545454545,0.4029304225414971,democratic_reform,total,2006-04-01
Ekonomi,663.8499999999999,0.6151458153404226,0.21818181818181817,0.4056664058189753,macro_economy,total,2006-04-01
Anayasa,279.4,0.6516736551721771,0.19999999999999998,0.4336986537004344,constitutional_conflict,total,2006-04-01
Reform,225.45,0.37938161693686245,0.0,0.09936906463311046,democratic_reform,total,2006-04-01
Demokrasi,216.4,0.5515223062176221,0.14545454545454545,0.34431253461226746,democratic_reform,total,2006-04-01
Avrupa Birligi,110.29999999999998,0.45459785308817113,0.18181818181818182,0.16411268310209348,democratic_reform,total,2006-04-01
Faiz,107.15,0.5740778652116585,0.09090909090909091,0.36114139518368016,macro_economy,total,2006-04-01
IMF,75.99999999999999,0.30901345338837827,0.0,0.02894340701647844,macro_economy,total,2006-04-01
Enflasyon,28.4,0.554497392639193,0.01818181818181818,0.38191553749377016,macro_economy,total,2006-04-01
Egemenlik,15.7,0.30347978057130354,0.0,0.027478779962283213,security_conflict,total,2006-04-01
Vesayet,5.1,0.43457960210734425,0.18181818181818182,0.1494467583944471,constitutional_conflict,total,2006-04-01
Guvenlik,1243.9,0.40198066093397333,0.05454545454545454,0.26247211787642255,security_conflict,total,2006-05-01
Ekonomi,816.15,0.4521398036858938,0.0,0.3162293206661925,macro_economy,total,2006-05-01
Hukuk Devleti,437.95,0.4953172925648917,0.01818181818181818,0.38114470750749946,democratic_reform,total,2006-05-01
Anayasa,386.15000000000003,0.5146264322062207,0.10909090909090909,0.3872105926629396,constitutional_conflict,total,2006-05-01
Demokrasi,201.65,0.5197030607043491,0.14545454545454545,0.42339575886355135,democratic_reform,total,2006-05-01
Avrupa Birligi,139.65,0.5179460910153426,0.0,0.4223152827660818,democratic_reform,total,2006-05-01
Reform,138.9,0.3580882719859315,0.0,0.12492337394599708,democratic_reform,total,2006-05-01
Enflasyon,90.1,0.37284941178717584,0.18181818181818182,0.02040191834974263,macro_economy,total,2006-05-01
IMF,89.85000000000001,0.36110734638010866,0.0,0.02029368126503533,macro_economy,total,2006-05-01
Faiz,66.4,0.6046976863505414,0.509090909090909,0.39350759826504317,macro_economy,total,2006-05-01
Egemenlik,8.4,0.4928489174740673,0.43636363636363634,0.0836820479998224,security_conflict,total,2006-05-01
Vesayet,1.7,0.23153564198385712,0.0,0.002251687413570898,constitutional_conflict,total,2006-05-01
Ekonomi,2427.0499999999997,0.5722096745050336,0.12727272727272726,0.3454709731497997,macro_economy,total,2006-06-01
Hukuk Devleti,1624.8,0.6829227024024014,0.18181818181818182,0.4524886568332013,democratic_reform,total,2006-06-01
Guvenlik,1183.6000000000001,0.5704893208291683,0.0,0.3445711168516813,security_conflict,total,2006-06-01
Anayasa,707.6999999999998,0.638456251023734,0.2909090909090909,0.3478587325946989,constitutional_conflict,total,2006-06-01
Avrupa Birligi,426.95,0.5427588412412014,0.0,0.35795685742134975,democratic_reform,total,2006-06-01
Faiz,421.19999999999993,0.6719678316257703,0.3818181818181818,0.35110324880976407,macro_economy,total,2006-06-01
Demokrasi,284.0,0.49690717780812016,0.01818181818181818,0.2840533043650949,democratic_reform,total,2006-06-01
Enflasyon,191.35,0.40205422280665454,0.0,0.06758463110931791,macro_economy,total,2006-06-01
Reform,169.2,0.46366036599179894,0.0,0.2068251104131834,democratic_reform,total,2006-06-01
IMF,114.39999999999999,0.3932748991366243,0.0,0.06402629548955534,macro_economy,total,2006-06-01
Vesayet,14.95,0.4693879340071558,0.0,0.22049241006229944,constitutional_conflict,total,2006-06-01
Egemenlik,10.35,0.38139172360387325,0.0,0.0633672537525213,security_conflict,total,2006-06-01
Anayasa,439.45,0.3269763741642852,0.0,0.07105328485047688,constitutional_conflict,total,2006-09-01
Ekonomi,427.24999999999994,0.5913420146201499,0.2,0.4370270994111795,macro_economy,total,2006-09-01
Guvenlik,236.95,0.5914247615198808,0.2,0.4343654690354015,security_conflict,total,2006-09-01
Avrupa Birligi,195.10000000000002,0.4775309763779283,0.2,0.3553442985982656,democratic_reform,total,2006-09-01
Hukuk Devleti,186.25,0.4723466154039329,0.2,0.3501884511706112,democratic_reform,total,2006-09-01
Demokrasi,185.15,0.5015525552382774,0.08888888888888889,0.4084303033475484,democratic_reform,total,2006-09-01
Reform,35.3,0.49990660739203296,0.0,0.4064571184208404,democratic_reform,total,2006-09-01
Enflasyon,17.1,0.23620765808387187,0.0,0.004896253132086254,macro_economy,total,2006-09-01
Faiz,14.75,0.4708288689171458,0.35555555555555557,0.17601788579404237,macro_economy,total,2006-09-01
IMF,11.399999999999999,0.3433649711849174,0.2,0.033869519521814696,macro_economy,total,2006-09-01
Egemenlik,4.0,0.2826137058501836,0.0,0.046986667768407035,security_conflict,total,2006-09-01
Anayasa,236.3,0.5435397658412586,0.21818181818181817,0.4376073421420799,constitutional_conflict,total,2006-10-01
Ekonomi,231.25,0.5714019085457186,0.32727272727272727,0.40315721178812636,macro_economy,total,2006-10-01
Demokrasi,165.64999999999998,0.3689646732760862,0.18181818181818182,0.0669564782662335,democratic_reform,total,2006-10-01
Hukuk Devleti,147.3,0.4716304983787123,0.0,0.3965078112223512,democratic_reform,total,2006-10-01
Avrupa Birligi,126.35,0.4839089488775064,0.32727272727272727,0.2516146463704842,democratic_reform,total,2006-10-01
Guvenlik,72.55,0.4898644841339866,0.21818181818181817,0.4144779229468957,security_conflict,total,2006-10-01
Reform,33.5,0.3458613914975761,0.18181818181818182,0.04914262362788744,democratic_reform,total,2006-10-01
Faiz,23.200000000000003,0.4049849939599507,0.01818181818181818,0.26988891270162735,macro_economy,total,2006-10-01
IMF,14.450000000000001,0.3383413076279301,0.0,0.13607862816745556,macro_economy,total,2006-10-01
Vesayet,10.549999999999999,0.2506721190199423,0.0,0.008728992991830076,constitutional_conflict,total,2006-10-01
Enflasyon,9.35,0.5150669429626392,0.0,0.3939730003587178,macro_economy,total,2006-10-01
Egemenlik,1.35,0.24786842515445656,0.0,0.009861411428314863,security_conflict,total,2006-10-01
Hukuk Devleti,894.25,0.45153252867732424,0.0,0.3741183568605131,democratic_reform,total,2006-11-01
Ekonomi,294.6,0.36196824087310353,0.0,0.3087658093163016,macro_economy,total,2006-11-01
Anayasa,293.1,0.4509837008138412,0.0,0.37353667588668116,constitutional_conflict,total,2006-11-01
Avrupa Birligi,267.84999999999997,0.5750695522479097,0.5272727272727272,0.40016875058077406,democratic_reform,total,2006-11-01
Demokrasi,158.84999999999997,0.47665882159418776,0.16363636363636364,0.419962940237565,democratic_reform,total,2006-11-01
Guvenlik,114.35,0.5205639840352078,0.0,0.28347611523303234,security_conflict,total,2006-11-01
Faiz,48.9,0.22915528359701695,0.0,0.0009149405159905571,macro_economy,total,2006-11-01
Reform,36.55,0.4726195477757587,0.0,0.4186444846635833,democratic_reform,total,2006-11-01
IMF,24.950000000000003,0.489872782818763,0.43636363636363634,0.13000495335703907,macro_economy,total,2006-11-01
Enflasyon,16.4,0.2958304012916244,0.18181818181818182,0.004974796931688698,macro_economy,total,2006-11-01
Egemenlik,8.35,0.38022325545193203,0.32727272727272727,0.024923521362112695,security_conflict,total,2006-11-01
Vesayet,2.7,0.37848323838942693,0.0,0.12448137904300256,constitutional_conflict,total,2006-11-01
Ekonomi,2048.65,0.446333716545723,0.16363636363636364,0.20929764183135036,macro_economy,total,2006-12-01
Hukuk Devleti,1121.25,0.5932109587384023,0.09090909090909091,0.41610107417320585,democratic_reform,total,2006-12-01
Guvenlik,771.1,0.42728790239432696,0.0,0.14127320425610784,security_conflict,total,2006-12-01
Anayasa,683.3499999999999,0.5632277530366971,0.2727272727272727,0.3755500425535513,constitutional_conflict,total,2006-12-01
Avrupa Birligi,370.4,0.4644103745730381,0.0,0.2488407946344508,democratic_reform,total,2006-12-01
Faiz,340.40000000000003,0.5627796401352186,0.0,0.40982610131021785,macro_economy,total,2006-12-01
Demokrasi,296.2,0.5622351718891454,0.0,0.37415031526252046,democratic_reform,total,2006-12-01
Reform,213.29999999999998,0.3246958497986489,0.0,0.06950114897443635,democratic_reform,total,2006-12-01
Enflasyon,205.95,0.5928242866538727,0.39999999999999997,0.4324537273584097,macro_economy,total,2006-12-01
IMF,155.0,0.35204963228788,0.18181818181818182,0.04697808347186306,macro_economy,total,2006-12-01
Egemenlik,19.8,0.48597875001638946,0.32727272727272727,0.2409617625489917,security_conflict,total,2006-12-01
Vesayet,10.2,0.260239897753754,0.0,0.008640621513647742,constitutional_conflict,total,2006-12-01
Ekonomi,312.74999999999994,0.5945976178610252,0.4666666666666667,0.28828215920570377,macro_economy,total,2007-01-01
Anayasa,268.84999999999997,0.5333813970018352,0.13333333333333333,0.44341055199778895,constitutional_conflict,total,2007-01-01
Guvenlik,202.0,0.5010150601137991,0.17777777777777778,0.36507384272337773,security_conflict,total,2007-01-01
Avrupa Birligi,162.35,0.41541869433637635,0.0,0.14882900735929724,democratic_reform,total,2007-01-01
Hukuk Devleti,153.95,0.6350837886422536,0.26666666666666666,0.441883493372215,democratic_reform,total,2007-01-01
Demokrasi,146.15,0.3554330941493757,0.0,0.18784182997545615,democratic_reform,total,2007-01-01
Faiz,48.699999999999996,0.5337783113487292,0.17777777777777778,0.26381971880581423,macro_economy,total,2007-01-01
Reform,35.949999999999996,0.41317670612854757,0.0,0.14791843335576108,democratic_reform,total,2007-01-01
Enflasyon,9.1,0.4594465256121942,0.022222222222222223,0.2959930682438804,macro_economy,total,2007-01-01
Egemenlik,5.7,0.4118142840096488,0.0,0.14642951065762339,security_conflict,total,2007-01-01
IMF,3.35,0.501542219647876,0.0,0.36574815814700495,macro_economy,total,2007-01-01
Ekonomi,644.95,0.7268850187235785,0.4,0.46832216670898763,macro_economy,total,2007-02-01
Hukuk Devleti,253.64999999999998,0.6344561129506838,0.35555555555555557,0.3532069625652417,democratic_reform,total,2007-02-01
Avrupa Birligi,247.65,0.43355071373112064,0.0,0.09579351847827886,democratic_reform,total,2007-02-01
Anayasa,216.99999999999997,0.42244948699098095,0.2,0.06865097744382609,constitutional_conflict,total,2007-02-01
Guvenlik,204.60000000000002,0.476590013720314,0.0,0.25008093351788346,security_conflict,total,2007-02-01
Faiz,194.65,0.5991729520090813,0.06666666666666667,0.3989676181550523,macro_economy,total,2007-02-01
Demokrasi,63.8,0.6344486157760548,0.11111111111111112,0.43999640039262977,democratic_reform,total,2007-02-01
Reform,53.75,0.5038434810754413,0.0,0.3196318255171817,democratic_reform,total,2007-02-01
Enflasyon,27.650000000000002,0.42242239910460266,0.0,0.08992325825652885,macro_economy,total,2007-02-01
IMF,22.75,0.29764319405396994,0.0,0.01316882117268026,macro_economy,total,2007-02-01
Egemenlik,3.7,0.5598987487241389,0.0,0.3410179683888177,security_conflict,total,2007-02-01
Ekonomi,786.0000000000001,0.6181533406422013,0.3090909090909091,0.3488072637456836,macro_economy,total,2007-03-01
Hukuk Devleti,240.09999999999997,0.6608578188814725,0.39999999999999997,0.488544951294873,democratic_reform,total,2007-03-01
Guvenlik,223.45,0.5485923870403951,0.10909090909090909,0.2763941365214589,security_conflict,total,2007-03-01
Anayasa,151.0,0.47915891346001704,0.0,0.33222774482044753,constitutional_conflict,total,2007-03-01
Avrupa Birligi,111.6,0.424716237655516,0.0,0.1073919226926942,democratic_reform,total,2007-03-01
Demokrasi,91.69999999999999,0.4567398692939602,0.0,0.3046032718997316,democratic_reform,total,2007-03-01
Faiz,54.8,0.6184312718917331,0.18181818181818182,0.3897205108077485,macro_economy,total,2007-03-01
Enflasyon,44.150000000000006,0.39593451973544597,0.0,0.08313915320656866,macro_economy,total,2007-03-01
IMF,43.5,0.48021630899699824,0.0,0.3336970019105385,macro_economy,total,2007-03-01
Reform,40.3,0.4421561321631939,0.05454545454545454,0.12157506848448955,democratic_reform,total,2007-03-01
Vesayet,4.4,0.4783353774050485,0.0,0.24723901480262175,constitutional_conflict,total,2007-03-01
Egemenlik,2.35,0.3077114686402698,0.0,0.05016612140819254,security_conflict,total,2007-03-01
Ekonomi,321.75,0.6195745787635063,0.044444444444444446,0.45049856993965,macro_economy,total,2007-04-01
Hukuk Devleti,293.9,0.6184405358867641,0.2888888888888889,0.4080217382935887,democratic_reform,total,2007-04-01
Anayasa,216.99999999999997,0.5505593673043838,0.06666666666666667,0.40452608716986105,constitutional_conflict,total,2007-04-01
Guvenlik,198.65,0.6600939865348331,0.4,0.40858093208395224,security_conflict,total,2007-04-01
Demokrasi,191.35000000000002,0.4612436762496553,0.0,0.32212697483218633,democratic_reform,total,2007-04-01
Egemenlik,50.6,0.5428251347048877,0.2,0.2729655451540404,security_conflict,total,2007-04-01
Reform,38.6,0.3599300714988128,0.0,0.05690777417119926,democratic_reform,total,2007-04-01
Faiz,31.099999999999998,0.4433309936942635,0.2,0.08533117034093805,macro_economy,total,2007-04-01
IMF,26.15,0.38315883272975537,0.0,0.08019648003672739,macro_economy,total,2007-04-01
Avrupa Birligi,21.45,0.48663271503793815,0.0,0.3234584196867617,democratic_reform,total,2007-04-01
Enflasyon,15.35,0.2718016608022544,0.0,0.011698780853913668,macro_economy,total,2007-04-01
Anayasa,1263.6,0.5065493604966734,0.0,0.3599986070708225,constitutional_conflict,total,2007-05-01
Ekonomi,1100.55,0.6630425755702865,0.39999999999999997,0.4509691020474932,macro_economy,total,2007-05-01
Guvenlik,812.3,0.5916843428746067,0.12727272727272726,0.31483745963143717,security_conflict,total,2007-05-01
Demokrasi,724.65,0.6252960863891098,0.03636363636363636,0.3739114610757926,democratic_reform,total,2007-05-01
Hukuk Devleti,640.5500000000001,0.4645811176164826,0.0,0.3002223399507524,democratic_reform,total,2007-05-01
Avrupa Birligi,254.14999999999998,0.6235759961747811,0.4727272727272727,0.23850897928476464,democratic_reform,total,2007-05-01
Faiz,138.55,0.533711778872177,0.01818181818181818,0.4124481233406665,macro_economy,total,2007-05-01
Egemenlik,63.95,0.4101302186395761,0.0,0.1336870380036148,security_conflict,total,2007-05-01
Reform,56.95,0.3895812659259633,0.0,0.04493618043684338,democratic_reform,total,2007-05-01
Enflasyon,41.65,0.46212489135828766,0.0,0.2979568756917229,macro_economy,total,2007-05-01
IMF,27.5,0.29242959803016794,0.0,0.008078649942461255,macro_economy,total,2007-05-01
Vesayet,22.1,0.4238086608710765,0.18181818181818182,0.04719083960932757,constitutional_conflict,total,2007-05-01
Anayasa,307.95,0.30207730127452975,0.43636363636363634,0.26328253360220294,constitutional_conflict,total,2007-06-01
Guvenlik,210.55,0.2723052218312031,0.12727272727272726,0.3662096643198497,security_conflict,total,2007-06-01
Hukuk Devleti,151.0,0.2792601601488605,0.05454545454545454,0.42906261566474474,democratic_reform,total,2007-06-01
Ekonomi,108.55,0.2715867305614236,0.0,0.3648188490345302,macro_economy,total,2007-06-01
Demokrasi,104.95,0.2941981618044788,0.0,0.33383418773073803,democratic_reform,total,2007-06-01
Avrupa Birligi,28.95,0.32004919542124377,0.5454545454545454,0.4734511011323921,democratic_reform,total,2007-06-01
Enflasyon,6.050000000000001,0.17670376236961213,0.0,0.0032196383179858017,macro_economy,total,2007-06-01
Egemenlik,4.35,0.23165319642247414,0.0,0.27467798365412877,security_conflict,total,2007-06-01
Reform,4.35,0.21448673167800622,0.18181818181818182,0.014781872111872423,democratic_reform,total,2007-06-01
Faiz,3.35,0.2796048110677609,0.0,0.25315278279960607,macro_economy,total,2007-06-01
IMF,2.0,0.2574360926621902,0.32727272727272727,0.06305170017708794,macro_economy,total,2007-06-01
Vesayet,1.35,0.054376143465023494,0.0,0.006733912142717552,constitutional_conflict,total,2007-06-01
Ekonomi,113.29499,0.4723377761449385,0.027777777777777776,0.4590111909862014,macro_economy,positive,2002-11-01
Hukuk Devleti,63.06805,0.42746894687032755,0.0,0.3318520821257847,democratic_reform,positive,2002-11-01
Demokrasi,61.34845000000001,0.5276408748553647,0.5,0.12131104128431486,democratic_reform,positive,2002-11-01
Reform,24.532660000000003,0.42713269302028034,0.38888888888888884,0.030446753997335485,democratic_reform,positive,2002-11-01
Anayasa,21.665395,0.5978413570725468,0.5833333333333331,0.48221982755718135,constitutional_conflict,positive,2002-11-01
Enflasyon,10.708425,0.42746894687032755,0.0,0.3318520821257847,macro_economy,positive,2002-11-01
Faiz,9.946195,0.42746894687032755,0.0,0.3318520821257847,macro_economy,positive,2002-11-01
IMF,9.87509,0.3322081332708107,0.2222222222222222,0.007593198090843591,macro_economy,positive,2002-11-01
Avrupa Birligi,6.9624999999999995,0.4723377761449385,0.027777777777777776,0.4590111909862014,democratic_reform,positive,2002-11-01
Guvenlik,5.179399999999999,0.2546610047847829,0.0,0.001745723981274086,security_conflict,positive,2002-11-01
Ekonomi,161.53563,0.49024738297863274,0.5555555555555556,0.12019734729979525,macro_economy,positive,2002-12-01
Anayasa,103.66778,0.3924291920412519,0.15555555555555556,0.022566736158087658,constitutional_conflict,positive,2002-12-01
Demokrasi,81.92536999999999,0.3073997696450853,0.0,0.01471549189552499,democratic_reform,positive,2002-12-01
Hukuk Devleti,64.78403,0.3930223471711185,0.15555555555555556,0.022590253583712964,democratic_reform,positive,2002-12-01
Avrupa Birligi,14.65357,0.4664871611787209,0.5333333333333333,0.03969906390808908,democratic_reform,positive,2002-12-01
Guvenlik,6.981459999999999,0.466714533189616,0.5333333333333333,0.4605738448875071,security_conflict,positive,2002-12-01
Faiz,6.96268,0.3643848911068712,0.0,0.4388603958507762,macro_economy,positive,2002-12-01
Reform,3.0250000000000004,0.3643848911068712,0.0,0.4388603958507762,democratic_reform,positive,2002-12-01
Enflasyon,2.98339,0.3643848911068712,0.0,0.4388603958507762,macro_economy,positive,2002-12-01
IMF,1.35,0.3081158716793134,0.0,0.014778511688257239,macro_economy,positive,2002-12-01
Egemenlik,0.675,0.3643848911068712,0.0,0.4388603958507762,security_conflict,positive,2002-12-01
Ekonomi,202.895265,0.5448779928751535,0.2222222222222222,0.44089331264091347,macro_economy,positive,2003-01-01
Hukuk Devleti,166.13625,0.48657791355931174,0.0,0.35975900592272636,democratic_reform,positive,2003-01-01
Anayasa,93.44683,0.5775907655582839,0.5,0.3799916286962348,constitutional_conflict,positive,2003-01-01
Demokrasi,65.367625,0.5766513566180915,0.2222222222222222,0.5001789859624289,democratic_reform,positive,2003-01-01
Avrupa Birligi,49.51992,0.45892226556919774,0.1388888888888889,0.3827914120688048,democratic_reform,positive,2003-01-01
Guvenlik,29.407590000000006,0.33520472377044,0.0,0.1807649706305691,security_conflict,positive,2003-01-01
Faiz,17.90625,0.3336288763432518,0.0,0.045378729478642486,macro_economy,positive,2003-01-01
Reform,11.057680000000001,0.45095058821056494,0.38888888888888884,0.120400067284481,democratic_reform,positive,2003-01-01
Enflasyon,10.927629999999999,0.4346840948360435,0.05555555555555555,0.2895371779065168,macro_economy,positive,2003-01-01
IMF,4.47519,0.33200814306952786,0.0,0.0449607184820199,macro_economy,positive,2003-01-01
Ekonomi,186.72992499999998,0.45244805921757497,0.25,0.48461431218265755,macro_economy,positive,2003-02-01
Hukuk Devleti,127.58361,0.5452791115954205,0.5357142857142857,0.32215980771335334,democratic_reform,positive,2003-02-01
Anayasa,38.03966,0.4196061440715453,0.0,0.3850000195877833,constitutional_conflict,positive,2003-02-01
Demokrasi,23.289920000000002,0.3325027132990787,0.0,0.27012223913231415,democratic_reform,positive,2003-02-01
Guvenlik,12.262275,0.5443089670666873,0.14285714285714285,0.49630406184513476,security_conflict,positive,2003-02-01
Avrupa Birligi,8.99971,0.33452955217846986,0.0,0.06515245637992231,democratic_reform,positive,2003-02-01
Reform,6.245889999999999,0.5132866868562277,0.2857142857142857,0.4077873080885136,democratic_reform,positive,2003-02-01
Faiz,4.0249999999999995,0.4472013135769694,0.42857142857142855,0.13830780721550862,macro_economy,positive,2003-02-01
Enflasyon,1.13339,0.3332512767628012,0.0,0.06472159619648393,macro_economy,positive,2003-02-01
Ekonomi,831.2550249999998,0.41129499106264916,0.2,0.12202909376385628,macro_economy,positive,2003-03-01
Anayasa,227.677545,0.5801485915202502,0.0,0.41856443746575167,constitutional_conflict,positive,2003-03-01
Hukuk Devleti,226.59733,0.6154808444146088,0.08888888888888889,0.45201410798808395,democratic_reform,positive,2003-03-01
Demokrasi,173.654025,0.5473094319577602,0.35555555555555557,0.37062426990721326,democratic_reform,positive,2003-03-01
Reform,119.01554999999999,0.5807106899775542,0.26666666666666666,0.4186318072656391,democratic_reform,positive,2003-03-01
Faiz,87.49007999999999,0.49356946115542655,0.0,0.3567325213992485,macro_economy,positive,2003-03-01
Enflasyon,55.913920000000005,0.3928432148775579,0.2,0.08199623038763834,macro_economy,positive,2003-03-01
Guvenlik,52.1442,0.4914697171257537,0.0,0.19660362690294253,security_conflict,positive,2003-03-01
Avrupa Birligi,45.03884,0.5481531036710938,0.35555555555555557,0.34551332840954535,democratic_reform,positive,2003-03-01
IMF,22.885460000000002,0.28843255478472174,0.0,0.01736837959151707,macro_economy,positive,2003-03-01
Egemenlik,4.50009,0.29808887203834855,0.0,0.02579608873106476,security_conflict,positive,2003-03-01
Ekonomi,341.6849050000001,0.44194180254447746,0.0,0.30763174809483446,macro_economy,positive,2003-04-01
Anayasa,140.57369,0.5272555875847912,0.01818181818181818,0.4166994294125995,constitutional_conflict,positive,2003-04-01
Hukuk Devleti,130.66714,0.4599944397888238,0.32727272727272727,0.31612388260514424,democratic_reform,positive,2003-04-01
Demokrasi,80.771215,0.5018622206768452,0.0,0.3665369114020865,democratic_reform,positive,2003-04-01
Avrupa Birligi,62.492975,0.40717202587920537,0.32727272727272727,0.07185670230363665,democratic_reform,positive,2003-04-01
Faiz,15.089379999999998,0.5265878969249617,0.0,0.4159171698231808,macro_economy,positive,2003-04-01
Egemenlik,13.71726,0.29594986670467405,0.18181818181818182,0.011104224119985096,security_conflict,positive,2003-04-01
Reform,13.53759,0.5270569828288786,0.2727272727272727,0.41648666783272137,democratic_reform,positive,2003-04-01
Enflasyon,9.725000000000001,0.5267653238625386,0.43636363636363634,0.376594128079691,macro_economy,positive,2003-04-01
Guvenlik,9.6625,0.3429579690187035,0.18181818181818182,0.06120939362611322,security_conflict,positive,2003-04-01
IMF,1.635,0.22700144052766974,0.0,0.0018743038779856574,macro_economy,positive,2003-04-01
Vesayet,0.5125,0.26063311177737697,0.0,0.011511309013467688,constitutional_conflict,positive,2003-04-01
Ekonomi,410.34635999999995,0.5792726278015797,0.0,0.3862887453050828,macro_economy,positive,2003-05-01
Avrupa Birligi,280.273615,0.41259187069722264,0.0,0.2950108973481309,democratic_reform,positive,2003-05-01
Hukuk Devleti,229.176605,0.5774065713101373,0.41666666666666663,0.3828172137947182,democratic_reform,positive,2003-05-01
Demokrasi,110.476305,0.36171566385651743,0.2222222222222222,0.06026435674573878,democratic_reform,positive,2003-05-01
Anayasa,44.70545,0.48077830733082466,0.38888888888888884,0.2145883963604925,constitutional_conflict,positive,2003-05-01
Guvenlik,20.416159999999998,0.48676725738681315,0.0,0.34281002260757165,security_conflict,positive,2003-05-01
Reform,15.77678,0.41535230458231714,0.0,0.29725799053907237,democratic_reform,positive,2003-05-01
Faiz,9.853390000000001,0.5773492875478057,0.5,0.5227587694530683,macro_economy,positive,2003-05-01
Enflasyon,3.75,0.41479030699828057,0.0,0.29686997457498604,macro_economy,positive,2003-05-01
Egemenlik,1.675,0.26908112170810056,0.0,0.015200216729007652,security_conflict,positive,2003-05-01
Ekonomi,288.6132,0.5645287591824099,0.06666666666666667,0.3995353221710733,macro_economy,positive,2003-06-01
Hukuk Devleti,130.963655,0.6355905245955753,0.33333333333333337,0.4630586765217743,democratic_reform,positive,2003-06-01
Avrupa Birligi,93.01384,0.5369449029819369,0.044444444444444446,0.37074537749228337,democratic_reform,positive,2003-06-01
Demokrasi,38.55923,0.4780158854616101,0.2,0.2642618369483121,democratic_reform,positive,2003-06-01
Guvenlik,31.08368,0.32517410950238484,0.0,0.044417301514917094,security_conflict,positive,2003-06-01
Anayasa,26.606025000000002,0.5967544883878855,0.17777777777777778,0.3542432270332636,constitutional_conflict,positive,2003-06-01
Faiz,22.097459999999998,0.4776191832359546,0.22222222222222224,0.2084035244004325,macro_economy,positive,2003-06-01
Reform,17.93381,0.3209262356160616,0.0,0.0539869508236926,democratic_reform,positive,2003-06-01
Enflasyon,6.77509,0.4569983401062868,0.0,0.25601381512995874,macro_economy,positive,2003-06-01
Egemenlik,2.97509,0.4155519727730862,0.0,0.12645023790360646,security_conflict,positive,2003-06-01
IMF,2.48339,0.5977337839784262,0.22222222222222224,0.40413019983480986,macro_economy,positive,2003-06-01
Ekonomi,348.452715,0.5464837774154051,0.35555555555555557,0.37118841758396737,macro_economy,positive,2003-07-01
Guvenlik,201.64637,0.49228790906704356,0.22222222222222224,0.19782687692489775,security_conflict,positive,2003-07-01
Hukuk Devleti,171.37972000000002,0.6142300948110784,0.33333333333333337,0.452407976782226,democratic_reform,positive,2003-07-01
Avrupa Birligi,160.87999,0.49268613301708736,0.0,0.35728039066938855,democratic_reform,positive,2003-07-01
Anayasa,131.35240499999998,0.5457318680440131,0.08888888888888889,0.34415738313592553,constitutional_conflict,positive,2003-07-01
Demokrasi,102.375885,0.5785473686841976,0.0,0.4181568997497471,democratic_reform,positive,2003-07-01
Reform,33.53513,0.28549661987087993,0.0,0.016677267607609576,democratic_reform,positive,2003-07-01
Enflasyon,16.27985,0.41062145333284295,0.2,0.12201168079223298,macro_economy,positive,2003-07-01
IMF,10.25759,0.29617667440513634,0.0,0.025280053318771856,macro_economy,positive,2003-07-01
Faiz,8.572500000000002,0.5788741549014119,0.06666666666666667,0.4184299081239531,macro_economy,positive,2003-07-01
Egemenlik,5.43759,0.39142577044806875,0.2,0.08108195000296829,security_conflict,positive,2003-07-01
Ekonomi,171.73104999999998,0.5418289521888068,0.5555555555555556,0.3284220822734172,macro_economy,positive,2003-10-01
Demokrasi,66.179735,0.36440373614231936,0.2222222222222222,0.0967929747745543,democratic_reform,positive,2003-10-01
Hukuk Devleti,48.569075,0.5087386456469697,0.0,0.4511505230581549,democratic_reform,positive,2003-10-01
Avrupa Birligi,25.92553,0.41682165104519314,0.0,0.43220967436846336,democratic_reform,positive,2003-10-01
Anayasa,25.10357,0.5119955045546192,0.41666666666666663,0.44946816677870527,constitutional_conflict,positive,2003-10-01
Guvenlik,8.52679,0.4123696966814842,0.19444444444444442,0.4282369477142723,security_conflict,positive,2003-10-01
Faiz,8.43769,0.45582578247366906,0.0,0.16093376507086546,macro_economy,positive,2003-10-01
Reform,4.875,0.4577694542529914,0.3333333333333333,0.16187197968339626,democratic_reform,positive,2003-10-01
Egemenlik,1.80009,0.31037215135363244,0.0,0.233029963560556,security_conflict,positive,2003-10-01
Enflasyon,1.35,0.2687124469675512,0.0,0.02478636797835744,macro_economy,positive,2003-10-01
Ekonomi,179.93707,0.3464250982405848,0.38888888888888884,0.01245155941188749,macro_economy,positive,2003-11-01
Hukuk Devleti,28.35877,0.35292636819011997,0.0,0.41975659340951743,democratic_reform,positive,2003-11-01
Demokrasi,24.316789999999997,0.46294940723520506,0.5555555555555556,0.22684209965768498,democratic_reform,positive,2003-11-01
Guvenlik,18.99206,0.20804000680451776,0.0,0.000521334750055899,security_conflict,positive,2003-11-01
Avrupa Birligi,13.341959999999998,0.439883057024235,0.41666666666666663,0.45978103064049547,democratic_reform,positive,2003-11-01
Anayasa,11.38759,0.2775331376256921,0.2222222222222222,0.0029061623960552926,constitutional_conflict,positive,2003-11-01
Reform,8.98339,0.4402697814632303,0.0,0.4575885571965234,democratic_reform,positive,2003-11-01
Faiz,3.21,0.4156284910842871,0.5,0.05254751737526147,macro_economy,positive,2003-11-01
Egemenlik,0.675,0.3514285196176569,0.0,0.41751417928868756,security_conflict,positive,2003-11-01
IMF,0.675,0.3514285196176569,0.0,0.41751417928868756,macro_economy,positive,2003-11-01
Ekonomi,1101.7577749999998,0.517983617027623,0.3111111111111111,0.398603168892893,macro_economy,positive,2003-12-01
Hukuk Devleti,286.96888,0.39455604155997237,0.0,0.08610584330380677,democratic_reform,positive,2003-12-01
Faiz,190.87407000000002,0.40941962807799864,0.2,0.08889410509811871,macro_economy,positive,2003-12-01
Demokrasi,163.12317999999996,0.5186700548131347,0.0,0.3993859076862544,democratic_reform,positive,2003-12-01
Enflasyon,142.540455,0.5463890482393011,0.4666666666666667,0.3090621958943912,macro_economy,positive,2003-12-01
Anayasa,123.32959,0.5798213863480817,0.0,0.42286865007089075,constitutional_conflict,positive,2003-12-01
Avrupa Birligi,96.46235,0.5799442680529499,0.35555555555555557,0.42243568291210276,democratic_reform,positive,2003-12-01
Guvenlik,90.13643,0.2899107884890027,0.0,0.03886525889619839,security_conflict,positive,2003-12-01
Reform,79.18895499999999,0.3947782847054515,0.2,0.1811201042432904,democratic_reform,positive,2003-12-01
IMF,28.26402,0.29740009470818757,0.0,0.01899850757596485,macro_economy,positive,2003-12-01
Egemenlik,2.0250000000000004,0.5797714929641411,0.0,0.4228768688121608,security_conflict,positive,2003-12-01
Ekonomi,272.55140500000005,0.5099608771276516,0.0,0.3816828075294233,macro_economy,positive,2004-01-01
Hukuk Devleti,58.611689999999996,0.5928331478149277,0.13333333333333333,0.4076184519980162,democratic_reform,positive,2004-01-01
Guvenlik,42.075025,0.5926919421806982,0.4666666666666667,0.4742505153243869,security_conflict,positive,2004-01-01
Avrupa Birligi,42.033345,0.5084586198203653,0.0,0.38019491186846166,democratic_reform,positive,2004-01-01
Demokrasi,36.655225,0.3542404802789162,0.2,0.04507204009318875,democratic_reform,positive,2004-01-01
Faiz,14.491475000000001,0.5967077312148238,0.26666666666666666,0.4129892036191774,macro_economy,positive,2004-01-01
Enflasyon,12.425155,0.4743453187326062,0.35555555555555557,0.1891280344038448,macro_economy,positive,2004-01-01
Anayasa,11.310409999999997,0.2658206205292179,0.0,0.009995472043630571,constitutional_conflict,positive,2004-01-01
Reform,3.45428,0.4132294833729022,0.0,0.1916966490474669,democratic_reform,positive,2004-01-01
Egemenlik,0.675,0.4132294833729022,0.0,0.19169664904746686,security_conflict,positive,2004-01-01
IMF,0.675,0.4132294833729022,0.0,0.1916966490474669,macro_economy,positive,2004-01-01
Ekonomi,160.15149,0.49932503721711946,0.0,0.42663786820469185,macro_economy,positive,2004-02-01
Hukuk Devleti,101.37611000000001,0.4993184874618421,0.26666666666666666,0.4264133952498595,democratic_reform,positive,2004-02-01
Demokrasi,94.75455,0.4149659403533058,0.35555555555555557,0.1853634070608561,democratic_reform,positive,2004-02-01
Anayasa,91.16524000000001,0.49962521051525344,0.26666666666666666,0.40878894951374883,constitutional_conflict,positive,2004-02-01
Reform,74.043215,0.43306968189486456,0.35555555555555557,0.2871282580368446,democratic_reform,positive,2004-02-01
Avrupa Birligi,40.54575,0.4994353756447273,0.06666666666666667,0.42670464909898437,democratic_reform,positive,2004-02-01
Guvenlik,36.699715,0.4987543167425574,0.13333333333333333,0.4066750443221427,security_conflict,positive,2004-02-01
Faiz,7.47929,0.3181538547124345,0.2,0.05433111997090862,macro_economy,positive,2004-02-01
IMF,2.5250000000000004,0.24736397558601475,0.0,0.008996459557305669,macro_economy,positive,2004-02-01
Egemenlik,1.35,0.3182052367619722,0.2,0.04091316636798612,security_conflict,positive,2004-02-01
Enflasyon,0.675,0.22717967056069163,0.0,0.008542129651855806,macro_economy,positive,2004-02-01
Ekonomi,37.313585,0.3832419257554081,0.2857142857142857,0.057625097172583774,macro_economy,positive,2004-03-01
Demokrasi,32.92363,0.4778112988657979,0.0,0.4719550022512127,democratic_reform,positive,2004-03-01
Hukuk Devleti,29.92409,0.5071046089331211,0.47619047619047616,0.17778208998665893,democratic_reform,positive,2004-03-01
Anayasa,19.86924,0.5947242804527887,0.5714285714285714,0.4985503713306864,constitutional_conflict,positive,2004-03-01
Guvenlik,7.17509,0.5020534642164448,0.2857142857142857,0.49773194980422625,security_conflict,positive,2004-03-01
Reform,1.80839,0.4776134736207612,0.0,0.47185329043218893,democratic_reform,positive,2004-03-01
Avrupa Birligi,1.80009,0.2830167131301204,0.0,0.017535450091330937,democratic_reform,positive,2004-03-01
Egemenlik,1.13339,0.34330742879313164,0.0,0.15194988053437913,security_conflict,positive,2004-03-01
Ekonomi,133.85452500000002,0.397564253672085,0.0,0.42588959574965224,macro_economy,positive,2004-04-01
Hukuk Devleti,65.79437999999999,0.41047910652556563,0.4666666666666667,0.0189809689962117,democratic_reform,positive,2004-04-01
Anayasa,39.013130000000004,0.3975381831678629,0.0,0.4264575448671262,constitutional_conflict,positive,2004-04-01
Avrupa Birligi,33.21803,0.37924810568056083,0.0,0.35942839647838665,democratic_reform,positive,2004-04-01
Guvenlik,22.053660000000004,0.25720410788231995,0.0,0.0008937092998801295,security_conflict,positive,2004-04-01
Demokrasi,11.34188,0.33868621353506423,0.37777777777777777,0.004314368091955105,democratic_reform,positive,2004-04-01
Reform,10.630645000000001,0.3774556796053598,0.0,0.3574736796452271,democratic_reform,positive,2004-04-01
Faiz,6.68339,0.3964215728856929,0.022222222222222223,0.42528738984964953,macro_economy,positive,2004-04-01
Enflasyon,5.25017,0.49578425060419085,0.5555555555555556,0.4374291402973049,macro_economy,positive,2004-04-01
Egemenlik,3.47509,0.4686821134928486,0.5333333333333333,0.08474522289847025,security_conflict,positive,2004-04-01
IMF,0.675,0.2553081810592553,0.0,0.0008669493174664298,macro_economy,positive,2004-04-01
Hukuk Devleti,199.91264999999999,0.4480535081435627,0.0,0.4803863588766957,democratic_reform,positive,2004-05-01
Anayasa,172.492055,0.5621530856371978,0.5714285714285714,0.467940021913471,constitutional_conflict,positive,2004-05-01
Ekonomi,151.967905,0.4241961354267424,0.0,0.19516965163138647,macro_economy,positive,2004-05-01
Avrupa Birligi,99.42672499999999,0.3407493897657172,0.0,0.3577024948961586,democratic_reform,positive,2004-05-01
Demokrasi,98.71847499999998,0.45329389683304516,0.23809523809523808,0.48310942038867616,democratic_reform,positive,2004-05-01
Guvenlik,36.87479,0.45044771747947926,0.2857142857142857,0.21205052565848653,security_conflict,positive,2004-05-01
Reform,20.158389999999997,0.5621530856371978,0.5714285714285714,0.31741536363289624,democratic_reform,positive,2004-05-01
Faiz,6.8122750000000005,0.31489781379442644,0.0,0.07145742616013365,macro_economy,positive,2004-05-01
Ekonomi,321.94169500000004,0.49037912894192726,0.06666666666666667,0.43846478194810223,macro_economy,positive,2004-06-01
Hukuk Devleti,252.29962500000002,0.4865740070829643,0.11111111111111112,0.40672789858451425,democratic_reform,positive,2004-06-01
Guvenlik,101.64918499999999,0.3923300581059379,0.06666666666666667,0.33200371318156946,security_conflict,positive,2004-06-01
Anayasa,95.75076,0.3476108265340923,0.0,0.16755166039572938,constitutional_conflict,positive,2004-06-01
Demokrasi,95.226845,0.4898802516274292,0.11111111111111112,0.4385638032624132,democratic_reform,positive,2004-06-01
Avrupa Birligi,45.74687,0.5138120428884948,0.4666666666666667,0.17900043862996312,democratic_reform,positive,2004-06-01
Faiz,21.184045,0.3055869732056279,0.0,0.013840209620188577,macro_economy,positive,2004-06-01
Egemenlik,13.17438,0.4044668017801544,0.35555555555555557,0.04585382131693098,security_conflict,positive,2004-06-01
Reform,12.626339999999999,0.5740158377480291,0.35555555555555557,0.4087389612919556,democratic_reform,positive,2004-06-01
Enflasyon,4.66839,0.5152155170228981,0.08888888888888889,0.3317957900015422,macro_economy,positive,2004-06-01
IMF,3.525,0.3055869732056279,0.0,0.013840209620188577,macro_economy,positive,2004-06-01
Demokrasi,353.80465499999997,0.5092249805758369,0.25,0.26780208985681453,democratic_reform,positive,2004-07-01
Ekonomi,137.56506,0.42592136683904336,0.0,0.24823528600643327,macro_economy,positive,2004-07-01
Hukuk Devleti,116.51897500000001,0.3966644164214819,0.0,0.12121397250480549,democratic_reform,positive,2004-07-01
Anayasa,76.68905,0.5867580517285115,0.0,0.44583463987002936,constitutional_conflict,positive,2004-07-01
Reform,63.682205,0.6879510652347844,0.25,0.4632868224550884,democratic_reform,positive,2004-07-01
Avrupa Birligi,47.624019999999994,0.6330525591693917,0.42857142857142855,0.47026645908855536,democratic_reform,positive,2004-07-01
Guvenlik,13.13947,0.37799237964681265,0.0,0.09431065767299093,security_conflict,positive,2004-07-01
IMF,8.51679,0.3508054211380706,0.0,0.07327557090956653,macro_economy,positive,2004-07-01
Faiz,4.49179,0.6350664517662469,0.2857142857142857,0.4507226401725756,macro_economy,positive,2004-07-01
Ekonomi,3.5200000000000005,0.39822916497796784,0.0,0.4902784846878495,macro_economy,positive,2004-08-01
Enflasyon,2.9624999999999995,0.2380942477219598,0.0,0.13875883724866278,macro_economy,positive,2004-08-01
Avrupa Birligi,0.675,0.5421669629283722,1.0,0.7071067811793149,democratic_reform,positive,2004-08-01
Demokrasi,0.675,0.39822916497796784,0.0,0.4902784846878495,democratic_reform,positive,2004-08-01
Hukuk Devleti,97.252865,0.4400145126494236,0.0,0.4832580115410375,democratic_reform,positive,2004-09-01
Demokrasi,36.45011,0.46984697837795547,0.3333333333333333,0.5218068475465452,democratic_reform,positive,2004-09-01
Anayasa,31.69269,0.5630514288054002,0.6,0.5757013287457184,constitutional_conflict,positive,2004-09-01
Ekonomi,20.11449,0.4000704082558718,0.3333333333333333,0.15809012032887515,macro_economy,positive,2004-09-01
Avrupa Birligi,15.02865,0.5135054911201518,0.5333333333333333,0.31426825313031176,democratic_reform,positive,2004-09-01
Guvenlik,5.32509,0.2991951055614927,0.0,0.06987659450862144,security_conflict,positive,2004-09-01
Reform,2.67089,0.3143877060367556,0.0,0.18468223705612585,democratic_reform,positive,2004-09-01
Ekonomi,38.481835000000004,0.3782040642644104,0.5555555555555556,0.4137125206225167,macro_economy,positive,2004-10-01
Avrupa Birligi,32.802139999999994,0.3782040642644104,0.5555555555555556,0.11109930058270283,democratic_reform,positive,2004-10-01
Demokrasi,10.103390000000001,0.3236885127082042,0.0,0.4724950139295116,democratic_reform,positive,2004-10-01
Anayasa,10.00438,0.32365576819388353,0.0,0.47282012417511377,constitutional_conflict,positive,2004-10-01
Faiz,9.304165000000001,0.33790035110604977,0.5555555555555556,0.023206659027588113,macro_economy,positive,2004-10-01
Reform,5.2124999999999995,0.2654104341706959,0.0,0.38145501029213225,democratic_reform,positive,2004-10-01
Guvenlik,3.4624999999999995,0.2743821413739783,0.2222222222222222,0.00665920601325265,security_conflict,positive,2004-10-01
Enflasyon,2.9624999999999995,0.3235148223993575,0.16666666666666666,0.4728557695712547,macro_economy,positive,2004-10-01
Hukuk Devleti,2.875,0.22058299868158196,0.0,0.001817924123995382,democratic_reform,positive,2004-10-01
Egemenlik,1.80009,0.13941589095460077,0.0,0.0013360715228690927,security_conflict,positive,2004-10-01
Ekonomi,255.90742,0.49325710573648374,0.35555555555555557,0.26294189878642854,macro_economy,positive,2004-11-01
Avrupa Birligi,92.418775,0.45193175188570545,0.0,0.2550052320380504,democratic_reform,positive,2004-11-01
Hukuk Devleti,79.63325,0.4182354621607396,0.08888888888888889,0.3391478832274204,democratic_reform,positive,2004-11-01
Demokrasi,57.827110000000005,0.5911739844425833,0.3111111111111111,0.41802631458699446,democratic_reform,positive,2004-11-01
Anayasa,37.02395,0.505673801037425,0.13333333333333333,0.33706087694925807,constitutional_conflict,positive,2004-11-01
Guvenlik,19.21325,0.3596917443003744,0.2,0.06906953614571007,security_conflict,positive,2004-11-01
Reform,10.243480000000002,0.5050833357020985,0.2,0.3880265168988368,democratic_reform,positive,2004-11-01
Enflasyon,8.2125,0.377978179211032,0.0,0.25658631147267785,macro_economy,positive,2004-11-01
Faiz,7.35,0.5252678456225509,0.22222222222222224,0.4184734986614299,macro_economy,positive,2004-11-01
IMF,2.47509,0.377978179211032,0.0,0.2565863114726779,macro_economy,positive,2004-11-01
Egemenlik,1.80009,0.2715369765243727,0.0,0.01811767504143711,security_conflict,positive,2004-11-01
Ekonomi,1285.8243249999998,0.4700236548234653,0.044444444444444446,0.2003597661709995,macro_economy,positive,2004-12-01
Hukuk Devleti,656.690675,0.41151782415213173,0.2,0.16704783337475002,democratic_reform,positive,2004-12-01
Avrupa Birligi,303.77150500000005,0.5491946379475399,0.33333333333333337,0.3574014384153176,democratic_reform,positive,2004-12-01
Anayasa,167.90319,0.4938653999709122,0.22222222222222224,0.3169952657475105,constitutional_conflict,positive,2004-12-01
Demokrasi,167.397625,0.549315926591371,0.11111111111111112,0.39252689663970425,democratic_reform,positive,2004-12-01
Faiz,146.46143999999998,0.5812927462218712,0.06666666666666667,0.40576824992765204,macro_economy,positive,2004-12-01
Guvenlik,131.98807499999998,0.581131290564261,0.0,0.42718542939662907,security_conflict,positive,2004-12-01
Enflasyon,127.416315,0.5818155858001931,0.2888888888888889,0.42777029169946157,macro_economy,positive,2004-12-01
Reform,109.27639,0.41148627420441986,0.2,0.13157408921786604,democratic_reform,positive,2004-12-01
IMF,52.18147,0.29778144321552796,0.0,0.036700413865046626,macro_economy,positive,2004-12-01
Egemenlik,2.93348,0.2994378783230094,0.0,0.029504010935517706,security_conflict,positive,2004-12-01
Ekonomi,61.967335,0.2175254443973499,0.0,0.03513169857516784,macro_economy,positive,2005-01-01
Demokrasi,30.832160000000002,0.2123233768792329,0.0,0.4287339083654363,democratic_reform,positive,2005-01-01
Hukuk Devleti,22.1098,0.21750291359266086,0.0,0.4956373255276318,democratic_reform,positive,2005-01-01
Anayasa,19.135089999999998,0.24425992987251038,0.5333333333333333,0.46430304033545006,constitutional_conflict,positive,2005-01-01
Reform,16.775000000000002,0.22242895889693257,0.35555555555555557,0.0351834825468304,democratic_reform,positive,2005-01-01
Avrupa Birligi,14.31268,0.24459329910977815,0.5333333333333333,0.06402757659601971,democratic_reform,positive,2005-01-01
IMF,9.645,0.250914154004423,0.5555555555555556,0.14770975958367905,macro_economy,positive,2005-01-01
Guvenlik,5.754289999999999,0.21738271354943453,0.17777777777777778,0.49540736433479776,security_conflict,positive,2005-01-01
Faiz,1.80839,0.18373435714818467,0.0,0.28413549188548776,macro_economy,positive,2005-01-01
Egemenlik,1.13339,0.18721972062555203,0.0,0.02004999025552764,security_conflict,positive,2005-01-01
Enflasyon,0.675,0.04620973104216828,0.0,0.0005570201420873616,macro_economy,positive,2005-01-01
Ekonomi,140.79374499999997,0.5503754389780963,0.36363636363636365,0.33537960466048145,macro_economy,positive,2005-02-01
Demokrasi,53.213465,0.5233611130454358,0.39999999999999997,0.4023374697345884,democratic_reform,positive,2005-02-01
Anayasa,52.01268,0.502195577378427,0.09090909090909091,0.32772723898751116,constitutional_conflict,positive,2005-02-01
Avrupa Birligi,40.352259999999994,0.4793913396761691,0.07272727272727272,0.2618803070807922,democratic_reform,positive,2005-02-01
Reform,35.072720000000004,0.4557867095784228,0.0,0.21899318552696626,democratic_reform,positive,2005-02-01
Hukuk Devleti,34.953739999999996,0.454022335695704,0.2909090909090909,0.21754888866993513,democratic_reform,positive,2005-02-01
Guvenlik,14.18679,0.43711800104514587,0.18181818181818182,0.39379026592011,security_conflict,positive,2005-02-01
Faiz,6.470000000000001,0.4041947143976693,0.0,0.3341748796825585,macro_economy,positive,2005-02-01
Enflasyon,4.12098,0.3473137165101613,0.18181818181818182,0.10694516114909047,macro_economy,positive,2005-02-01
IMF,4.00429,0.39872096324367684,0.0,0.33012002479898733,macro_economy,positive,2005-02-01
Vesayet,0.96,0.33048034257824666,0.0,0.25794510006502663,constitutional_conflict,positive,2005-02-01
Egemenlik,0.675,0.2633342368429295,0.0,0.026025216370667754,security_conflict,positive,2005-02-01
Ekonomi,275.180025,0.5750998149756562,0.0,0.38610038810101993,macro_economy,positive,2005-03-01
Hukuk Devleti,144.95703500000002,0.46877377868415415,0.0,0.24202956866748732,democratic_reform,positive,2005-03-01
Anayasa,80.90289,0.4273670221326518,0.2,0.268100034266646,constitutional_conflict,positive,2005-03-01
Demokrasi,58.432860000000005,0.5441181580377471,0.0,0.40837635256312604,democratic_reform,positive,2005-03-01
Guvenlik,47.302060000000004,0.5159425520233747,0.35555555555555557,0.251369494009001,security_conflict,positive,2005-03-01
Faiz,42.660705,0.28083515793498737,0.0,0.012822120866317932,macro_economy,positive,2005-03-01
Avrupa Birligi,30.585,0.5445557848153603,0.26666666666666666,0.40879539954149796,democratic_reform,positive,2005-03-01
Enflasyon,21.531299999999998,0.37618286022935277,0.2,0.05750111570372142,macro_economy,positive,2005-03-01
Reform,20.99089,0.6119576595350523,0.4666666666666667,0.44888580468904815,democratic_reform,positive,2005-03-01
IMF,11.429589999999997,0.29868126026563474,0.0,0.053519092154336784,macro_economy,positive,2005-03-01
Egemenlik,1.85,0.5152783561484842,0.0,0.339949201088422,security_conflict,positive,2005-03-01
Ekonomi,402.19157,0.5099061723149827,0.38888888888888884,0.4113173988401619,macro_economy,positive,2005-04-01
Hukuk Devleti,117.449935,0.41421930770742404,0.0,0.14429128146697562,democratic_reform,positive,2005-04-01
Anayasa,92.68642000000001,0.4299630658307047,0.2222222222222222,0.14847868730665983,constitutional_conflict,positive,2005-04-01
Demokrasi,64.73063,0.5756771835051961,0.0,0.4411359706329419,democratic_reform,positive,2005-04-01
Avrupa Birligi,44.13605,0.5771992129692753,0.3333333333333333,0.44176519219939137,democratic_reform,positive,2005-04-01
Reform,31.333160000000003,0.5764383150815029,0.0,0.44123314611430814,democratic_reform,positive,2005-04-01
IMF,27.981180000000002,0.3015863977528071,0.0,0.03517262748894036,macro_economy,positive,2005-04-01
Faiz,20.81028,0.5733384931365278,0.5,0.40707030429526625,macro_economy,positive,2005-04-01
Guvenlik,13.934999999999999,0.35729534016430686,0.0,0.13443189276683706,security_conflict,positive,2005-04-01
Enflasyon,9.445889999999999,0.3596041697608974,0.0,0.13598788147521934,macro_economy,positive,2005-04-01
Ekonomi,239.74363999999997,0.41451435465359493,0.38888888888888884,0.05260909980453906,macro_economy,positive,2005-05-01
Hukuk Devleti,176.35608,0.3839844581323941,0.0,0.4188438516524152,democratic_reform,positive,2005-05-01
Anayasa,137.40292,0.5160736514905805,0.6388888888888888,0.22408287908199284,constitutional_conflict,positive,2005-05-01
Demokrasi,79.535295,0.38389526846314437,0.0,0.4180683095836571,democratic_reform,positive,2005-05-01
Guvenlik,35.842365,0.382835876281076,0.0,0.41713586119562407,security_conflict,positive,2005-05-01
Avrupa Birligi,34.02055,0.48825405119377435,0.41666666666666663,0.45932100799254943,democratic_reform,positive,2005-05-01
Reform,17.09509,0.4871620536506718,0.0,0.45966368572121485,democratic_reform,positive,2005-05-01
IMF,8.232590000000002,0.23107554542836425,0.0,0.019952681425447646,macro_economy,positive,2005-05-01
Enflasyon,5.1725,0.24552133307442311,0.0,0.00276451195784595,macro_economy,positive,2005-05-01
Faiz,4.85839,0.3140680693222255,0.2222222222222222,0.011545185272022076,macro_economy,positive,2005-05-01
Hukuk Devleti,851.84791,0.40664002493337353,0.0,0.2805886039055005,democratic_reform,positive,2005-06-01
Ekonomi,238.509785,0.516076846133379,0.4666666666666667,0.30594776451894806,macro_economy,positive,2005-06-01
Anayasa,202.87327,0.5202011844737127,0.08888888888888889,0.41552613669256244,constitutional_conflict,positive,2005-06-01
Demokrasi,73.86316,0.546365138165929,0.13333333333333333,0.46442678183640307,democratic_reform,positive,2005-06-01
Avrupa Birligi,72.340585,0.4446104340113746,0.2,0.3623518571200819,democratic_reform,positive,2005-06-01
Reform,30.35882,0.5474637352652565,0.22222222222222224,0.4646983466603336,democratic_reform,positive,2005-06-01
Guvenlik,30.09513,0.39042810065910294,0.0,0.28887583174830417,security_conflict,positive,2005-06-01
IMF,20.841169999999998,0.28459341279686684,0.0,0.058307192047014116,macro_economy,positive,2005-06-01
Faiz,17.41178,0.4087152017260768,0.35555555555555557,0.07073912242319924,macro_economy,positive,2005-06-01
Enflasyon,6.0083899999999995,0.30646090731155273,0.2,0.014358041956607644,macro_economy,positive,2005-06-01
Egemenlik,1.35,0.23665835224199425,0.0,0.00303667790897595,security_conflict,positive,2005-06-01
Guvenlik,32.2472,0.36960646829962984,0.0,0.40682129045380366,security_conflict,positive,2005-07-01
Demokrasi,30.479155,0.346240941529033,0.2857142857142857,0.036359628378022264,democratic_reform,positive,2005-07-01
Ekonomi,29.781619999999997,0.3902099122363718,0.023809523809523808,0.5169378634062683,macro_economy,positive,2005-07-01
Anayasa,13.165000000000001,0.5021858539480346,0.5714285714285714,0.23779226356906702,constitutional_conflict,positive,2005-07-01
Reform,9.26,0.36960646829962984,0.0,0.40682129045380366,democratic_reform,positive,2005-07-01
Hukuk Devleti,5.576965,0.4317774739273338,0.47619047619047616,0.09113201160825368,democratic_reform,positive,2005-07-01
Avrupa Birligi,3.0250000000000004,0.5021858539480347,0.5952380952380952,0.5792254493464762,democratic_reform,positive,2005-07-01
Faiz,2.0125,0.24493581878739934,0.0,0.009683632814356708,macro_economy,positive,2005-07-01
Guvenlik,40.606495,0.571066469054266,0.5,0.5513158299521419,security_conflict,positive,2005-09-01
Demokrasi,10.43787,0.3993948886870781,0.0,0.33678728975700883,democratic_reform,positive,2005-09-01
Ekonomi,7.46847,0.4493652670352817,0.0,0.3811732612275444,macro_economy,positive,2005-09-01
Anayasa,5.85291,0.3643949078366143,0.0,0.22529491909313631,constitutional_conflict,positive,2005-09-01
Avrupa Birligi,0.96,0.6778001516384599,0.8333333333333333,0.6217510124304462,democratic_reform,positive,2005-09-01
Anayasa,165.773975,0.11884089890362111,0.15555555555555556,0.25080410273104436,constitutional_conflict,positive,2005-10-01
Ekonomi,165.51178000000002,0.11780752156814825,0.2,0.3621796933592536,macro_economy,positive,2005-10-01
Avrupa Birligi,66.046825,0.12544062755468366,0.2,0.4655738772568333,democratic_reform,positive,2005-10-01
Hukuk Devleti,61.451530000000005,0.11010551956216909,0.022222222222222223,0.17120975480590903,democratic_reform,positive,2005-10-01
Guvenlik,25.078390000000002,0.10973200758384782,0.0,0.10793161428096971,security_conflict,positive,2005-10-01
Reform,19.92116,0.12543739195573878,0.5333333333333333,0.39105439472778003,democratic_reform,positive,2005-10-01
Demokrasi,19.09348,0.12389761855357229,0.33333333333333337,0.44845968523830737,democratic_reform,positive,2005-10-01
Faiz,9.43759,0.1179942755919264,0.15555555555555556,0.23144729415062748,macro_economy,positive,2005-10-01
IMF,6.96401,0.10756082564889544,0.0,0.11435674930134719,macro_economy,positive,2005-10-01
Enflasyon,5.92517,0.11618453380227935,0.0,0.35709143565689194,macro_economy,positive,2005-10-01
Egemenlik,0.675,0.015407264990538554,0.0,0.0016984303476837808,security_conflict,positive,2005-10-01
Ekonomi,147.09928500000004,0.41425973511163927,0.0,0.2212707232523971,macro_economy,positive,2005-11-01
Hukuk Devleti,82.964555,0.4883815274611573,0.13333333333333333,0.3462369421561721,democratic_reform,positive,2005-11-01
Avrupa Birligi,60.92203500000001,0.5785535541534844,0.2888888888888889,0.41156197872956857,democratic_reform,positive,2005-11-01
Anayasa,50.517835000000005,0.42649245045831685,0.2,0.18894883656636122,constitutional_conflict,positive,2005-11-01
Guvenlik,34.441755,0.34748519370033515,0.0,0.08397362140453216,security_conflict,positive,2005-11-01
Demokrasi,28.591160000000002,0.5247534521310206,0.0,0.3794782159833609,democratic_reform,positive,2005-11-01
Faiz,24.461765,0.4157656693154575,0.0,0.22201242775836053,macro_economy,positive,2005-11-01
Reform,22.066879999999998,0.5964824060197671,0.4666666666666667,0.4409321789608851,democratic_reform,positive,2005-11-01
Enflasyon,3.8499999999999996,0.410328535600071,0.0,0.21895791029621067,macro_economy,positive,2005-11-01
Egemenlik,1.35,0.6025994435273465,0.17777777777777778,0.4256818026356735,security_conflict,positive,2005-11-01
IMF,0.675,0.30321797080204876,0.0,0.04648406335104507,macro_economy,positive,2005-11-01
Ekonomi,1383.4762149999997,0.4656591099199472,0.0,0.38450782417211216,macro_economy,positive,2005-12-01
Hukuk Devleti,512.04645,0.4646524315822263,0.0,0.15776698199324923,democratic_reform,positive,2005-12-01
Anayasa,236.10223999999997,0.4871259965770802,0.2,0.1629928919416545,constitutional_conflict,positive,2005-12-01
Avrupa Birligi,191.263225,0.6082613593668551,0.33333333333333337,0.24936788454242675,democratic_reform,positive,2005-12-01
Guvenlik,175.55022000000002,0.647433885067554,0.5333333333333333,0.4771895516085017,security_conflict,positive,2005-12-01
Demokrasi,142.47436,0.6458866332693285,0.2,0.25969855601555847,democratic_reform,positive,2005-12-01
Faiz,139.77001,0.4654057637863633,0.0,0.3844350259358892,macro_economy,positive,2005-12-01
Reform,116.08351499999999,0.4622289974228209,0.0,0.38074162051844246,democratic_reform,positive,2005-12-01
Enflasyon,111.563845,0.4635020354891445,0.0,0.38198265279628574,macro_economy,positive,2005-12-01
IMF,40.75375,0.31924276695288134,0.0,0.03242593332989186,macro_economy,positive,2005-12-01
Egemenlik,8.616565,0.4044641870507352,0.0,0.060352471090021925,security_conflict,positive,2005-12-01
Ekonomi,388.64238,0.3497127883333951,0.35555555555555557,0.21216753312734535,macro_economy,positive,2006-01-01
Avrupa Birligi,129.01333,0.4119304454229243,0.6444444444444445,0.534477310365933,democratic_reform,positive,2006-01-01
Reform,47.933240000000005,0.3104923969305144,0.0,0.3321889892175198,democratic_reform,positive,2006-01-01
Hukuk Devleti,22.86123,0.30463534519201324,0.0,0.20353598546573268,democratic_reform,positive,2006-01-01
Guvenlik,22.395310000000002,0.3109230489090423,0.0,0.3368319418857881,security_conflict,positive,2006-01-01
Anayasa,21.221045,0.2688010951420883,0.2,0.05173436556101153,constitutional_conflict,positive,2006-01-01
Demokrasi,10.77018,0.33990759036919177,0.06666666666666667,0.2518885459217368,democratic_reform,positive,2006-01-01
IMF,5.608579999999999,0.21577705829286362,0.0,0.014131399739730526,macro_economy,positive,2006-01-01
Enflasyon,3.61678,0.3243129444956743,0.022222222222222223,0.411854722744769,macro_economy,positive,2006-01-01
Faiz,2.8499999999999996,0.32310095230654035,0.0,0.40981791471311657,macro_economy,positive,2006-01-01
Egemenlik,1.80009,0.08218303361747291,0.0,0.01370208404186122,security_conflict,positive,2006-01-01
Ekonomi,196.23121,0.6855027282862793,0.5,0.4251231277295803,macro_economy,positive,2006-02-01
Guvenlik,101.335365,0.6307188347598615,0.25,0.45970343937285774,security_conflict,positive,2006-02-01
Faiz,60.480775,0.5430937932757641,0.0,0.30626740393691393,macro_economy,positive,2006-02-01
Hukuk Devleti,49.136250000000004,0.5111797847923204,0.05555555555555555,0.36984238975503925,democratic_reform,positive,2006-02-01
Anayasa,30.955520000000007,0.5123836251500163,0.0,0.30087127253161877,constitutional_conflict,positive,2006-02-01
Reform,22.860549999999996,0.4185410117978093,0.0,0.11137921660347333,democratic_reform,positive,2006-02-01
Demokrasi,20.39412,0.46460039187079744,0.0,0.2936736170886701,democratic_reform,positive,2006-02-01
Avrupa Birligi,16.579335,0.631525130940423,0.2222222222222222,0.41294641982714225,democratic_reform,positive,2006-02-01
Enflasyon,15.783869999999999,0.3884279829728097,0.0,0.09288806185903696,macro_economy,positive,2006-02-01
IMF,8.4,0.3784169181424669,0.0,0.09504722268580366,macro_economy,positive,2006-02-01
Ekonomi,315.66630499999997,0.5015020233171833,0.2,0.39892598057336137,macro_economy,positive,2006-03-01
Hukuk Devleti,80.32845999999999,0.5618388220578513,0.26666666666666666,0.36238800836774415,democratic_reform,positive,2006-03-01
Guvenlik,43.84579,0.4203319376136209,0.0,0.2839460651989154,security_conflict,positive,2006-03-01
Anayasa,30.215370000000004,0.41283780129180364,0.0,0.0795997652345427,constitutional_conflict,positive,2006-03-01
Avrupa Birligi,22.70027,0.6252685245127572,0.2,0.4801789783825539,democratic_reform,positive,2006-03-01
Faiz,20.93921,0.41315683032423617,0.17777777777777778,0.07969924419471251,macro_economy,positive,2006-03-01
Demokrasi,20.65215,0.5054117131686406,0.06666666666666667,0.44064135417370764,democratic_reform,positive,2006-03-01
Reform,19.91375,0.3287312906380904,0.0,0.08250183920223168,democratic_reform,positive,2006-03-01
Enflasyon,15.008479999999999,0.4674421046597062,0.0,0.36374160982755827,macro_economy,positive,2006-03-01
IMF,5.816789999999999,0.5535015694450198,0.4666666666666667,0.22620015849413977,macro_economy,positive,2006-03-01
Egemenlik,3.5141099999999996,0.30181503406804294,0.0,0.034667782439490674,security_conflict,positive,2006-03-01
Hukuk Devleti,250.81116000000003,0.5708507904403838,0.044444444444444446,0.4335078790717134,democratic_reform,positive,2006-04-01
Ekonomi,205.659935,0.6072532349422353,0.48888888888888893,0.3955421299268636,macro_economy,positive,2006-04-01
Guvenlik,162.065645,0.44783845963053565,0.0,0.30648635169983757,security_conflict,positive,2006-04-01
Anayasa,55.496505,0.4717650741858853,0.2,0.28504595942224353,constitutional_conflict,positive,2006-04-01
Demokrasi,43.34355,0.571697306584236,0.4,0.4636002777154615,democratic_reform,positive,2006-04-01
Reform,42.87045,0.3937200156355172,0.0,0.2314847676133781,democratic_reform,positive,2006-04-01
Avrupa Birligi,27.90259,0.40542656434840424,0.2,0.08816989541820275,democratic_reform,positive,2006-04-01
IMF,10.45858,0.28287864175774313,0.0,0.01853000028379235,macro_economy,positive,2006-04-01
Faiz,7.65839,0.39477539097129477,0.0,0.23268416122654154,macro_economy,positive,2006-04-01
Enflasyon,1.35,0.5411114851221079,0.0,0.3816444401157561,macro_economy,positive,2006-04-01
Vesayet,0.5125,0.31943354093279885,0.0,0.06332578790687071,constitutional_conflict,positive,2006-04-01
Guvenlik,292.35015500000003,0.404767433035553,0.0,0.36357609450769135,security_conflict,positive,2006-05-01
Ekonomi,258.58558,0.545437885797174,0.5333333333333333,0.1922937755582308,macro_economy,positive,2006-05-01
Anayasa,75.530945,0.4943707145406976,0.22222222222222224,0.3323792864404339,constitutional_conflict,positive,2006-05-01
Hukuk Devleti,72.24991499999999,0.40883237168398273,0.0,0.052509740030970926,democratic_reform,positive,2006-05-01
Avrupa Birligi,45.142295,0.5453637161994648,0.22222222222222224,0.4607001363116775,democratic_reform,positive,2006-05-01
Demokrasi,42.99248,0.42958320528913263,0.044444444444444446,0.4295608416349782,democratic_reform,positive,2006-05-01
Reform,13.617070000000002,0.40594316105239636,0.0,0.36565842511980073,democratic_reform,positive,2006-05-01
Faiz,10.47509,0.2439100389773586,0.0,0.0020813112580650587,macro_economy,positive,2006-05-01
Enflasyon,10.32098,0.42989595187398943,0.0,0.4291877595178119,macro_economy,positive,2006-05-01
IMF,9.512375000000002,0.3150723458197377,0.2,0.009569163364952392,macro_economy,positive,2006-05-01
Egemenlik,3.15009,0.4425407155595797,0.35555555555555557,0.053207280916277244,security_conflict,positive,2006-05-01
Ekonomi,695.80894,0.4886389044843268,0.0,0.3828530596793496,macro_economy,positive,2006-06-01
Hukuk Devleti,492.94046000000003,0.612403295489242,0.36363636363636365,0.37164238144562606,democratic_reform,positive,2006-06-01
Guvenlik,214.61348,0.3853064226991369,0.0,0.323501752943087,security_conflict,positive,2006-06-01
Avrupa Birligi,149.76235499999999,0.5168444703423353,0.12727272727272726,0.43783095087932505,democratic_reform,positive,2006-06-01
Anayasa,141.19500999999997,0.5217138358930495,0.36363636363636365,0.1785904520348515,constitutional_conflict,positive,2006-06-01
Demokrasi,93.66917000000001,0.5229853875225192,0.10909090909090909,0.28994403946211983,democratic_reform,positive,2006-06-01
Faiz,60.998630000000006,0.45873347547363563,0.18181818181818182,0.1080254263803334,macro_economy,positive,2006-06-01
Reform,53.053995,0.5157744861969709,0.12727272727272726,0.43454412950229526,democratic_reform,positive,2006-06-01
Enflasyon,21.30723,0.37671451970597036,0.0,0.31307108693474944,macro_economy,positive,2006-06-01
IMF,17.66589,0.2818338464992679,0.0,0.015945910686282764,macro_economy,positive,2006-06-01
Egemenlik,1.675,0.3552981812958964,0.0,0.04597925050028326,security_conflict,positive,2006-06-01
Vesayet,0.5125,0.3552981812958964,0.0,0.04597925050028326,constitutional_conflict,positive,2006-06-01
Ekonomi,140.85127,0.4373739750374601,0.21428571428571427,0.479419365989585,macro_economy,positive,2006-09-01
Avrupa Birligi,63.258545,0.4340875415683344,0.14285714285714285,0.4587314822186412,democratic_reform,positive,2006-09-01
Demokrasi,43.802369999999996,0.49144408157947356,0.6071428571428571,0.4640064175691389,democratic_reform,positive,2006-09-01
Anayasa,36.40386,0.33921500340795707,0.0,0.21435141154532683,constitutional_conflict,positive,2006-09-01
Guvenlik,32.372609999999995,0.31450389923950356,0.0,0.2310314992847778,security_conflict,positive,2006-09-01
Hukuk Devleti,24.197879999999998,0.38538374095376315,0.0,0.32834464468171054,democratic_reform,positive,2006-09-01
Reform,6.26726,0.3528290366440415,0.07142857142857142,0.3513016981813453,democratic_reform,positive,2006-09-01
Enflasyon,3.2350000000000003,0.14048802066225893,0.0,0.0076768918402783624,macro_economy,positive,2006-09-01
Faiz,3.15009,0.35358167800904944,0.25,0.11754334686598496,macro_economy,positive,2006-09-01
Ekonomi,56.047185,0.5351222994166434,0.2222222222222222,0.4337659915675765,macro_economy,positive,2006-10-01
Anayasa,36.55923,0.5651193047686945,0.3055555555555555,0.5128037496914168,constitutional_conflict,positive,2006-10-01
Demokrasi,31.323780000000003,0.44239491276651094,0.0,0.3928174413130958,democratic_reform,positive,2006-10-01
Avrupa Birligi,30.920035000000002,0.41313328788695614,0.1388888888888889,0.13792335136870837,democratic_reform,positive,2006-10-01
Hukuk Devleti,13.82947,0.44781287203751474,0.0,0.397167367755782,democratic_reform,positive,2006-10-01
Reform,4.775180000000001,0.4319089587709558,0.16666666666666666,0.17099122228315589,democratic_reform,positive,2006-10-01
Guvenlik,4.15839,0.35609260932528686,0.0,0.0931605246253669,security_conflict,positive,2006-10-01
Faiz,3.15839,0.4475510474852079,0.08333333333333333,0.27512424453966844,macro_economy,positive,2006-10-01
IMF,1.35,0.4964847421519963,0.19444444444444442,0.25120562188863715,macro_economy,positive,2006-10-01
Enflasyon,0.675,0.3662409974705284,0.0,0.20271796158919453,macro_economy,positive,2006-10-01
Hukuk Devleti,212.71401,0.5294251190423009,0.0,0.3881093466589636,democratic_reform,positive,2006-11-01
Avrupa Birligi,59.22202,0.6001990270869939,0.39285714285714285,0.509193836974856,democratic_reform,positive,2006-11-01
Ekonomi,55.075019999999995,0.4399820483769476,0.25,0.1161202859331483,macro_economy,positive,2006-11-01
Anayasa,34.7994,0.5591572227269945,0.0,0.4575624471866902,constitutional_conflict,positive,2006-11-01
Demokrasi,23.079155,0.6547791371588952,0.6071428571428571,0.4261631605220486,democratic_reform,positive,2006-11-01
Guvenlik,4.375,0.3156216921392056,0.0,0.0337623877581234,security_conflict,positive,2006-11-01
Faiz,3.3208900000000003,0.40652807946056146,0.0,0.2412669444079958,macro_economy,positive,2006-11-01
Enflasyon,2.47509,0.42814754202765204,0.0,0.3346796180093464,macro_economy,positive,2006-11-01
Reform,2.0250000000000004,0.40714840342768766,0.0,0.11945850389981978,democratic_reform,positive,2006-11-01
Ekonomi,700.1428800000001,0.5026624096423993,0.24444444444444446,0.34671205776593844,macro_economy,positive,2006-12-01
Hukuk Devleti,234.607215,0.5586180416639112,0.35555555555555557,0.3604546599724147,democratic_reform,positive,2006-12-01
Anayasa,142.03981,0.37786101874480593,0.0,0.0891961970420092,constitutional_conflict,positive,2006-12-01
Faiz,113.233565,0.5676530204863743,0.0,0.41778044974806966,macro_economy,positive,2006-12-01
Guvenlik,111.669765,0.3567373258605136,0.0,0.1198479257074211,security_conflict,positive,2006-12-01
Avrupa Birligi,89.468545,0.49568864008749053,0.0,0.34411237181882004,democratic_reform,positive,2006-12-01
Demokrasi,77.900935,0.6019819547144709,0.2,0.4335279405097029,democratic_reform,positive,2006-12-01
Enflasyon,44.26934,0.6003052804654515,0.26666666666666666,0.4501966465500548,macro_economy,positive,2006-12-01
Reform,34.73674499999999,0.429643505018401,0.0,0.1946507191399622,democratic_reform,positive,2006-12-01
IMF,19.6886,0.3943620239672695,0.2,0.07738144006744448,macro_economy,positive,2006-12-01
Egemenlik,0.675,0.23848853645116763,0.0,0.00946499414486746,security_conflict,positive,2006-12-01
Ekonomi,93.54442000000002,0.6063759258143337,0.5357142857142857,0.527265763480705,macro_economy,positive,2007-01-01
Hukuk Devleti,35.667249999999996,0.5224088891670966,0.42857142857142855,0.2642015157760415,democratic_reform,positive,2007-01-01
Demokrasi,35.442074999999996,0.2686867868249751,0.0,0.01744133290451893,democratic_reform,positive,2007-01-01
Anayasa,29.950180000000003,0.4923550022799138,0.25,0.44329202104370247,constitutional_conflict,positive,2007-01-01
Avrupa Birligi,20.93045,0.4617291409114527,0.0,0.3534360391521203,democratic_reform,positive,2007-01-01
Guvenlik,16.549,0.3533837015841587,0.25,0.05925304007055437,security_conflict,positive,2007-01-01
Reform,12.20447,0.46370101519159873,0.0,0.38818395014977863,democratic_reform,positive,2007-01-01
Faiz,2.9665749999999997,0.49407234902296804,0.0,0.34742771528454547,macro_economy,positive,2007-01-01
Enflasyon,2.5949999999999998,0.3584260344803632,0.0,0.23570236459863544,macro_economy,positive,2007-01-01
Ekonomi,178.56175,0.4982533357936488,0.044444444444444446,0.424103817799695,macro_economy,positive,2007-02-01
Avrupa Birligi,65.49379,0.5250952923556453,0.2888888888888889,0.4501771127480639,democratic_reform,positive,2007-02-01
Hukuk Devleti,38.965379999999996,0.4964069226896706,0.13333333333333333,0.4138285849319104,democratic_reform,positive,2007-02-01
Anayasa,31.46275,0.30190653687840463,0.2,0.014470013818334439,constitutional_conflict,positive,2007-02-01
Guvenlik,16.98518,0.3795156096885101,0.0,0.2231118514413454,security_conflict,positive,2007-02-01
Reform,13.23155,0.5564414592153799,0.4666666666666667,0.400924715328797,democratic_reform,positive,2007-02-01
Demokrasi,12.402500000000002,0.36508665340756563,0.0,0.14662587470992497,democratic_reform,positive,2007-02-01
Faiz,12.338550000000001,0.4986107940724939,0.044444444444444446,0.4166937317003112,macro_economy,positive,2007-02-01
Enflasyon,9.52839,0.4268927848812927,0.35555555555555557,0.08627197683091836,macro_economy,positive,2007-02-01
IMF,2.30839,0.20611632553940773,0.0,0.001930943836908269,macro_economy,positive,2007-02-01
Egemenlik,1.35,0.3518580591473213,0.0,0.18142248636988367,security_conflict,positive,2007-02-01
Ekonomi,271.34447500000005,0.4867265137301643,0.6388888888888888,0.1017614797300485,macro_economy,positive,2007-03-01
Hukuk Devleti,36.610989999999994,0.37779176126358666,0.0,0.4371881093560278,democratic_reform,positive,2007-03-01
Guvenlik,33.96009000000001,0.2338627328289278,0.0,0.010539497417819236,security_conflict,positive,2007-03-01
Anayasa,28.738265000000006,0.3815239898012911,0.0,0.4443980696330276,constitutional_conflict,positive,2007-03-01
Avrupa Birligi,25.076700000000002,0.36826830250452297,0.2222222222222222,0.029245551472216233,democratic_reform,positive,2007-03-01
Reform,14.39092,0.35101297738117165,0.0,0.02884973074617857,democratic_reform,positive,2007-03-01
IMF,11.65,0.38168289580773707,0.0,0.44611286739919215,macro_economy,positive,2007-03-01
Demokrasi,8.40337,0.3770104508800472,0.0,0.43856100664175773,democratic_reform,positive,2007-03-01
Faiz,5.48349,0.24143546494824558,0.0,0.004717362051314182,macro_economy,positive,2007-03-01
Enflasyon,4.158390000000001,0.4867265137301643,0.5555555555555556,0.4559036337055737,macro_economy,positive,2007-03-01
Ekonomi,95.090795,0.4834421593134782,0.4666666666666667,0.20094022354971797,macro_economy,positive,2007-04-01
Hukuk Devleti,78.31098499999999,0.5405005553412883,0.13333333333333333,0.4594509541947335,democratic_reform,positive,2007-04-01
Demokrasi,43.926545000000004,0.22918627381398532,0.0,0.0020077657769134232,democratic_reform,positive,2007-04-01
Anayasa,30.20934,0.3789877030171281,0.35555555555555557,0.04239686144730488,constitutional_conflict,positive,2007-04-01
Guvenlik,24.3491,0.4233781483066156,0.2,0.30618538998245853,security_conflict,positive,2007-04-01
Egemenlik,20.840090000000004,0.5410066757913596,0.35555555555555557,0.4582327876608635,security_conflict,positive,2007-04-01
Reform,12.987465,0.400768997419011,0.0,0.3597247870464586,democratic_reform,positive,2007-04-01
Faiz,2.9375,0.4455890186948725,0.044444444444444446,0.42753314442544693,macro_economy,positive,2007-04-01
Avrupa Birligi,2.3625,0.2869152523345393,0.0,0.055996446639371276,democratic_reform,positive,2007-04-01
IMF,2.18596,0.29753408656398067,0.2,0.009791575740169409,macro_economy,positive,2007-04-01
Enflasyon,0.675,0.3974518283537186,0.0,0.3571855995831069,macro_economy,positive,2007-04-01
Ekonomi,346.049305,0.5129515309869066,0.35555555555555557,0.44515140321688745,macro_economy,positive,2007-05-01
Anayasa,134.9002,0.5097950439533749,0.4,0.4236013117365712,constitutional_conflict,positive,2007-05-01
Guvenlik,122.81139999999999,0.48123532262239666,0.0,0.37490836690198437,security_conflict,positive,2007-05-01
Demokrasi,101.53993,0.5083289613032702,0.0,0.4381123713430033,democratic_reform,positive,2007-05-01
Avrupa Birligi,87.22878,0.44032917591788334,0.35555555555555557,0.31285035471504485,democratic_reform,positive,2007-05-01
Hukuk Devleti,70.737765,0.42126007717939945,0.35555555555555557,0.220795992097183,democratic_reform,positive,2007-05-01
Reform,13.74216,0.3207034295241432,0.2,0.06855544223129896,democratic_reform,positive,2007-05-01
Enflasyon,13.55886,0.48656047992599105,0.0,0.359907880349215,macro_economy,positive,2007-05-01
Faiz,6.9575000000000005,0.3100075857111027,0.0,0.06720642011493357,macro_economy,positive,2007-05-01
Egemenlik,3.1417900000000003,0.2468722493300952,0.0,0.016526065087443215,security_conflict,positive,2007-05-01
IMF,1.8625,0.3053055409624716,0.0,0.06522165370295158,macro_economy,positive,2007-05-01
Anayasa,38.167345000000005,0.320841663992785,0.0,0.023225210784491298,constitutional_conflict,positive,2007-06-01
Guvenlik,29.22384,0.6906277583939413,0.6785714285714285,0.433268627699841,security_conflict,positive,2007-06-01
Demokrasi,22.927590000000002,0.3657289137425179,0.0,0.03301325030112832,democratic_reform,positive,2007-06-01
Avrupa Birligi,11.99607,0.4301172626874462,0.0,0.11586488614730274,democratic_reform,positive,2007-06-01
Ekonomi,11.64607,0.5481780523866566,0.059523809523809514,0.46276068396791104,macro_economy,positive,2007-06-01
Hukuk Devleti,11.16268,0.5474721257480825,0.46428571428571425,0.12777031798175592,democratic_reform,positive,2007-06-01
Egemenlik,0.675,0.5481780523866566,0.059523809523809514,0.46276068396791104,security_conflict,positive,2007-06-01
Faiz,0.675,0.5481780523866566,0.059523809523809514,0.46276068396791104,macro_economy,positive,2007-06-01
Reform,0.675,0.4082924517565929,0.0,0.37209774691770814,democratic_reform,positive,2007-06-01
Ekonomi,37.08482,0.41864605471081645,0.47619047619047616,0.08525228282740431,macro_economy,negative,2002-11-01
Anayasa,13.251370000000001,0.3337372989517072,0.2857142857142857,0.03453721012856592,constitutional_conflict,negative,2002-11-01
Faiz,10.826654999999999,0.4777721299870284,0.5714285714285714,0.4701059329567168,macro_economy,negative,2002-11-01
Guvenlik,8.36589,0.308675537408547,0.0,0.40474851471205553,security_conflict,negative,2002-11-01
Hukuk Devleti,5.9624999999999995,0.4777721299870284,0.5714285714285714,0.19849611016652188,democratic_reform,negative,2002-11-01
Enflasyon,4.37121,0.3959828329567495,0.11904761904761904,0.5325302413985479,macro_economy,negative,2002-11-01
Demokrasi,1.175,0.2534854840174977,0.0,0.011859985973854084,democratic_reform,negative,2002-11-01
Avrupa Birligi,1.0125,0.3959828329567495,0.11904761904761904,0.5325302413985479,democratic_reform,negative,2002-11-01
Ekonomi,92.5653,0.4655463299106369,0.4666666666666667,0.061292091564103326,macro_economy,negative,2002-12-01
Demokrasi,20.361980000000003,0.4945489064789598,0.0,0.45780692438903275,democratic_reform,negative,2002-12-01
IMF,14.255,0.379571616998378,0.0,0.41652834059452554,macro_economy,negative,2002-12-01
Guvenlik,11.045169999999999,0.36489502442961547,0.0,0.05482808964648165,security_conflict,negative,2002-12-01
Hukuk Devleti,10.07018,0.36268600573317156,0.0,0.022575977704670364,democratic_reform,negative,2002-12-01
Faiz,9.059999999999999,0.4953254439232216,0.4,0.4571054842931653,macro_economy,negative,2002-12-01
Enflasyon,8.391655,0.36237476617828684,0.17777777777777778,0.022553430885356603,macro_economy,negative,2002-12-01
Anayasa,8.34589,0.3785956352611479,0.0,0.4160157063548193,constitutional_conflict,negative,2002-12-01
Avrupa Birligi,7.14608,0.5519429163189401,0.6444444444444445,0.23225591202654985,democratic_reform,negative,2002-12-01
Vesayet,3.5200000000000005,0.3785956352611479,0.0,0.4160157063548193,constitutional_conflict,negative,2002-12-01
Reform,1.175,0.2781828895554183,0.0,0.010460460623028491,democratic_reform,negative,2002-12-01
Ekonomi,234.91519499999998,0.5186795589109596,0.18181818181818182,0.37876510444843775,macro_economy,negative,2003-01-01
Hukuk Devleti,58.265265,0.5717182110301983,0.10909090909090909,0.4308759945910392,democratic_reform,negative,2003-01-01
Guvenlik,49.10064,0.5720942426715833,0.2727272727272727,0.4272353424566175,security_conflict,negative,2003-01-01
Anayasa,40.403710000000004,0.49168453400013523,0.32727272727272727,0.2506545178611641,constitutional_conflict,negative,2003-01-01
Faiz,33.36371,0.4956056450115248,0.0,0.389958946579528,macro_economy,negative,2003-01-01
Enflasyon,25.515359999999998,0.4936437659002489,0.0,0.38789375141349686,macro_economy,negative,2003-01-01
IMF,11.734304999999999,0.26497540953705584,0.0,0.01265850449461715,macro_economy,negative,2003-01-01
Egemenlik,8.98,0.34905912211419615,0.18181818181818182,0.06211781723270237,security_conflict,negative,2003-01-01
Demokrasi,8.80438,0.49294449491448405,0.32727272727272727,0.33593515817219044,democratic_reform,negative,2003-01-01
Avrupa Birligi,7.50701,0.3257335084215989,0.0,0.061442226874735065,democratic_reform,negative,2003-01-01
Reform,1.175,0.3508850781800906,0.18181818181818182,0.047491963111457446,democratic_reform,negative,2003-01-01
Vesayet,0.675,0.2660262978803555,0.0,0.00967884872199821,constitutional_conflict,negative,2003-01-01
Ekonomi,95.639025,0.39263551755914444,0.0,0.3745026204927118,macro_economy,negative,2003-02-01
Hukuk Devleti,55.812065,0.42190895695763875,0.0,0.4636972798274508,democratic_reform,negative,2003-02-01
Guvenlik,19.93416,0.4368861299948003,0.509090909090909,0.08559947776050011,security_conflict,negative,2003-02-01
Anayasa,11.32118,0.3927313273518133,0.0,0.37539263195922823,constitutional_conflict,negative,2003-02-01
Faiz,7.525,0.42036392447159066,0.2909090909090909,0.4633111130069774,macro_economy,negative,2003-02-01
Reform,4.808389999999999,0.2432838610040512,0.0,0.0012405238015381805,democratic_reform,negative,2003-02-01
Avrupa Birligi,3.0250000000000004,0.3037442938257739,0.32727272727272727,0.00431112482864321,democratic_reform,negative,2003-02-01
Enflasyon,2.0250000000000004,0.4771911650657916,0.5454545454545454,0.3876572084903,macro_economy,negative,2003-02-01
Demokrasi,1.85,0.37548942651158423,0.43636363636363634,0.019402453295339437,democratic_reform,negative,2003-02-01
IMF,1.80009,0.31991559409300996,0.0,0.2560784095570547,macro_economy,negative,2003-02-01
Vesayet,1.13339,0.2432838610040512,0.0,0.0012405238015381805,constitutional_conflict,negative,2003-02-01
Egemenlik,0.675,0.31991559409300996,0.0,0.25607840955705474,security_conflict,negative,2003-02-01
Ekonomi,375.564425,0.5108285295636413,0.32727272727272727,0.3246185866270827,macro_economy,negative,2003-03-01
Hukuk Devleti,130.132365,0.4683311380974182,0.0,0.31578725216706444,democratic_reform,negative,2003-03-01
Anayasa,108.186555,0.5371009347395765,0.3818181818181818,0.33768860597385886,constitutional_conflict,negative,2003-03-01
Guvenlik,96.98578,0.5957043988931788,0.09090909090909091,0.4324032155544404,security_conflict,negative,2003-03-01
Faiz,83.61472,0.536770984715255,0.0,0.33738721974320524,macro_economy,negative,2003-03-01
Reform,31.175179999999997,0.41432088089846847,0.16363636363636364,0.20214124990217663,democratic_reform,negative,2003-03-01
IMF,29.00028,0.4685553763567779,0.0,0.31607671661870285,macro_economy,negative,2003-03-01
Demokrasi,20.393135,0.27077029166122835,0.0,0.013456547386601783,democratic_reform,negative,2003-03-01
Avrupa Birligi,11.71679,0.3599049996221764,0.18181818181818182,0.06383397140182383,democratic_reform,negative,2003-03-01
Vesayet,10.86825,0.41430690245787183,0.0,0.20202296771665737,constitutional_conflict,negative,2003-03-01
Enflasyon,6.81679,0.5958043593910244,0.36363636363636365,0.4325038663993995,macro_economy,negative,2003-03-01
Egemenlik,2.5949999999999998,0.30853105442503914,0.0,0.08467944794415092,security_conflict,negative,2003-03-01
Ekonomi,186.552525,0.4605398754055632,0.0,0.28891600411958696,macro_economy,negative,2003-04-01
Hukuk Devleti,103.236685,0.405915520386912,0.01818181818181818,0.3901670063727652,democratic_reform,negative,2003-04-01
Anayasa,79.57908499999999,0.407394880885622,0.10909090909090909,0.39129838324405064,constitutional_conflict,negative,2003-04-01
Demokrasi,48.80788,0.4246308344661867,0.01818181818181818,0.43885662167430045,democratic_reform,negative,2003-04-01
Guvenlik,44.851565,0.40945534530882705,0.03636363636363636,0.39735821705430896,security_conflict,negative,2003-04-01
Faiz,20.29376,0.5040648510836439,0.45454545454545453,0.41723113556747166,macro_economy,negative,2003-04-01
Reform,9.120890000000001,0.3287040192708934,0.32727272727272727,0.007300989939195905,democratic_reform,negative,2003-04-01
Enflasyon,3.799875,0.2585504239205105,0.0,0.0019494029561779827,macro_economy,negative,2003-04-01
Avrupa Birligi,3.2,0.4075380510535143,0.43636363636363634,0.03293298211584143,democratic_reform,negative,2003-04-01
IMF,1.35,0.48134490113643014,0.509090909090909,0.1534984904529888,macro_economy,negative,2003-04-01
Egemenlik,1.175,0.31995727996113377,0.0,0.24880724418140263,security_conflict,negative,2003-04-01
Vesayet,0.675,0.2585504239205105,0.0,0.0019494029561779827,constitutional_conflict,negative,2003-04-01
Ekonomi,264.75061,0.3856691726836523,0.03636363636363636,0.1528039250531299,macro_economy,negative,2003-05-01
Hukuk Devleti,50.96146,0.4903675788612291,0.4909090909090909,0.30299903153374913,democratic_reform,negative,2003-05-01
Demokrasi,46.469480000000004,0.4692417165754991,0.2545454545454545,0.4394089437172635,democratic_reform,negative,2003-05-01
Guvenlik,44.341854999999995,0.468939447594457,0.19999999999999998,0.3510620144465838,security_conflict,negative,2003-05-01
Anayasa,25.21965,0.46930016039499656,0.07272727272727272,0.4391711724875886,constitutional_conflict,negative,2003-05-01
IMF,20.922349999999998,0.359365421258749,0.0,0.3261986284703083,macro_economy,negative,2003-05-01
Faiz,15.420575,0.27397410115836845,0.18181818181818182,0.02870692054743756,macro_economy,negative,2003-05-01
Enflasyon,9.05625,0.18051888931190796,0.0,0.019452513882610864,macro_economy,negative,2003-05-01
Avrupa Birligi,7.2308900000000005,0.36126208924374054,0.0,0.3295729374182648,democratic_reform,negative,2003-05-01
Vesayet,7.0086499999999985,0.40037048739585784,0.0,0.3882365487154503,constitutional_conflict,negative,2003-05-01
Reform,2.0250000000000004,0.3481714273781182,0.0,0.09318813096697054,democratic_reform,negative,2003-05-01
Egemenlik,0.675,0.18142109936248213,0.0,0.002910573507805818,security_conflict,negative,2003-05-01
Ekonomi,162.55773,0.4816222384282654,0.07272727272727272,0.35744494873650207,macro_economy,negative,2003-06-01
Hukuk Devleti,101.179785,0.5548193708349761,0.23636363636363636,0.4327039244371961,democratic_reform,negative,2003-06-01
Guvenlik,54.23989,0.36493718958456656,0.18181818181818182,0.1469095806623206,security_conflict,negative,2003-06-01
Faiz,40.25613,0.5552111375978639,0.14545454545454545,0.43090011649148097,macro_economy,negative,2003-06-01
Reform,24.05932,0.47866846063413365,0.21818181818181817,0.35345663556338724,democratic_reform,negative,2003-06-01
Anayasa,23.70492,0.5279066269176849,0.0,0.3886064469829292,constitutional_conflict,negative,2003-06-01
Demokrasi,13.56614,0.5028112216938467,0.10909090909090909,0.2682662040611761,democratic_reform,negative,2003-06-01
IMF,8.73768,0.2990747806366535,0.0,0.025291888330213248,macro_economy,negative,2003-06-01
Avrupa Birligi,8.35429,0.5271988007319999,0.2727272727272727,0.3327678673505984,democratic_reform,negative,2003-06-01
Enflasyon,4.49179,0.42252097817147194,0.34545454545454546,0.13115295200443075,macro_economy,negative,2003-06-01
Egemenlik,2.47509,0.29961200942364835,0.0,0.025448068338119273,security_conflict,negative,2003-06-01
Vesayet,0.5125,0.25882903428830734,0.0,0.024636007322382254,constitutional_conflict,negative,2003-06-01
Ekonomi,205.90458999999998,0.39494318240686604,0.2,0.07486869622748109,macro_economy,negative,2003-07-01
Guvenlik,173.65037,0.5227898418158018,0.0,0.4089329122897767,security_conflict,negative,2003-07-01
Hukuk Devleti,102.39238,0.5216736878627074,0.0,0.4077096255919437,democratic_reform,negative,2003-07-01
Anayasa,73.93558,0.5226532184025681,0.2,0.37765784072455916,constitutional_conflict,negative,2003-07-01
Faiz,36.6086,0.550721830083636,0.35555555555555557,0.35623195362603133,macro_economy,negative,2003-07-01
Demokrasi,28.51363,0.5227606088235004,0.06666666666666667,0.4088682757520395,democratic_reform,negative,2003-07-01
IMF,16.868660000000002,0.366322125813581,0.2,0.036947475689200406,macro_economy,negative,2003-07-01
Avrupa Birligi,8.75867,0.29062792465440257,0.0,0.015279220168218468,democratic_reform,negative,2003-07-01
Reform,8.533570000000001,0.6194141642392729,0.2,0.43814336919169955,democratic_reform,negative,2003-07-01
Enflasyon,8.195,0.49594475380976877,0.35555555555555557,0.17497235716384546,macro_economy,negative,2003-07-01
Vesayet,0.7625,0.2754944007382305,0.0,0.0076149946024611954,constitutional_conflict,negative,2003-07-01
Ekonomi,73.08036,0.4702743911697021,0.4666666666666667,0.04656899939293479,macro_economy,negative,2003-10-01
Vesayet,18.437590000000004,0.38174295058732166,0.0,0.43808041677894194,constitutional_conflict,negative,2003-10-01
Hukuk Devleti,17.012975,0.3812372300487991,0.0,0.4384897396747094,democratic_reform,negative,2003-10-01
Guvenlik,13.100280000000001,0.36542028433858237,0.0,0.01744966904492134,security_conflict,negative,2003-10-01
Anayasa,13.02929,0.4950998885002101,0.5333333333333333,0.4599162845561148,constitutional_conflict,negative,2003-10-01
Faiz,11.6625,0.5239054856954067,0.5555555555555556,0.12328518861468948,macro_economy,negative,2003-10-01
Enflasyon,9.787500000000001,0.3812372300487991,0.0,0.4384897396747094,macro_economy,negative,2003-10-01
Demokrasi,4.825089999999999,0.41799047940406076,0.0,0.04126909155574414,democratic_reform,negative,2003-10-01
Avrupa Birligi,2.35,0.3650652841778253,0.17777777777777778,0.01742252084443826,democratic_reform,negative,2003-10-01
IMF,2.35,0.27697213895076783,0.0,0.007982587205725167,macro_economy,negative,2003-10-01
Reform,2.26678,0.3812372300487991,0.0,0.4384897396747094,democratic_reform,negative,2003-10-01
Guvenlik,151.551445,0.49561503501124266,0.18181818181818182,0.3384876815660115,security_conflict,negative,2003-11-01
Ekonomi,78.144825,0.4749306755618432,0.0,0.3294378343843676,macro_economy,negative,2003-11-01
Hukuk Devleti,54.60644,0.4832873197642858,0.10909090909090909,0.3521690969034558,democratic_reform,negative,2003-11-01
Demokrasi,23.15973,0.535642026039608,0.509090909090909,0.3184617502512346,democratic_reform,negative,2003-11-01
Anayasa,12.45,0.5987651676259261,0.5454545454545454,0.36993043007465454,constitutional_conflict,negative,2003-11-01
Reform,8.292105000000001,0.33949530967958363,0.0,0.15840908462719394,democratic_reform,negative,2003-11-01
Faiz,4.92089,0.3231225089299321,0.0,0.0683503212237508,macro_economy,negative,2003-11-01
Enflasyon,4.1891099999999994,0.39516938766016124,0.0,0.2533529527136046,macro_economy,negative,2003-11-01
Avrupa Birligi,3.60018,0.482569724068857,0.05454545454545454,0.3517390407663803,democratic_reform,negative,2003-11-01
Vesayet,2.72,0.3978414970352175,0.0,0.2562121806045004,constitutional_conflict,negative,2003-11-01
IMF,1.80839,0.3978414970352175,0.0,0.2562121806045004,macro_economy,negative,2003-11-01
Egemenlik,1.13339,0.3978414970352175,0.0,0.2562121806045004,security_conflict,negative,2003-11-01
Ekonomi,290.90092999999996,0.38639089127356857,0.2,0.023405093792989207,macro_economy,negative,2003-12-01
Guvenlik,234.04680000000002,0.3742704924317108,0.0,0.02297308355408606,security_conflict,negative,2003-12-01
Hukuk Devleti,160.51601,0.511716672084003,0.11111111111111112,0.4222972275995534,democratic_reform,negative,2003-12-01
Anayasa,82.856725,0.4051652036536703,0.0,0.3547301485014046,constitutional_conflict,negative,2003-12-01
Faiz,57.707660000000004,0.2804200446672978,0.0,0.00458100847729372,macro_economy,negative,2003-12-01
Enflasyon,43.643299999999996,0.5087192529403427,0.0,0.4204865992973505,macro_economy,negative,2003-12-01
Demokrasi,37.014775,0.5116560926779531,0.0,0.42046302956176257,democratic_reform,negative,2003-12-01
Reform,27.65662,0.5074939355632514,0.4666666666666667,0.08548180514900072,democratic_reform,negative,2003-12-01
IMF,25.246430000000004,0.3486175893739488,0.0,0.08236231620425935,macro_economy,negative,2003-12-01
Vesayet,20.50058,0.6035514509612854,0.5333333333333333,0.3725858800346962,constitutional_conflict,negative,2003-12-01
Avrupa Birligi,17.13938,0.5375518000872108,0.2,0.4338501574548458,democratic_reform,negative,2003-12-01
Ekonomi,60.55887,0.43607017201358705,0.0,0.4144689573742057,macro_economy,negative,2004-01-01
Hukuk Devleti,39.42361,0.41127820287181754,0.38888888888888884,0.05359089503647321,democratic_reform,negative,2004-01-01
Enflasyon,31.747175000000006,0.5407601355396294,0.0,0.4553211268543163,macro_economy,negative,2004-01-01
Guvenlik,31.670769999999997,0.4540751076158581,0.2222222222222222,0.4264210531375856,security_conflict,negative,2004-01-01
IMF,20.39764,0.5417159280415125,0.4444444444444444,0.4534601629498881,macro_economy,negative,2004-01-01
Demokrasi,7.02509,0.5081021670260767,0.5,0.22007928886973877,democratic_reform,negative,2004-01-01
Reform,4.46689,0.3181302999949044,0.0,0.09671173134440231,democratic_reform,negative,2004-01-01
Avrupa Birligi,4.2,0.4376754671269216,0.0,0.41545474430199925,democratic_reform,negative,2004-01-01
Anayasa,1.1875,0.31843376054181494,0.2222222222222222,0.012842413950804692,constitutional_conflict,negative,2004-01-01
Faiz,0.675,0.24818456544557455,0.0,0.003084203750161023,macro_economy,negative,2004-01-01
Anayasa,147.67935500000002,0.698196417930505,0.5333333333333333,0.5041807378296764,constitutional_conflict,negative,2004-02-01
Hukuk Devleti,111.82225,0.4445880184736202,0.2,0.06276768198176173,democratic_reform,negative,2004-02-01
Ekonomi,99.755945,0.5778464029606502,0.0,0.256503933687641,macro_economy,negative,2004-02-01
Vesayet,54.949034999999995,0.3072632827483585,0.0,0.01292434416913835,constitutional_conflict,negative,2004-02-01
Guvenlik,50.543735,0.651794753701058,0.48888888888888893,0.26696257382765737,security_conflict,negative,2004-02-01
Reform,29.924,0.5466498198086509,0.0,0.2350289947485594,democratic_reform,negative,2004-02-01
Demokrasi,15.69206,0.42654715591386533,0.0,0.11813532524065486,democratic_reform,negative,2004-02-01
IMF,9.487589999999999,0.4905048106987467,0.0,0.3651631438176586,macro_economy,negative,2004-02-01
Avrupa Birligi,1.7600000000000002,0.49084548591167637,0.0,0.3661024329159834,democratic_reform,negative,2004-02-01
Egemenlik,0.675,0.49084548591167637,0.0,0.3661024329159834,security_conflict,negative,2004-02-01
Enflasyon,0.5125,0.49084548591167637,0.0,0.3661024329159834,macro_economy,negative,2004-02-01
Ekonomi,26.69042,0.37466029563257514,0.3333333333333333,0.09527421030008841,macro_economy,negative,2004-03-01
Guvenlik,21.381080000000004,0.5036978453404176,0.6,0.3178601438858,security_conflict,negative,2004-03-01
Hukuk Devleti,3.6100000000000003,0.3513874031359582,0.0,0.5032572347291893,democratic_reform,negative,2004-03-01
Anayasa,2.5250000000000004,0.4640703522214046,0.5333333333333333,0.18659378340650082,constitutional_conflict,negative,2004-03-01
Demokrasi,2.35,0.45888501148514427,0.5333333333333333,0.5894225402718516,democratic_reform,negative,2004-03-01
Faiz,1.675,0.3513874031359582,0.0,0.5032572347291893,macro_economy,negative,2004-03-01
Avrupa Birligi,0.675,0.26569050203543904,0.0,0.03340500231369353,democratic_reform,negative,2004-03-01
Ekonomi,96.84223,0.5928812386085245,0.39999999999999997,0.38603002103989176,macro_economy,negative,2004-04-01
Hukuk Devleti,47.74724500000001,0.3989241074127351,0.18181818181818182,0.08377702260804869,democratic_reform,negative,2004-04-01
Guvenlik,31.832129999999996,0.5180391592093111,0.0,0.35947727406441843,security_conflict,negative,2004-04-01
Anayasa,12.05789,0.6298564574818273,0.43636363636363634,0.4772751937064229,constitutional_conflict,negative,2004-04-01
Avrupa Birligi,11.26985,0.512652230076613,0.0,0.35458540031673164,democratic_reform,negative,2004-04-01
Demokrasi,8.22,0.5010134131597553,0.18181818181818182,0.2625187491403319,democratic_reform,negative,2004-04-01
Vesayet,2.7975000000000003,0.5172083787179635,0.0,0.3587894823637099,constitutional_conflict,negative,2004-04-01
Enflasyon,2.48339,0.3659912517793297,0.0,0.16550170268469755,macro_economy,negative,2004-04-01
Reform,2.0250000000000004,0.4665227866197886,0.0,0.1288905482526455,democratic_reform,negative,2004-04-01
Faiz,0.675,0.47683120695120057,0.0,0.24413343143987576,macro_economy,negative,2004-04-01
IMF,0.675,0.29130316682475166,0.0,0.01908056881133011,macro_economy,negative,2004-04-01
Egemenlik,0.5125,0.47683120695120057,0.0,0.24413343143987576,security_conflict,negative,2004-04-01
Hukuk Devleti,70.30842,0.5785184908321795,0.35555555555555557,0.3971502586040727,democratic_reform,negative,2004-05-01
Anayasa,62.36986,0.5784652561382517,0.0,0.3971620469510141,constitutional_conflict,negative,2004-05-01
Ekonomi,47.97342,0.5456376978690161,0.4666666666666667,0.35716057635060966,macro_economy,negative,2004-05-01
Demokrasi,30.60724,0.5456217541994379,0.4666666666666667,0.4569498158984457,democratic_reform,negative,2004-05-01
Guvenlik,26.977210000000003,0.578509577426099,0.0,0.39712112758173135,security_conflict,negative,2004-05-01
Avrupa Birligi,8.237499999999999,0.4083081971893098,0.0,0.13505869805093607,democratic_reform,negative,2004-05-01
Reform,8.184999999999999,0.4081201472602012,0.17777777777777778,0.13497108158082638,democratic_reform,negative,2004-05-01
Faiz,6.375,0.30462218037388505,0.0,0.06477034071377262,macro_economy,negative,2004-05-01
IMF,1.13339,0.3939163156337247,0.0,0.2234641934131729,macro_economy,negative,2004-05-01
Egemenlik,0.675,0.3939163156337247,0.0,0.2234641934131729,security_conflict,negative,2004-05-01
Vesayet,0.675,0.3939163156337247,0.0,0.2234641934131729,constitutional_conflict,negative,2004-05-01
Hukuk Devleti,160.42168,0.4700953610004986,0.5454545454545454,0.08429124843961781,democratic_reform,negative,2004-06-01
Ekonomi,101.703225,0.43266165587009237,0.509090909090909,0.017433093025684722,macro_economy,negative,2004-06-01
Anayasa,80.24834499999999,0.3742015558065334,0.0,0.4045681490380326,constitutional_conflict,negative,2004-06-01
Guvenlik,61.88835,0.2919178756722447,0.0,0.0013791776250329712,security_conflict,negative,2004-06-01
IMF,25.644940000000002,0.37388734922032796,0.0,0.4047456034144666,macro_economy,negative,2004-06-01
Faiz,21.65339,0.4700953610004986,0.5454545454545454,0.4178979739062581,macro_economy,negative,2004-06-01
Demokrasi,21.54542,0.3741427173149791,0.0,0.4049941275310733,democratic_reform,negative,2004-06-01
Vesayet,8.075055,0.3732031166354727,0.0,0.40342914864796525,constitutional_conflict,negative,2004-06-01
Avrupa Birligi,7.35009,0.37252522054203097,0.43636363636363634,0.004215489724935054,democratic_reform,negative,2004-06-01
Enflasyon,5.15009,0.29295245256390495,0.0,0.0013906232838038117,macro_economy,negative,2004-06-01
Egemenlik,3.80849,0.3737322821778675,0.0,0.4045480209153759,security_conflict,negative,2004-06-01
Reform,1.35,0.29311904571663316,0.0,0.0013916005201592716,democratic_reform,negative,2004-06-01
Hukuk Devleti,129.285215,0.5362250238056749,0.0,0.41384773917699214,democratic_reform,negative,2004-07-01
Ekonomi,128.79104,0.6804194316543443,0.5333333333333333,0.44989958034116123,macro_economy,negative,2004-07-01
Guvenlik,96.873875,0.38253956686335927,0.2,0.02519635911200972,security_conflict,negative,2004-07-01
Anayasa,91.62411,0.5301030141546265,0.2,0.3567288012863944,constitutional_conflict,negative,2004-07-01
Vesayet,75.12567,0.34423867906755423,0.0,0.06642110025870644,constitutional_conflict,negative,2004-07-01
Demokrasi,36.83696,0.5333179672319813,0.044444444444444446,0.4124488039866028,democratic_reform,negative,2004-07-01
Reform,24.388060000000003,0.5350169821987727,0.0,0.413552982407271,democratic_reform,negative,2004-07-01
Avrupa Birligi,9.425,0.2711361320760317,0.0,0.004449115296842378,democratic_reform,negative,2004-07-01
Faiz,9.29198,0.4775453617015548,0.0,0.11657828384354167,macro_economy,negative,2004-07-01
IMF,6.6334800000000005,0.5338595308261801,0.35555555555555557,0.12262089626666361,macro_economy,negative,2004-07-01
Enflasyon,1.80839,0.48234033766958295,0.0,0.3524657421475672,macro_economy,negative,2004-07-01
Hukuk Devleti,3.6417900000000003,0.9028124816553927,0.0,0.7071067811865476,democratic_reform,negative,2004-08-01
Demokrasi,0.675,0.9028124816553927,0.0,0.7071067811865476,democratic_reform,negative,2004-08-01
Hukuk Devleti,104.2661,0.3438109232148185,0.0,0.46238890536381394,democratic_reform,negative,2004-09-01
Ekonomi,32.863565,0.3920303516338741,0.5,0.07754517570283359,macro_economy,negative,2004-09-01
Guvenlik,13.37348,0.34550746819802364,0.19444444444444442,0.46538037347709466,security_conflict,negative,2004-09-01
Anayasa,12.63815,0.27129776550507306,0.0,0.2705470103553937,constitutional_conflict,negative,2004-09-01
Avrupa Birligi,6.94198,0.33138914855735785,0.38888888888888884,0.0235170707806639,democratic_reform,negative,2004-09-01
Demokrasi,6.0875900000000005,0.4338912012651886,0.5555555555555556,0.2658298587074095,democratic_reform,negative,2004-09-01
IMF,5.64375,0.26456651568949036,0.2222222222222222,0.006573084529056497,macro_economy,negative,2004-09-01
Reform,2.35,0.21105421532936058,0.0,0.0018020514405071993,democratic_reform,negative,2004-09-01
Egemenlik,0.675,0.413935324043486,0.20833333333333331,0.4577901538170216,security_conflict,negative,2004-09-01
Vesayet,0.675,0.413935324043486,0.20833333333333331,0.4577901538170216,constitutional_conflict,negative,2004-09-01
Guvenlik,8.850190000000001,0.5875334269597063,0.6000000000000001,0.3284403078744308,security_conflict,negative,2004-10-01
Ekonomi,8.00596,0.32349349265466054,0.0,0.060969442514623,macro_economy,negative,2004-10-01
Hukuk Devleti,5.49179,0.4662661207937465,0.4,0.1585137107961538,democratic_reform,negative,2004-10-01
Demokrasi,5.025,0.43439904959407755,0.0,0.5014097423750681,democratic_reform,negative,2004-10-01
Anayasa,2.175,0.5875334269597062,0.6000000000000001,0.6003829071810539,constitutional_conflict,negative,2004-10-01
Reform,1.0125,0.43439904959407755,0.0,0.5014097423750681,democratic_reform,negative,2004-10-01
Ekonomi,60.11057,0.4509252372852745,0.0,0.4136784457866368,macro_economy,negative,2004-11-01
Guvenlik,58.64464000000001,0.5201531038369341,0.26666666666666666,0.45236696838473306,security_conflict,negative,2004-11-01
Hukuk Devleti,45.564,0.5200215638448601,0.4666666666666667,0.4318957366432873,democratic_reform,negative,2004-11-01
Anayasa,10.84759,0.450740377173093,0.0,0.41336089515197894,constitutional_conflict,negative,2004-11-01
Avrupa Birligi,8.35,0.5196260080304068,0.13333333333333333,0.4512051144084887,democratic_reform,negative,2004-11-01
Demokrasi,7.4875,0.4273183464637897,0.35555555555555557,0.21540089985636282,democratic_reform,negative,2004-11-01
Faiz,3.80849,0.30668692052482205,0.0,0.03533344887747517,macro_economy,negative,2004-11-01
Egemenlik,2.46679,0.30241658415090444,0.2,0.03947813893044704,security_conflict,negative,2004-11-01
Enflasyon,2.35,0.40639598771312824,0.35555555555555557,0.11271787612277329,macro_economy,negative,2004-11-01
Reform,0.7625,0.2377161961245145,0.0,0.009421318217860332,democratic_reform,negative,2004-11-01
IMF,0.675,0.30668692052482205,0.0,0.03533344887747517,macro_economy,negative,2004-11-01
Ekonomi,192.06449500000002,0.414843903891306,0.0,0.26835225278002456,macro_economy,negative,2004-12-01
Hukuk Devleti,179.572585,0.5693142370454998,0.21818181818181817,0.43578639800185326,democratic_reform,negative,2004-12-01
Guvenlik,115.736245,0.4926088545402942,0.0,0.26408040977221287,security_conflict,negative,2004-12-01
Anayasa,90.55649000000001,0.4894031306398658,0.43636363636363634,0.07924722601959264,constitutional_conflict,negative,2004-12-01
Avrupa Birligi,53.764759999999995,0.5988614842817085,0.2727272727272727,0.4919055417869101,democratic_reform,negative,2004-12-01
Faiz,51.055899999999994,0.43348528439468403,0.0,0.34802954410592096,macro_economy,negative,2004-12-01
IMF,42.57631,0.359026145665458,0.0,0.030410598791813924,macro_economy,negative,2004-12-01
Enflasyon,34.65752,0.4304527702642991,0.0,0.3147848902097007,macro_economy,negative,2004-12-01
Demokrasi,29.14163,0.3598347998328064,0.0,0.030603955173505802,democratic_reform,negative,2004-12-01
Reform,16.92306,0.599748383869361,0.509090909090909,0.2776020331264916,democratic_reform,negative,2004-12-01
Vesayet,4.07,0.3591939736537926,0.0,0.030491128846258195,constitutional_conflict,negative,2004-12-01
Egemenlik,1.35,0.4320353463198636,0.0,0.34643836543632744,security_conflict,negative,2004-12-01
Anayasa,68.62290999999999,0.6414971942501257,0.5111111111111112,0.35987965344929423,constitutional_conflict,negative,2005-01-01
Hukuk Devleti,55.455935,0.5368174421567227,0.0,0.419419028302809,democratic_reform,negative,2005-01-01
Ekonomi,53.165310000000005,0.35475262090453297,0.2,0.016589036089394653,macro_economy,negative,2005-01-01
Guvenlik,35.13726,0.4219915049408901,0.0,0.12045170380261601,security_conflict,negative,2005-01-01
IMF,11.775000000000002,0.5373989391687632,0.08888888888888889,0.4194724781276891,macro_economy,negative,2005-01-01
Reform,10.14188,0.48438451848740466,0.06666666666666667,0.20014644092260617,democratic_reform,negative,2005-01-01
Demokrasi,9.6934,0.42333261476644246,0.0,0.3562026665230528,democratic_reform,negative,2005-01-01
Faiz,7.95839,0.5685784252550394,0.22222222222222224,0.45399549687811513,macro_economy,negative,2005-01-01
Enflasyon,4.6331750000000005,0.26086344088899904,0.0,0.003197360967889113,macro_economy,negative,2005-01-01
Vesayet,1.35,0.47342315869580104,0.35555555555555557,0.0742102838239384,constitutional_conflict,negative,2005-01-01
Avrupa Birligi,0.675,0.42151612877994066,0.0,0.3539281096165091,democratic_reform,negative,2005-01-01
Ekonomi,97.89549999999998,0.4337753912441139,0.2,0.15043293436681887,macro_economy,negative,2005-02-01
Anayasa,95.64019,0.6351503670347123,0.5555555555555556,0.4723515653770379,constitutional_conflict,negative,2005-02-01
Vesayet,71.498095,0.4185381198360041,0.0,0.1462641418420967,constitutional_conflict,negative,2005-02-01
Hukuk Devleti,54.517329999999994,0.5622856637990148,0.0,0.23554445554192951,democratic_reform,negative,2005-02-01
Guvenlik,32.318995,0.5625253158470848,0.4,0.2356666376810012,security_conflict,negative,2005-02-01
Faiz,15.641475,0.4836594410521496,0.0,0.39081516067259114,macro_economy,negative,2005-02-01
Avrupa Birligi,10.43759,0.33066803281810997,0.0,0.08315570851095518,democratic_reform,negative,2005-02-01
Demokrasi,9.89274,0.5080616103069236,0.2,0.4049103946992154,democratic_reform,negative,2005-02-01
IMF,7.07098,0.4741692717683601,0.0,0.38544908295046904,macro_economy,negative,2005-02-01
Reform,6.183389999999999,0.30384222172465536,0.0,0.0330907328831109,democratic_reform,negative,2005-02-01
Enflasyon,1.175,0.4741692717683601,0.0,0.38544908295046904,macro_economy,negative,2005-02-01
Ekonomi,234.86104500000002,0.3244219165712633,0.0,0.036125925272138724,macro_economy,negative,2005-03-01
Hukuk Devleti,171.969765,0.6495805444752831,0.5,0.4701957849441903,democratic_reform,negative,2005-03-01
Guvenlik,70.26329,0.538306506851978,0.0,0.4212950481099864,security_conflict,negative,2005-03-01
Anayasa,57.13793,0.6096331642059151,0.38888888888888884,0.43751028691580723,constitutional_conflict,negative,2005-03-01
Faiz,40.26786,0.45204842262180234,0.0,0.15469900210191767,macro_economy,negative,2005-03-01
Demokrasi,35.66538,0.4759328906643774,0.2222222222222222,0.16114939188258454,democratic_reform,negative,2005-03-01
IMF,15.707680000000002,0.3026329561204955,0.0,0.02455419862893254,macro_economy,negative,2005-03-01
Avrupa Birligi,11.20687,0.5303985740560014,0.0,0.4131905841963375,democratic_reform,negative,2005-03-01
Reform,10.71679,0.5382663161059451,0.0,0.42126797629910134,democratic_reform,negative,2005-03-01
Enflasyon,5.50429,0.41527281379812747,0.2222222222222222,0.10004543705429524,macro_economy,negative,2005-03-01
Hukuk Devleti,169.622645,0.5364747883659086,0.11111111111111112,0.4358391292732025,democratic_reform,negative,2005-04-01
Ekonomi,112.22651499999999,0.44035627807140665,0.0,0.349166312003666,macro_economy,negative,2005-04-01
Anayasa,68.22192,0.5089662157692781,0.0,0.36965737718756975,constitutional_conflict,negative,2005-04-01
Guvenlik,61.33247999999999,0.3057476537923528,0.2,0.014905247420537103,security_conflict,negative,2005-04-01
Faiz,32.51634,0.5369991302937889,0.26666666666666666,0.4355965455211001,macro_economy,negative,2005-04-01
Demokrasi,20.34536,0.5090842325522907,0.4666666666666667,0.2981037288205082,democratic_reform,negative,2005-04-01
Avrupa Birligi,17.04809,0.4843784192732062,0.3111111111111111,0.44655114699092086,democratic_reform,negative,2005-04-01
Enflasyon,9.5825,0.3995934185374487,0.35555555555555557,0.0672456598293676,macro_economy,negative,2005-04-01
IMF,8.74598,0.3597540994541572,0.022222222222222223,0.21443560817266163,macro_economy,negative,2005-04-01
Reform,4.65839,0.34726123419581184,0.0,0.15074797092291942,democratic_reform,negative,2005-04-01
Vesayet,0.675,0.23702912176052846,0.0,0.0032752106981164715,constitutional_conflict,negative,2005-04-01
Hukuk Devleti,220.86612,0.4512820533469999,0.21818181818181817,0.43424318526241845,democratic_reform,negative,2005-05-01
Ekonomi,128.965475,0.4468047223701356,0.0,0.4303734910362888,macro_economy,negative,2005-05-01
Anayasa,88.69109,0.298060427868827,0.18181818181818182,0.0037907369358688085,constitutional_conflict,negative,2005-05-01
Demokrasi,44.97653,0.4170906510915209,0.0,0.3295760556467387,democratic_reform,negative,2005-05-01
Guvenlik,39.53458500000001,0.45055314080406617,0.03636363636363636,0.4355253732806088,security_conflict,negative,2005-05-01
IMF,14.63377,0.5144198191445445,0.5454545454545454,0.34105386767963586,macro_economy,negative,2005-05-01
Avrupa Birligi,12.003419999999998,0.36157824829911717,0.0,0.01877971823368723,democratic_reform,negative,2005-05-01
Reform,3.3750000000000004,0.46894564577224124,0.509090909090909,0.07427872213803274,democratic_reform,negative,2005-05-01
Vesayet,2.72,0.34786564715722734,0.0,0.32042633949614624,constitutional_conflict,negative,2005-05-01
Enflasyon,2.67089,0.19742517751018593,0.0,0.00040925683990566833,macro_economy,negative,2005-05-01
Faiz,2.48339,0.38363227627734364,0.32727272727272727,0.018984855474801506,macro_economy,negative,2005-05-01
Egemenlik,0.675,0.34786564715722734,0.0,0.32042633949614624,security_conflict,negative,2005-05-01
Hukuk Devleti,322.53441,0.5947700159502906,0.07272727272727272,0.4098400061689714,democratic_reform,negative,2005-06-01
Ekonomi,174.95519000000002,0.6284676316697713,0.43636363636363634,0.3836608266139723,macro_economy,negative,2005-06-01
Anayasa,104.164435,0.5946306408843504,0.0,0.40973476107523465,constitutional_conflict,negative,2005-06-01
Guvenlik,76.000785,0.30533736713855847,0.0,0.03880970559386844,security_conflict,negative,2005-06-01
Demokrasi,40.40503,0.5942982258409751,0.18181818181818182,0.4093899588897488,democratic_reform,negative,2005-06-01
Avrupa Birligi,21.32438,0.5635439300609753,0.18181818181818182,0.37965899160498073,democratic_reform,negative,2005-06-01
IMF,20.420180000000002,0.3371638637315479,0.0,0.01804906169003283,macro_economy,negative,2005-06-01
Vesayet,13.209785,0.44766993441148334,0.18181818181818182,0.23580427100971713,constitutional_conflict,negative,2005-06-01
Reform,11.09768,0.5362182361604394,0.0,0.3711911012442599,democratic_reform,negative,2005-06-01
Faiz,10.791979999999999,0.3503729164483107,0.0,0.060267006692276005,macro_economy,negative,2005-06-01
Egemenlik,1.35,0.46560677364344116,0.32727272727272727,0.07768877793220294,security_conflict,negative,2005-06-01
Enflasyon,0.675,0.3371638637315479,0.0,0.01804906169003283,macro_economy,negative,2005-06-01
Ekonomi,30.45505,0.16555015539471815,0.0,0.13286198620569156,macro_economy,negative,2005-07-01
Guvenlik,12.87561,0.19392144544101822,0.6785714285714285,0.31907200722365137,security_conflict,negative,2005-07-01
Hukuk Devleti,9.77688,0.1657740238862092,0.0,0.4558938187837057,democratic_reform,negative,2005-07-01
Faiz,8.175,0.10065544406660909,0.0,0.008394108326362691,macro_economy,negative,2005-07-01
Vesayet,5.34295,0.16240863232442473,0.0,0.2641636100469099,constitutional_conflict,negative,2005-07-01
Avrupa Birligi,4.1125,0.18931118107648384,0.6071428571428571,0.6281248698287338,democratic_reform,negative,2005-07-01
Demokrasi,3.7884700000000002,0.1657740238862092,0.0,0.4558938187837057,democratic_reform,negative,2005-07-01
Anayasa,0.675,0.11037670860878343,0.46428571428571425,0.019955243366072566,constitutional_conflict,negative,2005-07-01
IMF,0.675,0.10065544406660909,0.0,0.008394108326362691,macro_economy,negative,2005-07-01
Guvenlik,94.31097,0.5664888070070019,0.7333333333333333,0.3462939989508169,security_conflict,negative,2005-09-01
Demokrasi,17.24288,0.5081607686773366,0.5333333333333333,0.5804931703383223,democratic_reform,negative,2005-09-01
Hukuk Devleti,6.699999999999999,0.44143444660930353,0.3333333333333333,0.19124464036933125,democratic_reform,negative,2005-09-01
Avrupa Birligi,4.791475,0.37598746273523537,0.0,0.4953702825015777,democratic_reform,negative,2005-09-01
Anayasa,3.8001899999999997,0.37598746273523537,0.0,0.4953702825015777,constitutional_conflict,negative,2005-09-01
Ekonomi,2.5250000000000004,0.322778480249175,0.0,0.10233316631382947,macro_economy,negative,2005-09-01
Reform,1.175,0.30283218755656627,0.0,0.07265068831071346,democratic_reform,negative,2005-09-01
Ekonomi,106.547105,0.4892855318521252,0.5454545454545454,0.30585107834438197,macro_economy,negative,2005-10-01
Anayasa,59.711029999999994,0.38018434604641693,0.0,0.08385143204270995,constitutional_conflict,negative,2005-10-01
Hukuk Devleti,57.021820000000005,0.3980024876014636,0.0,0.27675484021355706,democratic_reform,negative,2005-10-01
Faiz,19.375180000000004,0.3158077538706991,0.34545454545454546,0.013609820133854573,macro_economy,negative,2005-10-01
Guvenlik,18.706709999999998,0.4492722640257819,0.3818181818181818,0.4636421485807637,security_conflict,negative,2005-10-01
Avrupa Birligi,14.90839,0.44827573540996324,0.0,0.4623333988827473,democratic_reform,negative,2005-10-01
Enflasyon,11.420990000000002,0.20202826577182278,0.0,0.0015929074168830506,macro_economy,negative,2005-10-01
IMF,5.758265,0.23522741749187898,0.0,0.0026187934058832644,macro_economy,negative,2005-10-01
Demokrasi,3.375,0.42830671322585606,0.43636363636363634,0.08580495826884135,democratic_reform,negative,2005-10-01
Reform,2.26678,0.3433302494410482,0.0,0.3589602979322081,democratic_reform,negative,2005-10-01
Vesayet,2.2125,0.3433302494410482,0.0,0.3589602979322081,constitutional_conflict,negative,2005-10-01
Egemenlik,1.13339,0.3433302494410482,0.0,0.3589602979322081,security_conflict,negative,2005-10-01
Hukuk Devleti,103.05580499999999,0.48055338256732205,0.33333333333333337,0.45285199071510235,democratic_reform,negative,2005-11-01
Ekonomi,80.36430999999999,0.5303987582258243,0.08888888888888889,0.46567035691892555,macro_economy,negative,2005-11-01
Guvenlik,76.90115999999999,0.5087667356179298,0.35555555555555557,0.4010555667223134,security_conflict,negative,2005-11-01
Anayasa,34.36664499999999,0.4428822144170762,0.0,0.4250454348550235,constitutional_conflict,negative,2005-11-01
Demokrasi,18.142030000000002,0.4711467546743095,0.5111111111111112,0.24603683455984604,democratic_reform,negative,2005-11-01
Enflasyon,11.14219,0.21992842120237321,0.0,0.024772856597248077,macro_economy,negative,2005-11-01
Faiz,5.175,0.333644424929077,0.0,0.07985568250741179,macro_economy,negative,2005-11-01
Avrupa Birligi,4.5375,0.3127084560267359,0.0,0.05441793416762627,democratic_reform,negative,2005-11-01
IMF,4.1375,0.3555592180193186,0.2,0.18065120869326073,macro_economy,negative,2005-11-01
Egemenlik,2.46679,0.333644424929077,0.0,0.07985568250741179,security_conflict,negative,2005-11-01
Vesayet,0.675,0.4389364712080307,0.0,0.3564676068021372,constitutional_conflict,negative,2005-11-01
Ekonomi,457.88763000000006,0.5732459702621466,0.43636363636363634,0.32319332840284853,macro_economy,negative,2005-12-01
Hukuk Devleti,316.80120999999997,0.5203870433439611,0.0,0.37043803966784994,democratic_reform,negative,2005-12-01
Guvenlik,261.302865,0.5144344812532327,0.18181818181818182,0.31876497935758297,security_conflict,negative,2005-12-01
Anayasa,138.87608,0.42713956208501064,0.32727272727272727,0.06463278626908558,constitutional_conflict,negative,2005-12-01
Faiz,100.727985,0.41764393929278076,0.01818181818181818,0.2955395790706977,macro_economy,negative,2005-12-01
Demokrasi,41.01567,0.5463436877307255,0.14545454545454545,0.422562146088163,democratic_reform,negative,2005-12-01
Avrupa Birligi,40.454695,0.3476187687924224,0.0,0.0651748543264654,democratic_reform,negative,2005-12-01
IMF,39.24538,0.3215539494817166,0.18181818181818182,0.013351729661364864,macro_economy,negative,2005-12-01
Reform,37.663714999999996,0.570175397307654,0.21818181818181817,0.4572855787115346,democratic_reform,negative,2005-12-01
Enflasyon,33.229735,0.4355243820763397,0.0,0.35389535683153955,macro_economy,negative,2005-12-01
Egemenlik,4.47509,0.3930336660263567,0.0,0.2187367735660022,security_conflict,negative,2005-12-01
Vesayet,1.8625,0.2454730767084509,0.0,0.0026422523171919948,constitutional_conflict,negative,2005-12-01
Ekonomi,74.47391999999999,0.5030151019337767,0.2222222222222222,0.3578948169596311,macro_economy,negative,2006-01-01
Anayasa,17.20009,0.5682943460242296,0.25,0.4040791634321451,constitutional_conflict,negative,2006-01-01
Hukuk Devleti,15.20223,0.48910006122181326,0.16666666666666666,0.3580744181383801,democratic_reform,negative,2006-01-01
Guvenlik,12.619039999999998,0.3348970897987569,0.0,0.09718943615793216,security_conflict,negative,2006-01-01
Avrupa Birligi,11.01688,0.4938843554907229,0.19444444444444442,0.3530621425706534,democratic_reform,negative,2006-01-01
Faiz,10.32304,0.323375071134402,0.0,0.08675436044444639,macro_economy,negative,2006-01-01
Reform,7.03759,0.5047670817387241,0.2222222222222222,0.35573482713345755,democratic_reform,negative,2006-01-01
IMF,6.774965,0.3771875067874468,0.0,0.2737856318123343,macro_economy,negative,2006-01-01
Demokrasi,5.32146,0.5632369198760725,0.2222222222222222,0.3968696053590584,democratic_reform,negative,2006-01-01
Vesayet,1.35,0.3844362111071725,0.0,0.2824495275168004,constitutional_conflict,negative,2006-01-01
Ekonomi,230.23200000000003,0.6015053311371436,0.5555555555555556,0.20776524593125364,macro_economy,negative,2006-02-01
Guvenlik,106.98707999999999,0.4226367821186397,0.0,0.10901536164516787,security_conflict,negative,2006-02-01
Hukuk Devleti,98.361495,0.42039596902995124,0.0,0.4258205455146341,democratic_reform,negative,2006-02-01
Faiz,74.63686,0.46037348552794266,0.08888888888888889,0.12252775690873617,macro_economy,negative,2006-02-01
Reform,49.937945,0.41322970956679084,0.0,0.4184033771143662,democratic_reform,negative,2006-02-01
Anayasa,27.35459,0.4127642966827941,0.0,0.4222567616174783,constitutional_conflict,negative,2006-02-01
IMF,26.532069999999997,0.4240161022079078,0.2,0.07842156746918418,macro_economy,negative,2006-02-01
Demokrasi,23.605090000000004,0.40929149027311534,0.0,0.4172748328061579,democratic_reform,negative,2006-02-01
Enflasyon,11.6,0.4069469852114807,0.0,0.10307780652628834,macro_economy,negative,2006-02-01
Avrupa Birligi,3.2,0.5643539613719869,0.5333333333333333,0.45176739309855307,democratic_reform,negative,2006-02-01
Vesayet,1.13339,0.28632033573338006,0.0,0.016243971114883543,constitutional_conflict,negative,2006-02-01
Ekonomi,160.63103,0.5656474596002253,0.0,0.3795120744887777,macro_economy,negative,2006-03-01
Guvenlik,61.9207,0.5851793018374777,0.4727272727272727,0.32544959018416475,security_conflict,negative,2006-03-01
IMF,42.441075000000005,0.354455027958259,0.0,0.16452419707413196,macro_economy,negative,2006-03-01
Hukuk Devleti,39.104409999999994,0.5638608263293846,0.0,0.37574749965634285,democratic_reform,negative,2006-03-01
Faiz,26.406889999999997,0.5108629860546493,0.0,0.3165382158949892,macro_economy,negative,2006-03-01
Anayasa,25.462960000000002,0.37156270998040986,0.0,0.06411306410002797,constitutional_conflict,negative,2006-03-01
Reform,21.156299999999998,0.38135984181713944,0.18181818181818182,0.05773777391601384,democratic_reform,negative,2006-03-01
Enflasyon,19.11639,0.2824437962374542,0.0,0.012168421298471031,macro_economy,negative,2006-03-01
Demokrasi,16.11778,0.6258275765143259,0.36363636363636365,0.4570121992705784,democratic_reform,negative,2006-03-01
Avrupa Birligi,6.887499999999999,0.5074243362823886,0.21818181818181817,0.37537878721923834,democratic_reform,negative,2006-03-01
Egemenlik,1.80009,0.4550090557642374,0.0,0.24923956582476492,security_conflict,negative,2006-03-01
Vesayet,0.675,0.4550090557642374,0.0,0.2492395658247649,constitutional_conflict,negative,2006-03-01
Guvenlik,203.44171,0.4881002996145532,0.509090909090909,0.446797755461199,security_conflict,negative,2006-04-01
Ekonomi,84.31693,0.5433239778218798,0.5454545454545454,0.18496936585134036,macro_economy,negative,2006-04-01
Hukuk Devleti,68.887335,0.46935183175470396,0.2909090909090909,0.12663723327308635,democratic_reform,negative,2006-04-01
Anayasa,38.274845,0.372890298218727,0.0,0.4260282525485808,constitutional_conflict,negative,2006-04-01
Demokrasi,35.86548,0.34618126288941853,0.01818181818181818,0.06956194513183957,democratic_reform,negative,2006-04-01
Reform,34.842690000000005,0.36922669425579013,0.0,0.42385676979920417,democratic_reform,negative,2006-04-01
Faiz,17.29607,0.45164020181016273,0.0,0.11820010110935728,macro_economy,negative,2006-04-01
IMF,4.78348,0.25498862610042344,0.0,0.014314322557576139,macro_economy,negative,2006-04-01
Avrupa Birligi,2.7,0.4460501855984473,0.18181818181818182,0.10389544993880467,democratic_reform,negative,2006-04-01
Egemenlik,1.85,0.32916730023400853,0.0,0.04639306772920635,security_conflict,negative,2006-04-01
Enflasyon,1.80009,0.36576301641352416,0.0,0.42249548405381177,macro_economy,negative,2006-04-01
Vesayet,0.675,0.36576301641352416,0.0,0.42249548405381177,constitutional_conflict,negative,2006-04-01
Guvenlik,97.86747,0.5180545875883824,0.4444444444444444,0.495314828605838,security_conflict,negative,2006-05-01
Ekonomi,84.33447999999999,0.37546360533173717,0.0,0.33454964079362165,macro_economy,negative,2006-05-01
Hukuk Devleti,79.91844,0.4874206149213265,0.0,0.41590815698766265,democratic_reform,negative,2006-05-01
Anayasa,46.369800000000005,0.5515351155851785,0.5555555555555556,0.2875114396346812,constitutional_conflict,negative,2006-05-01
Demokrasi,26.276130000000002,0.24912134611657605,0.0,0.005933106486134787,democratic_reform,negative,2006-05-01
Reform,17.676159999999996,0.41506425494295723,0.0,0.09673310819237774,democratic_reform,negative,2006-05-01
IMF,14.473480000000002,0.34493879592848853,0.2222222222222222,0.02719044624949672,macro_economy,negative,2006-05-01
Avrupa Birligi,10.74589,0.3954035538203397,0.0,0.42683594956304743,democratic_reform,negative,2006-05-01
Enflasyon,7.08557,0.45860666083899715,0.38888888888888884,0.10197123824018192,macro_economy,negative,2006-05-01
Faiz,5.27089,0.3974564434783355,0.0,0.4293931273673832,macro_economy,negative,2006-05-01
Ekonomi,303.431435,0.4520580508079774,0.2,0.2679902177486611,macro_economy,negative,2006-06-01
Hukuk Devleti,248.34552,0.53002418118504,0.044444444444444446,0.4044060145731308,democratic_reform,negative,2006-06-01
Guvenlik,222.499485,0.5949087412479148,0.08888888888888889,0.4490387305917714,security_conflict,negative,2006-06-01
Faiz,104.48403,0.5305632220764617,0.13333333333333333,0.40100054070554986,macro_economy,negative,2006-06-01
Anayasa,64.95902,0.5966706170530448,0.4,0.40657900766272925,constitutional_conflict,negative,2006-06-01
IMF,28.198339999999998,0.36976324526742765,0.2,0.06387876803824492,macro_economy,negative,2006-06-01
Enflasyon,27.756405,0.3039479785255267,0.0,0.04936034515017811,macro_economy,negative,2006-06-01
Avrupa Birligi,27.015105000000002,0.3402900797669577,0.0,0.057852992904600976,democratic_reform,negative,2006-06-01
Demokrasi,18.385469999999998,0.493822178406978,0.2,0.2662262811248928,democratic_reform,negative,2006-06-01
Reform,14.900379999999998,0.2741654898921763,0.0,0.013449484773680142,democratic_reform,negative,2006-06-01
Vesayet,8.44121,0.5227410570861432,0.044444444444444446,0.39493301078633963,constitutional_conflict,negative,2006-06-01
Anayasa,78.35493,0.33421612658438066,0.0,0.10580963679094876,constitutional_conflict,negative,2006-09-01
Ekonomi,72.289335,0.4114204868940273,0.05555555555555555,0.398915651175415,macro_economy,negative,2006-09-01
Guvenlik,43.223659999999995,0.5372197370207386,0.5555555555555556,0.3641215683858122,security_conflict,negative,2006-09-01
Hukuk Devleti,16.47636,0.4862509076581734,0.0,0.4437059473519353,democratic_reform,negative,2006-09-01
Demokrasi,14.885090000000002,0.3573020583957315,0.0,0.20909023440222047,democratic_reform,negative,2006-09-01
Avrupa Birligi,7.249999999999999,0.4900242004267889,0.1111111111111111,0.44534142493273265,democratic_reform,negative,2006-09-01
IMF,3.7124999999999995,0.30813058871572024,0.2222222222222222,0.052028583508539714,macro_economy,negative,2006-09-01
Enflasyon,2.175,0.2406188987479962,0.0,0.013978447340691513,macro_economy,negative,2006-09-01
Reform,1.35,0.5426623823872585,0.3333333333333333,0.4971120652104688,democratic_reform,negative,2006-09-01
Faiz,1.175,0.35103899987109305,0.0,0.09022556720225659,macro_economy,negative,2006-09-01
Hukuk Devleti,52.082719999999995,0.38246403537497364,0.6,0.4962457215379543,democratic_reform,negative,2006-10-01
Anayasa,34.403749999999995,0.32714021601111465,0.5111111111111112,0.03781989897249173,constitutional_conflict,negative,2006-10-01
Avrupa Birligi,33.1505,0.25600405393647324,0.2,0.009324893632473378,democratic_reform,negative,2006-10-01
Ekonomi,21.12131,0.31933181176876607,0.2,0.3867596637255875,macro_economy,negative,2006-10-01
Guvenlik,12.645180000000002,0.3193971057225854,0.0,0.46900980019623145,security_conflict,negative,2006-10-01
Vesayet,7.103249999999999,0.20419733547486502,0.0,0.0023703009247571035,constitutional_conflict,negative,2006-10-01
Faiz,6.52089,0.3180778463403167,0.0,0.4655292553758438,macro_economy,negative,2006-10-01
IMF,3.8250900000000003,0.29964037871323257,0.0,0.381651525191821,macro_economy,negative,2006-10-01
Reform,3.47509,0.19248253288077002,0.0,0.004454213390716737,democratic_reform,negative,2006-10-01
Demokrasi,1.85,0.3676121635007515,0.5333333333333333,0.14088920590189372,democratic_reform,negative,2006-10-01
Egemenlik,0.675,0.12674958755327237,0.0,0.02047081618766534,security_conflict,negative,2006-10-01
Hukuk Devleti,105.737805,0.40770302229812155,0.18181818181818182,0.36851030138342394,democratic_reform,negative,2006-11-01
Guvenlik,52.5591,0.3749734886149653,0.16363636363636364,0.37569192301225124,security_conflict,negative,2006-11-01
Ekonomi,44.955239999999996,0.43801748654171124,0.0,0.43802661181390057,macro_economy,negative,2006-11-01
Demokrasi,29.06653,0.4384980028343552,0.509090909090909,0.3004492941379772,democratic_reform,negative,2006-11-01
Avrupa Birligi,28.14964,0.3788291641811387,0.18181818181818182,0.42417062075473805,democratic_reform,negative,2006-11-01
Anayasa,26.61725,0.3743448036085597,0.4727272727272727,0.06917156680802852,constitutional_conflict,negative,2006-11-01
IMF,6.612589999999999,0.2833299224245427,0.0,0.13193744059213305,macro_economy,negative,2006-11-01
Faiz,6.58357,0.17499798320414525,0.0,0.0012873019863830263,macro_economy,negative,2006-11-01
Reform,3.85339,0.43787229538378225,0.18181818181818182,0.43980224645313976,democratic_reform,negative,2006-11-01
Enflasyon,2.175,0.20891724213138604,0.0,0.0070482323571395555,macro_economy,negative,2006-11-01
Vesayet,1.35,0.3019179159190669,0.0,0.21254694466243002,constitutional_conflict,negative,2006-11-01
Egemenlik,0.675,0.27406191022936716,0.18181818181818182,0.012336205251773922,security_conflict,negative,2006-11-01
Guvenlik,252.44198,0.4938018137177245,0.0,0.22523689621085866,security_conflict,negative,2006-12-01
Ekonomi,197.41628,0.5498740554662885,0.2727272727272727,0.2003274542151836,macro_economy,negative,2006-12-01
Hukuk Devleti,146.65756499999998,0.4578023256556444,0.0,0.19359197365454164,democratic_reform,negative,2006-12-01
Anayasa,80.70412999999999,0.49869911429717917,0.07272727272727272,0.2288921761789518,constitutional_conflict,negative,2006-12-01
Faiz,39.371224999999995,0.5803317826654736,0.09090909090909091,0.38401872865338577,macro_economy,negative,2006-12-01
Avrupa Birligi,38.322445,0.6492700492934252,0.2727272727272727,0.41751796650336054,democratic_reform,negative,2006-12-01
Enflasyon,33.13411,0.3512324442435771,0.0,0.041196782745152816,macro_economy,negative,2006-12-01
IMF,31.390190000000004,0.45336879128132584,0.0,0.21980795405911965,macro_economy,negative,2006-12-01
Reform,20.22098,0.5535917619383801,0.05454545454545454,0.3475986547642204,democratic_reform,negative,2006-12-01
Demokrasi,17.10679,0.5002194362268291,0.09090909090909091,0.3532521739816614,democratic_reform,negative,2006-12-01
Egemenlik,7.091665000000001,0.6104072535880335,0.23636363636363636,0.39602344236550774,security_conflict,negative,2006-12-01
Vesayet,4.25,0.41764055878808265,0.0,0.21217194227324576,constitutional_conflict,negative,2006-12-01
Guvenlik,68.04804,0.4707746207461508,0.2222222222222222,0.2432791284216034,security_conflict,negative,2007-01-01
Ekonomi,53.641209999999994,0.5777209278470908,0.5555555555555556,0.4741797372530458,macro_economy,negative,2007-01-01
Anayasa,45.983689999999996,0.4531160784872341,0.16666666666666666,0.23475165220567945,constitutional_conflict,negative,2007-01-01
Avrupa Birligi,36.337855000000005,0.5088111855235867,0.38888888888888884,0.46555658468816485,democratic_reform,negative,2007-01-01
Hukuk Devleti,24.62565,0.3098369666708505,0.0,0.060774167198126755,democratic_reform,negative,2007-01-01
Demokrasi,7.09589,0.323468503635718,0.0,0.11394759604432896,democratic_reform,negative,2007-01-01
Reform,3.6500899999999996,0.33676348103408454,0.0,0.22418217700718293,democratic_reform,negative,2007-01-01
Faiz,2.9358649999999997,0.46732061544782394,0.0,0.4070380132017839,macro_economy,negative,2007-01-01
IMF,0.675,0.47659966532372555,0.0,0.4407780915546677,macro_economy,negative,2007-01-01
Enflasyon,0.675,0.3340639451396144,0.0,0.1312139397199657,macro_economy,negative,2007-01-01
Ekonomi,88.68793500000001,0.43355400023225565,0.25,0.4343845365439661,macro_economy,negative,2007-02-01
Hukuk Devleti,33.291745,0.4994766751646454,0.5357142857142857,0.2961173082701076,democratic_reform,negative,2007-02-01
Anayasa,29.40876,0.36797411908062083,0.03571428571428571,0.19094150021588344,constitutional_conflict,negative,2007-02-01
Avrupa Birligi,28.238,0.27635014178280526,0.0,0.1055084368941436,democratic_reform,negative,2007-02-01
Guvenlik,24.271025,0.5436971709817484,0.5714285714285714,0.5082960326709623,security_conflict,negative,2007-02-01
Faiz,20.554795000000002,0.41123337231074714,0.0,0.42968632152689834,macro_economy,negative,2007-02-01
Reform,4.7124999999999995,0.4099369322878591,0.0,0.4315328404648044,democratic_reform,negative,2007-02-01
Demokrasi,4.48349,0.3579088804430455,0.0,0.16317332345108881,democratic_reform,negative,2007-02-01
IMF,1.35,0.33784020834313394,0.0,0.1421007029249298,macro_economy,negative,2007-02-01
Ekonomi,106.26572,0.4425850251329773,0.0,0.2355671670636431,macro_economy,negative,2007-03-01
Guvenlik,36.82066999999999,0.5814462206352373,0.4222222222222222,0.4111615384575426,security_conflict,negative,2007-03-01
Hukuk Devleti,32.76138,0.5425268291371176,0.2,0.3898804023585887,democratic_reform,negative,2007-03-01
Anayasa,22.0731,0.5676887917665433,0.37777777777777777,0.4560870437873973,constitutional_conflict,negative,2007-03-01
Avrupa Birligi,13.57,0.32314554654373684,0.0,0.07554695695930182,democratic_reform,negative,2007-03-01
Demokrasi,4.82509,0.5342444200302909,0.08888888888888889,0.4383373733616432,democratic_reform,negative,2007-03-01
IMF,2.46679,0.4045172679413584,0.0,0.3000098779479258,macro_economy,negative,2007-03-01
Enflasyon,2.26678,0.3437458357445496,0.0,0.09636562554273839,macro_economy,negative,2007-03-01
Faiz,2.1875,0.41625832167107946,0.2,0.16479018813774612,macro_economy,negative,2007-03-01
Vesayet,1.80009,0.4045172679413584,0.0,0.3000098779479258,constitutional_conflict,negative,2007-03-01
Egemenlik,0.675,0.2785205858595302,0.0,0.03363317148357082,security_conflict,negative,2007-03-01
Guvenlik,45.27336,0.3762075519885981,0.25,0.13547781902037306,security_conflict,negative,2007-04-01
Ekonomi,37.063,0.39206609267846926,0.25,0.13556650842684492,macro_economy,negative,2007-04-01
Hukuk Devleti,33.57146,0.46819307415318223,0.0,0.4644425647972483,democratic_reform,negative,2007-04-01
Demokrasi,32.27513,0.5303292080337073,0.42857142857142855,0.4901919192097653,democratic_reform,negative,2007-04-01
Anayasa,20.58768,0.5676354281598047,0.6071428571428571,0.5185254530854845,constitutional_conflict,negative,2007-04-01
Egemenlik,5.57,0.4673637577367702,0.0,0.46356913824563295,security_conflict,negative,2007-04-01
Faiz,5.13359,0.24918059954943378,0.0,0.025796031339495682,macro_economy,negative,2007-04-01
Avrupa Birligi,1.85,0.36442059553586637,0.0,0.14689275055011702,democratic_reform,negative,2007-04-01
Reform,1.5374999999999999,0.26893231146362573,0.0,0.03556067862238975,democratic_reform,negative,2007-04-01
Guvenlik,193.42180499999998,0.3968609368574273,0.18181818181818182,0.22757274034709205,security_conflict,negative,2007-05-01
Anayasa,160.36605,0.5154654108865648,0.2545454545454545,0.3138871896292312,constitutional_conflict,negative,2007-05-01
Hukuk Devleti,108.24502499999998,0.6335575298340286,0.5454545454545454,0.47444238217985296,democratic_reform,negative,2007-05-01
Demokrasi,105.022515,0.5101146497134235,0.0,0.3124086073063481,democratic_reform,negative,2007-05-01
Ekonomi,104.177515,0.38174825443762667,0.0,0.20314095776093036,macro_economy,negative,2007-05-01
Avrupa Birligi,27.81857,0.4891924467850891,0.21818181818181817,0.2933049229420712,democratic_reform,negative,2007-05-01
Faiz,18.04114,0.5050094370332199,0.0,0.3096382284225304,macro_economy,negative,2007-05-01
Vesayet,16.07405,0.538295463560226,0.10909090909090909,0.3787409842235291,constitutional_conflict,negative,2007-05-01
Egemenlik,12.579460000000001,0.26680678992869256,0.0,0.041089020467289565,security_conflict,negative,2007-05-01
Enflasyon,3.67089,0.45494456702112857,0.0,0.24453944880819284,macro_economy,negative,2007-05-01
IMF,3.15839,0.45494456702112857,0.0,0.24453944880819284,macro_economy,negative,2007-05-01
Reform,2.26678,0.37564140587846684,0.0,0.1977088371491481,democratic_reform,negative,2007-05-01
Guvenlik,76.095455,0.2561652640434058,0.38095238095238093,0.2007303523826034,security_conflict,negative,2007-06-01
Anayasa,72.4044,0.26960932771474655,0.42857142857142855,0.35713717371762105,constitutional_conflict,negative,2007-06-01
Ekonomi,29.05442,0.21359604628469211,0.0,0.4846339058364587,macro_economy,negative,2007-06-01
Hukuk Devleti,19.70777,0.256174439004808,0.38095238095238093,0.5951791113743375,democratic_reform,negative,2007-06-01
Demokrasi,11.34998,0.22286291610522146,0.23809523809523808,0.09034457272265385,democratic_reform,negative,2007-06-01
Enflasyon,2.97509,0.0751618661269361,0.0,0.004472468217609875,macro_economy,negative,2007-06-01
Avrupa Birligi,0.675,0.21359604628469211,0.0,0.4846339058364587,democratic_reform,negative,2007-06-01
Vesayet,0.675,0.0,0.0,6.993830212579775e-19,constitutional_conflict,negative,2007-06-01
