date,tp_eur_mt01_avg,tp_eur_mt02_avg,tp_eur_mt03_avg,tp_eur_mt04_avg,tp_eur_mt05_avg,tp_eur_mt06_avg,tp_try_mt01_avg,tp_try_mt02_avg,tp_try_mt03_avg,tp_try_mt04_avg,tp_try_mt05_avg,tp_try_mt06_avg,tp_usd_mt01_avg,tp_usd_mt02_avg,tp_usd_mt03_avg,tp_usd_mt04_avg,tp_usd_mt05_avg,tp_usd_mt06_avg,tp_eurtas_mt01_avg,tp_eurtas_mt02_avg,tp_eurtas_mt03_avg,tp_eurtas_mt04_avg,tp_eurtas_mt05_avg,tp_eurtas_mt06_avg,tp_trytas_mt01_avg,tp_trytas_mt02_avg,tp_trytas_mt03_avg,tp_trytas_mt04_avg,tp_trytas_mt05_avg,tp_trytas_mt06_avg,tp_usdtas_mt01_avg,tp_usdtas_mt02_avg,tp_usdtas_mt03_avg,tp_usdtas_mt04_avg,tp_usdtas_mt05_avg,tp_usdtas_mt06_avg,tp_eurtic_mt01_avg,tp_eurtic_mt02_avg,tp_eurtic_mt03_avg,tp_eurtic_mt04_avg,tp_eurtic_mt05_avg,tp_eurtic_mt06_avg,tp_trytic_mt01_avg,tp_trytic_mt02_avg,tp_trytic_mt03_avg,tp_trytic_mt04_avg,tp_trytic_mt05_avg,tp_trytic_mt06_avg,tp_usdtic_mt01_avg,tp_usdtic_mt02_avg,tp_usdtic_mt03_avg,tp_usdtic_mt04_avg,tp_usdtic_mt05_avg,tp_usdtic_mt06_avg,tp_eur_mt01_last,tp_eur_mt02_last,tp_eur_mt03_last,tp_eur_mt04_last,tp_eur_mt05_last,tp_eur_mt06_last,tp_try_mt01_last,tp_try_mt02_last,tp_try_mt03_last,tp_try_mt04_last,tp_try_mt05_last,tp_try_mt06_last,tp_usd_mt01_last,tp_usd_mt02_last,tp_usd_mt03_last,tp_usd_mt04_last,tp_usd_mt05_last,tp_usd_mt06_last,tp_eurtas_mt01_last,tp_eurtas_mt02_last,tp_eurtas_mt03_last,tp_eurtas_mt04_last,tp_eurtas_mt05_last,tp_eurtas_mt06_last,tp_trytas_mt01_last,tp_trytas_mt02_last,tp_trytas_mt03_last,tp_trytas_mt04_last,tp_trytas_mt05_last,tp_trytas_mt06_last,tp_usdtas_mt01_last,tp_usdtas_mt02_last,tp_usdtas_mt03_last,tp_usdtas_mt04_last,tp_usdtas_mt05_last,tp_usdtas_mt06_last,tp_eurtic_mt01_last,tp_eurtic_mt02_last,tp_eurtic_mt03_last,tp_eurtic_mt04_last,tp_eurtic_mt05_last,tp_eurtic_mt06_last,tp_trytic_mt01_last,tp_trytic_mt02_last,tp_trytic_mt03_last,tp_trytic_mt04_last,tp_trytic_mt05_last,tp_trytic_mt06_last,tp_usdtic_mt01_last,tp_usdtic_mt02_last,tp_usdtic_mt03_last,tp_usdtic_mt04_last,tp_usdtic_mt05_last,tp_usdtic_mt06_last
2002-02-01,3.2525,3.8975,5.3375,4.5725,12.254999999999999,4.4399999999999995,62.2,59.39,63.38,61.0025,70.67,61.295,2.3775,3.5925,4.225,4.695,11.6675,2.8425000000000002,,,,,,,,,,,,,,,,,,,,,,,,,,,,,,,,,,,,,3.26,4.08,5.36,4.76,12.15,4.58,61.39,58.71,63.03,60.48,71.18,60.54,2.47,3.41,4.25,4.38,11.05,2.87,,,,,,,,,,,,,,,,,,,,,,,,,,,,,,,,,,,,
2002-03-01,3.2079999999999997,3.9760000000000004,5.182,4.61,11.948,4.3660000000000005,58.67999999999999,56.724000000000004,62.029999999999994,60.374,66.014,58.2,2.276,3.196,4.202,3.992,11.368,2.648,,,,,,,,,,,,,,,,,,,,,,,,,,,,,,,,,,,,,3.16,3.99,5.39,4.59,11.74,4.32,57.61,55.73,61.52,60.1,66.57,57.33,2.22,3.25,4.2,3.95,11.57,2.62,,,,,,,,,,,,,,,,,,,,,,,,,,,,,,,,,,,,
2002-04-01,3.13,4.015,5.275,4.6325,11.3575,4.34,54.995000000000005,52.2025,59.7725,55.885,64.60499999999999,54.3425,2.2875,3.1625,4.1850000000000005,4.12,10.592500000000001,2.6775,,,,,,,,,,,,,,,,,,,,,,,,,,,,,,,,,,,,,3.16,3.97,5.26,4.65,11.1,4.4,53.74,51.26,58.24,55.42,63.16,53.12,2.33,3.14,4.23,4.31,9.98,2.73,,,,,,,,,,,,,,,,,,,,,,,,,,,,,,,,,,,,
2002-05-01,3.128,3.934,5.046,4.606,10.864,4.276000000000001,50.226,49.428,55.55,49.742,62.922000000000004,50.284,2.098,3.08,3.754,4.006,10.22,2.52,,,,,,,,,,,,,,,,,,,,,,,,,,,,,,,,,,,,,3.12,3.93,4.97,4.62,10.71,4.36,50.24,50.14,53.94,47.72,62.23,50.41,2.1,3.04,3.78,4.01,10.68,2.56,,,,,,,,,,,,,,,,,,,,,,,,,,,,,,,,,,,,
2002-06-01,3.0375,3.77,4.72,4.4875,9.93,4.045,50.4125,50.035000000000004,54.5375,50.4925,64.1575,50.557500000000005,2.0525,3.0,3.8274999999999997,3.9425,8.55,2.5,,,,,,,,,,,,,,,,,,,,,,,,,,,,,,,,,,,,,3.08,3.77,4.68,4.15,9.54,4.05,50.89,50.07,56.34,51.46,64.5,50.84,2.14,2.95,3.76,3.72,7.78,2.53,,,,,,,,,,,,,,,,,,,,,,,,,,,,,,,,,,,,
2002-07-01,3.215,3.7825,4.6875,4.5675,9.475,4.1375,50.775,51.0625,55.705,51.825,64.655,51.195,2.135,3.0375,4.02,4.0275,8.7475,2.5875,,,,,,,,,,,,,,,,,,,,,,,,,,,,,,,,,,,,,3.24,3.77,4.68,4.52,9.38,4.08,50.77,51.42,55.78,51.79,65.2,51.21,2.16,3.14,4.03,4.1,9.14,2.59,,,,,,,,,,,,,,,,,,,,,,,,,,,,,,,,,,,,
2002-08-01,3.1,3.81,4.6339999999999995,4.492,8.440000000000001,3.968,50.230000000000004,51.062,55.717999999999996,50.822,65.17,50.792,2.0759999999999996,3.016,3.808,3.9939999999999998,8.788,2.538,,,,,,,,,,,,,,,,,,,,,,,,,,,,,,,,,,,,,3.05,3.84,4.64,4.54,7.95,3.93,49.74,50.54,55.91,51.06,65.26,50.35,2.18,3.02,3.74,3.91,8.32,2.62,,,,,,,,,,,,,,,,,,,,,,,,,,,,,,,,,,,,
2002-09-01,3.165,3.9475000000000002,4.795,4.94,7.345,3.9450000000000003,50.06,50.302499999999995,57.9325,50.175,65.145,50.5,2.0149999999999997,3.1275,3.9050000000000002,4.1475,8.035,2.5175,,,,,,,,,,,,,,,,,,,,,,,,,,,,,,,,,,,,,3.23,3.93,4.78,4.98,7.3,3.91,50.52,50.69,59.61,50.93,65.01,50.97,2.01,3.16,3.81,4.08,7.99,2.52,,,,,,,,,,,,,,,,,,,,,,,,,,,,,,,,,,,,
2002-10-01,3.1375,4.0424999999999995,4.835,4.984999999999999,7.0,3.94,50.3,50.7725,58.7675,53.0225,64.58250000000001,50.7175,2.08,3.2375000000000003,3.895,4.15,7.195,2.5875,,,,,,,,,,,,,,,,,,,,,,,,,,,,,,,,,,,,,3.17,3.98,4.85,4.91,6.71,3.88,50.28,49.22,56.69,52.73,64.26,50.11,2.09,3.35,3.98,3.98,6.53,2.64,,,,,,,,,,,,,,,,,,,,,,,,,,,,,,,,,,,,
2002-11-01,2.934,3.88,4.606,4.284000000000001,6.828,3.684,48.192,47.87,53.14,49.134,61.522000000000006,48.374,2.0740000000000003,3.1239999999999997,3.7119999999999997,3.912,7.198,2.572,,,,,,,,,,,,,,,,,,,,,,,,,,,,,,,,,,,,,2.85,3.79,4.5,3.94,6.8,3.54,47.36,46.82,50.84,47.24,57.88,47.46,2.09,3.09,3.43,3.58,7.28,2.56,,,,,,,,,,,,,,,,,,,,,,,,,,,,,,,,,,,,
2002-12-01,2.89,3.6925,4.359999999999999,3.9725,6.734999999999999,3.5675,46.802499999999995,46.29,51.9375,45.94,59.415,46.93,2.0175,2.9924999999999997,3.5549999999999997,3.6525,7.15,2.4675000000000002,,,,,,,,,,,,,,,,,,,,,,,,,,,,,,,,,,,,,2.85,3.65,4.33,4.02,6.61,3.5,46.89,46.81,51.1,45.92,59.52,47.12,1.93,3.01,3.34,3.83,6.92,2.43,,,,,,,,,,,,,,,,,,,,,,,,,,,,,,,,,,,,
2003-01-01,2.75,3.5840000000000005,4.38,4.036,6.603999999999999,3.44,47.488,47.212,51.114,47.976,57.212,47.58,1.904,2.98,3.628,3.6380000000000003,7.1739999999999995,2.442,,,,,,,,,,,,,,,,,,,,,,,,,,,,,,,,,,,,,2.59,3.57,4.41,4.04,6.6,3.32,47.46,47.29,51.83,48.31,58.43,47.6,1.94,2.99,3.58,3.69,7.08,2.46,,,,,,,,,,,,,,,,,,,,,,,,,,,,,,,,,,,,
2003-02-01,2.7625,3.4325,3.92,4.0975,4.7325,3.1275,47.9525,48.305,49.879999999999995,47.725,53.192499999999995,48.04,1.9525000000000001,2.6525,3.1225,3.295,4.6275,2.2199999999999998,,,,,,,,,,,,,,,,,,,,,,,,,,,,,,,,,,,,,2.76,3.4,3.86,4.13,4.54,2.99,48.41,47.26,49.26,47.2,48.94,48.17,1.93,2.65,2.9,3.42,3.63,2.15,,,,,,,,,,,,,,,,,,,,,,,,,,,,,,,,,,,,
2003-03-01,3.0225,3.6925,3.9825,4.37,4.115,3.2800000000000002,48.442499999999995,45.5875,47.72,49.23,47.335,47.535,2.22,3.0825,3.3475,3.5225,4.4,2.5,,,,,,,,,,,,,,,,,,,,,,,,,,,,,,,,,,,,,3.66,4.17,4.22,4.69,4.03,3.87,48.65,45.26,47.24,50.82,46.87,47.41,2.93,3.71,3.96,3.62,4.66,3.24,,,,,,,,,,,,,,,,,,,,,,,,,,,,,,,,,,,,
2003-04-01,3.67,4.3575,4.54,4.91,4.255,3.9325,48.0475,46.14,48.0125,47.8825,48.832499999999996,47.32,2.855,3.9525,3.9875000000000003,4.3025,4.37,3.2225,,,,,,,,,,,,,,,,,,,,,,,,,,,,,,,,,,,,,3.65,4.4,4.57,4.82,4.31,3.94,47.62,46.13,48.03,47.32,51.0,47.17,2.84,4.15,4.23,4.29,4.48,3.26,,,,,,,,,,,,,,,,,,,,,,,,,,,,,,,,,,,,
2003-05-01,3.196,4.066000000000001,4.290000000000001,4.484,4.208,3.5159999999999996,44.477999999999994,42.958,44.972,45.992000000000004,48.926,43.982,2.418,3.728,3.996,4.0760000000000005,4.476,2.92,,,,,,,,,,,,,,,,,,,,,,,,,,,,,,,,,,,,,3.12,4.14,4.36,4.42,4.39,3.55,43.85,42.55,44.74,44.89,48.22,43.51,2.32,3.77,3.95,4.03,4.72,2.94,,,,,,,,,,,,,,,,,,,,,,,,,,,,,,,,,,,,
2003-06-01,2.725,4.035,4.155,4.484999999999999,4.2675,3.09,41.055,40.787499999999994,41.605000000000004,43.1425,43.7825,41.015,2.2525,3.62,3.91,4.07,4.285,2.7375,,,,,,,,,,,,,,,,,,,,,,,,,,,,,,,,,,,,,2.27,3.98,4.06,4.38,4.36,2.67,39.77,40.23,41.2,43.28,42.29,39.95,2.27,3.55,3.96,3.81,4.34,2.76,,,,,,,,,,,,,,,,,,,,,,,,,,,,,,,,,,,,
2003-07-01,2.3925,3.755,4.115,4.3475,4.23,2.835,39.8625,39.935,41.605,42.69,43.3975,39.95,2.1525,3.2824999999999998,3.8175,3.7025,3.92,2.63,,,,,,,,,,,,,,,,,,,,,,,,,,,,,,,,,,,,,2.61,3.7,3.96,4.23,4.06,3.08,38.72,37.93,39.41,40.83,41.1,38.47,2.1,3.36,3.62,3.6,3.84,2.6,,,,,,,,,,,,,,,,,,,,,,,,,,,,,,,,,,,,
2003-08-01,2.7399999999999998,3.566,3.972,4.156000000000001,4.086,3.116,35.674,35.946,37.088,39.144,39.246,35.827999999999996,2.096,3.2700000000000005,3.816,3.6839999999999997,3.724,2.582,,,,,,,,,,,,,,,,,,,,,,,,,,,,,,,,,,,,,2.71,3.48,4.16,4.16,4.1,3.11,33.9,35.01,35.45,38.9,39.17,34.3,2.03,3.2,3.86,3.55,3.73,2.55,,,,,,,,,,,,,,,,,,,,,,,,,,,,,,,,,,,,
2003-09-01,2.6175,3.56,3.885,4.1225000000000005,4.0225,2.98,32.5225,33.265,35.1425,36.1375,36.4375,32.84,2.05,3.24,3.66,3.815,3.715,2.5149999999999997,,,,,,,,,,,,,,,,,,,,,,,,,,,,,,,,,,,,,2.66,3.5,3.8,4.04,3.96,3.0,30.35,31.82,33.27,33.82,32.4,30.86,2.0,3.27,3.56,4.09,3.63,2.52,,,,,,,,,,,,,,,,,,,,,,,,,,,,,,,,,,,,
2003-10-01,2.67,3.496,3.7299999999999995,3.972,3.904,3.0100000000000002,29.131999999999998,29.338,30.26,32.222,30.806,29.23,2.008,3.2,3.4939999999999998,3.528,3.7019999999999995,2.468,,,,,,,,,,,,,,,,,,,,,,,,,,,,,,,,,,,,,2.73,3.62,3.69,3.89,3.91,3.08,28.42,27.53,28.09,29.47,28.0,28.14,2.06,3.19,3.39,3.48,3.62,2.54,,,,,,,,,,,,,,,,,,,,,,,,,,,,,,,,,,,,
2003-11-01,2.545,3.4299999999999997,3.6125,3.8049999999999997,3.8925,2.8675,28.2675,28.36,27.765,29.0525,28.1125,28.2325,2.105,3.14,3.445,3.6774999999999998,3.6225,2.5225,,,,,,,,,,,,,,,,,,,,,,,,,,,,,,,,,,,,,2.67,3.4,3.61,3.77,3.93,2.97,28.97,27.0,27.48,27.66,28.16,28.17,2.21,3.08,3.35,3.4,3.6,2.59,,,,,,,,,,,,,,,,,,,,,,,,,,,,,,,,,,,,
2003-12-01,2.6275,3.4475,3.635,3.785,3.825,2.96,28.314999999999998,27.6,27.5625,27.905,28.0425,28.0725,2.0775,3.1525,3.4425,3.5025,3.6399999999999997,2.4875,,,,,,,,,,,,,,,,,,,,,,,,,,,,,,,,,,,,,2.62,3.36,3.66,3.78,3.75,2.94,28.08,26.86,28.14,27.41,27.97,27.69,2.1,3.07,3.46,3.49,3.77,2.51,,,,,,,,,,,,,,,,,,,,,,,,,,,,,,,,,,,,
2004-01-01,2.4539999999999997,3.354,3.508,3.846,3.7840000000000003,2.774,26.772000000000002,26.034,25.856,26.476,25.939999999999998,26.474,1.9899999999999998,3.064,3.3339999999999996,3.3259999999999996,3.496,2.41,,,,,,,,,,,,,,,,,,,,,,,,,,,,,,,,,,,,,2.37,3.25,3.46,4.19,3.73,2.66,25.76,25.56,25.08,26.12,25.05,25.67,1.94,3.01,3.34,3.15,3.29,2.37,,,,,,,,,,,,,,,,,,,,,,,,,,,,,,,,,,,,
2004-02-01,2.5275,3.175,3.43,3.7125,3.69,2.7975,23.88,24.439999999999998,24.625,24.645,25.225,24.0425,1.9974999999999998,2.8425000000000002,3.2675,3.365,3.4825,2.355,,,,,,,,,,,,,,,,,,,,,,,,,,,,,,,,,,,,,2.61,3.16,3.41,3.64,3.65,2.83,23.37,23.36,23.67,23.87,24.12,23.38,2.0,2.83,3.21,3.35,3.48,2.34,,,,,,,,,,,,,,,,,,,,,,,,,,,,,,,,,,,,
2004-03-01,2.4975,3.295,3.45,3.765,3.6725,2.82,22.4,23.16,23.655,23.740000000000002,23.64,22.64,2.0025,2.9275,3.2375,3.495,3.52,2.37,,,,,,,,,,,,,,,,,,,,,,,,,,,,,,,,,,,,,2.35,3.35,3.56,3.75,3.69,2.71,21.48,22.57,23.08,23.4,22.39,21.79,1.91,2.94,3.28,3.54,3.51,2.3,,,,,,,,,,,,,,,,,,,,,,,,,,,,,,,,,,,,
2004-04-01,2.428,3.3280000000000003,3.492,3.8979999999999997,3.524,2.738,21.272,21.808,22.351999999999997,22.002000000000002,22.169999999999998,21.454,1.818,2.978,3.2660000000000005,3.536,3.55,2.244,,,,,,,,,,,,,,,,,,,,,,,,,,,,,,,,,,,,,2.4,3.42,3.65,3.77,3.34,2.67,21.54,21.64,22.47,22.18,21.89,21.59,1.92,3.18,3.4,3.74,3.48,2.33,,,,,,,,,,,,,,,,,,,,,,,,,,,,,,,,,,,,
2004-05-01,2.525,3.965,4.105,3.775,3.7225,2.995,21.5175,21.8525,22.0425,21.615000000000002,22.64,21.61,1.9075,3.67,4.112500000000001,4.0675,3.495,2.6175,,,,,,,,,,,,,,,,,,,,,,,,,,,,,,,,,,,,,2.44,4.03,4.24,3.8,3.65,2.89,21.38,21.8,21.76,21.92,24.83,21.51,1.95,3.83,4.23,4.79,3.44,2.63,,,,,,,,,,,,,,,,,,,,,,,,,,,,,,,,,,,,
2004-06-01,2.565,3.72,3.8125,3.955,3.645,2.9725,21.557499999999997,21.822499999999998,22.2675,22.025,22.2625,21.6475,2.0375,3.37,3.6075,3.35,3.6075,2.525,,,,,,,,,,,,,,,,,,,,,,,,,,,,,,,,,,,,,2.48,3.72,3.89,3.84,3.64,2.9,21.61,22.04,22.39,22.17,22.93,21.74,2.07,3.28,3.54,3.68,3.8,2.48,,,,,,,,,,,,,,,,,,,,,,,,,,,,,,,,,,,,
2004-07-01,2.518,3.79,4.0840000000000005,3.8579999999999997,3.654,2.98,21.688,22.226,22.546,22.080000000000002,22.740000000000002,21.854,2.114,3.478,3.774,3.7079999999999997,3.6079999999999997,2.666,,,,,,,,,,,,,,,,,,,,,,,,,,,,,,,,,,,,,2.51,3.78,4.0,3.89,3.62,2.99,21.58,21.68,22.86,22.32,22.21,21.65,2.04,3.5,3.88,3.39,3.55,2.67,,,,,,,,,,,,,,,,,,,,,,,,,,,,,,,,,,,,
2004-08-01,2.455,3.455,3.5825,3.6399999999999997,3.64,2.8175,21.11,21.865,22.302500000000002,21.84,22.995,21.34,2.0025,3.1825,3.3975,3.12,3.4875,2.46,,,,,,,,,,,,,,,,,,,,,,,,,,,,,,,,,,,,,2.52,3.27,3.7,3.6,3.63,2.85,21.07,21.79,21.94,21.49,21.92,21.27,2.02,3.06,3.42,3.06,3.41,2.44,,,,,,,,,,,,,,,,,,,,,,,,,,,,,,,,,,,,
2004-09-01,2.475,3.25,3.545,3.6275,3.6,2.7649999999999997,20.5675,21.635,22.02,20.83,22.0825,20.915,2.0549999999999997,3.0075,3.3425,3.375,3.48,2.3925,,,,,,,,,,,,,,,,,,,,,,,,,,,,,,,,,,,,,2.55,3.29,3.75,3.68,3.6,2.82,20.35,21.46,22.2,20.2,22.15,20.73,2.03,3.07,3.39,3.36,3.6,2.38,,,,,,,,,,,,,,,,,,,,,,,,,,,,,,,,,,,,
2004-10-01,2.5260000000000002,3.278,3.6159999999999997,3.566,3.6759999999999997,2.8240000000000003,20.214,21.512,21.46,21.308,22.125999999999998,20.601999999999997,2.0479999999999996,3.054,3.632,3.314,3.476,2.448,,,,,,,,,,,,,,,,,,,,,,,,,,,,,,,,,,,,,2.6,3.18,3.63,3.55,3.62,2.83,20.29,21.24,21.82,22.22,21.56,20.6,2.03,2.98,3.85,3.5,3.41,2.44,,,,,,,,,,,,,,,,,,,,,,,,,,,,,,,,,,,,
2004-11-01,2.4825,3.1825,3.2525,3.54,3.615,2.74,20.5175,21.6575,22.174999999999997,21.055,21.552500000000002,20.8675,2.0875,3.0275,3.3125,3.3825,3.4125,2.44,,,,,,,,,,,,,,,,,,,,,,,,,,,,,,,,,,,,,2.46,3.2,3.3,3.59,3.64,2.74,20.19,21.89,22.07,21.72,20.61,20.72,2.05,3.1,3.23,3.36,3.47,2.45,,,,,,,,,,,,,,,,,,,,,,,,,,,,,,,,,,,,
2004-12-01,2.28,3.1079999999999997,3.198,3.31,3.3020000000000005,2.5799999999999996,20.1,20.8,21.172,20.692,21.188,20.358,2.09,3.0300000000000002,3.418,3.4019999999999997,3.478,2.4379999999999997,,,,,,,,,,,,,,,,,,,,,,,,,,,,,,,,,,,,,2.23,3.02,3.17,3.26,3.31,2.55,19.55,20.27,20.69,20.44,20.32,19.92,2.12,3.09,4.01,4.07,3.7,2.56,,,,,,,,,,,,,,,,,,,,,,,,,,,,,,,,,,,,
2005-01-01,2.2424999999999997,2.8975,3.06,3.11,3.205,2.5075,18.57,19.085,19.58,19.5125,19.4025,18.805,2.0325,2.9675,2.9975,3.2875,3.645,2.3975,,,,,,,,,,,,,,,,,,,,,,,,,,,,,,,,,,,,,2.17,2.85,3.08,3.48,3.52,2.47,18.21,18.49,19.04,19.53,19.54,18.37,1.99,2.89,3.11,3.43,3.44,2.31,,,,,,,,,,,,,,,,,,,,,,,,,,,,,,,,,,,,
2005-02-01,2.12,2.8925,2.975,3.0300000000000002,2.915,2.3725,18.015,18.3575,18.8275,18.2075,18.54,18.1625,2.11,2.9924999999999997,3.2600000000000002,3.74,3.3975,2.3725,,,,,,,,,,,,,,,,,,,,,,,,,,,,,,,,,,,,,2.21,2.85,2.88,2.98,2.91,2.42,17.87,17.78,18.62,17.47,17.21,17.86,2.21,2.96,3.24,3.31,3.46,2.45,,,,,,,,,,,,,,,,,,,,,,,,,,,,,,,,,,,,
2005-03-01,2.1775,2.8825,3.01,3.1875,2.9225000000000003,2.41,16.985,17.21,17.97,17.009999999999998,16.9125,17.1,2.1825,3.0425,3.3475,3.325,3.5225,2.465,,,,,,,,,,,,,,,,,,,,,,,,,,,,,,,,,,,,,2.11,2.86,3.04,3.08,2.89,2.34,16.37,17.03,18.75,16.93,16.5,16.69,2.15,3.05,3.21,3.39,3.72,2.42,,,,,,,,,,,,,,,,,,,,,,,,,,,,,,,,,,,,
2005-04-01,2.218,2.928,3.004,3.1559999999999997,2.91,2.434,16.145999999999997,16.922,17.624000000000002,17.046,16.96,16.484,2.282,3.374,3.626,3.7079999999999997,3.6380000000000003,2.622,,,,,,,,,,,,,,,,,,,,,,,,,,,,,,,,,,,,,2.17,2.94,2.97,3.19,2.94,2.4,16.31,16.85,17.53,17.3,15.68,16.52,2.32,3.38,3.62,3.66,3.33,2.63,,,,,,,,,,,,,,,,,,,,,,,,,,,,,,,,,,,,
2005-05-01,2.1725,3.0175,2.9975,3.1475,2.8225,2.4275,16.105,16.945,17.69,16.505000000000003,16.384999999999998,16.47,2.3725,3.5525,3.6799999999999997,3.685,3.095,2.75,,,,,,,,,,,,,,,,,,,,,,,,,,,,,,,,,,,,,2.13,3.03,2.95,3.2,2.79,2.38,16.0,17.05,17.77,15.46,16.5,16.4,2.31,3.58,3.68,3.6,1.72,2.66,,,,,,,,,,,,,,,,,,,,,,,,,,,,,,,,,,,,
2005-06-01,2.2525000000000004,2.9825,2.9175,3.1325,2.7824999999999998,2.495,15.84,16.927500000000002,17.415,16.36,16.625,16.3025,2.3475,3.5549999999999997,3.705,3.7225,3.2675,2.755,,,,,,,,,,,,,,,,,,,,,,,,,,,,,,,,,,,,,2.24,2.87,2.81,3.16,2.75,2.43,15.99,16.86,18.16,16.13,16.59,16.4,2.24,3.58,3.75,3.74,4.04,2.68,,,,,,,,,,,,,,,,,,,,,,,,,,,,,,,,,,,,
2005-07-01,2.114,2.968,2.952,3.08,2.2119999999999997,2.41,15.854,16.708000000000002,17.808,16.736,16.29,16.31,2.428,3.6,3.818,3.18,3.314,2.842,,,,,,,,,,,,,,,,,,,,,,,,,,,,,,,,,,,,,2.04,2.82,2.82,3.12,2.19,2.3,15.83,16.73,17.4,16.33,15.94,16.25,2.39,3.62,3.58,3.26,3.29,2.79,,,,,,,,,,,,,,,,,,,,,,,,,,,,,,,,,,,,
2005-08-01,2.1525,2.8825,2.77,3.125,2.1775,2.4050000000000002,15.7125,16.79,17.0975,16.3925,15.790000000000001,16.1925,2.49,3.7625,3.8825000000000003,3.6525,3.3875,2.9175,,,,,,,,,,,,,,,,,,,,,,,,,,,,,,,,,,,,,2.17,2.88,2.57,3.23,2.14,2.41,15.79,16.66,17.11,17.1,15.95,16.22,2.54,3.88,3.93,3.58,3.4,3.0,,,,,,,,,,,,,,,,,,,,,,,,,,,,,,,,,,,,
2005-09-01,2.192,2.978,2.9219999999999997,3.198,2.67,2.456,15.919999999999998,16.806,17.238,15.863999999999999,16.222,16.312,2.62,3.7659999999999996,4.012,3.908,3.46,3.028,,,,,,,,,,,,,,,,,,,,,,,,,,,,,,,,,,,,,2.3,2.92,2.92,3.15,2.27,2.51,16.31,16.45,17.31,16.3,16.26,16.4,2.8,3.83,3.98,3.98,3.54,3.21,,,,,,,,,,,,,,,,,,,,,,,,,,,,,,,,,,,,
2005-10-01,2.135,2.87,3.06,3.0425,2.6225,2.4075,15.605,16.630000000000003,17.2,15.6525,15.8025,16.105,2.6624999999999996,3.6825,4.1175,3.8375,3.615,3.0875,,,,,,,,,,,,,,,,,,,,,,,,,,,,,,,,,,,,,2.23,2.93,2.94,3.11,2.77,2.49,15.56,16.62,16.84,15.97,16.57,16.08,2.76,3.8,4.41,3.96,3.75,3.22,,,,,,,,,,,,,,,,,,,,,,,,,,,,,,,,,,,,
2005-11-01,2.2175000000000002,2.96,2.995,3.045,2.7675,2.4725,15.385,16.3525,16.7075,15.647499999999999,15.4825,15.855,2.7575,3.935,4.2825,4.0275,3.4125,3.2475,,,,,,,,,,,,,,,,,,,,,,,,,,,,,,,,,,,,,2.17,2.92,2.88,3.1,2.83,2.43,15.28,16.24,16.48,15.79,15.48,15.73,2.73,3.97,4.13,4.25,3.58,3.28,,,,,,,,,,,,,,,,,,,,,,,,,,,,,,,,,,,,
2005-12-01,2.2039999999999997,2.966,2.9539999999999997,3.19,2.864,2.478,15.187999999999999,16.278,16.613999999999997,16.003999999999998,15.586000000000002,15.697999999999999,2.8899999999999997,3.978,4.0200000000000005,4.08,3.8019999999999996,3.272,,,,,,,,,,,,,,,,,,,,,,,,,,,,,,,,,,,,,2.22,3.0,2.95,3.59,2.89,2.51,15.26,16.47,17.43,16.73,15.63,15.92,3.16,4.37,4.37,4.25,4.21,3.55,,,,,,,,,,,,,,,,,,,,,,,,,,,,,,,,,,,,
2006-01-01,2.1633333333333336,2.9566666666666666,3.0966666666666662,3.1999999999999997,2.813333333333333,2.4633333333333334,14.540000000000001,15.913333333333332,16.176666666666666,15.396666666666667,15.483333333333334,15.219999999999999,2.92,4.3,4.536666666666666,4.433333333333334,4.48,3.4299999999999997,,,,,,,,,,,,,,,,,,,,,,,,,,,,,,,,,,,,,2.13,2.81,3.15,3.0,2.83,2.38,14.38,15.7,15.81,15.03,15.39,14.99,2.51,4.4,4.48,4.39,4.91,3.12,,,,,,,,,,,,,,,,,,,,,,,,,,,,,,,,,,,,
2006-02-01,2.1925,2.95,3.1375,3.215,2.9575,2.455,14.3625,15.76,15.8275,15.2775,15.37,15.0175,3.13,4.525,4.6674999999999995,4.88,4.505,3.4925,,,,,,,,,,,,,,,,,,,,,,,,,,,,,,,,,,,,,2.27,3.02,3.17,3.32,3.0,2.54,14.32,15.7,15.76,14.92,15.1,15.0,3.23,4.71,4.52,4.93,4.62,3.56,,,,,,,,,,,,,,,,,,,,,,,,,,,,,,,,,,,,
2006-03-01,2.334,2.968,3.028,3.2879999999999994,2.87,2.5420000000000003,14.297999999999998,15.330000000000002,15.128,14.628,15.118,14.74,2.888,4.606,4.532,4.924,4.228,3.318,,,,,,,,,,,,,,,,,,,,,,,,,,,,,,,,,,,,,2.42,3.13,3.22,3.32,2.82,2.65,14.36,15.23,14.76,14.78,15.52,14.75,3.04,4.76,3.92,5.22,4.3,3.5,,,,,,,,,,,,,,,,,,,,,,,,,,,,,,,,,,,,
2006-04-01,2.35,3.165,3.1825,3.53,2.9975,2.6375,13.99,15.175,15.1675,14.1875,15.0925,14.54,3.46,4.875,5.075,5.140000000000001,4.5225,3.9225,,,,,,,,,,,,,,,,,,,,,,,,,,,,,,,,,,,,,2.35,3.0,3.3,3.46,2.95,2.57,13.86,14.87,14.97,13.87,15.11,14.34,3.6,4.78,5.08,4.93,4.41,3.93,,,,,,,,,,,,,,,,,,,,,,,,,,,,,,,,,,,,
2006-05-01,2.355,3.0774999999999997,3.185,3.27,2.995,2.605,13.84,14.925,14.58,13.9625,14.975,14.32,3.8325,4.91,5.105,5.045,4.265,4.1525,,,,,,,,,,,,,,,,,,,,,,,,,,,,,,,,,,,,,2.39,3.03,3.25,3.24,2.93,2.59,13.92,14.84,14.55,14.19,14.97,14.3,4.26,5.01,5.14,5.12,4.29,4.44,,,,,,,,,,,,,,,,,,,,,,,,,,,,,,,,,,,,
2006-06-01,2.502,3.196,3.2619999999999996,3.446,2.534,2.726,15.148000000000001,15.584,15.618,15.048000000000002,15.716,15.319999999999999,4.134,5.09,5.01,5.3420000000000005,4.7780000000000005,4.402,,,,,,,,,,,,,,,,,,,,,,,,,,,,,,,,,,,,,2.65,3.28,3.23,3.43,2.25,2.83,17.52,17.06,17.39,18.1,17.02,17.34,4.15,5.05,4.35,4.33,3.81,4.4,,,,,,,,,,,,,,,,,,,,,,,,,,,,,,,,,,,,
2006-07-01,2.4924999999999997,3.1275,3.055,3.42,2.63,2.7025,17.37,17.9625,17.8575,17.2275,16.637500000000003,17.6125,4.125,4.955,4.9675,5.105,4.745,4.37,,,,,,,,,,,,,,,,,,,,,,,,,,,,,,,,,,,,,2.55,3.11,3.1,3.39,3.11,2.75,17.46,18.58,18.9,17.09,17.59,17.89,4.09,4.89,4.96,5.08,4.56,4.33,,,,,,,,,,,,,,,,,,,,,,,,,,,,,,,,,,,,
2006-08-01,2.5549999999999997,3.11,3.165,3.5,3.165,2.7824999999999998,17.535,18.3525,18.8675,17.8425,17.225,17.9175,4.2075,5.0025,5.3225,4.8125,4.55,4.4775,,,,,,,,,,,,,,,,,,,,,,,,,,,,,,,,,,,,,2.61,3.11,3.06,3.54,3.19,2.8,17.38,18.42,18.65,17.36,16.66,17.84,4.14,4.95,5.34,5.03,4.65,4.4,,,,,,,,,,,,,,,,,,,,,,,,,,,,,,,,,,,,
2006-09-01,2.5620000000000003,3.128,3.176,3.5479999999999996,3.2560000000000002,2.776,17.512,18.7,18.808,18.188,17.046,18.042,4.216,4.9719999999999995,4.8759999999999994,4.766,4.7,4.454,,,,,,,,,,,,,,,,,,,,,,,,,,,,,,,,,,,,,2.54,3.21,3.16,3.54,3.33,2.78,17.58,19.1,19.07,20.03,17.31,18.27,4.16,4.89,4.72,4.0,4.79,4.42,,,,,,,,,,,,,,,,,,,,,,,,,,,,,,,,,,,,
2006-10-01,2.5774999999999997,3.04,3.205,3.52,3.33,2.735,17.6525,18.67,18.8125,17.822499999999998,16.59,18.11,4.36,5.0775,5.0675,5.5275,5.0200000000000005,4.6,,,,,,,,,,,,,,,,,,,,,,,,,,,,,,,,,,,,,2.55,2.97,3.02,3.42,3.14,2.68,17.55,18.26,18.18,16.86,16.12,17.88,4.17,5.22,5.26,5.25,4.58,4.51,,,,,,,,,,,,,,,,,,,,,,,,,,,,,,,,,,,,
2006-11-01,2.68,3.07,3.115,3.4775,3.1675,2.8049999999999997,17.93,19.04,19.564999999999998,17.4325,16.865,18.42,4.532500000000001,5.1125,5.0475,5.2775,5.0825,4.7,,,,,,,,,,,,,,,,,,,,,,,,,,,,,,,,,,,,,2.68,2.98,3.0,3.5,3.01,2.78,17.79,18.81,18.93,17.26,15.69,18.21,4.53,5.21,4.98,5.26,5.07,4.73,,,,,,,,,,,,,,,,,,,,,,,,,,,,,,,,,,,,
2006-12-01,2.758,3.118,3.146,3.5,3.254,2.8739999999999997,18.014,19.104,18.856,18.346,16.782,18.512,4.542,5.122,5.078,5.198,4.93,4.712,,,,,,,,,,,,,,,,,,,,,,,,,,,,,,,,,,,,,2.87,3.23,3.27,3.57,3.29,3.0,18.41,19.79,20.46,18.44,17.1,19.12,4.51,5.11,5.3,5.17,5.15,4.71,,,,,,,,,,,,,,,,,,,,,,,,,,,,,,,,,,,,
2007-01-01,2.8425000000000002,3.1075,3.2475,3.475,3.285,2.9275,17.905,19.0175,19.055,17.88,17.2075,18.4175,4.545,4.9675,4.89,5.0025,4.785,4.665,,,,,,,,,,,,,,,,,,,,,,,,,,,,,,,,,,,,,2.85,3.03,3.1,3.45,3.28,2.9,17.76,18.94,19.17,18.13,16.64,18.3,4.38,4.95,5.01,5.13,4.83,4.53,,,,,,,,,,,,,,,,,,,,,,,,,,,,,,,,,,,,
2007-02-01,2.855,3.09,3.2775,3.545,3.3675,2.935,17.9325,18.7975,18.802500000000002,17.7825,16.6675,18.32,4.4925,4.952500000000001,4.8825,4.7625,5.0874999999999995,4.609999999999999,,,,,,,,,,,,,,,,,,,,,,,,,,,,,,,,,,,,,2.81,3.08,3.22,3.41,3.33,2.91,17.92,18.69,19.0,18.72,16.9,18.29,4.52,4.91,4.77,5.47,5.01,4.63,,,,,,,,,,,,,,,,,,,,,,,,,,,,,,,,,,,,
2007-03-01,2.95,3.1,3.19,3.7359999999999998,3.2560000000000002,2.998,17.808,18.594,18.163999999999998,17.186,16.224,18.14,4.518,4.924,4.87,4.91,4.858,4.622,,,,,,,,,,,,,,,,,,,,,,,,,,,,,,,,,,,,,3.07,3.06,3.16,3.83,3.27,3.08,17.71,18.62,18.76,16.9,16.24,18.12,4.54,4.84,4.86,4.92,4.68,4.61,,,,,,,,,,,,,,,,,,,,,,,,,,,,,,,,,,,,
2007-04-01,2.925,3.0524999999999998,3.2175,3.5775,3.2225,2.9675000000000002,17.7675,18.485,18.7875,18.46,16.4625,18.105,4.51,4.8325,4.965,5.0475,4.7575,4.595,,,,,,,,,,,,,,,,,,,,,,,,,,,,,,,,,,,,,2.95,3.02,3.1,3.54,3.18,2.98,17.81,18.34,19.64,18.32,15.85,18.09,4.51,4.71,4.96,5.2,4.68,4.57,,,,,,,,,,,,,,,,,,,,,,,,,,,,,,,,,,,,
2007-05-01,2.935,3.0774999999999997,3.3025,3.6149999999999998,3.2975000000000003,2.99,17.78,18.5,18.21,17.39,16.23,18.0875,4.5575,4.8675,4.7425,4.635,4.675,4.6325,,,,,,,,,,,,,,,,,,,,,,,,,,,,,,,,,,,,,2.96,3.11,3.29,3.53,3.19,3.01,17.44,18.5,17.47,16.97,16.46,17.92,4.54,4.74,4.77,4.82,4.65,4.58,,,,,,,,,,,,,,,,,,,,,,,,,,,,,,,,,,,,
2007-06-01,2.9240000000000004,3.118,3.182,3.4259999999999997,3.2939999999999996,2.9859999999999998,17.588,18.422,18.32,17.601999999999997,17.178,17.992,4.57,4.818,4.774,4.824,4.6659999999999995,4.640000000000001,,,,,,,,,,,,,,,,,,,,,,,,,,,,,,,,,,,,,3.05,3.29,3.17,3.43,3.19,3.12,17.49,18.36,18.87,17.88,18.61,17.93,4.64,4.82,4.83,4.7,4.75,4.69,,,,,,,,,,,,,,,,,,,,,,,,,,,,,,,,,,,,
2007-07-01,3.04,3.1425,3.145,3.575,3.2025,3.075,17.52,18.44,18.52,18.21,17.560000000000002,17.9725,4.55,4.8175,4.855,4.6975,4.6425,4.62,,,,,,,,,,,,,,,,,,,,,,,,,,,,,,,,,,,,,3.2,3.12,3.13,3.49,3.23,3.19,17.49,18.35,19.05,18.22,17.23,17.95,4.51,4.8,4.87,4.88,4.63,4.58,,,,,,,,,,,,,,,,,,,,,,,,,,,,,,,,,,,,
2007-08-01,3.0780000000000003,3.3,3.308,3.66,3.2399999999999998,3.16,17.451999999999998,18.222,18.296,17.234,17.104,17.812,4.618,4.906000000000001,4.754,4.686,4.6240000000000006,4.704,,,,,,,,,,,,,,,,,,,,,,,,,,,,,,,,,,,,,3.18,3.35,3.17,3.65,3.25,3.23,17.5,18.17,17.71,17.18,17.38,17.8,4.65,4.76,4.77,4.67,4.65,4.67,,,,,,,,,,,,,,,,,,,,,,,,,,,,,,,,,,,,
2007-09-01,3.105,3.3899999999999997,3.4050000000000002,3.5549999999999997,3.2325,3.1950000000000003,17.335,18.2075,18.1525,17.759999999999998,17.064999999999998,17.752499999999998,4.505,4.91,4.885,4.6274999999999995,4.62,4.6175,,,,,,,,,,,,,,,,,,,,,,,,,,,,,,,,,,,,,3.14,3.46,3.47,3.52,3.22,3.24,17.18,18.1,18.44,17.63,17.51,17.64,4.42,4.89,5.07,4.52,4.64,4.58,,,,,,,,,,,,,,,,,,,,,,,,,,,,,,,,,,,,
2007-10-01,3.1025,3.4325,3.5175,3.805,3.29,3.2125000000000004,16.905,17.84,17.627499999999998,16.75,16.2525,17.3475,4.4,4.7525,4.79,4.69,4.6899999999999995,4.5024999999999995,,,,,,,,,,,,,,,,,,,,,,,,,,,,,,,,,,,,,3.18,3.38,3.42,3.7,3.38,3.24,16.63,17.56,17.16,16.66,15.45,17.07,4.39,4.78,4.77,4.37,4.74,4.52,,,,,,,,,,,,,,,,,,,,,,,,,,,,,,,,,,,,
2007-11-01,3.2039999999999997,3.492,3.492,3.6740000000000004,3.2560000000000002,3.2880000000000003,16.442,17.336,17.06,16.363999999999997,16.012,16.868000000000002,4.246,4.632,4.5520000000000005,4.25,4.714,4.356,,,,,,,,,,,,,,,,,,,,,,,,,,,,,,,,,,,,,3.27,3.52,3.49,3.68,3.19,3.33,16.43,17.4,16.95,15.95,15.62,16.91,4.23,4.86,4.37,4.19,4.61,4.42,,,,,,,,,,,,,,,,,,,,,,,,,,,,,,,,,,,,
2007-12-01,3.34,3.77,3.5375,3.9250000000000003,3.275,3.45,16.3475,17.435,17.6125,16.5175,16.0975,16.8575,4.275,4.875,4.655,4.6725,4.675,4.455,,,,,,,,,,,,,,,,,,,,,,,,,,,,,,,,,,,,,3.34,3.76,3.64,3.74,3.35,3.46,16.41,17.66,18.12,17.77,16.53,17.07,4.27,4.99,5.15,4.85,4.72,4.52,,,,,,,,,,,,,,,,,,,,,,,,,,,,,,,,,,,,
2008-01-01,3.2875,3.5925,3.62,3.85,3.3225,3.37,16.08,17.1175,16.9175,16.365000000000002,16.065,16.5625,4.0325,4.475,4.215,4.2375,4.6575,4.1450000000000005,,,,,,,,,,,,,,,,,,,,,,,,,,,,,,,,,,,,,3.35,3.55,4.08,3.99,3.23,3.42,15.82,16.85,16.34,16.4,15.77,16.27,3.68,4.11,4.2,3.9,4.59,3.78,,,,,,,,,,,,,,,,,,,,,,,,,,,,,,,,,,,,
2008-02-01,3.308,3.63,3.3899999999999997,3.682,3.2980000000000005,3.3899999999999997,15.744,16.816,16.601999999999997,16.102,15.378,16.234,3.178,3.7340000000000004,3.5460000000000003,3.464,4.544,3.322,,,,,,,,,,,,,,,,,,,,,,,,,,,,,,,,,,,,,3.33,3.66,3.5,3.6,3.18,3.41,15.48,16.88,16.8,15.71,15.34,16.07,3.14,3.77,3.49,3.41,4.54,3.3,,,,,,,,,,,,,,,,,,,,,,,,,,,,,,,,,,,,
2008-03-01,3.33,3.8449999999999998,3.575,3.98,3.4,3.4725,15.775,16.86,16.5325,16.4825,15.3825,16.27,2.955,3.6950000000000003,3.395,3.2475,4.505,3.1475,,,,,,,,,,,,,,,,,,,,,,,,,,,,,,,,,,,,,3.41,3.74,3.75,3.86,3.17,3.5,15.77,16.93,16.57,16.73,15.47,16.29,2.79,3.6,3.29,2.6,4.52,3.0,,,,,,,,,,,,,,,,,,,,,,,,,,,,,,,,,,,,
2008-04-01,3.51,3.9825,3.9225,3.8,3.2800000000000002,3.625,15.79,16.955,16.62,16.0975,15.7825,16.2975,2.885,3.6525,3.8125,3.495,4.4825,3.075,,,,,,,,,,,,,,,,,,,,,,,,,,,,,,,,,,,,,3.51,4.15,3.98,3.84,3.43,3.67,15.61,17.06,16.55,15.76,15.01,16.25,2.88,3.66,4.23,4.15,4.48,3.09,,,,,,,,,,,,,,,,,,,,,,,,,,,,,,,,,,,,
2008-05-01,3.522,4.228,3.7439999999999998,4.236,3.412,3.71,16.046,17.494,17.089999999999996,17.003999999999998,15.468,16.734,2.782,3.868,3.934,3.652,4.508,3.066,,,,,,,,,,,,,,,,,,,,,,,,,,,,,,,,,,,,,3.51,4.35,3.57,4.11,3.48,3.72,16.32,17.89,17.13,16.49,15.78,17.1,2.92,4.1,3.7,3.29,4.5,3.31,,,,,,,,,,,,,,,,,,,,,,,,,,,,,,,,,,,,
2008-06-01,3.6275,4.1575,3.725,4.505,3.5275,3.7575,16.752499999999998,18.197499999999998,17.5975,17.134999999999998,15.9525,17.4025,3.04,3.96,3.9400000000000004,3.895,4.5075,3.31,,,,,,,,,,,,,,,,,,,,,,,,,,,,,,,,,,,,,3.67,4.37,3.72,4.38,3.63,3.85,17.08,18.46,17.56,17.68,16.63,17.72,3.11,4.21,3.87,4.13,4.42,3.49,,,,,,,,,,,,,,,,,,,,,,,,,,,,,,,,,,,,
2008-07-01,3.7,4.505,4.425,4.645,3.7775,3.935,17.167499999999997,18.697499999999998,18.6025,19.67,17.05,17.8975,3.245,4.15,4.3575,3.6475,4.335,3.4775,,,,,,,,,,,,,,,,,,,,,,,,,,,,,,,,,,,,,3.67,4.73,4.63,5.07,3.76,4.04,17.22,18.46,17.93,19.81,17.23,17.83,3.21,4.1,4.49,3.57,4.11,3.42,,,,,,,,,,,,,,,,,,,,,,,,,,,,,,,,,,,,
2008-08-01,3.7939999999999996,4.566000000000001,3.938,4.444,3.7960000000000003,3.978,16.954,18.706,18.394,18.084,16.881999999999998,17.814,3.058,4.122,4.396,3.632,4.018,3.3579999999999997,,,,,,,,,,,,,,,,,,,,,,,,,,,,,,,,,,,,,3.94,4.78,3.81,4.42,3.82,4.14,17.01,18.81,18.05,17.51,16.85,17.93,3.09,4.28,4.3,4.56,4.05,3.47,,,,,,,,,,,,,,,,,,,,,,,,,,,,,,,,,,,,
2008-09-01,3.85,4.5875,4.0,4.75,3.7875,4.045,17.0775,18.8625,18.2425,17.46,16.7925,17.927500000000002,3.2825,4.275,4.2524999999999995,3.605,4.085,3.615,,,,,,,,,,,,,,,,,,,,,,,,,,,,,,,,,,,,,3.97,4.61,4.41,5.42,3.78,4.15,17.49,18.97,17.83,17.46,16.45,18.14,3.58,4.48,4.39,3.47,4.09,3.84,,,,,,,,,,,,,,,,,,,,,,,,,,,,,,,,,,,,
2008-10-01,4.076,4.854,4.502000000000001,4.674,3.812,4.258,17.536,19.0,17.631999999999998,17.666,16.35,18.156,3.908,5.024,4.484,4.692,4.188000000000001,4.202,,,,,,,,,,,,,,,,,,,,,,,,,,,,,,,,,,,,,4.25,5.09,4.54,5.61,4.18,4.44,17.81,19.19,18.03,17.64,15.87,18.35,4.09,5.9,5.23,5.39,4.45,4.5,,,,,,,,,,,,,,,,,,,,,,,,,,,,,,,,,,,,
2008-11-01,4.305,5.3325,4.945,4.5275,3.955,4.5975,17.97,20.805,19.85,19.4775,18.585,19.325,4.1675,5.922499999999999,4.895,4.5825,4.31,4.735,,,,,,,,,,,,,,,,,,,,,,,,,,,,,,,,,,,,,4.19,5.28,4.49,4.6,4.3,4.47,18.12,21.24,20.5,21.55,18.49,19.69,4.25,5.96,4.76,5.14,4.16,4.75,,,,,,,,,,,,,,,,,,,,,,,,,,,,,,,,,,,,
2008-12-01,3.99,5.0875,4.907500000000001,4.755,3.68,4.3025,17.63,20.0675,18.8775,19.2425,18.805,18.78,3.995,5.455,4.91,4.6225,4.035,4.3675,,,,,,,,,,,,,,,,,,,,,,,,,,,,,,,,,,,,,3.51,4.84,5.32,4.87,3.56,3.88,17.06,19.61,19.35,19.88,16.82,18.27,3.37,4.94,4.57,3.89,4.05,3.81,,,,,,,,,,,,,,,,,,,,,,,,,,,,,,,,,,,,
2009-01-01,2.836,4.154,3.978,4.215999999999999,3.5380000000000003,3.2079999999999997,14.963999999999999,16.428,15.925999999999998,16.666,15.596,15.674000000000001,2.71,4.04,3.8899999999999997,4.928,4.428,3.13,,,,,,,,,,,,,,,,,,,,,,,,,,,,,,,,,,,,,2.5,3.72,3.63,4.07,3.37,2.86,13.25,14.18,13.71,16.02,13.84,13.7,2.35,3.7,3.17,5.18,3.87,2.79,,,,,,,,,,,,,,,,,,,,,,,,,,,,,,,,,,,,
2009-02-01,2.54,3.51,3.485,3.94,3.6224999999999996,2.85,12.5875,13.5525,13.0225,12.945,13.5,13.03,2.405,3.6550000000000002,3.5700000000000003,3.7225,3.705,2.8275,,,,,,,,,,,,,,,,,,,,,,,,,,,,,,,,,,,,,2.54,3.49,3.63,3.98,3.76,2.89,11.71,12.79,12.26,12.18,12.5,12.2,2.5,3.59,3.59,3.79,4.39,2.86,,,,,,,,,,,,,,,,,,,,,,,,,,,,,,,,,,,,
2009-03-01,2.4875,3.7,3.38,3.855,3.7,2.8525,11.4825,12.67,12.057500000000001,12.885000000000002,12.75,12.0,2.4225,3.8499999999999996,3.7375,4.15,3.3425000000000002,2.9125,,,,,,,,,,,,,,,,,,,,,,,,,,,,,,,,,,,,,2.55,3.78,3.39,4.72,3.49,2.94,10.97,12.47,11.77,13.8,11.8,11.63,2.37,4.01,3.75,4.31,3.24,2.97,,,,,,,,,,,,,,,,,,,,,,,,,,,,,,,,,,,,
2009-04-01,2.4025,3.575,3.415,3.52,3.51,2.73,11.0625,12.445,11.8675,12.1775,12.0625,11.735,2.42,3.7425,3.915,3.9524999999999997,3.4050000000000002,2.83,,,,,,,,,,,,,,,,,,,,,,,,,,,,,,,,,,,,,2.34,3.52,3.39,3.32,3.37,2.65,10.75,12.12,11.42,11.95,12.11,11.36,2.34,3.64,3.73,4.0,2.95,2.71,,,,,,,,,,,,,,,,,,,,,,,,,,,,,,,,,,,,
2009-05-01,2.286,3.558,3.3,3.4579999999999997,3.5780000000000003,2.692,10.452000000000002,12.228,11.76,11.696000000000002,11.876000000000001,11.325999999999999,2.206,3.714,3.882,3.864,3.7,2.674,,,,,,,,,,,,,,,,,,,,,,,,,,,,,,,,,,,,,2.16,3.62,2.23,3.21,3.76,2.6,10.2,12.14,11.58,11.17,11.26,11.19,2.03,3.73,3.95,3.88,3.24,2.51,,,,,,,,,,,,,,,,,,,,,,,,,,,,,,,,,,,,
2009-06-01,2.27,3.4525,3.4675,3.2325,3.455,2.6225,10.43,12.34,11.8925,11.2075,11.77,11.3425,2.2625,3.7725,3.8125,3.695,3.1275,2.7325,,,,,,,,,,,,,,,,,,,,,,,,,,,,,,,,,,,,,2.17,3.47,3.46,3.3,3.39,2.54,10.53,12.38,12.29,11.31,11.51,11.42,2.37,3.74,4.12,3.42,3.21,2.84,,,,,,,,,,,,,,,,,,,,,,,,,,,,,,,,,,,,
2009-07-01,2.2,3.3560000000000003,2.71,3.2019999999999995,3.28,2.5420000000000003,10.138,11.879999999999999,11.290000000000001,10.922,11.356,11.028,2.2640000000000002,3.566,3.684,3.5100000000000002,3.5119999999999996,2.698,,,,,,,,,,,,,,,,,,,,,,,,,,,,,,,,,,,,,2.02,3.15,3.04,3.08,3.12,2.43,9.8,11.33,10.6,11.09,10.93,10.58,2.08,3.27,3.37,3.52,3.24,2.49,,,,,,,,,,,,,,,,,,,,,,,,,,,,,,,,,,,,
2009-08-01,1.805,2.5324999999999998,2.77,2.7824999999999998,2.9225,2.12,9.265,10.645,10.0475,10.0175,10.47,9.965,1.7175,2.8975,2.96,3.195,3.0125,2.1475,,,,,,,,,,,,,,,,,,,,,,,,,,,,,,,,,,,,,1.63,2.09,2.53,2.55,2.65,1.86,8.8,10.16,9.39,9.52,9.88,9.42,1.56,2.86,2.77,2.82,3.24,2.04,,,,,,,,,,,,,,,,,,,,,,,,,,,,,,,,,,,,
2009-09-01,1.4975,2.305,2.51,2.4825,2.61,1.7825,8.555,9.805,9.6625,9.295,10.2925,9.1675,1.47,2.48,2.645,2.745,2.85,1.7925,,,,,,,,,,,,,,,,,,,,,,,,,,,,,,,,,,,,,1.36,2.34,2.42,2.47,2.64,1.69,8.15,9.57,9.6,8.92,10.04,8.81,1.31,2.44,2.62,3.0,2.89,1.67,,,,,,,,,,,,,,,,,,,,,,,,,,,,,,,,,,,,
2009-10-01,1.4380000000000002,1.936,2.126,2.194,2.522,1.6219999999999999,7.836,9.074,8.908,8.924,10.034,8.458,1.384,2.346,2.656,2.992,3.7079999999999997,1.7419999999999998,,,,,,,,,,,,,,,,,,,,,,,,,,,,,,,,,,,,,1.29,2.11,2.15,2.17,2.4,1.56,7.44,8.65,8.37,7.92,9.51,8.01,1.28,2.27,2.56,2.43,6.95,1.68,,,,,,,,,,,,,,,,,,,,,,,,,,,,,,,,,,,,
2009-11-01,1.3975,1.9125,2.17,2.0625,2.58,1.6,7.4325,8.77,8.2475,8.0825,10.122499999999999,8.08,1.4175,2.29,2.21,3.17,2.7075,1.7125,,,,,,,,,,,,,,,,,,,,,,,,,,,,,,,,,,,,,1.35,1.54,2.18,2.03,2.85,1.46,7.35,8.84,7.72,8.12,9.7,7.98,1.3,2.34,2.07,1.91,2.53,1.61,,,,,,,,,,,,,,,,,,,,,,,,,,,,,,,,,,,,
2009-12-01,1.4849999999999999,2.2625,2.2475,2.1399999999999997,2.59,1.7625000000000002,7.52,9.2725,8.940000000000001,8.4825,10.370000000000001,8.385,1.51,2.61,2.38,2.525,2.7125000000000004,1.9475,,,,,,,,,,,,,,,,,,,,,,,,,,,,,,,,,,,,,1.39,1.89,2.16,2.26,2.52,1.6,7.72,9.76,8.81,8.41,10.05,8.68,1.46,2.83,2.31,2.28,2.66,1.96,,,,,,,,,,,,,,,,,,,,,,,,,,,,,,,,,,,,
2010-01-01,1.3940000000000001,1.6460000000000001,2.306,2.104,2.356,1.5219999999999998,7.467999999999999,8.99,8.958,8.442,9.968,8.176,1.468,2.4939999999999998,2.532,2.234,2.7,1.8379999999999999,,,,,,,,,,,,,,,,,,,,,,,,,,,,,,,,,,,,,1.35,1.45,2.15,2.07,2.33,1.41,7.39,8.66,8.87,8.95,9.33,7.98,1.43,2.35,2.65,2.34,2.72,1.8,,,,,,,,,,,,,,,,,,,,,,,,,,,,,,,,,,,,
2010-02-01,1.4375,1.9300000000000002,2.2525,2.235,2.4075,1.6075,7.2325,8.752500000000001,8.65,8.8625,9.9075,7.945,1.42,2.4,2.3525,2.665,2.7275,1.8,,,,,,,,,,,,,,,,,,,,,,,,,,,,,,,,,,,,,1.38,1.59,2.22,2.05,2.66,1.49,7.22,8.8,8.68,10.37,9.5,7.95,1.43,2.34,2.41,4.13,2.77,1.79,,,,,,,,,,,,,,,,,,,,,,,,,,,,,,,,,,,,
2010-03-01,1.5125,1.975,2.3725,2.2325,2.3775,1.705,7.555,8.9275,8.3325,8.6275,10.3325,8.17,1.6225,2.6075,2.4675000000000002,2.34,2.6725,1.975,,,,,,,,,,,,,,,,,,,,,,,,,,,,,,,,,,,,,1.62,2.67,2.48,1.98,2.53,1.97,7.46,9.01,8.48,8.79,10.74,8.18,1.71,2.66,2.94,2.71,2.65,2.11,,,,,,,,,,,,,,,,,,,,,,,,,,,,,,,,,,,,
2010-04-01,1.5859999999999999,2.404,2.3280000000000003,2.286,2.4259999999999997,1.8259999999999998,7.518000000000001,8.778,8.988,8.986,9.358,8.152,1.768,2.654,2.42,2.588,2.7359999999999998,2.0460000000000003,,,,,,,,,,,,,,,,,,,,,,,,,,,,,,,,,,,,,1.53,2.48,2.7,2.2,2.48,1.79,7.61,8.75,8.93,10.8,9.28,8.15,1.94,2.64,2.22,2.62,2.43,2.14,,,,,,,,,,,,,,,,,,,,,,,,,,,,,,,,,,,,
2010-05-01,1.5375,2.7525,2.795,2.5325,2.4775,1.9,7.6775,9.195,8.91,8.682500000000001,8.9275,8.415,1.8325,3.06,3.0775,2.4675000000000002,2.6675,2.31,,,,,,,,,,,,,,,,,,,,,,,,,,,,,,,,,,,,,1.47,3.16,3.14,3.2,2.41,1.98,7.6,9.4,8.55,8.42,8.73,8.49,1.82,3.41,3.21,2.4,2.64,2.44,,,,,,,,,,,,,,,,,,,,,,,,,,,,,,,,,,,,
2010-06-01,1.675,3.1574999999999998,3.06,2.355,2.5300000000000002,2.0475,7.88,9.469999999999999,9.575,9.27,8.9975,8.620000000000001,2.105,3.5275,3.895,2.7925,3.105,2.6775,,,,,,,,,,,,,,,,,,,,,,,,,,,,,,,,,,,,,1.71,3.06,2.84,2.26,2.58,2.0,7.81,9.53,9.81,11.28,9.26,8.61,2.14,3.32,4.23,2.97,2.87,2.58,,,,,,,,,,,,,,,,,,,,,,,,,,,,,,,,,,,,
2010-07-01,1.6480000000000001,2.998,2.766,2.41,2.646,2.048,7.6,9.214,8.796,8.98,8.914,8.379999999999999,1.902,3.2340000000000004,3.2560000000000002,3.016,2.726,2.38,,,,,,,,,,,,,,,,,,,,,,,,,,,,,,,,,,,,,1.48,2.77,2.46,2.56,2.57,1.86,7.38,8.96,7.68,8.85,8.83,8.09,1.75,2.82,2.88,2.93,2.78,2.1,,,,,,,,,,,,,,,,,,,,,,,,,,,,,,,,,,,,
2010-08-01,1.5025,2.6475,2.6350000000000002,2.4775,2.5525,1.8575,7.46,8.8725,8.9825,8.565000000000001,8.775,8.185,1.7725,2.8225,3.05,2.915,2.76,2.1550000000000002,,,,,,,,,,,,,,,,,,,,,,,,,,,,,,,,,,,,,1.48,2.64,2.72,2.53,2.54,1.83,7.37,8.95,8.91,8.48,8.58,8.13,1.79,2.75,3.15,2.86,2.68,2.14,,,,,,,,,,,,,,,,,,,,,,,,,,,,,,,,,,,,
2010-09-01,1.7175,2.5774999999999997,2.6675,2.455,2.51,2.005,7.495,8.88,8.955,8.6175,8.8325,8.129999999999999,1.6925000000000001,2.7525,2.81,3.1550000000000002,2.5925000000000002,2.0300000000000002,,,,,,,,,,,,,,,,,,,,,,,,,,,,,,,,,,,,,1.71,2.58,2.94,2.47,2.56,2.03,7.41,8.89,9.05,8.79,8.68,8.14,1.62,2.76,2.93,2.41,2.67,2.05,,,,,,,,,,,,,,,,,,,,,,,,,,,,,,,,,,,,
2010-10-01,1.528,2.45,2.5439999999999996,2.396,2.278,1.8559999999999999,7.286,8.64,8.98,8.62,8.29,7.981999999999999,1.6,2.57,2.702,2.56,2.4419999999999997,1.966,,,,,,,,,,,,,,,,,,,,,,,,,,,,,,,,,,,,,1.49,2.3,2.52,2.41,2.19,1.77,7.24,8.6,9.14,8.62,7.47,7.87,1.6,2.42,2.57,2.1,2.07,1.9,,,,,,,,,,,,,,,,,,,,,,,,,,,,,,,,,,,,
2010-11-01,1.59,2.4,2.3699999999999997,2.2466666666666666,2.183333333333333,1.8733333333333333,7.406666666666666,8.696666666666667,8.793333333333335,8.553333333333333,8.47,8.073333333333332,1.71,2.49,2.5833333333333335,2.4833333333333334,2.3699999999999997,2.013333333333333,,,,,,,,,,,,,,,,,,,,,,,,,,,,,,,,,,,,,1.62,2.39,2.43,2.31,2.14,1.9,7.54,8.78,8.63,8.5,8.36,8.21,1.8,2.59,2.66,2.43,2.25,2.16,,,,,,,,,,,,,,,,,,,,,,,,,,,,,,,,,,,,
2010-12-01,1.6600000000000001,2.716,2.644,2.436,2.242,2.0100000000000002,7.156000000000001,8.742,8.675999999999998,8.486,8.492,7.9319999999999995,1.746,2.9219999999999997,2.9520000000000004,2.474,2.7199999999999998,2.2359999999999998,,,,,,,,,,,,,,,,,,,,,,,,,,,,,,,,,,,,,1.74,2.77,2.57,3.32,2.24,2.12,6.91,8.61,8.94,8.7,8.98,7.92,1.87,2.96,3.06,2.69,3.21,2.38,,,,,,,,,,,,,,,,,,,,,,,,,,,,,,,,,,,,
2011-01-01,1.67,2.835,2.8825000000000003,2.655,2.335,2.0925000000000002,6.56,8.004999999999999,8.275,8.335,8.254999999999999,7.3025,1.7925,3.05,3.2925,2.455,2.645,2.325,,,,,,,,,,,,,,,,,,,,,,,,,,,,,,,,,,,,,1.68,2.93,3.08,2.28,2.36,2.12,6.55,7.95,8.37,8.06,8.43,7.24,1.9,3.18,3.09,2.8,1.97,2.44,,,,,,,,,,,,,,,,,,,,,,,,,,,,,,,,,,,,
2011-02-01,1.7775,2.9924999999999997,2.725,2.81,2.4625,2.2325,6.71,8.025,8.34,8.2875,8.06,7.41,1.905,3.325,3.2,2.5575,3.525,2.5975,,,,,,,,,,,,,,,,,,,,,,,,,,,,,,,,,,,,,1.98,2.98,2.42,3.03,2.42,2.29,6.82,8.07,8.28,8.32,8.17,7.4,2.11,3.46,3.18,2.69,5.1,2.77,,,,,,,,,,,,,,,,,,,,,,,,,,,,,,,,,,,,
2011-03-01,1.77,3.1925,2.4725,2.815,2.575,2.31,6.9175,8.1775,8.65,8.86,8.065,7.6025,1.9699999999999998,3.505,3.4575,2.9875,3.0575,2.64,,,,,,,,,,,,,,,,,,,,,,,,,,,,,,,,,,,,,1.73,3.22,3.44,3.26,2.58,2.33,6.89,8.26,8.84,8.5,8.78,7.62,1.79,3.53,3.92,3.13,3.39,2.39,,,,,,,,,,,,,,,,,,,,,,,,,,,,,,,,,,,,
2011-04-01,1.666,3.162,3.0380000000000003,3.134,2.7960000000000003,2.272,6.942,8.42,9.306000000000001,9.334,8.940000000000001,7.843999999999999,1.97,3.524,3.54,3.654,2.784,2.696,,,,,,,,,,,,,,,,,,,,,,,,,,,,,,,,,,,,,1.71,3.22,2.77,3.03,3.01,2.32,6.89,8.65,9.41,9.85,9.31,7.91,1.96,3.54,3.89,4.16,3.78,2.7,,,,,,,,,,,,,,,,,,,,,,,,,,,,,,,,,,,,
2011-05-01,1.875,3.46,3.275,3.2725,3.115,2.4925,6.8475,8.9225,9.695,9.6675,8.8575,8.092500000000001,2.04,3.865,4.077500000000001,3.9800000000000004,3.1399999999999997,2.9175,,,,,,,,,,,,,,,,,,,,,,,,,,,,,,,,,,,,,1.95,3.38,3.36,3.11,3.44,2.5,6.83,9.02,9.58,9.54,8.84,8.1,2.02,3.94,3.76,3.34,3.38,2.85,,,,,,,,,,,,,,,,,,,,,,,,,,,,,,,,,,,,
2011-06-01,2.0425,3.6574999999999998,3.395,3.145,3.1174999999999997,2.6799999999999997,6.865,9.2875,9.975,10.025,8.9525,8.335,2.15,4.0825,4.275,3.1550000000000002,3.305,3.1325,,,,,,,,,,,,,,,,,,,,,,,,,,,,,,,,,,,,,1.82,3.77,3.2,3.32,3.15,2.57,7.0,9.41,10.22,10.46,8.97,8.49,2.02,4.16,4.55,3.63,2.83,3.15,,,,,,,,,,,,,,,,,,,,,,,,,,,,,,,,,,,,
2011-07-01,2.058,3.772,3.168,3.446,3.2399999999999998,2.748,7.08,9.66,10.576,10.546,9.209999999999999,8.686,2.196,4.182,4.276000000000001,3.4019999999999997,3.382,3.2159999999999997,,,,,,,,,,,,,,,,,,,,,,,,,,,,,,,,,,,,,2.12,3.63,3.34,3.16,3.31,2.8,7.13,9.57,10.42,10.55,9.38,8.62,2.25,4.07,3.91,2.97,3.9,3.16,,,,,,,,,,,,,,,,,,,,,,,,,,,,,,,,,,,,
2011-08-01,2.1325,3.69,2.67,3.2875,3.24,2.8375,7.01,9.405000000000001,9.925,9.8725,9.32,8.49,2.1925,4.0825000000000005,4.0275,3.2075,3.47,3.1950000000000003,,,,,,,,,,,,,,,,,,,,,,,,,,,,,,,,,,,,,2.23,3.43,2.01,3.63,3.27,2.69,7.07,9.16,9.65,9.46,9.29,8.37,2.23,3.98,3.85,3.2,3.14,3.16,,,,,,,,,,,,,,,,,,,,,,,,,,,,,,,,,,,,
2011-09-01,2.068,3.464,3.278,3.162,3.242,2.6599999999999997,6.918000000000001,8.943999999999999,9.303999999999998,9.09,9.081999999999999,8.166,2.184,3.87,3.624,3.342,3.1559999999999997,3.088,,,,,,,,,,,,,,,,,,,,,,,,,,,,,,,,,,,,,1.81,3.65,3.37,3.32,3.33,2.55,6.87,9.02,9.52,9.28,9.03,8.25,2.16,3.99,3.62,3.47,3.3,3.2,,,,,,,,,,,,,,,,,,,,,,,,,,,,,,,,,,,,
2011-10-01,2.0925,3.6175,3.3475,3.3600000000000003,3.1225,2.7975,6.9575,8.92,9.307500000000001,9.1,9.1175,8.165,2.435,3.895,3.9225,3.4924999999999997,4.63,3.205,,,,,,,,,,,,,,,,,,,,,,,,,,,,,,,,,,,,,2.19,3.56,3.32,3.33,3.13,2.84,7.15,9.07,9.39,9.24,9.13,8.34,2.46,3.66,3.86,2.97,8.33,3.1,,,,,,,,,,,,,,,,,,,,,,,,,,,,,,,,,,,,
2011-11-01,2.17,3.6875,3.4625,3.2725,3.2225,2.7975,7.4825,9.4825,9.64,9.8775,8.969999999999999,8.695,2.3875,4.0525,4.2575,3.725,3.0975,3.2475,,,,,,,,,,,,,,,,,,,,,,,,,,,,,,,,,,,,,2.21,3.74,3.65,3.44,3.11,2.83,7.84,9.7,9.93,10.16,8.43,8.95,2.57,4.12,4.92,3.47,2.94,3.4,,,,,,,,,,,,,,,,,,,,,,,,,,,,,,,,,,,,
2011-12-01,2.33,4.132,3.9,3.8,3.342,3.12,8.462,10.478,11.384,10.809999999999999,10.064,9.708,2.6439999999999997,4.506,4.856,3.8920000000000003,3.622,3.598,,,,,,,,,,,,,,,,,,,,,,,,,,,,,,,,,,,,,2.35,4.43,4.36,4.54,3.51,3.39,9.08,11.42,11.98,11.2,11.34,10.6,2.65,4.84,5.38,4.65,3.45,3.94,,,,,,,,,,,,,,,,,,,,,,,,,,,,,,,,,,,,
2012-01-01,2.3475,4.14,3.9325,3.9325,3.425,3.11,9.02,10.6875,11.29,10.2275,9.91,10.0325,2.9225,4.53,4.0425,3.595,3.7,3.6799999999999997,,,,,,,,,,,,,,,,,,,,,,,,,,,,,,,,,,,,,2.29,4.02,3.74,3.95,3.34,2.97,9.0,10.71,10.99,10.7,10.28,10.05,2.78,4.48,2.5,3.98,3.53,3.58,,,,,,,,,,,,,,,,,,,,,,,,,,,,,,,,,,,,
2012-02-01,2.425,3.985,3.745,3.7875,4.205,3.1475,8.8775,10.735,11.1375,10.4875,10.69,9.9975,2.725,4.285,4.32,3.765,3.9425,3.5275,,,,,,,,,,,,,,,,,,,,,,,,,,,,,,,,,,,,,2.46,3.78,3.36,3.67,4.79,3.11,8.76,10.6,10.66,10.83,9.68,9.85,2.77,4.16,3.97,4.65,3.9,3.53,,,,,,,,,,,,,,,,,,,,,,,,,,,,,,,,,,,,
2012-03-01,2.034,3.5700000000000003,3.3840000000000003,3.526,3.7439999999999998,2.726,8.662,10.42,10.744,10.478,9.709999999999999,9.716,2.636,3.8880000000000003,3.8260000000000005,3.6340000000000003,3.724,3.2840000000000003,,,,,,,,,,,,,,,,,,,,,,,,,,,,,,,,,,,,,1.7,3.49,3.44,3.3,3.35,2.45,8.86,10.38,11.09,10.5,9.08,9.81,2.48,3.84,3.45,3.14,3.54,3.24,,,,,,,,,,,,,,,,,,,,,,,,,,,,,,,,,,,,
2012-04-01,2.0225,3.4175,3.5825,3.435,3.82,2.6925,8.745000000000001,10.379999999999999,10.665,10.105,9.39,9.7325,2.5475,3.77,3.4625,3.2575,3.75,3.165,,,,,,,,,,,,,,,,,,,,,,,,,,,,,,,,,,,,,2.01,3.54,3.73,3.33,3.28,2.77,8.94,10.42,10.73,10.21,9.09,9.85,2.48,3.75,2.66,2.45,4.13,3.07,,,,,,,,,,,,,,,,,,,,,,,,,,,,,,,,,,,,
2012-05-01,2.145,3.1075,3.5175,3.4775,3.875,2.645,9.129999999999999,10.5525,10.6775,10.355,9.75,9.9825,2.425,3.7675,3.615,3.335,3.665,3.1425,,,,,,,,,,,,,,,,,,,,,,,,,,,,,,,,,,,,,2.0,3.53,3.31,3.58,3.41,2.68,9.36,10.62,10.56,9.88,10.35,10.08,2.44,3.77,3.63,3.75,2.89,3.08,,,,,,,,,,,,,,,,,,,,,,,,,,,,,,,,,,,,
2012-06-01,2.044,3.564,3.402,3.3939999999999997,3.752,2.778,9.266,10.878,11.208,10.190000000000001,9.548,10.272,2.46,3.818,3.778,3.286,3.4859999999999998,3.18,,,,,,,,,,,,,,,,,,,,,,,,,,,,,,,,,,,,,1.67,3.7,3.34,3.48,3.41,2.64,8.97,11.13,11.48,10.98,9.5,10.35,2.41,3.81,3.17,3.32,3.51,3.17,,,,,,,,,,,,,,,,,,,,,,,,,,,,,,,,,,,,
2012-07-01,2.1574999999999998,3.33,2.755,3.4475,3.67,2.7424999999999997,8.8825,10.425,10.09,9.745,9.4175,9.8075,2.4050000000000002,3.6075,3.165,3.3825,3.705,3.03,2.04,3.145,3.1525,3.2375,3.4325,2.88,9.3525,10.365,10.26,9.55,9.37,10.1325,2.2725,3.5225,3.3925,3.32,3.67,3.185,2.1975,3.5975,2.695,4.03,4.415,2.6325000000000003,8.8475,10.8875,10.775,11.165,8.395,9.48,2.5075000000000003,3.75,3.3375,3.4775,3.4899999999999998,2.9675000000000002,2.03,3.2,3.45,3.26,3.48,2.65,8.6,10.29,9.92,9.85,9.24,9.57,2.39,3.54,2.29,3.51,3.54,2.94,1.96,3.1,3.13,3.19,3.47,2.86,9.23,10.24,10.05,9.41,9.26,10.0,2.24,3.44,3.39,3.32,3.54,3.11,2.05,3.35,4.27,3.41,3.86,2.48,8.52,10.67,10.68,11.33,8.1,9.21,2.49,3.68,2.23,3.59,3.51,2.91
2012-08-01,2.02,3.08,3.08,3.404,3.442,2.572,8.216,9.82,9.442,9.544,9.06,9.206,2.324,3.354,3.2700000000000005,3.194,3.274,2.844,2.038,2.932,2.974,3.348,3.312,2.7600000000000002,8.976,9.822,9.6,9.448,9.03,9.614,2.1879999999999997,3.276,3.19,3.17,3.304,2.946,2.02,3.3579999999999997,3.476,2.194,3.7339999999999995,2.3939999999999997,7.886,9.992,9.522,9.66,8.784,8.612,2.434,3.4799999999999995,3.354,3.08,3.034,2.808,2.0,3.08,2.99,3.44,3.29,2.51,7.92,9.57,9.45,9.19,9.09,8.92,2.17,3.36,3.32,3.09,3.26,2.77,2.21,2.91,2.92,3.07,3.29,2.72,8.6,9.62,9.39,9.17,9.06,9.33,2.25,3.26,3.24,3.09,3.24,2.92,1.93,3.32,3.49,3.67,3.57,2.32,7.6,9.73,9.59,9.38,9.22,8.36,2.26,3.47,3.43,3.2,3.39,2.74
2012-09-01,1.805,2.9575,2.925,2.995,3.4275,2.425,7.515000000000001,9.175,9.14,9.0875,8.6675,8.5175,2.095,3.21,3.3125,3.93,3.125,2.705,1.92,2.8225,2.9625,3.02,3.18,2.6475,8.285,9.19,9.2325,8.795,8.665,8.9575,2.07,3.1275,3.325,3.1174999999999997,3.0425,2.83,1.7650000000000001,3.225,2.8125,2.7525,3.5975,2.2075,7.22,9.285,9.375,9.435,7.3725000000000005,7.975,2.1425,3.3325,3.3375,4.4325,2.9625,2.62,1.71,2.94,2.93,2.94,3.16,2.36,7.5,8.96,8.75,8.81,8.52,8.46,1.93,3.19,3.26,3.82,3.24,2.68,1.96,2.8,2.98,2.94,3.16,2.62,8.07,8.95,9.12,8.73,8.53,8.75,1.97,3.1,3.29,2.96,3.18,2.84,1.61,3.19,2.78,3.17,2.73,2.1,7.25,9.07,9.26,9.07,7.41,8.04,1.95,3.36,3.24,4.19,3.35,2.55
2012-10-01,1.78,2.8475,2.795,2.8825,3.415,2.3325,7.155,8.629999999999999,8.4925,8.36,8.53,7.9925,2.0475,3.07,3.025,2.9175,2.985,2.56,1.8775,2.7075,2.75,2.9125,3.0125,2.5075000000000003,7.7975,8.6475,8.5375,8.4075,8.5575,8.4,1.9675,3.005,2.935,3.0125,2.98,2.67,1.745,3.1,2.8425000000000002,2.8125,3.845,2.1675,6.855,8.747499999999999,8.3225,8.545,7.2124999999999995,7.4075,2.125,3.17,3.3425000000000002,2.91,3.13,2.4875,1.71,2.83,2.66,2.84,2.99,2.22,6.98,8.49,8.1,8.14,8.49,7.71,2.03,3.03,3.09,3.11,2.86,2.5,1.98,2.7,2.67,2.84,2.99,2.5,7.73,8.52,8.37,8.22,8.56,8.24,1.87,2.97,2.95,3.11,2.86,2.59,1.63,3.14,2.5,2.82,2.83,1.96,6.63,8.62,7.26,8.85,8.03,7.04,2.13,3.08,3.64,3.47,2.55,2.46
2012-11-01,1.6600000000000001,2.774,2.73,2.84,3.306,2.21,6.766,8.308,8.282,8.504000000000001,8.528,7.644,1.986,2.978,2.9200000000000004,3.04,3.16,2.4979999999999998,1.8820000000000001,2.636,2.632,2.846,2.886,2.44,7.566,8.394,8.552,8.588,8.57,8.162,1.968,2.916,2.864,2.9899999999999998,2.88,2.616,1.6,3.056,3.094,2.73,3.4939999999999998,2.018,6.506,8.352,7.95,8.437999999999999,7.574000000000001,7.090000000000001,2.024,3.072,3.1,3.032,3.386,2.42,1.57,2.77,2.63,2.76,2.89,2.08,6.66,8.1,8.33,8.43,8.67,7.33,1.87,2.88,2.85,2.53,4.29,2.28,1.83,2.62,2.57,2.77,2.89,2.36,7.48,8.24,8.33,8.7,8.84,7.95,1.96,2.82,2.79,2.7,2.83,2.42,1.5,2.97,2.87,1.85,2.59,1.88,6.27,8.25,8.46,8.13,5.86,6.78,1.86,2.94,3.11,2.47,5.6,2.19
2012-12-01,1.5275,2.685,2.7,2.9450000000000003,3.4225,2.135,6.655,8.0925,8.405,8.215,8.14,7.505000000000001,1.77,2.915,3.1174999999999997,2.735,2.9325,2.3674999999999997,1.88,2.5425,2.6574999999999998,2.8075,2.8075,2.395,7.4,8.1475,8.405000000000001,8.555,8.4725,7.955,1.865,2.835,3.0,2.8075,2.9074999999999998,2.565,1.4224999999999999,3.02,2.88,3.16,3.4524999999999997,1.8975,6.4225,8.190000000000001,8.442499999999999,8.095,7.23,7.0225,1.7625000000000002,3.0475,3.36,2.4725,2.9175,2.225,1.55,2.79,2.88,2.97,2.82,2.23,6.65,8.17,8.53,7.73,8.28,7.57,1.66,3.03,3.4,3.11,2.8,2.38,1.82,2.6,2.76,2.95,2.82,2.45,7.32,8.21,8.61,8.82,8.49,8.01,1.89,2.92,3.29,2.97,3.07,2.65,1.48,3.13,3.3,3.18,2.24,2.05,6.44,8.3,8.44,7.73,7.52,7.07,1.61,3.18,4.09,3.18,1.78,2.21
2013-01-01,1.6075,2.55,2.6975,2.9725,3.4325,2.1075,6.375,7.79,8.0375,8.04,8.13,7.17,1.74,2.7375,2.9575,2.8825000000000003,2.9775,2.225,1.8375,2.4425,2.5775,2.65,2.7275,2.295,7.032500000000001,7.8925,8.092500000000001,8.217500000000001,8.147499999999999,7.655,1.865,2.6575,2.9825,2.875,3.0475,2.415,1.5425,2.765,2.77,3.37,3.36,1.95,6.1850000000000005,7.8725,8.0375,8.032499999999999,8.1,6.6775,1.7325,2.8825,2.9675,2.8725,2.97,2.0975,1.53,2.49,2.75,2.76,2.88,2.04,6.24,7.7,8.14,7.78,7.97,7.06,1.63,2.74,3.11,2.85,2.62,2.17,1.74,2.42,2.67,2.53,2.7,2.27,6.87,7.78,8.2,8.21,7.96,7.54,1.82,2.68,3.23,2.88,2.63,2.41,1.48,2.69,2.94,2.92,3.03,1.84,6.04,7.73,7.99,8.17,8.12,6.53,1.61,2.84,2.92,2.79,1.96,2.01
2013-02-01,1.535,2.4299999999999997,2.43,3.0225,3.115,1.9874999999999998,6.075,7.4475,7.6075,7.625,7.7675,6.8675,1.635,2.6075,2.8375,2.8525,2.645,2.105,1.7425,2.3425000000000002,2.4425,2.4725,2.5975,2.1799999999999997,6.6425,7.5425,7.7325,7.9175,7.875,7.2925,1.7425,2.58,2.9075,2.76,2.6100000000000003,2.315,1.4749999999999999,2.6,2.4575,3.675,3.38,1.82,5.885,7.415,7.5925,7.45,7.6325,6.37,1.615,2.6525,2.785,2.99,2.3975,1.9425,1.52,2.3,2.24,2.44,2.5,1.88,5.91,7.27,7.38,7.45,7.63,6.7,1.53,2.51,2.72,2.67,2.58,2.01,1.67,2.25,2.27,2.42,2.51,2.09,6.48,7.4,7.54,7.74,7.62,7.14,1.64,2.48,2.69,2.64,2.49,2.21,1.48,2.41,2.19,3.41,2.05,1.71,5.68,7.18,7.3,6.95,7.86,6.18,1.5,2.56,2.89,2.98,3.0,1.83
2013-03-01,1.418,2.318,2.3619999999999997,2.748,3.0100000000000002,1.902,5.796,7.118,7.362,7.459999999999999,7.586,6.548,1.434,2.464,2.43,2.57,2.448,1.936,1.6300000000000001,2.2,2.2619999999999996,2.3560000000000003,2.556,2.054,6.3100000000000005,7.192,7.4159999999999995,7.587999999999999,7.632000000000001,6.934,1.658,2.394,2.496,2.564,2.436,2.184,1.348,2.488,2.4699999999999998,3.174,3.2119999999999997,1.77,5.596,7.164,7.38,7.409999999999999,7.194,6.112,1.3880000000000001,2.584,2.332,2.728,2.428,1.77,1.28,2.32,2.4,2.36,2.42,1.84,5.67,7.15,7.44,7.6,7.58,6.59,1.42,2.49,2.58,2.72,2.47,2.0,1.59,2.2,2.38,2.47,2.42,2.07,6.29,7.17,7.46,7.59,7.61,6.95,1.64,2.43,2.57,2.67,2.45,2.24,1.19,2.52,2.38,2.1,2.53,1.61,5.31,7.24,7.51,7.46,7.42,6.03,1.37,2.6,2.64,2.86,2.48,1.84
2013-04-01,1.4475,2.275,2.2800000000000002,2.3875,2.96,1.8775,5.6875,6.9675,7.2225,7.327500000000001,7.3549999999999995,6.4075,1.4024999999999999,2.44,2.48,2.4699999999999998,2.5599999999999996,1.9175,1.6025,2.165,2.21,2.2975,2.42,2.0149999999999997,6.1775,7.03,7.265000000000001,7.445,7.4225,6.7775,1.615,2.37,2.4625,2.5524999999999998,2.4575,2.1375,1.4075,2.4475,2.45,2.5825,3.4325,1.77,5.4350000000000005,7.0575,7.2575,7.1475,7.385,5.9375,1.335,2.5575,2.515,2.1275,2.8274999999999997,1.7475,1.29,2.23,2.12,2.32,2.39,1.74,5.6,6.8,7.04,7.25,7.17,6.26,1.36,2.38,2.45,2.3,2.46,1.87,1.61,2.12,2.18,2.31,2.39,1.98,6.13,6.86,7.08,7.28,7.16,6.65,1.59,2.33,2.44,2.43,2.34,2.1,1.19,2.43,2.04,2.43,2.09,1.54,5.35,6.8,7.09,7.32,7.46,5.73,1.29,2.47,2.57,1.88,2.75,1.69
2013-05-01,1.318,2.1740000000000004,2.2199999999999998,2.332,2.372,1.75,5.264,6.518000000000001,6.758,6.851999999999999,6.936,5.946,1.302,2.366,2.468,2.564,2.436,1.8060000000000003,1.556,2.0759999999999996,2.146,2.308,2.348,1.9579999999999997,5.868,6.58,6.81,6.978,7.008,6.36,1.562,2.286,2.432,2.534,2.3259999999999996,2.088,1.262,2.374,2.278,2.322,2.1079999999999997,1.568,4.99,6.5680000000000005,6.718000000000001,6.742,6.609999999999999,5.484,1.312,2.498,2.4880000000000004,2.456,2.686,1.6940000000000002,1.25,2.15,2.29,2.35,2.39,1.75,4.97,6.15,6.53,6.34,6.94,5.59,1.08,2.32,2.39,2.67,2.77,1.6,1.51,1.99,2.09,2.21,2.27,1.91,5.57,6.25,6.52,6.61,7.02,6.03,1.56,2.22,2.34,2.44,2.53,2.07,1.2,2.42,2.36,2.42,2.64,1.61,4.68,6.28,6.58,6.17,6.3,5.07,1.35,2.52,2.43,3.36,2.91,1.72
2013-06-01,1.3675,2.34,2.4925,2.2925,2.3125,1.8725,5.385,6.8,7.205,7.3225,7.295,6.1375,1.3375,2.5575,2.7025,2.4450000000000003,2.495,1.955,1.5525,2.1525,2.1799999999999997,2.38,2.3125,2.0,5.755,6.69,6.970000000000001,7.21,7.125,6.385,1.6175,2.4475,2.4825,2.5949999999999998,2.265,2.2175,1.33,2.64,2.63,2.1825,1.72,1.7825,5.23,7.3025,7.49,7.5649999999999995,7.43,5.835,1.3375,2.7775,2.8674999999999997,2.2424999999999997,2.66,1.8775,1.39,2.56,2.77,2.56,2.37,2.03,5.64,7.52,8.11,8.04,7.5,6.72,1.3,2.93,3.22,2.62,2.36,2.16,1.77,2.3,2.28,2.58,2.37,2.16,6.0,7.25,7.7,8.01,6.85,6.87,1.58,2.68,2.85,2.93,2.29,2.41,1.27,2.99,3.0,2.55,1.87,1.93,5.54,8.32,8.18,8.7,8.14,6.53,1.41,3.27,3.38,2.32,2.57,2.21
2013-07-01,1.4925,2.6425,2.89,2.6374999999999997,2.535,2.1375,6.0425,7.7375,7.705,8.6325,6.955,6.945,1.6525,2.915,3.1224999999999996,2.7275,2.6775,2.3049999999999997,1.6624999999999999,2.3825,2.295,2.4525,2.4875,2.2275,6.5275,7.545,7.36,7.495,6.8774999999999995,7.2175,1.78,2.7225,2.5625,2.64,2.5225,2.4575,1.4575,3.0575,3.2375,2.8449999999999998,2.6125,2.0425,5.8925,8.635,8.6025,8.969999999999999,7.66,6.665,1.65,3.1875,3.415,2.8125,2.7225,2.2375,1.47,2.78,2.99,2.61,2.54,2.21,6.2,8.02,8.14,9.26,7.07,7.15,1.62,3.05,3.07,3.22,2.66,2.37,1.73,2.52,2.36,2.47,2.54,2.34,6.83,7.85,7.63,7.89,7.06,7.52,1.77,2.81,2.58,2.72,2.68,2.51,1.41,3.17,3.39,2.17,2.79,2.1,5.97,8.91,9.35,9.48,7.58,6.69,1.62,3.31,3.37,3.11,1.92,2.32
2013-08-01,1.6320000000000001,2.812,2.568,3.0100000000000002,2.768,2.302,6.62,8.352,8.574,9.098,7.544,7.562,1.754,2.978,2.918,2.942,2.8600000000000003,2.386,1.7600000000000002,2.5940000000000003,2.4560000000000004,2.622,2.768,2.44,7.208,8.192,8.038,7.9719999999999995,7.464,7.874,1.982,2.874,2.768,2.7960000000000003,2.8080000000000003,2.63,1.6060000000000003,3.16,2.562,3.414,2.714,2.162,6.382,9.123999999999999,9.296000000000001,9.431999999999999,8.476,7.223999999999999,1.7100000000000002,3.1919999999999997,3.2340000000000004,3.2600000000000002,2.934,2.2619999999999996,1.63,2.9,2.67,3.0,2.82,2.33,6.84,8.66,8.68,9.24,7.77,7.77,1.78,3.06,2.91,2.93,2.84,2.48,1.73,2.7,2.46,2.72,2.82,2.51,7.39,8.5,8.13,8.02,7.7,8.12,1.83,2.98,2.87,2.93,2.83,2.72,1.62,3.26,3.08,3.48,2.55,2.19,6.7,9.4,9.58,10.06,9.3,7.43,1.81,3.26,3.11,2.93,2.9,2.36
2013-09-01,1.6800000000000002,2.9225,2.73,2.7925,2.8674999999999997,2.3475,6.97,8.77,9.385,9.2325,7.9075,7.987500000000001,1.68,3.1525,3.0949999999999998,3.0949999999999998,2.8475,2.48,1.7874999999999999,2.615,2.6025,2.725,2.8674999999999997,2.4675000000000002,7.5575,8.67,8.74,8.825,7.74,8.3425,1.855,2.9924999999999997,2.8725,2.915,2.83,2.7225,1.6575,3.37,2.8075,2.8,2.9325,2.2199999999999998,6.8975,9.515,10.0625,9.83,9.335,7.7575,1.67,3.3925,3.435,3.3625,2.8525,2.3475,1.61,2.96,2.78,2.73,2.93,2.34,7.09,8.87,9.66,9.16,8.02,8.14,1.6,3.15,3.09,3.11,2.83,2.38,1.69,2.72,2.74,2.75,2.93,2.53,7.66,8.82,9.11,8.64,7.94,8.49,1.84,3.03,2.81,2.93,2.84,2.75,1.6,3.38,2.9,2.55,3.16,2.14,6.93,9.55,10.05,9.75,9.57,7.81,1.57,3.33,3.49,3.29,2.05,2.17
2013-10-01,1.72,2.745,2.4450000000000003,2.61,2.695,2.2725,6.905,8.475000000000001,8.5325,8.82,7.79,7.7775,1.73,2.8825,2.8875,2.9725,2.78,2.325,1.7075,2.5425,2.4125,2.62,2.69,2.3525,7.6,8.4575,8.43,8.5125,7.659999999999999,8.1975,1.9,2.7875,2.6825,2.79,2.735,2.5375,1.7425000000000002,3.05,2.5949999999999998,2.5025,2.8325,2.205,6.7625,8.9025,9.2925,9.0375,8.6525,7.415,1.6975,3.1225,2.9875,3.2825,2.785,2.1775,1.61,2.69,2.47,2.63,2.78,2.26,6.82,8.46,8.57,8.91,7.58,7.84,1.83,2.89,2.86,3.16,2.86,2.46,1.69,2.5,2.44,2.67,2.76,2.36,7.55,8.48,8.28,8.57,7.47,8.24,1.86,2.81,2.72,2.96,2.79,2.59,1.62,2.92,2.83,2.38,3.38,2.2,6.6,8.82,9.15,8.97,8.7,7.47,1.85,3.01,3.04,3.22,3.51,2.39
2013-11-01,1.572,2.522,2.596,2.632,2.552,2.104,6.692,8.338,8.440000000000001,8.870000000000001,7.958,7.578,1.6179999999999999,2.66,2.7079999999999997,2.664,2.566,2.156,1.674,2.416,2.354,2.532,2.552,2.2640000000000002,7.4799999999999995,8.304,8.286,8.158,7.790000000000001,8.042,1.714,2.602,2.652,2.624,2.56,2.368,1.576,2.698,2.776,2.7800000000000002,2.2800000000000002,1.9899999999999998,6.456,8.678,8.904,9.052,7.636,7.112,1.612,2.766,2.788,2.746,2.206,2.02,1.5,2.51,2.65,2.91,2.54,2.16,6.84,8.36,8.47,9.04,8.13,7.69,1.58,2.58,2.5,2.65,2.7,2.12,1.73,2.37,2.39,2.44,2.54,2.26,7.58,8.3,8.23,8.0,7.79,8.09,1.83,2.54,2.64,2.6,2.7,2.36,1.47,2.76,2.88,3.0,2.22,2.06,6.51,8.84,9.25,9.11,8.91,7.16,1.52,2.67,2.37,2.68,2.72,1.94
2013-12-01,1.5025,2.615,2.7775,2.575,2.59,2.12,6.9475,8.7075,8.969999999999999,9.115,7.685,7.87,1.6125,2.7874999999999996,2.825,2.5625,2.8675,2.1925,1.7,2.4425,2.4475,2.5075000000000003,2.5975,2.2925,7.665,8.605,8.685,8.495,7.795,8.29,1.77,2.6975,2.8,2.54,2.6825,2.455,1.4975,2.9074999999999998,3.0,2.6174999999999997,1.9949999999999999,1.995,6.8275,9.24,9.3875,9.2925,5.9025,7.58,1.6525,2.95,2.92,2.5949999999999998,2.855,2.095,1.4,2.66,2.8,2.56,2.64,2.09,7.04,8.91,9.34,9.08,7.14,8.04,1.55,2.86,2.9,2.73,2.61,2.19,1.65,2.5,2.52,2.56,2.66,2.35,7.67,8.79,8.87,8.78,8.18,8.43,1.67,2.81,2.98,2.64,2.8,2.56,1.38,3.0,3.33,2.54,1.71,1.9,6.94,9.54,9.6,9.88,3.83,7.69,1.74,2.98,2.88,2.76,1.95,2.14
2014-01-01,1.65,2.574,2.45,2.73,2.6559999999999997,2.126,7.314,9.022,9.154,9.814,8.459999999999999,8.196,1.614,2.768,2.768,2.628,2.628,2.242,1.6960000000000002,2.436,2.4,2.5,2.564,2.278,7.846000000000001,8.86,8.872,8.676,8.238000000000001,8.516,1.642,2.652,2.584,2.768,2.7399999999999998,2.386,1.656,2.814,2.684,3.036,3.062,2.02,7.314,9.604,9.802000000000001,9.84,8.931999999999999,7.965999999999999,1.666,2.934,2.934,2.502,1.998,2.178,1.58,2.53,2.37,2.43,2.56,2.05,8.48,9.79,10.2,11.05,9.68,9.2,1.64,2.75,2.61,2.22,2.35,2.24,1.54,2.43,2.4,2.46,2.56,2.22,8.29,9.43,10.04,9.69,8.75,9.05,1.7,2.65,2.46,2.64,2.43,2.4,1.6,2.74,2.31,2.22,2.4,1.92,8.8,10.65,10.93,11.36,10.15,9.41,1.63,2.93,2.71,1.8,1.66,2.14
2014-02-01,1.6624999999999999,2.54,2.5075,2.7475,3.02,2.1425,9.185,10.627500000000001,10.6825,10.9675,9.835,9.975,1.525,2.6825,2.605,2.5925000000000002,2.69,2.1325,1.6,2.4050000000000002,2.3725,2.4575,2.5425,2.225,8.9025,10.3025,10.467500000000001,10.307500000000001,9.8875,9.8625,1.66,2.5875,2.5525,2.5725000000000002,2.63,2.33,1.7,2.78,2.9175,2.94,3.32,2.085,9.5425,11.65,11.485,11.75,9.5825,10.1975,1.55,2.855,2.67,2.5625,3.0975,2.03,1.72,2.5,2.41,3.05,2.49,2.14,9.39,10.81,10.79,11.01,9.53,10.12,1.44,2.69,2.8,2.53,2.62,2.05,1.65,2.36,2.32,2.39,2.49,2.19,9.13,10.46,10.53,10.61,9.5,10.0,1.72,2.58,2.67,2.68,2.53,2.3,1.76,2.76,2.88,3.22,2.43,2.11,9.76,11.99,11.69,12.03,10.44,10.37,1.5,2.9,2.92,2.43,3.61,1.98
2014-03-01,1.5925,2.525,2.61,2.83,3.1950000000000003,2.1,9.7125,11.3125,11.235,11.3975,10.030000000000001,10.615,1.605,2.66,2.785,2.4525,2.6375,2.1675,1.5625,2.4050000000000002,2.3425,2.4275,2.67,2.2375,9.3975,10.9775,10.77,10.555,9.377500000000001,10.4825,1.5325,2.5425,2.575,2.7275,2.5525,2.2675,1.6125,2.77,2.8925,2.7575,3.2,1.975,10.2375,12.335,12.385,11.97,11.2475,10.977500000000001,1.6425,2.875,2.8575,2.1550000000000002,2.825,2.0949999999999998,1.5,2.53,2.64,2.71,2.56,2.03,9.86,11.65,11.27,11.94,9.74,10.9,1.61,2.71,2.71,2.42,2.61,2.17,1.52,2.46,2.33,2.47,2.56,2.26,9.5,11.36,10.95,10.65,9.23,10.77,1.53,2.64,2.55,2.66,2.61,2.32,1.5,2.67,3.07,2.88,0.89,1.84,10.43,12.33,12.87,12.81,11.98,11.14,1.65,2.86,2.45,2.35,2.63,2.05
2014-04-01,1.55,2.365,2.4775,2.415,3.0175,1.9874999999999998,9.61,11.02,11.045,11.155,10.035,10.4325,1.6425,2.545,2.62,2.7975,2.725,2.1225,1.525,2.2649999999999997,2.3049999999999997,2.3975,2.5025,2.13,9.345,10.825,10.9125,10.905,9.9875,10.38,1.65,2.46,2.4825,2.5425,2.7475,2.215,1.5750000000000002,2.5625,2.7075,2.4475,3.54,1.8900000000000001,10.0475,11.7475,12.05,11.780000000000001,9.875,10.6525,1.665,2.67,2.785,2.8225,2.585,2.0625,1.56,2.28,2.47,2.34,2.46,1.94,9.51,10.75,10.6,10.33,9.97,10.2,1.58,2.44,2.48,2.42,2.83,2.01,1.53,2.19,2.27,2.34,2.46,2.06,9.19,10.61,10.24,10.62,9.97,10.15,1.53,2.36,2.36,2.48,2.84,2.12,1.61,2.45,2.64,2.4,2.93,1.87,9.97,11.25,11.8,11.48,7.63,10.4,1.62,2.58,2.6,2.36,2.56,1.94
2014-05-01,1.528,2.198,2.19,2.234,2.684,1.8800000000000001,9.282,10.494,10.6,10.362,9.952,9.956,1.544,2.314,2.378,2.446,2.37,1.938,1.428,2.114,2.122,2.198,2.354,1.9799999999999998,9.102,10.392,10.280000000000001,10.303999999999998,9.988,9.994,1.442,2.258,2.278,2.436,2.366,2.01,1.582,2.362,2.4939999999999998,2.222,2.7920000000000003,1.814,9.568000000000001,11.012,11.178,11.154,9.41,10.038,1.5859999999999999,2.412,2.464,2.428,2.294,1.884,1.52,2.16,2.1,2.09,2.3,1.86,8.99,10.28,10.04,9.9,9.68,9.67,1.55,2.23,2.33,2.5,2.39,1.88,1.41,2.04,2.06,2.08,2.3,1.93,9.06,10.22,9.96,10.02,9.65,9.84,1.45,2.17,2.26,2.57,2.39,1.97,1.56,2.37,2.14,2.13,2.29,1.81,9.16,10.57,10.51,10.85,10.31,9.58,1.56,2.34,2.45,2.41,2.36,1.81
2014-06-01,1.4775,2.0175,2.0524999999999998,2.0525,2.555,1.7575,8.97,10.0775,10.295,9.4225,9.5125,9.5825,1.45,2.1775,2.23,2.165,2.385,1.8125,1.3475000000000001,1.935,1.97,2.0825,2.1550000000000002,1.8250000000000002,9.1425,10.025,10.0875,9.985,9.1425,9.752500000000001,1.3975,2.1175,2.1625,2.135,2.4125,1.93,1.5325,2.2125,2.2575000000000003,1.9375,3.1725000000000003,1.72,9.1825,10.5425,10.7575,10.3,10.4875,9.620000000000001,1.5075,2.3049999999999997,2.3475,2.1325000000000003,2.1174999999999997,1.7475,1.44,1.98,1.97,2.09,2.11,1.73,8.98,9.92,10.19,9.68,8.76,9.52,1.49,2.14,2.33,2.15,1.97,1.82,1.37,1.89,1.94,2.08,2.11,1.8,9.12,9.88,9.8,9.81,8.47,9.65,1.43,2.08,2.24,2.15,2.1,1.92,1.48,2.17,2.25,2.11,1.63,1.66,9.12,10.28,10.56,10.22,10.3,9.5,1.53,2.27,2.41,2.11,1.75,1.76
2014-07-01,1.425,1.9775,2.0625,2.1525,2.27,1.7349999999999999,8.3925,9.355,9.3325,8.8475,8.2225,8.915,1.4775,2.105,2.15,2.1675,2.2475,1.8025,1.365,1.865,1.9249999999999998,1.97,2.055,1.77,8.6975,9.317499999999999,9.252500000000001,8.997499999999999,8.08,9.1075,1.47,2.03,2.0949999999999998,2.2325,2.1475,1.8625,1.4525000000000001,2.15,2.2225,2.6725,2.6575,1.7125,8.4275,9.675,9.655000000000001,9.545,9.205,8.8225,1.5,2.2275,2.2199999999999998,2.1125,2.3075,1.7650000000000001,1.33,1.95,2.05,1.94,2.02,1.67,8.11,9.06,9.12,8.58,8.18,8.62,1.46,2.07,2.09,1.95,2.2,1.78,1.33,1.83,1.88,1.95,2.02,1.74,8.46,9.02,8.96,8.68,7.91,8.83,1.42,1.99,2.02,2.1,2.22,1.82,1.34,2.11,2.28,1.9,1.9,1.61,8.04,9.46,9.54,9.23,8.97,8.44,1.49,2.19,2.13,1.87,1.52,1.76
2014-08-01,1.33,1.8800000000000001,2.0780000000000003,1.956,2.132,1.6620000000000001,7.970000000000001,9.05,9.228,8.892,7.918000000000001,8.526,1.378,2.0300000000000002,2.056,2.0140000000000002,2.072,1.706,1.308,1.7719999999999998,1.83,1.95,2.048,1.722,8.306000000000001,8.982,8.873999999999999,8.565999999999999,7.894,8.736,1.4120000000000001,1.97,2.008,1.9939999999999998,2.068,1.814,1.3439999999999999,2.024,2.228,1.876,2.686,1.6060000000000003,7.948,9.384,9.656,9.148,6.934,8.36,1.374,2.164,2.112,2.118,2.096,1.626,1.28,1.89,2.14,2.0,2.08,1.65,7.87,9.14,9.42,8.88,7.87,8.56,1.37,2.05,2.07,2.23,2.13,1.72,1.29,1.83,1.83,1.96,2.08,1.77,8.2,9.04,8.99,8.56,7.88,8.74,1.35,1.98,2.08,2.27,2.13,1.82,1.29,1.98,2.4,2.33,1.79,1.54,7.9,9.64,9.57,9.47,7.16,8.45,1.39,2.23,2.04,2.05,2.1,1.67
2014-09-01,1.2875,1.835,1.885,1.9075,2.1325,1.5975000000000001,7.965,9.17,9.43,9.0425,8.05,8.595,1.385,2.0275,2.1,2.0300000000000002,2.0675,1.7175,1.22,1.73,1.8175000000000001,1.88,1.98,1.66,8.23,9.0525,9.19,8.877500000000001,8.0125,8.77,1.3800000000000001,1.9725,2.0675,2.0475,2.0599999999999996,1.8125,1.3175000000000001,2.0075,1.92,1.9925000000000002,3.0475000000000003,1.5525,8.0275,9.645,10.0375,9.585,7.9575,8.515,1.39,2.13,2.1525,1.75,2.1075,1.6475,1.27,1.84,1.97,1.86,1.94,1.58,8.04,9.24,9.39,8.92,8.24,8.66,1.37,2.07,2.08,2.0,2.04,1.74,1.16,1.74,1.84,1.86,1.94,1.64,8.16,9.11,9.39,8.8,8.07,8.78,1.31,2.01,2.04,2.0,2.03,1.84,1.31,2.02,2.02,1.84,1.83,1.53,8.19,9.73,10.01,9.57,9.59,8.6,1.4,2.18,2.21,2.01,2.1,1.67
2014-10-01,1.204,1.768,1.886,1.848,2.18,1.51,8.108,9.334,9.4,9.33,8.67,8.758,1.348,1.986,1.982,2.278,1.982,1.6759999999999997,1.2120000000000002,1.672,1.736,1.8519999999999999,1.904,1.5859999999999999,8.298,9.23,9.204,8.974,8.602,8.912,1.342,1.9259999999999997,1.956,2.0460000000000003,1.984,1.762,1.21,1.908,2.672,2.024,2.526,1.454,8.28,9.828,9.866,9.972,8.926,8.744,1.348,2.084,2.05,2.346,1.748,1.6059999999999999,1.13,1.74,1.71,1.81,1.85,1.43,8.15,9.35,9.27,9.08,8.13,8.78,1.35,1.94,1.88,2.04,1.97,1.64,1.18,1.64,1.7,1.81,1.85,1.54,8.32,9.22,9.1,9.04,8.14,8.92,1.3,1.89,1.84,2.04,1.98,1.71,1.13,1.88,1.86,1.82,1.53,1.36,8.34,9.94,10.11,10.13,7.69,8.8,1.39,2.03,1.99,2.02,1.2,1.59
2014-11-01,1.1425,1.685,1.7225,2.0,2.3125,1.4249999999999998,8.215,9.51,9.7775,9.4925,9.120000000000001,8.912500000000001,1.3050000000000002,1.9575,2.0149999999999997,1.9674999999999998,1.9875,1.6275,1.1225,1.6125,1.6625,1.78,1.83,1.4975,8.5075,9.370000000000001,9.425,9.3325,8.54,9.09,1.2825,1.9049999999999998,1.9849999999999999,1.9625000000000001,2.035,1.7149999999999999,1.1775,1.81,1.95,2.9025,2.9,1.3875,8.3125,10.0725,10.370000000000001,10.0125,9.835,8.8825,1.3175000000000001,2.0625,2.1025,2.04,1.81,1.565,1.16,1.67,1.65,1.82,1.83,1.4,8.19,9.53,9.87,9.37,9.38,8.96,1.34,1.96,2.07,2.01,1.81,1.65,1.17,1.58,1.62,1.77,1.83,1.48,8.5,9.38,9.45,9.28,8.25,9.11,1.27,1.89,1.99,1.99,1.95,1.71,1.2,1.84,1.93,3.56,1.42,1.36,8.2,10.11,10.52,10.35,9.88,8.91,1.37,2.12,2.32,1.88,1.48,1.61
2014-12-01,1.1425,1.785,1.7875,1.8425,2.375,1.45,8.51,9.752500000000001,10.165,9.34,9.182500000000001,9.15,1.3,2.12,2.2525,2.0825,2.1550000000000002,1.7125,1.22,1.6425,1.6949999999999998,1.8025,1.8125,1.5425,8.665,9.525,9.675,9.7825,8.495000000000001,9.2325,1.3,1.9725,2.1625,2.16,2.175,1.785,1.15,2.0675,2.1149999999999998,1.79,2.8825,1.4,8.6825,10.55,10.8825,10.0875,10.0725,9.2625,1.3325,2.38,2.3375000000000004,1.9925,2.085,1.685,1.18,1.88,2.02,1.8,1.82,1.51,8.77,10.13,10.67,9.89,9.62,9.49,1.21,2.2,2.52,2.2,2.51,1.74,1.29,1.75,1.7,1.79,1.82,1.63,8.71,9.85,10.19,9.73,9.4,9.49,1.28,2.1,2.33,2.36,2.62,1.92,1.17,2.24,2.67,1.98,1.64,1.42,9.11,11.06,11.6,9.88,10.4,9.69,1.29,2.45,2.74,2.03,2.25,1.68
2015-01-01,1.236,1.784,1.7739999999999998,2.02,1.866,1.496,8.528,9.78,9.790000000000001,9.187999999999999,9.032,9.152,1.3439999999999999,2.136,2.122,2.008,2.17,1.7579999999999998,1.19,1.6480000000000001,1.706,1.8,1.798,1.536,8.65,9.626,9.524000000000001,9.3,8.278,9.284,1.314,2.0,2.002,2.04,2.216,1.8060000000000003,1.26,2.02,1.8579999999999999,2.436,1.968,1.482,8.788,10.446,10.514,9.952000000000002,9.35,9.252,1.36,2.3739999999999997,2.3120000000000003,2.074,2.1919999999999997,1.7259999999999998,1.19,1.68,1.69,1.75,1.75,1.42,8.4,9.54,9.47,8.93,9.14,8.98,1.32,2.08,2.01,1.84,1.89,1.73,1.07,1.59,1.69,1.74,1.75,1.47,8.59,9.47,9.3,8.98,8.03,9.16,1.23,1.98,1.91,1.84,2.1,1.79,1.23,1.92,1.71,1.81,1.65,1.39,8.56,10.04,10.06,9.97,9.99,8.98,1.37,2.28,2.15,1.87,1.76,1.69
2015-02-01,1.1749999999999998,1.7475,1.7525,1.74,1.7575,1.4875,8.4375,9.65,9.6475,9.36,8.625,9.025,1.3525,2.1275,2.115,1.955,1.8675,1.77,1.0725,1.63,1.58,1.6724999999999999,1.78,1.51,8.61,9.4775,9.2075,8.995000000000001,8.3925,9.1475,1.3375,2.0125,1.9549999999999998,1.96,1.76,1.8450000000000002,1.21,1.9224999999999999,1.8475,1.7475,1.4,1.4675,8.6725,10.27,10.315,10.185,9.6225,9.115,1.3599999999999999,2.315,2.255,1.9725000000000001,2.3024999999999998,1.72,1.19,1.71,1.76,1.87,1.73,1.47,8.49,9.7,9.53,9.75,8.5,9.09,1.38,2.13,2.12,1.97,2.53,1.81,1.05,1.55,1.55,1.63,1.73,1.44,8.6,9.49,9.03,8.82,8.34,9.15,1.25,2.03,1.92,1.94,2.13,1.87,1.24,1.95,1.89,1.9,1.79,1.49,8.69,10.42,10.17,10.39,9.77,9.17,1.43,2.31,2.31,2.06,3.36,1.78
2015-03-01,1.1724999999999999,1.77,1.8275,1.895,1.9324999999999999,1.5025,8.6775,9.885,9.5875,9.5525,8.754999999999999,9.2625,1.4175,2.12,2.245,2.0725,2.2075,1.7875,1.0875,1.63,1.6275,1.6575,1.8375,1.5125,8.717500000000001,9.6675,9.3225,8.9475,8.295,9.3,1.3575,2.01,2.1625,2.1075,2.12,1.8425,1.2225,2.0,1.96,2.105,1.8925,1.5075,8.9825,10.682500000000001,10.540000000000001,10.3775,9.7725,9.4475,1.455,2.3249999999999997,2.3775000000000004,1.8975,2.1225,1.755,1.13,1.83,1.69,1.91,1.78,1.52,8.82,10.0,9.96,9.53,8.95,9.4,1.41,2.15,2.33,2.13,1.99,1.79,1.2,1.71,1.65,1.69,1.78,1.59,8.71,9.81,9.86,8.93,8.25,9.4,1.28,2.06,2.34,1.94,1.99,1.88,1.14,2.05,1.81,2.14,1.77,1.48,9.2,10.89,10.63,10.47,10.44,9.61,1.46,2.34,2.41,2.35,2.0,1.72
2015-04-01,1.1975,1.7375,1.725,1.8,1.7974999999999999,1.4875,8.942499999999999,10.07,9.6275,9.8975,9.192499999999999,9.485,1.4324999999999999,2.12,2.1325,2.2275,2.175,1.79,1.09,1.63,1.635,1.7175,1.7575,1.51,8.8475,9.84,9.3875,8.9225,8.395,9.4525,1.3900000000000001,2.0275,2.04,2.0925,2.19,1.85,1.255,1.9125,1.8875,1.9425,1.9024999999999999,1.4875,9.307500000000001,10.842500000000001,10.8825,10.74,10.4925,9.717500000000001,1.455,2.2825,2.27,2.3725,2.075,1.7475,1.18,1.71,1.82,1.87,1.74,1.47,8.97,10.12,9.65,9.38,8.59,9.5,1.39,2.08,2.19,2.04,2.22,1.74,1.18,1.6,1.65,1.68,1.74,1.5,8.89,9.87,9.29,8.79,8.54,9.46,1.31,2.0,1.96,2.01,2.24,1.81,1.21,1.88,1.94,2.0,1.73,1.46,9.25,11.01,11.17,10.91,9.83,9.67,1.43,2.25,2.42,2.07,2.2,1.7
2015-05-01,1.106,1.614,1.722,1.7280000000000002,1.7239999999999998,1.3900000000000001,8.99,10.244,10.468,10.262,9.45,9.624,1.362,2.006,2.004,2.058,2.0439999999999996,1.682,1.1019999999999999,1.53,1.6019999999999999,1.6320000000000001,1.7239999999999998,1.446,8.873999999999999,10.012,9.736,9.224,9.248000000000001,9.594,1.254,1.9439999999999997,1.936,2.022,1.9899999999999998,1.738,1.144,1.7600000000000002,1.876,1.8379999999999999,1.6059999999999999,1.366,9.36,10.998000000000001,11.272,11.206,10.528,9.812000000000001,1.416,2.14,2.082,2.04,2.15,1.65,1.03,1.56,1.94,1.63,1.71,1.34,8.99,10.21,10.34,10.22,9.15,9.58,1.34,1.95,1.87,1.93,2.01,1.65,1.05,1.51,1.68,1.59,1.71,1.43,8.87,10.03,9.69,9.41,8.94,9.6,1.18,1.91,1.91,1.94,2.0,1.69,1.07,1.68,2.29,1.67,1.77,1.29,9.33,10.99,11.28,11.38,10.64,9.74,1.41,2.08,1.79,1.88,2.08,1.65
2015-06-01,0.9775,1.52,1.575,1.6025,1.6625,1.2675,9.1525,10.4025,10.565,9.9275,9.225,9.780000000000001,1.4049999999999998,1.9675,2.0925000000000002,1.9975,1.8675,1.6749999999999998,1.04,1.435,1.525,1.5825,1.625,1.3575,9.16,10.1875,9.795,9.6425,8.932500000000001,9.8025,1.23,1.91,2.0225,2.0175,1.8425,1.6975,0.9875,1.6875,1.595,1.6075,2.305,1.2075,9.4475,11.2175,11.225,11.3525,11.1475,9.9375,1.5,2.0875,2.175,1.8725,1.98,1.6749999999999998,0.95,1.53,1.51,1.56,1.63,1.26,9.17,10.52,11.29,10.18,9.19,9.88,1.39,1.99,2.11,1.97,1.48,1.69,1.0,1.45,1.51,1.53,1.63,1.36,9.16,10.27,10.31,9.74,8.59,9.87,1.22,1.92,2.06,2.0,1.46,1.71,0.95,1.69,1.51,1.57,1.03,1.19,9.43,11.49,11.53,11.8,11.31,9.98,1.5,2.12,2.22,1.87,1.58,1.7
2015-07-01,1.016,1.568,1.542,1.682,1.6179999999999999,1.367,9.107,10.347,10.35,10.612,8.748000000000001,9.678,1.399,1.97,1.9780000000000002,2.0,1.842,1.6320000000000001,1.014,1.454,1.476,1.522,1.6199999999999999,1.366,9.262,10.358,9.924,9.386,8.612,9.953999999999999,1.27,1.8960000000000001,1.9260000000000002,1.936,1.7600000000000002,1.7,1.038,1.6320000000000001,1.6420000000000001,1.846,1.216,1.22,9.693999999999999,11.458,11.356,11.226,9.418000000000001,10.18,1.53,2.058,2.0759999999999996,2.068,1.968,1.698,0.92,1.48,1.47,1.52,1.6,1.21,9.37,10.66,10.58,9.87,8.41,10.0,1.47,1.9,1.98,2.04,2.02,1.68,1.02,1.46,1.43,1.52,1.6,1.38,9.3,10.4,9.7,8.75,8.43,9.99,1.27,1.89,1.98,1.92,1.79,1.7,0.91,1.5,1.57,1.51,1.44,1.1,9.73,11.57,12.24,9.4,7.66,10.27,1.56,1.96,1.99,2.27,2.32,1.68
2015-08-01,1.005,1.495,1.525,1.52,1.6475,1.2925,9.379999999999999,10.8225,10.6125,9.915,8.83,10.1075,1.4075,1.9375,1.9325,1.8875,1.925,1.6675,1.07,1.4324999999999999,1.4475,1.53,1.665,1.3975,9.3575,10.5375,9.795,9.185,8.8275,10.0975,1.2725,1.8875,1.8725,1.855,1.9024999999999999,1.7075,1.005,1.595,1.7625,1.495,1.1099999999999999,1.2025,9.7575,11.807500000000001,12.225,11.1125,7.7475000000000005,10.3725,1.4725,2.0425,2.085,1.9874999999999998,2.1125,1.6524999999999999,0.97,1.5,1.48,1.52,1.67,1.29,9.4,11.05,10.65,9.84,8.61,10.28,1.35,1.98,1.89,1.94,2.02,1.68,1.01,1.44,1.42,1.51,1.67,1.41,9.4,10.69,9.75,9.01,8.63,10.24,1.18,1.91,1.9,1.84,1.98,1.71,0.99,1.62,1.58,1.57,1.25,1.19,9.77,12.19,12.19,11.43,6.93,10.59,1.43,2.12,1.87,2.13,2.18,1.67
2015-09-01,0.8925000000000001,1.5775000000000001,1.5125,1.5325,1.64,1.3562500000000002,9.44375,11.28625,10.76875,10.432500000000001,9.19,10.54625,1.4075,1.98125,2.04375,1.95,1.8675,1.72125,1.0925,1.4449999999999998,1.415,1.5175,1.64,1.3875,9.5825,10.8725,10.1775,9.15,8.8675,10.3625,1.3225,1.905,1.94,1.875,1.8475000000000001,1.725,1.0025,1.6925,1.6800000000000002,1.6125,1.1825,1.225,10.085,12.317499999999999,12.5325,11.0425,9.870000000000001,10.64,1.45,2.1100000000000003,2.1125,2.0475,2.025,1.6225,0.54,1.67,1.47,1.5,1.57,1.495,8.915,11.675,11.685,10.65,8.45,11.135,1.36,2.005,2.045,1.99,1.78,1.835,1.01,1.43,1.44,1.49,1.57,1.34,9.51,10.9,10.35,9.07,8.46,10.29,1.21,1.87,1.89,1.81,1.8,1.64,0.98,1.71,1.54,1.85,0.9,1.13,10.13,12.48,12.96,8.98,6.25,10.61,1.42,2.06,1.88,1.99,1.69,1.56
2015-10-01,1.028,1.5,1.516,1.558,1.626,1.2719999999999998,9.697999999999999,11.396,10.67,10.803999999999998,8.958,10.564,1.37,1.988,1.924,2.036,1.866,1.684,1.068,1.436,1.44,1.54,1.626,1.364,9.684000000000001,11.065999999999999,10.126,9.804,8.894,10.581999999999999,1.262,1.9140000000000001,1.8699999999999999,1.954,1.834,1.722,1.04,1.614,1.652,1.624,1.3699999999999999,1.218,10.118,12.475999999999999,11.866,12.25,8.656,10.884,1.438,2.1239999999999997,2.1119999999999997,2.206,1.9440000000000002,1.6740000000000002,1.08,1.44,1.48,1.52,1.55,1.25,9.73,11.1,10.39,10.57,8.77,10.4,1.35,1.9,1.89,1.95,1.57,1.58,1.16,1.37,1.36,1.49,1.55,1.32,9.8,10.87,9.8,9.81,8.62,10.47,1.22,1.84,1.85,1.93,1.54,1.63,1.08,1.63,1.61,1.56,1.47,1.2,10.1,12.04,12.25,12.54,10.94,10.64,1.44,2.04,2.08,2.03,2.11,1.58
2015-11-01,1.0075,1.4175,1.4725,1.4775,1.57,1.2175,9.695,11.1325,11.1725,10.92,10.195,10.4525,1.3125,1.9049999999999998,1.83,2.0225,1.8275000000000001,1.61,1.0,1.3475000000000001,1.32,1.4475,1.54,1.2625,9.75,10.905000000000001,10.3525,9.774999999999999,8.9175,10.5,1.27,1.8575,1.8025,2.035,1.8275000000000001,1.685,1.0275,1.5275,1.5550000000000002,1.5375,1.94,1.1949999999999998,10.065,11.955,12.1775,11.64,11.52,10.6875,1.3599999999999999,2.01,1.9675,1.9100000000000001,1.845,1.5750000000000002,0.96,1.38,1.48,1.43,1.52,1.17,9.72,11.15,11.5,10.61,10.08,10.45,1.29,1.88,1.81,1.95,1.74,1.58,1.01,1.29,1.31,1.44,1.52,1.22,9.77,10.92,10.45,9.28,8.93,10.5,1.26,1.83,1.79,1.96,1.75,1.66,0.96,1.53,1.53,1.32,1.4,1.14,10.01,11.96,12.58,12.34,11.36,10.58,1.34,1.98,1.94,1.61,1.69,1.54
2015-12-01,0.975,1.37,1.415,1.45,1.5,1.1724999999999999,9.83,11.5275,11.8875,10.905000000000001,10.782499999999999,10.7025,1.33,2.0375,2.1574999999999998,2.085,1.79,1.6725,0.9975,1.28,1.31,1.415,1.5,1.2225,9.9425,11.1675,10.9375,10.555,8.5775,10.739999999999998,1.3275000000000001,1.9375,2.0300000000000002,2.0875,1.7725,1.7525,0.9924999999999999,1.54,1.58,1.565,1.1875,1.1475,10.209999999999999,12.807500000000001,13.2425,12.64,12.0575,11.0525,1.3675,2.27,2.2824999999999998,2.1,1.64,1.65,1.01,1.36,1.31,1.48,1.48,1.18,9.88,11.93,12.83,11.61,10.57,10.97,1.32,2.19,2.34,2.19,1.84,1.77,1.11,1.34,1.3,1.43,1.48,1.29,9.91,11.59,11.92,11.42,8.99,11.04,1.29,2.08,2.24,2.21,1.86,1.88,1.01,1.4,1.43,1.8,1.32,1.1,10.28,13.12,13.96,13.72,12.79,11.2,1.42,2.48,2.63,2.16,1.74,1.77
2016-01-01,1.026,1.45,1.392,1.588,1.496,1.228,9.884,11.762,11.618,11.584,8.86,10.852,1.346,2.256,2.1919999999999997,2.0620000000000003,2.018,1.834,1.02,1.3359999999999999,1.292,1.33,1.46,1.264,9.924000000000001,11.458,10.912,10.228,9.054,10.926,1.4620000000000002,2.0759999999999996,2.0759999999999996,2.0940000000000003,1.964,1.9,1.058,1.672,1.8239999999999998,2.034,1.4540000000000002,1.23,10.388,12.946000000000002,12.988,12.834,9.404,11.21,1.41,2.6079999999999997,2.4579999999999997,2.026,2.112,1.8939999999999997,1.01,1.42,1.45,1.32,1.38,1.19,9.68,11.72,12.33,11.59,6.92,10.75,1.34,2.28,2.32,2.17,2.15,1.84,1.02,1.3,1.25,1.3,1.39,1.23,9.85,11.51,10.73,9.72,9.38,10.92,1.34,2.14,2.08,2.14,1.87,1.91,1.03,1.63,1.96,1.45,1.35,1.2,10.15,12.66,13.81,12.99,2.8,10.96,1.47,2.57,2.83,2.37,2.23,1.9
2016-02-01,1.0375,1.455,1.29,1.31,1.445,1.2425,9.93,11.91,12.95,12.5475,9.842500000000001,11.0175,1.4975,2.39,2.4050000000000002,2.0575,2.175,2.0,0.97,1.3599999999999999,1.26,1.3075,1.45,1.2725,9.9,11.5625,11.2025,9.7825,9.4925,11.015,1.525,2.23,2.17,2.035,2.1825,2.025,1.08,1.695,1.585,1.325,1.06,1.245,10.48,13.2025,14.25,14.092500000000001,11.16,11.5025,1.5025,2.74,2.8025,2.3049999999999997,1.5699999999999998,2.025,1.06,1.53,1.29,1.29,1.33,1.29,10.01,12.05,13.25,12.5,9.92,11.15,1.51,2.46,2.85,2.28,2.25,2.09,1.01,1.4,1.29,1.29,1.33,1.3,9.88,11.67,11.58,9.76,9.63,11.09,1.47,2.32,2.4,2.29,2.26,2.1,1.1,1.81,1.34,1.43,0.94,1.31,10.54,13.57,14.39,14.16,11.98,11.66,1.57,2.78,3.24,2.27,1.64,2.16
2016-03-01,1.045,1.47,1.38,1.4125,1.4975,1.25,10.01,11.9,12.4825,11.4475,10.985,11.0125,1.49,2.4275,2.61,2.2475,1.9700000000000002,2.005,1.02,1.35,1.305,1.34,1.5,1.2725,9.965,11.67,11.5375,10.61,10.0175,11.115,1.405,2.2775,2.2824999999999998,2.1525,2.05,2.02,1.095,1.745,1.865,1.6525,1.3125,1.27,10.575,13.0875,13.9725,12.850000000000001,11.4,11.41,1.57,2.78,2.96,2.6075,2.0,2.0375,1.01,1.41,1.35,1.42,1.45,1.19,10.06,11.82,12.85,12.04,11.23,11.03,1.51,2.38,2.49,2.28,2.41,1.98,1.06,1.28,1.24,1.33,1.46,1.23,9.95,11.67,12.1,11.25,10.61,11.14,1.45,2.25,2.28,2.23,1.92,2.02,1.03,1.7,2.02,1.61,0.91,1.19,10.59,12.86,13.54,13.24,13.05,11.33,1.58,2.68,2.77,2.48,3.04,1.98
2016-04-01,1.022,1.372,1.442,1.462,1.438,1.208,9.870000000000001,11.636,11.668000000000001,11.482,10.634,10.814,1.478,2.334,2.314,2.31,2.036,1.948,0.976,1.284,1.252,1.254,1.438,1.22,9.984,11.47,11.424,11.214,10.142,10.98,1.4899999999999998,2.2199999999999998,2.2399999999999998,2.218,1.984,2.002,1.056,1.576,2.02,1.684,1.302,1.22,10.296000000000001,12.522,12.854,12.675999999999998,11.938,11.064,1.496,2.584,2.436,2.5780000000000003,2.238,1.9260000000000002,0.98,1.3,1.47,1.51,1.42,1.16,9.69,11.28,11.22,11.47,9.89,10.54,1.4,2.26,2.06,2.23,2.18,1.89,0.91,1.21,1.2,1.24,1.41,1.16,9.85,11.16,10.91,11.02,9.75,10.73,1.39,2.14,2.02,2.2,2.07,1.92,1.01,1.47,1.76,1.65,1.95,1.18,9.92,12.03,12.43,12.27,10.97,10.58,1.42,2.5,2.26,2.38,2.34,1.88
2016-05-01,0.9524999999999999,1.3,1.3375,1.385,1.4,1.135,9.6875,11.27,11.1575,10.285,10.309999999999999,10.495,1.4375,2.245,2.0700000000000003,2.2775,1.95,1.8875,0.9299999999999999,1.1949999999999998,1.185,1.2349999999999999,1.4024999999999999,1.145,9.8125,11.0975,10.5525,10.4175,9.915,10.6325,1.5,2.12,2.0324999999999998,2.2424999999999997,1.875,1.9425,0.985,1.5125,1.6725,1.5925,0.7225,1.1549999999999998,9.995,12.084999999999999,12.375,11.4625,11.557500000000001,10.6875,1.42,2.495,2.285,2.465,2.2025,1.8699999999999999,0.95,1.28,1.4,1.33,1.4,1.12,9.57,11.23,11.38,10.06,10.91,10.43,1.38,2.26,2.18,2.48,1.83,1.88,0.86,1.17,1.19,1.22,1.4,1.11,9.67,11.04,10.55,10.3,10.15,10.54,1.41,2.13,2.07,2.39,1.84,1.94,1.0,1.5,1.82,1.54,0.63,1.17,9.84,12.08,12.21,12.07,11.88,10.56,1.38,2.53,2.43,2.86,1.59,1.9
2016-06-01,0.94,1.2075,1.1925,1.2925,1.3025,1.08,9.355,11.0625,11.19,10.3675,9.9525,10.25,1.3925,2.16,2.05,2.12,2.0125,1.8025,0.8674999999999999,1.1075,1.09,1.1949999999999998,1.305,1.0625,9.4525,10.9275,10.61,10.46,9.705,10.4075,1.42,2.07,2.0025,2.085,1.83,1.8825,0.9875,1.4525,1.4100000000000001,1.5475,1.04,1.12,9.6475,11.765,12.0625,11.89,11.0425,10.377500000000001,1.395,2.3825,2.2775,2.29,1.9325,1.7425,0.94,1.2,1.14,1.2,1.22,1.07,9.16,10.97,11.34,10.65,10.01,10.12,1.33,2.19,1.95,2.29,2.06,1.77,0.83,1.1,1.01,1.16,1.22,1.04,9.27,10.85,10.75,10.71,9.65,10.3,1.32,2.08,1.85,2.23,1.89,1.86,0.99,1.43,1.22,1.54,1.06,1.11,9.42,11.67,11.68,11.8,11.42,10.16,1.36,2.46,2.52,2.43,2.16,1.71
2016-07-01,0.892,1.1480000000000001,1.248,1.294,1.1800000000000002,1.028,9.094,10.72,10.53,10.264,9.831999999999999,9.952,1.384,2.17,2.168,2.004,1.8199999999999998,1.83,0.858,1.062,1.04,1.072,1.182,1.022,9.232,10.628,10.344,9.758,9.298,10.134,1.4460000000000002,2.0420000000000003,2.056,2.004,1.8039999999999998,1.8800000000000001,0.9380000000000001,1.3619999999999999,1.6939999999999997,1.982,0.726,1.068,9.294,11.426,11.198,11.032,10.24,10.032,1.3599999999999999,2.4579999999999997,2.334,1.9579999999999997,1.784,1.796,0.86,1.24,1.43,1.18,1.24,1.07,8.97,10.76,10.53,10.96,9.35,9.89,1.35,2.25,2.13,2.05,1.89,1.85,0.89,1.13,1.18,1.14,1.24,1.1,9.17,10.64,10.09,9.4,9.38,10.11,1.39,2.12,2.0,2.0,1.9,1.94,0.91,1.44,1.88,1.29,0.76,1.09,9.05,11.54,11.33,11.25,5.93,9.91,1.35,2.53,2.46,2.28,1.14,1.8
2016-08-01,0.8775,1.2475,1.2225,1.1225,1.3575,1.0825,8.9925,10.77,10.9875,10.567499999999999,9.83,9.9275,1.42,2.3625,2.1625,2.1375,1.9324999999999999,1.9649999999999999,0.85,1.115,1.0375,1.1225,1.2875,1.09,9.28,10.6625,10.1825,10.057500000000001,9.38,10.18,1.4375,2.195,1.9675,2.0575,1.93,1.9949999999999999,0.9375,1.56,2.025,1.1925,1.3375,1.1275,9.0475,11.4,11.9275,11.817499999999999,10.692499999999999,9.8825,1.4324999999999999,2.715,2.7175000000000002,2.5175,1.85,1.9700000000000002,0.84,1.3,1.19,1.11,1.29,1.08,8.96,10.84,11.33,11.03,10.22,10.01,1.43,2.51,2.4,2.22,1.95,2.07,0.84,1.11,1.0,1.11,1.29,1.09,9.28,10.71,10.26,9.93,9.39,10.23,1.52,2.25,1.95,2.1,1.95,2.05,0.88,1.68,2.14,1.21,0.79,1.12,8.95,11.41,12.1,11.95,11.67,9.92,1.41,2.91,3.14,2.78,1.96,2.14
2016-09-01,0.906,1.22,1.166,1.198,1.334,1.068,9.022,10.664,10.668000000000001,9.736,9.638,9.882,1.492,2.416,2.4059999999999997,2.192,2.008,2.004,0.8859999999999999,1.1039999999999999,1.03,1.182,1.332,1.08,9.254,10.604,10.354,10.065999999999999,9.278,10.132,1.6039999999999999,2.238,2.282,2.1399999999999997,1.964,2.06,0.9400000000000001,1.508,1.8299999999999996,1.386,1.024,1.092,9.120000000000001,11.17,11.17,11.154,10.972,9.819999999999999,1.4460000000000002,2.822,2.752,2.366,1.8699999999999999,1.972,0.92,1.27,1.19,1.21,1.34,1.1,8.99,10.88,10.86,10.74,9.33,10.02,1.46,2.74,2.42,2.37,2.16,2.25,0.83,1.13,1.05,1.21,1.34,1.09,9.27,10.79,10.63,9.99,9.04,10.29,1.57,2.43,2.35,2.2,1.95,2.23,0.97,1.59,2.23,1.57,0.86,1.15,9.09,11.56,10.83,11.77,10.71,9.93,1.44,3.27,2.93,2.8,3.02,2.31
2016-10-01,0.9225,1.35,1.2275,1.3975,1.3525,1.1225,8.9575,10.655,10.39,9.3825,9.465,9.7925,1.5825,2.6725000000000003,2.355,2.61,2.455,2.2125,0.9475,1.2225000000000001,1.0550000000000002,1.2225,1.3525,1.165,9.315000000000001,10.5775,10.0125,9.7275,9.184999999999999,10.105,1.6949999999999998,2.46,2.1475,2.3525,2.4325,2.275,0.95,1.69,1.935,1.945,1.085,1.12,8.945,11.1875,11.0025,11.1875,10.4625,9.665,1.5475,3.1375,2.765,3.115,2.6875,2.2025,0.85,1.42,1.33,1.37,1.35,1.13,8.96,10.53,10.7,9.59,9.04,9.75,1.53,2.79,2.13,2.45,2.26,2.32,0.9,1.29,1.1,1.19,1.35,1.21,9.3,10.51,9.96,9.52,8.78,10.08,1.52,2.48,2.06,2.37,2.22,2.28,0.88,1.75,1.84,2.75,1.17,1.11,8.99,10.93,11.59,11.23,10.57,9.54,1.57,3.24,2.65,2.78,2.89,2.41
2016-11-01,0.915,1.3625,1.3925,1.655,1.315,1.1425,8.932500000000001,10.4225,10.5625,9.7525,9.5025,9.6475,1.5425,2.7525,2.9425,2.635,2.4275,2.255,0.925,1.24,1.15,1.155,1.3175000000000001,1.1675,9.1875,10.4025,10.0125,9.5775,8.8275,9.94,1.5825,2.56,2.1925,2.185,2.395,2.3325,0.9275,1.6575,1.9075,1.8775,0.8825000000000001,1.1475,8.98,10.755,11.2175,10.94,10.175,9.4975,1.5625,3.195,3.6375,3.2600000000000002,1.9625,2.235,0.88,1.28,1.39,1.21,1.36,1.09,8.84,10.17,10.62,10.02,10.69,9.5,1.57,2.58,2.99,3.21,2.52,2.15,0.82,1.14,1.05,1.18,1.36,1.08,9.1,10.17,10.11,9.28,8.79,9.78,1.57,2.43,2.16,2.2,2.52,2.24,0.91,1.58,1.79,1.35,0.96,1.12,8.83,10.39,11.27,11.09,10.9,9.26,1.6,3.05,3.73,4.04,2.3,2.11
2016-12-01,0.89,1.392,1.448,1.6060000000000003,1.358,1.144,8.702,10.484,10.644,11.09,10.266,9.57,1.562,2.846,3.058,2.716,2.352,2.286,0.9400000000000001,1.226,1.106,1.27,1.358,1.1640000000000001,9.216,10.486,10.324,10.404,9.382,10.006,1.786,2.618,2.57,2.474,2.33,2.404,0.9219999999999999,1.722,1.9600000000000002,1.83,1.318,1.178,8.734,10.879999999999999,11.48,11.756,11.126000000000001,9.348,1.484,3.34,3.7640000000000002,2.7960000000000003,1.5699999999999998,2.2039999999999997,0.93,1.43,1.27,1.55,1.4,1.19,8.52,10.64,10.94,11.41,10.31,9.64,1.43,3.13,3.38,2.94,2.86,2.5,1.0,1.31,1.18,1.43,1.4,1.25,9.18,10.71,10.79,11.17,10.12,10.16,1.73,2.84,3.05,2.88,2.87,2.6,0.95,1.71,2.03,1.82,1.29,1.18,8.57,10.97,11.5,11.77,11.32,9.38,1.35,3.59,3.77,3.25,1.97,2.5
2017-01-01,0.8925,1.335,1.33,1.5375,1.35,1.1125,8.5775,10.475,10.9,10.7525,10.6975,9.4975,1.7475,2.8375,2.9425,2.595,2.715,2.37,0.9450000000000001,1.2025,1.1400000000000001,1.2125,1.3450000000000002,1.145,9.1875,10.515,10.215,9.705,9.55,10.015,1.915,2.5999999999999996,2.4050000000000002,2.455,2.7175,2.4175,0.9275,1.6724999999999999,1.71,2.3925,1.305,1.1325,8.6425,10.842500000000001,11.5975,11.6,11.4525,9.26,1.6300000000000001,3.335,3.6025,3.115,2.2925,2.325,0.85,1.33,1.46,1.23,1.31,1.1,8.72,10.42,10.97,10.87,11.44,9.57,1.65,2.86,2.54,2.74,2.34,2.32,0.98,1.21,1.1,1.19,1.31,1.16,9.19,10.46,10.28,9.61,9.62,9.99,1.77,2.59,2.25,2.66,2.13,2.36,0.86,1.7,2.02,1.6,1.15,1.08,8.77,10.76,11.79,12.15,10.18,9.33,1.59,3.42,3.16,3.11,2.89,2.29
2017-02-01,0.9125,1.3675,1.3625,1.4325,1.3525,1.125,8.7775,10.925,10.9475,10.955,10.4275,9.835,1.805,2.9525,2.9575,2.9025,2.05,2.45,0.965,1.255,1.12,1.1824999999999999,1.3525,1.1775,9.365,10.807500000000001,10.5,10.3,10.0875,10.275,1.9525000000000001,2.6925,2.38,2.4725,2.2775,2.455,0.9375,1.6400000000000001,1.89,1.7825,1.1566666666666667,1.1225,8.8875,11.695,11.765,12.115,11.95,9.7125,1.705,3.4050000000000002,3.5100000000000002,3.56,1.615,2.4425,0.89,1.38,1.1,1.42,1.27,1.09,8.72,11.09,10.79,10.85,10.04,9.8,1.75,2.9,3.02,3.29,1.65,2.34,0.93,1.29,1.07,1.15,1.27,1.17,9.32,10.91,10.44,10.14,9.7,10.28,1.87,2.74,2.38,2.58,2.33,2.45,0.92,1.57,1.51,1.55,1.06,1.07,8.81,11.92,12.13,12.23,12.17,9.6,1.68,3.29,3.74,3.78,0.3,2.22
2017-03-01,0.9199999999999999,1.34,1.278,1.482,1.346,1.126,9.01,11.11,10.806000000000001,11.356,11.004,10.044,1.8399999999999999,2.84,2.78,2.6740000000000004,2.5300000000000002,2.386,0.9359999999999999,1.224,1.1300000000000001,1.2,1.346,1.158,9.681999999999999,10.986,10.86,10.418000000000001,10.072,10.512,1.986,2.616,2.4619999999999997,2.436,2.57,2.418,0.9640000000000001,1.6,1.778,1.752,1.114,1.142,9.274,11.984,11.776,11.972,12.712,10.068000000000001,1.752,3.28,3.34,3.134,1.738,2.3600000000000003,0.91,1.36,1.32,1.59,1.38,1.13,9.35,11.49,11.39,11.48,10.81,10.42,1.79,3.02,3.23,3.15,2.32,2.5,0.97,1.28,1.27,1.23,1.38,1.22,9.87,11.23,11.56,10.65,10.14,10.74,1.96,2.72,2.86,2.55,2.32,2.48,0.94,1.56,1.84,1.87,1.6,1.1,9.88,12.62,11.5,12.35,13.06,10.79,1.7,3.5,3.64,3.85,1.93,2.52
2017-04-01,0.925,1.4725,1.5175,1.83,1.45,1.2175,9.6175,11.7575,12.3275,12.66,12.25,10.68,1.94,2.9975,2.735,2.62,2.2425,2.5125,0.9425,1.3125,1.1475,1.21,1.4475,1.2149999999999999,10.1225,11.51,11.122499999999999,11.21,10.98,10.9925,2.0875,2.715,2.3925,2.6025,2.2975,2.495,0.97,1.76,2.04,2.2775,1.225,1.25,9.935,13.0075,13.89,13.465,13.575,10.835,1.8425,3.515,3.07,2.8,1.9024999999999999,2.5425,0.95,1.47,1.81,1.72,1.42,1.22,9.79,12.07,13.17,13.36,12.95,10.93,1.97,3.02,3.58,2.35,2.03,2.52,0.9,1.34,1.13,1.2,1.41,1.21,10.2,11.79,11.35,11.11,12.15,11.2,2.11,2.79,2.39,2.41,2.04,2.54,1.01,1.71,2.41,2.32,1.73,1.26,10.07,13.58,14.38,14.29,14.2,11.05,1.88,3.53,4.18,2.18,1.86,2.5
2017-05-01,0.9225,1.5150000000000001,1.2974999999999999,1.4075,1.4775,1.2175,10.0825,12.4675,13.442499999999999,13.772499999999999,12.365,11.3375,2.01,3.165,3.585,3.04,3.2675,2.665,0.97,1.3675,1.18,1.22,1.4775,1.2650000000000001,10.485,12.16,12.0125,11.4325,11.6675,11.5775,2.16,2.8850000000000002,2.75,2.5425,3.065,2.6525,0.9675,1.82,1.8625,1.7575,1.17,1.23,10.5225,13.932500000000001,14.95,14.7725,13.035,11.665,1.93,3.72,4.215,3.4025,2.215,2.685,1.02,1.5,1.53,1.44,1.53,1.28,10.41,12.57,12.85,14.1,12.52,11.62,2.1,3.12,3.82,3.3,2.77,2.7,1.03,1.37,1.2,1.24,1.53,1.3,10.62,12.29,11.65,11.33,12.02,11.79,2.23,2.89,2.69,2.49,2.8,2.7,1.08,1.83,2.29,1.82,1.43,1.31,10.82,13.99,15.21,14.72,13.8,11.85,2.03,3.65,4.47,4.14,1.03,2.7
2017-06-01,0.9880000000000001,1.6219999999999999,1.354,1.576,1.47,1.308,10.624,12.922,13.416,14.3,12.294,11.836,2.102,3.254,3.71,3.276,2.682,2.728,1.028,1.49,1.208,1.326,1.47,1.3719999999999999,10.959999999999999,12.6,12.58,12.392,11.218,12.012,2.2640000000000002,2.972,2.91,2.886,2.844,2.724,1.036,1.908,2.1100000000000003,1.9240000000000002,1.416,1.292,11.152,14.382,14.802000000000001,15.112,14.303999999999998,12.274,2.0,3.8299999999999996,4.386,3.846,1.656,2.7399999999999998,1.02,1.57,1.35,1.75,1.4,1.29,10.8,13.07,13.72,14.52,11.36,12.05,2.01,3.37,3.55,3.4,2.53,2.79,1.15,1.45,1.23,1.3,1.4,1.38,11.03,12.78,12.99,13.54,11.2,12.2,2.2,2.94,2.78,3.27,2.55,2.7,1.04,1.93,2.05,2.22,1.14,1.25,11.59,14.58,15.24,15.76,13.55,12.7,1.9,4.06,3.96,3.89,2.53,2.89
2017-07-01,0.98,1.47,1.4300000000000002,1.59,1.51,1.24,10.83,12.895,13.045,13.9825,11.7425,11.89,2.2075,3.2375,3.04,2.9,2.5949999999999998,2.76,0.99,1.225,1.1524999999999999,1.27,1.4625,1.185,11.05,12.7325,12.27,11.817499999999999,11.145,12.1175,2.3375,2.9875,2.665,2.8725,2.47,2.7624999999999997,1.03,1.84,2.08,2.505,1.24,1.32,11.435,14.075,14.74,14.4875,13.690000000000001,12.2525,2.1225,3.7675,3.785,3.1675,2.4575,2.775,0.96,1.47,1.36,1.45,1.51,1.22,10.81,12.91,12.83,13.71,11.34,11.81,2.16,3.27,2.89,2.84,2.48,2.7,1.0,1.19,1.16,1.24,1.51,1.17,10.96,12.7,12.02,11.6,10.92,11.98,2.23,3.0,2.61,2.8,2.49,2.69,1.0,1.75,2.22,1.96,0.8,1.29,11.37,14.14,14.27,14.67,13.91,12.21,2.12,3.78,3.63,3.44,1.56,2.72
2017-08-01,1.0025,1.4625,1.6,1.6375,1.5275,1.2675,10.877500000000001,12.81,13.265,12.8875,11.225,11.915,2.1475,3.2525000000000004,3.2625,3.04,2.58,2.7975,0.975,1.1925,1.13,1.295,1.5275,1.1875,11.0475,12.6475,12.549999999999999,11.325,10.9375,12.11,2.2725,2.9925,2.755,2.9250000000000003,2.5925000000000002,2.7775,1.0550000000000002,1.88,2.2375,2.0125,0.9,1.365,11.535,13.875,14.5975,14.0275,11.815,12.295,2.0775,3.7575000000000003,3.7275,3.2775,1.99,2.83,1.02,1.45,1.75,1.63,1.54,1.27,10.88,12.83,12.5,12.75,10.95,11.89,2.09,3.22,3.15,2.86,2.76,2.71,1.02,1.21,1.11,1.3,1.54,1.21,11.03,12.68,12.37,11.28,10.86,12.11,2.3,3.01,2.67,2.85,2.78,2.77,1.07,1.77,2.24,2.1,0.77,1.35,11.32,14.02,14.29,14.1,10.49,12.1,1.97,3.63,3.73,2.92,1.36,2.65
2017-09-01,1.046,1.41,1.672,1.546,1.574,1.262,10.862,12.792,12.906,12.797999999999998,11.596,11.878,2.192,3.2399999999999998,3.2619999999999996,2.8520000000000003,2.4699999999999998,2.784,0.958,1.186,1.1460000000000001,1.298,1.574,1.176,11.158000000000001,12.648,12.542,11.826,10.696000000000002,12.122,2.348,2.976,2.7939999999999996,2.592,2.4880000000000004,2.768,1.114,1.786,2.2299999999999995,2.128,1.5059999999999998,1.362,11.459999999999999,13.892000000000001,13.776,13.882,12.658,12.254000000000001,2.086,3.768,3.9520000000000004,3.444,1.796,2.806,1.03,1.42,1.62,2.02,1.58,1.28,10.96,13.08,12.92,13.62,11.73,12.15,2.04,3.45,3.34,3.16,2.34,2.94,0.97,1.24,1.12,1.4,1.6,1.21,11.23,12.88,12.63,11.65,10.88,12.33,2.29,3.12,2.9,3.14,2.38,2.89,1.1,1.74,2.3,2.31,1.4,1.36,11.59,14.3,13.52,15.2,13.83,12.65,1.88,3.93,3.97,3.33,1.21,3.01
2017-10-01,1.04,1.4275,1.2825,1.69,1.6,1.2425,11.0625,12.875,12.98,12.45,11.127500000000001,11.934999999999999,2.19,3.21,2.985,3.125,2.92,2.76,1.0175,1.19,1.135,1.3075,1.6,1.17,11.345,12.7775,12.4,11.825,10.495000000000001,12.22,2.3249999999999997,2.95,2.705,3.045,2.83,2.74,1.085,1.79,1.84,2.0075,1.3475000000000001,1.3225,11.774999999999999,13.795,13.86,13.2275,11.405000000000001,12.34,2.1125,3.6775,3.38,3.56,3.4025,2.78,0.95,1.49,1.23,1.73,1.58,1.24,11.24,12.86,12.99,12.38,11.39,12.04,2.05,3.13,2.96,2.82,2.96,2.64,0.96,1.2,1.18,1.28,1.58,1.17,11.39,12.79,12.39,11.29,10.38,12.27,2.28,2.93,2.88,2.66,2.92,2.73,0.98,1.92,1.53,2.07,1.53,1.31,11.87,13.77,14.62,13.3,13.13,12.37,1.93,3.58,3.21,3.82,3.55,2.51
2017-11-01,1.02,1.4024999999999999,1.315,1.5425,1.5925,1.22,11.1875,13.01,13.23,13.0825,11.86,12.07,2.2075,3.2275,2.7375,2.7975,2.4375,2.7925,1.045,1.19,1.1225,1.3475000000000001,1.5550000000000002,1.1675,11.5425,12.855,12.3225,12.3075,10.9525,12.34,2.34,2.97,2.56,2.775,2.45,2.7725,1.05,1.7025000000000001,1.8225,1.9475000000000002,1.935,1.2850000000000001,11.7275,14.105,14.5875,12.9925,13.5475,12.43,2.125,3.6525,3.415,2.81,2.105,2.81,1.01,1.41,1.24,1.46,1.55,1.22,11.28,13.04,13.22,12.54,12.54,12.17,2.12,3.17,2.82,2.85,2.69,2.75,0.99,1.2,1.16,1.36,1.58,1.17,11.54,12.88,12.19,12.36,10.35,12.38,2.29,2.96,2.72,2.86,2.73,2.76,1.05,1.74,1.75,1.77,0.64,1.29,11.69,14.15,15.08,13.07,14.12,12.39,2.03,3.55,3.63,1.64,2.51,2.74
2017-12-01,0.9880000000000001,1.488,1.478,1.904,1.532,1.252,11.236,13.441999999999998,13.830000000000002,14.107999999999999,13.725999999999999,12.356,2.284,3.3619999999999997,3.18,3.4019999999999997,2.7800000000000002,2.8760000000000003,1.018,1.226,1.166,1.4140000000000001,1.534,1.18,11.596,13.228,13.382,12.668000000000001,11.954,12.636,2.372,3.05,2.844,3.278,2.896,2.832,1.006,1.8739999999999999,1.846,1.8820000000000001,1.056,1.304,11.931999999999999,14.830000000000002,15.344,14.87,14.378,12.824000000000002,2.256,3.906,3.882,3.6060000000000003,2.218,2.928,0.99,1.5,1.23,2.25,1.5,1.27,11.22,13.85,14.48,14.85,13.52,12.75,2.23,3.63,3.62,4.06,3.31,3.11,1.03,1.27,1.23,1.52,1.5,1.22,11.53,13.66,14.23,14.44,13.06,12.99,2.32,3.22,3.35,3.78,3.3,2.98,1.0,1.89,1.08,2.16,1.36,1.29,12.07,15.31,15.72,16.68,14.05,13.38,2.2,4.22,4.44,4.54,1.36,3.26
2018-01-01,1.045,1.4375,1.435,1.7175,1.5150000000000001,1.245,11.21,13.432500000000001,13.31,14.0775,12.695,12.305,2.3475,3.35,2.9675,2.815,3.135,2.8925,0.995,1.21,1.265,1.3925,1.5175,1.1724999999999999,11.555,13.27,12.8275,12.675,11.4825,12.6475,2.3925,3.0525,2.7199999999999998,2.9450000000000003,3.2024999999999997,2.835,1.08,1.7525,1.9300000000000002,1.905,0.77,1.3050000000000002,12.015,14.765,14.2475,14.6,14.2875,12.75,2.3449999999999998,3.85,3.4025,2.5375,1.8175000000000001,2.9675000000000002,1.04,1.46,1.52,1.48,1.51,1.25,11.28,13.34,13.25,13.58,14.17,12.32,2.32,3.31,2.82,2.72,2.74,2.87,1.04,1.21,1.3,1.25,1.51,1.18,11.61,13.19,12.79,12.33,12.08,12.64,2.43,2.99,2.75,2.83,2.82,2.8,1.06,1.81,2.19,1.72,0.59,1.3,11.88,14.52,14.87,14.9,14.98,12.56,2.27,3.83,3.55,2.39,1.01,2.96
2018-02-01,1.06,1.4475,1.425,1.45,1.44,1.2650000000000001,11.355,13.495,13.407499999999999,13.8875,13.065,12.4375,2.435,3.3,2.9675000000000002,3.0725000000000002,2.4,2.9175,1.0075,1.2075,1.1624999999999999,1.315,1.4725,1.165,11.8125,13.335,12.7075,12.655,12.02,12.7725,2.6,3.0375,2.715,3.065,2.56,2.8875,1.105,1.77,1.8475,1.6875,0.875,1.3525,11.969999999999999,14.625,14.8375,15.045,13.6,12.7975,2.3225,3.745,3.5075,3.195,2.37,2.955,1.07,1.41,1.57,1.39,1.49,1.25,11.61,13.43,13.58,13.32,13.99,12.51,2.5,3.37,2.93,2.68,2.48,3.0,1.04,1.19,1.13,1.35,1.49,1.16,11.98,13.28,12.7,12.61,11.72,12.77,2.8,3.02,2.92,2.73,2.46,2.93,1.12,1.68,2.01,1.55,1.39,1.35,12.06,14.59,14.95,14.96,13.94,12.8,2.27,3.79,3.15,2.57,3.49,3.07
2018-03-01,1.042,1.452,1.316,1.566,1.48,1.262,11.553999999999998,13.526,13.616,13.658000000000001,11.986,12.552000000000001,2.396,3.342,2.936,3.158,3.028,2.942,1.002,1.208,1.176,1.246,1.4460000000000002,1.162,11.98,13.386000000000001,13.372,13.062000000000001,11.65,12.863999999999999,2.5100000000000002,3.054,2.816,3.028,3.156,2.886,1.108,1.78,1.826,1.8379999999999999,1.464,1.356,12.126000000000001,14.681999999999999,14.668000000000001,14.437999999999999,12.148,12.904,2.336,3.836,3.572,3.146,1.634,3.0060000000000002,1.04,1.37,1.28,1.59,1.53,1.22,11.75,13.72,14.48,14.55,12.26,12.81,2.4,3.5,3.32,3.56,2.86,3.11,1.01,1.19,1.22,1.24,1.52,1.16,12.09,13.48,14.21,12.81,12.02,12.98,2.45,3.13,3.24,3.57,2.88,2.95,1.1,1.74,1.61,1.77,1.67,1.3,12.33,14.86,15.4,15.05,14.3,13.23,2.39,4.02,3.76,3.35,1.58,3.27
2018-04-01,0.9924999999999999,1.495,1.4075,1.73,1.5775000000000001,1.2650000000000001,11.695,13.584999999999999,13.3225,14.135,11.0875,12.625,2.4375,3.3525,3.12,3.285,3.2625,2.9625,0.9975,1.2125,1.14,1.3075,1.5075,1.1625,12.06,13.4775,13.145,12.887500000000001,12.23,12.9275,2.51,3.085,2.995,3.29,3.1175,2.9225,1.0175,1.815,1.9725000000000001,2.075,1.5625,1.3425,12.21,14.5825,14.837499999999999,15.004999999999999,12.46,12.879999999999999,2.405,3.8425000000000002,3.7675,3.135,3.5549999999999997,3.0025,0.96,1.39,1.46,1.81,1.8,1.21,11.77,13.45,13.13,14.43,12.62,12.63,2.33,3.27,3.22,2.76,3.47,2.89,0.95,1.16,1.13,1.24,1.52,1.12,11.99,13.36,12.99,12.71,13.02,12.86,2.36,3.01,3.0,2.94,3.38,2.86,0.98,1.76,1.93,2.29,2.38,1.27,12.39,14.56,14.26,15.18,14.8,12.98,2.33,3.84,4.12,2.08,3.79,2.92
2018-05-01,1.0375,1.4875,1.54,1.6,1.595,1.2775,11.9675,13.92,13.9225,13.9675,13.3,12.9225,2.39,3.5025,2.8675,2.975,3.6100000000000003,3.0300000000000002,0.9925,1.24,1.19,1.385,1.5175,1.18,12.215,13.7725,13.2425,12.4925,12.8925,13.1625,2.3449999999999998,3.1975,2.755,2.835,3.19,2.985,1.0750000000000002,1.7775,2.0625,1.9275,1.1099999999999999,1.35,12.6475,15.07,15.07,15.352500000000001,14.1775,13.375,2.415,4.0275,3.3925,3.5725,4.0625,3.0825,1.05,1.52,1.87,1.55,1.57,1.29,12.61,14.17,13.8,14.54,12.87,13.27,2.42,3.67,3.12,3.28,3.83,3.11,0.96,1.26,1.23,1.34,1.58,1.18,12.67,13.98,13.4,12.27,13.05,13.39,2.39,3.26,3.02,2.91,3.02,3.0,1.1,1.77,2.3,1.86,0.49,1.36,13.23,15.51,15.92,16.05,12.58,13.75,2.44,4.22,3.79,4.38,4.28,3.21
2018-06-01,1.026,1.584,1.488,1.526,1.556,1.304,14.084,16.1,15.786000000000001,18.146,14.866,15.094,2.576,3.632,3.2019999999999995,3.502,3.018,3.166,1.022,1.266,1.232,1.442,1.548,1.21,14.172,15.784,15.785999999999998,15.872,14.514,15.156,2.532,3.284,3.12,3.6019999999999994,3.012,3.0620000000000003,1.056,1.9780000000000002,2.202,1.8099999999999998,1.502,1.384,15.232,18.130000000000003,17.720000000000002,18.23,16.208,16.09,2.6,4.2780000000000005,3.4840000000000004,3.138,2.652,3.286,0.98,1.71,1.33,1.52,1.53,1.36,14.85,17.35,18.28,19.96,15.02,16.21,2.58,3.95,3.54,4.68,3.22,3.44,1.05,1.27,1.24,1.52,1.51,1.22,14.65,16.89,17.74,18.26,14.96,16.07,2.49,3.51,3.49,4.68,3.23,3.25,0.99,2.12,2.12,1.53,1.84,1.48,16.57,19.57,20.5,20.45,16.6,17.68,2.64,4.61,3.74,4.5,1.74,3.66
2018-07-01,1.0425,1.6575,1.6425,1.5325,1.605,1.375,15.3575,17.4175,17.865000000000002,17.4925,15.297500000000001,16.365000000000002,2.6725,3.79,3.765,3.8425000000000002,3.325,3.33,1.0125,1.3,1.2275,1.42,1.605,1.25,15.195,17.11,16.7075,16.4125,15.33,16.35,2.6550000000000002,3.4275,3.2725,3.255,3.37,3.2225,1.095,2.085,2.3225,2.11,1.3900000000000001,1.49,16.6025,19.345,19.9125,19.439999999999998,17.9325,17.375,2.6825,4.452500000000001,4.5649999999999995,3.79,2.4175,3.4375,1.09,1.7,1.83,1.45,1.64,1.42,15.66,17.91,17.25,16.91,15.14,16.76,2.62,3.96,3.95,4.05,3.24,3.45,1.01,1.35,1.23,1.43,1.64,1.3,15.38,17.64,16.82,15.88,15.4,16.73,2.54,3.55,3.23,2.44,3.27,3.3,1.15,2.11,2.51,1.61,0.78,1.52,16.85,19.36,20.21,19.68,16.92,17.64,2.67,4.57,4.76,4.58,1.52,3.59
2018-08-01,1.1480000000000001,1.73,1.658,1.552,1.768,1.45,16.336000000000002,18.27,16.964,16.644,15.645999999999997,17.218,2.966,3.974,3.17,3.178,3.226,3.5200000000000005,1.06,1.35,1.324,1.536,1.768,1.3279999999999998,16.064,17.972,16.252000000000002,16.244,15.578,17.142000000000003,2.888,3.554,2.9059999999999997,3.2640000000000002,3.232,3.346,1.208,2.266,2.6399999999999997,1.8199999999999998,1.07,1.568,17.740000000000002,20.514,19.476,16.312,17.448,18.428,3.0140000000000002,4.836,3.964,3.4159999999999995,2.7439999999999998,3.7019999999999995,1.2,1.84,1.55,1.64,1.83,1.57,17.38,19.5,16.56,17.48,16.81,18.48,3.16,4.33,3.26,3.56,3.47,3.87,1.03,1.46,1.38,1.65,1.83,1.44,16.83,19.02,16.85,18.07,16.59,18.24,3.03,3.91,3.12,3.57,3.48,3.69,1.29,2.5,2.77,1.59,0.56,1.73,19.1,22.42,17.58,17.17,22.32,20.03,3.27,5.26,4.27,4.21,1.47,4.13
2018-09-01,1.3875,2.515,1.8050000000000002,2.015,2.3375,1.9625,21.205,24.1425,22.7275,23.6575,23.122500000000002,22.627499999999998,3.795,5.63,5.12,4.9125,4.2225,4.8325,1.125,1.81,1.6675,2.0125,2.34,1.7225,20.405,23.3725,22.365000000000002,23.2925,22.3825,22.2,3.225,4.805,4.8475,4.465,4.23,4.362500000000001,1.52,3.5,2.81,1.9024999999999999,2.075,2.205,23.7775,27.9825,27.2575,25.78,22.07,24.990000000000002,4.11,6.9525,6.2325,4.797499999999999,3.6174999999999997,5.32,1.44,2.69,1.75,2.14,2.5,2.03,22.78,25.4,24.38,25.88,25.03,23.95,4.03,5.76,5.49,6.6,4.65,4.91,1.14,1.92,1.72,2.09,2.51,1.8,21.81,25.06,24.87,25.13,23.74,23.64,3.45,5.02,4.82,5.26,4.62,4.48,1.58,3.68,2.51,3.51,2.58,2.26,25.43,28.23,26.56,25.96,22.0,26.11,4.36,6.93,7.51,8.73,5.35,5.33
2018-10-01,1.6524999999999999,2.5975,2.4,2.225,2.445,2.155,22.8525,25.314999999999998,25.3575,25.495,23.697499999999998,24.11,3.945,5.2575,4.5525,4.995,4.8525,4.6875,1.3125,1.935,1.7825,2.235,2.435,1.81,22.009999999999998,25.002499999999998,25.0775,25.009999999999998,23.92,23.925,3.4225000000000003,4.8025,4.38,4.9799999999999995,4.8375,4.4275,1.815,3.4325,3.4975,2.37,2.0774999999999997,2.465,25.02,27.2825,27.6925,26.384999999999998,24.689999999999998,25.655,4.22,6.085,5.755,5.1875,4.8525,4.97,1.64,2.47,2.2,2.15,2.32,2.01,23.04,25.58,25.75,26.16,23.46,24.3,3.79,5.25,4.41,6.12,4.55,4.57,1.26,1.97,1.71,2.14,2.32,1.77,22.11,25.31,25.28,25.18,24.41,24.1,3.43,4.98,4.34,6.13,4.5,4.53,1.8,3.11,3.4,2.67,2.37,2.21,24.86,27.4,27.82,26.6,24.44,25.52,3.97,5.78,5.39,5.44,4.99,4.62
2018-11-01,1.4620000000000002,2.1239999999999997,2.12,2.244,2.0420000000000003,1.8,22.042,24.125999999999998,25.554,25.089999999999996,23.696,23.166,3.586,4.612,4.314,4.55,4.196,4.138,1.23,1.7259999999999998,1.6640000000000001,1.94,2.0460000000000003,1.592,21.772,23.952,25.344,24.892000000000003,23.637999999999998,23.226,3.346,4.29,4.176,4.396,4.29,4.01,1.59,2.652,3.214,3.116,1.614,1.986,23.56,25.782,26.6,25.334,24.534,24.18,3.7120000000000006,5.226,4.964,4.84,2.344,4.274,1.36,2.0,1.68,2.31,1.88,1.64,21.66,23.99,25.46,25.13,23.68,23.02,3.42,4.41,4.38,4.26,3.94,3.9,1.27,1.76,1.65,1.78,1.88,1.57,21.28,23.85,25.42,24.94,23.72,23.07,3.19,4.18,4.33,3.92,3.97,3.84,1.45,2.38,1.86,2.77,1.94,1.72,23.13,25.3,26.01,24.72,23.99,23.69,3.56,4.89,4.99,5.05,1.75,3.98
2018-12-01,1.27,1.8425,2.3375,2.1574999999999998,1.92,1.5925,21.3825,23.2225,23.605,23.565,21.8025,22.245,3.2275,4.2125,4.3175,4.0975,3.58,3.7775,1.1749999999999998,1.5325,1.72,1.7525,1.9225,1.47,21.2175,23.0575,23.052500000000002,22.4225,21.2925,22.32,3.2,3.9675,4.2475000000000005,4.085,4.0425,3.7675,1.345,2.2925,3.5675,2.7575000000000003,1.46,1.7175,22.6875,24.9675,25.4675,24.235,22.195,23.245,3.2475,4.755,4.6325,4.195,3.23,3.7925,1.24,1.9,2.14,2.02,1.99,1.6,21.43,23.59,24.07,23.85,22.39,22.51,3.04,4.38,4.25,4.37,2.64,3.82,1.18,1.65,1.59,1.93,1.99,1.56,21.25,23.36,23.36,22.68,21.52,22.54,3.05,4.14,4.2,4.34,4.47,3.87,1.31,2.32,3.13,3.0,2.02,1.67,22.64,25.11,25.38,24.03,21.23,23.35,3.06,4.81,3.93,4.65,2.03,3.77
2019-01-01,1.165,1.65,1.7525,1.57,1.6800000000000002,1.42,20.435000000000002,22.085,21.42,21.6975,19.825,21.1475,3.035,3.9675,3.865,3.5925000000000002,3.855,3.545,1.1025,1.4125,1.465,1.5375,1.6775,1.345,20.625,22.1125,21.4075,21.009999999999998,19.6825,21.490000000000002,2.95,3.7475,3.6574999999999998,3.735,3.8725,3.5175,1.2275,1.955,2.2,1.9475,1.7475,1.4975,21.572499999999998,23.0625,22.63,21.755,20.31,21.884999999999998,3.09,4.4425,4.695,3.2925,3.37,3.58,1.12,1.47,1.36,1.51,1.51,1.3,19.97,21.45,20.46,21.19,18.47,20.6,2.92,3.78,3.77,3.35,3.03,3.4,1.08,1.28,1.35,1.31,1.52,1.24,20.2,21.42,20.44,19.8,18.52,20.91,2.85,3.6,3.66,3.58,3.08,3.39,1.18,1.66,1.4,2.71,1.05,1.36,20.91,22.72,22.75,21.24,19.77,21.3,2.96,4.16,4.3,2.67,1.98,3.4
2019-02-01,1.1025,1.3325,1.335,1.355,1.3525,1.2125,19.355,20.9025,20.1425,20.035,17.61,20.04,2.8075,3.5625,3.3,3.0225,3.42,3.2125,0.9475,1.21,1.28,1.2875,1.3775,1.1425,19.5225,20.9525,20.0,19.285,17.855,20.3475,2.79,3.3775,3.245,3.15,3.3825,3.1975,1.1675,1.5,1.4575,1.5425,1.05,1.2775,20.4325,21.835,21.025,20.8675,17.9375,20.7375,2.8125,3.935,3.5700000000000003,3.315,3.3725,3.235,1.06,1.22,1.22,1.28,1.25,1.14,19.23,20.68,19.74,20.43,17.57,19.88,2.7,3.33,3.08,2.99,3.52,3.05,0.9,1.12,1.21,1.25,1.24,1.07,19.31,20.74,20.01,19.09,18.23,20.15,2.61,3.18,3.05,2.93,3.53,3.02,1.13,1.37,1.26,1.45,1.56,1.21,20.07,21.57,20.76,20.83,18.47,20.38,2.75,3.72,3.39,3.6,3.11,3.09
2019-03-01,1.02,1.184,1.1940000000000002,1.238,1.114,1.1,19.066,20.536,19.131999999999998,19.622,17.928,19.654,2.746,3.2359999999999998,3.1239999999999997,3.15,2.622,3.002,0.8400000000000001,1.05,1.052,1.078,1.116,0.992,19.192,20.663999999999998,19.726,19.03,18.084,19.982,2.598,3.092,3.0439999999999996,2.8280000000000003,2.722,2.932,1.1019999999999999,1.338,1.394,1.3719999999999999,0.868,1.1800000000000002,20.134,21.22,20.724,20.604000000000003,18.048,20.37,2.8240000000000003,3.558,3.432,3.6399999999999997,2.4560000000000004,3.082,0.95,1.12,1.2,1.24,1.09,1.03,19.51,20.5,18.22,19.65,17.79,19.9,2.82,3.24,3.31,2.82,1.94,3.03,0.78,1.05,1.18,1.04,1.09,0.98,19.31,20.72,19.83,19.28,18.01,20.11,2.54,3.09,3.23,2.6,1.76,2.92,1.02,1.26,1.39,1.44,0.95,1.09,20.56,21.11,20.02,21.03,16.99,20.66,2.96,3.59,3.52,3.8,3.38,3.16
2019-04-01,0.945,1.145,1.2,1.12,1.125,1.0425,20.085,21.295,19.395,19.5475,17.705000000000002,20.54,2.755,3.2225,2.98,3.085,3.1675,2.9825,0.7925,0.9975,1.0550000000000002,1.0625,1.1075,0.94,19.9075,21.3925,20.305,20.3275,18.192500000000003,20.705,2.52,3.0525,2.895,2.8325,3.1950000000000003,2.8674999999999997,1.0150000000000001,1.2975,1.4649999999999999,1.4475,0.9275,1.11,21.2925,22.11,19.79,18.2975,14.1725,21.4375,2.8775,3.555,3.5525,3.91,2.985,3.105,0.94,1.19,1.23,1.1,1.09,1.07,21.03,21.93,20.11,19.77,18.32,21.35,2.6,3.19,3.06,2.96,2.63,2.91,0.76,0.97,1.07,1.07,1.09,0.91,20.54,22.06,21.06,20.96,19.14,21.34,2.43,2.96,2.88,2.84,2.97,2.78,1.02,1.34,1.47,1.29,0.61,1.15,22.24,22.95,19.38,18.19,14.21,22.34,2.69,3.56,3.74,3.17,1.7,3.05
2019-05-01,0.8539999999999999,1.094,1.1280000000000001,1.138,1.108,0.974,21.948,22.894,21.112000000000002,21.45,20.166,22.296,2.6399999999999997,3.152,2.98,3.224,3.338,2.902,0.752,0.9620000000000001,1.036,1.066,1.106,0.9039999999999999,21.462,22.94,21.766,21.622,19.887999999999998,22.254,2.552,3.0140000000000002,2.918,3.064,3.2700000000000005,2.85,0.9099999999999999,1.238,1.384,1.284,0.9460000000000001,1.022,23.404,24.114,23.522,21.601999999999997,17.742,23.514,2.686,3.4619999999999997,3.4859999999999998,3.7299999999999995,2.284,2.958,0.78,1.12,1.07,1.06,1.12,0.96,22.41,23.28,20.53,24.08,18.67,22.72,2.65,3.14,3.08,3.23,3.33,2.9,0.74,0.9,1.05,1.06,1.11,0.86,21.82,23.33,22.22,22.26,18.2,22.62,2.66,2.96,2.99,3.1,2.86,2.84,0.82,1.27,1.15,1.08,1.3,0.99,23.89,24.25,23.66,22.54,21.68,23.94,2.62,3.48,3.47,3.37,3.67,2.96
2019-06-01,0.7324999999999999,0.9675,1.1099999999999999,1.085,1.085,0.8525,22.17,23.275,21.695,22.6025,19.427500000000002,22.62,2.5675,3.0975,3.08,2.985,2.8449999999999998,2.84,0.69,0.8674999999999999,1.0525,1.07,1.085,0.835,21.695,23.2325,22.1475,22.18,19.7,22.552500000000002,2.4725,2.9575,3.0425,3.16,2.9074999999999998,2.7824999999999998,0.76,1.1175,1.2574999999999998,1.16,0.6825,0.875,23.735,24.4825,23.5975,23.025,18.72,23.9175,2.62,3.4225000000000003,3.36,2.4275,1.695,2.9074999999999998,0.72,0.99,1.23,1.06,1.08,0.86,22.34,23.55,23.37,22.73,18.77,22.89,2.63,3.18,3.46,3.36,2.8,2.92,0.69,0.84,1.18,1.04,1.08,0.83,21.81,23.35,23.07,22.38,18.79,22.7,2.62,2.94,3.45,3.34,2.98,2.83,0.75,1.18,1.4,1.17,0.88,0.91,23.73,25.11,25.44,23.9,21.43,24.1,2.62,3.62,3.44,3.42,2.56,3.05
2019-07-01,0.7025,0.9650000000000001,1.085,1.03,1.07,0.8375,20.9125,22.26,21.07,20.8775,17.8825,21.4725,2.495,3.05,2.9975,3.045,3.09,2.77,0.63,0.815,0.975,1.0075,1.06,0.775,20.7525,22.2225,21.015,20.6125,17.765,21.55,2.3499999999999996,2.8975,2.9025,3.11,3.12,2.69,0.7375,1.1375,1.3775,1.1875,1.02,0.875,22.2375,23.572499999999998,22.3675,21.0975,18.6525,22.5425,2.6025,3.4125,3.295,2.4,2.405,2.8674999999999997,0.66,0.91,1.02,0.99,1.02,0.79,19.53,20.85,19.58,19.41,16.54,20.09,2.49,2.99,2.85,2.74,3.22,2.74,0.61,0.79,0.93,0.96,1.02,0.75,19.47,20.93,19.87,19.31,16.61,20.26,2.42,2.86,2.82,2.82,3.23,2.68,0.69,1.05,1.27,1.21,0.94,0.82,20.43,21.95,20.43,19.41,16.29,20.79,2.54,3.31,2.87,2.55,2.6,2.82
2019-08-01,0.5780000000000001,0.784,0.8240000000000001,0.9259999999999999,0.9620000000000001,0.6859999999999999,17.68,18.240000000000002,16.142000000000003,15.559999999999999,13.868,17.880000000000003,2.3259999999999996,2.772,2.93,2.7939999999999996,2.684,2.55,0.534,0.674,0.8,0.906,0.9620000000000001,0.6599999999999999,17.68,18.298000000000002,16.52,15.324000000000002,13.654,17.964,2.122,2.658,2.706,2.758,2.69,2.462,0.604,0.916,0.9199999999999999,0.9640000000000001,0.6140000000000001,0.704,18.541999999999998,18.746000000000002,16.802,16.394,14.768,18.576,2.476,3.072,3.3339999999999996,2.928,2.376,2.678,0.49,0.68,0.67,0.85,0.78,0.59,16.79,17.41,14.85,14.31,12.91,17.01,2.28,2.67,2.84,2.62,2.49,2.47,0.44,0.59,0.68,0.76,0.78,0.57,16.7,17.58,15.61,14.66,12.83,17.11,2.18,2.53,2.63,2.55,2.5,2.39,0.52,0.79,0.65,1.0,0.51,0.61,17.66,17.67,15.12,14.18,14.24,17.63,2.37,2.96,3.03,3.22,2.32,2.59
2019-09-01,0.4125,0.56,0.575,0.6475,0.6799999999999999,0.4925,15.0725,15.9225,14.2975,14.4075,13.265,15.387500000000001,2.0975,2.5025,2.6525,2.82,2.51,2.3075,0.365,0.4625,0.56,0.62,0.6799999999999999,0.4525,15.1725,15.9325,14.4125,14.1025,12.95,15.55,1.93,2.39,2.6275,2.71,2.505,2.23,0.43,0.665,0.665,0.74,0.5575,0.5125,15.8025,16.517500000000002,15.11,14.705,12.2875,15.9375,2.2199999999999998,2.77,2.7824999999999998,2.9975,2.2225,2.4050000000000002,0.36,0.45,0.49,0.55,0.58,0.41,14.42,14.78,13.28,13.24,12.57,14.56,2.06,2.43,2.51,2.79,2.55,2.26,0.33,0.4,0.48,0.52,0.58,0.39,14.37,14.75,13.72,13.02,12.65,14.56,1.99,2.32,2.5,2.79,2.56,2.21,0.37,0.55,0.59,0.63,0.32,0.43,15.01,15.33,13.97,14.31,11.13,15.07,2.12,2.69,2.48,2.65,2.14,2.32
2019-10-01,0.305,0.4275,0.4525,0.46,0.5075000000000001,0.37,13.2725,13.9475,11.7925,12.51,11.99,13.51,1.8725,2.3,2.3375,2.4450000000000003,2.415,2.0875,0.28,0.3375,0.44999999999999996,0.46,0.51,0.335,13.3325,13.932500000000001,12.735,12.190000000000001,11.932500000000001,13.6225,1.73,2.185,2.3175,2.3,2.3925,2.0225,0.3075,0.4975,0.4575,0.51,0.41250000000000003,0.3825,13.74,14.5,12.6425,12.6425,13.127500000000001,13.895,1.9725,2.5725,2.4725,2.5375,2.3274999999999997,2.1725,0.27,0.44,0.42,0.43,0.49,0.36,12.5,13.59,11.58,12.55,11.26,12.9,1.84,2.26,2.27,2.22,2.46,2.04,0.25,0.3,0.39,0.43,0.49,0.3,12.37,13.51,12.46,11.81,11.39,12.92,1.79,2.15,2.27,2.23,2.31,2.0,0.27,0.5,0.57,0.44,0.39,0.36,13.01,14.23,12.43,12.28,7.91,13.29,1.88,2.51,2.28,1.66,3.38,2.09
2019-11-01,0.22400000000000003,0.32199999999999995,0.328,0.368,0.372,0.274,11.475999999999999,12.266,10.714,11.372,10.482,11.776,1.6440000000000001,2.148,2.2560000000000002,2.234,2.2039999999999997,1.904,0.238,0.272,0.324,0.354,0.374,0.266,11.58,12.266,11.23,10.943999999999999,10.344,11.924000000000001,1.588,2.05,2.1380000000000003,2.198,2.2640000000000002,1.886,0.21800000000000003,0.386,0.446,0.476,0.298,0.276,11.82,12.64,11.848,11.488,9.422,12.0,1.69,2.372,2.598,2.3880000000000003,1.6600000000000001,1.922,0.21,0.29,0.26,0.29,0.33,0.25,11.11,11.75,11.02,11.14,10.16,11.35,1.62,2.04,2.04,2.42,2.29,1.83,0.22,0.23,0.28,0.29,0.33,0.23,11.32,11.77,10.9,10.3,10.19,11.52,1.66,1.93,2.0,2.44,2.55,1.82,0.2,0.34,0.2,0.46,0.33,0.25,11.3,11.96,12.56,11.61,9.05,11.46,1.6,2.28,2.23,2.23,1.47,1.83
2019-12-01,0.1675,0.27,0.325,0.3425,0.6174999999999999,0.22,10.235,11.1225,10.252500000000001,10.545,10.67,10.57,1.47,2.005,2.1225,2.2,2.13,1.7525,0.195,0.23,0.305,0.305,0.3,0.225,10.4075,11.155000000000001,10.3925,10.195,9.89,10.787500000000001,1.505,1.935,2.1125,2.2125,2.1275,1.79,0.16,0.31,0.36,0.46,0.8475,0.21000000000000002,10.515,11.4,11.0075,10.5725,11.629999999999999,10.705,1.4525,2.1799999999999997,2.2024999999999997,2.1975,2.0775,1.6949999999999998,0.14,0.29,0.36,0.32,1.57,0.23,9.83,10.53,10.17,10.11,10.5,10.1,1.46,2.0,2.15,2.24,2.14,1.74,0.19,0.23,0.34,0.29,0.3,0.23,9.96,10.64,10.24,9.59,9.49,10.31,1.59,1.94,2.13,2.19,2.15,1.82,0.13,0.33,0.42,0.4,2.91,0.23,10.05,10.52,10.14,10.17,11.77,10.15,1.38,2.17,2.25,2.45,1.91,1.63
2020-01-01,0.124,0.21000000000000002,0.256,0.26399999999999996,0.258,0.16799999999999998,9.312000000000001,10.2,9.044,9.702,9.086,9.636,1.152,1.552,1.7100000000000002,1.7260000000000002,2.6420000000000003,1.3679999999999999,0.152,0.174,0.22400000000000003,0.22000000000000003,0.258,0.16999999999999998,9.522,10.208,9.61,9.46,9.118,9.86,1.178,1.476,1.684,1.69,1.902,1.376,0.11599999999999999,0.25,0.344,0.35,0.19,0.16599999999999998,9.574000000000002,10.547999999999998,10.1,9.962,8.632,9.774,1.134,1.736,1.8679999999999999,2.04,3.906,1.346,0.12,0.24,0.19,0.24,0.28,0.18,9.15,9.93,8.86,9.37,8.48,9.45,0.99,1.42,1.52,1.43,2.11,1.23,0.17,0.18,0.2,0.2,0.28,0.18,9.21,9.95,9.35,9.14,8.55,9.57,1.06,1.35,1.5,1.47,1.83,1.25,0.1,0.27,0.16,0.43,0.15,0.17,9.38,10.28,9.88,9.29,6.31,9.58,0.93,1.62,1.69,1.4,4.03,1.18
2020-02-01,0.1075,0.175,0.23750000000000002,0.2625,0.1875,0.14250000000000002,8.9775,9.8775,8.4525,9.335,8.8525,9.2875,0.9724999999999999,1.35,1.4975,1.625,1.9925000000000002,1.1675,0.1275,0.14750000000000002,0.1875,0.1975,0.1975,0.14500000000000002,9.0825,9.945,9.34,8.99,8.809999999999999,9.5025,1.0150000000000001,1.28,1.475,1.5150000000000001,1.405,1.19,0.1,0.2125,0.3075,0.375,0.11000000000000001,0.14,9.245000000000001,10.1375,9.842500000000001,9.5675,8.2975,9.407499999999999,0.9425,1.525,1.5474999999999999,1.7025,3.77,1.1375,0.11,0.17,0.22,0.22,0.16,0.14,9.02,9.92,9.02,9.3,8.65,9.34,0.97,1.29,1.51,1.45,1.58,1.12,0.16,0.16,0.17,0.19,0.16,0.16,9.07,9.96,9.43,9.07,8.41,9.51,1.06,1.24,1.5,1.45,1.29,1.18,0.09,0.19,0.3,0.34,0.1,0.13,9.22,10.19,10.35,9.68,9.17,9.4,0.89,1.42,1.5,1.28,3.55,1.05
2020-03-01,0.09,0.175,0.1575,0.185,0.1875,0.13,8.9725,10.085,9.09,9.2625,8.91,9.3575,0.7725,1.135,1.1925,1.325,1.275,0.9550000000000001,0.11,0.14,0.1575,0.15000000000000002,0.1875,0.13,9.045,10.07,9.515,9.32,8.8775,9.55,0.765,1.05,1.17,1.325,1.305,0.9550000000000001,0.08499999999999999,0.22999999999999998,0.21,0.3325,0.15,0.1275,9.32,10.567499999999999,10.265,9.3375,8.29,9.55,0.78,1.33,1.3175,1.0875,0.8175,0.9550000000000001,0.09,0.22,0.19,0.17,0.16,0.15,9.04,10.23,9.3,9.25,8.61,9.43,0.7,1.15,1.24,0.98,1.12,0.92,0.12,0.18,0.16,0.14,0.16,0.16,9.06,10.12,9.64,9.44,8.73,9.56,0.68,1.05,1.19,0.97,1.14,0.93,0.09,0.29,0.29,0.36,0.24,0.14,9.36,10.85,10.41,9.24,8.16,9.65,0.71,1.4,1.43,1.11,0.37,0.91
2020-04-01,0.1175,0.2475,0.225,0.1825,0.17,0.17250000000000001,8.7625,10.0575,8.73,8.9025,8.6075,9.19,0.81,1.365,1.3425,1.4200000000000002,1.6325,1.095,0.125,0.15,0.16,0.1525,0.17,0.14500000000000002,8.9375,9.9925,9.0925,9.184999999999999,8.85,9.44,0.7925,1.1324999999999998,1.3,1.3225,1.7175,1.0275,0.1125,0.41000000000000003,0.695,0.3025,0.0425,0.195,9.0275,10.7225,8.7925,8.645,6.6075,9.3325,0.8200000000000001,1.8199999999999998,1.5575,1.8499999999999999,1.3525,1.1675,0.11,0.22,0.21,0.25,0.15,0.15,8.39,9.54,8.15,8.83,8.54,8.76,0.76,1.2,1.21,1.02,0.92,0.97,0.12,0.15,0.14,0.13,0.15,0.14,8.53,9.49,8.49,8.7,8.76,8.97,0.76,1.01,1.18,0.98,0.86,0.93,0.1,0.35,0.82,0.64,0.05,0.16,8.52,10.12,8.16,8.9,8.2,8.78,0.77,1.63,1.51,1.38,1.29,1.03
2020-05-01,0.11599999999999999,0.26,0.292,0.22599999999999998,0.21000000000000002,0.182,7.3260000000000005,8.306000000000001,7.723999999999999,7.904000000000001,6.95,7.653999999999999,0.608,0.9019999999999999,0.998,1.1099999999999999,0.8600000000000001,0.754,0.126,0.142,0.182,0.182,0.21600000000000003,0.14,7.353999999999999,8.35,7.946000000000001,7.5760000000000005,7.6,7.83,0.634,0.7,0.9279999999999999,1.008,0.8380000000000001,0.6799999999999999,0.10800000000000001,0.44399999999999995,0.518,0.386,0.21600000000000003,0.21400000000000002,7.531999999999999,8.681999999999999,8.516,8.33,7.2,7.739999999999999,0.596,1.256,1.278,1.482,0.9040000000000001,0.836,0.12,0.33,0.19,0.18,0.28,0.21,7.04,8.04,7.33,7.29,8.25,7.35,0.62,0.92,0.89,1.74,0.81,0.76,0.14,0.2,0.19,0.19,0.28,0.18,7.08,8.04,7.82,7.17,8.44,7.52,0.72,0.7,0.88,1.83,0.81,0.71,0.11,0.51,0.15,0.1,0.41,0.24,7.25,8.41,7.77,7.33,6.14,7.45,0.55,1.32,1.09,1.05,0.64,0.81
2020-06-01,0.135,0.3125,0.255,0.2725,0.26749999999999996,0.2175,6.9975,8.120000000000001,7.6875,7.7925,6.495,7.3825,0.6,0.92,1.005,1.01,0.9875,0.7625,0.13,0.1675,0.215,0.24,0.26749999999999996,0.165,7.0649999999999995,8.125,7.835,7.74,6.9875,7.5775,0.6124999999999999,0.7224999999999999,0.97,0.9724999999999999,0.8674999999999999,0.6875,0.14250000000000002,0.5800000000000001,0.59,0.6799999999999999,0.0475,0.2675,7.15,8.459999999999999,8.3675,7.8475,5.0875,7.4025,0.5825,1.315,1.2,1.155,1.0899999999999999,0.8375,0.14,0.31,0.35,0.22,0.35,0.22,7.0,8.08,8.0,8.2,7.16,7.37,0.65,0.91,1.05,1.08,0.97,0.78,0.13,0.17,0.24,0.22,0.35,0.17,6.95,8.12,7.71,8.16,7.26,7.51,0.72,0.71,1.0,0.94,0.62,0.72,0.15,0.6,0.78,0.97,0.01,0.27,7.14,8.35,8.62,8.36,5.17,7.37,0.59,1.28,1.39,1.72,1.32,0.84
2020-07-01,0.14200000000000002,0.33599999999999997,0.244,0.27599999999999997,0.294,0.22999999999999998,6.946000000000001,8.158,7.816,7.638,7.034000000000001,7.343999999999999,0.606,0.932,0.9620000000000001,0.9339999999999999,1.03,0.768,0.13,0.188,0.21200000000000002,0.27199999999999996,0.288,0.182,7.096000000000001,8.184000000000001,7.858,7.734,7.029999999999999,7.6,0.606,0.748,0.9099999999999999,0.9339999999999999,1.0539999999999998,0.702,0.144,0.584,0.616,0.254,0.578,0.268,7.145999999999999,8.522,8.294,7.428,6.392,7.404000000000001,0.604,1.286,1.218,0.836,0.788,0.8320000000000001,0.14,0.39,0.28,0.33,0.41,0.25,6.87,8.16,7.51,7.72,7.03,7.24,0.64,0.95,0.91,0.93,1.23,0.77,0.13,0.21,0.23,0.33,0.41,0.2,7.17,8.24,7.67,7.82,7.22,7.61,0.7,0.77,0.88,0.95,1.25,0.74,0.14,0.7,0.78,0.24,0.45,0.28,7.14,8.36,8.61,7.58,5.08,7.35,0.59,1.27,1.27,0.79,0.6,0.78
2020-08-01,0.215,0.49749999999999994,0.375,0.5175000000000001,0.56,0.3575,8.285,10.282499999999999,8.9225,8.39,8.7825,8.975,0.7025,1.24,1.17,1.105,1.375,0.9775,0.155,0.27,0.315,0.5075000000000001,0.5625,0.2725,8.5475,10.2075,9.44,9.379999999999999,8.9225,9.385,0.7025,0.9325000000000001,1.0275,1.075,1.3675,0.8525,0.2325,0.8825000000000001,0.9125,0.5975,0.2475,0.43,8.73,11.2275,11.085,8.2475,6.6525,9.235,0.6975,1.83,1.775,1.365,1.5225,1.11,0.24,0.6,0.37,0.52,0.63,0.42,8.83,11.44,10.78,8.77,9.66,9.75,0.85,1.4,1.3,1.07,1.27,1.13,0.18,0.31,0.36,0.53,0.63,0.31,9.18,11.22,10.36,10.2,9.73,10.22,0.92,1.05,1.18,1.07,1.25,1.0,0.26,1.04,0.49,0.13,0.1,0.5,9.61,12.6,12.79,8.34,5.48,10.29,0.79,2.04,2.02,0.83,1.91,1.27
2020-09-01,0.2875,0.6275,0.405,0.6224999999999999,0.67,0.45499999999999996,9.5525,11.78,10.6625,10.112499999999999,10.305,10.2875,0.86,1.585,1.335,1.48,1.295,1.2375,0.21,0.35,0.3725,0.5775,0.67,0.3425,9.4725,11.735,10.8375,10.7,10.3875,10.61,0.855,1.2225000000000001,1.26,1.4375,1.275,1.09,0.32,1.1225,0.9125000000000001,1.335,0.2625,0.5650000000000001,10.0975,12.54,11.9675,9.907499999999999,7.7825,10.5875,0.86,2.23,1.6225,1.3225,1.535,1.3900000000000001,0.28,0.68,0.39,0.62,0.65,0.47,10.14,11.85,10.59,10.53,10.54,10.68,1.01,1.64,1.29,1.09,1.43,1.34,0.2,0.41,0.36,0.55,0.65,0.37,9.78,11.88,10.94,11.1,10.63,10.84,1.07,1.29,1.25,1.12,1.43,1.21,0.31,1.21,1.11,1.24,0.03,0.55,10.47,12.35,11.61,9.82,8.1,10.82,0.96,2.24,1.45,0.71,1.29,1.47
2020-10-01,0.362,0.736,0.4,0.5439999999999999,0.64,0.548,10.42,12.288,10.596,11.948,11.422,11.040000000000001,0.9339999999999999,1.652,1.316,1.6179999999999999,1.574,1.332,0.21400000000000002,0.386,0.348,0.534,0.64,0.356,10.193999999999999,12.288,11.14,11.870000000000001,11.668000000000001,11.27,0.8620000000000001,1.288,1.2,1.4140000000000001,1.5859999999999999,1.1460000000000001,0.42000000000000004,1.318,1.064,1.006,0.6220000000000001,0.724,10.882,13.081999999999999,11.728,11.464,9.352,11.322,0.976,2.3280000000000003,2.32,2.168,1.1480000000000001,1.528,0.39,0.68,0.36,0.61,0.63,0.53,10.79,12.5,10.31,12.67,11.89,11.34,1.11,1.61,1.12,2.11,2.08,1.37,0.26,0.38,0.35,0.6,0.63,0.36,10.57,12.45,11.14,11.71,11.93,11.52,1.1,1.31,1.02,1.87,2.1,1.23,0.45,1.37,0.86,1.0,0.79,0.71,11.3,13.4,12.1,12.86,10.34,11.68,1.1,2.31,2.21,2.15,0.41,1.53
2020-11-01,0.4375,0.875,0.4275,0.69,0.655,0.65,12.64,14.0125,12.1725,13.0,13.2075,13.08,1.085,1.82,1.5575,1.4575,1.575,1.47,0.2225,0.4975,0.40249999999999997,0.6575,0.655,0.42,12.305,14.0325,12.745000000000001,13.17,13.2325,13.17,0.97,1.455,1.315,1.295,1.5825,1.2825,0.5275,1.48,1.0525,1.2325,0.47250000000000003,0.8525,13.145,15.0025,12.9025,13.09,12.1475,13.5025,1.16,2.51,2.2675,1.91,1.065,1.6724999999999999,0.52,0.89,0.5,0.77,0.71,0.71,14.05,15.47,14.55,13.61,14.78,14.59,1.22,1.88,1.61,1.43,1.92,1.57,0.25,0.49,0.46,0.67,0.71,0.43,13.21,15.42,14.52,14.74,14.95,14.46,1.2,1.54,1.45,1.17,1.92,1.41,0.63,1.58,1.18,1.81,0.59,0.95,14.3,16.43,15.65,12.7,9.59,14.78,1.24,2.5,2.45,2.55,1.73,1.73
2020-12-01,0.525,0.97,0.74,0.895,0.8925,0.7375,14.64,16.052500000000002,15.955,16.1,16.104999999999997,15.094999999999999,1.1075,1.8825,1.6600000000000001,1.7825,1.8875,1.4925,0.21,0.5675,0.475,0.6799999999999999,0.7775,0.47,13.8875,16.0225,16.03,16.3675,15.82,14.955,0.96,1.53,1.5150000000000001,1.49,1.5975000000000001,1.325,0.635,1.64,1.805,1.7875,0.9725,0.95,15.1525,17.162499999999998,16.295,15.602500000000001,15.815000000000001,15.5325,1.2349999999999999,2.6275,2.5675,2.535,1.4725000000000001,1.725,0.49,0.91,1.32,0.99,1.43,0.71,15.44,16.73,15.81,16.79,17.32,15.88,1.18,1.99,1.62,2.19,1.4,1.59,0.23,0.59,0.51,0.69,0.96,0.5,14.56,16.65,16.1,17.29,16.21,15.63,1.16,1.61,1.61,1.58,1.41,1.44,0.57,1.5,2.88,1.86,2.87,0.88,15.94,17.83,16.33,15.63,16.48,16.28,1.26,2.75,1.76,2.39,0.8,1.82
2021-01-01,0.496,0.944,0.5599999999999999,0.8320000000000001,0.716,0.704,15.664000000000001,17.526,16.23,17.536,16.542,16.36,1.11,1.8199999999999998,1.61,2.1420000000000003,1.9579999999999997,1.486,0.22000000000000003,0.5660000000000001,0.47800000000000004,0.6900000000000001,0.722,0.472,15.038,17.548,16.528,17.122,16.395999999999997,16.428,0.942,1.52,1.516,1.556,1.8240000000000003,1.33,0.5900000000000001,1.5379999999999998,1.366,1.502,0.562,0.89,16.538,18.746,18.184,17.256,16.932,16.992,1.292,2.42,2.262,2.56,1.6480000000000001,1.736,0.47,0.74,0.45,0.82,0.54,0.59,15.65,17.57,16.77,17.34,16.46,16.42,1.13,1.62,1.45,1.02,2.18,1.39,0.23,0.51,0.39,0.51,0.54,0.43,15.32,17.46,17.16,16.75,16.48,16.52,1.16,1.35,1.34,1.05,1.6,1.28,0.55,1.14,1.34,1.57,0.04,0.72,16.39,18.63,17.96,16.98,16.44,16.92,1.18,2.16,2.25,0.99,2.42,1.6
2021-02-01,0.34750000000000003,0.545,0.43,0.47,0.41500000000000004,0.4325,15.5425,17.287499999999998,16.505000000000003,17.345,16.3575,16.2175,0.94,1.3025,1.205,1.43,1.21,1.1275,0.1775,0.375,0.345,0.4175,0.4475,0.3225,15.147499999999999,17.315,17.085,17.155,16.3075,16.345,0.8425,1.13,1.1225,1.065,1.225,1.0350000000000001,0.395,0.8125,0.835,0.5025,0.0475,0.5125,16.2925,18.26,17.3275,17.42,16.105,16.705,1.045,1.6724999999999999,1.6625,1.7325,0.56,1.2675,0.32,0.52,0.32,0.39,0.35,0.4,15.71,17.08,16.46,17.03,16.26,16.24,0.96,1.18,1.15,1.14,1.0,1.07,0.18,0.32,0.31,0.39,0.35,0.28,15.45,17.26,16.86,17.12,15.86,16.41,0.91,1.0,1.08,1.13,1.03,0.97,0.36,0.83,0.5,0.71,0.14,0.49,16.34,18.0,18.36,16.94,15.16,16.68,1.02,1.52,1.66,1.23,0.61,1.2
2021-03-01,0.3125,0.5525,0.3725,0.3575,0.3425,0.4125,16.3175,17.6625,17.645,17.9475,16.72,16.8125,0.8625,1.25,1.1975,1.2075,1.23,1.06,0.1875,0.355,0.325,0.3575,0.3375,0.3025,15.907499999999999,17.735,18.14,17.817500000000003,17.09,16.869999999999997,0.73,1.0775000000000001,1.095,1.1675,1.195,0.965,0.345,0.86,0.7250000000000001,0.54,0.43500000000000005,0.4875,17.195,18.5325,18.5025,18.115000000000002,13.28,17.447499999999998,0.9525,1.645,1.7,1.235,0.65,1.185,0.32,0.6,0.34,0.37,0.39,0.44,17.24,18.51,19.51,19.12,18.13,17.77,0.88,1.35,1.38,1.05,1.38,1.13,0.2,0.39,0.33,0.36,0.39,0.33,16.58,18.7,19.66,19.46,18.16,17.79,0.7,1.18,1.31,1.04,1.38,1.05,0.34,0.95,0.53,0.9,0.53,0.51,18.14,19.05,19.71,19.23,15.61,18.31,0.98,1.81,1.67,1.14,0.15,1.25
2021-04-01,0.358,0.562,0.43600000000000005,0.40599999999999997,0.40800000000000003,0.44000000000000006,17.174,18.839999999999996,18.118000000000002,18.884,17.602,17.784,0.8960000000000001,1.392,1.234,1.316,1.558,1.152,0.184,0.40800000000000003,0.4,0.396,0.366,0.34199999999999997,16.688,18.872000000000003,18.434,18.381999999999998,17.428,17.830000000000002,0.712,1.166,1.17,1.26,1.6919999999999997,1.018,0.392,0.852,0.9720000000000001,0.41,0.352,0.502,18.074,19.95,18.875999999999998,19.106,17.94,18.392000000000003,0.984,1.8199999999999998,1.652,1.254,1.052,1.288,0.4,0.53,0.43,0.4,0.31,0.46,17.34,18.88,17.89,17.64,17.1,17.93,0.91,1.29,1.32,1.1,1.04,1.11,0.17,0.38,0.39,0.37,0.38,0.33,16.92,18.87,18.18,17.41,16.44,17.99,0.8,1.13,1.26,1.15,1.07,1.04,0.46,0.8,1.06,0.87,0.01,0.55,18.09,19.94,18.28,18.85,18.29,18.42,0.95,1.68,1.68,0.26,0.38,1.19
2021-05-01,0.335,0.5549999999999999,0.4325,0.4275,0.35,0.44,17.3975,18.7875,17.98,17.9725,16.33,17.8925,0.8925000000000001,1.3250000000000002,1.28,1.205,1.0375,1.1075,0.1625,0.39,0.36,0.415,0.35,0.325,16.7375,18.9225,18.5875,18.072499999999998,17.36,17.8425,0.7025,1.125,1.1800000000000002,1.1425,1.06,0.9824999999999999,0.38,0.8175,0.925,0.385,0.1675,0.515,18.2475,19.9525,18.87,18.060000000000002,15.555,18.525,0.97,1.7349999999999999,1.91,1.4325,0.385,1.2149999999999999,0.32,0.59,0.46,0.39,0.39,0.46,17.39,18.89,18.23,18.96,17.78,17.92,0.88,1.35,1.4,1.31,1.3,1.11,0.15,0.42,0.34,0.39,0.39,0.34,16.77,18.99,18.77,18.75,17.81,17.9,0.76,1.14,1.33,1.25,1.36,1.01,0.36,0.8,1.13,0.23,0.39,0.53,18.22,19.98,19.37,19.78,17.79,18.5,0.94,1.75,2.03,1.83,0.29,1.2
2021-06-01,0.32,0.545,0.6325000000000001,0.4125,0.4,0.42,17.375,18.85,18.07,18.81,17.7725,17.92,0.8975,1.255,1.21,1.305,1.145,1.0750000000000002,0.1625,0.3775,0.34750000000000003,0.39749999999999996,0.395,0.3175,16.785,18.98,18.6075,18.6575,17.7575,17.919999999999998,0.705,1.0775000000000001,1.15,1.2075,1.105,0.95,0.36,0.8775,1.455,0.8975,0.6425,0.5,18.3,19.7125,18.68,19.009999999999998,17.015,18.535,0.985,1.655,1.5725,1.9075,1.3399999999999999,1.1949999999999998,0.3,0.54,0.66,0.42,0.44,0.41,17.57,18.91,18.01,19.02,17.95,18.08,0.85,1.32,1.24,1.18,0.94,1.09,0.17,0.38,0.33,0.38,0.42,0.32,16.79,19.19,18.85,18.92,18.14,18.04,0.63,1.14,1.26,1.12,0.94,0.98,0.34,0.86,1.55,1.58,0.94,0.48,18.46,19.4,16.78,19.81,13.6,18.63,0.95,1.65,1.16,1.97,1.06,1.19
2021-07-01,0.292,0.40800000000000003,0.476,0.376,0.354,0.34400000000000003,17.322,18.8,18.009999999999998,18.154000000000003,16.75,17.886000000000003,0.762,1.052,1.062,1.194,1.1960000000000002,0.9040000000000001,0.156,0.31,0.308,0.374,0.358,0.262,16.854,18.934,18.576,17.868000000000002,16.464,17.904,0.5660000000000001,0.9099999999999999,0.984,1.166,1.206,0.792,0.328,0.594,0.744,0.41200000000000003,0.074,0.4,18.330000000000002,19.676,18.318,18.564,16.082,18.584,0.8560000000000001,1.376,1.472,1.246,0.572,1.016,0.25,0.41,0.33,0.36,0.38,0.34,17.42,19.11,18.53,19.17,17.8,18.25,0.78,1.01,1.11,0.93,1.02,0.92,0.15,0.27,0.33,0.36,0.38,0.25,16.88,19.26,18.95,18.22,16.69,18.37,0.58,0.86,0.94,0.93,1.03,0.79,0.28,0.59,0.23,0.63,0.21,0.41,18.3,19.94,18.62,19.04,16.11,18.7,0.87,1.31,1.51,0.8,0.49,1.06
2021-08-01,0.215,0.31,0.295,0.34750000000000003,0.33999999999999997,0.26,17.4425,18.91,17.6725,17.9025,16.0775,17.96,0.6675,0.8725,1.03,1.0325,0.97,0.7725,0.1275,0.2425,0.27249999999999996,0.33499999999999996,0.33999999999999997,0.2175,16.855,18.98,18.64,17.61,16.12,17.935000000000002,0.47,0.75,0.885,0.99,0.9650000000000001,0.6599999999999999,0.2425,0.4425,0.4375,0.4125,0.4475,0.29500000000000004,18.4175,19.9025,18.8,18.2275,15.7325,18.6575,0.76,1.1199999999999999,1.2149999999999999,1.3925,0.775,0.8825000000000001,0.21,0.26,0.29,0.31,0.32,0.24,17.62,18.9,17.85,18.66,16.15,18.04,0.62,0.75,0.78,1.15,1.05,0.68,0.12,0.21,0.24,0.31,0.32,0.19,16.92,18.93,18.56,18.13,16.06,17.86,0.47,0.66,0.8,1.03,1.05,0.59,0.24,0.37,0.6,0.15,0.75,0.27,18.49,20.07,16.97,18.19,17.61,18.72,0.7,0.95,0.69,1.7,1.33,0.77
2021-09-01,0.19,0.2525,0.3075,0.29500000000000004,0.3225,0.2225,17.48,19.035,18.6025,19.12,16.35,18.04,0.555,0.725,0.795,1.0925,0.9924999999999999,0.6325000000000001,0.1125,0.195,0.24,0.2975,0.3225,0.1825,16.965,19.08,18.9375,17.985,16.1025,18.045,0.4325,0.6525,0.77,0.915,0.9975,0.5800000000000001,0.21,0.33999999999999997,0.46,0.1575,0.215,0.2525,18.4075,19.872500000000002,18.810000000000002,19.515,17.3875,18.6525,0.6074999999999999,0.88,0.8999999999999999,1.5299999999999998,0.53,0.6825,0.17,0.24,0.25,0.28,0.33,0.2,17.31,18.96,18.52,19.05,16.42,17.86,0.54,0.7,0.65,0.91,0.94,0.6,0.12,0.2,0.21,0.28,0.33,0.19,16.72,19.09,18.94,18.55,16.22,17.85,0.4,0.64,0.67,0.81,0.95,0.55,0.19,0.29,0.37,0.32,0.3,0.21,18.04,19.66,17.86,19.56,17.67,18.31,0.6,0.83,0.47,1.16,0.28,0.65
2021-10-01,0.16,0.22199999999999998,0.254,0.556,0.304,0.19,16.432,17.802,16.619999999999997,16.438,15.094,16.916,0.48200000000000004,0.666,0.828,0.908,0.8379999999999999,0.5660000000000001,0.11000000000000001,0.18,0.20400000000000001,0.27999999999999997,0.304,0.166,16.003999999999998,17.896,16.832,16.194,14.896,16.956,0.366,0.588,0.6799999999999999,0.858,0.8779999999999999,0.51,0.174,0.292,0.358,0.798,0.29000000000000004,0.21000000000000002,17.176,18.486,17.53,15.772,12.888,17.368000000000002,0.534,0.8380000000000001,1.256,0.818,0.646,0.616,0.15,0.24,0.2,0.34,0.29,0.18,15.54,16.27,14.94,13.95,14.02,15.73,0.47,0.65,0.65,0.92,0.84,0.53,0.1,0.21,0.2,0.25,0.29,0.17,15.02,16.36,15.33,14.53,14.17,15.55,0.39,0.6,0.62,0.93,0.84,0.5,0.17,0.28,0.23,0.48,0.38,0.19,16.25,16.94,15.41,9.68,7.8,16.33,0.51,0.77,0.98,0.51,0.76,0.56
2021-11-01,0.165,0.215,0.2175,0.34500000000000003,0.28,0.1875,14.95,16.2025,14.84,14.567499999999999,12.215,15.37,0.4575,0.65,0.7275,0.83,0.8375,0.55,0.11,0.165,0.215,0.2725,0.28,0.155,14.725,16.252499999999998,14.555,14.3675,13.18,15.475,0.33999999999999997,0.5700000000000001,0.6875,0.7275,0.8425,0.495,0.17500000000000002,0.2875,0.26,0.44999999999999996,0.18,0.20500000000000002,15.575,16.86,15.6975,14.8625,9.6175,15.767500000000002,0.515,0.8425,1.1400000000000001,1.07,0.535,0.6,0.16,0.22,0.2,0.28,0.27,0.19,14.66,15.84,14.66,14.08,10.41,15.03,0.46,0.65,0.72,0.7,0.8,0.55,0.12,0.17,0.2,0.26,0.27,0.16,14.39,15.93,13.93,14.12,13.66,15.11,0.35,0.59,0.7,0.74,0.81,0.51,0.17,0.28,0.22,0.35,0.07,0.2,15.15,16.52,13.42,12.38,9.73,15.32,0.52,0.81,1.27,0.68,0.6,0.58
2021-12-01,0.174,0.302,0.23600000000000004,0.282,0.28400000000000003,0.22400000000000003,16.01,17.44,15.613999999999999,16.344,15.27,16.426,0.4880000000000001,0.782,0.9400000000000001,1.1940000000000002,1.192,0.62,0.12000000000000002,0.20400000000000001,0.22199999999999998,0.272,0.28600000000000003,0.18,15.575999999999999,17.194,15.586000000000002,15.925999999999998,15.190000000000001,16.298,0.364,0.6519999999999999,0.9359999999999999,1.166,1.03,0.554,0.18,0.47800000000000004,0.284,0.375,0.186,0.248,16.932,18.98,17.95,17.808,15.908000000000001,17.236,0.544,1.0619999999999998,0.8859999999999999,1.262,1.046,0.6719999999999999,0.21,0.42,0.34,0.29,0.34,0.29,19.03,20.77,17.75,19.21,15.82,19.53,0.56,1.1,1.34,1.86,1.38,0.8,0.14,0.32,0.25,0.28,0.34,0.26,18.0,20.0,17.69,18.38,16.57,18.91,0.5,0.88,1.37,1.88,1.41,0.75,0.21,0.62,0.86,0.45,0.27,0.3,20.52,23.9,23.46,23.85,21.77,21.05,0.59,1.47,0.85,1.07,1.14,0.83
2022-01-01,0.205,0.32,0.6925,0.3,0.2975,0.2625,16.9675,19.2675,18.1875,19.1,17.375,17.6675,0.5375,0.81,0.8725,1.0625,1.6175000000000002,0.6475,0.1525,0.21750000000000003,0.2525,0.3,0.3075,0.2025,17.01,18.9875,18.1975,18.189999999999998,16.965,17.9525,0.3925,0.685,0.87,1.0725,1.455,0.5875,0.2175,0.5225,1.4649999999999999,0.3025,0.2575,0.295,17.525,21.1325,18.5275,19.9175,17.75,18.0375,0.6025,1.12,0.85,0.9125,1.1549999999999998,0.7,0.21,0.32,0.83,0.28,0.27,0.27,16.86,18.84,18.73,20.2,18.25,17.55,0.57,0.86,0.88,1.12,1.05,0.68,0.16,0.27,0.23,0.28,0.28,0.24,17.1,18.82,18.51,18.97,18.3,17.96,0.45,0.75,0.88,1.14,1.07,0.65,0.23,0.46,1.44,0.84,0.04,0.29,17.16,20.3,20.25,20.71,18.18,17.67,0.62,1.19,0.86,0.76,0.25,0.72
2022-02-01,0.23,0.3775,0.865,0.3,0.3,0.2975,16.09,18.11,17.5975,18.32,16.975,16.7925,0.5675,0.9025,1.09,1.12,1.3025,0.6975,0.1625,0.25,0.28500000000000003,0.3025,0.3225,0.225,16.439999999999998,18.0625,17.56,17.4375,16.45,17.18,0.4,0.7725,1.065,1.125,1.0550000000000002,0.6425,0.245,0.66,1.7625,0.06499999999999999,0.1775,0.335,16.4,19.1175,17.715,18.3625,17.450000000000003,16.965,0.6425000000000001,1.29,1.17,0.7949999999999999,1.29,0.75,0.23,0.38,1.13,0.31,0.41,0.32,15.62,17.23,17.44,17.64,16.77,16.19,0.6,0.92,1.1,1.15,1.08,0.74,0.17,0.23,0.36,0.31,0.41,0.22,15.95,17.28,17.44,17.11,15.87,16.61,0.46,0.8,1.13,1.15,1.1,0.7,0.25,0.72,2.08,0.01,0.29,0.38,15.79,18.05,17.64,17.68,16.92,16.2,0.67,1.29,0.82,0.84,0.32,0.78
2022-03-01,0.2575,0.525,1.035,0.46,0.36,0.3725,15.0925,17.135,17.2925,16.8975,16.1675,15.625,0.6699999999999999,1.105,1.4649999999999999,1.345,1.2625,0.8475,0.17500000000000002,0.315,0.3225,0.4375,0.36,0.2725,15.8475,17.235,17.41,16.62,15.91,16.51,0.4625,0.9099999999999999,1.4375,1.49,1.2475,0.76,0.2825,1.0525,2.09,0.55,0.3175,0.44,15.2,17.8275,17.4525,17.8775,16.5475,15.51,0.7725,1.75,1.5925,1.0875,0.82,0.9299999999999999,0.28,0.64,0.8,0.67,0.36,0.42,15.02,17.06,17.47,16.62,16.22,15.6,0.73,1.22,1.89,1.62,1.09,0.94,0.17,0.31,0.32,0.67,0.36,0.27,15.69,17.19,17.55,16.66,15.74,16.47,0.51,0.98,1.91,1.66,1.1,0.85,0.31,1.3,2.24,0.37,0.48,0.5,14.98,17.61,17.55,18.26,16.97,15.31,0.83,1.96,1.74,1.34,0.61,1.03
2022-04-01,0.32199999999999995,0.71,1.3980000000000001,0.568,0.43200000000000005,0.492,14.984,17.084,17.592,17.032,15.948000000000002,15.691999999999998,0.772,1.42,1.67,1.722,1.562,1.048,0.21600000000000003,0.40599999999999997,0.526,0.41400000000000003,0.434,0.354,15.280000000000001,17.142,17.637999999999998,16.906,16.218,16.330000000000002,0.532,1.188,1.576,1.616,1.6759999999999997,0.976,0.356,1.3559999999999999,2.302,1.178,0.35,0.59,15.256,17.894,17.488,17.416,15.572,15.62,0.892,2.152,1.9420000000000002,1.674,1.114,1.1320000000000001,0.35,0.78,1.32,0.52,0.39,0.53,14.98,17.05,17.58,16.88,16.05,15.65,0.82,1.52,1.37,1.63,1.28,1.12,0.27,0.44,0.42,0.52,0.39,0.38,15.16,17.11,17.68,17.06,15.99,16.22,0.72,1.26,1.37,1.62,1.29,1.07,0.39,1.41,2.37,0.66,0.3,0.65,15.18,17.81,16.68,16.68,16.31,15.52,0.9,2.34,1.47,1.77,0.44,1.18
2022-05-01,0.39,0.8425,1.4575,0.845,0.585,0.5975,14.975,16.99,17.544999999999998,16.9475,15.7075,15.5225,0.8,1.6875,1.9474999999999998,1.6225,1.3875000000000002,1.18,0.245,0.47250000000000003,0.4875,0.5275,0.5700000000000001,0.40249999999999997,15.1075,17.01,17.62,16.89,15.3025,16.0825,0.5225,1.45,1.9175,1.6,1.4125,1.1625,0.44,1.6025,2.5625,0.5675,0.7733333333333333,0.7325,15.305,18.1,17.67,17.0625,16.17,15.58,0.9450000000000001,2.4775,2.3049999999999997,1.9725000000000001,0.6275000000000001,1.2275,0.44,1.09,2.14,0.56,0.75,0.77,15.26,17.13,17.59,17.21,15.63,15.79,0.92,1.97,2.5,1.75,1.36,1.37,0.36,0.49,0.76,0.56,0.69,0.46,15.19,17.1,17.66,16.98,15.39,16.18,0.62,1.64,2.38,1.74,1.38,1.34,0.48,1.97,3.05,0.73,2.3,0.98,15.61,18.56,17.67,17.63,16.53,15.91,1.08,2.97,3.36,2.06,0.27,1.44
2022-06-01,0.6499999999999999,1.21,2.1975,0.7025,0.6525000000000001,0.905,15.6225,18.225,17.715,16.9275,16.485,16.259999999999998,1.23,2.5775,2.94,2.5225,2.785,1.7850000000000001,0.40249999999999997,0.6425,0.735,0.6975,0.6475,0.5775,15.6975,17.5075,17.665,17.01,16.2075,16.57,0.85,2.115,2.625,2.535,2.785,1.74,0.7250000000000001,2.4825,3.285,1.205,0.4925,1.135,16.1425,20.54,18.38,17.012500000000003,16.7875,16.595,1.41,4.035,3.4524999999999997,2.3475,2.345,1.8699999999999999,0.82,1.36,2.66,0.72,0.8,1.07,16.11,18.98,17.75,16.08,16.74,16.83,1.47,2.96,3.48,3.02,3.56,2.08,0.51,0.73,0.96,0.7,0.8,0.67,15.96,17.96,17.79,17.28,16.67,16.94,0.89,2.54,3.48,3.05,3.58,2.09,0.91,2.42,4.38,1.78,0.02,1.3,16.67,21.51,18.09,15.41,16.85,17.2,1.74,4.52,2.63,2.48,1.28,2.15
2022-07-01,0.9380000000000001,1.49,2.19,1.2280000000000002,0.958,1.176,16.601999999999997,19.791999999999998,17.932,17.451999999999998,16.630000000000003,17.378,1.7239999999999998,3.3240000000000003,3.81,3.19,2.464,2.42,0.47400000000000003,0.994,0.9440000000000002,0.914,0.958,0.842,16.672,18.654,17.886000000000003,17.351999999999997,16.522,17.630000000000003,1.112,2.7359999999999998,3.6399999999999997,2.988,2.478,2.278,1.064,2.77,3.508,2.9859999999999998,0.9825,1.41,17.602,23.856,18.18,17.464,16.898,18.246000000000002,1.97,4.906000000000001,3.6799999999999997,3.144,1.346,2.576,0.92,1.26,2.41,0.96,1.02,1.07,16.86,19.99,18.01,17.59,16.76,17.64,1.65,3.6,3.88,3.45,1.91,2.54,0.45,0.91,1.3,0.95,1.02,0.81,16.96,19.0,17.91,17.55,16.73,17.9,1.0,2.67,3.92,2.46,1.91,2.25,1.03,2.05,3.45,2.36,0.25,1.22,17.95,23.03,18.03,17.61,16.85,18.51,1.92,5.61,2.77,3.75,1.82,2.86
2022-08-01,0.97,1.395,2.0875000000000004,1.0450000000000002,1.1475,1.1425,16.23,19.205,17.63,17.4975,16.375,16.9425,2.465,2.7350000000000003,3.79,2.725,2.465,2.575,0.5125,0.95,1.26,1.04,1.1475,0.8525,16.5175,18.67,17.635,17.1725,16.215,17.4575,1.0775000000000001,2.4524999999999997,3.83,2.69,2.495,2.08,1.0875,2.295,3.0575,0.685,1.52,1.335,17.0975,20.807499999999997,17.7,17.3575,16.54,17.5775,2.8825,3.5275,3.5324999999999998,2.7525,1.2774999999999999,2.975,1.14,1.4,2.2,1.03,1.18,1.27,15.65,18.32,16.82,16.56,15.58,16.31,2.75,2.72,3.98,2.76,3.3,2.75,0.52,0.92,1.27,1.01,1.18,0.86,16.06,17.95,16.85,16.41,15.53,16.9,1.15,2.38,4.02,2.63,3.31,2.12,1.3,2.29,3.22,1.91,0.39,1.56,16.28,19.97,16.92,16.62,15.73,16.75,3.19,3.66,3.76,3.96,0.54,3.27
2022-09-01,0.8460000000000001,1.364,2.0940000000000003,1.338,1.1019999999999999,1.088,15.026,18.782,16.68,16.648000000000003,15.331999999999999,15.91,3.124,2.5300000000000002,3.192,2.742,2.56,2.9240000000000004,0.446,0.93,1.108,1.16,1.1019999999999999,0.834,16.163999999999998,18.206,16.648000000000003,16.304,15.35,17.054,1.358,2.2640000000000002,3.164,2.784,2.58,2.032,0.9480000000000001,2.306,3.114,1.1,0.748,1.274,15.668000000000001,20.701999999999998,16.816,15.940000000000001,14.606,16.25,3.596,3.286,3.316,2.364,1.112,3.55,0.93,1.46,2.22,1.36,1.16,1.18,14.84,18.33,15.87,15.21,14.7,15.77,3.06,2.7,2.97,2.74,4.27,2.93,0.54,1.12,1.15,1.36,1.16,0.99,16.16,17.64,15.86,15.67,14.95,16.77,1.62,2.45,2.94,2.88,4.29,2.24,1.03,2.2,3.21,1.32,1.31,1.33,15.57,20.44,15.76,14.91,13.74,16.13,3.52,3.28,3.56,2.06,0.16,3.47
2022-10-01,0.6275,1.5225,2.51,1.2475,1.1825,1.0175,14.615,19.22,15.497499999999999,15.919999999999998,14.86,15.6625,3.065,2.525,3.605,3.4,2.0100000000000002,2.9,0.39249999999999996,0.9775,1.1575,1.2475,1.1825,0.8475,15.942499999999999,18.2275,15.355,15.350000000000001,14.4675,16.7825,1.215,2.17,3.2375,3.4050000000000002,1.9575,1.915,0.6775,2.425,3.3525,0.8966666666666666,1.1225,1.12,15.48,22.125,15.7775,15.04,16.7925,16.32,3.5925000000000002,3.425,6.3149999999999995,2.1125,1.065,3.5775,0.65,1.31,2.57,1.28,1.17,0.97,14.45,19.81,14.64,14.34,13.93,15.66,3.06,2.31,4.21,5.31,1.84,2.84,0.33,0.85,1.2,1.28,1.18,0.76,16.04,18.57,14.39,14.57,13.62,16.83,1.1,1.94,3.88,5.32,1.84,1.76,0.72,2.26,3.42,0.01,0.18,1.13,15.36,22.89,14.74,13.96,15.07,16.38,3.61,3.24,7.27,0.24,0.52,3.57
2022-11-01,0.6799999999999999,1.2775,2.2325,1.1,0.9275,0.9550000000000001,14.5275,21.130000000000003,14.7875,14.469999999999999,13.5225,16.065,2.8375000000000004,2.2775,5.4725,2.5725,2.0525,2.69,0.2925,0.8625,1.345,1.1025,0.9275,0.74,16.275,20.02,14.8875,14.64,13.705,17.715,0.9875,1.8725,5.245,2.5774999999999997,2.0625,1.6775,0.775,2.1875,3.3425,0.4075,0.1975,1.1099999999999999,15.5425,23.68,14.3425,14.120000000000001,13.16,16.6875,3.3449999999999998,3.1925,8.375,2.2575000000000003,0.5925,3.335,0.69,1.37,2.19,1.26,0.98,0.99,14.58,21.42,14.37,15.53,13.39,16.18,2.95,2.26,5.75,2.3,1.62,2.78,0.26,0.9,1.33,1.26,0.98,0.75,16.38,20.13,14.57,14.94,13.77,17.81,0.91,1.9,5.63,2.3,1.61,1.65,0.8,2.32,3.26,0.35,0.41,1.17,15.67,24.16,13.94,15.74,12.46,16.89,3.51,3.18,8.89,0.97,1.83,3.48
2022-12-01,0.764,1.098,1.702,1.092,0.8240000000000001,0.914,15.245999999999999,22.964,14.388,15.962,12.276,17.186,2.774,2.05,3.5799999999999996,2.2640000000000002,1.612,2.556,0.22200000000000003,0.726,1.112,0.982,0.828,0.62,17.306,21.696,14.046000000000001,15.762,12.652,19.128,0.782,1.6280000000000001,3.5060000000000002,2.2800000000000002,1.6199999999999999,1.384,0.9039999999999999,2.04,3.0700000000000003,2.132,0.10599999999999998,1.1300000000000001,16.6,26.215999999999998,14.991999999999999,14.782,11.708,18.042,3.2700000000000005,3.074,5.093999999999999,1.7240000000000002,1.2719999999999998,3.242,0.77,1.26,1.31,1.55,0.95,0.96,16.06,24.17,14.97,20.98,12.53,18.56,2.74,2.16,3.5,2.28,1.4,2.55,0.21,0.91,1.17,1.03,0.95,0.75,17.48,23.27,14.38,16.27,12.73,20.28,0.79,1.77,3.39,2.27,1.41,1.48,0.89,2.29,3.66,3.62,0.12,1.11,17.71,26.34,15.12,19.99,11.76,19.41,3.24,3.15,4.96,2.71,1.28,3.23
2023-01-01,0.65,0.995,1.95,0.925,0.85,0.8125,15.795,24.4825,14.07,13.8075,12.5075,17.945,2.6825,1.7925,4.1899999999999995,2.0025,1.9875,2.4375,0.155,0.65,1.2075,0.9275,0.8574999999999999,0.5525,18.247500000000002,23.3875,13.7775,13.685,12.325,20.265,0.49,1.57,4.17,2.0375,1.9775,1.27,0.77,1.7574999999999998,3.08,1.0033333333333332,0.08,0.9875,17.4875,27.6875,14.8625,14.4575,11.975,18.9925,3.1925,2.3325,5.2925,0.9299999999999999,1.0975000000000001,3.0975,0.61,0.99,1.59,0.87,0.71,0.76,16.3,25.31,14.25,13.33,11.54,18.33,2.65,1.69,4.3,1.93,1.49,2.42,0.13,0.66,1.36,0.86,0.72,0.54,18.85,24.08,13.69,13.18,11.87,20.38,0.39,1.51,4.42,1.93,1.51,1.16,0.73,1.6,2.92,1.72,0.03,0.9,17.95,29.05,15.95,13.56,10.94,19.46,3.16,2.1,4.04,0.79,0.28,3.05
2023-02-01,0.5325,0.7,1.0925,0.86,0.6325000000000001,0.5975,16.505,26.755,15.41,12.54,12.3775,19.0875,2.705,1.4175,3.75,1.9675,1.47,2.3449999999999998,0.1275,0.5075000000000001,1.0875,0.8574999999999999,0.6925,0.44,19.43,26.0325,14.4825,13.040000000000001,12.7125,21.7125,0.3825,1.205,3.5275,1.9649999999999999,1.415,0.9725,0.62,1.3325,1.3,0.605,0.24,0.705,18.48,29.25,17.115000000000002,12.34,11.38,20.1225,3.2025,1.96,3.56,1.9325,1.395,3.0700000000000003,0.47,0.7,1.2,0.71,0.61,0.55,16.91,26.95,16.49,12.67,11.79,19.41,2.84,1.24,3.75,1.83,1.49,2.42,0.12,0.49,1.21,0.69,0.62,0.42,19.2,26.18,15.29,12.88,12.03,21.74,0.3,1.05,3.82,1.82,1.5,0.85,0.54,1.34,0.64,1.04,0.42,0.63,19.16,29.6,19.86,12.58,11.27,20.77,3.36,1.75,2.47,2.18,1.3,3.21
2023-03-01,0.546,0.726,1.152,0.702,0.612,0.614,17.072,28.095999999999997,14.906,13.594,11.428,19.746000000000002,2.588,1.3539999999999999,2.7380000000000004,2.006,1.5559999999999998,2.2560000000000002,0.132,0.47000000000000003,0.9,0.692,0.614,0.398,19.726,27.227999999999998,14.388,12.936000000000002,11.524000000000001,22.684,0.398,1.004,2.384,1.984,1.532,0.8240000000000001,0.628,1.4460000000000002,2.018,0.9119999999999999,0.294,0.74,20.122,30.996000000000002,16.526,12.367999999999999,10.776,21.779999999999998,3.0460000000000003,2.268,5.264,1.7719999999999998,0.736,2.9699999999999998,0.64,0.79,1.46,0.73,0.51,0.71,17.79,29.23,15.39,13.27,12.15,20.44,2.58,1.32,2.5,2.19,2.54,2.22,0.14,0.58,1.01,0.72,0.51,0.48,20.42,28.41,15.16,12.4,11.77,23.05,0.56,1.03,2.5,2.26,2.68,0.91,0.75,1.35,3.53,0.77,0.01,0.85,21.04,32.31,15.85,13.18,10.63,22.75,3.08,2.01,3.13,1.37,0.27,2.95
2023-04-01,0.5575,0.76,0.9225,0.48,0.37,0.6325,18.4825,28.3425,19.2975,13.74,12.225,20.9825,2.1149999999999998,1.2974999999999999,2.705,2.0100000000000002,1.87,1.9024999999999999,0.11,0.35000000000000003,0.7424999999999999,0.4825,0.3725,0.30000000000000004,20.465,27.2325,20.2575,13.9525,11.4925,23.294999999999998,0.3325,1.03,2.705,1.915,1.9625,0.84,0.655,1.7375,1.7625,0.11,0.4775,0.8225,21.5,31.425,14.9,13.3625,13.72,22.8175,2.4925,2.0175,2.08,1.4125,0.6375000000000001,2.4525,0.55,0.62,1.22,0.43,0.18,0.59,19.56,28.73,18.86,12.12,10.99,21.92,2.55,1.26,5.5,1.7,0.39,2.17,0.09,0.28,1.22,0.43,0.18,0.28,21.11,27.08,20.23,13.0,11.04,23.41,0.4,1.03,5.56,1.71,0.41,1.0,0.64,1.55,0.56,0.01,0.01,0.8,22.32,32.84,13.67,10.35,10.89,23.68,3.0,1.92,1.69,0.03,0.22,2.87
2023-05-01,0.5675,0.9025000000000001,0.7324999999999999,0.375,0.325,0.6725,21.0825,31.4625,19.9325,12.555,11.865,23.2775,2.5775,1.445,3.5825,1.6125,0.6575,2.29,0.11,0.38,0.6525,0.375,0.325,0.3175,22.41,29.28,21.009999999999998,14.245000000000001,12.1875,24.8175,0.34750000000000003,1.07,3.6725000000000003,1.62,0.61,0.87,0.6575,2.18,1.975,0.20500000000000002,0.16499999999999998,0.8574999999999999,25.375,36.635000000000005,15.86,11.515,10.7325,26.3825,3.0375,2.465,2.78,0.68,1.3175000000000001,2.9875,0.6,1.47,0.7,0.42,0.39,0.9,24.21,33.88,19.04,14.57,12.94,25.92,2.56,1.69,3.33,1.39,0.99,2.31,0.13,0.36,0.66,0.42,0.39,0.32,23.84,30.63,19.57,15.28,13.89,25.69,0.47,1.17,3.48,1.41,0.84,1.0,0.69,3.64,2.27,0.32,0.58,1.21,29.77,42.18,17.08,13.73,9.93,30.74,2.98,3.1,2.66,0.15,3.56,3.0
2023-06-01,0.67,1.462,1.31,0.646,0.798,0.9719999999999999,27.286,39.592,26.04,22.418,14.98,29.926,2.58,1.996,5.128,1.702,1.986,2.472,0.178,0.54,1.208,0.458,0.716,0.476,26.125999999999998,37.245999999999995,26.436,20.634,16.339999999999996,30.796,0.376,1.426,5.247999999999999,1.6920000000000002,1.67,1.152,0.774,3.414,2.662,1.9275000000000002,3.5120000000000005,1.258,32.327999999999996,46.3,24.588,20.482,12.675999999999998,33.962,3.088,3.444,4.17,1.3539999999999999,1.916,3.16,0.66,0.89,0.8,0.34,1.65,0.72,28.45,38.45,27.56,27.39,17.68,30.11,3.07,1.96,4.14,1.66,2.29,2.84,0.13,0.49,0.8,0.34,1.64,0.41,26.55,37.35,29.27,27.45,19.9,30.98,0.35,1.56,4.26,1.67,2.3,1.08,0.75,2.53,0.12,0.62,4.16,0.86,33.05,43.61,20.96,18.39,14.86,33.64,3.69,3.41,1.3,0.22,0.1,3.67
2023-07-01,0.7025,1.33,1.5225,1.25,1.0875,0.9725,25.685000000000002,33.125,26.1875,21.6875,17.7875,27.482499999999998,3.02,2.165,3.3325,3.4625,2.75,2.76,0.305,0.675,0.895,1.2525,1.0875,0.6174999999999999,24.4475,31.8225,27.0075,22.08,19.04,28.02,0.8375,1.5150000000000001,3.0525,2.3475,1.505,1.3175000000000001,0.8275,2.825,3.71,0.0575,1.6166666666666665,1.2625000000000002,28.927500000000002,36.635,22.6675,17.705,16.69,29.56,3.58,3.6325,4.7475000000000005,4.275,4.675,3.6025,0.77,1.34,1.23,1.06,1.19,0.94,23.44,29.32,26.76,20.19,18.81,25.22,3.0,2.41,3.19,6.16,1.54,2.87,0.51,0.86,0.85,1.07,1.19,0.77,22.66,28.21,27.1,21.57,19.18,26.02,1.3,1.76,2.62,2.17,1.49,1.58,0.86,2.58,2.89,0.14,4.75,1.07,25.35,32.58,25.62,19.26,18.03,26.31,3.49,3.75,5.95,7.32,2.61,3.56
2023-08-01,0.76,1.545,1.5725,1.4375,1.26,1.0525,23.485,29.4125,24.6875,20.705,18.8375,24.9775,2.9050000000000002,2.4375,4.535,3.5375,2.24,2.8,0.3225,0.7725,1.3050000000000002,1.1825,1.2625,0.74,23.7125,28.2225,25.04,21.925,19.2425,25.677500000000002,0.9075,1.735,4.075,2.4050000000000002,2.1174999999999997,1.55,0.86,3.285,3.9400000000000004,3.0949999999999998,0.5249999999999999,1.2575,25.0225,33.115,23.7575,20.03,18.095,25.9425,3.3575,3.9924999999999997,5.1925,3.765,2.6425,3.4725,0.75,1.72,2.92,1.23,1.36,1.13,25.06,30.76,23.82,20.13,19.8,26.01,2.81,2.55,5.7,3.42,3.56,2.78,0.21,1.02,2.19,1.22,1.37,0.94,24.5,29.55,23.79,22.26,20.02,26.07,0.46,2.22,5.19,3.43,3.57,1.86,0.86,3.26,8.66,3.02,0.02,1.26,25.69,35.26,24.22,19.07,19.18,26.57,3.29,3.54,7.88,2.99,2.28,3.35
2023-09-01,0.74,1.3279999999999998,0.71,1.318,1.284,0.9359999999999999,29.677999999999997,41.656,33.396,31.76,27.082,33.418,2.756,2.2600000000000002,2.026,2.928,2.126,2.596,0.22400000000000003,0.6799999999999999,0.634,1.318,1.282,0.634,28.004,40.128,33.186,30.656,26.942,34.33,0.442,1.598,1.8800000000000001,2.944,2.114,1.252,0.834,2.656,1.874,1.566,0.826,1.098,31.502,46.126,34.43,32.553999999999995,26.52,34.414,3.25,3.694,2.784,2.072,2.2060000000000004,3.322,0.83,1.66,0.73,1.35,1.21,1.1,33.25,45.21,38.03,35.61,31.49,37.15,2.86,2.76,3.22,5.75,3.85,2.85,0.23,0.9,0.68,1.34,1.2,0.76,30.09,44.04,37.65,34.19,30.26,37.82,0.53,1.84,3.18,5.92,3.87,1.61,0.92,2.98,2.71,2.96,3.0,1.23,35.31,48.92,39.65,38.07,30.86,38.1,3.41,4.43,2.92,3.19,2.1,3.6
2023-10-01,0.8075,1.725,1.2425000000000002,1.285,1.51,1.1175,34.182500000000005,43.8925,38.3375,34.505,31.39,37.5075,2.9075,2.74,2.0125,2.295,1.7975,2.8375,0.2675,0.735,0.745,1.18,1.305,0.655,32.6775,43.96,37.255,34.055,30.802500000000002,38.8575,0.6950000000000001,1.7725,1.6575,2.2875,1.6025,1.4475,0.885,3.4524999999999997,3.2775,2.1725,2.135,1.335,35.614999999999995,45.6625,42.269999999999996,34.8925,31.119999999999997,37.7275,3.38,4.675,4.195,2.33,3.0549999999999997,3.605,0.83,1.89,0.78,1.13,1.24,1.17,35.72,41.72,38.89,35.1,32.78,37.53,2.99,2.82,1.76,2.4,1.49,2.91,0.18,0.85,0.6,1.13,1.24,0.69,33.08,41.89,37.47,34.43,31.0,37.75,0.42,1.78,1.6,2.47,1.47,1.36,0.91,3.51,1.74,0.05,0.01,1.36,36.44,43.45,43.15,35.19,31.29,37.57,3.52,4.56,2.61,0.02,1.9,3.72
2023-11-01,0.9175,1.92,0.9475,1.6524999999999999,1.1524999999999999,1.235,37.4025,45.665,44.4625,40.4725,36.075,40.8025,2.7775,2.9375,2.9074999999999998,3.9299999999999997,2.66,2.855,0.38,0.84,0.8,1.38,1.155,0.73,36.44,46.235,43.1975,40.2575,35.6625,42.4475,0.805,1.885,1.955,2.395,2.565,1.555,0.99,3.54,2.9175,1.76,0.057499999999999996,1.4425,37.3675,47.15,47.5425,40.894999999999996,36.845,39.754999999999995,3.215,4.62,5.109999999999999,3.8175,1.9275,3.54,0.97,1.62,0.87,1.15,1.16,1.22,38.81,46.07,46.47,40.83,38.24,41.76,2.72,3.27,2.35,5.63,1.99,2.96,0.33,0.61,0.66,1.11,1.16,0.57,37.51,46.94,44.67,40.92,36.32,43.17,0.65,1.76,1.91,2.16,1.96,1.44,1.05,3.36,3.63,2.91,0.06,1.55,38.23,48.48,50.61,40.73,41.54,40.67,3.19,5.04,4.25,6.81,2.59,3.75
2023-12-01,1.018,1.902,1.104,2.222,1.374,1.316,42.344,51.418000000000006,49.602,41.422000000000004,38.03,45.638,2.69,2.948,2.82,3.2019999999999995,2.412,2.7960000000000003,0.366,0.9380000000000001,0.836,1.392,1.3820000000000001,0.8,40.974000000000004,52.016,48.194,40.824,38.634,47.336,0.714,2.016,2.494,2.7800000000000002,1.996,1.656,1.15,3.406,3.678,3.7299999999999995,0.5539999999999999,1.576,42.116,53.016,52.955999999999996,42.43,35.732,44.326,3.128,4.486,4.4799999999999995,3.812,3.3600000000000003,3.4120000000000004,1.08,1.47,0.92,1.36,1.69,1.24,43.68,52.5,51.67,42.29,37.76,47.06,2.59,3.24,3.73,2.49,2.22,2.89,0.3,0.74,0.8,1.34,1.69,0.69,41.95,54.08,51.27,42.04,37.74,49.3,0.54,2.23,3.69,2.51,2.11,1.87,1.24,2.88,3.05,3.08,0.36,1.58,43.28,53.07,53.44,43.67,39.11,45.34,3.01,4.52,4.96,2.53,2.69,3.43
2024-01-01,1.0550000000000002,1.565,1.66,1.605,0.7975,1.2349999999999999,44.205,50.4825,49.167500000000004,42.2,38.0225,46.23,2.5725000000000002,2.4725,2.71,2.5700000000000003,2.15,2.5425,0.3425,0.83,0.6775,1.0675,0.815,0.7,42.12,51.192499999999995,48.515,41.807500000000005,38.4525,47.1475,0.5549999999999999,1.695,1.8599999999999999,2.2375,1.635,1.3599999999999999,1.1775,2.71,3.69,2.643333333333333,0.10666666666666667,1.455,43.705,51.165,51.3875,42.6325,36.9775,44.9075,2.9775,3.7275,4.365,1.9775,3.3575000000000004,3.135,1.06,1.42,1.64,1.14,0.64,1.18,44.91,49.61,49.09,42.46,38.72,46.36,2.45,2.21,1.91,2.16,1.77,2.37,0.42,0.94,0.61,1.13,0.65,0.79,42.69,50.64,48.29,42.57,38.99,46.85,0.57,1.62,1.5,2.17,1.71,1.3,1.18,2.39,3.67,1.19,0.21,1.35,44.06,50.17,51.5,41.77,38.04,45.06,2.82,3.55,3.39,0.01,2.22,2.93
2024-02-01,0.9125,1.0825,0.6699999999999999,0.545,0.505,0.96,43.995,51.46,50.2775,42.8075,39.0525,46.735,2.075,2.0025,2.0625,3.805,2.3449999999999998,2.06,0.4525,0.545,0.5325,0.55,0.5375,0.5175000000000001,43.0175,51.665,48.7075,42.275,40.18,47.635000000000005,0.735,1.3275000000000001,1.26,1.82,1.58,1.125,1.0225,1.905,1.7574999999999998,0.185,0.037500000000000006,1.2,43.6075,53.5925,53.3525,44.2675,38.19,45.7025,2.4074999999999998,2.91,3.6725,4.3675,3.0675,2.545,0.91,1.15,0.47,0.46,0.46,0.97,44.08,51.89,49.27,43.61,39.42,46.82,1.99,1.88,1.19,1.8,2.55,1.94,0.42,0.55,0.46,0.46,0.46,0.5,42.92,52.25,48.06,42.29,40.22,47.79,0.55,1.34,1.16,1.8,2.54,1.06,1.03,1.82,1.23,0.22,0.07,1.2,43.76,54.68,51.92,47.41,38.38,45.75,2.3,2.77,2.76,1.19,2.77,2.38
2024-03-01,0.9339999999999999,1.126,0.72,0.572,0.45999999999999996,0.994,47.47,57.272000000000006,52.588,43.724000000000004,41.476,50.992000000000004,2.0759999999999996,1.9140000000000001,1.7079999999999997,2.216,1.682,2.018,0.38,0.5780000000000001,0.508,0.546,0.45999999999999996,0.522,46.262,57.077999999999996,51.23,43.158,41.028000000000006,51.936,0.874,1.324,1.31,2.2199999999999998,1.496,1.1880000000000002,1.0619999999999998,1.9259999999999997,2.154,1.3980000000000001,0.36,1.242,47.93,60.952,56.574,44.852,41.108,50.568,2.372,2.904,3.254,1.442,2.416,2.4859999999999998,1.01,1.24,0.52,0.5,0.43,1.07,52.53,64.3,59.68,48.69,44.65,57.3,2.01,1.91,1.67,1.57,1.93,1.97,0.43,0.54,0.49,0.5,0.43,0.5,51.93,64.35,58.16,48.04,45.42,58.94,1.01,1.4,1.21,1.58,1.92,1.26,1.14,2.12,1.33,0.1,0.04,1.32,53.11,67.67,66.69,52.1,41.84,56.72,2.3,2.82,3.28,0.96,2.42,2.4
2024-04-01,0.96,1.0375,0.805,0.58,0.4975,0.99,55.4025,67.5675,60.22,47.9675,44.339999999999996,59.542500000000004,1.955,1.8275000000000001,1.8025,2.0,1.045,1.91,0.5125000000000001,0.5625,0.4925,0.525,0.5,0.545,53.58,66.56,58.945,47.525,45.417500000000004,60.42,0.78,1.25,1.3525,1.9825,0.78,1.1,1.05,1.85,2.315,0.745,0.15333333333333335,1.2349999999999999,56.5,71.8825,65.15,49.0125,44.6275,59.1975,2.3325,2.8425000000000002,3.1125,1.6275,2.61,2.455,1.0,1.16,0.6,0.58,0.49,1.05,56.45,68.06,60.89,48.77,42.58,60.31,1.79,1.79,2.21,2.41,1.24,1.8,0.33,0.56,0.53,0.58,0.49,0.5,54.65,67.81,60.42,47.65,45.57,61.75,0.54,1.22,1.31,2.3,1.08,1.02,1.12,1.96,1.96,0.12,0.25,1.3,57.45,71.12,61.74,51.15,41.26,59.35,2.13,2.85,3.29,2.93,2.37,2.28
2024-05-01,1.034,1.284,0.72,0.632,0.8800000000000001,1.122,56.176,64.538,60.962,50.034000000000006,44.388,59.172000000000004,1.932,2.0439999999999996,1.934,1.762,1.3279999999999998,1.986,0.398,0.608,0.48,0.642,0.484,0.5439999999999999,54.182,64.326,59.822,49.626,43.118,59.588,0.784,1.26,1.736,1.7399999999999998,1.176,1.136,1.152,2.3280000000000003,2.496,0.8380000000000001,1.036,1.4220000000000002,57.432,66.378,63.474000000000004,49.432,43.926,59.21,2.286,3.318,3.0780000000000003,1.154,2.302,2.558,1.19,1.77,0.64,0.56,0.69,1.39,55.9,61.0,57.46,50.49,45.97,57.54,2.11,2.46,1.91,1.86,2.48,2.24,0.45,0.68,0.47,0.66,0.69,0.6,54.46,61.11,56.71,51.1,39.58,57.81,1.25,1.39,1.61,1.89,2.48,1.35,1.34,3.01,3.14,0.01,0.96,1.79,57.07,61.44,58.68,45.9,50.98,57.71,2.42,3.86,3.29,0.01,2.48,2.81
2024-06-01,1.225,1.3599999999999999,1.115,1.5325,0.9950000000000001,1.295,55.3275,59.695,57.6275,49.5275,44.435,56.795,2.215,2.1025,2.4924999999999997,2.045,1.92,2.205,0.3,0.5825,0.7875,1.1075,0.9975,0.54,53.4775,59.582499999999996,55.725,48.4925,43.8325,56.53,0.5725,1.3675,2.08,2.0324999999999998,1.49,1.1875,1.41,2.815,3.02,1.3066666666666669,0.1,1.73,56.4375,61.915,61.5875,49.46,45.375,57.472500000000004,2.6375,3.6925,3.6825,1.3875,3.1900000000000004,2.8875,1.19,1.66,0.94,2.75,1.11,1.41,54.78,59.17,57.54,48.78,42.58,56.36,2.1,2.6,3.32,1.54,1.15,2.36,0.4,0.55,0.61,1.12,1.11,0.54,53.26,59.14,55.4,49.07,44.0,56.3,0.54,1.64,2.56,1.88,1.05,1.42,1.38,3.2,3.23,3.7,0.15,1.94,56.09,60.93,61.45,46.52,41.04,57.2,2.48,4.23,4.31,0.31,2.7,2.97
2024-07-01,1.18,1.4875,1.5125,1.87,1.2675,1.3025,54.6025,59.3825,55.5325,50.755,41.519999999999996,56.0575,1.5125,2.255,2.7125,2.06,1.575,1.85,0.24,0.6525,0.7424999999999999,1.2725,1.255,0.6,53.365,59.155,54.0625,49.045,40.35,56.0025,0.575,1.36,1.73,2.09,1.6025,1.1425,1.3925,2.8375000000000004,3.145,2.73,0.9450000000000001,1.73,55.56,61.317499999999995,59.38,54.385,44.54,56.5725,1.7974999999999999,3.7325,4.25,1.2575,0.6799999999999999,2.3175,1.23,1.29,0.65,1.32,1.28,1.24,54.52,59.25,53.84,55.06,41.2,55.75,1.43,2.2,2.17,1.83,1.74,1.78,0.31,0.41,0.61,1.32,1.23,0.46,53.11,58.86,52.76,53.81,38.61,55.5,0.53,1.12,1.41,1.84,1.77,0.97,1.45,2.68,1.08,0.19,2.0,1.75,55.6,61.54,57.53,56.76,46.15,56.51,1.71,3.61,3.58,0.64,0.49,2.28
2024-08-01,1.04,0.968,0.694,1.068,1.062,1.01,53.99400000000001,59.044000000000004,52.44199999999999,53.266,41.082,55.416,1.418,1.7420000000000002,1.244,2.584,1.72,1.552,0.236,0.558,0.5900000000000001,1.07,1.058,0.5479999999999999,53.236000000000004,58.842,51.784000000000006,51.52,40.55,55.562,0.716,1.272,1.194,1.738,1.366,1.11,1.192,1.8240000000000003,1.6239999999999999,0.075,0.40599999999999997,1.308,54.746,61.053999999999995,54.686,54.258,42.888,55.784000000000006,1.6420000000000001,2.69,1.8059999999999998,2.08,2.1639999999999997,1.8820000000000001,0.95,0.77,0.5,0.92,0.91,0.89,53.94,59.36,51.53,54.2,39.1,55.29,1.13,1.64,0.96,1.61,1.64,1.32,0.14,0.42,0.5,0.92,0.91,0.43,54.39,59.05,50.99,53.74,39.06,55.83,0.52,1.29,0.97,1.64,1.64,1.04,1.1,1.53,0.2,0.01,0.01,1.16,54.45,61.38,53.57,54.86,40.97,55.58,1.33,2.41,1.23,0.11,1.45,1.54
2024-09-01,0.8474999999999999,0.6825,0.4225,0.4475,0.415,0.77,54.42,59.697500000000005,51.6175,52.464999999999996,37.525000000000006,56.1175,1.3225,1.2125,1.1875,1.325,0.9075,1.2825,0.21250000000000002,0.36,0.355,0.4475,0.415,0.3375,53.675,59.3475,50.3225,51.0,36.615,56.22,0.6675,0.8325,0.9425,1.3475,0.79,0.795,0.935,1.415,1.1875,0.07,0.1625,1.01,55.1475,61.792500000000004,56.4625,55.08,39.28,56.485,1.465,2.11,2.2474999999999996,0.8,1.2425000000000002,1.5825,0.82,0.74,0.36,0.44,0.42,0.77,54.84,59.5,50.53,50.23,39.34,56.11,1.16,1.04,1.29,0.7,1.37,1.12,0.26,0.42,0.3,0.44,0.42,0.38,54.03,59.05,48.99,49.7,36.85,55.95,0.7,0.79,0.89,0.66,0.91,0.77,0.9,1.33,2.05,0.01,0.15,0.97,55.57,61.43,56.87,52.37,40.57,56.7,1.3,1.89,4.34,1.24,2.47,1.37
2024-10-01,0.8925000000000001,0.6775,0.46,0.47750000000000004,0.41000000000000003,0.8125,54.62,59.515,49.075,48.51,41.14,56.019999999999996,1.2125,1.3800000000000001,1.1025,1.3925,1.0575,1.2799999999999998,0.305,0.35250000000000004,0.3225,0.43,0.41000000000000003,0.3475,53.96,59.260000000000005,47.4275,47.0375,39.504999999999995,56.055,0.78,0.8075,0.8049999999999999,1.63,1.07,0.8175,0.9675,1.325,1.385,1.1925,0.25666666666666665,1.0325,55.3875,61.175,54.1125,50.6425,39.5125,56.5125,1.3825,2.4425,2.4175,0.5475000000000001,0.1875,1.645,0.8,0.88,0.66,0.46,0.45,0.81,54.48,59.47,48.98,47.26,43.93,55.82,1.0,1.34,1.21,1.59,0.6,1.13,0.28,0.4,0.33,0.46,0.45,0.38,53.78,59.2,47.25,43.78,41.96,55.79,0.64,0.87,0.65,1.6,0.61,0.8,0.87,1.49,2.19,0.09,0.04,1.01,55.38,61.19,53.64,56.21,42.34,56.5,1.13,2.33,2.23,0.54,0.05,1.4
2024-11-01,0.8620000000000001,0.666,0.738,0.554,0.34199999999999997,0.788,54.714,59.088,49.78,50.342,36.918,55.896,1.198,1.3119999999999998,1.0239999999999998,1.448,0.892,1.248,0.33599999999999997,0.384,0.41,0.504,0.34199999999999997,0.376,53.314,58.932,48.646,47.53,36.506,55.684000000000005,0.68,0.9179999999999999,0.836,1.5219999999999998,0.9019999999999999,0.8619999999999999,0.9460000000000001,1.442,2.176,0.804,0.04,1.026,55.888,60.525999999999996,52.446000000000005,51.944,39.984,56.634,1.332,2.27,2.128,0.522,0.25,1.518,0.98,0.73,0.4,0.59,0.33,0.87,54.51,59.18,51.27,47.62,36.46,55.93,1.51,1.45,1.14,1.37,0.73,1.48,0.3,0.38,0.4,0.59,0.33,0.37,53.36,58.99,49.56,47.15,36.38,55.93,0.55,1.14,1.15,1.38,0.75,0.99,1.09,1.47,0.15,0.73,0.01,1.16,56.02,60.96,52.82,47.97,38.89,56.82,1.74,2.32,1.46,0.62,0.07,1.84
2024-12-01,0.75,0.77,1.21,0.645,0.435,0.77,54.707499999999996,59.3475,51.1425,49.4625,39.8175,56.0925,1.1325,1.4625000000000001,1.7825,1.7425,1.045,1.285,0.4025,0.42,0.4325,0.575,0.43999999999999995,0.4175,53.66,59.074999999999996,49.0925,48.22,37.1075,56.0775,0.45999999999999996,0.895,1.2725,1.7399999999999998,0.7525000000000001,0.8,0.825,1.87,2.8925,0.745,0.02,1.0150000000000001,55.835,61.1225,55.855,49.6525,39.815,56.725,1.2675,2.7575,2.8325000000000005,1.1600000000000001,1.15,1.575,0.76,0.83,1.46,0.8,0.37,0.81,54.5,59.16,48.16,48.39,38.22,55.68,1.23,1.59,2.16,1.68,1.08,1.4,0.34,0.45,0.4,0.5,0.37,0.42,53.49,58.8,45.39,47.03,31.51,55.41,0.37,1.03,1.53,1.65,0.68,0.89,0.86,2.01,3.81,2.51,0.03,1.1,55.44,60.72,56.11,49.8,30.96,56.37,1.41,3.02,3.92,2.77,0.79,1.75
2025-01-01,0.984,0.9259999999999999,1.098,1.786,0.48999999999999994,0.9800000000000001,52.504,54.720000000000006,43.894,45.806,37.456,52.688,1.45,1.8079999999999998,1.6219999999999999,2.1740000000000004,1.236,1.61,0.502,0.44400000000000006,0.626,0.616,0.492,0.4720000000000001,51.92999999999999,54.73,41.116,44.296,35.632,52.36800000000001,0.8320000000000001,1.0219999999999998,1.3780000000000001,1.448,0.9099999999999999,0.99,1.0699999999999998,2.19,3.1100000000000003,2.816,0.115,1.28,53.477999999999994,55.412,50.194,46.83,36.440000000000005,53.61800000000001,1.58,3.2299999999999995,2.478,2.9619999999999997,0.906,1.966,1.13,1.15,1.28,2.32,0.41,1.16,50.68,52.5,40.62,46.05,36.39,50.61,1.62,1.92,1.81,4.79,2.81,1.76,0.53,0.54,0.72,0.69,0.41,0.55,50.7,52.53,38.86,46.05,35.72,50.38,1.29,1.19,1.85,1.59,1.25,1.26,1.24,2.3,3.23,3.8,0.08,1.47,51.45,53.22,46.03,46.05,34.38,51.53,1.69,3.34,1.1,6.59,2.99,2.08
2025-02-01,1.1825,1.2275,1.025,1.445,0.4325,1.2,50.045,52.1,41.555,45.7375,34.385000000000005,50.2475,1.755,2.1375,2.5975,1.6600000000000001,0.7125,1.92,0.37,0.515,0.6025,0.435,0.4325,0.49,49.265,52.335,39.3675,45.29,32.497499999999995,50.0025,1.1475,1.1575,1.56,1.3525,0.7475,1.17,1.295,2.785,3.2350000000000003,2.82,0.0775,1.5825,51.1625,52.4525,48.045,45.985,38.265,51.239999999999995,1.905,3.8724999999999996,4.3575,2.02,0.2175,2.425,1.23,1.07,0.9,0.8,0.3,1.16,49.55,52.03,42.77,45.77,33.09,50.05,1.73,2.18,1.86,1.6,1.01,1.9,0.42,0.49,0.49,0.4,0.3,0.47,48.81,52.2,40.13,44.89,31.81,49.92,1.42,1.34,1.64,1.44,1.09,1.38,1.34,2.72,2.99,3.01,0.09,1.57,50.81,52.96,49.6,46.21,38.78,51.11,1.8,3.76,3.45,3.96,0.02,2.28
2025-03-01,1.2775,1.325,0.9475,0.6425,0.3125,1.28,48.89,51.2325,42.332499999999996,44.0525,35.83,49.4275,1.9449999999999998,2.1399999999999997,1.9975,1.8824999999999998,1.1425,2.0175,0.255,0.5,0.6799999999999999,0.37,0.315,0.4625,47.69,51.489999999999995,39.7825,42.75,34.1075,49.2875,1.08,1.205,1.3125,1.6124999999999998,0.8200000000000001,1.17,1.4100000000000001,2.915,3.2675,1.1925,0.08,1.655,50.07,51.3,48.4225,44.4075,39.5775,50.18,2.2,3.67,3.17,1.475,1.3675,2.535,1.44,1.23,0.74,0.46,0.27,1.35,50.61,53.59,41.23,43.31,35.81,51.41,2.28,2.36,1.86,2.26,0.91,2.3,0.28,0.53,0.66,0.44,0.27,0.48,49.11,54.01,37.84,41.22,33.88,51.33,1.08,1.46,1.45,2.32,0.96,1.36,1.56,2.8,3.82,0.04,0.11,1.72,52.0,53.31,51.36,42.95,41.34,52.17,2.54,3.8,2.9,1.75,0.24,2.82
2025-04-01,1.415,1.1825,1.1375,1.8475000000000001,0.42250000000000004,1.3599999999999999,52.1275,55.1525,41.6525,49.6525,35.1725,52.78,2.1275,2.085,1.8,1.8525,0.7475,2.1225,0.32,0.53,0.55,0.35,0.42500000000000004,0.4825,50.5975,55.052499999999995,38.025000000000006,48.06,35.91,52.2275,1.105,1.1625,1.1099999999999999,1.42,0.8175,1.145,1.5325,2.5875,2.9425,2.3200000000000003,0.02,1.725,53.595,56.6825,54.445,49.8375,40.9925,54.045,2.37,3.535,3.275,1.6075,0.015,2.6425,1.44,1.22,1.64,3.34,0.31,1.43,53.75,56.58,41.34,51.83,31.04,54.27,1.96,2.14,2.4,3.81,0.77,2.05,0.39,0.68,0.42,0.4,0.32,0.6,52.18,56.55,37.7,52.18,29.88,53.61,1.08,1.17,1.25,1.68,0.98,1.15,1.55,2.62,3.31,3.99,0.01,1.78,55.29,58.12,56.29,51.01,41.34,55.71,2.2,3.62,4.04,5.05,0.01,2.59
2025-05-01,1.3519999999999999,1.176,0.766,1.054,0.32999999999999996,1.294,56.198,58.794000000000004,44.29600000000001,50.954,38.334,56.694,1.984,1.948,1.654,1.6940000000000002,0.8,1.968,0.29,0.532,0.45599999999999996,0.534,0.33399999999999996,0.48,54.882000000000005,58.532,40.774,45.846,33.64,56.032000000000004,0.99,1.168,1.088,1.7579999999999998,0.74,1.124,1.46,2.398,2.502,1.206,0.2675,1.616,57.556000000000004,60.48199999999999,58.396,53.31,36.568,58.053999999999995,2.258,3.22,3.12,1.082,0.782,2.488,1.22,1.21,0.71,0.53,0.34,1.21,56.58,59.32,46.65,49.7,41.15,57.24,1.95,2.17,1.17,1.14,0.79,2.03,0.23,0.61,0.41,0.53,0.33,0.52,55.5,59.1,42.95,38.32,31.35,56.85,0.94,1.3,1.1,1.14,0.84,1.2,1.31,2.42,3.68,0.65,0.72,1.44,57.89,60.72,57.59,52.71,46.3,58.36,2.2,3.19,2.06,0.01,0.21,2.44
2025-06-01,1.2850000000000001,1.05,1.0125,0.4975,0.4175,1.1925,56.015,58.6575,45.1975,48.3925,38.705,56.66,1.85,1.9325,2.655,1.1600000000000001,1.3525,1.885,0.2325,0.5375000000000001,0.6225,0.3875,0.42000000000000004,0.4775,55.575,58.515,40.335,42.96,32.28,56.575,0.9325,1.225,1.3175,1.25,0.915,1.1275,1.3825,2.2375000000000003,2.3899999999999997,0.65,0.10500000000000001,1.4975,56.885,59.8675,55.835,50.555,43.16,57.370000000000005,2.0575,3.31,4.4325,0.3475,1.2574999999999998,2.3025,1.36,1.0,1.16,0.48,0.28,1.23,55.8,57.8,39.16,49.54,34.35,56.19,1.9,1.76,3.11,1.02,0.67,1.88,0.23,0.53,0.71,0.4,0.28,0.48,55.62,57.73,33.71,48.98,28.57,56.09,0.89,1.02,1.46,1.03,0.72,1.0,1.46,1.74,3.37,0.81,0.01,1.52,56.43,58.57,54.34,49.89,43.6,56.79,2.13,3.1,4.46,0.01,0.03,2.35
2025-07-01,1.2225,1.065,0.9824999999999999,0.5275,0.33,1.1524999999999999,53.79,56.629999999999995,42.7525,47.85,35.7825,54.4875,1.8675,1.9075,1.5474999999999999,1.4525000000000001,0.855,1.8725,0.3,0.46,0.6975,0.4775,0.33,0.4375,54.445,56.83,37.32,46.5525,28.5625,55.004999999999995,1.1375000000000002,1.13,1.2275,1.3225,0.6825,1.1275,1.31,2.1950000000000003,2.7375,0.64,0.0375,1.4475,54.18,56.785,52.025,48.269999999999996,41.7025,54.625,2.0525,3.1775,2.6875,2.0275,0.8575,2.29,1.27,1.0,1.13,0.47,0.27,1.15,51.78,54.97,40.13,48.18,34.74,52.52,2.0,1.75,1.77,0.97,0.6,1.9,0.23,0.36,0.48,0.48,0.27,0.35,52.59,55.23,35.75,48.43,30.33,53.12,1.02,1.08,1.75,0.75,0.63,1.08,1.37,2.04,2.44,0.06,0.01,1.51,51.99,54.94,51.83,47.21,42.03,52.46,2.2,3.21,1.79,1.94,0.1,2.38
2025-08-01,1.264,0.96,0.942,0.398,0.344,1.1460000000000001,50.61,51.95,42.07000000000001,44.804,31.574,50.760000000000005,1.8679999999999999,1.8,1.426,1.8039999999999998,1.0399999999999998,1.8399999999999999,0.33999999999999997,0.44399999999999995,0.442,0.386,0.324,0.42000000000000004,51.391999999999996,52.21,38.69,40.93,29.268,51.148,1.364,1.0699999999999998,1.16,0.952,0.642,1.1720000000000002,1.3439999999999999,1.9780000000000002,2.566,0.335,0.7979999999999999,1.44,50.79,51.94199999999999,49.872,45.884,39.962,50.972,2.0140000000000002,3.1380000000000003,2.574,2.618,1.27,2.238,1.23,0.82,0.78,0.41,0.31,1.05,50.01,51.64,47.35,44.59,24.75,50.49,1.71,1.79,1.38,1.18,0.61,1.74,0.32,0.36,0.61,0.41,0.31,0.37,51.1,52.05,46.57,43.01,24.05,51.42,1.26,1.12,1.28,1.14,0.61,1.16,1.32,1.66,2.07,0.01,0.01,1.39,50.01,51.51,49.12,44.97,37.54,50.23,1.89,3.25,2.61,2.76,0.04,2.19
2025-09-01,1.2475,0.875,0.6625,0.43,0.25,1.1125,48.792500000000004,50.405,46.6225,41.8975,28.802500000000002,49.2575,1.97,1.8675,1.4449999999999998,1.17,0.5325,1.9175,0.3475,0.4275,0.4425,0.41000000000000003,0.25,0.4,50.3825,50.8275,45.817499999999995,38.31,24.3275,50.4275,1.2325,1.0175,0.9375,1.065,0.5125,1.085,1.3225,1.945,2.0775,0.03333333333333333,0.12250000000000001,1.395,48.44,49.980000000000004,48.195,43.69,38.2025,48.682500000000005,2.03,3.2525,2.66,1.2125,0.63,2.27,1.23,0.68,0.29,0.38,0.22,1.03,48.54,50.24,46.5,42.09,24.98,49.05,1.94,1.67,1.63,1.72,0.68,1.84,0.41,0.31,0.25,0.3,0.22,0.32,50.53,50.83,45.42,37.37,24.84,50.51,0.98,0.9,1.19,1.62,0.59,0.94,1.3,1.89,1.65,0.01,0.01,1.36,47.85,49.81,47.91,43.32,33.68,48.21,1.96,3.19,2.92,0.94,1.74,2.2
2025-10-01,1.208,0.966,0.62,0.58,0.272,1.106,47.456,49.586,44.642,42.702,34.102,48.13,1.8,1.6939999999999997,1.266,1.542,0.944,1.754,0.476,0.388,0.44000000000000006,0.49000000000000005,0.258,0.406,49.852,50.218,43.071999999999996,36.052,26.832,49.87,1.0,0.99,0.942,1.096,0.8140000000000001,0.99,1.282,1.996,1.7120000000000002,1.0539999999999998,0.562,1.388,46.586,48.698,47.266,43.816,39.91,46.97,1.9100000000000001,2.9699999999999998,2.55,1.5619999999999998,1.504,2.104,1.25,0.78,0.67,0.3,0.22,1.11,46.92,48.13,43.94,42.61,35.15,47.25,1.69,1.69,1.25,0.94,0.46,1.68,0.54,0.31,0.34,0.29,0.22,0.37,49.1,48.59,41.94,32.06,21.49,48.64,0.95,0.86,0.65,0.94,0.48,0.88,1.33,1.96,1.78,0.01,0.12,1.4,46.1,47.91,46.76,44.42,39.91,46.46,1.81,3.05,2.51,0.09,0.01,2.08
2025-11-01,1.2075,0.8575,0.9675,0.4175,0.55,1.095,46.49,47.8575,44.582499999999996,42.91,31.4725,46.894999999999996,1.8125,1.7,1.6975,1.4475,1.0525,1.7774999999999999,0.4925,0.3725,0.375,0.41500000000000004,0.235,0.3925,48.6275,48.3125,43.195,39.8525,30.5075,48.2725,1.0725,0.94,1.055,1.4100000000000001,1.075,0.9875,1.2775,1.8975,2.3575,0.37250000000000005,1.04,1.3875,45.6475,47.5125,46.735,43.815,35.5775,45.995,1.935,3.1525,2.425,0.54,0.18,2.13,1.29,0.77,0.5,0.39,0.22,1.13,46.54,47.84,45.65,43.85,39.58,46.92,2.05,1.89,2.06,1.08,0.54,2.01,0.47,0.37,0.39,0.39,0.22,0.39,48.64,48.3,44.84,42.5,39.24,48.27,1.12,0.97,1.38,1.09,0.56,1.03,1.36,1.82,2.61,0.14,0.08,1.41,45.67,47.72,46.73,44.37,40.18,46.04,2.21,3.59,3.39,0.05,0.02,2.4
2025-12-01,1.1275,0.8275,0.6000000000000001,0.39249999999999996,0.2325,1.0225,45.6575,46.635,44.39,42.17,38.542500000000004,45.910000000000004,1.745,1.565,1.2625,1.4849999999999999,1.3525,1.6775,0.4725,0.38749999999999996,0.40249999999999997,0.3475,0.2325,0.4025,48.0125,46.9725,43.6425,40.335,34.62,47.3425,0.9974999999999999,0.9625,1.075,1.4825,0.8200000000000001,0.9775,1.185,1.8800000000000001,1.7925,0.6900000000000001,0.0175,1.2650000000000001,44.792500000000004,46.3075,45.47,42.8425,39.6725,45.0525,1.89,2.85,2.035,0.815,1.3775,2.0374999999999996,1.09,0.88,0.32,0.37,0.26,1.01,45.24,45.73,43.79,41.49,37.55,45.34,1.74,1.51,1.21,1.01,1.41,1.65,0.38,0.48,0.26,0.37,0.26,0.45,47.71,46.05,43.11,41.1,36.81,46.71,0.84,0.89,0.96,0.99,1.36,0.88,1.16,1.85,0.97,0.04,0.03,1.24,44.39,45.38,44.86,42.22,38.75,44.54,1.9,2.66,2.11,2.51,0.24,2.0
2026-01-01,1.154,0.746,0.572,0.322,0.238,1.022,44.306,45.512,42.69199999999999,41.09,37.129999999999995,44.62,1.7760000000000002,1.486,1.8240000000000003,1.8259999999999998,1.488,1.684,0.476,0.29,0.284,0.244,0.2,0.324,46.758,46.096,41.57,40.016000000000005,34.324,46.260000000000005,1.1199999999999999,0.8460000000000001,0.73,0.8940000000000001,0.558,0.9279999999999999,1.21,1.816,2.5439999999999996,1.42,0.03666666666666667,1.282,43.474000000000004,44.727999999999994,44.126,41.194,38.374,43.684000000000005,1.89,2.754,2.902,2.7800000000000002,1.068,2.058,1.17,0.64,0.63,0.26,0.18,1.0,43.46,44.38,42.19,40.34,36.42,43.7,1.74,1.34,1.96,3.75,2.6,1.61,0.33,0.24,0.23,0.26,0.18,0.25,45.69,44.99,41.33,38.95,33.54,45.2,1.06,0.77,0.59,0.64,0.4,0.85,1.24,1.74,2.17,1.89,0.09,1.3,42.7,43.23,43.35,39.94,37.42,42.78,1.85,2.38,2.95,5.94,2.74,1.95
2026-02-01,1.1575,0.845,0.3125,0.325,0.1675,1.0475,43.3525,44.6575,43.019999999999996,40.91,36.8425,43.715,1.8275000000000001,1.395,1.6275,1.0525,0.2225,1.685,0.4,0.28,0.245,0.2225,0.1675,0.3,45.47,45.2575,42.355000000000004,41.052499999999995,32.045,45.2375,1.07,0.7625,0.7075,1.0474999999999999,0.2525,0.8674999999999999,1.2225,1.9275,1.53,1.2550000000000001,0.0425,1.3225,42.644999999999996,43.8725,43.7225,40.595,37.945,42.8575,1.9425,2.795,2.9975,0.855,0.1525,2.085,1.2,0.67,0.24,0.42,0.17,1.04,42.97,44.38,43.33,41.05,37.19,43.38,1.87,1.36,1.3,1.05,0.23,1.71,0.43,0.3,0.22,0.19,0.17,0.32,45.17,44.82,42.85,40.91,30.24,44.89,1.03,0.77,0.72,1.02,0.3,0.85,1.26,1.74,1.62,2.24,0.01,1.31,42.23,44.13,43.61,41.17,38.44,42.55,1.99,2.81,3.19,0.08,0.1,2.09
2026-03-01,1.2375,0.7825,0.3775,0.29,0.175,1.0925,44.595,45.5825,43.505,42.545,34.7325,44.875,2.0475,1.69,1.24,1.055,1.4525,1.9275,0.44999999999999996,0.3,0.26,0.23,0.175,0.325,45.4925,45.6425,42.3375,37.6725,29.857499999999998,45.4825,1.45,0.9225,0.745,0.98,0.9925,1.1125,1.2925,1.9375,2.1625,0.79,0.056666666666666664,1.3625,44.707499999999996,46.42,45.879999999999995,43.425,39.495,45.005,2.1225,3.0675,2.9,0.75,1.0333333333333334,2.2824999999999998,1.28,0.76,0.39,0.24,0.17,1.07,45.14,46.59,43.52,43.49,31.78,45.65,2.13,1.6,1.67,1.39,1.98,1.94,0.41,0.25,0.27,0.24,0.17,0.28,45.93,46.3,42.67,33.51,28.8,46.06,1.07,0.92,0.75,1.35,1.99,0.97,1.37,1.96,2.45,0.05,0.01,1.46,45.4,48.6,46.73,45.48,39.3,46.1,2.28,2.97,2.69,1.53,0.16,2.4
2026-04-01,1.41,0.91,0.57,0.52,0.24,1.25,46.29,48.8,46.07,43.12,33.88,47.11,2.27,1.92,1.66,2.24,0.55,2.16,0.35,0.36,0.4,0.33,0.24,0.36,47.14,48.53,44.13,40.4,28.47,47.81,0.87,1.01,0.64,1.33,0.56,0.96,1.51,2.35,2.21,0.01,0.11,1.6,46.63,50.45,49.12,45.64,40.98,47.31,2.44,3.47,3.64,0.01,0.33,2.6,1.41,0.91,0.57,0.52,0.24,1.25,46.29,48.8,46.07,43.12,33.88,47.11,2.27,1.92,1.66,2.24,0.55,2.16,0.35,0.36,0.4,0.33,0.24,0.36,47.14,48.53,44.13,40.4,28.47,47.81,0.87,1.01,0.64,1.33,0.56,0.96,1.51,2.35,2.21,0.01,0.11,1.6,46.63,50.45,49.12,45.64,40.98,47.31,2.44,3.47,3.64,0.01,0.33,2.6
