date,market_days,usd_try_avg,usd_try_last,usd_try_return_month_pct,eur_try_avg,eur_try_last,eur_try_return_month_pct,bist100_avg,bist100_last,bist100_return_month_pct,gold_usd_avg,gold_usd_last,gold_usd_return_month_pct,brent_oil_usd_avg,brent_oil_usd_last,brent_oil_usd_return_month_pct,wti_oil_usd_avg,wti_oil_usd_last,wti_oil_usd_return_month_pct,year,month,short_term_interest_rate_percent,discount_rate_percent,immediate_interbank_rate_percent,cpi_all_items_index_fred,cpi_inflation_yoy_percent_fred,cpi_inflation_mom_percent_fred,harmonized_unemployment_rate_percent,industrial_production_index,exports_value_fred,imports_value_fred
2002-01-01,22,1.3627438181818183,1.308488,-9.399514415718446,,,,133.57376171293714,132.5229949951172,-5.865182451893847,281.74761672247024,282.1000061035156,1.1473690487848964,,,,19.7480951944987,19.479999542236328,-7.282249738114044,2002,1,58.25,60.0,59.0,28.77594,73.15701,5.31948160244606,,40.45853,3726843000.0,5110563000.0
2002-02-01,20,1.3534562647058823,1.3893935,6.673620113760648,,,,117.13766606648763,110.55699920654297,-17.343031967091736,296.21579300729854,296.70001220703125,3.7412630094514787,,,,20.75157888312089,21.850000381469727,7.107847010067347,2002,2,55.92,60.0,58.3,29.280509999999996,73.07876,1.7534309844286,,42.88604,3747944000.0,4963540000.0
2002-03-01,21,1.3546897142857144,1.3410199999999999,-3.2665971773888303,,,,113.18109494163876,116.79399871826172,1.817642112762785,294.37500152587893,302.6000061035156,1.5436262092334285,,,,24.435999965667726,26.229999542236328,17.307687058349863,2002,3,53.95,60.0,54.73,29.62891,65.11308000000001,1.1898779321413202,,43.29063,3748084000.0,5374934000.0
2002-04-01,22,1.3174564761904761,1.335096,-0.8312492061499532,,,,118.96185702369327,114.41500091552734,-1.5497026652724677,303.5000013871626,308.8999938964844,1.8799411147652156,,,,26.260000055486504,27.290000915527344,1.6008946217598519,2002,4,44.49,60.0,51.31,30.2379,52.72344,2.0553980231012,,44.0998,3617846000.0,5552779000.0
2002-05-01,23,1.3941803478260868,1.441478,6.46200636861527,,,,111.90413035517153,104.13700103759766,-9.285953731163943,314.6272735595703,326.5,5.62924411287693,,,,26.93500007282604,25.350000381469727,-5.19820269837763,2002,5,46.35,55.0,48.0,30.41306,46.21862,0.5792414919000339,,42.75118,4003218999.999999,5413391000.0
2002-06-01,20,1.53051225,1.572927,7.8182112930594405,,,,95.96875038146973,93.79900360107422,-9.08218092023504,321.13000335693357,313.5,-4.040407625900655,,,,25.550500011444093,26.860000610351562,6.969334756919787,2002,6,56.5,55.0,48.0,30.59058,42.60394,0.5837092066861129,,43.15577,4317094000.0,6162846000.0
2002-07-01,23,1.658287,1.692265,7.312805891894847,,,,96.6241743668266,102.36499786376953,7.02038288632314,313.2809549967448,303.20001220703125,-3.4394865582702994,,,,26.93952378772554,27.020000457763672,0.7832935322809709,2002,7,51.89,55.0,48.03,31.031540000000003,41.27715,1.4414945614225598,,43.56035,4960829000.0,6993994000.0
2002-08-01,22,1.636250214285714,1.625257,-3.180681851690903,,,,99.8721909295945,95.4729995727539,-9.77792492148003,310.14999944513494,312.3999938964844,2.763155887001445,,,,28.204545454545453,28.979999542236328,9.48243405361746,2002,8,48.99,55.0,46.16,31.709359999999997,40.24142,2.1842878120411204,,43.83007,5073984000.0,7243614000.0
2002-09-01,21,1.6483595238095237,1.654436,1.9226516069533073,,,,92.2355709984189,88.4219970703125,-5.822836404910392,319.5949996948242,323.8999938964844,3.3503510543998694,,,,29.682499980926515,30.469999313354492,9.64375066403733,2002,9,49.27,55.0,46.0,32.812,37.047979999999995,3.47733668642596,,44.90897,5350574000.0,7394603000.0
2002-10-01,23,1.6503260952380951,1.6665205,0.38469786173886966,,,,95.54327219182795,102.51899719238281,13.186862430661584,316.269567074983,318.0,-0.9037064355382429,,,,28.86347828740659,27.219999313354492,-11.709375995086301,2002,10,46.68,55.0,46.0,33.89043,33.44859,3.28670418215748,,43.96494,5317619000.0,7612887000.0
2002-11-01,21,1.6016911190476195,1.5390415,-8.565554620508276,,,,127.96299997965495,133.00399780273438,30.17783999515522,319.11579011615953,316.79998779296875,-0.6273525961672299,,,,26.18947370428788,26.889999389648438,-0.88462874508759,2002,11,41.2,55.0,44.53,34.87726,31.76601,2.91180548747181,,43.0209,5346593000.0,7740488000.0
2002-12-01,22,1.5960977631578945,1.6436994999999999,8.40063997087681,,,,117.98870010375977,103.6989974975586,-22.405382421964294,334.9380943661644,347.6000061035156,9.445843647188745,,,,29.39333352588472,31.200000762939453,14.537448697117728,2002,12,39.28,55.0,44.0,35.45065,29.748790000000003,1.64402950543021,,45.58328,5429437000.0,8081378000.000002
2003-01-01,22,1.6596367727272727,1.6394739999999999,-0.7830667081817011,,,,105.25568216497248,110.31999969482422,4.089218982972476,358.1904776436942,368.29998779296875,6.414325714520008,,,,32.6990472702753,33.5099983215332,5.211924396174461,2003,1,43.0,55.0,44.0,36.36817,26.38394,2.5881691347776004,,46.9319,6026496000.0,8038539999.999998
2003-02-01,20,1.6238722666666665,1.59241,-2.528972872754387,,,,113.00186665852864,115.74400329589844,4.067615559739068,358.53684114155016,350.20001220703125,-5.555549154289407,,,,35.733157910798724,36.599998474121094,11.721612787946478,2003,2,40.6,55.0,44.0,36.92845,26.11956,1.54057191094228,,45.58328,5791285000.0,8853825000.0
2003-03-01,21,1.6647009285714283,1.704173,3.411850195470434,,,,100.96771494547527,94.7509994506836,-6.454799553364554,339.92381068638394,335.8999938964844,-3.8087107232578354,,,,33.15619050888788,31.040000915527344,-13.489409165288336,2003,3,48.7,55.0,44.0,37.65374,27.08445,1.9640444767744,,46.39245,6123031000.0,9569115000.0
2003-04-01,22,1.6247818095238091,1.5710585,-7.575905094401724,,,,109.15447598411923,115.0999984741211,17.763817242050894,329.2857142857143,339.1000061035156,1.4358416050913814,,,,28.13571412222726,25.799999237060547,-13.364678837531885,2003,4,39.96,55.0,43.55,38.02598,25.756,0.9885854056257573,,44.90897,5968729000.0,8475476000.0
2003-05-01,22,1.4869299761904762,1.4231850000000001,-8.332775114069957,,,,108.73142860049293,113.81400299072266,-0.7516825603511967,355.92857142857144,364.5,6.547791142016646,,,,28.07047616867792,29.559999465942383,13.56127040406847,2003,5,36.62,55.0,41.0,38.39054,26.23048,0.958724391966912,,44.90897,5465722000.0,7986769000.0
2003-06-01,21,1.4224888500000001,1.4251455,0.44798752739572123,,,,109.24961816696893,108.84400177001953,-6.00122420311493,356.4857148670015,346.0,-5.464480874316935,,,,30.519523893083846,30.190000534057617,-1.693254854826609,2003,6,34.71,50.0,38.23,38.42125,25.59829,0.079968012794872,,46.79703,5525504000.0,8030042000.0
2003-07-01,23,1.4006589130434783,1.4152215,0.6428399737729684,,,,105.97013025698455,105.72000122070312,-1.6539841297126268,351.1181848699396,354.0,0.7398993024119171,,,,30.70227267525413,30.540000915527344,0.4605305880061028,2003,7,32.0,50.0,36.54,38.34833,23.57856,-0.1897722732720729,,47.87593,5741620000.0,8013711000.000002
2003-08-01,21,1.3995636428571432,1.3961489999999999,-2.5451090858262027,,,,116.1393330891927,116.11799621582031,9.326628269718773,360.57619222005206,375.70001220703125,8.552443103587382,,,,31.597142900739396,31.56999969482422,-2.290317694255861,2003,8,30.6,50.0,32.43,38.40973,21.13059,0.160112078454927,,49.08968,5767592000.0,8304620999.999998
2003-09-01,22,1.3752716136363636,1.3877165,-0.039149726996368095,,,,127.58504590121183,130.5590057373047,12.04088791884641,379.36666724795384,385.3999938964844,3.2690196383716064,,,,28.311428524198988,29.200000762939453,-0.7140397332954573,2003,9,27.73,50.0,30.66,38.9278,18.6389,1.34878609251671,,49.08968,5593515000.0,8140230000.000002
2003-10-01,23,1.4256276666666667,1.4824775,6.645193429980867,,,,150.44709014892578,157.54299926757812,17.184615000465353,378.9304371709409,384.5,0.052045853079496496,,,,30.345217331596043,29.110000610351562,-0.9527008680221161,2003,10,23.8,43.0,27.47,39.28852,15.92807,0.926656151419574,,48.55024,6250266000.0,8961154000.0
2003-11-01,19,1.4750066874999999,1.4587945,-1.0564173172270208,,,,157.6924274989537,146.1750030517578,-10.548184491541935,389.8888888888889,396.79998779296875,5.251986151981103,,,,31.05611080593533,30.40999984741211,5.224914355755361,2003,11,23.75,43.0,26.0,39.7874,14.07836,1.26977925376051,,48.41537,6111879000.0,8781649000.0
2003-12-01,23,1.429860239130435,1.396638,-3.725221086125874,,,,173.26578355872113,186.25,16.35098035496254,408.8000023251488,415.70001220703125,3.2282094874426237,,,,32.142381123134065,32.52000045776367,8.58096704292699,2003,12,23.5,43.0,26.0,39.95625,12.70951,0.4243827160493779,,49.35941,6202502000.0,10054720000.0
2004-01-01,21,1.3439741904761906,1.3402255,-3.763160776443164,,,,187.20120010375976,172.59300231933594,-9.86228225424004,414.72631675318667,402.20001220703125,-5.230909992630195,,,,34.224736866198086,33.04999923706055,-2.1610407596690973,2004,1,25.25,43.0,26.0,40.22104,10.59407,0.6626968882059078,,50.03371,6328557000.0,9803629000.0
2004-02-01,20,1.3260966764705884,1.3244925,-0.0012834940028683128,,,,184.18735279756433,188.89199829101562,10.892461537483044,403.9526302939967,396.3999938964844,-0.5768794181407189,,,,34.49842091610557,36.15999984741211,3.373357120119458,2004,2,23.3,43.0,24.0,40.42827,9.477294,0.5152180135483199,,50.4383,5803491000.0,10336580000.0
2004-03-01,23,1.3185477173913045,1.3133785,-0.3503424896585394,,,,197.35656406568444,201.9080047607422,7.475624103760148,407.4695646866508,427.29998779296875,7.012271689454086,,,,36.718260391898774,35.7599983215332,-2.9842709457509886,2004,3,22.06,43.0,22.98,40.81586,8.397881,0.958709065021366,,50.70802,6306641000.0,10315630000.0
2004-04-01,22,1.3613296,1.420717,8.459089380534014,,,,192.54038274855841,180.2270050048828,-11.315209526220094,403.95714169456846,387.0,-9.537164319114865,,,,36.616666702997115,37.380001068115234,9.074994364778345,2004,4,21.57,43.0,22.0,41.01925,7.871632000000002,0.4983076344490379,,51.65206,6772510000.0,10718790000.0
2004-05-01,21,1.50870765,1.495615,4.212168160631191,,,,170.4151496887207,170.81100463867188,-3.378152854768368,383.7699951171875,394.0,1.8087855297157729,,,,40.28000011444092,39.880001068115234,4.3705889129979525,2004,5,24.49,43.0,22.0,41.19577,7.307077,0.4303489568715399,,53.13554,7745863000.0,12172060000.0
2004-06-01,22,1.4918293863636365,1.4844825,-0.5943649833579756,,,,172.89459228515625,179.67599487304688,7.1617694836958234,392.1857154482887,392.6000061035156,-0.5068423641826691,,,,38.04952385312035,37.04999923706055,-12.473428692650224,2004,6,22.9,38.0,22.0,41.14204,7.081502,-0.1304145319049709,,52.59609,7809082000.0,11828500000.0
2004-07-01,22,1.4508997272727275,1.4661814999999998,-0.2640702255378824,,,,186.76813715154475,193.8090057373047,5.962726618291514,398.35238066173736,391.0,-1.2626262626262652,,,,40.80761936732701,43.79999923706055,13.061428341151293,2004,7,23.04,38.0,22.0,41.33776,7.795457000000002,0.475701893480075,,53.40526,7856225000.0,12054980000.0
2004-08-01,22,1.4727895238095239,1.5057445,3.3954623938188266,,,,193.39147731236048,202.1840057373047,2.6413729524816354,401.8909065940163,410.3999938964844,4.774056958560768,,,,44.883636474609375,42.119998931884766,-3.879508842489221,2004,8,22.55,38.0,22.0,41.652440000000006,8.442402000000001,0.7612328258448051,,53.00068,7660723000.0,11686250000.0
2004-09-01,22,1.5017392272727272,1.50096,-0.025976621041057246,,,,213.98468225652522,219.53500366210938,7.0265549594115795,406.2333330426897,418.70001220703125,2.421728157946079,,,,45.93761916387649,49.63999938964844,12.818180431019165,2004,9,19.18,38.0,20.44,42.0477,8.01459,0.94895890915789,,51.92178,8262029000.0,12050020000.0
2004-10-01,21,1.4876982368421052,1.4736985,-1.9142612496376832,,,,223.28205108642578,228.99899291992188,5.420180221238202,421.02381097702755,428.5,2.1454112038140627,,,,53.09380885532924,51.7599983215332,3.272145699518614,2004,10,19.59,38.0,20.0,42.99173,9.425669,2.24514009309119,,50.16858,8122007999.999998,12361450000.0
2004-11-01,22,1.4466968249999996,1.429452,-3.1171305441380803,,,,229.32110061645508,224.86199951171875,-1.626131588909674,438.6549987792969,451.29998779296875,5.6166629266622525,,,,48.4754997253418,49.130001068115234,-1.99481344243585,2004,11,19.58,38.0,20.0,43.55585,9.471451,1.31214853164331,,50.4383,8245768999.999998,12559060000.0
2004-12-01,23,1.3927906739130436,1.3395000000000001,-5.874466261846045,,,,237.19500005812873,249.7169952392578,10.68574498372088,442.7142828078497,437.5,-3.6343612334801767,,,,43.256190163748606,43.45000076293945,-4.484503935494466,2004,12,19.87,38.0,18.69,43.694,9.354590000000002,0.317180616740093,,51.38233,8288893000.0,12652870000.0
2005-01-01,21,1.3515000002724784,1.3320000171661377,-0.8928545294519252,1.772290485245841,1.7364000082015991,-4.013267354605521,262.26799974943464,273.3039855957031,7.408859059307971,424.15,421.79998779296875,-1.6095227939322498,,,,46.85150012969971,48.20000076293945,14.43495248156841,2005,1,17.25,32.0,17.48,43.935759999999995,9.23576,0.553311083787103,9.3,59.74376,7965017000.0,12065900000.0
2005-02-01,20,1.31010000705719,1.277999997138977,-2.2935758495097547,1.7046899855136872,1.690999984741211,-0.8501918427295752,276.27355041503904,283.9620056152344,1.9619602486219856,424.01052535207646,436.5,3.730991602299083,,,,48.05315760562294,51.75,9.82597872043296,2005,2,16.31,32.0,16.7,43.94344,8.694827,0.0174687745654589,9.1,57.31625,7877285000.0,12237180000.0
2005-03-01,24,1.3128750026226044,1.350000023841858,5.551210128035811,1.727054163813591,1.7415000200271606,3.3531204252991387,261.5349114459494,255.5780029296875,-7.961177169552169,434.8952389671689,428.70001220703125,-0.9701967541393519,,,,54.629545558582656,55.400001525878906,7.198144734396528,2005,3,15.34,32.0,15.57,44.05856,7.944716,0.2619858527639589,9.3,56.50708,7908401000.0,12445840000.0
2005-04-01,25,1.3593499839305878,1.381500005722046,1.2829943836167201,1.7602299988269805,1.787500023841858,2.0262585680827616,247.57085818336122,235.91600036621094,-8.349386970204787,429.63499755859374,435.0,2.136653259902932,,,,53.217619214739116,49.720001220703125,-13.183166014864334,2005,4,14.87,32.0,15.13,44.37324,8.176630000000001,0.7142234996951321,9.5,57.18139,8161189000.0,12908070000.0
2005-05-01,27,1.3622181794860146,1.3489999771118164,-1.8909107555042604,1.7304347649864529,1.656999945640564,-6.67418245795246,247.25923738025483,252.36500549316406,4.055171221444276,422.2952386765253,416.29998779296875,-3.0733439364449944,,,,49.87095206124442,51.970001220703125,2.0620641977913134,2005,5,,28.0,14.73,44.78001,8.700512,0.916717114935578,9.7,57.72084,8169511999.999998,12925480000.0
2005-06-01,26,1.351604548367587,1.3285000324249268,-0.8582090050161306,1.6430000012571162,1.593500018119812,-3.4827379752414345,262.61277424205434,269.572998046875,6.842826815452585,431.4238092331659,435.8999938964844,4.960271300028296,,,,56.419545433738016,56.5,3.479856371753298,2005,6,14.13,28.0,14.3,44.82607,8.954389,0.1028365755420529,9.6,57.58598,8006932000.000002,12757610000.0
2005-07-01,26,1.33229999315171,1.319000005722046,-1.3462981681981567,1.6048809573763894,1.6080000400543213,1.3041074672572428,284.09352620442706,296.15301513671875,7.236151896026155,423.9699996948242,429.8999938964844,0.49088503119170124,,,,59.02599983215332,60.56999969482422,3.0978718209773826,2005,7,14.37,28.0,14.25,44.56895,7.816561,-0.5735810290215099,9.5,58.79973,7706034000.0,12634150000.0
2005-08-01,27,1.3430217349010964,1.3339999914169312,1.5607113785739202,1.6527347772017769,1.6620999574661255,3.5382800474550002,293.03713434392756,309.0799865722656,3.799275388534995,437.83043504797894,433.79998779296875,0.439915240410893,,,,64.9934778628142,68.94000244140625,11.970119836140869,2005,8,,28.0,14.25,44.94886,7.914133,0.852419493714484,9.4,59.74376,7892437000.0,13209410000.0
2005-09-01,26,1.3401000022888183,1.343999981880188,0.7496244773311567,1.6353450000286103,1.6086000204086304,-3.520660107593665,327.5975938276811,333.3320007324219,4.335792309299302,457.30476452055433,469.0,6.036629650446423,,,,65.55238124302456,66.23999786376953,-4.649493738559207,2005,9,13.5,28.0,14.25,45.40937,7.994889,1.02450268931957,9.6,60.41807,8743827000.0,13135690000.0
2005-10-01,25,1.3552142892565047,1.3459999561309814,0.8239638703888774,1.6274666786193848,1.6200000047683716,1.8547631362753725,324.8032851446243,319.6400146484375,-6.812937227345273,469.99524071103053,465.1000061035156,-0.21454623190412248,,,,62.26857176281157,59.7599983215332,-8.721556121438233,2005,10,13.78,28.0,14.07,46.22292,7.515844,1.7915997633736298,9.7,61.49697,8568711000.0,13459160000.0
2005-11-01,22,1.356240917335857,1.3550000190734863,0.7809649577873223,1.5966863632202148,1.597499966621399,-1.3279797389853965,351.47154693603517,380.8869934082031,16.152408456808452,475.5599990844727,494.6000061035156,7.802968453151182,,,,58.34249992370606,57.31999969482422,-4.22723282171985,2005,11,,28.0,13.78,46.87146,7.612335000000002,1.40307181403071,9.7,61.63183,8201518999.999998,13242110000.0
2005-12-01,22,1.3501318151300603,1.350000023841858,-0.625688623406051,1.5987727316943081,1.593500018119812,0.0,384.89545371315694,397.7770080566406,3.866635195688506,509.55238124302457,517.0999755859375,2.9054677782960114,,,,59.4471428280785,61.040000915527344,4.395415839181194,2005,12,14.0,23.0,13.57,47.06718,7.720007000000002,0.4175536269854289,9.7,61.09238,8901107000.0,14062580000.0
2006-01-01,22,1.3317272717302495,1.3229999542236328,-1.963689352326492,1.6112363609400662,1.6050000190734863,1.102364924609045,434.41106100643384,445.9020080566406,12.061862082458585,550.9700012207031,570.7999877929688,7.5560532624020516,,,,65.53749942779541,67.91999816894531,7.570476442038965,2006,1,,23.0,13.5,47.42023,7.930824,0.7501019160211929,9.6,61.49697,8435044000.0,13854530000.0
2006-02-01,20,1.3235599994659424,1.312999963760376,-0.7558572040257561,1.5764200031757354,1.5578999519348145,-2.4788742105789074,453.663102722168,470.15899658203125,3.900936008560696,555.2105327405428,561.5999755859375,-1.3698715303273157,,,,61.92842102050781,61.40999984741211,-7.737376652768091,2006,2,,23.0,13.5,47.52384,8.14776,0.2184996358339439,9.6,62.03641,8519840000.0,14517540000.0
2006-03-01,24,1.3338434799857761,1.3365000486373901,2.217976578451797,1.6019913061805393,1.617900013923645,4.421069007438394,439.72330375339675,429.1130065917969,-9.647103107944188,558.100002122962,581.7999877929688,3.2475577272349065,,,,62.96608700959579,66.62999725341797,7.5197610794269565,2006,3,13.56,23.0,13.5,47.65432,8.16131,0.2745478036175689,9.3,63.51989,9039769000.0,14401320000.0
2006-04-01,25,1.3286285740988595,1.3114999532699585,-1.7603059329970638,1.6338000070481074,1.6576000452041626,2.485470124527045,436.6120971679687,438.8039855957031,-0.3361491668599337,612.0631585372122,651.7999877929688,10.587031013603987,,,,70.16105250308388,71.87999725341797,7.701527650840312,2006,4,,23.0,13.49,48.291340000000005,8.829888,1.33676920599129,9.3,62.98045,8760192000.0,15853890000.0
2006-05-01,27,1.4417521798092385,1.5299999713897705,16.945650842802284,1.8282087004703025,1.9586000442504883,18.31581488268248,409.7379524924538,381.3219909667969,-13.395743976540974,673.6409135298295,642.5,-2.281368821292773,,,,70.96136370572177,71.29000091552734,-3.270008320905804,2006,5,,23.0,13.25,49.197,9.863742,1.87539732994277,8.8,63.65475,9730253000.0,16950660000.0
2006-06-01,26,1.599176185471671,1.5779999494552612,-0.44164596361115915,1.984209520476205,1.9589999914169312,1.5131079562470173,347.6795487837358,354.5329895019531,-7.662157422194882,595.5181801535866,613.5,-2.2466501170229525,,,,70.97181805697355,73.9800033569336,5.174875189867167,2006,6,15.76,23.0,15.0,49.36201,10.119,0.3354134165366829,9.0,63.92448,12155390000.0,18918820000.0
2006-07-01,26,1.5401181849566372,1.499500036239624,-2.6930546471316097,1.9292409203269265,1.875,-5.063292285300003,352.99314371744794,360.6789855957031,1.7243617142690848,634.394730417352,634.2000122070312,1.099956089324805,,,,74.46315845690276,74.4000015258789,-1.050672815369269,2006,7,20.86,23.0,17.34,49.7803,11.69278,0.8473917437611641,9.0,63.78962,10989190000.0,17931190000.0
2006-08-01,27,1.4616478215093198,1.4589999914169312,-1.9818614476516672,1.8619130538857502,1.867300033569336,-0.8864071476980984,369.4101826060902,372.8590087890625,4.317232943662774,630.0652200450068,625.9000244140625,-3.1564232963347982,,,,73.08347818125849,70.26000213623047,-6.207450672213688,2006,8,,23.0,17.5,49.56156,10.2621,-0.439407955596658,9.0,63.65475,10479120000.0,17183340000.0
2006-09-01,25,1.4767000079154968,1.5075000524520874,4.906055284239907,1.853219985961914,1.8700000047683716,1.1466930705020362,374.77247546968005,369.2489929199219,-1.3096370882032526,598.3666701543899,598.5999755859375,-4.131974346467359,,,,64.09142830258324,62.90999984741211,-9.076459564100148,2006,9,,23.0,17.5,50.19859,10.54678,1.28532713898567,8.8,63.65475,10910040000.0,17690740000.0
2006-10-01,26,1.4686272740364075,1.4494999647140503,-3.173013692106852,1.8251590782945806,1.812999963760376,-3.5638314702760243,384.8746851870888,405.822998046875,9.729641772295206,585.8136402476918,604.0999755859375,1.0707651410737151,,,,59.136818105524235,58.72999954223633,-3.768637199843383,2006,10,18.38,23.0,17.5,50.83562,9.979244,1.26901613026526,8.7,64.05934,10494570000.0,17468490000.0
2006-11-01,22,1.4502590894699097,1.4464999437332153,-0.06908785745286528,1.8388863639398054,1.8799999952316284,3.296700057711699,389.2936359752308,381.68499755859375,-5.9928527216443594,626.9600067138672,646.9000244140625,4.914052875096497,,,,59.403000068664554,63.130001068115234,7.528533559135342,2006,11,,23.0,17.5,51.49184,9.85754,1.2908583075413502,8.7,63.78962,11612760000.0,17662020000.0
2006-12-01,21,1.4229000012079875,1.410099983215332,-2.3476469786967047,1.8564285721097673,1.82260000705719,-3.0377155955587654,390.10909162248885,391.17498779296875,2.411213473323315,628.0449981689453,635.2000122070312,-1.4735535629165297,,,,62.086499786376955,61.04999923706055,-3.752169409844741,2006,12,18.78,27.0,17.5,51.6108,9.653485,0.2310329408257499,8.9,66.08227,11475140000.0,17537250000.0
2007-01-01,23,1.4181956519251284,1.402999997138977,-0.3551132996250983,1.8211695681447568,1.7975000143051147,-1.377153113951879,396.9153306749132,411.82598876953125,7.148134979498111,630.3904709588913,652.0,2.6448342994510377,,,,54.67238108317057,58.13999938964844,-4.766584576213373,2007,1,,27.0,17.5,52.12886,9.929595,1.00379210350211,8.8,68.7795,10976580000.0,17831030000.0
2007-02-01,20,1.390114998817444,1.406999945640564,0.5718296443924853,1.793295007944107,1.8339999914169312,2.1727039144678884,428.69769592285155,414.30999755859375,-2.05900233589118,666.0789505807977,669.4000244140625,1.8253726124661362,,,,59.387894881399056,61.790000915527344,7.8359541679762446,2007,2,,27.0,17.5,52.35144,10.15827,0.4269729093050619,9.0,67.16116,11303240000.0,17661440000.0
2007-03-01,23,1.4008999954570422,1.3846999406814575,-2.2656748265457716,1.8302045572887768,1.8040000200271606,-1.420766244724414,418.5022263960405,436.6109924316406,10.288167960851236,653.6409107555043,663.0,0.10569412953849167,,,,60.740454413674094,65.87000274658203,6.241939913841987,2007,3,,27.0,17.5,52.83113,10.86326,0.916287934320476,8.9,68.37492,11555900000.0,17972220000.0
2007-04-01,26,1.3508909073742954,1.3619999885559082,-1.447176654714688,1.7982772642915898,1.8209999799728394,-1.4717013382181454,460.1762985229492,449.8450012207031,3.3124197324513105,679.9199981689453,680.5,2.2232217998466863,,,,64.03599948883057,65.70999908447266,-0.34880701913526657,2007,4,17.86,27.0,17.5,53.46816,10.71996,1.20578194232588,9.2,68.64464,11458090000.0,18022540000.0
2007-05-01,27,1.3250565166058748,1.3029999732971191,-3.552922264510683,1.773004360820936,1.7330000400543213,-3.839747045052211,456.7062294699929,470.81500244140625,6.384204099907609,667.5863591974431,661.0,-1.986954912361516,,,,63.53090893138539,64.01000213623047,-0.6055891000122382,2007,5,,27.0,17.5,53.73679,9.227769,0.502404363740751,9.2,69.8584,11696210000.0,17805270000.0
2007-06-01,25,1.3126300036907197,1.3011000156402588,-0.19942890729783835,1.7472399950027466,1.7410000562667847,0.2706942741367513,456.668951125372,470.93701171875,1.2983432450152543,654.8047543480283,648.0999755859375,-3.441602532922561,,,,67.52952394031342,70.68000030517578,8.604791512849808,2007,6,,27.0,17.5,53.60631,8.598305,-0.2428051131900388,9.2,68.37492,11464220000.0,18342130000.0
2007-07-01,27,1.2749999968901924,1.2857999801635742,-0.36420492025356355,1.7407000013019727,1.7596999406814575,1.0740886737689692,516.4353166060014,528.2490234375,10.673265845413749,665.7857171921503,666.9000244140625,1.584162134662992,76.39500045776367,77.05000305175781,1.7296081660109541,74.15047527494885,78.20999908447266,10.015477723111243,2007,7,16.12,27.0,17.5,53.21488000000001,6.899475999999999,-0.7301882740353889,9.1,67.97033,11488820000.0,18188760000.0
2007-08-01,27,1.311454545367848,1.2949999570846558,1.8962897011766788,1.7700818235223943,1.7660000324249268,2.2286582588749715,486.8869060169567,501.9859924316406,-2.1456411557242316,665.05652120839,673.0,1.416519704625152,71.2586958512016,72.69000244140625,-3.5301872416472757,72.35869631559953,74.04000091552734,-3.2536232895421513,2007,8,,27.0,17.5,53.22639,7.394503,0.021634095334261,9.2,69.04922,11979480000.0,18379920000.0
2007-09-01,24,1.2478699922561645,1.193600058555603,-7.666124367550808,1.7295149981975555,1.6801999807357788,-3.8512139769639187,513.4615509033204,540.4420166015625,8.224985841812193,715.3684178402549,742.7999877929688,8.835163046588823,77.13526314183285,79.16999816894531,7.102272903201445,79.62631627133018,81.66000366210938,8.763987307646893,2007,9,,27.0,17.36,53.77516,7.124836999999999,1.0310021629416,9.3,69.58867,11437940000.0,18534560000.0
2007-10-01,26,1.1950227293101223,1.1655000448226929,-3.0446712031182988,1.690163639458743,1.672700047492981,-0.38115591617707834,561.4746768349096,576.156982421875,6.305952836775597,756.0304300059443,792.0,5.995715613098218,82.45695661461872,90.62999725341797,16.731063840659253,85.65826084302819,94.52999877929688,17.809074396772463,2007,10,16.14,27.0,17.03,54.74989,7.6998570000000015,1.8126025833155,9.5,69.04922,11476630000.0,18407560000.0
2007-11-01,22,1.1862619093486242,1.1727999448776245,-0.677508170399832,1.7239333164124262,1.7236000299453735,3.6440194103978696,542.8899563876065,542.1380004882812,-5.503624897523474,805.5999988374256,782.2000122070312,-1.0749968216485106,92.06095268612816,88.26000213623047,-1.6272838437453752,94.63142830984933,88.70999908447266,-5.112845104844399,2007,11,,27.0,16.5,55.81672,8.399165,1.94855260391112,9.4,69.31895,12284680000.0,18590600000.0
2007-12-01,21,1.175639992952347,1.1627999544143677,-0.8949180246920596,1.707434993982315,1.682800054550171,-3.008643188735105,552.9721583316201,555.3809814453125,2.2424464220443863,807.9599975585937,834.9000244140625,5.911459766929794,91.3939998626709,93.8499984741211,4.510017020855783,91.7424991607666,95.9800033569336,7.468375300272334,2007,12,,25.0,15.96,55.939519999999995,8.38724,0.2200068752148829,9.3,71.20702,11798440000.0,19133920000.0
2008-01-01,23,1.1699608616206958,1.1686999797821045,-0.23900878108981116,1.7155181765556335,1.7259999513626099,0.7118682596110926,486.62100358442825,426.97601318359375,-21.954210801586537,891.3571341378348,922.7000122070312,7.666279137343213,92.11238098144531,92.20999908447266,-5.754290130975437,92.92904735746838,91.75,-7.900022615540481,2008,1,15.38,25.0,15.66,56.38851,8.171378,0.802634286890279,9.3,70.26298,13226220000.0,20961370000.0
2008-02-01,21,1.1939952373504639,1.2173000574111938,4.29233117183081,1.7632666655949183,1.8513000011444092,6.746236672813288,446.80266752697173,447.7690124511719,0.7306778275860903,925.1100006103516,972.0999755859375,6.9769959862685305,94.65250015258789,100.0999984741211,11.918599890131265,95.3489990234375,101.83999633789062,14.478414327756074,2008,2,,25.0,15.39,57.11764,9.104237,1.29304478018241,9.5,71.6116,13543700000.0,20739630000.0
2008-03-01,22,1.2444714137486048,1.3317999839782715,9.280374818170877,1.930866655849275,2.1001999378204346,13.542734890704079,414.5020010811942,390.15399169921875,-9.985790860991028,962.9300018310547,916.2000122070312,-6.653080773608632,102.79899940490722,100.30000305175781,-0.17914042512157113,105.42000007629395,101.58000183105469,-0.8491899883872334,2008,3,,25.0,15.25,57.6664,9.152321,0.960763235689328,9.4,71.6116,13556500000.0,20919620000.0
2008-04-01,26,1.2938143071674166,1.2676000595092773,-1.1463726090277349,2.0430619092214677,1.9763000011444092,-2.2311256673750557,422.16695585704986,434.6809997558594,6.8689722377991425,909.6636380282315,862.7999877929688,-2.2765925999869707,110.4418171969327,111.36000061035156,11.171011925679931,112.46272798018022,113.45999908447266,12.358878305268096,2008,4,16.65,25.0,15.25,58.63346,9.660519,1.6769814334198303,9.2,70.66756,14461600000.0,22852620000.0
2008-05-01,26,1.23838096005576,1.2138999700546265,-2.9656335163527836,1.9293333405540103,1.8878999948501587,-3.015512517894259,415.36585925874255,399.6960144042969,-6.316272409883905,888.2047613234747,887.2999877929688,4.523496557254925,124.38095092773438,127.77999877929688,15.638007945065047,125.45857238769531,127.3499984741211,13.179881153123496,2008,5,,25.0,15.46,59.508419999999994,10.74056,1.49224425682309,9.2,70.39784,14875750000.0,23234450000.0
2008-06-01,26,1.2311190480277652,1.2231999635696411,0.0981964571038274,1.9146809294110252,1.9244999885559082,0.9812154356077407,383.11214628673736,350.8949890136719,-12.5412539747918,889.8952404203869,926.2000122070312,3.729419518699295,133.7847638811384,139.8300018310547,9.225118859907955,134.01571437290735,140.0,9.580461536559802,2008,6,,25.0,16.0,59.29351,10.60921,-0.36112723286258,9.6,70.80243,14570400000.0,23401450000.0
2008-07-01,27,1.20133478226869,1.1469999551773071,-7.0728397433315715,1.895900011062622,1.7862000465393066,-9.660124505334512,367.98965056046194,422.00799560546875,27.079454675264248,939.9318209561435,913.9000244140625,-3.034480168269227,134.0995452187278,123.9800033569336,-11.864644223544351,133.48454492742366,124.08000183105469,-11.981272074478733,2008,7,,25.0,16.48,59.63505,12.06461,0.5760144974435419,9.9,69.31895,14812630000.0,22741420000.0
2008-08-01,26,1.1768571478979928,1.177299976348877,2.901846603134217,1.75533808413006,1.7134000062942505,-3.925089724472408,411.69005039760043,398.44500732421875,-7.305385089312733,835.8333304268973,829.2999877929688,-8.767878130586492,115.28571464901879,114.05000305175781,-8.157511055341615,116.68809472946893,115.45999908447266,-7.705834937833855,2008,8,,25.0,16.75,59.489230000000006,11.7664,-0.244530244530226,9.8,68.37492,13953890000.0,22019780000.0
2008-09-01,26,1.2430181774226101,1.268399953842163,6.857617111825132,1.78345909985629,1.7805999517440796,2.451088354041442,371.03319149925596,360.51300048828125,-8.630956708549109,828.9619053431919,874.2000122070312,8.596274808326854,100.46285683768136,98.16999816894531,-9.387113266302071,103.76380993071056,100.63999938964844,-8.267249813611476,2008,9,,25.0,16.75,59.75785,11.12538,0.4515546381111849,10.2,68.24005,15869430000.0,21610510000.0
2008-10-01,26,1.4824090816757896,1.523800015449524,15.904769668195229,1.963699996471405,1.9630000591278076,7.7979176670329275,281.1882499694824,278.3290100097656,-19.448669871484903,801.9913011633831,716.7999877929688,-18.610198948825897,74.01909082586116,65.31999969482422,-31.480123318800157,76.723911948826,67.80999755859375,-31.178322948642933,2008,10,,25.0,16.75,61.31205,11.9857,2.60082198818392,10.6,64.73365,13878660000.0,22623660000.0
2008-11-01,20,1.592204999923706,1.566499948501587,1.1428174709342764,2.0264050126075746,1.9919999837875366,1.5549291049640424,252.24879989624023,257.1499938964844,-8.12035969865914,754.8894813939145,816.2000122070312,12.517229767990678,54.98888905843099,53.4900016784668,-11.557536237889776,57.44105288856908,54.43000030517578,-14.833358730824964,2008,11,,25.0,16.57,61.82244,10.75971,0.832446642047943,11.5,62.30614,14023000000.0,19335300000.0
2008-12-01,23,1.5363304355870122,1.4931999444961548,-6.587429964076874,2.0828608844591225,2.1233999729156494,5.421507411015902,257.1063119988692,268.6409912109375,10.407367625213148,822.6681823730469,883.5999755859375,14.071779426219088,42.98047601609003,45.59000015258789,-4.961436330103874,42.04227222095836,44.599998474121094,-9.496754101264116,2008,12,,25.0,15.63,61.56916,10.0638,-0.4096834264432028,12.0,60.68779,12437790000.0,17883680000.0
2009-01-01,22,1.600359093059193,1.6319999694824219,6.590028899551359,2.1255363767797295,2.1031999588012695,-0.1708809763075192,260.16900053478423,259.343994140625,-3.9665867912278996,861.5599945068359,927.2999877929688,5.518889471289556,45.824736745733965,45.880001068115234,-2.195691286819945,41.92350025177002,41.68000030517578,-10.056106672567344,2009,1,,25.0,14.12,61.74569,9.500477,0.2867115432560479,12.6,56.50708,13313940000.0,16670739999.999998
2009-02-01,20,1.6636099934577941,1.6995999813079834,3.006060961608603,2.130560004711151,2.1556999683380127,1.7319495529229734,249.6315010070801,240.26600646972656,-4.923463622283308,942.2631546823602,941.5,3.8380927897266437,44.552222145928276,47.20000076293945,7.7133753803162675,39.25842044228002,44.7599983215332,11.676637416848546,2009,2,,25.0,12.61,61.53462,7.733136,-0.3418272218769459,13.0,57.72084,14645520000.0,16868160000.0
2009-03-01,23,1.7038869650467583,1.6216000318527222,-6.4065533598154145,2.2273608808932095,2.151599884033203,-1.2846447212041645,241.1396380337802,257.64801025390625,8.712702564504715,925.2954517711293,922.5999755859375,-1.746541471146168,48.008636474609375,49.22999954223633,14.063947442734248,48.061818382956766,49.65999984741211,23.68617175619154,2009,3,,25.0,11.03,62.21386,7.885806,1.10383536014968,13.7,57.04653,13502150000.0,17360590000.0
2009-04-01,26,1.6014181808991865,1.5902999639511108,-0.10678666269702264,2.1152999726208774,2.110599994659424,-1.73200365964421,284.9108596075149,316.51800537109375,22.002343434143825,892.6666666666666,890.7000122070312,-3.822477519936107,51.98555586073134,51.959999084472656,7.266722868614628,49.94952356247675,51.119998931884766,5.641660625481082,2009,4,,19.0,10.26,62.22538,6.126055,0.0185048112509373,14.0,57.99056,11896270000.0,15992240000.0
2009-05-01,26,1.5466761929648263,1.5206999778747559,-2.5004830433442704,2.118366661525908,2.1563000679016113,3.196942765162647,338.5298429790296,350.0299987792969,8.803973175091851,929.7099975585937,978.7999877929688,10.27490026087785,58.59947345131322,65.5199966430664,23.97350716130937,59.2125,66.30999755859375,24.642850766248614,2009,5,,19.0,9.47,62.624480000000005,5.236345,0.641381436941086,13.8,59.87862,11406980000.0,17508720000.0
2009-06-01,26,1.5450772751461377,1.5223000049591064,0.09205035743975465,2.1645363677631724,2.150700092315674,-1.289701320231329,352.4431360418146,369.49200439453125,2.6318218718818898,946.3499977805398,927.0999755859375,-5.262620200778601,69.27090904929422,69.30000305175781,1.9567482818428683,69.69545537775213,69.88999938964844,1.9101742834899627,2009,6,,18.0,9.03,62.69355,5.734257,0.110300876279203,13.4,61.63183,12617950000.0,18064140000.0
2009-07-01,27,1.5154909220608799,1.4696999788284302,-4.297713505690137,2.1321908885782417,2.094399929046631,-2.139985644977316,383.159435769786,426.4129943847656,14.485883636820684,935.509091463956,953.7000122070312,1.3496293525006697,65.90047600155785,71.69999694824219,4.230260203497105,64.29318237304688,69.44999694824219,0.20199018118574052,2009,7,,18.0,8.52,62.85089,5.392535,0.2509640692905609,13.1,62.71072,13300470000.0,17821360000.0
2009-08-01,26,1.4825863675637678,1.5175000429153442,4.395981820419936,2.113159092989835,2.1563000679016113,2.9899287306410782,454.7855704171317,465.5119934082031,4.342836457471799,949.6952369326636,951.7000122070312,-0.5122270022958064,73.05714380173455,69.6500015258789,-5.302517150318053,71.13857160295758,69.95999908447266,-2.263205790921341,2009,8,,18.0,8.03,62.66285,5.334795,-0.2991818292831989,13.2,61.90155,12521520000.0,18887450000.0
2009-09-01,26,1.4878681789744983,1.500100016593933,-0.7345113113148449,2.1680272817611694,2.180000066757202,1.4189427813128708,465.33554992675784,479.1029968261719,2.0766773059073262,998.7142915271577,1008.0,5.582904274794376,68.2675006866455,69.06999969482422,1.9784383160722951,69.46809532528832,70.61000061035156,3.7619359938112718,2009,9,,18.0,7.58,62.90845,5.272284,0.3919407189662779,12.9,62.57586,13158870000.0,18846860000.0
2009-10-01,25,1.4703952357882546,1.4987000226974487,0.45579835467364216,2.182523795536586,2.2084999084472656,1.400364349131511,498.51024082728793,471.84698486328125,-1.2963286647439398,1044.3090931285512,1039.699951171875,4.022006120247634,73.90904708135696,75.19999694824219,8.686218087541642,75.823636488481,77.0,8.726348957648234,2009,10,,18.0,7.012,64.42428000000001,5.076047,2.40956505825656,12.5,63.78962,13248870000.0,18450120000.0
2009-11-01,21,1.4909809430440266,1.527400016784668,1.7046262302834903,2.2276237919217063,2.2985999584198,3.5778688846012985,470.1525300678454,453.50201416015625,-4.4375728879261445,1126.2450012207032,1181.0999755859375,12.122645548912537,77.6125,78.47000122070312,2.508162106338707,78.14500007629394,77.27999877929688,-1.0879284577011927,2009,11,,18.0,6.68,65.24167,5.530726,1.2687634024303,12.2,66.48685,13545950000.0,19540970000.0
2009-12-01,23,1.5065863620151172,1.4982999563217163,-0.1665816363206396,2.1968863660638984,2.1482999324798584,-5.177437999961065,503.47730420983356,528.25,14.627637400787563,1128.9772838245738,1095.199951171875,-8.664834169752355,75.20909049294211,77.93000030517578,-1.7895377394473777,74.6031827059659,79.36000061035156,1.2632357140152095,2009,12,,15.0,6.5,65.58704,6.525804,0.529380624669145,12.0,63.65475,13958190000.0,19659670000.0
2010-01-01,20,1.4716799914836884,1.4961999654769897,1.5681229606114844,2.1008450269699095,2.074700117111206,-2.3762429553941145,544.6707000732422,546.5059814453125,2.402924296699638,1116.8263003700658,1083.0,-3.104585549591654,77.00842124537418,71.45999908447266,-10.808791020016306,78.40263165925678,72.88999938964844,-10.57539261522178,2010,1,,15.0,6.5,66.7997,8.185208,1.84892633549821,12.2,63.11531,12670190000.0,20149540000.0
2010-02-01,20,1.5183550059795379,1.5462000370025635,4.310867708172328,2.077215015888214,2.1071999073028564,2.063349639011691,519.336100769043,497.05499267578125,-10.482479571041337,1098.1894788240131,1118.300048828125,1.2677713828643578,74.90999924509148,77.58999633789062,6.127746806371581,76.45263190018504,79.66000366210938,7.026741012346749,2010,2,,15.0,6.5,67.76675,10.12785,1.44769345665537,12.0,64.59879,13278320000.0,19909700000.0
2010-03-01,24,1.5313291549682617,1.5145000219345093,-1.380474190144143,2.079550007979075,2.058500051498413,-1.199897194499222,537.1831333326256,565.3839721679688,10.461722377492077,1114.3565249235733,1113.300048828125,-0.40257647194752444,79.93130426821502,82.69999694824219,7.556246071938366,81.28999992038892,83.76000213623047,6.4294858757314,2010,3,,15.0,6.5,68.16202,9.560819,0.583271985956172,12.0,65.81255,14130120000.0,21329210000.0
2010-04-01,26,1.4888095288049608,1.4880000352859497,-1.6588455678387182,1.9984904641196841,1.9726999998092651,-3.4882540935620376,585.3582879929315,589.5910034179688,2.1676354224804406,1151.4523751395088,1180.0999755859375,4.888454465689307,85.75380961100261,87.44000244140625,4.082847539527146,84.57523745582218,86.1500015258789,1.5081875078040152,2010,4,,15.0,6.5,68.56879,10.19426,0.596779641932212,11.5,66.48685,13629250000.0,21859630000.0
2010-05-01,26,1.5547363487156955,1.5817999839782715,6.175326157197514,1.9457454627210444,1.9349000453948975,-1.631924865785006,555.9214965820313,543.8489990234375,-6.875492577617582,1203.9550048828125,1212.199951171875,2.4942928230249795,76.66473669754832,74.0199966430664,-16.775360230250904,74.11750144958496,73.97000122070312,-14.17797989855092,2010,5,,15.0,6.5,68.3232,9.099822,-0.3581822252070778,11.2,68.24005,15151880000.0,22471350000.0
2010-06-01,26,1.5774636485359885,1.5776000022888184,0.025358049230583823,1.928877288644964,1.9733999967575073,2.216924717785629,555.8450899991122,548.39501953125,0.6961049859729895,1234.6636408025568,1245.5,1.6900677944682085,75.54863565618342,75.01000213623047,3.16325550917107,75.40454587069425,75.62999725341797,4.202253162603653,2010,6,,15.0,6.5,67.93945,8.367509,-0.561671534486639,10.9,68.64464,14813080000.0,22648010000.0
2010-07-01,26,1.5336666674841017,1.5047999620437622,-3.637295652937289,1.966157146862575,1.9651999473571777,0.2550757756221156,581.5632768110795,598.6680297851562,9.778251575283448,1191.7476225353423,1181.699951171875,-2.039301721006148,75.50899963378906,78.18000030517578,8.0729945575436,76.38285754975819,78.94999694824219,8.224811858809232,2010,7,,15.0,6.5,67.61326,7.577238,-0.4801174875734139,10.7,69.18409,14152190000.0,23409910000.0
2010-08-01,27,1.5083260847174602,1.5247000455856323,2.15746058086117,1.9485086980073347,1.9356000423431396,-1.6313443187386367,592.1840529668899,599.7260131835938,-1.1872818653789752,1217.4454512162642,1248.300048828125,5.484200023250496,77.1149999445135,74.63999938964844,-7.646622529709757,76.66681705821644,71.91999816894531,-11.581016219639528,2010,8,,15.0,6.5,67.88571999999999,8.334864999999999,0.4029740620920679,11.0,70.80243,13858690000.0,23307430000.0
2010-09-01,26,1.4887363531372764,1.4457999467849731,-4.498321746800704,1.9495909051461653,1.9707000255584717,1.619145333358496,631.8039978027343,657.7440185546875,8.385699998149398,1273.0380917503721,1307.800048828125,4.934606241717421,78.49095226469494,82.30999755859375,7.806154818055178,75.54857090541294,79.97000122070312,8.199157432460602,2010,9,,15.0,6.38,68.71846,9.235649,1.22668174109665,10.9,70.93729,14233400000.0,23805200000.0
2010-10-01,25,1.4226349949836732,1.4292999505996704,-0.8944664636036381,1.9774400174617768,1.9917000532150269,0.19115823166553358,687.8718017578125,687.60498046875,5.9766243583720735,1343.2190406436011,1357.0999755859375,3.1152648552969175,83.53619021461124,83.1500015258789,-0.7164160885028026,81.97476232619513,81.43000030517578,-0.1838704615250486,2010,10,,15.0,6.0,69.97717,8.619252000000001,1.8316859328754,10.7,71.74646,14377660000.0,25112540000.0
2010-11-01,22,1.439713640646501,1.5026999711990356,4.959138116081885,1.9684636321934788,1.9693000316619873,1.020831233788666,685.9886644151476,653.5089721679688,-5.390428830340688,1370.1857212611608,1385.0,2.5773996509125263,86.16238040015811,85.91999816894531,1.5362743797781242,84.31476157052177,84.11000061035156,1.3984372571263393,2010,11,,15.0,3.75,69.99635,7.287807000000002,0.0274197970935089,10.2,73.90425,13998190000.0,26668290000.0
2010-12-01,23,1.5199826022853022,1.552299976348877,3.3144703648494422,2.007213048312975,2.065700054168701,5.770614830014442,660.3713431980299,660.0449829101562,-0.22931014503878577,1393.954551003196,1421.0999755859375,2.4363818617582966,92.18590823086825,94.75,6.616402691226564,89.23318169333719,91.37999725341797,5.337172626418418,2010,12,,14.0,1.63,69.78529,6.40103,-0.3015350877193009,10.1,75.118,16452100000.0,27173760000.0
2011-01-01,21,1.5603476138341994,1.6100000143051147,4.436950302191223,2.0827047370728993,2.1475000381469727,4.222282725222248,667.3545270647321,632.781005859375,-6.404277450740182,1361.679998779297,1333.800048828125,-6.242086902977606,96.78631591796875,101.01000213623047,6.505700165105122,89.57850036621093,92.19000244140625,0.6990708556138481,2011,1,,14.0,1.5,70.0731,4.900328,0.4124278251306189,9.9,78.35468,16443670000.0,29678730000.0
2011-02-01,20,1.5876800000667572,1.5906000137329102,-0.8539555072863081,2.169725000858307,2.1916000843048096,-0.42255409996745374,643.5356018066407,612.8389892578125,-5.459056441130317,1373.805265727796,1409.300048828125,5.203051247571189,103.94210494192023,111.80000305175781,9.887954982521908,89.7431576377467,96.97000122070312,6.830455885127895,2011,2,,14.0,1.5,70.5835,4.156521,0.7283680175246429,9.6,77.14093,16899629999.999998,30801120000.0
2011-03-01,24,1.5773583402236302,1.544100046157837,-3.2518741478514968,2.209312508503596,2.1865999698638916,-0.9333127954037623,629.3961765455163,644.344970703125,9.751768699477248,1422.6173891813858,1438.9000244140625,0.5731511513277665,114.64954514936967,117.36000061035156,1.6808200244177618,102.98130466627038,106.72000122070312,7.116334600763952,2011,3,,14.0,1.5,70.87898,3.986037,0.4186375251454179,9.5,76.87121,17354980000.0,31569870000.0
2011-04-01,25,1.5203368412820917,1.5233999490737915,-0.14420605016854937,2.1979000191939506,2.262200117111206,4.100139094876143,681.2252836681548,692.5009765625,5.380403016835222,1481.8650024414062,1556.0,8.955957327958508,123.05052586605674,125.88999938964844,6.057289491373252,110.03850059509277,113.93000030517578,5.549377180180359,2011,4,,14.0,1.5,71.49299,4.264607,0.866269626421241,9.5,76.73634,17550580000.0,31128930000.0
2011-05-01,27,1.5731217342874277,1.5920000076293945,4.702404836800467,2.254252174626226,2.2973999977111816,2.120279451110574,656.4495704287574,630.4600219726562,-9.315555438499457,1511.0142880394346,1535.9000244140625,-1.336155162217001,114.51428622291202,116.7300033569336,-6.705562024835898,101.3566665649414,102.69999694824219,-9.531360125780175,2011,5,,14.0,1.5,73.22371,7.1725449999999995,2.42082662372518,9.6,77.54552,17235500000.0,31748430000.0
2011-06-01,26,1.6004590879787097,1.621399998664856,1.5087926643562621,2.303931799801913,2.3452999591827393,2.307628625290725,625.9130859375,632.6939697265625,0.07069396021810448,1527.9954556551847,1502.300048828125,-2.5998427743263886,113.90181801535867,112.4800033569336,-1.7899200595589693,96.28863664106889,95.41999816894531,-4.855920532580271,2011,6,,14.0,1.5,72.17605999999998,6.235879,-1.43074262355223,9.5,79.02899,17729790000.0,32636550000.0
2011-07-01,26,1.6549857060114543,1.6865999698638916,5.110309085343934,2.3665952455429804,2.4209001064300537,3.7454553851234085,624.3451886858259,622.9569702148438,-1.5313562925990398,1577.1250061035157,1628.300048828125,9.849557794687014,117.11823541977826,116.73999786376953,4.4466327010589835,97.34049987792969,95.69999694824219,0.800499775955843,2011,7,,14.0,1.5,71.88058000000001,6.311368,-0.409400255210562,9.2,80.51247,19499300000.0,34771820000.0
2011-08-01,27,1.7528391247210295,1.714400053024292,1.3658143457554228,2.5132608724677046,2.466200113296509,2.2174400818530726,545.9680495489212,539.4609985351562,-12.887029775319547,1758.491306470788,1828.5,12.940086473131561,109.91476149786087,114.8499984741211,-1.6779377839550857,86.34086973770805,88.80999755859375,-6.407421087746323,2011,8,,14.0,5.0,72.40248000000001,6.6534770000000005,0.7260690833377758,8.8,82.93999,21771310000.0,34794930000.0
2011-09-01,26,1.7943381071090698,1.8499000072479248,7.677529028814156,2.4682476293473017,2.5160999298095703,2.618374498517806,572.9183785574777,596.9340209960938,7.797886602307202,1762.1857154482886,1620.4000244140625,-11.25958245268004,110.19449996948242,102.76000213623047,-10.088370537173052,85.60999915713356,79.19999694824219,-10.941193437022068,2011,9,,14.0,5.0,72.94740999999999,6.154018,0.7526368792070959,8.4,78.48955,19286910000.0,37386570000.0
2011-10-01,25,1.829966669990903,1.7417000532150269,-6.0825019538238045,2.5063285941169378,2.4632999897003174,-0.6573626112430953,575.3428519112723,560.614990234375,-5.715130667324175,1669.9142775762648,1724.199951171875,4.118354539364422,109.0895004272461,109.55999755859375,7.718020396009906,86.42809513636998,93.19000244140625,20.074734838974663,2011,10,,14.0,5.33,75.33434,7.655607000000002,3.2721342521963197,8.5,82.93999,20063670000.0,35769080000.0
2011-11-01,22,1.810013630173423,1.850000023841858,4.649850185924831,2.455904548818415,2.4653000831604004,0.6080627002693184,540.9077389365748,545.177978515625,-0.6083764425211413,1742.5904831659227,1745.5,2.0163646990064343,110.82263103284333,110.81999969482422,1.1685217898472988,97.16285705566406,100.36000061035156,8.86213033147274,2011,11,,14.0,5.35,76.63526,9.484649,1.72686057765779,8.4,82.26568,20303160000.0,34995570000.0
2011-12-01,22,1.868004555051977,1.9154000282287598,4.959175603988175,2.459945472803983,2.480600118637085,1.0633595077338631,526.7814983021129,512.666015625,-4.7206038608736955,1641.9666748046875,1565.800048828125,-9.76776322426003,107.72285643078033,107.37999725341797,-1.4772003320561167,98.57571338471912,98.83000183105469,-1.3672606376377128,2011,12,,17.0,5.0,77.07658,10.44817,0.575863795693552,8.5,82.26568,21468050000.0,34919150000.0
2012-01-01,22,1.8430272720076821,1.7861000299453735,-4.989624435247652,2.378004561771046,2.3469998836517334,-3.491103248900407,535.1214127974076,571.7130126953125,11.356039539646456,1660.195001220703,1737.800048828125,8.632875031038378,111.46499977111816,110.9800033569336,-1.0255898730518576,100.31849899291993,98.4800033569336,-4.351200240263687,2012,1,,17.0,5.0,77.51021999999999,10.61336,0.562608912123462,8.4,81.32165,21059710000.0,34827080000.0
2012-02-01,21,1.7566476265589397,1.750499963760376,-1.3469359839932804,2.3239571366991316,2.3598999977111816,1.7110607643698428,602.3818097795759,607.2119750976562,2.542398911553412,1743.8350158691405,1709.9000244140625,-2.1292399800646233,119.01050071716308,122.66000366210938,9.949808485506328,102.26249961853027,107.06999969482422,9.691628957401544,2012,2,,17.0,5.0,77.94769000000002,10.43332,0.5644123180513059,8.6,80.24275,21355810000.0,33253960000.0
2012-03-01,23,1.7872136397795244,1.7838000059127808,2.0188742702308637,2.362704558805986,2.3756000995635986,1.900230727985086,610.2485850941051,624.22998046875,2.794690416873258,1675.6590964577415,1669.300048828125,-3.0096988840045524,124.544545953924,122.87999725341797,-2.630744671242613,106.20499940352006,103.0199966430664,-5.347298686740299,2012,3,,17.0,5.0,78.27005,10.42772,0.4135486411973089,8.6,81.99596,22026010000.0,35574310000.0
2012-04-01,26,1.7860227281397039,1.756100058555603,-1.3205195183103369,2.3532136245207353,2.3252999782562256,-2.199696220870917,608.4346984863281,600.10400390625,-4.69895482068724,1650.5850036621093,1663.4000244140625,-0.8405350572839088,120.48650016784669,119.47000122070312,-4.751653567704506,103.34600028991699,104.87000274658203,-0.34210833304876287,2012,4,,17.0,5.0,79.45584000000001,11.13795,1.51500294175329,8.5,82.93999,22681300000.0,34724090000.0
2012-05-01,27,1.8110565309939177,1.864300012588501,6.306665537360834,2.3146434763203496,2.3048999309539795,-0.7364382236111577,571.7560424804688,550.9929809570312,-6.522160976898805,1588.2818104137075,1562.5999755859375,-5.963770746701269,110.43318245627664,101.87000274658203,-14.867123826739936,94.7159097844904,86.52999877929688,-18.49096100758598,2012,5,,17.0,5.0,79.28699,8.280488,-0.2125090557836319,8.3,83.20971,23175780000.0,36212430000.0
2012-06-01,25,1.819524997472763,1.82669997215271,-1.742779425108687,2.2837000131607055,2.273200035095215,-1.3325217367187947,585.8187110537574,625.4349975585938,12.552273221293575,1600.690464564732,1603.5,-1.0490589324282595,95.92714327857608,97.80000305175781,-0.6400459732446406,82.40523819696335,84.95999908447266,2.0785722188667144,2012,6,,16.0,5.0,78.57705,8.868567,-0.895406805091711,8.0,82.67027,23412140000.0,36508030000.0
2012-07-01,27,1.8094739343809045,1.7932000160217285,-0.6151934202654474,2.2259043403293775,2.2044999599456787,-3.497637314031632,626.8900007768111,642.594970703125,3.725988501574129,1592.51904296875,1610.5,0.832710320230512,102.86428615025112,104.91999816894531,7.787140041327589,87.93142881847564,88.05999755859375,5.146265741604483,2012,7,,16.0,5.0,78.39668,9.065187,-0.229537018949028,8.1,83.47943,23343800000.0,36104940000.0
2012-08-01,27,1.7958254705775867,1.8265000581741333,1.2135685353005687,2.2266958951950073,2.284749984741211,3.3122341239256947,653.0219512939453,673.6799926757812,5.1291143667664185,1629.9173902428668,1684.5999755859375,5.044586074530111,112.67826113493547,114.56999969482422,8.125708460498915,94.16087009595788,96.47000122070312,8.502977445962667,2012,8,,16.0,5.0,78.83416,8.883235,0.558030251113626,8.2,82.26568,24913070000.0,35621720000.0
2012-09-01,25,1.8015099990935552,1.7965799570083618,-1.2390656941385858,2.315821431931995,2.3011999130249023,0.5764848812741974,674.8799987792969,663.9669799804688,-1.2074405495182239,1748.8052593030427,1771.0999755859375,4.619289387684966,112.61470525404987,112.38999938964844,-1.567700920251447,94.5584218878495,92.19000244140625,-3.263379339728356,2012,9,,16.0,5.0,79.64771,9.185122,1.0319816969284,8.4,84.15374,23145500000.0,36028270000.0
2012-10-01,26,1.8024981888857754,1.79653000831604,0.30652943505242725,2.3379168076948686,2.3293800354003906,0.9092975699768857,693.6544982910157,725.2899780273438,8.649696999841726,1747.7285737537202,1717.5,-3.5383319292333626,111.62105279219777,108.69999694824219,-3.110799017039678,89.9480954124814,86.23999786376953,-6.747410539206289,2012,10,,16.0,5.0,81.20959,7.798889999999998,1.96097325945554,8.4,84.2886,23551790000.0,34749680000.0
2012-11-01,22,1.7926022681322964,1.7850799560546875,-0.3822696393338987,2.301289536736228,2.3152499198913574,-0.34648841320333856,716.3164534135299,730.5850219726562,0.6974256418901925,1721.3190452938989,1710.9000244140625,-0.18668404512293124,109.46200065612793,111.2300033569336,2.8288853099627698,86.73238009498233,88.91000366210938,2.0898006668383706,2012,11,,16.0,5.0,81.51659000000002,6.369555,0.378036102447791,8.6,83.07485,22631040000.0,34905970000.0
2012-12-01,21,1.7859804743812198,1.7886799573898315,0.1736084800305182,2.341939029239473,2.3647499084472656,1.8757459536188792,769.1981898716518,782.083984375,5.261850442433391,1684.3800048828125,1674.800048828125,-2.6052528142510245,109.30277803209093,111.11000061035156,0.17129683063721313,88.24550018310546,91.81999969482422,3.0643208768126318,2012,12,,13.5,5.0,81.82741999999999,6.163804,0.3813200263628578,8.8,84.2886,21605100000.0,33122140000.0
2013-01-01,23,1.7709591233212014,1.7683199644088745,-0.7565420930282007,2.3526130344556724,2.4001801013946533,2.0137798000437357,822.9827381480824,787.8350219726562,-1.078072817525788,1670.4476260230654,1660.5999755859375,-1.6173972648410806,112.26809583391461,115.55000305175781,2.738509644905851,94.82857077462333,97.48999786376953,4.6928640338210315,2013,1,,13.5,4.75,83.17439,7.3076539999999985,1.64610983445107,8.8,84.69319,22894870000.0,36750570000.0
2013-02-01,20,1.7756139993667603,1.7959699630737305,2.2907602765777746,2.373118484020233,2.3633298873901367,-1.1047310583968017,783.5040557861328,793.3369750976562,-1.1069330498375551,1627.4684030633223,1577.699951171875,-5.4929958009538815,116.08263156288548,111.37999725341797,-4.607746475145957,95.32157897949219,92.05000305175781,-5.850459023938448,2013,2,,13.5,4.5,83.42384,7.025403,0.299898495893672,8.8,86.4464,24171000000.0,38219950000.0
2013-03-01,22,1.8074850060723044,1.8090699911117554,0.5893882410023199,2.3399327126416294,2.301219940185547,-2.0836607096934467,827.6195707775298,858.989990234375,7.551883227003109,1591.5050048828125,1594.800048828125,1.4568372070990154,109.52052588211863,110.0199966430664,-0.344207316630718,92.95699920654297,97.2300033569336,7.223205811330313,2013,3,,13.5,4.5,83.97644,7.290645,0.6624039744238839,9.0,86.31153,24795790000.0,37737380000.0
2013-04-01,26,1.7958622791550376,1.7911100387573242,-0.7101197181302199,2.3383950103412974,2.3582301139831543,1.7276496346040782,842.9111938476562,860.4600219726562,-0.07698829064943791,1484.6272804953835,1472.199951171875,-7.987503051757816,103.56681893088601,102.37000274658203,-7.841194581289246,92.06772752241655,93.45999908447266,-3.7189663353260016,2013,4,,13.5,4.0,84.32949,6.1337839999999995,0.4204176758214039,9.1,86.98584,23539200000.0,40929840000.0
2013-05-01,27,1.823886822570454,1.8714100122451782,4.43718800200672,2.3653031912716953,2.4392800331115723,3.2770490881540493,900.92104547674,859.9000244140625,-3.022114253350372,1416.6181918057528,1392.5999755859375,-3.712927568916169,103.21545514193448,100.38999938964844,0.4402225661238379,94.79954598166726,91.97000122070312,1.032629302440502,2013,5,,13.5,3.5,84.45229,6.514689,0.1456200227531098,9.0,87.1207,24485070000.0,40398560000.0
2013-06-01,25,1.8995118935902913,1.9285500049591064,2.2685715929309014,2.504908573059809,2.5093600749969482,2.4571566803162304,763.1181518554688,762.9450073242188,-0.8952502927731198,1342.1350036621093,1223.800048828125,-13.310186926603718,103.1426319323088,102.16000366210938,0.0979875621280657,95.80049934387208,96.55999755859375,3.327983640356935,2013,6,,9.5,3.5,85.09699,8.297519,0.76339346571547,8.9,89.81794,25475820000.0,41109250000.0
2013-07-01,27,1.92900608415189,1.93326997756958,0.5199473048660419,2.5277091420215108,2.5731799602508545,2.3629689332576254,743.5137408712636,733.7750244140625,-4.377442081045768,1285.8045543323863,1312.4000244140625,4.498765737850818,107.49190484909784,107.69999694824219,4.563103833244853,104.698636488481,105.02999877929688,7.184407663029746,2013,7,,9.5,3.5,85.36179,8.884428999999999,0.3111612175873689,9.1,89.27849,25455100000.0,42192090000.0
2013-08-01,26,1.958064766157241,2.028980016708374,4.308619291622873,2.6091628755841936,2.6836800575256348,4.394103677100625,716.1578401264392,663.9439697265625,-9.54663715764088,1352.6681574041193,1396.0999755859375,6.4912262079281025,110.51190512520927,114.01000213623047,4.080702194032493,106.53909128362483,107.6500015258789,-0.22244681168527292,2013,8,,9.5,3.5,85.27351999999999,8.168233,-0.1033986693040759,9.2,86.85098,26923340000.0,41533690000.0
2013-09-01,26,2.013667740605094,2.01921010017395,-0.5310300966774539,2.6889895525845615,2.7309999465942383,1.9680489590033767,728.3420497349331,744.8660278320312,8.667547365303596,1345.985009765625,1326.5,-6.055240793201133,111.32000054253473,108.37000274658203,-6.319154166069518,106.23549957275391,102.33000183105469,-5.72139214307329,2013,9,,9.5,3.5,85.9259,7.882438,0.76504207731424,9.3,91.84087,27312120000.0,42721440000.0
2013-10-01,26,1.982910950978597,1.9928900003433228,-0.7821366250274964,2.706584085117687,2.7376298904418945,0.8026939122292687,771.3873291015625,776.2039794921875,1.504376500786786,1316.8347751783288,1323.5999755859375,2.923792813836501,109.50227321277966,108.83999633789062,0.8337908802373173,100.55260799242103,96.37999725341797,-5.546847913883246,2013,10,,9.5,3.5,87.47242,7.711936,1.79983028895538,9.1,90.89683,27154700000.0,44795490000.0
2013-11-01,21,2.0231028397878013,2.013000011444092,0.8522073358513849,2.730851423172724,2.739190101623535,1.0431928358425324,748.0150030226935,757.4829711914062,-0.9841744311074319,1275.104998779297,1250.5999755859375,-4.759728974338828,107.72105327405427,109.69000244140625,3.5690668006739257,93.9314998626709,92.72000122070312,-1.997674006400596,2013,11,,9.5,3.5,87.48009,7.315695,0.0087742388348037,9.2,91.43628,28558040000.0,44719060000.0
2013-12-01,22,2.0606190724806352,2.1205599308013916,5.033853306197478,2.8222509189085527,2.9271600246429443,6.715374998000834,708.7450533780185,678.0170288085938,-9.538872337592696,1225.0095156715029,1201.9000244140625,-1.6689866316884294,110.85400009155273,110.80000305175781,-0.5832157149239126,97.89428601946149,98.41999816894531,4.903004145261014,2013,12,,10.25,3.5,87.88303,7.400460000000002,0.460607124056825,9.1,91.03169,27857590000.0,46773840000.0
2014-01-01,23,2.210576969644298,2.2637500762939453,5.405912167956628,3.013233050056126,3.068739891052246,3.9281999746300533,660.0209045410156,618.5819702148438,-7.654757154768676,1244.0619012741815,1240.0999755859375,1.2326510682397984,107.19949951171876,106.4000015258789,-1.280383437602195,94.85666729155041,97.48999786376953,2.147941502434314,2014,1,,10.25,8.0,89.62143,7.751223,1.97807955984456,9.2,94.40324,30786080000.0,47704740000.0
2014-02-01,20,2.209171509742737,2.2108700275421143,-2.1682673631984173,3.0158929944038393,3.0293800830841064,-0.60697440927866,635.1630065917968,625.5330200195312,1.4237498472270627,1300.9842143811677,1321.4000244140625,4.8397333242164775,108.70611148410373,109.06999969482422,2.857411121403719,100.67526245117188,102.58999633789062,6.388049375941174,2014,2,,10.25,8.0,90.00518000000001,7.889047,0.4281921726470889,9.5,93.59406,31589960000.0,44554970000.0
2014-03-01,22,2.212158192287792,2.1373701095581055,-4.057437240091211,3.0579059340737085,2.943380117416382,-4.076933751603907,646.4684767950149,697.3629760742188,13.968305394016035,1336.4285714285713,1283.4000244140625,-4.940371259760045,107.85761878603981,107.76000213623047,-3.093520599297195,100.50904737200055,101.58000183105469,-3.183374376839454,2014,3,,10.25,8.0,91.01829,8.385505,1.12560757226911,9.5,93.59406,33452599999.999996,46219300000.0
2014-04-01,26,2.1249336221001367,2.1110799312591553,-1.1930358389470208,2.934802282940258,2.9292800426483154,-0.5938659793355727,726.1979079473587,738.7150268554688,4.253762250117932,1298.423793247768,1295.5999755859375,1.2503907709652484,108.05190531412761,108.06999969482422,2.319633482798289,102.03476206461589,99.73999786376953,0.0,2014,4,,10.25,8.0,92.24245,9.38339,1.3449700649296,9.7,92.7849,29249660000.0,43974740000.0
2014-05-01,26,2.0891028358822776,2.0871899127960205,-0.886577556798851,2.8706014496939525,2.8398900032043457,-2.7561519090352316,764.9775024414063,792.8980102539062,5.495942161107292,1287.538097563244,1245.5999755859375,-2.9226093611977033,109.21952420189267,109.41000366210938,1.5311817865342636,101.79476165771484,102.70999908447266,3.3091943030783666,2014,5,,10.25,8.0,92.60702,9.656018,0.395224029620976,9.7,91.57114,29473750000.0,43020590000.0
2014-06-01,26,2.117757721380754,2.117300033569336,1.0441892821204446,2.880882740020752,2.900059938430786,1.5587150252837745,790.4442894345239,784.8900146484375,-0.20317684114606882,1282.161900111607,1321.800048828125,6.279657531759186,111.98047601609002,112.36000061035156,3.2435897453872764,105.14666748046875,105.37000274658203,2.830098069026854,2014,6,,10.25,8.0,92.89484,9.163472,0.310790651417218,9.7,93.45921,28607430000.0,44052170000.0
2014-07-01,27,2.118560013563737,2.1400699615478516,0.5638839347583691,2.8684569545414136,2.864949941635132,-1.6711083136699667,805.3543487548828,821.5689697265625,6.549205898642874,1310.6363636363637,1281.300048828125,-3.4001790376821273,107.98590885509144,106.0199966430664,-5.58376010449736,102.3918176130815,98.16999816894531,-6.806529730594146,2014,7,,10.25,7.5,93.31696,9.319367,0.4544140124757228,9.9,95.75185,31560440000.0,43677560000.0
2014-08-01,26,2.159030948366438,2.1602799892425537,1.4030323754577578,2.8737714177086238,2.836289882659912,-0.8744289322971222,792.4237670898438,803.1290283203125,-2.1694665495438192,1295.0571463448662,1285.800048828125,-0.6029628096026807,103.32047562372117,103.19000244140625,-1.5738210169014,96.07619040352958,95.95999908447266,-1.961583799368427,2014,8,,10.25,7.5,93.40522000000001,9.536024,0.0945840358597053,10.2,91.03169,28251270000.0,45316270000.0
2014-09-01,26,2.2129045616496694,2.277780055999756,5.523127284366969,2.85308499769731,2.8764901161193848,1.4745887818144787,783.3369085138494,749.3779907226562,-7.283543010857841,1235.1285691034227,1210.5,-4.209856233874243,98.2538088843936,94.66999816894531,-5.650785704488004,93.03428540910993,91.16000366210938,-1.8518450066440928,2014,9,,10.25,7.5,93.5357,8.856236,0.139687756778958,10.1,95.21241,29828930000.0,45732430000.0
2014-10-01,26,2.253029075535861,2.198539972305298,-3.7088006612841284,2.858165881850503,2.7713799476623535,-3.9306416855694915,764.5412017822266,805.7969970703125,8.664614506324675,1222.93042522928,1171.0999755859375,-3.5814260558514444,87.97913062054178,85.86000061035156,-8.814786245699558,84.33912924061651,80.54000091552734,-11.231127592179824,2014,10,,10.25,7.5,95.31247,8.962885,1.8995651103635,10.4,94.13351,30440140000.0,47400010000.0
2014-11-01,20,2.2334149837493897,2.205780029296875,-0.964417372829196,2.7864609956741333,2.7474799156188965,-1.3227760374570074,812.1588531494141,861.68701171875,7.673326509439504,1176.1789422286183,1175.199951171875,0.49597457129511024,79.91210455643504,70.1500015258789,-17.256425411733535,75.81000077097039,66.1500015258789,-16.031984576187995,2014,11,,10.25,7.5,95.48516,9.150728,0.1811813020896159,10.5,94.80782,29922650000.0,50383410000.0
2014-12-01,23,2.2903721747191055,2.32273006439209,4.655769065913495,2.822284325309422,2.825269937515259,2.3722726738681255,841.7695206351902,857.2109985351562,-0.4947367839338801,1200.168174050071,1183.9000244140625,-2.7996695883364175,63.20363651622426,57.33000183105469,-20.967740408750014,59.28954488580877,53.27000045776367,-22.797100785849757,2014,12,,9.0,7.5,95.06303,8.169949,-0.4420866489832049,10.3,94.80782,30532120000.0,47283270000.0
2015-01-01,22,2.331295468590476,2.415489912033081,3.6175054926600447,2.7179118286479604,2.736870050430298,-3.1151895738517177,885.4350004650298,889.4580078125,4.080209199157858,1252.9249938964845,1278.5,7.799325463743667,49.679999923706056,52.9900016784668,-6.0793984434520105,47.325500106811525,48.2400016784668,-8.445619784067427,2015,1,,9.0,7.5,96.11067,7.24073,1.10205070240594,10.5,94.40324,32998680000.0,44187140000.0
2015-02-01,20,2.460619533061981,2.504470109939575,2.6338012109693665,2.793910002708435,2.8048300743103027,1.7031368504827782,857.2532012939453,841.4749755859375,-6.203464356506039,1224.9105224609375,1212.5999755859375,-4.983543176563876,58.440526259572884,62.58000183105469,14.301373207405831,50.72473646465101,49.7599983215332,0.38329358055013696,2015,2,,9.0,7.25,96.79759000000001,7.546687,0.7147135156718027,10.7,94.40324,33060969999.999996,46880960000.0
2015-03-01,23,2.5867021498472793,2.5959599018096924,3.5860634975511507,2.803822600323221,2.7910799980163574,-0.2120102186334072,808.9411371404475,808.4600219726562,-3.693879390949162,1177.768182927912,1183.0999755859375,-2.0369277619053716,56.93499981273305,55.11000061035156,-7.440376615816424,47.854090603915125,47.599998474121094,-4.012909200128223,2015,3,,9.0,7.25,97.94501,7.6102539999999985,1.18537900412304,10.5,98.17937,32683310000.0,47960140000.0
2015-04-01,26,2.6527654474431817,2.6734800338745117,2.9504903589967713,2.870349548079751,2.9989500045776367,7.116067042173735,833.0248064313616,839.469970703125,3.3721775416996724,1199.828578404018,1182.4000244140625,-2.127303343368614,60.96523775373186,66.77999877929688,16.95271552338651,54.62809553600493,59.630001068115234,19.045719477871593,2015,4,,9.0,7.25,99.54142,7.912800999999998,1.62990244093564,10.5,98.58395,35743430000.0,48000610000.0
2015-05-01,26,2.642893325714838,2.6595699787139893,-1.9072219296402793,2.9482019061133977,2.915410041809082,-3.909014613109363,850.3814279656661,829.81201171875,-1.2350808973374816,1198.2150085449218,1189.4000244140625,1.268627025462954,65.60099925994874,65.55999755859375,-1.354200328433619,59.37199993133545,60.29999923706055,1.9442057168477023,2015,5,,9.0,7.25,100.1017,8.092989,0.56285901538226,10.2,98.58395,31138430000.0,47582030000.0
2015-06-01,26,2.702579075639898,2.681030035018921,0.00783516868378964,3.0332822691310537,2.9859399795532227,2.0122675959786562,814.755595814098,822.4949951171875,2.263357309548142,1180.7818215110085,1171.5,-1.4137884488595986,63.70409029180353,63.59000015258789,-1.9882816822439309,59.82863651622426,59.470001220703125,-1.2126238089447572,2015,6,,9.0,7.25,99.58746,7.204527000000001,-0.5137051945562789,10.2,99.52798,32590970000.0,47194600000.0
2015-07-01,27,2.6982459046623926,2.7876598834991455,3.568488084120447,2.9664036469026045,3.0518798828125,2.7312992975145667,808.6093195134944,799.0969848632812,-2.169400413816913,1128.113641912287,1094.9000244140625,-6.3387489808329756,56.62181802229448,52.209999084472656,-15.803901793781316,50.93000013178045,47.119998931884766,-17.275281444430856,2015,7,,9.0,7.25,99.67573,6.814163000000001,0.0886285692266256,10.1,98.85368,32363349999.999996,48923460000.0
2015-08-01,26,2.8525045568292793,2.915950059890747,5.380420514231821,3.1788881800391455,3.2743399143218994,7.883507674701806,762.5442388625372,752.10400390625,-3.778843182076219,1118.7333112444196,1131.5999755859375,3.873687371594503,48.21952383858817,54.150001525878906,9.349759744174936,42.88904771350679,49.20000076293945,8.9218568903215,2015,8,,9.0,7.25,100.0748,7.140510000000001,0.4004004004003889,10.1,101.8206,35207840000.0,48996370000.0
2015-09-01,26,3.017490018497814,3.023319959640503,3.1184644877166656,3.3887818184765903,3.3777201175689697,2.0138746274709574,734.6215057373047,742.0549926757812,0.8642105385418208,1123.8238002232142,1115.5,-2.037406882120185,48.43333344232468,48.369998931884766,-2.401134803130911,45.46523829868862,45.09000015258789,-0.7046899271074492,2015,9,,9.0,7.25,100.969,7.946992999999998,0.8934734258762221,10.2,101.8206,37835160000.0,50534370000.0
2015-10-01,25,2.925022397722517,2.9347000122070312,-2.972615613235674,3.285037154243106,3.224100112915039,-4.708841292833565,786.0456165132068,794.0900268554688,6.54493156628293,1159.859092018821,1141.5,2.4501929657609223,49.21409121426669,49.560001373291016,3.9211633475173313,46.289545405994765,46.59000015258789,4.134998669460255,2015,10,,9.0,7.25,102.5385,7.5814309999999985,1.55448291589071,10.2,99.39312,37355900000.0,49787580000.0
2015-11-01,21,2.8730714207603816,2.925649881362915,2.7625571101288715,3.0881761823381697,3.0957601070404053,-1.367764508204572,803.1768566313244,752.3280029296875,-10.109252536343305,1084.0050048828125,1065.800048828125,-6.163056611260343,45.90700016021729,44.61000061035156,-8.567329835498128,42.92300014495849,41.650001525878906,-9.731248207985166,2015,11,,9.0,7.25,103.2216,8.102242,0.66616766467065,10.2,101.6858,33557240000.0,47400410000.0
2015-12-01,23,2.9182738946831743,2.9200899600982666,0.3312195182690436,3.176840875459754,3.1928000450134277,3.7539645006356315,734.5194755222486,717.27001953125,-6.587827418482006,1069.9454567649148,1060.300048828125,-0.32900919715651566,38.90954520485618,37.279998779296875,-16.11161131564226,37.32727258855646,37.040000915527344,-11.493423498134947,2015,12,,9.0,7.25,103.4365,8.808332,0.208193917763403,10.4,102.4949,33590420000.0,50020190000.0
2016-01-01,21,3.005186217171805,2.969510078430176,1.9784344957675115,3.266682885942005,3.248150110244751,2.5348451553052875,711.8260955810547,734.8109741210938,4.201308061851861,1097.6420962685033,1116.4000244140625,3.8415077449533097,32.212105098523594,34.7400016784668,-6.663082914830376,31.7757894616378,33.619998931884766,-8.54189209200561,2016,1,,9.0,7.25,105.3169,9.578758,1.81791199821919,10.2,101.6858,34604190000.0,47204740000.0
2016-02-01,21,2.942111912227812,2.987950086593628,1.132175566134186,3.2660994983854748,3.2652499675750732,2.101598443126762,731.6544770740327,758.1439819335938,3.222291850923953,1201.4050048828126,1233.9000244140625,9.397996072840442,33.55649995803833,35.970001220703125,3.689831780531194,30.616499996185304,33.75,6.73624005134037,2016,2,,9.0,7.25,105.2939,8.777355,-0.0218627022300099,10.1,102.7647,38344570000.0,49112500000.0
2016-03-01,24,2.882687489191691,2.8169000148773193,-4.929208281656994,3.2089558641115823,3.2057299613952637,-0.6264849241787496,799.7546943996264,832.6799926757812,9.627488632960347,1244.8818192915483,1234.199951171875,0.3169879044924606,39.75136375427246,39.599998474121094,10.122356736155114,37.960909063165836,38.34000015258789,11.453483871926418,2016,3,,9.0,7.25,105.2516,7.459938,-0.0400903855966161,10.2,101.6858,35373280000.0,48498990000.0
2016-04-01,25,2.833494985103607,2.811110019683838,-0.421180826517753,3.2130589962005613,3.1932899951934814,-0.705850169473432,845.6318068731399,853.2780151367188,3.6042056167574943,1242.5380801246279,1289.199951171875,5.481918072060044,43.386666434151785,48.130001068115234,21.356533669416567,41.12476185389927,45.91999816894531,24.816518146822396,2016,4,,9.0,7.25,106.0767,6.565403,0.7838990775513209,10.1,101.9555,34765190000.0,45752120000.0
2016-05-01,27,2.9387930476147197,2.946700096130371,5.525342087270246,3.322988240615181,3.2816998958587646,2.468583351584619,785.4501429966518,778.0339965820312,-7.188964061878056,1259.5904773530506,1214.800048828125,-6.1713065078460865,47.73904764084589,49.689998626708984,3.305613727708012,46.796666644868395,49.099998474121094,9.647163493942479,2016,5,,9.0,7.25,106.6907,6.582327,0.578829317704932,10.3,103.5738,36518860000.0,49021510000.0
2016-06-01,26,2.9115527109666304,2.881779909133911,-2.062225136311646,3.2737690968946977,3.20032000541687,-2.848969547831437,768.8906804865056,768.1719970703125,-0.2825994394598741,1276.7454612038352,1318.4000244140625,8.787853606281693,49.92681815407493,49.68000030517578,-0.06034757563744275,48.85318166559393,48.33000183105469,-1.3874648311908877,2016,6,,9.0,7.25,107.1934,7.6374710000000015,0.471189123084682,10.7,103.1693,37556330000.0,53784560000.0
2016-07-01,26,2.968823796226865,2.9863901138305664,2.925022044219583,3.284820011683873,3.3353700637817383,3.303490550384347,770.2406107584635,754.0549926757812,-3.2668784478649293,1337.2100036621093,1349.0,0.9201802406996196,46.330999755859374,42.459999084472656,-14.807385725363076,44.799499702453616,41.599998474121094,-15.0847171895361,2016,7,,9.0,7.25,108.4406,8.793408,1.16349837110229,11.1,96.83075,35790850000.0,48308210000.0
2016-08-01,27,2.9592882861261782,2.9570701122283936,-1.0599705194577536,3.316691315692404,3.302030086517334,-1.0864782462596922,772.1019120649858,759.676025390625,-0.9699927079284687,1337.9565270465353,1306.9000244140625,-3.2928813967791792,47.172608251157016,47.040000915527344,10.812721013176386,44.79913081293521,44.70000076293945,11.582624140252861,2016,8,,9.0,7.25,108.1259,8.045095,-0.290183310920815,11.1,104.1133,36568920000.0,49855230000.0
2016-09-01,26,2.9653733117239818,2.997080087661743,1.2174844961053033,3.32613476117452,3.363189935684204,1.4243237631131889,774.8143920898438,764.8839721679688,0.8379330630397863,1325.1142868768602,1313.300048828125,0.08383612994860012,47.2980953398205,49.060001373291016,4.272055619178894,45.225714365641274,48.2400016784668,11.770161837383064,2016,9,,9.0,7.25,108.3217,7.282125,0.181005110732534,11.6,101.1463,37100190000.0,51120330000.0
2016-10-01,25,3.0700671332223073,3.1063098907470703,3.489503988920295,3.3879209700084867,3.41267991065979,1.220509797526681,782.2706676664807,785.3619995117188,1.6973652076528012,1263.9800109863281,1271.5,-2.8647822765469844,51.21049976348877,48.29999923706055,-1.6293263990266649,49.86949996948242,46.86000061035156,-3.9950844254769913,2016,10,,9.0,7.25,109.8797,7.159431,1.43833917880043,11.5,105.5968,39682520000.0,52457230000.0
2016-11-01,22,3.2780963507565586,3.40939998626709,10.208883492358423,3.539151820269498,3.629930019378662,6.939409268569596,753.9028209339489,739.9520263671875,-4.434276727031317,1235.9600036621093,1170.800048828125,-8.986316339553223,47.10850086212158,50.470001220703125,4.427890148088864,45.881999778747556,49.439998626708984,5.935291550122357,2016,11,,9.0,7.25,110.4476,7.000521000000001,0.516886110432043,11.6,104.7876,40577640000.0,54998310000.0
2016-12-01,22,3.4971859238364478,3.5176000595092773,2.3969073864257506,3.686454079367898,3.714970111846924,2.0399925266219476,764.6489091352983,781.3870239257812,7.747949360611228,1151.395252046131,1150.0,-1.4482838341312476,54.717618851434615,56.130001068115234,11.236627202768478,52.16571499052502,53.720001220703125,5.209556944515725,2016,12,,8.75,7.25,112.2628,8.533056,1.6434453285153503,12.1,104.1133,44940710000.0,61735690000.0
2017-01-01,22,3.7359940788962622,3.7761900424957275,6.825938382397134,3.9688195206902246,4.043970108032227,8.735180815019605,809.8507218794389,862.9569702148438,10.984829068668379,1193.190008544922,1208.5999755859375,4.153735794362223,55.4269998550415,55.70000076293945,0.41463770898653163,52.608499717712405,52.810001373291016,0.9172549693118537,2017,1,,8.75,7.25,115.0258,9.218773,2.46120188692144,12.0,104.9225,48552800000.0,65276860000.0
2017-02-01,20,3.6684824943542482,3.6068999767303467,-4.389663611453997,3.9075119972229,3.8183000087738037,-6.279608913341395,881.1517059326172,874.7830200195312,0.725755307264464,1234.5420949835527,1252.5999755859375,3.898473867930985,55.926842739707546,55.59000015258789,-0.12576301655787825,53.46210560045744,54.0099983215332,0.24127180928157355,2017,2,,8.75,7.25,115.9583,10.12829,0.8107026089277309,11.9,106.6757,48273620000.0,63203500000.0
2017-03-01,24,3.672437387964,3.6542999744415283,0.33221627946831145,3.9249047714730967,3.9050099849700928,1.4535997236890141,898.4982618248981,889.4739990234375,-0.41748671847485763,1230.378269361413,1247.300048828125,-0.12811078186086844,52.50565188864003,52.83000183105469,-4.982008487564427,49.673913209334664,50.599998474121094,-6.0003775721036545,2017,3,,8.75,7.25,117.1364,11.29179,1.01598437965382,11.9,108.0243,51377630000.0,66163090000.0
2017-04-01,25,3.6467814218430292,3.5529000759124756,-2.0829626331596685,3.91011381149292,3.8735198974609375,0.021430454849546976,912.8601501464843,946.552978515625,6.7506832334648825,1268.6526392886512,1266.0999755859375,1.2232112376512116,53.81894703915245,51.72999954223633,-2.6167157710805244,51.11736899928043,49.33000183105469,-1.8113053682522917,2017,4,,8.75,7.25,118.6676,11.86962,1.30716812999608,11.6,110.9912,50756720000.0,66279340000.00001
2017-05-01,27,3.5660243552664053,3.5281999111175537,-0.7035938118260643,3.9426274403281836,3.969749927520752,2.421105824074865,958.8383876255581,975.416015625,3.3762588158264384,1243.7636385830965,1272.0,1.4920570049733906,51.34954556551847,50.310001373291016,-2.348600686571456,48.53954575278542,48.31999969482422,-1.0647019986467332,2017,5,,8.75,7.25,119.1972,11.72218,0.44626976684021,11.1,109.6426,48202730000.0,71424410000.0
2017-06-01,26,3.519219080607096,3.5242300033569336,-0.15779746564923425,3.9520552498953685,4.0337300300598145,1.8626411993556857,990.7763031005859,1004.4039916992188,3.157779327804522,1260.0590931285512,1240.699951171875,-2.075773388170876,47.54000039534135,47.91999816894531,-4.788403684544173,45.19590950012207,46.040000915527344,-4.7973524928525695,2017,6,,8.75,7.25,118.8787,10.90108,-0.267216123112587,11.0,110.1821,49571740000.0,70075610000.0
2017-07-01,26,3.55451047988165,3.517699956893921,-0.045464356310476184,4.100152424403599,4.158010005950928,3.4253686909780034,1046.749000186012,1075.31396484375,6.972675795985972,1235.9599975585938,1266.5999755859375,3.998682173875867,49.12550029754639,52.650001525878906,5.978263289973662,46.67500038146973,50.16999816894531,6.58593264121472,2017,7,,8.75,7.25,119.0552,9.788379,0.1484924785331629,10.6,110.0472,47252850000.0,75310620000.0
2017-08-01,27,3.5063274010368017,3.4506499767303467,-2.2063228457089634,4.145350414773692,4.109799861907959,-1.4181173458247431,1083.8433227539062,1100.10498046875,3.639371428867144,1283.7956436820652,1316.199951171875,3.426055038690601,51.90695638241975,52.380001068115234,-0.4750142407871971,48.05782566899838,47.22999954223633,-3.925956694805366,2017,8,,8.75,7.25,119.673,10.6793,0.518953068592076,10.5,113.4187,49952660000.0,69121390000.0
2017-09-01,25,3.4710044860839844,3.558310031890869,3.791656072819638,4.134742522239685,4.191939830780029,2.893677853514709,1061.729158100329,1029.0770263671875,-5.479132123823671,1313.9400024414062,1281.5,-3.246508116270286,55.65200023651123,57.540000915527344,9.977066611526597,49.876999855041504,51.66999816894531,9.261994435656318,2017,9,,8.75,7.25,120.4521,11.1985,0.650953984287295,10.3,114.9022,45391490000.0,76825490000.0
2017-10-01,26,3.6744790944186123,3.777250051498413,6.036998986008246,4.321312275799838,4.403429985046387,4.829591474289474,1061.604863947088,1101.426025390625,5.97696524184923,1279.2500055486505,1267.0,-0.4478629206064344,57.64909068020907,61.369998931884766,9.354953848755688,51.594545884565875,54.380001068115234,7.512849148865497,2017,10,,8.75,7.25,122.9541,11.89886,2.0772269657193703,10.3,115.3068,49913890000.0,77464680000.0
2017-11-01,22,3.883872384116763,3.956049919128418,4.455675662608849,4.556023779369536,4.688429832458496,6.229296720535715,1078.47431529652,1039.843994140625,-7.9981954759237865,1280.6904703776042,1273.199951171875,-0.07064001501519979,62.87142853509812,63.56999969482422,3.7200175317981587,56.662857418968564,57.400001525878906,5.709028236417657,2017,11,,8.75,7.25,124.7885,12.98426,1.49188514357055,10.1,115.9811,53289660000.0,79277660000.0
2017-12-01,21,3.8406595389048257,3.776859998703003,-3.5639512161268816,4.543718973795573,4.510359764099121,-3.1955792329565913,1093.6417358398437,1153.3299560546875,11.369363755964045,1265.5700073242188,1306.300048828125,2.1504534680930387,64.06650028228759,66.5999984741211,4.898404021792735,57.94699993133545,60.41999816894531,3.5298107214693175,2017,12,,8.75,7.25,125.6442,11.91974,0.685774032843343,9.9,119.0829,55992940000.0,87272870000.0
2018-01-01,23,3.774754348008529,3.7757198810577393,-0.5054167365082907,4.59559384636257,4.687320232391357,3.6162732612982307,1167.9209594726562,1195.2879638671875,1.7056930805678938,1330.675,1339.0,1.925862051342575,69.02238028390067,69.05000305175781,3.725406892448002,63.65904780796596,64.7300033569336,7.222137654778171,2018,1,,8.75,7.25,126.926,10.34563,1.02012766867231,9.8,116.7903,52853950000.0,87521270000.0
2018-02-01,20,3.783360004425049,3.815200090408325,1.5680355217852604,4.6746680498123165,4.666769981384277,-0.03962901522100992,1162.4865417480469,1189.508056640625,-0.07861882707108636,1330.0578806023848,1315.5,-2.1423824876917186,65.70368415430973,65.77999877929688,-4.777074354787159,62.18368429886667,61.63999938964844,-6.3221937221448865,2018,2,,8.75,7.25,127.8546,10.25913,0.731670445956164,10.0,115.9811,54678600000.0,79913600000.0
2018-03-01,23,3.887227275154807,3.9449000358581543,3.7339913516293732,4.7943408922715625,4.851840019226074,4.736842538673702,1166.785272771662,1149.302001953125,-2.296910616824377,1324.2381068638392,1322.800048828125,1.5273638837340453,66.80904751732236,70.2699966430664,6.939579397546036,62.771904899960475,64.94000244140625,6.476472625404184,2018,3,,8.75,7.25,129.1248,10.23457,0.9934868085361828,10.0,116.116,59006450000.0,82210300000.0
2018-04-01,26,4.059610908681696,4.056650161743164,2.6521883452754524,4.985572273080999,4.903500080108643,0.7358743136076429,1108.308349609375,1042.8280029296875,-8.877241483474785,1335.3428664434523,1316.199951171875,-1.9298133436560838,71.7623806908017,75.16999816894531,11.13246429219994,66.32523781912667,68.56999969482422,8.823998605616424,2018,4,,8.75,7.25,131.5425,10.84953,1.87232524964336,10.2,117.5995,58880390000.0,85261150000.0
2018-05-01,27,4.429574800574261,4.527910232543945,10.194938076158856,5.231839967810589,5.294260025024414,7.51447269687715,1024.9097650701349,1006.5230102539062,-3.8895848284831724,1302.6181696111505,1300.0999755859375,-0.28379146369208463,77.17681884765625,77.58999633789062,3.2193670718287715,69.98318099975586,67.04000091552734,-0.31226629661361693,2018,5,,8.75,7.25,133.6761,12.14707,1.62203162378201,10.6,115.8463,63207510000.0,94270100000.0
2018-06-01,25,4.631927967071533,4.5904998779296875,-1.2052132005434535,5.406166982650757,5.307469844818115,-2.04782584169646,958.737548828125,965.2009887695312,-2.673254633787636,1280.0238037109375,1251.300048828125,-3.359592088320529,75.97952379499164,79.44000244140625,2.384335856209052,67.32285672142392,74.1500015258789,12.672852570553061,2018,6,,18.5,16.25,137.1683,15.38511,2.61239019348914,10.7,112.4747,66729209999.99999,93133190000.0
2018-07-01,27,4.771227401235829,4.917900085449219,7.146360414212083,5.57719261749931,5.748350143432617,7.068750613938346,946.2768637917259,969.52197265625,0.18465668098568422,1236.0238211495537,1223.699951171875,-1.29860437346071,74.7952386765253,74.25,-3.945670027613868,70.58190518333798,68.76000213623047,-7.005680462724728,2018,7,,18.5,16.25,137.9243,15.84902,0.551141450313341,10.8,115.3068,68912390000.0,93507580000.0
2018-08-01,27,5.928496750918302,6.734099864959717,35.18896106021976,6.837567286057905,7.853859901428223,34.97990512165554,933.5462816026476,927.2340087890625,-4.615958387604435,1199.9521749745245,1200.300048828125,-1.4451084024244887,73.92260808530061,77.41999816894531,4.269357803293361,67.84521782916525,69.80000305175781,3.162872116199522,2018,8,,18.5,16.25,141.0902,17.89643,2.29542861912579,11.2,114.9022,90155350000.0,105999400000.0
2018-09-01,25,6.333574726468041,6.044000148773193,-8.198907977842618,7.38100951058524,7.0181498527526855,-8.12052026634207,954.8095489501953,999.5689697265625,6.432686741102889,1196.705258018092,1191.5,-0.10060796688186047,79.15999964663857,82.72000122070312,5.820651347495365,70.0847372757761,73.25,4.837551338987622,2018,9,,18.5,22.5,149.9856,24.51892,6.304738073219808,11.5,111.261,98289520000.0,110013500000.0
2018-10-01,26,5.825108181346547,5.480899810791016,-7.691665227813893,6.691946788267656,6.208199977874756,-9.680517161864344,953.3003623268821,902.0070190429688,-8.460255563329177,1213.9695673403533,1212.300048828125,2.122826531922817,80.62956635848336,75.47000122070312,-11.190870511367823,70.75782610022503,65.30999755859375,-13.266939028272528,2018,10,,18.5,22.5,153.9881,25.24032,2.66861119639749,11.6,108.9683,87871110000.0,92123530000.0
2018-11-01,22,5.369747725400058,5.170199871063232,-7.410462596079393,6.098630038174716,5.8861799240112305,-6.776478808366681,936.3946838378906,954.1599731445312,3.27814712165464,1219.2381010509673,1220.199951171875,-1.2783211025991115,66.23285729544503,58.709999084472656,-22.238411808645488,56.693332853771395,50.93000030517578,-20.034540110952648,2018,11,,18.5,22.5,151.7662,21.6188,-1.4429187330226398,12.2,108.6986,81766030000.0,85033120000.0
2018-12-01,21,5.312047140938895,5.274280071258545,1.6197843221363195,6.038866633460636,6.034749984741211,2.5198714559434565,918.9298492431641,912.7050170898438,-3.899991915490264,1253.0473697060033,1278.300048828125,3.5983486129799402,57.47000021683542,53.79999923706055,-12.78975452308152,48.777369248239616,45.40999984741211,-14.239850437933722,2018,12,,18.5,22.5,151.1522,20.30176,-0.404571659755242,12.7,106.9454,78323220000.0,86655170000.0
2019-01-01,23,5.364930422409721,5.227409839630127,-0.8081620768601749,6.124663891999618,6.006700038909912,-0.6654574370303701,959.4067660245029,1040.741943359375,17.11494005141061,1290.8618977864583,1319.699951171875,3.021073471653013,60.12190500895182,61.88999938964844,12.711709272687767,51.550476255871004,53.790000915527344,15.577997115124997,2019,1,,18.5,22.5,152.7601,20.35374,1.06377576926983,13.6,108.8334,79771360000.0,91753680000.0
2019-02-01,20,5.268704986572265,5.309370040893555,2.493531880165323,5.980814981460571,6.041800022125244,1.9565108760629446,1029.6566986083985,1045.2989501953125,1.5473506591733743,1318.4473684210527,1312.800048828125,-0.31133537170080494,64.2763153879266,66.02999877929688,6.723775528090803,54.980525970458984,57.220001220703125,3.546874699064495,2019,2,,18.5,22.5,153.0057,19.67164,0.1607757429597748,13.8,110.0472,79170660000.0,89970700000.0
2019-03-01,22,5.458058183843439,5.591710090637207,4.678775543906388,6.167641813104803,6.2763800621032715,3.327821217472393,1009.2583908807663,937.8419799804688,-9.18244952480023,1298.5285935174852,1293.0,-0.26226661138788465,67.02761949811664,68.38999938964844,5.102197188250934,58.16809517996652,60.13999938964844,7.777778157576387,2019,3,,18.5,22.5,154.5791,19.71291,1.02831632013243,13.9,113.4187,86119640000.0,97315840000.0
2019-04-01,26,5.769520499489524,5.965000152587891,8.151724719866603,6.478782762180675,6.689599990844727,8.625439233171782,961.2634800502232,954.156005859375,1.3966869070112686,1284.7857200985864,1282.800048828125,-0.4346457218117661,71.62857237316314,72.80000305175781,5.491958843945,63.87095260620117,63.90999984741211,3.766844762260879,2019,4,,18.5,22.5,157.1963,19.5023,1.6931059308358796,13.8,112.7444,84797130000.0,100466600000.0
2019-05-01,27,6.051985717955089,5.912499904632568,-0.8319237201312002,6.768165436657992,6.5782599449157715,-1.4581476752295819,882.8650457208806,905.89697265625,-3.811558944892579,1283.3727195046165,1305.800048828125,1.9041691859823295,70.31181820956144,64.48999786376953,-10.653924091012822,60.865454413674094,53.5,-15.880501126475332,2019,5,,18.5,22.5,158.6891,18.7116,0.949637477723799,13.7,113.6885,95989120000.0,101632900000.0
2019-06-01,25,5.805245240529378,5.733590126037598,-2.2255734694410223,6.553707599639893,6.5135297775268555,-0.5721309165274913,936.09618063534,964.85302734375,6.795796820518096,1359.669989013672,1409.699951171875,6.577455448071978,63.03800010681152,66.55000305175781,8.599876595039003,54.70650024414063,58.470001220703125,9.802819193808677,2019,6,,18.5,22.5,158.7313,15.72012,0.0266008899206797,13.7,108.8334,79769400000.0,99328930000.0
2019-07-01,27,5.669579132743504,5.575409889221191,-1.3516094751197305,6.3569108714228095,6.172420024871826,-3.177420930427033,1004.677226673473,1020.8250122070312,2.3530208044369116,1413.295448996804,1426.0999755859375,2.922921529561484,64.25636395541105,65.16999816894531,0.1690756447577435,57.546363830566406,58.58000183105469,-0.8630873586329968,2019,7,,18.5,18.25,160.8842,16.646729999999998,1.3562846021806898,13.9,113.8233,84796870000.0,99385270000.0
2019-08-01,26,5.64968474706014,5.832699775695801,4.079148107022679,6.287747632889521,6.448840141296387,3.9446429864294474,974.4231635199653,967.1849975585938,-5.085165954941329,1502.0363658558238,1519.0999755859375,6.91110911989532,59.501818050037734,60.43000030517578,-0.11570197491606038,54.844090548428625,55.099998474121094,2.131599063797651,2019,8,,18.5,18.25,162.2657,15.00843,0.858696689247195,14.1,110.7215,86556040000.0,99742660000.0
2019-09-01,26,5.714354515075684,5.6483001708984375,-3.1945128206134044,6.28846677866849,6.153409957885742,-4.035900583594188,1013.774187360491,1050.3299560546875,6.802823472284025,1507.4199951171875,1465.699951171875,-5.187921079992575,62.468499946594235,60.779998779296875,4.32543860344099,56.967000007629395,54.06999969482422,0.24101051432148246,2019,9,,18.5,15.0,163.8774,9.262102,0.993283511493734,14.1,114.9022,85776780000.0,96453050000.0
2019-10-01,26,5.798847285183993,5.701000213623047,-0.2906748369864043,6.408336791125211,6.354829788208008,1.6496291406336683,993.2666847922585,984.6849975585938,-5.206273030685093,1493.330423106318,1511.4000244140625,1.9838073153888303,59.632173289423406,60.22999954223633,2.2754290481847628,54.00565255206564,54.18000030517578,1.0443890049352644,2019,10,,17.25,12.5,167.1585,8.552845,2.00215436493068,13.5,113.2839,86827370000.0,103058100000.0
2019-11-01,21,5.740306241171701,5.757999897003174,0.8264993467160808,6.3442362149556475,6.337709903717041,-0.4703476896088632,1044.6618100120909,1069.0369873046875,8.572786642110298,1470.0000061035157,1465.5999755859375,-2.8116727065028213,62.65149974822998,62.43000030517578,1.1995488651971087,57.070000076293944,55.16999816894531,-1.8327448042907646,2019,11,,17.25,12.5,167.7955,10.56185,0.381092311577417,13.3,114.0931,89349290000.0,104872700000.0
2019-12-01,22,5.849623159928755,5.9472198486328125,3.473097768125699,6.4975150715221055,6.660379886627197,5.171420671858429,1105.5850481305804,1144.25,5.944858964667921,1480.8523763020833,1519.5,3.911642567318152,65.17380886986142,66.0,8.338808246459006,59.80476197742281,61.060001373291016,9.113656848206531,2019,12,,12.75,10.5,169.0427,11.83609,0.743281875357338,13.4,116.3857,87457150000.0,111186000000.0
2020-01-01,23,5.923852609551472,5.97415018081665,0.44302129620847897,6.58032869256061,6.58853006362915,-1.2140312169446443,1191.1279019442472,1191.4010009765625,2.7671330728624266,1559.933337983631,1582.9000244140625,3.8307657864258715,63.5999999273391,58.15999984741211,-12.21132098503832,57.52857190086728,51.560001373291016,-15.724091016506458,2020,1,,12.75,9.75,171.326,12.15364,1.3507377979568702,13.0,115.9811,93132850000.0,114870600000.0
2020-02-01,20,6.054317975044251,6.206769943237305,3.8783001599209443,6.604054021835327,6.825270175933838,3.010816344096412,1179.324658203125,1059.93701171875,-11.111024664299162,1595.6157804790296,1564.0999755859375,-0.8305843261156687,55.362105319374486,50.52000045776367,-7.21763131333264,50.54210502222965,44.7599983215332,-10.676516111862055,2020,2,,12.75,9.25,171.9285,12.36738,0.351663120170221,12.6,119.0829,92357830000.0,111302900000.0
2020-03-01,23,6.339696904887324,6.612989902496338,5.820198877295013,7.011848283850628,7.288050174713135,5.558282811944681,953.0457708185369,896.43701171875,-16.462785583199402,1594.6500077681108,1583.4000244140625,-0.5589414143780669,33.72909112410112,22.739999771118164,-56.18497282744912,30.445454597473145,20.479999542236328,-56.19251434815759,2020,3,,12.75,8.25,172.9109,11.85919,0.57140306236328,13.0,111.8004,78364650000.0,111443800000.0
2020-04-01,26,6.855562708594582,6.989299774169922,4.204368079345788,7.448535940863869,7.647900104522705,4.123756248700783,962.6378638857886,1011.1010131835938,13.498328925985948,1694.9809395926338,1684.199951171875,6.716512690378096,26.63142867315383,25.270000457763672,2.1422825042393123,16.699047678992862,18.84000015258789,-7.2378106942814995,2020,4,,12.75,7.25,174.3884,10.9367,0.854454258955126,13.5,79.02899,57838390000.0,88387930000.0
2020-05-01,26,6.920412404196603,6.804100036621094,-3.0312947833329384,7.547210398174467,7.5722198486328125,-1.5260944660418052,1008.571242388557,1055.2049560546875,6.756522940841059,1718.6900146484375,1736.9000244140625,2.502214482978027,32.256000232696536,35.33000183105469,33.623302259566046,28.527499961853028,35.4900016784668,79.42366252003174,2020,5,,12.75,6.75,176.7638,11.39002,1.36214598508022,13.6,93.72893,78733400000.0,99033530000.0
2020-06-01,26,6.810863624919545,6.847300052642822,0.6275209736599452,7.6693337180397725,7.695350170135498,1.6694424979571076,1116.078280362216,1165.248046875,8.631429160919236,1735.922735040838,1793.0,3.176427069909371,40.77272727272727,41.150001525878906,7.385182290168246,38.313636086203836,39.27000045776367,10.807003328065168,2020,6,,9.0,6.75,178.767,12.62239,1.13325517780381,13.7,108.4289,85489640000.0,106367200000.0
2020-07-01,27,6.86688366803256,6.969399929046631,1.8084579665015976,7.873404134403575,8.26842975616455,7.372166954187054,1173.1281447637648,1126.9000244140625,-2.276373363764017,1847.5409046519887,1962.800048828125,10.692539074961438,43.24136369878595,43.29999923706055,3.0216523784179827,40.76590919494629,40.27000045776367,1.1300873088603947,2020,7,,9.0,6.75,179.8108,11.76414,0.583891464880666,14.1,120.2967,103245000000.0,116757200000.0
2020-08-01,26,7.2608841332522305,7.35260009765625,5.500893398702145,8.589351393959738,8.77184009552002,6.83386889990143,1094.2849975585937,1078.5999755859375,-0.7910206008257981,1966.2380836123511,1967.5999755859375,0.08138227802327869,45.01999991280692,45.279998779296875,2.5594500891593652,42.38809512910389,42.61000061035156,3.901493182891058,2020,8,,9.0,6.75,181.365,11.77041,0.8643503500085499,12.9,122.1848,102010900000.0,147688500000.0
2020-09-01,26,7.545531814748591,7.705870151519775,4.707861586727291,8.889504476027055,9.034279823303223,2.9636788694300753,1103.9681673916903,1145.199951171875,5.528935007341995,1920.2761869884673,1887.5,-4.100190690677841,41.86714299519857,40.95000076293945,-10.15796595462335,39.625714074997674,40.220001220703125,-5.940124416588155,2020,9,,9.0,8.75,183.1303,11.74831,0.973318380906016,12.6,124.7471,113656900000.0,154583500000.0
2020-10-01,25,7.930916263943627,8.297940254211426,7.050858693207562,9.334596679324196,9.688650131225586,6.625218447501169,1168.557140531994,1112.4000244140625,-2.719718022381945,1900.245450106534,1877.4000244140625,-1.624397380183329,41.524091026999734,37.459999084472656,-8.477891998120334,39.55454531582919,35.790000915527344,-7.567149309926013,2020,10,,9.0,8.75,187.033,11.88962,2.13113723517948,13.1,125.0169,128892200000.0,159763400000.0
2020-11-01,21,7.979797590346563,7.817319869995117,-6.530410484671467,9.433528037298293,9.357939720153809,-3.8849912357903027,1263.8476097470239,1283.5999755859375,13.232180948351523,1866.0799987792968,1775.699951171875,-6.067502738090546,43.78900012969971,47.59000015258789,22.119575729716235,41.346500396728516,45.34000015258789,23.17304662065609,2020,11,,9.0,13.5,191.331,14.0263,2.29800155935821,13.0,126.6352,124977000000.0,172525800000.0
2020-12-01,23,7.710697402124819,7.373730182647705,-5.738114075059575,9.375166105187457,9.060379981994629,-3.0140433422878976,1387.7136452414773,1476.699951171875,11.42382077761357,1859.2954434481535,1893.0999755859375,4.35477653178864,50.218181956898086,51.79999923706055,9.236611634843195,47.068181471391156,48.52000045776367,8.911338470687413,2020,12,,15.75,15.5,193.7218,14.59932,1.24954871836013,12.6,127.3095,127724700000.0,162303800000.0
2021-01-01,21,7.400627136230469,7.345779895782471,-1.1840555583458423,9.014022373017811,8.902569770812988,-2.0047978175095182,1528.4849975585937,1473.5,-1.4644927147599573,1865.1842169510692,1847.300048828125,-5.0084797032599715,55.35157916420385,55.880001068115234,9.375613429675656,52.102105592426504,52.20000076293945,9.617811704712299,2021,1,,15.75,15.5,196.9799,14.973679999999998,1.68182088310454,12.3,130.2765,126223900000.0,151169400000.0
2021-02-01,20,7.084781527519226,7.3231000900268555,0.6238254255888087,8.572330570220947,8.904669761657715,0.9028847248006233,1528.6700012207032,1471.4000244140625,-1.4137337076005063,1805.531584087171,1728.0999755859375,-7.131345107485243,62.22789423089279,66.12999725341797,17.35581019365664,59.06105262354801,61.5,14.845940011587277,2021,2,,15.75,15.5,198.7682,15.61091,0.9078511591661949,13.2,130.681,119275900000.0,144936100000.0
2021-03-01,24,7.702730476856232,8.241889953613281,11.180219031096449,9.16530958811442,9.686530113220215,8.093637860995862,1492.2130498471467,1391.699951171875,-8.890346895458269,1719.5173923658288,1713.800048828125,-0.5050769911103092,65.70217381352964,63.540000915527344,-0.2355121909497715,62.357391357421875,59.15999984741211,-2.4406325150606367,2021,3,,15.75,17.5,200.9057,16.19024,1.07537261564598,12.9,130.8159,131866000000.0,166121000000.0
2021-04-01,25,8.161827632359095,8.184880256652832,0.9610301367851903,9.766740481058756,9.923589706420898,3.938274938187747,1393.2899963378907,1397.800048828125,-2.0187808250861417,1759.7571440197173,1767.300048828125,2.3631652955763194,65.32857150123233,67.25,3.6848587221058438,61.70380982898531,63.58000183105469,3.4662344046703986,2021,4,,15.75,17.5,204.2788,17.14015,1.6789868775428602,13.3,130.2765,147238500000.0,167452100000.0
2021-05-01,26,8.377876801924272,8.487799644470215,2.5771696981327086,10.171440948139537,10.377360343933105,4.277050560438367,1434.7888929578994,1420.5,-0.04925071741649356,1850.6450073242188,1902.5,6.201851851725659,68.25849990844726,69.62999725341797,3.0639428206446384,65.15699977874756,66.31999969482422,2.8376521812272903,2021,5,,15.75,17.5,206.094,16.59285,0.888563270213367,13.4,133.2434,154710200000.0,179473300000.0
2021-06-01,26,8.629785017533736,8.704700469970703,1.1974451900851557,10.389051350680264,10.309849739074707,-2.10240567043255,1419.7045454545455,1356.300048828125,-5.286309439376746,1834.1227361505682,1770.800048828125,-6.942034467975455,73.40818162397905,75.12999725341797,6.946615307356541,71.3527287569913,73.47000122070312,8.490844501405782,2021,6,,15.75,17.5,210.0965,17.52533,1.9420910529746005,11.0,134.4572,161001100000.0,183137900000.0
2021-07-01,26,8.598047619774228,8.45226001739502,-2.4507726705690014,10.166025797526041,10.050559997558594,-2.114025326990132,1370.9764763327205,1392.9000244140625,1.4641590086695855,1805.5047607421875,1812.5999755859375,2.066555023782013,74.15714336576916,76.33000183105469,0.6461043207082184,72.43047659737724,73.94999694824219,-1.7014573329451221,2021,7,,15.75,17.5,213.888,18.95168,1.80463213268064,11.6,131.8948,165156500000.0,192267900000.0
2021-08-01,27,8.466448244841203,8.304499626159668,-1.5667326061154174,9.963753036830736,9.807279586791992,-2.018226666835632,1441.4476260230654,1472.0999755859375,5.172538896886203,1785.231805974787,1815.0,-0.17050633230103474,70.51363615556197,72.98999786376953,0.1371909383433234,67.71136318553577,68.5,-3.873143493532416,2021,8,,15.75,17.5,216.2826,19.25266,1.11956365724129,12.0,138.3682,164140800000.0,200238000000.0
2021-09-01,26,8.561902739784934,8.885000228881836,7.257799263265885,10.072959553111684,10.281330108642578,4.820826807203593,1425.25908314098,1406.4000244140625,-4.5926295565512865,1775.8999953497023,1755.300048828125,-3.187906212349567,75.0028559366862,78.5199966430664,9.680123843654842,71.54476202101935,75.02999877929688,9.389127839694389,2021,9,,15.75,16.5,218.9919,19.58257,1.2526614620298002,11.3,136.4801,167135900000.0,196140600000.0
2021-10-01,25,9.203602075576782,9.52511978149414,7.596860542880979,10.677484464645385,11.12714958190918,8.345943725336369,1434.065008544922,1522.0,8.597930788440955,1776.404750279018,1783.0,1.4797951052931024,83.74619038899739,84.37999725341797,6.432894238960185,81.22285752069382,83.56999969482422,10.134426357085635,2021,10,,15.75,14.5,224.2339,19.89002,2.39371955279852,11.0,137.4241,185147300000.0,214429800000.0
2021-11-01,22,10.607884016903965,12.699000358581543,32.51729952204325,12.088088208978826,14.347000122070312,29.563434186480862,1682.8772693980825,1809.699951171875,17.795996462559316,1819.499988374256,1773.5999755859375,-1.197704879528072,80.78428540910993,70.56999969482422,-16.69224358690885,78.653809320359,66.18000030517578,-21.2611565707829,2021,11,,15.75,13.5,232.1085,21.31253,3.5117743702081,11.2,142.0094,217236800000.0,282585800000.0
2021-12-01,23,13.366419999495797,13.290499687194824,-1.5635226503296407,15.099254400833793,14.993060111999512,-1.9891057742613238,1966.3521728515625,1857.699951171875,0.0161476663007587,1791.0454434481535,1827.5,2.5763372835120757,74.74318140203303,77.77999877929688,12.937412047884722,71.69000070745295,75.20999908447266,14.701844493693628,2021,12,,15.75,12.5,263.6184,36.0809,13.5754910389525,11.0,142.6837,278759500000.0,370019900000.0
2022-01-01,21,13.507523264203753,13.482049942016602,0.9392370519677673,15.263392448425293,15.03477954864502,-1.0187992661943035,2007.585693359375,2003.199951171875,3.970519641808812,1816.6399963378906,1795.0,-0.24452730656682187,85.52699966430664,91.20999908447266,15.484926826690737,82.97900009155273,88.1500015258789,15.864878291705597,2022,1,,14.75,12.5,292.89099999999996,48.69082,11.1041560521144,11.3,138.2333,268750099999.99997,401593900000.0
2022-02-01,20,13.609162092208862,14.028840065002441,5.513318825732116,15.421120071411133,15.688630104064941,5.208090243480501,2000.1100036621094,1946.199951171875,-3.4335651683990664,1857.7420911287006,1899.4000244140625,5.504636610460856,94.03368457994964,100.98999786376953,13.268274692419713,91.62894680625514,95.72000122070312,8.526082236571785,2022,2,,14.75,12.5,306.9747,54.43857,4.808511195838729,10.6,146.325,286437600000.0,403111400000.0
2022-03-01,24,14.560905774434408,14.666199684143066,6.346162676323597,16.052066683769226,16.23969078063965,5.032205011702562,2104.0478356402855,2233.300048828125,13.371238192273726,1950.6739024286685,1949.199951171875,0.3500785972170517,112.46304420802905,107.91000366210938,2.800802521879353,108.26217385996942,100.27999877929688,-3.0267911923103186,2022,3,,14.75,12.5,323.7485,61.14454,5.4642281199605085,11.2,140.9305,297975200000.0,421880700000.0
2022-04-01,25,14.696960496902467,14.78888988494873,0.7826750199488641,15.890753555297852,15.531140327453613,-4.212606900445836,2432.5475957961307,2430.60009765625,7.945114818307308,1933.9300048828125,1909.300048828125,-0.5106522266939417,105.91699981689453,109.33999633789062,4.741830613261833,101.64049949645997,104.69000244140625,5.459862981387942,2022,4,,14.75,12.5,347.2149,69.97107,7.248352377791471,10.8,142.8186,342970000000.0,420705700000.0
2022-05-01,27,15.60111033398172,16.377729415893555,10.25135826474921,16.497044480365254,17.57887077331543,12.317807399828151,2435.25,2547.10009765625,3.2761645877806833,1845.9380987258185,1842.699951171875,-1.025894143051087,111.4971429734003,122.83999633789062,14.18478736484916,109.259522937593,114.66999816894531,9.032994357135182,2022,5,,14.75,12.5,357.5647,73.49595,2.98080217509036,10.8,142.9535,322485700000.0,481685700000.0
2022-06-01,26,16.97416825727983,16.6919002532959,1.5093893160318617,17.902583469044078,17.49180030822754,0.20934083207244658,2541.159102006392,2405.39990234375,-6.36095232709597,1834.547619047619,1804.0999755859375,-2.126624651646314,117.66381000337147,114.80999755859375,-1.2726832447173764,114.33904811314174,105.76000213623047,-8.242234794314484,2022,6,,14.75,12.5,375.271,78.6184,4.9519189490855995,10.2,144.8415,376760300000.0,516332099999.99994
2022-07-01,26,17.45751190185547,17.922500610351562,7.10525721875066,17.74497586204892,18.269540786743164,4.645890296245558,2475.0722384982637,2592.39990234375,6.0806878855282465,1729.8,1762.9000244140625,-2.0012229424326122,104.70499954223632,110.01000213623047,-1.4512184511747739,99.38449974060059,98.62000274658203,-9.047309352562527,2022,7,,14.75,12.5,384.1472,79.60205,2.36527252275283,10.2,134.7269,367029200000.0,545196800000.00006
2022-08-01,27,18.018825199293055,18.189199447631836,1.652555864312455,18.222273950991422,18.252220153808594,-0.43970447215123665,2920.877286044034,3171.199951171875,19.384101678231236,1762.4782608695652,1712.800048828125,-3.176933361892309,97.74086894159731,96.48999786376953,-3.5389392769441974,91.48260862930961,89.55000305175781,-4.622426633404708,2022,8,,14.75,11.5,389.7577,80.2076,1.46049568943988,9.8,139.3122,380130100000.0,581219400000.0
2022-09-01,26,18.303219023204985,18.497499465942383,1.5949797208479,18.120357059297106,18.145809173583984,0.19596582335819068,3322.313620827415,3180.0,1.1868790978348587,1678.6142868768602,1662.4000244140625,-2.0157934494879237,90.32476116362072,87.95999908447266,-4.763968705935417,83.8019049508231,79.48999786376953,-8.220762840787987,2022,9,,14.75,10.5,401.7461,83.45249,3.07586274799392,10.1,136.615,395175000000.0,573822100000.0
2022-10-01,25,18.56952140444801,18.572969436645508,0.30659815420988057,18.25669406709217,18.480520248413086,2.3060884968310713,3734.9619140625,3979.0,17.30196295649602,1665.8380940755208,1635.9000244140625,-3.3670033184463155,93.59380958193825,94.83000183105469,6.718434818475183,87.03095245361328,86.52999877929688,3.4676570861185585,2022,10,,14.75,9.0,415.9871,85.51479,3.54478502994581,10.3,140.7957,385085500000.0,556499700000.0
2022-11-01,22,18.586549498818137,18.63990020751953,0.12477848207934628,18.9224254434759,19.230379104614258,4.491463828810827,4552.5136829723015,4977.60009765625,22.76124392922445,1726.047630673363,1746.0,6.139817629179323,91.11428578694661,85.43000030517578,-9.741152743861525,84.38571457635788,80.55000305175781,-8.849156333342634,2022,11,,14.75,7.5,427.9832,84.38926,2.88376383763838,10.1,139.8517,386110900000.0,553492900000.0
2022-12-01,22,18.641295086253773,18.70298957824707,0.3917896981669333,19.710295156999067,19.937570571899414,2.726081021200355,5226.66816850142,5509.2001953125,9.175220603219202,1797.1142868768602,1819.699951171875,1.0327008960114181,81.3414284842355,85.91000366210938,-1.116475163413333,76.51809510730561,80.26000213623047,-1.1819737380500683,2022,12,,9.75,7.5,433.0449,64.2696,1.18268385847249,10.4,142.5489,400387300000.0,567407600000.0
2023-01-01,22,18.765019850297406,18.808000564575195,0.8756949212743059,20.216951803727582,20.398820877075195,2.2246171065793074,5249.8681640625,4976.60009765625,-12.09128947010475,1899.8349914550781,1929.5,4.881233419119413,83.87900009155274,84.48999786376953,2.9110833545286763,78.16400032043457,78.87000274658203,2.5217762039651648,2023,1,,9.75,7.5,461.8378,57.682480000000005,6.64894324072842,9.7,144.0324,396370800000.0,634681600000.0
2023-02-01,20,18.843262958526612,18.884199142456055,0.4264958749175429,20.195404052734375,20.033489227294922,-1.8878108052970521,4958.706207275391,5237.2998046875,11.115116756446653,1853.2368485300165,1828.9000244140625,-5.130201364720477,83.50947329872533,83.88999938964844,1.267507361389808,76.86052583393298,77.05000305175781,0.8375858643830947,2023,2,,9.75,,476.3628,55.17983,3.14504603317046,10.1,134.7269,370473300000.0,600332100000.0
2023-03-01,24,18.99488523732061,19.17569923400879,1.553291495518705,20.331504987633746,20.909629821777344,4.705000510026114,5143.334791100543,4812.89990234375,-9.577850982809666,1912.9608685037365,1969.0,7.144803412787648,79.2069562829059,79.7699966430664,-5.384890341589843,73.37260934580927,75.66999816894531,-2.6000826476797023,2023,3,,9.75,,487.269,50.50851,2.28947983211556,10.2,143.0883,405828000000.0,561107800000.0
2023-04-01,25,19.336244946434384,19.449499130249023,1.3338883748450048,21.190458661033993,21.413949966430664,3.294641274165211,4969.921026932566,4617.89990234375,-4.57898745027896,2001.04736328125,1990.0999755859375,0.312513286737115,83.36894788240132,79.54000091552734,-6.346402178595023,79.43842155054996,76.77999877929688,-4.526236598515676,2023,4,,9.75,,498.8929,43.68417,2.38550895845639,10.1,141.7397,410662200000.0,566127900000.0
2023-05-01,27,19.78454357644786,20.786399841308594,6.859691585291761,21.48640657507855,22.187559127807617,3.9642856089536327,4587.8857654389885,4886.89990234375,8.448353169645383,1993.4227294921875,1963.9000244140625,-0.9831602178063226,75.63227358731356,72.66000366210938,-8.384811626770505,71.62090925736861,68.08999633789062,-10.005296005569475,2023,5,,15.75,,499.1078,39.5853,0.0430755976739223,9.5,144.0324,403716700000.0,631817100000.0
2023-06-01,26,23.74555151803153,26.03860092163086,24.645055307560003,25.714992795671737,28.248380661010742,25.75336566289801,5428.352590460527,5759.10009765625,16.11557571765967,1941.652378627232,1921.0999755859375,-2.8766443080921356,74.92571367536273,74.9000015258789,0.8346833020611788,70.27428545270648,70.63999938964844,0.7703294255087645,2023,6,,15.75,,518.6753,38.21352,3.92049823158542,9.3,146.325,524559300000.0,671633500000.0
2023-07-01,26,26.442503235556863,26.925979614257812,5.9143909376029535,29.213667262684215,29.61050033569336,4.202519410739125,6491.752348400298,7217.0,19.977394881898647,1950.7649963378906,1970.5,2.5394208288534337,80.35549964904786,85.55999755859375,14.614863777240084,76.03449974060058,81.80000305175781,17.208771999827267,2023,7,,15.75,16.0,567.8915,47.83173,9.48882427363328,9.4,146.1902,544059200000.00006,828251200000.0
2023-08-01,27,26.88976602968962,26.68790054321289,-1.0588123985195153,29.28855738432511,28.884889602661133,-2.699566427137823,7600.08183149858,7917.89990234375,10.454068526801287,1917.5565185546875,1938.199951171875,-0.12881950136034437,85.10434756071672,86.86000061035156,2.296545594323618,81.3208697775136,83.62999725341797,2.7774295570253793,2023,8,,15.75,23.5,619.4946,58.94353,9.086793166828858,9.2,144.437,575945400000.0,827739000000.0
2023-09-01,25,26.976206588745118,27.458900451660156,3.3171216145875704,28.753026962280273,28.990049362182617,1.9560783099442647,8105.604724702381,8334.900390625,3.4607352141746706,1912.4099975585937,1848.0999755859375,-4.727295130113307,92.76649932861328,95.30999755859375,7.6340985588500665,89.43050003051758,90.79000091552734,6.125070341142269,2023,9,,30.75,,648.9399,61.529869999999995,4.75311433367815,9.0,144.437,595773900000.0,761826000000.0
2023-10-01,26,27.86090304634788,28.257369995117188,2.8247410416330165,29.406076778065074,29.992660522460938,3.5093456516679167,8025.41816850142,7514.10009765625,-11.46341348348946,1915.5681762695312,1985.199951171875,8.480871648736343,88.70409115878019,87.41000366210938,-3.637962138319717,85.46681837602095,81.0199966430664,-8.781809365635862,2023,10,,30.75,,671.2244,61.357009999999995,3.43398145519917,8.5,143.7626,602682400000.0,803524500000.0
2023-11-01,22,28.636346730318937,28.940919876098633,2.2560605242715193,30.93825253573331,31.75571060180664,6.054084395648962,7846.422718394886,7948.60009765625,5.578726384082366,1985.3714250837054,2038.0999755859375,2.996761941305337,82.02772730047053,82.83000183105469,-2.1269000127381976,77.37666720435733,75.95999908447266,-5.569372477576562,2023,11,,35.75,,693.2479,61.980169999999994,3.28109724374112,8.9,142.0094,626868300000.0,808410000000.0
2023-12-01,21,29.039457684471493,29.519800186157227,2.1927272297482148,31.67287036350795,32.51750183105469,3.442403754050005,7733.024926757813,7470.2001953125,-6.928467947960626,2031.6749938964845,2062.39990234375,-0.4152630447247674,77.32399978637696,77.04000091552734,-2.3326526394001568,72.12350006103516,71.6500015258789,-3.267177236284524,2023,12,,43.25,,713.5407,64.77292,2.9272073069471367,8.9,146.0553,641051600000.0,806186400000.0
2024-01-01,23,30.010223471600078,30.358400344848633,4.618949894655033,32.758272088092305,32.91548156738281,2.2039370198120745,7984.004549893466,8496.7001953125,11.442367338291692,2028.0428466796875,2048.39990234375,-0.7750436328656574,79.19714319138299,81.70999908447266,7.668994256993078,73.86095210484096,75.8499984741211,7.772096382736748,2024,1,,43.25,43.5,761.3715,64.85692,6.7033097053856565,9.2,146.325,634533800000.0,805284900000.0
2024-02-01,21,30.777131035214378,31.208839416503906,2.796589794021953,33.211978549049014,33.82257843017578,3.1330925448349367,9089.252371651786,9193.7001953125,6.333498463789788,2025.214990234375,2045.699951171875,-0.3555795824707775,81.62399940490722,83.62000274658203,6.251595920105979,76.61000022888183,78.26000213623047,6.014633513629719,2024,2,,43.25,43.5,795.8555,67.06919,4.5291882138284905,8.7,150.5057,665174800000.0,862467000000.0
2024-03-01,22,32.05913491682573,32.42340087890625,3.657330787145563,34.83157660744407,34.989810943603516,3.5386511438686874,8969.70958891369,9142.400390625,0.49685831181103257,2161.8699951171875,2217.39990234375,6.25329465267781,84.66549949645996,87.4800033569336,4.703770390937279,80.40499992370606,83.16999816894531,4.001496685501804,2024,3,,43.25,47.0,821.0258,68.49538000000001,3.1626709356375264,8.8,149.9663,693391400000.0,928363400000.0
2024-04-01,26,32.35145794261586,32.40330123901367,0.43673022248575943,34.65697826038707,34.52227020263672,-0.18790443377039168,9587.077690972223,10045.7001953125,9.699155831968342,2332.590897993608,2291.39990234375,2.4547240037446905,88.99999930641867,87.86000061035156,0.5033201219655892,84.39409117265181,81.93000030517578,-2.126387287975784,2024,4,,50.75,47.0,847.1324,69.80247,,8.6,,693617800000.0,995667100000.0
2024-05-01,27,32.243999307805844,32.24380111694336,-0.09047096318243186,34.800106742165305,34.895328521728516,0.9847769958389874,10448.849920099432,10400.5,1.8787877106584805,2349.6318026455965,2322.89990234375,1.0000435226142468,82.99181851473722,81.62000274658203,-2.1812076241276124,78.6213642467152,76.98999786376953,-2.5443065015575583,2024,5,,50.75,47.0,875.6644,75.44595,,8.4,,732021200000.0,893831200000.0
2024-06-01,25,32.57825270153227,32.77050018310547,1.6587100620537143,35.01552926926386,35.08620071411133,0.48388867676243397,10443.75310202206,10647.900390625,0.8629564605085127,2326.0789345189146,2327.699951171875,-0.8054268174305546,82.88947416606702,86.41000366210938,10.273102334170204,78.69842127749794,81.54000091552734,9.862570162262884,2024,6,,50.75,47.0,890.0319999999998,71.59715,,9.1,,696876600000.0,916957400000.0
2024-07-01,27,32.90828738005265,33.17599868774414,1.6166210786198176,35.663998811141305,35.90114974975586,2.49374665660671,10879.05899325284,10638.599609375,2.8549864188764262,2393.3363702947445,2426.5,4.2490074838601455,83.71772731434216,80.72000122070312,-6.7898352852455375,80.48136381669478,77.91000366210938,-6.56031874729327,2024,7,,50.75,47.0,918.7405000000001,61.781000000000006,,9.0,,717172900000.0,908454300000.0
2024-08-01,26,33.699483780633834,34.07733917236328,2.768566784837345,37.146843501499724,37.75748062133789,5.637344652093801,9947.490466889882,9833.2001953125,-8.93582620061002,2467.249988902699,2493.800048828125,2.414786399512314,78.87500138716264,78.80000305175781,-0.9054245745763301,75.4336367520419,73.55000305175781,-3.6168190212779283,2024,8,,50.75,47.0,941.474,51.97453,,8.5,,752813700000.0,960853100000.0
2024-09-01,26,34.05797230113637,34.20399856567383,0.39094409690871856,37.792402267456055,38.10945129394531,1.3192482620586032,9801.985677083334,9665.7998046875,-4.395564697433407,2572.869982910156,2636.10009765625,5.87172983037918,72.6384994506836,71.7699966430664,-2.6847503144862284,69.37249946594238,68.16999816894531,-3.085013195794528,2024,9,,50.75,47.0,969.4188,49.38499,,8.5,,742981000000.0,967487900000.0
2024-10-01,26,34.246707916259766,34.283199310302734,0.28374058647531175,37.30341252413663,37.2194709777832,-1.407855653466461,8933.522727272728,8863.900390625,-5.2110937046537575,2688.904349949049,2738.300048828125,2.661867757667302,75.37695710555367,73.16000366210938,-0.5437655108209594,71.5617383873981,69.26000213623047,-0.8162676211913356,2024,10,,50.75,47.0,997.3368,48.58471,,8.7,,741390000000.0,1003621000000.0
2024-11-01,21,34.42302504039946,34.64836883544922,1.0340041375293652,36.614534468877885,36.59109878540039,-1.9783294676708363,9265.738048735118,9652.0,8.632526730444567,2649.8150146484377,2657.0,-2.9796280853887747,73.40699996948243,72.94000244140625,-0.21887282634005523,69.5439998626709,68.0,-2.1441904008841273,2024,11,,50.75,47.0,1019.717,47.09272,,8.4,,746985500000.0,1023773000000.0
2024-12-01,22,34.959894527088515,35.30524826049805,1.7636165558177819,36.61642490733754,36.73310089111328,0.423339012546875,9924.714192708334,9830.599609375,1.5442460674118808,2643.5809500558034,2629.199951171875,-0.21632515021936527,73.12857164655414,74.63999938964844,3.9120109800399483,69.69761912027995,71.72000122070312,5.315716340225296,2024,12,,48.25,46.0,1030.201,44.37877,,8.6,,763149600000.0,1044402000000.0
2025-01-01,22,35.52690974148837,35.853031158447266,1.3541883917342679,36.77466115084562,37.273529052734375,1.831119930216052,9980.213689630682,10004.400390625,0.4326803407444624,2722.9476260230654,2812.5,5.7768288877988905,78.26333436511811,76.76000213623047,1.0931144840231388,75.0980951218378,72.52999877929688,-0.8204546651928823,2025,1,,48.25,43.5,1082.046,42.11802,,8.5,,792409200000.0,1049374000000.0
2025-02-01,20,36.18211193084717,36.517799377441406,1.8008031407606095,37.66265468597412,37.940818786621094,3.206341748293351,9766.1,9658.7001953125,-1.1837063214995003,2897.1157997532896,2836.800048828125,0.10233764721105931,74.94052605879934,73.18000030517578,-3.6598193954759384,71.20894743266858,69.76000213623047,-4.647350130792594,2025,2,,48.25,43.5,1106.645,39.05096,,8.3,,794006700000.0,1060910000000.0
2025-03-01,22,37.12811348655007,37.898590087890625,3.8119856494377657,40.083331021395594,40.99794006347656,7.8770570425162,10114.5048828125,9659.5,-2.538564027113699,2986.4095284598216,3122.800048828125,8.047889474288406,71.46714237758091,74.73999786376953,4.356318064140807,67.93952469598679,71.4800033569336,4.548779414093329,2025,3,,43.25,41.0,1133.868,38.10383,,8.0,,859384300000.0,1125971000000.0
2025-04-01,25,38.16720275878906,38.5017204284668,1.4257494912380153,42.76762104034424,43.73698043823242,7.087195829858062,9361.544873046874,9078.400390625,-4.671693879085003,3211.152367001488,3305.0,5.966850603842788,66.45666703723725,63.119998931884766,-15.263792801657349,62.962380727132164,58.209999084472656,-18.24437980413457,2025,4,,43.25,44.5,1167.845,37.85867,,8.6,,815058700000.0,1214055000000.0
2025-05-01,26,38.82820783342634,39.20848846435547,1.685986133751638,43.771495455787296,44.64794158935547,2.393183090281781,9359.4099609375,9019.599609375,-1.6143811499866545,3280.7380952380954,3288.89990234375,2.4579408829828564,63.97047624133882,63.900001525878906,2.8488659702792463,60.935238247825986,60.790000915527344,2.6164739924778857,2025,5,,43.25,44.5,,,,8.4,,920346000000.0,1172785000000.0
2025-06-01,26,39.46251175620339,39.82659912109375,1.457673023297179,45.50271970575506,46.90476989746094,5.312742548208149,9383.121042351973,9948.5,10.429681410983104,3350.939990234375,3294.39990234375,-2.260730822546586,69.35,67.61000061035156,4.61086721889965,67.32600002288818,65.11000061035156,4.14267455794024,2025,6,,43.25,44.5,,,,8.6,,875255800000.0,1210403000000.0
2025-07-01,27,40.26737113620924,40.66279983520508,2.0683387622274507,47.03248778633449,46.49150085449219,-1.1127813008991572,10380.3681640625,10743.2001953125,6.57513371496552,3341.808699898098,3293.199951171875,-1.3036832989649638,69.55304353133492,72.52999877929688,8.076289851961782,67.21086883544922,69.26000213623047,5.8212457840161935,2025,7,,43.25,41.5,,,,8.1,,967951900000.0,1163087000000.0
2025-08-01,26,40.861133938743954,41.142398834228516,1.142145391904914,47.632896786644345,48.10546875,2.0041427535139267,11078.780831473214,11288.099609375,5.034889823904343,3372.7428385416665,3473.699951171875,3.763778171215537,67.2614284697033,68.12000274658203,-2.22476742227643,64.01904787336078,64.01000213623047,-4.930936587755941,2025,8,,43.25,41.5,,,,8.5,,928341800000.0,1128424000000.0
2025-09-01,26,41.34871552207253,41.582698822021484,1.0689578951623702,48.54899076981978,48.817909240722656,1.2328229103012012,10962.631791548296,11012.099609375,-2.3750034629875905,3682.2999906994046,3840.800048828125,8.20984263542568,67.54857054210845,67.0199966430664,-3.0662464062726547,63.53380911690848,62.369998931884766,-4.909281271213761,2025,9,,41.25,39.0,,,,8.6,,901003700000.0,1235458000000.0
2025-10-01,26,41.85227948969061,42.026798248291016,1.0402852477575442,48.74639268354936,48.56747817993164,-0.6736453310538293,10700.772727272728,10971.5,-2.216539731763434,4044.3739066745925,3982.199951171875,2.965738879686497,63.95391298376995,65.06999969482422,-0.4284602690660444,60.06956531690515,60.97999954223633,-1.2949162396691971,2025,10,,41.25,38.0,,,,8.4,,927372800000.0,1311198000000.0
2025-11-01,20,42.283002090454104,42.48509979248047,1.059667886037885,48.89375019073486,49.21104049682617,1.4762711791078242,10844.03505859375,10898.7001953125,-1.4619741564650734,4082.1157612047696,4218.2998046875,5.4495851110777815,63.67947367617958,63.20000076293945,-2.6044053669363687,59.47947391710783,58.54999923706055,-4.095004146179204,2025,11,,41.25,38.0,,,,8.6,,959455400000.0,1341844000000.0
2025-12-01,22,42.67566958340731,42.95198059082031,1.1360601807668624,49.9947114424272,50.600608825683594,2.6103882079300034,11227.590953480114,11261.5,1.3043673818198265,4311.059104225852,4325.60009765625,2.035720447827871,61.62863592668013,60.849998474121094,-3.672629036048858,57.866363525390625,57.41999816894531,-3.20296954762912,2025,12,,38.75,36.5,,,,7.8,,1019148000000.0,1378914000000.0
2026-01-01,21,43.219359806605745,43.455101013183594,1.0724788052901113,50.753579820905415,51.94350814819336,2.905973901758707,12626.89048549107,13838.2998046875,20.349782009420124,4730.8599609375,4713.89990234375,9.25968869466589,64.76549911499023,70.69000244140625,16.362143936471195,60.25949974060059,65.20999908447266,13.764828038477606,2026,1,,38.75,35.5,,,,8.1,,,
2026-02-01,20,43.68507308959961,43.95539855957031,1.0887710180426557,51.69744453430176,51.908180236816406,0.6827899204580712,13918.325,13717.7998046875,0.7106659179759278,5011.036826685855,5230.5,13.153055705786908,69.40684268349095,72.4800033569336,9.321266999567545,64.52315722013775,67.0199966430664,7.8532302886229255,2026,2,,38.75,,,,,,,,
2026-03-01,23,44.205101013183594,44.454898834228516,1.152005613467888,51.16097226350204,51.598079681396484,-0.22049249421861594,12990.185825892857,12791.0,-4.161424611651343,4856.390891335227,4647.60009765625,-12.216678313271567,99.59954591230913,118.3499984741211,52.238232218009514,90.99727249145508,101.37999725341797,42.32766036160736,2026,3,,,,,,,,,,
2026-04-01,9,44.57251262664795,44.65800094604492,0.3857366284214292,51.77999019622803,52.36758041381836,1.2840299098143104,13282.4375,14073.7998046875,8.779627140162471,4721.742885044643,4761.89990234375,-0.445314686799525,102.15714154924665,95.19999694824219,-5.8916632049308415,103.69571576799665,96.56999969482422,-3.545748056702891,2026,4,,,,,,,,,,
