donem,il,isim,parti,degisiklik
22,Adana,Abdullah Çalışkan,Adalet ve Kalkınma Partisi,
22,Adana,Ömer Çelik,Adalet ve Kalkınma Partisi,
22,Adana,Recep Garip,Adalet ve Kalkınma Partisi,
22,Adana,Ali Küçükaydın,Adalet ve Kalkınma Partisi,
22,Adana,Vahit Kirişci,Adalet ve Kalkınma Partisi,
22,Adana,Ayhan Zeynep Tekin Börü,Adalet ve Kalkınma Partisi,
22,Adana,Abdullah Torun,Adalet ve Kalkınma Partisi,
22,Adana,Ziyaettin Yağcı,Adalet ve Kalkınma Partisi,
22,Adana,Nevin Gaye Erbatur,Cumhuriyet Halk Partisi,
22,Adana,Uğur Aksöz,Cumhuriyet Halk Partisi,
22,Adana,Atilla Başoğlu,Cumhuriyet Halk Partisi,Adalet ve Kalkınma Partisi
22,Adana,Kemal Sağ,Cumhuriyet Halk Partisi,
22,Adana,Tacidar Seyhan,Cumhuriyet Halk Partisi,
22,Adana,Mehmet Ziya Yergök,Cumhuriyet Halk Partisi,
22,Adıyaman,Mahmut Göksu,Adalet ve Kalkınma Partisi,
22,Adıyaman,Fehmi Hüsrev Kutlu,Adalet ve Kalkınma Partisi,
22,Adıyaman,Mehmet Özyol,Adalet ve Kalkınma Partisi,
22,Adıyaman,Ahmet Faruk Ünsal,Adalet ve Kalkınma Partisi,
22,Adıyaman,Şevket Gürsoy,Cumhuriyet Halk Partisi,Adalet ve Kalkınma Partisi
22,Afyonkarahisar,Sait Açba,Adalet ve Kalkınma Partisi,
22,Afyonkarahisar,İbrahim Hakkı Aşkar,Adalet ve Kalkınma Partisi,Bağımsız
22,Afyonkarahisar,Halil Aydoğan,Adalet ve Kalkınma Partisi,
22,Afyonkarahisar,Ahmet Koca,Adalet ve Kalkınma Partisi,
22,Afyonkarahisar,Mahmut Koçak,Adalet ve Kalkınma Partisi,Anavatan Partisi
22,Afyonkarahisar,Reyhan Tugay,Adalet ve Kalkınma Partisi,
22,Afyonkarahisar,Halil Ünlütepe,Cumhuriyet Halk Partisi,
22,Ağrı,Mehmet Kerim Yıldız,Adalet ve Kalkınma Partisi,
22,Ağrı,Mehmet Melik Özmen,Adalet ve Kalkınma Partisi,Ölüm
22,Ağrı,Halil Özyolcu,Adalet ve Kalkınma Partisi,
22,Ağrı,Naci Aslan,Cumhuriyet Halk Partisi,Adalet ve Kalkınma Partisi
22,Ağrı,Cemal Kaya,Cumhuriyet Halk Partisi,Milletvekilliğinden istifa
22,Aksaray,Ruhi Açıkgöz,Adalet ve Kalkınma Partisi,
22,Aksaray,Ali Rıza Alaboyun,Adalet ve Kalkınma Partisi,
22,Aksaray,Ramazan Toprak,Adalet ve Kalkınma Partisi,
22,Aksaray,Ahmet Yaşar,Adalet ve Kalkınma Partisi,
22,Amasya,Hamza Albayrak,Adalet ve Kalkınma Partisi,Anavatan Partisi
22,Amasya,Akif Gülle,Adalet ve Kalkınma Partisi,
22,Amasya,Mustafa Sayar,Cumhuriyet Halk Partisi,Bağımsız
22,Ankara,Cemil Çiçek,Adalet ve Kalkınma Partisi,
22,Ankara,Beşir Atalay,Adalet ve Kalkınma Partisi,
22,Ankara,Ali Babacan,Adalet ve Kalkınma Partisi,
22,Ankara,İsmail Alptekin,Adalet ve Kalkınma Partisi,
22,Ankara,Reha Denemeç,Adalet ve Kalkınma Partisi,
22,Ankara,Bülent Gedikli,Adalet ve Kalkınma Partisi,
22,Ankara,Haluk İpek,Adalet ve Kalkınma Partisi,
22,Ankara,Salih Kapusuz,Adalet ve Kalkınma Partisi,
22,Ankara,Telat Karapınar,Adalet ve Kalkınma Partisi,
22,Ankara,Faruk Koca,Adalet ve Kalkınma Partisi,
22,Ankara,Ersönmez Yarbay,Adalet ve Kalkınma Partisi,
22,Ankara,Mustafa Sait Yazıcıoğlu,Adalet ve Kalkınma Partisi,
22,Ankara,Mehmet Zekai Özcan,Adalet ve Kalkınma Partisi,
22,Ankara,Remziye Öztoprak,Adalet ve Kalkınma Partisi,
22,Ankara,Eyyüp Sanay,Adalet ve Kalkınma Partisi,
22,Ankara,Nur Doğan Topaloğlu,Adalet ve Kalkınma Partisi,
22,Ankara,Mustafa Tuna,Adalet ve Kalkınma Partisi,
22,Ankara,Önder Sav,Cumhuriyet Halk Partisi,
22,Ankara,Oya Araslı,Cumhuriyet Halk Partisi,
22,Ankara,Yılmaz Ateş,Cumhuriyet Halk Partisi,
22,Ankara,Eşref Erdem,Cumhuriyet Halk Partisi,
22,Ankara,Zekeriya Akıncı,Cumhuriyet Halk Partisi,
22,Ankara,Gülsün Bilgehan,Cumhuriyet Halk Partisi,
22,Ankara,Ahmet İsmet Çanakcı,Cumhuriyet Halk Partisi,
22,Ankara,İsmail Değerli,Cumhuriyet Halk Partisi,
22,Ankara,Bayram Meral,Cumhuriyet Halk Partisi,
22,Ankara,Yakup Kepenek,Cumhuriyet Halk Partisi,
22,Ankara,Mehmet Tomanbay,Cumhuriyet Halk Partisi,
22,Ankara,Muzaffer Remzi Kurtulmuşoğlu,Cumhuriyet Halk Partisi,Anavatan Partisi
22,Antalya,Mevlüt Çavuşoğlu,Adalet ve Kalkınma Partisi,
22,Antalya,Mehmet Dülger,Adalet ve Kalkınma Partisi,
22,Antalya,Osman Akman,Adalet ve Kalkınma Partisi,
22,Antalya,Fikret Badazlı,Adalet ve Kalkınma Partisi,
22,Antalya,Burhan Kılıç,Adalet ve Kalkınma Partisi,
22,Antalya,Deniz Baykal,Cumhuriyet Halk Partisi,
22,Antalya,Osman Kaptan,Cumhuriyet Halk Partisi,
22,Antalya,Feridun Fikret Baloğlu,Cumhuriyet Halk Partisi,
22,Antalya,Hüseyin Ekmekcioğlu,Cumhuriyet Halk Partisi,
22,Antalya,Atila Emek,Cumhuriyet Halk Partisi,
22,Antalya,Tuncay Ercenk,Cumhuriyet Halk Partisi,
22,Antalya,Nail Kamacı,Cumhuriyet Halk Partisi,
22,Antalya,Osman Özcan,Cumhuriyet Halk Partisi,
22,Ardahan,Kenan Altun,Adalet ve Kalkınma Partisi,
22,Ardahan,Ensar Öğüt,Cumhuriyet Halk Partisi,
22,Artvin,Orhan Yıldız,Adalet ve Kalkınma Partisi,
22,Artvin,Yüksel Çorbacıoğlu,Cumhuriyet Halk Partisi,
22,Aydın,Atilla Koç,Adalet ve Kalkınma Partisi,
22,Aydın,Ahmet Ertürk,Adalet ve Kalkınma Partisi,
22,Aydın,Ahmet Rıza Acar,Adalet ve Kalkınma Partisi,
22,Aydın,Semiha Öyüş,Adalet ve Kalkınma Partisi,
22,Aydın,Özlem Çerçioğlu,Cumhuriyet Halk Partisi,
22,Aydın,Mehmet Boztaş,Cumhuriyet Halk Partisi,
22,Aydın,Mehmet Mesut Özakcan,Cumhuriyet Halk Partisi,
22,Aydın,Mehmet Semerci,Cumhuriyet Halk Partisi,
22,Balıkesir,Turhan Çömez,Adalet ve Kalkınma Partisi,
22,Balıkesir,Ahmet Edip Uğur,Adalet ve Kalkınma Partisi,
22,Balıkesir,Ali Aydınlıoğlu,Adalet ve Kalkınma Partisi,
22,Balıkesir,İsmail Özgün,Adalet ve Kalkınma Partisi,
22,Balıkesir,Ali Osman Sali,Adalet ve Kalkınma Partisi,
22,Balıkesir,Ali Kemal Deveciler,Cumhuriyet Halk Partisi,
22,Balıkesir,Sedat Pekel,Cumhuriyet Halk Partisi,
22,Balıkesir,Orhan Sür,Cumhuriyet Halk Partisi,
22,Bartın,Hacı İbrahim Kabarık,Adalet ve Kalkınma Partisi,
22,Bartın,Mehmet Asım Kulak,Adalet ve Kalkınma Partisi,
22,Batman,Afif Demirkıran,Adalet ve Kalkınma Partisi,
22,Batman,Ahmet İnal,Adalet ve Kalkınma Partisi,
22,Batman,Memet Ali Suçin,Adalet ve Kalkınma Partisi,
22,Batman,Mehmet Nezir Nasıroğlu,Cumhuriyet Halk Partisi,Adalet ve Kalkınma Partisi
22,Bayburt,Fetani Battal,Adalet ve Kalkınma Partisi,
22,Bayburt,Ülkü Güney,Bağımsız,Adalet ve Kalkınma Partisi
22,Bilecik,Fahrettin Poyraz,Adalet ve Kalkınma Partisi,
22,Bilecik,Yaşar Tüzün,Cumhuriyet Halk Partisi,
22,Bingöl,Abdurrahman Anık,Adalet ve Kalkınma Partisi,
22,Bingöl,Feyzi Berdibek,Adalet ve Kalkınma Partisi,
22,Bingöl,Mahfuz Güler,Adalet ve Kalkınma Partisi,
22,Bitlis,Abdurrahim Aksoy,Adalet ve Kalkınma Partisi,
22,Bitlis,Zeki Ergezen,Adalet ve Kalkınma Partisi,
22,Bitlis,Vahit Kiler,Adalet ve Kalkınma Partisi,
22,Bitlis,Edip Safder Gaydalı,Bağımsız,
22,Bolu,Yüksel Coşkunyürek,Adalet ve Kalkınma Partisi,
22,Bolu,Mehmet Güner,Adalet ve Kalkınma Partisi,
22,Bolu,Metin Yılmaz,Adalet ve Kalkınma Partisi,
22,Burdur,Mehmet Alp,Adalet ve Kalkınma Partisi,
22,Burdur,Bayram Özçelik,Adalet ve Kalkınma Partisi,
22,Burdur,Ramazan Kerim Özkan,Cumhuriyet Halk Partisi,
22,Bursa,Ertuğrul Yalçınbayır,Adalet ve Kalkınma Partisi,
22,Bursa,Faruk Çelik,Adalet ve Kalkınma Partisi,
22,Bursa,Abdulmecit Alp,Adalet ve Kalkınma Partisi,
22,Bursa,Faruk Anbarcıoğlu,Adalet ve Kalkınma Partisi,
22,Bursa,Şerif Birinç,Adalet ve Kalkınma Partisi,
22,Bursa,Mustafa Dündar,Adalet ve Kalkınma Partisi,
22,Bursa,Zafer Hıdıroğlu,Adalet ve Kalkınma Partisi,
22,Bursa,Mehmet Altan Karapaşaoğlu,Adalet ve Kalkınma Partisi,
22,Bursa,Sedat Kızılcıklı,Adalet ve Kalkınma Partisi,
22,Bursa,Şevket Orhan,Adalet ve Kalkınma Partisi,
22,Bursa,Niyazi Pakyürek,Adalet ve Kalkınma Partisi,
22,Bursa,Mehmet Emin Tutan,Adalet ve Kalkınma Partisi,
22,Bursa,Mehmet Küçükaşık,Cumhuriyet Halk Partisi,
22,Bursa,Mustafa Özyurt,Cumhuriyet Halk Partisi,
22,Bursa,Kemal Demirel,Cumhuriyet Halk Partisi,
22,Bursa,Ali Dinçer,Cumhuriyet Halk Partisi,Ölüm
22,Çanakkale,Mehmet Daniş,Adalet ve Kalkınma Partisi,
22,Çanakkale,İbrahim Köşdere,Adalet ve Kalkınma Partisi,
22,Çanakkale,Ahmet Küçük,Cumhuriyet Halk Partisi,
22,Çanakkale,İsmail Özay,Cumhuriyet Halk Partisi,
22,Çankırı,Tevfik Akbak,Adalet ve Kalkınma Partisi,
22,Çankırı,İsmail Ericekli,Adalet ve Kalkınma Partisi,
22,Çankırı,Hikmet Özdemir,Adalet ve Kalkınma Partisi,
22,Çorum,Agah Kafkas,Adalet ve Kalkınma Partisi,
22,Çorum,Ali Yüksel Kavuştu,Adalet ve Kalkınma Partisi,
22,Çorum,Muzaffer Külcü,Adalet ve Kalkınma Partisi,
22,Çorum,Murat Yıldırım,Adalet ve Kalkınma Partisi,
22,Çorum,Feridun Ayvazoğlu,Cumhuriyet Halk Partisi,
22,Denizli,Mehmet Salih Erdoğan,Adalet ve Kalkınma Partisi,
22,Denizli,Osman Nuri Filiz,Adalet ve Kalkınma Partisi,
22,Denizli,Ümmet Kandoğan,Adalet ve Kalkınma Partisi,Doğru Yol Partisi
22,Denizli,Mehmet Yüksektepe,Adalet ve Kalkınma Partisi,
22,Denizli,Mustafa Gazalcı,Cumhuriyet Halk Partisi,
22,Denizli,Mehmet Uğur Neşşar,Cumhuriyet Halk Partisi,
22,Denizli,Veli Haşim Oral,Cumhuriyet Halk Partisi,
22,Diyarbakır,Aziz Akgül,Adalet ve Kalkınma Partisi,
22,Diyarbakır,Mehmet İhsan Arslan,Adalet ve Kalkınma Partisi,
22,Diyarbakır,Osman Aslan,Adalet ve Kalkınma Partisi,
22,Diyarbakır,Mehdi Eker,Adalet ve Kalkınma Partisi,
22,Diyarbakır,Ali İhsan Merdanoğlu,Adalet ve Kalkınma Partisi,
22,Diyarbakır,Cavit Torun,Adalet ve Kalkınma Partisi,
22,Diyarbakır,Mehmet Fehmi Uyanık,Adalet ve Kalkınma Partisi,
22,Diyarbakır,İrfan Riza Yazıcıoğlu,Adalet ve Kalkınma Partisi,
22,Diyarbakır,Mesut Değer,Cumhuriyet Halk Partisi,
22,Diyarbakır,Muhsin Koçyiğit,Cumhuriyet Halk Partisi,Anavatan Partisi
22,Düzce,Yaşar Yakış,Adalet ve Kalkınma Partisi,
22,Düzce,Fahri Çakır,Adalet ve Kalkınma Partisi,
22,Düzce,Metin Kaşıkoğlu,Adalet ve Kalkınma Partisi,
22,Edirne,Rasim Çakır,Cumhuriyet Halk Partisi,
22,Edirne,Necdet Budak,Cumhuriyet Halk Partisi,Adalet ve Kalkınma Partisi
22,Edirne,Nejat Gencan,Cumhuriyet Halk Partisi,
22,Edirne,Ali Ayağ,Adalet ve Kalkınma Partisi,Bağımsız
22,Elazığ,Mehmet Necati Çetinkaya,Adalet ve Kalkınma Partisi,
22,Elazığ,Zülfü Demirbağ,Adalet ve Kalkınma Partisi,
22,Elazığ,Şemsettin Murat,Adalet ve Kalkınma Partisi,
22,Elazığ,Abdulbaki Türkoğlu,Adalet ve Kalkınma Partisi,
22,Elazığ,Mehmet Ağar,Bağımsız,Doğru Yol Partisi
22,Erzincan,Talip Kaban,Adalet ve Kalkınma Partisi,
22,Erzincan,Tevhit Karakaya,Adalet ve Kalkınma Partisi,
22,Erzincan,Erol Tınastepe,Cumhuriyet Halk Partisi,
22,Erzurum,Recep Akdağ,Adalet ve Kalkınma Partisi,
22,Erzurum,Mustafa Nuri Akbulut,Adalet ve Kalkınma Partisi,
22,Erzurum,Mücahit Daloğlu,Adalet ve Kalkınma Partisi,
22,Erzurum,Muzaffer Gülyurt,Adalet ve Kalkınma Partisi,
22,Erzurum,Mustafa Ilıcalı,Adalet ve Kalkınma Partisi,
22,Erzurum,İbrahim Özdoğan,Adalet ve Kalkınma Partisi,Anavatan Partisi
22,Erzurum,Ömer Özyılmaz,Adalet ve Kalkınma Partisi,
22,Eskişehir,Fahri Keskin,Adalet ve Kalkınma Partisi,
22,Eskişehir,Hasan Murat Mercan,Adalet ve Kalkınma Partisi,
22,Eskişehir,Muharrem Tozçöken,Adalet ve Kalkınma Partisi,
22,Eskişehir,Cevdet Selvi,Cumhuriyet Halk Partisi,
22,Eskişehir,Mehmet Ali Arıkan,Cumhuriyet Halk Partisi,
22,Eskişehir,Mehmet Vedat Yücesan,Cumhuriyet Halk Partisi,
22,Gaziantep,Ömer Abuşoğlu,Adalet ve Kalkınma Partisi,Ölüm
22,Gaziantep,Nurettin Aktaş,Adalet ve Kalkınma Partisi,
22,Gaziantep,Mahmut Durdu,Adalet ve Kalkınma Partisi,
22,Gaziantep,Mehmet Sarı,Adalet ve Kalkınma Partisi,
22,Gaziantep,Fatma Şahin,Adalet ve Kalkınma Partisi,
22,Gaziantep,Kürşad Tüzmen,Adalet ve Kalkınma Partisi,
22,Gaziantep,Ahmet Uzer,Adalet ve Kalkınma Partisi,
22,Gaziantep,Abdülkadir Ateş,Cumhuriyet Halk Partisi,
22,Gaziantep,Mustafa Yılmaz,Cumhuriyet Halk Partisi,
22,Gaziantep,Ahmet Yılmazkaya,Cumhuriyet Halk Partisi,
22,Giresun,Nurettin Canikli,Adalet ve Kalkınma Partisi,
22,Giresun,Hasan Aydın,Adalet ve Kalkınma Partisi,
22,Giresun,Adem Tatlı,Adalet ve Kalkınma Partisi,
22,Giresun,Ali Temür,Adalet ve Kalkınma Partisi,
22,Giresun,Mehmet Işık,Cumhuriyet Halk Partisi,
22,Gümüşhane,Sabri Varan,Adalet ve Kalkınma Partisi,
22,Gümüşhane,Temel Yılmaz,Adalet ve Kalkınma Partisi,
22,Hakkâri,Fehmi Öztunç,Adalet ve Kalkınma Partisi,
22,Hakkâri,Mustafa Zeydan,Bağımsız,Adalet ve Kalkınma Partisi
22,Hakkâri,Esat Canan,Cumhuriyet Halk Partisi,Bağımsız
22,Hatay,Sadullah Ergin,Adalet ve Kalkınma Partisi,
22,Hatay,Mehmet Eraslan,Adalet ve Kalkınma Partisi,Bağımsız
22,Hatay,Fuat Geçen,Adalet ve Kalkınma Partisi,
22,Hatay,Mehmet Soydan,Adalet ve Kalkınma Partisi,
22,Hatay,İsmail Soylu,Adalet ve Kalkınma Partisi,
22,Hatay,Züheyir Amber,Cumhuriyet Halk Partisi,Anavatan Partisi
22,Hatay,İnal Batu,Cumhuriyet Halk Partisi,Doğru Yol Partisi
22,Hatay,Fuat Çay,Cumhuriyet Halk Partisi,
22,Hatay,Gökhan Durgun,Cumhuriyet Halk Partisi,
22,Hatay,Abdulaziz Yazar,Cumhuriyet Halk Partisi,
22,Iğdır,Dursun Akdemir,Bağımsız,Anavatan Partisi
22,Iğdır,Yücel Artantaş,Cumhuriyet Halk Partisi,
22,Isparta,Mehmet Sait Armağan,Adalet ve Kalkınma Partisi,Anavatan Partisi
22,Isparta,Erkan Mumcu,Adalet ve Kalkınma Partisi,
22,Isparta,Mehmet Emin Murat Bilgiç,Adalet ve Kalkınma Partisi,
22,Isparta,Recep Özel,Adalet ve Kalkınma Partisi,
22,Isparta,Mevlüt Coşkuner,Cumhuriyet Halk Partisi,
22,İstanbul,Abdülkadir Aksu,Adalet ve Kalkınma Partisi,
22,İstanbul,Murat Başesgioğlu,Adalet ve Kalkınma Partisi,
22,İstanbul,Egemen Bağış,Adalet ve Kalkınma Partisi,
22,İstanbul,Nazım Ekren,Adalet ve Kalkınma Partisi,
22,İstanbul,Ekrem Erdem,Adalet ve Kalkınma Partisi,
22,İstanbul,Nevzat Yalçıntaş,Adalet ve Kalkınma Partisi,
22,İstanbul,İdris Naim Şahin,Adalet ve Kalkınma Partisi,
22,İstanbul,Mehmet Ali Şahin,Adalet ve Kalkınma Partisi,
22,İstanbul,Tayyar Altıkulaç,Adalet ve Kalkınma Partisi,
22,İstanbul,Mehmet Mustafa Açıkalın,Adalet ve Kalkınma Partisi,
22,İstanbul,Güldal Akşit,Adalet ve Kalkınma Partisi,
22,İstanbul,İlhan Albayrak,Adalet ve Kalkınma Partisi,
22,İstanbul,Mehmet Sekmen,Adalet ve Kalkınma Partisi,
22,İstanbul,Mustafa Ataş,Adalet ve Kalkınma Partisi,
22,İstanbul,Azmi Ateş,Adalet ve Kalkınma Partisi,
22,İstanbul,Lokman Ayva,Adalet ve Kalkınma Partisi,
22,İstanbul,Mustafa Baş,Adalet ve Kalkınma Partisi,
22,İstanbul,Yahya Baş,Adalet ve Kalkınma Partisi,
22,İstanbul,Nusret Bayraktar,Adalet ve Kalkınma Partisi,
22,İstanbul,Hüseyin Besli,Adalet ve Kalkınma Partisi,
22,İstanbul,Alaattin Büyükkaya,Adalet ve Kalkınma Partisi,
22,İstanbul,Ali Coşkun,Adalet ve Kalkınma Partisi,
22,İstanbul,Nimet Baş,Adalet ve Kalkınma Partisi,
22,İstanbul,Mehmet Beyazıt Denizolgun,Adalet ve Kalkınma Partisi,
22,İstanbul,Gürsoy Erol,Adalet ve Kalkınma Partisi,
22,İstanbul,İrfan Gündüz,Adalet ve Kalkınma Partisi,
22,İstanbul,Gülseren Topuz,Adalet ve Kalkınma Partisi,
22,İstanbul,Kemal Unakıtan,Adalet ve Kalkınma Partisi,
22,İstanbul,Zeynep Karahan Uslu,Adalet ve Kalkınma Partisi,
22,İstanbul,İnci Özdemir,Adalet ve Kalkınma Partisi,
22,İstanbul,Hayati Yazıcı,Adalet ve Kalkınma Partisi,
22,İstanbul,Binali Yıldırım,Adalet ve Kalkınma Partisi,
22,İstanbul,Ali İbiş,Adalet ve Kalkınma Partisi,
22,İstanbul,İbrahim Reyhan Özal,Adalet ve Kalkınma Partisi,
22,İstanbul,Halide İncekara,Adalet ve Kalkınma Partisi,
22,İstanbul,Ünal Kacır,Adalet ve Kalkınma Partisi,
22,İstanbul,Hüseyin Kansu,Adalet ve Kalkınma Partisi,
22,İstanbul,Emin Şirin,Adalet ve Kalkınma Partisi,Genç Parti
22,İstanbul,Cengiz Kaptanoğlu,Adalet ve Kalkınma Partisi,
22,İstanbul,Muharrem Karslı,Adalet ve Kalkınma Partisi,
22,İstanbul,Burhan Kuzu,Adalet ve Kalkınma Partisi,
22,İstanbul,Göksal Küçükali,Adalet ve Kalkınma Partisi,Bağımsız
22,İstanbul,Recep Koral,Adalet ve Kalkınma Partisi,
22,İstanbul,Kemal Kılıçdaroğlu,Cumhuriyet Halk Partisi,
22,İstanbul,Zülfü Livaneli,Cumhuriyet Halk Partisi,Bağımsız
22,İstanbul,Onur Öymen,Cumhuriyet Halk Partisi,
22,İstanbul,Hasan Fehmi Güneş,Cumhuriyet Halk Partisi,
22,İstanbul,Kemal Derviş,Cumhuriyet Halk Partisi,Milletvekilliğinden istifa
22,İstanbul,Yaşar Nuri Öztürk,Cumhuriyet Halk Partisi,Halkın Yükselişi Partisi
22,İstanbul,Şükrü Elekdağ,Cumhuriyet Halk Partisi,
22,İstanbul,Hasan Aydın,Cumhuriyet Halk Partisi,
22,İstanbul,Memduh Hacıoğlu,Cumhuriyet Halk Partisi,Bağımsız
22,İstanbul,Halil Akyüz,Cumhuriyet Halk Partisi,
22,İstanbul,Ersin Arıoğlu,Cumhuriyet Halk Partisi,
22,İstanbul,Zeynep Damla Gürel,Cumhuriyet Halk Partisi,
22,İstanbul,Algan Hacaloğlu,Cumhuriyet Halk Partisi,
22,İstanbul,Birgen Keleş,Cumhuriyet Halk Partisi,
22,İstanbul,Ahmet Güryüz Ketenci,Cumhuriyet Halk Partisi,Sosyaldemokrat Halk Partisi
22,İstanbul,Ali Kemal Kumkumoğlu,Cumhuriyet Halk Partisi,
22,İstanbul,Güldal Okuducu,Cumhuriyet Halk Partisi,
22,İstanbul,Mehmet Sevigen,Cumhuriyet Halk Partisi,
22,İstanbul,Ali Rıza Gülçiçek,Cumhuriyet Halk Partisi,
22,İstanbul,Ahmet Sırrı Özbek,Cumhuriyet Halk Partisi,
22,İstanbul,Mehmet Ali Özpolat,Cumhuriyet Halk Partisi,
22,İstanbul,Sıdıka Sarıbekir,Cumhuriyet Halk Partisi,
22,İstanbul,Berhan Şimşek,Cumhuriyet Halk Partisi,
22,İstanbul,Bihlun Tamaylıgil,Cumhuriyet Halk Partisi,
22,İstanbul,Bülent Hasan Tanla,Cumhuriyet Halk Partisi,
22,İstanbul,Ali Topuz,Cumhuriyet Halk Partisi,
22,İstanbul,İsmet Atalay,Cumhuriyet Halk Partisi,
22,İzmir,Mehmet Aydın,Adalet ve Kalkınma Partisi,
22,İzmir,Tevfik Ensari,Adalet ve Kalkınma Partisi,
22,İzmir,Nükhet Hotar,Adalet ve Kalkınma Partisi,
22,İzmir,Fazıl Karaman,Adalet ve Kalkınma Partisi,
22,İzmir,İsmail Katmerci,Adalet ve Kalkınma Partisi,
22,İzmir,Mehmet Sayım Tekelioğlu,Adalet ve Kalkınma Partisi,
22,İzmir,Serpil Yıldız,Adalet ve Kalkınma Partisi,Anavatan Partisi
22,İzmir,Zekeriya Akçam,Adalet ve Kalkınma Partisi,
22,İzmir,Erdal Karademir,Cumhuriyet Halk Partisi,
22,İzmir,Kemal Anadol,Cumhuriyet Halk Partisi,
22,İzmir,Hakkı Akalın,Cumhuriyet Halk Partisi,Bağımsız
22,İzmir,Vezir Akdemir,Cumhuriyet Halk Partisi,
22,İzmir,Cânân Aritman,Cumhuriyet Halk Partisi,
22,İzmir,Ahmet Ersin,Cumhuriyet Halk Partisi,
22,İzmir,Abdurrezzak Erten,Cumhuriyet Halk Partisi,
22,İzmir,Bülent Baratalı,Cumhuriyet Halk Partisi,
22,İzmir,Ali Rıza Bodur,Cumhuriyet Halk Partisi,
22,İzmir,Yılmaz Kaya,Cumhuriyet Halk Partisi,
22,İzmir,Türkan Miçooğulları,Cumhuriyet Halk Partisi,
22,İzmir,Oğuz Oyan,Cumhuriyet Halk Partisi,
22,İzmir,Enver Öktem,Cumhuriyet Halk Partisi,
22,İzmir,Muharrem Toprak,Cumhuriyet Halk Partisi,
22,İzmir,Sedat Uzunbay,Cumhuriyet Halk Partisi,
22,İzmir,Hakkı Ülkü,Cumhuriyet Halk Partisi,
22,Kahramanmaraş,Nevzat Pakdil,Adalet ve Kalkınma Partisi,
22,Kahramanmaraş,Hanefi Mahçiçek,Adalet ve Kalkınma Partisi,
22,Kahramanmaraş,Avni Doğan,Adalet ve Kalkınma Partisi,
22,Kahramanmaraş,Fatih Arıkan,Adalet ve Kalkınma Partisi,
22,Kahramanmaraş,Mehmet Ali Bulut,Adalet ve Kalkınma Partisi,
22,Kahramanmaraş,Mehmet Yılmazcan,Adalet ve Kalkınma Partisi,
22,Kahramanmaraş,Ali Sezal,Adalet ve Kalkınma Partisi,
22,Kahramanmaraş,Mehmet Parlakyiğit,Cumhuriyet Halk Partisi,
22,Karabük,Hasan Bilir,Adalet ve Kalkınma Partisi,
22,Karabük,Mehmet Ceylan,Adalet ve Kalkınma Partisi,
22,Karabük,Ali Öğüten,Adalet ve Kalkınma Partisi,
22,Karaman,Mevlüt Akgün,Adalet ve Kalkınma Partisi,
22,Karaman,Yüksel Çavuşoğlu,Adalet ve Kalkınma Partisi,
22,Karaman,Fikret Ünlü,Cumhuriyet Halk Partisi,
22,Kars,Yusuf Selahattin Beyribey,Adalet ve Kalkınma Partisi,
22,Kars,Zeki Karabayır,Adalet ve Kalkınma Partisi,
22,Kars,Selami Yiğit,Cumhuriyet Halk Partisi,Bağımsız
22,Kastamonu,Hakkı Köylü,Adalet ve Kalkınma Partisi,
22,Kastamonu,Sinan Özkan,Adalet ve Kalkınma Partisi,
22,Kastamonu,Musa Sıvacıoğlu,Adalet ve Kalkınma Partisi,
22,Kastamonu,Mehmet Yıldırım,Cumhuriyet Halk Partisi,
22,Kayseri,Abdullah Gül,Adalet ve Kalkınma Partisi,
22,Kayseri,Taner Yıldız,Adalet ve Kalkınma Partisi,
22,Kayseri,Mustafa Elitaş,Adalet ve Kalkınma Partisi,
22,Kayseri,Adem Baştürk,Adalet ve Kalkınma Partisi,
22,Kayseri,Mustafa Duru,Adalet ve Kalkınma Partisi,
22,Kayseri,Niyazi Özcan,Adalet ve Kalkınma Partisi,
22,Kayseri,Sadık Yakut,Adalet ve Kalkınma Partisi,
22,Kayseri,Muharrem Eskiyapan,Cumhuriyet Halk Partisi,Adalet ve Kalkınma Partisi
22,Kırıkkale,Vahit Erdem,Adalet ve Kalkınma Partisi,
22,Kırıkkale,Ramazan Can,Adalet ve Kalkınma Partisi,
22,Kırıkkale,Murat Yılmazer,Adalet ve Kalkınma Partisi,
22,Kırıkkale,Halil Tiryaki,Cumhuriyet Halk Partisi,
22,Kırklareli,Ahmet Gökhan Sarıçam,Adalet ve Kalkınma Partisi,
22,Kırklareli,Yavuz Altınorak,Cumhuriyet Halk Partisi,
22,Kırklareli,Mehmet Kesimoğlu,Cumhuriyet Halk Partisi,
22,Kırşehir,Mikail Arslan,Adalet ve Kalkınma Partisi,
22,Kırşehir,Hacı Turan,Adalet ve Kalkınma Partisi,
22,Kırşehir,Hüseyin Bayındır,Cumhuriyet Halk Partisi,
22,Kilis,Hasan Kara,Adalet ve Kalkınma Partisi,
22,Kilis,Veli Kaya,Adalet ve Kalkınma Partisi,
22,Kocaeli,Nihat Ergün,Adalet ve Kalkınma Partisi,
22,Kocaeli,Osman Pepe,Adalet ve Kalkınma Partisi,
22,Kocaeli,Vecdi Gönül,Adalet ve Kalkınma Partisi,
22,Kocaeli,Eyüp Ayar,Adalet ve Kalkınma Partisi,
22,Kocaeli,Muzaffer Baştopçu,Adalet ve Kalkınma Partisi,
22,Kocaeli,Nevzat Doğan,Adalet ve Kalkınma Partisi,
22,Kocaeli,Mehmet Sefa Sirmen,Cumhuriyet Halk Partisi,
22,Kocaeli,İzzet Çetin,Cumhuriyet Halk Partisi,
22,Kocaeli,Salih Gün,Cumhuriyet Halk Partisi,
22,Konya,Hasan Angı,Adalet ve Kalkınma Partisi,
22,Konya,Ahmet Büyükakkaşlar,Adalet ve Kalkınma Partisi,
22,Konya,Muharrem Candan,Adalet ve Kalkınma Partisi,
22,Konya,Remzi Çetin,Adalet ve Kalkınma Partisi,
22,Konya,Abdullah Çetinkaya,Adalet ve Kalkınma Partisi,
22,Konya,Orhan Erdem,Adalet ve Kalkınma Partisi,
22,Konya,Sami Güçlü,Adalet ve Kalkınma Partisi,
22,Konya,Ahmet Işık,Adalet ve Kalkınma Partisi,
22,Konya,Mehmet Kılıç,Adalet ve Kalkınma Partisi,
22,Konya,Özkan Öksüz,Adalet ve Kalkınma Partisi,
22,Konya,Kerim Özkul,Adalet ve Kalkınma Partisi,
22,Konya,Harun Tüfekci,Adalet ve Kalkınma Partisi,
22,Konya,Mustafa Ünaldı,Adalet ve Kalkınma Partisi,
22,Konya,Halil Ürün,Adalet ve Kalkınma Partisi,
22,Konya,Atilla Kart,Cumhuriyet Halk Partisi,
22,Konya,Nezir Büyükcengiz,Cumhuriyet Halk Partisi,Ölüm
22,Kütahya,Soner Aksoy,Adalet ve Kalkınma Partisi,
22,Kütahya,Abdullah Erdem Cantimur,Adalet ve Kalkınma Partisi,
22,Kütahya,Alaettin Güven,Adalet ve Kalkınma Partisi,
22,Kütahya,Hasan Fehmi Kinay,Adalet ve Kalkınma Partisi,
22,Kütahya,Hüsnü Ordu,Adalet ve Kalkınma Partisi,
22,Kütahya,Halil İbrahim Yılmaz,Adalet ve Kalkınma Partisi,Ölüm
22,Malatya,Fuat Ölmeztoprak,Adalet ve Kalkınma Partisi,
22,Malatya,Ali Osman Başkurt,Adalet ve Kalkınma Partisi,
22,Malatya,Ahmet Münir Erkal,Adalet ve Kalkınma Partisi,
22,Malatya,Miraç Akdoğan,Adalet ve Kalkınma Partisi,Anavatan Partisi
22,Malatya,Süleyman Sarıbaş,Adalet ve Kalkınma Partisi,
22,Malatya,Ferit Mevlüt Aslanoğlu,Cumhuriyet Halk Partisi,
22,Malatya,Muharrem Kılıç,Cumhuriyet Halk Partisi,
22,Manisa,Bülent Arınç,Adalet ve Kalkınma Partisi,
22,Manisa,Hüseyin Tanrıverdi,Adalet ve Kalkınma Partisi,
22,Manisa,İsmail Bilen,Adalet ve Kalkınma Partisi,
22,Manisa,Mehmet Çerçi,Adalet ve Kalkınma Partisi,
22,Manisa,Hakan Taşcı,Adalet ve Kalkınma Partisi,
22,Manisa,Süleyman Turgut,Adalet ve Kalkınma Partisi,
22,Manisa,Mustafa Erdoğan Yetenç,Cumhuriyet Halk Partisi,
22,Manisa,Nuri Çilingir,Cumhuriyet Halk Partisi,
22,Manisa,Hasan Ören,Cumhuriyet Halk Partisi,
22,Manisa,Ufuk Özkan,Cumhuriyet Halk Partisi,
22,Mardin,Selahattin Cebeli,Adalet ve Kalkınma Partisi,
22,Mardin,Nihat Eri,Adalet ve Kalkınma Partisi,
22,Mardin,Mehmet Beşir Hamidi,Adalet ve Kalkınma Partisi,
22,Mardin,Mahmut Duyan,Cumhuriyet Halk Partisi,
22,Mardin,Muharrem Doğan,Cumhuriyet Halk Partisi,Anavatan Partisi
22,Mardin,Süleyman Bölünmez,Bağımsız,
22,Mersin,Dengir Mir Mehmet Fırat,Adalet ve Kalkınma Partisi,
22,Mersin,Saffet Benli,Adalet ve Kalkınma Partisi,
22,Mersin,Ali Er,Adalet ve Kalkınma Partisi,
22,Mersin,Mustafa Eyiceoğlu,Adalet ve Kalkınma Partisi,
22,Mersin,Ömer İnan,Adalet ve Kalkınma Partisi,
22,Mersin,Mustafa Özyürek,Cumhuriyet Halk Partisi,
22,Mersin,Ersoy Bulut,Cumhuriyet Halk Partisi,Bağımsız
22,Mersin,Vahit Çekmez,Cumhuriyet Halk Partisi,
22,Mersin,Hüseyin Güler,Cumhuriyet Halk Partisi,Anavatan Partisi
22,Mersin,Ali Oksal,Cumhuriyet Halk Partisi,
22,Mersin,Hüseyin Özcan,Cumhuriyet Halk Partisi,Anavatan Partisi
22,Mersin,Şefik Zengin,Cumhuriyet Halk Partisi,
22,Muğla,Hasan Özyer,Adalet ve Kalkınma Partisi,Anavatan Partisi
22,Muğla,Orhan Seyfi Terzibaşıoğlu,Adalet ve Kalkınma Partisi,
22,Muğla,Ali Arslan,Cumhuriyet Halk Partisi,
22,Muğla,Gürol Ergin,Cumhuriyet Halk Partisi,
22,Muğla,Fahrettin Üstün,Cumhuriyet Halk Partisi,
22,Muğla,Ali Cumhur Yaka,Cumhuriyet Halk Partisi,
22,Muş,Seracettin Karayağız,Adalet ve Kalkınma Partisi,
22,Muş,Sabahattin Yıldız,Adalet ve Kalkınma Partisi,
22,Muş,Medeni Yılmaz,Adalet ve Kalkınma Partisi,
22,Muş,Mehmet Şerif Ertuğrul,Cumhuriyet Halk Partisi,
22,Nevşehir,Mehmet Elkatmış,Adalet ve Kalkınma Partisi,
22,Nevşehir,Rıtvan Köybaşı,Adalet ve Kalkınma Partisi,
22,Nevşehir,Osman Seyfi,Adalet ve Kalkınma Partisi,
22,Niğde,Mahmut Uğur Çetin,Adalet ve Kalkınma Partisi,
22,Niğde,Erdoğan Özegen,Adalet ve Kalkınma Partisi,
22,Niğde,Orhan Eraslan,Cumhuriyet Halk Partisi,
22,Ordu,Eyüp Fatsa,Adalet ve Kalkınma Partisi,
22,Ordu,Hilmi Güler,Adalet ve Kalkınma Partisi,
22,Ordu,Hamit Taşcı,Adalet ve Kalkınma Partisi,
22,Ordu,Cemal Uysal,Adalet ve Kalkınma Partisi,
22,Ordu,Enver Yılmaz,Adalet ve Kalkınma Partisi,
22,Ordu,İdris Sami Tandoğdu,Cumhuriyet Halk Partisi,
22,Ordu,Kazım Türkmen,Cumhuriyet Halk Partisi,
22,Osmaniye,Durdu Mehmet Kastal,Adalet ve Kalkınma Partisi,
22,Osmaniye,Mehmet Sarı,Adalet ve Kalkınma Partisi,
22,Osmaniye,Şükrü Ünal,Adalet ve Kalkınma Partisi,
22,Osmaniye,Necati Uzdil,Cumhuriyet Halk Partisi,
22,Rize,İlyas Çakır,Adalet ve Kalkınma Partisi,
22,Rize,Abdulkadir Kart,Adalet ve Kalkınma Partisi,
22,Rize,İmdat Sütlüoğlu,Adalet ve Kalkınma Partisi,
22,Sakarya,Erol Aslan Cebeci,Adalet ve Kalkınma Partisi,
22,Sakarya,Hasan Ali Çelik,Adalet ve Kalkınma Partisi,
22,Sakarya,Şaban Dişli,Adalet ve Kalkınma Partisi,
22,Sakarya,Süleyman Gündüz,Adalet ve Kalkınma Partisi,
22,Sakarya,Ayhan Sefer Üstün,Adalet ve Kalkınma Partisi,
22,Sakarya,Recep Yıldırım,Adalet ve Kalkınma Partisi,
22,Samsun,Mustafa Demir,Adalet ve Kalkınma Partisi,
22,Samsun,Suat Kılıç,Adalet ve Kalkınma Partisi,
22,Samsun,Mustafa Çakır,Adalet ve Kalkınma Partisi,
22,Samsun,Cemal Yılmaz Demir,Adalet ve Kalkınma Partisi,
22,Samsun,Musa Uzunkaya,Adalet ve Kalkınma Partisi,
22,Samsun,Ahmet Yeni,Adalet ve Kalkınma Partisi,
22,Samsun,Mehmet Kurt,Adalet ve Kalkınma Partisi,
22,Samsun,Haluk Koç,Cumhuriyet Halk Partisi,
22,Samsun,İlyas Sezai Önder,Cumhuriyet Halk Partisi,Ölüm
22,Siirt,Recep Tayyip Erdoğan,Adalet ve Kalkınma Partisi,
22,Siirt,Öner Ergenç,Adalet ve Kalkınma Partisi,
22,Siirt,Öner Gülyeşil,Adalet ve Kalkınma Partisi,
22,Sinop,Cahit Can,Adalet ve Kalkınma Partisi,
22,Sinop,Mustafa Öztürk,Adalet ve Kalkınma Partisi,
22,Sinop,Engin Altay,Cumhuriyet Halk Partisi,
22,Sivas,Abdüllatif Şener,Adalet ve Kalkınma Partisi,
22,Sivas,Selami Uzun,Adalet ve Kalkınma Partisi,
22,Sivas,Osman Kılıç,Adalet ve Kalkınma Partisi,
22,Sivas,Ömer Kulaksız,Adalet ve Kalkınma Partisi,
22,Sivas,Orhan Taş,Adalet ve Kalkınma Partisi,
22,Sivas,Nurettin Sözen,Cumhuriyet Halk Partisi,
22,Şanlıurfa,Yahya Akman,Adalet ve Kalkınma Partisi,
22,Şanlıurfa,Mehmet Faruk Bayrak,Adalet ve Kalkınma Partisi,
22,Şanlıurfa,Zülfükar İzol,Adalet ve Kalkınma Partisi,
22,Şanlıurfa,Mahmut Kaplan,Adalet ve Kalkınma Partisi,
22,Şanlıurfa,Mehmet Atilla Maraş,Adalet ve Kalkınma Partisi,
22,Şanlıurfa,Mehmet Özlek,Adalet ve Kalkınma Partisi,
22,Şanlıurfa,Müfit Yetkin,Adalet ve Kalkınma Partisi,
22,Şanlıurfa,Mehmet Vedat Melik,Cumhuriyet Halk Partisi,
22,Şanlıurfa,Mahmut Yıldız,Cumhuriyet Halk Partisi,
22,Şanlıurfa,Turan Tüysüz,Cumhuriyet Halk Partisi,Anavatan Partisi
22,Şanlıurfa,Sabahattin Cevheri,Bağımsız,Adalet ve Kalkınma Partisi
22,Şırnak,İbrahim Hakkı Birlik,Adalet ve Kalkınma Partisi,
22,Şırnak,Abdullah Veli Seyda,Adalet ve Kalkınma Partisi,
22,Şırnak,Mehmet Tatar,Bağımsız,Doğru Yol Partisi
22,Tekirdağ,Tevfik Ziyaeddin Akbulut,Adalet ve Kalkınma Partisi,
22,Tekirdağ,Ahmet Kambur,Adalet ve Kalkınma Partisi,
22,Tekirdağ,Erdoğan Kaplan,Cumhuriyet Halk Partisi,
22,Tekirdağ,Mehmet Nuri Saygun,Cumhuriyet Halk Partisi,
22,Tekirdağ,Enis Tütüncü,Cumhuriyet Halk Partisi,
22,Tokat,Zeyid Aslan,Adalet ve Kalkınma Partisi,
22,Tokat,Şükrü Ayalan,Adalet ve Kalkınma Partisi,
22,Tokat,İbrahim Çakmak,Adalet ve Kalkınma Partisi,
22,Tokat,Mehmet Ergün Dağcıoğlu,Adalet ve Kalkınma Partisi,
22,Tokat,Resul Tosun,Adalet ve Kalkınma Partisi,
22,Tokat,Orhan Ziya Diren,Cumhuriyet Halk Partisi,
22,Tokat,Feramüz Şahin,Cumhuriyet Halk Partisi,
22,Trabzon,Faruk Nafız Özak,Adalet ve Kalkınma Partisi,
22,Trabzon,Asım Aykan,Adalet ve Kalkınma Partisi,
22,Trabzon,Mustafa Cumur,Adalet ve Kalkınma Partisi,
22,Trabzon,Ali Aydın Dumanoğlu,Adalet ve Kalkınma Partisi,
22,Trabzon,Cevdet Erdöl,Adalet ve Kalkınma Partisi,
22,Trabzon,Kemalettin Göktaş,Adalet ve Kalkınma Partisi,
22,Trabzon,Akif Hamzaçebi,Cumhuriyet Halk Partisi,
22,Trabzon,Şevket Arz,Cumhuriyet Halk Partisi,
22,Tunceli,Hasan Güyüldar,Cumhuriyet Halk Partisi,
22,Tunceli,Vahdet Sinan Yerlikaya,Cumhuriyet Halk Partisi,
22,Uşak,Alim Tunç,Adalet ve Kalkınma Partisi,
22,Uşak,Ahmet Çağlayan,Adalet ve Kalkınma Partisi,
22,Uşak,Osman Coşkunoğlu,Cumhuriyet Halk Partisi,
22,Van,Hüseyin Çelik,Adalet ve Kalkınma Partisi,
22,Van,Maliki Ejder Arvas,Adalet ve Kalkınma Partisi,
22,Van,Haci Biner,Adalet ve Kalkınma Partisi,
22,Van,Yekta Haydaroğlu,Adalet ve Kalkınma Partisi,
22,Van,Cüneyit Karabıyık,Adalet ve Kalkınma Partisi,
22,Van,Halil Kaya,Adalet ve Kalkınma Partisi,
22,Van,Mehmet Kartal,Cumhuriyet Halk Partisi,Bağımsız
22,Yalova,Şükrü Önder,Adalet ve Kalkınma Partisi,
22,Yalova,Muharrem İnce,Cumhuriyet Halk Partisi,
22,Yozgat,Bekir Bozdağ,Adalet ve Kalkınma Partisi,
22,Yozgat,İlyas Arslan,Adalet ve Kalkınma Partisi,Ölüm
22,Yozgat,Mehmet Çiçek,Adalet ve Kalkınma Partisi,
22,Yozgat,Mehmet Erdemir,Adalet ve Kalkınma Partisi,Anavatan Partisi
22,Yozgat,Mehmet Yaşar Öztürk,Adalet ve Kalkınma Partisi,
22,Yozgat,Emin Koç,Cumhuriyet Halk Partisi,
22,Zonguldak,Köksal Toptan,Adalet ve Kalkınma Partisi,
22,Zonguldak,Polat Türkmen,Adalet ve Kalkınma Partisi,
22,Zonguldak,Fazlı Erdoğan,Adalet ve Kalkınma Partisi,
22,Zonguldak,Harun Akın,Cumhuriyet Halk Partisi,
22,Zonguldak,Nadir Saraç,Cumhuriyet Halk Partisi,
22,Cumhuriyet Senatosu,Seçilmiş senatörler · Kontenjan senatörleri · Tabii senatörler,Cumhuriyet Halk Partisi,
22,İller,Mevcut,Cumhuriyet Halk Partisi,Adana · Adıyaman · Afyonkarahisar · Ağrı · Aksaray · Amasya · Ankara · Antalya · Ardahan · Artvin · Aydın · Balıkesir · Bartın · Batman · Bayburt · Bilecik · Bingöl · Bitlis · Bolu · Burdur · Bursa · Çanakkale · Çankırı · Çorum · Denizli · Diyarbakır · Düzce · Edirne · Elâzığ · Erzincan · Erzurum · Eskişehir · Gaziantep · Giresun · Gümüşhane · Hakkâri · Hatay · Iğdır · Isparta · İstanbul · İzmir · Kahramanmaraş · Karabük · Karaman · Kars · Kastamonu · Kayseri · Kırıkkale · Kırklareli · Kırşehir · Kilis · Kocaeli · Konya · Kütahya · Malatya · Manisa · Mardin · Mersin · Muğla · Muş · Nevşehir · Niğde · Ordu · Osmaniye · Rize · Sakarya · Samsun · Siirt · Sinop · Sivas · Şanlıurfa · Şırnak · Tekirdağ · Tokat · Trabzon · Tunceli · Uşak · Van · Yalova · Yozgat · Zonguldak
22,İller,Eski,Batum · Biga · Doğubayazıt · Ergani · Çatalca · Gelibolu · Genç · Kozan · Oltu · Silifke · Siverek · Şebinkarahisar,
23,Adana,Dengir Mir Mehmet Fırat,Adalet ve Kalkınma Partisi,
23,Adana,Ömer Çelik,Adalet ve Kalkınma Partisi,
23,Adana,Necdet Ünüvar,Adalet ve Kalkınma Partisi,
23,Adana,Fatoş Gürkan,Adalet ve Kalkınma Partisi,
23,Adana,Vahit Kirişci,Adalet ve Kalkınma Partisi,
23,Adana,Ali Küçükaydın,Adalet ve Kalkınma Partisi,
23,Adana,Nevin Gaye Erbatur,Cumhuriyet Halk Partisi,
23,Adana,Hulusi Güvel,Cumhuriyet Halk Partisi,
23,Adana,Tacidar Seyhan,Cumhuriyet Halk Partisi,
23,Adana,Mustafa Vural,Cumhuriyet Halk Partisi,Demokratik Sol Parti
23,Adana,Yılmaz Tankut,Milliyetçi Hareket Partisi,
23,Adana,Kürşat Atılgan,Milliyetçi Hareket Partisi,
23,Adana,Muharrem Varlı,Milliyetçi Hareket Partisi,
23,Adana,Recai Yıldırım,Milliyetçi Hareket Partisi,
23,Adıyaman,Ahmet Aydın,Adalet ve Kalkınma Partisi,
23,Adıyaman,Mehmet Erdoğan,Adalet ve Kalkınma Partisi,
23,Adıyaman,Şevket Gürsoy,Adalet ve Kalkınma Partisi,
23,Adıyaman,Fehmi Hüsrev Kutlu,Adalet ve Kalkınma Partisi,
23,Adıyaman,Şevket Köse,Cumhuriyet Halk Partisi,
23,Afyonkarahisar,Sait Açba,Adalet ve Kalkınma Partisi,
23,Afyonkarahisar,Zekeriya Aslan,Adalet ve Kalkınma Partisi,
23,Afyonkarahisar,Halil Aydoğan,Adalet ve Kalkınma Partisi,
23,Afyonkarahisar,Veysel Eroğlu,Adalet ve Kalkınma Partisi,
23,Afyonkarahisar,Ahmet Koca,Adalet ve Kalkınma Partisi,
23,Afyonkarahisar,Halil Ünlütepe,Cumhuriyet Halk Partisi,
23,Afyonkarahisar,Abdülkadir Akcan,Milliyetçi Hareket Partisi,
23,Ağrı,Mehmet Hanifi Alır,Adalet ve Kalkınma Partisi,
23,Ağrı,Abdülkerim Aydemir,Adalet ve Kalkınma Partisi,
23,Ağrı,Yaşar Eryılmaz,Adalet ve Kalkınma Partisi,
23,Ağrı,Cemal Kaya,Adalet ve Kalkınma Partisi,
23,Ağrı,Fatma Salman,Adalet ve Kalkınma Partisi,
23,Aksaray,Ruhi Açıkgöz,Adalet ve Kalkınma Partisi,
23,Aksaray,Ali Rıza Alaboyun,Adalet ve Kalkınma Partisi,
23,Aksaray,İlknur İnceöz,Adalet ve Kalkınma Partisi,
23,Aksaray,Osman Ertuğrul,Milliyetçi Hareket Partisi,
23,Amasya,Akif Gülle,Adalet ve Kalkınma Partisi,
23,Amasya,Avni Erdemir,Adalet ve Kalkınma Partisi,
23,Amasya,Hüseyin Ünsal,Cumhuriyet Halk Partisi,
23,Ankara (I),Cemil Çiçek,Adalet ve Kalkınma Partisi,
23,Ankara (I),Ali Babacan,Adalet ve Kalkınma Partisi,
23,Ankara (I),Zeynep Dağı,Adalet ve Kalkınma Partisi,
23,Ankara (I),Mehmet Zekai Özcan,Adalet ve Kalkınma Partisi,Bağımsız
23,Ankara (I),Bülent Gedikli,Adalet ve Kalkınma Partisi,
23,Ankara (I),Burhan Kayatürk,Adalet ve Kalkınma Partisi,
23,Ankara (I),Faruk Koca,Adalet ve Kalkınma Partisi,
23,Ankara (I),Haluk Özdalga,Adalet ve Kalkınma Partisi,
23,Ankara (I),Önder Sav,Cumhuriyet Halk Partisi,
23,Ankara (I),Hakkı Suha Okay,Cumhuriyet Halk Partisi,
23,Ankara (I),Emrehan Halıcı,Cumhuriyet Halk Partisi,
23,Ankara (I),Nesrin Baytok,Cumhuriyet Halk Partisi,
23,Ankara (I),Eşref Erdem,Cumhuriyet Halk Partisi,
23,Ankara (I),Tuğrul Türkeş,Milliyetçi Hareket Partisi,
23,Ankara (I),Bekir Aksoy,Milliyetçi Hareket Partisi,
23,Ankara (II),Beşir Atalay,Adalet ve Kalkınma Partisi,
23,Ankara (II),Salih Kapusuz,Adalet ve Kalkınma Partisi,
23,Ankara (II),Haluk İpek,Adalet ve Kalkınma Partisi,
23,Ankara (II),Mustafa Sait Yazıcıoğlu,Adalet ve Kalkınma Partisi,
23,Ankara (II),Zafer Çağlayan,Adalet ve Kalkınma Partisi,
23,Ankara (II),Aşkın Asan,Adalet ve Kalkınma Partisi,
23,Ankara (II),Reha Denemeç,Adalet ve Kalkınma Partisi,
23,Ankara (II),Ahmet İyimaya,Adalet ve Kalkınma Partisi,
23,Ankara (II),Yılmaz Ateş,Cumhuriyet Halk Partisi,
23,Ankara (II),Mücahit Pehlivan,Cumhuriyet Halk Partisi,Bağımsız
23,Ankara (II),Tekin Bingöl,Cumhuriyet Halk Partisi,
23,Ankara (II),Zekeriya Akıncı,Cumhuriyet Halk Partisi,
23,Ankara (II),Cihan Paçacı,Milliyetçi Hareket Partisi,
23,Ankara (II),Deniz Bölükbaşı,Milliyetçi Hareket Partisi,
23,Antalya,Mehmet Ali Şahin,Adalet ve Kalkınma Partisi,
23,Antalya,Mevlüt Çavuşoğlu,Adalet ve Kalkınma Partisi,
23,Antalya,Abdurrahman Arıcı,Adalet ve Kalkınma Partisi,
23,Antalya,Sadık Badak,Adalet ve Kalkınma Partisi,
23,Antalya,Yusuf Ziya İrbeç,Adalet ve Kalkınma Partisi,
23,Antalya,Deniz Baykal,Cumhuriyet Halk Partisi,
23,Antalya,Osman Kaptan,Cumhuriyet Halk Partisi,
23,Antalya,Hüsnü Çöllü,Cumhuriyet Halk Partisi,
23,Antalya,Atila Emek,Cumhuriyet Halk Partisi,
23,Antalya,Tayfur Süner,Cumhuriyet Halk Partisi,
23,Antalya,Tunca Toskay,Milliyetçi Hareket Partisi,
23,Antalya,Mehmet Günal,Milliyetçi Hareket Partisi,
23,Antalya,Hüseyin Yıldız,Milliyetçi Hareket Partisi,
23,Ardahan,Saffet Kaya,Adalet ve Kalkınma Partisi,
23,Ardahan,Ensar Öğüt,Cumhuriyet Halk Partisi,
23,Artvin,Ertekin Çolak,Adalet ve Kalkınma Partisi,
23,Artvin,Metin Arifağaoğlu,Cumhuriyet Halk Partisi,
23,Aydın,Atilla Koç,Adalet ve Kalkınma Partisi,
23,Aydın,Mehmet Erdem,Adalet ve Kalkınma Partisi,
23,Aydın,Ahmet Ertürk,Adalet ve Kalkınma Partisi,
23,Aydın,Özlem Çerçioğlu,Cumhuriyet Halk Partisi,
23,Aydın,Fatih Atay,Cumhuriyet Halk Partisi,
23,Aydın,Ertuğrul Kumcuoğlu,Milliyetçi Hareket Partisi,
23,Aydın,Recep Taner,Milliyetçi Hareket Partisi,
23,Aydın,Ali Uzunırmak,Milliyetçi Hareket Partisi,
23,Balıkesir,Ahmet Edip Uğur,Adalet ve Kalkınma Partisi,
23,Balıkesir,İsmail Özgün,Adalet ve Kalkınma Partisi,
23,Balıkesir,Mehmet Cemal Öztaylan,Adalet ve Kalkınma Partisi,
23,Balıkesir,Ali Osman Sali,Adalet ve Kalkınma Partisi,
23,Balıkesir,Ayşe Akbaş,Adalet ve Kalkınma Partisi,
23,Balıkesir,Hüseyin Pazarcı,Cumhuriyet Halk Partisi,
23,Balıkesir,Ergün Aydoğan,Cumhuriyet Halk Partisi,
23,Balıkesir,Ahmet Duran Bulut,Milliyetçi Hareket Partisi,
23,Bartın,Yılmaz Tunç,Adalet ve Kalkınma Partisi,
23,Bartın,Muhammed Rıza Yalçınkaya,Cumhuriyet Halk Partisi,
23,Batman,Ahmet İnal,Adalet ve Kalkınma Partisi,
23,Batman,Mehmet Emin Ekmen,Adalet ve Kalkınma Partisi,
23,Batman,Ayla Akat Ata,Bağımsız,Barış ve Demokrasi Partisi
23,Batman,Bengi Yıldız,Bağımsız,
23,Bayburt,Fetani Battal,Adalet ve Kalkınma Partisi,
23,Bayburt,Ülkü Güney,Adalet ve Kalkınma Partisi,
23,Bilecik,Fahrettin Poyraz,Adalet ve Kalkınma Partisi,
23,Bilecik,Yaşar Tüzün,Cumhuriyet Halk Partisi,
23,Bingöl,Kazım Ataoğlu,Adalet ve Kalkınma Partisi,
23,Bingöl,Yusuf Coşkun,Adalet ve Kalkınma Partisi,
23,Bingöl,Cevdet Yılmaz,Adalet ve Kalkınma Partisi,
23,Bitlis,Zeki Ergezen,Adalet ve Kalkınma Partisi,
23,Bitlis,Vahit Kiler,Adalet ve Kalkınma Partisi,
23,Bitlis,Cemal Taşar,Adalet ve Kalkınma Partisi,
23,Bitlis,Mehmet Nezir Karabaş,Bağımsız,Barış ve Demokrasi Partisi
23,Bolu,Yüksel Coşkunyürek,Bağımsız,Adalet ve Kalkınma Partisi
23,Bolu,Fatih Metin,Bağımsız,
23,Bolu,Metin Yılmaz,Bağımsız,
23,Burdur,Mehmet Alp,Bağımsız,Adalet ve Kalkınma Partisi
23,Burdur,Bayram Özçelik,Bağımsız,
23,Burdur,Ramazan Kerim Özkan,Bağımsız,Cumhuriyet Halk Partisi
23,Bursa,Faruk Çelik,Bağımsız,Adalet ve Kalkınma Partisi
23,Bursa,Hayrettin Çakmak,Bağımsız,
23,Bursa,Canan Candemir Çelik,Bağımsız,
23,Bursa,Mehmet Altan Karapaşaoğlu,Bağımsız,
23,Bursa,Sedat Kızılcıklı,Bağımsız,
23,Bursa,Mehmet Tunçak,Bağımsız,
23,Bursa,Mehmet Emin Tutan,Bağımsız,
23,Bursa,Ali Koyuncu,Bağımsız,
23,Bursa,Ali Kul,Bağımsız,
23,Bursa,Mehmet Ocaktan,Bağımsız,
23,Bursa,Onur Öymen,Bağımsız,Cumhuriyet Halk Partisi
23,Bursa,Kemal Demirel,Bağımsız,
23,Bursa,Abdullah Özer,Bağımsız,
23,Bursa,İsmet Büyükataman,Bağımsız,Milliyetçi Hareket Partisi
23,Bursa,Hamit Homriş,Bağımsız,
23,Bursa,Necati Özensoy,Bağımsız,
23,Çanakkale,Mehmet Daniş,Bağımsız,Adalet ve Kalkınma Partisi
23,Çanakkale,Müjdat Kuşku,Bağımsız,
23,Çanakkale,Ahmet Küçük,Bağımsız,Cumhuriyet Halk Partisi
23,Çanakkale,Mustafa Kemal Cengiz,Bağımsız,Milliyetçi Hareket Partisi
23,Çankırı,Nurettin Akman,Bağımsız,Adalet ve Kalkınma Partisi
23,Çankırı,Suat Kınıklıoğlu,Bağımsız,
23,Çankırı,Ahmet Bukan,Bağımsız,Milliyetçi Hareket Partisi
23,Çorum,Ahmet Aydoğmuş,Adalet ve Kalkınma Partisi,
23,Çorum,Cahit Bağcı,Adalet ve Kalkınma Partisi,
23,Çorum,Agah Kafkas,Adalet ve Kalkınma Partisi,
23,Çorum,Murat Yıldırım,Adalet ve Kalkınma Partisi,
23,Çorum,Derviş Günday,Cumhuriyet Halk Partisi,
23,Denizli,Mithat Ekici,Adalet ve Kalkınma Partisi,
23,Denizli,Mehmet Salih Erdoğan,Adalet ve Kalkınma Partisi,
23,Denizli,Selma Aliye Kavaf,Adalet ve Kalkınma Partisi,
23,Denizli,Mehmet Yüksel,Adalet ve Kalkınma Partisi,
23,Denizli,Hasan Erçelebi,Cumhuriyet Halk Partisi,Demokratik Sol Parti
23,Denizli,Ali Rıza Ertemür,Cumhuriyet Halk Partisi,
23,Denizli,Emin Haluk Ayhan,Milliyetçi Hareket Partisi,
23,Diyarbakır,Mehmet İhsan Arslan,Adalet ve Kalkınma Partisi,
23,Diyarbakır,Kutbettin Arzu,Adalet ve Kalkınma Partisi,
23,Diyarbakır,Osman Aslan,Adalet ve Kalkınma Partisi,
23,Diyarbakır,Mehdi Eker,Adalet ve Kalkınma Partisi,
23,Diyarbakır,Abdurrahman Kurt,Adalet ve Kalkınma Partisi,
23,Diyarbakır,Ali İhsan Merdanoğlu,Adalet ve Kalkınma Partisi,
23,Diyarbakır,Gültan Kışanak,Bağımsız,Barış ve Demokrasi Partisi
23,Diyarbakır,Selahattin Demirtaş,Bağımsız,
23,Diyarbakır,Aysel Tuğluk,Bağımsız,Milletvekilliği düşürüldü
23,Diyarbakır,Akın Birdal,Bağımsız,Barış ve Demokrasi Partisi
23,Düzce,Yaşar Yakış,Adalet ve Kalkınma Partisi,
23,Düzce,Metin Kaşıkoğlu,Adalet ve Kalkınma Partisi,
23,Düzce,Celal Erbay,Adalet ve Kalkınma Partisi,
23,Edirne,Necdet Budak,Adalet ve Kalkınma Partisi,
23,Edirne,Rasim Çakır,Cumhuriyet Halk Partisi,
23,Edirne,Bilgin Paçarız,Cumhuriyet Halk Partisi,
23,Edirne,Cemaleddin Uslu,Milliyetçi Hareket Partisi,
23,Elazığ,Mehmet Necati Çetinkaya,Adalet ve Kalkınma Partisi,
23,Elazığ,Feyzi İşbaşaran,Adalet ve Kalkınma Partisi,Bağımsız
23,Elazığ,Tahir Öztürk,Adalet ve Kalkınma Partisi,
23,Elazığ,Faruk Septioğlu,Adalet ve Kalkınma Partisi,
23,Elazığ,Hamza Yanılmaz,Adalet ve Kalkınma Partisi,
23,Erzincan,Binali Yıldırım,Adalet ve Kalkınma Partisi,
23,Erzincan,Sebahattin Karakelle,Adalet ve Kalkınma Partisi,
23,Erzincan,Erol Tınastepe,Cumhuriyet Halk Partisi,
23,Erzurum,Recep Akdağ,Adalet ve Kalkınma Partisi,
23,Erzurum,Muhyettin Aksak,Adalet ve Kalkınma Partisi,
23,Erzurum,Saadettin Aydın,Adalet ve Kalkınma Partisi,
23,Erzurum,Fazilet Dağcı Çığlık,Adalet ve Kalkınma Partisi,
23,Erzurum,Muzaffer Gülyurt,Adalet ve Kalkınma Partisi,
23,Erzurum,İbrahim Kavaz,Adalet ve Kalkınma Partisi,
23,Erzurum,Zeki Ertugay,Milliyetçi Hareket Partisi,
23,Eskişehir,Kemal Unakıtan,Adalet ve Kalkınma Partisi,
23,Eskişehir,Hasan Murat Mercan,Adalet ve Kalkınma Partisi,
23,Eskişehir,Emin Nedim Öztürk,Adalet ve Kalkınma Partisi,
23,Eskişehir,Fehmi Murat Sönmez,Cumhuriyet Halk Partisi,
23,Eskişehir,Tayfun İçli,Cumhuriyet Halk Partisi,Bağımsız
23,Eskişehir,Beytullah Asil,Milliyetçi Hareket Partisi,
23,Gaziantep,Mehmet Şimşek,Adalet ve Kalkınma Partisi,
23,Gaziantep,Fatma Şahin,Adalet ve Kalkınma Partisi,
23,Gaziantep,Mahmut Durdu,Adalet ve Kalkınma Partisi,
23,Gaziantep,Mehmet Erdoğan,Adalet ve Kalkınma Partisi,
23,Gaziantep,İbrahim Halil Mazıcıoğlu,Adalet ve Kalkınma Partisi,
23,Gaziantep,Özlem Müftüoğlu,Adalet ve Kalkınma Partisi,
23,Gaziantep,Mehmet Sarı,Adalet ve Kalkınma Partisi,
23,Gaziantep,Akif Ekici,Cumhuriyet Halk Partisi,
23,Gaziantep,Yaşar Ağyüz,Cumhuriyet Halk Partisi,
23,Gaziantep,Hasan Özdemir,Milliyetçi Hareket Partisi,
23,Giresun,Nurettin Canikli,Adalet ve Kalkınma Partisi,
23,Giresun,Hacı Hasan Sönmez,Adalet ve Kalkınma Partisi,
23,Giresun,Ali Temür,Adalet ve Kalkınma Partisi,
23,Giresun,Eşref Karaibrahim,Cumhuriyet Halk Partisi,
23,Giresun,Murat Özkan,Milliyetçi Hareket Partisi,
23,Gümüşhane,Kemalettin Aydın,Adalet ve Kalkınma Partisi,
23,Gümüşhane,Yahya Doğan,Adalet ve Kalkınma Partisi,
23,Hakkâri,Abdulmuttalip Özbek,Adalet ve Kalkınma Partisi,
23,Hakkâri,Rüstem Zeydan,Adalet ve Kalkınma Partisi,
23,Hakkâri,Hamit Geylani,Bağımsız,Barış ve Demokrasi Partisi
23,Hatay,Sadullah Ergin,Adalet ve Kalkınma Partisi,
23,Hatay,Abdülhadi Kahya,Adalet ve Kalkınma Partisi,
23,Hatay,Orhan Karasayar,Adalet ve Kalkınma Partisi,
23,Hatay,Mustafa Öztürk,Adalet ve Kalkınma Partisi,
23,Hatay,Fevzi Şanverdi,Adalet ve Kalkınma Partisi,
23,Hatay,Fuat Çay,Cumhuriyet Halk Partisi,
23,Hatay,Gökhan Durgun,Cumhuriyet Halk Partisi,
23,Hatay,Abdulaziz Yazar,Cumhuriyet Halk Partisi,
23,Hatay,İzzettin Yılmaz,Milliyetçi Hareket Partisi,
23,Hatay,Süleyman Turan Çirkin,Milliyetçi Hareket Partisi,
23,Iğdır,Ali Güner,Adalet ve Kalkınma Partisi,
23,Iğdır,Pervin Buldan,Bağımsız,Barış ve Demokrasi Partisi
23,Isparta,Süreyya Sadi Bilgiç,Adalet ve Kalkınma Partisi,
23,Isparta,Mehmet Sait Dilek,Adalet ve Kalkınma Partisi,
23,Isparta,Haydar Kemal Kurt,Adalet ve Kalkınma Partisi,
23,Isparta,Mevlüt Coşkuner,Cumhuriyet Halk Partisi,
23,Isparta,Süleyman Nevzat Korkmaz,Milliyetçi Hareket Partisi,
23,İstanbul (I),Recep Tayyip Erdoğan,Adalet ve Kalkınma Partisi,
23,İstanbul (I),İdris Güllüce,Adalet ve Kalkınma Partisi,
23,İstanbul (I),Ertuğrul Günay,Adalet ve Kalkınma Partisi,
23,İstanbul (I),Nursuna Memecan,Adalet ve Kalkınma Partisi,
23,İstanbul (I),Nusret Bayraktar,Adalet ve Kalkınma Partisi,
23,İstanbul (I),Edibe Sözen,Adalet ve Kalkınma Partisi,
23,İstanbul (I),Hüseyin Besli,Adalet ve Kalkınma Partisi,
23,İstanbul (I),Mustafa Ataş,Adalet ve Kalkınma Partisi,
23,İstanbul (I),Özlem Öztelcan,Adalet ve Kalkınma Partisi,
23,İstanbul (I),İrfan Gündüz,Adalet ve Kalkınma Partisi,
23,İstanbul (I),Mehmet Sekmen,Adalet ve Kalkınma Partisi,
23,İstanbul (I),Hasan Kemal Yardımcı,Adalet ve Kalkınma Partisi,
23,İstanbul (I),Mehmet Beyazıt Denizolgun,Adalet ve Kalkınma Partisi,
23,İstanbul (I),Ayşe Jale Ağırbaş,Cumhuriyet Halk Partisi,Demokratik Sol Parti
23,İstanbul (I),Algan Hacaloğlu,Cumhuriyet Halk Partisi,
23,İstanbul (I),İlhan Kesici,Cumhuriyet Halk Partisi,
23,İstanbul (I),Bayram Meral,Cumhuriyet Halk Partisi,
23,İstanbul (I),Şinasi Öktem,Cumhuriyet Halk Partisi,
23,İstanbul (I),Nur Serter,Cumhuriyet Halk Partisi,
23,İstanbul (I),Ahmet Tan,Cumhuriyet Halk Partisi,Bağımsız
23,İstanbul (I),Ali Topuz,Cumhuriyet Halk Partisi,
23,İstanbul (I),Durmuşali Torlak,Milliyetçi Hareket Partisi,
23,İstanbul (I),Gündüz Suphi Aktan,Milliyetçi Hareket Partisi,Ölüm
23,İstanbul (I),Ufuk Uras,Bağımsız,Barış ve Demokrasi Partisi
23,İstanbul (II),Hayati Yazıcı,Adalet ve Kalkınma Partisi,
23,İstanbul (II),Murat Başesgioğlu,Adalet ve Kalkınma Partisi,Bağımsız
23,İstanbul (II),Egemen Bağış,Adalet ve Kalkınma Partisi,
23,İstanbul (II),Necat Birinci,Adalet ve Kalkınma Partisi,
23,İstanbul (II),Alaattin Büyükkaya,Adalet ve Kalkınma Partisi,
23,İstanbul (II),Nimet Baş,Adalet ve Kalkınma Partisi,
23,İstanbul (II),Ömer Dinçer,Adalet ve Kalkınma Partisi,
23,İstanbul (II),Canan Kalsın,Adalet ve Kalkınma Partisi,
23,İstanbul (II),Recep Koral,Adalet ve Kalkınma Partisi,
23,İstanbul (II),Burhan Kuzu,Adalet ve Kalkınma Partisi,
23,İstanbul (II),Ayşe Nur Bahçekapılı,Adalet ve Kalkınma Partisi,
23,İstanbul (II),Osman Yağmurdereli,Adalet ve Kalkınma Partisi,Ölüm
23,İstanbul (II),Kemal Kılıçdaroğlu,Cumhuriyet Halk Partisi,
23,İstanbul (II),Necla Arat,Cumhuriyet Halk Partisi,
23,İstanbul (II),Mustafa Özyürek,Cumhuriyet Halk Partisi,
23,İstanbul (II),Mehmet Sevigen,Cumhuriyet Halk Partisi,
23,İstanbul (II),Çetin Soysal,Cumhuriyet Halk Partisi,
23,İstanbul (II),Bihlun Tamaylıgil,Cumhuriyet Halk Partisi,
23,İstanbul (II),Süleyman Yağız,Cumhuriyet Halk Partisi,Demokratik Sol Parti
23,İstanbul (II),Mithat Melen,Milliyetçi Hareket Partisi,
23,İstanbul (II),Ümit Şafak,Milliyetçi Hareket Partisi,
23,İstanbul (III),Abdülkadir Aksu,Adalet ve Kalkınma Partisi,
23,İstanbul (III),İdris Naim Şahin,Adalet ve Kalkınma Partisi,
23,İstanbul (III),Nazım Ekren,Adalet ve Kalkınma Partisi,
23,İstanbul (III),Güldal Akşit,Adalet ve Kalkınma Partisi,
23,İstanbul (III),Mehmet Müezzinoğlu,Adalet ve Kalkınma Partisi,
23,İstanbul (III),Lokman Ayva,Adalet ve Kalkınma Partisi,
23,İstanbul (III),Fuat Bol,Adalet ve Kalkınma Partisi,
23,İstanbul (III),İbrahim Yiğit,Adalet ve Kalkınma Partisi,
23,İstanbul (III),Reha Çamuroğlu,Adalet ve Kalkınma Partisi,
23,İstanbul (III),Alev Dedegil,Adalet ve Kalkınma Partisi,
23,İstanbul (III),Mehmet Domaç,Adalet ve Kalkınma Partisi,
23,İstanbul (III),Feyzullah Kıyıklık,Adalet ve Kalkınma Partisi,
23,İstanbul (III),Halide İncekara,Adalet ve Kalkınma Partisi,
23,İstanbul (III),Ünal Kacır,Adalet ve Kalkınma Partisi,
23,İstanbul (III),Şükrü Elekdağ,Cumhuriyet Halk Partisi,
23,İstanbul (III),Birgen Keleş,Cumhuriyet Halk Partisi,
23,İstanbul (III),Esfender Korkmaz,Cumhuriyet Halk Partisi,
23,İstanbul (III),Hasan Macit,Cumhuriyet Halk Partisi,Demokratik Sol Parti
23,İstanbul (III),Hüseyin Mert,Cumhuriyet Halk Partisi,
23,İstanbul (III),Mehmet Ali Özpolat,Cumhuriyet Halk Partisi,
23,İstanbul (III),Sacid Yıldız,Cumhuriyet Halk Partisi,
23,İstanbul (III),Meral Akşener,Milliyetçi Hareket Partisi,
23,İstanbul (III),Atila Kaya,Milliyetçi Hareket Partisi,
23,İstanbul (III),Mehmet Cihat Özönder,Milliyetçi Hareket Partisi,Ölüm
23,İstanbul (III),Sebahat Tuncel,Bağımsız,Barış ve Demokrasi Partisi
23,İzmir (I),Mehmet Aydın,Bağımsız,Adalet ve Kalkınma Partisi
23,İzmir (I),Nükhet Hotar,Bağımsız,
23,İzmir (I),İbrahim Hasgür,Bağımsız,
23,İzmir (I),Mehmet Sayım Tekelioğlu,Bağımsız,
23,İzmir (I),Tuğrul Yemişci,Bağımsız,
23,İzmir (I),Güldal Mumcu,Bağımsız,Cumhuriyet Halk Partisi
23,İzmir (I),Bülent Baratalı,Bağımsız,
23,İzmir (I),Ahmet Ersin,Bağımsız,
23,İzmir (I),Abdurrezzak Erten,Bağımsız,
23,İzmir (I),Harun Öztürk,Bağımsız,
23,İzmir (I),Oktay Vural,Bağımsız,Milliyetçi Hareket Partisi
23,İzmir (I),Şenol Sunat,Bağımsız,
23,İzmir (II),Vecdi Gönül,Bağımsız,Adalet ve Kalkınma Partisi
23,İzmir (II),Taha Aksoy,Bağımsız,
23,İzmir (II),Erdal Kalkan,Bağımsız,
23,İzmir (II),İsmail Katmerci,Bağımsız,
23,İzmir (II),Kemal Anadol,Bağımsız,Cumhuriyet Halk Partisi
23,İzmir (II),Cânân Aritman,Bağımsız,
23,İzmir (II),Recai Birgün,Bağımsız,
23,İzmir (II),Selçuk Ayhan,Bağımsız,
23,İzmir (II),Oğuz Oyan,Bağımsız,
23,İzmir (II),Mehmet Ali Susam,Bağımsız,
23,İzmir (II),Ahmet Kenan Tanrıkulu,Bağımsız,Milliyetçi Hareket Partisi
23,İzmir (II),Kamil Erdal Sipahi,Bağımsız,
23,Kahramanmaraş,Nevzat Pakdil,Bağımsız,Adalet ve Kalkınma Partisi
23,Kahramanmaraş,Mehmet Sağlam,Bağımsız,
23,Kahramanmaraş,Cafer Tatlıbal,Bağımsız,
23,Kahramanmaraş,Avni Doğan,Bağımsız,
23,Kahramanmaraş,Veysi Kaynak,Bağımsız,
23,Kahramanmaraş,Fatih Arıkan,Bağımsız,
23,Kahramanmaraş,Durdu Özbolat,Bağımsız,Cumhuriyet Halk Partisi
23,Kahramanmaraş,Mehmet Akif Paksoy,Bağımsız,Milliyetçi Hareket Partisi
23,Karabük,Mehmet Ceylan,Adalet ve Kalkınma Partisi,
23,Karabük,Cumhur Ünal,Adalet ve Kalkınma Partisi,
23,Karabük,Mustafa Ünal,Adalet ve Kalkınma Partisi,
23,Karaman,Lütfi Elvan,Adalet ve Kalkınma Partisi,
23,Karaman,Mevlüt Akgün,Adalet ve Kalkınma Partisi,
23,Karaman,Hasan Çalış,Milliyetçi Hareket Partisi,
23,Kars,Zeki Karabayır,Adalet ve Kalkınma Partisi,
23,Kars,Mahmut Esat Güven,Adalet ve Kalkınma Partisi,
23,Kars,Gürcan Dağdaş,Milliyetçi Hareket Partisi,
23,Kastamonu,Hakkı Köylü,Adalet ve Kalkınma Partisi,
23,Kastamonu,Hasan Altan,Adalet ve Kalkınma Partisi,
23,Kastamonu,Musa Sıvacıoğlu,Adalet ve Kalkınma Partisi,
23,Kastamonu,Mehmet Serdaroğlu,Milliyetçi Hareket Partisi,
23,Kayseri,Abdullah Gül,Adalet ve Kalkınma Partisi,Milletvekilliğinden istifa 11. cumhurbaşkanı olarak seçildi
23,Kayseri,Taner Yıldız,Adalet ve Kalkınma Partisi,
23,Kayseri,Sadık Yakut,Adalet ve Kalkınma Partisi,
23,Kayseri,Mustafa Elitaş,Adalet ve Kalkınma Partisi,
23,Kayseri,Yaşar Karayel,Adalet ve Kalkınma Partisi,
23,Kayseri,Ahmet Öksüzkaya,Adalet ve Kalkınma Partisi,
23,Kayseri,Mehmet Şevki Kulkuloğlu,Cumhuriyet Halk Partisi,
23,Kayseri,Sabahattin Çakmakoğlu,Milliyetçi Hareket Partisi,
23,Kırıkkale,Vahit Erdem,Adalet ve Kalkınma Partisi,
23,Kırıkkale,Mustafa Özbayrak,Adalet ve Kalkınma Partisi,
23,Kırıkkale,Turan Kıratlı,Adalet ve Kalkınma Partisi,
23,Kırıkkale,Osman Durmuş,Milliyetçi Hareket Partisi,
23,Kırklareli,Ahmet Gökhan Sarıçam,Adalet ve Kalkınma Partisi,
23,Kırklareli,Turgut Dibek,Cumhuriyet Halk Partisi,
23,Kırklareli,Tansel Barış,Cumhuriyet Halk Partisi,
23,Kırşehir,Mikail Arslan,Adalet ve Kalkınma Partisi,
23,Kırşehir,Abdullah Çalışkan,Adalet ve Kalkınma Partisi,
23,Kırşehir,Metin Çobanoğlu,Milliyetçi Hareket Partisi,
23,Kilis,Hüseyin Devecioğlu,Adalet ve Kalkınma Partisi,
23,Kilis,Hasan Kara,Adalet ve Kalkınma Partisi,
23,Kocaeli,Nihat Ergün,Adalet ve Kalkınma Partisi,
23,Kocaeli,Osman Pepe,Adalet ve Kalkınma Partisi,
23,Kocaeli,Fikri Işık,Adalet ve Kalkınma Partisi,
23,Kocaeli,Sibel Gönül,Adalet ve Kalkınma Partisi,
23,Kocaeli,Eyüp Ayar,Adalet ve Kalkınma Partisi,
23,Kocaeli,Muzaffer Baştopçu,Adalet ve Kalkınma Partisi,
23,Kocaeli,Cevdet Selvi,Cumhuriyet Halk Partisi,
23,Kocaeli,Hikmet Erenkaya,Cumhuriyet Halk Partisi,
23,Kocaeli,Cumali Durmuş,Milliyetçi Hareket Partisi,
23,Konya,Hasan Angı,Adalet ve Kalkınma Partisi,
23,Konya,Ahmet Büyükakkaşlar,Adalet ve Kalkınma Partisi,
23,Konya,Özkan Öksüz,Adalet ve Kalkınma Partisi,
23,Konya,Kerim Özkul,Adalet ve Kalkınma Partisi,
23,Konya,Ali Öztürk,Adalet ve Kalkınma Partisi,
23,Konya,Hüsnü Tuna,Adalet ve Kalkınma Partisi,
23,Konya,Harun Tüfekci,Adalet ve Kalkınma Partisi,
23,Konya,Ayşe Türkmenoğlu,Adalet ve Kalkınma Partisi,
23,Konya,Muharrem Candan,Adalet ve Kalkınma Partisi,
23,Konya,Abdullah Çetinkaya,Adalet ve Kalkınma Partisi,
23,Konya,Orhan Erdem,Adalet ve Kalkınma Partisi,
23,Konya,Sami Güçlü,Adalet ve Kalkınma Partisi,
23,Konya,Mustafa Kabakcı,Adalet ve Kalkınma Partisi,
23,Konya,Atilla Kart,Cumhuriyet Halk Partisi,
23,Konya,Faruk Bal,Milliyetçi Hareket Partisi,
23,Konya,Mustafa Kalaycı,Milliyetçi Hareket Partisi,
23,Kütahya,Soner Aksoy,Adalet ve Kalkınma Partisi,
23,Kütahya,İsmail Hakkı Biçer,Adalet ve Kalkınma Partisi,
23,Kütahya,Hasan Fehmi Kinay,Adalet ve Kalkınma Partisi,
23,Kütahya,Hüsnü Ordu,Adalet ve Kalkınma Partisi,
23,Kütahya,Hüseyin Tuğcu,Adalet ve Kalkınma Partisi,
23,Kütahya,Alim Işık,Milliyetçi Hareket Partisi,
23,Malatya,Öznur Çalık,Adalet ve Kalkınma Partisi,
23,Malatya,Mahmut Mücahit Fındıklı,Adalet ve Kalkınma Partisi,
23,Malatya,İhsan Koca,Adalet ve Kalkınma Partisi,
23,Malatya,Fuat Ölmeztoprak,Adalet ve Kalkınma Partisi,
23,Malatya,Ömer Faruk Öz,Adalet ve Kalkınma Partisi,
23,Malatya,Mehmet Şahin,Adalet ve Kalkınma Partisi,
23,Malatya,Ferit Mevlüt Aslanoğlu,Cumhuriyet Halk Partisi,
23,Manisa,Bülent Arınç,Adalet ve Kalkınma Partisi,
23,Manisa,Hüseyin Tanrıverdi,Adalet ve Kalkınma Partisi,
23,Manisa,Recai Berber,Adalet ve Kalkınma Partisi,
23,Manisa,İsmail Bilen,Adalet ve Kalkınma Partisi,
23,Manisa,Mehmet Çerçi,Adalet ve Kalkınma Partisi,
23,Manisa,Şahin Mengü,Cumhuriyet Halk Partisi,
23,Manisa,Mustafa Erdoğan Yetenç,Cumhuriyet Halk Partisi,
23,Manisa,Ahmet Orhan,Milliyetçi Hareket Partisi,
23,Manisa,Erkan Akçay,Milliyetçi Hareket Partisi,
23,Manisa,Mustafa Enöz,Milliyetçi Hareket Partisi,
23,Mardin,Cüneyt Yüksel,Adalet ve Kalkınma Partisi,
23,Mardin,Süleyman Çelebi,Adalet ve Kalkınma Partisi,
23,Mardin,Mehmet Halit Demir,Adalet ve Kalkınma Partisi,
23,Mardin,Gönül Bekin Şahkulubey,Adalet ve Kalkınma Partisi,
23,Mardin,Ahmet Türk,Bağımsız,Milletvekilliği düşürüldü
23,Mardin,Emine Ayna,Bağımsız,Barış ve Demokrasi Partisi
23,Mersin,Kürşad Tüzmen,Adalet ve Kalkınma Partisi,
23,Mersin,Ömer İnan,Adalet ve Kalkınma Partisi,
23,Mersin,Zafer Üskül,Adalet ve Kalkınma Partisi,
23,Mersin,Ali Er,Adalet ve Kalkınma Partisi,
23,Mersin,Ali Rıza Öztürk,Cumhuriyet Halk Partisi,
23,Mersin,İsa Gök,Cumhuriyet Halk Partisi,
23,Mersin,Ali Oksal,Cumhuriyet Halk Partisi,
23,Mersin,Vahap Seçer,Cumhuriyet Halk Partisi,
23,Mersin,Akif Akkuş,Milliyetçi Hareket Partisi,
23,Mersin,Behiç Çelik,Milliyetçi Hareket Partisi,
23,Mersin,Mehmet Şandır,Milliyetçi Hareket Partisi,
23,Mersin,Kadir Ural,Milliyetçi Hareket Partisi,
23,Muğla,Mehmet Nil Hıdır,Adalet ve Kalkınma Partisi,
23,Muğla,Yüksel Özden,Adalet ve Kalkınma Partisi,
23,Muğla,Ali Arslan,Cumhuriyet Halk Partisi,
23,Muğla,Gürol Ergin,Cumhuriyet Halk Partisi,
23,Muğla,Fevzi Topuz,Cumhuriyet Halk Partisi,
23,Muğla,Metin Ergun,Milliyetçi Hareket Partisi,
23,Muş,Seracettin Karayağız,Adalet ve Kalkınma Partisi,
23,Muş,Medeni Yılmaz,Adalet ve Kalkınma Partisi,
23,Muş,Sırrı Sakık,Bağımsız,Barış ve Demokrasi Partisi
23,Muş,Mehmet Nuri Yaman,Bağımsız,
23,Nevşehir,Mahmut Dede,Adalet ve Kalkınma Partisi,
23,Nevşehir,Ahmet Erdal Feralan,Adalet ve Kalkınma Partisi,
23,Nevşehir,Rıtvan Köybaşı,Adalet ve Kalkınma Partisi,
23,Niğde,İsmail Göksel,Adalet ve Kalkınma Partisi,
23,Niğde,Muharrem Selamoğlu,Adalet ve Kalkınma Partisi,
23,Niğde,Mümin İnan,Milliyetçi Hareket Partisi,
23,Ordu,Hilmi Güler,Adalet ve Kalkınma Partisi,
23,Ordu,Eyüp Fatsa,Adalet ve Kalkınma Partisi,
23,Ordu,Enver Yılmaz,Adalet ve Kalkınma Partisi,
23,Ordu,Mustafa Hamarat,Adalet ve Kalkınma Partisi,
23,Ordu,Ayhan Yılmaz,Adalet ve Kalkınma Partisi,
23,Ordu,Rahmi Güner,Cumhuriyet Halk Partisi,
23,Ordu,Rıdvan Yalçın,Milliyetçi Hareket Partisi,
23,Osmaniye,İbrahim Mete Doğruer,Adalet ve Kalkınma Partisi,
23,Osmaniye,Durdu Mehmet Kastal,Adalet ve Kalkınma Partisi,
23,Osmaniye,Devlet Bahçeli,Milliyetçi Hareket Partisi,
23,Osmaniye,Hakan Coşkun,Milliyetçi Hareket Partisi,
23,Rize,Bayram Ali Bayramoğlu,Adalet ve Kalkınma Partisi,
23,Rize,Lütfi Çırakoğlu,Adalet ve Kalkınma Partisi,
23,Rize,Mesut Yılmaz,Bağımsız,Demokrat Parti
23,Sakarya,Erol Aslan Cebeci,Adalet ve Kalkınma Partisi,
23,Sakarya,Hasan Ali Çelik,Adalet ve Kalkınma Partisi,
23,Sakarya,Şaban Dişli,Adalet ve Kalkınma Partisi,
23,Sakarya,Ayhan Sefer Üstün,Adalet ve Kalkınma Partisi,
23,Sakarya,Recep Yıldırım,Adalet ve Kalkınma Partisi,
23,Sakarya,Münir Kutluata,Milliyetçi Hareket Partisi,
23,Samsun,Mustafa Demir,Adalet ve Kalkınma Partisi,
23,Samsun,Suat Kılıç,Adalet ve Kalkınma Partisi,
23,Samsun,Cemal Yılmaz Demir,Adalet ve Kalkınma Partisi,
23,Samsun,Fatih Öztürk,Adalet ve Kalkınma Partisi,
23,Samsun,Birnur Şahinoğlu,Adalet ve Kalkınma Partisi,
23,Samsun,Ahmet Yeni,Adalet ve Kalkınma Partisi,
23,Samsun,Haluk Koç,Cumhuriyet Halk Partisi,
23,Samsun,Suat Binici,Cumhuriyet Halk Partisi,
23,Samsun,Osman Çakır,Milliyetçi Hareket Partisi,
23,Siirt,Afif Demirkıran,Adalet ve Kalkınma Partisi,
23,Siirt,Memet Yılmaz Helvacıoğlu,Adalet ve Kalkınma Partisi,
23,Siirt,Osman Özçelik,Bağımsız,Barış ve Demokrasi Partisi
23,Sinop,Abdurrahman Dodurgalı,Adalet ve Kalkınma Partisi,
23,Sinop,Kadir Tıngıroğlu,Adalet ve Kalkınma Partisi,
23,Sinop,Engin Altay,Cumhuriyet Halk Partisi,
23,Sivas,Hamza Yerlikaya,Adalet ve Kalkınma Partisi,
23,Sivas,Selami Uzun,Adalet ve Kalkınma Partisi,
23,Sivas,Mehmet Mustafa Açıkalın,Adalet ve Kalkınma Partisi,
23,Sivas,Osman Kılıç,Adalet ve Kalkınma Partisi,
23,Sivas,Malik Ecder Özdemir,Cumhuriyet Halk Partisi,
23,Sivas,Muhsin Yazıcıoğlu,Bağımsız,Ölüm
23,Şanlıurfa,Yahya Akman,Adalet ve Kalkınma Partisi,
23,Şanlıurfa,Ramazan Başak,Adalet ve Kalkınma Partisi,
23,Şanlıurfa,Eyyüp Cenap Gülpınar,Adalet ve Kalkınma Partisi,
23,Şanlıurfa,Zülfükar İzol,Adalet ve Kalkınma Partisi,Bağımsız
23,Şanlıurfa,Mustafa Kuş,Adalet ve Kalkınma Partisi,
23,Şanlıurfa,Emin Önen,Adalet ve Kalkınma Partisi,
23,Şanlıurfa,Çağla Aktemur,Adalet ve Kalkınma Partisi,
23,Şanlıurfa,Müfit Yetkin,Adalet ve Kalkınma Partisi,
23,Şanlıurfa,Sabahattin Cevheri,Adalet ve Kalkınma Partisi,Bağımsız
23,Şanlıurfa,İbrahim Binici,Bağımsız,Barış ve Demokrasi Partisi
23,Şanlıurfa,Seyit Eyyüpoğlu,Bağımsız,Adalet ve Kalkınma Partisi
23,Şırnak,Abdullah Veli Seyda,Adalet ve Kalkınma Partisi,
23,Şırnak,Sevahir Bayındır,Bağımsız,Barış ve Demokrasi Partisi
23,Şırnak,Hasip Kaplan,Bağımsız,
23,Tekirdağ,Tevfik Ziyaeddin Akbulut,Adalet ve Kalkınma Partisi,
23,Tekirdağ,Necip Taylan,Adalet ve Kalkınma Partisi,
23,Tekirdağ,Faik Öztrak,Cumhuriyet Halk Partisi,
23,Tekirdağ,Enis Tütüncü,Cumhuriyet Halk Partisi,
23,Tekirdağ,Kemalettin Nalcı,Milliyetçi Hareket Partisi,
23,Tokat,Zeyid Aslan,Adalet ve Kalkınma Partisi,
23,Tokat,Şükrü Ayalan,Adalet ve Kalkınma Partisi,
23,Tokat,Osman Demir,Adalet ve Kalkınma Partisi,
23,Tokat,Hüseyin Gülsün,Adalet ve Kalkınma Partisi,
23,Tokat,Dilek Yüksel,Adalet ve Kalkınma Partisi,
23,Tokat,Orhan Ziya Diren,Cumhuriyet Halk Partisi,
23,Tokat,Reşat Doğru,Milliyetçi Hareket Partisi,
23,Trabzon,Faruk Nafız Özak,Adalet ve Kalkınma Partisi,
23,Trabzon,Cevdet Erdöl,Adalet ve Kalkınma Partisi,
23,Trabzon,Mustafa Cumur,Adalet ve Kalkınma Partisi,
23,Trabzon,Kemalettin Göktaş,Adalet ve Kalkınma Partisi,
23,Trabzon,Asım Aykan,Adalet ve Kalkınma Partisi,
23,Trabzon,Safiye Seymenoğlu,Adalet ve Kalkınma Partisi,
23,Trabzon,Akif Hamzaçebi,Cumhuriyet Halk Partisi,
23,Trabzon,Süleyman Latif Yunusoğlu,Milliyetçi Hareket Partisi,
23,Tunceli,Kamer Genç,Bağımsız,Cumhuriyet Halk Partisi
23,Tunceli,Şerafettin Halis,Bağımsız,Barış ve Demokrasi Partisi
23,Uşak,Nuri Uslu,Adalet ve Kalkınma Partisi,
23,Uşak,Mustafa Çetin,Adalet ve Kalkınma Partisi,
23,Uşak,Osman Coşkunoğlu,Cumhuriyet Halk Partisi,
23,Van,Hüseyin Çelik,Adalet ve Kalkınma Partisi,
23,Van,Kerem Altun,Adalet ve Kalkınma Partisi,
23,Van,İkram Dinçer,Adalet ve Kalkınma Partisi,
23,Van,Gülşen Orhan,Adalet ve Kalkınma Partisi,
23,Van,Kayhan Türkmenoğlu,Adalet ve Kalkınma Partisi,
23,Van,Fatma Kurtulan,Bağımsız,Barış ve Demokrasi Partisi
23,Van,Özdal Üçer,Bağımsız,
23,Yalova,İlhan Evcin,Adalet ve Kalkınma Partisi,
23,Yalova,Muharrem İnce,Cumhuriyet Halk Partisi,
23,Yozgat,Bekir Bozdağ,Adalet ve Kalkınma Partisi,
23,Yozgat,Abdulkadir Akgül,Adalet ve Kalkınma Partisi,
23,Yozgat,Osman Coşkun,Adalet ve Kalkınma Partisi,
23,Yozgat,Mehmet Çiçek,Adalet ve Kalkınma Partisi,
23,Yozgat,Mehmet Yaşar Öztürk,Adalet ve Kalkınma Partisi,Türkiye Partisi
23,Yozgat,Mehmet Ekici,Milliyetçi Hareket Partisi,
23,Zonguldak,Köksal Toptan,Adalet ve Kalkınma Partisi,
23,Zonguldak,Fazlı Erdoğan,Adalet ve Kalkınma Partisi,
23,Zonguldak,Polat Türkmen,Adalet ve Kalkınma Partisi,
23,Zonguldak,Ali Koçal,Cumhuriyet Halk Partisi,
23,Zonguldak,Ali İhsan Köktürk,Cumhuriyet Halk Partisi,
23,Zonguldak,Eski,Sinop · Sivas · Şanlıurfa · Şırnak · Tekirdağ · Tokat · Trabzon · Tunceli · Uşak · Van · Yalova · Yozgat · Zonguldak,
23,Diğer listeler,Azınlık milletvekilleri · İlk Türk kadın milletvekilleri · Cumhuriyet Senatosu başkanları · Türkiye Büyük Millet Meclisi başkanları,Sinop · Sivas · Şanlıurfa · Şırnak · Tekirdağ · Tokat · Trabzon · Tunceli · Uşak · Van · Yalova · Yozgat · Zonguldak,
24,Adana,Ömer Çelik,Adalet ve Kalkınma Partisi,
24,Adana,Mehmet Necati Çetinkaya,Adalet ve Kalkınma Partisi,
24,Adana,Necdet Ünüvar,Adalet ve Kalkınma Partisi,
24,Adana,Fatoş Gürkan,Adalet ve Kalkınma Partisi,
24,Adana,Ali Küçükaydın,Adalet ve Kalkınma Partisi,
24,Adana,Mehmet Şükrü Erdinç,Adalet ve Kalkınma Partisi,
24,Adana,Faruk Loğoğlu,Cumhuriyet Halk Partisi,
24,Adana,Ümit Özgümüş,Cumhuriyet Halk Partisi,
24,Adana,Turgay Develi,Cumhuriyet Halk Partisi,
24,Adana,Ali Demirçalı,Cumhuriyet Halk Partisi,
24,Adana,Muharrem Varlı,Milliyetçi Hareket Partisi,
24,Adana,Ali Halaman,Milliyetçi Hareket Partisi,
24,Adana,Seyfettin Yılmaz,Milliyetçi Hareket Partisi,
24,Adana,Murat Bozlak,Bağımsız,Halkların Demokratik Partisi
24,Adıyaman,Ahmet Aydın,Adalet ve Kalkınma Partisi,
24,Adıyaman,Mehmet Metiner,Adalet ve Kalkınma Partisi,
24,Adıyaman,Muhammed Murtaza Yetiş,Adalet ve Kalkınma Partisi,
24,Adıyaman,Mehmet Erdoğan,Adalet ve Kalkınma Partisi,
24,Adıyaman,Salih Fırat,Cumhuriyet Halk Partisi,Adalet ve Kalkınma Partisi
24,Afyonkarahisar,Veysel Eroğlu,Adalet ve Kalkınma Partisi,
24,Afyonkarahisar,Sait Açba,Adalet ve Kalkınma Partisi,
24,Afyonkarahisar,Halil Ürün,Adalet ve Kalkınma Partisi,
24,Afyonkarahisar,Ahmet Toptaş,Cumhuriyet Halk Partisi,
24,Afyonkarahisar,Kemalettin Yılmaz,Milliyetçi Hareket Partisi,
24,Ağrı,Mehmet Kerim Yıldız,Adalet ve Kalkınma Partisi,
24,Ağrı,Ekrem Çelebi,Adalet ve Kalkınma Partisi,
24,Ağrı,Fatma Salman,Adalet ve Kalkınma Partisi,
24,Ağrı,Halil Aksoy,Bağımsız,Halkların Demokratik Partisi
24,Aksaray,Ali Rıza Alaboyun,Adalet ve Kalkınma Partisi,
24,Aksaray,Ruhi Açıkgöz,Adalet ve Kalkınma Partisi,
24,Aksaray,İlknur İnceöz,Adalet ve Kalkınma Partisi,
24,Amasya,Naci Bostancı,Adalet ve Kalkınma Partisi,
24,Amasya,Avni Erdemir,Adalet ve Kalkınma Partisi,
24,Amasya,Ramis Topal,Cumhuriyet Halk Partisi,
24,Ankara (I),Ali Babacan,Adalet ve Kalkınma Partisi,
24,Ankara (I),Yalçın Akdoğan,Adalet ve Kalkınma Partisi,
24,Ankara (I),Bülent Gedikli,Adalet ve Kalkınma Partisi,
24,Ankara (I),Reha Denemeç,Adalet ve Kalkınma Partisi,
24,Ankara (I),Tülay Selamoğlu,Adalet ve Kalkınma Partisi,
24,Ankara (I),Haluk Özdalga,Adalet ve Kalkınma Partisi,Bağımsız
24,Ankara (I),Fatih Şahin,Adalet ve Kalkınma Partisi,
24,Ankara (I),Ülker Güzel,Adalet ve Kalkınma Partisi,
24,Ankara (I),Sencer Ayata,Cumhuriyet Halk Partisi,
24,Ankara (I),Emrehan Halıcı,Cumhuriyet Halk Partisi,Elektronik Demokrasi Partisi
24,Ankara (I),Emine Ülker Tarhan,Cumhuriyet Halk Partisi,Anadolu Partisi
24,Ankara (I),Aylin Nazlıaka,Cumhuriyet Halk Partisi,
24,Ankara (I),Bülent Kuşoğlu,Cumhuriyet Halk Partisi,
24,Ankara (I),Levent Gök,Cumhuriyet Halk Partisi,
24,Ankara (I),Tuğrul Türkeş,Milliyetçi Hareket Partisi,
24,Ankara (I),Zühal Topcu,Milliyetçi Hareket Partisi,
24,Ankara (II),Cemil Çiçek,Adalet ve Kalkınma Partisi,
24,Ankara (II),Haluk İpek,Adalet ve Kalkınma Partisi,
24,Ankara (II),Salih Kapusuz,Adalet ve Kalkınma Partisi,
24,Ankara (II),Nurdan Şanlı,Adalet ve Kalkınma Partisi,
24,Ankara (II),Ahmet İyimaya,Adalet ve Kalkınma Partisi,
24,Ankara (II),Cevdet Erdöl,Adalet ve Kalkınma Partisi,
24,Ankara (II),Zelkif Kazdal,Adalet ve Kalkınma Partisi,
24,Ankara (II),Emrullah İşler,Adalet ve Kalkınma Partisi,
24,Ankara (II),Seyit Sertçelik,Adalet ve Kalkınma Partisi,
24,Ankara (II),Gülsün Bilgehan,Cumhuriyet Halk Partisi,
24,Ankara (II),İzzet Çetin,Cumhuriyet Halk Partisi,
24,Ankara (II),Sinan Aygün,Cumhuriyet Halk Partisi,
24,Ankara (II),Gökhan Günaydın,Cumhuriyet Halk Partisi,
24,Ankara (II),Mustafa Erdem,Milliyetçi Hareket Partisi,
24,Ankara (II),Özcan Yeniçeri,Milliyetçi Hareket Partisi,
24,Antalya,Vecdi Gönül,Adalet ve Kalkınma Partisi,
24,Antalya,Mevlüt Çavuşoğlu,Adalet ve Kalkınma Partisi,
24,Antalya,Menderes Türel,Adalet ve Kalkınma Partisi,
24,Antalya,Sadık Badak,Adalet ve Kalkınma Partisi,
24,Antalya,Hüseyin Samani,Adalet ve Kalkınma Partisi,
24,Antalya,Gökcen Özdoğan Enç,Adalet ve Kalkınma Partisi,
24,Antalya,Deniz Baykal,Cumhuriyet Halk Partisi,
24,Antalya,Osman Kaptan,Cumhuriyet Halk Partisi,
24,Antalya,Gürkut Acar,Cumhuriyet Halk Partisi,
24,Antalya,Yıldıray Sapan,Cumhuriyet Halk Partisi,
24,Antalya,Arif Bulut,Cumhuriyet Halk Partisi,
24,Antalya,Tunca Toskay,Milliyetçi Hareket Partisi,
24,Antalya,Mehmet Günal,Milliyetçi Hareket Partisi,
24,Antalya,Yusuf Ziya İrbeç,Milliyetçi Hareket Partisi,
24,Ardahan,Orhan Atalay,Adalet ve Kalkınma Partisi,
24,Ardahan,Ensar Öğüt,Cumhuriyet Halk Partisi,
24,Artvin,İsrafil Kışla,Adalet ve Kalkınma Partisi,
24,Artvin,Uğur Bayraktutan,Cumhuriyet Halk Partisi,
24,Aydın,Mehmet Erdem,Adalet ve Kalkınma Partisi,
24,Aydın,Semiha Öyüş,Adalet ve Kalkınma Partisi,
24,Aydın,Ali Gültekin Kılınç,Adalet ve Kalkınma Partisi,
24,Aydın,Bülent Tezcan,Cumhuriyet Halk Partisi,
24,Aydın,Metin Lütfi Baydar,Cumhuriyet Halk Partisi,
24,Aydın,Osman Aydın,Cumhuriyet Halk Partisi,
24,Aydın,Ali Uzunırmak,Milliyetçi Hareket Partisi,
24,Balıkesir,Ahmet Edip Uğur,Adalet ve Kalkınma Partisi,
24,Balıkesir,Mehmet Cemal Öztaylan,Adalet ve Kalkınma Partisi,
24,Balıkesir,Tülay Babuşcu,Adalet ve Kalkınma Partisi,
24,Balıkesir,Ali Aydınlıoğlu,Adalet ve Kalkınma Partisi,
24,Balıkesir,Namık Havutça,Cumhuriyet Halk Partisi,
24,Balıkesir,Ayşe Nedret Akova,Cumhuriyet Halk Partisi,
24,Balıkesir,Haluk Ahmet Gümüş,Cumhuriyet Halk Partisi,
24,Balıkesir,Ahmet Duran Bulut,Milliyetçi Hareket Partisi,
24,Bartın,Yılmaz Tunç,Adalet ve Kalkınma Partisi,
24,Bartın,Muhammed Rıza Yalçınkaya,Cumhuriyet Halk Partisi,
24,Batman,Mehmet Şimşek,Adalet ve Kalkınma Partisi,
24,Batman,Ziver Özdemir,Adalet ve Kalkınma Partisi,
24,Batman,Ayla Akat Ata,Bağımsız,Halkların Demokratik Partisi
24,Batman,Bengi Yıldız,Bağımsız,
24,Bayburt,Bünyamin Özbek,Adalet ve Kalkınma Partisi,
24,Bilecik,Fahrettin Poyraz,Adalet ve Kalkınma Partisi,
24,Bilecik,Bahattin Şeker,Milliyetçi Hareket Partisi,
24,Bingöl,Cevdet Yılmaz,Adalet ve Kalkınma Partisi,
24,Bingöl,Eşref Taş,Adalet ve Kalkınma Partisi,
24,Bingöl,İdris Baluken,Bağımsız,Halkların Demokratik Partisi
24,Bitlis,Vedat Demiröz,Adalet ve Kalkınma Partisi,
24,Bitlis,Vahit Kiler,Adalet ve Kalkınma Partisi,
24,Bitlis,Hüsamettin Zenderlioğlu,Bağımsız,Halkların Demokratik Partisi
24,Bolu,Ali Ercoşkun,Adalet ve Kalkınma Partisi,
24,Bolu,Fehmi Küpçü,Adalet ve Kalkınma Partisi,
24,Bolu,Tanju Özcan,Cumhuriyet Halk Partisi,
24,Burdur,Bayram Özçelik,Adalet ve Kalkınma Partisi,
24,Burdur,Hasan Hami Yıldırım,Adalet ve Kalkınma Partisi,Bağımsız
24,Burdur,Ramazan Kerim Özkan,Cumhuriyet Halk Partisi,
24,Bursa,Bülent Arınç,Adalet ve Kalkınma Partisi,
24,Bursa,Mustafa Öztürk,Adalet ve Kalkınma Partisi,
24,Bursa,Hüseyin Şahin,Adalet ve Kalkınma Partisi,
24,Bursa,Canan Candemir Çelik,Adalet ve Kalkınma Partisi,
24,Bursa,İsmet Su,Adalet ve Kalkınma Partisi,
24,Bursa,Mustafa Kemal Şerbetçioğlu,Adalet ve Kalkınma Partisi,
24,Bursa,Hakan Çavuşoğlu,Adalet ve Kalkınma Partisi,
24,Bursa,İsmail Aydın,Adalet ve Kalkınma Partisi,
24,Bursa,Tülin Erkal Kara,Adalet ve Kalkınma Partisi,
24,Bursa,Bedrettin Yıldırım,Adalet ve Kalkınma Partisi,
24,Bursa,Önder Matlı,Adalet ve Kalkınma Partisi,
24,Bursa,Sena Kaleli,Cumhuriyet Halk Partisi,
24,Bursa,Turhan Tayan,Cumhuriyet Halk Partisi,
24,Bursa,İlhan Demiröz,Cumhuriyet Halk Partisi,
24,Bursa,Aykan Erdemir,Cumhuriyet Halk Partisi,
24,Bursa,Kemal Ekinci,Cumhuriyet Halk Partisi,
24,Bursa,İsmet Büyükataman,Milliyetçi Hareket Partisi,
24,Bursa,Necati Özensoy,Milliyetçi Hareket Partisi,
24,Çanakkale,Mehmet Daniş,Adalet ve Kalkınma Partisi,
24,Çanakkale,İsmail Kaşdemir,Adalet ve Kalkınma Partisi,
24,Çanakkale,Ali Sarıbaş,Cumhuriyet Halk Partisi,
24,Çanakkale,Mustafa Serdar Soydan,Cumhuriyet Halk Partisi,
24,Çankırı,İdris Şahin,Adalet ve Kalkınma Partisi,
24,Çankırı,Hüseyin Filiz,Adalet ve Kalkınma Partisi,
24,Çorum,Salim Uslu,Adalet ve Kalkınma Partisi,
24,Çorum,Cahit Bağcı,Adalet ve Kalkınma Partisi,
24,Çorum,Murat Yıldırım,Adalet ve Kalkınma Partisi,
24,Çorum,Tufan Köse,Cumhuriyet Halk Partisi,
24,Denizli,Nihat Zeybekci,Adalet ve Kalkınma Partisi,
24,Denizli,Mehmet Yüksel,Adalet ve Kalkınma Partisi,
24,Denizli,Bilal Uçar,Adalet ve Kalkınma Partisi,
24,Denizli,Nurcan Dalbudak,Adalet ve Kalkınma Partisi,
24,Denizli,Adnan Keskin,Cumhuriyet Halk Partisi,
24,Denizli,İlhan Cihaner,Cumhuriyet Halk Partisi,
24,Denizli,Emin Haluk Ayhan,Milliyetçi Hareket Partisi,
24,Diyarbakır,Mehdi Eker,Adalet ve Kalkınma Partisi,
24,Diyarbakır,Galip Ensarioğlu,Adalet ve Kalkınma Partisi,
24,Diyarbakır,Mine Lök Beyaz,Adalet ve Kalkınma Partisi,
24,Diyarbakır,Mehmet Süleyman Hamzaoğulları,Adalet ve Kalkınma Partisi,
24,Diyarbakır,Cuma İçten,Adalet ve Kalkınma Partisi,
24,Diyarbakır,Oya Eronat,Adalet ve Kalkınma Partisi,
24,Diyarbakır,Leyla Zana,Bağımsız,Halkların Demokratik Partisi
24,Diyarbakır,Emine Ayna,Bağımsız,Demokratik Bölgeler Partisi
24,Diyarbakır,Altan Tan,Bağımsız,Halkların Demokratik Partisi
24,Diyarbakır,Nursel Aydoğan,Bağımsız,
24,Diyarbakır,Şerafettin Elçi,Bağımsız,Katılımcı Demokrasi Partisi
24,Düzce,İbrahim Korkmaz,Adalet ve Kalkınma Partisi,
24,Düzce,Fevai Arslan,Adalet ve Kalkınma Partisi,
24,Düzce,Osman Çakır,Adalet ve Kalkınma Partisi,
24,Edirne,Mehmet Müezzinoğlu,Adalet ve Kalkınma Partisi,
24,Edirne,Recep Gürkan,Cumhuriyet Halk Partisi,
24,Edirne,Kemal Değirmendereli,Cumhuriyet Halk Partisi,
24,Elazığ,Zülfü Demirbağ,Adalet ve Kalkınma Partisi,
24,Elazığ,Şuay Alpay,Adalet ve Kalkınma Partisi,
24,Elazığ,Faruk Septioğlu,Adalet ve Kalkınma Partisi,
24,Elazığ,Sermin Balık,Adalet ve Kalkınma Partisi,
24,Elazığ,Enver Erdem,Milliyetçi Hareket Partisi,
24,Erzincan,Sebahattin Karakelle,Adalet ve Kalkınma Partisi,
24,Erzincan,Muharrem Işık,Cumhuriyet Halk Partisi,
24,Erzurum,Recep Akdağ,Adalet ve Kalkınma Partisi,
24,Erzurum,Adnan Yılmaz,Adalet ve Kalkınma Partisi,
24,Erzurum,Fazilet Dağcı Çığlık,Adalet ve Kalkınma Partisi,
24,Erzurum,Cengiz Yavilioğlu,Adalet ve Kalkınma Partisi,
24,Erzurum,Muhyettin Aksak,Adalet ve Kalkınma Partisi,
24,Erzurum,Oktay Öztürk,Milliyetçi Hareket Partisi,
24,Eskişehir,Nabi Avcı,Adalet ve Kalkınma Partisi,
24,Eskişehir,Salih Koca,Adalet ve Kalkınma Partisi,
24,Eskişehir,Ülker Can,Adalet ve Kalkınma Partisi,
24,Eskişehir,Süheyl Batum,Cumhuriyet Halk Partisi,Bağımsız
24,Eskişehir,Kazım Kurt,Cumhuriyet Halk Partisi,
24,Eskişehir,Ruhsar Demirel,Milliyetçi Hareket Partisi,
24,Gaziantep,Hüseyin Çelik,Adalet ve Kalkınma Partisi,
24,Gaziantep,Fatma Şahin,Adalet ve Kalkınma Partisi,
24,Gaziantep,Şamil Tayyar,Adalet ve Kalkınma Partisi,
24,Gaziantep,Abdullah Nejat Koçer,Adalet ve Kalkınma Partisi,
24,Gaziantep,Mehmet Sarı,Adalet ve Kalkınma Partisi,
24,Gaziantep,Mehmet Erdoğan,Adalet ve Kalkınma Partisi,
24,Gaziantep,Derya Bakbak,Adalet ve Kalkınma Partisi,
24,Gaziantep,İbrahim Halil Mazıcıoğlu,Adalet ve Kalkınma Partisi,
24,Gaziantep,Ali Şahin,Adalet ve Kalkınma Partisi,
24,Gaziantep,Ali Serindağ,Cumhuriyet Halk Partisi,
24,Gaziantep,Mehmet Şeker,Cumhuriyet Halk Partisi,
24,Gaziantep,Semih Yalçın,Milliyetçi Hareket Partisi,
24,Giresun,Nurettin Canikli,Adalet ve Kalkınma Partisi,
24,Giresun,Mehmet Geldi,Adalet ve Kalkınma Partisi,
24,Giresun,Adem Tatlı,Adalet ve Kalkınma Partisi,
24,Giresun,Selahattin Karaahmetoğlu,Cumhuriyet Halk Partisi,
24,Gümüşhane,Kemalettin Aydın,Adalet ve Kalkınma Partisi,
24,Gümüşhane,Feramuz Üstün,Adalet ve Kalkınma Partisi,
24,Hakkâri,Selahattin Demirtaş,Bağımsız,Halkların Demokratik Partisi
24,Hakkâri,Adil Zozani,Bağımsız,
24,Hakkâri,Esat Canan,Bağımsız,
24,Hatay,Sadullah Ergin,Adalet ve Kalkınma Partisi,
24,Hatay,Orhan Karasayar,Adalet ve Kalkınma Partisi,
24,Hatay,Mehmet Öntürk,Adalet ve Kalkınma Partisi,
24,Hatay,Adem Yeşildal,Adalet ve Kalkınma Partisi,
24,Hatay,Hacı Bayram Türkoğlu,Adalet ve Kalkınma Partisi,
24,Hatay,Mehmet Ali Ediboğlu,Cumhuriyet Halk Partisi,
24,Hatay,Mevlüt Dudu,Cumhuriyet Halk Partisi,
24,Hatay,Refik Eryılmaz,Cumhuriyet Halk Partisi,Bağımsız
24,Hatay,Hasan Akgöl,Cumhuriyet Halk Partisi,
24,Hatay,Adnan Şefik Çirkin,Milliyetçi Hareket Partisi,
24,Iğdır,Sinan Oğan,Milliyetçi Hareket Partisi,
24,Iğdır,Pervin Buldan,Bağımsız,Halkların Demokratik Partisi
24,Isparta,Süreyya Sadi Bilgiç,Adalet ve Kalkınma Partisi,
24,Isparta,Recep Özel,Adalet ve Kalkınma Partisi,
24,Isparta,Ali Haydar Öner,Cumhuriyet Halk Partisi,
24,Isparta,Süleyman Nevzat Korkmaz,Milliyetçi Hareket Partisi,
24,İstanbul (I),Recep Tayyip Erdoğan,Adalet ve Kalkınma Partisi,
24,İstanbul (I),Egemen Bağış,Adalet ve Kalkınma Partisi,
24,İstanbul (I),İdris Güllüce,Adalet ve Kalkınma Partisi,
24,İstanbul (I),Erol Kaya,Adalet ve Kalkınma Partisi,
24,İstanbul (I),Mihrimah Belma Satır,Adalet ve Kalkınma Partisi,
24,İstanbul (I),Mustafa Ataş,Adalet ve Kalkınma Partisi,
24,İstanbul (I),Muhammed Çetin,Adalet ve Kalkınma Partisi,Bağımsız
24,İstanbul (I),İsmet Uçma,Adalet ve Kalkınma Partisi,
24,İstanbul (I),Gürsoy Erol,Adalet ve Kalkınma Partisi,
24,İstanbul (I),Alev Dedegil,Adalet ve Kalkınma Partisi,
24,İstanbul (I),Mehmet Domaç,Adalet ve Kalkınma Partisi,
24,İstanbul (I),Osman Boyraz,Adalet ve Kalkınma Partisi,
24,İstanbul (I),Oktay Saral,Adalet ve Kalkınma Partisi,
24,İstanbul (I),Metin Külünk,Adalet ve Kalkınma Partisi,
24,İstanbul (I),Ahmet Berat Çonkar,Adalet ve Kalkınma Partisi,
24,İstanbul (I),Muhammet Bilal Macit,Adalet ve Kalkınma Partisi,
24,İstanbul (I),Gürsel Tekin,Cumhuriyet Halk Partisi,
24,İstanbul (I),Osman Korutürk,Cumhuriyet Halk Partisi,
24,İstanbul (I),Akif Hamzaçebi,Cumhuriyet Halk Partisi,
24,İstanbul (I),Ayşe Eser Danışoğlu,Cumhuriyet Halk Partisi,
24,İstanbul (I),Şafak Pavey,Cumhuriyet Halk Partisi,
24,İstanbul (I),İhsan Özkes,Cumhuriyet Halk Partisi,
24,İstanbul (I),Nur Serter,Cumhuriyet Halk Partisi,
24,İstanbul (I),Mahmut Tanal,Cumhuriyet Halk Partisi,
24,İstanbul (I),Müslim Sarı,Cumhuriyet Halk Partisi,
24,İstanbul (I),Celal Dinçer,Cumhuriyet Halk Partisi,
24,İstanbul (I),Kadir Gökmen Öğüt,Cumhuriyet Halk Partisi,
24,İstanbul (I),Engin Alan,Milliyetçi Hareket Partisi,
24,İstanbul (I),Durmuşali Torlak,Milliyetçi Hareket Partisi,
24,İstanbul (I),Sebahat Tuncel,Bağımsız,Halkların Demokratik Partisi
24,İstanbul (II),Nimet Baş,Adalet ve Kalkınma Partisi,
24,İstanbul (II),Ayşe Nur Bahçekapılı,Adalet ve Kalkınma Partisi,
24,İstanbul (II),Burhan Kuzu,Adalet ve Kalkınma Partisi,
24,İstanbul (II),Ekrem Erdem,Adalet ve Kalkınma Partisi,
24,İstanbul (II),Volkan Bozkır,Adalet ve Kalkınma Partisi,
24,İstanbul (II),İbrahim Yiğit,Adalet ve Kalkınma Partisi,
24,İstanbul (II),Kutalmış Türkeş,Adalet ve Kalkınma Partisi,
24,İstanbul (II),İsmail Safi,Adalet ve Kalkınma Partisi,
24,İstanbul (II),Türkan Dağoğlu,Adalet ve Kalkınma Partisi,
24,İstanbul (II),Şirin Ünal,Adalet ve Kalkınma Partisi,
24,İstanbul (II),Sevim Savaşer,Adalet ve Kalkınma Partisi,
24,İstanbul (II),Hüseyin Bürge,Adalet ve Kalkınma Partisi,
24,İstanbul (II),Osman Aşkın Bak,Adalet ve Kalkınma Partisi,
24,İstanbul (II),Ahmet Haldun Ertürk,Adalet ve Kalkınma Partisi,
24,İstanbul (II),Ahmet Baha Öğütken,Adalet ve Kalkınma Partisi,
24,İstanbul (II),Kemal Kılıçdaroğlu,Cumhuriyet Halk Partisi,
24,İstanbul (II),Bihlun Tamaylıgil,Cumhuriyet Halk Partisi,
24,İstanbul (II),Sezgin Tanrıkulu,Cumhuriyet Halk Partisi,
24,İstanbul (II),Aydın Ayaydın,Cumhuriyet Halk Partisi,
24,İstanbul (II),Sedef Küçük,Cumhuriyet Halk Partisi,
24,İstanbul (II),Ercan Cengiz,Cumhuriyet Halk Partisi,Merkez Parti
24,İstanbul (II),Haluk Eyidoğan,Cumhuriyet Halk Partisi,
24,İstanbul (II),Aykut Erdoğdu,Cumhuriyet Halk Partisi,
24,İstanbul (II),Melda Onur,Cumhuriyet Halk Partisi,
24,İstanbul (II),Murat Başesgioğlu,Milliyetçi Hareket Partisi,
24,İstanbul (II),Celal Adan,Milliyetçi Hareket Partisi,
24,İstanbul (II),Sırrı Süreyya Önder,Bağımsız,Halkların Demokratik Partisi
24,İstanbul (III),Ömer Dinçer,Adalet ve Kalkınma Partisi,
24,İstanbul (III),Abdülkadir Aksu,Adalet ve Kalkınma Partisi,
24,İstanbul (III),Ünal Kacır,Adalet ve Kalkınma Partisi,
24,İstanbul (III),Hakan Şükür,Adalet ve Kalkınma Partisi,Bağımsız
24,İstanbul (III),Halide İncekara,Adalet ve Kalkınma Partisi,
24,İstanbul (III),Mustafa Şentop,Adalet ve Kalkınma Partisi,
24,İstanbul (III),Feyzullah Kıyıklık,Adalet ve Kalkınma Partisi,
24,İstanbul (III),Tülay Kaynarca,Adalet ve Kalkınma Partisi,
24,İstanbul (III),Nureddin Nebati,Adalet ve Kalkınma Partisi,
24,İstanbul (III),Mehmet Doğan Kubat,Adalet ve Kalkınma Partisi,
24,İstanbul (III),Bülent Turan,Adalet ve Kalkınma Partisi,
24,İstanbul (III),Mehmet Muş,Adalet ve Kalkınma Partisi,
24,İstanbul (III),Gülay Dalyan,Adalet ve Kalkınma Partisi,
24,İstanbul (III),Enver Yılmaz,Adalet ve Kalkınma Partisi,
24,İstanbul (III),Harun Karaca,Adalet ve Kalkınma Partisi,
24,İstanbul (III),Erdoğan Toprak,Cumhuriyet Halk Partisi,
24,İstanbul (III),Umut Oran,Cumhuriyet Halk Partisi,
24,İstanbul (III),Süleyman Çelebi,Cumhuriyet Halk Partisi,
24,İstanbul (III),Oktay Ekşi,Cumhuriyet Halk Partisi,
24,İstanbul (III),Binnaz Toprak,Cumhuriyet Halk Partisi,
24,İstanbul (III),Sabahat Akkiraz,Cumhuriyet Halk Partisi,
24,İstanbul (III),Faik Tunay,Cumhuriyet Halk Partisi,
24,İstanbul (III),Ali Özgündüz,Cumhuriyet Halk Partisi,
24,İstanbul (III),Ferit Mevlüt Aslanoğlu,Cumhuriyet Halk Partisi,
24,İstanbul (III),Meral Akşener,Milliyetçi Hareket Partisi,
24,İstanbul (III),Atila Kaya,Milliyetçi Hareket Partisi,
24,İstanbul (III),İhsan Barutçu,Milliyetçi Hareket Partisi,
24,İstanbul (III),Abdullah Levent Tüzel,Bağımsız,Halkların Demokratik Partisi
24,İzmir (I),Ertuğrul Günay,Adalet ve Kalkınma Partisi,Bağımsız
24,İzmir (I),Mehmet Sayım Tekelioğlu,Adalet ve Kalkınma Partisi,
24,İzmir (I),İlhan İşbilen,Adalet ve Kalkınma Partisi,Bağımsız
24,İzmir (I),İlknur Denizli,Adalet ve Kalkınma Partisi,
24,İzmir (I),Ali Aşlık,Adalet ve Kalkınma Partisi,
24,İzmir (I),Rıfat Sait,Adalet ve Kalkınma Partisi,
24,İzmir (I),Güldal Mumcu,Cumhuriyet Halk Partisi,
24,İzmir (I),Rıza Türmen,Cumhuriyet Halk Partisi,
24,İzmir (I),Oğuz Oyan,Cumhuriyet Halk Partisi,
24,İzmir (I),Hülya Güven,Cumhuriyet Halk Partisi,
24,İzmir (I),Erdal Aksünger,Cumhuriyet Halk Partisi,
24,İzmir (I),Musa Çam,Cumhuriyet Halk Partisi,
24,İzmir (I),Oktay Vural,Milliyetçi Hareket Partisi,
24,İzmir (II),Binali Yıldırım,Adalet ve Kalkınma Partisi,
24,İzmir (II),Aydın Şengül,Adalet ve Kalkınma Partisi,
24,İzmir (II),Erdal Kalkan,Adalet ve Kalkınma Partisi,Bağımsız
24,İzmir (II),Nesrin Ulema,Adalet ve Kalkınma Partisi,
24,İzmir (II),Hamza Dağ,Adalet ve Kalkınma Partisi,
24,İzmir (II),Alaattin Yüksel,Cumhuriyet Halk Partisi,
24,İzmir (II),Mustafa Balbay,Cumhuriyet Halk Partisi,
24,İzmir (II),Mehmet Ali Susam,Cumhuriyet Halk Partisi,
24,İzmir (II),Rahmi Aşkın Türeli,Cumhuriyet Halk Partisi,
24,İzmir (II),Aytun Çıray,Cumhuriyet Halk Partisi,
24,İzmir (II),Birgül Ayman Güler,Cumhuriyet Halk Partisi,
24,İzmir (II),Mustafa Moroğlu,Cumhuriyet Halk Partisi,
24,İzmir (II),Ahmet Kenan Tanrıkulu,Milliyetçi Hareket Partisi,
24,Kahramanmaraş,Mehmet Sağlam,Adalet ve Kalkınma Partisi,
24,Kahramanmaraş,Nevzat Pakdil,Adalet ve Kalkınma Partisi,
24,Kahramanmaraş,Mahir Ünal,Adalet ve Kalkınma Partisi,
24,Kahramanmaraş,Yıldırım Mehmet Ramazanoğlu,Adalet ve Kalkınma Partisi,
24,Kahramanmaraş,Sevde Bayazıt Kaçar,Adalet ve Kalkınma Partisi,
24,Kahramanmaraş,Sıtkı Güvenç,Adalet ve Kalkınma Partisi,
24,Kahramanmaraş,Durdu Özbolat,Cumhuriyet Halk Partisi,
24,Kahramanmaraş,Mesut Dedeoğlu,Milliyetçi Hareket Partisi,
24,Karabük,Mehmet Ali Şahin,Adalet ve Kalkınma Partisi,
24,Karabük,Osman Kahveci,Adalet ve Kalkınma Partisi,
24,Karaman,Lütfi Elvan,Adalet ve Kalkınma Partisi,
24,Karaman,Mevlüt Akgün,Adalet ve Kalkınma Partisi,
24,Kars,Ahmet Arslan,Adalet ve Kalkınma Partisi,
24,Kars,Yunus Kılıç,Adalet ve Kalkınma Partisi,
24,Kars,Mülkiye Birtane,Bağımsız,Halkların Demokratik Partisi
24,Kastamonu,Hakkı Köylü,Adalet ve Kalkınma Partisi,
24,Kastamonu,Mustafa Gökhan Gülşen,Adalet ve Kalkınma Partisi,
24,Kastamonu,Emin Çınar,Milliyetçi Hareket Partisi,
24,Kayseri,Taner Yıldız,Adalet ve Kalkınma Partisi,
24,Kayseri,Sadık Yakut,Adalet ve Kalkınma Partisi,
24,Kayseri,Mustafa Elitaş,Adalet ve Kalkınma Partisi,
24,Kayseri,Yaşar Karayel,Adalet ve Kalkınma Partisi,
24,Kayseri,Pelin Gündeş Bakır,Adalet ve Kalkınma Partisi,
24,Kayseri,Ahmet Öksüzkaya,Adalet ve Kalkınma Partisi,Bağımsız
24,Kayseri,İsmail Tamer,Adalet ve Kalkınma Partisi,
24,Kayseri,Mehmet Şevki Kulkuloğlu,Cumhuriyet Halk Partisi,
24,Kayseri,Yusuf Halaçoğlu,Milliyetçi Hareket Partisi,
24,Kilis,Fuat Karakuş,Adalet ve Kalkınma Partisi,
24,Kilis,Ahmet Salih Dal,Adalet ve Kalkınma Partisi,
24,Kırklareli,Şenol Gürşan,Adalet ve Kalkınma Partisi,
24,Kırklareli,Mehmet Kesimoğlu,Cumhuriyet Halk Partisi,
24,Kırklareli,Turgut Dibek,Cumhuriyet Halk Partisi,
24,Kırıkkale,Beşir Atalay,Adalet ve Kalkınma Partisi,
24,Kırıkkale,Oğuz Kağan Köksal,Adalet ve Kalkınma Partisi,
24,Kırıkkale,Ramazan Can,Adalet ve Kalkınma Partisi,
24,Kırşehir,Abdullah Çalışkan,Adalet ve Kalkınma Partisi,
24,Kırşehir,Muzaffer Aslan,Adalet ve Kalkınma Partisi,
24,Kocaeli,Nihat Ergün,Adalet ve Kalkınma Partisi,
24,Kocaeli,Fikri Işık,Adalet ve Kalkınma Partisi,
24,Kocaeli,Sibel Gönül,Adalet ve Kalkınma Partisi,
24,Kocaeli,Muzaffer Baştopçu,Adalet ve Kalkınma Partisi,
24,Kocaeli,Zeki Aygün,Adalet ve Kalkınma Partisi,
24,Kocaeli,İlyas Şeker,Adalet ve Kalkınma Partisi,
24,Kocaeli,Mehmet Ali Okur,Adalet ve Kalkınma Partisi,
24,Kocaeli,Hurşit Güneş,Cumhuriyet Halk Partisi,
24,Kocaeli,Mehmet Hilal Kaplan,Cumhuriyet Halk Partisi,
24,Kocaeli,Haydar Akar,Cumhuriyet Halk Partisi,
24,Kocaeli,Lütfü Türkkan,Milliyetçi Hareket Partisi,
24,Konya,Ahmet Davutoğlu,Adalet ve Kalkınma Partisi,
24,Konya,Kerim Özkul,Adalet ve Kalkınma Partisi,
24,Konya,İlhan Yerlikaya,Adalet ve Kalkınma Partisi,
24,Konya,Ayşe Türkmenoğlu,Adalet ve Kalkınma Partisi,
24,Konya,Cem Zorlu,Adalet ve Kalkınma Partisi,
24,Konya,Hüseyin Üzülmez,Adalet ve Kalkınma Partisi,
24,Konya,Mustafa Baloğlu,Adalet ve Kalkınma Partisi,
24,Konya,Mustafa Kabakcı,Adalet ve Kalkınma Partisi,
24,Konya,Gülay Samancı,Adalet ve Kalkınma Partisi,
24,Konya,Mustafa Akış,Adalet ve Kalkınma Partisi,
24,Konya,Harun Tüfekci,Adalet ve Kalkınma Partisi,
24,Konya,Atilla Kart,Cumhuriyet Halk Partisi,
24,Konya,Faruk Bal,Milliyetçi Hareket Partisi,
24,Konya,Mustafa Kalaycı,Milliyetçi Hareket Partisi,
24,Kütahya,Soner Aksoy,Adalet ve Kalkınma Partisi,
24,Kütahya,Hasan Fehmi Kinay,Adalet ve Kalkınma Partisi,
24,Kütahya,İdris Bal,Adalet ve Kalkınma Partisi,Bağımsız
24,Kütahya,Vural Kavuncu,Adalet ve Kalkınma Partisi,
24,Kütahya,Alim Işık,Milliyetçi Hareket Partisi,
24,Malatya,Mahmut Mücahit Fındıklı,Adalet ve Kalkınma Partisi,
24,Malatya,Mustafa Şahin,Adalet ve Kalkınma Partisi,
24,Malatya,Öznur Çalık,Adalet ve Kalkınma Partisi,
24,Malatya,Hüseyin Cemal Akın,Adalet ve Kalkınma Partisi,
24,Malatya,Ömer Faruk Öz,Adalet ve Kalkınma Partisi,
24,Malatya,Veli Ağbaba,Cumhuriyet Halk Partisi,
24,Manisa,Hüseyin Tanrıverdi,Adalet ve Kalkınma Partisi,
24,Manisa,Recai Berber,Adalet ve Kalkınma Partisi,
24,Manisa,Uğur Aydemir,Adalet ve Kalkınma Partisi,
24,Manisa,Muzaffer Yurttaş,Adalet ve Kalkınma Partisi,
24,Manisa,Selçuk Özdağ,Adalet ve Kalkınma Partisi,
24,Manisa,Hasan Ören,Cumhuriyet Halk Partisi,
24,Manisa,Özgür Özel,Cumhuriyet Halk Partisi,
24,Manisa,Sakine Öz,Cumhuriyet Halk Partisi,
24,Manisa,Sümer Oral,Milliyetçi Hareket Partisi,
24,Manisa,Erkan Akçay,Milliyetçi Hareket Partisi,
24,Mardin,Muammer Güler,Adalet ve Kalkınma Partisi,
24,Mardin,Gönül Bekin Şahkulubey,Adalet ve Kalkınma Partisi,
24,Mardin,Abdurrahim Akdağ,Adalet ve Kalkınma Partisi,
24,Mardin,Ahmet Türk,Bağımsız,Halkların Demokratik Partisi
24,Mardin,Gülser Yıldırım,Bağımsız,
24,Mardin,Erol Dora,Bağımsız,
24,Mersin,Zafer Çağlayan,Adalet ve Kalkınma Partisi,
24,Mersin,Ahmet Tevfik Uzun,Adalet ve Kalkınma Partisi,
24,Mersin,Nebi Bozkurt,Adalet ve Kalkınma Partisi,
24,Mersin,Çiğdem Münevver Ökten,Adalet ve Kalkınma Partisi,
24,Mersin,Aytuğ Atıcı,Cumhuriyet Halk Partisi,
24,Mersin,Vahap Seçer,Cumhuriyet Halk Partisi,
24,Mersin,İsa Gök,Cumhuriyet Halk Partisi,
24,Mersin,Ali Rıza Öztürk,Cumhuriyet Halk Partisi,
24,Mersin,Mehmet Şandır,Milliyetçi Hareket Partisi,
24,Mersin,Ali Öz,Milliyetçi Hareket Partisi,
24,Mersin,Ertuğrul Kürkcü,Bağımsız,Halkların Demokratik Partisi
24,Muğla,Ali Boğa,Adalet ve Kalkınma Partisi,
24,Muğla,Yüksel Özden,Adalet ve Kalkınma Partisi,
24,Muğla,Tolga Çandar,Cumhuriyet Halk Partisi,
24,Muğla,Nurettin Demir,Cumhuriyet Halk Partisi,
24,Muğla,Ömer Süha Aldan,Cumhuriyet Halk Partisi,
24,Muğla,Mehmet Erdoğan,Milliyetçi Hareket Partisi,
24,Muş,Faruk Işık,Adalet ve Kalkınma Partisi,
24,Muş,Muzaffer Çakar,Adalet ve Kalkınma Partisi,
24,Muş,Sırrı Sakık,Bağımsız,Barış ve Demokrasi Partisi
24,Muş,Demir Çelik,Bağımsız,Halkların Demokratik Partisi
24,Nevşehir,Ahmet Erdal Feralan,Adalet ve Kalkınma Partisi,
24,Nevşehir,Murat Göktürk,Adalet ve Kalkınma Partisi,
24,Nevşehir,Ebubekir Gizligider,Adalet ve Kalkınma Partisi,
24,Niğde,Alpaslan Kavaklıoğlu,Adalet ve Kalkınma Partisi,
24,Niğde,Ömer Selvi,Adalet ve Kalkınma Partisi,
24,Niğde,Doğan Şafak,Cumhuriyet Halk Partisi,
24,Ordu,İdris Naim Şahin,Adalet ve Kalkınma Partisi,Millet ve Adalet Partisi
24,Ordu,Mustafa Hamarat,Adalet ve Kalkınma Partisi,
24,Ordu,Fatih Han Ünal,Adalet ve Kalkınma Partisi,
24,Ordu,İhsan Şener,Adalet ve Kalkınma Partisi,
24,Ordu,Harun Çakır,Adalet ve Kalkınma Partisi,
24,Ordu,İdris Yıldız,Cumhuriyet Halk Partisi,
24,Osmaniye,Suat Önal,Adalet ve Kalkınma Partisi,
24,Osmaniye,Durdu Mehmet Kastal,Adalet ve Kalkınma Partisi,
24,Osmaniye,Devlet Bahçeli,Milliyetçi Hareket Partisi,
24,Osmaniye,Hasan Hüseyin Türkoğlu,Milliyetçi Hareket Partisi,
24,Rize,Hayati Yazıcı,Adalet ve Kalkınma Partisi,
24,Rize,Hasan Karal,Adalet ve Kalkınma Partisi,
24,Rize,Nusret Bayraktar,Adalet ve Kalkınma Partisi,
24,Sakarya,Hasan Ali Çelik,Adalet ve Kalkınma Partisi,
24,Sakarya,Ayhan Sefer Üstün,Adalet ve Kalkınma Partisi,
24,Sakarya,Şaban Dişli,Adalet ve Kalkınma Partisi,
24,Sakarya,Ayşenur İslam,Adalet ve Kalkınma Partisi,
24,Sakarya,Ali İhsan Yavuz,Adalet ve Kalkınma Partisi,
24,Sakarya,Engin Özkoç,Cumhuriyet Halk Partisi,
24,Sakarya,Münir Kutluata,Milliyetçi Hareket Partisi,
24,Samsun,Mustafa Demir,Adalet ve Kalkınma Partisi,
24,Samsun,Suat Kılıç,Adalet ve Kalkınma Partisi,
24,Samsun,Cemal Yılmaz Demir,Adalet ve Kalkınma Partisi,
24,Samsun,Tülay Bakır,Adalet ve Kalkınma Partisi,
24,Samsun,Akif Çağatay Kılıç,Adalet ve Kalkınma Partisi,
24,Samsun,Ahmet Yeni,Adalet ve Kalkınma Partisi,
24,Samsun,Haluk Koç,Cumhuriyet Halk Partisi,
24,Samsun,Ahmet İhsan Kalkavan,Cumhuriyet Halk Partisi,
24,Samsun,Cemalettin Şimşek,Milliyetçi Hareket Partisi,
24,Siirt,Afif Demirkıran,Adalet ve Kalkınma Partisi,
24,Siirt,Osman Ören,Adalet ve Kalkınma Partisi,
24,Siirt,Gültan Kışanak,Bağımsız,Barış ve Demokrasi Partisi
24,Sinop,Mehmet Ersoy,Adalet ve Kalkınma Partisi,
24,Sinop,Engin Altay,Cumhuriyet Halk Partisi,
24,Sivas,İsmet Yılmaz,Adalet ve Kalkınma Partisi,
24,Sivas,Nursuna Memecan,Adalet ve Kalkınma Partisi,
24,Sivas,Hilmi Bilgin,Adalet ve Kalkınma Partisi,
24,Sivas,Ali Turan,Adalet ve Kalkınma Partisi,
24,Sivas,Malik Ecder Özdemir,Cumhuriyet Halk Partisi,
24,Tekirdağ,Tevfik Ziyaeddin Akbulut,Adalet ve Kalkınma Partisi,
24,Tekirdağ,Özlem Babadağ,Adalet ve Kalkınma Partisi,
24,Tekirdağ,Faik Öztrak,Cumhuriyet Halk Partisi,
24,Tekirdağ,Candan Yüceer,Cumhuriyet Halk Partisi,
24,Tekirdağ,Emre Köprülü,Cumhuriyet Halk Partisi,
24,Tekirdağ,Bülent Belen,Milliyetçi Hareket Partisi,
24,Tokat,Zeyid Aslan,Adalet ve Kalkınma Partisi,
24,Tokat,Şükrü Ayalan,Adalet ve Kalkınma Partisi,
24,Tokat,Dilek Yüksel,Adalet ve Kalkınma Partisi,
24,Tokat,Orhan Düzgün,Cumhuriyet Halk Partisi,
24,Tokat,Reşat Doğru,Milliyetçi Hareket Partisi,
24,Trabzon,Faruk Nafız Özak,Adalet ve Kalkınma Partisi,
24,Trabzon,Erdoğan Bayraktar,Adalet ve Kalkınma Partisi,
24,Trabzon,Aydın Bıyıklıoğlu,Adalet ve Kalkınma Partisi,
24,Trabzon,Safiye Seymenoğlu,Adalet ve Kalkınma Partisi,
24,Trabzon,Volkan Canalioğlu,Cumhuriyet Halk Partisi,
24,Trabzon,Koray Aydın,Milliyetçi Hareket Partisi,
24,Tunceli,Kamer Genç,Cumhuriyet Halk Partisi,
24,Tunceli,Hüseyin Aygün,Cumhuriyet Halk Partisi,
24,Urfa,Faruk Çelik,Adalet ve Kalkınma Partisi,
24,Urfa,Seyit Eyyüpoğlu,Adalet ve Kalkınma Partisi,
24,Urfa,Mehmet Kasım Gülpınar,Adalet ve Kalkınma Partisi,
24,Urfa,Mehmet Akyürek,Adalet ve Kalkınma Partisi,
24,Urfa,Zeynep Karahan Uslu,Adalet ve Kalkınma Partisi,
24,Urfa,Halil Özcan,Adalet ve Kalkınma Partisi,
24,Urfa,Mahmut Kaçar,Adalet ve Kalkınma Partisi,
24,Urfa,Emin Önen,Adalet ve Kalkınma Partisi,
24,Urfa,Yahya Akman,Adalet ve Kalkınma Partisi,
24,Urfa,Abdulkerim Gök,Adalet ve Kalkınma Partisi,
24,Urfa,İbrahim Ayhan,Bağımsız,Halkların Demokratik Partisi
24,Urfa,İbrahim Binici,Bağımsız,
24,Şırnak,Mehmet Emin Dindar,Adalet ve Kalkınma Partisi,
24,Şırnak,Hasip Kaplan,Bağımsız,Halkların Demokratik Partisi
24,Şırnak,Selma Irmak,Bağımsız,
24,Şırnak,Faysal Sarıyıldız,Bağımsız,
24,Uşak,İsmail Güneş,Adalet ve Kalkınma Partisi,
24,Uşak,Mehmet Altay,Adalet ve Kalkınma Partisi,
24,Uşak,Dilek Akagün Yılmaz,Cumhuriyet Halk Partisi,
24,Van,Burhan Kayatürk,Adalet ve Kalkınma Partisi,
24,Van,Fatih Çiftci,Adalet ve Kalkınma Partisi,
24,Van,Mustafa Bilici,Adalet ve Kalkınma Partisi,
24,Van,Gülşen Orhan,Adalet ve Kalkınma Partisi,
24,Van,Kemal Aktaş,Bağımsız,Halkların Demokratik Partisi
24,Van,Aysel Tuğluk,Bağımsız,
24,Van,Özdal Üçer,Bağımsız,
24,Van,Nazmi Gür,Bağımsız,
24,Yalova,Temel Coşkun,Adalet ve Kalkınma Partisi,
24,Yalova,Muharrem İnce,Cumhuriyet Halk Partisi,
24,Yozgat,Bekir Bozdağ,Adalet ve Kalkınma Partisi,
24,Yozgat,Ertuğrul Soysal,Adalet ve Kalkınma Partisi,
24,Yozgat,Yusuf Başer,Adalet ve Kalkınma Partisi,
24,Yozgat,Sadir Durmaz,Milliyetçi Hareket Partisi,
24,Zonguldak,Köksal Toptan,Adalet ve Kalkınma Partisi,
24,Zonguldak,Ercan Candan,Adalet ve Kalkınma Partisi,
24,Zonguldak,Özcan Ulupınar,Adalet ve Kalkınma Partisi,
24,Zonguldak,Mehmet Haberal,Cumhuriyet Halk Partisi,
24,Zonguldak,Ali İhsan Köktürk,Cumhuriyet Halk Partisi,
24,Yasama dönemleri,1 · 2 · 3 · 4 · 5 · 6 · 7 · 8 · 9 · 10 · 11 · 12 · 13 · 14 · 15 · 16 · 17 · 18 · 19 · 20 · 21 · 22 · 23 · 24 · 25 · 26 · 27 · 28 Seçilmiş senatörler · Kontenjan senatörleri · Tabii senatörler Temsilciler Meclisi · Danışma Meclisi Adana · Adıyaman · Afyonkarahisar · Ağrı · Aksaray · Amasya · Ankara · Antalya · Ardahan · Artvin · Aydın · Balıkesir · Bartın · Batman · Bayburt · Bilecik · Bingöl · Bitlis · Bolu · Burdur · Bursa · Çanakkale · Çankırı · Çorum · Denizli · Diyarbakır · Düzce · Edirne · Elâzığ · Erzincan · Erzurum · Eskişehir · Gaziantep · Giresun · Gümüşhane · Hakkâri · Hatay · Iğdır · Mevcut Isparta · İstanbul · İzmir · Kahramanmaraş · Karabük · Karaman · Kars · Kastamonu · Kayseri · Kırıkkale · Kırklareli · Kırşehir · Kilis · Kocaeli · Konya · Kütahya · Malatya · Manisa · Mardin · Mersin · Muğla · Muş · Nevşehir · Niğde · Ordu · Osmaniye · Rize · Sakarya · Samsun · Siirt · Sinop · Sivas · Şanlıurfa · Şırnak · Tekirdağ · Tokat · Trabzon · Tunceli · Uşak · Van · Yalova · Yozgat · Zonguldak Batum · Biga · Doğubayazıt · Ergani · Çatalca · Gelibolu · Genç · Kozan · Oltu · Silifke · Siverek Eski · Şebinkarahisar Azınlık milletvekilleri · İlk Türk kadın milletvekilleri · Cumhuriyet Senatosu başkanları · Türkiye Büyük Millet Meclisi başkanları,Cumhuriyet Halk Partisi,
24,Cumhuriyet Senatosu,Seçilmiş senatörler · Kontenjan senatörleri · Tabii senatörler,Cumhuriyet Halk Partisi,
24,İller,Mevcut,Adana · Adıyaman · Afyonkarahisar · Ağrı · Aksaray · Amasya · Ankara · Antalya · Ardahan · Artvin · Aydın · Balıkesir · Bartın · Batman · Bayburt · Bilecik · Bingöl · Bitlis · Bolu · Burdur · Bursa · Çanakkale · Çankırı · Çorum · Denizli · Diyarbakır · Düzce · Edirne · Elâzığ · Erzincan · Erzurum · Eskişehir · Gaziantep · Giresun · Gümüşhane · Hakkâri · Hatay · Iğdır · Isparta · İstanbul · İzmir · Kahramanmaraş · Karabük · Karaman · Kars · Kastamonu · Kayseri · Kırıkkale · Kırklareli · Kırşehir · Kilis · Kocaeli · Konya · Kütahya · Malatya · Manisa · Mardin · Mersin · Muğla · Muş · Nevşehir · Niğde · Ordu · Osmaniye · Rize · Sakarya · Samsun · Siirt · Sinop · Sivas · Şanlıurfa · Şırnak · Tekirdağ · Tokat · Trabzon · Tunceli · Uşak · Van · Yalova · Yozgat · Zonguldak,
24,İller,Eski,Adana · Adıyaman · Afyonkarahisar · Ağrı · Aksaray · Amasya · Ankara · Antalya · Ardahan · Artvin · Aydın · Balıkesir · Bartın · Batman · Bayburt · Bilecik · Bingöl · Bitlis · Bolu · Burdur · Bursa · Çanakkale · Çankırı · Çorum · Denizli · Diyarbakır · Düzce · Edirne · Elâzığ · Erzincan · Erzurum · Eskişehir · Gaziantep · Giresun · Gümüşhane · Hakkâri · Hatay · Iğdır · Isparta · İstanbul · İzmir · Kahramanmaraş · Karabük · Karaman · Kars · Kastamonu · Kayseri · Kırıkkale · Kırklareli · Kırşehir · Kilis · Kocaeli · Konya · Kütahya · Malatya · Manisa · Mardin · Mersin · Muğla · Muş · Nevşehir · Niğde · Ordu · Osmaniye · Rize · Sakarya · Samsun · Siirt · Sinop · Sivas · Şanlıurfa · Şırnak · Tekirdağ · Tokat · Trabzon · Tunceli · Uşak · Van · Yalova · Yozgat · Zonguldak,
24,Diğer listeler,Azınlık milletvekilleri · İlk Türk kadın milletvekilleri · Cumhuriyet Senatosu başkanları · Türkiye Büyük Millet Meclisi başkanları,Adana · Adıyaman · Afyonkarahisar · Ağrı · Aksaray · Amasya · Ankara · Antalya · Ardahan · Artvin · Aydın · Balıkesir · Bartın · Batman · Bayburt · Bilecik · Bingöl · Bitlis · Bolu · Burdur · Bursa · Çanakkale · Çankırı · Çorum · Denizli · Diyarbakır · Düzce · Edirne · Elâzığ · Erzincan · Erzurum · Eskişehir · Gaziantep · Giresun · Gümüşhane · Hakkâri · Hatay · Iğdır · Isparta · İstanbul · İzmir · Kahramanmaraş · Karabük · Karaman · Kars · Kastamonu · Kayseri · Kırıkkale · Kırklareli · Kırşehir · Kilis · Kocaeli · Konya · Kütahya · Malatya · Manisa · Mardin · Mersin · Muğla · Muş · Nevşehir · Niğde · Ordu · Osmaniye · Rize · Sakarya · Samsun · Siirt · Sinop · Sivas · Şanlıurfa · Şırnak · Tekirdağ · Tokat · Trabzon · Tunceli · Uşak · Van · Yalova · Yozgat · Zonguldak,
25,Adana,Necdet Ünüvar,Adalet ve Kalkınma Partisi,
25,Adana,Fatma Güldemet Sarı,Adalet ve Kalkınma Partisi,
25,Adana,Sadullah Kısacık,Adalet ve Kalkınma Partisi,
25,Adana,Talip Küçükcan,Adalet ve Kalkınma Partisi,
25,Adana,Mehmet Şükrü Erdinç,Adalet ve Kalkınma Partisi,
25,Adana,Elif Doğan Türkmen,Cumhuriyet Halk Partisi,
25,Adana,Zülfikar İnönü Tümer,Cumhuriyet Halk Partisi,
25,Adana,İbrahim Özdiş,Cumhuriyet Halk Partisi,
25,Adana,Aydın Uslupehlivan,Cumhuriyet Halk Partisi,
25,Adana,Mevlüt Karakaya,Milliyetçi Hareket Partisi,
25,Adana,Muharrem Varlı,Milliyetçi Hareket Partisi,
25,Adana,Seyfettin Yılmaz,Milliyetçi Hareket Partisi,
25,Adana,Rıdvan Turan,Halkların Demokratik Partisi,
25,Adana,Meral Danış Beştaş,Halkların Demokratik Partisi,
25,Adıyaman,Ahmet Aydın,Adalet ve Kalkınma Partisi,
25,Adıyaman,Adnan Boynukara,Adalet ve Kalkınma Partisi,
25,Adıyaman,İbrahim Halil Fırat,Adalet ve Kalkınma Partisi,
25,Adıyaman,Salih Fırat,Adalet ve Kalkınma Partisi,
25,Adıyaman,Behçet Yıldırım,Halkların Demokratik Partisi,
25,Afyonkarahisar,Halil Ürün,Adalet ve Kalkınma Partisi,
25,Afyonkarahisar,Ali Özkaya,Adalet ve Kalkınma Partisi,
25,Afyonkarahisar,Remziye Sıvacı,Adalet ve Kalkınma Partisi,
25,Afyonkarahisar,Mehmet Parsak,Milliyetçi Hareket Partisi,
25,Afyonkarahisar,Burcu Köksal,Cumhuriyet Halk Partisi,
25,Ağrı,Leyla Zana,Halkların Demokratik Partisi,
25,Ağrı,Berdan Öztürk,Halkların Demokratik Partisi,
25,Ağrı,Dirayet Taşdemir,Halkların Demokratik Partisi,
25,Ağrı,Mehmet Emin İlhan,Halkların Demokratik Partisi,
25,Aksaray,İlknur İnceöz,Adalet ve Kalkınma Partisi,
25,Aksaray,Nevzat Palta,Adalet ve Kalkınma Partisi,
25,Aksaray,Turan Yaldır,Milliyetçi Hareket Partisi,
25,Amasya,Naci Bostancı,Adalet ve Kalkınma Partisi,
25,Amasya,Said Yüce,Adalet ve Kalkınma Partisi,
25,Amasya,Mustafa Tuncer,Cumhuriyet Halk Partisi,
25,Ankara (I),Yalçın Akdoğan,Adalet ve Kalkınma Partisi,
25,Ankara (I),Ahmet Gündoğdu,Adalet ve Kalkınma Partisi,
25,Ankara (I),Ali İhsan Arslan,Adalet ve Kalkınma Partisi,
25,Ankara (I),Jülide Sarıeroğlu,Adalet ve Kalkınma Partisi,
25,Ankara (I),Murat Alparslan,Adalet ve Kalkınma Partisi,
25,Ankara (I),Ertan Aydın,Adalet ve Kalkınma Partisi,
25,Ankara (I),Tülay Selamoğlu,Adalet ve Kalkınma Partisi,
25,Ankara (I),Gülsün Bilgehan,Cumhuriyet Halk Partisi,
25,Ankara (I),Necati Yılmaz,Cumhuriyet Halk Partisi,
25,Ankara (I),Tekin Bingöl,Cumhuriyet Halk Partisi,
25,Ankara (I),Aylin Nazlıaka,Cumhuriyet Halk Partisi,
25,Ankara (I),Levent Gök,Cumhuriyet Halk Partisi,
25,Ankara (I),Ali Haydar Hakverdi,Cumhuriyet Halk Partisi,
25,Ankara (I),Bülent Kuşoğlu,Cumhuriyet Halk Partisi,
25,Ankara (I),Tuğrul Türkeş[n 1],Milliyetçi Hareket Partisi,Adalet ve Kalkınma Partisi
25,Ankara (I),Zühal Topcu,Milliyetçi Hareket Partisi,
25,Ankara (I),Mustafa Erdem,Milliyetçi Hareket Partisi,
25,Ankara (I),Sırrı Süreyya Önder,Halkların Demokratik Partisi,
25,Ankara (II),Emrullah İşler,Adalet ve Kalkınma Partisi,
25,Ankara (II),Ahmet İyimaya,Adalet ve Kalkınma Partisi,
25,Ankara (II),Lütfiye Selva Çam,Adalet ve Kalkınma Partisi,
25,Ankara (II),Vedat Bilgin,Adalet ve Kalkınma Partisi,
25,Ankara (II),Aydın Ünal,Adalet ve Kalkınma Partisi,
25,Ankara (II),Ayhan Yılmaz,Adalet ve Kalkınma Partisi,
25,Ankara (II),Mahmut Sami Mallı,Adalet ve Kalkınma Partisi,
25,Ankara (II),Nevzat Ceylan,Adalet ve Kalkınma Partisi,
25,Ankara (II),Şenal Sarıhan,Cumhuriyet Halk Partisi,
25,Ankara (II),Murat Emir,Cumhuriyet Halk Partisi,
25,Ankara (II),Haluk Koç,Cumhuriyet Halk Partisi,
25,Ankara (II),Nihat Yeşil,Cumhuriyet Halk Partisi,
25,Ankara (II),Şefkat Çetin,Milliyetçi Hareket Partisi,
25,Ankara (II),Mustafa Mit,Milliyetçi Hareket Partisi,
25,Antalya,Lütfi Elvan,Adalet ve Kalkınma Partisi,
25,Antalya,Mustafa Köse,Adalet ve Kalkınma Partisi,
25,Antalya,Hüseyin Samani,Adalet ve Kalkınma Partisi,
25,Antalya,Gökcen Özdoğan Enç,Adalet ve Kalkınma Partisi,
25,Antalya,Sena Nur Çelik,Adalet ve Kalkınma Partisi,
25,Antalya,Niyazi Nefi Kara,Cumhuriyet Halk Partisi,
25,Antalya,Deniz Baykal,Cumhuriyet Halk Partisi,
25,Antalya,Çetin Osman Budak,Cumhuriyet Halk Partisi,
25,Antalya,Mustafa Akaydın,Cumhuriyet Halk Partisi,
25,Antalya,Devrim Kök,Cumhuriyet Halk Partisi,
25,Antalya,Mehmet Günal,Milliyetçi Hareket Partisi,
25,Antalya,Ahmet Selim Yurdakul,Milliyetçi Hareket Partisi,
25,Antalya,Tarkan Akıllı,Milliyetçi Hareket Partisi,
25,Antalya,Saruhan Oluç,Halkların Demokratik Partisi,
25,Ardahan,Taşkın Aktaş,Halkların Demokratik Partisi,
25,Ardahan,Orhan Atalay,Adalet ve Kalkınma Partisi,
25,Artvin,İsrafil Kışla,Adalet ve Kalkınma Partisi,
25,Artvin,Uğur Bayraktutan,Cumhuriyet Halk Partisi,
25,Aydın,Bülent Tezcan,Cumhuriyet Halk Partisi,
25,Aydın,Metin Lütfi Baydar,Cumhuriyet Halk Partisi,
25,Aydın,Hüseyin Yıldız,Cumhuriyet Halk Partisi,
25,Aydın,Fatih Atay,Cumhuriyet Halk Partisi,
25,Aydın,Mehmet Sadık Atay,Adalet ve Kalkınma Partisi,
25,Aydın,Abdurrahman Öz,Adalet ve Kalkınma Partisi,
25,Aydın,Ali Uzunırmak,Milliyetçi Hareket Partisi,
25,Balıkesir,Mahmut Poyrazlı,Adalet ve Kalkınma Partisi,
25,Balıkesir,Sema Kırcı,Adalet ve Kalkınma Partisi,
25,Balıkesir,Ali Aydınlıoğlu,Adalet ve Kalkınma Partisi,
25,Balıkesir,Mehmet Tüm,Cumhuriyet Halk Partisi,
25,Balıkesir,Ahmet Akın,Cumhuriyet Halk Partisi,
25,Balıkesir,Namık Havutça,Cumhuriyet Halk Partisi,
25,Balıkesir,İsmail Ok,Milliyetçi Hareket Partisi,
25,Balıkesir,Recep Çetin,Milliyetçi Hareket Partisi,
25,Bartın,Yılmaz Tunç,Adalet ve Kalkınma Partisi,
25,Bartın,Muhammed Rıza Yalçınkaya,Cumhuriyet Halk Partisi,
25,Batman,Ali Atalan,Halkların Demokratik Partisi,
25,Batman,Saadet Becerekli,Halkların Demokratik Partisi,
25,Batman,Ayşe Acar Başaran,Halkların Demokratik Partisi,
25,Batman,Ziver Özdemir,Adalet ve Kalkınma Partisi,
25,Bayburt,Naci Ağbal,Adalet ve Kalkınma Partisi,
25,Bayburt,Karabey Kadri Karaoğlu,Milliyetçi Hareket Partisi,
25,Bilecik,Halil Eldemir,Adalet ve Kalkınma Partisi,
25,Bilecik,Yaşar Tüzün,Cumhuriyet Halk Partisi,
25,Bingöl,Şebnem Elgörmüş,Adalet ve Kalkınma Partisi,
25,Bingöl,Enver Fehmioğlu,Adalet ve Kalkınma Partisi,
25,Bingöl,Hişyar Özsoy,Halkların Demokratik Partisi,
25,Bitlis,Mizgin Irgat,Halkların Demokratik Partisi,
25,Bitlis,Mahmut Celadet Gaydalı,Halkların Demokratik Partisi,
25,Bitlis,Vedat Demiröz,Adalet ve Kalkınma Partisi,
25,Bolu,Ali Ercoşkun,Adalet ve Kalkınma Partisi,
25,Bolu,Fehmi Küpçü,Adalet ve Kalkınma Partisi,
25,Bolu,Tanju Özcan,Cumhuriyet Halk Partisi,
25,Burdur,Reşat Petek,Adalet ve Kalkınma Partisi,
25,Burdur,Mehmet Göker,Cumhuriyet Halk Partisi,
25,Burdur,Alparslan Ahmet Dursun,Milliyetçi Hareket Partisi,
25,Bursa,Mehmet Müezzinoğlu,Adalet ve Kalkınma Partisi,
25,Bursa,Emine Yavuz Gözgeç,Adalet ve Kalkınma Partisi,
25,Bursa,Cemalettin Kani Torun,Adalet ve Kalkınma Partisi,
25,Bursa,Hüseyin Şahin,Adalet ve Kalkınma Partisi,
25,Bursa,İsmet Su,Adalet ve Kalkınma Partisi,
25,Bursa,Hakan Çavuşoğlu,Adalet ve Kalkınma Partisi,
25,Bursa,Önder Matlı,Adalet ve Kalkınma Partisi,
25,Bursa,Zekeriya Birkan,Adalet ve Kalkınma Partisi,
25,Bursa,Bennur Karaburun,Adalet ve Kalkınma Partisi,
25,Bursa,Lale Karabıyık,Cumhuriyet Halk Partisi,
25,Bursa,Ceyhun İrgil,Cumhuriyet Halk Partisi,
25,Bursa,Orhan Sarıbal,Cumhuriyet Halk Partisi,
25,Bursa,Erkan Aydın,Cumhuriyet Halk Partisi,
25,Bursa,Nurhayat Altaca Kayışoğlu,Cumhuriyet Halk Partisi,
25,Bursa,İsmet Büyükataman,Cumhuriyet Halk Partisi,Milliyetçi Hareket Partisi
25,Bursa,Kadir Koçdemir,Cumhuriyet Halk Partisi,
25,Bursa,Tevfik Topçu,Cumhuriyet Halk Partisi,
25,Bursa,Asiye Kolçak,Cumhuriyet Halk Partisi,Halkların Demokratik Partisi
25,Çanakkale,Muharrem Erkek,Cumhuriyet Halk Partisi,Cumhuriyet Halk Partisi
25,Çanakkale,Bülent Öz,Cumhuriyet Halk Partisi,
25,Çanakkale,Bülent Turan,Cumhuriyet Halk Partisi,Adalet ve Kalkınma Partisi
25,Çanakkale,İbrahim Kürşat Tuna,Cumhuriyet Halk Partisi,Milliyetçi Hareket Partisi
25,Çankırı,Muhammet Emin Akbaşoğlu,Cumhuriyet Halk Partisi,Adalet ve Kalkınma Partisi
25,Çankırı,Hüseyin Filiz,Cumhuriyet Halk Partisi,
25,Çorum,Salim Uslu,Cumhuriyet Halk Partisi,Adalet ve Kalkınma Partisi
25,Çorum,Cahit Bağcı,Cumhuriyet Halk Partisi,
25,Çorum,Lütfiye İlksen Ceritoğlu Kurt,Cumhuriyet Halk Partisi,
25,Çorum,Tufan Köse,Cumhuriyet Halk Partisi,Cumhuriyet Halk Partisi
25,Denizli,Nihat Zeybekci,Cumhuriyet Halk Partisi,Adalet ve Kalkınma Partisi
25,Denizli,Mehmet Yüksel,Cumhuriyet Halk Partisi,
25,Denizli,Bilal Uçar,Cumhuriyet Halk Partisi,
25,Denizli,Melike Basmacı,Cumhuriyet Halk Partisi,Cumhuriyet Halk Partisi
25,Denizli,Kazım Arslan,Cumhuriyet Halk Partisi,
25,Denizli,Gülizar Biçer Karaca,Cumhuriyet Halk Partisi,
25,Denizli,Emin Haluk Ayhan,Cumhuriyet Halk Partisi,Milliyetçi Hareket Partisi
25,Diyarbakır,İdris Baluken,Cumhuriyet Halk Partisi,Halkların Demokratik Partisi
25,Diyarbakır,Nursel Aydoğan,Cumhuriyet Halk Partisi,
25,Diyarbakır,Nimetullah Erdoğmuş,Cumhuriyet Halk Partisi,
25,Diyarbakır,Feleknas Uca,Cumhuriyet Halk Partisi,
25,Diyarbakır,Altan Tan,Cumhuriyet Halk Partisi,
25,Diyarbakır,Çağlar Demirel,Cumhuriyet Halk Partisi,
25,Diyarbakır,Ziya Pir,Cumhuriyet Halk Partisi,
25,Diyarbakır,İmam Taşçıer,Cumhuriyet Halk Partisi,
25,Diyarbakır,Sibel Yiğitalp,Cumhuriyet Halk Partisi,
25,Diyarbakır,Edib Berk,Cumhuriyet Halk Partisi,
25,Diyarbakır,Cevdet Yılmaz,Cumhuriyet Halk Partisi,Adalet ve Kalkınma Partisi
25,Düzce,Faruk Özlü,Cumhuriyet Halk Partisi,Adalet ve Kalkınma Partisi
25,Düzce,Fevai Arslan,Cumhuriyet Halk Partisi,
25,Düzce,Ayşe Keşir,Cumhuriyet Halk Partisi,
25,Edirne,Okan Gaytancıoğlu,Cumhuriyet Halk Partisi,Cumhuriyet Halk Partisi
25,Edirne,Erdin Bircan,Cumhuriyet Halk Partisi,
25,Edirne,Şemsettin Emir,Cumhuriyet Halk Partisi,Adalet ve Kalkınma Partisi
25,Elazığ,Şuay Alpay,Cumhuriyet Halk Partisi,Adalet ve Kalkınma Partisi
25,Elazığ,Metin Bulut,Cumhuriyet Halk Partisi,
25,Elazığ,Serpil Bulut,Cumhuriyet Halk Partisi,
25,Elazığ,Yavuz Temizer,Cumhuriyet Halk Partisi,Milliyetçi Hareket Partisi
25,Erzincan,Talha Erol Durmaz,Cumhuriyet Halk Partisi,Adalet ve Kalkınma Partisi
25,Erzincan,Erdoğan Özyalçın,Cumhuriyet Halk Partisi,Cumhuriyet Halk Partisi
25,Erzurum,Efkan Âlâ,Cumhuriyet Halk Partisi,Adalet ve Kalkınma Partisi
25,Erzurum,Adnan Yılmaz,Cumhuriyet Halk Partisi,
25,Erzurum,Zehra Taşkesenlioğlu,Cumhuriyet Halk Partisi,
25,Erzurum,İbrahim Aydemir,Cumhuriyet Halk Partisi,
25,Erzurum,Kamil Aydın,Cumhuriyet Halk Partisi,Milliyetçi Hareket Partisi
25,Erzurum,Seher Akçınar Bayar,Cumhuriyet Halk Partisi,Halkların Demokratik Partisi
25,Eskişehir,Gaye Usluer,Cumhuriyet Halk Partisi,Cumhuriyet Halk Partisi
25,Eskişehir,Utku Çakırözer,Cumhuriyet Halk Partisi,
25,Eskişehir,Cemal Okan Yüksel,Cumhuriyet Halk Partisi,
25,Eskişehir,Nabi Avcı,Cumhuriyet Halk Partisi,Adalet ve Kalkınma Partisi
25,Eskişehir,Salih Koca,Cumhuriyet Halk Partisi,
25,Eskişehir,Ruhsar Demirel,Cumhuriyet Halk Partisi,Milliyetçi Hareket Partisi
25,Gaziantep,Mehmet Şimşek,Cumhuriyet Halk Partisi,Adalet ve Kalkınma Partisi
25,Gaziantep,Abdulhamit Gül,Cumhuriyet Halk Partisi,
25,Gaziantep,Şamil Tayyar,Cumhuriyet Halk Partisi,
25,Gaziantep,Canan Candemir Çelik,Cumhuriyet Halk Partisi,
25,Gaziantep,Abdullah Nejat Koçer,Cumhuriyet Halk Partisi,
25,Gaziantep,Mehmet Erdoğan,Cumhuriyet Halk Partisi,
25,Gaziantep,Ümit Özdağ,Cumhuriyet Halk Partisi,Milliyetçi Hareket Partisi
25,Gaziantep,Ertuğrul Tolga Orhan,Cumhuriyet Halk Partisi,
25,Gaziantep,Mehmet Şeker,Cumhuriyet Halk Partisi,Cumhuriyet Halk Partisi
25,Gaziantep,Mehmet Gökdağ,Cumhuriyet Halk Partisi,
25,Gaziantep,Celal Doğan,Cumhuriyet Halk Partisi,Halkların Demokratik Partisi
25,Gaziantep,Mahmut Toğrul,Cumhuriyet Halk Partisi,
25,Giresun,Turhan Alçelik,Cumhuriyet Halk Partisi,Adalet ve Kalkınma Partisi
25,Giresun,Adem Tatlı,Cumhuriyet Halk Partisi,
25,Giresun,Bülent Yener Bektaşoğlu,Cumhuriyet Halk Partisi,Cumhuriyet Halk Partisi
25,Giresun,Orhan Erzurum,Cumhuriyet Halk Partisi,Milliyetçi Hareket Partisi
25,Gümüşhane,Kemalettin Aydın,Cumhuriyet Halk Partisi,Adalet ve Kalkınma Partisi
25,Gümüşhane,Mustafa Canlı,Cumhuriyet Halk Partisi,Milliyetçi Hareket Partisi
25,Hakkâri,Selma Irmak,Cumhuriyet Halk Partisi,Halkların Demokratik Partisi
25,Hakkâri,Nihat Akdoğan,Cumhuriyet Halk Partisi,
25,Hakkâri,Abdullah Zeydan,Cumhuriyet Halk Partisi,
25,Hatay,Adem Yeşildal,Cumhuriyet Halk Partisi,Adalet ve Kalkınma Partisi
25,Hatay,Orhan Karasayar,Cumhuriyet Halk Partisi,
25,Hatay,Mehmet Öntürk,Cumhuriyet Halk Partisi,
25,Hatay,Mehmet Alğan,Cumhuriyet Halk Partisi,
25,Hatay,Hacı Bayram Türkoğlu,Cumhuriyet Halk Partisi,
25,Hatay,Hilmi Yarayıcı,Cumhuriyet Halk Partisi,Cumhuriyet Halk Partisi
25,Hatay,Mevlüt Dudu,Cumhuriyet Halk Partisi,
25,Hatay,Serkan Topal,Cumhuriyet Halk Partisi,
25,Hatay,Birol Ertem,Cumhuriyet Halk Partisi,
25,Hatay,Adnan Şefik Çirkin,Cumhuriyet Halk Partisi,Milliyetçi Hareket Partisi
25,Iğdır,Mehmet Emin Adıyaman,Halkların Demokratik Partisi,
25,Iğdır,Kıznaz Türkeli,Halkların Demokratik Partisi,
25,Isparta,Süreyya Sadi Bilgiç,Adalet ve Kalkınma Partisi,
25,Isparta,Recep Özel,Adalet ve Kalkınma Partisi,
25,Isparta,Nuri Okutan,Milliyetçi Hareket Partisi,
25,Isparta,İrfan Bakır,Cumhuriyet Halk Partisi,
25,İstanbul (I),İdris Güllüce,Adalet ve Kalkınma Partisi,
25,İstanbul (I),Mihrimah Belma Satır,Adalet ve Kalkınma Partisi,
25,İstanbul (I),Erol Kaya,Adalet ve Kalkınma Partisi,
25,İstanbul (I),Ahmet Berat Çonkar,Adalet ve Kalkınma Partisi,
25,İstanbul (I),Osman Can,Adalet ve Kalkınma Partisi,
25,İstanbul (I),Berat Albayrak,Adalet ve Kalkınma Partisi,
25,İstanbul (I),İsmet Uçma,Adalet ve Kalkınma Partisi,
25,İstanbul (I),Metin Külünk,Adalet ve Kalkınma Partisi,
25,İstanbul (I),Ravza Kavakcı Kan,Adalet ve Kalkınma Partisi,
25,İstanbul (I),Erkan Kandemir,Adalet ve Kalkınma Partisi,
25,İstanbul (I),Alev Dedegil,Adalet ve Kalkınma Partisi,
25,İstanbul (I),Mehmet Ali Pulcu,Adalet ve Kalkınma Partisi,
25,İstanbul (I),Hasan Sert,Adalet ve Kalkınma Partisi,
25,İstanbul (I),Hüseyin Yayman,Adalet ve Kalkınma Partisi,
25,İstanbul (I),Şafak Pavey,Cumhuriyet Halk Partisi,
25,İstanbul (I),Gamze Akkuş İlgezdi,Cumhuriyet Halk Partisi,
25,İstanbul (I),Gürsel Tekin,Cumhuriyet Halk Partisi,
25,İstanbul (I),Barış Yarkadaş,Cumhuriyet Halk Partisi,
25,İstanbul (I),Akif Hamzaçebi,Cumhuriyet Halk Partisi,
25,İstanbul (I),Mahmut Tanal,Cumhuriyet Halk Partisi,
25,İstanbul (I),İlhan Kesici,Cumhuriyet Halk Partisi,
25,İstanbul (I),Oğuz Kaan Salıcı,Cumhuriyet Halk Partisi,
25,İstanbul (I),İhsan Özkes[n 2],Cumhuriyet Halk Partisi,Bağımsız
25,İstanbul (I),Onursal Adıgüzel,Cumhuriyet Halk Partisi,
25,İstanbul (I),Ali Özcan,Cumhuriyet Halk Partisi,
25,İstanbul (I),Selahattin Demirtaş,Halkların Demokratik Partisi,
25,İstanbul (I),Hüda Kaya,Halkların Demokratik Partisi,
25,İstanbul (I),Erdal Ataş,Halkların Demokratik Partisi,
25,İstanbul (I),Semih Yalçın,Milliyetçi Hareket Partisi,
25,İstanbul (I),İzzet Ulvi Yönter,Milliyetçi Hareket Partisi,
25,İstanbul (I),Uygar Suphi Aktan,Milliyetçi Hareket Partisi,
25,İstanbul (II),Volkan Bozkır,Adalet ve Kalkınma Partisi,
25,İstanbul (II),Ayşe Nur Bahçekapılı,Adalet ve Kalkınma Partisi,
25,İstanbul (II),Ekrem Erdem,Adalet ve Kalkınma Partisi,
25,İstanbul (II),Aziz Babuşcu,Adalet ve Kalkınma Partisi,
25,İstanbul (II),Ali Sarıkaya,Adalet ve Kalkınma Partisi,
25,İstanbul (II),Ethem Tolga,Adalet ve Kalkınma Partisi,
25,İstanbul (II),Şirin Ünal,Adalet ve Kalkınma Partisi,
25,İstanbul (II),Fatma Benli,Adalet ve Kalkınma Partisi,
25,İstanbul (II),Hüseyin Bürge,Adalet ve Kalkınma Partisi,
25,İstanbul (II),Sevim Savaşer,Adalet ve Kalkınma Partisi,
25,İstanbul (II),Haydar Ali Yıldız,Adalet ve Kalkınma Partisi,
25,İstanbul (II),Markar Esayan,Adalet ve Kalkınma Partisi,
25,İstanbul (II),Selina Doğan,Adalet ve Kalkınma Partisi,Cumhuriyet Halk Partisi
25,İstanbul (II),Aykut Erdoğdu,Adalet ve Kalkınma Partisi,
25,İstanbul (II),Sezgin Tanrıkulu,Adalet ve Kalkınma Partisi,
25,İstanbul (II),Dursun Çiçek,Adalet ve Kalkınma Partisi,
25,İstanbul (II),Sencer Ayata,Adalet ve Kalkınma Partisi,
25,İstanbul (II),Gülay Yedekci,Adalet ve Kalkınma Partisi,
25,İstanbul (II),Enis Berberoğlu,Adalet ve Kalkınma Partisi,
25,İstanbul (II),Didem Engin,Adalet ve Kalkınma Partisi,
25,İstanbul (II),Turgut Öker,Adalet ve Kalkınma Partisi,Halkların Demokratik Partisi
25,İstanbul (II),Filiz Kerestecioğlu,Adalet ve Kalkınma Partisi,
25,İstanbul (II),Sezai Temelli,Adalet ve Kalkınma Partisi,
25,İstanbul (II),Ekmeleddin İhsanoğlu,Adalet ve Kalkınma Partisi,Milliyetçi Hareket Partisi
25,İstanbul (II),Celal Adan,Adalet ve Kalkınma Partisi,
25,İstanbul (II),Murat Başesgioğlu,Adalet ve Kalkınma Partisi,
25,İstanbul (III),Mustafa Şentop,Adalet ve Kalkınma Partisi,Adalet ve Kalkınma Partisi
25,İstanbul (III),Özlem Zengin,Adalet ve Kalkınma Partisi,
25,İstanbul (III),Feyzullah Kıyıklık,Adalet ve Kalkınma Partisi,
25,İstanbul (III),Mehmet Muş,Adalet ve Kalkınma Partisi,
25,İstanbul (III),Mehmet Doğan Kubat,Adalet ve Kalkınma Partisi,
25,İstanbul (III),Tülay Kaynarca,Adalet ve Kalkınma Partisi,
25,İstanbul (III),Abdurrahim Boynukalın,Adalet ve Kalkınma Partisi,
25,İstanbul (III),Harun Karaca,Adalet ve Kalkınma Partisi,
25,İstanbul (III),Uğur Işılak,Adalet ve Kalkınma Partisi,
25,İstanbul (III),Mustafa Yeneroğlu,Adalet ve Kalkınma Partisi,
25,İstanbul (III),Mustafa Afşın Yazıcıoğlu,Adalet ve Kalkınma Partisi,
25,İstanbul (III),Mehmet Metiner,Adalet ve Kalkınma Partisi,
25,İstanbul (III),Halis Dalkılıç,Adalet ve Kalkınma Partisi,
25,İstanbul (III),Bihlun Tamaylıgil,Adalet ve Kalkınma Partisi,Cumhuriyet Halk Partisi
25,İstanbul (III),İlhan Cihaner,Adalet ve Kalkınma Partisi,
25,İstanbul (III),Engin Altay,Adalet ve Kalkınma Partisi,
25,İstanbul (III),Ali Şeker,Adalet ve Kalkınma Partisi,
25,İstanbul (III),Erdoğan Toprak,Adalet ve Kalkınma Partisi,
25,İstanbul (III),Eren Erdem,Adalet ve Kalkınma Partisi,
25,İstanbul (III),Murat Özçelik,Adalet ve Kalkınma Partisi,
25,İstanbul (III),Zeynel Emre,Adalet ve Kalkınma Partisi,
25,İstanbul (III),Mehmet Bekaroğlu,Adalet ve Kalkınma Partisi,
25,İstanbul (III),Pervin Buldan,Adalet ve Kalkınma Partisi,Halkların Demokratik Partisi
25,İstanbul (III),Garo Paylan,Adalet ve Kalkınma Partisi,
25,İstanbul (III),Abdullah Levent Tüzel,Adalet ve Kalkınma Partisi,
25,İstanbul (III),Ali Kenanoğlu,Adalet ve Kalkınma Partisi,
25,İstanbul (III),Emine Beyza Üstün,Adalet ve Kalkınma Partisi,
25,İstanbul (III),Meral Akşener,Adalet ve Kalkınma Partisi,Milliyetçi Hareket Partisi
25,İstanbul (III),Atila Kaya,Adalet ve Kalkınma Partisi,
25,İstanbul (III),İsmail Faruk Aksu,Adalet ve Kalkınma Partisi,
25,İstanbul (III),Arzu Erdem,Adalet ve Kalkınma Partisi,
25,İzmir (I),Selin Sayek Böke,Cumhuriyet Halk Partisi,
25,İzmir (I),Musa Çam,Cumhuriyet Halk Partisi,
25,İzmir (I),Tuncay Özkan,Cumhuriyet Halk Partisi,
25,İzmir (I),Tacettin Bayır,Cumhuriyet Halk Partisi,
25,İzmir (I),Özcan Purçu,Cumhuriyet Halk Partisi,
25,İzmir (I),Ali Yiğit,Cumhuriyet Halk Partisi,
25,İzmir (I),Veysel Eroğlu,Adalet ve Kalkınma Partisi,
25,İzmir (I),Nükhet Hotar,Adalet ve Kalkınma Partisi,
25,İzmir (I),Cemil Şeboy,Adalet ve Kalkınma Partisi,
25,İzmir (I),Hüseyin Kocabıyık,Adalet ve Kalkınma Partisi,
25,İzmir (I),Oktay Vural,Milliyetçi Hareket Partisi,
25,İzmir (I),Aslan Savaşan,Milliyetçi Hareket Partisi,
25,İzmir (I),Ertuğrul Kürkcü,Halkların Demokratik Partisi,
25,İzmir (II),Kemal Kılıçdaroğlu,Cumhuriyet Halk Partisi,
25,İzmir (II),Zeynep Altıok,Cumhuriyet Halk Partisi,
25,İzmir (II),Zekeriya Temizel,Cumhuriyet Halk Partisi,
25,İzmir (II),Mustafa Balbay,Cumhuriyet Halk Partisi,
25,İzmir (II),Aytun Çıray,Cumhuriyet Halk Partisi,
25,İzmir (II),Kamil Okyay Sındır,Cumhuriyet Halk Partisi,
25,İzmir (II),Mustafa İbrahim Turhan,Adalet ve Kalkınma Partisi,
25,İzmir (II),Nesrin Ulema,Adalet ve Kalkınma Partisi,
25,İzmir (II),Hamza Dağ,Adalet ve Kalkınma Partisi,
25,İzmir (II),Kerem Ali Sürekli,Adalet ve Kalkınma Partisi,
25,İzmir (II),Ahmet Kenan Tanrıkulu,Milliyetçi Hareket Partisi,
25,İzmir (II),Murat Koç,Milliyetçi Hareket Partisi,
25,İzmir (II),Müslüm Doğan,Halkların Demokratik Partisi,
25,Kahramanmaraş,Mahir Ünal,Adalet ve Kalkınma Partisi,
25,Kahramanmaraş,Nursel Reyhanlıoğlu,Adalet ve Kalkınma Partisi,
25,Kahramanmaraş,Veysi Kaynak,Adalet ve Kalkınma Partisi,
25,Kahramanmaraş,Sevde Bayazıt Kaçar,Adalet ve Kalkınma Partisi,
25,Kahramanmaraş,Mehmet Uğur Dilipak,Adalet ve Kalkınma Partisi,
25,Kahramanmaraş,Mehmet İlker Çitil,Adalet ve Kalkınma Partisi,
25,Kahramanmaraş,Fahrettin Oğuz Tor,Milliyetçi Hareket Partisi,
25,Kahramanmaraş,Sefer Aycan,Milliyetçi Hareket Partisi,
25,Karabük,Osman Kahveci,Adalet ve Kalkınma Partisi,
25,Karabük,Durmuş Yalçın,Milliyetçi Hareket Partisi,
25,Karaman,Recep Konuk,Adalet ve Kalkınma Partisi,
25,Karaman,Recep Şeker,Adalet ve Kalkınma Partisi,
25,Kars,Ayhan Bilgen,Halkların Demokratik Partisi,
25,Kars,Şafak Özanli,Halkların Demokratik Partisi,
25,Kars,Mehmet Uçum,Adalet ve Kalkınma Partisi,
25,Kastamonu,Mustafa Gökhan Gülşen,Adalet ve Kalkınma Partisi,
25,Kastamonu,Metin Çelik,Adalet ve Kalkınma Partisi,
25,Kastamonu,Emin Çınar,Milliyetçi Hareket Partisi,
25,Kayseri,Mehmet Özhaseki,Adalet ve Kalkınma Partisi,
25,Kayseri,Ahmet Doğan,Adalet ve Kalkınma Partisi,
25,Kayseri,Yaşar Karayel,Adalet ve Kalkınma Partisi,
25,Kayseri,Kemal Tekden,Adalet ve Kalkınma Partisi,
25,Kayseri,Havva Talay Çalış,Adalet ve Kalkınma Partisi,
25,Kayseri,Yusuf Halaçoğlu,Milliyetçi Hareket Partisi,
25,Kayseri,Hasan Ali Kilci,Milliyetçi Hareket Partisi,
25,Kayseri,Süleyman Korkmaz,Milliyetçi Hareket Partisi,
25,Kayseri,Çetin Arık,Cumhuriyet Halk Partisi,
25,Kırıkkale,Oğuz Kağan Köksal,Adalet ve Kalkınma Partisi,
25,Kırıkkale,Ramazan Can,Adalet ve Kalkınma Partisi,
25,Kırıkkale,Seyit Ahmet Göçer,Milliyetçi Hareket Partisi,
25,Kırklareli,Türabi Kayan,Cumhuriyet Halk Partisi,
25,Kırklareli,Vecdi Gündoğdu,Cumhuriyet Halk Partisi,
25,Kırklareli,Hamdi Irmak,Adalet ve Kalkınma Partisi,
25,Kırşehir,Salih Çetinkaya,Adalet ve Kalkınma Partisi,
25,Kırşehir,Cemil Yıldırım Türk,Milliyetçi Hareket Partisi,
25,Kilis,Reşit Polat,Adalet ve Kalkınma Partisi,
25,Kilis,Mustafa Yün,Milliyetçi Hareket Partisi,
25,Kocaeli,Fikri Işık,Adalet ve Kalkınma Partisi,
25,Kocaeli,Radiye Sezer Katırcıoğlu,Adalet ve Kalkınma Partisi,
25,Kocaeli,Zeki Aygün,Adalet ve Kalkınma Partisi,
25,Kocaeli,İlyas Şeker,Adalet ve Kalkınma Partisi,
25,Kocaeli,Mehmet Akif Yılmaz,Adalet ve Kalkınma Partisi,
25,Kocaeli,Cemalettin Kaflı,Adalet ve Kalkınma Partisi,
25,Kocaeli,Fatma Kaplan Hürriyet,Cumhuriyet Halk Partisi,
25,Kocaeli,Haydar Akar,Cumhuriyet Halk Partisi,
25,Kocaeli,Tahsin Tarhan,Cumhuriyet Halk Partisi,
25,Kocaeli,Saffet Sancaklı,Milliyetçi Hareket Partisi,
25,Kocaeli,Ali Haydar Konca,Halkların Demokratik Partisi,
25,Konya,Ahmet Davutoğlu,Adalet ve Kalkınma Partisi,
25,Konya,Mustafa Baloğlu,Adalet ve Kalkınma Partisi,
25,Konya,Hüsnüye Erdoğan,Adalet ve Kalkınma Partisi,
25,Konya,Ziya Altunyaldız,Adalet ve Kalkınma Partisi,
25,Konya,Muhammet Uğur Kaleli,Adalet ve Kalkınma Partisi,
25,Konya,Leyla Şahin Usta,Adalet ve Kalkınma Partisi,
25,Konya,Mehmet Babaoğlu,Adalet ve Kalkınma Partisi,
25,Konya,Abdullah Ağralı,Adalet ve Kalkınma Partisi,
25,Konya,Halil Etyemez,Adalet ve Kalkınma Partisi,
25,Konya,Rüveyde Gülseren Işık,Adalet ve Kalkınma Partisi,
25,Konya,Hacı Ahmet Özdemir,Adalet ve Kalkınma Partisi,
25,Konya,Mustafa Kalaycı,Milliyetçi Hareket Partisi,
25,Konya,Mustafa Sait Gönen,Milliyetçi Hareket Partisi,
25,Konya,Hüsnü Bozkurt,Cumhuriyet Halk Partisi,
25,Kütahya,Mustafa Şükrü Nazlı,Adalet ve Kalkınma Partisi,
25,Kütahya,Vural Kavuncu,Adalet ve Kalkınma Partisi,
25,Kütahya,İshak Gazel,Adalet ve Kalkınma Partisi,
25,Kütahya,Alim Işık,Adalet ve Kalkınma Partisi,Milliyetçi Hareket Partisi
25,Malatya,Öznur Çalık,Adalet ve Kalkınma Partisi,Adalet ve Kalkınma Partisi
25,Malatya,Taha Özhan,Adalet ve Kalkınma Partisi,
25,Malatya,Mustafa Şahin,Adalet ve Kalkınma Partisi,
25,Malatya,Nurettin Yaşar,Adalet ve Kalkınma Partisi,
25,Malatya,Bülent Tüfenkci,Adalet ve Kalkınma Partisi,
25,Malatya,Veli Ağbaba,Adalet ve Kalkınma Partisi,Cumhuriyet Halk Partisi
25,Manisa,Recai Berber,Adalet ve Kalkınma Partisi,Adalet ve Kalkınma Partisi
25,Manisa,Uğur Aydemir,Adalet ve Kalkınma Partisi,
25,Manisa,Selçuk Özdağ,Adalet ve Kalkınma Partisi,
25,Manisa,Murat Baybatur,Adalet ve Kalkınma Partisi,
25,Manisa,Özgür Özel,Adalet ve Kalkınma Partisi,Cumhuriyet Halk Partisi
25,Manisa,Mazlum Nurlu,Adalet ve Kalkınma Partisi,
25,Manisa,Tur Yıldız Biçer,Adalet ve Kalkınma Partisi,
25,Manisa,Erkan Akçay,Adalet ve Kalkınma Partisi,Milliyetçi Hareket Partisi
25,Manisa,Zeynel Balkız,Adalet ve Kalkınma Partisi,
25,Mardin,Mithat Sancar,Adalet ve Kalkınma Partisi,Halkların Demokratik Partisi
25,Mardin,Gülser Yıldırım,Adalet ve Kalkınma Partisi,
25,Mardin,Erol Dora,Adalet ve Kalkınma Partisi,
25,Mardin,Mehmet Ali Aslan,Adalet ve Kalkınma Partisi,
25,Mardin,Enise Güneyli,Adalet ve Kalkınma Partisi,
25,Mardin,Orhan Miroğlu,Adalet ve Kalkınma Partisi,Adalet ve Kalkınma Partisi
25,Mersin,Hüseyin Çamak,Adalet ve Kalkınma Partisi,Cumhuriyet Halk Partisi
25,Mersin,Fikri Sağlar,Adalet ve Kalkınma Partisi,
25,Mersin,Aytuğ Atıcı,Adalet ve Kalkınma Partisi,
25,Mersin,Mustafa Muhammet Gültak,Adalet ve Kalkınma Partisi,Adalet ve Kalkınma Partisi
25,Mersin,Yılmaz Tezcan,Adalet ve Kalkınma Partisi,
25,Mersin,Muhsin Kızılkaya,Adalet ve Kalkınma Partisi,
25,Mersin,Oktay Öztürk,Adalet ve Kalkınma Partisi,Milliyetçi Hareket Partisi
25,Mersin,Baki Şimşek,Adalet ve Kalkınma Partisi,
25,Mersin,Ali Öz,Adalet ve Kalkınma Partisi,
25,Mersin,Dengir Mir Mehmet Fırat,Adalet ve Kalkınma Partisi,Halkların Demokratik Partisi
25,Mersin,Çilem Küçükkeleş Öz,Adalet ve Kalkınma Partisi,
25,Muğla,Akın Üstündağ,Adalet ve Kalkınma Partisi,Cumhuriyet Halk Partisi
25,Muğla,Ömer Süha Aldan,Adalet ve Kalkınma Partisi,
25,Muğla,Nurettin Demir,Adalet ve Kalkınma Partisi,
25,Muğla,Hasan Özyer,Adalet ve Kalkınma Partisi,Adalet ve Kalkınma Partisi
25,Muğla,Hasan Kökten,Adalet ve Kalkınma Partisi,
25,Muğla,Mehmet Erdoğan,Adalet ve Kalkınma Partisi,Milliyetçi Hareket Partisi
25,Muş,Burcu Çelik Özkan,Adalet ve Kalkınma Partisi,Halkların Demokratik Partisi
25,Muş,Ahmet Yıldırım,Adalet ve Kalkınma Partisi,
25,Muş,Mehmet Emin Şimşek,Adalet ve Kalkınma Partisi,Adalet ve Kalkınma Partisi
25,Nevşehir,Mustafa Açıkgöz,Adalet ve Kalkınma Partisi,Adalet ve Kalkınma Partisi
25,Nevşehir,Murat Göktürk,Adalet ve Kalkınma Partisi,
25,Nevşehir,Mehmet Varol,Milliyetçi Hareket Partisi,
25,Niğde,Alpaslan Kavaklıoğlu,Adalet ve Kalkınma Partisi,
25,Niğde,Erdoğan Özegen,Adalet ve Kalkınma Partisi,
25,Niğde,Vedat Bayram,Milliyetçi Hareket Partisi,
25,Ordu,Numan Kurtulmuş,Adalet ve Kalkınma Partisi,
25,Ordu,Oktay Çanak,Adalet ve Kalkınma Partisi,
25,Ordu,İhsan Şener,Adalet ve Kalkınma Partisi,
25,Ordu,Seyit Torun,Cumhuriyet Halk Partisi,
25,Ordu,Mustafa Adıgüzel,Cumhuriyet Halk Partisi,
25,Osmaniye,Devlet Bahçeli,Milliyetçi Hareket Partisi,
25,Osmaniye,Ruhi Ersoy,Milliyetçi Hareket Partisi,
25,Osmaniye,Suat Önal,Adalet ve Kalkınma Partisi,
25,Osmaniye,Mücahit Durmuşoğlu,Adalet ve Kalkınma Partisi,
25,Rize,Hasan Karal,Adalet ve Kalkınma Partisi,
25,Rize,Hikmet Ayar,Adalet ve Kalkınma Partisi,
25,Rize,Osman Aşkın Bak,Adalet ve Kalkınma Partisi,
25,Sakarya,Ayşenur İslam,Adalet ve Kalkınma Partisi,
25,Sakarya,Mustafa İsen,Adalet ve Kalkınma Partisi,
25,Sakarya,Ali İhsan Yavuz,Adalet ve Kalkınma Partisi,
25,Sakarya,Recep Uncuoğlu,Adalet ve Kalkınma Partisi,
25,Sakarya,Ali İnci,Adalet ve Kalkınma Partisi,
25,Sakarya,Zihni Açba,Milliyetçi Hareket Partisi,
25,Sakarya,Engin Özkoç,Cumhuriyet Halk Partisi,
25,Samsun,Akif Çağatay Kılıç,Adalet ve Kalkınma Partisi,
25,Samsun,Ahmet Demircan,Adalet ve Kalkınma Partisi,
25,Samsun,Fuat Köktaş,Adalet ve Kalkınma Partisi,
25,Samsun,Çiğdem Karaaslan,Adalet ve Kalkınma Partisi,
25,Samsun,Hasan Basri Kurt,Adalet ve Kalkınma Partisi,
25,Samsun,Kemal Zeybek,Cumhuriyet Halk Partisi,
25,Samsun,Hayati Tekin,Cumhuriyet Halk Partisi,
25,Samsun,Erhan Usta,Milliyetçi Hareket Partisi,
25,Samsun,Hüseyin Edis,Milliyetçi Hareket Partisi,
25,Siirt,Kadri Yıldırım,Halkların Demokratik Partisi,
25,Siirt,Hatice Kocaman,Halkların Demokratik Partisi,
25,Siirt,Yasin Aktay,Adalet ve Kalkınma Partisi,
25,Sinop,Cengiz Tokmak,Adalet ve Kalkınma Partisi,
25,Sinop,Barış Karadeniz,Cumhuriyet Halk Partisi,
25,Sivas,İsmet Yılmaz,Adalet ve Kalkınma Partisi,
25,Sivas,Hilmi Bilgin,Adalet ve Kalkınma Partisi,
25,Sivas,Selim Dursun,Adalet ve Kalkınma Partisi,
25,Sivas,Celal Dağgez,Milliyetçi Hareket Partisi,
25,Sivas,Ali Akyıldız,Cumhuriyet Halk Partisi,
25,Şanlıurfa,Nureddin Nebati,Adalet ve Kalkınma Partisi,
25,Şanlıurfa,Mehmet Kasım Gülpınar,Adalet ve Kalkınma Partisi,
25,Şanlıurfa,Seyit Eyyüpoğlu,Adalet ve Kalkınma Partisi,
25,Şanlıurfa,Mazhar Bağlı,Adalet ve Kalkınma Partisi,
25,Şanlıurfa,Halil Özcan,Adalet ve Kalkınma Partisi,
25,Şanlıurfa,Hamide Sürücü,Adalet ve Kalkınma Partisi,
25,Şanlıurfa,Ahmet Eşref Fakıbaba,Adalet ve Kalkınma Partisi,
25,Şanlıurfa,Osman Baydemir,Adalet ve Kalkınma Partisi,Halkların Demokratik Partisi
25,Şanlıurfa,Dilek Öcalan,Adalet ve Kalkınma Partisi,
25,Şanlıurfa,İbrahim Ayhan,Adalet ve Kalkınma Partisi,
25,Şanlıurfa,Leyla Güven,Adalet ve Kalkınma Partisi,
25,Şanlıurfa,Ziya Çalışkan,Adalet ve Kalkınma Partisi,
25,Şırnak,Faysal Sarıyıldız,Adalet ve Kalkınma Partisi,Halkların Demokratik Partisi
25,Şırnak,Leyla Birlik,Adalet ve Kalkınma Partisi,
25,Şırnak,Ferhat Encü,Adalet ve Kalkınma Partisi,
25,Şırnak,Aycan İrmez,Adalet ve Kalkınma Partisi,
25,Tekirdağ,Faik Öztrak,Adalet ve Kalkınma Partisi,Cumhuriyet Halk Partisi
25,Tekirdağ,Candan Yüceer,Adalet ve Kalkınma Partisi,
25,Tekirdağ,Emre Köprülü,Adalet ve Kalkınma Partisi,
25,Tekirdağ,Mustafa Yel,Adalet ve Kalkınma Partisi,Adalet ve Kalkınma Partisi
25,Tekirdağ,Ayşe Doğan,Adalet ve Kalkınma Partisi,
25,Tekirdağ,Bülent Belen,Adalet ve Kalkınma Partisi,Milliyetçi Hareket Partisi
25,Tokat,Coşkun Çakır,Adalet ve Kalkınma Partisi,Adalet ve Kalkınma Partisi
25,Tokat,Celil Göçer,Adalet ve Kalkınma Partisi,
25,Tokat,Fatma Gaye Yiğit,Adalet ve Kalkınma Partisi,
25,Tokat,Abdurrahman Başkan,Adalet ve Kalkınma Partisi,Milliyetçi Hareket Partisi
25,Tokat,Orhan Düzgün,Adalet ve Kalkınma Partisi,Cumhuriyet Halk Partisi
25,Trabzon,Süleyman Soylu,Adalet ve Kalkınma Partisi,Adalet ve Kalkınma Partisi
25,Trabzon,Muhammet Balta,Adalet ve Kalkınma Partisi,
25,Trabzon,Ayşe Sula Köseoğlu,Adalet ve Kalkınma Partisi,
25,Trabzon,Adnan Günnar,Adalet ve Kalkınma Partisi,
25,Trabzon,Koray Aydın,Adalet ve Kalkınma Partisi,Milliyetçi Hareket Partisi
25,Trabzon,Haluk Pekşen,Adalet ve Kalkınma Partisi,Cumhuriyet Halk Partisi
25,Tunceli,Alican Önlü,Adalet ve Kalkınma Partisi,Halkların Demokratik Partisi
25,Tunceli,Edibe Şahin,Adalet ve Kalkınma Partisi,
25,Uşak,Mehmet Altay,Adalet ve Kalkınma Partisi,Adalet ve Kalkınma Partisi
25,Uşak,Özkan Yalım,Adalet ve Kalkınma Partisi,Cumhuriyet Halk Partisi
25,Uşak,Durmuş Yılmaz,Adalet ve Kalkınma Partisi,Milliyetçi Hareket Partisi
25,Van,Figen Yüksekdağ,Adalet ve Kalkınma Partisi,Halkların Demokratik Partisi
25,Van,Lezgin Botan,Adalet ve Kalkınma Partisi,
25,Van,Yurdusev Özsökmenler,Adalet ve Kalkınma Partisi,
25,Van,Adem Geveri,Adalet ve Kalkınma Partisi,
25,Van,Tuğba Hezer,Adalet ve Kalkınma Partisi,
25,Van,Selami Özyaşar,Adalet ve Kalkınma Partisi,
25,Van,Remzi Özgökçe,Adalet ve Kalkınma Partisi,
25,Van,Burhan Kayatürk,Adalet ve Kalkınma Partisi,Adalet ve Kalkınma Partisi
25,Yalova,Fikri Demirel,Adalet ve Kalkınma Partisi,Adalet ve Kalkınma Partisi
25,Yalova,Muharrem İnce,Cumhuriyet Halk Partisi,
25,Yozgat,Abdulkadir Akgül,Adalet ve Kalkınma Partisi,
25,Yozgat,Ertuğrul Soysal,Adalet ve Kalkınma Partisi,
25,Yozgat,Yusuf Başer,Adalet ve Kalkınma Partisi,
25,Yozgat,Sadir Durmaz,Milliyetçi Hareket Partisi,
25,Zonguldak,Şerafettin Turpcu,Cumhuriyet Halk Partisi,
25,Zonguldak,Ünal Demirtaş,Cumhuriyet Halk Partisi,
25,Zonguldak,Hüseyin Özbakır,Adalet ve Kalkınma Partisi,
25,Zonguldak,Faruk Çaturoğlu,Adalet ve Kalkınma Partisi,
25,Zonguldak,Zeki Çakan,Milliyetçi Hareket Partisi,
25,Yasama dönemleri,1 · 2 · 3 · 4 · 5 · 6 · 7 · 8 · 9 · 10 · 11 · 12 · 13 · 14 · 15 · 16 · 17 · 18 · 19 · 20 · 21 · 22 · 23 · 24 · 25 · 26 · 27 · 28 Seçilmiş senatörler · Kontenjan senatörleri · Tabii senatörler Temsilciler Meclisi · Danışma Meclisi Adana · Adıyaman · Afyonkarahisar · Ağrı · Aksaray · Amasya · Ankara · Antalya · Ardahan · Artvin · Aydın · Balıkesir · Bartın · Batman · Bayburt · Bilecik · Bingöl · Bitlis · Bolu · Burdur · Bursa · Çanakkale · Çankırı · Çorum · Denizli · Diyarbakır · Düzce · Edirne · Elâzığ · Erzincan · Erzurum · Eskişehir · Gaziantep · Giresun · Gümüşhane · Hakkâri · Hatay · Iğdır · Mevcut Isparta · İstanbul · İzmir · Kahramanmaraş · Karabük · Karaman · Kars · Kastamonu · Kayseri · Kırıkkale · Kırklareli · Kırşehir · Kilis · Kocaeli · Konya · Kütahya · Malatya · Manisa · Mardin · Mersin · Muğla · Muş · Nevşehir · Niğde · Ordu · Osmaniye · Rize · Sakarya · Samsun · Siirt · Sinop · Sivas · Şanlıurfa · Şırnak · Tekirdağ · Tokat · Trabzon · Tunceli · Uşak · Van · Yalova · Yozgat · Zonguldak Batum · Biga · Doğubayazıt · Ergani · Çatalca · Gelibolu · Genç · Kozan · Oltu · Silifke · Siverek Eski · Şebinkarahisar Azınlık milletvekilleri · İlk Türk kadın milletvekilleri · Cumhuriyet Senatosu başkanları · Türkiye Büyük Millet Meclisi başkanları,Milliyetçi Hareket Partisi,
25,Cumhuriyet Senatosu,Seçilmiş senatörler · Kontenjan senatörleri · Tabii senatörler,Milliyetçi Hareket Partisi,
25,İller,Mevcut,Adana · Adıyaman · Afyonkarahisar · Ağrı · Aksaray · Amasya · Ankara · Antalya · Ardahan · Artvin · Aydın · Balıkesir · Bartın · Batman · Bayburt · Bilecik · Bingöl · Bitlis · Bolu · Burdur · Bursa · Çanakkale · Çankırı · Çorum · Denizli · Diyarbakır · Düzce · Edirne · Elâzığ · Erzincan · Erzurum · Eskişehir · Gaziantep · Giresun · Gümüşhane · Hakkâri · Hatay · Iğdır · Isparta · İstanbul · İzmir · Kahramanmaraş · Karabük · Karaman · Kars · Kastamonu · Kayseri · Kırıkkale · Kırklareli · Kırşehir · Kilis · Kocaeli · Konya · Kütahya · Malatya · Manisa · Mardin · Mersin · Muğla · Muş · Nevşehir · Niğde · Ordu · Osmaniye · Rize · Sakarya · Samsun · Siirt · Sinop · Sivas · Şanlıurfa · Şırnak · Tekirdağ · Tokat · Trabzon · Tunceli · Uşak · Van · Yalova · Yozgat · Zonguldak,
25,İller,Eski,Adana · Adıyaman · Afyonkarahisar · Ağrı · Aksaray · Amasya · Ankara · Antalya · Ardahan · Artvin · Aydın · Balıkesir · Bartın · Batman · Bayburt · Bilecik · Bingöl · Bitlis · Bolu · Burdur · Bursa · Çanakkale · Çankırı · Çorum · Denizli · Diyarbakır · Düzce · Edirne · Elâzığ · Erzincan · Erzurum · Eskişehir · Gaziantep · Giresun · Gümüşhane · Hakkâri · Hatay · Iğdır · Isparta · İstanbul · İzmir · Kahramanmaraş · Karabük · Karaman · Kars · Kastamonu · Kayseri · Kırıkkale · Kırklareli · Kırşehir · Kilis · Kocaeli · Konya · Kütahya · Malatya · Manisa · Mardin · Mersin · Muğla · Muş · Nevşehir · Niğde · Ordu · Osmaniye · Rize · Sakarya · Samsun · Siirt · Sinop · Sivas · Şanlıurfa · Şırnak · Tekirdağ · Tokat · Trabzon · Tunceli · Uşak · Van · Yalova · Yozgat · Zonguldak,
25,Diğer listeler,Azınlık milletvekilleri · İlk Türk kadın milletvekilleri · Cumhuriyet Senatosu başkanları · Türkiye Büyük Millet Meclisi başkanları,Adana · Adıyaman · Afyonkarahisar · Ağrı · Aksaray · Amasya · Ankara · Antalya · Ardahan · Artvin · Aydın · Balıkesir · Bartın · Batman · Bayburt · Bilecik · Bingöl · Bitlis · Bolu · Burdur · Bursa · Çanakkale · Çankırı · Çorum · Denizli · Diyarbakır · Düzce · Edirne · Elâzığ · Erzincan · Erzurum · Eskişehir · Gaziantep · Giresun · Gümüşhane · Hakkâri · Hatay · Iğdır · Isparta · İstanbul · İzmir · Kahramanmaraş · Karabük · Karaman · Kars · Kastamonu · Kayseri · Kırıkkale · Kırklareli · Kırşehir · Kilis · Kocaeli · Konya · Kütahya · Malatya · Manisa · Mardin · Mersin · Muğla · Muş · Nevşehir · Niğde · Ordu · Osmaniye · Rize · Sakarya · Samsun · Siirt · Sinop · Sivas · Şanlıurfa · Şırnak · Tekirdağ · Tokat · Trabzon · Tunceli · Uşak · Van · Yalova · Yozgat · Zonguldak,
26,Adana,Ömer Çelik,Adalet ve Kalkınma Partisi,
26,Adana,Necdet Ünüvar,Adalet ve Kalkınma Partisi,
26,Adana,Fatma Güldemet Sarı,Adalet ve Kalkınma Partisi,
26,Adana,Talip Küçükcan,Adalet ve Kalkınma Partisi,
26,Adana,Mehmet Şükrü Erdinç,Adalet ve Kalkınma Partisi,
26,Adana,Tamer Dağlı,Adalet ve Kalkınma Partisi,
26,Adana,Elif Doğan Türkmen,Cumhuriyet Halk Partisi,
26,Adana,Zülfikar İnönü Tümer,Cumhuriyet Halk Partisi,
26,Adana,İbrahim Özdiş,Cumhuriyet Halk Partisi,
26,Adana,Aydın Uslupehlivan,Cumhuriyet Halk Partisi,
26,Adana,Mevlüt Karakaya,Milliyetçi Hareket Partisi,
26,Adana,Muharrem Varlı,Milliyetçi Hareket Partisi,
26,Adana,Seyfettin Yılmaz,Milliyetçi Hareket Partisi,
26,Adana,Meral Danış Beştaş,Halkların Demokratik Partisi,
26,Adıyaman,Ahmet Aydın,Adalet ve Kalkınma Partisi,
26,Adıyaman,Adnan Boynukara,Adalet ve Kalkınma Partisi,
26,Adıyaman,İbrahim Halil Fırat,Adalet ve Kalkınma Partisi,
26,Adıyaman,Salih Fırat,Adalet ve Kalkınma Partisi,
26,Adıyaman,Behçet Yıldırım,Halkların Demokratik Partisi,
26,Afyonkarahisar,Veysel Eroğlu,Adalet ve Kalkınma Partisi,
26,Afyonkarahisar,Ali Özkaya,Adalet ve Kalkınma Partisi,
26,Afyonkarahisar,Hatice Dudu Özkal,Adalet ve Kalkınma Partisi,
26,Afyonkarahisar,Mehmet Parsak,Milliyetçi Hareket Partisi,
26,Afyonkarahisar,Burcu Köksal,Cumhuriyet Halk Partisi,
26,Ağrı,Leyla Zana,Halkların Demokratik Partisi,Milletvekilliğinin düşmesi
26,Ağrı,Berdan Öztürk,Halkların Demokratik Partisi,
26,Ağrı,Dirayet Taşdemir,Halkların Demokratik Partisi,
26,Ağrı,Cesim Gökçe,Adalet ve Kalkınma Partisi,
26,Aksaray,İlknur İnceöz,Adalet ve Kalkınma Partisi,
26,Aksaray,Cengiz Aydoğdu,Adalet ve Kalkınma Partisi,
26,Aksaray,Mustafa Serdengeçti,Adalet ve Kalkınma Partisi,
26,Amasya,Naci Bostancı,Adalet ve Kalkınma Partisi,
26,Amasya,Haluk İpek,Adalet ve Kalkınma Partisi,
26,Amasya,Mustafa Tuncer,Cumhuriyet Halk Partisi,
26,Ankara (I),Ali Babacan,Adalet ve Kalkınma Partisi,
26,Ankara (I),Yalçın Akdoğan,Adalet ve Kalkınma Partisi,
26,Ankara (I),Ahmet Gündoğdu,Adalet ve Kalkınma Partisi,
26,Ankara (I),Ali İhsan Arslan,Adalet ve Kalkınma Partisi,
26,Ankara (I),Jülide Sarıeroğlu,Adalet ve Kalkınma Partisi,
26,Ankara (I),Murat Alparslan,Adalet ve Kalkınma Partisi,
26,Ankara (I),Ertan Aydın,Adalet ve Kalkınma Partisi,
26,Ankara (I),Fatih Şahin,Adalet ve Kalkınma Partisi,
26,Ankara (I),Gülsün Bilgehan,Cumhuriyet Halk Partisi,
26,Ankara (I),Necati Yılmaz,Cumhuriyet Halk Partisi,
26,Ankara (I),Tekin Bingöl,Cumhuriyet Halk Partisi,
26,Ankara (I),Aylin Nazlıaka,Cumhuriyet Halk Partisi,Bağımsız
26,Ankara (I),Levent Gök,Cumhuriyet Halk Partisi,
26,Ankara (I),Ali Haydar Hakverdi,Cumhuriyet Halk Partisi,
26,Ankara (I),Bülent Kuşoğlu,Cumhuriyet Halk Partisi,
26,Ankara (I),Zühal Topcu,Milliyetçi Hareket Partisi,
26,Ankara (I),Erkan Haberal,Milliyetçi Hareket Partisi,
26,Ankara (I),Sırrı Süreyya Önder,Halkların Demokratik Partisi,
26,Ankara (II),Cemil Çiçek,Adalet ve Kalkınma Partisi,
26,Ankara (II),Tuğrul Türkeş,Adalet ve Kalkınma Partisi,
26,Ankara (II),Emrullah İşler,Adalet ve Kalkınma Partisi,
26,Ankara (II),Ahmet İyimaya,Adalet ve Kalkınma Partisi,
26,Ankara (II),Lütfiye Selva Çam,Adalet ve Kalkınma Partisi,
26,Ankara (II),Vedat Bilgin,Adalet ve Kalkınma Partisi,
26,Ankara (II),Aydın Ünal,Adalet ve Kalkınma Partisi,
26,Ankara (II),Nevzat Ceylan,Adalet ve Kalkınma Partisi,
26,Ankara (II),Şenal Sarıhan,Cumhuriyet Halk Partisi,
26,Ankara (II),Murat Emir,Cumhuriyet Halk Partisi,
26,Ankara (II),Haluk Koç,Cumhuriyet Halk Partisi,
26,Ankara (II),Nihat Yeşil,Cumhuriyet Halk Partisi,
26,Ankara (II),Şefkat Çetin,Milliyetçi Hareket Partisi,
26,Ankara (II),Mustafa Mit,Milliyetçi Hareket Partisi,
26,Antalya,Mevlüt Çavuşoğlu,Adalet ve Kalkınma Partisi,
26,Antalya,Sena Nur Çelik,Adalet ve Kalkınma Partisi,
26,Antalya,Mustafa Köse,Adalet ve Kalkınma Partisi,
26,Antalya,İbrahim Aydın,Adalet ve Kalkınma Partisi,
26,Antalya,Hüseyin Samani,Adalet ve Kalkınma Partisi,
26,Antalya,Gökcen Özdoğan Enç,Adalet ve Kalkınma Partisi,
26,Antalya,Atay Uslu,Adalet ve Kalkınma Partisi,
26,Antalya,Çetin Osman Budak,Cumhuriyet Halk Partisi,
26,Antalya,Devrim Kök,Cumhuriyet Halk Partisi,
26,Antalya,Deniz Baykal,Cumhuriyet Halk Partisi,
26,Antalya,Mustafa Akaydın,Cumhuriyet Halk Partisi,
26,Antalya,Niyazi Nefi Kara,Cumhuriyet Halk Partisi,
26,Antalya,Ahmet Selim Yurdakul,Milliyetçi Hareket Partisi,
26,Antalya,Mehmet Günal,Milliyetçi Hareket Partisi,
26,Ardahan,Orhan Atalay,Adalet ve Kalkınma Partisi,
26,Ardahan,Öztürk Yılmaz,Cumhuriyet Halk Partisi,
26,Artvin,İsrafil Kışla,Adalet ve Kalkınma Partisi,
26,Artvin,Uğur Bayraktutan,Cumhuriyet Halk Partisi,
26,Aydın,Bülent Tezcan,Cumhuriyet Halk Partisi,
26,Aydın,Hüseyin Yıldız,Cumhuriyet Halk Partisi,
26,Aydın,Metin Lütfi Baydar,Cumhuriyet Halk Partisi,
26,Aydın,Abdurrahman Öz,Adalet ve Kalkınma Partisi,
26,Aydın,Mehmet Erdem,Adalet ve Kalkınma Partisi,
26,Aydın,Mustafa Savaş,Adalet ve Kalkınma Partisi,
26,Aydın,Deniz Depboylu,Milliyetçi Hareket Partisi,
26,Balıkesir,Ali Aydınlıoğlu,Adalet ve Kalkınma Partisi,
26,Balıkesir,Kasım Bostan,Adalet ve Kalkınma Partisi,
26,Balıkesir,Mahmut Poyrazlı,Adalet ve Kalkınma Partisi,
26,Balıkesir,Sema Kırcı,Adalet ve Kalkınma Partisi,
26,Balıkesir,Ahmet Akın,Cumhuriyet Halk Partisi,
26,Balıkesir,Mehmet Tüm,Cumhuriyet Halk Partisi,
26,Balıkesir,Namık Havutça,Cumhuriyet Halk Partisi,
26,Balıkesir,İsmail Ok,Milliyetçi Hareket Partisi,İYİ Parti
26,Bartın,Yılmaz Tunç,Adalet ve Kalkınma Partisi,
26,Bartın,Muhammed Rıza Yalçınkaya,Cumhuriyet Halk Partisi,
26,Batman,Ayşe Acar Başaran,Halkların Demokratik Partisi,
26,Batman,Mehmet Ali Aslan,Halkların Demokratik Partisi,
26,Batman,Saadet Becerekli,Halkların Demokratik Partisi,
26,Batman,Ataullah Hamidi,Adalet ve Kalkınma Partisi,
26,Bayburt,Naci Ağbal,Adalet ve Kalkınma Partisi,
26,Bayburt,Şahap Kavcıoğlu,Adalet ve Kalkınma Partisi,
26,Bilecik,Halil Eldemir,Adalet ve Kalkınma Partisi,
26,Bilecik,Yaşar Tüzün,Cumhuriyet Halk Partisi,
26,Bingöl,Cevdet Yılmaz,Adalet ve Kalkınma Partisi,
26,Bingöl,Enver Fehmioğlu,Adalet ve Kalkınma Partisi,
26,Bingöl,Hişyar Özsoy,Halkların Demokratik Partisi,
26,Bitlis,Mahmut Celadet Gaydalı,Halkların Demokratik Partisi,
26,Bitlis,Mizgin Irgat,Halkların Demokratik Partisi,
26,Bitlis,Vedat Demiröz,Adalet ve Kalkınma Partisi,
26,Bolu,Ali Ercoşkun,Adalet ve Kalkınma Partisi,
26,Bolu,Fehmi Küpçü,Adalet ve Kalkınma Partisi,
26,Bolu,Tanju Özcan,Cumhuriyet Halk Partisi,
26,Burdur,Reşat Petek,Adalet ve Kalkınma Partisi,
26,Burdur,Bayram Özçelik,Adalet ve Kalkınma Partisi,
26,Burdur,Mehmet Göker,Cumhuriyet Halk Partisi,
26,Bursa,Efkan Âlâ,Adalet ve Kalkınma Partisi,
26,Bursa,Mehmet Müezzinoğlu,Adalet ve Kalkınma Partisi,
26,Bursa,Muhammet Müfit Aydın,Adalet ve Kalkınma Partisi,
26,Bursa,Bennur Karaburun,Adalet ve Kalkınma Partisi,
26,Bursa,Cemalettin Kani Torun,Adalet ve Kalkınma Partisi,
26,Bursa,Osman Mesten,Adalet ve Kalkınma Partisi,
26,Bursa,Zekeriya Birkan,Adalet ve Kalkınma Partisi,
26,Bursa,Emine Yavuz Gözgeç,Adalet ve Kalkınma Partisi,
26,Bursa,Hakan Çavuşoğlu,Adalet ve Kalkınma Partisi,
26,Bursa,Hüseyin Şahin,Adalet ve Kalkınma Partisi,
26,Bursa,İsmail Aydın,Adalet ve Kalkınma Partisi,
26,Bursa,Lale Karabıyık,Cumhuriyet Halk Partisi,
26,Bursa,Erkan Aydın,Cumhuriyet Halk Partisi,
26,Bursa,Ceyhun İrgil,Cumhuriyet Halk Partisi,
26,Bursa,Orhan Sarıbal,Cumhuriyet Halk Partisi,
26,Bursa,Nurhayat Altaca Kayışoğlu,Cumhuriyet Halk Partisi,
26,Bursa,İsmet Büyükataman,Milliyetçi Hareket Partisi,
26,Bursa,Kadir Koçdemir,Milliyetçi Hareket Partisi,İYİ Parti
26,Çanakkale,Ayhan Gider,Adalet ve Kalkınma Partisi,
26,Çanakkale,Bülent Turan,Adalet ve Kalkınma Partisi,
26,Çanakkale,Muharrem Erkek,Cumhuriyet Halk Partisi,
26,Çanakkale,Bülent Öz,Cumhuriyet Halk Partisi,
26,Çankırı,Hüseyin Filiz,Adalet ve Kalkınma Partisi,
26,Çankırı,Muhammet Emin Akbaşoğlu,Adalet ve Kalkınma Partisi,
26,Çorum,Salim Uslu,Adalet ve Kalkınma Partisi,
26,Çorum,Lütfiye İlksen Ceritoğlu Kurt,Adalet ve Kalkınma Partisi,
26,Çorum,Ahmet Sami Ceylan,Adalet ve Kalkınma Partisi,
26,Çorum,Tufan Köse,Cumhuriyet Halk Partisi,
26,Denizli,Nihat Zeybekci,Adalet ve Kalkınma Partisi,
26,Denizli,Cahit Özkan,Adalet ve Kalkınma Partisi,
26,Denizli,Sema Ramazanoğlu,Adalet ve Kalkınma Partisi,
26,Denizli,Şahin Tin,Adalet ve Kalkınma Partisi,
26,Denizli,Kazım Arslan,Cumhuriyet Halk Partisi,
26,Denizli,Melike Basmacı,Cumhuriyet Halk Partisi,
26,Denizli,Emin Haluk Ayhan,Milliyetçi Hareket Partisi,
26,Diyarbakır,Altan Tan,Halkların Demokratik Partisi,Saadet Partisi
26,Diyarbakır,İdris Baluken,Halkların Demokratik Partisi,
26,Diyarbakır,İmam Taşçıer,Halkların Demokratik Partisi,
26,Diyarbakır,Nursel Aydoğan,Halkların Demokratik Partisi,Milletvekilliğinin düşmesi
26,Diyarbakır,Feleknas Uca,Halkların Demokratik Partisi,
26,Diyarbakır,Nimetullah Erdoğmuş,Halkların Demokratik Partisi,
26,Diyarbakır,Çağlar Demirel,Halkların Demokratik Partisi,
26,Diyarbakır,Sibel Yiğitalp,Halkların Demokratik Partisi,
26,Diyarbakır,Ziya Pir,Halkların Demokratik Partisi,
26,Diyarbakır,Galip Ensarioğlu,Adalet ve Kalkınma Partisi,
26,Diyarbakır,Ebubekir Bal,Adalet ve Kalkınma Partisi,
26,Düzce,Fevai Arslan,Adalet ve Kalkınma Partisi,
26,Düzce,Faruk Özlü,Adalet ve Kalkınma Partisi,
26,Düzce,Ayşe Keşir,Adalet ve Kalkınma Partisi,
26,Edirne,Okan Gaytancıoğlu,Cumhuriyet Halk Partisi,
26,Edirne,Erdin Bircan,Cumhuriyet Halk Partisi,
26,Edirne,Rafet Sezen,Adalet ve Kalkınma Partisi,
26,Elazığ,Ejder Açıkkapı,Adalet ve Kalkınma Partisi,
26,Elazığ,Metin Bulut,Adalet ve Kalkınma Partisi,
26,Elazığ,Ömer Serdar,Adalet ve Kalkınma Partisi,
26,Elazığ,Tahir Öztürk,Adalet ve Kalkınma Partisi,
26,Erzincan,Sebahattin Karakelle,Adalet ve Kalkınma Partisi,
26,Erzincan,Serkan Bayram,Adalet ve Kalkınma Partisi,
26,Erzurum,Recep Akdağ,Adalet ve Kalkınma Partisi,
26,Erzurum,Orhan Deligöz,Adalet ve Kalkınma Partisi,
26,Erzurum,Zehra Taşkesenlioğlu,Adalet ve Kalkınma Partisi,
26,Erzurum,Mustafa Ilıcalı,Adalet ve Kalkınma Partisi,
26,Erzurum,İbrahim Aydemir,Adalet ve Kalkınma Partisi,
26,Erzurum,Kamil Aydın,Milliyetçi Hareket Partisi,
26,Eskişehir,Nabi Avcı,Adalet ve Kalkınma Partisi,
26,Eskişehir,Harun Karacan,Adalet ve Kalkınma Partisi,
26,Eskişehir,Emine Nur Günay,Adalet ve Kalkınma Partisi,
26,Eskişehir,Utku Çakırözer,Cumhuriyet Halk Partisi,
26,Eskişehir,Gaye Usluer,Cumhuriyet Halk Partisi,
26,Eskişehir,Cemal Okan Yüksel,Cumhuriyet Halk Partisi,
26,Gaziantep,Mehmet Şimşek,Adalet ve Kalkınma Partisi,
26,Gaziantep,Abdulhamit Gül,Adalet ve Kalkınma Partisi,
26,Gaziantep,Abdullah Nejat Koçer,Adalet ve Kalkınma Partisi,
26,Gaziantep,Ahmet Uzer,Adalet ve Kalkınma Partisi,
26,Gaziantep,Canan Candemir Çelik,Adalet ve Kalkınma Partisi,
26,Gaziantep,Mehmet Erdoğan,Adalet ve Kalkınma Partisi,
26,Gaziantep,Abdulkadir Yüksel,Adalet ve Kalkınma Partisi,Ölüm
26,Gaziantep,Şamil Tayyar,Adalet ve Kalkınma Partisi,
26,Gaziantep,Akif Ekici,Cumhuriyet Halk Partisi,
26,Gaziantep,Mehmet Gökdağ,Cumhuriyet Halk Partisi,
26,Gaziantep,Ümit Özdağ,Milliyetçi Hareket Partisi,İYİ Parti
26,Gaziantep,Mahmut Toğrul,Halkların Demokratik Partisi,
26,Giresun,Nurettin Canikli,Adalet ve Kalkınma Partisi,
26,Giresun,Sabri Öztürk,Adalet ve Kalkınma Partisi,
26,Giresun,Cemal Öztürk,Adalet ve Kalkınma Partisi,
26,Giresun,Bülent Yener Bektaşoğlu,Cumhuriyet Halk Partisi,
26,Gümüşhane,Cihan Pektaş,Adalet ve Kalkınma Partisi,
26,Gümüşhane,Hacı Osman Akgül,Adalet ve Kalkınma Partisi,
26,Hakkâri,Abdullah Zeydan,Halkların Demokratik Partisi,
26,Hakkâri,Selma Irmak,Halkların Demokratik Partisi,Milletvekilliğinin düşmesi
26,Hakkâri,Nihat Akdoğan,Halkların Demokratik Partisi,
26,Hatay,Adem Yeşildal,Adalet ve Kalkınma Partisi,
26,Hatay,Fevzi Şanverdi,Adalet ve Kalkınma Partisi,
26,Hatay,Hacı Bayram Türkoğlu,Adalet ve Kalkınma Partisi,
26,Hatay,Mehmet Öntürk,Adalet ve Kalkınma Partisi,
26,Hatay,Orhan Karasayar,Adalet ve Kalkınma Partisi,
26,Hatay,Hilmi Yarayıcı,Cumhuriyet Halk Partisi,
26,Hatay,Mevlüt Dudu,Cumhuriyet Halk Partisi,
26,Hatay,Serkan Topal,Cumhuriyet Halk Partisi,
26,Hatay,Birol Ertem,Cumhuriyet Halk Partisi,
26,Hatay,Mehmet Necmettin Ahrazoğlu,Milliyetçi Hareket Partisi,
26,Iğdır,Mehmet Emin Adıyaman,Halkların Demokratik Partisi,
26,Iğdır,Nurettin Aras,Adalet ve Kalkınma Partisi,
26,Isparta,Süreyya Sadi Bilgiç,Adalet ve Kalkınma Partisi,
26,Isparta,Said Yüce,Adalet ve Kalkınma Partisi,
26,Isparta,İrfan Bakır,Cumhuriyet Halk Partisi,
26,Isparta,Nuri Okutan,Milliyetçi Hareket Partisi,İYİ Parti
26,İstanbul (I),İsmail Kahraman,Adalet ve Kalkınma Partisi,
26,İstanbul (I),Mustafa Ataş,Adalet ve Kalkınma Partisi,
26,İstanbul (I),Mihrimah Belma Satır,Adalet ve Kalkınma Partisi,
26,İstanbul (I),Erol Kaya,Adalet ve Kalkınma Partisi,
26,İstanbul (I),Ahmet Berat Çonkar,Adalet ve Kalkınma Partisi,
26,İstanbul (I),Berat Albayrak,Adalet ve Kalkınma Partisi,
26,İstanbul (I),İsmet Uçma,Adalet ve Kalkınma Partisi,
26,İstanbul (I),Metin Külünk,Adalet ve Kalkınma Partisi,
26,İstanbul (I),Ravza Kavakcı Kan,Adalet ve Kalkınma Partisi,
26,İstanbul (I),Azmi Ekinci,Adalet ve Kalkınma Partisi,
26,İstanbul (I),Osman Boyraz,Adalet ve Kalkınma Partisi,
26,İstanbul (I),Hasan Turan,Adalet ve Kalkınma Partisi,
26,İstanbul (I),Hasan Sert,Adalet ve Kalkınma Partisi,
26,İstanbul (I),Mehmet Ali Pulcu,Adalet ve Kalkınma Partisi,
26,İstanbul (I),Hurşit Yıldırım,Adalet ve Kalkınma Partisi,
26,İstanbul (I),Hulusi Şentürk,Adalet ve Kalkınma Partisi,
26,İstanbul (I),Şafak Pavey,Cumhuriyet Halk Partisi,Milletvekilliğinden istifa
26,İstanbul (I),Gamze Akkuş İlgezdi,Cumhuriyet Halk Partisi,
26,İstanbul (I),Gürsel Tekin,Cumhuriyet Halk Partisi,
26,İstanbul (I),Barış Yarkadaş,Cumhuriyet Halk Partisi,
26,İstanbul (I),Akif Hamzaçebi,Cumhuriyet Halk Partisi,
26,İstanbul (I),Mahmut Tanal,Cumhuriyet Halk Partisi,
26,İstanbul (I),İlhan Kesici,Cumhuriyet Halk Partisi,
26,İstanbul (I),Oğuz Kaan Salıcı,Cumhuriyet Halk Partisi,
26,İstanbul (I),Onursal Adıgüzel,Cumhuriyet Halk Partisi,
26,İstanbul (I),Ali Özcan,Cumhuriyet Halk Partisi,
26,İstanbul (I),Yakup Akkaya,Cumhuriyet Halk Partisi,
26,İstanbul (I),Selahattin Demirtaş,Halkların Demokratik Partisi,
26,İstanbul (I),Hüda Kaya,Halkların Demokratik Partisi,
26,İstanbul (I),Semih Yalçın,Milliyetçi Hareket Partisi,
26,İstanbul (I),İzzet Ulvi Yönter,Milliyetçi Hareket Partisi,
26,İstanbul (II),Hayati Yazıcı,Adalet ve Kalkınma Partisi,
26,İstanbul (II),Volkan Bozkır,Adalet ve Kalkınma Partisi,
26,İstanbul (II),Burhan Kuzu,Adalet ve Kalkınma Partisi,
26,İstanbul (II),Ayşe Nur Bahçekapılı,Adalet ve Kalkınma Partisi,
26,İstanbul (II),Fatma Betül Sayan Kaya,Adalet ve Kalkınma Partisi,
26,İstanbul (II),Ekrem Erdem,Adalet ve Kalkınma Partisi,
26,İstanbul (II),Aziz Babuşcu,Adalet ve Kalkınma Partisi,
26,İstanbul (II),Ali Sarıkaya,Adalet ve Kalkınma Partisi,
26,İstanbul (II),Şirin Ünal,Adalet ve Kalkınma Partisi,
26,İstanbul (II),Fatma Benli,Adalet ve Kalkınma Partisi,
26,İstanbul (II),Hüseyin Bürge,Adalet ve Kalkınma Partisi,
26,İstanbul (II),Haydar Ali Yıldız,Adalet ve Kalkınma Partisi,
26,İstanbul (II),Ahmet Hamdi Çamlı,Adalet ve Kalkınma Partisi,
26,İstanbul (II),Markar Esayan,Adalet ve Kalkınma Partisi,
26,İstanbul (II),Selina Doğan,Cumhuriyet Halk Partisi,
26,İstanbul (II),Aykut Erdoğdu,Cumhuriyet Halk Partisi,
26,İstanbul (II),Sezgin Tanrıkulu,Cumhuriyet Halk Partisi,
26,İstanbul (II),Dursun Çiçek,Cumhuriyet Halk Partisi,
26,İstanbul (II),Sencer Ayata,Cumhuriyet Halk Partisi,
26,İstanbul (II),Gülay Yedekci,Cumhuriyet Halk Partisi,
26,İstanbul (II),Enis Berberoğlu,Cumhuriyet Halk Partisi,
26,İstanbul (II),Didem Engin,Cumhuriyet Halk Partisi,
26,İstanbul (II),Celal Doğan,Halkların Demokratik Partisi,
26,İstanbul (II),Filiz Kerestecioğlu,Halkların Demokratik Partisi,
26,İstanbul (II),Ekmeleddin İhsanoğlu,Milliyetçi Hareket Partisi,
26,İstanbul (II),Celal Adan,Milliyetçi Hareket Partisi,
26,İstanbul (III),Mehdi Eker,Adalet ve Kalkınma Partisi,
26,İstanbul (III),Mustafa Şentop,Adalet ve Kalkınma Partisi,
26,İstanbul (III),Mehmet Doğan Kubat,Adalet ve Kalkınma Partisi,
26,İstanbul (III),Serap Yaşar,Adalet ve Kalkınma Partisi,
26,İstanbul (III),Feyzullah Kıyıklık,Adalet ve Kalkınma Partisi,
26,İstanbul (III),Mehmet Muş,Adalet ve Kalkınma Partisi,
26,İstanbul (III),Nureddin Nebati,Adalet ve Kalkınma Partisi,
26,İstanbul (III),Mehmet Metiner,Adalet ve Kalkınma Partisi,
26,İstanbul (III),Harun Karaca,Adalet ve Kalkınma Partisi,
26,İstanbul (III),Tülay Kaynarca,Adalet ve Kalkınma Partisi,
26,İstanbul (III),Mustafa Yeneroğlu,Adalet ve Kalkınma Partisi,
26,İstanbul (III),Erkan Kandemir,Adalet ve Kalkınma Partisi,
26,İstanbul (III),Halis Dalkılıç,Adalet ve Kalkınma Partisi,
26,İstanbul (III),Mürteza Zengin,Adalet ve Kalkınma Partisi,
26,İstanbul (III),Yıldız Seferinoğlu,Adalet ve Kalkınma Partisi,
26,İstanbul (III),Abdullah Başcı,Adalet ve Kalkınma Partisi,
26,İstanbul (III),Bihlun Tamaylıgil,Cumhuriyet Halk Partisi,
26,İstanbul (III),İlhan Cihaner,Cumhuriyet Halk Partisi,
26,İstanbul (III),Engin Altay,Cumhuriyet Halk Partisi,
26,İstanbul (III),Ali Şeker,Cumhuriyet Halk Partisi,
26,İstanbul (III),Erdoğan Toprak,Cumhuriyet Halk Partisi,
26,İstanbul (III),Eren Erdem,Cumhuriyet Halk Partisi,
26,İstanbul (III),Mehmet Bekaroğlu,Cumhuriyet Halk Partisi,
26,İstanbul (III),Zeynel Emre,Cumhuriyet Halk Partisi,
26,İstanbul (III),Sibel Özdemir,Cumhuriyet Halk Partisi,
26,İstanbul (III),Pervin Buldan,Halkların Demokratik Partisi,
26,İstanbul (III),Garo Paylan,Halkların Demokratik Partisi,
26,İstanbul (III),Erdal Ataş,Halkların Demokratik Partisi,
26,İstanbul (III),Atila Kaya,Milliyetçi Hareket Partisi,
26,İstanbul (III),İsmail Faruk Aksu,Milliyetçi Hareket Partisi,
26,İstanbul (III),Arzu Erdem,Milliyetçi Hareket Partisi,
26,İzmir (I),Selin Sayek Böke,Cumhuriyet Halk Partisi,
26,İzmir (I),Musa Çam,Cumhuriyet Halk Partisi,
26,İzmir (I),Tuncay Özkan,Cumhuriyet Halk Partisi,
26,İzmir (I),Tacettin Bayır,Cumhuriyet Halk Partisi,
26,İzmir (I),Özcan Purçu,Cumhuriyet Halk Partisi,
26,İzmir (I),Ali Yiğit,Cumhuriyet Halk Partisi,
26,İzmir (I),Murat Bakan,Cumhuriyet Halk Partisi,
26,İzmir (I),Binali Yıldırım,Adalet ve Kalkınma Partisi,
26,İzmir (I),Mahmut Atilla Kaya,Adalet ve Kalkınma Partisi,
26,İzmir (I),Hüseyin Kocabıyık,Adalet ve Kalkınma Partisi,
26,İzmir (I),Necip Kalkan,Adalet ve Kalkınma Partisi,
26,İzmir (I),Oktay Vural,Milliyetçi Hareket Partisi,
26,İzmir (I),Ertuğrul Kürkcü,Halkların Demokratik Partisi,
26,İzmir (II),Kemal Kılıçdaroğlu,Cumhuriyet Halk Partisi,
26,İzmir (II),Zeynep Altıok,Cumhuriyet Halk Partisi,
26,İzmir (II),Zekeriya Temizel,Cumhuriyet Halk Partisi,
26,İzmir (II),Mustafa Balbay,Cumhuriyet Halk Partisi,
26,İzmir (II),Aytun Çıray,Cumhuriyet Halk Partisi,İYİ Parti
26,İzmir (II),Atila Sertel,Cumhuriyet Halk Partisi,
26,İzmir (II),Kamil Okyay Sındır,Cumhuriyet Halk Partisi,
26,İzmir (II),Nükhet Hotar,Adalet ve Kalkınma Partisi,
26,İzmir (II),İbrahim Mustafa Turhan,Adalet ve Kalkınma Partisi,
26,İzmir (II),Hamza Dağ,Adalet ve Kalkınma Partisi,
26,İzmir (II),Kerem Ali Sürekli,Adalet ve Kalkınma Partisi,
26,İzmir (II),Ahmet Kenan Tanrıkulu,Milliyetçi Hareket Partisi,
26,İzmir (II),Müslüm Doğan,Halkların Demokratik Partisi,
26,Kahramanmaraş,Mahir Ünal,Adalet ve Kalkınma Partisi,
26,Kahramanmaraş,Celalettin Güvenç,Adalet ve Kalkınma Partisi,
26,Kahramanmaraş,İmran Kılıç,Adalet ve Kalkınma Partisi,
26,Kahramanmaraş,Mehmet İlker Çitil,Adalet ve Kalkınma Partisi,
26,Kahramanmaraş,Mehmet Uğur Dilipak,Adalet ve Kalkınma Partisi,
26,Kahramanmaraş,Nursel Reyhanlıoğlu,Adalet ve Kalkınma Partisi,
26,Kahramanmaraş,Veysi Kaynak,Adalet ve Kalkınma Partisi,
26,Kahramanmaraş,Fahrettin Oğuz Tor,Milliyetçi Hareket Partisi,
26,Karabük,Mehmet Ali Şahin,Adalet ve Kalkınma Partisi,
26,Karabük,Burhanettin Uysal,Adalet ve Kalkınma Partisi,
26,Karaman,Recep Konuk,Adalet ve Kalkınma Partisi,
26,Karaman,Recep Şeker,Adalet ve Kalkınma Partisi,
26,Kars,Ahmet Arslan,Adalet ve Kalkınma Partisi,
26,Kars,Yusuf Selahattin Beyribey,Adalet ve Kalkınma Partisi,
26,Kars,Ayhan Bilgen,Halkların Demokratik Partisi,
26,Kastamonu,Hakkı Köylü,Adalet ve Kalkınma Partisi,
26,Kastamonu,Metin Çelik,Adalet ve Kalkınma Partisi,
26,Kastamonu,Murat Demir,Adalet ve Kalkınma Partisi,
26,Kayseri,Taner Yıldız,Adalet ve Kalkınma Partisi,
26,Kayseri,Mehmet Özhaseki,Adalet ve Kalkınma Partisi,
26,Kayseri,Mustafa Elitaş,Adalet ve Kalkınma Partisi,
26,Kayseri,İsmail Emrah Karayel,Adalet ve Kalkınma Partisi,
26,Kayseri,Hülya Nergis,Adalet ve Kalkınma Partisi,
26,Kayseri,İsmail Tamer,Adalet ve Kalkınma Partisi,
26,Kayseri,Sami Dedeoğlu,Adalet ve Kalkınma Partisi,
26,Kayseri,Yusuf Halaçoğlu,Milliyetçi Hareket Partisi,İYİ Parti
26,Kayseri,Çetin Arık,Cumhuriyet Halk Partisi,
26,Kırıkkale,Abdullah Öztürk,Adalet ve Kalkınma Partisi,
26,Kırıkkale,Mehmet Demir,Adalet ve Kalkınma Partisi,
26,Kırıkkale,Ramazan Can,Adalet ve Kalkınma Partisi,
26,Kırşehir,Mikail Arslan,Adalet ve Kalkınma Partisi,
26,Kırşehir,Salih Çetinkaya,Adalet ve Kalkınma Partisi,
26,Kırklareli,Türabi Kayan,Cumhuriyet Halk Partisi,
26,Kırklareli,Vecdi Gündoğdu,Cumhuriyet Halk Partisi,
26,Kırklareli,Selahattin Minsolmaz,Adalet ve Kalkınma Partisi,
26,Kilis,Mustafa Hilmi Dülger,Adalet ve Kalkınma Partisi,
26,Kilis,Reşit Polat,Adalet ve Kalkınma Partisi,
26,Kocaeli,Fikri Işık,Adalet ve Kalkınma Partisi,
26,Kocaeli,Cemil Yaman,Adalet ve Kalkınma Partisi,
26,Kocaeli,İlyas Şeker,Adalet ve Kalkınma Partisi,
26,Kocaeli,Mehmet Akif Yılmaz,Adalet ve Kalkınma Partisi,
26,Kocaeli,Radiye Sezer Katırcıoğlu,Adalet ve Kalkınma Partisi,
26,Kocaeli,Sami Çakır,Adalet ve Kalkınma Partisi,
26,Kocaeli,Zeki Aygün,Adalet ve Kalkınma Partisi,
26,Kocaeli,Haydar Akar,Cumhuriyet Halk Partisi,
26,Kocaeli,Fatma Kaplan Hürriyet,Cumhuriyet Halk Partisi,
26,Kocaeli,Tahsin Tarhan,Cumhuriyet Halk Partisi,
26,Kocaeli,Saffet Sancaklı,Milliyetçi Hareket Partisi,
26,Konya,Ahmet Davutoğlu,Adalet ve Kalkınma Partisi,
26,Konya,Mustafa Baloğlu,Adalet ve Kalkınma Partisi,
26,Konya,Halil Etyemez,Adalet ve Kalkınma Partisi,
26,Konya,Abdullah Ağralı,Adalet ve Kalkınma Partisi,
26,Konya,Ahmet Sorgun,Adalet ve Kalkınma Partisi,
26,Konya,Ömer Ünal,Adalet ve Kalkınma Partisi,
26,Konya,Ziya Altunyaldız,Adalet ve Kalkınma Partisi,
26,Konya,Hacı Ahmet Özdemir,Adalet ve Kalkınma Partisi,
26,Konya,Hüsnüye Erdoğan,Adalet ve Kalkınma Partisi,
26,Konya,Leyla Şahin Usta,Adalet ve Kalkınma Partisi,
26,Konya,Mehmet Babaoğlu,Adalet ve Kalkınma Partisi,
26,Konya,Muhammet Uğur Kaleli,Adalet ve Kalkınma Partisi,
26,Konya,Mustafa Kalaycı,Milliyetçi Hareket Partisi,
26,Konya,Hüsnü Bozkurt,Cumhuriyet Halk Partisi,
26,Kütahya,Ahmet Tan,Adalet ve Kalkınma Partisi,
26,Kütahya,İshak Gazel,Adalet ve Kalkınma Partisi,
26,Kütahya,Mustafa Şükrü Nazlı,Adalet ve Kalkınma Partisi,
26,Kütahya,Vural Kavuncu,Adalet ve Kalkınma Partisi,
26,Malatya,Taha Özhan,Adalet ve Kalkınma Partisi,
26,Malatya,Öznur Çalık,Adalet ve Kalkınma Partisi,
26,Malatya,Nurettin Yaşar,Adalet ve Kalkınma Partisi,
26,Malatya,Bülent Tüfenkci,Adalet ve Kalkınma Partisi,
26,Malatya,Mustafa Şahin,Adalet ve Kalkınma Partisi,
26,Malatya,Veli Ağbaba,Cumhuriyet Halk Partisi,
26,Manisa,Recai Berber,Adalet ve Kalkınma Partisi,
26,Manisa,Selçuk Özdağ,Adalet ve Kalkınma Partisi,
26,Manisa,Uğur Aydemir,Adalet ve Kalkınma Partisi,
26,Manisa,İsmail Bilen,Adalet ve Kalkınma Partisi,
26,Manisa,Murat Baybatur,Adalet ve Kalkınma Partisi,
26,Manisa,Özgür Özel,Cumhuriyet Halk Partisi,
26,Manisa,Tur Yıldız Biçer,Cumhuriyet Halk Partisi,
26,Manisa,Mazlum Nurlu,Cumhuriyet Halk Partisi,
26,Manisa,Erkan Akçay,Milliyetçi Hareket Partisi,
26,Mardin,Mithat Sancar,Halkların Demokratik Partisi,
26,Mardin,Erol Dora,Halkların Demokratik Partisi,
26,Mardin,Gülser Yıldırım,Halkların Demokratik Partisi,
26,Mardin,Ali Atalan,Halkların Demokratik Partisi,
26,Mardin,Orhan Miroğlu,Adalet ve Kalkınma Partisi,
26,Mardin,Ceyda Bölünmez Çankırı,Adalet ve Kalkınma Partisi,
26,Mersin,Lütfi Elvan,Adalet ve Kalkınma Partisi,
26,Mersin,Yılmaz Tezcan,Adalet ve Kalkınma Partisi,
26,Mersin,Hacı Özkan,Adalet ve Kalkınma Partisi,
26,Mersin,Ali Cumhur Taşkın,Adalet ve Kalkınma Partisi,
26,Mersin,Fikri Sağlar,Cumhuriyet Halk Partisi,
26,Mersin,Aytuğ Atıcı,Cumhuriyet Halk Partisi,
26,Mersin,Serdal Kuyucuoğlu,Cumhuriyet Halk Partisi,
26,Mersin,Hüseyin Çamak,Cumhuriyet Halk Partisi,
26,Mersin,Oktay Öztürk,Milliyetçi Hareket Partisi,
26,Mersin,Baki Şimşek,Milliyetçi Hareket Partisi,
26,Mersin,Dengir Mir Mehmet Fırat,Halkların Demokratik Partisi,
26,Muğla,Nurettin Demir,Cumhuriyet Halk Partisi,
26,Muğla,Ömer Süha Aldan,Cumhuriyet Halk Partisi,
26,Muğla,Akın Üstündağ,Cumhuriyet Halk Partisi,
26,Muğla,Nihat Öztürk,Adalet ve Kalkınma Partisi,
26,Muğla,Hasan Özyer,Adalet ve Kalkınma Partisi,
26,Muğla,Mehmet Erdoğan,Milliyetçi Hareket Partisi,
26,Muş,Ahmet Yıldırım,Halkların Demokratik Partisi,Milletvekilliğinin düşmesi
26,Muş,Burcu Çelik Özkan,Halkların Demokratik Partisi,
26,Muş,Mehmet Emin Şimşek,Adalet ve Kalkınma Partisi,
26,Nevşehir,Ebubekir Gizligider,Adalet ve Kalkınma Partisi,
26,Nevşehir,Murat Göktürk,Adalet ve Kalkınma Partisi,
26,Nevşehir,Mustafa Açıkgöz,Adalet ve Kalkınma Partisi,
26,Niğde,Alpaslan Kavaklıoğlu,Adalet ve Kalkınma Partisi,
26,Niğde,Erdoğan Özegen,Adalet ve Kalkınma Partisi,
26,Niğde,Ömer Fethi Gürer,Cumhuriyet Halk Partisi,
26,Ordu,Numan Kurtulmuş,Adalet ve Kalkınma Partisi,
26,Ordu,Metin Gündoğdu,Adalet ve Kalkınma Partisi,
26,Ordu,Ergün Taşcı,Adalet ve Kalkınma Partisi,
26,Ordu,Oktay Çanak,Adalet ve Kalkınma Partisi,
26,Ordu,Seyit Torun,Cumhuriyet Halk Partisi,
26,Osmaniye,Mücahit Durmuşoğlu,Adalet ve Kalkınma Partisi,
26,Osmaniye,Suat Önal,Adalet ve Kalkınma Partisi,
26,Osmaniye,Devlet Bahçeli,Milliyetçi Hareket Partisi,
26,Osmaniye,Ruhi Ersoy,Milliyetçi Hareket Partisi,
26,Rize,Hasan Karal,Adalet ve Kalkınma Partisi,
26,Rize,Hikmet Ayar,Adalet ve Kalkınma Partisi,
26,Rize,Osman Aşkın Bak,Adalet ve Kalkınma Partisi,
26,Sakarya,Mustafa İsen,Adalet ve Kalkınma Partisi,
26,Sakarya,Ayhan Sefer Üstün,Adalet ve Kalkınma Partisi,
26,Sakarya,Ali İhsan Yavuz,Adalet ve Kalkınma Partisi,
26,Sakarya,Recep Uncuoğlu,Adalet ve Kalkınma Partisi,
26,Sakarya,Şaban Dişli,Adalet ve Kalkınma Partisi,
26,Sakarya,Engin Özkoç,Cumhuriyet Halk Partisi,
26,Sakarya,Zihni Açba,Milliyetçi Hareket Partisi,
26,Samsun,Akif Çağatay Kılıç,Adalet ve Kalkınma Partisi,
26,Samsun,Ahmet Demircan,Adalet ve Kalkınma Partisi,
26,Samsun,Hasan Basri Kurt,Adalet ve Kalkınma Partisi,
26,Samsun,Çiğdem Karaaslan,Adalet ve Kalkınma Partisi,
26,Samsun,Fuat Köktaş,Adalet ve Kalkınma Partisi,
26,Samsun,Orhan Kırcalı,Adalet ve Kalkınma Partisi,
26,Samsun,Hayati Tekin,Cumhuriyet Halk Partisi,
26,Samsun,Kemal Zeybek,Cumhuriyet Halk Partisi,
26,Samsun,Erhan Usta,Milliyetçi Hareket Partisi,
26,Siirt,Besime Konca,Halkların Demokratik Partisi,Milletvekilliğinin düşmesi
26,Siirt,Kadri Yıldırım,Halkların Demokratik Partisi,
26,Siirt,Yasin Aktay,Adalet ve Kalkınma Partisi,
26,Sinop,Nazım Maviş,Adalet ve Kalkınma Partisi,
26,Sinop,Barış Karadeniz,Cumhuriyet Halk Partisi,
26,Sivas,İsmet Yılmaz,Adalet ve Kalkınma Partisi,
26,Sivas,Mehmet Habib Soluk,Adalet ve Kalkınma Partisi,
26,Sivas,Selim Dursun,Adalet ve Kalkınma Partisi,
26,Sivas,Hilmi Bilgin,Adalet ve Kalkınma Partisi,
26,Sivas,Ali Akyıldız,Cumhuriyet Halk Partisi,
26,Şanlıurfa,Faruk Çelik,Adalet ve Kalkınma Partisi,
26,Şanlıurfa,Halil Özcan,Adalet ve Kalkınma Partisi,
26,Şanlıurfa,Ahmet Eşref Fakıbaba,Adalet ve Kalkınma Partisi,
26,Şanlıurfa,İbrahim Halil Yıldız,Adalet ve Kalkınma Partisi,
26,Şanlıurfa,Kemalettin Yılmaztekin,Adalet ve Kalkınma Partisi,
26,Şanlıurfa,Mahmut Kaçar,Adalet ve Kalkınma Partisi,
26,Şanlıurfa,Mehmet Akyürek,Adalet ve Kalkınma Partisi,
26,Şanlıurfa,Mehmet Ali Cevheri,Adalet ve Kalkınma Partisi,
26,Şanlıurfa,Mehmet Kasım Gülpınar,Adalet ve Kalkınma Partisi,
26,Şanlıurfa,Osman Baydemir,Halkların Demokratik Partisi,Milletvekilliğinin düşmesi
26,Şanlıurfa,İbrahim Ayhan,Halkların Demokratik Partisi,Milletvekilliğinin düşmesi
26,Şanlıurfa,Dilek Öcalan,Halkların Demokratik Partisi,
26,Şırnak,Faysal Sarıyıldız,Halkların Demokratik Partisi,Milletvekilliğinin düşmesi
26,Şırnak,Ferhat Encü,Halkların Demokratik Partisi,Milletvekilliğinin düşmesi
26,Şırnak,Leyla Birlik,Halkların Demokratik Partisi,
26,Şırnak,Aycan İrmez,Halkların Demokratik Partisi,
26,Tekirdağ,Faik Öztrak,Cumhuriyet Halk Partisi,
26,Tekirdağ,Candan Yüceer,Cumhuriyet Halk Partisi,
26,Tekirdağ,Emre Köprülü,Cumhuriyet Halk Partisi,
26,Tekirdağ,Mustafa Yel,Adalet ve Kalkınma Partisi,
26,Tekirdağ,Ayşe Doğan,Adalet ve Kalkınma Partisi,
26,Tekirdağ,Metin Akgün,Adalet ve Kalkınma Partisi,
26,Tokat,Zeyid Aslan,Adalet ve Kalkınma Partisi,
26,Tokat,Celil Göçer,Adalet ve Kalkınma Partisi,
26,Tokat,Coşkun Çakır,Adalet ve Kalkınma Partisi,
26,Tokat,Yusuf Beyazıt,Adalet ve Kalkınma Partisi,
26,Tokat,Kadim Durmaz,Cumhuriyet Halk Partisi,
26,Trabzon,Süleyman Soylu,Adalet ve Kalkınma Partisi,
26,Trabzon,Salih Cora,Adalet ve Kalkınma Partisi,
26,Trabzon,Muhammet Balta,Adalet ve Kalkınma Partisi,
26,Trabzon,Adnan Günnar,Adalet ve Kalkınma Partisi,
26,Trabzon,Ayşe Sula Köseoğlu,Adalet ve Kalkınma Partisi,
26,Trabzon,Haluk Pekşen,Cumhuriyet Halk Partisi,
26,Tunceli,Alican Önlü,Halkların Demokratik Partisi,
26,Tunceli,Gürsel Erol,Cumhuriyet Halk Partisi,
26,Uşak,Alim Tunç,Adalet ve Kalkınma Partisi,
26,Uşak,Mehmet Altay,Adalet ve Kalkınma Partisi,
26,Uşak,Özkan Yalım,Cumhuriyet Halk Partisi,
26,Van,Figen Yüksekdağ,Halkların Demokratik Partisi,Milletvekilliğinin düşmesi
26,Van,Lezgin Botan,Halkların Demokratik Partisi,
26,Van,Nadir Yıldırım,Halkların Demokratik Partisi,
26,Van,Adem Geveri,Halkların Demokratik Partisi,
26,Van,Bedia Özgökçe Ertan,Halkların Demokratik Partisi,
26,Van,Tuğba Hezer Öztürk,Halkların Demokratik Partisi,Milletvekilliğinin düşmesi
26,Van,Beşir Atalay,Adalet ve Kalkınma Partisi,
26,Van,Burhan Kayatürk,Adalet ve Kalkınma Partisi,
26,Yalova,Fikri Demirel,Adalet ve Kalkınma Partisi,
26,Yalova,Muharrem İnce,Cumhuriyet Halk Partisi,
26,Yozgat,Bekir Bozdağ,Adalet ve Kalkınma Partisi,
26,Yozgat,Abdulkadir Akgül,Adalet ve Kalkınma Partisi,
26,Yozgat,Ertuğrul Soysal,Adalet ve Kalkınma Partisi,
26,Yozgat,Yusuf Başer,Adalet ve Kalkınma Partisi,
26,Zonguldak,Faruk Çaturoğlu,Adalet ve Kalkınma Partisi,
26,Zonguldak,Hüseyin Özbakır,Adalet ve Kalkınma Partisi,
26,Zonguldak,Özcan Ulupınar,Adalet ve Kalkınma Partisi,
26,Zonguldak,Şerafettin Turpcu,Cumhuriyet Halk Partisi,
26,Zonguldak,Ünal Demirtaş,Cumhuriyet Halk Partisi,
26,Yasama dönemleri,1 · 2 · 3 · 4 · 5 · 6 · 7 · 8 · 9 · 10 · 11 · 12 · 13 · 14 · 15 · 16 · 17 · 18 · 19 · 20 · 21 · 22 · 23 · 24 · 25 · 26 · 27 · 28 Seçilmiş senatörler · Kontenjan senatörleri · Tabii senatörler Temsilciler Meclisi · Danışma Meclisi Adana · Adıyaman · Afyonkarahisar · Ağrı · Aksaray · Amasya · Ankara · Antalya · Ardahan · Artvin · Aydın · Balıkesir · Bartın · Batman · Bayburt · Bilecik · Bingöl · Bitlis · Bolu · Burdur · Bursa · Çanakkale · Çankırı · Çorum · Denizli · Diyarbakır · Düzce · Edirne · Elâzığ · Erzincan · Erzurum · Eskişehir · Gaziantep · Giresun · Gümüşhane · Hakkâri · Hatay · Iğdır · Mevcut Isparta · İstanbul · İzmir · Kahramanmaraş · Karabük · Karaman · Kars · Kastamonu · Kayseri · Kırıkkale · Kırklareli · Kırşehir · Kilis · Kocaeli · Konya · Kütahya · Malatya · Manisa · Mardin · Mersin · Muğla · Muş · Nevşehir · Niğde · Ordu · Osmaniye · Rize · Sakarya · Samsun · Siirt · Sinop · Sivas · Şanlıurfa · Şırnak · Tekirdağ · Tokat · Trabzon · Tunceli · Uşak · Van · Yalova · Yozgat · Zonguldak Batum · Biga · Doğubayazıt · Ergani · Çatalca · Gelibolu · Genç · Kozan · Oltu · Silifke · Siverek Eski · Şebinkarahisar Azınlık milletvekilleri · İlk Türk kadın milletvekilleri · Cumhuriyet Senatosu başkanları · Türkiye Büyük Millet Meclisi başkanları,Cumhuriyet Halk Partisi,
26,Cumhuriyet Senatosu,Seçilmiş senatörler · Kontenjan senatörleri · Tabii senatörler,Cumhuriyet Halk Partisi,
26,İller,Mevcut,Adana · Adıyaman · Afyonkarahisar · Ağrı · Aksaray · Amasya · Ankara · Antalya · Ardahan · Artvin · Aydın · Balıkesir · Bartın · Batman · Bayburt · Bilecik · Bingöl · Bitlis · Bolu · Burdur · Bursa · Çanakkale · Çankırı · Çorum · Denizli · Diyarbakır · Düzce · Edirne · Elâzığ · Erzincan · Erzurum · Eskişehir · Gaziantep · Giresun · Gümüşhane · Hakkâri · Hatay · Iğdır · Isparta · İstanbul · İzmir · Kahramanmaraş · Karabük · Karaman · Kars · Kastamonu · Kayseri · Kırıkkale · Kırklareli · Kırşehir · Kilis · Kocaeli · Konya · Kütahya · Malatya · Manisa · Mardin · Mersin · Muğla · Muş · Nevşehir · Niğde · Ordu · Osmaniye · Rize · Sakarya · Samsun · Siirt · Sinop · Sivas · Şanlıurfa · Şırnak · Tekirdağ · Tokat · Trabzon · Tunceli · Uşak · Van · Yalova · Yozgat · Zonguldak,
26,İller,Eski,Adana · Adıyaman · Afyonkarahisar · Ağrı · Aksaray · Amasya · Ankara · Antalya · Ardahan · Artvin · Aydın · Balıkesir · Bartın · Batman · Bayburt · Bilecik · Bingöl · Bitlis · Bolu · Burdur · Bursa · Çanakkale · Çankırı · Çorum · Denizli · Diyarbakır · Düzce · Edirne · Elâzığ · Erzincan · Erzurum · Eskişehir · Gaziantep · Giresun · Gümüşhane · Hakkâri · Hatay · Iğdır · Isparta · İstanbul · İzmir · Kahramanmaraş · Karabük · Karaman · Kars · Kastamonu · Kayseri · Kırıkkale · Kırklareli · Kırşehir · Kilis · Kocaeli · Konya · Kütahya · Malatya · Manisa · Mardin · Mersin · Muğla · Muş · Nevşehir · Niğde · Ordu · Osmaniye · Rize · Sakarya · Samsun · Siirt · Sinop · Sivas · Şanlıurfa · Şırnak · Tekirdağ · Tokat · Trabzon · Tunceli · Uşak · Van · Yalova · Yozgat · Zonguldak,
26,Diğer listeler,Azınlık milletvekilleri · İlk Türk kadın milletvekilleri · Cumhuriyet Senatosu başkanları · Türkiye Büyük Millet Meclisi başkanları,Adana · Adıyaman · Afyonkarahisar · Ağrı · Aksaray · Amasya · Ankara · Antalya · Ardahan · Artvin · Aydın · Balıkesir · Bartın · Batman · Bayburt · Bilecik · Bingöl · Bitlis · Bolu · Burdur · Bursa · Çanakkale · Çankırı · Çorum · Denizli · Diyarbakır · Düzce · Edirne · Elâzığ · Erzincan · Erzurum · Eskişehir · Gaziantep · Giresun · Gümüşhane · Hakkâri · Hatay · Iğdır · Isparta · İstanbul · İzmir · Kahramanmaraş · Karabük · Karaman · Kars · Kastamonu · Kayseri · Kırıkkale · Kırklareli · Kırşehir · Kilis · Kocaeli · Konya · Kütahya · Malatya · Manisa · Mardin · Mersin · Muğla · Muş · Nevşehir · Niğde · Ordu · Osmaniye · Rize · Sakarya · Samsun · Siirt · Sinop · Sivas · Şanlıurfa · Şırnak · Tekirdağ · Tokat · Trabzon · Tunceli · Uşak · Van · Yalova · Yozgat · Zonguldak,
27,Adana,Jülide Sarıeroğlu,Adalet ve Kalkınma Partisi,
27,Adana,Tamer Dağlı,Adalet ve Kalkınma Partisi,
27,Adana,Mehmet Şükrü Erdinç,Adalet ve Kalkınma Partisi,
27,Adana,Ahmet Zenbilci,Adalet ve Kalkınma Partisi,
27,Adana,Abdullah Doğru,Adalet ve Kalkınma Partisi,
27,Adana,Ayhan Barut,Cumhuriyet Halk Partisi,
27,Adana,Orhan Sümer,Cumhuriyet Halk Partisi,
27,Adana,Müzeyyen Şevkin,Cumhuriyet Halk Partisi,
27,Adana,Burhanettin Bulut,Cumhuriyet Halk Partisi,
27,Adana,Tülay Hatimoğulları Oruç,Halkların Demokratik Partisi,
27,Adana,Kemal Peköz,Halkların Demokratik Partisi,
27,Adana,İsmail Koncuk,İYİ Parti,
27,Adana,Mehmet Metanet Çulhaoğlu,İYİ Parti,
27,Adana,Muharrem Varlı,Milliyetçi Hareket Partisi,
27,Adana,Ayşe Sibel Ersoy,Milliyetçi Hareket Partisi,
27,Adıyaman,Ahmet Aydın,Adalet ve Kalkınma Partisi,
27,Adıyaman,İbrahim Halil Fırat,Adalet ve Kalkınma Partisi,
27,Adıyaman,Muhammed Fatih Toprak,Adalet ve Kalkınma Partisi,
27,Adıyaman,Yakup Taş,Adalet ve Kalkınma Partisi,Ölüm
27,Adıyaman,Abdurrahman Tutdere,Cumhuriyet Halk Partisi,
27,Afyonkarahisar,Veysel Eroğlu,Adalet ve Kalkınma Partisi,
27,Afyonkarahisar,Ali Özkaya,Adalet ve Kalkınma Partisi,
27,Afyonkarahisar,İbrahim Yurdunuseven,Adalet ve Kalkınma Partisi,
27,Afyonkarahisar,Burcu Köksal,Cumhuriyet Halk Partisi,
27,Afyonkarahisar,Mehmet Taytak,Milliyetçi Hareket Partisi,
27,Afyonkarahisar,Gültekin Uysal,İYİ Parti,Demokrat Parti
27,Ağrı,Berdan Öztürk,Halkların Demokratik Partisi,
27,Ağrı,Dirayet Taşdemir,Halkların Demokratik Partisi,
27,Ağrı,Abdullah Koç,Halkların Demokratik Partisi,
27,Ağrı,Ekrem Çelebi,Adalet ve Kalkınma Partisi,
27,Aksaray,İlknur İnceöz,Adalet ve Kalkınma Partisi,
27,Aksaray,Cengiz Aydoğdu,Adalet ve Kalkınma Partisi,
27,Aksaray,Ramazan Kaşlı,Milliyetçi Hareket Partisi,
27,Aksaray,Ayhan Erel,İYİ Parti,
27,Amasya,Mustafa Levent Karahocagil,Adalet ve Kalkınma Partisi,
27,Amasya,Hasan Çilez,Adalet ve Kalkınma Partisi,
27,Amasya,Mustafa Tuncer,Cumhuriyet Halk Partisi,
27,Ankara (I),Tekin Bingöl,Cumhuriyet Halk Partisi,
27,Ankara (I),Levent Gök,Cumhuriyet Halk Partisi,
27,Ankara (I),Ali Haydar Hakverdi,Cumhuriyet Halk Partisi,
27,Ankara (I),Bülent Kuşoğlu,Cumhuriyet Halk Partisi,
27,Ankara (I),Gamze Taşcıer,Cumhuriyet Halk Partisi,
27,Ankara (I),Tuğrul Türkeş,Adalet ve Kalkınma Partisi,
27,Ankara (I),Fatih Şahin,Adalet ve Kalkınma Partisi,
27,Ankara (I),Yalçın Akdoğan,Adalet ve Kalkınma Partisi,
27,Ankara (I),Ali İhsan Arslan,Adalet ve Kalkınma Partisi,
27,Ankara (I),Koray Aydın,İYİ Parti,
27,Ankara (I),İbrahim Halil Oral,İYİ Parti,
27,Ankara (I),Mevlüt Karakaya,Milliyetçi Hareket Partisi,
27,Ankara (I),Filiz Kerestecioğlu,Halkların Demokratik Partisi,
27,Ankara (II),Mustafa Destici,Adalet ve Kalkınma Partisi,Büyük Birlik Partisi
27,Ankara (II),Lütfiye Selva Çam,Adalet ve Kalkınma Partisi,
27,Ankara (II),Emrullah İşler,Adalet ve Kalkınma Partisi,
27,Ankara (II),Orhan Yegin,Adalet ve Kalkınma Partisi,
27,Ankara (II),Arife Polat Düzgün,Adalet ve Kalkınma Partisi,
27,Ankara (II),Zeynep Yıldız,Adalet ve Kalkınma Partisi,
27,Ankara (II),Murat Emir,Cumhuriyet Halk Partisi,
27,Ankara (II),Yıldırım Kaya,Cumhuriyet Halk Partisi,
27,Ankara (II),Sadir Durmaz,Milliyetçi Hareket Partisi,
27,Ankara (II),Nevin Taşlıçay,Milliyetçi Hareket Partisi,
27,Ankara (II),Şenol Sunat,İYİ Parti,
27,Ankara (III),Naci Bostancı,Adalet ve Kalkınma Partisi,
27,Ankara (III),Asuman Erdoğan,Adalet ve Kalkınma Partisi,
27,Ankara (III),Nevzat Ceylan,Adalet ve Kalkınma Partisi,
27,Ankara (III),Barış Aydın,Adalet ve Kalkınma Partisi,
27,Ankara (III),Hacı Turan,Adalet ve Kalkınma Partisi,
27,Ankara (III),Haluk Koç,Cumhuriyet Halk Partisi,
27,Ankara (III),Nihat Yeşil,Cumhuriyet Halk Partisi,
27,Ankara (III),Servet Ünsal,Cumhuriyet Halk Partisi,
27,Ankara (III),Yaşar Yıldırım,Milliyetçi Hareket Partisi,
27,Ankara (III),Erkan Haberal,Milliyetçi Hareket Partisi,
27,Ankara (III),Durmuş Yılmaz,İYİ Parti,
27,Ankara (III),Ayhan Altıntaş,İYİ Parti,
27,Antalya,Mevlüt Çavuşoğlu,Adalet ve Kalkınma Partisi,Milletvekilliğinden istifa (Dışişleri Bakanlığı'na atandı)
27,Antalya,Mustafa Köse,Adalet ve Kalkınma Partisi,
27,Antalya,Sena Nur Çelik,Adalet ve Kalkınma Partisi,
27,Antalya,İbrahim Aydın,Adalet ve Kalkınma Partisi,
27,Antalya,Atay Uslu,Adalet ve Kalkınma Partisi,
27,Antalya,Kemal Çelik,Adalet ve Kalkınma Partisi,
27,Antalya,Deniz Baykal,Cumhuriyet Halk Partisi,Ölüm
27,Antalya,Çetin Osman Budak,Cumhuriyet Halk Partisi,
27,Antalya,Rafet Zeybek,Cumhuriyet Halk Partisi,
27,Antalya,Aydın Özer,Cumhuriyet Halk Partisi,
27,Antalya,Cavit Arı,Cumhuriyet Halk Partisi,
27,Antalya,Feridun Bahşi,İYİ Parti,
27,Antalya,Hasan Subaşı,İYİ Parti,
27,Antalya,Tuba Vural Çokal,İYİ Parti,Adalet ve Kalkınma Partisi
27,Antalya,Abdurrahman Başkan,Milliyetçi Hareket Partisi,
27,Antalya,Kemal Bülbül,Halkların Demokratik Partisi,
27,Ardahan,Orhan Atalay,Adalet ve Kalkınma Partisi,
27,Ardahan,Öztürk Yılmaz,Cumhuriyet Halk Partisi,Yenilik Partisi
27,Artvin,Ertunç Erkan Balta,Adalet ve Kalkınma Partisi,
27,Artvin,Uğur Bayraktutan,Cumhuriyet Halk Partisi,
27,Aydın,Mustafa Savaş,Adalet ve Kalkınma Partisi,
27,Aydın,Bekir Kuvvet Erim,Adalet ve Kalkınma Partisi,
27,Aydın,Metin Yavuz,Adalet ve Kalkınma Partisi,
27,Aydın,Rıza Posacı,Adalet ve Kalkınma Partisi,
27,Aydın,Bülent Tezcan,Cumhuriyet Halk Partisi,
27,Aydın,Hüseyin Yıldız,Cumhuriyet Halk Partisi,
27,Aydın,Süleyman Bülbül,Cumhuriyet Halk Partisi,
27,Aydın,Aydın Adnan Sezgin,İYİ Parti,
27,Balıkesir,Adil Çelik,Adalet ve Kalkınma Partisi,
27,Balıkesir,Belgin Uygur,Adalet ve Kalkınma Partisi,
27,Balıkesir,Yavuz Subaşı,Adalet ve Kalkınma Partisi,
27,Balıkesir,Mustafa Canbey,Adalet ve Kalkınma Partisi,
27,Balıkesir,Pakize Mutlu Aydemir,Adalet ve Kalkınma Partisi,
27,Balıkesir,Ahmet Akın,Cumhuriyet Halk Partisi,
27,Balıkesir,Fikret Şahin,Cumhuriyet Halk Partisi,
27,Balıkesir,Ensar Aytekin,Cumhuriyet Halk Partisi,
27,Balıkesir,İsmail Ok,İYİ Parti,Adalet ve Kalkınma Partisi
27,Bartın,Yılmaz Tunç,Adalet ve Kalkınma Partisi,
27,Bartın,Aysu Bankoğlu,Cumhuriyet Halk Partisi,
27,Batman,Feleknas Uca,Halkların Demokratik Partisi,
27,Batman,Necdet İpekyüz,Halkların Demokratik Partisi,
27,Batman,Ayşe Acar Başaran,Halkların Demokratik Partisi,
27,Batman,Mehmet Ruştu Tiryaki,Halkların Demokratik Partisi,
27,Batman,Ziver Özdemir,Adalet ve Kalkınma Partisi,
27,Bayburt,Fetani Battal,Adalet ve Kalkınma Partisi,
27,Bilecik,Selim Yağcı,Adalet ve Kalkınma Partisi,
27,Bilecik,Yaşar Tüzün,Cumhuriyet Halk Partisi,
27,Bingöl,Cevdet Yılmaz,Adalet ve Kalkınma Partisi,
27,Bingöl,Feyzi Berdibek,Adalet ve Kalkınma Partisi,
27,Bingöl,Erdal Aydemir,Halkların Demokratik Partisi,
27,Bitlis,Cemal Taşar,Adalet ve Kalkınma Partisi,
27,Bitlis,Vahit Kiler,Adalet ve Kalkınma Partisi,
27,Bitlis,Mahmut Celadet Gaydalı,Halkların Demokratik Partisi,
27,Bolu,Arzu Aydın,Adalet ve Kalkınma Partisi,
27,Bolu,Fehmi Küpçü,Adalet ve Kalkınma Partisi,
27,Bolu,Tanju Özcan,Cumhuriyet Halk Partisi,Milletvekilliğinden istifa
27,Burdur,Bayram Özçelik,Adalet ve Kalkınma Partisi,
27,Burdur,Yasin Uğur,Adalet ve Kalkınma Partisi,
27,Burdur,Mehmet Göker,Cumhuriyet Halk Partisi,
27,Bursa (I),Hakan Çavuşoğlu,Adalet ve Kalkınma Partisi,
27,Bursa (I),Mustafa Esgin,Adalet ve Kalkınma Partisi,
27,Bursa (I),Refik Özen,Adalet ve Kalkınma Partisi,
27,Bursa (I),Emine Yavuz Gözgeç,Adalet ve Kalkınma Partisi,
27,Bursa (I),Ahmet Kılıç,Adalet ve Kalkınma Partisi,
27,Bursa (I),Lale Karabıyık,Cumhuriyet Halk Partisi,
27,Bursa (I),Erkan Aydın,Cumhuriyet Halk Partisi,
27,Bursa (I),Nurhayat Altaca Kayışoğlu,Cumhuriyet Halk Partisi,
27,Bursa (I),İsmail Tatlıoğlu,İYİ Parti,
27,Bursa (I),İsmet Büyükataman,Milliyetçi Hareket Partisi,
27,Bursa (II),Efkan Âlâ,Adalet ve Kalkınma Partisi,
27,Bursa (II),Osman Mesten,Adalet ve Kalkınma Partisi,
27,Bursa (II),Vildan Yılmaz Gürel,Adalet ve Kalkınma Partisi,
27,Bursa (II),Zafer Işık,Adalet ve Kalkınma Partisi,
27,Bursa (II),Muhammet Müfit Aydın,Adalet ve Kalkınma Partisi,
27,Bursa (II),Atilla Ödünç,Adalet ve Kalkınma Partisi,
27,Bursa (II),Orhan Sarıbal,Cumhuriyet Halk Partisi,
27,Bursa (II),Yüksel Özkan,Cumhuriyet Halk Partisi,
27,Bursa (II),Hidayet Vahapoğlu,Milliyetçi Hareket Partisi,
27,Bursa (II),Ahmet Kamil Erozan,İYİ Parti,
27,Çanakkale,Bülent Turan,Adalet ve Kalkınma Partisi,
27,Çanakkale,Jülide İskenderoğlu,Adalet ve Kalkınma Partisi,
27,Çanakkale,Muharrem Erkek,Cumhuriyet Halk Partisi,
27,Çanakkale,Özgür Ceylan,Cumhuriyet Halk Partisi,
27,Çankırı,Muhammet Emin Akbaşoğlu,Adalet ve Kalkınma Partisi,
27,Çankırı,Salim Çivitcioğlu,Adalet ve Kalkınma Partisi,
27,Çorum,Ahmet Sami Ceylan,Adalet ve Kalkınma Partisi,
27,Çorum,Oğuzhan Kaya,Adalet ve Kalkınma Partisi,
27,Çorum,Erol Kavuncu,Adalet ve Kalkınma Partisi,
27,Çorum,Tufan Köse,Cumhuriyet Halk Partisi,
27,Denizli,Cahit Özkan,Adalet ve Kalkınma Partisi,
27,Denizli,Şahin Tin,Adalet ve Kalkınma Partisi,
27,Denizli,Ahmet Yıldız,Adalet ve Kalkınma Partisi,
27,Denizli,Nilgün Ök,Adalet ve Kalkınma Partisi,
27,Denizli,Gülizar Biçer Karaca,Cumhuriyet Halk Partisi,
27,Denizli,Kazım Arslan,Cumhuriyet Halk Partisi,Ölüm
27,Denizli,Teoman Sancar,Cumhuriyet Halk Partisi,Bağımsız
27,Denizli,Yasin Öztürk,İYİ Parti,
27,Diyarbakır,Adnan Selçuk Mızraklı,Halkların Demokratik Partisi,Milletvekilliğinden istifa
27,Diyarbakır,Salihe Aydeniz,Halkların Demokratik Partisi,Demokratik Bölgeler Partisi
27,Diyarbakır,İmam Taşçıer,Halkların Demokratik Partisi,
27,Diyarbakır,Remziye Tosun,Halkların Demokratik Partisi,
27,Diyarbakır,Hişyar Özsoy,Halkların Demokratik Partisi,
27,Diyarbakır,Semra Güzel,Halkların Demokratik Partisi,Milletvekilliğinin düşmesi
27,Diyarbakır,Garo Paylan,Halkların Demokratik Partisi,
27,Diyarbakır,Dersim Dağ,Halkların Demokratik Partisi,
27,Diyarbakır,Musa Farisoğulları,Halkların Demokratik Partisi,Milletvekilliğinin düşmesi
27,Diyarbakır,Mehdi Eker,Adalet ve Kalkınma Partisi,
27,Diyarbakır,Ebubekir Bal,Adalet ve Kalkınma Partisi,
27,Diyarbakır,Oya Eronat,Adalet ve Kalkınma Partisi,
27,Düzce,Fahri Çakır,Adalet ve Kalkınma Partisi,
27,Düzce,Ayşe Keşir,Adalet ve Kalkınma Partisi,
27,Düzce,Ümit Yılmaz,Milliyetçi Hareket Partisi,
27,Edirne,Okan Gaytancıoğlu,Cumhuriyet Halk Partisi,
27,Edirne,Erdin Bircan,Cumhuriyet Halk Partisi,Ölüm
27,Edirne,Fatma Aksal,Adalet ve Kalkınma Partisi,
27,Edirne,Orhan Çakırlar,İYİ Parti,
27,Elazığ,Metin Bulut,Adalet ve Kalkınma Partisi,
27,Elazığ,Sermin Balık,Adalet ve Kalkınma Partisi,
27,Elazığ,Tolga Ağar,Adalet ve Kalkınma Partisi,
27,Elazığ,Zülfü Demirbağ,Adalet ve Kalkınma Partisi,
27,Elazığ,Gürsel Erol,Cumhuriyet Halk Partisi,
27,Erzincan,Süleyman Karaman,Adalet ve Kalkınma Partisi,
27,Erzincan,Burhan Çakır,Adalet ve Kalkınma Partisi,
27,Erzurum,Recep Akdağ,Adalet ve Kalkınma Partisi,
27,Erzurum,Zehra Taşkesenlioğlu,Adalet ve Kalkınma Partisi,
27,Erzurum,Selami Altınok,Adalet ve Kalkınma Partisi,
27,Erzurum,İbrahim Aydemir,Adalet ve Kalkınma Partisi,
27,Erzurum,Kamil Aydın,Milliyetçi Hareket Partisi,
27,Erzurum,Muhammet Naci Cinisli,İYİ Parti,
27,Eskişehir,Nabi Avcı,Adalet ve Kalkınma Partisi,
27,Eskişehir,Harun Karacan,Adalet ve Kalkınma Partisi,
27,Eskişehir,Emine Nur Günay,Adalet ve Kalkınma Partisi,
27,Eskişehir,Utku Çakırözer,Cumhuriyet Halk Partisi,
27,Eskişehir,Jale Nur Süllü,Cumhuriyet Halk Partisi,
27,Eskişehir,Arslan Kabukcuoğlu,İYİ Parti,
27,Eskişehir,Metin Nurullah Sazak,Milliyetçi Hareket Partisi,
27,Gaziantep,Abdulhamit Gül,Adalet ve Kalkınma Partisi,Milletvekilliğinden istifa (Adalet Bakanlığı'na atandı)
27,Gaziantep,Ahmet Uzer,Adalet ve Kalkınma Partisi,
27,Gaziantep,Mehmet Erdoğan,Adalet ve Kalkınma Partisi,
27,Gaziantep,Abdullah Nejat Koçer,Adalet ve Kalkınma Partisi,
27,Gaziantep,Derya Bakbak,Adalet ve Kalkınma Partisi,
27,Gaziantep,Ali Şahin,Adalet ve Kalkınma Partisi,
27,Gaziantep,Müslüm Yüksel,Adalet ve Kalkınma Partisi,
27,Gaziantep,Mehmet Sait Kirazoğlu,Adalet ve Kalkınma Partisi,
27,Gaziantep,Bayram Yılmazkaya,Cumhuriyet Halk Partisi,
27,Gaziantep,İrfan Kaplan,Cumhuriyet Halk Partisi,
27,Gaziantep,Ali Muhittin Taşdoğan,Milliyetçi Hareket Partisi,
27,Gaziantep,Sermet Atay,Milliyetçi Hareket Partisi,
27,Gaziantep,Mahmut Toğrul,Halkların Demokratik Partisi,
27,Gaziantep,İmam Hüseyin Filiz,İYİ Parti,
27,Giresun,Cemal Öztürk,Adalet ve Kalkınma Partisi,
27,Giresun,Kadir Aydın,Adalet ve Kalkınma Partisi,
27,Giresun,Sabri Öztürk,Adalet ve Kalkınma Partisi,
27,Giresun,Necati Tığlı,Cumhuriyet Halk Partisi,
27,Gümüşhane,Hacı Osman Akgül,Adalet ve Kalkınma Partisi,
27,Gümüşhane,Cihan Pektaş,Adalet ve Kalkınma Partisi,
27,Hakkâri,Leyla Güven,Halkların Demokratik Partisi,Milletvekilliğinin düşmesi
27,Hakkâri,Sait Dede,Halkların Demokratik Partisi,
27,Hakkâri,Husret Dinç,Adalet ve Kalkınma Partisi,
27,Hatay,Hacı Bayram Türkoğlu,Adalet ve Kalkınma Partisi,
27,Hatay,Hüseyin Yayman,Adalet ve Kalkınma Partisi,
27,Hatay,Abdulkadir Özel,Adalet ve Kalkınma Partisi,
27,Hatay,Hüseyin Şanverdi,Adalet ve Kalkınma Partisi,
27,Hatay,Sabahat Özgürsoy Çelik,Adalet ve Kalkınma Partisi,
27,Hatay,Mehmet Güzelmansur,Cumhuriyet Halk Partisi,
27,Hatay,Suzan Şahin,Cumhuriyet Halk Partisi,
27,Hatay,Serkan Topal,Cumhuriyet Halk Partisi,
27,Hatay,İsmet Tokdemir,Cumhuriyet Halk Partisi,
27,Hatay,Lütfi Kaşıkçı,Milliyetçi Hareket Partisi,
27,Hatay,Barış Atay,Halkların Demokratik Partisi,Türkiye İşçi Partisi
27,Iğdır,Habip Eksik,Halkların Demokratik Partisi,
27,Iğdır,Yaşar Karadağ,Milliyetçi Hareket Partisi,
27,Isparta,Süreyya Sadi Bilgiç,Adalet ve Kalkınma Partisi,
27,Isparta,Recep Özel,Adalet ve Kalkınma Partisi,
27,Isparta,Mehmet Uğur Gökgöz,Adalet ve Kalkınma Partisi,
27,Isparta,Aylin Cesur,İYİ Parti,
27,İstanbul (I),Berat Albayrak,Adalet ve Kalkınma Partisi,Milletvekilliğinden istifa (Hazine ve Maliye Bakanlığı'na atandı)
27,İstanbul (I),Nurettin Canikli,Adalet ve Kalkınma Partisi,
27,İstanbul (I),Mustafa Ataş,Adalet ve Kalkınma Partisi,
27,İstanbul (I),Erol Kaya,Adalet ve Kalkınma Partisi,
27,İstanbul (I),Vedat Demiröz,Adalet ve Kalkınma Partisi,
27,İstanbul (I),Ravza Kavakcı Kan,Adalet ve Kalkınma Partisi,
27,İstanbul (I),Osman Boyraz,Adalet ve Kalkınma Partisi,
27,İstanbul (I),İsmet Uçma,Adalet ve Kalkınma Partisi,Ölüm
27,İstanbul (I),Mihrimah Belma Satır,Adalet ve Kalkınma Partisi,
27,İstanbul (I),Ahmet Berat Çonkar,Adalet ve Kalkınma Partisi,
27,İstanbul (I),Hulusi Şentürk,Adalet ve Kalkınma Partisi,
27,İstanbul (I),Müşerref Pervin Tuba Durgut,Adalet ve Kalkınma Partisi,
27,İstanbul (I),Eyüp Özsoy,Adalet ve Kalkınma Partisi,
27,İstanbul (I),Serkan Bayram,Adalet ve Kalkınma Partisi,
27,İstanbul (I),Fatih Süleyman Denizolgun,Adalet ve Kalkınma Partisi,
27,İstanbul (I),İbrahim Kaboğlu,Cumhuriyet Halk Partisi,
27,İstanbul (I),Akif Hamzaçebi,Cumhuriyet Halk Partisi,
27,İstanbul (I),Gamze Akkuş İlgezdi,Cumhuriyet Halk Partisi,
27,İstanbul (I),Onursal Adıgüzel,Cumhuriyet Halk Partisi,
27,İstanbul (I),Fethi Açıkel,Cumhuriyet Halk Partisi,
27,İstanbul (I),Gürsel Tekin,Cumhuriyet Halk Partisi,
27,İstanbul (I),İlhan Kesici,Cumhuriyet Halk Partisi,
27,İstanbul (I),Oğuz Kaan Salıcı,Cumhuriyet Halk Partisi,
27,İstanbul (I),Mahmut Tanal,Cumhuriyet Halk Partisi,
27,İstanbul (I),Saliha Sera Kadıgil Sütlü,Cumhuriyet Halk Partisi,Türkiye İşçi Partisi
27,İstanbul (I),Pervin Buldan,Halkların Demokratik Partisi,
27,İstanbul (I),Musa Piroğlu,Halkların Demokratik Partisi,
27,İstanbul (I),Erol Katırcıoğlu,Halkların Demokratik Partisi,
27,İstanbul (I),Erkan Baş,Halkların Demokratik Partisi,Türkiye İşçi Partisi
27,İstanbul (I),Hayrettin Nuhoğlu,İYİ Parti,
27,İstanbul (I),Ahmet Çelik,İYİ Parti,
27,İstanbul (I),Yavuz Ağıralioğlu,İYİ Parti,Bağımsız
27,İstanbul (I),Semih Yalçın,Milliyetçi Hareket Partisi,
27,İstanbul (I),İzzet Ulvi Yönter,Milliyetçi Hareket Partisi,
27,İstanbul (I),Bülent Karataş,Milliyetçi Hareket Partisi,
27,İstanbul (II),Süleyman Soylu,Adalet ve Kalkınma Partisi,Milletvekilliğinden istifa (İçişleri Bakanlığı'na atandı)
27,İstanbul (II),Fatma Betül Sayan Kaya,Adalet ve Kalkınma Partisi,
27,İstanbul (II),Volkan Bozkır,Adalet ve Kalkınma Partisi,
27,İstanbul (II),Abdullah Güler,Adalet ve Kalkınma Partisi,
27,İstanbul (II),Hasan Turan,Adalet ve Kalkınma Partisi,
27,İstanbul (II),Serap Yaşar,Adalet ve Kalkınma Partisi,
27,İstanbul (II),Aziz Babuşcu,Adalet ve Kalkınma Partisi,
27,İstanbul (II),Şirin Ünal,Adalet ve Kalkınma Partisi,
27,İstanbul (II),Canan Kalsın,Adalet ve Kalkınma Partisi,
27,İstanbul (II),Ahmet Hamdi Çamlı,Adalet ve Kalkınma Partisi,
27,İstanbul (II),Markar Esayan,Adalet ve Kalkınma Partisi,Ölüm
27,İstanbul (II),Mustafa Demir,Adalet ve Kalkınma Partisi,
27,İstanbul (II),İffet Polat,Adalet ve Kalkınma Partisi,
27,İstanbul (II),Enis Berberoğlu,Cumhuriyet Halk Partisi,
27,İstanbul (II),Aykut Erdoğdu,Cumhuriyet Halk Partisi,
27,İstanbul (II),Ünal Çeviköz,Cumhuriyet Halk Partisi,
27,İstanbul (II),Sezgin Tanrıkulu,Cumhuriyet Halk Partisi,
27,İstanbul (II),Yüksel Mansur Kılınç,Cumhuriyet Halk Partisi,
27,İstanbul (II),Yunus Emre,Cumhuriyet Halk Partisi,
27,İstanbul (II),Gökan Zeybek,Cumhuriyet Halk Partisi,
27,İstanbul (II),Ali Şeker,Cumhuriyet Halk Partisi,
27,İstanbul (II),Ahmet Şık,Halkların Demokratik Partisi,Türkiye İşçi Partisi
27,İstanbul (II),Oya Ersoy,Halkların Demokratik Partisi,
27,İstanbul (II),Hüda Kaya,Halkların Demokratik Partisi,
27,İstanbul (II),Celal Adan,Milliyetçi Hareket Partisi,
27,İstanbul (II),Cemal Çetin,Milliyetçi Hareket Partisi,
27,İstanbul (II),Ümit Özdağ,İYİ Parti,Zafer Partisi
27,İstanbul (II),Fatih Mehmet Şeker,İYİ Parti,Bağımsız
27,İstanbul (III),Numan Kurtulmuş,Adalet ve Kalkınma Partisi,
27,İstanbul (III),Mehmet Muş,Adalet ve Kalkınma Partisi,Milletvekilliğinden istifa (Ticaret Bakanlığı'na atandı)
27,İstanbul (III),Akif Çağatay Kılıç,Adalet ve Kalkınma Partisi,
27,İstanbul (III),Mehmet Doğan Kubat,Adalet ve Kalkınma Partisi,
27,İstanbul (III),Tülay Kaynarca,Adalet ve Kalkınma Partisi,
27,İstanbul (III),Halis Dalkılıç,Adalet ve Kalkınma Partisi,
27,İstanbul (III),Emine Sare Aydın,Adalet ve Kalkınma Partisi,
27,İstanbul (III),Nevzat Şatıroğlu,Adalet ve Kalkınma Partisi,
27,İstanbul (III),Zafer Sırakaya,Adalet ve Kalkınma Partisi,
27,İstanbul (III),Rümeysa Kadak,Adalet ve Kalkınma Partisi,
27,İstanbul (III),Ahmet Mücahit Arınç,Adalet ve Kalkınma Partisi,
27,İstanbul (III),Mustafa Yeneroğlu,Adalet ve Kalkınma Partisi,Demokrasi ve Atılım Partisi
27,İstanbul (III),Erkan Kandemir,Adalet ve Kalkınma Partisi,
27,İstanbul (III),Şamil Ayrım,Adalet ve Kalkınma Partisi,
27,İstanbul (III),Alev Dedegil,Adalet ve Kalkınma Partisi,
27,İstanbul (III),Engin Altay,Cumhuriyet Halk Partisi,
27,İstanbul (III),Erdoğan Toprak,Cumhuriyet Halk Partisi,
27,İstanbul (III),Mehmet Bekaroğlu,Cumhuriyet Halk Partisi,
27,İstanbul (III),Zeynel Emre,Cumhuriyet Halk Partisi,
27,İstanbul (III),Sibel Özdemir,Cumhuriyet Halk Partisi,
27,İstanbul (III),Özgür Karabat,Cumhuriyet Halk Partisi,
27,İstanbul (III),Turan Aydoğan,Cumhuriyet Halk Partisi,
27,İstanbul (III),Emine Gülizar Emecan,Cumhuriyet Halk Partisi,
27,İstanbul (III),Cihangir İslam,Cumhuriyet Halk Partisi,
27,İstanbul (III),Zeynel Özen,Halkların Demokratik Partisi,
27,İstanbul (III),Dilşat Canbaz Kaya,Halkların Demokratik Partisi,
27,İstanbul (III),Saruhan Oluç,Halkların Demokratik Partisi,
27,İstanbul (III),Ali Kenanoğlu,Halkların Demokratik Partisi,
27,İstanbul (III),Züleyha Gülüm,Halkların Demokratik Partisi,
27,İstanbul (III),Feti Yıldız,Milliyetçi Hareket Partisi,
27,İstanbul (III),İsmail Faruk Aksu,Milliyetçi Hareket Partisi,
27,İstanbul (III),Arzu Erdem,Milliyetçi Hareket Partisi,
27,İstanbul (III),Ahat Andican,İYİ Parti,
27,İstanbul (III),Ümit Beyaz,İYİ Parti,
27,İstanbul (III),Hayati Arkaz,İYİ Parti,Milliyetçi Hareket Partisi
27,İzmir (I),Tuncay Özkan,Cumhuriyet Halk Partisi,
27,İzmir (I),Murat Bakan,Cumhuriyet Halk Partisi,
27,İzmir (I),Özcan Purçu,Cumhuriyet Halk Partisi,Bağımsız
27,İzmir (I),Kani Beko,Cumhuriyet Halk Partisi,
27,İzmir (I),Mehmet Ali Çelebi,Cumhuriyet Halk Partisi,Adalet ve Kalkınma Partisi
27,İzmir (I),Tacettin Bayır,Cumhuriyet Halk Partisi,
27,İzmir (I),Ednan Arslan,Cumhuriyet Halk Partisi,
27,İzmir (I),Binali Yıldırım,Adalet ve Kalkınma Partisi,
27,İzmir (I),Mahmut Atilla Kaya,Adalet ve Kalkınma Partisi,
27,İzmir (I),Ceyda Bölünmez Çankırı,Adalet ve Kalkınma Partisi,
27,İzmir (I),Cemal Bekle,Adalet ve Kalkınma Partisi,
27,İzmir (I),Serpil Kemalbay,Halkların Demokratik Partisi,
27,İzmir (I),Müsavat Dervişoğlu,İYİ Parti,
27,İzmir (I),Hasan Kalyoncu,Milliyetçi Hareket Partisi,
27,İzmir (II),Kemal Kılıçdaroğlu,Cumhuriyet Halk Partisi,
27,İzmir (II),Selin Sayek Böke,Cumhuriyet Halk Partisi,
27,İzmir (II),Kamil Okyay Sındır,Cumhuriyet Halk Partisi,
27,İzmir (II),Atila Sertel,Cumhuriyet Halk Partisi,
27,İzmir (II),Sevda Erdan Kılıç,Cumhuriyet Halk Partisi,
27,İzmir (II),Mahir Polat,Cumhuriyet Halk Partisi,
27,İzmir (II),Bedri Serter,Cumhuriyet Halk Partisi,
27,İzmir (II),Hamza Dağ,Adalet ve Kalkınma Partisi,
27,İzmir (II),Alpay Özalan,Adalet ve Kalkınma Partisi,
27,İzmir (II),Necip Nasır,Adalet ve Kalkınma Partisi,
27,İzmir (II),Yaşar Kırkpınar,Adalet ve Kalkınma Partisi,
27,İzmir (II),Aytun Çıray,İYİ Parti,
27,İzmir (II),Murat Çepni,Halkların Demokratik Partisi,
27,İzmir (II),Tamer Osmanağaoğlu,Milliyetçi Hareket Partisi,
27,Kahramanmaraş,Mahir Ünal,Adalet ve Kalkınma Partisi,
27,Kahramanmaraş,Ahmet Özdemir,Adalet ve Kalkınma Partisi,
27,Kahramanmaraş,Celalettin Güvenç,Adalet ve Kalkınma Partisi,
27,Kahramanmaraş,İmran Kılıç,Adalet ve Kalkınma Partisi,Ölüm
27,Kahramanmaraş,Mehmet Cihat Sezal,Adalet ve Kalkınma Partisi,
27,Kahramanmaraş,Habibe Öçal,Adalet ve Kalkınma Partisi,
27,Kahramanmaraş,Sefer Aycan,Milliyetçi Hareket Partisi,
27,Kahramanmaraş,Ali Öztunç,Cumhuriyet Halk Partisi,
27,Karabük,Cumhur Ünal,Adalet ve Kalkınma Partisi,
27,Karabük,Niyazi Güneş,Adalet ve Kalkınma Partisi,
27,Karabük,Hüseyin Avni Aksoy,Cumhuriyet Halk Partisi,Memleket Partisi
27,Karaman,Recep Şeker,Adalet ve Kalkınma Partisi,
27,Karaman,Selman Oğuzhan Eser,Adalet ve Kalkınma Partisi,
27,Karaman,İsmail Atakan Ünver,Cumhuriyet Halk Partisi,
27,Kars,Ahmet Arslan,Adalet ve Kalkınma Partisi,
27,Kars,Yunus Kılıç,Adalet ve Kalkınma Partisi,
27,Kars,Ayhan Bilgen,Halkların Demokratik Partisi,Milletvekilliğinden istifa
27,Kastamonu,Hakkı Köylü,Adalet ve Kalkınma Partisi,
27,Kastamonu,Metin Çelik,Adalet ve Kalkınma Partisi,
27,Kastamonu,Hasan Baltacı,Cumhuriyet Halk Partisi,
27,Kayseri,Mehmet Özhaseki,Adalet ve Kalkınma Partisi,
27,Kayseri,Mustafa Elitaş,Adalet ve Kalkınma Partisi,
27,Kayseri,Taner Yıldız,Adalet ve Kalkınma Partisi,
27,Kayseri,İsmail Emrah Karayel,Adalet ve Kalkınma Partisi,
27,Kayseri,İsmail Tamer,Adalet ve Kalkınma Partisi,
27,Kayseri,Hülya Nergis,Adalet ve Kalkınma Partisi,
27,Kayseri,İsmail Özdemir,Milliyetçi Hareket Partisi,
27,Kayseri,Mustafa Baki Ersoy,Milliyetçi Hareket Partisi,
27,Kayseri,Çetin Arık,Cumhuriyet Halk Partisi,
27,Kayseri,Dursun Ataş,İYİ Parti,
27,Kırıkkale,Ramazan Can,Adalet ve Kalkınma Partisi,
27,Kırıkkale,Halil Öztürk,Milliyetçi Hareket Partisi,
27,Kırıkkale,Ahmet Önal,Cumhuriyet Halk Partisi,
27,Kırklareli,Türabi Kayan,Cumhuriyet Halk Partisi,
27,Kırklareli,Vecdi Gündoğdu,Cumhuriyet Halk Partisi,
27,Kırklareli,Selahattin Minsolmaz,Adalet ve Kalkınma Partisi,
27,Kırşehir,Mustafa Kendirli,Adalet ve Kalkınma Partisi,
27,Kırşehir,Metin İlhan,Cumhuriyet Halk Partisi,
27,Kilis,Mustafa Hilmi Dülger,Adalet ve Kalkınma Partisi,
27,Kilis,Ahmet Salih Dal,Adalet ve Kalkınma Partisi,
27,Kocaeli,Fikri Işık,Adalet ve Kalkınma Partisi,
27,Kocaeli,İlyas Şeker,Adalet ve Kalkınma Partisi,
27,Kocaeli,Radiye Sezer Katırcıoğlu,Adalet ve Kalkınma Partisi,
27,Kocaeli,Mehmet Akif Yılmaz,Adalet ve Kalkınma Partisi,
27,Kocaeli,Sami Çakır,Adalet ve Kalkınma Partisi,
27,Kocaeli,Cemil Yaman,Adalet ve Kalkınma Partisi,
27,Kocaeli,Emine Zeybek,Adalet ve Kalkınma Partisi,
27,Kocaeli,Fatma Kaplan Hürriyet,Cumhuriyet Halk Partisi,Milletvekilliğinden istifa
27,Kocaeli,Haydar Akar,Cumhuriyet Halk Partisi,
27,Kocaeli,Tahsin Tarhan,Cumhuriyet Halk Partisi,
27,Kocaeli,Saffet Sancaklı,Milliyetçi Hareket Partisi,
27,Kocaeli,Lütfü Türkkan,İYİ Parti,
27,Kocaeli,Ömer Faruk Gergerlioğlu,Halkların Demokratik Partisi,
27,Konya,Ahmet Sorgun,Adalet ve Kalkınma Partisi,
27,Konya,Tahir Akyürek,Adalet ve Kalkınma Partisi,
27,Konya,Orhan Erdem,Adalet ve Kalkınma Partisi,
27,Konya,Leyla Şahin Usta,Adalet ve Kalkınma Partisi,
27,Konya,Ziya Altunyaldız,Adalet ve Kalkınma Partisi,
27,Konya,Hacı Ahmet Özdemir,Adalet ve Kalkınma Partisi,
27,Konya,Gülay Samancı,Adalet ve Kalkınma Partisi,
27,Konya,Abdullah Ağralı,Adalet ve Kalkınma Partisi,
27,Konya,Selman Özboyacı,Adalet ve Kalkınma Partisi,
27,Konya,Halil Etyemez,Adalet ve Kalkınma Partisi,
27,Konya,Mustafa Kalaycı,Milliyetçi Hareket Partisi,
27,Konya,Esin Kara,Milliyetçi Hareket Partisi,
27,Konya,Abdüllatif Şener,Cumhuriyet Halk Partisi,
27,Konya,Abdulkadir Karaduman,Cumhuriyet Halk Partisi,Saadet Partisi
27,Konya,Fahrettin Yokuş,İYİ Parti,
27,Kütahya,Ahmet Tan,Adalet ve Kalkınma Partisi,
27,Kütahya,İshak Gazel,Adalet ve Kalkınma Partisi,
27,Kütahya,Ceyda Çetin Erenler,Adalet ve Kalkınma Partisi,
27,Kütahya,Ahmet Erbaş,Milliyetçi Hareket Partisi,
27,Kütahya,Ali Fazıl Kasap,Cumhuriyet Halk Partisi,
27,Malatya,Bülent Tüfenkci,Adalet ve Kalkınma Partisi,
27,Malatya,Öznur Çalık,Adalet ve Kalkınma Partisi,
27,Malatya,Ahmet Çakır,Adalet ve Kalkınma Partisi,
27,Malatya,Hakan Kahtalı,Adalet ve Kalkınma Partisi,
27,Malatya,Veli Ağbaba,Cumhuriyet Halk Partisi,
27,Malatya,Mehmet Celal Fendoğlu,Milliyetçi Hareket Partisi,
27,Manisa,Murat Baybatur,Adalet ve Kalkınma Partisi,
27,Manisa,Uğur Aydemir,Adalet ve Kalkınma Partisi,
27,Manisa,İsmail Bilen,Adalet ve Kalkınma Partisi,
27,Manisa,Semra Kaplan Kıvırcık,Adalet ve Kalkınma Partisi,
27,Manisa,Mehmet Ali Özkan,Adalet ve Kalkınma Partisi,
27,Manisa,Özgür Özel,Cumhuriyet Halk Partisi,
27,Manisa,Ahmet Vehbi Bakırlıoğlu,Cumhuriyet Halk Partisi,
27,Manisa,Bekir Başevirgen,Cumhuriyet Halk Partisi,
27,Manisa,Tamer Akkal,İYİ Parti,Adalet ve Kalkınma Partisi
27,Manisa,Erkan Akçay,Milliyetçi Hareket Partisi,
27,Mardin,Mithat Sancar,Halkların Demokratik Partisi,
27,Mardin,Pero Dundar,Halkların Demokratik Partisi,
27,Mardin,Ebru Günay,Halkların Demokratik Partisi,
27,Mardin,Tuma Çelik,Halkların Demokratik Partisi,Bağımsız
27,Mardin,Şeyhmus Dinçel,Adalet ve Kalkınma Partisi,
27,Mardin,Cengiz Demirkaya,Adalet ve Kalkınma Partisi,
27,Mersin,Lütfi Elvan,Adalet ve Kalkınma Partisi,Milletvekilliğinden istifa (Hazine ve Maliye Bakanlığı'na atandı)
27,Mersin,Ali Cumhur Taşkın,Adalet ve Kalkınma Partisi,
27,Mersin,Zeynep Gül Yılmaz,Adalet ve Kalkınma Partisi,
27,Mersin,Hacı Özkan,Adalet ve Kalkınma Partisi,
27,Mersin,Cengiz Gökçel,Cumhuriyet Halk Partisi,
27,Mersin,Alpay Antmen,Cumhuriyet Halk Partisi,
27,Mersin,Ali Mahir Başarır,Cumhuriyet Halk Partisi,
27,Mersin,Fatma Kurtulan,Halkların Demokratik Partisi,
27,Mersin,Rıdvan Turan,Halkların Demokratik Partisi,
27,Mersin,Behiç Çelik,İYİ Parti,
27,Mersin,Zeki Hakan Sıdalı,İYİ Parti,
27,Mersin,Olcay Kılavuz,Milliyetçi Hareket Partisi,
27,Mersin,Baki Şimşek,Milliyetçi Hareket Partisi,
27,Muğla,Mürsel Alban,Cumhuriyet Halk Partisi,
27,Muğla,Suat Özcan,Cumhuriyet Halk Partisi,
27,Muğla,Burak Erbay,Cumhuriyet Halk Partisi,
27,Muğla,Süleyman Girgin,Cumhuriyet Halk Partisi,
27,Muğla,Mehmet Yavuz Demir,Adalet ve Kalkınma Partisi,
27,Muğla,Yelda Erol Gökcan,Adalet ve Kalkınma Partisi,
27,Muğla,Metin Ergun,İYİ Parti,
27,Muş,Gülüstan Kılıç Koçyiğit,Halkların Demokratik Partisi,
27,Muş,Mensur Işık,Halkların Demokratik Partisi,
27,Muş,Şevin Coşkun,Halkların Demokratik Partisi,
27,Muş,Mehmet Emin Şimşek,Adalet ve Kalkınma Partisi,
27,Nevşehir,Mustafa Açıkgöz,Adalet ve Kalkınma Partisi,
27,Nevşehir,Yücel Menekşe,Adalet ve Kalkınma Partisi,
27,Nevşehir,Faruk Sarıaslan,Cumhuriyet Halk Partisi,
27,Niğde,Yavuz Ergun,Adalet ve Kalkınma Partisi,
27,Niğde,Selim Gültekin,Adalet ve Kalkınma Partisi,
27,Niğde,Ömer Fethi Gürer,Cumhuriyet Halk Partisi,
27,Ordu,Şenel Yediyıldız,Adalet ve Kalkınma Partisi,
27,Ordu,Ergün Taşcı,Adalet ve Kalkınma Partisi,
27,Ordu,Metin Gündoğdu,Adalet ve Kalkınma Partisi,
27,Ordu,Seyit Torun,Cumhuriyet Halk Partisi,
27,Ordu,Mustafa Adıgüzel,Cumhuriyet Halk Partisi,
27,Ordu,Cemal Enginyurt,Milliyetçi Hareket Partisi,Demokrat Parti
27,Osmaniye,Mücahit Durmuşoğlu,Adalet ve Kalkınma Partisi,
27,Osmaniye,İsmail Kaya,Adalet ve Kalkınma Partisi,
27,Osmaniye,Devlet Bahçeli,Milliyetçi Hareket Partisi,
27,Osmaniye,Baha Ünlü,Cumhuriyet Halk Partisi,
27,Rize,Hayati Yazıcı,Adalet ve Kalkınma Partisi,
27,Rize,Osman Aşkın Bak,Adalet ve Kalkınma Partisi,
27,Rize,Muhammed Avcı,Adalet ve Kalkınma Partisi,
27,Sakarya,Ali İhsan Yavuz,Adalet ve Kalkınma Partisi,
27,Sakarya,Recep Uncuoğlu,Adalet ve Kalkınma Partisi,
27,Sakarya,Kenan Sofuoğlu,Adalet ve Kalkınma Partisi,
27,Sakarya,Çiğdem Erdoğan Atabek,Adalet ve Kalkınma Partisi,
27,Sakarya,Engin Özkoç,Cumhuriyet Halk Partisi,
27,Sakarya,Muhammed Levent Bülbül,Milliyetçi Hareket Partisi,
27,Sakarya,Ümit Dikbayır,İYİ Parti,
27,Samsun,Ahmet Demircan,Adalet ve Kalkınma Partisi,
27,Samsun,Yusuf Ziya Yılmaz,Adalet ve Kalkınma Partisi,
27,Samsun,Çiğdem Karaaslan,Adalet ve Kalkınma Partisi,
27,Samsun,Fuat Köktaş,Adalet ve Kalkınma Partisi,
27,Samsun,Orhan Kırcalı,Adalet ve Kalkınma Partisi,
27,Samsun,Kemal Zeybek,Cumhuriyet Halk Partisi,
27,Samsun,Neslihan Hancıoğlu,Cumhuriyet Halk Partisi,
27,Samsun,Erhan Usta,Milliyetçi Hareket Partisi,İYİ Parti
27,Samsun,Bedri Yaşar,İYİ Parti,
27,Siirt,Meral Danış Beştaş,Halkların Demokratik Partisi,
27,Siirt,Sıdık Taş,Halkların Demokratik Partisi,
27,Siirt,Osman Ören,Adalet ve Kalkınma Partisi,
27,Sinop,Nazım Maviş,Adalet ve Kalkınma Partisi,
27,Sinop,Barış Karadeniz,Cumhuriyet Halk Partisi,
27,Sivas,İsmet Yılmaz,Adalet ve Kalkınma Partisi,
27,Sivas,Mehmet Habib Soluk,Adalet ve Kalkınma Partisi,
27,Sivas,Semiha Ekinci,Adalet ve Kalkınma Partisi,
27,Sivas,Ahmet Özyürek,Milliyetçi Hareket Partisi,
27,Sivas,Ulaş Karasu,Cumhuriyet Halk Partisi,
27,Şanlıurfa,Ahmet Eşref Fakıbaba,Adalet ve Kalkınma Partisi,Milletvekilliğinden istifa
27,Şanlıurfa,Mehmet Kasım Gülpınar,Adalet ve Kalkınma Partisi,
27,Şanlıurfa,Halil Özcan,Adalet ve Kalkınma Partisi,
27,Şanlıurfa,Zemzem Gülender Açanal,Adalet ve Kalkınma Partisi,
27,Şanlıurfa,Mehmet Ali Cevheri,Adalet ve Kalkınma Partisi,
27,Şanlıurfa,İbrahim Halil Yıldız,Adalet ve Kalkınma Partisi,
27,Şanlıurfa,Halil Özşavlı,Adalet ve Kalkınma Partisi,
27,Şanlıurfa,Ahmet Akay,Adalet ve Kalkınma Partisi,
27,Şanlıurfa,Nimetullah Erdoğmuş,Halkların Demokratik Partisi,
27,Şanlıurfa,Ayşe Sürücü,Halkların Demokratik Partisi,
27,Şanlıurfa,Nusrettin Maçin,Halkların Demokratik Partisi,
27,Şanlıurfa,Ömer Öcalan,Halkların Demokratik Partisi,
27,Şanlıurfa,İbrahim Özyavuz,Milliyetçi Hareket Partisi,
27,Şanlıurfa,Aziz Aydınlık,Cumhuriyet Halk Partisi,
27,Şırnak,Hasan Özgüneş,Halkların Demokratik Partisi,
27,Şırnak,Nuran İmir,Halkların Demokratik Partisi,
27,Şırnak,Hüseyin Kaçmaz,Halkların Demokratik Partisi,
27,Şırnak,Rizgin Birlik,Adalet ve Kalkınma Partisi,
27,Tekirdağ,Faik Öztrak,Cumhuriyet Halk Partisi,
27,Tekirdağ,İlhami Özcan Aygun,Cumhuriyet Halk Partisi,
27,Tekirdağ,Candan Yüceer,Cumhuriyet Halk Partisi,
27,Tekirdağ,Mustafa Şentop,Adalet ve Kalkınma Partisi,
27,Tekirdağ,Mustafa Yel,Adalet ve Kalkınma Partisi,
27,Tekirdağ,Çiğdem Koncagül,Adalet ve Kalkınma Partisi,
27,Tekirdağ,Enez Kaplan,İYİ Parti,
27,Tokat,Yusuf Beyazıt,Adalet ve Kalkınma Partisi,
27,Tokat,Mustafa Arslan,Adalet ve Kalkınma Partisi,
27,Tokat,Özlem Zengin,Adalet ve Kalkınma Partisi,
27,Tokat,Yücel Bulut,Milliyetçi Hareket Partisi,
27,Tokat,Kadim Durmaz,Cumhuriyet Halk Partisi,
27,Trabzon,Muhammet Balta,Adalet ve Kalkınma Partisi,
27,Trabzon,Adnan Günnar,Adalet ve Kalkınma Partisi,
27,Trabzon,Bahar Ayvazoğlu,Adalet ve Kalkınma Partisi,
27,Trabzon,Salih Cora,Adalet ve Kalkınma Partisi,
27,Trabzon,Ahmet Kaya,Cumhuriyet Halk Partisi,
27,Trabzon,Hüseyin Örs,İYİ Parti,
27,Tunceli,Alican Önlü,Halkların Demokratik Partisi,
27,Tunceli,Polat Şaroğlu,Cumhuriyet Halk Partisi,
27,Uşak,Mehmet Altay,Adalet ve Kalkınma Partisi,
27,Uşak,İsmail Güneş,Adalet ve Kalkınma Partisi,
27,Uşak,Özkan Yalım,Cumhuriyet Halk Partisi,
27,Van,Sezai Temelli,Halkların Demokratik Partisi,
27,Van,Bedia Özgökçe Ertan,Halkların Demokratik Partisi,Milletvekilliğinden istifa
27,Van,Murat Sarısaç,Halkların Demokratik Partisi,
27,Van,Muazzez Orhan,Halkların Demokratik Partisi,
27,Van,Tayip Temel,Halkların Demokratik Partisi,
27,Van,Osman Nuri Gülaçar,Adalet ve Kalkınma Partisi,
27,Van,İrfan Kartal,Adalet ve Kalkınma Partisi,
27,Van,Abdulahat Arvas,Adalet ve Kalkınma Partisi,
27,Yalova,Ahmet Büyükgümüş,Adalet ve Kalkınma Partisi,
27,Yalova,Meliha Akyol,Adalet ve Kalkınma Partisi,
27,Yalova,Özcan Özel,Cumhuriyet Halk Partisi,Memleket Partisi
27,Yozgat,Bekir Bozdağ,Adalet ve Kalkınma Partisi,Milletvekilliğinden istifa (Adalet Bakanlığı'na atandı)
27,Yozgat,Yusuf Başer,Adalet ve Kalkınma Partisi,
27,Yozgat,İbrahim Ethem Sedef,Milliyetçi Hareket Partisi,
27,Yozgat,Ali Keven,Cumhuriyet Halk Partisi,
27,Zonguldak,Polat Türkmen,Adalet ve Kalkınma Partisi,
27,Zonguldak,Ahmet Çolakoğlu,Adalet ve Kalkınma Partisi,
27,Zonguldak,Hamdi Uçar,Adalet ve Kalkınma Partisi,
27,Zonguldak,Ünal Demirtaş,Cumhuriyet Halk Partisi,
27,Zonguldak,Deniz Yavuzyılmaz,Cumhuriyet Halk Partisi,
27,Zonguldak,Eski,Isparta · İstanbul · İzmir · Kahramanmaraş · Karabük · Karaman · Kars · Kastamonu · Kayseri · Kırıkkale · Kırklareli · Kırşehir · Kilis · Kocaeli · Konya · Kütahya · Malatya · Manisa · Mardin · Mersin · Muğla · Muş · Nevşehir · Niğde · Ordu · Osmaniye · Rize · Sakarya · Samsun · Siirt · Sinop · Sivas · Şanlıurfa · Şırnak · Tekirdağ · Tokat · Trabzon · Tunceli · Uşak · Van · Yalova · Yozgat · Zonguldak,
27,Diğer listeler,Azınlık milletvekilleri · İlk Türk kadın milletvekilleri · Cumhuriyet Senatosu başkanları · Türkiye Büyük Millet Meclisi başkanları,Isparta · İstanbul · İzmir · Kahramanmaraş · Karabük · Karaman · Kars · Kastamonu · Kayseri · Kırıkkale · Kırklareli · Kırşehir · Kilis · Kocaeli · Konya · Kütahya · Malatya · Manisa · Mardin · Mersin · Muğla · Muş · Nevşehir · Niğde · Ordu · Osmaniye · Rize · Sakarya · Samsun · Siirt · Sinop · Sivas · Şanlıurfa · Şırnak · Tekirdağ · Tokat · Trabzon · Tunceli · Uşak · Van · Yalova · Yozgat · Zonguldak,
28,Siyasi parti,Adalet ve Kalkınma Partisi,Abdullah Güler,275
28,Siyasi parti,Cumhuriyet Halk Partisi,Özgür Özel,138
28,Siyasi parti,Halkların Eşitlik ve Demokrasi Partisi,Tuncer Bakırhan,56
28,Siyasi parti,Milliyetçi Hareket Partisi,Devlet Bahçeli,47
28,Siyasi parti,İYİ Parti,Müsavat Dervişoğlu,30
28,Siyasi parti,Yeni Yol,Bülent Kaya,20
28,Siyasi parti,Hür Dava Partisi,Meclis grubu yok,4
28,Siyasi parti,Yeniden Refah Partisi,Meclis grubu yok,4
28,Siyasi parti,Türkiye İşçi Partisi,Meclis grubu yok,3
28,Siyasi parti,Demokratik Bölgeler Partisi,Meclis grubu yok,2
28,Siyasi parti,Emek Partisi,Meclis grubu yok,2
28,Siyasi parti,Demokrat Parti,Meclis grubu yok,1
28,Siyasi parti,Saadet Partisi,Meclis grubu yok,1
28,Siyasi parti,Demokratik Sol Parti,Meclis grubu yok,1
28,Siyasi parti,Bağımsız,Meclis grubu yok,8
28,Siyasi parti,Adalet ve Kalkınma Partisi,3,19
28,Siyasi parti,Cumhuriyet Halk Partisi,1,0
28,Siyasi parti,Halkların Eşitlik ve Demokrasi Partisi,1,0
28,Siyasi parti,Milliyetçi Hareket Partisi,1,0
28,Siyasi parti,İYİ Parti,0,0
28,Siyasi parti,Yeni Yol,0,0
28,Adana,Ömer Çelik,Adalet ve Kalkınma Partisi,
28,Adana,Ahmet Zenbilci,Adalet ve Kalkınma Partisi,Bağımsız
28,Adana,Sunay Karamık,Adalet ve Kalkınma Partisi,
28,Adana,Abdullah Doğru,Adalet ve Kalkınma Partisi,
28,Adana,Faruk Aytek,Adalet ve Kalkınma Partisi,
28,Adana,Orhan Sümer,Cumhuriyet Halk Partisi,
28,Adana,Müzeyyen Şevkin,Cumhuriyet Halk Partisi,
28,Adana,Burhanettin Bulut,Cumhuriyet Halk Partisi,
28,Adana,Sadullah Kısacık,Cumhuriyet Halk Partisi,Yeni Yol
28,Adana,Ayhan Barut,Cumhuriyet Halk Partisi,
28,Adana,Muharrem Varlı,Milliyetçi Hareket Partisi,
28,Adana,Ayşe Sibel Ersoy,Milliyetçi Hareket Partisi,
28,Adana,Ayyüce Türkeş Taş,İYİ Parti,
28,Adana,Bilal Bilici,İYİ Parti,Cumhuriyet Halk Partisi
28,Adana,Tülay Hatimoğulları Oruç,Halkların Eşitlik ve Demokrasi Partisi,
28,Adıyaman,Resul Kurt,Adalet ve Kalkınma Partisi,
28,Adıyaman,İshak Şan,Adalet ve Kalkınma Partisi,
28,Adıyaman,Mustafa Alkayış,Adalet ve Kalkınma Partisi,
28,Adıyaman,Hüseyin Özhan,Adalet ve Kalkınma Partisi,
28,Adıyaman,Abdurrahman Tutdere,Cumhuriyet Halk Partisi,Milletvekilliğinden istifa
28,Afyonkarahisar,Ali Özkaya,Adalet ve Kalkınma Partisi,
28,Afyonkarahisar,İbrahim Yurdunuseven,Adalet ve Kalkınma Partisi,
28,Afyonkarahisar,Hasan Arslan,Adalet ve Kalkınma Partisi,
28,Afyonkarahisar,Burcu Köksal,Cumhuriyet Halk Partisi,Milletvekilliğinden istifa
28,Afyonkarahisar,Mehmet Taytak,Milliyetçi Hareket Partisi,
28,Afyonkarahisar,Hakan Şeref Olgun,İYİ Parti,
28,Ağrı,Sırrı Sakık,Halkların Eşitlik ve Demokrasi Partisi,
28,Ağrı,Nejla Demir,Halkların Eşitlik ve Demokrasi Partisi,
28,Ağrı,Heval Bozdağ,Halkların Eşitlik ve Demokrasi Partisi,
28,Ağrı,Ruken Kilerci,Adalet ve Kalkınma Partisi,
28,Aksaray,Cengiz Aydoğdu,Adalet ve Kalkınma Partisi,
28,Aksaray,Hüseyin Altınsoy,Adalet ve Kalkınma Partisi,
28,Aksaray,Ramazan Kaşlı,Milliyetçi Hareket Partisi,
28,Aksaray,Turan Yaldır,İYİ Parti,
28,Amasya,Haluk İpek,Adalet ve Kalkınma Partisi,
28,Amasya,Hasan Çilez,Adalet ve Kalkınma Partisi,
28,Amasya,Reşat Karagöz,Cumhuriyet Halk Partisi,
28,Ankara (I),Gamze Taşçıer,Cumhuriyet Halk Partisi,
28,Ankara (I),Deniz Demir,Cumhuriyet Halk Partisi,
28,Ankara (I),Okan Konuralp,Cumhuriyet Halk Partisi,
28,Ankara (I),Sadullah Ergin,Cumhuriyet Halk Partisi,Yeni Yol
28,Ankara (I),Mustafa Nedim Yamalı,Cumhuriyet Halk Partisi,Adalet ve Kalkınma Partisi
28,Ankara (I),Aliye Timisi Ersever,Cumhuriyet Halk Partisi,
28,Ankara (I),Yıldırım Tuğrul Türkeş,Adalet ve Kalkınma Partisi,
28,Ankara (I),Jülide Sarıeroğlu,Adalet ve Kalkınma Partisi,
28,Ankara (I),Murat Alparslan,Adalet ve Kalkınma Partisi,
28,Ankara (I),Zehranur Aydemir,Adalet ve Kalkınma Partisi,
28,Ankara (I),Koray Aydın,İYİ Parti,Bağımsız
28,Ankara (I),Ahmet Eşref Fakıbaba,İYİ Parti,
28,Ankara (I),Mevlüt Karakaya,Milliyetçi Hareket Partisi,
28,Ankara (II),Vedat Bilgin,Adalet ve Kalkınma Partisi,
28,Ankara (II),Lütfiye Selva Çam,Adalet ve Kalkınma Partisi,
28,Ankara (II),Orhan Yegin,Adalet ve Kalkınma Partisi,
28,Ankara (II),Zeynep Yıldız,Adalet ve Kalkınma Partisi,
28,Ankara (II),Osman Gökçek,Adalet ve Kalkınma Partisi,
28,Ankara (II),Kurtcan Çelebi,Adalet ve Kalkınma Partisi,
28,Ankara (II),Murat Emir,Cumhuriyet Halk Partisi,
28,Ankara (II),İdris Şahin,Cumhuriyet Halk Partisi,Yeni Yol
28,Ankara (II),Semra Dinçer,Cumhuriyet Halk Partisi,
28,Ankara (II),Sadir Durmaz,Milliyetçi Hareket Partisi,
28,Ankara (II),Adnan Beker,İYİ Parti,Cumhuriyet Halk Partisi
28,Ankara (III),Fuat Oktay,Adalet ve Kalkınma Partisi,
28,Ankara (III),Leyla Şahin Usta,Adalet ve Kalkınma Partisi,
28,Ankara (III),Ömer İleri,Adalet ve Kalkınma Partisi,
28,Ankara (III),Asuman Erdoğan,Adalet ve Kalkınma Partisi,
28,Ankara (III),Ahmet Fethan Baykoç,Adalet ve Kalkınma Partisi,
28,Ankara (III),Tekin Bingöl,Cumhuriyet Halk Partisi,
28,Ankara (III),Umut Akdoğan,Cumhuriyet Halk Partisi,
28,Ankara (III),Mesut Doğan,Cumhuriyet Halk Partisi,Yeni Yol
28,Ankara (III),Aylin Yaman,Cumhuriyet Halk Partisi,
28,Ankara (III),Yüksel Arslan,İYİ Parti,
28,Ankara (III),Kürşad Zorlu,İYİ Parti,Adalet ve Kalkınma Partisi
28,Ankara (III),Yaşar Yıldırım,Milliyetçi Hareket Partisi,
28,Antalya,Mevlüt Çavuşoğlu,Adalet ve Kalkınma Partisi,
28,Antalya,Mustafa Köse,Adalet ve Kalkınma Partisi,
28,Antalya,Tuba Vural Çokal,Adalet ve Kalkınma Partisi,
28,Antalya,Kemal Çelik,Adalet ve Kalkınma Partisi,
28,Antalya,Atay Uslu,Adalet ve Kalkınma Partisi,
28,Antalya,İbrahim Ethem Taş,Adalet ve Kalkınma Partisi,
28,Antalya,Sururi Çorabatır,Cumhuriyet Halk Partisi,
28,Antalya,Cavit Arı,Cumhuriyet Halk Partisi,
28,Antalya,Aliye Coşar,Cumhuriyet Halk Partisi,
28,Antalya,Serap Yazıcı Özbudun,Cumhuriyet Halk Partisi,Adalet ve Kalkınma Partisi
28,Antalya,Şerafettin Kılıç,Cumhuriyet Halk Partisi,Yeni Yol
28,Antalya,Mustafa Erdem,Cumhuriyet Halk Partisi,
28,Antalya,Abdurrahman Başkan,Milliyetçi Hareket Partisi,
28,Antalya,Hilmi Durgun,Milliyetçi Hareket Partisi,
28,Antalya,Uğur Poyraz,İYİ Parti,
28,Antalya,Aykut Kaya,İYİ Parti,Cumhuriyet Halk Partisi
28,Antalya,Hakkı Saruhan Oruç,Halkların Eşitlik ve Demokrasi Partisi,
28,Ardahan,Kaan Koç,Adalet ve Kalkınma Partisi,
28,Ardahan,Özgür Erdem İncesu,Cumhuriyet Halk Partisi,
28,Artvin,Faruk Çelik,Adalet ve Kalkınma Partisi,
28,Artvin,Uğur Bayraktutan,Cumhuriyet Halk Partisi,
28,Aydın,Bülent Tezcan,Cumhuriyet Halk Partisi,
28,Aydın,Hüseyin Yıldız,Cumhuriyet Halk Partisi,
28,Aydın,Süleyman Bülbül,Cumhuriyet Halk Partisi,
28,Aydın,Evrim Karakoz,Cumhuriyet Halk Partisi,
28,Aydın,Mustafa Savaş,Adalet ve Kalkınma Partisi,
28,Aydın,Seda Sarıbaş,Adalet ve Kalkınma Partisi,
28,Aydın,Ömer Özmen,Adalet ve Kalkınma Partisi,
28,Aydın,Ömer Karakaş,İYİ Parti,
28,Balıkesir,İsmail Ok,Adalet ve Kalkınma Partisi,
28,Balıkesir,Belgin Uygur,Adalet ve Kalkınma Partisi,
28,Balıkesir,Mustafa Canbey,Adalet ve Kalkınma Partisi,
28,Balıkesir,Ali Taylan Öztaylan,Adalet ve Kalkınma Partisi,
28,Balıkesir,Ensar Aytekin,Cumhuriyet Halk Partisi,
28,Balıkesir,Serkan Sarı,Cumhuriyet Halk Partisi,
28,Balıkesir,Burak Dalgın,Cumhuriyet Halk Partisi,İYİ Parti
28,Balıkesir,Ekrem Gökay Yüksel,Milliyetçi Hareket Partisi,
28,Balıkesir,Turhan Çömez,İYİ Parti,
28,Bartın,Yusuf Ziya Aldatmaz,Adalet ve Kalkınma Partisi,
28,Bartın,Aysu Bankoğlu,Cumhuriyet Halk Partisi,
28,Batman,Keskin Bayındır,Halkların Eşitlik ve Demokrasi Partisi,Demokratik Bölgeler Partisi
28,Batman,Zeynep Oduncu,Halkların Eşitlik ve Demokrasi Partisi,
28,Batman,Mehmet Rüştü Tiryaki,Halkların Eşitlik ve Demokrasi Partisi,
28,Batman,Ferhat Nasıroğlu,Adalet ve Kalkınma Partisi,
28,Batman,Serkan Ramanlı,Adalet ve Kalkınma Partisi,Hür Dava Partisi
28,Bayburt,Orhan Ateş,Adalet ve Kalkınma Partisi,
28,Bilecik,Halil Eldemir,Adalet ve Kalkınma Partisi,
28,Bilecik,Yaşar Tüzün,Cumhuriyet Halk Partisi,
28,Bingöl,Feyzi Berdibek,Adalet ve Kalkınma Partisi,
28,Bingöl,Zeki Korkutata,Adalet ve Kalkınma Partisi,
28,Bingöl,Ömer Faruk Hülakü,Halkların Eşitlik ve Demokrasi Partisi,
28,Bitlis,Hüseyin Olan,Halkların Eşitlik ve Demokrasi Partisi,
28,Bitlis,Semra Çağlar Gökalp,Halkların Eşitlik ve Demokrasi Partisi,
28,Bitlis,Turan Bedirhanoğlu,Adalet ve Kalkınma Partisi,
28,Bolu,Yüksel Coşkunyürek,Adalet ve Kalkınma Partisi,
28,Bolu,Türker Ateş,Cumhuriyet Halk Partisi,
28,Bolu,İsmail Akgül,Milliyetçi Hareket Partisi,Bağımsız
28,Burdur,Adem Korkmaz,Adalet ve Kalkınma Partisi,
28,Burdur,Mustafa Oğuz,Adalet ve Kalkınma Partisi,
28,Burdur,İzzet Akbulut,Cumhuriyet Halk Partisi,
28,Bursa (I),Efkan Ala,Adalet ve Kalkınma Partisi,
28,Bursa (I),Refik Özen,Adalet ve Kalkınma Partisi,
28,Bursa (I),Ahmet Kılıç,Adalet ve Kalkınma Partisi,
28,Bursa (I),Emine Yavuz Gözgeç,Adalet ve Kalkınma Partisi,
28,Bursa (I),Mustafa Yavuz,Adalet ve Kalkınma Partisi,
28,Bursa (I),Kayıhan Pala,Cumhuriyet Halk Partisi,
28,Bursa (I),Nurhayat Altaca Kayışoğlu,Cumhuriyet Halk Partisi,
28,Bursa (I),Mehmet Atmaca,Cumhuriyet Halk Partisi,Yeni Yol
28,Bursa (I),İsmet Büyükataman,Milliyetçi Hareket Partisi,
28,Bursa (I),Yüksel Selçuk Türkoğlu,İYİ Parti,
28,Bursa (II),Mustafa Varank,Adalet ve Kalkınma Partisi,
28,Bursa (II),Ayhan Salman,Adalet ve Kalkınma Partisi,
28,Bursa (II),Osman Mesten,Adalet ve Kalkınma Partisi,
28,Bursa (II),Emel Gözükara Durmaz,Adalet ve Kalkınma Partisi,
28,Bursa (II),Muhammet Müfit Aydın,Adalet ve Kalkınma Partisi,
28,Bursa (II),Hasan Öztürk,Cumhuriyet Halk Partisi,
28,Bursa (II),Cemalettin Kani Torun,Cumhuriyet Halk Partisi,Yeni Yol
28,Bursa (II),Orhan Sarıbal,Cumhuriyet Halk Partisi,
28,Bursa (II),Fevzi Zırhlıoğlu,Milliyetçi Hareket Partisi,
28,Bursa (II),Hasan Toktaş,İYİ Parti,
28,Çanakkale,İsmet Güneşhan,Cumhuriyet Halk Partisi,
28,Çanakkale,Özgür Ceylan,Cumhuriyet Halk Partisi,
28,Çanakkale,Ayhan Gider,Adalet ve Kalkınma Partisi,
28,Çanakkale,Rıdvan Uz,İYİ Parti,
28,Çankırı,Muhammet Emin Akbaşoğlu,Adalet ve Kalkınma Partisi,
28,Çankırı,Pelin Yılık,Milliyetçi Hareket Partisi,
28,Çorum,Yusuf Ahlatçı,Adalet ve Kalkınma Partisi,
28,Çorum,Oğuzhan Kaya,Adalet ve Kalkınma Partisi,
28,Çorum,Mehmet Tahtasız,Cumhuriyet Halk Partisi,
28,Çorum,Vahit Kayrıcı,Milliyetçi Hareket Partisi,
28,Denizli,Cahit Özkan,Adalet ve Kalkınma Partisi,
28,Denizli,Şahin Tin,Adalet ve Kalkınma Partisi,
28,Denizli,Nilgün Ök,Adalet ve Kalkınma Partisi,
28,Denizli,Gülizar Biçer Karaca,Cumhuriyet Halk Partisi,
28,Denizli,Şeref Arpacı,Cumhuriyet Halk Partisi,
28,Denizli,Sema Silkin Ün,Cumhuriyet Halk Partisi,Yeni Yol
28,Denizli,Yasin Öztürk,İYİ Parti,
28,Diyarbakır,Berdan Öztürk,Halkların Eşitlik ve Demokrasi Partisi,
28,Diyarbakır,Halide Türkoğlu,Halkların Eşitlik ve Demokrasi Partisi,
28,Diyarbakır,Osman Cengiz Çandar,Halkların Eşitlik ve Demokrasi Partisi,
28,Diyarbakır,Adalet Kaya,Halkların Eşitlik ve Demokrasi Partisi,
28,Diyarbakır,Serhat Eren,Halkların Eşitlik ve Demokrasi Partisi,
28,Diyarbakır,Sevilay Çelenk Özen,Halkların Eşitlik ve Demokrasi Partisi,
28,Diyarbakır,Mehmet Kamaç,Halkların Eşitlik ve Demokrasi Partisi,
28,Diyarbakır,Ceylan Akça Cupolo,Halkların Eşitlik ve Demokrasi Partisi,
28,Diyarbakır,Mehmet Galip Ensarioğlu,Adalet ve Kalkınma Partisi,
28,Diyarbakır,Mehmet Sait Yaz,Adalet ve Kalkınma Partisi,
28,Diyarbakır,Suna Kepolu Ataman,Adalet ve Kalkınma Partisi,
28,Diyarbakır,Mustafa Sezgin Tanrıkulu,Cumhuriyet Halk Partisi,
28,Düzce,Ayşe Keşir,Adalet ve Kalkınma Partisi,
28,Düzce,Ercan Öztürk,Adalet ve Kalkınma Partisi,
28,Düzce,Talih Özcan,Cumhuriyet Halk Partisi,
28,Edirne,Ediz Ün,Cumhuriyet Halk Partisi,Bağımsız
28,Edirne,Ahmet Baran Yazgan,Cumhuriyet Halk Partisi,
28,Edirne,Fatma Aksal,Adalet ve Kalkınma Partisi,
28,Edirne,Mehmet Akalın,İYİ Parti,
28,Elazığ,Erol Keleş,Adalet ve Kalkınma Partisi,
28,Elazığ,Ejder Açıkkapı,Adalet ve Kalkınma Partisi,
28,Elazığ,Mahmut Rıdvan Nazırlı,Adalet ve Kalkınma Partisi,
28,Elazığ,Gürsel Erol,Cumhuriyet Halk Partisi,
28,Elazığ,Semih Işıkver,Milliyetçi Hareket Partisi,
28,Erzincan,Süleyman Karaman,Adalet ve Kalkınma Partisi,
28,Erzincan,Mustafa Sarıgül,Cumhuriyet Halk Partisi,
28,Erzurum,Selami Altınok,Adalet ve Kalkınma Partisi,
28,Erzurum,Fatma Öncü,Adalet ve Kalkınma Partisi,
28,Erzurum,Mehmet Emin Öz,Adalet ve Kalkınma Partisi,
28,Erzurum,Abdurrahim Fırat,Adalet ve Kalkınma Partisi,
28,Erzurum,Kamil Aydın,Milliyetçi Hareket Partisi,
28,Erzurum,Meral Danış Beştaş,Halkların Eşitlik ve Demokrasi Partisi,
28,Eskişehir,Utku Çakırözer,Cumhuriyet Halk Partisi,
28,Eskişehir,Jale Nur Süllü,Cumhuriyet Halk Partisi,
28,Eskişehir,İbrahim Arslan,Cumhuriyet Halk Partisi,
28,Eskişehir,Fatih Dönmez,Adalet ve Kalkınma Partisi,
28,Eskişehir,Ayşen Gürcan,Adalet ve Kalkınma Partisi,
28,Eskişehir,İdris Nebi Hatipoğlu,İYİ Parti,Adalet ve Kalkınma Partisi
28,Gaziantep,Abdulhamit Gül,Adalet ve Kalkınma Partisi,
28,Gaziantep,Mehmet Eyup Özkeçeci,Adalet ve Kalkınma Partisi,
28,Gaziantep,Ali Şahin,Adalet ve Kalkınma Partisi,
28,Gaziantep,Derya Bakbak,Adalet ve Kalkınma Partisi,
28,Gaziantep,Mesut Bozatlı,Adalet ve Kalkınma Partisi,
28,Gaziantep,Şehzade Demir,Adalet ve Kalkınma Partisi,Hür Dava Partisi
28,Gaziantep,İrfan Çelikaslan,Adalet ve Kalkınma Partisi,
28,Gaziantep,Bünyamin Bozgeyik,Adalet ve Kalkınma Partisi,
28,Gaziantep,Hasan Öztürkmen,Cumhuriyet Halk Partisi,
28,Gaziantep,Melih Meriç,Cumhuriyet Halk Partisi,
28,Gaziantep,Ertuğrul Kaya,Cumhuriyet Halk Partisi,Yeni Yol
28,Gaziantep,Sermet Atay,Milliyetçi Hareket Partisi,
28,Gaziantep,Mehmet Mustafa Gürban,İYİ Parti,
28,Gaziantep,Sevda Karaca Demir,Halkların Eşitlik ve Demokrasi Partisi,Emek Partisi
28,Giresun,Nazım Elmas,Adalet ve Kalkınma Partisi,
28,Giresun,Ali Temür,Adalet ve Kalkınma Partisi,
28,Giresun,Elvan Işık Gezmiş,Cumhuriyet Halk Partisi,
28,Giresun,Ertuğrul Gazi Konal,Milliyetçi Hareket Partisi,
28,Gümüşhane,Celalettin Köse,Adalet ve Kalkınma Partisi,
28,Gümüşhane,Musa Küçük,Milliyetçi Hareket Partisi,
28,Hakkâri,Vezir Coşkun Parlak,Halkların Eşitlik ve Demokrasi Partisi,
28,Hakkâri,Öznur Bartin,Halkların Eşitlik ve Demokrasi Partisi,
28,Hakkâri,Onur Düşünmez,Halkların Eşitlik ve Demokrasi Partisi,
28,Hatay,Adem Yeşildal,Adalet ve Kalkınma Partisi,
28,Hatay,Abdulkadir Özel,Adalet ve Kalkınma Partisi,
28,Hatay,Hüseyin Yayman,Adalet ve Kalkınma Partisi,
28,Hatay,Kemal Karahan,Adalet ve Kalkınma Partisi,
28,Hatay,Mehmet Güzelmansur,Cumhuriyet Halk Partisi,
28,Hatay,Nermin Yıldırım Kara,Cumhuriyet Halk Partisi,
28,Hatay,Servet Mullaoğlu,Cumhuriyet Halk Partisi,
28,Hatay,Necmettin Çalışkan,Cumhuriyet Halk Partisi,Yeni Yol
28,Hatay,Lütfi Kaşıkçı,Milliyetçi Hareket Partisi,
28,Hatay,Adnan Şefik Çirkin,İYİ Parti,
28,Hatay,Şerafettin Can Atalay,Türkiye İşçi Partisi,Milletvekilliğinin düşmesi
28,Iğdır,Cantürk Alagöz,Adalet ve Kalkınma Partisi,
28,Iğdır,Yılmaz Hun,Halkların Eşitlik ve Demokrasi Partisi,
28,Isparta,Mehmet Uğur Gökgöz,Adalet ve Kalkınma Partisi,
28,Isparta,Osman Zabun,Adalet ve Kalkınma Partisi,
28,Isparta,Hikmet Yalım Halıcı,Cumhuriyet Halk Partisi,
28,Isparta,Hasan Basri Sönmez,Milliyetçi Hareket Partisi,Bağımsız
28,İstanbul (I),Murat Kurum,Adalet ve Kalkınma Partisi,Milletvekilliğinden istifa
28,İstanbul (I),Erkan Kandemir,Adalet ve Kalkınma Partisi,
28,İstanbul (I),Hasan Turan,Adalet ve Kalkınma Partisi,
28,İstanbul (I),Müşerref Pervin Tuba Durgut,Adalet ve Kalkınma Partisi,
28,İstanbul (I),Hulusi Şentürk,Adalet ve Kalkınma Partisi,
28,İstanbul (I),Mustafa Hulki Cevizoğlu,Adalet ve Kalkınma Partisi,
28,İstanbul (I),Tuğba Işık Ercan,Adalet ve Kalkınma Partisi,
28,İstanbul (I),İsmail Erdem,Adalet ve Kalkınma Partisi,
28,İstanbul (I),Yahya Çelik,Adalet ve Kalkınma Partisi,
28,İstanbul (I),Behiye Eker,Adalet ve Kalkınma Partisi,
28,İstanbul (I),Serkan Bayram,Adalet ve Kalkınma Partisi,
28,İstanbul (I),Ümmügülşen Öztürk,Adalet ve Kalkınma Partisi,
28,İstanbul (I),Azmi Ekinci,Adalet ve Kalkınma Partisi,
28,İstanbul (I),Nurettin Alan,Adalet ve Kalkınma Partisi,
28,İstanbul (I),Oğuz Kaan Salıcı,Cumhuriyet Halk Partisi,
28,İstanbul (I),Gamze Akkuş İlgezdi,Cumhuriyet Halk Partisi,
28,İstanbul (I),Fethi Açıkel,Cumhuriyet Halk Partisi,
28,İstanbul (I),Gökhan Günaydın,Cumhuriyet Halk Partisi,
28,İstanbul (I),Birol Aydın,Cumhuriyet Halk Partisi,Yeni Yol
28,İstanbul (I),Ahmet Ersagun Yücel,Cumhuriyet Halk Partisi,Adalet ve Kalkınma Partisi
28,İstanbul (I),Elif Esen,Cumhuriyet Halk Partisi,Yeni Yol
28,İstanbul (I),Hasan Karal,Cumhuriyet Halk Partisi,
28,İstanbul (I),Cemal Enginyurt,Cumhuriyet Halk Partisi,
28,İstanbul (I),Selim Temurci,Cumhuriyet Halk Partisi,Bağımsız
28,İstanbul (I),Ali Gökçek,Cumhuriyet Halk Partisi,
28,İstanbul (I),Suat Özçağdaş,Cumhuriyet Halk Partisi,
28,İstanbul (I),Nimet Özdemir,İYİ Parti,Cumhuriyet Halk Partisi
28,İstanbul (I),Burak Akburak,İYİ Parti,
28,İstanbul (I),Mustafa Cihan Paçacı,İYİ Parti,
28,İstanbul (I),Edip Semih Yalçın,Milliyetçi Hareket Partisi,
28,İstanbul (I),İzzet Ulvi Yönter,Milliyetçi Hareket Partisi,
28,İstanbul (I),Sırrı Süreyya Önder,Halkların Eşitlik ve Demokrasi Partisi,Ölüm
28,İstanbul (I),Keziban Konukcu Kok,Halkların Eşitlik ve Demokrasi Partisi,
28,İstanbul (I),Saliha Sera Kadıgil,Türkiye İşçi Partisi,
28,İstanbul (I),Suat Pamukçu,Yeniden Refah Partisi,Adalet ve Kalkınma Partisi
28,İstanbul (II),Süleyman Soylu,Adalet ve Kalkınma Partisi,
28,İstanbul (II),Halit Yerebakan,Adalet ve Kalkınma Partisi,
28,İstanbul (II),Rabia İlhan,Adalet ve Kalkınma Partisi,
28,İstanbul (II),Önder Aksakal,Adalet ve Kalkınma Partisi,Demokratik Sol Parti
28,İstanbul (II),Mustafa Demir,Adalet ve Kalkınma Partisi,
28,İstanbul (II),İsmail Emrah Karayel,Adalet ve Kalkınma Partisi,
28,İstanbul (II),Zafer Sırakaya,Adalet ve Kalkınma Partisi,
28,İstanbul (II),Büşra Paker,Adalet ve Kalkınma Partisi,
28,İstanbul (II),Sevan Sıvacıoğlu,Adalet ve Kalkınma Partisi,
28,İstanbul (II),Derya Ayaydın,Adalet ve Kalkınma Partisi,
28,İstanbul (II),Adem Yıldırım,Adalet ve Kalkınma Partisi,
28,İstanbul (II),Sena Nur Çelik,Adalet ve Kalkınma Partisi,
28,İstanbul (II),Namık Tan,Cumhuriyet Halk Partisi,
28,İstanbul (II),Yunus Emre,Cumhuriyet Halk Partisi,
28,İstanbul (II),Gökan Zeybek,Cumhuriyet Halk Partisi,
28,İstanbul (II),Kadri Enis Berberoğlu,Cumhuriyet Halk Partisi,
28,İstanbul (II),Yüksel Mansur Kılınç,Cumhuriyet Halk Partisi,
28,İstanbul (II),Mustafa Kaya,Cumhuriyet Halk Partisi,Yeni Yol
28,İstanbul (II),İsa Mesih Şahin,Cumhuriyet Halk Partisi,Adalet ve Kalkınma Partisi
28,İstanbul (II),Evrim Rızvanoğlu,Cumhuriyet Halk Partisi,
28,İstanbul (II),Mehmet Satuk Buğra Kavuncu,İYİ Parti,
28,İstanbul (II),Mehmet Salim Ensarioğlu,İYİ Parti,Adalet ve Kalkınma Partisi
28,İstanbul (II),Cengiz Çiçek,Halkların Eşitlik ve Demokrasi Partisi,
28,İstanbul (II),Özgül Saki,Halkların Eşitlik ve Demokrasi Partisi,
28,İstanbul (II),Celal Adan,Milliyetçi Hareket Partisi,
28,İstanbul (II),Ahmet Şık,Türkiye İşçi Partisi,
28,İstanbul (II),Muhammed Ali Fatih Erbakan,Yeniden Refah Partisi,
28,İstanbul (III),Numan Kurtulmuş,Adalet ve Kalkınma Partisi,
28,İstanbul (III),Özlem Zengin,Adalet ve Kalkınma Partisi,
28,İstanbul (III),Cüneyt Yüksel,Adalet ve Kalkınma Partisi,
28,İstanbul (III),Zekeriya Yapıcıoğlu,Adalet ve Kalkınma Partisi,Hür Dava Partisi
28,İstanbul (III),Halis Dalkılıç,Adalet ve Kalkınma Partisi,
28,İstanbul (III),Rümeysa Kadak,Adalet ve Kalkınma Partisi,
28,İstanbul (III),Oğuz Üçüncü,Adalet ve Kalkınma Partisi,
28,İstanbul (III),Bayram Şenocak,Adalet ve Kalkınma Partisi,
28,İstanbul (III),Şamil Ayrım,Adalet ve Kalkınma Partisi,
28,İstanbul (III),Seda Gören Bölük,Adalet ve Kalkınma Partisi,
28,İstanbul (III),Nilhan Ayan,Adalet ve Kalkınma Partisi,
28,İstanbul (III),Yıldız Konal Süslü,Adalet ve Kalkınma Partisi,
28,İstanbul (III),Şengül Karslı,Adalet ve Kalkınma Partisi,
28,İstanbul (III),Yücel Arzen Hacıoğulları,Adalet ve Kalkınma Partisi,
28,İstanbul (III),Engin Altay,Cumhuriyet Halk Partisi,
28,İstanbul (III),Erdoğan Toprak,Cumhuriyet Halk Partisi,
28,İstanbul (III),Türkan Elçi,Cumhuriyet Halk Partisi,
28,İstanbul (III),İlhan Kesici,Cumhuriyet Halk Partisi,
28,İstanbul (III),Zeynel Emre,Cumhuriyet Halk Partisi,
28,İstanbul (III),Mustafa Yeneroğlu,Cumhuriyet Halk Partisi,Bağımsız
28,İstanbul (III),Medeni Yılmaz,Cumhuriyet Halk Partisi,Yeni Yol
28,İstanbul (III),Bülent Kaya,Cumhuriyet Halk Partisi,Yeni Yol
28,İstanbul (III),Doğan Demir,Cumhuriyet Halk Partisi,
28,İstanbul (III),Özgür Karabat,Cumhuriyet Halk Partisi,
28,İstanbul (III),Turan Taşkın Özer,Cumhuriyet Halk Partisi,
28,İstanbul (III),Çiğdem Kılıçgün Uçar,Halkların Eşitlik ve Demokrasi Partisi,Demokratik Bölgeler Partisi
28,İstanbul (III),İskender Bayhan,Halkların Eşitlik ve Demokrasi Partisi,Emek Partisi
28,İstanbul (III),Çiçek Otlu,Halkların Eşitlik ve Demokrasi Partisi,
28,İstanbul (III),Celal Fırat,Halkların Eşitlik ve Demokrasi Partisi,
28,İstanbul (III),Ersin Beyaz,İYİ Parti,
28,İstanbul (III),Seyithan İzsiz,İYİ Parti,Adalet ve Kalkınma Partisi
28,İstanbul (III),Ayşe Sibel Yanıkömeroğlu,İYİ Parti,Cumhuriyet Halk Partisi
28,İstanbul (III),Feti Yıldız,Milliyetçi Hareket Partisi,
28,İstanbul (III),İsmail Faruk Aksu,Milliyetçi Hareket Partisi,
28,İstanbul (III),Erkan Baş,Türkiye İşçi Partisi,
28,İstanbul (III),Doğan Bekin,Yeniden Refah Partisi,
28,İzmir (I),Yüksel Taşkın,Cumhuriyet Halk Partisi,
28,İzmir (I),Ahmet Tuncay Özkan,Cumhuriyet Halk Partisi,
28,İzmir (I),Sevda Erdan Kılıç,Cumhuriyet Halk Partisi,
28,İzmir (I),Murat Bakan,Cumhuriyet Halk Partisi,
28,İzmir (I),Ednan Arslan,Cumhuriyet Halk Partisi,
28,İzmir (I),Seda Kaya Ösen,Cumhuriyet Halk Partisi,
28,İzmir (I),Haydar Altıntaş,Cumhuriyet Halk Partisi,Demokrat Parti
28,İzmir (I),Mehmet Kasapoğlu,Adalet ve Kalkınma Partisi,
28,İzmir (I),Mahmut Atilla Kaya,Adalet ve Kalkınma Partisi,
28,İzmir (I),Şebnem Bursalı,Adalet ve Kalkınma Partisi,
28,İzmir (I),Mehmet Ali Çelebi,Adalet ve Kalkınma Partisi,
28,İzmir (I),Müsavat Dervişoğlu,İYİ Parti,
28,İzmir (I),Ümit Özlale,İYİ Parti,Cumhuriyet Halk Partisi
28,İzmir (I),Burcugül Çubuk,Halkların Eşitlik ve Demokrasi Partisi,
28,İzmir (II),Gökçe Gökçen,Cumhuriyet Halk Partisi,
28,İzmir (II),Rıfat Turuntay Nalbantoğlu,Cumhuriyet Halk Partisi,
28,İzmir (II),Rahmi Aşkın Türeli,Cumhuriyet Halk Partisi,
28,İzmir (II),Mahir Polat,Cumhuriyet Halk Partisi,
28,İzmir (II),Salih Uzun,Cumhuriyet Halk Partisi,
28,İzmir (II),Deniz Yücel,Cumhuriyet Halk Partisi,
28,İzmir (II),Mustafa Bilici,Cumhuriyet Halk Partisi,Yeni Yol
28,İzmir (II),Eyyüp Kadir İnan,Adalet ve Kalkınma Partisi,
28,İzmir (II),Fehmi Alpay Özalan,Adalet ve Kalkınma Partisi,
28,İzmir (II),Ceyda Bölünmez Çankırı,Adalet ve Kalkınma Partisi,
28,İzmir (II),Yaşar Kırkpınar,Adalet ve Kalkınma Partisi,
28,İzmir (II),Tamer Osmanağaoğlu,Milliyetçi Hareket Partisi,
28,İzmir (II),Hüsmen Kırkpınar,İYİ Parti,
28,İzmir (II),İbrahim Akın,Halkların Eşitlik ve Demokrasi Partisi,
28,Kahramanmaraş,Vahit Kirişçi,Adalet ve Kalkınma Partisi,
28,Kahramanmaraş,Ömer Oruç Bilal Debgici,Adalet ve Kalkınma Partisi,
28,Kahramanmaraş,Mevlüt Kurt,Adalet ve Kalkınma Partisi,
28,Kahramanmaraş,Tuba Köksal,Adalet ve Kalkınma Partisi,
28,Kahramanmaraş,Mehmet Şahin,Adalet ve Kalkınma Partisi,
28,Kahramanmaraş,Ali Öztunç,Cumhuriyet Halk Partisi,
28,Kahramanmaraş,İrfan Karatutlu,Cumhuriyet Halk Partisi,Adalet ve Kalkınma Partisi
28,Kahramanmaraş,Zuhal Karakoç Dora,Milliyetçi Hareket Partisi,
28,Karabük,Cem Şahin,Adalet ve Kalkınma Partisi,
28,Karabük,Durmuş Ali Keskinkılıç,Adalet ve Kalkınma Partisi,
28,Karabük,Cevdet Akay,Cumhuriyet Halk Partisi,
28,Karaman,Selman Oğuzhan Eser,Adalet ve Kalkınma Partisi,
28,Karaman,Osman Sağlam,Adalet ve Kalkınma Partisi,
28,Karaman,İsmail Atakan Ünver,Cumhuriyet Halk Partisi,
28,Kars,Adem Çalkın,Adalet ve Kalkınma Partisi,
28,Kars,İnan Akgün Alp,Cumhuriyet Halk Partisi,
28,Kars,Gülüstan Kılıç Koçyiğit,Halkların Eşitlik ve Demokrasi Partisi,
28,Kastamonu,Halil Uluay,Adalet ve Kalkınma Partisi,
28,Kastamonu,Fatma Serap Ekmekci,Adalet ve Kalkınma Partisi,
28,Kastamonu,Hasan Baltacı,Cumhuriyet Halk Partisi,Milletvekilliğinden istifa
28,Kayseri,Hulusi Akar,Adalet ve Kalkınma Partisi,
28,Kayseri,Ayşe Böhürler,Adalet ve Kalkınma Partisi,
28,Kayseri,Şaban Çopuroğlu,Adalet ve Kalkınma Partisi,
28,Kayseri,Murat Cahid Cıngı,Adalet ve Kalkınma Partisi,
28,Kayseri,Sayın Bayar Özsoy,Adalet ve Kalkınma Partisi,
28,Kayseri,Aşkın Genç,Cumhuriyet Halk Partisi,
28,Kayseri,Mahmut Arıkan,Cumhuriyet Halk Partisi,Saadet Partisi
28,Kayseri,İsmail Özdemir,Milliyetçi Hareket Partisi,
28,Kayseri,Mustafa Baki Ersoy,Milliyetçi Hareket Partisi,
28,Kayseri,Dursun Ataş,İYİ Parti,Adalet ve Kalkınma Partisi
28,Kırıkkale,Mustafa Kaplan,Adalet ve Kalkınma Partisi,
28,Kırıkkale,Ahmet Önal,Cumhuriyet Halk Partisi,Milletvekilliğinden istifa
28,Kırıkkale,Halil Öztürk,Milliyetçi Hareket Partisi,
28,Kırklareli,Vecdi Gündoğdu,Cumhuriyet Halk Partisi,
28,Kırklareli,Fahri Özkan,Cumhuriyet Halk Partisi,
28,Kırklareli,Ahmet Gökhan Sarıçam,Adalet ve Kalkınma Partisi,
28,Kırşehir,Necmettin Erkan,Adalet ve Kalkınma Partisi,
28,Kırşehir,Metin İlhan,Cumhuriyet Halk Partisi,
28,Kilis,Ahmet Salih Dal,Adalet ve Kalkınma Partisi,
28,Kilis,Mustafa Demir,Milliyetçi Hareket Partisi,Bağımsız
28,Kocaeli,Sadettin Hülagü,Adalet ve Kalkınma Partisi,
28,Kocaeli,Radiye Sezer Katırcıoğlu,Adalet ve Kalkınma Partisi,
28,Kocaeli,Veysal Tipioğlu,Adalet ve Kalkınma Partisi,
28,Kocaeli,Mehmet Akif Yılmaz,Adalet ve Kalkınma Partisi,
28,Kocaeli,Cemil Yaman,Adalet ve Kalkınma Partisi,
28,Kocaeli,Sami Çakır,Adalet ve Kalkınma Partisi,
28,Kocaeli,Mühip Kanko,Cumhuriyet Halk Partisi,
28,Kocaeli,Harun Özgür Yıldızlı,Cumhuriyet Halk Partisi,
28,Kocaeli,Hasan Bitmez,Cumhuriyet Halk Partisi,Ölüm
28,Kocaeli,Nail Çiler,Cumhuriyet Halk Partisi,
28,Kocaeli,Saffet Sancaklı,Milliyetçi Hareket Partisi,
28,Kocaeli,Lütfü Türkkan,İYİ Parti,
28,Kocaeli,Ömer Faruk Gergerlioğlu,Halkların Eşitlik ve Demokrasi Partisi,
28,Kocaeli,Mehmet Aşıla,Yeniden Refah Partisi,
28,Konya,Tahir Akyürek,Adalet ve Kalkınma Partisi,
28,Konya,Orhan Erdem,Adalet ve Kalkınma Partisi,
28,Konya,Selman Özboyacı,Adalet ve Kalkınma Partisi,
28,Konya,Meryem Göka,Adalet ve Kalkınma Partisi,
28,Konya,Abdullah Ağralı,Adalet ve Kalkınma Partisi,
28,Konya,Mehmet Baykan,Adalet ve Kalkınma Partisi,
28,Konya,Ziya Altunyıldız,Adalet ve Kalkınma Partisi,
28,Konya,Latif Selvi,Adalet ve Kalkınma Partisi,
28,Konya,Mustafa Hakan Özer,Adalet ve Kalkınma Partisi,
28,Konya,Barış Bektaş,Cumhuriyet Halk Partisi,
28,Konya,Hasan Ekici,Cumhuriyet Halk Partisi,Adalet ve Kalkınma Partisi
28,Konya,Mustafa Kalaycı,Milliyetçi Hareket Partisi,
28,Konya,Konur Alp Koçak,Milliyetçi Hareket Partisi,
28,Konya,Ünal Karaman,İYİ Parti,Adalet ve Kalkınma Partisi
28,Konya,Ali Yüksel,Yeniden Refah Partisi,
28,Kütahya,Adil Biçer,Adalet ve Kalkınma Partisi,
28,Kütahya,İsmail Çağlar Bayırcı,Adalet ve Kalkınma Partisi,
28,Kütahya,Mehmet Demir,Adalet ve Kalkınma Partisi,
28,Kütahya,Ali Fazıl Kasap,Cumhuriyet Halk Partisi,
28,Kütahya,Ahmet Erbaş,Milliyetçi Hareket Partisi,
28,Malatya,Bülent Tüfenkci,Adalet ve Kalkınma Partisi,
28,Malatya,İhsan Koca,Adalet ve Kalkınma Partisi,
28,Malatya,İnanç Siraç Kara Ölmeztoprak,Adalet ve Kalkınma Partisi,
28,Malatya,Abdurrahman Babacan,Adalet ve Kalkınma Partisi,
28,Malatya,Veli Ağbaba,Cumhuriyet Halk Partisi,
28,Malatya,Mehmet Celal Fendoğlu,Milliyetçi Hareket Partisi,
28,Manisa,Bahadır Yenişehirlioğlu,Adalet ve Kalkınma Partisi,
28,Manisa,Murat Baybatur,Adalet ve Kalkınma Partisi,
28,Manisa,Tamer Akkal,Adalet ve Kalkınma Partisi,
28,Manisa,Ahmet Mücahit Arınç,Adalet ve Kalkınma Partisi,
28,Manisa,Özgür Özel,Cumhuriyet Halk Partisi,
28,Manisa,Ahmet Vehbi Bakırlıoğlu,Cumhuriyet Halk Partisi,
28,Manisa,Bekir Başevirgen,Cumhuriyet Halk Partisi,
28,Manisa,Selma Aliye Kavaf,Cumhuriyet Halk Partisi,
28,Manisa,Erkan Akçay,Milliyetçi Hareket Partisi,
28,Manisa,Şenol Sunat,İYİ Parti,
28,Mardin,Salihe Aydeniz,Halkların Eşitlik ve Demokrasi Partisi,
28,Mardin,Kamuran Tanhan,Halkların Eşitlik ve Demokrasi Partisi,
28,Mardin,Beritan Güneş Altın,Halkların Eşitlik ve Demokrasi Partisi,
28,Mardin,George Aslan,Halkların Eşitlik ve Demokrasi Partisi,
28,Mardin,Faruk Kılınç,Adalet ve Kalkınma Partisi,
28,Mardin,Muhammed Adak,Adalet ve Kalkınma Partisi,
28,Mersin,Ali Mahir Başarır,Cumhuriyet Halk Partisi,
28,Mersin,Gülcan Kış,Cumhuriyet Halk Partisi,
28,Mersin,Mehmet Emin Ekmen,Cumhuriyet Halk Partisi,Yeni Yol
28,Mersin,Talat Dinçer,Cumhuriyet Halk Partisi,
28,Mersin,Hasan Ufuk Çakır,Cumhuriyet Halk Partisi,Adalet ve Kalkınma Partisi
28,Mersin,Nureddin Nebati,Adalet ve Kalkınma Partisi,
28,Mersin,Ali Kıratlı,Adalet ve Kalkınma Partisi,
28,Mersin,Havva Sibel Söylemez,Adalet ve Kalkınma Partisi,
28,Mersin,Faruk Dinç,Adalet ve Kalkınma Partisi,Hür Dava Partisi
28,Mersin,Levent Uysal,Milliyetçi Hareket Partisi,
28,Mersin,Burhanettin Kocamaz,İYİ Parti,
28,Mersin,Ali Bozan,Halkların Eşitlik ve Demokrasi Partisi,
28,Mersin,Perihan Koca,Halkların Eşitlik ve Demokrasi Partisi,
28,Muğla,Cumhur Uzun,Cumhuriyet Halk Partisi,
28,Muğla,Gizem Özcan,Cumhuriyet Halk Partisi,
28,Muğla,Süreyya Öneş Derici,Cumhuriyet Halk Partisi,
28,Muğla,Selçuk Özdağ,Cumhuriyet Halk Partisi,Yeni Yol
28,Muğla,Kadem Mete,Adalet ve Kalkınma Partisi,
28,Muğla,Yakup Otgöz,Adalet ve Kalkınma Partisi,
28,Muğla,Metin Ergün,İYİ Parti,
28,Muş,Sezai Temelli,Halkların Eşitlik ve Demokrasi Partisi,
28,Muş,Sümeyye Boz,Halkların Eşitlik ve Demokrasi Partisi,
28,Muş,Mehmet Emin Şimşek,Adalet ve Kalkınma Partisi,
28,Nevşehir,Süleyman Özgün,Adalet ve Kalkınma Partisi,
28,Nevşehir,Emre Çalışkan,Adalet ve Kalkınma Partisi,
28,Nevşehir,Filiz Kılıç,Milliyetçi Hareket Partisi,
28,Niğde,Cevahir Uzkurt,Adalet ve Kalkınma Partisi,
28,Niğde,Ömer Fethi Gürer,Cumhuriyet Halk Partisi,
28,Niğde,Cumali İnce,Milliyetçi Hareket Partisi,
28,Ordu,Mahmut Özer,Adalet ve Kalkınma Partisi,
28,Ordu,İbrahim Ufuk Kaynak,Adalet ve Kalkınma Partisi,
28,Ordu,Mustafa Hamarat,Adalet ve Kalkınma Partisi,
28,Ordu,Seyit Torun,Cumhuriyet Halk Partisi,
28,Ordu,Mustafa Adıgüzel,Cumhuriyet Halk Partisi,
28,Ordu,Naci Şanlıtürk,Milliyetçi Hareket Partisi,
28,Osmaniye,Derya Yanık,Adalet ve Kalkınma Partisi,
28,Osmaniye,Seydi Gülsoy,Adalet ve Kalkınma Partisi,
28,Osmaniye,Asu Kaya,Cumhuriyet Halk Partisi,
28,Osmaniye,Devlet Bahçeli,Milliyetçi Hareket Partisi,
28,Rize,Muhammed Avcı,Adalet ve Kalkınma Partisi,
28,Rize,Harun Mertoğlu,Adalet ve Kalkınma Partisi,
28,Rize,Tahsin Ocaklı,Cumhuriyet Halk Partisi,
28,Sakarya,Lütfi Bayraktar,Adalet ve Kalkınma Partisi,
28,Sakarya,Çiğdem Erdoğan Atabek,Adalet ve Kalkınma Partisi,
28,Sakarya,Ali İnci,Adalet ve Kalkınma Partisi,
28,Sakarya,Ertuğrul Kocacık,Adalet ve Kalkınma Partisi,
28,Sakarya,Murat Kaya,Adalet ve Kalkınma Partisi,
28,Sakarya,Ayça Taşkent,Cumhuriyet Halk Partisi,
28,Sakarya,Muhammet Levent Bülbül,Milliyetçi Hareket Partisi,
28,Sakarya,Ümit Dikbayır,İYİ Parti,Cumhuriyet Halk Partisi
28,Samsun,Mehmet Muş,Adalet ve Kalkınma Partisi,
28,Samsun,Çiğdem Karaaslan,Adalet ve Kalkınma Partisi,
28,Samsun,Yusuf Ziya Yılmaz,Adalet ve Kalkınma Partisi,
28,Samsun,Orhan Kırcalı,Adalet ve Kalkınma Partisi,
28,Samsun,Ersan Aksu,Adalet ve Kalkınma Partisi,
28,Samsun,Murat Çan,Cumhuriyet Halk Partisi,
28,Samsun,Mehmet Karaman,Cumhuriyet Halk Partisi,Yeni Yol
28,Samsun,İlyas Topsakal,Milliyetçi Hareket Partisi,
28,Samsun,Erhan Usta,İYİ Parti,
28,Siirt,Tuncer Bakırhan,Halkların Eşitlik ve Demokrasi Partisi,
28,Siirt,Sabahat Erdoğan Sarıtaş,Halkların Eşitlik ve Demokrasi Partisi,
28,Siirt,Mervan Gül,Adalet ve Kalkınma Partisi,
28,Sinop,Nazım Maviş,Adalet ve Kalkınma Partisi,
28,Sinop,Barış Karadeniz,Cumhuriyet Halk Partisi,
28,Sivas,Abdullah Güler,Adalet ve Kalkınma Partisi,
28,Sivas,Hakan Aksu,Adalet ve Kalkınma Partisi,
28,Sivas,Rukiye Toy,Adalet ve Kalkınma Partisi,
28,Sivas,Ulaş Karasu,Cumhuriyet Halk Partisi,
28,Sivas,Ahmet Özyürek,Milliyetçi Hareket Partisi,
28,Şanlıurfa,Bekir Bozdağ,Adalet ve Kalkınma Partisi,
28,Şanlıurfa,Abdulkadir Emin Önen,Adalet ve Kalkınma Partisi,
28,Şanlıurfa,Abdürrahim Dusak,Adalet ve Kalkınma Partisi,
28,Şanlıurfa,Mehmet Ali Cevheri,Adalet ve Kalkınma Partisi,
28,Şanlıurfa,Cevahir Asuman Yazmacı,Adalet ve Kalkınma Partisi,
28,Şanlıurfa,İbrahim Eyyüpoğlu,Adalet ve Kalkınma Partisi,
28,Şanlıurfa,Hikmet Başak,Adalet ve Kalkınma Partisi,
28,Şanlıurfa,Mehmet Faruk Pınarbaşı,Adalet ve Kalkınma Partisi,
28,Şanlıurfa,Mithat Sancar,Halkların Eşitlik ve Demokrasi Partisi,
28,Şanlıurfa,Ömer Öcalan,Halkların Eşitlik ve Demokrasi Partisi,
28,Şanlıurfa,Dilan Kunt Ayan,Halkların Eşitlik ve Demokrasi Partisi,
28,Şanlıurfa,Ferit Şenyaşar,Halkların Eşitlik ve Demokrasi Partisi,
28,Şanlıurfa,Mahmut Tanal,Cumhuriyet Halk Partisi,
28,Şanlıurfa,İbrahim Özyavuz,Milliyetçi Hareket Partisi,
28,Şırnak,Nevroz Uysal Aslan,Halkların Eşitlik ve Demokrasi Partisi,
28,Şırnak,Mehmet Zeki İrmez,Halkların Eşitlik ve Demokrasi Partisi,
28,Şırnak,Ayşegül Doğan Dağlı,Halkların Eşitlik ve Demokrasi Partisi,
28,Şırnak,Arslan Tatar,Adalet ve Kalkınma Partisi,
28,Tekirdağ,Faik Öztrak,Cumhuriyet Halk Partisi,
28,Tekirdağ,İlhami Özcan Aygun,Cumhuriyet Halk Partisi,
28,Tekirdağ,Cem Avşar,Cumhuriyet Halk Partisi,
28,Tekirdağ,Nurten Yontar,Cumhuriyet Halk Partisi,
28,Tekirdağ,Mestan Özcan,Adalet ve Kalkınma Partisi,
28,Tekirdağ,Gökhan Diktaş,Adalet ve Kalkınma Partisi,
28,Tekirdağ,Çiğdem Koncagül,Adalet ve Kalkınma Partisi,
28,Tekirdağ,Selcan Hamşıoğlu,İYİ Parti,
28,Tokat,Yusuf Beyazıt,Adalet ve Kalkınma Partisi,
28,Tokat,Mustafa Arslan,Adalet ve Kalkınma Partisi,
28,Tokat,Cüneyt Aldemir,Adalet ve Kalkınma Partisi,
28,Tokat,Kadim Durmaz,Cumhuriyet Halk Partisi,
28,Tokat,Yücel Bulut,Milliyetçi Hareket Partisi,
28,Trabzon,Adil Karaismailoğlu,Adalet ve Kalkınma Partisi,
28,Trabzon,Mustafa Şen,Adalet ve Kalkınma Partisi,
28,Trabzon,Yılmaz Büyükaydın,Adalet ve Kalkınma Partisi,
28,Trabzon,Vehbi Koç,Adalet ve Kalkınma Partisi,
28,Trabzon,Sibel Suiçmez,Cumhuriyet Halk Partisi,
28,Trabzon,Yavuz Aydın,İYİ Parti,
28,Tunceli,Ayten Kordu,Halkların Eşitlik ve Demokrasi Partisi,
28,Uşak,İsmail Güneş,Adalet ve Kalkınma Partisi,
28,Uşak,Fahrettin Tuğrul,Adalet ve Kalkınma Partisi,
28,Uşak,Ali Karaoba,Cumhuriyet Halk Partisi,
28,Van,Pervin Buldan,Halkların Eşitlik ve Demokrasi Partisi,
28,Van,Zülküf Uçar,Halkların Eşitlik ve Demokrasi Partisi,
28,Van,Gülcan Kaçmaz Sayyiğit,Halkların Eşitlik ve Demokrasi Partisi,
28,Van,Sinan Çiftyürek,Halkların Eşitlik ve Demokrasi Partisi,
28,Van,Gülderen Varli,Halkların Eşitlik ve Demokrasi Partisi,
28,Van,Mahmut Dindar,Halkların Eşitlik ve Demokrasi Partisi,
28,Van,Burhan Kayatürk,Adalet ve Kalkınma Partisi,
28,Van,Kayhan Türkmenoğlu,Adalet ve Kalkınma Partisi,
28,Yalova,Ahmet Büyükgümüş,Adalet ve Kalkınma Partisi,
28,Yalova,Meliha Akyol,Adalet ve Kalkınma Partisi,
28,Yalova,Tahsin Becan,Cumhuriyet Halk Partisi,
28,Yozgat,Abdulkadir Akgül,Adalet ve Kalkınma Partisi,
28,Yozgat,Süleyman Şahan,Adalet ve Kalkınma Partisi,
28,Yozgat,İbrahim Ethem Sedef,Milliyetçi Hareket Partisi,
28,Yozgat,Lütfullah Kayalar,İYİ Parti,
28,Zonguldak,Muammer Avcı,Adalet ve Kalkınma Partisi,
28,Zonguldak,Saffet Bozkurt,Adalet ve Kalkınma Partisi,
28,Zonguldak,Ahmet Çolakoğlu,Adalet ve Kalkınma Partisi,
28,Zonguldak,Deniz Yavuzyılmaz,Cumhuriyet Halk Partisi,
28,Zonguldak,Eylem Ertuğ Ertuğrul,Cumhuriyet Halk Partisi,
28,Yasama dönemleri,1 · 2 · 3 · 4 · 5 · 6 · 7 · 8 · 9 · 10 · 11 · 12 · 13 · 14 · 15 · 16 · 17 · 18 · 19 · 20 · 21 · 22 · 23 · 24 · 25 · 26 · 27 · 28 Seçilmiş senatörler · Kontenjan senatörleri · Tabii senatörler Temsilciler Meclisi · Danışma Meclisi Adana · Adıyaman · Afyonkarahisar · Ağrı · Aksaray · Amasya · Ankara · Antalya · Ardahan · Artvin · Aydın · Balıkesir · Bartın · Batman · Bayburt · Bilecik · Bingöl · Bitlis · Bolu · Burdur · Bursa · Çanakkale · Çankırı · Çorum · Denizli · Diyarbakır · Düzce · Edirne · Elâzığ · Erzincan · Erzurum · Eskişehir · Gaziantep · Giresun · Gümüşhane · Hakkâri · Hatay · Iğdır · Isparta · İstanbul · İzmir · Kahramanmaraş · Mevcut Karabük · Karaman · Kars · Kastamonu · Kayseri · Kırıkkale · Kırklareli · Kırşehir · Kilis · Kocaeli · Konya · Kütahya · Malatya · Manisa · Mardin · Mersin · Muğla · Muş · Nevşehir · Niğde · Ordu · Osmaniye · Rize · Sakarya · Samsun · Siirt · Sinop · Sivas · Şanlıurfa · Şırnak · Tekirdağ · Tokat · Trabzon · Tunceli · Uşak · Van · Yalova · Yozgat · Zonguldak Batum · Biga · Doğubayazıt · Ergani · Çatalca · Gelibolu · Genç · Kozan · Oltu · Silifke · Siverek · Eski Şebinkarahisar Azınlık milletvekilleri · İlk Türk kadın milletvekilleri · Cumhuriyet Senatosu başkanları · Türkiye Büyük Millet Meclisi başkanları,Cumhuriyet Halk Partisi,
28,Cumhuriyet Senatosu,Seçilmiş senatörler · Kontenjan senatörleri · Tabii senatörler,Cumhuriyet Halk Partisi,
28,İller,Mevcut,Adana · Adıyaman · Afyonkarahisar · Ağrı · Aksaray · Amasya · Ankara · Antalya · Ardahan · Artvin · Aydın · Balıkesir · Bartın · Batman · Bayburt · Bilecik · Bingöl · Bitlis · Bolu · Burdur · Bursa · Çanakkale · Çankırı · Çorum · Denizli · Diyarbakır · Düzce · Edirne · Elâzığ · Erzincan · Erzurum · Eskişehir · Gaziantep · Giresun · Gümüşhane · Hakkâri · Hatay · Iğdır · Isparta · İstanbul · İzmir · Kahramanmaraş · Karabük · Karaman · Kars · Kastamonu · Kayseri · Kırıkkale · Kırklareli · Kırşehir · Kilis · Kocaeli · Konya · Kütahya · Malatya · Manisa · Mardin · Mersin · Muğla · Muş · Nevşehir · Niğde · Ordu · Osmaniye · Rize · Sakarya · Samsun · Siirt · Sinop · Sivas · Şanlıurfa · Şırnak · Tekirdağ · Tokat · Trabzon · Tunceli · Uşak · Van · Yalova · Yozgat · Zonguldak,
28,İller,Eski,Adana · Adıyaman · Afyonkarahisar · Ağrı · Aksaray · Amasya · Ankara · Antalya · Ardahan · Artvin · Aydın · Balıkesir · Bartın · Batman · Bayburt · Bilecik · Bingöl · Bitlis · Bolu · Burdur · Bursa · Çanakkale · Çankırı · Çorum · Denizli · Diyarbakır · Düzce · Edirne · Elâzığ · Erzincan · Erzurum · Eskişehir · Gaziantep · Giresun · Gümüşhane · Hakkâri · Hatay · Iğdır · Isparta · İstanbul · İzmir · Kahramanmaraş · Karabük · Karaman · Kars · Kastamonu · Kayseri · Kırıkkale · Kırklareli · Kırşehir · Kilis · Kocaeli · Konya · Kütahya · Malatya · Manisa · Mardin · Mersin · Muğla · Muş · Nevşehir · Niğde · Ordu · Osmaniye · Rize · Sakarya · Samsun · Siirt · Sinop · Sivas · Şanlıurfa · Şırnak · Tekirdağ · Tokat · Trabzon · Tunceli · Uşak · Van · Yalova · Yozgat · Zonguldak,
28,Diğer listeler,Azınlık milletvekilleri · İlk Türk kadın milletvekilleri · Cumhuriyet Senatosu başkanları · Türkiye Büyük Millet Meclisi başkanları,Adana · Adıyaman · Afyonkarahisar · Ağrı · Aksaray · Amasya · Ankara · Antalya · Ardahan · Artvin · Aydın · Balıkesir · Bartın · Batman · Bayburt · Bilecik · Bingöl · Bitlis · Bolu · Burdur · Bursa · Çanakkale · Çankırı · Çorum · Denizli · Diyarbakır · Düzce · Edirne · Elâzığ · Erzincan · Erzurum · Eskişehir · Gaziantep · Giresun · Gümüşhane · Hakkâri · Hatay · Iğdır · Isparta · İstanbul · İzmir · Kahramanmaraş · Karabük · Karaman · Kars · Kastamonu · Kayseri · Kırıkkale · Kırklareli · Kırşehir · Kilis · Kocaeli · Konya · Kütahya · Malatya · Manisa · Mardin · Mersin · Muğla · Muş · Nevşehir · Niğde · Ordu · Osmaniye · Rize · Sakarya · Samsun · Siirt · Sinop · Sivas · Şanlıurfa · Şırnak · Tekirdağ · Tokat · Trabzon · Tunceli · Uşak · Van · Yalova · Yozgat · Zonguldak,
