word,term_freq,doc_freq,doc_ratio,donem_span,party_span,already_stopword,category,recommendation
bir,418538,72838,0.403246,7,17,True,existing_stopword,already_present
ve,368478,57922,0.320668,7,17,True,existing_stopword,already_present
bu,363178,65440,0.36229,7,17,True,existing_stopword,already_present
da,165684,47993,0.265699,7,17,True,existing_stopword,already_present
de,164726,50618,0.280232,7,17,True,existing_stopword,already_present
sayin,122910,66300,0.367051,7,17,False,parliamentary_procedure,add_stopword
için,83240,33304,0.184378,7,17,True,existing_stopword,already_present
olarak,77417,29948,0.165798,7,17,True,existing_stopword,already_present
türkiye,76256,26531,0.146881,7,17,True,existing_stopword,already_present
değerli,69968,28308,0.156719,7,17,True,existing_stopword,already_present
var,68014,29509,0.163368,7,17,True,existing_stopword,already_present
çok,66263,28434,0.157417,7,17,False,generic_high_coverage,review_first
ne,63094,29506,0.163351,7,17,True,existing_stopword,already_present
daha,59217,27215,0.150668,7,17,False,generic_high_coverage,review_first
ama,59047,28733,0.159072,7,17,False,generic_high_coverage,review_first
ki,57772,27337,0.151343,7,17,False,generic_high_coverage,review_first
başkan,56251,44762,0.247812,7,17,True,existing_stopword,already_present
olan,53087,23896,0.132293,7,17,True,existing_stopword,already_present
ilgili,46160,20638,0.114256,7,17,True,existing_stopword,already_present
nin,45551,21547,0.119289,7,17,False,suffix_fragment,add_stopword
kadar,45424,23250,0.128717,7,17,False,generic_high_coverage,review_first
gibi,44230,21861,0.121027,7,17,True,existing_stopword,already_present
biz,43868,23757,0.131524,7,17,True,existing_stopword,already_present
yani,43508,21144,0.117058,7,17,False,generic_high_coverage,review_first
milletvekilleri,42089,20802,0.115164,7,17,True,existing_stopword,already_present
her,41607,21628,0.119737,7,17,False,generic_high_coverage,review_first
burada,41446,22545,0.124814,7,17,True,existing_stopword,already_present
ben,40037,24940,0.138073,7,17,False,generic_high_coverage,review_first
en,39679,19450,0.107679,7,17,False,generic_high_coverage,review_first
şimdi,38869,20305,0.112413,7,17,True,existing_stopword,already_present
değil,37769,22389,0.12395,7,17,True,existing_stopword,already_present
ya,36731,21304,0.117943,7,17,False,generic_high_coverage,review_first
bunu,36392,20501,0.113498,7,17,True,existing_stopword,already_present
mi,35836,19501,0.107962,7,17,False,generic_high_coverage,review_first
yok,34578,19786,0.109539,7,17,True,existing_stopword,already_present
büyük,34469,17595,0.09741,7,17,True,existing_stopword,already_present
tarafindan,33871,23398,0.129536,7,17,False,generic_high_coverage,review_first
siralarindan,33736,27779,0.15379,7,17,False,parliamentary_procedure,add_stopword
yüzde,33450,10258,0.05679,7,17,True,existing_stopword,already_present
parti,32286,21540,0.11925,7,17,True,existing_stopword,already_present
zaman,31488,17228,0.095378,7,17,True,existing_stopword,already_present
arkadaşlar,30201,14747,0.081642,7,17,True,existing_stopword,already_present
bugün,29553,16203,0.089703,7,17,False,cross_party_generic,review_first
alkişlar,29551,25074,0.138815,7,17,False,generic_high_coverage,review_first
sonra,29494,17358,0.096098,7,17,False,generic_high_coverage,review_first
önce,29176,18437,0.102071,7,17,False,generic_high_coverage,review_first
genel,28835,16626,0.092045,7,17,True,existing_stopword,already_present
olduğu,27198,15836,0.087671,7,17,False,cross_party_generic,review_first
bunun,26919,15985,0.088496,7,17,False,cross_party_generic,review_first
teşekkür,26800,21440,0.118696,7,17,True,existing_stopword,already_present
bütün,26456,15041,0.08327,7,17,False,cross_party_generic,review_first
kanun,26310,10645,0.058933,7,17,True,existing_stopword,already_present
söz,26285,18493,0.102381,7,17,True,existing_stopword,already_present
şekilde,26002,15114,0.083674,7,17,False,cross_party_generic,review_first
şu,25913,15822,0.087594,7,17,True,existing_stopword,already_present
önemli,25816,12911,0.071478,7,17,False,cross_party_generic,review_first
yine,25595,13538,0.074949,7,17,False,cross_party_generic,review_first
böyle,25374,15724,0.087051,7,17,True,existing_stopword,already_present
siz,24076,15828,0.087627,7,17,False,cross_party_generic,review_first
son,23864,14819,0.082041,7,17,False,cross_party_generic,review_first
in,23786,13698,0.075835,7,17,False,cross_party_generic,review_first
ifade,23718,13515,0.074822,7,17,False,cross_party_generic,review_first
ak,23561,16322,0.090362,7,17,False,generic_high_coverage,review_first
ediyorum,23366,17916,0.099187,7,17,True,existing_stopword,already_present
devam,23220,13673,0.075697,7,17,False,cross_party_generic,review_first
şey,22937,15497,0.085795,7,17,False,cross_party_generic,review_first
diye,22923,14444,0.079965,7,17,False,cross_party_generic,review_first
istiyorum,22674,15429,0.085418,7,17,False,cross_party_generic,review_first
türk,22316,9497,0.052577,7,17,False,cross_party_generic,review_first
bizim,21430,13438,0.074396,7,17,False,cross_party_generic,review_first
sadece,21197,13164,0.072879,7,17,False,cross_party_generic,review_first
bakin,21110,12928,0.071572,7,17,False,cross_party_generic,review_first
ayni,20640,12801,0.070869,7,17,False,cross_party_generic,review_first
göre,20318,12031,0.066606,7,17,False,cross_party_generic,review_first
selamliyorum,20139,17915,0.099181,7,17,False,parliamentary_procedure,add_stopword
saygiyla,20117,17587,0.097365,7,17,False,parliamentary_procedure,add_stopword
hem,20016,7628,0.04223,7,17,False,cross_party_generic,review_first
yil,19837,11210,0.062061,7,17,False,cross_party_generic,review_first
yeni,19825,11054,0.061197,7,17,False,cross_party_generic,review_first
bin,19438,8818,0.048818,7,17,False,cross_party_generic,review_first
ancak,19079,11461,0.06345,7,17,False,cross_party_generic,review_first
ile,18897,10217,0.056563,7,17,True,existing_stopword,already_present
anayasa,18897,7278,0.040293,7,16,False,cross_party_generic,review_first
karşi,18611,11055,0.061203,7,17,False,cross_party_generic,review_first
devlet,18559,10276,0.05689,7,17,False,cross_party_generic,review_first
nasil,18423,11364,0.062913,7,17,False,cross_party_generic,review_first
iki,17921,11661,0.064558,7,17,False,cross_party_generic,review_first
iş,17785,9114,0.050457,7,17,False,cross_party_generic,review_first
iyi,17571,11938,0.066091,7,17,False,cross_party_generic,review_first
diğer,17470,11092,0.061408,7,17,False,cross_party_generic,review_first
chp,17121,13532,0.074916,7,15,False,cross_party_generic,review_first
tüm,17094,10245,0.056718,7,17,False,cross_party_generic,review_first
özellikle,17079,9895,0.054781,7,17,False,cross_party_generic,review_first
otomatik,16965,16770,0.092842,7,17,True,existing_stopword,already_present
tabii,16924,10162,0.056259,7,17,False,cross_party_generic,review_first
kapatildi,16920,16765,0.092815,7,17,False,transcript_artifact,add_stopword
cihaz,16907,16705,0.092482,7,17,True,existing_stopword,already_present
kendi,16893,10732,0.059415,7,17,True,existing_stopword,already_present
hiçbir,16876,11254,0.062305,7,17,False,cross_party_generic,review_first
çünkü,16806,11228,0.062161,7,17,False,cross_party_generic,review_first
mikrofon,16784,16695,0.092427,7,17,True,existing_stopword,already_present
kamu,16612,7012,0.03882,7,17,False,high_frequency_generic,review_first
yilinda,16499,8056,0.0446,7,17,False,cross_party_generic,review_first
içerisinde,15810,9327,0.051636,7,17,False,cross_party_generic,review_first
olduğunu,15748,10480,0.058019,7,17,False,cross_party_generic,review_first
başka,15736,10615,0.058767,7,17,True,existing_stopword,already_present
milli,15721,7855,0.043487,7,17,False,cross_party_generic,review_first
arkadaşlarim,15607,6620,0.03665,7,13,False,high_frequency_generic,review_first
gün,14998,9845,0.054504,7,17,False,cross_party_generic,review_first
yapilan,14968,9641,0.053375,7,17,False,cross_party_generic,review_first
diyor,14804,9108,0.050424,7,17,False,cross_party_generic,review_first
doğru,14766,10187,0.056397,7,17,False,cross_party_generic,review_first
eğer,14538,9988,0.055296,7,17,False,cross_party_generic,review_first
akp,14418,7064,0.039108,7,14,False,high_frequency_generic,review_first
veya,14316,8145,0.045092,7,16,True,existing_stopword,already_present
üzere,14214,9341,0.051714,7,17,False,cross_party_generic,review_first
eğitim,14188,5910,0.032719,7,17,False,high_frequency_generic,review_first
partisi,14182,9346,0.051741,7,16,False,cross_party_generic,review_first
başkanim,14023,13249,0.073349,7,16,False,cross_party_generic,review_first
sosyal,13978,7108,0.039351,7,17,False,high_frequency_generic,review_first
milyon,13971,6374,0.035288,7,17,False,high_frequency_generic,review_first
konuda,13961,9534,0.052782,7,17,False,cross_party_generic,review_first
siyasi,13950,7972,0.044135,7,17,False,cross_party_generic,review_first
üzerinde,13949,9516,0.052683,7,17,True,existing_stopword,already_present
adina,13864,9920,0.054919,7,17,False,cross_party_generic,review_first
sağlik,13802,4890,0.027072,7,17,False,high_frequency_generic,review_first
sizin,13743,9799,0.054249,7,17,False,cross_party_generic,review_first
ise,13658,7878,0.043614,7,16,True,existing_stopword,already_present
kabul,13621,9128,0.050535,7,17,True,existing_stopword,already_present
ortaya,13550,8581,0.047506,7,17,False,cross_party_generic,review_first
bakan,13500,9416,0.052129,7,14,False,cross_party_generic,review_first
kanunu,13483,6902,0.038211,7,17,False,high_frequency_generic,review_first
etmek,13453,9658,0.053469,7,17,False,cross_party_generic,review_first
özel,13413,7070,0.039141,7,17,False,high_frequency_generic,review_first
birlikte,13207,8822,0.04884,7,17,False,cross_party_generic,review_first
milletvekili,13203,8603,0.047628,7,16,False,cross_party_generic,review_first
milyar,13167,5028,0.027836,7,17,False,high_frequency_generic,review_first
maalesef,13153,7575,0.041937,7,17,False,cross_party_generic,review_first
avrupa,13018,5535,0.030643,7,17,False,high_frequency_generic,review_first
ederim,13010,11341,0.062786,7,17,True,existing_stopword,already_present
içinde,12974,8490,0.047002,7,17,False,cross_party_generic,review_first
işte,12882,8480,0.046947,7,17,False,cross_party_generic,review_first
değildir,12782,8585,0.047528,7,17,False,cross_party_generic,review_first
hiç,12685,9428,0.052195,7,17,False,cross_party_generic,review_first
dolayisiyla,12636,8177,0.04527,7,17,False,cross_party_generic,review_first
tek,12633,7881,0.043631,7,17,False,cross_party_generic,review_first
size,12480,9275,0.051348,7,17,False,cross_party_generic,review_first
insan,12414,7005,0.038781,7,17,False,high_frequency_generic,review_first
buna,12344,9263,0.051282,7,17,False,cross_party_generic,review_first
millet,12251,7726,0.042773,7,17,False,cross_party_generic,review_first
lazim,12234,6952,0.038488,7,16,False,high_frequency_generic,review_first
vardir,12114,7532,0.041699,7,17,False,cross_party_generic,review_first
gerçekten,12102,7575,0.041937,7,16,False,cross_party_generic,review_first
adalet,12097,6450,0.035709,7,17,False,high_frequency_generic,review_first
halk,12046,8070,0.044677,7,16,False,cross_party_generic,review_first
anda,11927,8105,0.044871,7,17,False,cross_party_generic,review_first
yasa,11886,5806,0.032143,7,17,False,high_frequency_generic,review_first
oldu,11884,8030,0.044456,7,17,False,cross_party_generic,review_first
bazi,11840,7702,0.04264,7,16,False,cross_party_generic,review_first
on,11785,7460,0.0413,7,17,False,cross_party_generic,review_first
kurulu,11730,8380,0.046393,7,17,False,cross_party_generic,review_first
yer,11727,7327,0.040564,7,17,False,cross_party_generic,review_first
ye,11715,7921,0.043852,7,17,False,cross_party_generic,review_first
eden,11514,8487,0.046986,7,17,False,cross_party_generic,review_first
biraz,11484,8392,0.04646,7,16,True,existing_stopword,already_present
cumhuriyet,11434,7660,0.042407,7,16,False,cross_party_generic,review_first
sayili,11421,5871,0.032503,7,15,False,high_frequency_generic,review_first
ediyor,11362,8810,0.048774,7,17,False,cross_party_generic,review_first
fazla,11302,7636,0.042274,7,17,False,cross_party_generic,review_first
bile,11287,7909,0.043786,7,17,False,cross_party_generic,review_first
ilk,11243,7716,0.042717,7,17,False,cross_party_generic,review_first
artik,11171,7586,0.041998,7,17,False,cross_party_generic,review_first
orada,11150,7672,0.042474,7,17,False,cross_party_generic,review_first
meclis,11087,7089,0.039246,7,17,True,existing_stopword,already_present
bütçe,10976,4899,0.027122,7,17,False,high_frequency_generic,review_first
yili,10937,5003,0.027698,7,17,False,high_frequency_generic,review_first
bunlar,10905,7706,0.042662,7,17,False,cross_party_generic,review_first
olmasi,10876,7525,0.04166,7,17,False,cross_party_generic,review_first
iktidar,10850,7021,0.03887,7,16,False,high_frequency_generic,review_first
altinda,10818,7707,0.042668,7,17,False,cross_party_generic,review_first
yüce,10802,8129,0.045004,7,16,True,existing_stopword,already_present
niye,10802,7453,0.041261,7,16,False,cross_party_generic,review_first
olmak,10749,7674,0.042485,7,17,False,cross_party_generic,review_first
inci,10745,6669,0.036921,7,17,False,suffix_fragment,add_stopword
ekonomik,10739,5910,0.032719,7,17,False,high_frequency_generic,review_first
yerine,10711,7682,0.042529,7,17,False,cross_party_generic,review_first
neden,10577,6908,0.038244,7,17,True,existing_stopword,already_present
aslinda,10570,6623,0.036666,7,17,False,high_frequency_generic,review_first
istanbul,10415,6270,0.034712,7,16,False,high_frequency_generic,review_first
onun,10405,7899,0.043731,7,17,False,cross_party_generic,review_first
nci,10358,6420,0.035542,7,16,False,suffix_fragment,add_stopword
bunlari,10274,7473,0.041372,7,17,False,cross_party_generic,review_first
efendim,10226,8904,0.049294,7,16,True,existing_stopword,already_present
konusunda,10225,6671,0.036932,7,16,False,high_frequency_generic,review_first
tarim,10188,4524,0.025046,7,17,False,high_frequency_generic,review_first
evet,10104,7598,0.042064,7,16,True,existing_stopword,already_present
arasinda,10000,6851,0.037929,7,17,False,high_frequency_generic,review_first
ciddi,9981,6106,0.033804,7,17,False,high_frequency_generic,review_first
vergi,9969,3131,0.017334,7,17,False,high_frequency_generic,review_first
hangi,9957,6530,0.036151,7,15,False,high_frequency_generic,review_first
temel,9879,5992,0.033173,7,17,False,high_frequency_generic,review_first
üç,9852,6890,0.038144,7,17,False,high_frequency_generic,review_first
bunlarin,9814,7117,0.039401,7,16,False,high_frequency_generic,review_first
zaten,9796,7372,0.040813,7,17,False,cross_party_generic,review_first
birçok,9715,6498,0.035974,7,16,True,existing_stopword,already_present
ülke,9675,6089,0.03371,7,17,False,high_frequency_generic,review_first
lira,9610,4195,0.023224,7,16,False,high_frequency_generic,review_first
yüksek,9563,5724,0.031689,7,17,False,high_frequency_generic,review_first
şunu,9560,7521,0.041638,7,17,False,cross_party_generic,review_first
olsun,9553,6891,0.03815,7,17,True,existing_stopword,already_present
ilişkin,9536,5783,0.032016,7,17,False,high_frequency_generic,review_first
üzerine,9535,7378,0.040846,7,17,False,cross_party_generic,review_first
benim,9410,7224,0.039994,7,17,False,high_frequency_generic,review_first
öyle,9331,7400,0.040968,7,15,False,cross_party_generic,review_first
geçen,9297,7026,0.038897,7,17,False,high_frequency_generic,review_first
açik,9219,6446,0.035686,7,17,False,high_frequency_generic,review_first
alan,9212,6337,0.035083,7,16,False,high_frequency_generic,review_first
almiş,9177,8219,0.045502,7,17,False,cross_party_generic,review_first
tekrar,9169,6912,0.038266,7,17,False,high_frequency_generic,review_first
gelen,9158,7029,0.038914,7,17,False,high_frequency_generic,review_first
bundan,9128,7186,0.039783,7,17,False,high_frequency_generic,review_first
ayrica,9116,6364,0.035232,7,17,False,high_frequency_generic,review_first
buradan,9104,7126,0.039451,7,17,False,high_frequency_generic,review_first
çalişma,9093,5687,0.031484,7,17,False,high_frequency_generic,review_first
hukuk,9078,4944,0.027371,7,17,False,high_frequency_generic,review_first
onu,9070,7490,0.041466,7,16,False,cross_party_generic,review_first
rağmen,9053,6404,0.035454,7,17,False,high_frequency_generic,review_first
yönelik,8853,5466,0.030261,7,17,False,high_frequency_generic,review_first
güvenlik,8822,4536,0.025112,7,17,False,high_frequency_generic,review_first
yi,8792,6325,0.035017,7,17,False,high_frequency_generic,review_first
sahip,8790,6040,0.033439,7,16,False,high_frequency_generic,review_first
gereken,8749,6290,0.034823,7,17,False,high_frequency_generic,review_first
bakani,8741,6995,0.038726,7,16,False,high_frequency_generic,review_first
beş,8719,5977,0.03309,7,17,False,high_frequency_generic,review_first
uluslararasi,8671,4635,0.02566,7,17,False,high_frequency_generic,review_first
mu,8656,6385,0.035349,7,17,False,high_frequency_generic,review_first
hep,8591,6382,0.035332,7,17,False,high_frequency_generic,review_first
tam,8577,6255,0.034629,7,17,False,high_frequency_generic,review_first
açisindan,8528,5334,0.02953,7,17,False,high_frequency_generic,review_first
olacak,8477,6046,0.033472,7,16,False,high_frequency_generic,review_first
madde,8456,4729,0.026181,7,16,False,high_frequency_generic,review_first
grup,8416,6219,0.03443,7,16,False,high_frequency_generic,review_first
konusu,8394,5766,0.031922,7,17,True,existing_stopword,already_present
bize,8376,6427,0.035581,7,17,False,high_frequency_generic,review_first
peki,8340,5610,0.031058,7,15,False,high_frequency_generic,review_first
dünya,8336,5177,0.028661,7,17,False,high_frequency_generic,review_first
az,8233,6089,0.03371,7,16,False,high_frequency_generic,review_first
kişi,8180,5333,0.029525,7,17,False,high_frequency_generic,review_first
tane,8172,5235,0.028982,7,15,False,high_frequency_generic,review_first
cevap,8170,6270,0.034712,7,17,False,high_frequency_generic,review_first
karar,8149,5748,0.031822,7,16,True,existing_stopword,already_present
olur,8102,5916,0.032752,7,16,False,high_frequency_generic,review_first
ülkenin,8094,5564,0.030803,7,17,False,high_frequency_generic,review_first
para,8094,4745,0.026269,6,16,False,content_or_borderline,keep_for_now
allah,8063,5977,0.03309,7,17,False,high_frequency_generic,review_first
hakkinda,8031,5726,0.0317,7,17,False,high_frequency_generic,review_first
uygun,8009,5646,0.031257,7,17,True,existing_stopword,already_present
mümkün,8006,5872,0.032509,7,17,False,high_frequency_generic,review_first
yanliş,7903,5927,0.032813,7,17,False,high_frequency_generic,review_first
gelir,7856,4503,0.02493,7,17,False,high_frequency_generic,review_first
hükumet,7831,4889,0.027067,7,15,False,high_frequency_generic,review_first
hepinizi,7785,7277,0.040287,7,16,False,cross_party_generic,review_first
hak,7701,5174,0.028644,7,17,False,high_frequency_generic,review_first
hizmet,7692,4802,0.026585,7,16,False,high_frequency_generic,review_first
meclisi,7649,5902,0.032675,7,17,False,high_frequency_generic,review_first
yeniden,7646,5179,0.028672,7,17,False,high_frequency_generic,review_first
bakanliği,7593,4574,0.025323,7,17,False,high_frequency_generic,review_first
hale,7564,5531,0.030621,7,17,False,high_frequency_generic,review_first
yol,7492,5160,0.028567,7,17,False,high_frequency_generic,review_first
an,7438,5470,0.030283,7,17,False,high_frequency_generic,review_first
kez,7436,5479,0.030333,7,17,False,high_frequency_generic,review_first
terör,7407,3687,0.020412,7,17,False,high_frequency_generic,review_first
yargi,7391,3553,0.01967,7,16,False,high_frequency_generic,review_first
iç,7305,4670,0.025854,7,17,False,high_frequency_generic,review_first
beraber,7260,5150,0.028511,7,15,False,high_frequency_generic,review_first
düzenleme,7255,4207,0.023291,7,17,False,high_frequency_generic,review_first
ülkede,7215,4951,0.02741,7,17,False,high_frequency_generic,review_first
mücadele,7196,4497,0.024896,7,17,False,high_frequency_generic,review_first
konu,7164,5331,0.029514,7,17,False,high_frequency_generic,review_first
üncü,7149,4692,0.025976,7,15,False,suffix_fragment,add_stopword
devletin,7138,4835,0.026768,7,17,False,high_frequency_generic,review_first
görev,7137,4519,0.025018,7,17,False,high_frequency_generic,review_first
sen,7125,5699,0.031551,7,15,False,high_frequency_generic,review_first
belediye,7114,3471,0.019216,7,15,False,high_frequency_generic,review_first
farkli,7098,4860,0.026906,7,16,False,high_frequency_generic,review_first
enerji,7077,2651,0.014676,7,15,False,high_frequency_generic,review_first
nedeniyle,7073,5010,0.027736,7,17,False,high_frequency_generic,review_first
gerek,6981,4589,0.025406,7,16,False,high_frequency_generic,review_first
yapan,6980,5391,0.029846,7,16,False,high_frequency_generic,review_first
sayisi,6950,4658,0.025788,7,16,False,high_frequency_generic,review_first
den,6901,5205,0.028816,7,16,False,suffix_fragment,add_stopword
başkani,6875,4954,0.027426,7,17,False,high_frequency_generic,review_first
ediyoruz,6856,5469,0.030278,7,17,False,high_frequency_generic,review_first
gerekiyor,6851,4381,0.024254,7,16,True,existing_stopword,already_present
hareket,6808,4499,0.024907,7,17,False,high_frequency_generic,review_first
dişinda,6796,4988,0.027615,7,17,False,high_frequency_generic,review_first
birliği,6769,3875,0.021453,7,17,False,high_frequency_generic,review_first
dolayi,6748,5193,0.02875,7,16,False,high_frequency_generic,review_first
olmayan,6744,5286,0.029264,7,17,False,high_frequency_generic,review_first
edilen,6720,5072,0.02808,7,17,False,high_frequency_generic,review_first
destek,6704,4578,0.025345,7,17,False,high_frequency_generic,review_first
su,6679,3008,0.016653,6,16,False,content_or_borderline,keep_for_now
kim,6659,4763,0.026369,7,16,False,high_frequency_generic,review_first
sunuyorum,6651,6259,0.034651,7,15,True,existing_stopword,already_present
ceza,6580,2919,0.01616,7,16,False,high_frequency_generic,review_first
bugüne,6574,5054,0.02798,7,15,False,high_frequency_generic,review_first
yillik,6564,4599,0.025461,7,17,False,high_frequency_generic,review_first
insanlar,6399,4538,0.025123,7,16,False,high_frequency_generic,review_first
yaklaşik,6389,4267,0.023623,7,16,False,high_frequency_generic,review_first
ülkemizde,6388,4210,0.023307,7,14,False,high_frequency_generic,review_first
zamanda,6378,4843,0.026812,7,16,False,high_frequency_generic,review_first
cumhuriyeti,6369,4288,0.023739,7,16,False,high_frequency_generic,review_first
diş,6361,2998,0.016598,7,17,False,high_frequency_generic,review_first
dan,6353,4572,0.025312,7,16,False,suffix_fragment,add_stopword
hala,6344,4684,0.025932,7,17,False,high_frequency_generic,review_first
dedi,6340,4589,0.025406,7,17,False,high_frequency_generic,review_first
hakki,6323,4535,0.025107,7,17,False,high_frequency_generic,review_first
merkezi,6307,2918,0.016155,7,17,False,high_frequency_generic,review_first
dört,6304,4701,0.026026,7,16,False,high_frequency_generic,review_first
dolar,6299,3073,0.017013,7,17,False,high_frequency_generic,review_first
söylüyorum,6290,5074,0.028091,7,17,False,high_frequency_generic,review_first
grubu,6282,5213,0.02886,7,16,False,high_frequency_generic,review_first
geri,6252,4626,0.025611,7,17,False,high_frequency_generic,review_first
seçim,6238,3721,0.0206,7,17,False,high_frequency_generic,review_first
haklari,6229,3443,0.019061,7,17,False,high_frequency_generic,review_first
dönemde,6225,4499,0.024907,7,17,False,high_frequency_generic,review_first
yönetim,6206,2985,0.016526,7,16,False,high_frequency_generic,review_first
yoktur,6179,4626,0.025611,7,17,True,existing_stopword,already_present
yapmak,6154,5001,0.027687,7,16,False,high_frequency_generic,review_first
demokratik,6107,3695,0.020456,7,17,False,high_frequency_generic,review_first
herhangi,6086,4485,0.02483,7,16,False,high_frequency_generic,review_first
te,6008,4117,0.022793,7,15,False,high_frequency_generic,review_first
başbakan,6006,4020,0.022256,7,14,False,high_frequency_generic,review_first
haline,5999,4498,0.024902,7,17,False,high_frequency_generic,review_first
vardi,5971,4216,0.023341,7,17,False,high_frequency_generic,review_first
yapilmasi,5960,4517,0.025007,7,15,False,high_frequency_generic,review_first
belki,5948,4427,0.024509,7,16,False,high_frequency_generic,review_first
kalkinma,5940,3438,0.019033,7,15,False,high_frequency_generic,review_first
hayir,5931,4619,0.025572,7,16,False,high_frequency_generic,review_first
ay,5921,4002,0.022156,7,17,False,high_frequency_generic,review_first
türlü,5916,4541,0.02514,7,17,False,high_frequency_generic,review_first
elbette,5913,4116,0.022787,7,17,False,high_frequency_generic,review_first
hemen,5905,4163,0.023047,7,17,False,high_frequency_generic,review_first
durum,5900,4523,0.02504,7,17,False,high_frequency_generic,review_first
gerekir,5882,4171,0.023092,7,17,False,high_frequency_generic,review_first
belli,5865,4214,0.02333,7,16,False,high_frequency_generic,review_first
gerekli,5856,4341,0.024033,7,17,False,high_frequency_generic,review_first
çalişan,5831,4145,0.022948,7,16,False,high_frequency_generic,review_first
milletin,5830,3927,0.021741,7,17,False,high_frequency_generic,review_first
geldi,5830,4595,0.025439,7,17,False,high_frequency_generic,review_first
değişiklik,5804,3908,0.021636,7,13,False,high_frequency_generic,review_first
varsa,5803,4549,0.025184,7,17,False,high_frequency_generic,review_first
bulunan,5766,4325,0.023944,7,16,False,high_frequency_generic,review_first
teklifi,5764,3785,0.020955,6,17,False,content_or_borderline,keep_for_now
ülkemizin,5749,3964,0.021946,7,16,False,high_frequency_generic,review_first
nedenle,5726,4217,0.023346,7,14,False,high_frequency_generic,review_first
yaptiği,5725,4717,0.026114,7,17,False,high_frequency_generic,review_first
bilgi,5722,3887,0.021519,7,16,False,high_frequency_generic,review_first
döneminde,5699,4159,0.023025,7,16,False,high_frequency_generic,review_first
başta,5687,4513,0.024985,7,17,False,high_frequency_generic,review_first
yurt,5667,3057,0.016924,7,15,False,high_frequency_generic,review_first
çözüm,5640,3751,0.020766,7,16,False,high_frequency_generic,review_first
ikinci,5603,4325,0.023944,7,17,False,high_frequency_generic,review_first
dair,5586,4224,0.023385,7,17,False,high_frequency_generic,review_first
dün,5580,4389,0.024298,7,17,False,high_frequency_generic,review_first
maddesi,5568,4308,0.02385,7,16,False,high_frequency_generic,review_first
hatta,5566,4366,0.024171,7,17,False,high_frequency_generic,review_first
yilda,5527,3838,0.021248,7,16,False,high_frequency_generic,review_first
ankara,5503,3443,0.019061,7,17,False,high_frequency_generic,review_first
soru,5502,3510,0.019432,7,15,False,high_frequency_generic,review_first
musunuz,5441,4164,0.023053,7,14,False,high_frequency_generic,review_first
oluyor,5427,4033,0.022328,7,16,False,high_frequency_generic,review_first
demek,5397,4052,0.022433,7,17,False,high_frequency_generic,review_first
üzerinden,5395,3902,0.021602,7,17,False,high_frequency_generic,review_first
nun,5377,3869,0.02142,7,17,False,suffix_fragment,add_stopword
ettiği,5344,4498,0.024902,7,16,False,high_frequency_generic,review_first
mevcut,5338,3788,0.020971,7,17,False,high_frequency_generic,review_first
araştirma,5323,3256,0.018026,7,15,False,high_frequency_generic,review_first
yirmi,5298,3819,0.021143,7,17,False,high_frequency_generic,review_first
bağli,5268,3806,0.021071,7,17,False,high_frequency_generic,review_first
onlarin,5235,4178,0.02313,7,17,False,high_frequency_generic,review_first
doğal,5235,3074,0.017018,7,17,False,high_frequency_generic,review_first
uzun,5222,3983,0.022051,7,16,False,high_frequency_generic,review_first
durumda,5215,4009,0.022195,7,16,False,high_frequency_generic,review_first
sorun,5190,3740,0.020705,7,17,False,high_frequency_generic,review_first
mutlaka,5185,3411,0.018884,7,17,False,high_frequency_generic,review_first
derece,5184,3632,0.020108,7,15,False,high_frequency_generic,review_first
verilen,5181,4080,0.022588,7,17,False,high_frequency_generic,review_first
günü,5173,3622,0.020052,7,17,False,high_frequency_generic,review_first
yazik,5160,3385,0.01874,7,15,False,high_frequency_generic,review_first
saygilar,5157,5074,0.028091,7,15,False,high_frequency_generic,review_first
şöyle,5149,4184,0.023164,7,16,True,existing_stopword,already_present
yakin,5149,4113,0.02277,7,17,False,high_frequency_generic,review_first
orman,5130,1964,0.010873,7,12,False,high_frequency_generic,review_first
yatirim,5123,2787,0.015429,7,13,False,high_frequency_generic,review_first
olmaz,5114,4075,0.02256,7,16,False,high_frequency_generic,review_first
diliyorum,5112,3941,0.021818,7,16,True,existing_stopword,already_present
dünyada,5103,3713,0.020556,7,15,False,high_frequency_generic,review_first
biri,5103,3940,0.021813,7,16,False,high_frequency_generic,review_first
itibariyla,5094,3499,0.019371,7,15,False,high_frequency_generic,review_first
insanlarin,5085,3810,0.021093,7,15,False,high_frequency_generic,review_first
toplam,5079,3204,0.017738,7,15,False,high_frequency_generic,review_first
tarihinde,5072,3623,0.020058,7,15,False,high_frequency_generic,review_first
kadin,5059,2267,0.012551,7,13,False,high_frequency_generic,review_first
muhalefet,5052,3694,0.020451,7,15,False,high_frequency_generic,review_first
öncelikle,5022,4229,0.023413,7,16,False,high_frequency_generic,review_first
güzel,5000,3841,0.021265,7,16,False,high_frequency_generic,review_first
deki,4990,3876,0.021458,7,17,False,high_frequency_generic,review_first
komisyon,4979,3029,0.016769,7,14,False,high_frequency_generic,review_first
birtakim,4973,3370,0.018657,7,16,False,high_frequency_generic,review_first
yildir,4951,3779,0.020921,7,17,False,high_frequency_generic,review_first
anlamda,4948,3530,0.019543,7,16,False,high_frequency_generic,review_first
bana,4947,4135,0.022892,7,16,False,high_frequency_generic,review_first
alti,4945,3471,0.019216,7,17,False,high_frequency_generic,review_first
nedir,4937,3758,0.020805,7,16,False,high_frequency_generic,review_first
kredi,4936,2225,0.012318,7,17,False,high_frequency_generic,review_first
buraya,4916,3977,0.022018,7,15,False,high_frequency_generic,review_first
sanayi,4895,2396,0.013265,6,15,False,content_or_borderline,keep_for_now
sira,4894,4065,0.022505,7,16,False,high_frequency_generic,review_first
meclisin,4891,3673,0.020334,7,17,False,high_frequency_generic,review_first
olmuştur,4883,3644,0.020174,7,15,False,high_frequency_generic,review_first
yapmiş,4869,3808,0.021082,7,14,False,high_frequency_generic,review_first
fakat,4864,3638,0.020141,7,17,False,high_frequency_generic,review_first
halkin,4854,3316,0.018358,7,14,False,high_frequency_generic,review_first
süre,4837,3821,0.021154,7,15,False,high_frequency_generic,review_first
sorunu,4834,3272,0.018114,7,17,False,high_frequency_generic,review_first
olabilir,4832,3620,0.020041,7,16,False,high_frequency_generic,review_first
ortak,4831,3313,0.018341,7,16,False,high_frequency_generic,review_first
ana,4830,3358,0.018591,7,16,False,high_frequency_generic,review_first
etti,4811,3956,0.021901,7,16,False,high_frequency_generic,review_first
oy,4786,3232,0.017893,7,15,False,high_frequency_generic,review_first
mhp,4779,4167,0.023069,7,15,False,high_frequency_generic,review_first
lütfen,4775,4012,0.022211,7,15,False,high_frequency_generic,review_first
li,4767,3485,0.019294,7,16,False,high_frequency_generic,review_first
dile,4766,3641,0.020157,7,17,False,high_frequency_generic,review_first
görüyoruz,4754,3407,0.018862,7,15,False,high_frequency_generic,review_first
geliyor,4748,3637,0.020135,7,16,False,high_frequency_generic,review_first
yaşanan,4735,3450,0.0191,7,16,False,high_frequency_generic,review_first
dünyanin,4734,3538,0.019587,7,17,False,high_frequency_generic,review_first
il,4728,2819,0.015607,7,13,False,high_frequency_generic,review_first
çevre,4721,2503,0.013857,7,15,False,high_frequency_generic,review_first
un,4714,3432,0.019,7,15,False,high_frequency_generic,review_first
biliyoruz,4711,3663,0.020279,7,16,False,high_frequency_generic,review_first
nda,4702,3108,0.017207,7,15,False,suffix_fragment,add_stopword
kurum,4701,2974,0.016465,7,16,False,high_frequency_generic,review_first
herkes,4697,3897,0.021575,7,16,False,high_frequency_generic,review_first
dişi,4684,3248,0.017982,7,16,False,high_frequency_generic,review_first
asgari,4645,2232,0.012357,7,17,False,high_frequency_generic,review_first
çocuk,4643,2277,0.012606,7,14,False,high_frequency_generic,review_first
emekli,4628,2122,0.011748,7,17,False,high_frequency_generic,review_first
etmektedir,4627,3367,0.01864,7,17,False,high_frequency_generic,review_first
toplum,4627,3133,0.017345,7,17,False,high_frequency_generic,review_first
karari,4610,3244,0.017959,7,16,False,high_frequency_generic,review_first
bununla,4604,3702,0.020495,7,16,False,high_frequency_generic,review_first
altina,4602,3644,0.020174,7,16,False,high_frequency_generic,review_first
istiyoruz,4599,3544,0.01962,7,16,False,high_frequency_generic,review_first
tasarisi,4587,3254,0.018015,7,9,False,high_frequency_generic,review_first
kisa,4576,3705,0.020512,7,16,False,high_frequency_generic,review_first
beri,4569,3642,0.020163,7,14,False,high_frequency_generic,review_first
partisinin,4555,3529,0.019537,7,15,False,high_frequency_generic,review_first
ticaret,4554,2344,0.012977,7,14,False,high_frequency_generic,review_first
bey,4548,3639,0.020146,7,12,False,high_frequency_generic,review_first
yapiyor,4546,3507,0.019415,7,16,False,high_frequency_generic,review_first
olacaktir,4538,3355,0.018574,7,16,False,high_frequency_generic,review_first
gündeme,4535,3475,0.019238,7,17,False,high_frequency_generic,review_first
tl,4530,1956,0.010829,6,14,False,content_or_borderline,keep_for_now
biliyor,4527,3565,0.019737,7,15,False,high_frequency_generic,review_first
diyorum,4518,3954,0.02189,7,17,False,high_frequency_generic,review_first
önceki,4516,3692,0.02044,7,14,False,high_frequency_generic,review_first
bulunuyorum,4498,4438,0.02457,7,16,False,high_frequency_generic,review_first
veren,4495,3736,0.020683,7,17,False,high_frequency_generic,review_first
tarihi,4488,3046,0.016863,7,15,False,high_frequency_generic,review_first
cumhurbaşkani,4480,3034,0.016797,7,15,False,high_frequency_generic,review_first
kürt,4474,2249,0.012451,7,16,False,high_frequency_generic,review_first
gerçek,4472,3455,0.019128,7,15,False,high_frequency_generic,review_first
adi,4472,3376,0.01869,7,16,False,high_frequency_generic,review_first
üretim,4470,2545,0.01409,6,12,False,content_or_borderline,keep_for_now
suriye,4443,1717,0.009506,7,17,False,high_frequency_generic,review_first
birkaç,4437,3711,0.020545,7,14,False,high_frequency_generic,review_first
vesileyle,4430,3790,0.020982,7,16,False,high_frequency_generic,review_first
midir,4400,2819,0.015607,7,16,False,high_frequency_generic,review_first
verdiği,4386,3700,0.020484,7,16,False,high_frequency_generic,review_first
demokrasi,4386,2889,0.015994,7,16,False,high_frequency_generic,review_first
ün,4378,3266,0.018081,7,15,False,high_frequency_generic,review_first
milliyetçi,4371,2669,0.014776,7,13,False,high_frequency_generic,review_first
ortadan,4368,3385,0.01874,7,16,False,high_frequency_generic,review_first
mali,4356,2473,0.013691,7,14,False,high_frequency_generic,review_first
olduğumuz,4342,3331,0.018441,7,16,False,high_frequency_generic,review_first
biliyorsunuz,4335,3410,0.018878,7,17,False,high_frequency_generic,review_first
yaninda,4329,3433,0.019006,7,17,False,high_frequency_generic,review_first
esas,4327,2987,0.016537,7,17,False,high_frequency_generic,review_first
gürültüler,4318,4058,0.022466,7,13,True,existing_stopword,already_present
mehmet,4317,3523,0.019504,7,15,False,high_frequency_generic,review_first
gelecek,4301,3493,0.019338,7,17,False,high_frequency_generic,review_first
yana,4291,3275,0.018131,7,16,False,high_frequency_generic,review_first
suç,4291,2528,0.013996,7,15,False,high_frequency_generic,review_first
maliye,4272,2534,0.014029,6,12,False,content_or_borderline,keep_for_now
başina,4260,3145,0.017411,7,15,False,high_frequency_generic,review_first
kurumu,4249,2389,0.013226,7,12,False,high_frequency_generic,review_first
net,4241,3310,0.018325,7,17,False,high_frequency_generic,review_first
bizi,4237,3512,0.019443,7,15,False,high_frequency_generic,review_first
devleti,4233,2941,0.016282,7,16,False,high_frequency_generic,review_first
sivil,4229,2631,0.014566,7,13,False,high_frequency_generic,review_first
talep,4214,3384,0.018735,7,17,False,high_frequency_generic,review_first
aile,4207,2209,0.012229,6,16,False,content_or_borderline,keep_for_now
ta,4206,3070,0.016996,7,16,False,high_frequency_generic,review_first
olmadiği,4203,3515,0.01946,7,16,False,high_frequency_generic,review_first
vermek,4200,3665,0.02029,7,16,False,high_frequency_generic,review_first
defa,4198,3245,0.017965,7,16,False,high_frequency_generic,review_first
komisyonu,4195,3104,0.017184,7,15,False,high_frequency_generic,review_first
yüz,4192,3065,0.016968,7,17,False,high_frequency_generic,review_first
atatürk,4179,2369,0.013115,7,16,False,high_frequency_generic,review_first
ona,4176,3625,0.020069,7,16,False,high_frequency_generic,review_first
sürekli,4164,3280,0.018159,7,16,False,high_frequency_generic,review_first
diyoruz,4156,3063,0.016957,7,16,False,high_frequency_generic,review_first
olup,4156,2985,0.016526,7,17,False,high_frequency_generic,review_first
onlar,4150,3409,0.018873,7,15,True,existing_stopword,already_present
üniversite,4132,1955,0.010823,6,14,False,content_or_borderline,keep_for_now
yoksa,4121,3482,0.019277,7,16,True,existing_stopword,already_present
olsa,4121,3270,0.018103,7,16,False,high_frequency_generic,review_first
sistemi,4107,2778,0.01538,7,15,False,high_frequency_generic,review_first
yerde,4102,3334,0.018458,7,16,False,high_frequency_generic,review_first
daki,4101,3098,0.017151,7,16,False,high_frequency_generic,review_first
yasal,4099,2824,0.015634,7,15,False,high_frequency_generic,review_first
amaciyla,4094,2978,0.016487,7,13,False,high_frequency_generic,review_first
ağir,4088,3030,0.016775,7,17,False,high_frequency_generic,review_first
ayri,4080,2626,0.014538,7,14,False,high_frequency_generic,review_first
turizm,4065,1496,0.008282,7,13,False,high_frequency_generic,review_first
elektrik,4050,1908,0.010563,7,17,False,high_frequency_generic,review_first
denetim,4031,2095,0.011598,7,14,False,high_frequency_generic,review_first
el,4019,2938,0.016265,7,17,False,high_frequency_generic,review_first
hdp,4012,3124,0.017295,5,13,False,content_or_borderline,keep_for_now
bariş,4000,2472,0.013686,7,16,False,high_frequency_generic,review_first
ihtiyaç,3999,2998,0.016598,7,16,False,content_or_borderline,keep_for_now
yapilacak,3993,3174,0.017572,7,17,False,content_or_borderline,keep_for_now
yerel,3992,2052,0.01136,6,16,False,content_or_borderline,keep_for_now
dahi,3991,3170,0.01755,7,15,False,content_or_borderline,keep_for_now
istihdam,3990,2316,0.012822,6,15,False,content_or_borderline,keep_for_now
çikan,3983,3321,0.018386,7,17,False,content_or_borderline,keep_for_now
birinci,3972,3003,0.016625,7,16,False,content_or_borderline,keep_for_now
orta,3969,2348,0.012999,7,16,False,content_or_borderline,keep_for_now
şeyi,3965,3410,0.018878,7,16,False,content_or_borderline,keep_for_now
gelin,3960,2943,0.016293,7,16,False,content_or_borderline,keep_for_now
başinda,3957,3387,0.018751,7,17,False,content_or_borderline,keep_for_now
dikkate,3951,2893,0.016016,7,14,False,content_or_borderline,keep_for_now
yolu,3935,2533,0.014023,7,17,False,content_or_borderline,keep_for_now
teşvik,3934,2156,0.011936,6,14,False,content_or_borderline,keep_for_now
doğu,3911,2258,0.012501,7,17,False,content_or_borderline,keep_for_now
erdoğan,3911,2837,0.015706,7,16,False,content_or_borderline,keep_for_now
ondan,3906,3232,0.017893,7,15,False,content_or_borderline,keep_for_now
hepinize,3901,3747,0.020744,7,15,False,content_or_borderline,keep_for_now
toplumsal,3897,2493,0.013802,7,14,False,content_or_borderline,keep_for_now
elde,3893,2856,0.015811,7,16,False,content_or_borderline,keep_for_now
olmasini,3888,3464,0.019177,7,17,False,content_or_borderline,keep_for_now
zorunda,3880,3115,0.017245,7,17,False,content_or_borderline,keep_for_now
iktidarin,3859,2782,0.015402,7,17,False,content_or_borderline,keep_for_now
işçi,3858,2090,0.011571,6,16,False,content_or_borderline,keep_for_now
olmuş,3854,3096,0.01714,7,16,False,content_or_borderline,keep_for_now
örnek,3854,3091,0.017112,7,16,False,content_or_borderline,keep_for_now
siyaset,3833,2679,0.014832,7,15,False,content_or_borderline,keep_for_now
kimse,3832,3175,0.017577,7,16,False,content_or_borderline,keep_for_now
arz,3829,2902,0.016066,7,14,True,existing_stopword,already_present
vermiş,3821,3198,0.017705,7,15,False,content_or_borderline,keep_for_now
aykiri,3809,2639,0.01461,7,15,False,content_or_borderline,keep_for_now
hükumetin,3802,2667,0.014765,7,17,False,content_or_borderline,keep_for_now
taraftan,3802,2255,0.012484,7,16,False,content_or_borderline,keep_for_now
sene,3792,2517,0.013935,7,15,False,content_or_borderline,keep_for_now
diyorsunuz,3785,2838,0.015712,7,16,False,content_or_borderline,keep_for_now
sorunlari,3783,2758,0.015269,7,16,False,content_or_borderline,keep_for_now
eski,3769,2912,0.016121,7,16,False,content_or_borderline,keep_for_now
kültür,3760,1817,0.010059,7,14,False,content_or_borderline,keep_for_now
tan,3758,3167,0.017533,7,17,False,content_or_borderline,keep_for_now
dahil,3749,3020,0.016719,7,17,False,content_or_borderline,keep_for_now
düşünüyorum,3748,2858,0.015822,7,14,False,content_or_borderline,keep_for_now
sizi,3747,3164,0.017517,7,16,False,content_or_borderline,keep_for_now
toplumun,3743,2635,0.014588,7,17,False,content_or_borderline,keep_for_now
nerede,3739,2707,0.014987,7,14,False,content_or_borderline,keep_for_now
göz,3732,3051,0.016891,7,16,False,content_or_borderline,keep_for_now
kaç,3731,2735,0.015142,7,15,False,content_or_borderline,keep_for_now
çerçevesinde,3723,2708,0.014992,7,14,False,content_or_borderline,keep_for_now
yabanci,3712,2099,0.011621,7,16,False,content_or_borderline,keep_for_now
tespit,3696,2764,0.015302,7,14,False,content_or_borderline,keep_for_now
katki,3696,2790,0.015446,7,16,False,content_or_borderline,keep_for_now
içişleri,3696,2568,0.014217,7,17,False,content_or_borderline,keep_for_now
önüne,3694,3104,0.017184,7,16,False,content_or_borderline,keep_for_now
ihale,3673,1747,0.009672,6,15,False,content_or_borderline,keep_for_now
tamamen,3666,2933,0.016238,7,16,False,content_or_borderline,keep_for_now
söylemek,3663,3165,0.017522,7,17,False,content_or_borderline,keep_for_now
tasari,3649,2130,0.011792,6,10,False,content_or_borderline,keep_for_now
edilmesi,3644,2989,0.016548,7,16,False,content_or_borderline,keep_for_now
yla,3644,2652,0.014682,7,17,False,suffix_fragment,add_stopword
hafta,3639,2892,0.016011,7,16,False,content_or_borderline,keep_for_now
izin,3628,2754,0.015247,7,17,False,content_or_borderline,keep_for_now
bütçesi,3625,1981,0.010967,6,16,False,content_or_borderline,keep_for_now
asla,3623,2689,0.014887,7,17,False,content_or_borderline,keep_for_now
ülkemiz,3615,2650,0.014671,7,15,False,content_or_borderline,keep_for_now
arkadaşlarimiz,3595,2834,0.01569,7,16,False,content_or_borderline,keep_for_now
binlerce,3579,2711,0.015009,7,17,False,content_or_borderline,keep_for_now
misiniz,3575,2904,0.016077,7,14,False,content_or_borderline,keep_for_now
yaşayan,3569,2629,0.014555,7,15,False,content_or_borderline,keep_for_now
savunma,3568,1884,0.01043,7,16,False,content_or_borderline,keep_for_now
yle,3564,2730,0.015114,7,17,False,suffix_fragment,add_stopword
pek,3560,2564,0.014195,7,16,False,content_or_borderline,keep_for_now
yapti,3559,2859,0.015828,7,16,False,content_or_borderline,keep_for_now
amerika,3538,2060,0.011405,7,17,False,content_or_borderline,keep_for_now
tüzük,3533,2253,0.012473,7,12,False,content_or_borderline,keep_for_now
dönem,3524,2655,0.014699,7,17,False,content_or_borderline,keep_for_now
hepimiz,3521,2906,0.016088,7,17,False,content_or_borderline,keep_for_now
mahkemesi,3520,1899,0.010513,7,15,False,content_or_borderline,keep_for_now
çikti,3519,2807,0.01554,7,17,False,content_or_borderline,keep_for_now
bölge,3514,2043,0.01131,7,13,False,content_or_borderline,keep_for_now
askeri,3513,1673,0.009262,7,15,False,content_or_borderline,keep_for_now
anadolu,3505,2235,0.012373,7,17,False,content_or_borderline,keep_for_now
katilmiyoruz,3503,3494,0.019344,6,11,False,content_or_borderline,keep_for_now
yapildi,3497,2735,0.015142,7,17,False,content_or_borderline,keep_for_now
noktada,3494,2781,0.015396,7,16,False,content_or_borderline,keep_for_now
bakanliğinin,3489,2530,0.014007,6,15,False,content_or_borderline,keep_for_now
kalan,3488,2865,0.015861,7,17,False,content_or_borderline,keep_for_now
önünde,3477,2891,0.016005,7,15,False,content_or_borderline,keep_for_now
küçük,3472,2517,0.013935,7,17,False,content_or_borderline,keep_for_now
onlari,3471,3055,0.016913,7,15,False,content_or_borderline,keep_for_now
hakkini,3464,2724,0.015081,7,16,False,content_or_borderline,keep_for_now
acaba,3461,2670,0.014782,7,15,False,content_or_borderline,keep_for_now
pkk,3459,2004,0.011095,7,16,False,content_or_borderline,keep_for_now
etmiş,3458,2955,0.016359,7,16,False,content_or_borderline,keep_for_now
alanda,3454,2597,0.014378,7,17,False,content_or_borderline,keep_for_now
olmadiğini,3453,2961,0.016393,7,15,False,content_or_borderline,keep_for_now
deprem,3452,1426,0.007895,6,16,False,content_or_borderline,keep_for_now
tür,3448,2717,0.015042,7,15,False,suffix_fragment,add_stopword
inşallah,3440,2698,0.014937,7,17,False,content_or_borderline,keep_for_now
gerekmektedir,3436,2295,0.012706,7,14,True,existing_stopword,already_present
orani,3433,2156,0.011936,7,16,False,content_or_borderline,keep_for_now
saat,3432,2329,0.012894,7,17,True,existing_stopword,already_present
düşük,3414,2358,0.013054,7,16,False,content_or_borderline,keep_for_now
yeterli,3406,2583,0.0143,7,17,False,content_or_borderline,keep_for_now
ait,3402,2589,0.014333,7,14,False,content_or_borderline,keep_for_now
güçlü,3400,2263,0.012528,7,15,False,content_or_borderline,keep_for_now
halde,3400,2799,0.015496,7,16,False,content_or_borderline,keep_for_now
takip,3384,2681,0.014843,7,14,False,content_or_borderline,keep_for_now
isterim,3383,2670,0.014782,7,16,False,content_or_borderline,keep_for_now
uncu,3378,2457,0.013602,6,15,False,suffix_fragment,add_stopword
çeşitli,3377,2537,0.014045,7,14,False,content_or_borderline,keep_for_now
yaptik,3372,2541,0.014068,7,15,False,content_or_borderline,keep_for_now
mustafa,3370,2558,0.014162,7,15,False,content_or_borderline,keep_for_now
hesap,3368,2410,0.013342,7,15,False,content_or_borderline,keep_for_now
itibaren,3359,2627,0.014544,7,13,False,content_or_borderline,keep_for_now
na,3357,2293,0.012695,7,16,False,content_or_borderline,keep_for_now
dakika,3356,2742,0.01518,7,15,False,content_or_borderline,keep_for_now
doğrudan,3352,2552,0.014128,7,17,False,content_or_borderline,keep_for_now
karşisinda,3346,2677,0.01482,7,16,False,content_or_borderline,keep_for_now
ele,3346,2552,0.014128,7,16,False,content_or_borderline,keep_for_now
yapilmiş,3317,2673,0.014798,7,16,False,content_or_borderline,keep_for_now
bakiniz,3314,2474,0.013697,7,14,False,content_or_borderline,keep_for_now
meslek,3312,1873,0.010369,7,14,False,content_or_borderline,keep_for_now
personel,3302,1819,0.01007,6,13,False,content_or_borderline,keep_for_now
izmir,3302,2281,0.012628,7,15,False,content_or_borderline,keep_for_now
kaldi,3300,2782,0.015402,7,15,False,content_or_borderline,keep_for_now
kapsaminda,3294,2321,0.01285,7,16,False,content_or_borderline,keep_for_now
israil,3291,1284,0.007108,7,15,False,content_or_borderline,keep_for_now
zor,3275,2639,0.01461,7,17,False,content_or_borderline,keep_for_now
yapiliyor,3267,2568,0.014217,7,15,False,content_or_borderline,keep_for_now
edecek,3265,2792,0.015457,7,15,False,content_or_borderline,keep_for_now
hakim,3265,1912,0.010585,7,15,False,content_or_borderline,keep_for_now
zarar,3261,2336,0.012933,7,17,False,content_or_borderline,keep_for_now
la,3261,2408,0.013331,7,14,False,content_or_borderline,keep_for_now
yapiyoruz,3261,2572,0.014239,7,15,False,content_or_borderline,keep_for_now
söyleyeyim,3259,2821,0.015618,7,14,False,content_or_borderline,keep_for_now
şehit,3259,2043,0.01131,7,17,False,content_or_borderline,keep_for_now
mecliste,3254,2761,0.015285,7,15,False,content_or_borderline,keep_for_now
halinde,3253,2511,0.013901,7,16,False,content_or_borderline,keep_for_now
teknik,3250,2207,0.012218,6,15,False,content_or_borderline,keep_for_now
gerektiğini,3245,2546,0.014095,7,17,False,content_or_borderline,keep_for_now
kanunun,3244,2260,0.012512,7,15,False,content_or_borderline,keep_for_now
hepimizin,3237,2680,0.014837,7,14,False,content_or_borderline,keep_for_now
tanesi,3237,2398,0.013276,7,15,False,content_or_borderline,keep_for_now
görevi,3236,2540,0.014062,7,15,False,content_or_borderline,keep_for_now
plan,3232,2083,0.011532,7,14,False,content_or_borderline,keep_for_now
alinmasi,3231,2649,0.014665,7,16,False,content_or_borderline,keep_for_now
geçmiş,3229,2824,0.015634,7,17,False,content_or_borderline,keep_for_now
sonucu,3221,2601,0.0144,7,15,False,content_or_borderline,keep_for_now
ücret,3213,1872,0.010364,6,16,False,content_or_borderline,keep_for_now
düzenlemeler,3211,2217,0.012274,7,16,False,content_or_borderline,keep_for_now
yasama,3205,1981,0.010967,7,14,False,content_or_borderline,keep_for_now
sahibi,3200,2492,0.013796,7,15,False,content_or_borderline,keep_for_now
çalişmalar,3199,2281,0.012628,7,12,False,content_or_borderline,keep_for_now
ilan,3199,2412,0.013353,7,16,False,content_or_borderline,keep_for_now
edilmiş,3197,2632,0.014571,7,15,False,content_or_borderline,keep_for_now
teklif,3193,2021,0.011189,7,16,True,existing_stopword,already_present
yasasi,3192,2025,0.011211,6,15,False,content_or_borderline,keep_for_now
konuyu,3187,2760,0.01528,7,17,False,content_or_borderline,keep_for_now
işin,3183,2562,0.014184,7,15,False,content_or_borderline,keep_for_now
heyetinizi,3182,2878,0.015933,7,11,False,content_or_borderline,keep_for_now
almak,3181,2799,0.015496,7,15,False,content_or_borderline,keep_for_now
işi,3179,2540,0.014062,7,15,False,content_or_borderline,keep_for_now
hepsi,3163,2651,0.014676,7,14,False,content_or_borderline,keep_for_now
hayata,3141,2459,0.013614,7,15,False,content_or_borderline,keep_for_now
yandan,3141,1933,0.010701,7,13,False,content_or_borderline,keep_for_now
baktiğimizda,3141,2130,0.011792,7,15,False,content_or_borderline,keep_for_now
bakanlar,3135,2122,0.011748,7,15,False,content_or_borderline,keep_for_now
önerge,3120,2349,0.013005,7,13,True,existing_stopword,already_present
ederek,3118,2761,0.015285,7,16,False,content_or_borderline,keep_for_now
basin,3116,1698,0.0094,7,14,False,content_or_borderline,keep_for_now
bakanim,3104,2404,0.013309,6,12,False,content_or_borderline,keep_for_now
ihtiyaci,3103,2481,0.013735,7,15,False,content_or_borderline,keep_for_now
öğretmen,3094,1203,0.00666,6,16,False,content_or_borderline,keep_for_now
söylüyor,3093,2463,0.013636,7,14,False,content_or_borderline,keep_for_now
geçici,3089,1934,0.010707,7,13,False,content_or_borderline,keep_for_now
milletimizin,3088,2194,0.012146,7,15,False,content_or_borderline,keep_for_now
resmi,3085,2322,0.012855,7,16,False,content_or_borderline,keep_for_now
başkanliği,3079,1763,0.00976,7,12,False,content_or_borderline,keep_for_now
adeta,3077,2419,0.013392,7,16,False,content_or_borderline,keep_for_now
büyükşehir,3077,1610,0.008913,6,13,False,content_or_borderline,keep_for_now
edildi,3073,2563,0.014189,7,15,False,content_or_borderline,keep_for_now
işsizlik,3068,1630,0.009024,6,17,False,content_or_borderline,keep_for_now
uygulama,3067,2347,0.012993,7,16,False,content_or_borderline,keep_for_now
devamla,3057,2395,0.013259,7,12,True,existing_stopword,already_present
ulusal,3057,1985,0.010989,7,14,False,content_or_borderline,keep_for_now
açikça,3053,2466,0.013652,7,15,False,content_or_borderline,keep_for_now
bağimsiz,3049,2100,0.011626,7,16,False,content_or_borderline,keep_for_now
alinan,3043,2457,0.013602,7,16,False,content_or_borderline,keep_for_now
yillarda,3037,2408,0.013331,7,15,False,content_or_borderline,keep_for_now
işleri,3031,1943,0.010757,7,13,False,content_or_borderline,keep_for_now
faiz,3029,1481,0.008199,6,16,False,content_or_borderline,keep_for_now
çalişmalari,3019,2237,0.012385,7,12,False,content_or_borderline,keep_for_now
gelmiş,3012,2602,0.014405,7,15,False,content_or_borderline,keep_for_now
bunlara,2998,2613,0.014466,7,16,False,content_or_borderline,keep_for_now
sekiz,2992,2151,0.011908,7,14,False,content_or_borderline,keep_for_now
tasarinin,2988,1691,0.009362,6,9,False,content_or_borderline,keep_for_now
olumlu,2982,2212,0.012246,7,15,False,content_or_borderline,keep_for_now
mesela,2977,2205,0.012207,7,14,False,content_or_borderline,keep_for_now
hayatini,2970,2221,0.012296,7,16,False,content_or_borderline,keep_for_now
ek,2968,1884,0.01043,7,17,False,content_or_borderline,keep_for_now
rahmet,2966,2567,0.014211,7,15,False,content_or_borderline,keep_for_now
yaşam,2965,2205,0.012207,7,14,False,content_or_borderline,keep_for_now
olursa,2963,2480,0.01373,7,17,False,content_or_borderline,keep_for_now
kere,2960,2317,0.012827,7,15,False,content_or_borderline,keep_for_now
üst,2960,2161,0.011964,7,16,False,content_or_borderline,keep_for_now
alakali,2960,1582,0.008758,7,12,False,content_or_borderline,keep_for_now
şeyler,2959,2476,0.013708,7,15,False,content_or_borderline,keep_for_now
gelmiştir,2956,2380,0.013176,7,15,False,content_or_borderline,keep_for_now
söyledi,2954,2561,0.014178,7,15,False,content_or_borderline,keep_for_now
edeceğiz,2950,2526,0.013984,7,16,False,content_or_borderline,keep_for_now
kaynak,2943,1967,0.01089,7,17,False,content_or_borderline,keep_for_now
kötü,2943,2272,0.012578,7,16,False,content_or_borderline,keep_for_now
önümüzdeki,2942,2298,0.012722,7,17,False,content_or_borderline,keep_for_now
birisi,2940,2341,0.01296,7,12,False,content_or_borderline,keep_for_now
spor,2940,1139,0.006306,7,12,False,content_or_borderline,keep_for_now
aldiği,2936,2468,0.013663,7,16,False,content_or_borderline,keep_for_now
gazi,2927,2086,0.011549,7,16,False,content_or_borderline,keep_for_now
hayirli,2921,2638,0.014605,7,14,False,content_or_borderline,keep_for_now
küresel,2921,1528,0.008459,7,13,False,content_or_borderline,keep_for_now
veriyor,2908,2351,0.013016,7,16,False,content_or_borderline,keep_for_now
karşiya,2907,2330,0.012899,7,16,False,content_or_borderline,keep_for_now
buradaki,2907,2457,0.013602,7,17,False,content_or_borderline,keep_for_now
soruyorum,2885,2407,0.013326,7,14,False,content_or_borderline,keep_for_now
projesi,2883,1747,0.009672,7,13,False,content_or_borderline,keep_for_now
artiş,2880,1795,0.009937,7,14,False,content_or_borderline,keep_for_now
budur,2878,2415,0.01337,7,15,False,content_or_borderline,keep_for_now
suretiyle,2877,2047,0.011333,7,12,False,content_or_borderline,keep_for_now
kendisine,2874,2545,0.01409,7,16,False,content_or_borderline,keep_for_now
idari,2867,1827,0.010115,7,14,False,content_or_borderline,keep_for_now
mal,2862,2065,0.011432,7,16,False,content_or_borderline,keep_for_now
şeklinde,2861,2285,0.01265,7,13,False,content_or_borderline,keep_for_now
kara,2860,1819,0.01007,7,14,False,content_or_borderline,keep_for_now
onlara,2859,2539,0.014056,7,15,False,content_or_borderline,keep_for_now
örneğin,2858,2154,0.011925,7,16,False,content_or_borderline,keep_for_now
meclise,2856,2379,0.013171,7,15,False,content_or_borderline,keep_for_now
konuşma,2855,2452,0.013575,7,16,False,content_or_borderline,keep_for_now
yarin,2853,2335,0.012927,7,14,False,content_or_borderline,keep_for_now
bakanlik,2851,2074,0.011482,7,16,False,content_or_borderline,keep_for_now
ayinda,2850,2057,0.011388,7,15,False,content_or_borderline,keep_for_now
yerinde,2843,2365,0.013093,7,15,False,content_or_borderline,keep_for_now
oraya,2834,2320,0.012844,7,12,False,content_or_borderline,keep_for_now
darbe,2833,1719,0.009517,7,16,False,content_or_borderline,keep_for_now
kendisi,2827,2429,0.013447,7,17,False,content_or_borderline,keep_for_now
edilmiştir,2818,2249,0.012451,7,16,True,existing_stopword,already_present
oradaki,2812,2188,0.012113,7,16,False,content_or_borderline,keep_for_now
geçtiğimiz,2812,2323,0.012861,7,16,False,content_or_borderline,keep_for_now
aldim,2811,2652,0.014682,7,15,False,content_or_borderline,keep_for_now
acil,2808,2088,0.01156,7,15,False,content_or_borderline,keep_for_now
sonuç,2802,2302,0.012744,7,16,False,content_or_borderline,keep_for_now
durumu,2800,2351,0.013016,7,16,False,content_or_borderline,keep_for_now
tarih,2795,2001,0.011078,7,13,False,content_or_borderline,keep_for_now
ettik,2789,2314,0.012811,7,17,False,content_or_borderline,keep_for_now
hani,2786,2131,0.011798,7,14,False,content_or_borderline,keep_for_now
bulunmaktadir,2785,2002,0.011083,7,12,False,content_or_borderline,keep_for_now
genç,2776,2020,0.011183,7,16,False,content_or_borderline,keep_for_now
iktidari,2775,2258,0.012501,7,16,False,content_or_borderline,keep_for_now
kemal,2773,2072,0.011471,7,14,False,content_or_borderline,keep_for_now
yedi,2769,2080,0.011515,6,14,False,content_or_borderline,keep_for_now
bilim,2767,1512,0.008371,7,13,False,content_or_borderline,keep_for_now
üyesi,2765,2052,0.01136,7,14,False,content_or_borderline,keep_for_now
vatandaşlarimizin,2764,1954,0.010818,7,16,False,content_or_borderline,keep_for_now
ekonomi,2761,1823,0.010093,7,17,False,content_or_borderline,keep_for_now
hava,2756,1519,0.00841,7,14,False,content_or_borderline,keep_for_now
can,2755,2097,0.011609,7,15,False,content_or_borderline,keep_for_now
aziz,2754,2123,0.011753,7,14,False,content_or_borderline,keep_for_now
yerli,2754,1630,0.009024,7,15,False,content_or_borderline,keep_for_now
polis,2753,1501,0.00831,7,13,False,content_or_borderline,keep_for_now
yeri,2752,2195,0.012152,7,16,False,content_or_borderline,keep_for_now
temmuz,2752,1956,0.010829,7,16,False,content_or_borderline,keep_for_now
insani,2752,2127,0.011776,7,15,False,content_or_borderline,keep_for_now
sağlikli,2749,2080,0.011515,7,17,False,content_or_borderline,keep_for_now
ortada,2747,2245,0.012429,7,14,False,content_or_borderline,keep_for_now
hizli,2745,1932,0.010696,7,12,False,content_or_borderline,keep_for_now
ali,2745,2164,0.01198,7,13,False,content_or_borderline,keep_for_now
teslim,2744,2098,0.011615,7,16,False,content_or_borderline,keep_for_now
süreci,2744,2099,0.011621,7,16,False,content_or_borderline,keep_for_now
arasindaki,2742,2197,0.012163,7,16,False,content_or_borderline,keep_for_now
etkin,2735,1956,0.010829,7,13,False,content_or_borderline,keep_for_now
bizler,2730,2215,0.012263,7,16,False,content_or_borderline,keep_for_now
silahli,2729,1311,0.007258,7,14,False,content_or_borderline,keep_for_now
herkesin,2724,2342,0.012966,7,17,False,content_or_borderline,keep_for_now
eder,2720,2374,0.013143,7,16,False,content_or_borderline,keep_for_now
kismi,2718,2060,0.011405,7,16,False,content_or_borderline,keep_for_now
vatandaş,2712,2045,0.011322,7,14,False,content_or_borderline,keep_for_now
yapma,2710,2270,0.012567,7,17,False,content_or_borderline,keep_for_now
açiklama,2706,2308,0.012778,7,14,False,content_or_borderline,keep_for_now
maddede,2706,1981,0.010967,7,13,False,content_or_borderline,keep_for_now
yüzden,2701,2157,0.011942,7,12,False,content_or_borderline,keep_for_now
arada,2691,2291,0.012683,7,17,False,content_or_borderline,keep_for_now
proje,2691,1602,0.008869,6,12,False,content_or_borderline,keep_for_now
alaninda,2691,1981,0.010967,7,14,False,content_or_borderline,keep_for_now
le,2690,2088,0.01156,7,17,False,content_or_borderline,keep_for_now
meydana,2689,1937,0.010724,7,15,False,content_or_borderline,keep_for_now
ni,2687,2173,0.01203,7,16,False,content_or_borderline,keep_for_now
önem,2686,2016,0.011161,7,15,False,content_or_borderline,keep_for_now
verdi,2686,2190,0.012124,7,15,False,content_or_borderline,keep_for_now
iptal,2684,1687,0.00934,7,15,False,content_or_borderline,keep_for_now
müdürlüğü,2682,1476,0.008171,7,15,False,content_or_borderline,keep_for_now
maden,2681,1086,0.006012,7,13,False,content_or_borderline,keep_for_now
nde,2679,2092,0.011582,7,15,False,suffix_fragment,add_stopword
sonunda,2670,2256,0.01249,7,16,False,content_or_borderline,keep_for_now
yapiyorsunuz,2666,2183,0.012086,7,15,False,content_or_borderline,keep_for_now
merkez,2665,1629,0.009018,7,16,False,content_or_borderline,keep_for_now
ediliyor,2651,2163,0.011975,7,14,False,content_or_borderline,keep_for_now
raporu,2650,1797,0.009949,7,14,False,content_or_borderline,keep_for_now
saygi,2647,2239,0.012396,7,15,False,content_or_borderline,keep_for_now
torba,2643,1322,0.007319,7,14,False,content_or_borderline,keep_for_now
herhalde,2633,2312,0.0128,7,15,False,content_or_borderline,keep_for_now
serbest,2633,1524,0.008437,7,14,False,content_or_borderline,keep_for_now
si,2632,1911,0.01058,7,16,False,content_or_borderline,keep_for_now
yardim,2632,1711,0.009472,7,15,False,content_or_borderline,keep_for_now
yere,2628,2272,0.012578,7,15,False,content_or_borderline,keep_for_now
gereği,2627,2236,0.012379,7,16,False,content_or_borderline,keep_for_now
civarinda,2623,1933,0.010701,7,14,False,content_or_borderline,keep_for_now
iddia,2619,2149,0.011897,7,15,False,content_or_borderline,keep_for_now
diyarbakir,2618,1703,0.009428,7,14,False,content_or_borderline,keep_for_now
neredeyse,2609,2173,0.01203,7,17,False,content_or_borderline,keep_for_now
koruma,2605,1564,0.008659,7,16,False,content_or_borderline,keep_for_now
adim,2605,1990,0.011017,7,15,False,content_or_borderline,keep_for_now
biçimde,2601,1858,0.010286,7,14,False,content_or_borderline,keep_for_now
maddesinde,2597,1937,0.010724,7,13,False,content_or_borderline,keep_for_now
savaş,2597,1686,0.009334,7,17,False,content_or_borderline,keep_for_now
mağdur,2593,1999,0.011067,6,16,False,content_or_borderline,keep_for_now
alani,2586,1872,0.010364,7,14,False,content_or_borderline,keep_for_now
yoğun,2585,2018,0.011172,7,14,False,content_or_borderline,keep_for_now
bölgede,2577,1775,0.009827,7,14,False,content_or_borderline,keep_for_now
halen,2575,2041,0.011299,7,15,False,content_or_borderline,keep_for_now
etmeye,2569,2310,0.012789,7,16,False,content_or_borderline,keep_for_now
sonucunda,2568,2090,0.011571,7,12,False,content_or_borderline,keep_for_now
aliyor,2565,1991,0.011023,6,15,False,content_or_borderline,keep_for_now
vatandaşin,2562,1821,0.010081,7,16,False,content_or_borderline,keep_for_now
boyunca,2562,2156,0.011936,7,16,False,content_or_borderline,keep_for_now
enflasyon,2561,1329,0.007358,7,16,False,content_or_borderline,keep_for_now
noktasinda,2559,1865,0.010325,7,14,False,content_or_borderline,keep_for_now
komisyonda,2556,1823,0.010093,7,14,False,content_or_borderline,keep_for_now
borç,2554,1477,0.008177,7,13,False,content_or_borderline,keep_for_now
mahkeme,2552,1755,0.009716,6,13,False,content_or_borderline,keep_for_now
davet,2550,2195,0.012152,7,13,False,content_or_borderline,keep_for_now
iktidara,2545,2154,0.011925,7,16,False,content_or_borderline,keep_for_now
gidiyor,2544,1985,0.010989,7,16,False,content_or_borderline,keep_for_now
tehdit,2539,1881,0.010414,7,15,False,content_or_borderline,keep_for_now
dikkat,2539,2166,0.011991,7,15,False,content_or_borderline,keep_for_now
sermaye,2538,1424,0.007884,7,15,False,content_or_borderline,keep_for_now
yasanin,2536,1733,0.009594,6,11,False,content_or_borderline,keep_for_now
bakimindan,2536,1764,0.009766,7,11,False,content_or_borderline,keep_for_now
kişinin,2536,2004,0.011095,7,15,False,content_or_borderline,keep_for_now
yaptiniz,2534,1918,0.010618,7,14,False,content_or_borderline,keep_for_now
irak,2531,1117,0.006184,7,17,False,content_or_borderline,keep_for_now
olmasina,2522,2123,0.011753,7,16,False,content_or_borderline,keep_for_now
oradan,2518,2198,0.012169,7,16,False,content_or_borderline,keep_for_now
bulunduğu,2516,2139,0.011842,7,15,False,content_or_borderline,keep_for_now
müdahale,2515,1950,0.010796,7,12,False,content_or_borderline,keep_for_now
etme,2513,2217,0.012274,7,16,False,content_or_borderline,keep_for_now
sorunlar,2503,1876,0.010386,7,15,False,content_or_borderline,keep_for_now
gida,2502,1476,0.008171,7,15,False,content_or_borderline,keep_for_now
dedik,2498,1727,0.009561,7,15,False,content_or_borderline,keep_for_now
sistem,2490,1784,0.009877,7,14,False,content_or_borderline,keep_for_now
bunlardan,2488,2182,0.01208,7,15,False,content_or_borderline,keep_for_now
öğretim,2487,1133,0.006273,6,12,False,content_or_borderline,keep_for_now
terörle,2478,1406,0.007784,7,15,False,content_or_borderline,keep_for_now
çikiyor,2477,2010,0.011128,7,15,False,content_or_borderline,keep_for_now
hukuki,2471,1847,0.010225,7,17,False,content_or_borderline,keep_for_now
değer,2470,1831,0.010137,7,16,False,content_or_borderline,keep_for_now
teşekkürler,2470,2357,0.013049,7,12,False,content_or_borderline,keep_for_now
gücü,2469,1828,0.01012,7,15,False,content_or_borderline,keep_for_now
konut,2462,1087,0.006018,6,12,False,content_or_borderline,keep_for_now
yalan,2460,1826,0.010109,7,15,False,content_or_borderline,keep_for_now
tayyip,2460,1960,0.010851,7,13,False,content_or_borderline,keep_for_now
evvel,2459,1844,0.010209,7,16,False,content_or_borderline,keep_for_now
emniyet,2459,1287,0.007125,7,14,False,content_or_borderline,keep_for_now
ediyorsunuz,2458,2027,0.011222,7,14,False,content_or_borderline,keep_for_now
yaptiğimiz,2458,2034,0.011261,7,14,False,content_or_borderline,keep_for_now
yetki,2455,1663,0.009207,7,15,False,content_or_borderline,keep_for_now
bak,2452,2007,0.011111,7,13,False,content_or_borderline,keep_for_now
yillardir,2448,2016,0.011161,7,16,False,content_or_borderline,keep_for_now
demektir,2442,1789,0.009904,7,16,False,content_or_borderline,keep_for_now
getirilen,2436,1925,0.010657,7,15,False,content_or_borderline,keep_for_now
deniz,2434,1305,0.007225,7,15,False,content_or_borderline,keep_for_now
soruşturma,2428,1546,0.008559,6,16,False,content_or_borderline,keep_for_now
sağlamak,2418,2003,0.011089,7,15,False,content_or_borderline,keep_for_now
eşit,2413,1712,0.009478,7,13,False,content_or_borderline,keep_for_now
olay,2408,1842,0.010198,7,15,False,content_or_borderline,keep_for_now
maddenin,2406,1733,0.009594,6,13,False,content_or_borderline,keep_for_now
içine,2405,2040,0.011294,7,16,False,content_or_borderline,keep_for_now
asil,2392,1944,0.010762,7,14,False,content_or_borderline,keep_for_now
bulunmaktayim,2389,2380,0.013176,7,12,False,content_or_borderline,keep_for_now
esnaf,2388,1196,0.006621,7,14,False,content_or_borderline,keep_for_now
idare,2387,1695,0.009384,7,15,False,content_or_borderline,keep_for_now
mart,2378,1728,0.009567,7,16,False,content_or_borderline,keep_for_now
aylik,2378,1632,0.009035,7,14,False,content_or_borderline,keep_for_now
trilyon,2373,1265,0.007003,6,16,False,content_or_borderline,keep_for_now
aynen,2372,2033,0.011255,7,15,False,content_or_borderline,keep_for_now
vekili,2372,2071,0.011465,7,13,False,content_or_borderline,keep_for_now
üçüncü,2362,1766,0.009777,7,12,False,content_or_borderline,keep_for_now
tarimsal,2356,1169,0.006472,6,12,False,content_or_borderline,keep_for_now
adam,2356,1847,0.010225,7,13,False,content_or_borderline,keep_for_now
bakanimiz,2353,1875,0.01038,7,15,False,content_or_borderline,keep_for_now
adet,2342,1256,0.006953,6,13,False,content_or_borderline,keep_for_now
benzer,2340,1979,0.010956,7,16,False,content_or_borderline,keep_for_now
husus,2337,1810,0.010021,7,14,False,content_or_borderline,keep_for_now
dir,2334,1769,0.009794,7,16,False,suffix_fragment,add_stopword
günlerde,2333,2033,0.011255,7,16,False,content_or_borderline,keep_for_now
dil,2331,1258,0.006965,7,11,False,content_or_borderline,keep_for_now
yapi,2331,1434,0.007939,7,13,False,content_or_borderline,keep_for_now
yapilmasina,2330,2080,0.011515,7,14,False,content_or_borderline,keep_for_now
etmiştir,2328,1959,0.010845,7,14,False,content_or_borderline,keep_for_now
bakanin,2327,1756,0.009722,7,12,False,content_or_borderline,keep_for_now
halki,2325,1828,0.01012,7,15,False,content_or_borderline,keep_for_now
oysa,2322,1845,0.010214,7,13,False,content_or_borderline,keep_for_now
getirmek,2320,2083,0.011532,7,15,False,content_or_borderline,keep_for_now
hükumeti,2315,1761,0.009749,7,16,False,content_or_borderline,keep_for_now
sirasinda,2314,1980,0.010962,7,13,False,content_or_borderline,keep_for_now
tabi,2303,1705,0.009439,7,14,False,content_or_borderline,keep_for_now
ocak,2299,1655,0.009162,7,14,False,content_or_borderline,keep_for_now
eylül,2294,1550,0.008581,7,13,False,content_or_borderline,keep_for_now
yapacak,2293,1882,0.010419,7,14,False,content_or_borderline,keep_for_now
haklarini,2291,1808,0.010009,7,15,False,content_or_borderline,keep_for_now
mesele,2290,1771,0.009805,7,15,False,content_or_borderline,keep_for_now
otuz,2289,1718,0.009511,7,15,False,content_or_borderline,keep_for_now
fetö,2286,1310,0.007252,3,11,False,content_or_borderline,keep_for_now
arkadaşimiz,2285,1928,0.010674,7,16,False,content_or_borderline,keep_for_now
iken,2285,1704,0.009434,7,14,False,content_or_borderline,keep_for_now
örgütü,2285,1651,0.00914,7,16,False,content_or_borderline,keep_for_now
kasim,2285,1732,0.009589,7,13,False,content_or_borderline,keep_for_now
bugünkü,2272,1898,0.010508,7,16,False,content_or_borderline,keep_for_now
insanlari,2269,1926,0.010663,7,15,False,content_or_borderline,keep_for_now
ülkeyi,2267,1899,0.010513,7,15,False,content_or_borderline,keep_for_now
sizlere,2265,1986,0.010995,7,15,False,content_or_borderline,keep_for_now
aralik,2264,1660,0.00919,7,15,False,content_or_borderline,keep_for_now
bilimsel,2262,1417,0.007845,7,14,False,content_or_borderline,keep_for_now
değişikliği,2262,1586,0.00878,7,13,False,content_or_borderline,keep_for_now
verin,2257,1922,0.010641,7,16,False,content_or_borderline,keep_for_now
olun,2254,1888,0.010452,7,16,False,content_or_borderline,keep_for_now
kibris,2252,732,0.004053,6,13,False,content_or_borderline,keep_for_now
adil,2250,1663,0.009207,7,15,False,content_or_borderline,keep_for_now
güvenliği,2249,1489,0.008243,7,16,False,content_or_borderline,keep_for_now
müsaade,2245,1966,0.010884,7,13,False,content_or_borderline,keep_for_now
üye,2245,1362,0.00754,7,13,False,content_or_borderline,keep_for_now
doğrusu,2237,1897,0.010502,7,15,False,content_or_borderline,keep_for_now
cumhurbaşkanliği,2236,1394,0.007717,7,12,False,content_or_borderline,keep_for_now
işler,2235,1945,0.010768,7,15,False,content_or_borderline,keep_for_now
hazine,2233,1338,0.007407,6,12,False,content_or_borderline,keep_for_now
imkani,2232,1800,0.009965,7,16,False,content_or_borderline,keep_for_now
konuyla,2231,1893,0.01048,7,15,False,content_or_borderline,keep_for_now
mersin,2229,1234,0.006832,7,11,False,content_or_borderline,keep_for_now
edin,2228,1963,0.010868,7,14,False,content_or_borderline,keep_for_now
merak,2227,1907,0.010558,7,16,False,content_or_borderline,keep_for_now
yilindan,2224,1804,0.009987,7,15,False,content_or_borderline,keep_for_now
ülkemize,2223,1879,0.010403,7,16,False,content_or_borderline,keep_for_now
tip,2222,1338,0.007407,7,13,False,content_or_borderline,keep_for_now
öğrenci,2217,1286,0.00712,7,13,False,content_or_borderline,keep_for_now
kur,2216,1311,0.007258,6,13,False,content_or_borderline,keep_for_now
gelip,2215,1980,0.010962,7,17,False,content_or_borderline,keep_for_now
ekim,2212,1586,0.00878,7,16,False,content_or_borderline,keep_for_now
yeter,2211,1882,0.010419,7,15,False,content_or_borderline,keep_for_now
ten,2209,1857,0.010281,7,16,False,content_or_borderline,keep_for_now
niçin,2205,1570,0.008692,7,14,False,content_or_borderline,keep_for_now
güç,2203,1662,0.009201,7,14,False,content_or_borderline,keep_for_now
çocuklar,2203,1340,0.007419,7,14,False,content_or_borderline,keep_for_now
liraya,2200,1411,0.007812,6,15,False,content_or_borderline,keep_for_now
hakikaten,2199,1647,0.009118,7,13,False,content_or_borderline,keep_for_now
kriz,2196,1351,0.007479,7,13,False,content_or_borderline,keep_for_now
şiddet,2195,1254,0.006942,7,14,False,content_or_borderline,keep_for_now
çocuklarin,2194,1276,0.007064,7,13,False,content_or_borderline,keep_for_now
temsil,2190,1638,0.009068,7,14,False,content_or_borderline,keep_for_now
verilmesi,2189,1827,0.010115,7,15,False,content_or_borderline,keep_for_now
dava,2183,1469,0.008133,7,14,False,content_or_borderline,keep_for_now
yapmaya,2182,1945,0.010768,7,14,False,content_or_borderline,keep_for_now
uzman,2181,1132,0.006267,7,12,False,content_or_borderline,keep_for_now
geçti,2181,1867,0.010336,7,16,False,content_or_borderline,keep_for_now
geldiği,2179,1945,0.010768,7,16,False,content_or_borderline,keep_for_now
nereden,2171,1858,0.010286,7,13,False,content_or_borderline,keep_for_now
insanin,2164,1764,0.009766,7,16,False,content_or_borderline,keep_for_now
mayis,2162,1504,0.008326,7,14,False,content_or_borderline,keep_for_now
köy,2160,1223,0.006771,7,10,False,content_or_borderline,keep_for_now
recep,2153,1784,0.009877,7,12,False,content_or_borderline,keep_for_now
rekabet,2150,1260,0.006976,7,11,False,content_or_borderline,keep_for_now
imar,2149,1008,0.00558,6,13,False,content_or_borderline,keep_for_now
kiymetli,2147,1587,0.008786,7,15,False,content_or_borderline,keep_for_now
adana,2142,1163,0.006439,7,13,False,content_or_borderline,keep_for_now
çiftçi,2138,1306,0.00723,6,14,False,content_or_borderline,keep_for_now
sanki,2136,1816,0.010054,7,16,False,content_or_borderline,keep_for_now
doğrultusunda,2135,1767,0.009782,7,14,False,content_or_borderline,keep_for_now
verecek,2134,1872,0.010364,7,14,False,content_or_borderline,keep_for_now
geçmişte,2133,1816,0.010054,7,15,False,content_or_borderline,keep_for_now
takdirde,2132,1701,0.009417,7,15,False,content_or_borderline,keep_for_now
özgür,2129,1644,0.009102,7,14,False,content_or_borderline,keep_for_now
hizmetleri,2126,1478,0.008183,6,13,False,content_or_borderline,keep_for_now
olumsuz,2124,1714,0.009489,7,15,False,content_or_borderline,keep_for_now
sormak,2124,1829,0.010126,6,15,False,content_or_borderline,keep_for_now
yapilmiştir,2123,1621,0.008974,7,16,False,content_or_borderline,keep_for_now
siyasal,2123,1395,0.007723,7,13,False,content_or_borderline,keep_for_now
diyen,2121,1762,0.009755,7,16,False,content_or_borderline,keep_for_now
söyledim,2119,1816,0.010054,7,14,False,content_or_borderline,keep_for_now
politika,2112,1397,0.007734,7,14,False,content_or_borderline,keep_for_now
ülkeler,2112,1470,0.008138,7,15,False,content_or_borderline,keep_for_now
önergesi,2111,1630,0.009024,7,14,False,content_or_borderline,keep_for_now
düşen,2110,1737,0.009616,7,16,False,content_or_borderline,keep_for_now
kayit,2109,1159,0.006416,6,14,False,content_or_borderline,keep_for_now
alt,2109,1404,0.007773,7,13,False,content_or_borderline,keep_for_now
van,2102,1007,0.005575,7,11,False,content_or_borderline,keep_for_now
senin,2102,1798,0.009954,7,11,False,content_or_borderline,keep_for_now
ton,2102,981,0.005431,6,13,False,content_or_borderline,keep_for_now
milleti,2099,1621,0.008974,7,15,False,content_or_borderline,keep_for_now
istiyor,2097,1607,0.008897,7,15,False,content_or_borderline,keep_for_now
yalnizca,2097,1456,0.008061,7,13,False,content_or_borderline,keep_for_now
yürürlüğe,2095,1469,0.008133,6,12,False,content_or_borderline,keep_for_now
inşa,2092,1593,0.008819,7,13,False,content_or_borderline,keep_for_now
diyerek,2091,1820,0.010076,7,16,False,content_or_borderline,keep_for_now
kesin,2091,1058,0.005857,6,14,False,content_or_borderline,keep_for_now
konuya,2090,1861,0.010303,7,16,False,content_or_borderline,keep_for_now
antalya,2086,1244,0.006887,7,12,False,content_or_borderline,keep_for_now
başbakanin,2082,1532,0.008481,7,11,False,content_or_borderline,keep_for_now
açidan,2078,1630,0.009024,7,15,False,content_or_borderline,keep_for_now
dedim,2077,1649,0.009129,7,15,False,content_or_borderline,keep_for_now
kurumlar,2076,1478,0.008183,7,14,False,content_or_borderline,keep_for_now
beni,2076,1829,0.010126,7,14,False,content_or_borderline,keep_for_now
çikmiş,2075,1759,0.009738,7,14,False,content_or_borderline,keep_for_now
hedef,2074,1642,0.00909,7,16,False,content_or_borderline,keep_for_now
sonuna,2074,1799,0.00996,7,14,False,content_or_borderline,keep_for_now
hükümet,2065,1254,0.006942,7,8,True,existing_stopword,already_present
rakam,2065,1551,0.008587,7,15,False,content_or_borderline,keep_for_now
kültürel,2065,1351,0.007479,7,14,False,content_or_borderline,keep_for_now
süreç,2064,1642,0.00909,7,16,False,content_or_borderline,keep_for_now
milletvekillerinin,2064,1687,0.00934,7,15,False,content_or_borderline,keep_for_now
dişişleri,2063,1213,0.006715,7,15,False,content_or_borderline,keep_for_now
payi,2061,1369,0.007579,6,14,False,content_or_borderline,keep_for_now
belirtmek,2060,1704,0.009434,7,12,False,content_or_borderline,keep_for_now
birleşmiş,2060,1115,0.006173,7,14,False,content_or_borderline,keep_for_now
vergisi,2056,940,0.005204,6,14,False,content_or_borderline,keep_for_now
yönetimi,2053,1489,0.008243,7,14,False,content_or_borderline,keep_for_now
adli,2049,1232,0.006821,7,13,False,content_or_borderline,keep_for_now
gerekse,2049,1688,0.009345,7,11,False,content_or_borderline,keep_for_now
çalişiyor,2048,1669,0.00924,7,12,False,content_or_borderline,keep_for_now
önemlidir,2046,1630,0.009024,7,14,False,content_or_borderline,keep_for_now
alarak,2046,1845,0.010214,7,14,False,content_or_borderline,keep_for_now
yazili,2046,1579,0.008742,7,13,False,content_or_borderline,keep_for_now
şubat,2043,1510,0.00836,7,16,False,content_or_borderline,keep_for_now
verdik,2041,1652,0.009146,7,14,False,content_or_borderline,keep_for_now
hukukun,2039,1479,0.008188,7,14,False,content_or_borderline,keep_for_now
gaz,2038,1131,0.006261,7,13,False,content_or_borderline,keep_for_now
sayiştay,2038,873,0.004833,6,11,False,content_or_borderline,keep_for_now
işe,2037,1605,0.008886,7,17,False,content_or_borderline,keep_for_now
korunmasi,2036,1444,0.007994,7,12,False,content_or_borderline,keep_for_now
süreçte,2028,1707,0.00945,7,15,False,content_or_borderline,keep_for_now
şehir,2024,1318,0.007297,7,15,False,content_or_borderline,keep_for_now
yarginin,2024,1240,0.006865,6,13,False,content_or_borderline,keep_for_now
vatandaşlarimiz,2023,1558,0.008625,7,15,False,content_or_borderline,keep_for_now
diyorlar,2022,1559,0.008631,7,14,False,content_or_borderline,keep_for_now
geniş,2020,1620,0.008969,7,15,False,content_or_borderline,keep_for_now
kimsenin,2020,1755,0.009716,7,14,False,content_or_borderline,keep_for_now
durumunda,2017,1694,0.009378,7,16,False,content_or_borderline,keep_for_now
kurul,2017,1441,0.007978,7,11,True,existing_stopword,already_present
kürsüden,2007,1818,0.010065,7,17,False,content_or_borderline,keep_for_now
bakanliğina,2007,1519,0.00841,6,16,False,content_or_borderline,keep_for_now
teknoloji,2004,1213,0.006715,7,11,False,content_or_borderline,keep_for_now
okul,1998,1255,0.006948,7,15,False,content_or_borderline,keep_for_now
sesleri,1998,1792,0.009921,7,14,True,existing_stopword,already_present
bankasi,1995,1230,0.00681,6,15,False,content_or_borderline,keep_for_now
verilmiş,1992,1738,0.009622,6,15,False,content_or_borderline,keep_for_now
çerçevede,1990,1491,0.008254,7,13,False,content_or_borderline,keep_for_now
dediniz,1985,1477,0.008177,7,13,False,content_or_borderline,keep_for_now
maaş,1984,1361,0.007535,6,16,False,content_or_borderline,keep_for_now
kat,1980,1211,0.006704,6,14,False,content_or_borderline,keep_for_now
imza,1978,1578,0.008736,7,14,False,content_or_borderline,keep_for_now
kanunla,1978,1529,0.008465,6,13,False,content_or_borderline,keep_for_now
usul,1976,1598,0.008847,7,11,False,content_or_borderline,keep_for_now
ölçüde,1975,1556,0.008614,7,12,False,content_or_borderline,keep_for_now
mahkum,1975,1633,0.009041,6,16,False,content_or_borderline,keep_for_now
altini,1974,1643,0.009096,7,17,False,content_or_borderline,keep_for_now
ülkelerin,1971,1432,0.007928,7,14,False,content_or_borderline,keep_for_now
kirk,1969,1494,0.008271,7,15,False,content_or_borderline,keep_for_now
sebep,1968,1590,0.008803,7,15,False,content_or_borderline,keep_for_now
böylece,1967,1569,0.008686,7,15,False,content_or_borderline,keep_for_now
desteği,1962,1384,0.007662,6,14,False,content_or_borderline,keep_for_now
oraninda,1961,1374,0.007607,7,15,False,content_or_borderline,keep_for_now
özelleştirme,1960,1012,0.005603,6,13,False,content_or_borderline,keep_for_now
ettiniz,1958,1555,0.008609,7,15,False,content_or_borderline,keep_for_now
sizden,1956,1693,0.009373,7,14,False,content_or_borderline,keep_for_now
başkanimiz,1956,1653,0.009151,7,16,False,content_or_borderline,keep_for_now
olma,1955,1664,0.009212,7,15,False,content_or_borderline,keep_for_now
vakif,1951,807,0.004468,6,13,False,content_or_borderline,keep_for_now
zam,1950,1045,0.005785,6,17,False,content_or_borderline,keep_for_now
üretimi,1943,1389,0.00769,6,14,False,content_or_borderline,keep_for_now
duruma,1942,1689,0.009351,7,13,False,content_or_borderline,keep_for_now
güven,1941,1373,0.007601,7,16,False,content_or_borderline,keep_for_now
yapalim,1936,1585,0.008775,7,16,False,content_or_borderline,keep_for_now
et,1935,1178,0.006522,7,13,False,content_or_borderline,keep_for_now
dişina,1934,1531,0.008476,7,12,False,content_or_borderline,keep_for_now
gece,1933,1578,0.008736,7,16,False,content_or_borderline,keep_for_now
konularda,1932,1635,0.009052,7,12,False,content_or_borderline,keep_for_now
mahkemesinin,1932,1254,0.006942,7,12,False,content_or_borderline,keep_for_now
içi,1932,1369,0.007579,7,12,False,content_or_borderline,keep_for_now
kendilerine,1931,1709,0.009461,7,16,False,content_or_borderline,keep_for_now
dayali,1925,1488,0.008238,7,13,False,content_or_borderline,keep_for_now
neler,1925,1568,0.008681,7,13,False,content_or_borderline,keep_for_now
milletimize,1925,1695,0.009384,7,14,False,content_or_borderline,keep_for_now
şudur,1919,1691,0.009362,7,16,False,content_or_borderline,keep_for_now
üzerindeki,1915,1608,0.008902,7,14,False,content_or_borderline,keep_for_now
yaparken,1913,1717,0.009506,7,14,False,content_or_borderline,keep_for_now
laf,1913,1677,0.009284,7,14,True,existing_stopword,already_present
bakalim,1912,1603,0.008875,7,13,False,content_or_borderline,keep_for_now
sana,1908,1628,0.009013,7,12,False,content_or_borderline,keep_for_now
eş,1907,1372,0.007596,7,12,False,content_or_borderline,keep_for_now
nereye,1905,1579,0.008742,7,15,False,content_or_borderline,keep_for_now
ihracat,1903,1052,0.005824,6,14,False,content_or_borderline,keep_for_now
sektör,1897,1264,0.006998,6,14,False,content_or_borderline,keep_for_now
gördük,1892,1449,0.008022,7,13,False,content_or_borderline,keep_for_now
ilçe,1892,1236,0.006843,7,15,False,content_or_borderline,keep_for_now
kar,1891,1187,0.006571,6,16,False,content_or_borderline,keep_for_now
meclisinin,1891,1482,0.008205,7,14,False,content_or_borderline,keep_for_now
maddeyle,1888,1524,0.008437,6,12,False,content_or_borderline,keep_for_now
başarili,1888,1524,0.008437,7,14,False,content_or_borderline,keep_for_now
itiraz,1888,1491,0.008254,7,16,False,content_or_borderline,keep_for_now
saygilarimla,1888,1713,0.009484,7,14,False,content_or_borderline,keep_for_now
ikincisi,1888,1736,0.009611,7,16,False,content_or_borderline,keep_for_now
özür,1884,1465,0.008111,7,13,False,content_or_borderline,keep_for_now
etmesi,1883,1708,0.009456,7,14,False,content_or_borderline,keep_for_now
hizmeti,1881,1337,0.007402,6,13,False,content_or_borderline,keep_for_now
büyüme,1881,899,0.004977,7,15,False,content_or_borderline,keep_for_now
hakli,1878,1585,0.008775,7,15,False,content_or_borderline,keep_for_now
nükleer,1875,520,0.002879,6,11,False,content_or_borderline,keep_for_now
sorumlu,1874,1494,0.008271,7,12,False,content_or_borderline,keep_for_now
kesinlikle,1874,1541,0.008531,7,12,False,content_or_borderline,keep_for_now
sağlanmasi,1871,1493,0.008266,6,15,False,content_or_borderline,keep_for_now
anlayişi,1869,1526,0.008448,7,15,False,content_or_borderline,keep_for_now
komisyonunda,1868,1433,0.007933,7,14,False,content_or_borderline,keep_for_now
ilave,1868,1468,0.008127,7,11,False,content_or_borderline,keep_for_now
sayida,1862,1563,0.008653,7,13,False,content_or_borderline,keep_for_now
toprak,1861,1265,0.007003,6,14,False,content_or_borderline,keep_for_now
trt,1860,594,0.003289,7,11,False,content_or_borderline,keep_for_now
sikinti,1858,1534,0.008493,7,13,False,content_or_borderline,keep_for_now
kan,1857,1022,0.005658,7,13,False,content_or_borderline,keep_for_now
vatan,1857,1316,0.007286,7,15,False,content_or_borderline,keep_for_now
bakimdan,1855,1374,0.007607,7,10,False,content_or_borderline,keep_for_now
paylaşmak,1854,1580,0.008747,6,14,False,content_or_borderline,keep_for_now
ulaştirma,1853,1133,0.006273,6,10,False,content_or_borderline,keep_for_now
isteyen,1850,1549,0.008576,7,16,False,content_or_borderline,keep_for_now
birakin,1850,1590,0.008803,7,14,False,content_or_borderline,keep_for_now
arkadaşlarimizin,1849,1498,0.008293,7,15,False,content_or_borderline,keep_for_now
meselesi,1849,1460,0.008083,7,16,False,content_or_borderline,keep_for_now
ülkeye,1848,1564,0.008659,7,14,False,content_or_borderline,keep_for_now
azindan,1844,1564,0.008659,7,17,False,content_or_borderline,keep_for_now
sağliği,1844,1089,0.006029,6,13,False,content_or_borderline,keep_for_now
sonraki,1842,1664,0.009212,7,13,False,content_or_borderline,keep_for_now
bölgesi,1841,1212,0.00671,7,13,False,content_or_borderline,keep_for_now
kontrol,1840,1383,0.007657,7,12,False,content_or_borderline,keep_for_now
hakaret,1839,1478,0.008183,7,15,False,content_or_borderline,keep_for_now
dokuz,1839,1344,0.007441,6,12,False,content_or_borderline,keep_for_now
ortalama,1838,1356,0.007507,7,14,False,content_or_borderline,keep_for_now
imkan,1838,1447,0.008011,7,12,False,content_or_borderline,keep_for_now
sulama,1838,776,0.004296,6,12,False,content_or_borderline,keep_for_now
yaptiğiniz,1837,1579,0.008742,7,14,False,content_or_borderline,keep_for_now
sorunlarini,1835,1473,0.008155,7,14,False,content_or_borderline,keep_for_now
korumak,1835,1509,0.008354,7,15,False,content_or_borderline,keep_for_now
uzak,1831,1595,0.00883,7,15,False,content_or_borderline,keep_for_now
yalniz,1830,1625,0.008996,6,12,False,content_or_borderline,keep_for_now
olmaya,1830,1622,0.00898,7,14,False,content_or_borderline,keep_for_now
hükmünde,1828,1127,0.006239,7,13,False,content_or_borderline,keep_for_now
alma,1826,1542,0.008537,7,15,False,content_or_borderline,keep_for_now
ithal,1825,1041,0.005763,7,16,False,content_or_borderline,keep_for_now
yoksulluk,1823,1245,0.006893,6,15,False,content_or_borderline,keep_for_now
hasta,1822,1002,0.005547,6,12,False,content_or_borderline,keep_for_now
sinir,1822,1146,0.006344,7,16,False,content_or_borderline,keep_for_now
saygideğer,1819,1379,0.007634,7,11,False,content_or_borderline,keep_for_now
kurulan,1816,1485,0.008221,7,12,False,content_or_borderline,keep_for_now
kimin,1816,1429,0.007911,7,14,False,content_or_borderline,keep_for_now
edilmektedir,1813,1459,0.008077,7,13,False,content_or_borderline,keep_for_now
yardimcisi,1812,1530,0.00847,7,13,False,content_or_borderline,keep_for_now
kuruluş,1809,1400,0.007751,6,14,False,content_or_borderline,keep_for_now
inaniyorum,1808,1533,0.008487,7,12,False,content_or_borderline,keep_for_now
sevgili,1807,1298,0.007186,7,13,False,content_or_borderline,keep_for_now
sizler,1807,1559,0.008631,7,16,False,content_or_borderline,keep_for_now
henüz,1806,1558,0.008625,7,16,False,content_or_borderline,keep_for_now
milletimiz,1804,1463,0.008099,7,14,False,content_or_borderline,keep_for_now
rusya,1803,1018,0.005636,7,14,False,content_or_borderline,keep_for_now
hukuka,1803,1332,0.007374,7,15,False,content_or_borderline,keep_for_now
haziran,1797,1419,0.007856,7,15,False,content_or_borderline,keep_for_now
yapacağiz,1793,1471,0.008144,7,13,False,content_or_borderline,keep_for_now
ödeme,1793,1242,0.006876,6,13,False,content_or_borderline,keep_for_now
toplu,1792,1045,0.005785,7,13,False,content_or_borderline,keep_for_now
falan,1789,1541,0.008531,7,14,False,content_or_borderline,keep_for_now
açlik,1785,1178,0.006522,6,14,False,content_or_borderline,keep_for_now
yetkisi,1784,1286,0.00712,7,12,False,content_or_borderline,keep_for_now
politikasi,1783,1265,0.007003,7,16,False,content_or_borderline,keep_for_now
değerlendirme,1783,1354,0.007496,7,12,False,content_or_borderline,keep_for_now
başladi,1783,1479,0.008188,7,14,False,content_or_borderline,keep_for_now
ahmet,1782,1425,0.007889,7,15,False,content_or_borderline,keep_for_now
konunun,1780,1552,0.008592,7,15,False,content_or_borderline,keep_for_now
stratejik,1780,1201,0.006649,7,14,False,content_or_borderline,keep_for_now
sorunlarin,1776,1419,0.007856,7,12,False,content_or_borderline,keep_for_now
biliyorum,1774,1518,0.008404,7,16,False,content_or_borderline,keep_for_now
halka,1773,1392,0.007706,7,14,False,content_or_borderline,keep_for_now
organize,1772,944,0.005226,7,12,False,content_or_borderline,keep_for_now
giderek,1771,1401,0.007756,7,14,False,content_or_borderline,keep_for_now
insanlik,1770,1330,0.007363,7,15,False,content_or_borderline,keep_for_now
olağanüstü,1769,1024,0.005669,7,13,False,content_or_borderline,keep_for_now
plani,1768,1134,0.006278,7,13,False,content_or_borderline,keep_for_now
terk,1767,1485,0.008221,7,14,False,content_or_borderline,keep_for_now
tamam,1766,1585,0.008775,7,15,False,content_or_borderline,keep_for_now
yaparak,1764,1620,0.008969,7,15,False,content_or_borderline,keep_for_now
ileri,1763,1415,0.007834,7,12,False,content_or_borderline,keep_for_now
milletvekilimiz,1761,1429,0.007911,7,15,False,content_or_borderline,keep_for_now
altyapi,1756,1322,0.007319,6,14,False,content_or_borderline,keep_for_now
aldi,1755,1496,0.008282,7,14,False,content_or_borderline,keep_for_now
bursa,1749,1022,0.005658,7,13,False,content_or_borderline,keep_for_now
sözü,1747,1519,0.00841,7,15,False,content_or_borderline,keep_for_now
iklim,1747,775,0.004291,6,14,False,content_or_borderline,keep_for_now
eylem,1745,1227,0.006793,7,13,False,content_or_borderline,keep_for_now
ön,1744,1474,0.00816,7,13,False,content_or_borderline,keep_for_now
millete,1742,1449,0.008022,7,12,False,content_or_borderline,keep_for_now
kendisini,1741,1548,0.00857,7,14,False,content_or_borderline,keep_for_now
ev,1741,1234,0.006832,7,12,False,content_or_borderline,keep_for_now
bakana,1739,1526,0.008448,7,14,False,content_or_borderline,keep_for_now
zorunlu,1737,1323,0.007324,7,15,False,content_or_borderline,keep_for_now
amaci,1736,1425,0.007889,7,13,False,content_or_borderline,keep_for_now
toki,1736,683,0.003781,6,12,False,content_or_borderline,keep_for_now
ara,1732,1201,0.006649,7,13,False,content_or_borderline,keep_for_now
yaş,1732,1042,0.005769,7,11,False,content_or_borderline,keep_for_now
sağ,1730,1603,0.008875,6,14,False,content_or_borderline,keep_for_now
hüküm,1728,1325,0.007335,7,14,False,content_or_borderline,keep_for_now
zorundayiz,1725,1323,0.007324,7,13,False,content_or_borderline,keep_for_now
partinin,1725,1444,0.007994,7,15,False,content_or_borderline,keep_for_now
bizden,1725,1449,0.008022,7,15,False,content_or_borderline,keep_for_now
fark,1723,1405,0.007778,7,13,False,content_or_borderline,keep_for_now
takdir,1721,1499,0.008299,7,14,False,content_or_borderline,keep_for_now
borcu,1720,1097,0.006073,6,13,False,content_or_borderline,keep_for_now
ytl,1719,618,0.003421,3,7,False,content_or_borderline,keep_for_now
çikip,1715,1530,0.00847,7,13,False,content_or_borderline,keep_for_now
prim,1713,929,0.005143,7,11,False,content_or_borderline,keep_for_now
kurulmasi,1713,1340,0.007419,7,12,False,content_or_borderline,keep_for_now
gitti,1713,1392,0.007706,7,16,False,content_or_borderline,keep_for_now
rahatsiz,1713,1381,0.007646,7,15,False,content_or_borderline,keep_for_now
oldukça,1710,1354,0.007496,7,13,False,content_or_borderline,keep_for_now
ettiğimiz,1708,1524,0.008437,7,15,False,content_or_borderline,keep_for_now
nüfus,1707,1029,0.005697,6,13,False,content_or_borderline,keep_for_now
işlem,1707,1340,0.007419,7,13,False,content_or_borderline,keep_for_now
kadro,1706,1013,0.005608,6,13,False,content_or_borderline,keep_for_now
haber,1706,1266,0.007009,7,13,False,content_or_borderline,keep_for_now
çağdaş,1705,1263,0.006992,7,11,False,content_or_borderline,keep_for_now
silah,1705,1103,0.006106,7,14,False,content_or_borderline,keep_for_now
kanunda,1704,1361,0.007535,7,13,False,content_or_borderline,keep_for_now
boş,1702,1321,0.007313,6,12,False,content_or_borderline,keep_for_now
cumhurbaşkaninin,1702,1209,0.006693,7,14,False,content_or_borderline,keep_for_now
ticari,1699,1152,0.006378,6,13,False,content_or_borderline,keep_for_now
olanlar,1698,1442,0.007983,7,17,False,content_or_borderline,keep_for_now
rakamlar,1698,1330,0.007363,7,14,False,content_or_borderline,keep_for_now
milyonlarca,1697,1402,0.007762,7,16,False,content_or_borderline,keep_for_now
haksiz,1695,1365,0.007557,7,15,False,content_or_borderline,keep_for_now
alip,1694,1515,0.008387,7,14,False,content_or_borderline,keep_for_now
fiyat,1693,1042,0.005769,6,14,False,content_or_borderline,keep_for_now
kurulunun,1692,1230,0.00681,7,15,False,content_or_borderline,keep_for_now
maddesinin,1691,1317,0.007291,7,11,False,content_or_borderline,keep_for_now
insanlara,1690,1422,0.007872,7,15,False,content_or_borderline,keep_for_now
bölgesel,1689,1034,0.005724,7,14,False,content_or_borderline,keep_for_now
defalarca,1689,1434,0.007939,7,15,False,content_or_borderline,keep_for_now
olmazsa,1687,1433,0.007933,7,15,False,content_or_borderline,keep_for_now
noktaya,1685,1435,0.007944,7,14,False,content_or_borderline,keep_for_now
sonrasinda,1685,1396,0.007729,7,16,False,content_or_borderline,keep_for_now
dönüşüm,1684,918,0.005082,6,13,False,content_or_borderline,keep_for_now
olsaydi,1681,1362,0.00754,7,14,False,content_or_borderline,keep_for_now
hizla,1678,1354,0.007496,7,14,False,content_or_borderline,keep_for_now
filistin,1678,723,0.004003,6,13,False,content_or_borderline,keep_for_now
dediğimiz,1677,1367,0.007568,7,16,False,content_or_borderline,keep_for_now
sirada,1676,1201,0.006649,7,13,False,content_or_borderline,keep_for_now
hayvan,1675,751,0.004158,6,13,False,content_or_borderline,keep_for_now
olmaktan,1672,1462,0.008094,7,15,False,content_or_borderline,keep_for_now
yolsuzluk,1672,1089,0.006029,7,14,False,content_or_borderline,keep_for_now
olmalidir,1671,1327,0.007347,7,16,False,content_or_borderline,keep_for_now
gelişmiş,1671,1239,0.006859,7,13,False,content_or_borderline,keep_for_now
getirdiği,1671,1476,0.008171,7,15,False,content_or_borderline,keep_for_now
petrol,1668,797,0.004412,7,13,False,content_or_borderline,keep_for_now
olmadan,1667,1432,0.007928,7,17,False,content_or_borderline,keep_for_now
ister,1665,960,0.005315,7,15,False,content_or_borderline,keep_for_now
gidip,1664,1441,0.007978,7,12,False,content_or_borderline,keep_for_now
sisteminin,1664,1266,0.007009,6,12,False,content_or_borderline,keep_for_now
islam,1657,958,0.005304,7,15,False,content_or_borderline,keep_for_now
milletler,1656,962,0.005326,7,12,False,content_or_borderline,keep_for_now
lik,1653,1130,0.006256,6,12,False,content_or_borderline,keep_for_now
bekliyor,1648,1374,0.007607,6,15,False,content_or_borderline,keep_for_now
çocuklari,1647,1192,0.006599,7,16,False,content_or_borderline,keep_for_now
ürün,1646,1019,0.005641,6,14,False,content_or_borderline,keep_for_now
kardeşim,1644,1436,0.00795,7,13,False,content_or_borderline,keep_for_now
nisan,1644,1235,0.006837,7,13,False,content_or_borderline,keep_for_now
yoluyla,1643,1310,0.007252,6,14,False,content_or_borderline,keep_for_now
verdiğimiz,1640,1470,0.008138,6,14,False,content_or_borderline,keep_for_now
geriye,1633,1389,0.00769,7,16,False,content_or_borderline,keep_for_now
hesabini,1633,1358,0.007518,7,14,False,content_or_borderline,keep_for_now
hatay,1633,825,0.004567,7,12,False,content_or_borderline,keep_for_now
ayip,1632,1197,0.006627,7,11,False,content_or_borderline,keep_for_now
cezaevinde,1631,961,0.00532,6,11,False,content_or_borderline,keep_for_now
tütün,1631,432,0.002392,6,11,False,content_or_borderline,keep_for_now
neyi,1630,1333,0.00738,7,14,False,content_or_borderline,keep_for_now
ettim,1628,1453,0.008044,7,14,False,content_or_borderline,keep_for_now
temin,1627,1303,0.007214,7,10,False,content_or_borderline,keep_for_now
şeker,1625,688,0.003809,6,10,False,content_or_borderline,keep_for_now
değiliz,1624,1425,0.007889,7,14,False,content_or_borderline,keep_for_now
günlük,1624,1291,0.007147,6,11,False,content_or_borderline,keep_for_now
hele,1623,1042,0.005769,7,15,False,content_or_borderline,keep_for_now
sağlayacak,1622,1389,0.00769,7,15,False,content_or_borderline,keep_for_now
hepsini,1621,1442,0.007983,7,14,False,content_or_borderline,keep_for_now
çalişiyoruz,1621,1307,0.007236,7,14,False,content_or_borderline,keep_for_now
kolay,1619,1296,0.007175,7,13,False,content_or_borderline,keep_for_now
afet,1618,739,0.004091,6,11,False,content_or_borderline,keep_for_now
maddesine,1617,1321,0.007313,7,13,True,existing_stopword,already_present
emin,1615,1455,0.008055,7,14,False,content_or_borderline,keep_for_now
gören,1613,1401,0.007756,7,15,False,content_or_borderline,keep_for_now
anayasal,1612,1213,0.006715,7,13,False,content_or_borderline,keep_for_now
demir,1612,955,0.005287,6,13,False,content_or_borderline,keep_for_now
baski,1612,1301,0.007203,7,15,False,content_or_borderline,keep_for_now
tüik,1612,932,0.00516,6,12,False,content_or_borderline,keep_for_now
teklifinin,1611,1225,0.006782,6,14,False,content_or_borderline,keep_for_now
giden,1609,1438,0.007961,7,12,False,content_or_borderline,keep_for_now
önerisi,1605,1401,0.007756,7,15,True,existing_stopword,already_present
ardindan,1601,1265,0.007003,7,13,False,content_or_borderline,keep_for_now
şirket,1601,1015,0.005619,6,15,False,content_or_borderline,keep_for_now
idaresi,1600,883,0.004888,6,12,False,content_or_borderline,keep_for_now
icra,1599,964,0.005337,7,12,False,content_or_borderline,keep_for_now
sözlerime,1597,1520,0.008415,7,16,False,content_or_borderline,keep_for_now
malatya,1597,855,0.004733,6,12,False,content_or_borderline,keep_for_now
faaliyet,1595,1264,0.006998,7,13,False,content_or_borderline,keep_for_now
kadinlar,1592,915,0.005066,7,13,False,content_or_borderline,keep_for_now
herkese,1590,1437,0.007956,7,14,False,content_or_borderline,keep_for_now
olamaz,1589,1398,0.00774,7,13,False,content_or_borderline,keep_for_now
grubunun,1589,1440,0.007972,7,12,False,content_or_borderline,keep_for_now
politikalari,1588,1265,0.007003,7,16,False,content_or_borderline,keep_for_now
birlik,1587,1153,0.006383,7,15,False,content_or_borderline,keep_for_now
zamaninda,1587,1315,0.00728,7,12,False,content_or_borderline,keep_for_now
yasayi,1586,1201,0.006649,6,15,False,content_or_borderline,keep_for_now
sik,1586,849,0.0047,7,13,False,content_or_borderline,keep_for_now
ülkelerde,1585,1228,0.006798,7,13,False,content_or_borderline,keep_for_now
almanya,1585,1007,0.005575,6,14,False,content_or_borderline,keep_for_now
yilin,1584,1239,0.006859,6,17,False,content_or_borderline,keep_for_now
sizleri,1580,1475,0.008166,7,16,False,content_or_borderline,keep_for_now
alacak,1577,1340,0.007419,7,15,False,content_or_borderline,keep_for_now
dönük,1576,1230,0.00681,7,11,False,content_or_borderline,keep_for_now
şahsim,1576,1508,0.008349,7,13,False,content_or_borderline,keep_for_now
edildiği,1575,1415,0.007834,7,14,False,content_or_borderline,keep_for_now
burasi,1574,1290,0.007142,7,14,False,content_or_borderline,keep_for_now
engelli,1573,566,0.003133,6,12,False,content_or_borderline,keep_for_now
tasarisinin,1572,1231,0.006815,6,8,False,content_or_borderline,keep_for_now
sizlerle,1572,1332,0.007374,7,12,False,content_or_borderline,keep_for_now
teklifin,1572,1023,0.005664,6,13,False,content_or_borderline,keep_for_now
yila,1570,1267,0.007014,6,15,False,content_or_borderline,keep_for_now
baktiğimiz,1570,1022,0.005658,6,10,False,content_or_borderline,keep_for_now
söylüyoruz,1570,1398,0.00774,7,13,False,content_or_borderline,keep_for_now
eksik,1568,1323,0.007324,6,14,False,content_or_borderline,keep_for_now
aci,1567,1293,0.007158,7,16,False,content_or_borderline,keep_for_now
hal,1565,1120,0.006201,7,15,False,content_or_borderline,keep_for_now
sağlayan,1565,1376,0.007618,7,14,False,content_or_borderline,keep_for_now
oluşan,1563,1361,0.007535,7,14,False,content_or_borderline,keep_for_now
medya,1563,956,0.005293,7,12,False,content_or_borderline,keep_for_now
başkanlik,1563,1073,0.00594,7,14,False,content_or_borderline,keep_for_now
sorumluluk,1563,1298,0.007186,7,16,False,content_or_borderline,keep_for_now
dem,1562,1281,0.007092,6,13,False,content_or_borderline,keep_for_now
kaçak,1561,809,0.004479,6,15,False,content_or_borderline,keep_for_now
yapilmaktadir,1558,1198,0.006632,7,11,False,content_or_borderline,keep_for_now
yapar,1558,1239,0.006859,7,14,False,content_or_borderline,keep_for_now
trafik,1558,747,0.004136,6,14,False,content_or_borderline,keep_for_now
üniversitesi,1557,854,0.004728,7,11,False,content_or_borderline,keep_for_now
üyeleri,1556,1272,0.007042,7,11,False,content_or_borderline,keep_for_now
kadinlarin,1556,827,0.004578,7,12,False,content_or_borderline,keep_for_now
parlamento,1554,1129,0.00625,7,12,False,content_or_borderline,keep_for_now
işsiz,1554,1053,0.00583,6,13,False,content_or_borderline,keep_for_now
bütçenin,1554,1056,0.005846,6,17,False,content_or_borderline,keep_for_now
politikalar,1551,1204,0.006666,7,13,False,content_or_borderline,keep_for_now
değişik,1551,1245,0.006893,7,12,False,content_or_borderline,keep_for_now
kilometre,1551,956,0.005293,7,12,False,content_or_borderline,keep_for_now
somut,1547,1219,0.006749,7,13,False,content_or_borderline,keep_for_now
ortamda,1546,1244,0.006887,7,16,False,content_or_borderline,keep_for_now
benzeri,1546,1292,0.007153,7,11,False,content_or_borderline,keep_for_now
uygulamaya,1545,1274,0.007053,6,15,False,content_or_borderline,keep_for_now
yönünde,1544,1311,0.007258,7,15,False,content_or_borderline,keep_for_now
tasarruf,1543,886,0.004905,6,16,False,content_or_borderline,keep_for_now
ettiler,1541,1345,0.007446,7,13,False,content_or_borderline,keep_for_now
tesis,1538,1196,0.006621,7,12,False,content_or_borderline,keep_for_now
gerekçe,1537,1323,0.007324,6,13,False,content_or_borderline,keep_for_now
yayin,1535,812,0.004495,7,12,False,content_or_borderline,keep_for_now
yilina,1534,1266,0.007009,7,12,False,content_or_borderline,keep_for_now
memur,1530,1023,0.005664,6,13,False,content_or_borderline,keep_for_now
milletvekilinin,1530,1231,0.006815,7,12,False,content_or_borderline,keep_for_now
uygulanan,1528,1287,0.007125,7,15,False,content_or_borderline,keep_for_now
kimi,1527,1086,0.006012,7,15,False,content_or_borderline,keep_for_now
sürece,1527,1250,0.00692,7,14,False,content_or_borderline,keep_for_now
sebebi,1527,1304,0.007219,7,17,False,content_or_borderline,keep_for_now
ederken,1527,1398,0.00774,7,16,False,content_or_borderline,keep_for_now
alinarak,1526,1263,0.006992,7,14,False,content_or_borderline,keep_for_now
kendini,1526,1314,0.007275,7,12,False,content_or_borderline,keep_for_now
kişiye,1523,1181,0.006538,7,14,False,content_or_borderline,keep_for_now
çikar,1522,1313,0.007269,7,12,False,content_or_borderline,keep_for_now
artan,1521,1254,0.006942,7,14,False,content_or_borderline,keep_for_now
nokta,1521,1241,0.00687,7,12,False,content_or_borderline,keep_for_now
gençlik,1521,895,0.004955,7,11,False,content_or_borderline,keep_for_now
araç,1521,1015,0.005619,7,15,False,content_or_borderline,keep_for_now
gösteren,1518,1344,0.007441,7,16,False,content_or_borderline,keep_for_now
ndan,1518,906,0.005016,7,15,False,content_or_borderline,keep_for_now
savaşi,1517,1110,0.006145,7,14,False,content_or_borderline,keep_for_now
infaz,1517,677,0.003748,7,14,False,content_or_borderline,keep_for_now
devlete,1515,1263,0.006992,7,14,False,content_or_borderline,keep_for_now
gerektiği,1514,1297,0.00718,7,13,False,content_or_borderline,keep_for_now
kurumun,1512,985,0.005453,6,12,False,content_or_borderline,keep_for_now
rahat,1509,1254,0.006942,7,17,False,content_or_borderline,keep_for_now
günde,1509,1234,0.006832,7,13,False,content_or_borderline,keep_for_now
ilgilendiren,1507,1219,0.006749,7,13,False,content_or_borderline,keep_for_now
düşünüyoruz,1506,1191,0.006594,6,14,False,content_or_borderline,keep_for_now
bunlarla,1505,1336,0.007396,7,14,False,content_or_borderline,keep_for_now
sorunun,1505,1223,0.006771,7,14,False,content_or_borderline,keep_for_now
çikmiştir,1504,1258,0.006965,7,12,False,content_or_borderline,keep_for_now
halkinin,1504,1134,0.006278,7,16,False,content_or_borderline,keep_for_now
tutuklu,1504,872,0.004828,7,12,False,content_or_borderline,keep_for_now
maruz,1503,1193,0.006605,7,15,False,content_or_borderline,keep_for_now
alin,1503,1278,0.007075,7,15,False,content_or_borderline,keep_for_now
sonu,1502,1198,0.006632,7,15,False,content_or_borderline,keep_for_now
görevini,1501,1296,0.007175,7,13,False,content_or_borderline,keep_for_now
günden,1501,1357,0.007513,7,15,False,content_or_borderline,keep_for_now
vatandaşimiz,1500,1175,0.006505,7,13,False,content_or_borderline,keep_for_now
gündemine,1499,1203,0.00666,7,15,False,content_or_borderline,keep_for_now
sonrasi,1498,1263,0.006992,7,14,False,content_or_borderline,keep_for_now
bence,1497,1238,0.006854,7,11,False,content_or_borderline,keep_for_now
alinmiş,1494,1321,0.007313,6,14,False,content_or_borderline,keep_for_now
liralik,1493,1083,0.005996,6,14,False,content_or_borderline,keep_for_now
anlayiş,1490,1264,0.006998,7,14,False,content_or_borderline,keep_for_now
göç,1490,908,0.005027,7,10,False,content_or_borderline,keep_for_now
gelince,1489,1261,0.006981,6,14,False,content_or_borderline,keep_for_now
rapor,1486,980,0.005425,7,13,False,content_or_borderline,keep_for_now
tarihli,1485,1077,0.005962,7,10,False,content_or_borderline,keep_for_now
yasayla,1484,1169,0.006472,6,12,False,content_or_borderline,keep_for_now
hukuku,1482,1146,0.006344,7,13,False,content_or_borderline,keep_for_now
kişilerin,1482,1229,0.006804,7,13,False,content_or_borderline,keep_for_now
olduğuna,1482,1329,0.007358,7,15,False,content_or_borderline,keep_for_now
cumhurbaşkanimiz,1481,1237,0.006848,7,13,False,content_or_borderline,keep_for_now
yapildiği,1477,1317,0.007291,7,14,False,content_or_borderline,keep_for_now
sözleşmesi,1477,996,0.005514,7,11,False,content_or_borderline,keep_for_now
yaşadiği,1476,1293,0.007158,7,14,False,content_or_borderline,keep_for_now
olduklari,1473,1274,0.007053,7,15,False,content_or_borderline,keep_for_now
maddeye,1472,1222,0.006765,7,14,False,content_or_borderline,keep_for_now
programi,1469,1039,0.005752,7,14,False,content_or_borderline,keep_for_now
derhal,1469,1236,0.006843,7,17,False,content_or_borderline,keep_for_now
kurumlari,1468,1176,0.006511,6,11,False,content_or_borderline,keep_for_now
suyu,1468,926,0.005127,6,12,False,content_or_borderline,keep_for_now
veriyoruz,1468,1220,0.006754,6,14,False,content_or_borderline,keep_for_now
gaziantep,1468,768,0.004252,7,10,False,content_or_borderline,keep_for_now
doktor,1465,996,0.005514,7,12,False,content_or_borderline,keep_for_now
ders,1465,1072,0.005935,7,13,False,content_or_borderline,keep_for_now
cari,1463,684,0.003787,6,11,False,content_or_borderline,keep_for_now
konudaki,1461,1310,0.007252,7,14,False,content_or_borderline,keep_for_now
getiren,1461,1318,0.007297,7,14,False,content_or_borderline,keep_for_now
gizli,1460,999,0.005531,7,15,False,content_or_borderline,keep_for_now
hayat,1457,1192,0.006599,7,15,False,content_or_borderline,keep_for_now
bizzat,1456,1238,0.006854,7,14,False,content_or_borderline,keep_for_now
tablo,1454,1168,0.006466,7,12,False,content_or_borderline,keep_for_now
süt,1454,606,0.003355,7,13,False,content_or_borderline,keep_for_now
konya,1453,796,0.004407,7,12,False,content_or_borderline,keep_for_now
yildan,1450,1186,0.006566,7,15,False,content_or_borderline,keep_for_now
sebebiyle,1450,1152,0.006378,7,14,False,content_or_borderline,keep_for_now
verildi,1450,1211,0.006704,7,13,False,content_or_borderline,keep_for_now
hayati,1449,1275,0.007059,7,15,False,content_or_borderline,keep_for_now
yök,1447,678,0.003754,6,12,False,content_or_borderline,keep_for_now
gözden,1446,1240,0.006865,6,12,False,content_or_borderline,keep_for_now
bati,1446,941,0.00521,7,12,False,content_or_borderline,keep_for_now
öte,1444,1220,0.006754,7,13,False,content_or_borderline,keep_for_now
dolara,1444,980,0.005425,7,15,False,content_or_borderline,keep_for_now
yapin,1443,1233,0.006826,7,16,False,content_or_borderline,keep_for_now
kapali,1442,1112,0.006156,7,13,False,content_or_borderline,keep_for_now
ayda,1441,1103,0.006106,7,15,False,content_or_borderline,keep_for_now
vatandaşlarimiza,1440,1217,0.006738,7,13,False,content_or_borderline,keep_for_now
verimli,1439,1153,0.006383,7,13,False,content_or_borderline,keep_for_now
ölüm,1439,1027,0.005686,7,13,False,content_or_borderline,keep_for_now
olmadi,1438,1247,0.006904,7,15,False,content_or_borderline,keep_for_now
ihlal,1438,1013,0.005608,7,12,False,content_or_borderline,keep_for_now
kisaca,1437,1289,0.007136,7,15,False,content_or_borderline,keep_for_now
çiftçinin,1436,898,0.004972,6,14,False,content_or_borderline,keep_for_now
imf,1436,694,0.003842,6,10,False,content_or_borderline,keep_for_now
alanlari,1436,1110,0.006145,7,14,False,content_or_borderline,keep_for_now
sözleşmeli,1434,711,0.003936,6,16,False,content_or_borderline,keep_for_now
sigorta,1433,841,0.004656,6,15,False,content_or_borderline,keep_for_now
bravo,1433,1250,0.00692,7,12,False,content_or_borderline,keep_for_now
yillar,1430,1256,0.006953,7,15,False,content_or_borderline,keep_for_now
nitekim,1428,1152,0.006378,7,12,False,content_or_borderline,keep_for_now
getirilmesi,1428,1253,0.006937,7,15,False,content_or_borderline,keep_for_now
gümrük,1423,621,0.003438,6,12,False,content_or_borderline,keep_for_now
yapmasi,1422,1300,0.007197,7,14,False,content_or_borderline,keep_for_now
keşke,1421,1113,0.006162,7,14,False,content_or_borderline,keep_for_now
uyum,1419,1038,0.005747,7,11,False,content_or_borderline,keep_for_now
görüşülmekte,1419,1318,0.007297,6,11,True,existing_stopword,already_present
ini,1419,1096,0.006068,7,14,False,content_or_borderline,keep_for_now
gündem,1418,1134,0.006278,6,15,False,content_or_borderline,keep_for_now
karşiyayiz,1417,1182,0.006544,7,14,False,content_or_borderline,keep_for_now
geç,1417,1161,0.006428,7,15,False,content_or_borderline,keep_for_now
temenni,1413,1284,0.007108,7,13,False,content_or_borderline,keep_for_now
ediyorlar,1413,1228,0.006798,7,13,False,content_or_borderline,keep_for_now
pay,1413,938,0.005193,6,14,False,content_or_borderline,keep_for_now
sürecinde,1411,1214,0.006721,7,13,False,content_or_borderline,keep_for_now
yetersiz,1410,1171,0.006483,6,13,False,content_or_borderline,keep_for_now
dediği,1409,1274,0.007053,7,13,False,content_or_borderline,keep_for_now
özgürlük,1409,1064,0.005891,7,15,False,content_or_borderline,keep_for_now
kürsüde,1407,1283,0.007103,7,15,False,content_or_borderline,keep_for_now
tercih,1406,1154,0.006389,7,14,False,content_or_borderline,keep_for_now
rant,1406,1028,0.005691,6,14,False,content_or_borderline,keep_for_now
giren,1404,1231,0.006815,7,14,False,content_or_borderline,keep_for_now
yetkili,1404,1018,0.005636,7,13,False,content_or_borderline,keep_for_now
bölgesinde,1403,1132,0.006267,7,12,False,content_or_borderline,keep_for_now
bazen,1402,1013,0.005608,7,11,False,content_or_borderline,keep_for_now
düzeyde,1402,1185,0.00656,7,15,False,content_or_borderline,keep_for_now
yap,1402,633,0.003504,6,12,False,content_or_borderline,keep_for_now
sektörü,1400,922,0.005104,7,12,False,content_or_borderline,keep_for_now
almaktadir,1400,1198,0.006632,6,15,False,content_or_borderline,keep_for_now
başkaninin,1400,1166,0.006455,7,14,False,content_or_borderline,keep_for_now
kaynaği,1399,1201,0.006649,7,12,False,content_or_borderline,keep_for_now
yilinin,1399,1128,0.006245,7,16,False,content_or_borderline,keep_for_now
ilaç,1397,775,0.004291,6,12,False,content_or_borderline,keep_for_now
dolarlik,1396,984,0.005448,6,12,False,content_or_borderline,keep_for_now
elinde,1394,1158,0.006411,7,15,False,content_or_borderline,keep_for_now
birleşik,1393,876,0.00485,7,14,False,content_or_borderline,keep_for_now
hadi,1393,1101,0.006095,7,12,False,content_or_borderline,keep_for_now
engel,1392,1192,0.006599,7,14,False,content_or_borderline,keep_for_now
aydin,1392,966,0.005348,7,12,False,content_or_borderline,keep_for_now
konuşuyoruz,1391,1145,0.006339,6,16,False,content_or_borderline,keep_for_now
kişiler,1391,1157,0.006405,7,13,False,content_or_borderline,keep_for_now
çoğu,1389,1241,0.00687,7,13,False,content_or_borderline,keep_for_now
buçuk,1388,1089,0.006029,7,14,False,content_or_borderline,keep_for_now
kurulun,1387,1103,0.006106,7,13,False,content_or_borderline,keep_for_now
girdi,1386,1115,0.006173,7,12,False,content_or_borderline,keep_for_now
hatip,1384,1221,0.00676,7,12,False,content_or_borderline,keep_for_now
bildiğiniz,1382,1133,0.006273,7,13,False,content_or_borderline,keep_for_now
verme,1381,1171,0.006483,7,15,False,content_or_borderline,keep_for_now
söylediği,1381,1294,0.007164,7,12,False,content_or_borderline,keep_for_now
yargiya,1381,1012,0.005603,7,12,False,content_or_borderline,keep_for_now
süresi,1381,1093,0.006051,7,13,False,content_or_borderline,keep_for_now
kalmiş,1379,1206,0.006677,7,15,False,content_or_borderline,keep_for_now
edelim,1377,1233,0.006826,7,15,False,content_or_borderline,keep_for_now
alim,1377,985,0.005453,6,13,False,content_or_borderline,keep_for_now
getirdik,1376,1152,0.006378,7,12,False,content_or_borderline,keep_for_now
din,1375,849,0.0047,7,14,False,content_or_borderline,keep_for_now
sözleşme,1374,860,0.004761,6,12,False,content_or_borderline,keep_for_now
yaşamini,1374,1018,0.005636,7,11,False,content_or_borderline,keep_for_now
gösteriyor,1373,1198,0.006632,7,16,False,content_or_borderline,keep_for_now
varken,1373,1153,0.006383,7,12,False,content_or_borderline,keep_for_now
verdiniz,1373,1145,0.006339,7,13,False,content_or_borderline,keep_for_now
anlamina,1372,1198,0.006632,7,14,False,content_or_borderline,keep_for_now
birer,1371,999,0.005531,7,16,False,content_or_borderline,keep_for_now
ziraat,1370,875,0.004844,6,13,False,content_or_borderline,keep_for_now
rica,1370,1212,0.00671,7,13,False,content_or_borderline,keep_for_now
istediği,1366,1117,0.006184,7,14,False,content_or_borderline,keep_for_now
görüş,1365,1084,0.006001,7,14,True,existing_stopword,already_present
birliğine,1364,990,0.005481,7,13,False,content_or_borderline,keep_for_now
arkasinda,1360,1153,0.006383,7,13,False,content_or_borderline,keep_for_now
karadeniz,1359,828,0.004584,6,13,False,content_or_borderline,keep_for_now
osmanli,1357,831,0.004601,6,13,False,content_or_borderline,keep_for_now
bizleri,1357,1265,0.007003,7,16,False,content_or_borderline,keep_for_now
kararlari,1357,1112,0.006156,6,14,False,content_or_borderline,keep_for_now
başsağliği,1355,1225,0.006782,7,13,False,content_or_borderline,keep_for_now
normal,1354,1137,0.006295,6,12,False,content_or_borderline,keep_for_now
anlami,1352,1152,0.006378,7,13,False,content_or_borderline,keep_for_now
yerlerde,1351,1146,0.006344,6,14,False,content_or_borderline,keep_for_now
kuzey,1350,746,0.00413,7,14,False,content_or_borderline,keep_for_now
uyuşturucu,1350,604,0.003344,6,13,False,content_or_borderline,keep_for_now
alanlarda,1349,1096,0.006068,7,13,False,content_or_borderline,keep_for_now
bakaninin,1349,1101,0.006095,7,13,False,content_or_borderline,keep_for_now
kurulda,1349,1152,0.006378,7,16,False,content_or_borderline,keep_for_now
olmaktadir,1348,1173,0.006494,7,14,False,content_or_borderline,keep_for_now
planlama,1347,806,0.004462,6,10,False,content_or_borderline,keep_for_now
birliğinin,1347,998,0.005525,7,13,False,content_or_borderline,keep_for_now
araya,1346,1149,0.006361,7,13,False,content_or_borderline,keep_for_now
neticesinde,1346,1090,0.006034,7,13,False,content_or_borderline,keep_for_now
erzurum,1346,717,0.003969,7,11,False,content_or_borderline,keep_for_now
mü,1345,1149,0.006361,7,14,False,content_or_borderline,keep_for_now
düzenlemeyle,1344,1067,0.005907,7,12,False,content_or_borderline,keep_for_now
kendine,1342,1182,0.006544,7,14,False,content_or_borderline,keep_for_now
bekliyoruz,1341,1178,0.006522,7,16,False,content_or_borderline,keep_for_now
yoktu,1340,1070,0.005924,7,13,False,content_or_borderline,keep_for_now
emek,1340,1028,0.005691,7,15,False,content_or_borderline,keep_for_now
dönemin,1337,1089,0.006029,7,14,False,content_or_borderline,keep_for_now
kişilik,1336,986,0.005459,7,14,False,content_or_borderline,keep_for_now
konuşan,1336,1202,0.006655,7,14,False,content_or_borderline,keep_for_now
dünyaya,1334,1146,0.006344,7,16,False,content_or_borderline,keep_for_now
milletinin,1334,999,0.005531,7,12,False,content_or_borderline,keep_for_now
olacaği,1332,1177,0.006516,7,12,False,content_or_borderline,keep_for_now
dönemi,1332,1130,0.006256,7,11,False,content_or_borderline,keep_for_now
edecektir,1332,1205,0.006671,7,14,False,content_or_borderline,keep_for_now
göreve,1332,1123,0.006217,7,13,False,content_or_borderline,keep_for_now
olayi,1332,1116,0.006178,7,14,False,content_or_borderline,keep_for_now
artirilmasi,1331,1043,0.005774,7,12,False,content_or_borderline,keep_for_now
sorumluluğu,1331,1093,0.006051,7,15,False,content_or_borderline,keep_for_now
kişisel,1330,870,0.004817,7,13,False,content_or_borderline,keep_for_now
fayda,1330,1129,0.00625,7,14,False,content_or_borderline,keep_for_now
olmamasi,1330,1203,0.00666,7,15,False,content_or_borderline,keep_for_now
diyanet,1330,522,0.00289,6,11,False,content_or_borderline,keep_for_now
inşaat,1329,882,0.004883,6,10,False,content_or_borderline,keep_for_now
bölümü,1329,1153,0.006383,7,14,False,content_or_borderline,keep_for_now
derin,1328,1103,0.006106,7,15,False,content_or_borderline,keep_for_now
başlayan,1328,1210,0.006699,7,14,False,content_or_borderline,keep_for_now
teklifleri,1328,838,0.004639,6,12,False,content_or_borderline,keep_for_now
olduk,1327,1104,0.006112,7,13,False,content_or_borderline,keep_for_now
değişiklikler,1327,1023,0.005664,6,13,False,content_or_borderline,keep_for_now
kaybeden,1326,1153,0.006383,7,15,False,content_or_borderline,keep_for_now
dediler,1326,1044,0.00578,7,13,False,content_or_borderline,keep_for_now
edip,1326,1222,0.006765,7,13,False,content_or_borderline,keep_for_now
gereğini,1325,1156,0.0064,7,15,False,content_or_borderline,keep_for_now
belediyesi,1325,896,0.00496,6,13,False,content_or_borderline,keep_for_now
hastane,1320,849,0.0047,6,12,False,content_or_borderline,keep_for_now
iade,1319,950,0.005259,7,12,False,content_or_borderline,keep_for_now
içerisine,1319,1135,0.006284,7,14,False,content_or_borderline,keep_for_now
öncesi,1318,1079,0.005974,7,13,False,content_or_borderline,keep_for_now
bekleyen,1318,1071,0.005929,6,13,False,content_or_borderline,keep_for_now
ha,1317,1095,0.006062,7,12,False,content_or_borderline,keep_for_now
kdv,1314,711,0.003936,6,12,False,content_or_borderline,keep_for_now
bağ,1313,728,0.00403,7,12,False,content_or_borderline,keep_for_now
rakamlari,1312,1035,0.00573,7,13,False,content_or_borderline,keep_for_now
savcilar,1312,766,0.004241,6,12,False,content_or_borderline,keep_for_now
özlük,1311,895,0.004955,6,12,False,content_or_borderline,keep_for_now
işid,1309,659,0.003648,5,11,False,content_or_borderline,keep_for_now
demokrasinin,1307,1037,0.005741,7,15,False,content_or_borderline,keep_for_now
hayvancilik,1306,847,0.004689,6,12,False,content_or_borderline,keep_for_now
internet,1306,814,0.004506,7,11,False,content_or_borderline,keep_for_now
yakindan,1305,1159,0.006416,7,10,False,content_or_borderline,keep_for_now
işletme,1305,878,0.004861,6,11,False,content_or_borderline,keep_for_now
edilemez,1305,1168,0.006466,7,15,False,content_or_borderline,keep_for_now
amaç,1304,1058,0.005857,7,10,False,content_or_borderline,keep_for_now
görevleri,1304,1000,0.005536,7,12,False,content_or_borderline,keep_for_now
çin,1303,685,0.003792,7,15,False,content_or_borderline,keep_for_now
bakanina,1303,1107,0.006129,7,14,False,content_or_borderline,keep_for_now
sistemin,1303,987,0.005464,6,15,False,content_or_borderline,keep_for_now
parayi,1302,1017,0.00563,6,12,False,content_or_borderline,keep_for_now
önünü,1301,1115,0.006173,7,12,False,content_or_borderline,keep_for_now
kurulmuş,1301,1080,0.005979,7,16,False,content_or_borderline,keep_for_now
eğitimi,1300,950,0.005259,6,12,False,content_or_borderline,keep_for_now
geldik,1300,1116,0.006178,7,14,False,content_or_borderline,keep_for_now
nitelikli,1299,959,0.005309,6,13,False,content_or_borderline,keep_for_now
bakanliğin,1299,1014,0.005614,7,11,False,content_or_borderline,keep_for_now
partili,1299,1017,0.00563,7,14,False,content_or_borderline,keep_for_now
yardimci,1298,1008,0.00558,7,12,False,content_or_borderline,keep_for_now
uygulamasi,1297,1075,0.005951,6,13,False,content_or_borderline,keep_for_now
getiriyor,1296,1108,0.006134,7,13,False,content_or_borderline,keep_for_now
alindi,1296,1076,0.005957,7,15,False,content_or_borderline,keep_for_now
kime,1294,1115,0.006173,7,16,False,content_or_borderline,keep_for_now
firsat,1293,1122,0.006212,7,13,False,content_or_borderline,keep_for_now
geldiğinde,1292,1144,0.006333,6,16,False,content_or_borderline,keep_for_now
cümle,1291,1135,0.006284,7,14,False,content_or_borderline,keep_for_now
mizin,1290,1032,0.005713,7,13,False,content_or_borderline,keep_for_now
yaklaşim,1289,1088,0.006023,7,13,False,content_or_borderline,keep_for_now
belediyeler,1289,828,0.004584,6,11,False,content_or_borderline,keep_for_now
sürede,1289,1138,0.0063,7,13,False,content_or_borderline,keep_for_now
ülkeleri,1288,1000,0.005536,7,15,False,content_or_borderline,keep_for_now
meclisinde,1288,1131,0.006261,7,12,False,content_or_borderline,keep_for_now
etkili,1285,1045,0.005785,7,12,False,content_or_borderline,keep_for_now
gayet,1284,1126,0.006234,7,12,False,content_or_borderline,keep_for_now
vermeye,1284,1184,0.006555,6,15,False,content_or_borderline,keep_for_now
tedbirler,1284,1025,0.005675,7,11,False,content_or_borderline,keep_for_now
alakasi,1284,1137,0.006295,7,13,False,content_or_borderline,keep_for_now
çalişmasi,1283,1115,0.006173,7,11,False,content_or_borderline,keep_for_now
üstüne,1283,1138,0.0063,7,16,False,content_or_borderline,keep_for_now
hizmetler,1281,994,0.005503,7,13,False,content_or_borderline,keep_for_now
katilamiyoruz,1281,1275,0.007059,6,7,False,content_or_borderline,keep_for_now
satin,1280,909,0.005032,6,14,False,content_or_borderline,keep_for_now
almasi,1279,1191,0.006594,7,14,False,content_or_borderline,keep_for_now
tahsis,1278,861,0.004767,6,12,False,content_or_borderline,keep_for_now
dönemlerde,1277,1122,0.006212,7,15,False,content_or_borderline,keep_for_now
ederseniz,1277,1172,0.006488,7,13,False,content_or_borderline,keep_for_now
gelmektedir,1275,1111,0.006151,7,11,False,content_or_borderline,keep_for_now
cezasi,1274,804,0.004451,6,13,False,content_or_borderline,keep_for_now
ihraç,1274,844,0.004673,7,13,False,content_or_borderline,keep_for_now
saygilarimi,1273,1245,0.006893,7,10,False,content_or_borderline,keep_for_now
edilecek,1272,1144,0.006333,7,14,False,content_or_borderline,keep_for_now
edeyim,1270,1146,0.006344,7,12,False,content_or_borderline,keep_for_now
tamami,1269,1128,0.006245,7,14,False,content_or_borderline,keep_for_now
ayi,1268,999,0.005531,7,12,False,content_or_borderline,keep_for_now
aşaği,1266,1028,0.005691,6,13,False,content_or_borderline,keep_for_now
yüzlerce,1264,1117,0.006184,7,14,False,content_or_borderline,keep_for_now
kentsel,1264,570,0.003156,6,12,False,content_or_borderline,keep_for_now
diliyor,1263,1225,0.006782,7,12,False,content_or_borderline,keep_for_now
arama,1262,841,0.004656,7,12,False,content_or_borderline,keep_for_now
sizlerin,1260,1107,0.006129,7,16,False,content_or_borderline,keep_for_now
doğrudur,1259,1124,0.006223,7,14,False,content_or_borderline,keep_for_now
olacağini,1258,1124,0.006223,7,15,False,content_or_borderline,keep_for_now
eşitlik,1258,898,0.004972,7,13,False,content_or_borderline,keep_for_now
kurumunun,1257,957,0.005298,6,12,False,content_or_borderline,keep_for_now
bakanliğimiz,1257,850,0.004706,7,11,False,content_or_borderline,keep_for_now
kurula,1257,1112,0.006156,7,14,False,content_or_borderline,keep_for_now
vereceğim,1255,1105,0.006118,7,13,False,content_or_borderline,keep_for_now
zengin,1254,1009,0.005586,7,15,False,content_or_borderline,keep_for_now
atama,1254,812,0.004495,6,12,False,content_or_borderline,keep_for_now
erkek,1254,797,0.004412,7,13,False,content_or_borderline,keep_for_now
durumdadir,1253,1050,0.005813,6,13,False,content_or_borderline,keep_for_now
yeşil,1250,770,0.004263,6,14,False,content_or_borderline,keep_for_now
yürütme,1248,873,0.004833,7,12,False,content_or_borderline,keep_for_now
geldiğimiz,1248,1098,0.006079,7,14,False,content_or_borderline,keep_for_now
sevgiyle,1248,1165,0.00645,7,16,False,content_or_borderline,keep_for_now
toplumu,1246,990,0.005481,7,14,False,content_or_borderline,keep_for_now
sona,1245,1072,0.005935,7,16,False,content_or_borderline,keep_for_now
televizyon,1245,770,0.004263,7,13,False,content_or_borderline,keep_for_now
demiş,1245,890,0.004927,7,14,False,content_or_borderline,keep_for_now
baraji,1243,616,0.00341,7,13,False,content_or_borderline,keep_for_now
lirasi,1243,721,0.003992,6,14,False,content_or_borderline,keep_for_now
geleceği,1243,1086,0.006012,7,12,False,content_or_borderline,keep_for_now
yahu,1242,1002,0.005547,7,12,False,content_or_borderline,keep_for_now
cumhuriyetin,1240,939,0.005199,7,10,False,content_or_borderline,keep_for_now
baş,1239,1062,0.005879,7,13,False,content_or_borderline,keep_for_now
ucuz,1239,951,0.005265,6,14,False,content_or_borderline,keep_for_now
partiler,1238,926,0.005127,7,17,False,content_or_borderline,keep_for_now
görmek,1237,1102,0.006101,7,16,False,content_or_borderline,keep_for_now
fiyatlari,1237,847,0.004689,6,12,False,content_or_borderline,keep_for_now
kaynaklari,1237,984,0.005448,6,13,False,content_or_borderline,keep_for_now
kocaeli,1236,688,0.003809,7,12,False,content_or_borderline,keep_for_now
kalici,1235,981,0.005431,7,13,False,content_or_borderline,keep_for_now
tedbir,1235,973,0.005387,7,14,False,content_or_borderline,keep_for_now
istemiyorum,1234,1125,0.006228,7,14,False,content_or_borderline,keep_for_now
yapmayin,1234,1044,0.00578,7,14,False,content_or_borderline,keep_for_now
olacağiz,1234,1048,0.005802,7,13,False,content_or_borderline,keep_for_now
çikacak,1234,1086,0.006012,7,14,False,content_or_borderline,keep_for_now
yargitay,1234,670,0.003709,6,11,False,content_or_borderline,keep_for_now
mesleki,1234,680,0.003765,6,12,False,content_or_borderline,keep_for_now
nedeni,1233,1054,0.005835,7,11,False,content_or_borderline,keep_for_now
yeterince,1232,1019,0.005641,7,13,False,content_or_borderline,keep_for_now
getirdi,1232,1073,0.00594,7,16,False,content_or_borderline,keep_for_now
çözümü,1232,1037,0.005741,7,12,False,content_or_borderline,keep_for_now
kayseri,1232,735,0.004069,6,11,False,content_or_borderline,keep_for_now
yaşiyoruz,1231,1076,0.005957,7,14,False,content_or_borderline,keep_for_now
sinirli,1231,1046,0.005791,7,12,False,content_or_borderline,keep_for_now
iletişim,1230,777,0.004302,7,13,False,content_or_borderline,keep_for_now
terörist,1229,890,0.004927,7,13,False,content_or_borderline,keep_for_now
konuşmak,1228,1142,0.006322,7,15,False,content_or_borderline,keep_for_now
düşünüyor,1227,1044,0.00578,7,13,False,content_or_borderline,keep_for_now
muhalefetin,1227,1005,0.005564,7,13,False,content_or_borderline,keep_for_now
müzakere,1226,893,0.004944,7,12,False,content_or_borderline,keep_for_now
devletleri,1226,818,0.004529,7,13,False,content_or_borderline,keep_for_now
haklarinin,1226,1004,0.005558,7,12,False,content_or_borderline,keep_for_now
maddeler,1226,958,0.005304,7,14,False,content_or_borderline,keep_for_now
maddeyi,1224,981,0.005431,6,13,False,content_or_borderline,keep_for_now
işgal,1223,914,0.00506,6,14,False,content_or_borderline,keep_for_now
kayyum,1223,668,0.003698,6,12,False,content_or_borderline,keep_for_now
bilindiği,1222,1029,0.005697,7,13,False,content_or_borderline,keep_for_now
sataşma,1222,1113,0.006162,7,14,False,content_or_borderline,keep_for_now
talebi,1222,1049,0.005807,7,14,False,content_or_borderline,keep_for_now
kaynaklar,1221,993,0.005497,6,15,False,content_or_borderline,keep_for_now
yaşadiğimiz,1219,1076,0.005957,7,16,False,content_or_borderline,keep_for_now
taraf,1218,775,0.004291,7,13,False,content_or_borderline,keep_for_now
paralel,1218,909,0.005032,7,11,False,content_or_borderline,keep_for_now
aldik,1218,1030,0.005702,7,12,False,content_or_borderline,keep_for_now
gelişme,1217,989,0.005475,7,14,False,content_or_borderline,keep_for_now
kapsamda,1217,936,0.005182,7,12,False,content_or_borderline,keep_for_now
kanunlarda,1216,1078,0.005968,6,11,False,content_or_borderline,keep_for_now
birincisi,1216,1110,0.006145,7,15,False,content_or_borderline,keep_for_now
milletimizi,1214,1129,0.00625,7,11,False,content_or_borderline,keep_for_now
maliyeti,1214,901,0.004988,6,12,False,content_or_borderline,keep_for_now
üstelik,1213,1059,0.005863,7,15,False,content_or_borderline,keep_for_now
veriliyor,1213,1002,0.005547,6,14,False,content_or_borderline,keep_for_now
ab,1212,619,0.003427,7,11,False,content_or_borderline,keep_for_now
verilmiştir,1212,1015,0.005619,7,13,False,content_or_borderline,keep_for_now
gerçeği,1211,1053,0.00583,7,14,False,content_or_borderline,keep_for_now
kararlar,1211,957,0.005298,7,16,False,content_or_borderline,keep_for_now
vadeli,1210,775,0.004291,6,15,False,content_or_borderline,keep_for_now
çanakkale,1208,626,0.003466,7,10,False,content_or_borderline,keep_for_now
kullanilan,1206,1034,0.005724,7,12,False,content_or_borderline,keep_for_now
anlaşma,1205,761,0.004213,6,14,False,content_or_borderline,keep_for_now
özgürlüğü,1204,819,0.004534,7,11,False,content_or_borderline,keep_for_now
gayret,1203,1053,0.00583,7,14,False,content_or_borderline,keep_for_now
maddi,1202,985,0.005453,6,14,False,content_or_borderline,keep_for_now
kamuoyuna,1202,1057,0.005852,7,15,False,content_or_borderline,keep_for_now
istiyorsunuz,1201,908,0.005027,7,12,False,content_or_borderline,keep_for_now
görülmektedir,1200,960,0.005315,7,11,False,content_or_borderline,keep_for_now
gene,1200,871,0.004822,7,11,False,content_or_borderline,keep_for_now
sorum,1199,873,0.004833,7,11,False,content_or_borderline,keep_for_now
şeye,1199,1119,0.006195,7,12,False,content_or_borderline,keep_for_now
hazir,1199,981,0.005431,7,12,False,content_or_borderline,keep_for_now
selamlarim,1198,1154,0.006389,7,10,False,content_or_borderline,keep_for_now
yaptim,1197,1030,0.005702,7,15,False,content_or_borderline,keep_for_now
söyle,1197,1017,0.00563,7,10,False,content_or_borderline,keep_for_now
halkimizin,1196,1020,0.005647,7,12,False,content_or_borderline,keep_for_now
söyledik,1196,1005,0.005564,7,15,False,content_or_borderline,keep_for_now
kaliyor,1195,1042,0.005769,7,15,False,content_or_borderline,keep_for_now
inceleme,1195,839,0.004645,7,11,False,content_or_borderline,keep_for_now
olmasin,1194,1074,0.005946,7,12,False,content_or_borderline,keep_for_now
görevden,1194,858,0.00475,7,11,False,content_or_borderline,keep_for_now
sesleniyorum,1193,1033,0.005719,7,15,False,content_or_borderline,keep_for_now
çekmek,1193,1050,0.005813,7,13,False,content_or_borderline,keep_for_now
kati,1190,886,0.004905,7,13,False,content_or_borderline,keep_for_now
verir,1190,1062,0.005879,7,15,False,content_or_borderline,keep_for_now
veriyorsunuz,1189,1000,0.005536,6,15,False,content_or_borderline,keep_for_now
vererek,1189,1104,0.006112,7,12,False,content_or_borderline,keep_for_now
açiği,1188,757,0.004191,6,13,False,content_or_borderline,keep_for_now
üretici,1188,772,0.004274,6,14,False,content_or_borderline,keep_for_now
kadina,1188,611,0.003383,6,12,False,content_or_borderline,keep_for_now
almaya,1187,1110,0.006145,7,15,False,content_or_borderline,keep_for_now
arkasindan,1187,990,0.005481,7,13,False,content_or_borderline,keep_for_now
eliyle,1186,968,0.005359,7,15,False,content_or_borderline,keep_for_now
oran,1184,841,0.004656,7,13,False,content_or_borderline,keep_for_now
araştirmasi,1184,952,0.00527,7,11,False,content_or_borderline,keep_for_now
yandaş,1184,907,0.005021,6,12,False,content_or_borderline,keep_for_now
ohal,1183,501,0.002774,6,10,False,content_or_borderline,keep_for_now
deniliyor,1182,973,0.005387,7,13,False,content_or_borderline,keep_for_now
kanuna,1182,961,0.00532,7,13,False,content_or_borderline,keep_for_now
sektörün,1182,823,0.004556,6,11,False,content_or_borderline,keep_for_now
çalişanlarin,1182,894,0.004949,6,14,False,content_or_borderline,keep_for_now
ayrilan,1181,857,0.004745,6,16,False,content_or_borderline,keep_for_now
elli,1181,932,0.00516,6,14,False,content_or_borderline,keep_for_now
azerbaycan,1179,437,0.002419,6,13,False,content_or_borderline,keep_for_now
denetimi,1178,824,0.004562,7,9,False,content_or_borderline,keep_for_now
toplanti,1178,898,0.004972,7,12,False,content_or_borderline,keep_for_now
göstermektedir,1176,1004,0.005558,7,10,False,content_or_borderline,keep_for_now
karariyla,1176,1017,0.00563,7,11,False,content_or_borderline,keep_for_now
konular,1175,992,0.005492,7,15,False,content_or_borderline,keep_for_now
sayesinde,1175,995,0.005509,7,14,False,content_or_borderline,keep_for_now
almiştir,1174,1051,0.005819,7,15,False,content_or_borderline,keep_for_now
ziyaret,1174,927,0.005132,7,14,False,content_or_borderline,keep_for_now
gel,1173,908,0.005027,7,12,False,content_or_borderline,keep_for_now
yaptiklari,1173,1072,0.005935,7,14,False,content_or_borderline,keep_for_now
hatirlatmak,1172,1044,0.00578,7,16,False,content_or_borderline,keep_for_now
kaldirilmasi,1172,991,0.005486,7,12,False,content_or_borderline,keep_for_now
yola,1171,1029,0.005697,7,13,False,content_or_borderline,keep_for_now
şikayet,1169,902,0.004994,7,14,False,content_or_borderline,keep_for_now
sunmak,1169,1064,0.005891,7,10,False,content_or_borderline,keep_for_now
müdürü,1168,830,0.004595,6,14,False,content_or_borderline,keep_for_now
adiyaman,1168,597,0.003305,7,11,False,content_or_borderline,keep_for_now
bilmiyorum,1167,1035,0.00573,7,14,False,content_or_borderline,keep_for_now
bitiriyorum,1167,1129,0.00625,6,13,False,content_or_borderline,keep_for_now
işçilerin,1167,767,0.004246,6,15,False,content_or_borderline,keep_for_now
fransa,1165,817,0.004523,6,13,False,content_or_borderline,keep_for_now
söyleyeceğim,1164,1078,0.005968,7,13,False,content_or_borderline,keep_for_now
tedavi,1164,792,0.004385,6,12,False,content_or_borderline,keep_for_now
abd,1164,722,0.003997,7,14,False,content_or_borderline,keep_for_now
işçiler,1164,799,0.004423,6,13,False,content_or_borderline,keep_for_now
getirilmiştir,1162,932,0.00516,7,11,False,content_or_borderline,keep_for_now
ürünleri,1161,716,0.003964,6,13,False,content_or_borderline,keep_for_now
arasi,1159,931,0.005154,7,11,False,content_or_borderline,keep_for_now
düşünün,1159,908,0.005027,7,14,False,content_or_borderline,keep_for_now
tartişma,1156,1029,0.005697,7,15,False,content_or_borderline,keep_for_now
şirnak,1156,753,0.004169,7,12,False,content_or_borderline,keep_for_now
bakiyoruz,1156,890,0.004927,7,15,False,content_or_borderline,keep_for_now
görüşmekte,1155,988,0.00547,6,12,False,content_or_borderline,keep_for_now
ülkemizi,1155,1028,0.005691,6,12,False,content_or_borderline,keep_for_now
belirli,1155,902,0.004994,6,15,False,content_or_borderline,keep_for_now
parasi,1155,901,0.004988,6,13,False,content_or_borderline,keep_for_now
gazze,1155,544,0.003012,6,12,False,content_or_borderline,keep_for_now
rahmetle,1153,1032,0.005713,7,14,False,content_or_borderline,keep_for_now
maddesiyle,1152,943,0.005221,6,12,False,content_or_borderline,keep_for_now
vatandaşi,1152,940,0.005204,7,16,False,content_or_borderline,keep_for_now
verdiğiniz,1152,1006,0.005569,7,12,False,content_or_borderline,keep_for_now
devletinin,1151,975,0.005398,7,13,False,content_or_borderline,keep_for_now
katrilyon,1150,554,0.003067,6,10,False,content_or_borderline,keep_for_now
hakimler,1149,681,0.00377,6,11,False,content_or_borderline,keep_for_now
düzenlemeleri,1149,961,0.00532,7,14,False,content_or_borderline,keep_for_now
bütçede,1148,764,0.00423,6,17,False,content_or_borderline,keep_for_now
arzu,1147,974,0.005392,7,12,False,content_or_borderline,keep_for_now
bedeli,1147,804,0.004451,7,14,False,content_or_borderline,keep_for_now
al,1147,578,0.0032,6,13,False,content_or_borderline,keep_for_now
yillarca,1146,1019,0.005641,7,15,False,content_or_borderline,keep_for_now
aşkina,1146,969,0.005365,7,15,False,content_or_borderline,keep_for_now
mutlu,1145,941,0.00521,7,15,False,content_or_borderline,keep_for_now
yollari,1145,857,0.004745,7,12,False,content_or_borderline,keep_for_now
dünyadaki,1143,959,0.005309,7,13,False,content_or_borderline,keep_for_now
siniri,1143,786,0.004351,7,12,False,content_or_borderline,keep_for_now
kurumlarin,1142,958,0.005304,6,13,False,content_or_borderline,keep_for_now
yük,1141,888,0.004916,7,12,False,content_or_borderline,keep_for_now
oranda,1141,984,0.005448,7,15,False,content_or_borderline,keep_for_now
belediyelerin,1141,740,0.004097,6,12,False,content_or_borderline,keep_for_now
tasarida,1140,741,0.004102,6,8,False,content_or_borderline,keep_for_now
ödenek,1138,722,0.003997,6,11,False,content_or_borderline,keep_for_now
parlamentonun,1137,899,0.004977,7,11,False,content_or_borderline,keep_for_now
gelişmeler,1137,925,0.005121,7,11,False,content_or_borderline,keep_for_now
istifa,1137,812,0.004495,7,12,False,content_or_borderline,keep_for_now
önceden,1136,1029,0.005697,7,13,False,content_or_borderline,keep_for_now
birileri,1136,918,0.005082,7,16,False,content_or_borderline,keep_for_now
görüyorum,1136,1003,0.005553,7,14,False,content_or_borderline,keep_for_now
basit,1135,988,0.00547,7,13,False,content_or_borderline,keep_for_now
kuruş,1135,752,0.004163,6,15,False,content_or_borderline,keep_for_now
değeri,1134,937,0.005187,6,14,False,content_or_borderline,keep_for_now
mücadelede,1134,869,0.004811,7,12,False,content_or_borderline,keep_for_now
maddeleri,1134,938,0.005193,7,14,False,content_or_borderline,keep_for_now
bakanliğimizin,1134,876,0.00485,6,12,False,content_or_borderline,keep_for_now
müdür,1133,798,0.004418,7,13,False,content_or_borderline,keep_for_now
milletvekillerine,1133,992,0.005492,7,14,False,content_or_borderline,keep_for_now
derken,1131,1015,0.005619,7,13,False,content_or_borderline,keep_for_now
karşilik,1130,1017,0.00563,7,14,False,content_or_borderline,keep_for_now
anlayişla,1130,987,0.005464,7,14,False,content_or_borderline,keep_for_now
bulundu,1130,1028,0.005691,7,13,False,content_or_borderline,keep_for_now
edilerek,1129,1027,0.005686,6,14,False,content_or_borderline,keep_for_now
örgütünün,1129,884,0.004894,7,14,False,content_or_borderline,keep_for_now
nato,1129,352,0.001949,6,14,False,content_or_borderline,keep_for_now
verirken,1128,1080,0.005979,7,14,False,content_or_borderline,keep_for_now
teşkilati,1128,784,0.00434,7,13,False,content_or_borderline,keep_for_now
topluma,1127,917,0.005077,7,13,False,content_or_borderline,keep_for_now
istismar,1127,832,0.004606,7,12,False,content_or_borderline,keep_for_now
ler,1127,799,0.004423,7,13,False,content_or_borderline,keep_for_now
huzur,1127,942,0.005215,7,15,False,content_or_borderline,keep_for_now
kahramanmaraş,1127,646,0.003576,7,12,False,content_or_borderline,keep_for_now
sikintilar,1126,962,0.005326,7,14,False,content_or_borderline,keep_for_now
tasariyla,1123,814,0.004506,6,9,False,content_or_borderline,keep_for_now
söyleyin,1120,1000,0.005536,7,13,False,content_or_borderline,keep_for_now
izleyen,1119,1061,0.005874,7,15,False,content_or_borderline,keep_for_now
ulaşim,1118,768,0.004252,6,12,False,content_or_borderline,keep_for_now
verelim,1118,945,0.005232,7,13,False,content_or_borderline,keep_for_now
bünyesinde,1116,898,0.004972,6,12,False,content_or_borderline,keep_for_now
yasalar,1115,905,0.00501,7,11,False,content_or_borderline,keep_for_now
anlaminda,1114,889,0.004922,6,10,False,content_or_borderline,keep_for_now
vakiflar,1114,480,0.002657,6,11,False,content_or_borderline,keep_for_now
hekim,1113,573,0.003172,6,11,False,content_or_borderline,keep_for_now
düşünce,1113,904,0.005005,7,13,False,content_or_borderline,keep_for_now
aksi,1112,1028,0.005691,7,14,False,content_or_borderline,keep_for_now
tarafi,1112,917,0.005077,7,14,False,content_or_borderline,keep_for_now
ekonominin,1112,839,0.004645,7,12,False,content_or_borderline,keep_for_now
çikarilan,1112,948,0.005248,7,14,False,content_or_borderline,keep_for_now
sifir,1111,775,0.004291,7,13,False,content_or_borderline,keep_for_now
adaleti,1111,873,0.004833,7,14,False,content_or_borderline,keep_for_now
açilan,1110,933,0.005165,7,12,False,content_or_borderline,keep_for_now
sefer,1110,927,0.005132,7,17,False,content_or_borderline,keep_for_now
ekonomisi,1109,823,0.004556,7,12,False,content_or_borderline,keep_for_now
fonu,1109,655,0.003626,6,14,False,content_or_borderline,keep_for_now
adimlar,1108,940,0.005204,7,13,False,content_or_borderline,keep_for_now
geçiyor,1107,946,0.005237,6,13,False,content_or_borderline,keep_for_now
hesabi,1107,782,0.004329,7,14,False,content_or_borderline,keep_for_now
yükü,1107,823,0.004556,7,14,False,content_or_borderline,keep_for_now
savci,1107,710,0.003931,6,11,False,content_or_borderline,keep_for_now
ekmek,1107,878,0.004861,7,14,False,content_or_borderline,keep_for_now
şeyin,1106,1018,0.005636,7,14,False,content_or_borderline,keep_for_now
düzenlemeyi,1106,917,0.005077,6,13,False,content_or_borderline,keep_for_now
denetleme,1106,746,0.00413,6,11,False,content_or_borderline,keep_for_now
problem,1106,879,0.004866,7,10,False,content_or_borderline,keep_for_now
partilerin,1105,882,0.004883,7,12,False,content_or_borderline,keep_for_now
şeyden,1104,997,0.00552,7,11,False,content_or_borderline,keep_for_now
halbuki,1100,945,0.005232,7,14,False,content_or_borderline,keep_for_now
öğretmenler,1100,659,0.003648,6,13,False,content_or_borderline,keep_for_now
alinmiştir,1099,961,0.00532,7,11,False,content_or_borderline,keep_for_now
bitti,1099,925,0.005121,7,15,False,content_or_borderline,keep_for_now
samimi,1098,911,0.005043,7,14,False,content_or_borderline,keep_for_now
kaynaklanan,1098,922,0.005104,7,12,False,content_or_borderline,keep_for_now
suçu,1098,881,0.004877,7,14,False,content_or_borderline,keep_for_now
ayakta,1097,931,0.005154,7,14,False,content_or_borderline,keep_for_now
getirdiniz,1097,909,0.005032,7,14,False,content_or_borderline,keep_for_now
olduğumuzu,1096,1003,0.005553,7,17,False,content_or_borderline,keep_for_now
bildiği,1096,977,0.005409,7,14,False,content_or_borderline,keep_for_now
gençler,1096,794,0.004396,7,13,False,content_or_borderline,keep_for_now
sebeple,1095,927,0.005132,6,15,False,content_or_borderline,keep_for_now
bölgenin,1095,839,0.004645,7,12,False,content_or_borderline,keep_for_now
eğitime,1095,798,0.004418,7,11,False,content_or_borderline,keep_for_now
döviz,1093,686,0.003798,6,11,False,content_or_borderline,keep_for_now
manisa,1092,662,0.003665,7,11,False,content_or_borderline,keep_for_now
edeceğim,1091,1015,0.005619,7,12,False,content_or_borderline,keep_for_now
emeği,1091,987,0.005464,7,15,False,content_or_borderline,keep_for_now
teşkil,1090,951,0.005265,7,12,False,content_or_borderline,keep_for_now
kalmiştir,1090,959,0.005309,7,13,False,content_or_borderline,keep_for_now
öncelikli,1089,916,0.005071,7,16,False,content_or_borderline,keep_for_now
dolu,1089,908,0.005027,7,13,False,content_or_borderline,keep_for_now
bizde,1088,943,0.005221,7,13,False,content_or_borderline,keep_for_now
iran,1088,643,0.00356,7,15,False,content_or_borderline,keep_for_now
görüşlerini,1087,992,0.005492,7,11,False,content_or_borderline,keep_for_now
demin,1085,922,0.005104,7,13,False,content_or_borderline,keep_for_now
dişindaki,1084,882,0.004883,7,13,False,content_or_borderline,keep_for_now
katma,1084,682,0.003776,6,10,False,content_or_borderline,keep_for_now
sektöründe,1083,765,0.004235,6,10,False,content_or_borderline,keep_for_now
evrensel,1083,818,0.004529,7,12,False,content_or_borderline,keep_for_now
tebrik,1082,958,0.005304,7,15,False,content_or_borderline,keep_for_now
sahiptir,1081,934,0.005171,7,12,False,content_or_borderline,keep_for_now
kanunlar,1080,854,0.004728,7,11,False,content_or_borderline,keep_for_now
bütçesinin,1078,914,0.00506,6,15,False,content_or_borderline,keep_for_now
kapsamli,1077,910,0.005038,7,11,False,content_or_borderline,keep_for_now
olmayacak,1077,964,0.005337,7,15,False,content_or_borderline,keep_for_now
gözaltina,1074,772,0.004274,7,12,False,content_or_borderline,keep_for_now
mahkemesine,1074,792,0.004385,7,14,False,content_or_borderline,keep_for_now
gap,1073,371,0.002054,6,11,False,content_or_borderline,keep_for_now
olmuyor,1072,960,0.005315,7,15,False,content_or_borderline,keep_for_now
dediğiniz,1071,943,0.005221,7,12,False,content_or_borderline,keep_for_now
parlamentoda,1070,890,0.004927,7,12,False,content_or_borderline,keep_for_now
ssk,1070,589,0.003261,6,11,False,content_or_borderline,keep_for_now
gerekirken,1070,928,0.005138,7,13,False,content_or_borderline,keep_for_now
asker,1070,737,0.00408,7,14,False,content_or_borderline,keep_for_now
siyasetin,1069,820,0.00454,7,14,False,content_or_borderline,keep_for_now
izah,1069,942,0.005215,7,13,False,content_or_borderline,keep_for_now
