donem,rank,word,freq
22,1,bir,78588
22,2,bu,75483
22,3,ve,71639
22,4,da,31220
22,5,de,30163
22,6,sayin,25280
22,7,değerli,17661
22,8,olarak,17016
22,9,için,16353
22,10,türkiye,14460
22,11,çok,14157
22,12,daha,12290
22,13,var,11149
22,14,ki,11127
22,15,olan,11084
22,16,ama,10668
22,17,ne,10420
22,18,ilgili,9780
22,19,gibi,9258
22,20,başkan,9132
22,21,kadar,8846
22,22,ben,8726
22,23,burada,8688
22,24,biz,8604
22,25,yani,8267
22,26,bunu,7667
22,27,şimdi,7484
22,28,büyük,7475
22,29,arkadaşlarim,7289
22,30,yüzde,7191
22,31,en,7116
22,32,milletvekilleri,6807
22,33,zaman,6753
22,34,her,6702
22,35,arkadaşlar,6363
22,36,sonra,6293
22,37,nin,5983
22,38,önemli,5968
22,39,mi,5935
22,40,bunun,5841
22,41,önce,5812
22,42,tarafindan,5751
22,43,değil,5735
22,44,olduğu,5565
22,45,istiyorum,5426
22,46,söz,5409
22,47,genel,5296
22,48,şu,5176
22,49,böyle,5102
22,50,yok,5012
22,51,siralarindan,4946
22,52,yine,4837
22,53,bütün,4808
22,54,kanun,4801
22,55,şekilde,4795
22,56,alkişlar,4747
22,57,bugün,4666
22,58,parti,4620
22,59,ifade,4520
22,60,ediyorum,4472
22,61,ak,4445
22,62,türk,4344
22,63,ancak,4297
22,64,son,4289
22,65,yeni,4280
22,66,bizim,4276
22,67,içerisinde,4233
22,68,diye,4201
22,69,teşekkür,4106
22,70,avrupa,4036
22,71,göre,4035
22,72,kamu,3959
22,73,ya,3876
22,74,devlet,3869
22,75,siz,3867
22,76,şey,3858
22,77,yasa,3749
22,78,iki,3747
22,79,hem,3720
22,80,diğer,3707
22,81,veya,3680
22,82,sosyal,3659
22,83,ile,3647
22,84,ayni,3595
22,85,sadece,3523
22,86,üzerinde,3505
22,87,yil,3430
22,88,cumhuriyet,3414
22,89,halk,3410
22,90,yilinda,3349
22,91,eğer,3327
22,92,özellikle,3313
22,93,partisi,3287
22,94,selamliyorum,3277
22,95,saygiyla,3253
22,96,milletvekili,3222
22,97,devam,3202
22,98,kendi,3164
22,99,hiçbir,3158
22,100,vardir,3139
22,101,çünkü,3134
22,102,olduğunu,3125
22,103,tabii,3123
22,104,bakin,3116
22,105,adina,3103
22,106,özel,3099
22,107,üzere,3080
22,108,başka,3080
22,109,iyi,3075
22,110,in,3067
22,111,konuda,3062
22,112,sayili,3047
22,113,nasil,3003
22,114,biraz,2957
22,115,yapilan,2931
22,116,kabul,2922
22,117,doğru,2909
22,118,yüce,2906
22,119,sağlik,2905
22,120,değildir,2887
22,121,bazi,2879
22,122,eğitim,2840
22,123,ise,2802
22,124,ortaya,2746
22,125,milli,2730
22,126,içinde,2728
22,127,vergi,2668
22,128,bakan,2624
22,129,karşi,2610
22,130,tüm,2595
22,131,iş,2595
22,132,etmek,2573
22,133,hiç,2517
22,134,tarim,2510
22,135,millet,2491
22,136,buna,2468
22,137,gerçekten,2458
22,138,chp,2454
22,139,bunlar,2399
22,140,konusunda,2388
22,141,birlikte,2376
22,142,temel,2373
22,143,inci,2356
22,144,yer,2346
22,145,anda,2342
22,146,dolayisiyla,2341
22,147,işte,2338
22,148,bunlari,2323
22,149,fazla,2284
22,150,gün,2279
22,151,onun,2274
22,152,ekonomik,2265
22,153,size,2235
22,154,otomatik,2232
22,155,olmasi,2227
22,156,kapatildi,2225
22,157,cihaz,2214
22,158,mikrofon,2201
22,159,yerine,2200
22,160,nci,2175
22,161,diyor,2171
22,162,bunlarin,2169
22,163,lazim,2162
22,164,üç,2147
22,165,siyasi,2128
22,166,kanunu,2120
22,167,çalişma,2115
22,168,bundan,2113
22,169,efendim,2107
22,170,benim,2103
22,171,ayrica,2102
22,172,sizin,2097
22,173,gelir,2092
22,174,almiş,2090
22,175,arasinda,2057
22,176,hükümet,2036
22,177,maalesef,2035
22,178,ciddi,2033
22,179,yili,1991
22,180,mümkün,1990
22,181,insan,1977
22,182,altinda,1966
22,183,ilk,1945
22,184,olmak,1944
22,185,açisindan,1940
22,186,uygun,1934
22,187,madde,1920
22,188,meclis,1917
22,189,anayasa,1907
22,190,tek,1903
22,191,hangi,1902
22,192,bütçe,1898
22,193,birliği,1875
22,194,sunuyorum,1870
22,195,ediyor,1866
22,196,oldu,1859
22,197,gereken,1853
22,198,eden,1850
22,199,hakkinda,1845
22,200,milyar,1844
22,201,geçen,1841
22,202,hizmet,1836
22,203,onu,1834
22,204,sahip,1828
22,205,orada,1821
22,206,ülke,1806
22,207,gelen,1799
22,208,tekrar,1780
22,209,konusu,1776
22,210,niye,1766
22,211,yanliş,1765
22,212,bile,1765
22,213,yeniden,1760
22,214,artik,1747
22,215,adalet,1744
22,216,hepinizi,1741
22,217,öyle,1732
22,218,kurulu,1723
22,219,neden,1701
22,220,şunu,1699
22,221,gerek,1697
22,222,birçok,1694
22,223,güvenlik,1689
22,224,görev,1688
22,225,ye,1680
22,226,meclisi,1672
22,227,olur,1649
22,228,zaten,1633
22,229,yüksek,1630
22,230,ilişkin,1618
22,231,alan,1608
22,232,olacak,1607
22,233,hep,1606
22,234,uluslararasi,1600
22,235,dünya,1583
22,236,ederim,1581
22,237,az,1570
22,238,iktidar,1566
22,239,ülkemizde,1563
22,240,belki,1559
22,241,rağmen,1555
22,242,başkanim,1554
22,243,bakanliği,1551
22,244,belediye,1530
22,245,evet,1529
22,246,dişinda,1516
22,247,açik,1513
22,248,karar,1509
22,249,para,1507
22,250,yoktur,1505
22,251,saygilar,1488
22,252,olsun,1481
22,253,bugüne,1474
22,254,mu,1471
22,255,ülkenin,1461
22,256,bize,1453
22,257,cevap,1453
22,258,konu,1451
22,259,istanbul,1448
22,260,düzenleme,1447
22,261,gerekir,1435
22,262,geri,1434
22,263,nedeniyle,1432
22,264,üncü,1430
22,265,üzerine,1429
22,266,kişi,1428
22,267,nedenle,1419
22,268,yol,1408
22,269,ikinci,1395
22,270,yönelik,1385
22,271,ceza,1377
22,272,bilgi,1373
22,273,hale,1370
22,274,olmayan,1369
22,275,akp,1368
22,276,dolar,1368
22,277,lira,1366
22,278,kalkinma,1365
22,279,gerekli,1364
22,280,değişiklik,1361
22,281,edilen,1353
22,282,grubu,1342
22,283,hukuk,1333
22,284,bulunan,1331
22,285,belli,1329
22,286,peki,1327
22,287,yapmak,1324
22,288,enerji,1324
22,289,tasarisi,1322
22,290,devletin,1319
22,291,bakani,1311
22,292,yapilmasi,1308
22,293,hemen,1299
22,294,tam,1299
22,295,dolayi,1293
22,296,yapan,1293
22,297,maddesi,1287
22,298,yaklaşik,1284
22,299,söylüyorum,1279
22,300,derece,1278
22,301,tane,1276
22,302,yatirim,1273
22,303,aslinda,1272
22,304,başbakan,1265
22,305,soru,1260
22,306,bulunuyorum,1252
22,307,maliye,1248
22,308,ay,1246
22,309,hak,1243
22,310,il,1241
22,311,yillik,1241
22,312,tasari,1239
22,313,elbette,1234
22,314,mali,1231
22,315,insanlar,1230
22,316,olacaktir,1227
22,317,lütfen,1224
22,318,birtakim,1223
22,319,bağli,1223
22,320,beş,1223
22,321,bakiniz,1218
22,322,farkli,1210
22,323,kisa,1207
22,324,mutlaka,1207
22,325,hepinize,1202
22,326,mevcut,1193
22,327,buradan,1188
22,328,kurum,1177
22,329,meclisin,1169
22,330,beraber,1169
22,331,çalişan,1164
22,332,yabanci,1157
22,333,beri,1150
22,334,süre,1149
22,335,gündeme,1142
22,336,dönemde,1138
22,337,tasarinin,1134
22,338,sivil,1133
22,339,arz,1132
22,340,ülkemizin,1130
22,341,güzel,1130
22,342,toplam,1123
22,343,tarihinde,1121
22,344,destek,1111
22,345,orman,1108
22,346,toplum,1106
22,347,uzun,1106
22,348,çevre,1099
22,349,hakki,1095
22,350,herhangi,1093
22,351,muhalefet,1092
22,352,kez,1087
22,353,yasal,1081
22,354,olduğumuz,1074
22,355,dört,1071
22,356,yi,1071
22,357,olmuştur,1070
22,358,hatta,1069
22,359,buraya,1063
22,360,yasanin,1059
22,361,araştirma,1055
22,362,grup,1052
22,363,yapmiş,1051
22,364,onlarin,1043
22,365,oluyor,1043
22,366,türlü,1042
22,367,verilen,1038
22,368,hayir,1037
22,369,düşünüyorum,1036
22,370,dan,1035
22,371,varsa,1035
22,372,an,1032
22,373,insanlarin,1028
22,374,teşvik,1026
22,375,ankara,1025
22,376,geldi,1023
22,377,ülkede,1021
22,378,itibariyle,1020
22,379,haline,1018
22,380,yaptiği,1016
22,381,ediyoruz,1014
22,382,olup,1012
22,383,elde,1009
22,384,gerekiyor,1008
22,385,şöyle,1004
22,386,sayisi,1004
22,387,nedir,1004
22,388,kanunun,1003
22,389,ettiği,999
22,390,te,996
22,391,çeşitli,994
22,392,döneminde,989
22,393,hükümetin,984
22,394,on,982
22,395,birinci,982
22,396,bakanim,979
22,397,zamanda,975
22,398,yakin,972
22,399,vardi,969
22,400,bana,965
22,401,trilyon,961
22,402,başkani,958
22,403,üretim,955
22,404,kredi,954
22,405,olabilir,953
22,406,ulusal,952
22,407,yerel,952
22,408,tasarisinin,947
22,409,den,947
22,410,önceki,946
22,411,etmektedir,943
22,412,yilda,940
22,413,sen,935
22,414,sanayi,933
22,415,demek,931
22,416,yönetim,930
22,417,fakat,922
22,418,dile,921
22,419,durum,919
22,420,yeterli,917
22,421,partisinin,914
22,422,defa,911
22,423,uygulama,907
22,424,teknik,904
22,425,arkadaşlarimiz,902
22,426,bin,901
22,427,amaciyla,900
22,428,vermek,900
22,429,tespit,900
22,430,su,899
22,431,dikkate,895
22,432,dünyada,894
22,433,sira,894
22,434,ortadan,890
22,435,acaba,882
22,436,başta,878
22,437,çalişmalar,878
22,438,suretiyle,876
22,439,kim,872
22,440,esas,871
22,441,üniversite,870
22,442,eski,869
22,443,olumlu,868
22,444,seçim,868
22,445,cumhuriyeti,865
22,446,istihdam,865
22,447,halinde,863
22,448,kültür,862
22,449,söylemek,862
22,450,çerçevesinde,861
22,451,komisyon,860
22,452,çözüm,859
22,453,uncu,859
22,454,öncelikle,858
22,455,yargi,858
22,456,anlamda,854
22,457,olmaz,854
22,458,vesileyle,853
22,459,milyon,850
22,460,ayri,846
22,461,sorun,845
22,462,bununla,845
22,463,sene,844
22,464,hala,843
22,465,yapilacak,843
22,466,dedi,842
22,467,katki,842
22,468,toplumun,841
22,469,başina,840
22,470,turizm,840
22,471,haklari,840
22,472,olmasini,839
22,473,musunuz,839
22,474,geliyor,836
22,475,biri,835
22,476,olmadiği,833
22,477,anadolu,828
22,478,işçi,827
22,479,doğal,827
22,480,personel,827
22,481,deki,826
22,482,ihtiyaç,826
22,483,gelecek,820
22,484,biliyorsunuz,818
22,485,yasasi,818
22,486,denetim,818
22,487,tarihi,817
22,488,emekli,817
22,489,midir,817
22,490,birkaç,817
22,491,doğrudan,815
22,492,kurumu,814
22,493,biliyoruz,814
22,494,amerika,811
22,495,ülkemiz,809
22,496,tür,800
22,497,demokratik,799
22,498,adi,799
22,499,anavatan,798
22,500,pek,795
22,501,gerçek,792
22,502,merkezi,792
22,503,önem,791
22,504,veren,790
22,505,maddede,789
22,506,yazik,785
22,507,ondan,781
22,508,geçici,781
22,509,gerekmektedir,780
22,510,iç,779
22,511,köy,777
22,512,halde,776
22,513,görüyoruz,776
22,514,istiyoruz,776
22,515,taraftan,772
22,516,altina,772
22,517,yoksa,770
22,518,ticaret,770
22,519,çalişmalari,769
22,520,olsa,769
22,521,oy,767
22,522,verdiği,766
22,523,bakanliğinin,766
22,524,ortak,765
22,525,bakanlar,765
22,526,çikan,764
22,527,ona,763
22,528,gürültüler,761
22,529,vermiş,758
22,530,aile,757
22,531,küçük,757
22,532,sorunu,755
22,533,milletin,753
22,534,kaynak,753
22,535,yürürlüğe,752
22,536,meslek,749
22,537,görevi,748
22,538,sorunlari,747
22,539,bulunmaktadir,747
22,540,bizi,746
22,541,durumda,745
22,542,günü,743
22,543,yaninda,741
22,544,örnek,739
22,545,diş,738
22,546,herkes,738
22,547,ele,736
22,548,edilmesi,736
22,549,onlar,735
22,550,bölge,735
22,551,karari,734
22,552,mücadele,734
22,553,hepimiz,733
22,554,bakanimiz,733
22,555,saat,731
22,556,işin,729
22,557,spor,729
22,558,alinmasi,728
22,559,yapiyoruz,728
22,560,ana,727
22,561,dünyanin,725
22,562,konuyu,724
22,563,ait,724
22,564,teklifi,722
22,565,maddesinde,721
22,566,şeyi,720
22,567,gelin,720
22,568,mal,717
22,569,etti,715
22,570,noktada,713
22,571,önüne,712
22,572,dün,711
22,573,itibaren,709
22,574,un,708
22,575,aykiri,707
22,576,çağdaş,704
22,577,edilmiştir,704
22,578,maddenin,703
22,579,katrilyon,703
22,580,başinda,701
22,581,üst,700
22,582,bakimindan,700
22,583,birisi,699
22,584,yurt,699
22,585,plan,699
22,586,budur,698
22,587,li,697
22,588,etmiş,692
22,589,müdürlüğü,692
22,590,bakanlik,691
22,591,heyetinizi,690
22,592,inşallah,690
22,593,suç,688
22,594,atatürk,687
22,595,tamamen,686
22,596,yillarda,686
22,597,şeklinde,684
22,598,biçimde,683
22,599,yildir,682
22,600,ssk,682
22,601,inaniyorum,681
22,602,şahsim,679
22,603,önerge,678
22,604,bakimdan,678
22,605,evvel,678
22,606,geçmiş,677
22,607,ölçüde,677
22,608,hizmetleri,674
22,609,yasama,674
22,610,yana,673
22,611,sahibi,672
22,612,yaşayan,672
22,613,olmuş,672
22,614,dahil,672
22,615,hayirli,671
22,616,sürekli,671
22,617,olmadiğini,671
22,618,hafta,668
22,619,şeyler,667
22,620,meydana,666
22,621,bilim,665
22,622,özelleştirme,664
22,623,edilmiş,663
22,624,allah,662
22,625,sağlikli,660
22,626,halkin,660
22,627,ytl,659
22,628,idari,658
22,629,getirilen,658
22,630,sistemi,657
22,631,bağ,656
22,632,elektrik,656
22,633,siyaset,655
22,634,almak,653
22,635,imf,652
22,636,daki,651
22,637,yapiyor,650
22,638,dair,648
22,639,idare,647
22,640,gelmiş,645
22,641,kanununun,645
22,642,zor,644
22,643,yerde,644
22,644,sizi,644
22,645,arada,643
22,646,dönem,642
22,647,kaldi,642
22,648,talep,642
22,649,diliyorum,641
22,650,zarar,640
22,651,hepimizin,640
22,652,onlari,639
22,653,alanda,637
22,654,yaptik,636
22,655,işi,634
22,656,diyoruz,634
22,657,ihale,633
22,658,imkani,633
22,659,sonucu,633
22,660,tanesi,633
22,661,arkadaşimiz,632
22,662,orani,632
22,663,bunlara,631
22,664,yapilmiş,630
22,665,gereği,626
22,666,ihtiyaci,626
22,667,ta,625
22,668,komisyonu,625
22,669,misiniz,624
22,670,arasindaki,623
22,671,niçin,623
22,672,söyleyeyim,623
22,673,kalan,623
22,674,etkin,622
22,675,meclise,621
22,676,bugünkü,620
22,677,kere,620
22,678,gerekse,620
22,679,proje,619
22,680,nun,619
22,681,anayasanin,618
22,682,düzenlemeler,617
22,683,düşük,616
22,684,olay,616
22,685,edecek,615
22,686,dahi,615
22,687,gelmiştir,615
22,688,büyükşehir,614
22,689,ün,610
22,690,biliyor,609
22,691,böylece,608
22,692,bakanin,608
22,693,üçüncü,608
22,694,bulunduğu,606
22,695,sonucunda,605
22,696,faiz,602
22,697,konuşma,601
22,698,bey,601
22,699,hakim,600
22,700,alinan,599
22,701,devleti,599
22,702,kibris,597
22,703,örneğin,595
22,704,sermaye,593
22,705,meclisinin,593
22,706,yolu,592
22,707,ağir,592
22,708,arkadaşlarimizin,590
22,709,olursa,590
22,710,kimse,589
22,711,yetki,588
22,712,sizlere,587
22,713,izin,587
22,714,önümüzdeki,587
22,715,takdirde,586
22,716,yapilmiştir,586
22,717,adet,584
22,718,el,584
22,719,alti,583
22,720,takip,582
22,721,aynen,581
22,722,eder,580
22,723,öğretim,580
22,724,diyorum,579
22,725,işleri,579
22,726,net,577
22,727,imar,575
22,728,içişleri,574
22,729,sağlamak,573
22,730,önünde,573
22,731,kismi,572
22,732,terör,571
22,733,bunlardan,570
22,734,civarinda,569
22,735,esnaf,566
22,736,yaşanan,566
22,737,herhalde,565
22,738,yandan,564
22,739,teklif,564
22,740,hesap,561
22,741,birliğine,561
22,742,yirmi,561
22,743,toplumsal,560
22,744,üye,559
22,745,kendisine,559
22,746,buradaki,554
22,747,tabi,554
22,748,ton,554
22,749,onlara,553
22,750,ederek,553
22,751,çikti,553
22,752,yalniz,552
22,753,karşisinda,551
22,754,halen,551
22,755,irak,551
22,756,noktasinda,548
22,757,antalya,548
22,758,rekabet,547
22,759,yönetimi,546
22,760,yapma,546
22,761,getirmek,545
22,762,tarih,543
22,763,olmasina,543
22,764,sonuç,543
22,765,nerede,542
22,766,çocuk,542
22,767,kanunla,541
22,768,gerektiğini,540
22,769,aldiği,540
22,770,zorunda,539
22,771,maddeyle,538
22,772,yasayi,538
22,773,prim,537
22,774,artiş,537
22,775,emniyet,535
22,776,üyesi,534
22,777,şudur,532
22,778,yaptiğimiz,532
22,779,sirasinda,530
22,780,sonunda,530
22,781,müsaade,527
22,782,geniş,527
22,783,mecliste,527
22,784,konuyla,526
22,785,bilimsel,525
22,786,durumu,524
22,787,demektir,524
22,788,yasayla,523
22,789,yarin,522
22,790,yerinde,519
22,791,söyledi,518
22,792,dakika,516
22,793,aylik,515
22,794,resmi,515
22,795,işsizlik,514
22,796,kötü,513
22,797,diyorsunuz,512
22,798,yoğun,511
22,799,iptal,510
22,800,saygi,508
22,801,yazili,508
22,802,doğu,508
22,803,yere,506
22,804,oysa,506
22,805,başbakanin,506
22,806,olumsuz,505
22,807,baktiğimizda,505
22,808,vakif,503
22,809,hizmeti,503
22,810,sesleri,503
22,811,tarimsal,502
22,812,etme,502
22,813,kaç,502
22,814,hepsi,501
22,815,gündemine,501
22,816,söylüyor,501
22,817,kur,500
22,818,vergisi,499
22,819,hazine,499
22,820,uyum,498
22,821,hakkini,498
22,822,hava,498
22,823,idaresi,496
22,824,içine,494
22,825,kapsaminda,494
22,826,hizli,493
22,827,hükümetimiz,493
22,828,ücret,493
22,829,borç,493
22,830,soruyorum,492
22,831,doğrultusunda,491
22,832,demokrasi,491
22,833,yapiliyor,491
22,834,bankasi,490
22,835,üzerinden,488
22,836,karşiya,487
22,837,konularda,487
22,838,imkan,487
22,839,değişik,487
22,840,dikkat,486
22,841,geçmişte,485
22,842,acil,485
22,843,kanununda,485
22,844,doğrusu,484
22,845,basin,483
22,846,konut,483
22,847,hareket,482
22,848,ettik,480
22,849,projesi,479
22,850,payi,478
22,851,anlayişi,478
22,852,yapildi,478
22,853,bütçesi,477
22,854,mehmet,477
22,855,mahkemesi,477
22,856,durumunda,477
22,857,yapacak,477
22,858,izmir,476
22,859,açidan,476
22,860,petrol,475
22,861,ülkelerin,474
22,862,etmiştir,474
22,863,gelişmiş,473
22,864,ek,472
22,865,açikça,472
22,866,kuruluş,471
22,867,yapmaya,471
22,868,tip,471
22,869,yapti,471
22,870,kurumlar,471
22,871,kendilerine,471
22,872,alaninda,471
22,873,husus,470
22,874,yeri,468
22,875,iddia,467
22,876,ülkeler,465
22,877,uygulamaya,465
22,878,sorunlar,463
22,879,hukuki,463
22,880,sektör,463
22,881,bakanliğina,462
22,882,arkadaşim,461
22,883,oradaki,460
22,884,ikincisi,460
22,885,benzer,460
22,886,kesinlikle,459
22,887,söyledim,457
22,888,serbest,457
22,889,yardim,457
22,890,kurulunun,456
22,891,ülkelerde,456
22,892,merkez,456
22,893,asgari,456
22,894,süreç,455
22,895,si,454
22,896,göz,454
22,897,konuya,454
22,898,hayata,453
22,899,komisyonunda,452
22,900,tasariyla,452
22,901,geçtiğimiz,452
22,902,önemlidir,451
22,903,verilmesi,451
22,904,sanki,450
22,905,edin,450
22,906,herkesin,449
22,907,sistem,449
22,908,gelip,449
22,909,komisyonda,448
22,910,vakiflar,448
22,911,kemal,448
22,912,planlama,447
22,913,sorunlarini,446
22,914,başarili,446
22,915,polis,446
22,916,ödeme,445
22,917,sağlanmasi,445
22,918,deniliyor,444
22,919,katilmiyoruz,442
22,920,ülkemize,441
22,921,hakikaten,440
22,922,ayinda,440
22,923,bakana,439
22,924,alani,439
22,925,çiftçi,439
22,926,belirtmek,438
22,927,malatya,437
22,928,konunun,437
22,929,ali,437
22,930,alarak,436
22,931,koruma,435
22,932,adim,435
22,933,sektörü,435
22,934,ilave,435
22,935,insanlari,434
22,936,verimli,434
22,937,sonuna,434
22,938,oraninda,434
22,939,dir,434
22,940,sorumlu,433
22,941,üzerindeki,432
22,942,anayasaya,432
22,943,iken,431
22,944,geldiği,431
22,945,vatandaş,430
22,946,yilindan,429
22,947,kanunda,429
22,948,maddesinin,428
22,949,değer,427
22,950,adeta,427
22,951,çikiyor,426
22,952,ilan,426
22,953,trafik,426
22,954,sorum,425
22,955,hükümeti,425
22,956,görüşülmekte,425
22,957,günlerde,425
22,958,veriyor,425
22,959,yaparken,424
22,960,rakam,424
22,961,altini,423
22,962,ürün,423
22,963,kültürel,423
22,964,süreci,423
22,965,zorundayiz,422
22,966,korunmasi,422
22,967,duruma,422
22,968,beni,422
22,969,iktidara,421
22,970,sikinti,421
22,971,bizden,420
22,972,milletvekilimiz,420
22,973,takdir,419
22,974,ocak,419
22,975,oradan,419
22,976,kişinin,418
22,977,hükümetimizin,417
22,978,mağdur,416
22,979,yapilmaktadir,416
22,980,nereden,416
22,981,birliğinin,415
22,982,alt,415
22,983,bilindiği,414
22,984,cumhurbaşkani,414
22,985,görevleri,414
22,986,bağimsiz,413
22,987,verdi,413
22,988,yerli,413
22,989,sik,412
22,990,savunma,411
22,991,zorunlu,411
22,992,deniz,411
22,993,aldim,411
22,994,kaçak,411
22,995,kadin,411
22,996,tütün,411
22,997,edilmektedir,410
22,998,oraya,410
22,999,yillardir,410
22,1000,başkanliği,410
22,1001,aliyor,410
22,1002,oldukça,409
22,1003,merak,408
22,1004,etmeye,408
22,1005,kolay,407
22,1006,kisaca,407
22,1007,insani,407
22,1008,insanin,407
22,1009,kontrol,406
22,1010,vatandaşlarimizin,406
22,1011,toprak,406
22,1012,kendisi,405
22,1013,milletvekillerinin,405
22,1014,erzurum,405
22,1015,gerektiği,404
22,1016,noktaya,404
22,1017,sigorta,404
22,1018,okul,403
22,1019,bulunmaktayim,403
22,1020,kurumun,402
22,1021,açiklama,402
22,1022,eşit,402
22,1023,temsil,402
22,1024,değişikliği,402
22,1025,üretimi,401
22,1026,orta,401
22,1027,getirdiği,399
22,1028,olma,398
22,1029,bildiğiniz,398
22,1030,üyeleri,398
22,1031,kurulmasi,398
22,1032,liraya,398
22,1033,sormak,398
22,1034,verilmiş,398
22,1035,mustafa,398
22,1036,demin,397
22,1037,dişişleri,397
22,1038,gerekçe,396
22,1039,düşen,396
22,1040,ortalama,396
22,1041,la,396
22,1042,sonraki,395
22,1043,kadro,395
22,1044,geriye,395
22,1045,dayali,394
22,1046,biliyorum,394
22,1047,parlamento,394
22,1048,yapalim,394
22,1049,ileri,392
22,1050,kilometre,392
22,1051,yapilmasina,391
22,1052,henüz,390
22,1053,hakli,389
22,1054,temin,388
22,1055,kasim,388
22,1056,partinin,387
22,1057,tarihli,387
22,1058,işe,387
22,1059,olmazsa,387
22,1060,öğretmen,386
22,1061,desteği,385
22,1062,ilgilendiren,385
22,1063,saygilarimla,385
22,1064,ettiğimiz,385
22,1065,kimsenin,385
22,1066,hüküm,385
22,1067,güçlü,384
22,1068,gidiyor,384
22,1069,giderek,384
22,1070,verdik,384
22,1071,gücü,383
22,1072,yardimci,383
22,1073,konudaki,382
22,1074,müdahale,382
22,1075,istemiyorum,381
22,1076,enflasyon,381
22,1077,uzman,380
22,1078,ulaştirma,380
22,1079,soruşturma,379
22,1080,ister,379
22,1081,yapiyorsunuz,379
22,1082,konuşan,378
22,1083,çerçevede,378
22,1084,yök,378
22,1085,geçti,377
22,1086,dedik,377
22,1087,insanlara,377
22,1088,yildan,376
22,1089,bitiriyorum,376
22,1090,maddesine,376
22,1091,zamaninda,376
22,1092,bölgede,375
22,1093,neler,375
22,1094,mesela,375
22,1095,halka,374
22,1096,çalişiyoruz,374
22,1097,verecek,374
22,1098,nüfus,373
22,1099,tasarida,373
22,1100,yapi,373
22,1101,yoluyla,372
22,1102,bizler,372
22,1103,partili,372
22,1104,alma,372
22,1105,sizleri,371
22,1106,lirasi,371
22,1107,ediyorsunuz,370
22,1108,tasariyi,370
22,1109,siyasal,370
22,1110,sağlayacak,370
22,1111,ediliyor,369
22,1112,sizlerle,369
22,1113,asil,368
22,1114,maddeye,367
22,1115,ettiler,367
22,1116,paylaşmak,367
22,1117,edildi,367
22,1118,saygideğer,367
22,1119,amaci,366
22,1120,mart,366
22,1121,belediyeler,366
22,1122,maddeyi,366
22,1123,icra,365
22,1124,görüşmekte,364
22,1125,yapacağiz,364
22,1126,anlayiş,364
22,1127,yetkisi,364
22,1128,stratejik,364
22,1129,hizmetler,363
22,1130,getirilmesi,362
22,1131,aralik,361
22,1132,etmesi,360
22,1133,giren,360
22,1134,doğrudur,360
22,1135,haksiz,359
22,1136,ortada,359
22,1137,ekonomi,358
22,1138,yasalar,357
22,1139,dediğimiz,357
22,1140,askeri,357
22,1141,alakali,357
22,1142,isterim,356
22,1143,rakamlar,356
22,1144,sevgili,355
22,1145,ihracat,355
22,1146,çikmiştir,355
22,1147,düzeyde,353
22,1148,bati,353
22,1149,tasarruf,353
22,1150,altyapi,353
22,1151,olsaydi,352
22,1152,işler,352
22,1153,olacaği,352
22,1154,içerisine,352
22,1155,nokta,352
22,1156,danişma,352
22,1157,ekim,352
22,1158,mahkeme,352
22,1159,benzeri,351
22,1160,olduklari,351
22,1161,iktidari,350
22,1162,birleşik,350
22,1163,çikmiş,350
22,1164,ettim,349
22,1165,sektörün,349
22,1166,birleşmiş,349
22,1167,verme,348
22,1168,dava,348
22,1169,gözden,347
22,1170,değişiklikler,347
22,1171,istiyor,346
22,1172,rahatsiz,346
22,1173,kürsüden,345
22,1174,gelişme,345
22,1175,adli,345
22,1176,oluşan,345
22,1177,ab,344
22,1178,çikar,344
22,1179,yaşam,344
22,1180,imza,344
22,1181,alinarak,343
22,1182,hele,343
22,1183,pay,343
22,1184,gap,343
22,1185,teslim,342
22,1186,getirilmiştir,342
22,1187,sizlerin,342
22,1188,ten,342
22,1189,uygulanan,341
22,1190,kurul,341
22,1191,yaparak,341
22,1192,kuruluşlari,341
22,1193,kurulan,340
22,1194,görevini,340
22,1195,laf,340
22,1196,ilçe,340
22,1197,hizla,339
22,1198,sözlerime,339
22,1199,fark,338
22,1200,binlerce,338
22,1201,görüşlerini,337
22,1202,mayis,337
22,1203,saygilarimi,336
22,1204,fiyat,336
22,1205,idi,336
22,1206,yasada,336
22,1207,sürede,336
22,1208,sizler,336
22,1209,rica,336
22,1210,almaktadir,336
22,1211,hayvan,336
22,1212,maddeleri,335
22,1213,yeterince,334
22,1214,olmaktadir,334
22,1215,sayida,334
22,1216,haklarini,333
22,1217,nitekim,333
22,1218,yila,333
22,1219,edeceğiz,333
22,1220,gümrük,333
22,1221,ticari,332
22,1222,sorunlarin,331
22,1223,kar,331
22,1224,şirket,331
22,1225,yönünde,331
22,1226,ithal,331
22,1227,isteyen,330
22,1228,olduğuna,330
22,1229,dedim,330
22,1230,belirli,330
22,1231,olmalidir,329
22,1232,azindan,329
22,1233,halki,329
22,1234,bünyesinde,328
22,1235,tübitak,327
22,1236,sağlayan,327
22,1237,dişina,327
22,1238,bariş,327
22,1239,din,326
22,1240,satiş,326
22,1241,usul,326
22,1242,arzu,325
22,1243,devamla,325
22,1244,yakindan,325
22,1245,güven,325
22,1246,alacak,325
22,1247,sebep,324
22,1248,sinir,324
22,1249,verin,324
22,1250,hani,323
22,1251,bölgesel,322
22,1252,çoğu,322
22,1253,güç,322
22,1254,ziraat,322
22,1255,amaç,322
22,1256,organize,322
22,1257,sisteminin,322
22,1258,dolara,322
22,1259,gereğini,322
22,1260,ini,321
22,1261,baktiğimiz,321
22,1262,olayi,321
22,1263,kurulmuş,321
22,1264,yapar,321
22,1265,kişilerin,320
22,1266,bayindirlik,320
22,1267,dönemlerde,319
22,1268,uzak,319
22,1269,davet,319
22,1270,sizden,319
22,1271,faaliyet,318
22,1272,olamaz,318
22,1273,önergesi,318
22,1274,olun,318
22,1275,lik,318
22,1276,diyorlar,317
22,1277,işbirliği,317
22,1278,neyi,317
22,1279,hükumet,316
22,1280,konya,316
22,1281,verilmiştir,316
22,1282,süresi,316
22,1283,dişi,315
22,1284,devlete,315
22,1285,gösteren,315
22,1286,değerlendirme,315
22,1287,girdi,315
22,1288,nisan,315
22,1289,kendisini,315
22,1290,maaş,314
22,1291,müdürlüğünün,314
22,1292,hizmetlerinin,314
22,1293,grubunun,314
22,1294,olmadan,314
22,1295,politika,313
22,1296,tan,313
22,1297,işlem,313
22,1298,bakanimizin,313
22,1299,karadeniz,312
22,1300,sunmak,312
22,1301,havacilik,312
22,1302,katiliyoruz,312
22,1303,boyunca,311
22,1304,almanya,311
22,1305,yilina,310
22,1306,bak,310
22,1307,yarginin,310
22,1308,maddesiyle,309
22,1309,boş,309
22,1310,gayret,309
22,1311,vatandaşin,309
22,1312,olmaktan,309
22,1313,raporu,308
22,1314,sevgi,307
22,1315,gelmektedir,307
22,1316,ödenek,307
22,1317,eylem,307
22,1318,sürecinde,306
22,1319,haziran,306
22,1320,öğrenci,306
22,1321,kanuna,306
22,1322,vatandaşlarimiz,306
22,1323,sağ,306
22,1324,birincisi,306
22,1325,toplu,306
22,1326,kaynaklari,305
22,1327,yapmasi,305
22,1328,üretici,305
22,1329,bildiği,304
22,1330,getiriyor,304
22,1331,kuzey,304
22,1332,olağanüstü,304
22,1333,yaş,303
22,1334,gayet,302
22,1335,yillar,302
22,1336,yillardan,302
22,1337,hukuka,302
22,1338,kayit,301
22,1339,ettiğim,301
22,1340,görüş,301
22,1341,araç,301
22,1342,kurumlari,300
22,1343,ülkeye,300
22,1344,değiliz,300
22,1345,görülmektedir,300
22,1346,çikacak,300
22,1347,nükleer,300
22,1348,sözü,299
22,1349,başbakanlik,299
22,1350,anlami,299
22,1351,gayri,299
22,1352,görüyorum,299
22,1353,organik,298
22,1354,silahli,297
22,1355,üniversitesi,296
22,1356,halkimizin,296
22,1357,yle,296
22,1358,olacağini,295
22,1359,ederseniz,295
22,1360,aşaği,295
22,1361,katkida,295
22,1362,ilaç,295
22,1363,genç,294
22,1364,kaynaği,294
22,1365,dönük,294
22,1366,kat,294
22,1367,gördük,294
22,1368,günlük,294
22,1369,çocuklar,294
22,1370,banka,294
22,1371,et,293
22,1372,böylesine,293
22,1373,borcu,293
22,1374,memur,293
22,1375,olanlar,293
22,1376,eylül,293
22,1377,yaptiniz,293
22,1378,müdür,292
22,1379,senin,292
22,1380,maddeler,292
22,1381,iktidarin,292
22,1382,yedi,292
22,1383,konusudur,292
22,1384,yapildiği,291
22,1385,rahat,291
22,1386,deprem,291
22,1387,güneydoğu,291
22,1388,çalişiyor,291
22,1389,politikasi,289
22,1390,hepsini,289
22,1391,meclisinde,289
22,1392,oranda,289
22,1393,sorunun,289
22,1394,belediyelerin,289
22,1395,kurumlarin,288
22,1396,temenni,288
22,1397,günden,288
22,1398,birakin,288
22,1399,görüşlerimi,288
22,1400,ürünleri,288
22,1401,alanlarda,288
22,1402,bakanliğimiz,288
22,1403,dolarlik,288
22,1404,bakanliğimizin,288
22,1405,bence,288
22,1406,yoksulluk,288
22,1407,bölümü,288
22,1408,müzakere,287
22,1409,mensup,287
22,1410,bölgesinde,287
22,1411,öncelikli,287
22,1412,söylediğim,287
22,1413,terk,286
22,1414,falan,286
22,1415,hekim,286
22,1416,düşünüyor,286
22,1417,sistemin,286
22,1418,milletler,286
22,1419,nitelikli,285
22,1420,itiraz,285
22,1421,işletme,285
22,1422,önemi,285
22,1423,gelince,285
22,1424,olmamasi,285
22,1425,adam,285
22,1426,kimi,284
22,1427,olmaya,284
22,1428,bravo,284
22,1429,gündemdişi,283
22,1430,şimdiye,283
22,1431,yetkili,283
22,1432,bursa,283
22,1433,yayin,283
22,1434,kurumunun,282
22,1435,yasaya,282
22,1436,öte,282
22,1437,getirdik,282
22,1438,yasalari,282
22,1439,somut,281
22,1440,adil,281
22,1441,düzenlemeyle,281
22,1442,yilinin,281
22,1443,teşkilati,281
22,1444,plani,281
22,1445,birer,281
22,1446,tasarisini,280
22,1447,edildiği,280
22,1448,tahsis,280
22,1449,yla,280
22,1450,ucuz,280
22,1451,mesele,280
22,1452,saniyorum,280
22,1453,teknoloji,280
22,1454,bölgesi,280
22,1455,meclisine,279
22,1456,önünü,279
22,1457,asla,279
22,1458,yarar,279
22,1459,hedef,279
22,1460,tamam,279
22,1461,bakaninin,279
22,1462,karariyla,279
22,1463,kişiler,279
22,1464,bakiyoruz,279
22,1465,yüz,279
22,1466,sirada,278
22,1467,nedeni,278
22,1468,piyasa,278
22,1469,teklifinin,278
22,1470,mahalli,278
22,1471,büyüme,278
22,1472,benden,277
22,1473,bazen,277
22,1474,sevk,277
22,1475,ülkeyi,276
22,1476,mutlu,276
22,1477,veriyoruz,276
22,1478,olmadi,276
22,1479,gençlik,276
22,1480,ortamda,275
22,1481,kişilik,275
22,1482,eksik,275
22,1483,reel,275
22,1484,sorumluluğu,275
22,1485,düşünce,275
22,1486,buğday,275
22,1487,kalmiş,274
22,1488,kuruluşlar,274
22,1489,gören,274
22,1490,ülkeleri,273
22,1491,başladi,273
22,1492,yönde,273
22,1493,ülkelerinde,273
22,1494,fransa,273
22,1495,rakamlari,273
22,1496,yolunda,272
22,1497,ilgisi,272
22,1498,meselesi,272
22,1499,mesleki,272
22,1500,alinmiş,272
22,1501,engel,272
22,1502,nereye,272
22,1503,sana,272
22,1504,getirmiş,272
22,1505,kapsamina,271
22,1506,edecektir,271
22,1507,elinde,271
22,1508,çalişmasi,271
22,1509,sorumluluk,271
22,1510,alip,270
22,1511,konusundaki,270
22,1512,uygulamasi,270
22,1513,alinmiştir,270
22,1514,denizli,270
22,1515,yerlerde,269
22,1516,kuruluşlarin,268
22,1517,almiştir,268
22,1518,maddi,268
22,1519,satin,268
22,1520,artirilmasi,268
22,1521,vererek,268
22,1522,korumak,268
22,1523,sigortalar,268
22,1524,hazir,268
22,1525,yilin,268
22,1526,ayda,267
22,1527,yardimcisi,267
22,1528,kirsal,266
22,1529,gelişmeler,266
22,1530,kişiye,266
22,1531,kamuoyuna,265
22,1532,toparliyorum,265
22,1533,osmanli,264
22,1534,konular,264
22,1535,veyahut,264
22,1536,hayvancilik,264
22,1537,herkese,264
22,1538,düzenlemeleri,264
22,1539,yetersiz,264
22,1540,hesabini,264
22,1541,neredeyse,263
22,1542,taşiyan,263
22,1543,programi,262
22,1544,arkadaşimizin,262
22,1545,atama,262
22,1546,tahsil,262
22,1547,eğitimi,262
22,1548,şubat,261
22,1549,nato,261
22,1550,bilgiler,260
22,1551,anayasal,260
22,1552,sürece,260
22,1553,dişindaki,260
22,1554,yaklaşim,260
22,1555,sikintilar,260
22,1556,sekiz,260
22,1557,alanlari,260
22,1558,politikalari,259
22,1559,mahkemesinin,259
22,1560,liralik,259
22,1561,topluma,259
22,1562,uygulamada,259
22,1563,yoktu,258
22,1564,konulari,258
22,1565,arazi,258
22,1566,ders,258
22,1567,temmuz,258
22,1568,ekonominin,258
22,1569,sorunlarinin,258
22,1570,verdiğimiz,258
22,1571,kendini,258
22,1572,parayi,258
22,1573,ayrilan,258
22,1574,edilecek,258
22,1575,televizyon,258
22,1576,ulaşim,257
22,1577,yük,257
22,1578,getiren,257
22,1579,uzlaşma,257
22,1580,bekliyor,257
22,1581,rapor,256
22,1582,sonu,256
22,1583,yapmiştir,256
22,1584,sektöründe,256
22,1585,belge,256
22,1586,af,256
22,1587,selamlarim,256
22,1588,yüzden,256
22,1589,anlamina,256
22,1590,teşkilat,256
22,1591,yolsuzluk,256
22,1592,önümüze,255
22,1593,kaldirilmasi,255
22,1594,söylediği,255
22,1595,sinirli,255
22,1596,istediği,255
22,1597,dil,254
22,1598,geç,254
22,1599,çalişmalarini,253
22,1600,hasta,253
22,1601,oran,253
22,1602,çikarilan,253
22,1603,olayin,253
22,1604,getirilmiş,253
22,1605,hayatini,252
22,1606,can,252
22,1607,keşke,252
22,1608,diliyor,252
22,1609,parlamentonun,251
22,1610,izah,251
22,1611,gidip,251
22,1612,dolayli,251
22,1613,perişan,251
22,1614,çocuklarin,251
22,1615,personeli,251
22,1616,cezasi,251
22,1617,tasarisiyla,251
22,1618,kadastro,251
22,1619,milletimizin,250
22,1620,le,250
22,1621,sözleşme,250
22,1622,iade,250
22,1623,bakalim,250
22,1624,geldiğinde,250
22,1625,denetleme,250
22,1626,kara,250
22,1627,aldi,250
22,1628,taraf,250
22,1629,hukukun,250
22,1630,giden,250
22,1631,almasi,249
22,1632,maliyeti,249
22,1633,öngörülen,249
22,1634,kimin,249
22,1635,yapisi,249
22,1636,göreve,249
22,1637,anlayişla,249
22,1638,hepinizin,248
22,1639,sulama,248
22,1640,otuz,248
22,1641,dediniz,248
22,1642,düşünüyoruz,248
22,1643,edeceğim,247
22,1644,geliri,247
22,1645,bunlarla,247
22,1646,vereceğim,247
22,1647,hükümler,247
22,1648,safi,247
22,1649,gece,247
22,1650,hazirlanan,247
22,1651,kuruluşlarinin,247
22,1652,fevkalade,246
22,1653,firsat,246
22,1654,iller,246
22,1655,samimi,246
22,1656,kaynaklanan,246
22,1657,sözleşmeli,245
22,1658,yönünden,245
22,1659,tedavi,245
22,1660,işveren,245
22,1661,tehdit,244
22,1662,kuruluna,244
22,1663,halbuki,244
22,1664,sektörünün,244
22,1665,bütçenin,244
22,1666,normal,244
22,1667,çikarilmasi,243
22,1668,mahkum,243
22,1669,günde,243
22,1670,getiriyoruz,243
22,1671,mü,242
22,1672,tarafi,242
22,1673,şartlari,242
22,1674,çiftçinin,242
22,1675,bakanimiza,242
22,1676,özür,242
22,1677,verir,242
22,1678,toplumu,242
22,1679,başlamiştir,241
22,1680,düşüncelerle,241
22,1681,düzenlemenin,241
22,1682,fayda,241
22,1683,reform,241
22,1684,içerisindeki,241
22,1685,kalmiştir,241
22,1686,beyan,241
22,1687,önerisi,241
22,1688,göç,241
22,1689,gerçeği,240
22,1690,yaptiğiniz,240
22,1691,bakanliğin,240
22,1692,çekmek,240
22,1693,şeker,240
22,1694,cumhurbaşkaninin,240
22,1695,mümkündür,239
22,1696,kişisel,239
22,1697,miktari,239
22,1698,görüşme,239
22,1699,vermeye,239
22,1700,şeyleri,239
22,1701,özlük,239
22,1702,olduğum,239
22,1703,içindeki,239
22,1704,kayitdişi,239
22,1705,kullanilan,239
22,1706,kamuoyu,238
22,1707,aksi,238
22,1708,değilim,238
22,1709,başbakanimiz,238
22,1710,kalici,238
22,1711,önceden,238
22,1712,geldik,238
22,1713,çalişanlarin,238
22,1714,politikalar,237
22,1715,arkasinda,237
22,1716,cumhuriyetin,237
22,1717,çocuklari,237
22,1718,sözlerimi,237
22,1719,yunanistan,237
22,1720,ederken,237
22,1721,çikip,237
22,1722,sevgiyle,237
22,1723,süreçte,237
22,1724,verelim,237
22,1725,derin,236
22,1726,geçerli,236
22,1727,sinirlari,236
22,1728,grubum,236
22,1729,durumdadir,236
22,1730,zannediyorum,236
22,1731,sahiptir,236
22,1732,parasi,236
22,1733,yaşama,236
22,1734,kendine,235
22,1735,tesis,235
22,1736,onbeş,235
22,1737,sona,235
22,1738,personelin,235
22,1739,terörle,235
22,1740,fiyati,234
22,1741,teşkil,234
22,1742,diyen,234
22,1743,dediği,234
22,1744,edip,234
22,1745,savaş,234
22,1746,intikal,234
22,1747,geliştirilmesi,234
22,1748,amaçla,234
22,1749,millete,233
22,1750,tedbirler,233
22,1751,miktar,233
22,1752,kararlari,232
22,1753,dediler,232
22,1754,tarimda,232
22,1755,gitti,232
22,1756,mutlak,232
22,1757,işsiz,232
22,1758,istikrar,232
22,1759,göstermektedir,231
22,1760,pamuk,231
22,1761,ilde,231
22,1762,olacağiz,231
22,1763,belediyesi,231
22,1764,alakasi,231
22,1765,yapin,231
22,1766,sigara,231
22,1767,bankacilik,230
22,1768,tarafa,230
22,1769,miyiz,230
22,1770,olaylar,230
22,1771,hususu,230
22,1772,şiddet,230
22,1773,hayat,230
22,1774,milletimize,229
22,1775,vatandaşimiz,229
22,1776,pazar,229
22,1777,daniştay,229
22,1778,van,229
22,1779,örgütü,229
22,1780,kapsamli,229
22,1781,edeyim,229
22,1782,erdoğan,229
22,1783,başkanimiz,229
22,1784,ötesinde,228
22,1785,görmek,228
22,1786,güvenliği,228
22,1787,yükseköğretim,228
22,1788,imkanlari,228
22,1789,kriz,228
22,1790,yukari,228
22,1791,kaynaklar,228
22,1792,düşünün,228
22,1793,yargiya,228
22,1794,dürüst,228
22,1795,kullanilmasi,227
22,1796,araya,227
22,1797,açilmasi,227
22,1798,üstelik,227
22,1799,neticesinde,227
22,1800,düzenlemeyi,227
22,1801,modern,227
22,1802,başlayan,227
22,1803,ayi,227
22,1804,burasi,227
22,1805,inceleme,227
22,1806,başkaninin,227
22,1807,aradan,226
22,1808,muhalefetin,226
22,1809,kaliteli,226
22,1810,aldik,226
22,1811,trakya,226
22,1812,şüphesiz,225
22,1813,etkili,225
22,1814,yola,225
22,1815,milletvekillerine,225
22,1816,geldiğimiz,225
22,1817,anayasamizin,225
22,1818,bizzat,224
22,1819,partisine,224
22,1820,edilerek,224
22,1821,yaptiklari,224
22,1822,sebebiyle,224
22,1823,görüştüğümüz,224
22,1824,müdürü,224
22,1825,kurulunda,224
22,1826,yatirimlari,224
22,1827,çaba,224
22,1828,önemlisi,223
22,1829,çin,223
22,1830,eskiden,223
22,1831,cari,223
22,1832,kit,223
22,1833,bakanina,223
22,1834,söylüyoruz,223
22,1835,samsun,223
22,1836,özerk,223
22,1837,üyelerinin,222
22,1838,mazot,222
22,1839,toplumda,222
22,1840,aci,222
22,1841,karşin,222
22,1842,trt,222
22,1843,şeyin,221
22,1844,tahmin,221
22,1845,yükü,221
22,1846,sağliği,221
22,1847,işgal,220
22,1848,tartişma,220
22,1849,ayip,220
22,1850,şartlar,220
22,1851,sözünü,220
22,1852,destekleme,220
22,1853,sektöre,220
22,1854,edelim,220
22,1855,daire,220
22,1856,bizde,220
22,1857,sunarim,219
22,1858,nüfusu,219
22,1859,dönemi,219
22,1860,eşitlik,219
22,1861,kati,219
22,1862,yaptim,219
22,1863,doğan,219
22,1864,nda,219
22,1865,işçinin,219
22,1866,rusya,218
22,1867,lere,218
22,1868,denetimi,218
22,1869,verildi,218
22,1870,görüşülürken,218
22,1871,olmuyor,218
22,1872,ettiniz,218
22,1873,bölgenin,217
22,1874,vermiştir,217
22,1875,kurulda,217
22,1876,kdv,217
22,1877,kan,217
22,1878,dini,217
22,1879,günümüzde,216
22,1880,çözmek,216
22,1881,üzülerek,216
22,1882,kuşkusuz,216
22,1883,istediğim,216
22,1884,zonguldak,216
22,1885,yürütme,215
22,1886,ediyorlar,215
22,1887,basit,215
22,1888,kararlar,215
22,1889,gider,215
22,1890,yapilir,215
22,1891,teklifin,215
22,1892,getirdi,215
22,1893,demokrasinin,215
22,1894,yeter,215
22,1895,program,215
22,1896,oluşturan,214
22,1897,açiklamak,214
22,1898,yasasinin,214
22,1899,zam,214
22,1900,sözlü,214
22,1901,sonuçta,214
22,1902,toplanti,214
22,1903,hukuku,213
22,1904,teknolojik,213
22,1905,açiktir,213
22,1906,bankalar,213
22,1907,kullanmak,213
22,1908,çözümü,213
22,1909,tüketim,213
22,1910,arkadaşlarima,213
22,1911,milleti,212
22,1912,varken,212
22,1913,mersin,212
22,1914,belgesi,212
22,1915,tasarisinda,212
22,1916,haklarinin,212
22,1917,çanakkale,212
22,1918,sarf,212
22,1919,gida,212
22,1920,tapu,212
22,1921,kismini,211
22,1922,almaya,211
22,1923,çikardik,211
22,1924,halkimiz,211
22,1925,medeni,211
22,1926,milletvekilinin,211
22,1927,silah,211
22,1928,alinacak,211
22,1929,değeri,210
22,1930,kamuoyunun,210
22,1931,tamami,210
22,1932,öbür,210
22,1933,çalişmalarin,210
22,1934,bekliyoruz,210
22,1935,arkasindan,210
22,1936,yapmaktadir,210
22,1937,verirken,209
22,1938,şeye,209
22,1939,gelmesi,209
22,1940,yapiya,209
22,1941,yukarida,209
22,1942,ihtiyacini,209
22,1943,uygulamalar,208
22,1944,adana,208
22,1945,adimlar,208
22,1946,gerekirse,208
22,1947,yapilarak,208
22,1948,verilecek,208
22,1949,doğalgaz,208
22,1950,ülkemizdeki,208
22,1951,programinda,208
22,1952,kanunlar,208
22,1953,talebi,208
22,1954,firma,208
22,1955,söyleyeceğim,207
22,1956,düzenlemelerin,207
22,1957,hükümleri,207
22,1958,bunda,207
22,1959,köyişleri,207
22,1960,yatirimlarin,207
22,1961,geleceği,207
22,1962,tarima,206
22,1963,döviz,206
22,1964,uygulanmasi,206
22,1965,sigortasi,206
22,1966,zira,206
22,1967,ara,205
22,1968,diyelim,205
22,1969,açiği,205
22,1970,verdiğiniz,205
22,1971,düzenleyen,205
22,1972,kurula,205
22,1973,memnun,205
22,1974,yargilama,205
22,1975,girmiş,205
22,1976,insanlarimizin,205
22,1977,içinden,204
22,1978,kardeşim,204
22,1979,tl,204
22,1980,öne,204
22,1981,cümle,204
22,1982,baş,204
22,1983,karşilikli,204
22,1984,hususunda,204
22,1985,kamunun,204
22,1986,verdiniz,204
22,1987,hizmetlerin,204
22,1988,kurulun,204
22,1989,baski,204
22,1990,mardin,204
22,1991,yararli,203
22,1992,yapmayin,203
22,1993,tasariya,203
22,1994,okuyorum,203
22,1995,vereyim,203
22,1996,söyleyin,203
22,1997,dünyadaki,202
22,1998,gösteriyor,202
22,1999,üniversitelerin,202
22,2000,anlatmaya,202
23,1,bir,84095
23,2,bu,77212
23,3,ve,75959
23,4,da,34198
23,5,de,32850
23,6,sayin,26152
23,7,değerli,16997
23,8,olarak,16675
23,9,türkiye,16328
23,10,için,16268
23,11,çok,14273
23,12,var,12796
23,13,daha,12139
23,14,ama,11560
23,15,ki,11503
23,16,ne,11208
23,17,ilgili,11183
23,18,olan,11163
23,19,başkan,10574
23,20,yani,10424
23,21,nin,10245
23,22,milletvekilleri,9870
23,23,kadar,9451
23,24,gibi,8885
23,25,şimdi,8784
23,26,burada,8691
23,27,biz,8210
23,28,ben,8089
23,29,yüzde,7859
23,30,en,7702
23,31,her,7441
23,32,zaman,7325
23,33,bunu,7246
23,34,büyük,7099
23,35,mi,6667
23,36,kanun,6490
23,37,önemli,6435
23,38,değil,6369
23,39,tarafindan,6096
23,40,sonra,6058
23,41,bunun,5968
23,42,arkadaşlar,5953
23,43,yok,5813
23,44,önce,5796
23,45,söz,5780
23,46,anayasa,5598
23,47,olduğu,5558
23,48,ile,5530
23,49,böyle,5418
23,50,genel,5407
23,51,yine,5373
23,52,şekilde,5264
23,53,şu,5221
23,54,bugün,5199
23,55,ifade,5191
23,56,türk,5022
23,57,siralarindan,4939
23,58,ya,4936
23,59,bütün,4933
23,60,teşekkür,4784
23,61,arkadaşlarim,4778
23,62,göre,4711
23,63,tabii,4677
23,64,istiyorum,4669
23,65,son,4661
23,66,bin,4648
23,67,yeni,4537
23,68,parti,4506
23,69,ediyorum,4429
23,70,ancak,4275
23,71,bizim,4266
23,72,kanunu,4246
23,73,diğer,4232
23,74,diye,4188
23,75,yilinda,4118
23,76,hem,4085
23,77,iki,4047
23,78,devlet,3984
23,79,kamu,3978
23,80,şey,3961
23,81,özellikle,3940
23,82,alkişlar,3896
23,83,akp,3844
23,84,siz,3813
23,85,sadece,3812
23,86,yil,3772
23,87,iş,3744
23,88,ayni,3743
23,89,ak,3740
23,90,bakin,3720
23,91,milyon,3713
23,92,veya,3664
23,93,in,3639
23,94,üzerinde,3571
23,95,saygiyla,3540
23,96,konuda,3529
23,97,selamliyorum,3511
23,98,sayili,3439
23,99,içerisinde,3418
23,100,kendi,3413
23,101,devam,3409
23,102,nasil,3403
23,103,yapilan,3374
23,104,çünkü,3341
23,105,içinde,3288
23,106,doğru,3227
23,107,eğer,3226
23,108,avrupa,3205
23,109,karşi,3179
23,110,hiçbir,3156
23,111,başka,3124
23,112,özel,3123
23,113,üzere,3120
23,114,yasa,3098
23,115,olduğunu,3038
23,116,bakan,3036
23,117,adina,3025
23,118,yüce,3006
23,119,milli,2992
23,120,iyi,2968
23,121,sosyal,2967
23,122,bazi,2954
23,123,işte,2932
23,124,ise,2930
23,125,partisi,2930
23,126,milyar,2925
23,127,ortaya,2887
23,128,efendim,2878
23,129,dolayisiyla,2858
23,130,vardir,2849
23,131,eğitim,2804
23,132,siyasi,2803
23,133,konusunda,2794
23,134,diyor,2733
23,135,kabul,2727
23,136,ekonomik,2725
23,137,gerçekten,2720
23,138,lazim,2705
23,139,değildir,2677
23,140,etmek,2668
23,141,inci,2640
23,142,yer,2594
23,143,birlikte,2553
23,144,yüksek,2538
23,145,nci,2536
23,146,olmasi,2535
23,147,tüm,2532
23,148,biraz,2519
23,149,buna,2518
23,150,otomatik,2516
23,151,anda,2511
23,152,kapatildi,2500
23,153,cihaz,2478
23,154,mikrofon,2464
23,155,arasinda,2454
23,156,milletvekili,2415
23,157,hükumet,2412
23,158,millet,2406
23,159,gün,2404
23,160,ciddi,2398
23,161,onun,2397
23,162,on,2367
23,163,bunlar,2365
23,164,fazla,2362
23,165,hiç,2353
23,166,ye,2326
23,167,başkanim,2306
23,168,orada,2286
23,169,adalet,2285
23,170,insan,2270
23,171,bütçe,2265
23,172,ayrica,2261
23,173,üç,2248
23,174,yerine,2248
23,175,beş,2241
23,176,yili,2239
23,177,bunlarin,2234
23,178,sağlik,2232
23,179,bunlari,2217
23,180,maalesef,2212
23,181,temel,2198
23,182,almiş,2191
23,183,madde,2181
23,184,ederim,2180
23,185,sizin,2153
23,186,size,2136
23,187,tarim,2121
23,188,ilk,2118
23,189,olmak,2117
23,190,hangi,2109
23,191,niye,2105
23,192,benim,2099
23,193,ülke,2095
23,194,zaten,2093
23,195,birçok,2092
23,196,tek,2077
23,197,açisindan,2076
23,198,uygun,2075
23,199,hakkinda,2062
23,200,konusu,2035
23,201,cumhuriyet,2021
23,202,kurulu,2006
23,203,enerji,1994
23,204,bundan,1979
23,205,artik,1977
23,206,tane,1974
23,207,altinda,1962
23,208,eden,1957
23,209,mümkün,1934
23,210,bakani,1924
23,211,halk,1922
23,212,uluslararasi,1919
23,213,ediyor,1916
23,214,aslinda,1906
23,215,neden,1896
23,216,hukuk,1895
23,217,oldu,1891
23,218,geçen,1887
23,219,alan,1887
23,220,hareket,1884
23,221,çalişma,1884
23,222,meclis,1881
23,223,vergi,1878
23,224,hizmet,1850
23,225,ilişkin,1841
23,226,onu,1818
23,227,sahip,1804
23,228,üzerine,1802
23,229,istanbul,1798
23,230,dünya,1796
23,231,değişiklik,1794
23,232,görev,1788
23,233,açik,1786
23,234,başbakan,1782
23,235,tekrar,1781
23,236,rağmen,1770
23,237,güvenlik,1766
23,238,bile,1758
23,239,mu,1757
23,240,chp,1754
23,241,birliği,1752
23,242,az,1751
23,243,cevap,1747
23,244,düzenleme,1745
23,245,sayisi,1736
23,246,gerek,1733
23,247,şunu,1732
23,248,karar,1715
23,249,gereken,1711
23,250,üncü,1691
23,251,tasarisi,1690
23,252,gelir,1689
23,253,dişinda,1675
23,254,yönelik,1674
23,255,hepinizi,1667
23,256,kişi,1665
23,257,iç,1660
23,258,para,1656
23,259,konu,1634
23,260,olacak,1620
23,261,iktidar,1613
23,262,hale,1606
23,263,yargi,1601
23,264,olur,1599
23,265,öyle,1597
23,266,farkli,1597
23,267,yeniden,1597
23,268,gelen,1581
23,269,devletin,1581
23,270,yanliş,1580
23,271,meclisi,1569
23,272,yi,1563
23,273,evet,1557
23,274,diş,1543
23,275,dönemde,1540
23,276,tam,1537
23,277,kredi,1535
23,278,itibariyla,1527
23,279,ticaret,1521
23,280,sunuyorum,1519
23,281,bakanliği,1512
23,282,ceza,1505
23,283,döneminde,1494
23,284,ülkemizde,1493
23,285,olmayan,1491
23,286,yurt,1490
23,287,peki,1489
23,288,ülkenin,1483
23,289,sanayi,1478
23,290,yapan,1470
23,291,gerekiyor,1468
23,292,maddesi,1456
23,293,grubu,1453
23,294,edilen,1443
23,295,yaklaşik,1432
23,296,dolayi,1424
23,297,bize,1423
23,298,yol,1421
23,299,bugüne,1419
23,300,hak,1418
23,301,milliyetçi,1418
23,302,demokratik,1417
23,303,cumhuriyeti,1414
23,304,dört,1413
23,305,nedeniyle,1404
23,306,ikinci,1402
23,307,hep,1401
23,308,yapilmasi,1401
23,309,toplam,1397
23,310,seçim,1397
23,311,gerekli,1395
23,312,herhangi,1388
23,313,mhp,1386
23,314,soru,1384
23,315,destek,1384
23,316,bilgi,1378
23,317,yillik,1374
23,318,belki,1370
23,319,lira,1361
23,320,birtakim,1358
23,321,nedenle,1356
23,322,belli,1336
23,323,nun,1330
23,324,alti,1315
23,325,su,1311
23,326,grup,1310
23,327,başkani,1296
23,328,hükumetin,1292
23,329,bağli,1292
23,330,gerekir,1290
23,331,tasari,1284
23,332,olsun,1282
23,333,üniversite,1281
23,334,yoktur,1275
23,335,mali,1273
23,336,mevcut,1266
23,337,yapmak,1259
23,338,hemen,1255
23,339,hatta,1251
23,340,haline,1250
23,341,sen,1248
23,342,sira,1244
23,343,mutlaka,1236
23,344,bulunan,1236
23,345,belediye,1229
23,346,saygilar,1224
23,347,bulunuyorum,1223
23,348,dolar,1218
23,349,oy,1213
23,350,ülkemizin,1212
23,351,hakki,1211
23,352,varsa,1193
23,353,süre,1178
23,354,olacaktir,1177
23,355,beraber,1173
23,356,yilda,1169
23,357,un,1165
23,358,araştirma,1165
23,359,ülkede,1163
23,360,ankara,1162
23,361,olmuştur,1161
23,362,kurum,1159
23,363,katilmiyoruz,1156
23,364,yatirim,1155
23,365,durum,1155
23,366,dünyada,1151
23,367,türlü,1150
23,368,den,1143
23,369,nda,1140
23,370,dan,1136
23,371,muhalefet,1135
23,372,elbette,1135
23,373,komisyon,1134
23,374,yaptiği,1134
23,375,haklari,1130
23,376,tasarinin,1128
23,377,derece,1127
23,378,maliye,1125
23,379,ana,1125
23,380,dikkate,1120
23,381,sekiz,1116
23,382,dişi,1114
23,383,söylüyorum,1113
23,384,insanlar,1107
23,385,buradan,1107
23,386,birinci,1106
23,387,verilen,1101
23,388,hayir,1097
23,389,doğal,1096
23,390,önceki,1092
23,391,olduğumuz,1090
23,392,çalişan,1088
23,393,ay,1088
23,394,vardi,1087
23,395,ihale,1087
23,396,tarihinde,1084
23,397,ediyoruz,1082
23,398,orman,1077
23,399,teşvik,1073
23,400,mücadele,1072
23,401,bana,1071
23,402,yapilacak,1069
23,403,istihdam,1065
23,404,toplum,1062
23,405,ytl,1059
23,406,midir,1058
23,407,çözüm,1057
23,408,kisa,1056
23,409,çerçevesinde,1055
23,410,yakin,1048
23,411,uzun,1043
23,412,görüyoruz,1041
23,413,oluyor,1041
23,414,dedi,1041
23,415,etmektedir,1040
23,416,onlarin,1040
23,417,zamanda,1039
23,418,kalkinma,1039
23,419,kim,1037
23,420,an,1030
23,421,kez,1029
23,422,nedir,1027
23,423,üretim,1023
23,424,geri,1021
23,425,yirmi,1018
23,426,ettiği,1016
23,427,önerge,1015
23,428,heyetinizi,1013
23,429,merkezi,1013
23,430,vesileyle,1011
23,431,geldi,1009
23,432,defa,1008
23,433,yazik,1008
23,434,ondan,1005
23,435,amaciyla,1005
23,436,arz,1001
23,437,sorun,997
23,438,başina,997
23,439,anlamda,996
23,440,hepinize,996
23,441,yabanci,991
23,442,buraya,982
23,443,olabilir,980
23,444,olup,979
23,445,ortadan,977
23,446,gürültüler,974
23,447,denetim,974
23,448,gündeme,973
23,449,başta,970
23,450,personel,968
23,451,insanlarin,967
23,452,yönetim,962
23,453,yasasi,956
23,454,geçici,955
23,455,il,954
23,456,demokrasi,950
23,457,verdiği,947
23,458,ün,947
23,459,olmaz,943
23,460,sorunu,939
23,461,esas,938
23,462,kanunun,937
23,463,te,937
23,464,yasal,937
23,465,dair,936
23,466,yerel,935
23,467,dile,929
23,468,deki,923
23,469,öncelikle,923
23,470,arkadaşlarimiz,923
23,471,hala,922
23,472,yapmiş,920
23,473,meclisin,918
23,474,birkaç,917
23,475,ayri,916
23,476,yüz,916
23,477,gerçek,916
23,478,izmir,915
23,479,beri,913
23,480,altina,913
23,481,veren,912
23,482,elektrik,912
23,483,ihtiyaç,911
23,484,şöyle,911
23,485,dün,909
23,486,acaba,904
23,487,vermek,901
23,488,güzel,899
23,489,partisinin,898
23,490,ortak,898
23,491,geliyor,898
23,492,askeri,896
23,493,mehmet,896
23,494,halinde,895
23,495,olmadiği,894
23,496,lütfen,889
23,497,allah,884
23,498,yana,881
23,499,düşünüyorum,880
23,500,milletin,875
23,501,yoksa,871
23,502,çevre,870
23,503,yapiyor,870
23,504,serbest,864
23,505,dünyanin,864
23,506,teklifi,861
23,507,yedi,860
23,508,yildir,860
23,509,elde,859
23,510,işsizlik,858
23,511,yeterli,858
23,512,tespit,857
23,513,katki,857
23,514,olsa,855
23,515,sene,855
23,516,yolu,854
23,517,gerekmektedir,853
23,518,orani,852
23,519,teknik,852
23,520,taraftan,851
23,521,sivil,851
23,522,demek,847
23,523,görevi,846
23,524,kurumu,845
23,525,komisyonu,844
23,526,orta,843
23,527,çalişmalar,840
23,528,çeşitli,838
23,529,adi,838
23,530,günü,830
23,531,durumda,830
23,532,kaç,830
23,533,yaşanan,829
23,534,tüzük,828
23,535,tür,828
23,536,musunuz,827
23,537,bakanim,826
23,538,olmasini,825
23,539,kriz,824
23,540,sorunlari,823
23,541,biri,822
23,542,kültür,821
23,543,amerika,821
23,544,sistemi,821
23,545,bununla,819
23,546,uncu,818
23,547,terör,817
23,548,biliyorsunuz,813
23,549,ülkemiz,813
23,550,küçük,812
23,551,devleti,811
23,552,vermiş,810
23,553,herkes,808
23,554,yapilmiş,808
23,555,ona,808
23,556,suretiyle,805
23,557,karari,804
23,558,dahil,803
23,559,küresel,802
23,560,izin,801
23,561,diliyorum,800
23,562,göz,797
23,563,daki,796
23,564,fakat,796
23,565,aykiri,795
23,566,noktada,795
23,567,itibaren,787
23,568,sürekli,785
23,569,civarinda,785
23,570,artiş,785
23,571,mahkemesi,783
23,572,ele,783
23,573,talep,782
23,574,etti,781
23,575,kaynak,780
23,576,maddesinde,780
23,577,projesi,778
23,578,biliyoruz,773
23,579,çikan,772
23,580,proje,769
23,581,şeklinde,768
23,582,düzenlemeler,766
23,583,edilmesi,765
23,584,turizm,764
23,585,hakim,763
23,586,öğretim,763
23,587,yillarda,760
23,588,istiyoruz,758
23,589,bulunmaktadir,757
23,590,toki,757
23,591,yaninda,755
23,592,devamla,755
23,593,borç,755
23,594,bakanlar,753
23,595,bey,751
23,596,örneğin,751
23,597,alinmasi,751
23,598,dönem,750
23,599,yerde,750
23,600,doğu,749
23,601,yapiyoruz,749
23,602,tamamen,749
23,603,suç,749
23,604,önümüzdeki,746
23,605,önüne,745
23,606,gelecek,745
23,607,alanda,744
23,608,yla,744
23,609,onlar,742
23,610,trt,739
23,611,bakiniz,737
23,612,maddede,736
23,613,sonucu,732
23,614,içişleri,730
23,615,hükumeti,728
23,616,çocuk,727
23,617,idari,726
23,618,olumlu,725
23,619,li,725
23,620,edilmiş,723
23,621,tanesi,722
23,622,kapsaminda,722
23,623,yapildi,722
23,624,olmadiğini,720
23,625,halkin,720
23,626,yapiliyor,719
23,627,teklif,719
23,628,kismi,718
23,629,tarihi,718
23,630,yaptik,716
23,631,ihtiyaci,714
23,632,ait,711
23,633,maddenin,709
23,634,alinan,709
23,635,çalişmalari,709
23,636,kara,709
23,637,anadolu,708
23,638,la,707
23,639,toplumun,707
23,640,aldim,706
23,641,uygulama,706
23,642,olmuş,705
23,643,işçi,705
23,644,düşük,705
23,645,bizi,703
23,646,birisi,701
23,647,işleri,700
23,648,konuyu,700
23,649,siyaset,700
23,650,pek,698
23,651,üst,697
23,652,eylül,697
23,653,kürt,697
23,654,başinda,693
23,655,bakanliğinin,693
23,656,doğrudan,692
23,657,ulusal,692
23,658,örnek,691
23,659,kalan,690
23,660,resmi,688
23,661,çikti,687
23,662,toplumsal,687
23,663,bölge,687
23,664,baktiğimizda,685
23,665,almak,684
23,666,gelmiştir,683
23,667,net,680
23,668,şeyi,679
23,669,sağlikli,678
23,670,başbakanin,676
23,671,söylemek,675
23,672,yandan,675
23,673,eski,674
23,674,na,671
23,675,öğretmen,670
23,676,müdürlüğü,670
23,677,kimse,669
23,678,şeyler,667
23,679,plan,667
23,680,hayirli,667
23,681,yaşayan,664
23,682,mesela,662
23,683,üzerinden,661
23,684,genç,660
23,685,atatürk,660
23,686,bunlara,658
23,687,durumu,658
23,688,değişikliği,658
23,689,yazili,657
23,690,ağir,657
23,691,ta,656
23,692,arasindaki,656
23,693,husus,655
23,694,geçmiş,655
23,695,tl,652
23,696,hepimiz,651
23,697,halen,651
23,698,misiniz,650
23,699,etmiş,650
23,700,aldiği,649
23,701,kayit,649
23,702,onlari,646
23,703,sahibi,644
23,704,iken,643
23,705,gereği,642
23,706,üyesi,640
23,707,meslek,640
23,708,adet,640
23,709,dahi,636
23,710,nükleer,636
23,711,önem,636
23,712,tabi,634
23,713,takip,632
23,714,zorunda,631
23,715,işin,631
23,716,edecek,631
23,717,karşisinda,630
23,718,işi,629
23,719,gelmiş,629
23,720,hakkini,628
23,721,mal,627
23,722,halde,625
23,723,otuz,624
23,724,faiz,623
23,725,tütün,623
23,726,vakif,623
23,727,bütçesi,622
23,728,etkin,621
23,729,yilindan,619
23,730,üçüncü,617
23,731,gelin,616
23,732,takdirde,615
23,733,hepimizin,612
23,734,noktasinda,612
23,735,alaninda,611
23,736,diyoruz,611
23,737,mecliste,610
23,738,budur,610
23,739,özelleştirme,609
23,740,edilmiştir,609
23,741,getirilen,609
23,742,saat,607
23,743,oraya,607
23,744,öğrenci,605
23,745,komisyonda,605
23,746,diyorum,605
23,747,koruma,605
23,748,bilim,604
23,749,bağimsiz,603
23,750,sermaye,602
23,751,alt,602
23,752,deniz,602
23,753,inşallah,602
23,754,bakanin,602
23,755,hepsi,601
23,756,ayinda,600
23,757,ölçüde,600
23,758,bakimindan,599
23,759,üye,598
23,760,ederek,597
23,761,önünde,596
23,762,bariş,596
23,763,yasanin,596
23,764,savunma,596
23,765,zarar,594
23,766,yaptiğimiz,591
23,767,gerektiğini,585
23,768,yapma,584
23,769,tarimsal,584
23,770,sektör,583
23,771,yapi,582
23,772,spor,581
23,773,el,580
23,774,kurul,579
23,775,rekabet,578
23,776,emekli,578
23,777,arada,578
23,778,meclise,577
23,779,kuruluş,575
23,780,kaldi,573
23,781,sizi,571
23,782,sağlamak,571
23,783,iptal,570
23,784,bunlardan,569
23,785,yürürlüğe,568
23,786,maddesinin,566
23,787,buradaki,566
23,788,yeri,566
23,789,veriyor,565
23,790,sorunlar,565
23,791,büyükşehir,563
23,792,sonuç,563
23,793,sonunda,562
23,794,mustafa,562
23,795,değer,561
23,796,oradaki,558
23,797,söylüyor,558
23,798,arkadaşimiz,557
23,799,bakanlik,557
23,800,biliyor,557
23,801,sayiştay,557
23,802,hesap,557
23,803,konut,555
23,804,meydana,554
23,805,yapti,554
23,806,ettik,554
23,807,nerede,554
23,808,ihracat,554
23,809,olursa,553
23,810,si,553
23,811,ek,552
23,812,herhalde,550
23,813,gerekse,550
23,814,imkani,549
23,815,idare,548
23,816,kurulunun,548
23,817,diyorsunuz,547
23,818,dikkat,547
23,819,yoğun,546
23,820,başkanliği,545
23,821,içine,545
23,822,açikça,545
23,823,soruyorum,545
23,824,yetki,544
23,825,olmasina,543
23,826,edildi,542
23,827,yerinde,542
23,828,dayali,542
23,829,zor,541
23,830,silahli,540
23,831,polis,540
23,832,yapilmasina,538
23,833,çerçevede,538
23,834,kendisine,537
23,835,hizli,537
23,836,doğrultusunda,536
23,837,ülkeler,536
23,838,alakali,535
23,839,merkez,535
23,840,bulunduğu,535
23,841,dakika,534
23,842,aliyor,533
23,843,kemal,533
23,844,kirk,532
23,845,konularda,531
23,846,çikiyor,531
23,847,acil,531
23,848,irak,531
23,849,benzer,529
23,850,biçimde,529
23,851,yle,528
23,852,hukuki,528
23,853,adeta,528
23,854,ni,527
23,855,dir,527
23,856,alani,527
23,857,desteği,527
23,858,ücret,527
23,859,mahkemesinin,526
23,860,ali,525
23,861,dil,525
23,862,konuşma,525
23,863,oraninda,524
23,864,basin,523
23,865,ton,523
23,866,karşiya,522
23,867,doğrusu,522
23,868,sulama,522
23,869,gücü,522
23,870,emniyet,521
23,871,yapilmiştir,519
23,872,imkan,519
23,873,hafta,519
23,874,gidiyor,518
23,875,yasama,518
23,876,yeter,518
23,877,kadin,517
23,878,vatandaşlarimizin,516
23,879,hava,516
23,880,iktidari,514
23,881,yarin,513
23,882,ülkelerin,513
23,883,aile,512
23,884,kere,512
23,885,binlerce,512
23,886,verilmesi,511
23,887,sonucunda,511
23,888,yapacak,510
23,889,bakimdan,510
23,890,içi,510
23,891,böylece,508
23,892,bugünkü,507
23,893,terörle,506
23,894,kişinin,505
23,895,ilave,505
23,896,geçtiğimiz,503
23,897,üretimi,502
23,898,bilimsel,501
23,899,söyledi,500
23,900,aynen,499
23,901,siyasal,499
23,902,eder,499
23,903,esnaf,499
23,904,etmiştir,498
23,905,aylik,498
23,906,söyleyeyim,498
23,907,üniversitesi,497
23,908,dava,497
23,909,geniş,497
23,910,payi,497
23,911,müdahale,496
23,912,görüşülmekte,495
23,913,kötü,494
23,914,kanunla,494
23,915,yök,492
23,916,tunceli,492
23,917,rakam,492
23,918,güçlü,491
23,919,mersin,491
23,920,hakikaten,491
23,921,asgari,490
23,922,değişik,490
23,923,raporu,490
23,924,nde,489
23,925,imar,489
23,926,bölgede,488
23,927,geçmişte,487
23,928,niçin,487
23,929,bankasi,487
23,930,dokuz,486
23,931,tan,485
23,932,yardim,485
23,933,hizmetleri,485
23,934,yerli,485
23,935,çağdaş,483
23,936,verdiğimiz,483
23,937,organize,483
23,938,herkesin,482
23,939,bakana,482
23,940,hazine,482
23,941,kültürel,481
23,942,hüküm,481
23,943,sizlere,481
23,944,etme,481
23,945,gaziantep,481
23,946,iddia,480
23,947,müsaade,480
23,948,toplu,480
23,949,büyüme,479
23,950,önemlidir,478
23,951,pkk,478
23,952,kat,478
23,953,sirasinda,477
23,954,ediliyor,477
23,955,konuya,476
23,956,kurulmasi,476
23,957,ortada,475
23,958,edilmektedir,475
23,959,imf,475
23,960,olay,474
23,961,bulunmaktayim,474
23,962,onlara,473
23,963,önergesi,472
23,964,olumsuz,472
23,965,getirmek,471
23,966,sikinti,471
23,967,konuyla,471
23,968,çalişiyoruz,471
23,969,saygi,470
23,970,sistem,470
23,971,ileri,470
23,972,ekonomi,469
23,973,tarih,469
23,974,savcilar,468
23,975,verecek,466
23,976,vatandaş,466
23,977,mayis,466
23,978,gelişmiş,465
23,979,arkadaşlarimizin,464
23,980,afet,464
23,981,hayata,463
23,982,çikmiş,463
23,983,temin,462
23,984,sonraki,462
23,985,evvel,461
23,986,yayin,460
23,987,nüfus,460
23,988,sizlerle,459
23,989,paylaşmak,459
23,990,asil,459
23,991,yönetimi,458
23,992,güç,458
23,993,köy,458
23,994,kanunda,457
23,995,getirdiği,455
23,996,yere,454
23,997,milletimizin,454
23,998,mağdur,454
23,999,kibris,453
23,1000,kurulan,453
23,1001,rakamlar,453
23,1002,geldiği,453
23,1003,teknoloji,453
23,1004,tip,452
23,1005,ocak,452
23,1006,hizmeti,451
23,1007,ödeme,451
23,1008,kurumlar,451
23,1009,kendisi,450
23,1010,üzerindeki,450
23,1011,giderek,449
23,1012,bakanimiz,449
23,1013,mahkeme,449
23,1014,bölgesi,449
23,1015,belirtmek,449
23,1016,plani,448
23,1017,çek,448
23,1018,maddeyle,447
23,1019,açidan,447
23,1020,zamaninda,445
23,1021,günlerde,445
23,1022,verdi,444
23,1023,tasarida,444
23,1024,ülkemize,444
23,1025,sorumlu,444
23,1026,durumunda,443
23,1027,maddesine,443
23,1028,temsil,443
23,1029,sektörü,442
23,1030,oysa,441
23,1031,şahsim,440
23,1032,açiklama,440
23,1033,sayida,440
23,1034,inaniyorum,439
23,1035,amaci,438
23,1036,antalya,438
23,1037,sağlayacak,438
23,1038,toprak,438
23,1039,iktidara,437
23,1040,uzman,437
23,1041,ön,436
23,1042,sağlanmasi,436
23,1043,sorunlarin,436
23,1044,demektir,435
23,1045,duruma,435
23,1046,teslim,434
23,1047,vatandaşin,433
23,1048,iktidarin,433
23,1049,yilina,433
23,1050,lik,433
23,1051,kasim,432
23,1052,isterim,431
23,1053,borcu,431
23,1054,etmeye,431
23,1055,ten,431
23,1056,saygideğer,430
23,1057,baktiğimiz,429
23,1058,işlem,429
23,1059,alarak,429
23,1060,adana,428
23,1061,milletvekillerinin,428
23,1062,azindan,427
23,1063,torba,426
23,1064,soruşturma,426
23,1065,neredeyse,425
23,1066,ilan,424
23,1067,tarihli,423
23,1068,yönünde,423
23,1069,başarili,423
23,1070,yoluyla,422
23,1071,le,422
23,1072,fiyat,422
23,1073,nereden,422
23,1074,komisyonunda,420
23,1075,haklarini,419
23,1076,anlayişi,418
23,1077,ab,417
23,1078,korunmasi,417
23,1079,yapmaya,417
23,1080,çikmiştir,417
23,1081,idaresi,417
23,1082,sanki,416
23,1083,mart,416
23,1084,güvenliği,416
23,1085,meclisinin,415
23,1086,ülkelerde,415
23,1087,denetimi,415
23,1088,birliğinin,415
23,1089,düşen,415
23,1090,oradan,414
23,1091,dişina,414
23,1092,dedik,413
23,1093,gaz,412
23,1094,görevleri,411
23,1095,yetkisi,411
23,1096,verdik,410
23,1097,krizin,410
23,1098,bakanliğina,410
23,1099,insanlari,409
23,1100,beni,409
23,1101,konunun,408
23,1102,sonuna,407
23,1103,süreci,406
23,1104,değişiklikler,405
23,1105,hakimler,405
23,1106,söyledim,405
23,1107,henüz,403
23,1108,petrol,403
23,1109,ekim,403
23,1110,vergisi,403
23,1111,hükumetimiz,402
23,1112,sinir,402
23,1113,sözleşmeli,402
23,1114,sormak,401
23,1115,kendilerine,401
23,1116,ikincisi,401
23,1117,et,401
23,1118,etmesi,401
23,1119,ortalama,401
23,1120,uyuşturucu,401
23,1121,olma,400
23,1122,takdir,400
23,1123,ilçe,400
23,1124,nitekim,399
23,1125,uyum,399
23,1126,gümrük,398
23,1127,eylem,398
23,1128,kontrol,398
23,1129,bildiğiniz,398
23,1130,politikasi,398
23,1131,anlaşma,397
23,1132,şehit,397
23,1133,yapiyorsunuz,396
23,1134,politika,395
23,1135,pay,395
23,1136,suyu,395
23,1137,hizla,395
23,1138,ithal,394
23,1139,yapilmaktadir,393
23,1140,verin,393
23,1141,ticari,392
23,1142,üyeleri,392
23,1143,ediyorsunuz,392
23,1144,ürün,391
23,1145,uzak,389
23,1146,güneydoğu,389
23,1147,trilyon,389
23,1148,anayasasi,388
23,1149,haksiz,386
23,1150,edin,386
23,1151,birleşmiş,386
23,1152,sorunlarini,386
23,1153,olmalidir,385
23,1154,yarginin,384
23,1155,kobi,384
23,1156,kimsenin,383
23,1157,dişişleri,382
23,1158,değerlendirme,382
23,1159,düşünüyoruz,382
23,1160,adim,381
23,1161,gene,381
23,1162,yaşam,381
23,1163,ahmet,381
23,1164,alinarak,380
23,1165,bölgesel,380
23,1166,gelip,380
23,1167,gida,380
23,1168,işler,379
23,1169,maden,379
23,1170,altyapi,378
23,1171,olmazsa,377
23,1172,tehdit,377
23,1173,planlama,377
23,1174,olmaktadir,376
23,1175,birlik,376
23,1176,işletme,376
23,1177,milleti,375
23,1178,vatandaşlarimiz,374
23,1179,kisaca,374
23,1180,verilmiş,373
23,1181,süt,373
23,1182,kurumun,373
23,1183,kolay,373
23,1184,baraji,373
23,1185,süreç,372
23,1186,konudaki,372
23,1187,okul,372
23,1188,tasariyla,371
23,1189,eşit,371
23,1190,gelişme,370
23,1191,bizden,370
23,1192,sözlerime,370
23,1193,oldukça,370
23,1194,mizin,370
23,1195,televizyon,369
23,1196,uygulamaya,369
23,1197,yaparken,368
23,1198,yargitay,368
23,1199,çiftçi,368
23,1200,insani,368
23,1201,üniversitelerin,368
23,1202,bazen,367
23,1203,saygilarimla,367
23,1204,görüşmekte,366
23,1205,milletvekilimiz,366
23,1206,merak,366
23,1207,sözlü,366
23,1208,hukukun,365
23,1209,görülmektedir,364
23,1210,belirli,364
23,1211,adli,364
23,1212,görüş,364
23,1213,nereye,364
23,1214,maddeye,363
23,1215,elli,363
23,1216,ulaştirma,362
23,1217,yalniz,362
23,1218,sirada,362
23,1219,görüşlerini,362
23,1220,kurumlari,362
23,1221,çocuklarin,362
23,1222,partiler,360
23,1223,insanlara,360
23,1224,üniversiteler,360
23,1225,yila,360
23,1226,gösteren,359
23,1227,kurulun,359
23,1228,yaparak,359
23,1229,yaş,359
23,1230,belediyeler,359
23,1231,sonu,358
23,1232,imza,358
23,1233,israil,358
23,1234,hayvan,358
23,1235,kadro,357
23,1236,maaş,357
23,1237,faaliyet,356
23,1238,birliğine,356
23,1239,ettim,356
23,1240,davet,356
23,1241,hedef,356
23,1242,programi,355
23,1243,şeker,355
23,1244,çocuklar,355
23,1245,kişilerin,355
23,1246,gerekçe,355
23,1247,maddesiyle,355
23,1248,sözleşme,355
23,1249,sigara,355
23,1250,sektörün,355
23,1251,aralik,354
23,1252,gap,354
23,1253,cumhurbaşkani,354
23,1254,ödenek,354
23,1255,usul,354
23,1256,yillardir,353
23,1257,yilinin,353
23,1258,çalişiyor,353
23,1259,prim,353
23,1260,asla,352
23,1261,şudur,352
23,1262,dediğimiz,352
23,1263,süreçte,352
23,1264,güven,352
23,1265,buçuk,351
23,1266,sektöründe,350
23,1267,yapildiği,350
23,1268,falan,350
23,1269,işe,350
23,1270,yardimci,350
23,1271,biliyorum,349
23,1272,alacak,349
23,1273,yolsuzluk,349
23,1274,altini,349
23,1275,isteyen,349
23,1276,can,348
23,1277,senin,348
23,1278,yap,348
23,1279,parlamento,348
23,1280,rakamlari,348
23,1281,kesinlikle,348
23,1282,edildiği,348
23,1283,getirilmesi,347
23,1284,sigorta,347
23,1285,dolara,347
23,1286,tasarisinin,347
23,1287,yaptiniz,347
23,1288,kaynaklar,347
23,1289,anlami,346
23,1290,sağlayan,346
23,1291,inceleme,346
23,1292,gündemine,345
23,1293,amaç,345
23,1294,noktaya,345
23,1295,verimli,344
23,1296,alinmiş,344
23,1297,yahu,344
23,1298,adil,344
23,1299,bölümü,344
23,1300,veriyoruz,344
23,1301,inşaat,344
23,1302,ister,344
23,1303,yeşil,343
23,1304,giren,343
23,1305,bütçenin,343
23,1306,ülkeye,343
23,1307,gayrisafi,343
23,1308,boyunca,343
23,1309,borçlar,342
23,1310,ederseniz,342
23,1311,dolarlik,342
23,1312,temmuz,341
23,1313,rahatsiz,341
23,1314,ettiğimiz,341
23,1315,müdür,341
23,1316,sik,341
23,1317,olmaktan,341
23,1318,benzeri,340
23,1319,istiyor,340
23,1320,oluşan,340
23,1321,dedim,340
23,1322,milletimize,340
23,1323,bilindiği,340
23,1324,kilometre,340
23,1325,zorunlu,340
23,1326,danişma,340
23,1327,düzeyde,339
23,1328,fayda,338
23,1329,kişiye,338
23,1330,işsiz,338
23,1331,edeyim,337
23,1332,aşaği,337
23,1333,kişiler,337
23,1334,diyarbakir,337
23,1335,rapor,337
23,1336,ilgilendiren,337
23,1337,yüzden,337
23,1338,aldi,336
23,1339,ortamda,336
23,1340,yardimcisi,336
23,1341,neler,336
23,1342,geçti,336
23,1343,görevini,336
23,1344,yoksulluk,336
23,1345,uygulanan,335
23,1346,örgütü,335
23,1347,almanya,335
23,1348,bizler,335
23,1349,çikip,335
23,1350,hukuka,335
23,1351,dönük,335
23,1352,anayasal,333
23,1353,ülkeleri,333
23,1354,almaktadir,333
23,1355,konular,332
23,1356,hani,332
23,1357,kuzey,331
23,1358,kürsüden,331
23,1359,futbol,331
23,1360,yapalim,330
23,1361,gidip,330
23,1362,olacaği,330
23,1363,geriye,329
23,1364,özür,329
23,1365,doğrudur,329
23,1366,tedbirler,328
23,1367,anlayiş,328
23,1368,sorunun,327
23,1369,gelmektedir,327
23,1370,gerektiği,327
23,1371,seksen,326
23,1372,grubunun,326
23,1373,bak,325
23,1374,başladi,325
23,1375,hele,325
23,1376,edeceğiz,324
23,1377,fark,324
23,1378,kendisini,324
23,1379,tamam,324
23,1380,alip,324
23,1381,verme,324
23,1382,insanin,324
23,1383,alma,323
23,1384,belediyelerin,323
23,1385,katiliyoruz,323
23,1386,stratejik,323
23,1387,yeterince,323
23,1388,dünyadaki,322
23,1389,kaynaği,321
23,1390,gözden,321
23,1391,adiyaman,321
23,1392,sebep,320
23,1393,vadeli,320
23,1394,memur,320
23,1395,alim,320
23,1396,denetleme,320
23,1397,yilin,320
23,1398,olacağini,319
23,1399,tahsis,319
23,1400,kardeşim,319
23,1401,etkili,319
23,1402,gece,319
23,1403,uygulamasi,318
23,1404,selamlarim,318
23,1405,yerlerde,318
23,1406,sisteminin,318
23,1407,çalişmasi,318
23,1408,gelişmeler,317
23,1409,demir,317
23,1410,van,317
23,1411,kaynaklari,317
23,1412,eksik,316
23,1413,olsaydi,315
23,1414,hükumete,315
23,1415,nokta,315
23,1416,cari,315
23,1417,diyorlar,314
23,1418,getirilmiştir,314
23,1419,satin,314
23,1420,bence,314
23,1421,yükseköğretim,314
23,1422,hakli,314
23,1423,teşkilati,314
23,1424,tapu,314
23,1425,rahmet,314
23,1426,kalmiş,314
23,1427,korumak,313
23,1428,bakalim,313
23,1429,cezasi,313
23,1430,milletler,313
23,1431,tayyip,312
23,1432,edilecek,312
23,1433,olmadan,311
23,1434,adam,310
23,1435,reel,310
23,1436,verilmiştir,309
23,1437,daniştay,309
23,1438,yapmasi,309
23,1439,dönüşüm,309
23,1440,kullanilan,309
23,1441,artan,309
23,1442,süresi,308
23,1443,olun,308
23,1444,getiren,308
23,1445,yasayi,308
23,1446,idi,308
23,1447,kimin,307
23,1448,halki,307
23,1449,maddeler,307
23,1450,olanlar,307
23,1451,dişindaki,307
23,1452,kurulmuş,307
23,1453,teşkilat,307
23,1454,demokrasinin,307
23,1455,şubat,306
23,1456,sorumluluk,306
23,1457,olamaz,305
23,1458,vekili,305
23,1459,başkaninin,305
23,1460,başbakanlik,304
23,1461,temenni,304
23,1462,açiği,304
23,1463,kur,304
23,1464,baş,303
23,1465,ülkeyi,303
23,1466,sizler,303
23,1467,sunmak,303
23,1468,mahkum,303
23,1469,sorusu,303
23,1470,anlamina,302
23,1471,gizli,302
23,1472,dtp,302
23,1473,şirnak,302
23,1474,olduklari,302
23,1475,haziran,302
23,1476,liraya,302
23,1477,olduğuna,301
23,1478,nisan,301
23,1479,sayisinin,301
23,1480,gördük,301
23,1481,alanlarda,301
23,1482,kaynaklanan,301
23,1483,arzu,301
23,1484,günlük,301
23,1485,vereceğim,301
23,1486,türkçe,300
23,1487,gündem,299
23,1488,arkasindan,299
23,1489,ini,299
23,1490,devlete,299
23,1491,mahkemesine,299
23,1492,baski,299
23,1493,hukuku,299
23,1494,sikintilar,298
23,1495,elinde,298
23,1496,görüyorum,298
23,1497,ara,298
23,1498,neticesinde,298
23,1499,boş,298
23,1500,sizden,298
23,1501,kadastro,298
23,1502,kamer,297
23,1503,sizleri,297
23,1504,halka,297
23,1505,kar,297
23,1506,izah,297
23,1507,personelin,296
23,1508,altmiş,296
23,1509,vakiflar,296
23,1510,ziraat,296
23,1511,olmaya,295
23,1512,gitti,295
23,1513,bursa,295
23,1514,icra,295
23,1515,deprem,295
23,1516,başkanlik,294
23,1517,tablo,293
23,1518,arasi,293
23,1519,bunlarla,293
23,1520,aldik,293
23,1521,kurumunun,293
23,1522,sürede,293
23,1523,şirket,293
23,1524,öngörülen,293
23,1525,oran,292
23,1526,kurulda,292
23,1527,konuşan,291
23,1528,itiraz,291
23,1529,rusya,291
23,1530,islam,291
23,1531,araç,291
23,1532,sana,290
23,1533,ettiğim,289
23,1534,artirilmasi,289
23,1535,ayrilan,289
23,1536,talebi,289
23,1537,işlet,289
23,1538,enflasyon,288
23,1539,miktari,288
23,1540,tedbir,288
23,1541,hükumetinin,287
23,1542,yildan,287
23,1543,sinirli,287
23,1544,üretici,287
23,1545,günden,286
23,1546,müzakere,286
23,1547,nedeni,286
23,1548,özgür,286
23,1549,yetkili,286
23,1550,öte,286
23,1551,herkese,286
23,1552,alanlari,286
23,1553,gelince,285
23,1554,kimi,285
23,1555,çikar,285
23,1556,maddi,285
23,1557,ettiler,284
23,1558,yapacağiz,284
23,1559,istediği,284
23,1560,bakanliğimiz,284
23,1561,ayda,284
23,1562,gazi,284
23,1563,oranda,284
23,1564,kanunlar,283
23,1565,bayindirlik,283
23,1566,çocuklari,283
23,1567,olmamasi,283
23,1568,rahat,283
23,1569,kararlari,282
23,1570,ekonominin,282
23,1571,kosgeb,282
23,1572,saygilarimi,281
23,1573,katilamiyoruz,281
23,1574,içindeki,281
23,1575,maddeyi,280
23,1576,kuruluna,280
23,1577,mü,280
23,1578,bizzat,280
23,1579,hayatini,279
23,1580,vatandaşimiz,279
23,1581,düzenlemeyle,279
23,1582,konya,279
23,1583,çekmek,278
23,1584,sözleşmesi,278
23,1585,yalan,278
23,1586,tekel,278
23,1587,birakin,278
23,1588,söylüyoruz,278
23,1589,önergeyle,278
23,1590,kişilik,278
23,1591,hakaret,277
23,1592,dönemlerde,277
23,1593,politikalari,277
23,1594,sağliği,277
23,1595,ithalat,276
23,1596,yillar,276
23,1597,getirdi,276
23,1598,almiştir,276
23,1599,birleşik,276
23,1600,tesis,276
23,1601,sözü,275
23,1602,partilerin,275
23,1603,ha,275
23,1604,yaptiğiniz,275
23,1605,yakindan,275
23,1606,silah,275
23,1607,uzlaşma,275
23,1608,lirasi,275
23,1609,günde,275
23,1610,geç,275
23,1611,yasayla,274
23,1612,erdoğan,274
23,1613,parlamentoda,274
23,1614,kati,274
23,1615,dürüst,274
23,1616,bakaninin,274
23,1617,normal,274
23,1618,toplumu,273
23,1619,somut,273
23,1620,girdi,273
23,1621,partinin,273
23,1622,terk,273
23,1623,değiliz,273
23,1624,yetersiz,273
23,1625,maddeleri,272
23,1626,eş,272
23,1627,fiyatlari,272
23,1628,zorundayiz,272
23,1629,gazete,272
23,1630,savaş,272
23,1631,ürünleri,271
23,1632,konulari,271
23,1633,anlaminda,271
23,1634,yatirimlari,271
23,1635,çözümü,271
23,1636,yenilenebilir,271
23,1637,kesin,270
23,1638,millete,270
23,1639,sağ,270
23,1640,getirdik,270
23,1641,banka,269
23,1642,meclisinde,269
23,1643,firsat,269
23,1644,teşkil,269
23,1645,halbuki,269
23,1646,katma,269
23,1647,iller,269
23,1648,program,269
23,1649,yollari,269
23,1650,öncesi,268
23,1651,neyi,268
23,1652,bakanliğin,268
23,1653,toplanti,268
23,1654,miktar,268
23,1655,yapar,267
23,1656,vural,267
23,1657,göstermektedir,267
23,1658,diliyor,267
23,1659,özlük,267
23,1660,zam,267
23,1661,sebebi,267
23,1662,önünü,267
23,1663,ekonomisi,266
23,1664,belediyesi,266
23,1665,kuruluşlari,266
23,1666,sizlerin,266
23,1667,görüştüğümüz,266
23,1668,devletleri,266
23,1669,arazi,266
23,1670,din,266
23,1671,kullanma,265
23,1672,sebebiyle,265
23,1673,kuruş,265
23,1674,tüik,265
23,1675,tokat,265
23,1676,hazir,264
23,1677,alinmiştir,264
23,1678,sürece,264
23,1679,erzurum,264
23,1680,sinirlari,264
23,1681,sistemin,263
23,1682,hükmü,263
23,1683,rica,263
23,1684,açilan,263
23,1685,dönemi,262
23,1686,yukari,262
23,1687,hizmetler,262
23,1688,düşünüyor,262
23,1689,kurula,262
23,1690,kişisel,262
23,1691,hesabini,262
23,1692,gereğini,262
23,1693,etnik,261
23,1694,mudur,261
23,1695,yönde,261
23,1696,tahmin,261
23,1697,vermeye,261
23,1698,almasi,261
23,1699,hayati,260
23,1700,yarar,260
23,1701,göreve,260
23,1702,kisim,260
23,1703,kiymetli,260
23,1704,aksi,260
23,1705,gören,260
23,1706,hususu,260
23,1707,veyahut,259
23,1708,hepsini,259
23,1709,bütçesinin,259
23,1710,gösteriyor,259
23,1711,tartişma,259
23,1712,yapisi,258
23,1713,istemiyorum,258
23,1714,üyelerinin,258
23,1715,düşünce,258
23,1716,getiriyor,258
23,1717,hayvancilik,258
23,1718,infaz,258
23,1719,olayi,258
23,1720,kayseri,258
23,1721,muhalefetin,257
23,1722,ayi,257
23,1723,durumdadir,257
23,1724,elektronik,257
23,1725,getirmiş,257
23,1726,önemi,257
23,1727,araya,256
23,1728,yargiya,256
23,1729,yasada,256
23,1730,kaynaklarinin,256
23,1731,çoğu,256
23,1732,kirsal,256
23,1733,konusudur,255
23,1734,birincisi,255
23,1735,giden,255
23,1736,düşüncelerle,255
23,1737,ettiniz,255
23,1738,bankacilik,255
23,1739,bekliyor,255
23,1740,karşilik,255
23,1741,kendine,255
23,1742,sorunlarinin,255
23,1743,hükmünde,254
23,1744,milletinin,254
23,1745,bati,254
23,1746,uygulamada,254
23,1747,eşitlik,254
23,1748,çalişanlarin,254
23,1749,kürsüde,254
23,1750,diyanet,254
23,1751,diyen,253
23,1752,bankalar,253
23,1753,giderilmesi,253
23,1754,veriliyor,253
23,1755,eğitimi,253
23,1756,yasalar,253
23,1757,müdürlüğünün,253
23,1758,verdiniz,252
23,1759,engel,252
23,1760,çiçek,252
23,1761,kanuna,251
23,1762,piyasasi,251
23,1763,aldiğimiz,251
23,1764,oktay,251
23,1765,şikayet,251
23,1766,çikarilan,251
23,1767,yalnizca,251
23,1768,piyasa,251
23,1769,kdv,251
23,1770,cevabi,250
23,1771,konusundaki,250
23,1772,ndan,250
23,1773,iletişim,250
23,1774,milletimiz,250
23,1775,politikalar,250
23,1776,mahalli,250
23,1777,sonrasi,250
23,1778,sektörünün,250
23,1779,savaşi,250
23,1780,meclisine,249
23,1781,bakanliğimizin,249
23,1782,darbe,249
23,1783,faaliyetleri,249
23,1784,malatya,249
23,1785,bildiği,249
23,1786,sorum,249
23,1787,hükümleri,248
23,1788,bilgiler,248
23,1789,keşke,248
23,1790,düzenlemeleri,248
23,1791,anlayişla,248
23,1792,anlaşmasi,247
23,1793,hazirlanan,247
23,1794,sayisini,247
23,1795,öncelikli,247
23,1796,uygulamalari,247
23,1797,yaklaşim,247
23,1798,birer,246
23,1799,kapali,246
23,1800,borçlari,246
23,1801,tedbirleri,246
23,1802,hükümler,246
23,1803,inşa,246
23,1804,artişi,246
23,1805,ihraç,246
23,1806,mevzuat,245
23,1807,karadeniz,245
23,1808,kamunun,245
23,1809,arama,244
23,1810,tercih,244
23,1811,içerisine,244
23,1812,vatan,244
23,1813,taraf,244
23,1814,yaşadiği,244
23,1815,şartlari,244
23,1816,halkimizin,244
23,1817,firma,244
23,1818,bünyesinde,244
23,1819,kamuoyuna,243
23,1820,saniyorum,243
23,1821,yoktu,243
23,1822,oluşturan,243
23,1823,söylediğim,243
23,1824,kanunlarda,243
23,1825,kapsamli,243
23,1826,olacağiz,243
23,1827,daire,243
23,1828,evrensel,243
23,1829,doğan,243
23,1830,findik,243
23,1831,geldiğimiz,243
23,1832,hekim,243
23,1833,edecektir,242
23,1834,ederken,242
23,1835,parlamentonun,242
23,1836,emek,242
23,1837,finans,242
23,1838,tahsil,242
23,1839,meselesi,242
23,1840,devletinin,242
23,1841,kullanilmasi,242
23,1842,arkadaşim,241
23,1843,ardahan,241
23,1844,yillari,241
23,1845,değeri,241
23,1846,çiftçinin,241
23,1847,açiktir,241
23,1848,devret,241
23,1849,osman,240
23,1850,yönetmelik,240
23,1851,yatirimlar,240
23,1852,şimdiye,240
23,1853,geliştirme,240
23,1854,geleceği,240
23,1855,yandaş,239
23,1856,yürütme,239
23,1857,yapilmasini,239
23,1858,oecd,239
23,1859,burasi,239
23,1860,gayet,238
23,1861,ders,238
23,1862,haklarinin,238
23,1863,akif,238
23,1864,yapilirken,238
23,1865,bakiyoruz,238
23,1866,göç,238
23,1867,duygu,238
23,1868,internet,238
23,1869,sona,237
23,1870,düzenlemeyi,237
23,1871,lere,237
23,1872,atama,237
23,1873,sifir,237
23,1874,modern,237
23,1875,kendini,237
23,1876,verirken,237
23,1877,bölgesinde,237
23,1878,cumhuriyetin,237
23,1879,kurulacak,237
23,1880,özgürlük,237
23,1881,satiş,236
23,1882,olmadi,236
23,1883,bdp,236
23,1884,müracaat,236
23,1885,teknolojik,236
23,1886,gayret,236
23,1887,hükumetimizin,236
23,1888,bölgelerde,236
23,1889,tüzel,236
23,1890,geçiyor,236
23,1891,düzenlenmesi,235
23,1892,çaba,235
23,1893,nüfusu,235
23,1894,vatandaşi,235
23,1895,sevgili,235
23,1896,sürecinde,235
23,1897,abd,234
23,1898,haber,234
23,1899,krizi,234
23,1900,topluma,234
23,1901,uygulamalar,234
23,1902,destekleme,234
23,1903,sesleri,233
23,1904,sarf,233
23,1905,taş,233
23,1906,kaçak,232
23,1907,personeli,232
23,1908,önergeyi,232
23,1909,kullanimi,232
23,1910,koordinasyon,232
23,1911,yola,232
23,1912,veriyorsunuz,232
23,1913,artmiş,232
23,1914,başlayan,231
23,1915,disiplin,231
23,1916,görüşmeleri,231
23,1917,vatandaşlarimiza,231
23,1918,parasi,231
23,1919,mesleki,231
23,1920,ayip,231
23,1921,kuruluşu,231
23,1922,trafik,231
23,1923,alakasi,230
23,1924,finansman,230
23,1925,verildi,230
23,1926,söylediği,230
23,1927,şeyden,230
23,1928,tarihte,230
23,1929,milletvekilinin,230
23,1930,araci,230
23,1931,karariyla,229
23,1932,çikmasi,229
23,1933,müdürü,229
23,1934,kurumlarin,229
23,1935,kömür,229
23,1936,eskiden,229
23,1937,samimi,229
23,1938,radyo,229
23,1939,kanunlari,228
23,1940,edilerek,228
23,1941,alinacak,228
23,1942,ler,228
23,1943,laf,228
23,1944,benden,228
23,1945,verilecek,228
23,1946,ilde,228
23,1947,yaptim,228
23,1948,dediniz,228
23,1949,istenen,227
23,1950,yillardan,227
23,1951,projeler,227
23,1952,mesele,227
23,1953,askerlik,227
23,1954,çikacak,226
23,1955,tamami,226
23,1956,aci,226
23,1957,genelinde,226
23,1958,projeleri,226
23,1959,vermiştir,225
23,1960,önerisi,225
23,1961,kit,225
23,1962,insanlik,225
23,1963,sorununu,225
23,1964,diyelim,225
23,1965,amaçla,225
23,1966,çerçeve,225
23,1967,değilim,225
23,1968,imkanlari,225
23,1969,teklifinin,225
23,1970,alindi,225
23,1971,yunanistan,224
23,1972,geldiğinde,224
23,1973,geliştirilmesi,224
23,1974,özürlü,224
23,1975,seçmen,224
23,1976,milyonlarca,224
23,1977,kanununda,223
23,1978,görmek,223
23,1979,sunarim,223
23,1980,sahiptir,223
23,1981,ulaşim,223
23,1982,başbakana,222
23,1983,hal,222
23,1984,sonrasinda,222
23,1985,gerçeği,222
23,1986,sigortasi,222
23,1987,kalmiştir,221
23,1988,getirilmiş,221
23,1989,gübre,221
23,1990,ardi,220
23,1991,kapsamina,220
23,1992,miyiz,220
23,1993,birbirine,220
23,1994,düzenlemelerin,220
23,1995,kurulunda,220
23,1996,getirmiştir,220
23,1997,içme,220
23,1998,rant,220
23,1999,edilemez,220
23,2000,mücadelede,220
24,1,bir,63017
24,2,bu,54012
24,3,ve,50489
24,4,da,25994
24,5,de,25061
24,6,sayin,20586
24,7,için,11608
24,8,olarak,11512
24,9,türkiye,11301
24,10,var,11168
24,11,çok,9888
24,12,ama,9790
24,13,ne,9729
24,14,değerli,9631
24,15,başkan,9129
24,16,ki,9015
24,17,daha,8364
24,18,ilgili,8144
24,19,olan,7625
24,20,yani,7532
24,21,kadar,7271
24,22,nin,7108
24,23,burada,7079
24,24,ben,6884
24,25,şimdi,6689
24,26,biz,6636
24,27,gibi,6302
24,28,milletvekilleri,6250
24,29,mi,6062
24,30,bunu,5946
24,31,ya,5931
24,32,her,5871
24,33,değil,5713
24,34,yok,5528
24,35,zaman,5519
24,36,en,5187
24,37,arkadaşlar,5145
24,38,yüzde,4717
24,39,sonra,4544
24,40,önce,4517
24,41,büyük,4474
24,42,böyle,4425
24,43,bunun,4422
24,44,siralarindan,4349
24,45,siz,4296
24,46,bütün,4290
24,47,olduğu,4247
24,48,söz,4197
24,49,kanun,4162
24,50,şu,4158
24,51,bugün,4071
24,52,şekilde,4029
24,53,teşekkür,3988
24,54,parti,3926
24,55,şey,3919
24,56,yine,3870
24,57,tarafindan,3803
24,58,in,3783
24,59,ifade,3706
24,60,önemli,3686
24,61,diye,3641
24,62,alkişlar,3592
24,63,bakin,3579
24,64,bizim,3495
24,65,ediyorum,3467
24,66,istiyorum,3461
24,67,genel,3441
24,68,ak,3351
24,69,son,3345
24,70,bin,3284
24,71,türk,3243
24,72,iş,3232
24,73,devam,3195
24,74,ile,3087
24,75,göre,3065
24,76,ayni,3028
24,77,sadece,2993
24,78,akp,2941
24,79,bakan,2886
24,80,tabii,2858
24,81,nasil,2852
24,82,yil,2834
24,83,hem,2819
24,84,iki,2802
24,85,ancak,2711
24,86,yeni,2704
24,87,yilinda,2678
24,88,özellikle,2652
24,89,doğru,2652
24,90,anayasa,2636
24,91,diyor,2622
24,92,eğer,2571
24,93,devlet,2565
24,94,karşi,2559
24,95,hiçbir,2542
24,96,diğer,2539
24,97,kendi,2532
24,98,başka,2526
24,99,olduğunu,2519
24,100,özel,2514
24,101,sizin,2503
24,102,içerisinde,2491
24,103,saygiyla,2477
24,104,selamliyorum,2457
24,105,milyon,2453
24,106,çünkü,2444
24,107,on,2419
24,108,kamu,2394
24,109,veya,2351
24,110,milletvekili,2327
24,111,dolayisiyla,2322
24,112,konuda,2322
24,113,chp,2293
24,114,yapilan,2276
24,115,milli,2273
24,116,eğitim,2248
24,117,kanunu,2241
24,118,size,2232
24,119,lazim,2159
24,120,partisi,2153
24,121,orada,2146
24,122,gün,2131
24,123,efendim,2114
24,124,insan,2099
24,125,etmek,2096
24,126,sağlik,2087
24,127,işte,2084
24,128,üzere,2057
24,129,ederim,2045
24,130,ortaya,2029
24,131,üzerinde,2017
24,132,adalet,2010
24,133,anda,1997
24,134,başbakan,1995
24,135,meclis,1995
24,136,sosyal,1986
24,137,tüm,1985
24,138,hiç,1972
24,139,gerçekten,1971
24,140,başkanim,1938
24,141,kabul,1931
24,142,milyar,1922
24,143,iyi,1917
24,144,niye,1906
24,145,bakani,1900
24,146,sayili,1900
24,147,içinde,1899
24,148,buna,1892
24,149,ise,1881
24,150,hükumet,1870
24,151,değildir,1856
24,152,adina,1852
24,153,biraz,1842
24,154,tane,1826
24,155,birlikte,1807
24,156,bunlar,1794
24,157,vardir,1787
24,158,oldu,1781
24,159,yer,1778
24,160,bunlarin,1761
24,161,siyasi,1759
24,162,ye,1757
24,163,avrupa,1752
24,164,bunlari,1750
24,165,millet,1750
24,166,onun,1736
24,167,hangi,1736
24,168,bazi,1718
24,169,istanbul,1718
24,170,artik,1706
24,171,benim,1705
24,172,çalişma,1703
24,173,ediyor,1699
24,174,maalesef,1692
24,175,tek,1688
24,176,aslinda,1682
24,177,iç,1670
24,178,olmasi,1647
24,179,ilişkin,1642
24,180,konusunda,1641
24,181,yerine,1630
24,182,onu,1624
24,183,halk,1622
24,184,zaten,1615
24,185,cumhuriyet,1600
24,186,öyle,1581
24,187,fazla,1578
24,188,mu,1571
24,189,yasa,1569
24,190,bile,1568
24,191,grup,1560
24,192,eden,1550
24,193,şunu,1546
24,194,inci,1539
24,195,açik,1527
24,196,olmak,1525
24,197,ciddi,1509
24,198,nci,1501
24,199,altinda,1493
24,200,yüce,1485
24,201,neden,1481
24,202,ilk,1466
24,203,üzerine,1465
24,204,güvenlik,1460
24,205,yanliş,1454
24,206,arasinda,1454
24,207,hukuk,1449
24,208,yili,1440
24,209,bundan,1439
24,210,evet,1436
24,211,olsun,1435
24,212,konusu,1424
24,213,gelen,1411
24,214,madde,1393
24,215,cevap,1376
24,216,rağmen,1367
24,217,olur,1362
24,218,ülke,1355
24,219,buradan,1353
24,220,iktidar,1348
24,221,yi,1347
24,222,karar,1345
24,223,sen,1344
24,224,üç,1343
24,225,bütçe,1324
24,226,allah,1317
24,227,beş,1313
24,228,kişi,1312
24,229,arkadaşlarim,1310
24,230,tarim,1304
24,231,hepinizi,1297
24,232,yönelik,1294
24,233,ayrica,1291
24,234,uluslararasi,1290
24,235,lira,1287
24,236,tekrar,1284
24,237,bize,1276
24,238,suriye,1273
24,239,birçok,1267
24,240,geçen,1265
24,241,temel,1262
24,242,kurulu,1259
24,243,yargi,1251
24,244,hareket,1249
24,245,soru,1246
24,246,olacak,1244
24,247,alan,1241
24,248,almiş,1240
24,249,hakkinda,1236
24,250,açisindan,1234
24,251,yüksek,1233
24,252,hep,1216
24,253,beraber,1212
24,254,gereken,1207
24,255,peki,1203
24,256,sayisi,1196
24,257,konu,1191
24,258,para,1181
24,259,haklari,1179
24,260,bakanliği,1177
24,261,sahip,1175
24,262,den,1175
24,263,su,1169
24,264,dolayi,1163
24,265,mümkün,1160
24,266,uygun,1157
24,267,tam,1146
24,268,görev,1135
24,269,hak,1130
24,270,düzenleme,1128
24,271,mhp,1122
24,272,herhangi,1112
24,273,az,1111
24,274,orman,1110
24,275,enerji,1109
24,276,gerek,1105
24,277,ekonomik,1101
24,278,farkli,1098
24,279,meclisi,1097
24,280,katilmiyoruz,1096
24,281,kim,1096
24,282,sunuyorum,1084
24,283,ülkenin,1082
24,284,dedi,1081
24,285,itibariyla,1079
24,286,devletin,1076
24,287,bugüne,1064
24,288,hizmet,1063
24,289,söylüyorum,1062
24,290,otomatik,1062
24,291,varsa,1060
24,292,vardi,1060
24,293,nun,1057
24,294,dişinda,1053
24,295,yaklaşik,1048
24,296,hükumetin,1046
24,297,kapatildi,1043
24,298,nedeniyle,1038
24,299,kalkinma,1032
24,300,ülkede,1032
24,301,cihaz,1031
24,302,komisyon,1027
24,303,yillik,1025
24,304,birliği,1025
24,305,döneminde,1022
24,306,diş,1017
24,307,mikrofon,1012
24,308,başkani,1011
24,309,yeniden,1007
24,310,gerekiyor,1007
24,311,dan,1005
24,312,mehmet,1000
24,313,üncü,999
24,314,cumhuriyeti,999
24,315,tüzük,998
24,316,yapan,996
24,317,araştirma,993
24,318,gelir,976
24,319,geri,975
24,320,hakki,975
24,321,hale,970
24,322,destek,961
24,323,ediyoruz,958
24,324,dünya,958
24,325,bilgi,954
24,326,saygilar,951
24,327,muhalefet,950
24,328,yol,949
24,329,hayir,948
24,330,olmayan,948
24,331,belli,948
24,332,birtakim,945
24,333,demokratik,940
24,334,dört,939
24,335,dönemde,937
24,336,deki,935
24,337,olmaz,931
24,338,insanlar,926
24,339,demokrasi,925
24,340,an,923
24,341,yoktur,921
24,342,yapmak,920
24,343,yaptiği,916
24,344,edilen,915
24,345,ceza,914
24,346,yurt,914
24,347,kez,907
24,348,hala,906
24,349,insanlarin,903
24,350,esas,902
24,351,buraya,902
24,352,türlü,895
24,353,geldi,893
24,354,gerekir,886
24,355,hemen,885
24,356,milliyetçi,884
24,357,oluyor,883
24,358,devamla,883
24,359,olabilir,881
24,360,tasarisi,878
24,361,bana,875
24,362,musunuz,874
24,363,ankara,868
24,364,verilen,867
24,365,mücadele,866
24,366,yapilmasi,866
24,367,te,865
24,368,doğal,864
24,369,şöyle,857
24,370,ana,857
24,371,merkezi,856
24,372,ihale,856
24,373,partisinin,855
24,374,haline,853
24,375,dolar,853
24,376,nedenle,849
24,377,midir,847
24,378,onlarin,847
24,379,belki,842
24,380,toplam,842
24,381,sira,841
24,382,bununla,839
24,383,milletin,839
24,384,sorun,837
24,385,grubu,833
24,386,istiyoruz,832
24,387,demek,829
24,388,çalişan,828
24,389,çözüm,822
24,390,tarihinde,817
24,391,yilda,815
24,392,gerekli,812
24,393,hatta,811
24,394,bulunan,810
24,395,üzerinden,807
24,396,komisyonu,806
24,397,elbette,804
24,398,dün,802
24,399,durum,799
24,400,terör,799
24,401,zamanda,798
24,402,belediye,796
24,403,anlamda,794
24,404,seçim,792
24,405,değişiklik,790
24,406,ün,786
24,407,yakin,785
24,408,karari,784
24,409,dişi,783
24,410,biliyorsunuz,781
24,411,öncelikle,781
24,412,dünyanin,779
24,413,maddesi,779
24,414,yönetim,778
24,415,li,775
24,416,herkes,772
24,417,yapmiş,770
24,418,günü,770
24,419,daki,768
24,420,ülkemizde,764
24,421,ikinci,763
24,422,etti,760
24,423,ay,758
24,424,orta,758
24,425,ettiği,757
24,426,mevcut,756
24,427,tl,755
24,428,nda,754
24,429,yapiyor,754
24,430,doğu,753
24,431,bağli,749
24,432,ondan,748
24,433,nedir,747
24,434,gündeme,747
24,435,hepinize,743
24,436,derece,743
24,437,meclisin,740
24,438,olmuştur,740
24,439,vermiş,739
24,440,ona,733
24,441,onlar,732
24,442,yildir,730
24,443,lütfen,728
24,444,verdiği,727
24,445,alti,726
24,446,uzun,723
24,447,bey,722
24,448,ülkemizin,722
24,449,mutlaka,720
24,450,kaç,712
24,451,süre,710
24,452,geliyor,710
24,453,aile,708
24,454,dünyada,708
24,455,oy,707
24,456,yazik,707
24,457,misiniz,706
24,458,taraftan,703
24,459,yatirim,703
24,460,önceki,702
24,461,ta,701
24,462,altina,699
24,463,yerde,696
24,464,adi,693
24,465,güzel,691
24,466,alakali,691
24,467,biliyor,687
24,468,tasari,687
24,469,sorunu,686
24,470,dair,685
24,471,başbakanin,683
24,472,diyorsunuz,683
24,473,vermek,681
24,474,gürültüler,679
24,475,diliyorum,676
24,476,içişleri,675
24,477,bariş,671
24,478,sizi,668
24,479,ortak,667
24,480,il,666
24,481,olup,666
24,482,saat,663
24,483,yoksa,663
24,484,vesileyle,662
24,485,şeyi,662
24,486,durumda,662
24,487,çocuk,662
24,488,yaşanan,659
24,489,birkaç,658
24,490,vergi,656
24,491,bizi,655
24,492,yana,655
24,493,başta,654
24,494,etmektedir,654
24,495,elektrik,654
24,496,van,652
24,497,kimse,647
24,498,görüyoruz,646
24,499,un,646
24,500,veren,646
24,501,çerçevesinde,645
24,502,dikkate,644
24,503,defa,643
24,504,üniversite,643
24,505,aykiri,641
24,506,ortadan,640
24,507,bakanlar,640
24,508,tarihi,639
24,509,yapildi,638
24,510,çikan,638
24,511,kredi,638
24,512,ayri,638
24,513,kürt,637
24,514,eski,636
24,515,silahli,636
24,516,toplum,635
24,517,işçi,635
24,518,olmadiği,634
24,519,yla,632
24,520,kadin,631
24,521,izmir,630
24,522,pkk,630
24,523,askeri,629
24,524,diyorum,628
24,525,olduğumuz,627
24,526,amaciyla,626
24,527,dile,626
24,528,kurum,623
24,529,yirmi,621
24,530,kurumu,621
24,531,hükumeti,620
24,532,olsa,619
24,533,gerçek,618
24,534,sürekli,616
24,535,diyoruz,615
24,536,önerge,613
24,537,ali,613
24,538,net,608
24,539,talep,607
24,540,savunma,607
24,541,devleti,606
24,542,çevre,606
24,543,tespit,605
24,544,halkin,601
24,545,başina,599
24,546,suç,599
24,547,arkadaşlarimiz,597
24,548,bulunuyorum,596
24,549,ağir,595
24,550,teklifi,595
24,551,nerede,592
24,552,hepsi,591
24,553,el,590
24,554,biliyoruz,589
24,555,düşünüyorum,587
24,556,la,586
24,557,polis,586
24,558,yasal,586
24,559,olmuş,583
24,560,maden,583
24,561,onlari,582
24,562,inşallah,582
24,563,yüz,579
24,564,beri,576
24,565,yapilmiş,575
24,566,dakika,575
24,567,kapsaminda,575
24,568,dahil,574
24,569,olmadiğini,573
24,570,oradaki,572
24,571,denetim,571
24,572,torba,570
24,573,oraya,570
24,574,tanesi,569
24,575,yapiyoruz,569
24,576,gelin,569
24,577,yapilacak,568
24,578,tamamen,568
24,579,sorunlari,568
24,580,sene,567
24,581,yapiliyor,565
24,582,biri,565
24,583,önüne,564
24,584,yaptik,564
24,585,bakanliğinin,563
24,586,yolu,562
24,587,tan,560
24,588,kisa,559
24,589,sivil,557
24,590,sistemi,557
24,591,hakim,554
24,592,gelecek,554
24,593,yle,554
24,594,birinci,553
24,595,yaninda,552
24,596,çikti,551
24,597,bdp,551
24,598,izin,551
24,599,erdoğan,550
24,600,heyetinizi,548
24,601,anadolu,547
24,602,büyükşehir,547
24,603,bölge,545
24,604,mali,544
24,605,yaşayan,542
24,606,göz,541
24,607,olmasini,540
24,608,konuyu,540
24,609,maliye,540
24,610,olacaktir,537
24,611,karşisinda,537
24,612,aldim,537
24,613,işi,534
24,614,kalan,532
24,615,söylemek,532
24,616,yapti,530
24,617,irak,530
24,618,birisi,530
24,619,gerektiğini,529
24,620,çalişmalari,528
24,621,siyaset,527
24,622,söyledi,526
24,623,fakat,526
24,624,işin,526
24,625,halinde,525
24,626,dönem,523
24,627,orani,523
24,628,elde,522
24,629,çalişmalar,522
24,630,komisyonda,519
24,631,hakkini,519
24,632,dahi,518
24,633,ihtiyaç,517
24,634,şeyler,516
24,635,katki,516
24,636,herhalde,515
24,637,atatürk,515
24,638,pek,513
24,639,toplumsal,512
24,640,hava,510
24,641,toplumun,510
24,642,noktada,509
24,643,uncu,509
24,644,kültür,509
24,645,süreci,508
24,646,arz,508
24,647,teşvik,508
24,648,itibaren,508
24,649,sonucu,505
24,650,eylül,505
24,651,soruşturma,504
24,652,örnek,504
24,653,mustafa,504
24,654,etmiş,503
24,655,mahkemesi,502
24,656,hesap,502
24,657,onlara,502
24,658,basin,501
24,659,sanayi,501
24,660,söylüyor,500
24,661,görevi,500
24,662,ait,500
24,663,hafta,498
24,664,yarin,497
24,665,işleri,497
24,666,diyarbakir,497
24,667,mahkeme,497
24,668,bakanim,496
24,669,emekli,494
24,670,üretim,494
24,671,buradaki,491
24,672,istihdam,491
24,673,takip,491
24,674,önergesi,490
24,675,tür,490
24,676,kanunun,488
24,677,önünde,488
24,678,acaba,486
24,679,düzenlemeler,485
24,680,projesi,485
24,681,müdahale,485
24,682,başinda,485
24,683,bak,484
24,684,hepimiz,484
24,685,plan,484
24,686,alanda,484
24,687,edildi,483
24,688,mecliste,482
24,689,zorunda,481
24,690,gida,481
24,691,yolsuzluk,481
24,692,edilmiş,480
24,693,usul,479
24,694,yasasi,479
24,695,personel,476
24,696,herkesin,474
24,697,na,473
24,698,gaz,473
24,699,edilmesi,472
24,700,bakanin,471
24,701,gelmiş,471
24,702,resmi,470
24,703,şeklinde,470
24,704,budur,470
24,705,olursa,469
24,706,halde,469
24,707,alinmasi,468
24,708,genç,468
24,709,bütçesi,468
24,710,bakanlik,467
24,711,aralik,465
24,712,yerel,464
24,713,verdi,463
24,714,önümüzdeki,463
24,715,spor,463
24,716,başkanliği,463
24,717,edecek,462
24,718,ederek,462
24,719,ediyorsunuz,462
24,720,ticaret,461
24,721,teklif,460
24,722,kendisine,459
24,723,iktidari,459
24,724,dedik,457
24,725,sahibi,457
24,726,veriyor,456
24,727,bunlara,456
24,728,almak,455
24,729,yeri,455
24,730,idari,455
24,731,söyleyeyim,452
24,732,asgari,451
24,733,ülkemiz,451
24,734,oradan,450
24,735,açikça,450
24,736,geçmiş,450
24,737,uygulama,449
24,738,öğretmen,449
24,739,yapiyorsunuz,447
24,740,hani,447
24,741,güvenliği,447
24,742,isterim,447
24,743,üyesi,446
24,744,civarinda,445
24,745,meclise,445
24,746,cumhurbaşkani,445
24,747,adana,444
24,748,adeta,443
24,749,çikiyor,441
24,750,binlerce,441
24,751,kaldi,441
24,752,suretiyle,441
24,753,edilmiştir,440
24,754,nde,439
24,755,yetkili,439
24,756,bağimsiz,439
24,757,hükmünde,439
24,758,tarih,437
24,759,adli,437
24,760,noktasinda,437
24,761,tasarinin,436
24,762,çeşitli,436
24,763,kismi,435
24,764,yasama,435
24,765,adam,435
24,766,yeterli,434
24,767,yaptiniz,434
24,768,bölgede,432
24,769,hepimizin,432
24,770,iddia,430
24,771,hizli,430
24,772,üst,429
24,773,le,428
24,774,gelmiştir,428
24,775,alinan,427
24,776,insani,427
24,777,şiddet,427
24,778,maddede,426
24,779,ni,426
24,780,teknik,426
24,781,öğretim,425
24,782,aynen,424
24,783,eder,424
24,784,davet,424
24,785,soruyorum,424
24,786,mal,424
24,787,tip,424
24,788,bilim,424
24,789,sağliği,423
24,790,durumu,422
24,791,yardimcisi,422
24,792,toplu,422
24,793,hayatini,422
24,794,yerinde,421
24,795,yillarda,421
24,796,baktiğimizda,421
24,797,proje,421
24,798,kendisi,421
24,799,doğrusu,421
24,800,ihtiyaci,420
24,801,kara,419
24,802,raporu,419
24,803,yabanci,419
24,804,sonucunda,419
24,805,doğrudan,417
24,806,yeter,417
24,807,iktidarin,415
24,808,sirasinda,414
24,809,senin,414
24,810,içi,413
24,811,mit,411
24,812,yardim,411
24,813,ortada,410
24,814,özür,409
24,815,olay,409
24,816,merkez,409
24,817,küçük,408
24,818,amerika,408
24,819,açiklama,407
24,820,ettik,407
24,821,yere,407
24,822,ulusal,407
24,823,vekili,406
24,824,dedim,406
24,825,zarar,406
24,826,vatandaş,405
24,827,etme,404
24,828,dava,404
24,829,soma,404
24,830,yarginin,402
24,831,meslek,402
24,832,ele,401
24,833,gelip,401
24,834,tutuklu,401
24,835,ekonomi,401
24,836,aldiği,400
24,837,alaninda,400
24,838,söyledim,399
24,839,deniz,399
24,840,emniyet,399
24,841,zor,398
24,842,olmasina,397
24,843,gereği,396
24,844,halen,396
24,845,arada,396
24,846,alani,395
24,847,yapma,394
24,848,konuşma,394
24,849,alt,393
24,850,demektir,393
24,851,hakikaten,392
24,852,otuz,392
24,853,iken,392
24,854,milletvekillerinin,392
24,855,bakiniz,391
24,856,ayinda,390
24,857,sonunda,389
24,858,sekiz,389
24,859,yaptiğimiz,388
24,860,bulunduğu,388
24,861,güç,388
24,862,hayata,388
24,863,hakaret,386
24,864,artiş,386
24,865,ahmet,385
24,866,asla,385
24,867,öğrenci,385
24,868,konuyla,384
24,869,si,384
24,870,yapilmiştir,383
24,871,nereden,382
24,872,bunlardan,382
24,873,adet,382
24,874,edin,381
24,875,aliyor,381
24,876,şehit,381
24,877,yandan,380
24,878,ediliyor,380
24,879,numarali,380
24,880,darbe,380
24,881,kişinin,379
24,882,meydana,378
24,883,maddesinde,376
24,884,israil,376
24,885,içine,376
24,886,üçüncü,376
24,887,kötü,375
24,888,paralel,374
24,889,dişişleri,374
24,890,idare,374
24,891,etmeye,373
24,892,ücret,373
24,893,neredeyse,371
24,894,yoğun,371
24,895,ilan,371
24,896,hayirli,370
24,897,bulunmaktadir,370
24,898,düşük,368
24,899,ek,368
24,900,dediniz,368
24,901,gidiyor,366
24,902,etmiştir,366
24,903,sağlikli,365
24,904,haklarini,365
24,905,sizlere,364
24,906,arasindaki,363
24,907,asil,362
24,908,taşeron,362
24,909,yilindan,362
24,910,kere,360
24,911,insanin,360
24,912,saygi,360
24,913,siyasal,359
24,914,vatandaşin,359
24,915,müdürlüğü,358
24,916,geçici,358
24,917,sonuç,358
24,918,dikkat,358
24,919,bakanimiz,357
24,920,yapi,357
24,921,karşiya,357
24,922,borç,356
24,923,yapacak,356
24,924,sayiştay,356
24,925,müsaade,356
24,926,mart,356
24,927,yaşam,356
24,928,neler,356
24,929,husus,355
24,930,beni,355
24,931,edeceğiz,354
24,932,yazili,354
24,933,benzer,354
24,934,doğrultusunda,354
24,935,dil,354
24,936,boyunca,353
24,937,geldiği,353
24,938,kaynak,353
24,939,niçin,352
24,940,terörle,352
24,941,kardeşim,352
24,942,üye,351
24,943,iktidara,351
24,944,tehdit,351
24,945,itiraz,351
24,946,yaptiğiniz,350
24,947,mesela,350
24,948,güçlü,350
24,949,bakana,349
24,950,savaş,349
24,951,verecek,349
24,952,dokuz,348
24,953,gücü,348
24,954,cari,348
24,955,sana,347
24,956,yedi,347
24,957,koruma,347
24,958,yasanin,345
24,959,gerekmektedir,345
24,960,tayyip,345
24,961,olumlu,345
24,962,diyen,345
24,963,verin,344
24,964,yalan,344
24,965,kaçak,343
24,966,geçtiğimiz,343
24,967,kirk,343
24,968,ileri,341
24,969,insanlari,341
24,970,süreç,341
24,971,politika,341
24,972,nereye,340
24,973,yetki,340
24,974,mağdur,340
24,975,takdirde,339
24,976,çocuklarin,338
24,977,eşit,338
24,978,bugünkü,337
24,979,payi,337
24,980,merak,336
24,981,küresel,336
24,982,aylik,334
24,983,verilmiş,334
24,984,rahmet,334
24,985,maddenin,333
24,986,ten,332
24,987,kocaeli,332
24,988,sağlamak,332
24,989,internet,332
24,990,işe,332
24,991,malatya,332
24,992,örneğin,331
24,993,acil,330
24,994,sizlerle,330
24,995,açidan,330
24,996,çerçevede,330
24,997,çikip,329
24,998,hasta,329
24,999,mersin,329
24,1000,verdik,329
24,1001,okul,329
24,1002,yüzden,329
24,1003,canikli,328
24,1004,paylaşmak,328
24,1005,halki,328
24,1006,milletvekilinin,327
24,1007,hukuki,327
24,1008,ilave,327
24,1009,bizler,326
24,1010,teslim,326
24,1011,birleşmiş,326
24,1012,iptal,325
24,1013,verdiğimiz,325
24,1014,kimsenin,324
24,1015,sorunlar,324
24,1016,recep,324
24,1017,kanunla,324
24,1018,can,324
24,1019,sorumlu,323
24,1020,temsil,323
24,1021,politikalar,323
24,1022,ettiniz,323
24,1023,oktay,323
24,1024,hizmetleri,323
24,1025,etkin,322
24,1026,dir,322
24,1027,arkadaşimiz,322
24,1028,sormak,321
24,1029,bulunmaktayim,321
24,1030,bakalim,321
24,1031,kendilerine,321
24,1032,biçimde,319
24,1033,hesabini,319
24,1034,hayvancilik,318
24,1035,turizm,318
24,1036,işsizlik,318
24,1037,getirmek,317
24,1038,belirtmek,317
24,1039,adim,316
24,1040,bursa,315
24,1041,aydin,314
24,1042,sanki,314
24,1043,işler,314
24,1044,vatandaşlarimizin,314
24,1045,petrol,314
24,1046,sistem,313
24,1047,çalişiyor,313
24,1048,önem,313
24,1049,geçmişte,311
24,1050,diyorlar,311
24,1051,gerekse,310
24,1052,sizden,310
24,1053,rakam,310
24,1054,büyüme,309
24,1055,konularda,308
24,1056,hepsini,308
24,1057,liraya,307
24,1058,tabi,307
24,1059,verilmesi,306
24,1060,kimin,305
24,1061,bilimsel,305
24,1062,istiyor,305
24,1063,örgütü,305
24,1064,durumunda,304
24,1065,alim,304
24,1066,şudur,304
24,1067,mayis,304
24,1068,kurul,304
24,1069,ton,303
24,1070,olanlar,303
24,1071,imza,303
24,1072,adil,303
24,1073,bölgesi,302
24,1074,nurettin,301
24,1075,yillardir,301
24,1076,faiz,301
24,1077,ara,301
24,1078,ilçe,301
24,1079,bunlarla,300
24,1080,getirilen,300
24,1081,değer,300
24,1082,sözleşme,300
24,1083,düşen,300
24,1084,yapmaya,299
24,1085,milletimizin,299
24,1086,demir,299
24,1087,özgür,299
24,1088,ettim,298
24,1089,diyerek,298
24,1090,ayip,297
24,1091,çikmiş,297
24,1092,dişina,297
24,1093,inşa,297
24,1094,kanunda,297
24,1095,sonraki,296
24,1096,milleti,296
24,1097,gidip,295
24,1098,evvel,295
24,1099,ocak,295
24,1100,sikinti,294
24,1101,toki,294
24,1102,noktaya,294
24,1103,sevgili,294
24,1104,kesin,294
24,1105,nükleer,294
24,1106,sonuna,293
24,1107,sinir,293
24,1108,geçti,293
24,1109,aldi,293
24,1110,biliyorum,291
24,1111,dayali,291
24,1112,hukuka,291
24,1113,sizler,290
24,1114,alarak,290
24,1115,fark,290
24,1116,tamam,289
24,1117,imkani,289
24,1118,ortalama,288
24,1119,süreçte,288
24,1120,çocuklar,288
24,1121,baraji,288
24,1122,kasim,288
24,1123,ikincisi,287
24,1124,sermaye,287
24,1125,günlerde,286
24,1126,köy,286
24,1127,bakanliğina,286
24,1128,bingöl,286
24,1129,bakimindan,286
24,1130,kat,285
24,1131,ülkelerin,285
24,1132,dediğimiz,285
24,1133,rapor,284
24,1134,etmesi,284
24,1135,hele,284
24,1136,antalya,284
24,1137,konuya,283
24,1138,yapilmasina,283
24,1139,hizmeti,282
24,1140,değerlendirme,282
24,1141,isteyen,281
24,1142,azindan,281
24,1143,oysa,281
24,1144,yapalim,281
24,1145,uzman,281
24,1146,hazine,281
24,1147,boş,280
24,1148,işlem,280
24,1149,ülkeler,280
24,1150,önemlidir,279
24,1151,kürsüden,279
24,1152,bölgesel,279
24,1153,takdir,278
24,1154,bülent,278
24,1155,olumsuz,278
24,1156,özgürlük,277
24,1157,kömür,276
24,1158,olsaydi,276
24,1159,yaparken,275
24,1160,arkadaşlarimizin,275
24,1161,korunmasi,275
24,1162,başladi,275
24,1163,olun,274
24,1164,rakamlar,274
24,1165,üzerindeki,274
24,1166,kibris,274
24,1167,falan,273
24,1168,teknoloji,273
24,1169,defalarca,273
24,1170,bankasi,273
24,1171,dönüşüm,273
24,1172,sözleşmesi,272
24,1173,henüz,272
24,1174,ister,272
24,1175,işçilerin,272
24,1176,ülkemize,272
24,1177,eylem,272
24,1178,ulaştirma,272
24,1179,rahatsiz,272
24,1180,hükumete,272
24,1181,afet,272
24,1182,istihbarat,272
24,1183,yetkisi,271
24,1184,şubat,271
24,1185,başkanlik,270
24,1186,et,270
24,1187,silah,270
24,1188,olmaktan,270
24,1189,özelleştirme,270
24,1190,gizli,269
24,1191,ihlal,269
24,1192,yasayi,269
24,1193,ekim,269
24,1194,olma,269
24,1195,mesele,269
24,1196,kontrol,268
24,1197,başbakana,268
24,1198,yapacağiz,268
24,1199,kurulmasi,268
24,1200,komisyonunda,268
24,1201,hdp,267
24,1202,olmadan,267
24,1203,yürürlüğe,267
24,1204,ülkeyi,267
24,1205,kayit,266
24,1206,insanlara,266
24,1207,serbest,266
24,1208,edilmektedir,266
24,1209,duruma,265
24,1210,alma,265
24,1211,vural,265
24,1212,kültürel,265
24,1213,bakanliğimiz,265
24,1214,gazi,264
24,1215,eksik,264
24,1216,verdiniz,263
24,1217,korumak,263
24,1218,milletvekilimiz,263
24,1219,insanlik,263
24,1220,mahkum,263
24,1221,milletler,263
24,1222,kapali,262
24,1223,millete,262
24,1224,yoluyla,262
24,1225,alip,262
24,1226,kurulan,262
24,1227,bakimdan,261
24,1228,maddesine,261
24,1229,oraninda,261
24,1230,laf,261
24,1231,konut,261
24,1232,yönünde,260
24,1233,saygilarimla,260
24,1234,ülkeye,260
24,1235,yönetimi,260
24,1236,hukukun,260
24,1237,gece,259
24,1238,yapildiği,259
24,1239,maddesinin,259
24,1240,saygideğer,259
24,1241,gezi,258
24,1242,neyi,258
24,1243,şirket,258
24,1244,çanakkale,257
24,1245,maddeye,257
24,1246,gündem,257
24,1247,kendisini,257
24,1248,ön,256
24,1249,ettiğimiz,256
24,1250,istediği,256
24,1251,bizzat,256
24,1252,olmazsa,255
24,1253,ithal,255
24,1254,rekabet,255
24,1255,gençlik,255
24,1256,yalniz,254
24,1257,meclisinin,254
24,1258,sulama,254
24,1259,yaparak,254
24,1260,kar,253
24,1261,bizden,253
24,1262,hüküm,253
24,1263,giden,253
24,1264,hayvan,253
24,1265,deprem,253
24,1266,yargiya,252
24,1267,çocuklari,251
24,1268,haziran,251
24,1269,sirada,251
24,1270,anlayişi,251
24,1271,bakaninin,250
24,1272,gap,250
24,1273,düşünüyoruz,250
24,1274,kurumlar,250
24,1275,asker,250
24,1276,değişik,250
24,1277,savcilar,250
24,1278,programi,250
24,1279,hatip,249
24,1280,konunun,249
24,1281,memur,249
24,1282,kesinlikle,249
24,1283,olayi,249
24,1284,konudaki,249
24,1285,ülkelerde,249
24,1286,sesleri,248
24,1287,hakli,248
24,1288,temin,248
24,1289,halka,248
24,1290,olduklari,248
24,1291,engelli,247
24,1292,süresi,247
24,1293,gördük,247
24,1294,kuvvetleri,247
24,1295,arkasindan,247
24,1296,sayida,247
24,1297,ziraat,247
24,1298,dönük,246
24,1299,kişiye,246
24,1300,çikar,246
24,1301,maaş,245
24,1302,kişilik,245
24,1303,tarihli,245
24,1304,şeker,244
24,1305,sorunun,244
24,1306,sonu,244
24,1307,baktiğimiz,244
24,1308,ardahan,244
24,1309,içerisine,244
24,1310,maddeyle,244
24,1311,baski,244
24,1312,amaci,243
24,1313,gitti,243
24,1314,geriye,243
24,1315,kentsel,243
24,1316,böylece,243
24,1317,mahkemesinin,242
24,1318,imkan,242
24,1319,olamaz,242
24,1320,çalişiyoruz,241
24,1321,altini,241
24,1322,kemal,241
24,1323,çiftçi,241
24,1324,birakin,241
24,1325,ölüm,241
24,1326,toplanti,241
24,1327,müzakere,240
24,1328,yoktu,240
24,1329,savaşi,240
24,1330,gümrük,240
24,1331,nüfus,240
24,1332,üyeleri,239
24,1333,plani,239
24,1334,söyle,239
24,1335,burasi,239
24,1336,önerisi,239
24,1337,göç,238
24,1338,kurulunun,238
24,1339,getirdiği,238
24,1340,anlamina,237
24,1341,gene,237
24,1342,şehir,237
24,1343,kararname,237
24,1344,inaniyorum,237
24,1345,yila,236
24,1346,değiliz,236
24,1347,nokta,236
24,1348,olduğuna,236
24,1349,söylediği,236
24,1350,haksiz,235
24,1351,tesis,235
24,1352,geç,235
24,1353,gelişmiş,235
24,1354,tarimsal,235
24,1355,ha,234
24,1356,muhalefetin,234
24,1357,yahu,234
24,1358,uygulamaya,234
24,1359,kisim,234
24,1360,düşünüyor,233
24,1361,üretimi,233
24,1362,anlaşma,233
24,1363,sağ,233
24,1364,sorunlarin,233
24,1365,uzak,232
24,1366,yapilmaktadir,232
24,1367,politikasi,232
24,1368,zorunlu,232
24,1369,sik,232
24,1370,nitekim,231
24,1371,manisa,230
24,1372,cezaevinde,230
24,1373,başbakani,230
24,1374,maruz,230
24,1375,kadro,230
24,1376,vatan,229
24,1377,terk,229
24,1378,meselesi,229
24,1379,hsyk,229
24,1380,süt,229
24,1381,grubunun,228
24,1382,şikayet,228
24,1383,yapin,228
24,1384,bence,228
24,1385,vatandaşlarimiz,228
24,1386,ettiler,228
24,1387,sataşma,228
24,1388,rahat,228
24,1389,hedef,227
24,1390,varken,227
24,1391,alacak,227
24,1392,yapar,227
24,1393,yoklama,227
24,1394,özlük,227
24,1395,dediler,226
24,1396,getiren,226
24,1397,anlami,226
24,1398,yildan,226
24,1399,sorunlarini,226
24,1400,veriyoruz,226
24,1401,yaşamini,226
24,1402,hizla,226
24,1403,olduğunuz,225
24,1404,zamaninda,225
24,1405,benzeri,225
24,1406,yayin,225
24,1407,gören,225
24,1408,iran,225
24,1409,edildiği,225
24,1410,hukuku,224
24,1411,ederseniz,224
24,1412,trt,224
24,1413,üniversitesi,224
24,1414,başarili,223
24,1415,sürece,223
24,1416,gelince,223
24,1417,savci,223
24,1418,müdürü,223
24,1419,desteği,223
24,1420,stratejik,223
24,1421,kişilerin,223
24,1422,doktor,223
24,1423,buçuk,222
24,1424,misir,222
24,1425,arkasinda,222
24,1426,tamami,222
24,1427,yapmasi,222
24,1428,eskişehir,222
24,1429,yerli,222
24,1430,demokrasinin,222
24,1431,geniş,222
24,1432,tübitak,222
24,1433,alinmiş,222
24,1434,rakamlari,221
24,1435,çikmiştir,221
24,1436,verildi,221
24,1437,islam,221
24,1438,bilmiyorum,221
24,1439,sözü,221
24,1440,bütçenin,221
24,1441,olmaya,220
24,1442,bedeli,220
24,1443,kürsüde,220
24,1444,yasayla,220
24,1445,kararlari,220
24,1446,getirdik,220
24,1447,gündemine,220
24,1448,işçiler,220
24,1449,dolarlik,220
24,1450,giderek,220
24,1451,bekleyen,220
24,1452,ediyorlar,220
24,1453,sendika,219
24,1454,günlük,219
24,1455,anlayiş,219
24,1456,ticari,219
24,1457,öte,219
24,1458,halkinin,219
24,1459,uygulamasi,218
24,1460,kuruluş,218
24,1461,uygulanan,218
24,1462,elinde,218
24,1463,kamer,218
24,1464,almanya,218
24,1465,sektör,218
24,1466,istifa,217
24,1467,katilamiyoruz,217
24,1468,olmalidir,217
24,1469,değişikliği,217
24,1470,kurumunun,217
24,1471,vatandaşimiz,217
24,1472,politikalari,217
24,1473,arama,217
24,1474,edeyim,217
24,1475,genelkurmay,217
24,1476,önceden,216
24,1477,toprak,216
24,1478,iade,216
24,1479,sözlü,216
24,1480,eğitimi,216
24,1481,askerlik,216
24,1482,neticesinde,216
24,1483,yollari,216
24,1484,getiriyor,216
24,1485,alinarak,216
24,1486,düzeyde,216
24,1487,görevden,216
24,1488,kütahya,215
24,1489,gözden,215
24,1490,hadi,215
24,1491,kurumun,215
24,1492,güven,215
24,1493,vakif,214
24,1494,herkese,214
24,1495,ödeme,214
24,1496,çin,214
24,1497,eş,214
24,1498,rica,214
24,1499,normal,214
24,1500,faili,214
24,1501,sağlanmasi,214
24,1502,alin,214
24,1503,bilgiler,213
24,1504,oldukça,213
24,1505,nisan,213
24,1506,gerekçe,213
24,1507,oluşan,213
24,1508,parlamento,213
24,1509,ölçüde,213
24,1510,öbür,213
24,1511,azerbaycan,213
24,1512,icra,213
24,1513,mü,213
24,1514,yerlerde,213
24,1515,satin,212
24,1516,aleyhinde,212
24,1517,düzenlemeyi,212
24,1518,bakanliğin,212
24,1519,cumhurbaşkaninin,212
24,1520,yilina,212
24,1521,hakimler,212
24,1522,başbakanlik,212
24,1523,şehircilik,212
24,1524,söyleyin,211
24,1525,görevini,211
24,1526,yalnizca,211
24,1527,haber,211
24,1528,gerektiği,211
24,1529,işid,211
24,1530,kurulda,210
24,1531,mudur,210
24,1532,verilmiştir,210
24,1533,sevgiyle,210
24,1534,osmanli,210
24,1535,tasarida,210
24,1536,rant,210
24,1537,kolay,210
24,1538,getirdiniz,209
24,1539,akif,209
24,1540,işik,209
24,1541,söylüyoruz,209
24,1542,sağlayan,209
24,1543,imar,209
24,1544,kişiler,209
24,1545,karariyla,209
24,1546,belediyesi,209
24,1547,söyledik,208
24,1548,verir,208
24,1549,yillar,208
24,1550,almaktadir,208
24,1551,olmamasi,208
24,1552,olmadi,208
24,1553,kendini,208
24,1554,dolara,208
24,1555,kime,207
24,1556,suyu,207
24,1557,gereğini,207
24,1558,tahsis,207
24,1559,araya,207
24,1560,kendine,206
24,1561,veriyorsunuz,206
24,1562,aşkina,206
24,1563,inceleme,206
24,1564,sebep,206
24,1565,kurula,205
24,1566,kanunlar,205
24,1567,konuşuyoruz,205
24,1568,ortamda,205
24,1569,hastane,205
24,1570,kapsamda,205
24,1571,yatirimlar,205
24,1572,gel,204
24,1573,sizleri,204
24,1574,sonrasinda,204
24,1575,sorusu,204
24,1576,edilecek,204
24,1577,kilometre,204
24,1578,milletimiz,204
24,1579,hes,204
24,1580,halklarin,203
24,1581,bulundu,203
24,1582,olaylar,203
24,1583,kan,203
24,1584,günde,203
24,1585,yök,203
24,1586,demin,203
24,1587,ilgilendiren,203
24,1588,açlik,202
24,1589,ders,202
24,1590,milletvekillerine,202
24,1591,doğrudur,202
24,1592,işletme,202
24,1593,elitaş,202
24,1594,vahim,202
24,1595,almasi,202
24,1596,görüş,202
24,1597,bekliyor,202
24,1598,parasi,201
24,1599,devlete,201
24,1600,kur,201
24,1601,keşke,201
24,1602,partinin,201
24,1603,edelim,200
24,1604,disiplin,200
24,1605,kadinlarin,200
24,1606,sisteminin,200
24,1607,hükumetinin,200
24,1608,kimi,200
24,1609,öncesi,199
24,1610,birer,199
24,1611,olmasin,199
24,1612,alakasi,199
24,1613,kararlar,199
24,1614,karadeniz,199
24,1615,kahramanmaraş,198
24,1616,dediği,198
24,1617,çikacak,198
24,1618,vereceğim,198
24,1619,be,198
24,1620,kuzey,198
24,1621,haklarinin,198
24,1622,almaya,198
24,1623,olduk,198
24,1624,bine,197
24,1625,anayasal,197
24,1626,rüşvet,197
24,1627,medya,197
24,1628,elektronik,197
24,1629,ini,197
24,1630,konya,196
24,1631,fransa,196
24,1632,dönemin,196
24,1633,dönemlerde,196
24,1634,çalişmasi,196
24,1635,aldik,196
24,1636,bölümü,196
24,1637,olağanüstü,196
24,1638,alanlarda,196
24,1639,lik,196
24,1640,veriliyor,195
24,1641,talimat,195
24,1642,göreve,195
24,1643,kurulmuş,195
24,1644,televizyon,195
24,1645,arazi,195
24,1646,kisaca,195
24,1647,fayda,195
24,1648,ayi,195
24,1649,verme,195
24,1650,somut,195
24,1651,esnaf,195
24,1652,ev,195
24,1653,alindi,195
24,1654,dönemi,194
24,1655,tarafa,194
24,1656,yilin,194
24,1657,görüşme,194
24,1658,getirilmiştir,194
24,1659,kadina,194
24,1660,dediğiniz,193
24,1661,irade,193
24,1662,mahkemeler,193
24,1663,nedeni,193
24,1664,vergisi,193
24,1665,çağdaş,193
24,1666,hükumetleri,193
24,1667,liralik,193
24,1668,kars,193
24,1669,faaliyet,193
24,1670,konuşan,192
24,1671,önünü,192
24,1672,yillari,192
24,1673,yapmayin,192
24,1674,temenni,192
24,1675,vererek,192
24,1676,inşaat,192
24,1677,sebebi,192
24,1678,çoğu,192
24,1679,işsiz,192
24,1680,görüşmeleri,192
24,1681,organize,192
24,1682,komisyona,191
24,1683,ndan,191
24,1684,maddeyi,191
24,1685,edip,191
24,1686,kurulun,191
24,1687,geldik,191
24,1688,başlayan,191
24,1689,sayesinde,191
24,1690,altyapi,191
24,1691,borcu,191
24,1692,bölgesinde,191
24,1693,araştirmasi,190
24,1694,eğitime,190
24,1695,firsat,190
24,1696,tarihte,190
24,1697,bati,190
24,1698,birileri,190
24,1699,sağlayacak,190
24,1700,işten,190
24,1701,aziz,190
24,1702,manada,189
24,1703,derhal,189
24,1704,engel,189
24,1705,mahkemesine,189
24,1706,başkaninin,189
24,1707,günden,189
24,1708,kaldirilmasi,189
24,1709,arzu,189
24,1710,tedbir,189
24,1711,talebi,189
24,1712,ederken,189
24,1713,ayda,189
24,1714,özgürlüğü,189
24,1715,neye,189
24,1716,yap,188
24,1717,getirmiş,188
24,1718,çözümü,188
24,1719,anlaminda,188
24,1720,tedbirler,188
24,1721,olduğumuzu,188
24,1722,hükumetimiz,188
24,1723,yaş,188
24,1724,diyanet,188
24,1725,uzlaşma,187
24,1726,meclisinde,187
24,1727,yaptiklari,187
24,1728,yillarca,187
24,1729,kalmiş,187
24,1730,bitti,187
24,1731,vermeye,187
24,1732,konuşmak,187
24,1733,grev,187
24,1734,sizlerin,187
24,1735,adiyaman,187
24,1736,kurumlari,187
24,1737,muharrem,187
24,1738,girdi,186
24,1739,gerekirken,186
24,1740,kati,186
24,1741,çalişanlarin,186
24,1742,söyleyeceğim,185
24,1743,birlik,185
24,1744,taraf,185
24,1745,gensoru,185
24,1746,temmuz,185
24,1747,problem,185
24,1748,yeterince,185
24,1749,yargilama,185
24,1750,sorumluluk,185
24,1751,ihracat,185
24,1752,istiklal,184
24,1753,tartişmasi,184
24,1754,geldiğinde,184
24,1755,şeye,184
24,1756,yaklaşim,184
24,1757,samimi,184
24,1758,ince,184
24,1759,etkili,183
24,1760,önergeleri,183
24,1761,görmek,183
24,1762,şeyden,183
24,1763,sürü,183
24,1764,geçiyor,183
24,1765,tarafi,183
24,1766,kaynaklanan,183
24,1767,parlamentoda,183
24,1768,kamuoyuna,182
24,1769,getiriyorsunuz,182
24,1770,bravo,182
24,1771,almiştir,182
24,1772,düzenlemeleri,182
24,1773,alinmiştir,182
24,1774,verdim,182
24,1775,geleceği,182
24,1776,açiği,182
24,1777,olacaği,182
24,1778,bakanina,182
24,1779,üstüne,182
24,1780,bunda,182
24,1781,nato,182
24,1782,bildiğiniz,182
24,1783,değişiklikler,181
24,1784,infaz,181
24,1785,alanlari,181
24,1786,partiler,181
24,1787,vatandaşi,181
24,1788,kriz,181
24,1789,teklifleri,181
24,1790,giren,181
24,1791,kanuna,180
24,1792,gösteriyor,180
24,1793,düzenlemeyle,180
24,1794,sorum,180
24,1795,arinç,180
24,1796,olayin,180
24,1797,rusya,180
24,1798,uludere,180
24,1799,düzenlemenin,179
24,1800,tablo,179
24,1801,bünyesinde,179
24,1802,konular,179
24,1803,görevleri,179
24,1804,kaybeden,179
24,1805,bazen,179
24,1806,trilyon,179
24,1807,cumhurbaşkanliği,179
24,1808,bakiyoruz,178
24,1809,mahkemeleri,178
24,1810,amaç,178
24,1811,yürütme,178
24,1812,milletimize,178
24,1813,teşkilati,178
24,1814,çikarilan,178
24,1815,sonrasi,178
24,1816,örgütünün,178
24,1817,kuruluna,178
24,1818,demiş,177
24,1819,idris,177
24,1820,şanliurfa,177
24,1821,aldiniz,177
24,1822,pay,177
24,1823,teklifin,177
24,1824,gayrisafi,177
24,1825,başkanimiz,177
24,1826,aci,177
24,1827,lübnan,177
24,1828,getirilmesi,177
24,1829,şirnak,177
24,1830,projeler,177
24,1831,geldiğimiz,176
24,1832,ler,176
24,1833,ucuz,176
24,1834,söylüyorsunuz,176
24,1835,program,176
24,1836,yasalar,176
24,1837,gayet,176
24,1838,tedavi,176
24,1839,araci,176
24,1840,sözlerime,176
24,1841,edecektir,176
24,1842,telefon,176
24,1843,bireysel,175
24,1844,ötesinde,175
24,1845,sağlikta,175
24,1846,gazete,175
24,1847,finansal,175
24,1848,araç,175
24,1849,önergeyi,175
24,1850,bizde,175
24,1851,konuşmasinda,175
24,1852,dişarida,174
24,1853,yapmiştir,174
24,1854,tercih,174
24,1855,eğitimin,174
24,1856,oran,174
24,1857,ekonomisi,174
24,1858,kuruş,174
24,1859,komisyonun,173
24,1860,baş,173
24,1861,etnik,173
24,1862,yargitay,173
24,1863,yaşadiği,173
24,1864,sona,173
24,1865,maddeler,173
24,1866,gündür,173
24,1867,dağitim,173
24,1868,sunmak,173
24,1869,sefer,173
24,1870,milletinin,173
24,1871,oecd,173
24,1872,versin,172
24,1873,aliyorsunuz,172
24,1874,getirildi,172
24,1875,sayisini,172
24,1876,kalmiştir,172
24,1877,karşilik,172
24,1878,taş,172
24,1879,artvin,172
24,1880,yatirimlari,172
24,1881,kaynaği,172
24,1882,cezaevlerinde,172
24,1883,istemiyorum,171
24,1884,haydar,171
24,1885,sanat,171
24,1886,müdür,171
24,1887,konulari,171
24,1888,ülkeleri,171
24,1889,yakindan,171
24,1890,alir,171
24,1891,erkek,171
24,1892,yapacaksiniz,171
24,1893,değilim,171
24,1894,cevabini,171
24,1895,olmuyor,171
24,1896,sevk,171
24,1897,yandaş,171
24,1898,kendileri,170
24,1899,olacağiz,170
24,1900,ziyaret,170
24,1901,edilerek,170
24,1902,sinirlari,170
24,1903,dünyadaki,170
24,1904,uyuşturucu,170
24,1905,halbuki,169
24,1906,hüseyin,169
24,1907,isparta,169
24,1908,kdv,169
24,1909,olunca,169
24,1910,hakkinin,169
24,1911,sürecinde,169
24,1912,çikarilmasi,169
24,1913,teşkil,169
24,1914,konuşurken,169
24,1915,sorumluluğu,169
24,1916,din,169
24,1917,karşiliğinda,169
24,1918,kuruldu,169
24,1919,karşiyayiz,169
24,1920,danişma,169
24,1921,söylediğim,168
24,1922,hamzaçebi,168
24,1923,çelik,168
24,1924,denetimi,168
24,1925,ürün,168
24,1926,cezasi,168
24,1927,aykiridir,168
24,1928,onunla,168
24,1929,yilinin,168
24,1930,sözleşmeli,168
24,1931,sarf,168
24,1932,kaynaklar,168
24,1933,önergeyle,168
24,1934,üniversiteler,168
24,1935,parayi,167
24,1936,görüşülmekte,167
24,1937,kurulunda,167
24,1938,yasada,167
24,1939,çikmasi,167
24,1940,ilgisi,167
24,1941,önergenin,167
24,1942,basit,167
24,1943,katilim,167
24,1944,ihaleye,167
24,1945,olaylari,166
24,1946,yaziyor,166
24,1947,mahkemelerin,166
24,1948,sözler,166
24,1949,derken,166
24,1950,başsağliği,166
24,1951,şeyleri,166
24,1952,ardindan,166
24,1953,yapiyorlar,166
24,1954,istiyorsunuz,166
24,1955,cevabi,166
24,1956,prim,166
24,1957,sürede,166
24,1958,baktiğiniz,166
24,1959,muğla,166
24,1960,devreye,165
24,1961,emin,165
24,1962,aliniyor,165
24,1963,konuşmaci,165
24,1964,getirdi,165
24,1965,hususu,165
24,1966,hayati,165
24,1967,değeri,165
24,1968,cümle,165
24,1969,personelin,165
24,1970,uygulamalar,164
24,1971,hocam,164
24,1972,vatandaşa,164
24,1973,kayip,164
24,1974,lirasi,164
24,1975,vadeli,164
24,1976,vicdani,164
24,1977,sabah,164
24,1978,tanal,163
24,1979,talepleri,163
24,1980,sözünü,163
24,1981,cumhuriyetin,163
24,1982,ilaç,163
24,1983,davasi,163
24,1984,vallahi,163
24,1985,gidin,163
24,1986,nüfusu,163
24,1987,gaziantep,163
24,1988,evrensel,163
24,1989,eskiden,163
24,1990,kürsüye,163
24,1991,kalmadi,162
24,1992,devletleri,162
24,1993,yaptim,162
24,1994,diyelim,162
24,1995,tarafsiz,162
24,1996,işveren,162
24,1997,kayseri,162
24,1998,libya,162
24,1999,planlama,162
24,2000,zonguldak,162
25,1,bir,1121
25,2,ve,988
25,3,bu,867
25,4,de,469
25,5,da,407
25,6,sayin,371
25,7,türkiye,310
25,8,olarak,221
25,9,nin,210
25,10,siralarindan,204
25,11,için,202
25,12,başkan,201
25,13,parti,164
25,14,çok,155
25,15,daha,150
25,16,değerli,148
25,17,alkişlar,140
25,18,ne,137
25,19,büyük,136
25,20,ak,133
25,21,biz,131
25,22,karşi,127
25,23,terör,125
25,24,ki,123
25,25,ama,118
25,26,var,116
25,27,bugün,113
25,28,kadar,112
25,29,olan,111
25,30,burada,109
25,31,hdp,105
25,32,siyasi,103
25,33,her,99
25,34,pkk,99
25,35,bütün,96
25,36,suriye,95
25,37,şimdi,90
25,38,milletvekilleri,86
25,39,sonra,84
25,40,önce,84
25,41,böyle,83
25,42,ya,82
25,43,değil,80
25,44,en,80
25,45,bunu,79
25,46,gibi,79
25,47,partisi,78
25,48,çözüm,77
25,49,ifade,75
25,50,hareket,75
25,51,iç,75
25,52,devam,74
25,53,ediyorum,73
25,54,siz,73
25,55,meclis,72
25,56,tarafindan,72
25,57,mi,71
25,58,ben,70
25,59,millet,68
25,60,zaman,68
25,61,anayasa,68
25,62,teşekkür,68
25,63,ilgili,67
25,64,şu,66
25,65,tüm,66
25,66,işid,66
25,67,arkadaşlar,65
25,68,şekilde,64
25,69,bunun,64
25,70,olduğu,63
25,71,yok,63
25,72,in,62
25,73,mhp,61
25,74,halk,60
25,75,etmek,60
25,76,son,59
25,77,içerisinde,58
25,78,birlikte,58
25,79,milliyetçi,57
25,80,demokratik,57
25,81,genel,57
25,82,yani,56
25,83,hem,56
25,84,milletvekili,55
25,85,tek,55
25,86,söz,55
25,87,güvenlik,54
25,88,milli,54
25,89,akp,53
25,90,gürültüler,53
25,91,savaş,53
25,92,kez,53
25,93,ye,53
25,94,şey,52
25,95,bizim,51
25,96,diğer,51
25,97,yi,51
25,98,yeni,49
25,99,konuda,49
25,100,önemli,49
25,101,içinde,49
25,102,chp,48
25,103,ortaya,47
25,104,bariş,47
25,105,yine,47
25,106,hiçbir,47
25,107,cumhuriyet,46
25,108,oldu,46
25,109,başkanim,46
25,110,istiyorum,46
25,111,olduğunu,45
25,112,ayni,44
25,113,insan,43
25,114,milletin,43
25,115,eden,43
25,116,yil,43
25,117,maalesef,43
25,118,ile,43
25,119,bundan,42
25,120,niye,42
25,121,türk,42
25,122,yönelik,42
25,123,lübnan,42
25,124,cumhurbaşkani,42
25,125,kim,41
25,126,eğer,41
25,127,tüzük,41
25,128,orada,40
25,129,tekrar,39
25,130,diye,39
25,131,sizin,38
25,132,inci,38
25,133,olsun,38
25,134,ediyor,38
25,135,birleşmiş,38
25,136,hükumet,38
25,137,kendi,37
25,138,yapilan,37
25,139,seçim,37
25,140,özellikle,37
25,141,sadece,36
25,142,ilk,36
25,143,üzere,36
25,144,neden,36
25,145,kabul,36
25,146,ancak,36
25,147,anda,35
25,148,on,35
25,149,iyi,35
25,150,doğru,35
25,151,bakin,35
25,152,açik,34
25,153,biraz,34
25,154,den,34
25,155,evet,33
25,156,kürt,33
25,157,gelin,33
25,158,artik,33
25,159,gün,33
25,160,bugüne,33
25,161,dolayisiyla,33
25,162,süreci,33
25,163,konusunda,33
25,164,avrupa,33
25,165,bize,33
25,166,buna,32
25,167,onun,32
25,168,gerçekten,32
25,169,doğu,32
25,170,nasil,32
25,171,iş,32
25,172,meclisi,31
25,173,devamla,31
25,174,grup,31
25,175,iki,31
25,176,ortak,30
25,177,çünkü,30
25,178,saygiyla,30
25,179,oy,30
25,180,tabii,30
25,181,hep,30
25,182,hiç,30
25,183,farkli,30
25,184,bunlar,30
25,185,partisinin,29
25,186,haziran,29
25,187,adina,29
25,188,devlet,29
25,189,irak,29
25,190,öyle,29
25,191,milletler,29
25,192,işte,28
25,193,göre,28
25,194,aslinda,28
25,195,asla,28
25,196,hayatini,28
25,197,tam,28
25,198,silah,28
25,199,kişi,28
25,200,arasinda,28
25,201,bölge,28
25,202,hayir,28
25,203,ediyoruz,27
25,204,selamliyorum,27
25,205,dolayi,27
25,206,suretiyle,27
25,207,görev,27
25,208,sayisi,27
25,209,örgütü,27
25,210,geçici,27
25,211,iktidar,26
25,212,herkesin,26
25,213,izin,26
25,214,olur,25
25,215,kurulu,25
25,216,yemin,25
25,217,uluslararasi,25
25,218,ilişkin,25
25,219,adalet,25
25,220,diş,25
25,221,orta,25
25,222,arkadaşlarim,25
25,223,te,24
25,224,yerine,24
25,225,değildir,24
25,226,üzerine,24
25,227,cevap,24
25,228,deki,24
25,229,gelen,24
25,230,demokrasi,23
25,231,olmak,23
25,232,geri,23
25,233,üç,23
25,234,yoktur,23
25,235,mücadele,23
25,236,siyaset,23
25,237,ülkenin,23
25,238,irade,23
25,239,altinda,23
25,240,istiyoruz,23
25,241,silahli,23
25,242,yaşanan,23
25,243,yildir,23
25,244,nci,22
25,245,diliyorum,22
25,246,efendim,22
25,247,devletin,22
25,248,kapatildi,22
25,249,diyarbakir,22
25,250,istanbul,22
25,251,diyor,22
25,252,lazim,22
25,253,aziz,22
25,254,ederim,22
25,255,yüce,22
25,256,üye,22
25,257,talep,21
25,258,bakanlar,21
25,259,önünde,21
25,260,peki,21
25,261,allah,21
25,262,şiddet,21
25,263,mikrofon,21
25,264,otomatik,21
25,265,cihaz,21
25,266,etti,21
25,267,ciddi,21
25,268,ettiği,21
25,269,meclisin,21
25,270,müzakere,21
25,271,birliği,21
25,272,gücü,21
25,273,temel,20
25,274,mu,20
25,275,karşisinda,20
25,276,osman,20
25,277,edilen,20
25,278,dünya,20
25,279,insanlar,20
25,280,ahmet,20
25,281,ülkemizin,20
25,282,onu,20
25,283,başkani,20
25,284,veya,20
25,285,konusu,20
25,286,partiler,20
25,287,yeniden,20
25,288,gerektiğini,20
25,289,yol,20
25,290,tehdit,20
25,291,bölgede,20
25,292,gerekiyor,20
25,293,size,20
25,294,olacak,19
25,295,olmaz,19
25,296,itibaren,19
25,297,yanliş,19
25,298,sahip,19
25,299,an,19
25,300,halklarin,19
25,301,noktada,19
25,302,dan,19
25,303,grubu,19
25,304,gerekli,19
25,305,dönem,19
25,306,gerek,19
25,307,bizi,18
25,308,el,18
25,309,ün,18
25,310,ülke,18
25,311,benim,18
25,312,başka,18
25,313,bey,18
25,314,suruç,18
25,315,başta,18
25,316,yapmiş,18
25,317,başkanlik,18
25,318,buradan,18
25,319,bunlari,18
25,320,bakan,18
25,321,savaşi,18
25,322,usul,18
25,323,aykiri,18
25,324,dönemde,18
25,325,dolmabahçe,18
25,326,zaten,18
25,327,ana,18
25,328,terörle,17
25,329,gereken,17
25,330,rağmen,17
25,331,çerçevede,17
25,332,örgütünün,17
25,333,tane,17
25,334,olmasi,17
25,335,ayrica,17
25,336,kasim,17
25,337,özel,17
25,338,oktay,17
25,339,herhangi,17
25,340,üncü,17
25,341,karar,17
25,342,yaptiği,17
25,343,bağli,17
25,344,lütfen,17
25,345,yana,17
25,346,karari,17
25,347,fazla,17
25,348,çerçevesinde,17
25,349,kanun,17
25,350,şehit,17
25,351,unifil,17
25,352,hepinizi,16
25,353,etmesi,16
25,354,başina,16
25,355,sira,16
25,356,srebrenitsa,16
25,357,öncelikle,16
25,358,ta,16
25,359,net,16
25,360,adeta,16
25,361,beraber,16
25,362,gereği,16
25,363,barişi,16
25,364,sürecinin,16
25,365,tarihinde,16
25,366,gerekir,16
25,367,sunuyorum,16
25,368,halkin,16
25,369,vermek,16
25,370,cumhuriyeti,16
25,371,az,16
25,372,ise,16
25,373,ettik,16
25,374,bölgedeki,16
25,375,davutoğlu,16
25,376,daki,16
25,377,hakkinda,16
25,378,herkes,16
25,379,uygun,16
25,380,bakimdan,16
25,381,biliyoruz,15
25,382,şunu,15
25,383,baydemir,15
25,384,insanlik,15
25,385,olmasini,15
25,386,dört,15
25,387,boyunca,15
25,388,yillik,15
25,389,kobani,15
25,390,parlamento,15
25,391,insani,15
25,392,olursa,15
25,393,elbette,15
25,394,toplumun,15
25,395,toplumsal,15
25,396,politika,15
25,397,dedi,15
25,398,seçimlerinde,15
25,399,ele,15
25,400,hepimiz,15
25,401,vural,15
25,402,şeyi,15
25,403,bununla,15
25,404,buradaki,15
25,405,yakin,15
25,406,dahi,15
25,407,eşit,15
25,408,maddesi,15
25,409,mümkün,15
25,410,yer,15
25,411,arap,15
25,412,almiş,15
25,413,resmi,15
25,414,kendisi,15
25,415,erdoğan,15
25,416,hayirli,15
25,417,olabilir,14
25,418,komisyon,14
25,419,terörün,14
25,420,atatürk,14
25,421,sizi,14
25,422,yaşam,14
25,423,vesileyle,14
25,424,olağanüstü,14
25,425,itibariyla,14
25,426,söylüyorum,14
25,427,yüzde,14
25,428,iradesi,14
25,429,sürecin,14
25,430,asker,14
25,431,haline,14
25,432,edildi,14
25,433,vardir,14
25,434,oradaki,14
25,435,buraya,14
25,436,hepinize,14
25,437,dakika,14
25,438,dile,14
25,439,dünyanin,14
25,440,düşen,14
25,441,ali,14
25,442,alan,14
25,443,hukukun,14
25,444,huzur,14
25,445,hak,14
25,446,yapti,14
25,447,hangi,14
25,448,birtakim,14
25,449,recep,14
25,450,temsil,14
25,451,bulunan,14
25,452,kanunu,14
25,453,destek,14
25,454,anadolu,14
25,455,milletvekillerinin,14
25,456,biliyor,14
25,457,onlar,14
25,458,hükumetin,14
25,459,mehmet,14
25,460,milletimiz,14
25,461,bile,13
25,462,haklari,13
25,463,tarihi,13
25,464,dünyada,13
25,465,kaldi,13
25,466,özür,13
25,467,iktidari,13
25,468,sizlere,13
25,469,belki,13
25,470,rahmet,13
25,471,bosna,13
25,472,sen,13
25,473,hatta,13
25,474,isterim,13
25,475,saldirilari,13
25,476,ikinci,13
25,477,sinir,13
25,478,tercih,13
25,479,sorun,13
25,480,bölünmez,13
25,481,sorunu,13
25,482,yasama,13
25,483,siyasetin,13
25,484,tezkere,13
25,485,tayyip,13
25,486,yla,13
25,487,sürecini,13
25,488,sona,13
25,489,arada,13
25,490,görüyoruz,13
25,491,istikrar,13
25,492,bölgesel,13
25,493,bazi,13
25,494,sayili,13
25,495,musunuz,13
25,496,dhkp,13
25,497,üzerinde,13
25,498,li,12
25,499,vekili,12
25,500,örgütüne,12
25,501,çikti,12
25,502,saldiri,12
25,503,binlerce,12
25,504,katliam,12
25,505,siyasal,12
25,506,katliami,12
25,507,tan,12
25,508,tavir,12
25,509,kayitsiz,12
25,510,hükumeti,12
25,511,getirmek,12
25,512,geçen,12
25,513,konu,12
25,514,onlarin,12
25,515,nedir,12
25,516,şöyle,12
25,517,müslüman,12
25,518,altina,12
25,519,eder,12
25,520,refahi,12
25,521,veren,12
25,522,halki,12
25,523,inşallah,12
25,524,neler,12
25,525,hedef,12
25,526,terörü,12
25,527,durumunda,12
25,528,belli,12
25,529,arz,12
25,530,savaşin,12
25,531,süre,12
25,532,fakat,12
25,533,meclise,12
25,534,hala,12
25,535,şüphesiz,12
25,536,süreçte,12
25,537,terörist,11
25,538,sonucu,11
25,539,teröre,11
25,540,misiniz,11
25,541,iradenin,11
25,542,sesleri,11
25,543,hukuki,11
25,544,kardeşlerim,11
25,545,kapaklarina,11
25,546,vurmalar,11
25,547,bin,11
25,548,birçok,11
25,549,yaninda,11
25,550,temmuz,11
25,551,bütünlüğünü,11
25,552,meclisinin,11
25,553,etmiş,11
25,554,polis,11
25,555,geldi,11
25,556,şirnak,11
25,557,süreç,11
25,558,görevini,11
25,559,görevi,11
25,560,alinmasi,11
25,561,vermiş,11
25,562,ülkemiz,11
25,563,olmayan,11
25,564,laf,11
25,565,arinç,11
25,566,soru,11
25,567,söyledi,11
25,568,bunlarin,11
25,569,ayri,11
25,570,ilke,11
25,571,dayanişma,11
25,572,ülkemize,11
25,573,temenni,11
25,574,herkese,11
25,575,parlamenter,11
25,576,demokrasiyi,11
25,577,dedik,11
25,578,yandan,11
25,579,üyelik,11
25,580,örgüt,11
25,581,hemen,11
25,582,onlara,11
25,583,milyon,11
25,584,dikkate,11
25,585,vatandaşimiz,11
25,586,kalkinma,11
25,587,güven,11
25,588,yapan,11
25,589,aday,11
25,590,un,11
25,591,ekim,11
25,592,bağimsiz,11
25,593,biliyorsunuz,11
25,594,komisyonu,11
25,595,amaci,11
25,596,gözaltina,11
25,597,güneydoğu,11
25,598,ülkede,11
25,599,bravo,10
25,600,yapiyoruz,10
25,601,nereden,10
25,602,sivil,10
25,603,derece,10
25,604,bakani,10
25,605,savaşa,10
25,606,temmuzda,10
25,607,ilan,10
25,608,almasi,10
25,609,katki,10
25,610,yüksek,10
25,611,halen,10
25,612,olduğumuz,10
25,613,çatişma,10
25,614,başladi,10
25,615,dişi,10
25,616,cumhurbaşkaninin,10
25,617,bekliyoruz,10
25,618,rtük,10
25,619,diyorum,10
25,620,anlamda,10
25,621,konuyu,10
25,622,geçtiğimiz,10
25,623,eş,10
25,624,kontrol,10
25,625,nedeniyle,10
25,626,ankara,10
25,627,halinde,10
25,628,günlerde,10
25,629,sonuç,10
25,630,saygilarimi,10
25,631,önceki,10
25,632,kimin,10
25,633,divani,10
25,634,vatanin,10
25,635,üstünlüğüne,10
25,636,laik,10
25,637,anlayişi,10
25,638,hürriyetlerden,10
25,639,ülküsünden,10
25,640,milleti,10
25,641,hepimizin,10
25,642,konuşma,10
25,643,sosyal,10
25,644,güzel,10
25,645,verilen,10
25,646,bizler,10
25,647,türlü,10
25,648,nun,10
25,649,pyd,10
25,650,bulunuyorum,10
25,651,gelişmeler,10
25,652,hale,10
25,653,yabanci,10
25,654,sürecinde,10
25,655,kadin,10
25,656,deaş,10
25,657,yirmi,10
25,658,hükumete,10
25,659,olaylari,10
25,660,ulusal,10
25,661,gördük,10
25,662,çalişmalar,10
25,663,milletimize,10
25,664,hukuk,10
25,665,yoksa,9
25,666,arkadaşlarimiz,9
25,667,birlik,9
25,668,davet,9
25,669,yardim,9
25,670,kiniyoruz,9
25,671,izmir,9
25,672,soykirim,9
25,673,hakaret,9
25,674,önüne,9
25,675,barişin,9
25,676,henüz,9
25,677,olacaktir,9
25,678,vicdani,9
25,679,diyelim,9
25,680,bati,9
25,681,iktidarin,9
25,682,üzerinden,9
25,683,sarf,9
25,684,yazik,9
25,685,tavri,9
25,686,dün,9
25,687,kasimda,9
25,688,parlamentonun,9
25,689,mutlaka,9
25,690,saygilar,9
25,691,çikan,9
25,692,yapilacak,9
25,693,neye,9
25,694,özgür,9
25,695,zamanda,9
25,696,olmadiğini,9
25,697,idris,9
25,698,dediler,9
25,699,sorumlu,9
25,700,aldiği,9
25,701,karşiya,9
25,702,göz,9
25,703,can,9
25,704,vesile,9
25,705,yarin,9
25,706,müdahale,9
25,707,şeyler,9
25,708,kardeş,9
25,709,bölgeye,9
25,710,varliği,9
25,711,bağimsizliğini,9
25,712,şartsiz,9
25,713,egemenliğini,9
25,714,koruyacağima,9
25,715,cumhuriyete,9
25,716,inkilaplarina,9
25,717,kalacağima,9
25,718,yararlanmasi,9
25,719,anayasaya,9
25,720,sadakattan,9
25,721,ayrilmayacağima,9
25,722,namusum,9
25,723,şerefim,9
25,724,ant,9
25,725,olumlu,9
25,726,ekonomik,9
25,727,dediniz,9
25,728,etnik,9
25,729,yle,9
25,730,güçlü,9
25,731,bölgenin,9
25,732,partinin,9
25,733,kura,9
25,734,yapiyorsunuz,9
25,735,beş,9
25,736,saldirilar,9
25,737,yerde,9
25,738,yilinda,9
25,739,taraftan,9
25,740,hakki,9
25,741,tarihli,9
25,742,emniyet,9
25,743,amaciyla,9
25,744,inşa,9
25,745,rojava,9
25,746,verdiği,8
25,747,mecliste,8
25,748,insanlarin,8
25,749,niçin,8
25,750,bakanlarin,8
25,751,saat,8
25,752,adam,8
25,753,hizmet,8
25,754,diliyoruz,8
25,755,günü,8
25,756,edilmiş,8
25,757,korumak,8
25,758,saygideğer,8
25,759,ülkemizde,8
25,760,kürtlerin,8
25,761,oluşturan,8
25,762,neredeyse,8
25,763,darbe,8
25,764,öcalan,8
25,765,karşiyayiz,8
25,766,kimse,8
25,767,kaybeden,8
25,768,terk,8
25,769,içişleri,8
25,770,meclisimizin,8
25,771,nedenle,8
25,772,yapilmasi,8
25,773,pek,8
25,774,bana,8
25,775,olamaz,8
25,776,örneği,8
25,777,yaklaşik,8
25,778,defalarca,8
25,779,yalan,8
25,780,nokta,8
25,781,beri,8
25,782,güvenliği,8
25,783,yapmak,8
25,784,bunlara,8
25,785,defa,8
25,786,ten,8
25,787,vicdan,8
25,788,haklarindan,8
25,789,andiçerim,8
25,790,içmeye,8
25,791,durum,8
25,792,operasyonlar,8
25,793,ilişki,8
25,794,askeri,8
25,795,geniş,8
25,796,kültürel,8
25,797,arzu,8
25,798,milletimizin,8
25,799,demek,8
25,800,saray,8
25,801,eşitlik,8
25,802,özgürlük,8
25,803,açisindan,8
25,804,islam,8
25,805,kardeşlerimize,8
25,806,ederken,8
25,807,arkasinda,8
25,808,ötesinde,8
25,809,hukuku,8
25,810,kürsüden,8
25,811,saygilarimla,8
25,812,kisa,8
25,813,küresel,8
25,814,nerede,8
25,815,müsaade,8
25,816,dişinda,8
25,817,olaylar,8
25,818,oradan,8
25,819,arasindaki,8
25,820,yapmaya,8
25,821,nereye,8
25,822,birisi,8
25,823,soruyorum,8
25,824,sorunun,8
25,825,geldiğimiz,8
25,826,kurula,8
25,827,takdir,8
25,828,seçimleri,8
25,829,örgütün,8
25,830,demokrasinin,8
25,831,istiyor,8
25,832,olacağiz,8
25,833,şahit,8
25,834,başbakan,8
25,835,acaba,7
25,836,partilerin,7
25,837,olun,7
25,838,engel,7
25,839,sevgiyle,7
25,840,aynen,7
25,841,sahiptir,7
25,842,beni,7
25,843,kere,7
25,844,savunma,7
25,845,istişare,7
25,846,kapsamli,7
25,847,milletvekillerine,7
25,848,toplantiya,7
25,849,yapma,7
25,850,siyle,7
25,851,bulunduğumuz,7
25,852,emin,7
25,853,herhalde,7
25,854,başlayan,7
25,855,hesap,7
25,856,dönüş,7
25,857,parçasi,7
25,858,devreye,7
25,859,hepsi,7
25,860,tablo,7
25,861,ortada,7
25,862,edilmesi,7
25,863,seçimlerinin,7
25,864,önümüzdeki,7
25,865,partilere,7
25,866,tamam,7
25,867,sus,7
25,868,be,7
25,869,sonrasinda,7
25,870,koalisyon,7
25,871,seçime,7
25,872,araştirma,7
25,873,imrali,7
25,874,milletvekillerimiz,7
25,875,görüşmeler,7
25,876,belirtmek,7
25,877,hayati,7
25,878,açiklama,7
25,879,altini,7
25,880,gerçek,7
25,881,çözümü,7
25,882,sonucunda,7
25,883,kendilerine,7
25,884,başinda,7
25,885,silahlarin,7
25,886,esaslara,7
25,887,geçti,7
25,888,benzeri,7
25,889,yaşayan,7
25,890,gaziantep,7
25,891,siniri,7
25,892,sataşmadan,7
25,893,geçmiş,7
25,894,ikincisi,7
25,895,sizler,7
25,896,ilinden,7
25,897,vardi,7
25,898,silahlari,7
25,899,güç,7
25,900,yaptiniz,7
25,901,sahibi,7
25,902,baluken,7
25,903,bulundu,7
25,904,milletlerin,7
25,905,içerisine,7
25,906,yahu,7
25,907,gelip,7
25,908,devleti,7
25,909,aydin,7
25,910,teslim,7
25,911,uzatilmasi,7
25,912,meclisine,7
25,913,sorunlara,7
25,914,israil,7
25,915,eski,7
25,916,baktiğimizda,7
25,917,oysa,7
25,918,onlari,7
25,919,önem,7
25,920,ölçüde,7
25,921,yeri,7
25,922,güvenliğini,7
25,923,partisine,7
25,924,grubuna,7
25,925,heyetinizi,7
25,926,ara,7
25,927,örgütlerine,7
25,928,kişiyi,7
25,929,ülkeye,7
25,930,birleşimin,7
25,931,dikkat,7
25,932,ederseniz,7
25,933,kürsüde,7
25,934,çeşitli,7
25,935,eylemleri,7
25,936,hatay,7
25,937,haziranda,7
25,938,valisi,7
25,939,vatandaşimizin,7
25,940,güney,7
25,941,ona,7
25,942,bilim,7
25,943,tarih,7
25,944,olmuştur,7
25,945,toplu,7
25,946,van,7
25,947,sağlandi,7
25,948,kuruldu,7
25,949,kapsaminda,7
25,950,eleştiri,7
25,951,meclisinde,7
25,952,durumda,7
25,953,açikça,7
25,954,diyerek,7
25,955,rahmetle,7
25,956,salih,7
25,957,asgari,7
25,958,kandil,7
25,959,konya,7
25,960,dediğimiz,7
25,961,alinan,7
25,962,serbest,7
25,963,sevk,7
25,964,kamu,7
25,965,umarim,7
25,966,sorumluluk,7
25,967,itibarini,7
25,968,dayali,7
25,969,cumhurbaşkanliği,7
25,970,yaşinda,6
25,971,güçlerinin,6
25,972,görmek,6
25,973,duruş,6
25,974,diyoruz,6
25,975,hazirandan,6
25,976,üyeleri,6
25,977,mustafa,6
25,978,birinci,6
25,979,başkaninin,6
25,980,sabahindan,6
25,981,rabb,6
25,982,şeye,6
25,983,dişişleri,6
25,984,yapiyor,6
25,985,edelim,6
25,986,katliaminin,6
25,987,neticesinde,6
25,988,milletvekilimiz,6
25,989,dinle,6
25,990,olduğundan,6
25,991,hakikaten,6
25,992,döneme,6
25,993,ediliyor,6
25,994,suç,6
25,995,maruz,6
25,996,ceylanpinar,6
25,997,olup,6
25,998,ivedilikle,6
25,999,etkin,6
25,1000,baraj,6
25,1001,azindan,6
25,1002,milletvekilinin,6
25,1003,olayi,6
25,1004,etmiyoruz,6
25,1005,iradesini,6
25,1006,noktasinda,6
25,1007,verildi,6
25,1008,halkimizin,6
25,1009,iradesinin,6
25,1010,takip,6
25,1011,sürekli,6
25,1012,hüküm,6
25,1013,iddia,6
25,1014,la,6
25,1015,hükumetinin,6
25,1016,kendisine,6
25,1017,inaniyorum,6
25,1018,silahlar,6
25,1019,döneminde,6
25,1020,gündeme,6
25,1021,yili,6
25,1022,nda,6
25,1023,mühimmat,6
25,1024,önergesi,6
25,1025,kime,6
25,1026,yurt,6
25,1027,maddesine,6
25,1028,ettiler,6
25,1029,cevabi,6
25,1030,kaç,6
25,1031,taki,6
25,1032,yapacak,6
25,1033,risk,6
25,1034,tür,6
25,1035,zor,6
25,1036,ayinda,6
25,1037,değişik,6
25,1038,elde,6
25,1039,ülkelerine,6
25,1040,tarafa,6
25,1041,düşüyor,6
25,1042,konuşmasi,6
25,1043,ismail,6
25,1044,iktidara,6
25,1045,dönemin,6
25,1046,gereğince,6
25,1047,cumhurbaşkanimiza,6
25,1048,maddesinin,6
25,1049,mardin,6
25,1050,ederek,6
25,1051,seçilen,6
25,1052,parlamentoda,6
25,1053,nezdinde,6
25,1054,bilgi,6
25,1055,söyleyecek,6
25,1056,oraya,6
25,1057,ileri,6
25,1058,değiliz,6
25,1059,keşke,6
25,1060,teklif,6
25,1061,saygi,6
25,1062,sataşmada,6
25,1063,tartişmasi,6
25,1064,kurma,6
25,1065,gayet,6
25,1066,cumhurbaşkanina,6
25,1067,doğan,6
25,1068,mesele,6
25,1069,kuvvetlerinin,6
25,1070,teşkil,6
25,1071,yillarda,6
25,1072,gelmiş,6
25,1073,etmemiz,6
25,1074,örnek,6
25,1075,temin,6
25,1076,öte,6
25,1077,mücadeleyi,6
25,1078,katkida,6
25,1079,bulunmasi,6
25,1080,mezhep,6
25,1081,insanlara,6
25,1082,göç,6
25,1083,tesis,6
25,1084,bölgemizde,6
25,1085,karşilikli,6
25,1086,örgütleri,6
25,1087,almak,6
25,1088,kalan,6
25,1089,kurulda,6
25,1090,tarif,6
25,1091,ayip,6
25,1092,cumhurbaşkanimiz,6
25,1093,görüş,6
25,1094,muhalefet,6
25,1095,varsa,6
25,1096,diyenler,6
25,1097,kimi,6
25,1098,husus,6
25,1099,iradesine,6
25,1100,kendini,6
25,1101,tespit,6
25,1102,tartişma,6
25,1103,birkaç,6
25,1104,musul,6
25,1105,etme,6
25,1106,kürtler,6
25,1107,getiren,6
25,1108,operasyon,6
25,1109,baski,6
25,1110,sonuna,6
25,1111,öldürdünüz,6
25,1112,vatan,6
25,1113,tanesi,6
25,1114,adamlari,6
25,1115,diyorlar,6
25,1116,budur,6
25,1117,kiniyorum,6
25,1118,asil,6
25,1119,kürtçe,6
25,1120,yillarca,6
25,1121,akil,6
25,1122,kck,6
25,1123,barişa,6
25,1124,ettiğini,6
25,1125,seçimi,6
25,1126,antalya,6
25,1127,erzurum,6
25,1128,kalleşçe,6
25,1129,ülkelere,6
25,1130,tezkeresi,6
25,1131,söyle,6
25,1132,gelsin,6
25,1133,vermeyeceğiz,6
25,1134,çetinkaya,6
25,1135,kirşehir,6
25,1136,halkinin,6
25,1137,adli,6
25,1138,idari,6
25,1139,konunun,6
25,1140,meydana,6
25,1141,yaşadiğimiz,6
25,1142,daeş,6
25,1143,imkan,6
25,1144,süresi,6
25,1145,eylül,6
25,1146,noktaya,6
25,1147,politikalar,6
25,1148,örgütünü,6
25,1149,yapmayin,6
25,1150,düşünüyorum,6
25,1151,katleden,6
25,1152,milletvekillerini,6
25,1153,etmeyin,6
25,1154,ağustosta,6
25,1155,etmesini,6
25,1156,olmasina,6
25,1157,isterdik,6
25,1158,vuruluyor,6
25,1159,hitap,6
25,1160,yaparak,6
25,1161,milyar,6
25,1162,artvin,6
25,1163,silahi,5
25,1164,teröristler,5
25,1165,görüşlerini,5
25,1166,derin,5
25,1167,diyorsunuz,5
25,1168,masum,5
25,1169,herkesi,5
25,1170,dilesin,5
25,1171,sözünü,5
25,1172,arka,5
25,1173,olma,5
25,1174,toprağa,5
25,1175,im,5
25,1176,polisin,5
25,1177,edecek,5
25,1178,öldürülen,5
25,1179,yaptiğini,5
25,1180,dönümünde,5
25,1181,katliamin,5
25,1182,kardeşlerimizin,5
25,1183,gerektiğine,5
25,1184,sesi,5
25,1185,zamani,5
25,1186,gelmiştir,5
25,1187,toplumunun,5
25,1188,tarihinden,5
25,1189,inkar,5
25,1190,şeyden,5
25,1191,toplumu,5
25,1192,çabasi,5
25,1193,adiyaman,5
25,1194,acilarin,5
25,1195,olmasinin,5
25,1196,sonraki,5
25,1197,ortami,5
25,1198,tecelli,5
25,1199,sorumluluğumuzun,5
25,1200,ahlaki,5
25,1201,ortaminin,5
25,1202,gelişme,5
25,1203,ağri,5
25,1204,olsaydi,5
25,1205,onlarca,5
25,1206,şiddetin,5
25,1207,gerilla,5
25,1208,gerçekleri,5
25,1209,iradeye,5
25,1210,günden,5
25,1211,dönük,5
25,1212,çocuk,5
25,1213,mizin,5
25,1214,aci,5
25,1215,yargi,5
25,1216,le,5
25,1217,hafta,5
25,1218,konudaki,5
25,1219,yapilsin,5
25,1220,bertaraf,5
25,1221,başkanin,5
25,1222,kisaca,5
25,1223,ağir,5
25,1224,adana,5
25,1225,dahil,5
25,1226,adim,5
25,1227,sayim,5
25,1228,olay,5
25,1229,ettiğimiz,5
25,1230,tamamen,5
25,1231,bizzat,5
25,1232,tir,5
25,1233,kullanilan,5
25,1234,gidiyor,5
25,1235,kilis,5
25,1236,olduğuna,5
25,1237,psikolojisiyle,5
25,1238,dair,5
25,1239,çocuklar,5
25,1240,tedbirler,5
25,1241,uzun,5
25,1242,olmaya,5
25,1243,vatandaşlarimizin,5
25,1244,kökenli,5
25,1245,gruplar,5
25,1246,olurdu,5
25,1247,işlem,5
25,1248,kesinlikle,5
25,1249,terörden,5
25,1250,insanlari,5
25,1251,korkmaz,5
25,1252,tartişmayi,5
25,1253,oylama,5
25,1254,yolda,5
25,1255,aşkin,5
25,1256,meselenin,5
25,1257,hatibin,5
25,1258,kullandiği,5
25,1259,kurul,5
25,1260,ortamda,5
25,1261,insanin,5
25,1262,hepimize,5
25,1263,sağlamak,5
25,1264,ediyorlar,5
25,1265,sürecine,5
25,1266,hesaplari,5
25,1267,şeklinde,5
25,1268,bizden,5
25,1269,ülkelerin,5
25,1270,söyleyeyim,5
25,1271,ihtiyacimiz,5
25,1272,bilmeyen,5
25,1273,özgürlükler,5
25,1274,alanda,5
25,1275,içine,5
25,1276,kara,5
25,1277,sirasinda,5
25,1278,biri,5
25,1279,yerinde,5
25,1280,manada,5
25,1281,konuşun,5
25,1282,aldi,5
25,1283,koyuyor,5
25,1284,adini,5
25,1285,hesabini,5
25,1286,halka,5
25,1287,ettiniz,5
25,1288,olmayacağiz,5
25,1289,uyarinca,5
25,1290,meşru,5
25,1291,yere,5
25,1292,etmektedir,5
25,1293,dini,5
25,1294,afrika,5
25,1295,afganistan,5
25,1296,selefi,5
25,1297,abd,5
25,1298,anlayişla,5
25,1299,olmakla,5
25,1300,politikalari,5
25,1301,oluşturduğu,5
25,1302,alanlarda,5
25,1303,istikrarin,5
25,1304,çikar,5
25,1305,başarilar,5
25,1306,olmuş,5
25,1307,na,5
25,1308,belirlenecek,5
25,1309,üst,5
25,1310,tutum,5
25,1311,saygisizlik,5
25,1312,selamlarim,5
25,1313,otuz,5
25,1314,yoğun,5
25,1315,çalişma,5
25,1316,vermesi,5
25,1317,doğrusu,5
25,1318,geçmek,5
25,1319,psikolojik,5
25,1320,ad,5
25,1321,adil,5
25,1322,sonunda,5
25,1323,başkanimiz,5
25,1324,oya,5
25,1325,veriyor,5
25,1326,izledik,5
25,1327,yeter,5
25,1328,sinirlari,5
25,1329,başkanliğin,5
25,1330,yaralandi,5
25,1331,ardindan,5
25,1332,vatandaşlarimiza,5
25,1333,türkmen,5
25,1334,örgütlere,5
25,1335,politikasi,5
25,1336,algi,5
25,1337,karşilik,5
25,1338,midir,5
25,1339,kendilerini,5
25,1340,kanli,5
25,1341,hadi,5
25,1342,imkani,5
25,1343,hakli,5
25,1344,vatandaşi,5
25,1345,olumsuz,5
25,1346,açikladi,5
25,1347,iktidarini,5
25,1348,böylesine,5
25,1349,hakan,5
25,1350,verin,5
25,1351,tezkerenin,5
25,1352,hayirlara,5
25,1353,iradeyi,5
25,1354,taşiyan,5
25,1355,roboski,5
25,1356,senaryo,5
25,1357,ayakta,5
25,1358,çatişmasizliği,5
25,1359,unutmadik,5
25,1360,çikarilan,5
25,1361,farki,5
25,1362,elini,5
25,1363,yolu,5
25,1364,araştirmasi,5
25,1365,kurulun,5
25,1366,açan,5
25,1367,giderek,5
25,1368,bildiğiniz,5
25,1369,gazete,5
25,1370,etsin,5
25,1371,toplantisinda,5
25,1372,işlemi,5
25,1373,adi,5
25,1374,birakilan,5
25,1375,istismar,5
25,1376,talimat,5
25,1377,içerikli,5
25,1378,köy,5
25,1379,cümle,5
25,1380,zorundayiz,5
25,1381,kürdistan,5
25,1382,koruma,5
25,1383,rahatsiz,5
25,1384,hava,5
25,1385,millete,5
25,1386,verirken,5
25,1387,esat,5
25,1388,rejimini,5
25,1389,kuzeyinde,5
25,1390,israrla,5
25,1391,katledilen,5
25,1392,yaptiğiniz,5
25,1393,olanlar,5
25,1394,açikçasi,5
25,1395,ibretlik,5
25,1396,diyen,5
25,1397,tezkereyi,5
25,1398,hükumetine,5
25,1399,kağitlarda,5
25,1400,kapidan,5
25,1401,cemile,5
25,1402,kalici,5
25,1403,hatirlayin,5
25,1404,tehlike,5
25,1405,yarattiği,5
25,1406,duruma,5
25,1407,girişini,5
25,1408,verdiniz,5
25,1409,variz,5
25,1410,bostanci,5
25,1411,kemeri,5
25,1412,birer,5
25,1413,yaşamini,4
25,1414,yitiren,4
25,1415,sorununun,4
25,1416,kaos,4
25,1417,tabloyu,4
25,1418,kardeşlerimizi,4
25,1419,etsinler,4
25,1420,olduğumuzu,4
25,1421,biliyorum,4
25,1422,birbirlerine,4
25,1423,koruyarak,4
25,1424,kemal,4
25,1425,çağrisi,4
25,1426,bak,4
25,1427,yasin,4
25,1428,börü,4
25,1429,dinleyin,4
25,1430,açtiği,4
25,1431,alsin,4
25,1432,kürtlere,4
25,1433,suretle,4
25,1434,plani,4
25,1435,askerin,4
25,1436,yaptiğimiz,4
25,1437,murat,4
25,1438,rusya,4
25,1439,veto,4
25,1440,isteyenlere,4
25,1441,sataşma,4
25,1442,toplantida,4
25,1443,başlamak,4
25,1444,halklarinin,4
25,1445,nihai,4
25,1446,mesaji,4
25,1447,acimiz,4
25,1448,partilerimizin,4
25,1449,olmamiştir,4
25,1450,acisini,4
25,1451,yaşamiş,4
25,1452,bulunuyoruz,4
25,1453,duruşumuz,4
25,1454,kata,4
25,1455,hepinizin,4
25,1456,halde,4
25,1457,dur,4
25,1458,yapmamiz,4
25,1459,yaşama,4
25,1460,çalişan,4
25,1461,yakasina,4
25,1462,kaynakli,4
25,1463,kaybetti,4
25,1464,gerekirse,4
25,1465,hayata,4
25,1466,olayin,4
25,1467,tersine,4
25,1468,çaba,4
25,1469,edilmek,4
25,1470,yapmiştir,4
25,1471,bakanliği,4
25,1472,şiddetle,4
25,1473,ihtiyaç,4
25,1474,sizden,4
25,1475,arkadaşlarimizin,4
25,1476,konusundaki,4
25,1477,sorumluluğunu,4
25,1478,sorunlarin,4
25,1479,edeyim,4
25,1480,buçuk,4
25,1481,halkimiz,4
25,1482,çatisi,4
25,1483,yüz,4
25,1484,öncelikli,4
25,1485,sağlayan,4
25,1486,benzer,4
25,1487,açiğa,4
25,1488,ortadan,4
25,1489,kurulunun,4
25,1490,taşimak,4
25,1491,tip,4
25,1492,tasvip,4
25,1493,bilir,4
25,1494,çalişmalari,4
25,1495,birbirimize,4
25,1496,gençlik,4
25,1497,silahla,4
25,1498,basin,4
25,1499,kapisi,4
25,1500,ondan,4
25,1501,geliyor,4
25,1502,kanunun,4
25,1503,başkanliği,4
25,1504,ndan,4
25,1505,istihbarat,4
25,1506,bunlarla,4
25,1507,gidip,4
25,1508,yüzlerce,4
25,1509,mit,4
25,1510,deklare,4
25,1511,oluyoruz,4
25,1512,gerekse,4
25,1513,kaninin,4
25,1514,kadinlar,4
25,1515,bunda,4
25,1516,alindi,4
25,1517,konularda,4
25,1518,zorunda,4
25,1519,bakiniz,4
25,1520,oluşan,4
25,1521,çocuklarinin,4
25,1522,çocuklarimiz,4
25,1523,kaybediyor,4
25,1524,kişinin,4
25,1525,ettim,4
25,1526,söyledik,4
25,1527,acilar,4
25,1528,konuya,4
25,1529,çikmak,4
25,1530,çocuklari,4
25,1531,olduğunuz,4
25,1532,lanetliyoruz,4
25,1533,ifadesi,4
25,1534,ait,4
25,1535,yürütülen,4
25,1536,gelmesini,4
25,1537,kamuoyu,4
25,1538,döneminin,4
25,1539,grubumuz,4
25,1540,sekiz,4
25,1541,müdahil,4
25,1542,sene,4
25,1543,icra,4
25,1544,önümüze,4
25,1545,temsilcisi,4
25,1546,ihraç,4
25,1547,kardeşim,4
25,1548,seçilmiş,4
25,1549,dilerim,4
25,1550,grubumuza,4
25,1551,konseyi,4
25,1552,katliamda,4
25,1553,dediği,4
25,1554,alin,4
25,1555,sana,4
25,1556,açmak,4
25,1557,mevcut,4
25,1558,sonuçta,4
25,1559,sistemi,4
25,1560,istediniz,4
25,1561,parlamentoya,4
25,1562,atmayin,4
25,1563,sorumluluğu,4
25,1564,devami,4
25,1565,üyle,4
25,1566,yilinin,4
25,1567,bakimindan,4
25,1568,önemlidir,4
25,1569,topyekun,4
25,1570,nitekim,4
25,1571,libya,4
25,1572,geçmişte,4
25,1573,nusra,4
25,1574,kuzey,4
25,1575,sorunlari,4
25,1576,içindeki,4
25,1577,olmayacaktir,4
25,1578,esas,4
25,1579,saygili,4
25,1580,sistem,4
25,1581,vererek,4
25,1582,yaşamalarini,4
25,1583,kati,4
25,1584,gören,4
25,1585,gelir,4
25,1586,istikrarina,4
25,1587,milyonlarca,4
25,1588,sonucunu,4
25,1589,tampon,4
25,1590,saldiriyi,4
25,1591,suriyeli,4
25,1592,bulunuyor,4
25,1593,politikayi,4
25,1594,tehdidi,4
25,1595,alarak,4
25,1596,çalişmalarina,4
25,1597,bulunduğu,4
25,1598,birliğine,4
25,1599,müzakereler,4
25,1600,saygin,4
25,1601,evrensel,4
25,1602,tesisi,4
25,1603,politikada,4
25,1604,yurttaşlarimizin,4
25,1605,canini,4
25,1606,kuvvetleri,4
25,1607,sayida,4
25,1608,adayin,4
25,1609,üyenin,4
25,1610,aykiridir,4
25,1611,nettir,4
25,1612,üyeler,4
25,1613,arasindan,4
25,1614,koymuş,4
25,1615,yöntem,4
25,1616,edilemez,4
25,1617,tutumunuz,4
25,1618,bilindiği,4
25,1619,seçimlerin,4
25,1620,doğrultusunda,4
25,1621,tarihe,4
25,1622,gene,4
25,1623,unsurlariyla,4
25,1624,başsağliği,4
25,1625,açidan,4
25,1626,kriter,4
25,1627,söylediğimiz,4
25,1628,bence,4
25,1629,partisinden,4
25,1630,savaşta,4
25,1631,öldürüldü,4
25,1632,türkistan,4
25,1633,verdiğiniz,4
25,1634,göreve,4
25,1635,teamül,4
25,1636,işi,4
25,1637,atanmiş,4
25,1638,tamamlandi,4
25,1639,başimiza,4
25,1640,ortadadir,4
25,1641,yöneltilen,4
25,1642,radyo,4
25,1643,televizyon,4
25,1644,eylemlerini,4
25,1645,görüşmek,4
25,1646,olaylarin,4
25,1647,üzüntü,4
25,1648,acil,4
25,1649,konularla,4
25,1650,bülent,4
25,1651,inanarak,4
25,1652,ölüyor,4
25,1653,niğde,4
25,1654,arkadaşimiz,4
25,1655,elinde,4
25,1656,bombali,4
25,1657,ister,4
25,1658,içeriye,4
25,1659,olmadi,4
25,1660,lojistik,4
25,1661,biçimde,4
25,1662,faaliyetleri,4
25,1663,sebebi,4
25,1664,vahim,4
25,1665,ülkeyi,4
25,1666,bilirim,4
25,1667,yaparim,4
25,1668,demiştir,4
25,1669,düşünün,4
25,1670,zulme,4
25,1671,sadik,4
25,1672,kalsin,4
25,1673,elif,4
25,1674,vereceğiz,4
25,1675,konuşmasinda,4
25,1676,heyeti,4
25,1677,başlatti,4
25,1678,demokratikleşme,4
25,1679,yapildi,4
25,1680,yaptik,4
25,1681,yaptilar,4
25,1682,operasyonlarin,4
25,1683,birakin,4
25,1684,insanlarimizin,4
25,1685,komisyona,4
25,1686,iradesiyle,4
25,1687,sözü,4
25,1688,esasen,4
25,1689,oluruz,4
25,1690,ypg,4
25,1691,efkan,4
25,1692,ala,4
25,1693,partiye,4
25,1694,sorunla,4
25,1695,getirdi,4
25,1696,yapacağiz,4
25,1697,bakalim,4
25,1698,başladiniz,4
25,1699,ortakliği,4
25,1700,amaç,4
25,1701,idame,4
25,1702,hudut,4
25,1703,şümul,4
25,1704,tayin,4
25,1705,kuvvetlerin,4
25,1706,karariyla,4
25,1707,süresinin,4
25,1708,diyecek,4
25,1709,gerekçesi,4
25,1710,kutluyorum,4
25,1711,oylamaya,4
25,1712,minnet,4
25,1713,güçleri,4
25,1714,kendimizi,4
25,1715,edeceğiz,4
25,1716,edecektir,4
25,1717,onca,4
25,1718,verecek,4
25,1719,külünk,4
25,1720,sirri,4
25,1721,süreyya,4
25,1722,kullanilmasina,4
25,1723,lira,4
25,1724,gelirse,4
25,1725,hüsnüye,4
25,1726,gereğini,4
25,1727,nazarinda,4
25,1728,verelim,4
25,1729,tarihin,4
25,1730,derse,4
25,1731,hükumetimizin,4
25,1732,bugünkü,4
25,1733,raporu,4
25,1734,inceleme,4
25,1735,metin,4
25,1736,akilci,4
25,1737,kurulan,4
25,1738,erdirilmesi,4
25,1739,bütünleşmenin,4
25,1740,koordinasyon,4
25,1741,yetki,4
25,1742,maddeleri,4
25,1743,kurum,4
25,1744,açilim,4
25,1745,kardeşlik,4
25,1746,geldiği,4
25,1747,varliğini,4
25,1748,toplam,4
25,1749,tutuklanan,4
25,1750,görülmektedir,4
25,1751,amaçli,4
25,1752,samimi,4
25,1753,gösteriyor,4
25,1754,etmenin,4
25,1755,konuşmama,4
25,1756,jandarma,4
25,1757,savaşinda,4
25,1758,izlenen,4
25,1759,çiğirindan,4
25,1760,ayağa,4
25,1761,mücadelesi,4
25,1762,hükumetten,4
25,1763,üyesi,4
25,1764,operasyonlari,4
25,1765,valiler,4
25,1766,bitti,4
25,1767,derken,4
25,1768,önünü,4
25,1769,rejimin,4
25,1770,partisini,4
25,1771,kismi,4
25,1772,seçimden,4
25,1773,sabahtan,4
25,1774,kaynaği,4
25,1775,hür,4
25,1776,hepsini,4
25,1777,geldik,4
25,1778,valilere,4
25,1779,yapildiğini,4
25,1780,azinlik,4
25,1781,birazdan,4
25,1782,hükumetinde,4
25,1783,tereddüt,4
25,1784,bahsetti,4
25,1785,okunmasi,4
25,1786,yapalim,4
25,1787,milletvekillerimize,4
25,1788,göbeğinde,4
25,1789,gözü,4
25,1790,müzakereye,4
25,1791,soruyoruz,4
25,1792,söylüyoruz,4
25,1793,yolunu,4
25,1794,kürtleri,4
25,1795,alkan,4
25,1796,demiş,4
25,1797,olalim,4
25,1798,sevdasiyla,4
25,1799,özerklik,4
25,1800,fiili,4
25,1801,kendileri,4
25,1802,kanunda,4
25,1803,yazmiyor,4
25,1804,objektif,4
25,1805,ölçüt,4
25,1806,bitlis,4
25,1807,merak,4
25,1808,güvenli,4
25,1809,kimsenin,4
25,1810,ekonomisi,4
25,1811,yönelen,4
25,1812,büyüme,4
25,1813,hizli,4
25,1814,asya,4
25,1815,durumu,4
25,1816,meseleyi,4
25,1817,kurmasina,4
25,1818,gelişmelerin,4
25,1819,haksizliklar,4
25,1820,haksizliklari,4
25,1821,uyarilarimizi,4
25,1822,uğurlu,4
25,1823,ihtiyaci,4
25,1824,suçluluk,4
25,1825,gücünü,4
25,1826,bakanlik,4
25,1827,vir,4
25,1828,ağustos,4
25,1829,mülteci,4
25,1830,dediğiniz,3
25,1831,ateş,3
25,1832,bebek,3
25,1833,vicdanlar,3
25,1834,ülkemizdeki,3
25,1835,adresi,3
25,1836,ayirmaksizin,3
25,1837,hepiniz,3
25,1838,sabirli,3
25,1839,yurtta,3
25,1840,sirtini,3
25,1841,annesi,3
25,1842,maddede,3
25,1843,etmez,3
25,1844,olduğum,3
25,1845,uğruna,3
25,1846,canlar,3
25,1847,şahittir,3
25,1848,hakkina,3
25,1849,kurban,3
25,1850,bilinciyle,3
25,1851,ölen,3
25,1852,arkadaş,3
25,1853,sinirina,3
25,1854,miyiz,3
25,1855,katliamla,3
25,1856,savaşan,3
25,1857,ibrahim,3
25,1858,bosnali,3
25,1859,milletlerde,3
25,1860,kinadiğimizi,3
25,1861,bölmek,3
25,1862,birliğini,3
25,1863,yakma,3
25,1864,sunulmasi,3
25,1865,sözlerime,3
25,1866,güne,3
25,1867,işleyen,3
25,1868,toplumda,3
25,1869,coğrafyasi,3
25,1870,insanimizin,3
25,1871,pratiği,3
25,1872,vicdanina,3
25,1873,etmiştir,3
25,1874,zeminde,3
25,1875,pratiğine,3
25,1876,sorma,3
25,1877,doğal,3
25,1878,kan,3
25,1879,şiddeti,3
25,1880,cenazesini,3
25,1881,olacakti,3
25,1882,uludere,3
25,1883,ilçesinde,3
25,1884,yakinlarina,3
25,1885,edici,3
25,1886,ailelerin,3
25,1887,çalişilan,3
25,1888,görevidir,3
25,1889,aileleri,3
25,1890,gaz,3
25,1891,bombasi,3
25,1892,çikmasi,3
25,1893,milletvekiline,3
25,1894,sifatiyla,3
25,1895,görevinizde,3
25,1896,kurulunda,3
25,1897,bilgisine,3
25,1898,getirecektir,3
25,1899,gösterilmesi,3
25,1900,yönlendirme,3
25,1901,ay,3
25,1902,miting,3
25,1903,koyduğu,3
25,1904,boşa,3
25,1905,konulan,3
25,1906,halkimiza,3
25,1907,mersin,3
25,1908,saldirilarin,3
25,1909,uygulanan,3
25,1910,liler,3
25,1911,buradayiz,3
25,1912,kaldirmadi,3
25,1913,esnasinda,3
25,1914,cereyan,3
25,1915,şahsimin,3
25,1916,evvel,3
25,1917,ünal,3
25,1918,levent,3
25,1919,internet,3
25,1920,gerginlikler,3
25,1921,sözleri,3
25,1922,spor,3
25,1923,sorunlarini,3
25,1924,konuşmalari,3
25,1925,yapanlari,3
25,1926,sözler,3
25,1927,vekillerinin,3
25,1928,olduklari,3
25,1929,gönderilen,3
25,1930,getirdiği,3
25,1931,yakalandi,3
25,1932,bomba,3
25,1933,tirlar,3
25,1934,organize,3
25,1935,madde,3
25,1936,dünyaya,3
25,1937,türkmenlere,3
25,1938,yardimci,3
25,1939,gönderme,3
25,1940,girmesi,3
25,1941,kani,3
25,1942,bölgeleri,3
25,1943,katilmak,3
25,1944,yaşadiği,3
25,1945,kişilik,3
25,1946,geliyorlar,3
25,1947,haliyle,3
25,1948,elinden,3
25,1949,gençlerin,3
25,1950,alip,3
25,1951,söyledim,3
25,1952,yapar,3
25,1953,etmesine,3
25,1954,sebep,3
25,1955,tedbir,3
25,1956,ölümler,3
25,1957,milletvekilimizin,3
25,1958,gerektiği,3
25,1959,itham,3
25,1960,adem,3
25,1961,soykirimi,3
25,1962,bilerek,3
25,1963,kullaniliyor,3
25,1964,dilemesini,3
25,1965,meclisten,3
25,1966,erol,3
25,1967,araci,3
25,1968,yöneticileri,3
25,1969,erken,3
25,1970,operasyonlara,3
25,1971,oluşturma,3
25,1972,dileklerimizi,3
25,1973,gönül,3
25,1974,sinirli,3
25,1975,ini,3
25,1976,politikasinin,3
25,1977,hele,3
25,1978,kaotik,3
25,1979,gelmez,3
25,1980,sonuçlari,3
25,1981,olduğunda,3
25,1982,rasyonel,3
25,1983,kiymetli,3
25,1984,mali,3
25,1985,çikiş,3
25,1986,tarafi,3
25,1987,coğrafyada,3
25,1988,olursunuz,3
25,1989,örgütüdür,3
25,1990,medeniyetin,3
25,1991,katliamlara,3
25,1992,konseyinin,3
25,1993,örgütlerin,3
25,1994,güçlerin,3
25,1995,aciya,3
25,1996,bekleme,3
25,1997,odasina,3
25,1998,tamamini,3
25,1999,verenlerin,3
25,2000,noktasina,3
26,1,bir,57628
26,2,bu,45053
26,3,ve,44423
26,4,de,22692
26,5,da,22454
26,6,sayin,17647
26,7,için,10339
26,8,türkiye,9851
26,9,olarak,9754
26,10,var,9501
26,11,başkan,9115
26,12,ne,8884
26,13,çok,8649
26,14,ama,8468
26,15,daha,7704
26,16,değerli,7668
26,17,ki,7430
26,18,nin,6399
26,19,olan,6352
26,20,biz,6303
26,21,ilgili,6048
26,22,kadar,5910
26,23,burada,5837
26,24,ya,5794
26,25,her,5632
26,26,ben,5616
26,27,gibi,5464
26,28,yani,5435
26,29,milletvekilleri,5178
26,30,siralarindan,5097
26,31,bunu,5090
26,32,mi,5033
26,33,değil,4977
26,34,yok,4903
26,35,en,4876
26,36,şimdi,4742
26,37,bugün,4485
26,38,alkişlar,4474
26,39,teşekkür,4280
26,40,bütün,4200
26,41,önce,4120
26,42,sonra,4070
26,43,parti,3986
26,44,zaman,3971
26,45,şu,3915
26,46,büyük,3896
26,47,ifade,3851
26,48,arkadaşlar,3835
26,49,tarafindan,3702
26,50,şekilde,3677
26,51,siz,3673
26,52,olduğu,3672
26,53,söz,3643
26,54,böyle,3601
26,55,genel,3595
26,56,şey,3579
26,57,bunun,3427
26,58,in,3385
26,59,diye,3316
26,60,ediyorum,3310
26,61,devam,3268
26,62,ak,3259
26,63,yine,3256
26,64,yüzde,3240
26,65,bakin,3192
26,66,son,3187
26,67,bizim,3110
26,68,istiyorum,2976
26,69,ayni,2930
26,70,karşi,2929
26,71,önemli,2914
26,72,sadece,2910
26,73,anayasa,2816
26,74,chp,2811
26,75,nasil,2791
26,76,hem,2762
26,77,terör,2607
26,78,selamliyorum,2585
26,79,göre,2573
26,80,saygiyla,2564
26,81,hiçbir,2544
26,82,özellikle,2536
26,83,kendi,2462
26,84,akp,2431
26,85,kanun,2394
26,86,iş,2369
26,87,türk,2353
26,88,olduğunu,2345
26,89,ederim,2315
26,90,siyasi,2314
26,91,yil,2292
26,92,gün,2285
26,93,devlet,2273
26,94,milli,2272
26,95,tüm,2249
26,96,çünkü,2232
26,97,ancak,2209
26,98,sizin,2205
26,99,başka,2192
26,100,bin,2172
26,101,iki,2168
26,102,yeni,2168
26,103,partisi,2076
26,104,diğer,2068
26,105,tek,2052
26,106,etmek,2005
26,107,eğer,2003
26,108,tabii,1994
26,109,birlikte,1976
26,110,anda,1972
26,111,eğitim,1971
26,112,doğru,1970
26,113,maalesef,1966
26,114,yapilan,1950
26,115,içerisinde,1943
26,116,başkanim,1936
26,117,diyor,1933
26,118,bakan,1914
26,119,iyi,1906
26,120,on,1898
26,121,lazim,1895
26,122,konuda,1841
26,123,ortaya,1841
26,124,insan,1841
26,125,gerçekten,1786
26,126,aslinda,1780
26,127,hiç,1777
26,128,meclis,1749
26,129,orada,1747
26,130,evet,1739
26,131,halk,1737
26,132,kabul,1736
26,133,ile,1734
26,134,ye,1713
26,135,adina,1698
26,136,size,1687
26,137,buna,1685
26,138,oldu,1679
26,139,değildir,1679
26,140,yilinda,1666
26,141,adalet,1662
26,142,milletvekili,1648
26,143,kapatildi,1647
26,144,millet,1635
26,145,üzerinde,1628
26,146,kamu,1626
26,147,otomatik,1624
26,148,grup,1606
26,149,cihaz,1596
26,150,ilişkin,1596
26,151,üzere,1593
26,152,mikrofon,1593
26,153,dolayisiyla,1590
26,154,eden,1584
26,155,işte,1579
26,156,cumhuriyet,1576
26,157,bile,1573
26,158,iktidar,1550
26,159,vardir,1541
26,160,biraz,1524
26,161,niye,1521
26,162,hdp,1508
26,163,ilk,1486
26,164,milyon,1485
26,165,hükumet,1478
26,166,allah,1476
26,167,açik,1470
26,168,veya,1450
26,169,içinde,1446
26,170,öyle,1441
26,171,olsun,1439
26,172,mücadele,1439
26,173,bunlari,1431
26,174,şunu,1427
26,175,ediyor,1424
26,176,yi,1421
26,177,onun,1418
26,178,fazla,1416
26,179,onu,1403
26,180,buradan,1394
26,181,bunlar,1390
26,182,artik,1387
26,183,tekrar,1381
26,184,kurulu,1372
26,185,özel,1351
26,186,altinda,1351
26,187,iç,1346
26,188,bakani,1345
26,189,bize,1339
26,190,yönelik,1338
26,191,benim,1337
26,192,hep,1331
26,193,olmak,1330
26,194,neden,1324
26,195,zaten,1318
26,196,üzerine,1314
26,197,milyar,1309
26,198,ise,1297
26,199,sağlik,1286
26,200,olmasi,1280
26,201,hangi,1279
26,202,yerine,1278
26,203,bundan,1276
26,204,sosyal,1275
26,205,yer,1267
26,206,hukuk,1251
26,207,hareket,1246
26,208,istanbul,1244
26,209,bazi,1239
26,210,avrupa,1227
26,211,üç,1221
26,212,beş,1221
26,213,an,1219
26,214,birçok,1216
26,215,ülkenin,1216
26,216,bunlarin,1208
26,217,efendim,1205
26,218,temel,1202
26,219,kim,1200
26,220,tam,1186
26,221,ülke,1185
26,222,cevap,1183
26,223,olacak,1182
26,224,mu,1171
26,225,konusunda,1169
26,226,bütçe,1166
26,227,kanunu,1165
26,228,rağmen,1157
26,229,yili,1154
26,230,uluslararasi,1152
26,231,ciddi,1143
26,232,vergi,1142
26,233,karar,1135
26,234,farkli,1125
26,235,güvenlik,1125
26,236,gereken,1124
26,237,gelen,1123
26,238,olur,1121
26,239,hepinizi,1119
26,240,darbe,1110
26,241,kişi,1109
26,242,kez,1108
26,243,arasinda,1106
26,244,sahip,1100
26,245,peki,1098
26,246,açisindan,1095
26,247,hayir,1090
26,248,inci,1090
26,249,çalişma,1083
26,250,yüksek,1081
26,251,nci,1078
26,252,demokratik,1078
26,253,üzerinden,1074
26,254,sen,1069
26,255,geçen,1063
26,256,seçim,1057
26,257,ediyoruz,1051
26,258,ayrica,1049
26,259,tane,1041
26,260,ülkede,1034
26,261,az,1026
26,262,beraber,1025
26,263,almiş,1021
26,264,konusu,1018
26,265,hak,1015
26,266,dün,1014
26,267,haklari,1012
26,268,alan,1005
26,269,yanliş,1000
26,270,dedi,998
26,271,dört,994
26,272,yüce,985
26,273,söylüyorum,974
26,274,devletin,971
26,275,sayili,969
26,276,arkadaşlarim,967
26,277,dünya,966
26,278,yargi,963
26,279,den,962
26,280,pkk,962
26,281,cumhuriyeti,961
26,282,fetö,950
26,283,başkani,949
26,284,dolayi,944
26,285,gerekiyor,924
26,286,vardi,924
26,287,gerek,923
26,288,milletin,922
26,289,milliyetçi,919
26,290,diliyorum,916
26,291,çözüm,914
26,292,kürt,896
26,293,oy,895
26,294,hala,895
26,295,diş,895
26,296,dönemde,894
26,297,yasa,893
26,298,hakki,889
26,299,meclisi,885
26,300,uygun,883
26,301,mümkün,878
26,302,öncelikle,875
26,303,elbette,874
26,304,gelir,871
26,305,hakkinda,870
26,306,hale,870
26,307,lira,869
26,308,cumhurbaşkani,868
26,309,te,862
26,310,ekonomik,859
26,311,yapan,856
26,312,konu,854
26,313,dişinda,853
26,314,anlamda,850
26,315,destek,850
26,316,olmayan,849
26,317,suriye,841
26,318,yaptiği,839
26,319,bugüne,836
26,320,zamanda,836
26,321,edilen,834
26,322,partisinin,824
26,323,türlü,824
26,324,herhangi,822
26,325,üncü,821
26,326,yoktur,820
26,327,tüzük,817
26,328,belki,816
26,329,insanlar,816
26,330,varsa,815
26,331,kadin,811
26,332,ortak,810
26,333,bakanliği,808
26,334,bey,807
26,335,durum,806
26,336,ettiği,804
26,337,yeniden,798
26,338,mhp,795
26,339,sayisi,792
26,340,yillik,790
26,341,geldi,788
26,342,yönetim,785
26,343,istiyoruz,785
26,344,başbakan,784
26,345,madde,783
26,346,çocuk,782
26,347,şehit,780
26,348,dair,776
26,349,demek,774
26,350,tarim,771
26,351,herkes,770
26,352,kalkinma,770
26,353,günü,769
26,354,temmuz,769
26,355,yol,767
26,356,diyorum,766
26,357,merkezi,766
26,358,nedeniyle,764
26,359,başta,759
26,360,grubu,755
26,361,hatta,754
26,362,ohal,754
26,363,asla,748
26,364,sunuyorum,748
26,365,durumda,746
26,366,düzenleme,745
26,367,gerekir,744
26,368,net,741
26,369,mehmet,741
26,370,yazik,740
26,371,dan,738
26,372,hükumetin,730
26,373,yapmak,729
26,374,musunuz,727
26,375,derece,727
26,376,geri,726
26,377,hemen,722
26,378,itibariyla,722
26,379,etti,719
26,380,para,719
26,381,onlarin,718
26,382,muhalefet,718
26,383,belli,716
26,384,döneminde,715
26,385,hizmet,714
26,386,bilgi,714
26,387,şöyle,712
26,388,su,711
26,389,biliyoruz,710
26,390,olmaz,707
26,391,yurt,706
26,392,ankara,704
26,393,insanlarin,702
26,394,yapmiş,702
26,395,demokrasi,701
26,396,halkin,696
26,397,li,695
26,398,yapilmasi,694
26,399,atatürk,689
26,400,bana,689
26,401,bununla,687
26,402,bizi,687
26,403,katilmiyoruz,686
26,404,belediye,686
26,405,tan,683
26,406,terörle,681
26,407,yle,679
26,408,ona,678
26,409,yatirim,673
26,410,sorun,672
26,411,güzel,669
26,412,oluyor,668
26,413,birliği,668
26,414,olabilir,667
26,415,görev,667
26,416,siyaset,663
26,417,talep,662
26,418,meclisin,662
26,419,sürekli,660
26,420,ana,660
26,421,yaşanan,659
26,422,bulunan,658
26,423,yakin,657
26,424,dişi,655
26,425,tasarisi,651
26,426,haline,650
26,427,gerekli,650
26,428,biliyor,650
26,429,deki,647
26,430,ün,647
26,431,sira,646
26,432,el,645
26,433,ay,645
26,434,ülkemizde,644
26,435,dile,642
26,436,midir,641
26,437,mevcut,640
26,438,olağanüstü,640
26,439,biliyorsunuz,638
26,440,fakat,635
26,441,tarihi,634
26,442,diyoruz,633
26,443,ikinci,633
26,444,nun,633
26,445,çalişan,633
26,446,bariş,633
26,447,uzun,632
26,448,birtakim,629
26,449,nedenle,628
26,450,devleti,627
26,451,ülkemizin,625
26,452,görüyoruz,623
26,453,orta,623
26,454,yaklaşik,623
26,455,sivil,622
26,456,yildir,621
26,457,dolar,621
26,458,birkaç,621
26,459,ceza,619
26,460,isterim,614
26,461,karari,614
26,462,ta,612
26,463,önceki,610
26,464,buraya,607
26,465,lütfen,607
26,466,adi,606
26,467,yapiyor,604
26,468,nedir,603
26,469,ağir,602
26,470,yilda,601
26,471,beri,599
26,472,yerde,598
26,473,süre,598
26,474,geliyor,597
26,475,dakika,595
26,476,sizi,595
26,477,sistemi,595
26,478,örgütü,594
26,479,rahmet,592
26,480,şeyi,590
26,481,altina,588
26,482,kimse,587
26,483,diyarbakir,586
26,484,erdoğan,585
26,485,mustafa,579
26,486,saygilar,577
26,487,olsa,574
26,488,veren,574
26,489,yüz,573
26,490,sorunu,572
26,491,vesileyle,572
26,492,başina,572
26,493,çikan,570
26,494,maddesi,570
26,495,yoksa,570
26,496,basin,569
26,497,dahi,568
26,498,le,567
26,499,dünyada,566
26,500,araştirma,561
26,501,yana,561
26,502,ortadan,561
26,503,değişiklik,558
26,504,gürültüler,557
26,505,yla,556
26,506,yaninda,554
26,507,komisyon,553
26,508,alti,551
26,509,verilen,551
26,510,bağli,550
26,511,biri,548
26,512,onlar,546
26,513,verdiği,546
26,514,bakanlar,544
26,515,yapti,542
26,516,doğu,541
26,517,olmuştur,541
26,518,mutlaka,541
26,519,ilan,538
26,520,dünyanin,538
26,521,savaş,537
26,522,olmadiği,536
26,523,un,535
26,524,hafta,535
26,525,olduğumuz,535
26,526,soru,534
26,527,olmuş,534
26,528,kisa,533
26,529,enerji,533
26,530,onlari,532
26,531,maliye,532
26,532,toplum,532
26,533,izin,530
26,534,inşallah,530
26,535,nerede,529
26,536,ayri,528
26,537,gündeme,528
26,538,suç,525
26,539,pek,524
26,540,özgür,523
26,541,gerektiğini,522
26,542,tamamen,519
26,543,tür,516
26,544,defa,516
26,545,nda,515
26,546,toplumsal,515
26,547,söylemek,514
26,548,önünde,513
26,549,söyledi,513
26,550,örnek,512
26,551,daki,512
26,552,hepimiz,511
26,553,hepimizin,510
26,554,mecliste,510
26,555,güçlü,510
26,556,aykiri,509
26,557,vermek,509
26,558,esas,507
26,559,işid,507
26,560,kötü,507
26,561,gerçek,506
26,562,misiniz,506
26,563,hani,503
26,564,zorunda,503
26,565,kurumu,503
26,566,vekili,500
26,567,söylüyor,500
26,568,gelin,499
26,569,halde,498
26,570,kendisi,498
26,571,hayatini,497
26,572,açiklama,496
26,573,taraftan,496
26,574,yasama,492
26,575,olmadiğini,490
26,576,yaptik,488
26,577,tarihinde,487
26,578,olacaktir,487
26,579,gelecek,484
26,580,baktiğimizda,484
26,581,içişleri,484
26,582,saat,483
26,583,önüne,483
26,584,yüzden,483
26,585,hükmünde,482
26,586,istihdam,481
26,587,söyleyeyim,480
26,588,oradaki,479
26,589,düşünüyorum,476
26,590,işçi,475
26,591,vermiş,475
26,592,eş,474
26,593,tl,473
26,594,etmektedir,473
26,595,iktidarin,472
26,596,komisyonu,470
26,597,göz,470
26,598,olursa,470
26,599,dönem,469
26,600,ondan,468
26,601,yaşayan,467
26,602,hal,467
26,603,hepsi,467
26,604,edildi,466
26,605,yapilacak,462
26,606,konuşma,462
26,607,devamla,462
26,608,ele,460
26,609,ait,459
26,610,diyorsunuz,459
26,611,başinda,458
26,612,yandan,457
26,613,açikça,457
26,614,binlerce,456
26,615,hakim,456
26,616,toplam,455
26,617,olmasini,455
26,618,tanesi,454
26,619,orman,453
26,620,yarin,453
26,621,kaç,453
26,622,sanayi,452
26,623,çerçevesinde,452
26,624,insani,451
26,625,dahil,451
26,626,çikti,450
26,627,süreci,449
26,628,üniversite,449
26,629,bölge,449
26,630,gazi,446
26,631,hakkini,446
26,632,edecek,445
26,633,alakali,445
26,634,buradaki,445
26,635,zor,445
26,636,ederek,443
26,637,karşisinda,443
26,638,kapsaminda,443
26,639,bütçesi,443
26,640,can,442
26,641,yasal,441
26,642,il,441
26,643,askeri,441
26,644,yapiyoruz,440
26,645,ihtiyaç,439
26,646,milletimizin,437
26,647,işin,435
26,648,olup,435
26,649,la,434
26,650,teslim,431
26,651,aile,430
26,652,yapiliyor,429
26,653,kendisine,429
26,654,başkanlik,429
26,655,edeceğiz,428
26,656,mesela,427
26,657,herkesin,427
26,658,etmiş,426
26,659,yaşam,426
26,660,takip,426
26,661,doğal,425
26,662,hesap,424
26,663,ülkeyi,423
26,664,aziz,423
26,665,dikkate,422
26,666,yirmi,422
26,667,oraya,422
26,668,edilmesi,422
26,669,değer,421
26,670,bakanim,421
26,671,birisi,421
26,672,adeta,421
26,673,noktada,420
26,674,yolu,419
26,675,konuyu,418
26,676,bölgede,417
26,677,kere,417
26,678,dedik,415
26,679,yalan,415
26,680,kemal,415
26,681,dil,414
26,682,teşekkürler,413
26,683,tasari,411
26,684,amerika,411
26,685,kaldi,411
26,686,işleri,410
26,687,ettik,409
26,688,kişinin,409
26,689,üretim,408
26,690,şeyler,408
26,691,savunma,408
26,692,bizler,406
26,693,bak,405
26,694,boyunca,405
26,695,yapiyorsunuz,404
26,696,teşvik,404
26,697,hayata,403
26,698,amaciyla,403
26,699,bulunuyorum,403
26,700,üyesi,402
26,701,geçmiş,401
26,702,öğretmen,401
26,703,olun,401
26,704,yapildi,400
26,705,ni,400
26,706,asgari,398
26,707,elde,398
26,708,bağimsiz,397
26,709,doğrudan,397
26,710,mağdur,397
26,711,bakanliğinin,397
26,712,acaba,396
26,713,bunlara,396
26,714,gerekmektedir,396
26,715,kurum,396
26,716,eski,395
26,717,resmi,395
26,718,cumhurbaşkaninin,394
26,719,ortada,393
26,720,hükumeti,393
26,721,nde,393
26,722,eder,392
26,723,elektrik,392
26,724,toplumun,392
26,725,davet,391
26,726,arkadaşlarimiz,391
26,727,israil,390
26,728,iddia,389
26,729,veriyor,389
26,730,neredeyse,388
26,731,hatip,388
26,732,yapma,387
26,733,tehdit,387
26,734,hepinize,387
26,735,onlara,387
26,736,ekonomi,386
26,737,sirasinda,385
26,738,aldim,385
26,739,soruyorum,384
26,740,sene,384
26,741,dikkat,384
26,742,katki,383
26,743,sorunlari,381
26,744,oradan,381
26,745,diyen,381
26,746,karşiya,379
26,747,çocuklarin,379
26,748,edilmiş,379
26,749,noktasinda,378
26,750,şeklinde,378
26,751,işi,377
26,752,bakimindan,377
26,753,saygi,377
26,754,polis,377
26,755,yapilmiş,376
26,756,sonucu,374
26,757,sokağa,374
26,758,yere,374
26,759,etme,373
26,760,arz,373
26,761,birinci,373
26,762,alinan,371
26,763,tarih,371
26,764,demir,371
26,765,geçici,370
26,766,vatan,370
26,767,etmeye,370
26,768,ülkemiz,370
26,769,verdi,369
26,770,örneğin,368
26,771,acil,368
26,772,yerinde,367
26,773,itibaren,367
26,774,zarar,367
26,775,yaptiniz,366
26,776,ediliyor,366
26,777,alanda,365
26,778,düzenlemeler,364
26,779,küçük,363
26,780,tutuklu,363
26,781,anadolu,363
26,782,başkanliği,362
26,783,çocuklar,362
26,784,denetim,362
26,785,adam,361
26,786,herhalde,360
26,787,torba,359
26,788,irak,359
26,789,dedim,359
26,790,büyüme,356
26,791,çevre,354
26,792,müdahale,354
26,793,ediyorsunuz,352
26,794,islam,351
26,795,heyetinizi,350
26,796,önümüzdeki,350
26,797,üst,350
26,798,sonuç,350
26,799,durumu,350
26,800,budur,350
26,801,milletvekillerinin,349
26,802,özür,349
26,803,orani,349
26,804,ihtiyaci,348
26,805,meclise,348
26,806,terörist,348
26,807,kürsüden,347
26,808,insanin,346
26,809,aralik,346
26,810,tespit,346
26,811,kültür,346
26,812,rusya,345
26,813,yerli,345
26,814,hayirli,345
26,815,temsil,344
26,816,mesele,343
26,817,insanlari,343
26,818,iktidari,343
26,819,söyledim,342
26,820,milleti,342
26,821,bulunmaktayim,340
26,822,kredi,340
26,823,mahkemesi,340
26,824,ahmet,339
26,825,almak,339
26,826,ticaret,339
26,827,spor,339
26,828,halki,338
26,829,alinmasi,337
26,830,beni,337
26,831,silahli,337
26,832,hizli,337
26,833,yaptiğimiz,336
26,834,geçtiğimiz,336
26,835,hukuki,336
26,836,sataşma,336
26,837,teklifi,336
26,838,olay,336
26,839,sistem,335
26,840,görevi,335
26,841,gelmiş,333
26,842,tamam,333
26,843,merak,332
26,844,mahkeme,332
26,845,husus,331
26,846,gücü,331
26,847,na,331
26,848,gelip,331
26,849,uygulama,330
26,850,kişisel,330
26,851,yeri,330
26,852,kimin,329
26,853,senin,329
26,854,millete,329
26,855,kesinlikle,329
26,856,ayinda,329
26,857,günlerde,328
26,858,gidiyor,328
26,859,suretiyle,327
26,860,cizre,327
26,861,önerge,326
26,862,partinin,326
26,863,gece,326
26,864,kalan,326
26,865,kara,325
26,866,arada,325
26,867,usul,325
26,868,izmir,324
26,869,iktidara,323
26,870,adana,323
26,871,yillarda,322
26,872,arasindaki,322
26,873,edin,322
26,874,uncu,322
26,875,aldiği,322
26,876,sahibi,321
26,877,çeşitli,321
26,878,ara,320
26,879,kasim,319
26,880,çikma,319
26,881,yardim,319
26,882,vatandaş,319
26,883,sizden,317
26,884,işsizlik,317
26,885,çerçevede,317
26,886,eşit,316
26,887,sanki,316
26,888,soruşturma,316
26,889,öğretim,316
26,890,nereden,315
26,891,tayyip,315
26,892,adli,314
26,893,laf,314
26,894,diyerek,314
26,895,ali,314
26,896,başkanimiz,314
26,897,genç,314
26,898,edilmiştir,313
26,899,haziran,313
26,900,verecek,313
26,901,bulunduğu,312
26,902,yeter,312
26,903,şeker,312
26,904,belirtmek,312
26,905,adim,311
26,906,süreçte,311
26,907,serbest,311
26,908,mali,311
26,909,defalarca,310
26,910,haklarini,310
26,911,üçüncü,310
26,912,mersin,310
26,913,çalişmalar,309
26,914,getirmek,309
26,915,kismi,308
26,916,ocak,308
26,917,doğrusu,307
26,918,aynen,307
26,919,bilim,306
26,920,demektir,306
26,921,kimsenin,306
26,922,işler,306
26,923,bunlardan,305
26,924,hukuka,305
26,925,imza,305
26,926,siyasal,305
26,927,cezaevinde,304
26,928,dir,303
26,929,gereği,302
26,930,biçimde,302
26,931,geldiği,301
26,932,hedef,301
26,933,yaparken,301
26,934,hakaret,301
26,935,etkin,301
26,936,güç,300
26,937,medya,300
26,938,çikiyor,300
26,939,asil,299
26,940,özgürlüğü,299
26,941,emniyet,299
26,942,vatandaşlarimizin,299
26,943,haber,298
26,944,ten,297
26,945,süreç,297
26,946,çalişmalari,297
26,947,politika,297
26,948,hakikaten,296
26,949,halen,296
26,950,insanlik,296
26,951,ikincisi,295
26,952,kendisini,295
26,953,taşeron,295
26,954,vergisi,295
26,955,birlik,295
26,956,emekli,294
26,957,yarginin,294
26,958,vatandaşin,294
26,959,kadinlar,294
26,960,adil,294
26,961,geçti,293
26,962,bugünkü,293
26,963,örgütünün,293
26,964,yapalim,293
26,965,kesin,293
26,966,büyükşehir,292
26,967,yeterli,292
26,968,bakalim,291
26,969,bakanin,291
26,970,birakin,291
26,971,sonucunda,291
26,972,verin,290
26,973,ayip,290
26,974,konuyla,289
26,975,ettiniz,289
26,976,parlamento,289
26,977,khk,288
26,978,etmiştir,288
26,979,milletimiz,288
26,980,plan,288
26,981,yoğun,288
26,982,komisyonda,287
26,983,sonrasinda,287
26,984,neler,287
26,985,saygilarimla,287
26,986,ek,287
26,987,oysa,286
26,988,raporu,286
26,989,milletimize,286
26,990,silah,286
26,991,şehir,285
26,992,hukukun,285
26,993,niğde,285
26,994,açidan,285
26,995,tasarinin,284
26,996,gelmiştir,284
26,997,teknik,284
26,998,kayit,284
26,999,baski,283
26,1000,falan,283
26,1001,alaninda,283
26,1002,kan,283
26,1003,değiliz,283
26,1004,söylüyoruz,282
26,1005,halinde,282
26,1006,dediniz,282
26,1007,benzer,282
26,1008,mart,282
26,1009,küresel,282
26,1010,kurul,281
26,1011,değişikliği,281
26,1012,yabanci,281
26,1013,düşük,281
26,1014,turizm,281
26,1015,sevgili,281
26,1016,gizli,281
26,1017,olumlu,280
26,1018,sonunda,280
26,1019,şiddet,279
26,1020,sana,279
26,1021,sağ,278
26,1022,düşen,278
26,1023,meslek,278
26,1024,otuz,278
26,1025,içine,277
26,1026,alarak,277
26,1027,geçmişte,277
26,1028,ihraç,276
26,1029,güvenliği,276
26,1030,bulunmaktadir,276
26,1031,alani,276
26,1032,saygideğer,276
26,1033,sorunlar,276
26,1034,çikip,276
26,1035,yaptiğiniz,275
26,1036,nisan,275
26,1037,getirilen,275
26,1038,diyorlar,275
26,1039,si,275
26,1040,meydana,274
26,1041,sözü,274
26,1042,müsaade,274
26,1043,üye,273
26,1044,et,273
26,1045,ülkeye,273
26,1046,idari,273
26,1047,aliyor,273
26,1048,bakanlik,272
26,1049,birleşmiş,272
26,1050,çocuklari,272
26,1051,dava,272
26,1052,mal,272
26,1053,söylediği,271
26,1054,olsaydi,271
26,1055,yerel,270
26,1056,savaşi,270
26,1057,yedi,270
26,1058,artiş,269
26,1059,bakanimiz,269
26,1060,evvel,269
26,1061,sizler,268
26,1062,biliyorum,268
26,1063,altini,267
26,1064,teröre,267
26,1065,yapmaya,267
26,1066,sekiz,267
26,1067,yardimcisi,267
26,1068,şubat,266
26,1069,bekliyoruz,265
26,1070,yetki,264
26,1071,konuşmasi,264
26,1072,paylaşmak,264
26,1073,olmasina,264
26,1074,olma,263
26,1075,ulusal,262
26,1076,personel,262
26,1077,çikmiş,262
26,1078,şirnak,261
26,1079,önerisi,261
26,1080,recep,261
26,1081,ülkeler,260
26,1082,dönük,260
26,1083,önergesi,260
26,1084,imkani,259
26,1085,eylül,259
26,1086,sur,259
26,1087,verilmesi,259
26,1088,gida,258
26,1089,yillardir,258
26,1090,isteyen,258
26,1091,alip,258
26,1092,yapacak,257
26,1093,niçin,257
26,1094,iade,257
26,1095,inşa,257
26,1096,kaynak,256
26,1097,etmesi,256
26,1098,sizlere,256
26,1099,halka,255
26,1100,tip,255
26,1101,verdik,255
26,1102,ücret,255
26,1103,cumhurbaşkanliği,254
26,1104,ülkemize,253
26,1105,erzurum,253
26,1106,sonuna,253
26,1107,gidip,253
26,1108,sonraki,252
26,1109,sormak,252
26,1110,projesi,252
26,1111,hakli,252
26,1112,sağlikli,252
26,1113,dönemin,251
26,1114,uzak,251
26,1115,ön,251
26,1116,halklarin,251
26,1117,parlamentonun,251
26,1118,meselesi,250
26,1119,tabi,250
26,1120,sulama,250
26,1121,ilçe,249
26,1122,öte,249
26,1123,değerlendirme,249
26,1124,arkadaşimiz,249
26,1125,anlayişi,249
26,1126,eylem,249
26,1127,azindan,249
26,1128,başladi,249
26,1129,kendilerine,248
26,1130,duruma,248
26,1131,sesleri,248
26,1132,gördük,248
26,1133,anayasal,248
26,1134,giden,248
26,1135,civarinda,248
26,1136,bostanci,247
26,1137,ortamda,247
26,1138,öğrenci,247
26,1139,içi,247
26,1140,noktaya,246
26,1141,gerekse,246
26,1142,itiraz,246
26,1143,kürsüde,245
26,1144,hepsini,245
26,1145,milletinin,245
26,1146,başarili,245
26,1147,korunmasi,245
26,1148,sağlamak,245
26,1149,yapacağiz,244
26,1150,önem,244
26,1151,yayin,244
26,1152,edelim,244
26,1153,olanlar,243
26,1154,müdürlüğü,243
26,1155,yapilmasina,242
26,1156,hava,242
26,1157,önemlidir,242
26,1158,ders,242
26,1159,katma,241
26,1160,teklif,241
26,1161,arkasinda,241
26,1162,olmadi,240
26,1163,sonrasi,240
26,1164,mayis,240
26,1165,irade,240
26,1166,edildiği,240
26,1167,durumunda,239
26,1168,faiz,239
26,1169,gitti,239
26,1170,kocaeli,239
26,1171,eleştiri,239
26,1172,nereye,238
26,1173,ihale,238
26,1174,cümle,238
26,1175,esasen,237
26,1176,rahatsiz,237
26,1177,payi,236
26,1178,yaşamini,236
26,1179,canli,236
26,1180,çalişiyor,236
26,1181,vatandaşlarimiz,236
26,1182,keşke,236
26,1183,düşünüyoruz,235
26,1184,ister,235
26,1185,zorundayiz,235
26,1186,sivas,235
26,1187,zorunlu,235
26,1188,işe,234
26,1189,yildirim,234
26,1190,karşiyayiz,233
26,1191,ederken,233
26,1192,boş,233
26,1193,sürece,233
26,1194,hasta,233
26,1195,bilimsel,232
26,1196,gündem,232
26,1197,terörün,232
26,1198,baluken,232
26,1199,henüz,232
26,1200,takdir,232
26,1201,kardeşim,232
26,1202,bunlarla,231
26,1203,idare,231
26,1204,burasi,231
26,1205,istiyor,230
26,1206,sebep,230
26,1207,alma,230
26,1208,ettiğimiz,230
26,1209,söyle,230
26,1210,ettim,230
26,1211,konularda,230
26,1212,konuya,229
26,1213,somut,229
26,1214,özgürlük,229
26,1215,olmaya,229
26,1216,bakanina,228
26,1217,başsağliği,228
26,1218,maruz,228
26,1219,kirk,228
26,1220,iken,228
26,1221,kimi,228
26,1222,herkese,227
26,1223,maddenin,227
26,1224,yazili,227
26,1225,yaparak,227
26,1226,kiymetli,227
26,1227,politikalar,227
26,1228,hain,226
26,1229,alakasi,226
26,1230,sayida,226
26,1231,aylik,226
26,1232,milletvekilinin,226
26,1233,istismar,225
26,1234,yapi,225
26,1235,hesabini,225
26,1236,haksiz,225
26,1237,borç,225
26,1238,açiğa,225
26,1239,ihlal,224
26,1240,meşru,224
26,1241,pyd,224
26,1242,fiili,224
26,1243,şudur,224
26,1244,bursa,224
26,1245,emin,224
26,1246,kdv,224
26,1247,hükumete,223
26,1248,korumak,223
26,1249,sermaye,223
26,1250,sorumlu,223
26,1251,gerekçe,223
26,1252,tarimsal,223
26,1253,dişina,222
26,1254,koruma,222
26,1255,kendini,222
26,1256,alinmiş,222
26,1257,bulundu,222
26,1258,maddesinde,221
26,1259,iptal,221
26,1260,paralel,221
26,1261,politikasi,221
26,1262,proje,221
26,1263,rahat,221
26,1264,sebebi,221
26,1265,dediği,220
26,1266,demokrasinin,220
26,1267,rakam,220
26,1268,maddede,220
26,1269,güven,220
26,1270,uzman,220
26,1271,ölüm,219
26,1272,partilerin,219
26,1273,olduk,219
26,1274,terk,219
26,1275,yaş,218
26,1276,filiz,218
26,1277,süleyman,218
26,1278,çanakkale,218
26,1279,kurulun,217
26,1280,yapar,217
26,1281,söyledik,217
26,1282,sikinti,216
26,1283,ekim,216
26,1284,sorunlarin,216
26,1285,yapilmiştir,216
26,1286,olamaz,216
26,1287,osmanli,216
26,1288,tablo,215
26,1289,milletler,215
26,1290,kişilerin,215
26,1291,milletvekilimiz,215
26,1292,tamami,214
26,1293,neyi,214
26,1294,din,214
26,1295,anlaminda,214
26,1296,sayiştay,214
26,1297,adiyaman,213
26,1298,sirada,213
26,1299,demiş,213
26,1300,fayda,212
26,1301,bülent,212
26,1302,bakiniz,212
26,1303,kişiye,212
26,1304,yargiya,211
26,1305,terörü,211
26,1306,etnik,211
26,1307,tartişma,210
26,1308,engel,210
26,1309,amaci,210
26,1310,hadi,210
26,1311,işkence,210
26,1312,başkaninin,210
26,1313,adet,209
26,1314,tesis,209
26,1315,yönetimi,208
26,1316,aşkina,208
26,1317,evrensel,208
26,1318,yilindan,208
26,1319,aldi,208
26,1320,yerlerde,208
26,1321,kadro,208
26,1322,kurumlar,208
26,1323,fonu,207
26,1324,çiftçi,207
26,1325,nüfus,207
26,1326,araya,207
26,1327,parlamenter,206
26,1328,ettiler,206
26,1329,olayi,206
26,1330,devlete,206
26,1331,esnaf,205
26,1332,mizin,205
26,1333,sataşmadan,205
26,1334,geniş,205
26,1335,doktor,205
26,1336,dayali,204
26,1337,cari,204
26,1338,sisteminin,204
26,1339,sebebiyle,204
26,1340,yönünde,204
26,1341,dediğimiz,203
26,1342,yetkisi,203
26,1343,görevden,203
26,1344,mücadelede,203
26,1345,anlamina,203
26,1346,kapali,203
26,1347,katilamiyoruz,203
26,1348,konuşmak,203
26,1349,ortalama,203
26,1350,ithal,203
26,1351,liraya,202
26,1352,olduklari,202
26,1353,toprak,202
26,1354,meclisinin,202
26,1355,yasasi,202
26,1356,mahkemesinin,202
26,1357,insanlara,202
26,1358,ardindan,202
26,1359,kurulunun,201
26,1360,işlem,201
26,1361,temmuzda,201
26,1362,gerektiği,201
26,1363,barişi,201
26,1364,cumhurbaşkanimiz,201
26,1365,vatandaşlarimiza,201
26,1366,yaşiyoruz,201
26,1367,plani,201
26,1368,verdiğimiz,200
26,1369,gözaltina,200
26,1370,kadinlarin,200
26,1371,mahkum,200
26,1372,üzerindeki,200
26,1373,bravo,200
26,1374,sorumluluğu,200
26,1375,konuşuyoruz,200
26,1376,almanya,199
26,1377,yaşadiği,199
26,1378,imkan,199
26,1379,getirdik,199
26,1380,ülkelerin,199
26,1381,başbakanin,199
26,1382,yapin,198
26,1383,verme,198
26,1384,kültürel,198
26,1385,yaklaşim,198
26,1386,bizden,198
26,1387,olmadan,198
26,1388,edeyim,198
26,1389,veriyoruz,198
26,1390,ismet,197
26,1391,teknoloji,197
26,1392,bence,197
26,1393,partisine,197
26,1394,kayseri,197
26,1395,gösteren,197
26,1396,kutluyorum,197
26,1397,eşitlik,197
26,1398,verilmiş,197
26,1399,erkek,197
26,1400,borcu,197
26,1401,geldik,197
26,1402,ihracat,197
26,1403,idris,196
26,1404,bekliyor,196
26,1405,herkesi,196
26,1406,girişimi,196
26,1407,aci,196
26,1408,hukuku,196
26,1409,okul,196
26,1410,yapmasi,195
26,1411,fark,195
26,1412,normal,195
26,1413,konuşmasinda,195
26,1414,sağlanmasi,195
26,1415,gören,195
26,1416,sevgiyle,195
26,1417,hizla,195
26,1418,durumdadir,195
26,1419,bilmiyorum,194
26,1420,olduğuna,194
26,1421,buçuk,194
26,1422,sizleri,194
26,1423,temenni,194
26,1424,rekabet,193
26,1425,partiler,193
26,1426,mü,193
26,1427,edilmektedir,193
26,1428,kapsamda,193
26,1429,düzenlemeyle,193
26,1430,kudüs,193
26,1431,ediyorlar,192
26,1432,doğrultusunda,192
26,1433,gündür,192
26,1434,kanunun,192
26,1435,arkadaşlarimizin,192
26,1436,rakamlar,192
26,1437,yargitay,192
26,1438,görmek,192
26,1439,rahmetle,192
26,1440,konuşan,192
26,1441,yilin,192
26,1442,ev,192
26,1443,maden,191
26,1444,olumsuz,191
26,1445,talimat,191
26,1446,kendine,191
26,1447,dönemi,191
26,1448,yaşadiğimiz,191
26,1449,muş,191
26,1450,grubunun,191
26,1451,anlami,190
26,1452,gözden,190
26,1453,kontrol,190
26,1454,israrla,190
26,1455,lik,190
26,1456,olmaktan,190
26,1457,istediği,190
26,1458,elinde,190
26,1459,hele,190
26,1460,hüküm,190
26,1461,kurulda,189
26,1462,yüzlerce,189
26,1463,kurulan,189
26,1464,edilemez,189
26,1465,yardimci,189
26,1466,der,189
26,1467,toplumu,189
26,1468,baktiğimiz,188
26,1469,tercih,188
26,1470,yaşinda,188
26,1471,olmasin,188
26,1472,nokta,188
26,1473,eksik,188
26,1474,işgal,188
26,1475,gösteriyor,188
26,1476,sorunun,188
26,1477,kiniyorum,188
26,1478,varlik,187
26,1479,ilave,187
26,1480,saldiri,187
26,1481,kaybeden,187
26,1482,cumhuriyetin,187
26,1483,bakimdan,187
26,1484,olduğunuz,187
26,1485,benzeri,187
26,1486,bekleyen,187
26,1487,içerisine,187
26,1488,neticesinde,187
26,1489,ulaştirma,187
26,1490,birer,187
26,1491,olmazsa,186
26,1492,sürecinde,186
26,1493,savci,186
26,1494,düşünün,186
26,1495,günde,186
26,1496,nün,186
26,1497,kahraman,186
26,1498,desteği,186
26,1499,sorumluluk,185
26,1500,anlayiş,185
26,1501,manisa,185
26,1502,iradesini,185
26,1503,tarafsiz,185
26,1504,içeride,185
26,1505,sağlayan,184
26,1506,edip,184
26,1507,üstüne,184
26,1508,zamaninda,184
26,1509,dediğiniz,184
26,1510,işsiz,184
26,1511,günden,184
26,1512,partili,184
26,1513,göç,184
26,1514,devreye,183
26,1515,alindi,183
26,1516,rejim,183
26,1517,geriye,183
26,1518,alacak,183
26,1519,edecektir,183
26,1520,verildi,182
26,1521,çikar,182
26,1522,kurulmasi,182
26,1523,firsat,182
26,1524,çalişiyoruz,182
26,1525,filistin,182
26,1526,şifalar,181
26,1527,alt,181
26,1528,bazen,181
26,1529,kiliçdaroğlu,181
26,1530,bakaninin,180
26,1531,dili,180
26,1532,bizzat,180
26,1533,ton,180
26,1534,parlamentoda,180
26,1535,bomba,180
26,1536,oldukça,179
26,1537,dünyaya,179
26,1538,sinir,179
26,1539,derhal,179
26,1540,aniyorum,179
26,1541,istifa,179
26,1542,konudaki,179
26,1543,kayip,179
26,1544,bakanliğina,178
26,1545,aydin,178
26,1546,sözlerime,178
26,1547,merkez,178
26,1548,görevini,178
26,1549,olacağiz,178
26,1550,hayati,178
26,1551,kararname,178
26,1552,kerestecioğlu,178
26,1553,yapmayin,178
26,1554,söyleyin,178
26,1555,sistemini,177
26,1556,giderek,177
26,1557,sizlerle,177
26,1558,getiren,177
26,1559,halkinin,177
26,1560,nükleer,177
26,1561,kur,177
26,1562,üyeleri,177
26,1563,bakana,177
26,1564,yalniz,177
26,1565,bitti,177
26,1566,sağlayacak,176
26,1567,yaptim,176
26,1568,kuruluş,176
26,1569,konunun,176
26,1570,cinsel,176
26,1571,ülkelerde,176
26,1572,tipki,176
26,1573,çiftçinin,176
26,1574,mardin,176
26,1575,tarihe,176
26,1576,politikalari,175
26,1577,oluşan,175
26,1578,ettiğini,175
26,1579,kürsüye,175
26,1580,başlayan,174
26,1581,sorunlarini,174
26,1582,adini,174
26,1583,ilgilendiren,174
26,1584,çalişmasi,174
26,1585,alin,174
26,1586,afrin,174
26,1587,hizmetleri,173
26,1588,hayvancilik,173
26,1589,cumhurbaşkanina,173
26,1590,tebrik,173
26,1591,yoktu,173
26,1592,takdirde,173
26,1593,üretimi,172
26,1594,örgütleri,172
26,1595,şiddetle,172
26,1596,başi,172
26,1597,be,172
26,1598,anayasasi,172
26,1599,şeyden,172
26,1600,yaptiklari,172
26,1601,ittifak,172
26,1602,istihbarat,172
26,1603,gazete,172
26,1604,rica,172
26,1605,nitelikli,171
26,1606,onlarca,171
26,1607,demokrasiyi,171
26,1608,artan,171
26,1609,toplanti,171
26,1610,akşam,171
26,1611,engin,171
26,1612,kurumun,171
26,1613,sizlerin,171
26,1614,geleceği,171
26,1615,kendileri,171
26,1616,maddesine,171
26,1617,inaniyorum,171
26,1618,kolay,171
26,1619,deniz,171
26,1620,infaz,171
26,1621,kadina,171
26,1622,davutoğlu,171
26,1623,vadeli,171
26,1624,tüik,171
26,1625,bütçenin,170
26,1626,algi,170
26,1627,yapildiği,170
26,1628,sağliği,170
26,1629,mahmut,170
26,1630,gelince,170
26,1631,gene,169
26,1632,inanin,169
26,1633,kriz,169
26,1634,yürütme,169
26,1635,açiklamasi,169
26,1636,osman,169
26,1637,çoğu,169
26,1638,maddeyle,169
26,1639,kaynaği,169
26,1640,saygilarimi,169
26,1641,oylama,169
26,1642,naci,169
26,1643,verilerin,169
26,1644,edeceğim,169
26,1645,huzur,169
26,1646,siyasetin,168
26,1647,gerekirse,168
26,1648,asker,168
26,1649,ziyaret,168
26,1650,kullanmak,168
26,1651,kurumlari,168
26,1652,kürtler,168
26,1653,cezaevlerinde,168
26,1654,elitaş,168
26,1655,gelişmiş,168
26,1656,hatirlatmak,167
26,1657,üniversitesi,167
26,1658,sik,167
26,1659,ha,167
26,1660,olmamasi,167
26,1661,kahramanmaraş,167
26,1662,derken,167
26,1663,vakif,167
26,1664,çikmiştir,167
26,1665,sefer,166
26,1666,yaşindaki,166
26,1667,uygulanan,166
26,1668,verir,166
26,1669,şeyleri,166
26,1670,faaliyet,166
26,1671,yasaği,166
26,1672,tutanaklara,166
26,1673,gezi,166
26,1674,olduğumuzu,165
26,1675,ileri,165
26,1676,yapisal,165
26,1677,ölçüde,165
26,1678,öz,165
26,1679,demokrasiye,165
26,1680,devletinin,165
26,1681,sözleşmesi,165
26,1682,tedbir,165
26,1683,şeye,164
26,1684,siyaseti,164
26,1685,hazine,164
26,1686,kaçak,164
26,1687,arasi,164
26,1688,önünü,164
26,1689,yillar,164
26,1690,sektör,164
26,1691,etmeyin,164
26,1692,dediler,164
26,1693,mit,164
26,1694,aldik,164
26,1695,ederseniz,163
26,1696,gel,163
26,1697,yoluyla,163
26,1698,ülkemizi,163
26,1699,kaldirilmasi,163
26,1700,van,163
26,1701,programi,163
26,1702,yola,163
26,1703,fransa,163
26,1704,doğrudur,163
26,1705,tarafi,162
26,1706,verdiniz,162
26,1707,şikayet,162
26,1708,getirdiği,162
26,1709,kayyum,162
26,1710,eğitime,162
26,1711,geldiğinde,162
26,1712,söyleyeceğim,162
26,1713,maddeye,162
26,1714,kayitlara,162
26,1715,problem,161
26,1716,örgütüne,161
26,1717,demirtaş,161
26,1718,dişişleri,161
26,1719,araç,161
26,1720,varken,161
26,1721,oraninda,161
26,1722,örgütlerinin,161
26,1723,organize,160
26,1724,birileri,160
26,1725,günlük,160
26,1726,istiklal,160
26,1727,vekil,160
26,1728,öncesi,160
26,1729,gülen,160
26,1730,vahim,160
26,1731,hali,160
26,1732,kime,160
26,1733,sinirli,160
26,1734,dini,160
26,1735,geldiğimiz,159
26,1736,kurumunun,159
26,1737,gayet,159
26,1738,yandaş,159
26,1739,ömer,159
26,1740,olacağini,159
26,1741,yasanin,159
26,1742,ihanet,159
26,1743,antalya,159
26,1744,bölgesel,159
26,1745,gençlik,159
26,1746,iran,159
26,1747,çözümü,159
26,1748,dönüşüm,158
26,1749,bölgesi,158
26,1750,rant,158
26,1751,prim,158
26,1752,şeyin,158
26,1753,kişiler,158
26,1754,vermeye,158
26,1755,sözleşme,158
26,1756,tedbirler,158
26,1757,dişarida,158
26,1758,olacaği,158
26,1759,sayesinde,158
26,1760,hazreti,158
26,1761,engelli,158
26,1762,gümrük,158
26,1763,reform,157
26,1764,sorum,157
26,1765,komisyonunda,157
26,1766,görüyorum,157
26,1767,milyonlarca,157
26,1768,işçilerin,157
26,1769,gereğini,157
26,1770,özlük,157
26,1771,sizsiniz,157
26,1772,televizyon,157
26,1773,vatandaşimiz,157
26,1774,vereceğim,157
26,1775,kiz,157
26,1776,kalmiş,156
26,1777,yilina,156
26,1778,halkimizin,156
26,1779,sona,156
26,1780,yildan,156
26,1781,yapmiştir,156
26,1782,açilan,156
26,1783,kimseye,156
26,1784,konuşurken,156
26,1785,geçmesi,156
26,1786,eğitimi,156
26,1787,ses,155
26,1788,baraji,155
26,1789,almasi,154
26,1790,olmayacak,154
26,1791,önceden,154
26,1792,meydan,154
26,1793,bizleri,154
26,1794,bilgiler,154
26,1795,alinarak,154
26,1796,ahlaki,154
26,1797,eliyle,154
26,1798,hizmeti,154
26,1799,şüphesiz,154
26,1800,kurtuluş,154
26,1801,ayi,154
26,1802,suriyeli,154
26,1803,söylediğim,153
26,1804,sistemin,153
26,1805,kullandi,153
26,1806,uygulamaya,153
26,1807,seçilmiş,153
26,1808,etmemiz,153
26,1809,hükumetleri,153
26,1810,geç,153
26,1811,bati,153
26,1812,ederiz,153
26,1813,liralik,153
26,1814,kalmadi,152
26,1815,katliam,152
26,1816,konuşmaci,152
26,1817,çağdaş,152
26,1818,muhalefetin,152
26,1819,müzakere,152
26,1820,kilometre,152
26,1821,düşman,152
26,1822,ver,152
26,1823,kamuoyuna,151
26,1824,sonuçta,151
26,1825,halkimiz,151
26,1826,kurula,151
26,1827,görüş,151
26,1828,haklarinin,151
26,1829,nitekim,151
26,1830,memur,151
26,1831,düşünüyor,151
26,1832,üniversiteler,151
26,1833,böylece,150
26,1834,sözünü,150
26,1835,çocuğun,150
26,1836,çocuklarimizin,150
26,1837,beyan,150
26,1838,başbakani,150
26,1839,kararlar,150
26,1840,üyelerinin,150
26,1841,sabah,150
26,1842,ar,150
26,1843,artirilmasi,149
26,1844,stratejik,149
26,1845,istiyorsunuz,149
26,1846,ettiğiniz,149
26,1847,derin,149
26,1848,emek,149
26,1849,bizde,149
26,1850,tavir,148
26,1851,yargiyi,148
26,1852,meclisinde,148
26,1853,erken,148
26,1854,yasayla,148
26,1855,anne,148
26,1856,bilir,148
26,1857,toplumda,148
26,1858,sesleniyorum,148
26,1859,samsun,148
26,1860,sürü,148
26,1861,sözleri,148
26,1862,açlik,147
26,1863,adami,147
26,1864,edilebilir,147
26,1865,göreve,147
26,1866,şehitlerimize,147
26,1867,uygulamasi,147
26,1868,kanunla,147
26,1869,işçiler,147
26,1870,yapilmaktadir,147
26,1871,olmalidir,147
26,1872,ticari,147
26,1873,adaleti,147
26,1874,yaptiğini,147
26,1875,hatay,147
26,1876,iradesi,147
26,1877,vatandaşi,147
26,1878,taş,147
26,1879,suyu,147
26,1880,süt,147
26,1881,tutum,146
26,1882,aldiğimiz,146
26,1883,düzeyde,146
26,1884,eline,146
26,1885,içinden,146
26,1886,eğitimin,146
26,1887,edilerek,146
26,1888,bakiyoruz,146
26,1889,sataşmada,146
26,1890,temin,146
26,1891,arkasindan,146
26,1892,gelmesi,146
26,1893,keyfi,146
26,1894,getirilmesi,146
26,1895,veriyorsunuz,145
26,1896,yila,145
26,1897,sözler,145
26,1898,kendisinin,145
26,1899,enflasyon,145
26,1900,sigorta,145
26,1901,düzenlemenin,145
26,1902,kar,145
26,1903,gayret,145
26,1904,olunca,145
26,1905,vicdani,145
26,1906,çocuklara,145
26,1907,dokuz,145
26,1908,giren,145
26,1909,olduğum,145
26,1910,kürtlerin,145
26,1911,alir,145
26,1912,sonu,145
26,1913,yolsuzluk,145
26,1914,yök,144
26,1915,iradesine,144
26,1916,örgüt,144
26,1917,hakkinin,144
26,1918,ürün,143
26,1919,inşaat,143
26,1920,veriliyor,143
26,1921,suçu,143
26,1922,teklifleri,143
26,1923,sisteme,143
26,1924,etmekte,143
26,1925,rapor,143
26,1926,kararlari,143
26,1927,daniştay,143
26,1928,bildiğiniz,143
26,1929,vekilleri,143
26,1930,kalici,143
26,1931,inceleme,143
26,1932,bulunmuştur,143
26,1933,tarihli,143
26,1934,ge,143
26,1935,öğretmenler,143
26,1936,ini,142
26,1937,ayda,142
26,1938,artvin,142
26,1939,yapilmasini,142
26,1940,itham,142
26,1941,uzlaşma,142
26,1942,diliyor,142
26,1943,yürürlüğe,142
26,1944,çalişiyorsunuz,142
26,1945,toplu,142
26,1946,talebi,142
26,1947,aşkin,142
26,1948,karariyla,142
26,1949,geçerli,142
26,1950,tarihte,142
26,1951,gerçeği,142
26,1952,öğrenciler,142
26,1953,başvuru,142
26,1954,getirdi,142
26,1955,ayrimcilik,142
26,1956,kat,142
26,1957,görmezden,142
26,1958,milletimizi,142
26,1959,atama,142
26,1960,öbür,141
26,1961,trabzon,141
26,1962,kalkip,141
26,1963,isim,141
26,1964,geldiğini,141
26,1965,sözlü,141
26,1966,anlayişla,141
26,1967,baş,141
26,1968,kisaca,141
26,1969,birleşik,141
26,1970,bahsediyoruz,140
26,1971,ucuz,140
26,1972,sizinle,140
26,1973,hazir,140
26,1974,köy,140
26,1975,ailelerine,140
26,1976,yakindan,140
26,1977,bakiş,140
26,1978,üstelik,140
26,1979,edilecek,140
26,1980,kürdistan,140
26,1981,açiği,140
26,1982,artiyor,140
26,1983,verelim,140
26,1984,birincisi,139
26,1985,gerekirken,139
26,1986,ekonomisi,139
26,1987,basit,139
26,1988,ilçesinde,139
26,1989,vicdan,139
26,1990,trafik,139
26,1991,çocuklarimiz,139
26,1992,üstünde,139
26,1993,üniversitelerin,139
26,1994,selamlarim,139
26,1995,başkanlari,139
26,1996,uğur,139
26,1997,adaletin,139
26,1998,yalnizca,139
26,1999,baştan,139
26,2000,bulunuyor,138
27,1,bir,61668
27,2,ve,58426
27,3,bu,51054
27,4,de,26096
27,5,da,25055
27,6,sayin,16371
27,7,için,13395
27,8,var,11559
27,9,türkiye,10905
27,10,olarak,10702
27,11,ne,10634
27,12,başkan,9508
27,13,çok,9450
27,14,ama,9150
27,15,değerli,8839
27,16,ki,8809
27,17,daha,8779
27,18,olan,8269
27,19,ya,8114
27,20,nin,7416
27,21,parti,7279
27,22,siralarindan,7259
27,23,her,7257
27,24,tarafindan,7198
27,25,biz,6938
27,26,gibi,6844
27,27,en,6638
27,28,kadar,6517
27,29,yok,6514
27,30,alkişlar,6386
27,31,yani,6227
27,32,değil,6037
27,33,milletvekilleri,5913
27,34,şimdi,5639
27,35,ben,5588
27,36,ilgili,5584
27,37,mi,5562
27,38,bunu,5440
27,39,arkadaşlar,5339
27,40,genel,5297
27,41,teşekkür,5256
27,42,büyük,5218
27,43,yüzde,5020
27,44,burada,4991
27,45,cihaz,4831
27,46,otomatik,4815
27,47,devam,4808
27,48,mikrofon,4801
27,49,kapatildi,4781
27,50,in,4661
27,51,ak,4598
27,52,bugün,4535
27,53,kanun,4504
27,54,önce,4363
27,55,siz,4213
27,56,sonra,4169
27,57,yine,4162
27,58,chp,3994
27,59,diye,3934
27,60,iyi,3932
27,61,bütün,3911
27,62,zaman,3891
27,63,son,3882
27,64,bin,3881
27,65,olduğu,3852
27,66,şey,3805
27,67,şu,3802
27,68,ediyorum,3786
27,69,bakin,3705
27,70,şekilde,3699
27,71,saygiyla,3665
27,72,selamliyorum,3593
27,73,bunun,3587
27,74,tüm,3575
27,75,söz,3571
27,76,böyle,3565
27,77,türk,3547
27,78,yil,3515
27,79,karşi,3418
27,80,sadece,3358
27,81,ayni,3105
27,82,ifade,3085
27,83,bizim,2996
27,84,hem,2964
27,85,başkanim,2961
27,86,göre,2956
27,87,önemli,2948
27,88,istiyorum,2889
27,89,ederim,2854
27,90,nasil,2818
27,91,milyon,2815
27,92,devlet,2754
27,93,diyor,2744
27,94,iş,2709
27,95,gün,2709
27,96,hiçbir,2623
27,97,milyar,2587
27,98,çünkü,2556
27,99,anayasa,2527
27,100,kendi,2521
27,101,sağlik,2518
27,102,yeni,2513
27,103,ile,2498
27,104,sizin,2461
27,105,ancak,2432
27,106,kurulu,2427
27,107,diğer,2415
27,108,milli,2407
27,109,siyasi,2346
27,110,oldu,2332
27,111,iki,2329
27,112,yilinda,2303
27,113,başka,2289
27,114,tek,2277
27,115,istanbul,2259
27,116,on,2249
27,117,yapilan,2233
27,118,olduğunu,2233
27,119,tabii,2219
27,120,maalesef,2218
27,121,özellikle,2207
27,122,birlikte,2175
27,123,kabul,2139
27,124,kamu,2134
27,125,ilk,2133
27,126,iktidar,2124
27,127,lira,2108
27,128,insan,2087
27,129,bile,2083
27,130,ye,2072
27,131,eden,2029
27,132,yili,2027
27,133,ediyor,2021
27,134,hdp,2016
27,135,size,1998
27,136,doğru,1988
27,137,bütçe,1981
27,138,millet,1981
27,139,kanunu,1976
27,140,hiç,1976
27,141,üzere,1939
27,142,ise,1934
27,143,olsun,1913
27,144,neden,1910
27,145,buna,1906
27,146,tarim,1902
27,147,adina,1897
27,148,allah,1877
27,149,etmek,1868
27,150,işte,1845
27,151,evet,1840
27,152,ortaya,1821
27,153,içerisinde,1818
27,154,milletvekili,1811
27,155,akp,1805
27,156,lazim,1804
27,157,aslinda,1790
27,158,sosyal,1784
27,159,eğitim,1783
27,160,fazla,1777
27,161,artik,1774
27,162,dolayisiyla,1763
27,163,ekonomik,1758
27,164,içinde,1758
27,165,adalet,1751
27,166,yer,1748
27,167,teklifi,1726
27,168,altinda,1716
27,169,alan,1710
27,170,buradan,1704
27,171,an,1702
27,172,olmak,1681
27,173,üzerinde,1676
27,174,niye,1664
27,175,eğer,1658
27,176,gelen,1655
27,177,konuda,1651
27,178,veya,1638
27,179,anda,1631
27,180,vergi,1615
27,181,birçok,1611
27,182,zaten,1603
27,183,değildir,1602
27,184,orada,1601
27,185,şunu,1598
27,186,inci,1595
27,187,üzerine,1594
27,188,yi,1587
27,189,meclis,1586
27,190,gerçekten,1579
27,191,partisi,1565
27,192,özel,1562
27,193,olmasi,1551
27,194,yerine,1549
27,195,öyle,1547
27,196,halk,1544
27,197,bunlar,1544
27,198,nci,1534
27,199,geçen,1532
27,200,rağmen,1524
27,201,vardir,1497
27,202,merkezi,1491
27,203,yönetim,1490
27,204,grup,1475
27,205,para,1471
27,206,mücadele,1471
27,207,su,1464
27,208,bazi,1459
27,209,dünya,1458
27,210,ülke,1456
27,211,ilişkin,1454
27,212,tam,1418
27,213,yönelik,1403
27,214,az,1402
27,215,olacak,1402
27,216,hukuk,1401
27,217,peki,1401
27,218,yüksek,1397
27,219,biraz,1391
27,220,kez,1388
27,221,tekrar,1387
27,222,sahip,1380
27,223,avrupa,1378
27,224,kişi,1375
27,225,bize,1353
27,226,nda,1344
27,227,hep,1340
27,228,başkani,1338
27,229,beş,1337
27,230,gereken,1334
27,231,arasinda,1327
27,232,dolar,1322
27,233,onun,1321
27,234,terör,1319
27,235,bakan,1314
27,236,hangi,1307
27,237,mu,1300
27,238,üç,1296
27,239,den,1295
27,240,bunlari,1284
27,241,ciddi,1283
27,242,yüce,1279
27,243,hak,1273
27,244,cumhuriyet,1262
27,245,onu,1256
27,246,hale,1246
27,247,ediyoruz,1245
27,248,dedi,1245
27,249,yasa,1242
27,250,nedeniyle,1240
27,251,almiş,1238
27,252,ayrica,1234
27,253,karar,1232
27,254,yapan,1226
27,255,temel,1223
27,256,hala,1221
27,257,yargi,1221
27,258,destek,1215
27,259,açik,1213
27,260,bakanliği,1211
27,261,bunlarin,1209
27,262,sayili,1208
27,263,kadin,1201
27,264,madde,1200
27,265,beraber,1190
27,266,bundan,1175
27,267,benim,1164
27,268,cumhurbaşkani,1163
27,269,meclisi,1161
27,270,düzenleme,1160
27,271,kim,1159
27,272,insanlar,1159
27,273,dan,1152
27,274,sen,1150
27,275,bakani,1149
27,276,ülkede,1141
27,277,ay,1141
27,278,seçim,1140
27,279,güvenlik,1140
27,280,olur,1139
27,281,yirmi,1137
27,282,çalişma,1132
27,283,na,1132
27,284,konusunda,1130
27,285,ülkenin,1128
27,286,gerekiyor,1125
27,287,doğal,1124
27,288,sayisi,1123
27,289,dair,1119
27,290,açisindan,1117
27,291,belediye,1103
27,292,haklari,1097
27,293,üncü,1096
27,294,uluslararasi,1087
27,295,cevap,1084
27,296,erdoğan,1081
27,297,yeniden,1078
27,298,diş,1076
27,299,efendim,1075
27,300,edilen,1065
27,301,geldi,1064
27,302,enerji,1063
27,303,tane,1057
27,304,dün,1056
27,305,milletin,1053
27,306,yanliş,1052
27,307,konusu,1045
27,308,hakki,1041
27,309,tl,1041
27,310,hakkinda,1034
27,311,yillik,1033
27,312,dolayi,1032
27,313,başta,1029
27,314,durumda,1029
27,315,durum,1026
27,316,hepinizi,1026
27,317,diliyorum,1025
27,318,uygun,1022
27,319,zamanda,1018
27,320,ceza,1018
27,321,gelir,1017
27,322,fetö,1014
27,323,musunuz,1012
27,324,devletin,1004
27,325,günü,1004
27,326,olmayan,1003
27,327,konu,1003
27,328,deprem,1003
27,329,çalişan,998
27,330,demek,996
27,331,fakat,995
27,332,asgari,990
27,333,yildir,990
27,334,te,986
27,335,yaklaşik,986
27,336,hareket,985
27,337,diyorum,984
27,338,hizmet,980
27,339,yol,977
27,340,alti,976
27,341,cumhuriyeti,971
27,342,biliyor,969
27,343,ba,963
27,344,üzerinden,959
27,345,ülkemizde,958
27,346,li,957
27,347,türlü,956
27,348,biri,948
27,349,yapmak,939
27,350,vardi,938
27,351,dünyada,934
27,352,iktidarin,933
27,353,tan,933
27,354,mümkün,931
27,355,bey,927
27,356,farkli,926
27,357,yurt,923
27,358,söylüyorum,923
27,359,yilda,921
27,360,grubu,918
27,361,çevre,911
27,362,yaptiği,903
27,363,yüz,901
27,364,görev,899
27,365,etti,896
27,366,hükumet,895
27,367,şöyle,890
27,368,haline,890
27,369,sunuyorum,888
27,370,geri,886
27,371,iç,884
27,372,yapilmasi,878
27,373,dört,876
27,374,ankara,874
27,375,yla,873
27,376,bulunan,872
27,377,yoktur,872
27,378,bugüne,871
27,379,un,871
27,380,nun,869
27,381,oluyor,868
27,382,sorun,868
27,383,yle,861
27,384,güzel,861
27,385,ülkemizin,858
27,386,hemen,856
27,387,dişinda,855
27,388,yakin,855
27,389,elektrik,851
27,390,ettiği,851
27,391,geliyor,850
27,392,dünyanin,844
27,393,itibariyla,843
27,394,varsa,843
27,395,biliyoruz,843
27,396,dönemde,840
27,397,hayir,840
27,398,arkadaşlarim,838
27,399,çözüm,838
27,400,mhp,837
27,401,teşekkürler,837
27,402,orman,836
27,403,herhangi,835
27,404,komisyonu,835
27,405,demokratik,832
27,406,karari,830
27,407,binlerce,828
27,408,ta,826
27,409,yapiyor,824
27,410,gerek,822
27,411,hatta,822
27,412,kürt,821
27,413,gazi,820
27,414,tarihinde,815
27,415,halkin,815
27,416,dile,813
27,417,kredi,813
27,418,sanayi,810
27,419,gerekli,810
27,420,kurumu,807
27,421,yaninda,806
27,422,olmaz,805
27,423,diyoruz,805
27,424,uzun,803
27,425,rahmet,801
27,426,üretim,800
27,427,yaşanan,797
27,428,diyorsunuz,796
27,429,turizm,795
27,430,asla,790
27,431,nerede,786
27,432,döneminde,786
27,433,bütçesi,785
27,434,kalkinma,785
27,435,kan,784
27,436,gerekir,784
27,437,maddesi,783
27,438,komisyon,782
27,439,atatürk,776
27,440,belli,776
27,441,il,774
27,442,sorunu,772
27,443,gürültüler,764
27,444,dişi,763
27,445,öncelikle,763
27,446,verilen,759
27,447,çocuk,758
27,448,ek,756
27,449,değişiklik,756
27,450,tarihi,755
27,451,onlar,755
27,452,insanlarin,754
27,453,zorunda,753
27,454,el,749
27,455,şehit,749
27,456,deki,747
27,457,içişleri,745
27,458,altina,744
27,459,onlarin,743
27,460,cumhurbaşkanliği,743
27,461,talep,743
27,462,dahi,743
27,463,araştirma,740
27,464,pkk,739
27,465,herkes,732
27,466,mustafa,728
27,467,milletimizin,726
27,468,yerli,725
27,469,nedir,725
27,470,bağli,724
27,471,veren,723
27,472,birliği,722
27,473,bilgi,721
27,474,gelecek,721
27,475,devleti,721
27,476,yapti,713
27,477,yazik,713
27,478,isterim,712
27,479,elbette,712
27,480,mevcut,711
27,481,beri,711
27,482,aziz,709
27,483,bizi,707
27,484,örnek,705
27,485,gerçek,704
27,486,olmuştur,703
27,487,suç,701
27,488,belki,700
27,489,daki,699
27,490,hayatini,699
27,491,savunma,698
27,492,sistemi,697
27,493,ağir,696
27,494,verdiği,695
27,495,anlamda,693
27,496,hafta,690
27,497,ortak,689
27,498,olabilir,688
27,499,yapmiş,687
27,500,oy,686
27,501,ndan,684
27,502,sürekli,682
27,503,bununla,681
27,504,kimse,680
27,505,sira,678
27,506,ticaret,677
27,507,temmuz,677
27,508,yerde,676
27,509,yana,675
27,510,nde,674
27,511,başkanliği,672
27,512,birkaç,671
27,513,bana,671
27,514,başinda,670
27,515,ikinci,669
27,516,ihtiyaç,668
27,517,olmuş,665
27,518,ilan,664
27,519,ana,662
27,520,mutlaka,662
27,521,güçlü,658
27,522,etmektedir,655
27,523,şeyi,654
27,524,kalan,653
27,525,zor,652
27,526,yolu,649
27,527,olsa,648
27,528,meclisin,647
27,529,lütfen,647
27,530,adi,646
27,531,göz,644
27,532,buraya,643
27,533,kisa,642
27,534,emekli,641
27,535,tayyip,640
27,536,maden,639
27,537,meslek,639
27,538,süre,637
27,539,gelin,633
27,540,hani,632
27,541,emin,628
27,542,toplam,627
27,543,kaldi,627
27,544,hesap,626
27,545,söyleyeyim,624
27,546,net,623
27,547,sizi,623
27,548,vesileyle,621
27,549,hayata,621
27,550,teklif,621
27,551,denetim,619
27,552,nedenle,619
27,553,biliyorsunuz,616
27,554,suriye,616
27,555,kurum,615
27,556,aile,614
27,557,yapildi,614
27,558,yalan,612
27,559,işsizlik,611
27,560,derece,610
27,561,raporu,608
27,562,olmasini,607
27,563,saygilar,607
27,564,çikti,606
27,565,zarar,604
27,566,demokrasi,604
27,567,enflasyon,604
27,568,edeceğiz,602
27,569,görüyoruz,602
27,570,doğu,601
27,571,olmadiği,600
27,572,ücret,600
27,573,dahil,599
27,574,milliyetçi,598
27,575,istiyoruz,598
27,576,ayri,598
27,577,ni,598
27,578,lar,598
27,579,önünde,597
27,580,la,597
27,581,recep,597
27,582,ortadan,596
27,583,başina,595
27,584,kemal,592
27,585,sorunlari,588
27,586,eski,587
27,587,merkez,585
27,588,sekiz,585
27,589,bariş,585
27,590,vermek,584
27,591,dakika,584
27,592,yüzden,584
27,593,işi,584
27,594,kesin,583
27,595,karşiya,583
27,596,gündeme,582
27,597,çikan,582
27,598,ona,581
27,599,siyaset,580
27,600,defa,579
27,601,edildi,578
27,602,say,577
27,603,toplum,576
27,604,önüne,575
27,605,vatandaş,574
27,606,vatandaşin,574
27,607,al,573
27,608,ün,569
27,609,olacaktir,568
27,610,yoksa,568
27,611,izin,568
27,612,amaciyla,565
27,613,plan,564
27,614,alanda,562
27,615,askeri,562
27,616,edilmesi,561
27,617,etmiş,561
27,618,sene,560
27,619,inşallah,560
27,620,kar,560
27,621,elde,558
27,622,söylemek,558
27,623,yasal,558
27,624,vatandaşlarimizin,558
27,625,izmir,557
27,626,darbe,557
27,627,basin,557
27,628,yaptiniz,557
27,629,yedi,556
27,630,işçi,553
27,631,torba,552
27,632,aykiri,551
27,633,mahkemesi,551
27,634,önceki,549
27,635,hepimiz,549
27,636,acil,548
27,637,ekonomi,546
27,638,yapilacak,545
27,639,kiymetli,545
27,640,toplumsal,545
27,641,can,544
27,642,yatirim,543
27,643,yaşayan,543
27,644,esas,543
27,645,dönem,543
27,646,devamla,542
27,647,sivil,542
27,648,alakali,540
27,649,mehmet,539
27,650,hakkini,538
27,651,söylüyor,538
27,652,bağimsiz,537
27,653,olup,536
27,654,adam,536
27,655,küresel,535
27,656,mecliste,535
27,657,itibaren,533
27,658,mesela,532
27,659,kaç,532
27,660,sonucu,531
27,661,baktiğimizda,531
27,662,takip,530
27,663,amerika,530
27,664,gida,530
27,665,vekili,529
27,666,partisinin,529
27,667,şiddet,528
27,668,esnaf,527
27,669,ayinda,526
27,670,gaz,524
27,671,iklim,523
27,672,küçük,523
27,673,hepsi,523
27,674,neredeyse,522
27,675,yardim,522
27,676,yapiliyor,520
27,677,öğretmen,519
27,678,istihdam,519
27,679,büyükşehir,516
27,680,saat,516
27,681,veriyor,516
27,682,ülkemiz,515
27,683,ait,514
27,684,geçtiğimiz,513
27,685,halde,513
27,686,bizler,513
27,687,boyunca,513
27,688,söyledi,513
27,689,olduğumuz,512
27,690,yerel,511
27,691,verdi,511
27,692,pandemi,511
27,693,kültür,511
27,694,mersin,510
27,695,muhalefet,509
27,696,faiz,508
27,697,kara,507
27,698,kötü,506
27,699,mesele,506
27,700,onlari,505
27,701,almak,504
27,702,ediliyor,504
27,703,açiklama,504
27,704,mart,502
27,705,çiftçi,501
27,706,zam,500
27,707,kapsaminda,500
27,708,savaş,500
27,709,orta,498
27,710,şehir,497
27,711,pek,497
27,712,uzman,497
27,713,hatay,496
27,714,vermiş,493
27,715,iktidara,490
27,716,tamamen,490
27,717,karşisinda,489
27,718,geçmiş,488
27,719,mağdur,488
27,720,yap,488
27,721,bakanliğinin,487
27,722,yapiyorsunuz,485
27,723,teslim,485
27,724,soru,485
27,725,bölge,485
27,726,tespit,484
27,727,ettik,484
27,728,teklifinin,483
27,729,mali,483
27,730,bak,483
27,731,anadolu,483
27,732,aldiği,483
27,733,gerekmektedir,481
27,734,ederek,480
27,735,edecek,480
27,736,katki,480
27,737,adeta,479
27,738,işin,478
27,739,alinmasi,475
27,740,kasim,475
27,741,sahibi,475
27,742,misiniz,475
27,743,yasama,475
27,744,yapilmiş,474
27,745,cumhurbaşkanimiz,474
27,746,hayirli,473
27,747,yaptik,473
27,748,adana,473
27,749,kere,472
27,750,başkanimiz,472
27,751,ekim,471
27,752,yerinde,470
27,753,diyarbakir,470
27,754,alinan,469
27,755,ihtiyaci,469
27,756,uncu,468
27,757,birinci,467
27,758,olun,467
27,759,orani,466
27,760,toplumun,466
27,761,resmi,465
27,762,iktidari,461
27,763,le,460
27,764,ülkeyi,460
27,765,imar,460
27,766,yapilmasina,459
27,767,kriz,459
27,768,diyerek,458
27,769,meydana,457
27,770,noktada,457
27,771,mahkeme,457
27,772,ortada,456
27,773,olmadiğini,456
27,774,hava,455
27,775,diyen,455
27,776,düzenlemeler,455
27,777,tanesi,455
27,778,si,454
27,779,işler,454
27,780,davet,453
27,781,midir,453
27,782,etmeye,451
27,783,polis,451
27,784,rusya,451
27,785,onlara,450
27,786,ele,450
27,787,gelmiş,449
27,788,sistem,449
27,789,alani,449
27,790,liraya,449
27,791,ihale,449
27,792,yandan,448
27,793,spor,448
27,794,taraftan,447
27,795,kendisine,446
27,796,iddia,445
27,797,edilmiş,444
27,798,cezaevinde,444
27,799,oradan,444
27,800,kişinin,443
27,801,kur,443
27,802,bilim,443
27,803,kat,442
27,804,adim,442
27,805,sayiştay,441
27,806,milleti,441
27,807,bulunuyorum,441
27,808,tarih,440
27,809,yeri,439
27,810,yaşam,438
27,811,düşük,437
27,812,güven,437
27,813,tarimsal,437
27,814,milletimize,437
27,815,yere,436
27,816,olursa,436
27,817,silahli,435
27,818,dikkate,434
27,819,hepimizin,434
27,820,aliyor,434
27,821,deniz,434
27,822,arz,433
27,823,konuşma,433
27,824,halki,433
27,825,ondan,433
27,826,durumu,432
27,827,hazine,431
27,828,düşünüyorum,430
27,829,soruyorum,430
27,830,olumlu,430
27,831,muhammet,429
27,832,sonuç,428
27,833,gerektiğini,428
27,834,teklifin,428
27,835,artiş,428
27,836,birtakim,428
27,837,ettiniz,428
27,838,meclise,427
27,839,teşvik,427
27,840,kendisi,426
27,841,arkadaşlarimiz,426
27,842,kadinlar,426
27,843,genç,425
27,844,eşit,425
27,845,yarin,424
27,846,teklifleri,424
27,847,ocak,424
27,848,yeterli,422
27,849,işleri,422
27,850,diyorlar,421
27,851,hizli,421
27,852,örneğin,421
27,853,bulunmaktayim,420
27,854,dedik,420
27,855,asil,420
27,856,örgütü,420
27,857,süreçte,420
27,858,alaninda,419
27,859,yillardir,419
27,860,sesleri,418
27,861,eder,416
27,862,oraya,413
27,863,üniversite,412
27,864,istiyor,412
27,865,sonunda,412
27,866,bakiniz,411
27,867,gidiyor,411
27,868,ülkemize,410
27,869,tehdit,410
27,870,dokuz,410
27,871,sorunlar,410
27,872,serbest,410
27,873,mal,408
27,874,ali,408
27,875,hakim,407
27,876,bölgede,407
27,877,verin,406
27,878,bunlara,405
27,879,günlerde,405
27,880,geçti,405
27,881,üyesi,405
27,882,tür,404
27,883,maliye,404
27,884,yapma,403
27,885,koruma,401
27,886,açikça,401
27,887,görevi,401
27,888,adil,401
27,889,halinde,400
27,890,doğrudan,400
27,891,özgür,398
27,892,sebep,397
27,893,milletimiz,397
27,894,emniyet,396
27,895,vatan,396
27,896,yoğun,394
27,897,projesi,394
27,898,müdahale,394
27,899,konut,394
27,900,dediniz,394
27,901,ithal,393
27,902,ten,393
27,903,infaz,392
27,904,aralik,392
27,905,aylik,392
27,906,saygi,391
27,907,kadina,391
27,908,üst,390
27,909,personel,390
27,910,ediyorsunuz,390
27,911,süreci,390
27,912,engelli,388
27,913,budur,388
27,914,yillarda,387
27,915,hepinize,387
27,916,covid,387
27,917,vatandaşlarimiz,386
27,918,yapiyoruz,386
27,919,konuyu,386
27,920,çeşitli,386
27,921,milyonlarca,386
27,922,akbaşoğlu,386
27,923,müdürlüğü,386
27,924,teknik,385
27,925,merak,385
27,926,insani,385
27,927,çalişmalari,383
27,928,icra,383
27,929,teknoloji,383
27,930,işsiz,383
27,931,komisyonda,383
27,932,tüzük,383
27,933,gördük,381
27,934,yapacak,381
27,935,herkesin,381
27,936,terörle,379
27,937,iptal,378
27,938,tüik,378
27,939,gelmiştir,378
27,940,otuz,377
27,941,çalişiyor,376
27,942,hasta,376
27,943,gece,375
27,944,yabanci,375
27,945,haber,375
27,946,etmiştir,374
27,947,eş,373
27,948,sermaye,373
27,949,sonucunda,372
27,950,haziran,371
27,951,haklarini,370
27,952,işe,370
27,953,mayis,370
27,954,edilmiştir,368
27,955,önümüzdeki,367
27,956,saray,367
27,957,ittifaki,366
27,958,cumhurbaşkaninin,366
27,959,borç,366
27,960,içine,366
27,961,dikkat,364
27,962,vatandaşlarimiza,364
27,963,kaynak,364
27,964,gitti,363
27,965,ev,363
27,966,maaş,363
27,967,yoksulluk,363
27,968,aldim,362
27,969,heyetinizi,362
27,970,çerçevesinde,361
27,971,dil,360
27,972,değer,360
27,973,demektir,360
27,974,açlik,359
27,975,arada,359
27,976,acaba,359
27,977,yaş,358
27,978,bravo,358
27,979,çikiyor,358
27,980,kaybeden,358
27,981,bankasi,358
27,982,etkin,357
27,983,kirk,357
27,984,uygulama,356
27,985,olmaya,356
27,986,tütün,356
27,987,dedim,355
27,988,evvel,354
27,989,ara,353
27,990,yasasi,352
27,991,bakanlik,351
27,992,ihracat,351
27,993,insanlari,351
27,994,gücü,351
27,995,yapmaya,350
27,996,kadinlarin,349
27,997,sevgili,349
27,998,kayyum,349
27,999,defalarca,347
27,1000,laf,347
27,1001,gaziantep,346
27,1002,arasindaki,346
27,1003,yaptiğiniz,346
27,1004,kurumlar,346
27,1005,kürsüden,345
27,1006,hakaret,345
27,1007,buradaki,345
27,1008,yapacağiz,345
27,1009,mahkum,344
27,1010,güvenliği,344
27,1011,birakin,344
27,1012,yapi,344
27,1013,terörist,343
27,1014,medya,343
27,1015,kismi,343
27,1016,rahmetle,343
27,1017,herhalde,342
27,1018,azerbaycan,342
27,1019,sağlikli,341
27,1020,bulunduğu,341
27,1021,bekliyor,340
27,1022,dir,340
27,1023,benzer,339
27,1024,idari,339
27,1025,sözleşmesi,338
27,1026,vergisi,338
27,1027,etme,337
27,1028,bakalim,336
27,1029,verilmesi,336
27,1030,hukuki,336
27,1031,bunlardan,335
27,1032,gereği,335
27,1033,meselesi,335
27,1034,oradaki,335
27,1035,olmasina,335
27,1036,aydin,335
27,1037,falan,334
27,1038,bölgesi,334
27,1039,yetki,333
27,1040,sanki,333
27,1041,sonrasinda,333
27,1042,güç,332
27,1043,çiftçinin,332
27,1044,şubat,331
27,1045,bakanliğina,331
27,1046,ayip,331
27,1047,olumsuz,330
27,1048,biçimde,330
27,1049,dava,330
27,1050,yandaş,330
27,1051,değişikliği,330
27,1052,sonuna,330
27,1053,hadi,329
27,1054,itiraz,329
27,1055,sağ,329
27,1056,çin,329
27,1057,ulusal,329
27,1058,hukukun,329
27,1059,politika,328
27,1060,edin,328
27,1061,ölüm,327
27,1062,verilmiş,327
27,1063,sizden,327
27,1064,soruşturma,327
27,1065,çikmiş,327
27,1066,çankiri,327
27,1067,afet,326
27,1068,yaptiğimiz,326
27,1069,sağlamak,326
27,1070,geçici,326
27,1071,derhal,326
27,1072,aldi,326
27,1073,öğrenci,326
27,1074,hedef,326
27,1075,antalya,325
27,1076,sayida,324
27,1077,sözü,323
27,1078,terk,323
27,1079,nisan,322
27,1080,borcu,322
27,1081,şeyler,322
27,1082,insanin,321
27,1083,yilindan,321
27,1084,düşen,321
27,1085,nereden,320
27,1086,ge,320
27,1087,doktor,319
27,1088,konuya,319
27,1089,hakli,319
27,1090,şirket,318
27,1091,milletimizi,318
27,1092,başladi,318
27,1093,saygilarimla,318
27,1094,ton,318
27,1095,şeker,318
27,1096,üretimi,318
27,1097,kanunlarda,316
27,1098,ardindan,315
27,1099,getirmek,315
27,1100,maddede,315
27,1101,başsağliği,315
27,1102,sormak,314
27,1103,günlük,314
27,1104,ürün,314
27,1105,altyapi,313
27,1106,sirasinda,313
27,1107,oysa,313
27,1108,halka,312
27,1109,organize,312
27,1110,ön,311
27,1111,imza,311
27,1112,verdik,311
27,1113,parayi,311
27,1114,almanya,310
27,1115,sürecinde,310
27,1116,ohal,310
27,1117,ederken,309
27,1118,inşa,309
27,1119,isteyen,309
27,1120,salgin,309
27,1121,önem,308
27,1122,sorunlarini,308
27,1123,silah,308
27,1124,sana,307
27,1125,nereye,307
27,1126,ulaştirma,307
27,1127,korumak,306
27,1128,çalişmalar,306
27,1129,artan,306
27,1130,rant,306
27,1131,verecek,306
27,1132,kontrol,306
27,1133,kibris,306
27,1134,başarili,306
27,1135,taraf,306
27,1136,noktasinda,305
27,1137,döviz,305
27,1138,yarginin,305
27,1139,kanunun,305
27,1140,proje,305
27,1141,geldiği,304
27,1142,gelip,304
27,1143,yeter,304
27,1144,temsil,304
27,1145,bulunmaktadir,303
27,1146,konuyla,303
27,1147,aniyorum,303
27,1148,karşiyayiz,303
27,1149,olma,302
27,1150,civarinda,302
27,1151,desteği,302
27,1152,arama,301
27,1153,vatandaşimiz,301
27,1154,uzak,300
27,1155,birisi,300
27,1156,millete,299
27,1157,bitiriyorum,299
27,1158,katar,299
27,1159,dişişleri,299
27,1160,yüzlerce,299
27,1161,söyledim,299
27,1162,fiyat,298
27,1163,maruz,297
27,1164,olanlar,297
27,1165,senin,297
27,1166,sağliği,297
27,1167,sebebiyle,296
27,1168,alma,296
27,1169,adli,296
27,1170,gözaltina,296
27,1171,bursa,296
27,1172,tabi,295
27,1173,fiyatlari,295
27,1174,korunmasi,294
27,1175,ödeme,294
27,1176,alip,294
27,1177,cumhur,294
27,1178,kadro,294
27,1179,maddesinde,293
27,1180,söylüyoruz,293
27,1181,ülkeye,293
27,1182,imkani,293
27,1183,yönetimi,293
27,1184,alt,293
27,1185,bakimindan,292
27,1186,ekmek,292
27,1187,alarak,292
27,1188,milletvekilinin,292
27,1189,yapalim,292
27,1190,değerlendirme,289
27,1191,müsaade,289
27,1192,komisyonunda,289
27,1193,varken,289
27,1194,hayat,289
27,1195,rekabet,288
27,1196,hakikaten,288
27,1197,yaşadiği,287
27,1198,katilamiyoruz,287
27,1199,ilaç,287
27,1200,sözleşmeli,287
27,1201,kesinlikle,287
27,1202,etmesi,286
27,1203,çocuklar,286
27,1204,kayit,286
27,1205,diyanet,286
27,1206,sebebi,285
27,1207,ilçe,285
27,1208,beni,285
27,1209,maddeyle,285
27,1210,okul,285
27,1211,kardeşim,284
27,1212,dişina,284
27,1213,kimin,284
27,1214,açidan,284
27,1215,milletinin,284
27,1216,kayseri,284
27,1217,bizleri,283
27,1218,duruma,283
27,1219,hükumetin,282
27,1220,yilin,282
27,1221,demir,282
27,1222,partinin,281
27,1223,van,281
27,1224,ülkeler,281
27,1225,giden,281
27,1226,aci,281
27,1227,içi,280
27,1228,eylül,280
27,1229,herkese,280
27,1230,alanlari,280
27,1231,verildi,280
27,1232,durumunda,280
27,1233,hastane,279
27,1234,eylem,279
27,1235,kimsenin,278
27,1236,azindan,278
27,1237,yapar,278
27,1238,üstüne,278
27,1239,göç,278
27,1240,bekliyoruz,277
27,1241,liralik,277
27,1242,gidip,277
27,1243,oraninda,277
27,1244,yardimcisi,277
27,1245,halen,277
27,1246,politikasi,277
27,1247,et,277
27,1248,günde,276
27,1249,olay,276
27,1250,osmanli,276
27,1251,hayvan,276
27,1252,gören,275
27,1253,fonu,275
27,1254,doğrusu,275
27,1255,milletvekilimiz,275
27,1256,alindi,275
27,1257,tamam,275
27,1258,ahmet,274
27,1259,politikalari,274
27,1260,dünyaya,274
27,1261,oldukça,273
27,1262,suyu,273
27,1263,malatya,273
27,1264,getirilen,273
27,1265,sizler,273
27,1266,hesabini,273
27,1267,kapali,273
27,1268,alacak,272
27,1269,şeklinde,272
27,1270,birleşmiş,272
27,1271,hal,272
27,1272,çocuklarin,272
27,1273,savaşi,271
27,1274,iken,271
27,1275,yaşamini,271
27,1276,anayasal,271
27,1277,ini,271
27,1278,yaparak,270
27,1279,ayda,270
27,1280,sağlanmasi,270
27,1281,olmadan,270
27,1282,alin,270
27,1283,yaparken,269
27,1284,eksik,269
27,1285,ticari,269
27,1286,hepsini,269
27,1287,kurulan,269
27,1288,süleyman,268
27,1289,baski,268
27,1290,sulama,268
27,1291,fark,267
27,1292,özür,267
27,1293,rahatsiz,267
27,1294,islam,267
27,1295,sesleniyorum,266
27,1296,kimi,266
27,1297,üzerindeki,266
27,1298,önemlidir,265
27,1299,intihar,265
27,1300,sonrasi,265
27,1301,şehircilik,265
27,1302,nükleer,265
27,1303,toprak,264
27,1304,siyasal,264
27,1305,dediği,263
27,1306,konya,263
27,1307,bakanimiz,263
27,1308,neyi,263
27,1309,idare,262
27,1310,araştirmasi,262
27,1311,kurul,262
27,1312,adet,261
27,1313,boş,261
27,1314,altini,261
27,1315,rahat,261
27,1316,demiş,261
27,1317,faaliyet,261
27,1318,sinir,260
27,1319,ha,260
27,1320,plani,260
27,1321,sisteminin,260
27,1322,gençlik,260
27,1323,krizi,260
27,1324,akdeniz,259
27,1325,sirada,259
27,1326,kendini,259
27,1327,çikip,258
27,1328,önerisi,258
27,1329,rakam,258
27,1330,arkadaşimiz,258
27,1331,kişiye,258
27,1332,olduk,258
27,1333,tutuklu,257
27,1334,mahkemesinin,257
27,1335,değiliz,257
27,1336,kendisini,257
27,1337,önergesi,257
27,1338,geçmişte,257
27,1339,yetkisi,257
27,1340,uyuşturucu,257
27,1341,bilimsel,257
27,1342,ediyorlar,257
27,1343,grubunun,256
27,1344,buyurun,256
27,1345,libya,256
27,1346,tip,255
27,1347,varlik,255
27,1348,sözlerime,255
27,1349,cümle,255
27,1350,idaresi,254
27,1351,aynen,254
27,1352,vekiller,254
27,1353,yalnizca,253
27,1354,araç,253
27,1355,önerge,253
27,1356,şudur,253
27,1357,nün,253
27,1358,yürütme,253
27,1359,ihraç,252
27,1360,burasi,252
27,1361,zorunlu,252
27,1362,bence,252
27,1363,günden,252
27,1364,edip,252
27,1365,büyüme,252
27,1366,emek,252
27,1367,kültürel,252
27,1368,süt,252
27,1369,usul,251
27,1370,kime,251
27,1371,erkek,251
27,1372,tercih,250
27,1373,girdi,250
27,1374,meral,250
27,1375,yalniz,250
27,1376,zengin,250
27,1377,ihlal,250
27,1378,alanlar,250
27,1379,konunun,248
27,1380,işlem,248
27,1381,sonu,248
27,1382,ülkelerin,248
27,1383,oluşan,248
27,1384,abd,248
27,1385,bugünkü,248
27,1386,ders,247
27,1387,edilemez,247
27,1388,yila,247
27,1389,çay,247
27,1390,gelince,247
27,1391,olmaktan,247
27,1392,sizlere,247
27,1393,sağlayan,247
27,1394,hayati,246
27,1395,irak,246
27,1396,hatirlatmak,246
27,1397,toplu,246
27,1398,almaya,246
27,1399,suretiyle,246
27,1400,sarayin,245
27,1401,zorundayiz,245
27,1402,maddenin,245
27,1403,yapilmiştir,245
27,1404,ülkemizi,245
27,1405,ilave,245
27,1406,sikinti,245
27,1407,tedbirler,244
27,1408,buçuk,244
27,1409,insanlik,244
27,1410,inşaat,244
27,1411,doğrultusunda,244
27,1412,dönemi,244
27,1413,ili,243
27,1414,gübre,243
27,1415,olmazsa,243
27,1416,belirtmek,243
27,1417,bütçede,243
27,1418,başi,243
27,1419,yaşiyoruz,243
27,1420,yor,243
27,1421,sürece,242
27,1422,bakanina,242
27,1423,başkaninin,242
27,1424,niçin,242
27,1425,olamaz,242
27,1426,öncesi,242
27,1427,husus,242
27,1428,biliyorum,241
27,1429,öğretmenler,241
27,1430,yapmayin,241
27,1431,teklifini,241
27,1432,gösteren,241
27,1433,ziraat,241
27,1434,bine,240
27,1435,getiren,240
27,1436,trt,240
27,1437,dolara,240
27,1438,henüz,240
27,1439,işten,240
27,1440,bizden,240
27,1441,konuşuyoruz,240
27,1442,ettiğimiz,239
27,1443,hele,239
27,1444,geriye,239
27,1445,halkinin,239
27,1446,tebrik,239
27,1447,sebeple,238
27,1448,görevden,238
27,1449,kanunla,238
27,1450,dediğimiz,237
27,1451,elli,236
27,1452,tir,236
27,1453,getirdiniz,236
27,1454,neler,236
27,1455,hatip,236
27,1456,birlik,236
27,1457,kdv,236
27,1458,olmalidir,235
27,1459,sorunlarin,235
27,1460,çikar,235
27,1461,yargiya,235
27,1462,bütçenin,235
27,1463,engin,235
27,1464,ortamda,235
27,1465,insanlara,235
27,1466,bekleyen,235
27,1467,havalimani,234
27,1468,üçüncü,234
27,1469,verdiniz,234
27,1470,hukuku,234
27,1471,dönüşüm,233
27,1472,göreve,233
27,1473,demirtaş,233
27,1474,elinde,233
27,1475,yapin,233
27,1476,selamlarim,233
27,1477,geç,233
27,1478,cumhurbaşkanina,233
27,1479,atik,232
27,1480,belediyesi,232
27,1481,bölgesinde,232
27,1482,derin,232
27,1483,işçiler,232
27,1484,sektör,232
27,1485,ücretli,232
27,1486,kendilerine,232
27,1487,mesleki,232
27,1488,hükumeti,232
27,1489,peşkeş,232
27,1490,sözde,231
27,1491,kaynaklar,231
27,1492,meclisimizi,230
27,1493,edilmektedir,230
27,1494,köy,230
27,1495,kolay,230
27,1496,tesis,230
27,1497,mücadelede,230
27,1498,yaşadiğimiz,230
27,1499,kuruş,230
27,1500,iletişim,230
27,1501,vatandaşa,229
27,1502,süreç,229
27,1503,gösteriyor,229
27,1504,giderek,229
27,1505,stratejik,229
27,1506,işid,229
27,1507,ikincisi,229
27,1508,kürsüde,229
27,1509,geldik,229
27,1510,kilometre,229
27,1511,dediler,229
27,1512,soylu,228
27,1513,istifa,228
27,1514,marmara,228
27,1515,internet,227
27,1516,çocuklari,227
27,1517,diliyor,227
27,1518,karadeniz,227
27,1519,kayitlara,227
27,1520,verilerine,226
27,1521,kentsel,226
27,1522,iade,226
27,1523,getirdi,226
27,1524,sorumluluk,226
27,1525,yüzünden,226
27,1526,hain,226
27,1527,sizleri,225
27,1528,ettiler,225
27,1529,kaynakli,225
27,1530,nokta,225
27,1531,benzeri,225
27,1532,üye,224
27,1533,alinarak,224
27,1534,jandarma,224
27,1535,kararlar,224
27,1536,milletler,224
27,1537,kararlari,224
27,1538,kullanilan,224
27,1539,bati,224
27,1540,bölgem,223
27,1541,kurulun,223
27,1542,yildan,223
27,1543,dayali,222
27,1544,sayesinde,222
27,1545,gezi,222
27,1546,hükmünde,222
27,1547,derken,222
27,1548,milletvekillerinin,221
27,1549,atama,221
27,1550,veriliyor,221
27,1551,yeşil,221
27,1552,ürünleri,220
27,1553,artti,220
27,1554,ziyaret,220
27,1555,işkence,220
27,1556,bizzat,219
27,1557,onlarca,219
27,1558,rapor,219
27,1559,olmadi,219
27,1560,rica,219
27,1561,edecektir,219
27,1562,ister,219
27,1563,lik,219
27,1564,kanunda,219
27,1565,ok,219
27,1566,kaçak,218
27,1567,adaleti,218
27,1568,yoktu,218
27,1569,muş,218
27,1570,acilen,218
27,1571,der,218
27,1572,olsaydi,218
27,1573,hizla,218
27,1574,nüfus,217
27,1575,söyleyeceğim,217
27,1576,edildiği,217
27,1577,alinmiş,217
27,1578,hizmeti,217
27,1579,keşke,217
27,1580,geldiğinde,217
27,1581,sel,217
27,1582,mizin,216
27,1583,kalmiş,216
27,1584,çanakkale,216
27,1585,devlete,216
27,1586,kurumun,216
27,1587,öğretim,216
27,1588,böylece,215
27,1589,bedeli,215
27,1590,sonraki,215
27,1591,hukuka,215
27,1592,izleyen,215
27,1593,kurumlari,215
27,1594,gençler,215
27,1595,partili,215
27,1596,hizmetleri,215
27,1597,teklifinde,214
27,1598,payi,214
27,1599,eşitlik,214
27,1600,istiyorsunuz,214
27,1601,tedbir,214
27,1602,kahramanmaraş,214
27,1603,nitelikli,214
27,1604,yilina,214
27,1605,ortalama,214
27,1606,tahliye,213
27,1607,olmasin,213
27,1608,kira,213
27,1609,mutlu,213
27,1610,teklifiyle,213
27,1611,verdiğiniz,213
27,1612,vallahi,212
27,1613,tibbi,212
27,1614,geniş,212
27,1615,geldiğimiz,212
27,1616,huzur,212
27,1617,kişilik,211
27,1618,bulundu,211
27,1619,araya,211
27,1620,şeye,211
27,1621,veriyoruz,211
27,1622,fransa,211
27,1623,maddesine,210
27,1624,yetersiz,210
27,1625,cezasi,210
27,1626,talebi,210
27,1627,asker,210
27,1628,yoluyla,210
27,1629,amaci,210
27,1630,yilinin,210
27,1631,ayakta,210
27,1632,kendine,209
27,1633,yapmasi,209
27,1634,gümrük,209
27,1635,gündem,209
27,1636,memur,209
27,1637,kaliyor,209
27,1638,düşünün,208
27,1639,gayet,208
27,1640,ler,208
27,1641,birleşik,208
27,1642,dönemin,208
27,1643,hizmetler,208
27,1644,takdir,207
27,1645,arkasinda,207
27,1646,baş,207
27,1647,üniversitesi,207
27,1648,er,207
27,1649,kuruluş,207
27,1650,elaziğ,207
27,1651,şeyin,207
27,1652,vatandaşimizin,207
27,1653,düzenlemeyle,207
27,1654,sağlikta,207
27,1655,yaptiklari,206
27,1656,basit,206
27,1657,tamami,206
27,1658,çalişiyorsunuz,206
27,1659,saygideğer,206
27,1660,doğa,206
27,1661,bakanlar,206
27,1662,edelim,205
27,1663,engel,205
27,1664,çerçevede,205
27,1665,cezaevlerinde,204
27,1666,artiyor,204
27,1667,haksiz,204
27,1668,özgürlük,204
27,1669,noktaya,204
27,1670,ordu,204
27,1671,neticesinde,204
27,1672,minnetle,204
27,1673,ağri,204
27,1674,bitti,204
27,1675,tarihe,203
27,1676,yapildiği,203
27,1677,sağlayacak,203
27,1678,konuşmak,203
27,1679,ayi,203
27,1680,alevi,203
27,1681,normal,202
27,1682,süresi,202
27,1683,takdirde,202
27,1684,din,202
27,1685,yaşiyor,202
27,1686,alim,202
27,1687,ses,202
27,1688,ettim,201
27,1689,almasi,201
27,1690,imkan,201
27,1691,sefer,201
27,1692,vakif,201
27,1693,sokağa,201
27,1694,hüküm,201
27,1695,durumdadir,201
27,1696,dolarlik,201
27,1697,anne,201
27,1698,verdiğimiz,201
27,1699,özlük,201
27,1700,politikalar,201
27,1701,avukat,201
27,1702,ld,201
27,1703,yarisi,200
27,1704,görevini,200
27,1705,özgürlüğü,200
27,1706,parasi,200
27,1707,parasini,200
27,1708,iflas,200
27,1709,başlayan,200
27,1710,kahraman,200
27,1711,sivas,200
27,1712,yasanin,199
27,1713,sona,199
27,1714,dolu,199
27,1715,osman,199
27,1716,altay,199
27,1717,istismar,199
27,1718,sabah,199
27,1719,düşünüyoruz,199
27,1720,ileri,199
27,1721,findik,199
27,1722,toki,199
27,1723,siniri,199
27,1724,erli,199
27,1725,yola,198
27,1726,tarafsiz,198
27,1727,ücretsiz,198
27,1728,kurula,198
27,1729,üretici,198
27,1730,vermeye,198
27,1731,sorunun,198
27,1732,akşam,198
27,1733,uygulanan,197
27,1734,ilçesinde,197
27,1735,çiftçilerimizin,197
27,1736,sorumlu,197
27,1737,kişiler,197
27,1738,getirilmesi,197
27,1739,emeği,197
27,1740,temin,197
27,1741,saygilarimi,197
27,1742,sifir,197
27,1743,vatandaşi,197
27,1744,temenni,197
27,1745,meclisinde,196
27,1746,işçilerin,196
27,1747,getirdiği,196
27,1748,gerekirken,196
27,1749,dediğiniz,196
27,1750,mücadelesi,196
27,1751,trafik,196
27,1752,tablo,196
27,1753,yorum,196
27,1754,uluda,196
27,1755,risk,195
27,1756,sistemin,195
27,1757,söyledik,195
27,1758,aldik,195
27,1759,çiftçiye,195
27,1760,aşkina,194
27,1761,alakasi,194
27,1762,mazot,194
27,1763,şifalar,194
27,1764,ekonomisi,194
27,1765,khk,194
27,1766,olağanüstü,194
27,1767,maliyeti,194
27,1768,başkanlik,193
27,1769,kişilerin,193
27,1770,çikmiştir,193
27,1771,dönük,193
27,1772,aç,193
27,1773,şiddetle,193
27,1774,sataşma,193
27,1775,söyle,193
27,1776,yolsuzluk,193
27,1777,işletme,193
27,1778,yaşinda,193
27,1779,artmiş,193
27,1780,kuru,193
27,1781,getiriyor,193
27,1782,arkadaş,192
27,1783,eyt,192
27,1784,devletinin,192
27,1785,nedeni,192
27,1786,lirasi,192
27,1787,tedavi,192
27,1788,ilgilendiren,192
27,1789,programi,192
27,1790,sevgiyle,192
27,1791,eliyle,192
27,1792,genelinde,191
27,1793,kurtuluş,191
27,1794,olmaktadir,191
27,1795,bakanliğin,191
27,1796,milyona,191
27,1797,verirken,190
27,1798,yapilmaktadir,190
27,1799,üstelik,190
27,1800,adiyaman,190
27,1801,önünü,190
27,1802,birincisi,190
27,1803,gerekçe,190
27,1804,konuşmasi,190
27,1805,getirdik,190
27,1806,dönemlerde,190
27,1807,cumhurbaşkanimizin,190
27,1808,gölü,190
27,1809,şiddete,189
27,1810,yoklama,189
27,1811,etmiyoruz,189
27,1812,maddeye,189
27,1813,be,189
27,1814,kulak,189
27,1815,gerektiği,189
27,1816,kadinlara,189
27,1817,kalmadi,189
27,1818,yan,189
27,1819,değeri,189
27,1820,vererek,188
27,1821,olduklari,188
27,1822,alanlarda,188
27,1823,gençlerin,188
27,1824,birileri,188
27,1825,verimli,188
27,1826,rakamlar,188
27,1827,kapsamda,188
27,1828,af,188
27,1829,vesile,188
27,1830,kurulmasi,188
27,1831,kuzey,188
27,1832,askerlik,188
27,1833,sistemine,187
27,1834,kutluyorum,187
27,1835,kanuna,187
27,1836,gündür,187
27,1837,anlayişi,187
27,1838,baro,187
27,1839,bunlarla,187
27,1840,finans,187
27,1841,evde,187
27,1842,yoksul,187
27,1843,çoğu,187
27,1844,dönümü,186
27,1845,güvenli,186
27,1846,kanal,186
27,1847,gerçeği,186
27,1848,herkesi,186
27,1849,ver,186
27,1850,arasi,186
27,1851,ey,186
27,1852,konularda,186
27,1853,çalişanlari,186
27,1854,birer,186
27,1855,olacağini,186
27,1856,komisyonlardan,186
27,1857,gizli,186
27,1858,kurulda,186
27,1859,ucuz,186
27,1860,istediği,186
27,1861,kurulmuş,185
27,1862,söylediği,185
27,1863,bölümü,185
27,1864,açiği,184
27,1865,şiddeti,184
27,1866,altin,184
27,1867,etmeyin,184
27,1868,devletimizin,184
27,1869,nato,184
27,1870,parlamenter,183
27,1871,sorumluluğu,183
27,1872,haklarinin,183
27,1873,paylaşmak,183
27,1874,ithalat,183
27,1875,murat,183
27,1876,halklarin,183
27,1877,gereğini,183
27,1878,hakkari,183
27,1879,çalişiyoruz,183
27,1880,yaşindaki,183
27,1881,çalişanlarin,183
27,1882,artirilmasi,183
27,1883,reform,183
27,1884,etkili,182
27,1885,olunca,182
27,1886,kaynaği,182
27,1887,zamaninda,182
27,1888,eğitime,182
27,1889,depremde,182
27,1890,görmek,182
27,1891,ettiğiniz,182
27,1892,yakindan,181
27,1893,bakaninin,181
27,1894,çekmek,181
27,1895,ramazan,181
27,1896,yaklaşim,181
27,1897,görüyor,181
27,1898,özelleştirme,181
27,1899,suçu,181
27,1900,bulunuyor,181
27,1901,gayret,181
27,1902,hekim,181
27,1903,veriyorsunuz,181
27,1904,teklifte,181
27,1905,olmuyor,180
27,1906,görmezden,180
27,1907,yaptim,180
27,1908,muhtaç,180
27,1909,devletleri,180
27,1910,coronavirüs,180
27,1911,düzenlemeyi,180
27,1912,petrol,180
27,1913,gösterge,180
27,1914,bilmiyorum,180
27,1915,nden,180
27,1916,mü,180
27,1917,giren,179
27,1918,yürürlüğe,179
27,1919,örgütünün,179
27,1920,işgal,179
27,1921,gazeteci,179
27,1922,meclisinin,179
27,1923,yillar,179
27,1924,halkimiz,179
27,1925,fayda,179
27,1926,sözleşme,179
27,1927,öncesinde,179
27,1928,rkiye,179
27,1929,tasarruf,178
27,1930,dijital,178
27,1931,depremin,178
27,1932,bizde,178
27,1933,faaliyetleri,178
27,1934,vereceğiz,178
27,1935,gel,177
27,1936,kati,177
27,1937,diliyoruz,177
27,1938,kişisel,177
27,1939,fiyati,177
27,1940,verir,177
27,1941,eğitimi,176
27,1942,maddesinin,176
27,1943,sesini,176
27,1944,şikayet,176
27,1945,olmayacak,176
27,1946,olmamasi,176
27,1947,lu,176
27,1948,aşi,176
27,1949,kolluk,175
27,1950,afad,175
27,1951,üyeleri,175
27,1952,başvuru,175
27,1953,yerlerde,175
27,1954,geçiyor,175
27,1955,yem,175
27,1956,sik,175
27,1957,edilecek,174
27,1958,bilir,174
27,1959,tipki,174
27,1960,çalişmasi,174
27,1961,cumhuriyetin,174
27,1962,adimlar,174
27,1963,düşman,174
27,1964,edilerek,174
27,1965,hazirlanan,174
27,1966,firma,174
27,1967,sorununu,174
27,1968,afrika,174
27,1969,kanl,174
27,1970,olacaği,173
27,1971,arkadaşlarimizin,173
27,1972,bazen,173
27,1973,erken,173
27,1974,borçlari,173
27,1975,satin,173
27,1976,bülent,173
27,1977,turan,173
27,1978,dur,173
27,1979,olduğuna,173
27,1980,tren,173
27,1981,tarafi,173
27,1982,bizlere,173
27,1983,dar,173
27,1984,sayisini,173
27,1985,im,173
27,1986,cari,173
27,1987,önceden,172
27,1988,olmali,172
27,1989,talepleri,172
27,1990,açiklamasi,172
27,1991,hapis,172
27,1992,trilyon,172
27,1993,do,172
27,1994,düşünce,171
27,1995,gerçekleri,171
27,1996,bütçeye,171
27,1997,kaldirilmasi,171
27,1998,dolari,171
27,1999,söyleyin,171
27,2000,vekil,171
28,1,bir,72421
28,2,ve,66554
28,3,bu,59497
28,4,de,27395
28,5,da,26356
28,6,sayin,16503
28,7,için,15075
28,8,türkiye,13101
28,9,ne,12082
28,10,var,11725
28,11,olarak,11537
28,12,daha,9791
28,13,ki,9765
28,14,çok,9691
28,15,ama,9293
28,16,değerli,9024
28,17,değil,8858
28,18,her,8605
28,19,başkan,8592
28,20,olan,8483
28,21,nin,8190
28,22,en,8080
28,23,ya,7998
28,24,milletvekilleri,7985
28,25,parti,7805
28,26,gibi,7398
28,27,kadar,7317
28,28,tarafindan,7249
28,29,biz,7046
28,30,siralarindan,6942
28,31,yok,6745
28,32,mi,6506
28,33,bugün,6484
28,34,alkişlar,6316
28,35,büyük,6171
28,36,burada,6051
28,37,genel,5742
28,38,yani,5567
28,39,şimdi,5441
28,40,yüzde,5409
28,41,ilgili,5354
28,42,devam,5264
28,43,in,5189
28,44,ben,5064
28,45,bunu,4924
28,46,cihaz,4736
28,47,kapatildi,4702
28,48,otomatik,4695
28,49,mikrofon,4692
28,50,selamliyorum,4689
28,51,saygiyla,4588
28,52,sadece,4565
28,53,bin,4541
28,54,önce,4484
28,55,şekilde,4474
28,56,son,4441
28,57,teşekkür,4318
28,58,sonra,4276
28,59,olduğu,4241
28,60,bütün,4218
28,61,ayni,4195
28,62,siz,4141
28,63,tüm,4092
28,64,yine,4050
28,65,ak,4035
28,66,zaman,3961
28,67,yil,3951
28,68,kanun,3942
28,69,ediyorum,3829
28,70,önemli,3816
28,71,karşi,3789
28,72,chp,3767
28,73,türk,3765
28,74,bakin,3763
28,75,şey,3763
28,76,iyi,3738
28,77,söz,3630
28,78,hem,3610
28,79,bunun,3610
28,80,diye,3604
28,81,şu,3575
28,82,yeni,3574
28,83,nasil,3524
28,84,arkadaşlar,3501
28,85,anayasa,3345
28,86,ifade,3290
28,87,başkanim,3282
28,88,bizim,3236
28,89,istiyorum,3207
28,90,böyle,3180
28,91,gün,3157
28,92,ancak,3119
28,93,iş,3104
28,94,devlet,3085
28,95,çünkü,3069
28,96,milli,2993
28,97,maalesef,2987
28,98,göre,2950
28,99,kurulu,2918
28,100,hiçbir,2806
28,101,ise,2798
28,102,iki,2797
28,103,sağlik,2772
28,104,kendi,2764
28,105,milyon,2644
28,106,iktidar,2623
28,107,adalet,2620
28,108,lira,2615
28,109,tek,2581
28,110,diyor,2579
28,111,milyar,2574
28,112,artik,2547
28,113,eğitim,2540
28,114,bile,2527
28,115,kamu,2514
28,116,başka,2507
28,117,eden,2501
28,118,siyasi,2497
28,119,diğer,2458
28,120,olduğunu,2443
28,121,ediyor,2398
28,122,özellikle,2394
28,123,üzere,2389
28,124,yilinda,2376
28,125,ile,2358
28,126,bütçe,2341
28,127,buradan,2340
28,128,altinda,2307
28,129,sosyal,2297
28,130,oldu,2296
28,131,sizin,2286
28,132,birlikte,2262
28,133,adina,2260
28,134,neden,2229
28,135,etmek,2183
28,136,ortaya,2179
28,137,size,2172
28,138,yapilan,2167
28,139,kabul,2130
28,140,olmak,2129
28,141,ye,2114
28,142,aslinda,2112
28,143,insan,2097
28,144,partisi,2093
28,145,yili,2080
28,146,işte,2076
28,147,hiç,2060
28,148,ilk,2059
28,149,değildir,2057
28,150,tabii,2023
28,151,ekonomik,2022
28,152,ederim,2013
28,153,vergi,2008
28,154,doğru,1985
28,155,yer,1979
28,156,akp,1976
28,157,evet,1970
28,158,olsun,1965
28,159,tam,1963
28,160,yol,1950
28,161,istanbul,1926
28,162,millet,1920
28,163,israil,1915
28,164,üzerine,1907
28,165,meclis,1887
28,166,fazla,1868
28,167,kez,1864
28,168,asgari,1853
28,169,içerisinde,1849
28,170,buna,1843
28,171,on,1835
28,172,allah,1826
28,173,birçok,1824
28,174,ülkede,1813
28,175,içinde,1806
28,176,emekli,1803
28,177,peki,1801
28,178,niye,1798
28,179,yerine,1782
28,180,belediye,1769
28,181,ülke,1760
28,182,yi,1752
28,183,halk,1751
28,184,alan,1747
28,185,özel,1747
28,186,hukuk,1739
28,187,dolayisiyla,1729
28,188,milletvekili,1725
28,189,kanunu,1721
28,190,yönelik,1717
28,191,eğer,1712
28,192,bakan,1708
28,193,zamanda,1703
28,194,ülkenin,1701
28,195,geçen,1697
28,196,açik,1676
28,197,yüksek,1674
28,198,hep,1667
28,199,rağmen,1663
28,200,olmasi,1619
28,201,hangi,1610
28,202,hak,1608
28,203,temel,1601
28,204,uluslararasi,1598
28,205,ciddi,1594
28,206,mücadele,1591
28,207,güvenlik,1588
28,208,tarim,1579
28,209,bazi,1578
28,210,arasinda,1574
28,211,üç,1574
28,212,gelen,1565
28,213,para,1560
28,214,gerçekten,1556
28,215,dünya,1555
28,216,hala,1545
28,217,şunu,1543
28,218,üzerinde,1539
28,219,yirmi,1529
28,220,teklifi,1524
28,221,tekrar,1517
28,222,zaten,1516
28,223,cumhuriyet,1515
28,224,veya,1513
28,225,an,1513
28,226,nci,1512
28,227,orada,1509
28,228,konuda,1507
28,229,gereken,1503
28,230,dem,1501
28,231,bize,1499
28,232,deprem,1493
28,233,hale,1492
28,234,yargi,1492
28,235,lazim,1487
28,236,inci,1487
28,237,sahip,1484
28,238,ediyoruz,1479
28,239,kadin,1478
28,240,beraber,1475
28,241,anda,1439
28,242,dair,1417
28,243,tl,1405
28,244,öyle,1404
28,245,olacak,1403
28,246,üzerinden,1397
28,247,avrupa,1387
28,248,yeniden,1386
28,249,merkezi,1386
28,250,bunlar,1383
28,251,almiş,1382
28,252,grup,1382
28,253,biri,1380
28,254,başta,1379
28,255,beş,1375
28,256,mu,1366
28,257,sen,1366
28,258,ilişkin,1360
28,259,az,1357
28,260,kürt,1354
28,261,halkin,1346
28,262,milletin,1345
28,263,den,1345
28,264,te,1338
28,265,yasa,1332
28,266,bakanliği,1330
28,267,haline,1324
28,268,iktidarin,1305
28,269,cevap,1303
28,270,başkani,1303
28,271,gerekiyor,1299
28,272,suriye,1299
28,273,vardir,1287
28,274,dan,1268
28,275,kişi,1263
28,276,yönetim,1260
28,277,kim,1254
28,278,bunlari,1251
28,279,hizmet,1241
28,280,meclisi,1234
28,281,onun,1227
28,282,bunlarin,1222
28,283,biraz,1217
28,284,gelir,1207
28,285,olur,1207
28,286,yaşanan,1202
28,287,yazik,1198
28,288,karar,1196
28,289,durumda,1196
28,290,cumhurbaşkani,1194
28,291,durum,1187
28,292,geri,1187
28,293,aile,1186
28,294,nedeniyle,1185
28,295,ülkemizin,1182
28,296,erdoğan,1177
28,297,çalişma,1171
28,298,terör,1169
28,299,destek,1169
28,300,çocuk,1167
28,301,devletin,1165
28,302,ayrica,1162
28,303,musunuz,1149
28,304,ceza,1144
28,305,cumhuriyeti,1143
28,306,insanlar,1141
28,307,bariş,1141
28,308,elbette,1139
28,309,yapan,1128
28,310,su,1125
28,311,yüce,1119
28,312,dedi,1118
28,313,çalişan,1116
28,314,onu,1115
28,315,farkli,1112
28,316,bundan,1104
28,317,hakki,1103
28,318,bakani,1102
28,319,mümkün,1098
28,320,sorunu,1097
28,321,üncü,1095
28,322,edilen,1090
28,323,yillik,1086
28,324,filistin,1083
28,325,yilda,1079
28,326,dün,1079
28,327,konusu,1076
28,328,çözüm,1073
28,329,olmayan,1073
28,330,sayisi,1072
28,331,konusunda,1070
28,332,diş,1067
28,333,turizm,1066
28,334,toplumsal,1063
28,335,açisindan,1058
28,336,görüyoruz,1053
28,337,enerji,1053
28,338,günü,1049
28,339,yalnizca,1045
28,340,yildir,1045
28,341,dişi,1044
28,342,geldi,1042
28,343,asla,1041
28,344,biliyor,1041
28,345,ay,1040
28,346,türlü,1039
28,347,aziz,1034
28,348,yanliş,1033
28,349,diliyorum,1032
28,350,düzenleme,1027
28,351,suç,1023
28,352,konu,1019
28,353,demek,1012
28,354,yaklaşik,1008
28,355,düşük,1006
28,356,yaşam,1006
28,357,enflasyon,1005
28,358,güçlü,998
28,359,net,996
28,360,dört,996
28,361,binlerce,992
28,362,vardi,986
28,363,benim,984
28,364,demokratik,984
28,365,tane,981
28,366,fakat,978
28,367,gelecek,976
28,368,madde,976
28,369,yapmak,975
28,370,ortak,972
28,371,dünyanin,970
28,372,zorunda,969
28,373,hakkinda,968
28,374,biliyoruz,967
28,375,ücret,965
28,376,grubu,962
28,377,sorun,958
28,378,ülkemizde,958
28,379,haklari,958
28,380,gazi,953
28,381,seçim,947
28,382,diyorum,946
28,383,başinda,943
28,384,ağir,941
28,385,yüz,940
28,386,kalkinma,938
28,387,görev,933
28,388,gerçek,929
28,389,yurt,929
28,390,söylüyorum,925
28,391,uygun,922
28,392,gazze,922
28,393,oluyor,922
28,394,etti,919
28,395,hepinizi,919
28,396,dolar,916
28,397,milletimizin,914
28,398,tarihi,912
28,399,uzun,910
28,400,yaninda,910
28,401,li,906
28,402,edeceğiz,905
28,403,yaptiği,900
28,404,ettiği,896
28,405,dahi,896
28,406,doğal,896
28,407,hayir,891
28,408,iç,891
28,409,kiymetli,891
28,410,gelin,890
28,411,teşekkürler,888
28,412,deki,888
28,413,hareket,887
28,414,adi,885
28,415,çevre,880
28,416,hemen,877
28,417,bugüne,877
28,418,altina,874
28,419,iklim,874
28,420,mahkemesi,866
28,421,dolayi,865
28,422,devleti,862
28,423,herkes,861
28,424,ankara,860
28,425,yerel,860
28,426,nun,859
28,427,dönemde,858
28,428,etmektedir,857
28,429,verilen,855
28,430,olmaz,855
28,431,yolu,854
28,432,el,853
28,433,geliyor,853
28,434,diyoruz,852
28,435,varsa,851
28,436,nedenle,847
28,437,hatta,846
28,438,bulunan,845
28,439,sayili,845
28,440,savunma,841
28,441,atatürk,838
28,442,yapiyor,838
28,443,veren,838
28,444,dünyada,837
28,445,dişinda,836
28,446,can,836
28,447,hakkini,834
28,448,onlarin,832
28,449,bütçesi,830
28,450,yana,829
28,451,istiyoruz,827
28,452,karari,827
28,453,efendim,825
28,454,hükumet,822
28,455,inşa,822
28,456,orta,821
28,457,dile,821
28,458,herhangi,819
28,459,nedir,819
28,460,göz,817
28,461,yakin,817
28,462,toplumun,812
28,463,mutlaka,810
28,464,isterim,810
28,465,hayata,809
28,466,gerekli,806
28,467,öncelikle,806
28,468,yapilmasi,805
28,469,araştirma,802
28,470,ün,801
28,471,hayatini,793
28,472,alti,792
28,473,üretim,790
28,474,ticaret,784
28,475,diyorsunuz,783
28,476,ana,781
28,477,küresel,780
28,478,un,778
28,479,sistemi,776
28,480,yatirim,773
28,481,tan,772
28,482,saadet,772
28,483,ta,770
28,484,bizler,768
28,485,mevcut,768
28,486,ilan,766
28,487,itibariyla,763
28,488,yoktur,763
28,489,adeta,763
28,490,şöyle,763
28,491,talep,757
28,492,faiz,756
28,493,anlamda,751
28,494,tehdit,750
28,495,belli,748
28,496,birkaç,747
28,497,sürekli,744
28,498,şehit,742
28,499,güzel,740
28,500,zam,739
28,501,cumhurbaşkanliği,738
28,502,yapti,735
28,503,meclisin,734
28,504,maden,733
28,505,tarihinde,732
28,506,rahmet,731
28,507,yerde,729
28,508,nerede,728
28,509,ikinci,728
28,510,gerekir,727
28,511,kurum,727
28,512,doğu,727
28,513,nda,724
28,514,hafta,724
28,515,insanlarin,723
28,516,bey,722
28,517,sanayi,721
28,518,yapmiş,721
28,519,açikça,721
28,520,bizi,721
28,521,teslim,719
28,522,bununla,718
28,523,takip,717
28,524,adim,715
28,525,toplum,714
28,526,bağli,713
28,527,yüzden,709
28,528,kültür,709
28,529,birliği,706
28,530,buraya,705
28,531,yillardir,704
28,532,olmadiği,703
28,533,kayyum,701
28,534,ortadan,700
28,535,insani,699
28,536,örnek,697
28,537,vesileyle,697
28,538,verdiği,697
28,539,kaç,696
28,540,demokrasi,692
28,541,hesap,691
28,542,olmuş,690
28,543,önünde,689
28,544,derece,689
28,545,döneminde,687
28,546,denetim,686
28,547,açlik,685
28,548,siyaset,685
28,549,gerek,682
28,550,edilmesi,681
28,551,maddesi,678
28,552,iptal,678
28,553,karşisinda,676
28,554,yaşayan,674
28,555,sorunlari,672
28,556,yoksa,670
28,557,öğretmen,669
28,558,bana,668
28,559,vatandaşlarimizin,666
28,560,lütfen,663
28,561,işçi,663
28,562,olmuştur,661
28,563,çikti,660
28,564,daki,659
28,565,mesele,659
28,566,biliyorsunuz,658
28,567,kalan,658
28,568,alanda,657
28,569,kurumu,657
28,570,geçtiğimiz,655
28,571,kredi,655
28,572,torba,655
28,573,olsa,653
28,574,kimse,652
28,575,tayyip,652
28,576,savaş,652
28,577,il,651
28,578,mehmet,650
28,579,ev,649
28,580,olabilir,649
28,581,tamamen,649
28,582,bağimsiz,649
28,583,zarar,649
28,584,belki,648
28,585,çikan,648
28,586,ortada,647
28,587,ülkemiz,646
28,588,engelli,645
28,589,kara,645
28,590,şeyi,645
28,591,dahil,645
28,592,konut,644
28,593,muhalefet,642
28,594,yapildi,641
28,595,başina,641
28,596,gida,640
28,597,yle,637
28,598,tüik,636
28,599,iktidari,635
28,600,ni,634
28,601,ihtiyaç,634
28,602,sizi,632
28,603,neredeyse,632
28,604,toplam,631
28,605,doğrudan,629
28,606,mesela,629
28,607,edecek,627
28,608,onlar,626
28,609,şehir,625
28,610,sahibi,624
28,611,başkanliği,623
28,612,edildi,623
28,613,mahkum,622
28,614,adil,622
28,615,boyunca,622
28,616,gerektiğini,621
28,617,askeri,620
28,618,etmiş,615
28,619,genç,613
28,620,çocuklar,613
28,621,beri,612
28,622,kendisi,612
28,623,orani,610
28,624,vermek,609
28,625,komisyon,609
28,626,katki,608
28,627,küçük,608
28,628,önceki,607
28,629,olmasini,607
28,630,önüne,606
28,631,ona,606
28,632,yandan,606
28,633,şubat,605
28,634,komisyonu,604
28,635,misiniz,603
28,636,meslek,603
28,637,ardindan,602
28,638,soruyorum,602
28,639,yalan,602
28,640,eski,601
28,641,ekonomi,599
28,642,hepimizin,599
28,643,davet,598
28,644,yasama,598
28,645,recep,598
28,646,maaş,597
28,647,diyerek,597
28,648,mustafa,593
28,649,kaldi,593
28,650,vatandaşin,592
28,651,milyonlarca,592
28,652,kur,591
28,653,çocuklarin,591
28,654,trilyon,590
28,655,koruma,590
28,656,hatay,589
28,657,zor,589
28,658,na,588
28,659,aykiri,588
28,660,amaciyla,586
28,661,bölge,585
28,662,yoksulluk,585
28,663,elektrik,584
28,664,bakanliğinin,583
28,665,mecliste,582
28,666,soru,582
28,667,teklif,582
28,668,cumhurbaşkanimiz,581
28,669,noktada,581
28,670,midir,579
28,671,nde,579
28,672,halki,578
28,673,dönem,578
28,674,gerekmektedir,578
28,675,hepimiz,578
28,676,sene,578
28,677,söyleyeyim,577
28,678,ederek,577
28,679,bilgi,576
28,680,sira,575
28,681,bulunuyorum,573
28,682,hedef,573
28,683,kere,572
28,684,kisa,571
28,685,karşiya,570
28,686,istihdam,569
28,687,izin,565
28,688,gelmiştir,563
28,689,yerli,562
28,690,esas,562
28,691,anadolu,562
28,692,onlari,560
28,693,ayinda,559
28,694,le,558
28,695,gündeme,557
28,696,amerika,556
28,697,mhp,554
28,698,kapsaminda,553
28,699,süre,553
28,700,veriyor,552
28,701,başkanimiz,551
28,702,geçmiş,551
28,703,sonuç,550
28,704,ediliyor,549
28,705,kötü,547
28,706,hani,547
28,707,yla,546
28,708,eşit,546
28,709,yapiyorsunuz,546
28,710,büyükşehir,545
28,711,değişiklik,544
28,712,orman,544
28,713,ayri,543
28,714,acil,542
28,715,liraya,542
28,716,elde,541
28,717,yapiliyor,541
28,718,kemal,540
28,719,almak,540
28,720,dakika,538
28,721,resmi,537
28,722,insanlik,536
28,723,hukukun,536
28,724,vermiş,535
28,725,saygi,535
28,726,raporu,535
28,727,süreci,535
28,728,la,535
28,729,aliyor,534
28,730,ülkeyi,534
28,731,olmadiğini,534
28,732,defa,533
28,733,aldiği,533
28,734,tasarruf,533
28,735,etmeye,533
28,736,olacaktir,533
28,737,gidiyor,532
28,738,yaptiniz,530
28,739,hava,530
28,740,güvenliği,530
28,741,gürültüler,530
28,742,ek,530
28,743,plan,528
28,744,tarih,528
28,745,vekili,527
28,746,kadinlarin,527
28,747,sunuyorum,526
28,748,pek,525
28,749,taraftan,524
28,750,hizli,523
28,751,olup,522
28,752,düzenlemeler,522
28,753,ihtiyaci,522
28,754,söylemek,520
28,755,meselesi,519
28,756,yerinde,519
28,757,iktidara,517
28,758,vatandaş,517
28,759,halde,515
28,760,sivil,514
28,761,dönüşüm,513
28,762,gücü,513
28,763,diyarbakir,513
28,764,milletimizi,512
28,765,mali,511
28,766,temmuz,511
28,767,si,509
28,768,bakanlik,509
28,769,cezaevinde,508
28,770,baktiğimizda,508
28,771,alaninda,506
28,772,partisinin,506
28,773,etkin,506
28,774,merkez,501
28,775,ele,501
28,776,edilmiş,500
28,777,şiddet,499
28,778,tespit,498
28,779,mağdur,498
28,780,bizleri,498
28,781,kadinlar,497
28,782,yapilacak,497
28,783,alani,497
28,784,teşvik,496
28,785,verin,495
28,786,olduğumuz,494
28,787,yasal,494
28,788,söylüyor,493
28,789,projesi,493
28,790,kibris,492
28,791,vatandaşlarimiz,492
28,792,sonunda,492
28,793,yaptik,491
28,794,buradaki,491
28,795,haklarini,491
28,796,ait,490
28,797,ekim,490
28,798,ediyorsunuz,489
28,799,stratejik,489
28,800,sebep,488
28,801,oysa,488
28,802,oy,488
28,803,yeri,487
28,804,herkesin,485
28,805,birinci,485
28,806,verdi,483
28,807,onlara,483
28,808,yeterli,482
28,809,hakim,482
28,810,içişleri,480
28,811,gelmiş,479
28,812,yabanci,479
28,813,basin,479
28,814,olun,479
28,815,asil,478
28,816,üniversite,477
28,817,çalişiyor,477
28,818,soruşturma,476
28,819,milliyetçi,475
28,820,alin,474
28,821,artiş,473
28,822,hepsi,473
28,823,kesin,473
28,824,hukuki,470
28,825,geçti,470
28,826,sistem,470
28,827,yoğun,470
28,828,ondan,467
28,829,mahkeme,465
28,830,inşallah,464
28,831,halkinin,464
28,832,sorunlar,462
28,833,eş,462
28,834,gençler,462
28,835,silahli,461
28,836,alinan,461
28,837,alinmasi,461
28,838,aci,460
28,839,özgür,459
28,840,sermaye,459
28,841,hasta,457
28,842,pkk,456
28,843,istiyor,456
28,844,dediniz,456
28,845,teklifinin,456
28,846,sağliği,456
28,847,milletimiz,455
28,848,yillarda,455
28,849,mart,454
28,850,korumak,454
28,851,van,453
28,852,yapilmiş,452
28,853,vatan,451
28,854,açiklama,450
28,855,işsizlik,450
28,856,sağlikli,450
28,857,yapi,449
28,858,diyen,448
28,859,darbe,446
28,860,yere,446
28,861,milletimize,445
28,862,mahkemesinin,445
28,863,yedi,444
28,864,dişişleri,444
28,865,bunlara,444
28,866,sesleniyorum,444
28,867,mayis,442
28,868,bak,441
28,869,olmaya,441
28,870,bilimsel,441
28,871,ettiniz,440
28,872,yeter,440
28,873,ettik,439
28,874,sonrasinda,439
28,875,kendisine,438
28,876,sormak,438
28,877,bölgede,438
28,878,kültürel,438
28,879,maaşi,436
28,880,itibaren,436
28,881,kaynak,436
28,882,derhal,435
28,883,sonucu,435
28,884,yarin,435
28,885,günlerde,434
28,886,olmasina,434
28,887,ali,434
28,888,biçimde,434
28,889,hayat,432
28,890,konuşma,430
28,891,olursa,430
28,892,bulunmaktayim,430
28,893,teklifin,430
28,894,terk,429
28,895,yardim,429
28,896,işler,428
28,897,acaba,427
28,898,meclise,426
28,899,altini,426
28,900,yüzyili,425
28,901,dikkate,425
28,902,arasindaki,424
28,903,saat,424
28,904,maliye,423
28,905,politika,423
28,906,milleti,423
28,907,altyapi,422
28,908,önümüzdeki,422
28,909,senin,421
28,910,adam,421
28,911,işleri,421
28,912,demektir,421
28,913,dil,421
28,914,et,420
28,915,karşiyayiz,419
28,916,çikiyor,418
28,917,işi,417
28,918,birleşmiş,417
28,919,teknoloji,416
28,920,deniz,415
28,921,liralik,415
28,922,yapilmasina,414
28,923,trafik,414
28,924,laf,412
28,925,mal,412
28,926,aylik,411
28,927,gördük,411
28,928,okul,411
28,929,etme,410
28,930,idari,410
28,931,durumu,410
28,932,ihale,410
28,933,sana,409
28,934,adaletin,409
28,935,konuyu,409
28,936,defalarca,408
28,937,süreçte,408
28,938,aldim,407
28,939,dir,406
28,940,ten,406
28,941,oraya,406
28,942,gece,406
28,943,dedik,405
28,944,ulusal,405
28,945,birakin,404
28,946,kira,404
28,947,zengin,404
28,948,tür,404
28,949,izleyen,403
28,950,oradan,402
28,951,iddia,402
28,952,uncu,402
28,953,insanin,401
28,954,arkadaşlarim,400
28,955,evvel,399
28,956,teknik,399
28,957,ocak,399
28,958,değer,399
28,959,bekliyor,398
28,960,tanesi,398
28,961,artan,398
28,962,somut,397
28,963,siber,397
28,964,bakalim,397
28,965,eder,397
28,966,yaşadiği,396
28,967,güç,396
28,968,merak,396
28,969,medya,396
28,970,görevi,395
28,971,esnaf,395
28,972,müdahale,395
28,973,çeşitli,395
28,974,rant,395
28,975,halen,394
28,976,konuşuyoruz,394
28,977,oradaki,394
28,978,dikkat,393
28,979,yetersiz,393
28,980,hayati,392
28,981,haber,392
28,982,ülkemize,392
28,983,örneğin,391
28,984,ekranlari,391
28,985,alakali,391
28,986,izmir,391
28,987,yapma,389
28,988,üst,389
28,989,dişina,388
28,990,zorundayiz,387
28,991,bölgesel,387
28,992,önem,387
28,993,kahramanmaraş,386
28,994,insanlari,386
28,995,düşen,386
28,996,yasasi,385
28,997,itiraz,385
28,998,sorumluluk,383
28,999,burasi,383
28,1000,çiftçi,382
28,1001,yetki,382
28,1002,işin,382
28,1003,korunmasi,382
28,1004,politikalari,381
28,1005,güven,381
28,1006,sizden,381
28,1007,edilmiştir,381
28,1008,hayirli,380
28,1009,gören,380
28,1010,önerisi,380
28,1011,sonrasi,380
28,1012,yapiyoruz,379
28,1013,personel,379
28,1014,kişinin,378
28,1015,diyorlar,378
28,1016,spor,377
28,1017,arada,377
28,1018,nereye,376
28,1019,hazine,376
28,1020,eliyle,376
28,1021,birtakim,376
28,1022,tarimsal,375
28,1023,tablo,375
28,1024,gençlerin,375
28,1025,örgütü,375
28,1026,kentsel,374
28,1027,mersin,374
28,1028,fiyat,373
28,1029,çocuklari,373
28,1030,söyledi,373
28,1031,değişikliği,373
28,1032,çikmiş,373
28,1033,ülkeye,372
28,1034,gençlik,372
28,1035,benzer,372
28,1036,sekiz,371
28,1037,yeşil,371
28,1038,emekliler,370
28,1039,arz,370
28,1040,şeyler,370
28,1041,yapmaya,370
28,1042,emekliye,370
28,1043,kalici,368
28,1044,sağlamak,366
28,1045,sinirinin,366
28,1046,kasim,366
28,1047,otuz,365
28,1048,uzman,364
28,1049,kaybeden,364
28,1050,edilemez,363
28,1051,işe,363
28,1052,verilmiş,363
28,1053,sonucunda,363
28,1054,adaleti,361
28,1055,tip,361
28,1056,hesabi,361
28,1057,politikasi,361
28,1058,rakam,360
28,1059,sisteminin,360
28,1060,temsil,360
28,1061,kaliyor,359
28,1062,süreç,359
28,1063,edin,359
28,1064,infaz,357
28,1065,borç,357
28,1066,gaz,357
28,1067,maruz,356
28,1068,sebebi,356
28,1069,proje,356
28,1070,budur,356
28,1071,ücretli,356
28,1072,olmalidir,355
28,1073,imza,355
28,1074,meydana,354
28,1075,hukuka,352
28,1076,kürsüden,352
28,1077,sözü,351
28,1078,sinir,351
28,1079,getirmek,351
28,1080,sonuna,351
28,1081,emek,351
28,1082,hakli,351
28,1083,verdik,350
28,1084,kurumlar,349
28,1085,geniş,349
28,1086,derin,348
28,1087,dünyaya,347
28,1088,tesis,347
28,1089,öğrenci,347
28,1090,arkadaşlarimiz,347
28,1091,gözaltina,346
28,1092,yaptiğiniz,346
28,1093,tercih,345
28,1094,hakaret,345
28,1095,ulaştirma,345
28,1096,dijital,345
28,1097,rahmetle,345
28,1098,hadi,345
28,1099,siniri,344
28,1100,bütçede,344
28,1101,özgürlük,344
28,1102,aralik,344
28,1103,millete,344
28,1104,gelip,343
28,1105,bölgesinde,343
28,1106,imamoğlu,343
28,1107,olumsuz,343
28,1108,güvenli,343
28,1109,içine,342
28,1110,aşkina,342
28,1111,polis,342
28,1112,ön,342
28,1113,yapalim,342
28,1114,bütçenin,341
28,1115,bakiniz,341
28,1116,bakanliğina,340
28,1117,ihlal,340
28,1118,kimsenin,340
28,1119,ticari,340
28,1120,barinma,340
28,1121,hayvan,340
28,1122,uzak,339
28,1123,desteği,339
28,1124,kat,339
28,1125,gitti,338
28,1126,kismi,338
28,1127,emeklinin,338
28,1128,alma,338
28,1129,uyuşturucu,338
28,1130,aldi,337
28,1131,yapin,337
28,1132,araç,337
28,1133,sesleri,337
28,1134,yaşamini,337
28,1135,ilaç,337
28,1136,günlük,336
28,1137,kendini,336
28,1138,prim,336
28,1139,ortalama,335
28,1140,toprak,335
28,1141,plani,335
28,1142,bursa,335
28,1143,çalişmalar,334
28,1144,üyesi,334
28,1145,başladi,333
28,1146,huzur,333
28,1147,düşünüyorum,333
28,1148,geldiği,333
28,1149,kimin,332
28,1150,kriz,332
28,1151,başsağliği,332
28,1152,çerçevesinde,332
28,1153,müdürlüğü,332
28,1154,enflasyonu,331
28,1155,dava,331
28,1156,bulunduğu,330
28,1157,sizler,330
28,1158,çalişmalari,329
28,1159,yarginin,329
28,1160,bulunmaktadir,329
28,1161,yilin,328
28,1162,vergisi,328
28,1163,önemlidir,327
28,1164,silah,327
28,1165,grubumuz,327
28,1166,murat,326
28,1167,antalya,326
28,1168,diyanet,326
28,1169,milletler,326
28,1170,olumlu,325
28,1171,konuya,325
28,1172,etmiştir,325
28,1173,islam,325
28,1174,günde,324
28,1175,aniyorum,324
28,1176,verilmesi,324
28,1177,şehircilik,324
28,1178,bunlardan,324
28,1179,sayiştay,324
28,1180,kayit,323
28,1181,neler,323
28,1182,idare,323
28,1183,verecek,322
28,1184,fetö,322
28,1185,sorunlarin,321
28,1186,giden,321
28,1187,boş,321
28,1188,afrika,321
28,1189,trt,321
28,1190,isteyen,320
28,1191,getirilen,319
28,1192,uygulama,318
28,1193,doktor,318
28,1194,serbest,318
28,1195,alarak,318
28,1196,bilim,318
28,1197,savaşi,318
28,1198,olma,318
28,1199,sizlere,317
28,1200,üretimi,317
28,1201,iken,317
28,1202,kirk,316
28,1203,yüzlerce,316
28,1204,ilçe,316
28,1205,bölgesi,316
28,1206,kanunun,315
28,1207,sağ,314
28,1208,siyasal,314
28,1209,rusya,314
28,1210,doğrultusunda,314
28,1211,olmaktan,313
28,1212,verildi,313
28,1213,içi,313
28,1214,geçmişte,312
28,1215,sağlanmasi,311
28,1216,cumhurbaşkaninin,311
28,1217,komisyonda,311
28,1218,dar,311
28,1219,sirada,311
28,1220,gösteriyor,311
28,1221,müsaade,311
28,1222,gereği,310
28,1223,istiyorsunuz,309
28,1224,yaşiyoruz,309
28,1225,ederken,309
28,1226,iletişim,309
28,1227,önergesi,308
28,1228,terörle,308
28,1229,sebebiyle,308
28,1230,memur,308
28,1231,baski,308
28,1232,hukuku,308
28,1233,neyi,308
28,1234,herkese,308
28,1235,fark,308
28,1236,giderek,307
28,1237,politikalar,307
28,1238,hastane,307
28,1239,yaparak,307
28,1240,yapacak,306
28,1241,ediyorlar,306
28,1242,vatandaşimiz,306
28,1243,sanki,306
28,1244,nereden,306
28,1245,göç,305
28,1246,yaş,305
28,1247,olmadan,305
28,1248,kar,305
28,1249,alanlari,304
28,1250,mülakat,303
28,1251,sürece,303
28,1252,hizla,303
28,1253,şimşek,303
28,1254,vatandaşlarimiza,302
28,1255,üstelik,302
28,1256,anayasal,302
28,1257,edelim,302
28,1258,dediği,302
28,1259,yaşadiğimiz,302
28,1260,mizin,302
28,1261,dokuz,301
28,1262,saygilar,301
28,1263,oraninda,301
28,1264,kadina,301
28,1265,yillar,300
28,1266,organize,300
28,1267,ekrem,300
28,1268,faaliyet,300
28,1269,aynen,300
28,1270,emniyet,300
28,1271,meclisimizi,300
28,1272,yüzünden,299
28,1273,artirilmasi,299
28,1274,payi,299
28,1275,kurulan,299
28,1276,başlayan,298
28,1277,ittifaki,298
28,1278,lik,297
28,1279,günden,297
28,1280,iran,297
28,1281,sulama,296
28,1282,işid,296
28,1283,yük,295
28,1284,verilerine,295
28,1285,sgk,295
28,1286,belirtmek,294
28,1287,suyu,294
28,1288,herhalde,294
28,1289,bravo,293
28,1290,cumhuriyetimizin,293
28,1291,bekleyen,293
28,1292,tebrik,292
28,1293,bizzat,292
28,1294,tüzük,292
28,1295,olay,292
28,1296,sorunlarini,292
28,1297,çiftçinin,291
28,1298,cumhurbaşkanimizin,291
28,1299,üzerindeki,291
28,1300,sevgili,291
28,1301,ücretin,291
28,1302,maliyeti,291
28,1303,bankasi,290
28,1304,kendisini,290
28,1305,refah,290
28,1306,ayakta,289
28,1307,ayda,288
28,1308,alim,288
28,1309,sayida,287
28,1310,adli,287
28,1311,ülkeler,287
28,1312,rekabet,287
28,1313,dedim,286
28,1314,varken,286
28,1315,sizleri,286
28,1316,borcu,286
28,1317,yönetimi,286
28,1318,hakikaten,286
28,1319,irak,285
28,1320,imar,285
28,1321,birlik,285
28,1322,hesabini,285
28,1323,haksiz,285
28,1324,işgal,284
28,1325,cümle,284
28,1326,yilindan,284
28,1327,şeffaf,284
28,1328,geleceğini,284
28,1329,duruma,284
28,1330,şeklinde,284
28,1331,yapacağiz,284
28,1332,alip,283
28,1333,sorumluluğu,283
28,1334,süt,283
28,1335,hükumetin,282
28,1336,afet,282
28,1337,halka,282
28,1338,mücadelesi,281
28,1339,kime,281
28,1340,cumhur,281
28,1341,düzeni,281
28,1342,yaptiğimiz,281
28,1343,adimlar,281
28,1344,komisyonunda,281
28,1345,söylüyoruz,281
28,1346,birisi,281
28,1347,devletleri,281
28,1348,teklifleri,280
28,1349,etmesi,280
28,1350,bakanimiz,280
28,1351,gelince,279
28,1352,etmiyoruz,279
28,1353,kritik,279
28,1354,ulaşim,279
28,1355,bakimindan,278
28,1356,husus,278
28,1357,suçu,278
28,1358,halinde,278
28,1359,oecd,278
28,1360,alevi,278
28,1361,dönemin,278
28,1362,çikip,277
28,1363,yillarca,277
28,1364,gündem,277
28,1365,ders,277
28,1366,hal,276
28,1367,yetkisi,276
28,1368,anlayişi,276
28,1369,devlete,276
28,1370,sözlerime,276
28,1371,hastanesi,275
28,1372,yükü,275
28,1373,tutuklu,275
28,1374,milletinin,275
28,1375,özür,275
28,1376,azindan,274
28,1377,yaparken,274
28,1378,hizmeti,274
28,1379,noktasinda,273
28,1380,civarinda,273
28,1381,kurban,273
28,1382,bekliyoruz,273
28,1383,saygideğer,273
28,1384,sesi,272
28,1385,hatirlatmak,272
28,1386,görmezden,272
28,1387,geleceği,272
28,1388,geçici,272
28,1389,grubunun,271
28,1390,gerçeği,271
28,1391,sabah,271
28,1392,emeği,271
28,1393,emin,271
28,1394,araştirmasi,270
28,1395,umut,270
28,1396,güvenliğini,270
28,1397,ülkemizi,270
28,1398,ölüm,270
28,1399,bakim,270
28,1400,akil,269
28,1401,şirket,269
28,1402,değiliz,269
28,1403,birleşik,269
28,1404,çalişiyorsunuz,268
28,1405,onlarca,268
28,1406,uygulanan,268
28,1407,yandaş,268
28,1408,kürtler,267
28,1409,karadeniz,267
28,1410,birer,267
28,1411,çin,267
28,1412,öğretmenler,267
28,1413,bakanliğin,266
28,1414,adet,266
28,1415,kapali,265
28,1416,değerlendirme,265
28,1417,nitelikli,265
28,1418,yaşiyor,265
28,1419,dayali,265
28,1420,siyasetin,265
28,1421,toki,265
28,1422,zorunlu,264
28,1423,geç,264
28,1424,oldukça,264
28,1425,dediler,264
28,1426,köy,264
28,1427,dolu,263
28,1428,edildiği,263
28,1429,saygilarimla,263
28,1430,dili,263
28,1431,arkadaşimiz,263
28,1432,bugünkü,263
28,1433,sessiz,263
28,1434,bati,263
28,1435,üstüne,262
28,1436,ödeme,262
28,1437,durumunda,262
28,1438,alindi,262
28,1439,kontrol,262
28,1440,olduk,262
28,1441,gaziantep,262
28,1442,ha,261
28,1443,keşke,261
28,1444,çoğu,261
28,1445,adana,261
28,1446,bakanina,261
28,1447,falan,261
28,1448,tabi,261
28,1449,ihracat,261
28,1450,beni,261
28,1451,biridir,261
28,1452,henüz,260
28,1453,konya,260
28,1454,kahraman,260
28,1455,hükmünde,259
28,1456,katilamiyoruz,259
28,1457,tamam,259
28,1458,yaşinda,258
28,1459,mesleki,258
28,1460,gel,258
28,1461,amaci,258
28,1462,olamaz,258
28,1463,krizi,258
28,1464,kobani,258
28,1465,kimi,258
28,1466,engel,257
28,1467,sik,257
28,1468,kocaeli,257
28,1469,kaynaği,257
28,1470,sürdürülebilir,257
28,1471,öte,257
28,1472,ayip,257
28,1473,konunun,256
28,1474,kararlari,256
28,1475,öncesi,256
28,1476,hizmetleri,256
28,1477,eksik,256
28,1478,olmadi,255
28,1479,konuyla,255
28,1480,belediyesi,255
28,1481,geldiğinde,255
28,1482,sözleşmesi,255
28,1483,milletvekillerinin,255
28,1484,eylül,254
28,1485,gidip,254
28,1486,ucuz,254
28,1487,sokak,254
28,1488,tarihin,254
28,1489,karşimiza,254
28,1490,kürsüde,253
28,1491,bahsediyoruz,253
28,1492,verdiniz,253
28,1493,kamuda,253
28,1494,yangin,253
28,1495,gösteren,253
28,1496,verdiğiniz,253
28,1497,paylaşmak,253
28,1498,yilinin,253
28,1499,kayseri,253
28,1500,açidan,252
28,1501,ettiğimiz,252
28,1502,almaktadir,252
28,1503,teklifinde,252
28,1504,şudur,252
28,1505,kapsamda,251
28,1506,urfa,251
28,1507,konuşmak,251
28,1508,sorunun,251
28,1509,onurlu,251
28,1510,kendilerine,251
28,1511,azerbaycan,251
28,1512,devletimizin,250
28,1513,olanlar,250
28,1514,mardin,250
28,1515,kardeşim,249
28,1516,vicdan,249
28,1517,göstermektedir,249
28,1518,yila,249
28,1519,kurulda,249
28,1520,ziyaret,249
28,1521,sonu,249
28,1522,akdeniz,248
28,1523,ara,248
28,1524,gençlerimiz,248
28,1525,ithal,248
28,1526,sağlayan,248
28,1527,partinin,248
28,1528,firsat,248
28,1529,ekmek,247
28,1530,hepsini,247
28,1531,ülkelerin,247
28,1532,getiren,247
28,1533,vatandaşimizin,247
28,1534,yolsuzluk,247
28,1535,sistemin,246
28,1536,barişin,246
28,1537,bizlere,246
28,1538,abd,246
28,1539,kurul,245
28,1540,nato,245
28,1541,edip,245
28,1542,rahatsiz,245
28,1543,bütçeyi,245
28,1544,sorumlu,245
28,1545,rapor,245
28,1546,yapar,245
28,1547,tedavi,245
28,1548,vicdani,245
28,1549,göreve,244
28,1550,olsaydi,244
28,1551,hizmetler,244
28,1552,programi,244
28,1553,insanlara,244
28,1554,dönük,243
28,1555,olduğuna,243
28,1556,bunlarla,243
28,1557,cumhurbaşkanina,243
28,1558,ortamda,243
28,1559,erkek,243
28,1560,kendine,243
28,1561,vakif,243
28,1562,soykirim,243
28,1563,sifir,243
28,1564,sayesinde,242
28,1565,vallahi,242
28,1566,arama,242
28,1567,terörist,242
28,1568,alanlarda,242
28,1569,geriye,242
28,1570,başarili,242
28,1571,vahim,242
28,1572,haklarinin,242
28,1573,böylece,242
28,1574,sağlayacak,242
28,1575,buçuk,241
28,1576,doğa,241
28,1577,vermeye,241
28,1578,arkasinda,241
28,1579,cumhuriyetin,241
28,1580,iktidarinin,241
28,1581,demiş,241
28,1582,bitiriyorum,241
28,1583,yardimcisi,240
28,1584,fiyatlari,240
28,1585,geleceğe,240
28,1586,toplumu,240
28,1587,depremin,240
28,1588,emeklilik,239
28,1589,yapay,239
28,1590,bizden,239
28,1591,hele,239
28,1592,sözde,239
28,1593,olacağiz,238
28,1594,edilmektedir,238
28,1595,milletvekilinin,238
28,1596,çocuklarimizin,238
28,1597,oluşan,238
28,1598,kiz,238
28,1599,parayi,238
28,1600,meclisinin,237
28,1601,anlayiş,237
28,1602,eğitimi,237
28,1603,eylem,237
28,1604,özgürlüğü,237
28,1605,edecektir,237
28,1606,sektör,237
28,1607,hakkina,236
28,1608,etkili,236
28,1609,niçin,236
28,1610,önümüze,236
28,1611,kurumlari,236
28,1612,dolarlik,236
28,1613,olmazsa,236
28,1614,dediğimiz,236
28,1615,yalniz,235
28,1616,şiddetle,235
28,1617,araya,235
28,1618,sistemine,235
28,1619,mü,234
28,1620,rakamlar,234
28,1621,acilen,234
28,1622,sevgiyle,234
28,1623,önerge,234
28,1624,kanunla,234
28,1625,kilometre,233
28,1626,öğretmenlik,233
28,1627,peşkeş,233
28,1628,bakanim,233
28,1629,sona,232
28,1630,kuzey,231
28,1631,belediyelerin,231
28,1632,atama,231
28,1633,işlem,231
28,1634,kalmiş,231
28,1635,yaptim,230
28,1636,aç,230
28,1637,ayrilan,230
28,1638,iradesini,230
28,1639,altin,230
28,1640,taşiyan,230
28,1641,teklifiyle,230
28,1642,oyu,230
28,1643,ülkeleri,230
28,1644,barişi,230
28,1645,ayi,230
28,1646,karanlik,229
28,1647,veri,229
28,1648,demir,229
28,1649,sebeple,229
28,1650,arasi,229
28,1651,kurula,228
28,1652,getirdiniz,228
28,1653,ücreti,228
28,1654,gücünü,228
28,1655,sigorta,228
28,1656,vatandaşa,228
28,1657,öğrenciler,228
28,1658,belediyeler,228
28,1659,katliam,228
28,1660,devletinin,228
28,1661,bölgem,227
28,1662,zira,227
28,1663,biliyorum,227
28,1664,yapmayin,227
28,1665,temenni,227
28,1666,kolay,227
28,1667,fonu,227
28,1668,gelelim,227
28,1669,bayram,227
28,1670,bireysel,226
28,1671,vatandaşlarimizi,226
28,1672,bakanliğimizin,226
28,1673,güvence,226
28,1674,girdi,225
28,1675,gençlerimizin,225
28,1676,ettiler,225
28,1677,işsiz,225
28,1678,normal,225
28,1679,kürtçe,225
28,1680,başi,225
28,1681,bine,225
28,1682,sinirli,225
28,1683,geldiğimiz,225
28,1684,sürecin,225
28,1685,şeye,225
28,1686,çikar,225
28,1687,görevini,225
28,1688,intihar,225
28,1689,gizli,225
28,1690,haziran,225
28,1691,anlamina,225
28,1692,çözümü,225
28,1693,milyona,224
28,1694,veriyorsunuz,224
28,1695,emeklilerin,224
28,1696,cezasi,224
28,1697,geldik,224
28,1698,ton,224
28,1699,rahat,224
28,1700,bazen,224
28,1701,baktiğimiz,224
28,1702,doğrusu,223
28,1703,vatandaşi,223
28,1704,görmek,223
28,1705,seçilmiş,223
28,1706,usul,223
28,1707,bahçeli,223
28,1708,geçim,222
28,1709,samsun,222
28,1710,halklarin,222
28,1711,geçiş,222
28,1712,alt,222
28,1713,kadro,222
28,1714,kati,221
28,1715,başkaninin,221
28,1716,iradesine,221
28,1717,bütçeye,221
28,1718,işçiler,221
28,1719,herkesi,220
28,1720,hakkinin,220
28,1721,kent,220
28,1722,teklifini,220
28,1723,özlük,220
28,1724,yemek,220
28,1725,kadinin,220
28,1726,pay,220
28,1727,olduğumuzu,220
28,1728,hakkari,220
28,1729,dönemi,219
28,1730,findik,219
28,1731,alacak,218
28,1732,üye,218
28,1733,getirdiği,218
28,1734,varlik,218
28,1735,vadeli,218
28,1736,artmiş,218
28,1737,düştü,218
28,1738,görüyor,218
28,1739,yaklaşim,218
28,1740,hazir,217
28,1741,hayal,217
28,1742,kdv,217
28,1743,çekmek,217
28,1744,eğitimde,217
28,1745,sonraki,217
28,1746,maddede,217
28,1747,düzen,217
28,1748,alinmiş,217
28,1749,anne,217
28,1750,maddi,217
28,1751,inşaat,217
28,1752,muhterem,217
28,1753,depremde,217
28,1754,pazar,216
28,1755,milletvekilimiz,216
28,1756,ses,216
28,1757,durumdadir,216
28,1758,ahmet,216
28,1759,sesini,216
28,1760,mücadelede,216
28,1761,yaşindaki,216
28,1762,tarihe,216
28,1763,emeklilerimizin,216
28,1764,kanunlarda,216
28,1765,üçüncü,215
28,1766,fiyati,215
28,1767,anlayişla,215
28,1768,nisan,215
28,1769,kan,215
28,1770,keyfi,214
28,1771,yoluyla,214
28,1772,söyledim,214
28,1773,takdirde,214
28,1774,olmali,214
28,1775,bence,214
28,1776,kuruş,214
28,1777,söyleyeceğim,214
28,1778,zeytin,214
28,1779,veriyoruz,213
28,1780,risk,213
28,1781,getirdik,213
28,1782,artiyor,213
28,1783,eşitlik,213
28,1784,hükumeti,213
28,1785,bölgenin,213
28,1786,ilgilendiren,213
28,1787,sataşma,213
28,1788,bayrami,213
28,1789,genelinde,213
28,1790,hüküm,212
28,1791,vekiller,212
28,1792,halkimizin,212
28,1793,heyetinizi,212
28,1794,petrol,212
28,1795,ister,212
28,1796,davasi,212
28,1797,almanya,212
28,1798,trabzon,211
28,1799,kulak,211
28,1800,lirayi,211
28,1801,milletvekillerine,211
28,1802,kürtlerin,211
28,1803,benzeri,211
28,1804,sahiptir,211
28,1805,diliyor,211
28,1806,veriliyor,211
28,1807,tahsis,211
28,1808,sikinti,210
28,1809,khk,210
28,1810,yakindan,210
28,1811,nüfus,210
28,1812,hali,210
28,1813,kurumsal,210
28,1814,birileri,210
28,1815,internet,210
28,1816,görevden,210
28,1817,kişiler,210
28,1818,getiriyor,210
28,1819,ikincisi,209
28,1820,yerini,209
28,1821,müdürü,209
28,1822,utanç,209
28,1823,verirken,209
28,1824,ihraç,209
28,1825,kapsamli,209
28,1826,gerekirken,209
28,1827,almaya,209
28,1828,canli,209
28,1829,olmamasi,209
28,1830,baş,208
28,1831,alinarak,208
28,1832,yilina,208
28,1833,problem,208
28,1834,neticesinde,208
28,1835,arap,208
28,1836,verimli,207
28,1837,dediğiniz,207
28,1838,paketi,207
28,1839,ürün,207
28,1840,verelim,207
28,1841,gözden,207
28,1842,ayağa,207
28,1843,üzülerek,207
28,1844,çikacak,207
28,1845,ettiğiniz,207
28,1846,hatip,207
28,1847,partili,207
28,1848,tahliye,207
28,1849,güney,207
28,1850,ordu,207
28,1851,elaziğ,206
28,1852,yapisal,206
28,1853,randevu,206
28,1854,olağanüstü,206
28,1855,değeri,206
28,1856,yargitay,206
28,1857,bakanlar,206
28,1858,parçasi,206
28,1859,yilini,206
28,1860,bağ,205
28,1861,etmiyor,205
28,1862,çerçevede,205
28,1863,maddeyle,205
28,1864,önünü,205
28,1865,ukrayna,205
28,1866,yapiyorlar,205
28,1867,bütçesini,205
28,1868,cezaevlerinde,205
28,1869,akademik,205
28,1870,geçiyor,205
28,1871,yoktu,205
28,1872,mutlu,205
28,1873,getirdi,204
28,1874,araci,204
28,1875,kararlar,204
28,1876,imkani,204
28,1877,yilmaz,203
28,1878,sorununu,203
28,1879,büyüme,203
28,1880,tipki,203
28,1881,icra,203
28,1882,karşilik,203
28,1883,ler,203
28,1884,maddesinde,203
28,1885,kamuoyuna,203
28,1886,gurur,203
28,1887,yürütülen,203
28,1888,yola,203
28,1889,nükleer,203
28,1890,düzenlemeyle,203
28,1891,yapildiği,202
28,1892,söylediği,202
28,1893,neye,202
28,1894,misir,202
28,1895,sokakta,202
28,1896,şirketlerin,202
28,1897,dönümü,202
28,1898,saray,202
28,1899,almasi,202
28,1900,alakasi,202
28,1901,aydin,202
28,1902,bütçesinin,201
28,1903,sistematik,201
28,1904,çalişmaya,201
28,1905,yerden,201
28,1906,oran,201
28,1907,kanunda,201
28,1908,kişiye,200
28,1909,cari,200
28,1910,saldiri,200
28,1911,derken,200
28,1912,çalişanlarin,200
28,1913,muhalefetin,200
28,1914,yaşama,200
28,1915,yasayi,200
28,1916,kaynakli,199
28,1917,dolara,199
28,1918,kurulmasi,199
28,1919,adini,198
28,1920,seni,198
28,1921,iade,198
28,1922,sistemini,198
28,1923,yargiya,198
28,1924,kars,198
28,1925,etmeyin,198
28,1926,sürede,198
28,1927,getirilmesi,197
28,1928,madem,197
28,1929,tedbir,197
28,1930,basit,197
28,1931,enflasyonun,197
28,1932,kesinlikle,197
28,1933,dini,197
28,1934,minnetle,197
28,1935,nokta,197
28,1936,yaziklar,196
28,1937,artişi,196
28,1938,yaşli,196
28,1939,sözleşmeli,196
28,1940,uygulamasi,196
28,1941,talan,196
28,1942,din,196
28,1943,liderliğinde,196
28,1944,kaybetti,195
28,1945,sürecinde,195
28,1946,giren,195
28,1947,meclisimizin,195
28,1948,gayet,195
28,1949,üstünde,195
28,1950,olmasin,195
28,1951,gündür,195
28,1952,etki,195
28,1953,çalişmak,194
28,1954,sefer,194
28,1955,çay,194
28,1956,yaşadik,194
28,1957,üretici,194
28,1958,akşam,194
28,1959,teklifte,194
28,1960,çocuğun,194
28,1961,şirketlere,194
28,1962,doğayi,194
28,1963,ahlaki,194
28,1964,istediği,194
28,1965,olmaktadir,193
28,1966,bölgedeki,193
28,1967,kaçak,193
28,1968,ücretsiz,193
28,1969,bedeli,193
28,1970,gazeteci,193
28,1971,bölümü,193
28,1972,vesile,193
28,1973,önemlisi,193
28,1974,söyledik,193
28,1975,ettiğini,193
28,1976,çocuklara,192
28,1977,riski,192
28,1978,gözü,192
28,1979,satin,192
28,1980,düzenlemelerin,192
28,1981,vereceğim,192
28,1982,gelmektedir,192
28,1983,meclisinde,192
28,1984,düşünüyoruz,192
28,1985,topluma,192
28,1986,elini,191
28,1987,yürütme,191
28,1988,bini,191
28,1989,düşünün,191
28,1990,topraklarda,191
28,1991,vekil,191
28,1992,tarihsel,190
28,1993,kalmadi,190
28,1994,lüks,190
28,1995,vekilleri,190
28,1996,gereğini,190
28,1997,ettim,190
28,1998,yargilama,190
28,1999,sirasinda,190
28,2000,başkanliğina,190
